Strike,Call,Put,Expiry,Date
5.0,574,3283,2026-09-19,2026-09-18
10.0,26,194,2026-09-19,2026-09-18
15.0,0,501,2026-09-19,2026-09-18
20.0,2,309,2026-09-19,2026-09-18
25.0,1,32,2026-09-19,2026-09-18
30.0,2,37,2026-09-19,2026-09-18
35.0,1,49,2026-09-19,2026-09-18
40.0,0,968,2026-09-19,2026-09-18
45.0,1,840,2026-09-19,2026-09-18
50.0,2,223,2026-09-19,2026-09-18
55.0,0,2665,2026-09-19,2026-09-18
60.0,0,716,2026-09-19,2026-09-18
65.0,1,3304,2026-09-19,2026-09-18
70.0,0,4634,2026-09-19,2026-09-18
75.0,0,3650,2026-09-19,2026-09-18
80.0,0,5465,2026-09-19,2026-09-18
85.0,0,4212,2026-09-19,2026-09-18
90.0,0,5586,2026-09-19,2026-09-18
95.0,5,6841,2026-09-19,2026-09-18
100.0,118,4820,2026-09-19,2026-09-18
120.0,7,5764,2026-09-19,2026-09-18
130.0,2,2041,2026-09-19,2026-09-18
140.0,25,30522,2026-09-19,2026-09-18
280.0,1,1412,2026-09-19,2026-09-18
290.0,9,414,2026-09-19,2026-09-18
300.0,17,3120,2026-09-19,2026-09-18
310.0,15,1558,2026-09-19,2026-09-18
320.0,103,823,2026-09-19,2026-09-18
330.0,34,746,2026-09-19,2026-09-18
340.0,42,1357,2026-09-19,2026-09-18
350.0,136,2068,2026-09-19,2026-09-18
360.0,41,833,2026-09-19,2026-09-18
370.0,30,492,2026-09-19,2026-09-18
375.0,2,199,2026-09-19,2026-09-18
380.0,29,588,2026-09-19,2026-09-18
385.0,6,293,2026-09-19,2026-09-18
390.0,45,2007,2026-09-19,2026-09-18
395.0,20,182,2026-09-19,2026-09-18
400.0,235,2975,2026-09-19,2026-09-18
405.0,2,213,2026-09-19,2026-09-18
410.0,46,1303,2026-09-19,2026-09-18
415.0,21,280,2026-09-19,2026-09-18
420.0,50,868,2026-09-19,2026-09-18
425.0,0,346,2026-09-19,2026-09-18
430.0,68,1759,2026-09-19,2026-09-18
435.0,5,389,2026-09-19,2026-09-18
440.0,76,2658,2026-09-19,2026-09-18
445.0,0,632,2026-09-19,2026-09-18
450.0,580,4956,2026-09-19,2026-09-18
455.0,38,763,2026-09-19,2026-09-18
460.0,62,6366,2026-09-19,2026-09-18
465.0,17,1991,2026-09-19,2026-09-18
470.0,126,3360,2026-09-19,2026-09-18
475.0,25,1802,2026-09-19,2026-09-18
480.0,107,2540,2026-09-19,2026-09-18
485.0,19,1399,2026-09-19,2026-09-18
490.0,137,4291,2026-09-19,2026-09-18
495.0,29,2812,2026-09-19,2026-09-18
500.0,512,9177,2026-09-19,2026-09-18
505.0,215,2126,2026-09-19,2026-09-18
510.0,192,4158,2026-09-19,2026-09-18
515.0,227,1446,2026-09-19,2026-09-18
520.0,347,4968,2026-09-19,2026-09-18
525.0,669,2108,2026-09-19,2026-09-18
527.5,24,135,2026-09-19,2026-09-18
530.0,558,4524,2026-09-19,2026-09-18
532.5,100,158,2026-09-19,2026-09-18
535.0,702,2000,2026-09-19,2026-09-18
537.5,20,215,2026-09-19,2026-09-18
540.0,1241,5574,2026-09-19,2026-09-18
542.5,19,160,2026-09-19,2026-09-18
542.57,0,0,2026-09-19,2026-09-18
545.0,2717,2717,2026-09-19,2026-09-18
545.0,1290,1774,2026-09-19,2026-09-18
547.5,26,168,2026-09-19,2026-09-18
550.0,1700,1764,2026-09-19,2026-09-18
550.0,2464,10909,2026-09-19,2026-09-18
552.5,50,567,2026-09-19,2026-09-18
555.0,926,2259,2026-09-19,2026-09-18
557.5,171,187,2026-09-19,2026-09-18
560.0,1,0,2026-09-19,2026-09-18
560.0,1430,3853,2026-09-19,2026-09-18
562.5,140,364,2026-09-19,2026-09-18
565.0,1393,1103,2026-09-19,2026-09-18
565.01,0,0,2026-09-19,2026-09-18
567.5,290,462,2026-09-19,2026-09-18
570.0,2641,4174,2026-09-19,2026-09-18
572.5,295,376,2026-09-19,2026-09-18
575.0,970,2870,2026-09-19,2026-09-18
577.5,9,64,2026-09-19,2026-09-18
580.0,600,600,2026-09-19,2026-09-18
580.0,2406,3961,2026-09-19,2026-09-18
582.5,14,267,2026-09-19,2026-09-18
585.0,4,0,2026-09-19,2026-09-18
585.0,2805,1526,2026-09-19,2026-09-18
587.5,10,1039,2026-09-19,2026-09-18
590.0,3781,3051,2026-09-19,2026-09-18
592.5,42,173,2026-09-19,2026-09-18
595.0,1659,1884,2026-09-19,2026-09-18
597.5,15,262,2026-09-19,2026-09-18
600.0,3475,3475,2026-09-19,2026-09-18
600.0,8919,9808,2026-09-19,2026-09-18
602.5,57,175,2026-09-19,2026-09-18
605.0,6,0,2026-09-19,2026-09-18
605.0,2571,1948,2026-09-19,2026-09-18
607.5,69,162,2026-09-19,2026-09-18
610.0,3118,4743,2026-09-19,2026-09-18
612.5,83,522,2026-09-19,2026-09-18
615.0,1869,1310,2026-09-19,2026-09-18
617.5,98,215,2026-09-19,2026-09-18
620.0,2600,2600,2026-09-19,2026-09-18
620.0,3834,4204,2026-09-19,2026-09-18
622.5,69,480,2026-09-19,2026-09-18
625.0,3500,3500,2026-09-19,2026-09-18
625.0,2472,2150,2026-09-19,2026-09-18
627.5,119,306,2026-09-19,2026-09-18
630.0,0,0,2026-09-19,2026-09-18
630.0,3958,2472,2026-09-19,2026-09-18
632.5,60,403,2026-09-19,2026-09-18
635.0,1481,1583,2026-09-19,2026-09-18
637.5,100,1004,2026-09-19,2026-09-18
640.0,2516,3539,2026-09-19,2026-09-18
642.5,110,596,2026-09-19,2026-09-18
645.0,2898,3208,2026-09-19,2026-09-18
647.5,168,947,2026-09-19,2026-09-18
650.0,1,0,2026-09-19,2026-09-18
650.0,11714,7154,2026-09-19,2026-09-18
652.5,669,1176,2026-09-19,2026-09-18
655.0,4021,1832,2026-09-19,2026-09-18
657.5,243,851,2026-09-19,2026-09-18
660.0,4040,2749,2026-09-19,2026-09-18
662.5,397,636,2026-09-19,2026-09-18
665.0,1904,1981,2026-09-19,2026-09-18
667.5,819,1038,2026-09-19,2026-09-18
670.0,12873,5297,2026-09-19,2026-09-18
670.01,10000,0,2026-09-19,2026-09-18
672.5,776,1308,2026-09-19,2026-09-18
675.0,4299,2194,2026-09-19,2026-09-18
677.5,1654,1544,2026-09-19,2026-09-18
680.0,9596,1886,2026-09-19,2026-09-18
682.5,2148,452,2026-09-19,2026-09-18
683.09,0,0,2026-09-19,2026-09-18
685.0,4648,424,2026-09-19,2026-09-18
687.5,2537,142,2026-09-19,2026-09-18
690.0,36,0,2026-09-19,2026-09-18
690.0,7290,594,2026-09-19,2026-09-18
692.5,939,121,2026-09-19,2026-09-18
695.0,2991,86,2026-09-19,2026-09-18
697.5,1362,8,2026-09-19,2026-09-18
700.0,11849,727,2026-09-19,2026-09-18
702.5,1276,8,2026-09-19,2026-09-18
705.0,2,0,2026-09-19,2026-09-18
705.0,7843,47,2026-09-19,2026-09-18
707.5,748,1,2026-09-19,2026-09-18
710.0,0,64,2026-09-19,2026-09-18
710.0,4310,268,2026-09-19,2026-09-18
712.5,829,0,2026-09-19,2026-09-18
715.0,6271,0,2026-09-19,2026-09-18
717.5,867,0,2026-09-19,2026-09-18
720.0,5127,163,2026-09-19,2026-09-18
722.5,506,0,2026-09-19,2026-09-18
725.0,2594,6,2026-09-19,2026-09-18
727.5,424,0,2026-09-19,2026-09-18
730.0,4551,792,2026-09-19,2026-09-18
732.5,559,0,2026-09-19,2026-09-18
735.0,1321,0,2026-09-19,2026-09-18
737.5,76,0,2026-09-19,2026-09-18
740.0,2009,33,2026-09-19,2026-09-18
742.5,45,0,2026-09-19,2026-09-18
745.0,621,1,2026-09-19,2026-09-18
747.5,45,0,2026-09-19,2026-09-18
750.0,0,0,2026-09-19,2026-09-18
750.0,14637,57,2026-09-19,2026-09-18
755.0,1056,0,2026-09-19,2026-09-18
760.0,3351,28,2026-09-19,2026-09-18
765.0,756,0,2026-09-19,2026-09-18
770.0,2673,40,2026-09-19,2026-09-18
775.0,477,0,2026-09-19,2026-09-18
780.0,3955,37,2026-09-19,2026-09-18
785.0,570,0,2026-09-19,2026-09-18
790.0,1729,296,2026-09-19,2026-09-18
795.0,305,0,2026-09-19,2026-09-18
800.0,2,0,2026-09-19,2026-09-18
800.0,5913,11,2026-09-19,2026-09-18
805.0,215,0,2026-09-19,2026-09-18
810.0,831,6,2026-09-19,2026-09-18
815.0,530,0,2026-09-19,2026-09-18
820.0,1429,141,2026-09-19,2026-09-18
825.0,165,0,2026-09-19,2026-09-18
830.0,8,0,2026-09-19,2026-09-18
830.0,718,1,2026-09-19,2026-09-18
835.0,601,0,2026-09-19,2026-09-18
840.0,475,0,2026-09-19,2026-09-18
845.0,93,0,2026-09-19,2026-09-18
850.0,11593,1,2026-09-19,2026-09-18
855.0,567,0,2026-09-19,2026-09-18
860.0,605,0,2026-09-19,2026-09-18
865.0,213,0,2026-09-19,2026-09-18
870.0,500,0,2026-09-19,2026-09-18
875.0,228,0,2026-09-19,2026-09-18
880.0,449,0,2026-09-19,2026-09-18
885.0,59,0,2026-09-19,2026-09-18
890.0,515,0,2026-09-19,2026-09-18
895.0,125,0,2026-09-19,2026-09-18
900.0,4463,0,2026-09-19,2026-09-18
905.0,62,0,2026-09-19,2026-09-18
910.0,381,0,2026-09-19,2026-09-18
915.0,76,0,2026-09-19,2026-09-18
920.0,531,0,2026-09-19,2026-09-18
925.0,77,0,2026-09-19,2026-09-18
930.0,768,0,2026-09-19,2026-09-18
935.0,111,0,2026-09-19,2026-09-18
940.0,582,0,2026-09-19,2026-09-18
945.0,135,0,2026-09-19,2026-09-18
950.0,1890,0,2026-09-19,2026-09-18
955.0,860,0,2026-09-19,2026-09-18
960.0,1492,0,2026-09-19,2026-09-18
965.0,184,0,2026-09-19,2026-09-18
970.0,179,0,2026-09-19,2026-09-18
975.0,658,0,2026-09-19,2026-09-18
980.0,487,0,2026-09-19,2026-09-18
985.0,124,0,2026-09-19,2026-09-18
990.0,1309,0,2026-09-19,2026-09-18
995.0,402,0,2026-09-19,2026-09-18
1000.0,5775,0,2026-09-19,2026-09-18
1010.0,3344,0,2026-09-19,2026-09-18
1020.0,1192,0,2026-09-19,2026-09-18
1030.0,828,0,2026-09-19,2026-09-18
1040.0,64,0,2026-09-19,2026-09-18
1040.0,856,0,2026-09-19,2026-09-18
1050.0,585,0,2026-09-19,2026-09-18
1060.0,1003,0,2026-09-19,2026-09-18
1070.0,893,0,2026-09-19,2026-09-18
1080.0,496,0,2026-09-19,2026-09-18
1090.0,1888,0,2026-09-19,2026-09-18
1100.0,2800,0,2026-09-19,2026-09-18
1110.0,467,0,2026-09-19,2026-09-18
1120.0,432,0,2026-09-19,2026-09-18
1130.0,908,0,2026-09-19,2026-09-18
1140.0,869,0,2026-09-19,2026-09-18
1150.0,948,0,2026-09-19,2026-09-18
1160.0,2875,0,2026-09-19,2026-09-18
1170.0,1163,0,2026-09-19,2026-09-18
1180.0,1106,0,2026-09-19,2026-09-18
1190.0,1722,0,2026-09-19,2026-09-18
1200.0,889,0,2026-09-19,2026-09-18
1210.0,2439,0,2026-09-19,2026-09-18
1220.0,568,0,2026-09-19,2026-09-18
1230.0,60,0,2026-09-19,2026-09-18
1240.0,1421,0,2026-09-19,2026-09-18
1250.0,307,0,2026-09-19,2026-09-18
1260.0,1247,0,2026-09-19,2026-09-18
1270.0,287,0,2026-09-19,2026-09-18
1280.0,731,0,2026-09-19,2026-09-18
1290.0,824,0,2026-09-19,2026-09-18
1300.0,2585,0,2026-09-19,2026-09-18
1310.0,1710,0,2026-09-19,2026-09-18
1320.0,1393,0,2026-09-19,2026-09-18
1330.0,1063,0,2026-09-19,2026-09-18
1340.0,1732,0,2026-09-19,2026-09-18
1350.0,687,0,2026-09-19,2026-09-18
1360.0,265,0,2026-09-19,2026-09-18
1370.0,1053,0,2026-09-19,2026-09-18
1380.0,573,0,2026-09-19,2026-09-18
1390.0,809,0,2026-09-19,2026-09-18
1400.0,851,0,2026-09-19,2026-09-18
1410.0,1792,0,2026-09-19,2026-09-18
1420.0,1893,0,2026-09-19,2026-09-18
1430.0,1670,0,2026-09-19,2026-09-18
1440.0,3070,0,2026-09-19,2026-09-18
1450.0,1834,0,2026-09-19,2026-09-18
1460.0,659,0,2026-09-19,2026-09-18
1470.0,1009,0,2026-09-19,2026-09-18
1480.0,11282,0,2026-09-19,2026-09-18
510.0,1,0,2026-09-22,2026-09-18
515.0,1,0,2026-09-22,2026-09-18
520.0,0,2,2026-09-22,2026-09-18
525.0,0,1,2026-09-22,2026-09-18
530.0,1,3,2026-09-22,2026-09-18
535.0,1,6,2026-09-22,2026-09-18
540.0,15,17,2026-09-22,2026-09-18
545.0,0,8,2026-09-22,2026-09-18
550.0,3,8,2026-09-22,2026-09-18
555.0,10,12,2026-09-22,2026-09-18
557.5,0,69,2026-09-22,2026-09-18
560.0,3,23,2026-09-22,2026-09-18
562.5,1,33,2026-09-22,2026-09-18
565.0,22,29,2026-09-22,2026-09-18
567.5,5,9,2026-09-22,2026-09-18
570.0,17,37,2026-09-22,2026-09-18
572.5,3,8,2026-09-22,2026-09-18
575.0,2,82,2026-09-22,2026-09-18
577.5,1,21,2026-09-22,2026-09-18
580.0,3,18,2026-09-22,2026-09-18
582.5,4,5,2026-09-22,2026-09-18
585.0,6,16,2026-09-22,2026-09-18
587.5,5,4,2026-09-22,2026-09-18
590.0,33,181,2026-09-22,2026-09-18
592.5,8,16,2026-09-22,2026-09-18
595.0,41,97,2026-09-22,2026-09-18
597.5,6,43,2026-09-22,2026-09-18
600.0,63,222,2026-09-22,2026-09-18
602.5,39,22,2026-09-22,2026-09-18
605.0,77,106,2026-09-22,2026-09-18
607.5,14,48,2026-09-22,2026-09-18
610.0,68,261,2026-09-22,2026-09-18
612.5,35,45,2026-09-22,2026-09-18
615.0,17,329,2026-09-22,2026-09-18
617.5,5,81,2026-09-22,2026-09-18
620.0,239,332,2026-09-22,2026-09-18
622.5,11,147,2026-09-22,2026-09-18
625.0,92,316,2026-09-22,2026-09-18
627.5,21,466,2026-09-22,2026-09-18
630.0,50,324,2026-09-22,2026-09-18
632.5,13,92,2026-09-22,2026-09-18
635.0,168,580,2026-09-22,2026-09-18
637.5,26,310,2026-09-22,2026-09-18
640.0,73,1058,2026-09-22,2026-09-18
642.5,27,75,2026-09-22,2026-09-18
645.0,324,446,2026-09-22,2026-09-18
647.5,51,333,2026-09-22,2026-09-18
650.0,300,1263,2026-09-22,2026-09-18
652.5,133,347,2026-09-22,2026-09-18
655.0,285,517,2026-09-22,2026-09-18
657.5,145,103,2026-09-22,2026-09-18
660.0,316,567,2026-09-22,2026-09-18
662.5,95,146,2026-09-22,2026-09-18
665.0,281,449,2026-09-22,2026-09-18
667.5,127,331,2026-09-22,2026-09-18
670.0,265,447,2026-09-22,2026-09-18
672.5,121,375,2026-09-22,2026-09-18
675.0,1167,315,2026-09-22,2026-09-18
677.5,383,280,2026-09-22,2026-09-18
680.0,1210,321,2026-09-22,2026-09-18
682.5,209,95,2026-09-22,2026-09-18
685.0,580,178,2026-09-22,2026-09-18
687.5,142,27,2026-09-22,2026-09-18
690.0,716,56,2026-09-22,2026-09-18
692.5,316,36,2026-09-22,2026-09-18
695.0,303,35,2026-09-22,2026-09-18
697.5,149,24,2026-09-22,2026-09-18
700.0,1484,305,2026-09-22,2026-09-18
702.5,204,20,2026-09-22,2026-09-18
705.0,294,3,2026-09-22,2026-09-18
707.5,178,2,2026-09-22,2026-09-18
710.0,656,15,2026-09-22,2026-09-18
712.5,627,31,2026-09-22,2026-09-18
715.0,1281,3,2026-09-22,2026-09-18
717.5,283,0,2026-09-22,2026-09-18
720.0,444,3,2026-09-22,2026-09-18
722.5,93,2,2026-09-22,2026-09-18
725.0,227,1,2026-09-22,2026-09-18
727.5,219,10,2026-09-22,2026-09-18
730.0,244,0,2026-09-22,2026-09-18
732.5,40,1,2026-09-22,2026-09-18
735.0,359,2,2026-09-22,2026-09-18
737.5,95,0,2026-09-22,2026-09-18
740.0,453,0,2026-09-22,2026-09-18
742.5,41,0,2026-09-22,2026-09-18
745.0,15,3,2026-09-22,2026-09-18
750.0,63,3,2026-09-22,2026-09-18
755.0,3,1,2026-09-22,2026-09-18
760.0,23,0,2026-09-22,2026-09-18
765.0,2,0,2026-09-22,2026-09-18
770.0,73,0,2026-09-22,2026-09-18
775.0,22,0,2026-09-22,2026-09-18
780.0,6,0,2026-09-22,2026-09-18
785.0,0,0,2026-09-22,2026-09-18
790.0,28,0,2026-09-22,2026-09-18
795.0,12,0,2026-09-22,2026-09-18
800.0,10,0,2026-09-22,2026-09-18
805.0,7,0,2026-09-22,2026-09-18
810.0,2,0,2026-09-22,2026-09-18
815.0,0,0,2026-09-22,2026-09-18
820.0,0,0,2026-09-22,2026-09-18
825.0,5,0,2026-09-22,2026-09-18
830.0,3,0,2026-09-22,2026-09-18
835.0,0,0,2026-09-22,2026-09-18
840.0,0,0,2026-09-22,2026-09-18
845.0,0,0,2026-09-22,2026-09-18
850.0,1,0,2026-09-22,2026-09-18
855.0,0,0,2026-09-22,2026-09-18
860.0,0,0,2026-09-22,2026-09-18
865.0,0,0,2026-09-22,2026-09-18
870.0,0,0,2026-09-22,2026-09-18
875.0,0,0,2026-09-22,2026-09-18
880.0,0,0,2026-09-22,2026-09-18
885.0,0,0,2026-09-22,2026-09-18
890.0,0,0,2026-09-22,2026-09-18
895.0,0,0,2026-09-22,2026-09-18
900.0,0,0,2026-09-22,2026-09-18
905.0,0,0,2026-09-22,2026-09-18
910.0,0,0,2026-09-22,2026-09-18
915.0,0,0,2026-09-22,2026-09-18
920.0,0,0,2026-09-22,2026-09-18
925.0,0,0,2026-09-22,2026-09-18
930.0,0,0,2026-09-22,2026-09-18
935.0,0,0,2026-09-22,2026-09-18
940.0,0,0,2026-09-22,2026-09-18
945.0,0,0,2026-09-22,2026-09-18
950.0,0,0,2026-09-22,2026-09-18
955.0,0,0,2026-09-22,2026-09-18
960.0,0,0,2026-09-22,2026-09-18
965.0,0,0,2026-09-22,2026-09-18
970.0,0,0,2026-09-22,2026-09-18
975.0,0,0,2026-09-22,2026-09-18
980.0,0,0,2026-09-22,2026-09-18
985.0,0,0,2026-09-22,2026-09-18
510.0,0,1,2026-09-24,2026-09-18
515.0,0,0,2026-09-24,2026-09-18
520.0,0,0,2026-09-24,2026-09-18
525.0,0,0,2026-09-24,2026-09-18
530.0,0,1,2026-09-24,2026-09-18
535.0,0,0,2026-09-24,2026-09-18
540.0,0,4,2026-09-24,2026-09-18
545.0,1,3,2026-09-24,2026-09-18
550.0,1,47,2026-09-24,2026-09-18
555.0,0,30,2026-09-24,2026-09-18
560.0,0,52,2026-09-24,2026-09-18
562.5,0,15,2026-09-24,2026-09-18
565.0,19,9,2026-09-24,2026-09-18
567.5,0,0,2026-09-24,2026-09-18
570.0,2,10,2026-09-24,2026-09-18
572.5,1,1,2026-09-24,2026-09-18
575.0,3,4,2026-09-24,2026-09-18
577.5,7,6,2026-09-24,2026-09-18
580.0,3,25,2026-09-24,2026-09-18
582.5,6,8,2026-09-24,2026-09-18
585.0,4,38,2026-09-24,2026-09-18
587.5,7,56,2026-09-24,2026-09-18
590.0,25,78,2026-09-24,2026-09-18
592.5,5,12,2026-09-24,2026-09-18
595.0,33,48,2026-09-24,2026-09-18
597.5,3,60,2026-09-24,2026-09-18
600.0,15,288,2026-09-24,2026-09-18
602.5,15,26,2026-09-24,2026-09-18
605.0,8,24,2026-09-24,2026-09-18
607.5,11,73,2026-09-24,2026-09-18
610.0,12,41,2026-09-24,2026-09-18
612.5,7,17,2026-09-24,2026-09-18
615.0,40,61,2026-09-24,2026-09-18
617.5,38,73,2026-09-24,2026-09-18
620.0,33,93,2026-09-24,2026-09-18
622.5,10,62,2026-09-24,2026-09-18
625.0,26,131,2026-09-24,2026-09-18
627.5,10,53,2026-09-24,2026-09-18
630.0,58,104,2026-09-24,2026-09-18
632.5,20,260,2026-09-24,2026-09-18
635.0,63,142,2026-09-24,2026-09-18
637.5,4,50,2026-09-24,2026-09-18
640.0,84,180,2026-09-24,2026-09-18
642.5,32,52,2026-09-24,2026-09-18
645.0,160,417,2026-09-24,2026-09-18
647.5,32,101,2026-09-24,2026-09-18
650.0,106,226,2026-09-24,2026-09-18
652.5,48,50,2026-09-24,2026-09-18
655.0,165,130,2026-09-24,2026-09-18
657.5,72,67,2026-09-24,2026-09-18
660.0,109,283,2026-09-24,2026-09-18
662.5,44,86,2026-09-24,2026-09-18
665.0,272,135,2026-09-24,2026-09-18
667.5,140,105,2026-09-24,2026-09-18
670.0,348,448,2026-09-24,2026-09-18
672.5,132,84,2026-09-24,2026-09-18
675.0,396,181,2026-09-24,2026-09-18
677.5,180,101,2026-09-24,2026-09-18
680.0,329,171,2026-09-24,2026-09-18
682.5,575,56,2026-09-24,2026-09-18
685.0,279,54,2026-09-24,2026-09-18
687.5,60,13,2026-09-24,2026-09-18
690.0,378,464,2026-09-24,2026-09-18
692.5,157,89,2026-09-24,2026-09-18
695.0,590,22,2026-09-24,2026-09-18
697.5,677,12,2026-09-24,2026-09-18
700.0,456,52,2026-09-24,2026-09-18
702.5,81,0,2026-09-24,2026-09-18
705.0,88,1,2026-09-24,2026-09-18
707.5,64,12,2026-09-24,2026-09-18
710.0,170,2,2026-09-24,2026-09-18
712.5,58,3,2026-09-24,2026-09-18
715.0,43,10,2026-09-24,2026-09-18
717.5,49,0,2026-09-24,2026-09-18
720.0,574,15,2026-09-24,2026-09-18
722.5,22,0,2026-09-24,2026-09-18
725.0,61,1,2026-09-24,2026-09-18
727.5,22,0,2026-09-24,2026-09-18
730.0,212,0,2026-09-24,2026-09-18
732.5,85,0,2026-09-24,2026-09-18
735.0,257,0,2026-09-24,2026-09-18
737.5,100,0,2026-09-24,2026-09-18
740.0,50,2,2026-09-24,2026-09-18
742.5,9,0,2026-09-24,2026-09-18
745.0,12,1,2026-09-24,2026-09-18
750.0,37,1,2026-09-24,2026-09-18
755.0,39,0,2026-09-24,2026-09-18
760.0,99,0,2026-09-24,2026-09-18
765.0,13,0,2026-09-24,2026-09-18
770.0,5,0,2026-09-24,2026-09-18
775.0,2,1,2026-09-24,2026-09-18
780.0,4,1,2026-09-24,2026-09-18
785.0,3,0,2026-09-24,2026-09-18
790.0,0,0,2026-09-24,2026-09-18
795.0,0,0,2026-09-24,2026-09-18
800.0,7,0,2026-09-24,2026-09-18
805.0,0,0,2026-09-24,2026-09-18
810.0,0,0,2026-09-24,2026-09-18
815.0,0,0,2026-09-24,2026-09-18
820.0,0,0,2026-09-24,2026-09-18
825.0,0,0,2026-09-24,2026-09-18
830.0,0,0,2026-09-24,2026-09-18
835.0,0,0,2026-09-24,2026-09-18
840.0,0,0,2026-09-24,2026-09-18
845.0,0,0,2026-09-24,2026-09-18
850.0,0,0,2026-09-24,2026-09-18
855.0,0,0,2026-09-24,2026-09-18
860.0,0,0,2026-09-24,2026-09-18
865.0,0,0,2026-09-24,2026-09-18
870.0,0,0,2026-09-24,2026-09-18
875.0,0,0,2026-09-24,2026-09-18
880.0,0,0,2026-09-24,2026-09-18
885.0,0,0,2026-09-24,2026-09-18
890.0,0,0,2026-09-24,2026-09-18
895.0,0,0,2026-09-24,2026-09-18
900.0,4,0,2026-09-24,2026-09-18
905.0,0,0,2026-09-24,2026-09-18
910.0,0,0,2026-09-24,2026-09-18
915.0,0,0,2026-09-24,2026-09-18
920.0,0,0,2026-09-24,2026-09-18
925.0,0,0,2026-09-24,2026-09-18
930.0,0,0,2026-09-24,2026-09-18
935.0,0,0,2026-09-24,2026-09-18
940.0,0,0,2026-09-24,2026-09-18
945.0,0,0,2026-09-24,2026-09-18
950.0,0,0,2026-09-24,2026-09-18
955.0,0,0,2026-09-24,2026-09-18
960.0,0,0,2026-09-24,2026-09-18
965.0,0,0,2026-09-24,2026-09-18
970.0,0,0,2026-09-24,2026-09-18
975.0,0,0,2026-09-24,2026-09-18
980.0,0,0,2026-09-24,2026-09-18
985.0,0,0,2026-09-24,2026-09-18
100.0,6,0,2026-09-26,2026-09-18
110.0,0,0,2026-09-26,2026-09-18
120.0,0,0,2026-09-26,2026-09-18
130.0,4,2,2026-09-26,2026-09-18
140.0,0,0,2026-09-26,2026-09-18
150.0,0,0,2026-09-26,2026-09-18
160.0,0,0,2026-09-26,2026-09-18
170.0,1,0,2026-09-26,2026-09-18
180.0,0,0,2026-09-26,2026-09-18
190.0,0,0,2026-09-26,2026-09-18
200.0,1,119,2026-09-26,2026-09-18
210.0,0,143,2026-09-26,2026-09-18
220.0,0,38,2026-09-26,2026-09-18
230.0,0,36,2026-09-26,2026-09-18
240.0,0,17,2026-09-26,2026-09-18
250.0,0,46,2026-09-26,2026-09-18
260.0,2,13,2026-09-26,2026-09-18
270.0,0,12,2026-09-26,2026-09-18
280.0,0,0,2026-09-26,2026-09-18
290.0,1,3,2026-09-26,2026-09-18
300.0,2,105,2026-09-26,2026-09-18
310.0,0,38,2026-09-26,2026-09-18
320.0,0,49,2026-09-26,2026-09-18
330.0,0,9,2026-09-26,2026-09-18
340.0,0,17,2026-09-26,2026-09-18
350.0,0,631,2026-09-26,2026-09-18
360.0,0,68,2026-09-26,2026-09-18
370.0,0,17,2026-09-26,2026-09-18
380.0,0,27,2026-09-26,2026-09-18
390.0,0,40,2026-09-26,2026-09-18
400.0,3,45,2026-09-26,2026-09-18
405.0,0,55,2026-09-26,2026-09-18
410.0,0,63,2026-09-26,2026-09-18
415.0,0,84,2026-09-26,2026-09-18
420.0,0,47,2026-09-26,2026-09-18
425.0,0,59,2026-09-26,2026-09-18
430.0,0,38,2026-09-26,2026-09-18
435.0,1,72,2026-09-26,2026-09-18
440.0,31,26,2026-09-26,2026-09-18
445.0,0,245,2026-09-26,2026-09-18
450.0,8,195,2026-09-26,2026-09-18
455.0,0,87,2026-09-26,2026-09-18
460.0,0,37,2026-09-26,2026-09-18
465.0,0,112,2026-09-26,2026-09-18
470.0,11,180,2026-09-26,2026-09-18
475.0,11,232,2026-09-26,2026-09-18
480.0,3,480,2026-09-26,2026-09-18
485.0,10,281,2026-09-26,2026-09-18
490.0,2,284,2026-09-26,2026-09-18
495.0,7,331,2026-09-26,2026-09-18
500.0,18,374,2026-09-26,2026-09-18
505.0,9,259,2026-09-26,2026-09-18
510.0,5,460,2026-09-26,2026-09-18
515.0,7,446,2026-09-26,2026-09-18
520.0,51,6277,2026-09-26,2026-09-18
525.0,23,353,2026-09-26,2026-09-18
530.0,40,827,2026-09-26,2026-09-18
535.0,21,505,2026-09-26,2026-09-18
540.0,142,388,2026-09-26,2026-09-18
545.0,194,215,2026-09-26,2026-09-18
547.5,8,3,2026-09-26,2026-09-18
550.0,332,1793,2026-09-26,2026-09-18
552.5,4,15,2026-09-26,2026-09-18
555.0,142,279,2026-09-26,2026-09-18
557.5,1,6,2026-09-26,2026-09-18
560.0,165,1335,2026-09-26,2026-09-18
562.5,5,59,2026-09-26,2026-09-18
565.0,327,173,2026-09-26,2026-09-18
567.5,3,50,2026-09-26,2026-09-18
570.0,315,329,2026-09-26,2026-09-18
572.5,5,33,2026-09-26,2026-09-18
575.0,392,1109,2026-09-26,2026-09-18
577.5,5,72,2026-09-26,2026-09-18
580.0,565,700,2026-09-26,2026-09-18
582.5,8,36,2026-09-26,2026-09-18
585.0,596,463,2026-09-26,2026-09-18
587.5,12,52,2026-09-26,2026-09-18
590.0,747,681,2026-09-26,2026-09-18
592.5,7,37,2026-09-26,2026-09-18
595.0,426,301,2026-09-26,2026-09-18
597.5,7,118,2026-09-26,2026-09-18
600.0,8000,8000,2026-09-26,2026-09-18
600.0,1730,1348,2026-09-26,2026-09-18
602.5,8,27,2026-09-26,2026-09-18
605.0,770,899,2026-09-26,2026-09-18
607.5,3,60,2026-09-26,2026-09-18
610.0,691,1290,2026-09-26,2026-09-18
612.5,51,419,2026-09-26,2026-09-18
615.0,1084,1307,2026-09-26,2026-09-18
617.5,16,159,2026-09-26,2026-09-18
620.0,1283,811,2026-09-26,2026-09-18
622.5,34,130,2026-09-26,2026-09-18
625.0,1257,953,2026-09-26,2026-09-18
627.5,50,179,2026-09-26,2026-09-18
630.0,394,730,2026-09-26,2026-09-18
632.5,48,127,2026-09-26,2026-09-18
635.0,832,1227,2026-09-26,2026-09-18
637.5,26,225,2026-09-26,2026-09-18
640.0,819,6185,2026-09-26,2026-09-18
642.5,51,263,2026-09-26,2026-09-18
645.0,775,1632,2026-09-26,2026-09-18
647.5,2544,259,2026-09-26,2026-09-18
650.0,4585,2333,2026-09-26,2026-09-18
652.5,147,137,2026-09-26,2026-09-18
655.0,1140,584,2026-09-26,2026-09-18
657.5,168,141,2026-09-26,2026-09-18
660.0,2508,664,2026-09-26,2026-09-18
662.5,92,54,2026-09-26,2026-09-18
665.0,720,359,2026-09-26,2026-09-18
667.5,288,211,2026-09-26,2026-09-18
670.0,1582,563,2026-09-26,2026-09-18
672.5,286,142,2026-09-26,2026-09-18
675.0,2197,1597,2026-09-26,2026-09-18
677.5,356,442,2026-09-26,2026-09-18
680.0,1763,416,2026-09-26,2026-09-18
682.5,298,105,2026-09-26,2026-09-18
685.0,1190,131,2026-09-26,2026-09-18
687.5,2236,54,2026-09-26,2026-09-18
690.0,1109,103,2026-09-26,2026-09-18
692.5,310,2,2026-09-26,2026-09-18
695.0,472,64,2026-09-26,2026-09-18
697.5,160,26,2026-09-26,2026-09-18
700.0,6858,102,2026-09-26,2026-09-18
702.5,278,21,2026-09-26,2026-09-18
705.0,1128,25,2026-09-26,2026-09-18
707.5,145,0,2026-09-26,2026-09-18
710.0,786,65,2026-09-26,2026-09-18
712.5,134,0,2026-09-26,2026-09-18
715.0,333,1,2026-09-26,2026-09-18
717.5,133,0,2026-09-26,2026-09-18
720.0,2162,8,2026-09-26,2026-09-18
722.5,61,0,2026-09-26,2026-09-18
725.0,831,6,2026-09-26,2026-09-18
727.5,638,2,2026-09-26,2026-09-18
730.0,674,31,2026-09-26,2026-09-18
732.5,62,0,2026-09-26,2026-09-18
735.0,179,4,2026-09-26,2026-09-18
737.5,35,0,2026-09-26,2026-09-18
740.0,2267,4,2026-09-26,2026-09-18
742.5,1670,0,2026-09-26,2026-09-18
745.0,785,1,2026-09-26,2026-09-18
747.5,62,0,2026-09-26,2026-09-18
750.0,4224,8,2026-09-26,2026-09-18
755.0,371,0,2026-09-26,2026-09-18
760.0,202,1,2026-09-26,2026-09-18
765.0,143,1,2026-09-26,2026-09-18
770.0,265,5,2026-09-26,2026-09-18
775.0,811,3,2026-09-26,2026-09-18
780.0,106,1,2026-09-26,2026-09-18
785.0,110,0,2026-09-26,2026-09-18
790.0,207,0,2026-09-26,2026-09-18
795.0,185,0,2026-09-26,2026-09-18
800.0,854,0,2026-09-26,2026-09-18
805.0,130,0,2026-09-26,2026-09-18
810.0,174,0,2026-09-26,2026-09-18
815.0,172,0,2026-09-26,2026-09-18
820.0,55,0,2026-09-26,2026-09-18
825.0,48,0,2026-09-26,2026-09-18
830.0,74,0,2026-09-26,2026-09-18
835.0,30,0,2026-09-26,2026-09-18
840.0,95,0,2026-09-26,2026-09-18
845.0,44,0,2026-09-26,2026-09-18
850.0,578,0,2026-09-26,2026-09-18
855.0,745,0,2026-09-26,2026-09-18
860.0,27,0,2026-09-26,2026-09-18
865.0,57,0,2026-09-26,2026-09-18
870.0,166,0,2026-09-26,2026-09-18
875.0,56,0,2026-09-26,2026-09-18
880.0,104,0,2026-09-26,2026-09-18
885.0,77,0,2026-09-26,2026-09-18
890.0,403,0,2026-09-26,2026-09-18
895.0,243,0,2026-09-26,2026-09-18
900.0,220,0,2026-09-26,2026-09-18
905.0,131,0,2026-09-26,2026-09-18
910.0,227,0,2026-09-26,2026-09-18
915.0,247,0,2026-09-26,2026-09-18
920.0,215,0,2026-09-26,2026-09-18
925.0,151,0,2026-09-26,2026-09-18
930.0,125,0,2026-09-26,2026-09-18
935.0,133,0,2026-09-26,2026-09-18
940.0,304,0,2026-09-26,2026-09-18
945.0,208,0,2026-09-26,2026-09-18
950.0,138,0,2026-09-26,2026-09-18
955.0,155,0,2026-09-26,2026-09-18
960.0,195,0,2026-09-26,2026-09-18
965.0,110,0,2026-09-26,2026-09-18
970.0,113,0,2026-09-26,2026-09-18
975.0,105,0,2026-09-26,2026-09-18
980.0,124,0,2026-09-26,2026-09-18
985.0,220,0,2026-09-26,2026-09-18
990.0,145,0,2026-09-26,2026-09-18
995.0,121,0,2026-09-26,2026-09-18
1000.0,184,0,2026-09-26,2026-09-18
1010.0,215,0,2026-09-26,2026-09-18
1020.0,160,0,2026-09-26,2026-09-18
1030.0,174,0,2026-09-26,2026-09-18
1040.0,460,0,2026-09-26,2026-09-18
1050.0,298,0,2026-09-26,2026-09-18
1060.0,197,0,2026-09-26,2026-09-18
1070.0,417,0,2026-09-26,2026-09-18
510.0,0,1,2026-09-29,2026-09-18
515.0,0,2,2026-09-29,2026-09-18
520.0,0,1,2026-09-29,2026-09-18
525.0,0,1,2026-09-29,2026-09-18
530.0,0,0,2026-09-29,2026-09-18
535.0,0,2,2026-09-29,2026-09-18
540.0,0,1,2026-09-29,2026-09-18
545.0,0,1,2026-09-29,2026-09-18
550.0,0,0,2026-09-29,2026-09-18
555.0,0,0,2026-09-29,2026-09-18
560.0,0,0,2026-09-29,2026-09-18
565.0,1,0,2026-09-29,2026-09-18
570.0,3,3,2026-09-29,2026-09-18
575.0,3,0,2026-09-29,2026-09-18
580.0,5,23,2026-09-29,2026-09-18
585.0,3,14,2026-09-29,2026-09-18
590.0,4,27,2026-09-29,2026-09-18
595.0,9,3,2026-09-29,2026-09-18
600.0,5,60,2026-09-29,2026-09-18
605.0,2,15,2026-09-29,2026-09-18
610.0,0,69,2026-09-29,2026-09-18
615.0,0,38,2026-09-29,2026-09-18
620.0,2,25,2026-09-29,2026-09-18
622.5,0,9,2026-09-29,2026-09-18
625.0,3,14,2026-09-29,2026-09-18
627.5,0,1,2026-09-29,2026-09-18
630.0,2,40,2026-09-29,2026-09-18
632.5,0,4,2026-09-29,2026-09-18
635.0,2,107,2026-09-29,2026-09-18
637.5,1,4,2026-09-29,2026-09-18
640.0,11,52,2026-09-29,2026-09-18
642.5,0,106,2026-09-29,2026-09-18
645.0,3,19,2026-09-29,2026-09-18
647.5,0,5,2026-09-29,2026-09-18
650.0,53,93,2026-09-29,2026-09-18
652.5,0,4,2026-09-29,2026-09-18
655.0,24,128,2026-09-29,2026-09-18
657.5,1,6,2026-09-29,2026-09-18
660.0,26,196,2026-09-29,2026-09-18
662.5,43,11,2026-09-29,2026-09-18
665.0,70,127,2026-09-29,2026-09-18
667.5,167,44,2026-09-29,2026-09-18
670.0,116,42,2026-09-29,2026-09-18
672.5,119,42,2026-09-29,2026-09-18
675.0,62,138,2026-09-29,2026-09-18
677.5,61,210,2026-09-29,2026-09-18
680.0,169,98,2026-09-29,2026-09-18
682.5,28,101,2026-09-29,2026-09-18
685.0,109,3,2026-09-29,2026-09-18
687.5,9,0,2026-09-29,2026-09-18
690.0,156,3,2026-09-29,2026-09-18
692.5,18,0,2026-09-29,2026-09-18
695.0,84,0,2026-09-29,2026-09-18
697.5,4,0,2026-09-29,2026-09-18
700.0,120,7,2026-09-29,2026-09-18
705.0,119,3,2026-09-29,2026-09-18
710.0,51,21,2026-09-29,2026-09-18
715.0,22,0,2026-09-29,2026-09-18
720.0,126,1,2026-09-29,2026-09-18
725.0,28,3,2026-09-29,2026-09-18
730.0,11,0,2026-09-29,2026-09-18
735.0,4,1,2026-09-29,2026-09-18
740.0,11,0,2026-09-29,2026-09-18
745.0,28,0,2026-09-29,2026-09-18
750.0,11,0,2026-09-29,2026-09-18
755.0,79,2,2026-09-29,2026-09-18
760.0,1,0,2026-09-29,2026-09-18
765.0,1,0,2026-09-29,2026-09-18
770.0,2,0,2026-09-29,2026-09-18
775.0,21,1,2026-09-29,2026-09-18
780.0,1,1,2026-09-29,2026-09-18
785.0,1,0,2026-09-29,2026-09-18
790.0,0,0,2026-09-29,2026-09-18
795.0,2,0,2026-09-29,2026-09-18
800.0,0,0,2026-09-29,2026-09-18
805.0,0,0,2026-09-29,2026-09-18
810.0,15,0,2026-09-29,2026-09-18
815.0,6,0,2026-09-29,2026-09-18
820.0,3,0,2026-09-29,2026-09-18
825.0,2,0,2026-09-29,2026-09-18
830.0,3,0,2026-09-29,2026-09-18
835.0,10,0,2026-09-29,2026-09-18
840.0,25,0,2026-09-29,2026-09-18
845.0,6,0,2026-09-29,2026-09-18
850.0,2,0,2026-09-29,2026-09-18
855.0,10,0,2026-09-29,2026-09-18
860.0,0,0,2026-09-29,2026-09-18
865.0,1,0,2026-09-29,2026-09-18
870.0,2,0,2026-09-29,2026-09-18
875.0,0,0,2026-09-29,2026-09-18
880.0,0,0,2026-09-29,2026-09-18
885.0,0,0,2026-09-29,2026-09-18
890.0,0,0,2026-09-29,2026-09-18
895.0,0,0,2026-09-29,2026-09-18
900.0,0,0,2026-09-29,2026-09-18
905.0,0,0,2026-09-29,2026-09-18
910.0,0,0,2026-09-29,2026-09-18
915.0,0,0,2026-09-29,2026-09-18
920.0,0,0,2026-09-29,2026-09-18
925.0,0,0,2026-09-29,2026-09-18
930.0,0,0,2026-09-29,2026-09-18
935.0,0,0,2026-09-29,2026-09-18
940.0,0,0,2026-09-29,2026-09-18
945.0,0,0,2026-09-29,2026-09-18
950.0,0,0,2026-09-29,2026-09-18
955.0,0,0,2026-09-29,2026-09-18
960.0,0,0,2026-09-29,2026-09-18
965.0,0,0,2026-09-29,2026-09-18
970.0,0,0,2026-09-29,2026-09-18
975.0,0,0,2026-09-29,2026-09-18
980.0,0,0,2026-09-29,2026-09-18
985.0,0,0,2026-09-29,2026-09-18
478.7,0,174,2026-09-30,2026-09-18
733.5,174,0,2026-09-30,2026-09-18
510.0,0,0,2026-10-01,2026-09-18
515.0,0,0,2026-10-01,2026-09-18
520.0,0,0,2026-10-01,2026-09-18
525.0,0,0,2026-10-01,2026-09-18
530.0,0,0,2026-10-01,2026-09-18
535.0,0,0,2026-10-01,2026-09-18
540.0,0,0,2026-10-01,2026-09-18
545.0,0,0,2026-10-01,2026-09-18
550.0,0,0,2026-10-01,2026-09-18
555.0,0,0,2026-10-01,2026-09-18
560.0,0,1,2026-10-01,2026-09-18
565.0,0,0,2026-10-01,2026-09-18
570.0,0,10,2026-10-01,2026-09-18
575.0,0,1,2026-10-01,2026-09-18
580.0,0,12,2026-10-01,2026-09-18
585.0,1,12,2026-10-01,2026-09-18
590.0,0,0,2026-10-01,2026-09-18
595.0,0,43,2026-10-01,2026-09-18
600.0,0,119,2026-10-01,2026-09-18
605.0,3,14,2026-10-01,2026-09-18
610.0,0,17,2026-10-01,2026-09-18
615.0,4,36,2026-10-01,2026-09-18
620.0,1,58,2026-10-01,2026-09-18
622.5,0,0,2026-10-01,2026-09-18
625.0,1,19,2026-10-01,2026-09-18
627.5,0,1,2026-10-01,2026-09-18
630.0,2,15,2026-10-01,2026-09-18
632.5,0,2,2026-10-01,2026-09-18
635.0,3,11,2026-10-01,2026-09-18
637.5,0,53,2026-10-01,2026-09-18
640.0,3,31,2026-10-01,2026-09-18
642.5,20,1,2026-10-01,2026-09-18
645.0,23,5,2026-10-01,2026-09-18
647.5,0,24,2026-10-01,2026-09-18
650.0,18,253,2026-10-01,2026-09-18
652.5,3,2,2026-10-01,2026-09-18
655.0,33,20,2026-10-01,2026-09-18
657.5,0,0,2026-10-01,2026-09-18
660.0,2,28,2026-10-01,2026-09-18
662.5,0,51,2026-10-01,2026-09-18
665.0,3,63,2026-10-01,2026-09-18
667.5,42,8,2026-10-01,2026-09-18
670.0,156,34,2026-10-01,2026-09-18
672.5,72,70,2026-10-01,2026-09-18
675.0,77,129,2026-10-01,2026-09-18
677.5,40,17,2026-10-01,2026-09-18
680.0,189,248,2026-10-01,2026-09-18
682.5,11,6,2026-10-01,2026-09-18
685.0,15,7,2026-10-01,2026-09-18
687.5,1,0,2026-10-01,2026-09-18
690.0,59,17,2026-10-01,2026-09-18
692.5,6,0,2026-10-01,2026-09-18
695.0,74,10,2026-10-01,2026-09-18
697.5,13,0,2026-10-01,2026-09-18
700.0,139,4,2026-10-01,2026-09-18
705.0,155,4,2026-10-01,2026-09-18
710.0,19,1,2026-10-01,2026-09-18
715.0,23,0,2026-10-01,2026-09-18
720.0,87,10,2026-10-01,2026-09-18
725.0,12,0,2026-10-01,2026-09-18
730.0,6,0,2026-10-01,2026-09-18
735.0,4,0,2026-10-01,2026-09-18
740.0,125,0,2026-10-01,2026-09-18
745.0,4,3,2026-10-01,2026-09-18
750.0,24,0,2026-10-01,2026-09-18
755.0,1,0,2026-10-01,2026-09-18
760.0,5,0,2026-10-01,2026-09-18
765.0,1,0,2026-10-01,2026-09-18
770.0,270,0,2026-10-01,2026-09-18
770.0,6,0,2026-10-01,2026-09-18
775.0,1,0,2026-10-01,2026-09-18
780.0,2,0,2026-10-01,2026-09-18
785.0,0,0,2026-10-01,2026-09-18
790.0,0,0,2026-10-01,2026-09-18
795.0,0,0,2026-10-01,2026-09-18
800.0,12,0,2026-10-01,2026-09-18
805.0,0,0,2026-10-01,2026-09-18
810.0,0,0,2026-10-01,2026-09-18
815.0,0,0,2026-10-01,2026-09-18
820.0,0,0,2026-10-01,2026-09-18
825.0,0,0,2026-10-01,2026-09-18
830.0,0,0,2026-10-01,2026-09-18
835.0,0,0,2026-10-01,2026-09-18
840.0,0,0,2026-10-01,2026-09-18
845.0,0,0,2026-10-01,2026-09-18
850.0,0,0,2026-10-01,2026-09-18
855.0,0,0,2026-10-01,2026-09-18
860.0,0,0,2026-10-01,2026-09-18
865.0,0,0,2026-10-01,2026-09-18
870.0,0,0,2026-10-01,2026-09-18
875.0,5,0,2026-10-01,2026-09-18
880.0,0,0,2026-10-01,2026-09-18
885.0,0,0,2026-10-01,2026-09-18
890.0,0,0,2026-10-01,2026-09-18
895.0,0,0,2026-10-01,2026-09-18
900.0,1,0,2026-10-01,2026-09-18
905.0,2,0,2026-10-01,2026-09-18
910.0,1,0,2026-10-01,2026-09-18
915.0,3,0,2026-10-01,2026-09-18
920.0,1,0,2026-10-01,2026-09-18
925.0,1,0,2026-10-01,2026-09-18
930.0,0,0,2026-10-01,2026-09-18
935.0,3,0,2026-10-01,2026-09-18
940.0,0,0,2026-10-01,2026-09-18
945.0,0,0,2026-10-01,2026-09-18
950.0,2,0,2026-10-01,2026-09-18
955.0,0,0,2026-10-01,2026-09-18
960.0,0,0,2026-10-01,2026-09-18
965.0,0,0,2026-10-01,2026-09-18
970.0,0,0,2026-10-01,2026-09-18
975.0,0,0,2026-10-01,2026-09-18
980.0,0,0,2026-10-01,2026-09-18
985.0,0,0,2026-10-01,2026-09-18
770.0,97,0,2026-10-02,2026-09-18
100.0,5,0,2026-10-03,2026-09-18
110.0,0,0,2026-10-03,2026-09-18
120.0,0,0,2026-10-03,2026-09-18
130.0,0,11,2026-10-03,2026-09-18
140.0,0,0,2026-10-03,2026-09-18
150.0,0,0,2026-10-03,2026-09-18
160.0,0,0,2026-10-03,2026-09-18
170.0,0,0,2026-10-03,2026-09-18
180.0,0,0,2026-10-03,2026-09-18
190.0,0,0,2026-10-03,2026-09-18
200.0,0,12,2026-10-03,2026-09-18
210.0,0,0,2026-10-03,2026-09-18
220.0,0,0,2026-10-03,2026-09-18
230.0,0,0,2026-10-03,2026-09-18
240.0,0,0,2026-10-03,2026-09-18
250.0,0,0,2026-10-03,2026-09-18
260.0,4,0,2026-10-03,2026-09-18
270.0,0,2,2026-10-03,2026-09-18
280.0,0,1,2026-10-03,2026-09-18
290.0,0,0,2026-10-03,2026-09-18
300.0,2,98,2026-10-03,2026-09-18
310.0,0,5,2026-10-03,2026-09-18
320.0,0,3,2026-10-03,2026-09-18
330.0,0,13,2026-10-03,2026-09-18
340.0,0,6,2026-10-03,2026-09-18
350.0,0,151,2026-10-03,2026-09-18
360.0,0,23,2026-10-03,2026-09-18
370.0,0,17,2026-10-03,2026-09-18
380.0,0,21,2026-10-03,2026-09-18
390.0,0,10,2026-10-03,2026-09-18
400.0,3,192,2026-10-03,2026-09-18
405.0,0,25,2026-10-03,2026-09-18
410.0,0,29,2026-10-03,2026-09-18
415.0,1,7,2026-10-03,2026-09-18
420.0,0,14,2026-10-03,2026-09-18
425.0,0,33,2026-10-03,2026-09-18
430.0,0,55,2026-10-03,2026-09-18
435.0,1,25,2026-10-03,2026-09-18
440.0,0,63,2026-10-03,2026-09-18
445.0,0,53,2026-10-03,2026-09-18
450.0,0,100,2026-10-03,2026-09-18
455.0,0,47,2026-10-03,2026-09-18
460.0,0,194,2026-10-03,2026-09-18
465.0,0,52,2026-10-03,2026-09-18
470.0,1,271,2026-10-03,2026-09-18
475.0,1,399,2026-10-03,2026-09-18
480.0,1,213,2026-10-03,2026-09-18
485.0,1,167,2026-10-03,2026-09-18
490.0,13,421,2026-10-03,2026-09-18
495.0,2,197,2026-10-03,2026-09-18
500.0,46,714,2026-10-03,2026-09-18
505.0,13,368,2026-10-03,2026-09-18
510.0,12,210,2026-10-03,2026-09-18
515.0,7,2686,2026-10-03,2026-09-18
520.0,0,133,2026-10-03,2026-09-18
520.0,60,352,2026-10-03,2026-09-18
525.0,15,412,2026-10-03,2026-09-18
530.0,64,464,2026-10-03,2026-09-18
535.0,15,242,2026-10-03,2026-09-18
540.0,3000,3019,2026-10-03,2026-09-18
540.0,81,473,2026-10-03,2026-09-18
545.0,39,582,2026-10-03,2026-09-18
550.0,171,514,2026-10-03,2026-09-18
555.0,139,300,2026-10-03,2026-09-18
560.0,87,379,2026-10-03,2026-09-18
565.0,279,197,2026-10-03,2026-09-18
570.0,350,214,2026-10-03,2026-09-18
575.0,219,214,2026-10-03,2026-09-18
580.0,242,366,2026-10-03,2026-09-18
585.0,117,363,2026-10-03,2026-09-18
590.0,266,272,2026-10-03,2026-09-18
595.0,801,242,2026-10-03,2026-09-18
600.0,6000,6000,2026-10-03,2026-09-18
600.0,477,1036,2026-10-03,2026-09-18
605.0,461,333,2026-10-03,2026-09-18
610.0,174,180,2026-10-03,2026-09-18
615.0,1209,280,2026-10-03,2026-09-18
620.0,492,1369,2026-10-03,2026-09-18
625.0,220,176,2026-10-03,2026-09-18
627.5,2,41,2026-10-03,2026-09-18
630.0,514,748,2026-10-03,2026-09-18
632.5,5,30,2026-10-03,2026-09-18
635.0,235,379,2026-10-03,2026-09-18
637.5,6,43,2026-10-03,2026-09-18
640.0,708,158,2026-10-03,2026-09-18
642.5,0,41,2026-10-03,2026-09-18
645.0,133,0,2026-10-03,2026-09-18
645.0,553,290,2026-10-03,2026-09-18
647.5,31,47,2026-10-03,2026-09-18
650.0,1758,279,2026-10-03,2026-09-18
652.5,12,2400,2026-10-03,2026-09-18
655.0,879,2407,2026-10-03,2026-09-18
657.5,30,51,2026-10-03,2026-09-18
660.0,1245,263,2026-10-03,2026-09-18
662.5,55,80,2026-10-03,2026-09-18
665.0,282,159,2026-10-03,2026-09-18
667.5,168,47,2026-10-03,2026-09-18
670.0,4576,184,2026-10-03,2026-09-18
672.5,36,77,2026-10-03,2026-09-18
675.0,248,292,2026-10-03,2026-09-18
680.0,979,469,2026-10-03,2026-09-18
685.0,361,98,2026-10-03,2026-09-18
690.0,1008,0,2026-10-03,2026-09-18
690.0,514,33,2026-10-03,2026-09-18
695.0,128,35,2026-10-03,2026-09-18
700.0,1084,35,2026-10-03,2026-09-18
705.0,178,4,2026-10-03,2026-09-18
710.0,293,5,2026-10-03,2026-09-18
715.0,220,2,2026-10-03,2026-09-18
720.0,279,23,2026-10-03,2026-09-18
725.0,402,16,2026-10-03,2026-09-18
730.0,266,11,2026-10-03,2026-09-18
735.0,543,0,2026-10-03,2026-09-18
740.0,311,1,2026-10-03,2026-09-18
745.0,132,1,2026-10-03,2026-09-18
750.0,493,0,2026-10-03,2026-09-18
755.0,70,0,2026-10-03,2026-09-18
760.0,69,10,2026-10-03,2026-09-18
765.0,44,0,2026-10-03,2026-09-18
770.0,92,30,2026-10-03,2026-09-18
775.0,101,0,2026-10-03,2026-09-18
780.0,331,0,2026-10-03,2026-09-18
785.0,84,0,2026-10-03,2026-09-18
790.0,50,30,2026-10-03,2026-09-18
795.0,20,0,2026-10-03,2026-09-18
800.0,231,0,2026-10-03,2026-09-18
805.0,33,0,2026-10-03,2026-09-18
810.0,56,0,2026-10-03,2026-09-18
815.0,56,0,2026-10-03,2026-09-18
820.0,21,0,2026-10-03,2026-09-18
825.0,125,0,2026-10-03,2026-09-18
830.0,138,0,2026-10-03,2026-09-18
835.0,97,0,2026-10-03,2026-09-18
840.0,92,0,2026-10-03,2026-09-18
845.0,18,0,2026-10-03,2026-09-18
850.0,151,0,2026-10-03,2026-09-18
855.0,16,0,2026-10-03,2026-09-18
860.0,111,0,2026-10-03,2026-09-18
865.0,38,0,2026-10-03,2026-09-18
870.0,25,0,2026-10-03,2026-09-18
875.0,43,0,2026-10-03,2026-09-18
880.0,36,0,2026-10-03,2026-09-18
885.0,20,0,2026-10-03,2026-09-18
890.0,16,0,2026-10-03,2026-09-18
895.0,10,0,2026-10-03,2026-09-18
900.0,672,0,2026-10-03,2026-09-18
905.0,38,0,2026-10-03,2026-09-18
910.0,19,0,2026-10-03,2026-09-18
915.0,23,0,2026-10-03,2026-09-18
920.0,57,0,2026-10-03,2026-09-18
925.0,22,0,2026-10-03,2026-09-18
930.0,26,0,2026-10-03,2026-09-18
935.0,257,0,2026-10-03,2026-09-18
940.0,64,0,2026-10-03,2026-09-18
945.0,43,0,2026-10-03,2026-09-18
950.0,51,0,2026-10-03,2026-09-18
955.0,55,0,2026-10-03,2026-09-18
960.0,132,0,2026-10-03,2026-09-18
965.0,104,0,2026-10-03,2026-09-18
970.0,56,0,2026-10-03,2026-09-18
975.0,79,0,2026-10-03,2026-09-18
980.0,44,0,2026-10-03,2026-09-18
985.0,97,0,2026-10-03,2026-09-18
990.0,47,0,2026-10-03,2026-09-18
995.0,47,0,2026-10-03,2026-09-18
1000.0,86,0,2026-10-03,2026-09-18
1010.0,91,0,2026-10-03,2026-09-18
1020.0,137,0,2026-10-03,2026-09-18
1030.0,132,0,2026-10-03,2026-09-18
1040.0,226,0,2026-10-03,2026-09-18
1050.0,149,0,2026-10-03,2026-09-18
1060.0,56,0,2026-10-03,2026-09-18
1070.0,72,0,2026-10-03,2026-09-18
691.68,2,0,2026-10-09,2026-09-18
100.0,0,1,2026-10-10,2026-09-18
110.0,0,0,2026-10-10,2026-09-18
120.0,0,0,2026-10-10,2026-09-18
130.0,0,0,2026-10-10,2026-09-18
140.0,0,0,2026-10-10,2026-09-18
150.0,0,0,2026-10-10,2026-09-18
160.0,0,0,2026-10-10,2026-09-18
170.0,0,0,2026-10-10,2026-09-18
180.0,0,0,2026-10-10,2026-09-18
190.0,0,0,2026-10-10,2026-09-18
200.0,0,0,2026-10-10,2026-09-18
210.0,0,0,2026-10-10,2026-09-18
220.0,0,0,2026-10-10,2026-09-18
230.0,0,0,2026-10-10,2026-09-18
240.0,7,0,2026-10-10,2026-09-18
250.0,0,0,2026-10-10,2026-09-18
260.0,0,17,2026-10-10,2026-09-18
270.0,0,3,2026-10-10,2026-09-18
280.0,0,3,2026-10-10,2026-09-18
290.0,0,0,2026-10-10,2026-09-18
300.0,0,1,2026-10-10,2026-09-18
310.0,0,0,2026-10-10,2026-09-18
320.0,0,1,2026-10-10,2026-09-18
330.0,0,1,2026-10-10,2026-09-18
340.0,0,7,2026-10-10,2026-09-18
350.0,0,13,2026-10-10,2026-09-18
360.0,0,9,2026-10-10,2026-09-18
370.0,0,22,2026-10-10,2026-09-18
380.0,0,7,2026-10-10,2026-09-18
390.0,0,6,2026-10-10,2026-09-18
400.0,2,12,2026-10-10,2026-09-18
405.0,0,12,2026-10-10,2026-09-18
410.0,0,13,2026-10-10,2026-09-18
415.0,0,13,2026-10-10,2026-09-18
420.0,0,9,2026-10-10,2026-09-18
425.0,0,15,2026-10-10,2026-09-18
430.0,0,17,2026-10-10,2026-09-18
435.0,0,45,2026-10-10,2026-09-18
440.0,0,47,2026-10-10,2026-09-18
445.0,0,25,2026-10-10,2026-09-18
450.0,0,15,2026-10-10,2026-09-18
455.0,0,7,2026-10-10,2026-09-18
460.0,0,20,2026-10-10,2026-09-18
465.0,0,13,2026-10-10,2026-09-18
470.0,0,48,2026-10-10,2026-09-18
475.0,0,29,2026-10-10,2026-09-18
480.0,0,250,2026-10-10,2026-09-18
485.0,0,262,2026-10-10,2026-09-18
490.0,2,291,2026-10-10,2026-09-18
495.0,0,42,2026-10-10,2026-09-18
500.0,3,1693,2026-10-10,2026-09-18
505.0,0,13,2026-10-10,2026-09-18
510.0,0,162,2026-10-10,2026-09-18
515.0,0,1153,2026-10-10,2026-09-18
520.0,1,70,2026-10-10,2026-09-18
525.0,5,95,2026-10-10,2026-09-18
530.0,2,101,2026-10-10,2026-09-18
535.0,2,82,2026-10-10,2026-09-18
540.0,2,176,2026-10-10,2026-09-18
545.0,13,155,2026-10-10,2026-09-18
550.0,22,227,2026-10-10,2026-09-18
555.0,85,57,2026-10-10,2026-09-18
560.0,21,105,2026-10-10,2026-09-18
565.0,29,88,2026-10-10,2026-09-18
570.0,76,133,2026-10-10,2026-09-18
575.0,97,71,2026-10-10,2026-09-18
580.0,86,291,2026-10-10,2026-09-18
585.0,83,122,2026-10-10,2026-09-18
590.0,30,161,2026-10-10,2026-09-18
595.0,27,392,2026-10-10,2026-09-18
600.0,5000,5000,2026-10-10,2026-09-18
600.0,52,457,2026-10-10,2026-09-18
605.0,88,363,2026-10-10,2026-09-18
605.34,197,197,2026-10-10,2026-09-18
610.0,95,169,2026-10-10,2026-09-18
615.0,334,114,2026-10-10,2026-09-18
620.0,126,157,2026-10-10,2026-09-18
625.0,43,237,2026-10-10,2026-09-18
630.0,176,98,2026-10-10,2026-09-18
635.0,62,119,2026-10-10,2026-09-18
640.0,208,151,2026-10-10,2026-09-18
645.0,156,153,2026-10-10,2026-09-18
650.0,254,154,2026-10-10,2026-09-18
655.0,158,178,2026-10-10,2026-09-18
660.0,367,69,2026-10-10,2026-09-18
665.0,902,67,2026-10-10,2026-09-18
670.0,865,126,2026-10-10,2026-09-18
675.0,350,147,2026-10-10,2026-09-18
680.0,167,149,2026-10-10,2026-09-18
685.0,334,30,2026-10-10,2026-09-18
690.0,279,33,2026-10-10,2026-09-18
695.0,179,5,2026-10-10,2026-09-18
700.0,656,53,2026-10-10,2026-09-18
705.0,132,17,2026-10-10,2026-09-18
710.0,278,32,2026-10-10,2026-09-18
715.0,495,10,2026-10-10,2026-09-18
720.0,418,2,2026-10-10,2026-09-18
725.0,379,25,2026-10-10,2026-09-18
730.0,186,10,2026-10-10,2026-09-18
735.0,54,4,2026-10-10,2026-09-18
740.0,195,1,2026-10-10,2026-09-18
745.0,106,1,2026-10-10,2026-09-18
750.0,269,0,2026-10-10,2026-09-18
755.0,43,0,2026-10-10,2026-09-18
760.0,123,0,2026-10-10,2026-09-18
765.0,64,0,2026-10-10,2026-09-18
770.0,380,0,2026-10-10,2026-09-18
770.0,96,0,2026-10-10,2026-09-18
775.0,27,0,2026-10-10,2026-09-18
780.0,19,1,2026-10-10,2026-09-18
785.0,42,1,2026-10-10,2026-09-18
790.0,41,0,2026-10-10,2026-09-18
795.0,22,0,2026-10-10,2026-09-18
800.0,112,0,2026-10-10,2026-09-18
805.0,22,0,2026-10-10,2026-09-18
810.0,71,0,2026-10-10,2026-09-18
815.0,60,0,2026-10-10,2026-09-18
820.0,89,0,2026-10-10,2026-09-18
825.0,15,0,2026-10-10,2026-09-18
830.0,21,0,2026-10-10,2026-09-18
835.0,32,0,2026-10-10,2026-09-18
840.0,32,0,2026-10-10,2026-09-18
845.0,61,0,2026-10-10,2026-09-18
850.0,40,0,2026-10-10,2026-09-18
855.0,10,0,2026-10-10,2026-09-18
860.0,13,0,2026-10-10,2026-09-18
865.0,13,0,2026-10-10,2026-09-18
870.0,34,0,2026-10-10,2026-09-18
875.0,28,0,2026-10-10,2026-09-18
880.0,63,0,2026-10-10,2026-09-18
885.0,38,0,2026-10-10,2026-09-18
890.0,19,0,2026-10-10,2026-09-18
895.0,25,0,2026-10-10,2026-09-18
900.0,9,0,2026-10-10,2026-09-18
905.0,17,0,2026-10-10,2026-09-18
910.0,89,0,2026-10-10,2026-09-18
915.0,96,0,2026-10-10,2026-09-18
920.0,27,0,2026-10-10,2026-09-18
925.0,85,0,2026-10-10,2026-09-18
930.0,25,0,2026-10-10,2026-09-18
935.0,21,0,2026-10-10,2026-09-18
940.0,26,0,2026-10-10,2026-09-18
945.0,33,0,2026-10-10,2026-09-18
950.0,17,0,2026-10-10,2026-09-18
955.0,129,0,2026-10-10,2026-09-18
960.0,27,0,2026-10-10,2026-09-18
965.0,20,0,2026-10-10,2026-09-18
970.0,25,0,2026-10-10,2026-09-18
975.0,29,0,2026-10-10,2026-09-18
980.0,25,0,2026-10-10,2026-09-18
985.0,23,0,2026-10-10,2026-09-18
990.0,29,0,2026-10-10,2026-09-18
995.0,26,0,2026-10-10,2026-09-18
1000.0,27,0,2026-10-10,2026-09-18
1010.0,129,0,2026-10-10,2026-09-18
1020.0,99,0,2026-10-10,2026-09-18
1030.0,79,0,2026-10-10,2026-09-18
1040.0,136,0,2026-10-10,2026-09-18
1050.0,126,0,2026-10-10,2026-09-18
1060.0,116,0,2026-10-10,2026-09-18
1070.0,143,0,2026-10-10,2026-09-18
270.0,916,423,2026-10-17,2026-09-18
280.0,2,295,2026-10-17,2026-09-18
290.0,0,933,2026-10-17,2026-09-18
300.0,305,1073,2026-10-17,2026-09-18
310.0,2,959,2026-10-17,2026-09-18
320.0,8,214,2026-10-17,2026-09-18
330.0,1,679,2026-10-17,2026-09-18
340.0,0,255,2026-10-17,2026-09-18
350.0,10,535,2026-10-17,2026-09-18
360.0,0,301,2026-10-17,2026-09-18
370.0,3,185,2026-10-17,2026-09-18
380.0,16,293,2026-10-17,2026-09-18
390.0,3,506,2026-10-17,2026-09-18
400.0,22,1007,2026-10-17,2026-09-18
405.0,0,73,2026-10-17,2026-09-18
410.0,16,1178,2026-10-17,2026-09-18
415.0,7,232,2026-10-17,2026-09-18
420.0,6,365,2026-10-17,2026-09-18
425.0,1,156,2026-10-17,2026-09-18
430.0,21,498,2026-10-17,2026-09-18
435.0,24,142,2026-10-17,2026-09-18
440.0,30,726,2026-10-17,2026-09-18
445.0,27,72,2026-10-17,2026-09-18
450.0,704,3093,2026-10-17,2026-09-18
455.0,34,396,2026-10-17,2026-09-18
460.0,20,1083,2026-10-17,2026-09-18
465.0,15,617,2026-10-17,2026-09-18
470.0,25,1358,2026-10-17,2026-09-18
475.0,9,551,2026-10-17,2026-09-18
480.0,163,2319,2026-10-17,2026-09-18
485.0,27,2307,2026-10-17,2026-09-18
490.0,65,1433,2026-10-17,2026-09-18
495.0,41,726,2026-10-17,2026-09-18
500.0,528,4401,2026-10-17,2026-09-18
505.0,30,995,2026-10-17,2026-09-18
510.0,50,1740,2026-10-17,2026-09-18
515.0,121,1848,2026-10-17,2026-09-18
520.0,396,2258,2026-10-17,2026-09-18
525.0,165,1785,2026-10-17,2026-09-18
530.0,332,2061,2026-10-17,2026-09-18
535.0,538,860,2026-10-17,2026-09-18
540.0,461,4431,2026-10-17,2026-09-18
545.0,222,742,2026-10-17,2026-09-18
550.0,6000,6000,2026-10-17,2026-09-18
550.0,2640,6067,2026-10-17,2026-09-18
555.0,352,648,2026-10-17,2026-09-18
560.0,1168,2548,2026-10-17,2026-09-18
565.0,615,679,2026-10-17,2026-09-18
570.0,2204,2624,2026-10-17,2026-09-18
570.01,2035,2035,2026-10-17,2026-09-18
575.0,1854,793,2026-10-17,2026-09-18
580.0,500,500,2026-10-17,2026-09-18
580.0,1669,3675,2026-10-17,2026-09-18
585.0,3985,3236,2026-10-17,2026-09-18
590.0,1900,2191,2026-10-17,2026-09-18
595.0,4870,4870,2026-10-17,2026-09-18
595.0,1107,603,2026-10-17,2026-09-18
600.0,2543,2495,2026-10-17,2026-09-18
600.0,8498,6773,2026-10-17,2026-09-18
605.0,805,808,2026-10-17,2026-09-18
610.0,1521,1630,2026-10-17,2026-09-18
615.0,1174,912,2026-10-17,2026-09-18
620.0,4563,2366,2026-10-17,2026-09-18
625.0,1180,981,2026-10-17,2026-09-18
630.0,3318,1251,2026-10-17,2026-09-18
635.0,770,379,2026-10-17,2026-09-18
640.0,48,0,2026-10-17,2026-09-18
640.0,4811,2035,2026-10-17,2026-09-18
645.0,700,561,2026-10-17,2026-09-18
650.0,0,0,2026-10-17,2026-09-18
650.0,11917,2191,2026-10-17,2026-09-18
655.0,1759,353,2026-10-17,2026-09-18
660.0,2735,1027,2026-10-17,2026-09-18
665.0,250,250,2026-10-17,2026-09-18
665.0,1618,356,2026-10-17,2026-09-18
670.0,5500,5500,2026-10-17,2026-09-18
670.0,3447,930,2026-10-17,2026-09-18
675.0,3837,608,2026-10-17,2026-09-18
680.0,1,0,2026-10-17,2026-09-18
680.0,5332,702,2026-10-17,2026-09-18
685.0,1384,205,2026-10-17,2026-09-18
690.0,3764,187,2026-10-17,2026-09-18
695.0,2812,109,2026-10-17,2026-09-18
700.0,12,0,2026-10-17,2026-09-18
700.0,25764,927,2026-10-17,2026-09-18
705.0,2309,37,2026-10-17,2026-09-18
710.0,12566,137,2026-10-17,2026-09-18
715.0,1843,47,2026-10-17,2026-09-18
720.0,3955,235,2026-10-17,2026-09-18
725.0,3232,69,2026-10-17,2026-09-18
730.0,3477,69,2026-10-17,2026-09-18
730.12,109,0,2026-10-17,2026-09-18
735.0,36,0,2026-10-17,2026-09-18
735.0,2338,11,2026-10-17,2026-09-18
740.0,3056,15,2026-10-17,2026-09-18
745.0,422,1,2026-10-17,2026-09-18
750.0,14925,140,2026-10-17,2026-09-18
755.0,3090,0,2026-10-17,2026-09-18
760.0,5414,171,2026-10-17,2026-09-18
765.0,9744,5,2026-10-17,2026-09-18
770.0,3542,0,2026-10-17,2026-09-18
775.0,4898,0,2026-10-17,2026-09-18
780.0,5963,0,2026-10-17,2026-09-18
785.0,270,0,2026-10-17,2026-09-18
790.0,3,0,2026-10-17,2026-09-18
790.0,2054,45,2026-10-17,2026-09-18
795.0,287,14,2026-10-17,2026-09-18
800.0,7,0,2026-10-17,2026-09-18
800.0,9649,183,2026-10-17,2026-09-18
805.0,2946,5,2026-10-17,2026-09-18
810.0,3125,15,2026-10-17,2026-09-18
815.0,4785,0,2026-10-17,2026-09-18
820.0,2973,1,2026-10-17,2026-09-18
825.0,4765,0,2026-10-17,2026-09-18
830.0,6697,0,2026-10-17,2026-09-18
835.0,60,57,2026-10-17,2026-09-18
840.0,865,0,2026-10-17,2026-09-18
845.0,171,0,2026-10-17,2026-09-18
850.0,2338,0,2026-10-17,2026-09-18
855.0,119,1,2026-10-17,2026-09-18
860.0,954,1,2026-10-17,2026-09-18
865.0,46,0,2026-10-17,2026-09-18
870.0,999,0,2026-10-17,2026-09-18
875.0,190,0,2026-10-17,2026-09-18
880.0,306,0,2026-10-17,2026-09-18
885.0,509,0,2026-10-17,2026-09-18
890.0,203,0,2026-10-17,2026-09-18
895.0,24,0,2026-10-17,2026-09-18
900.0,3568,0,2026-10-17,2026-09-18
905.0,25,0,2026-10-17,2026-09-18
910.0,219,0,2026-10-17,2026-09-18
915.0,53,0,2026-10-17,2026-09-18
920.0,100,0,2026-10-17,2026-09-18
925.0,18,0,2026-10-17,2026-09-18
930.0,327,0,2026-10-17,2026-09-18
935.0,6,0,2026-10-17,2026-09-18
940.0,162,0,2026-10-17,2026-09-18
945.0,4,0,2026-10-17,2026-09-18
950.0,704,0,2026-10-17,2026-09-18
955.0,20,0,2026-10-17,2026-09-18
960.0,81,0,2026-10-17,2026-09-18
965.0,194,0,2026-10-17,2026-09-18
970.0,218,0,2026-10-17,2026-09-18
975.0,52,0,2026-10-17,2026-09-18
980.0,179,0,2026-10-17,2026-09-18
990.0,132,0,2026-10-17,2026-09-18
1000.0,864,1,2026-10-17,2026-09-18
1010.0,67,0,2026-10-17,2026-09-18
1020.0,38,0,2026-10-17,2026-09-18
1030.0,68,0,2026-10-17,2026-09-18
1040.0,317,0,2026-10-17,2026-09-18
1050.0,345,0,2026-10-17,2026-09-18
1060.0,803,0,2026-10-17,2026-09-18
1070.0,611,0,2026-10-17,2026-09-18
1080.0,448,0,2026-10-17,2026-09-18
1090.0,114,0,2026-10-17,2026-09-18
1100.0,620,0,2026-10-17,2026-09-18
1110.0,321,0,2026-10-17,2026-09-18
1120.0,574,0,2026-10-17,2026-09-18
1130.0,544,0,2026-10-17,2026-09-18
1140.0,335,0,2026-10-17,2026-09-18
1150.0,201,0,2026-10-17,2026-09-18
1160.0,3190,0,2026-10-17,2026-09-18
1170.0,2343,0,2026-10-17,2026-09-18
1180.0,1845,0,2026-10-17,2026-09-18
1190.0,221,0,2026-10-17,2026-09-18
1200.0,3014,0,2026-10-17,2026-09-18
1210.0,1979,0,2026-10-17,2026-09-18
1220.0,3153,0,2026-10-17,2026-09-18
1230.0,1194,0,2026-10-17,2026-09-18
1240.0,2052,0,2026-10-17,2026-09-18
1250.0,525,0,2026-10-17,2026-09-18
100.0,0,4,2026-10-24,2026-09-18
110.0,0,0,2026-10-24,2026-09-18
120.0,0,0,2026-10-24,2026-09-18
130.0,0,0,2026-10-24,2026-09-18
140.0,0,0,2026-10-24,2026-09-18
150.0,0,0,2026-10-24,2026-09-18
160.0,0,0,2026-10-24,2026-09-18
170.0,0,0,2026-10-24,2026-09-18
180.0,0,0,2026-10-24,2026-09-18
190.0,0,0,2026-10-24,2026-09-18
200.0,0,0,2026-10-24,2026-09-18
210.0,0,0,2026-10-24,2026-09-18
220.0,0,0,2026-10-24,2026-09-18
230.0,0,0,2026-10-24,2026-09-18
240.0,0,0,2026-10-24,2026-09-18
250.0,0,0,2026-10-24,2026-09-18
260.0,0,0,2026-10-24,2026-09-18
270.0,0,0,2026-10-24,2026-09-18
280.0,0,0,2026-10-24,2026-09-18
290.0,0,0,2026-10-24,2026-09-18
300.0,0,0,2026-10-24,2026-09-18
310.0,0,0,2026-10-24,2026-09-18
320.0,0,0,2026-10-24,2026-09-18
330.0,0,1,2026-10-24,2026-09-18
340.0,0,0,2026-10-24,2026-09-18
350.0,0,0,2026-10-24,2026-09-18
360.0,0,2,2026-10-24,2026-09-18
370.0,0,2,2026-10-24,2026-09-18
380.0,0,0,2026-10-24,2026-09-18
390.0,0,0,2026-10-24,2026-09-18
400.0,2,1,2026-10-24,2026-09-18
405.0,0,2,2026-10-24,2026-09-18
410.0,0,4,2026-10-24,2026-09-18
415.0,0,4,2026-10-24,2026-09-18
420.0,0,2,2026-10-24,2026-09-18
425.0,1,1,2026-10-24,2026-09-18
430.0,0,4,2026-10-24,2026-09-18
435.0,0,17,2026-10-24,2026-09-18
440.0,0,14,2026-10-24,2026-09-18
445.0,0,11,2026-10-24,2026-09-18
450.0,0,14,2026-10-24,2026-09-18
455.0,0,6,2026-10-24,2026-09-18
460.0,0,27,2026-10-24,2026-09-18
465.0,0,0,2026-10-24,2026-09-18
470.0,0,11,2026-10-24,2026-09-18
475.0,1,3,2026-10-24,2026-09-18
480.0,1,24,2026-10-24,2026-09-18
485.0,0,3,2026-10-24,2026-09-18
490.0,0,11,2026-10-24,2026-09-18
495.0,0,14,2026-10-24,2026-09-18
500.0,1,206,2026-10-24,2026-09-18
505.0,0,14,2026-10-24,2026-09-18
510.0,0,23,2026-10-24,2026-09-18
515.0,0,12,2026-10-24,2026-09-18
520.0,0,60,2026-10-24,2026-09-18
525.0,2,52,2026-10-24,2026-09-18
530.0,0,153,2026-10-24,2026-09-18
535.0,2,83,2026-10-24,2026-09-18
540.0,1,317,2026-10-24,2026-09-18
545.0,3,203,2026-10-24,2026-09-18
550.0,12,294,2026-10-24,2026-09-18
555.0,6,138,2026-10-24,2026-09-18
560.0,5,255,2026-10-24,2026-09-18
565.0,36,114,2026-10-24,2026-09-18
570.0,9,86,2026-10-24,2026-09-18
575.0,13,129,2026-10-24,2026-09-18
580.0,5,124,2026-10-24,2026-09-18
585.0,12,70,2026-10-24,2026-09-18
590.0,10,129,2026-10-24,2026-09-18
595.0,5,322,2026-10-24,2026-09-18
600.0,0,133,2026-10-24,2026-09-18
600.0,74,288,2026-10-24,2026-09-18
605.0,8,118,2026-10-24,2026-09-18
610.0,30,90,2026-10-24,2026-09-18
615.0,23,151,2026-10-24,2026-09-18
620.0,78,196,2026-10-24,2026-09-18
625.0,75,68,2026-10-24,2026-09-18
630.0,473,171,2026-10-24,2026-09-18
635.0,97,55,2026-10-24,2026-09-18
640.0,381,126,2026-10-24,2026-09-18
645.0,160,83,2026-10-24,2026-09-18
650.0,261,104,2026-10-24,2026-09-18
655.0,143,55,2026-10-24,2026-09-18
660.0,451,159,2026-10-24,2026-09-18
665.0,108,136,2026-10-24,2026-09-18
670.0,300,300,2026-10-24,2026-09-18
670.0,238,143,2026-10-24,2026-09-18
675.0,205,130,2026-10-24,2026-09-18
680.0,575,144,2026-10-24,2026-09-18
685.0,92,52,2026-10-24,2026-09-18
690.0,208,16,2026-10-24,2026-09-18
695.0,98,29,2026-10-24,2026-09-18
700.0,631,21,2026-10-24,2026-09-18
705.0,125,39,2026-10-24,2026-09-18
710.0,310,5,2026-10-24,2026-09-18
715.0,72,4,2026-10-24,2026-09-18
720.0,249,7,2026-10-24,2026-09-18
725.0,310,4,2026-10-24,2026-09-18
730.0,131,1,2026-10-24,2026-09-18
735.0,85,0,2026-10-24,2026-09-18
740.0,133,0,2026-10-24,2026-09-18
740.0,176,0,2026-10-24,2026-09-18
745.0,95,1,2026-10-24,2026-09-18
750.0,467,0,2026-10-24,2026-09-18
755.0,75,0,2026-10-24,2026-09-18
760.0,959,0,2026-10-24,2026-09-18
765.0,81,0,2026-10-24,2026-09-18
770.0,111,0,2026-10-24,2026-09-18
775.0,113,0,2026-10-24,2026-09-18
780.0,184,0,2026-10-24,2026-09-18
785.0,48,0,2026-10-24,2026-09-18
790.0,63,0,2026-10-24,2026-09-18
795.0,35,0,2026-10-24,2026-09-18
800.0,138,1,2026-10-24,2026-09-18
805.0,11,0,2026-10-24,2026-09-18
810.0,14,0,2026-10-24,2026-09-18
815.0,11,0,2026-10-24,2026-09-18
820.0,40,0,2026-10-24,2026-09-18
825.0,2,0,2026-10-24,2026-09-18
830.0,42,0,2026-10-24,2026-09-18
835.0,16,0,2026-10-24,2026-09-18
840.0,15,0,2026-10-24,2026-09-18
845.0,6,0,2026-10-24,2026-09-18
850.0,27,0,2026-10-24,2026-09-18
855.0,13,0,2026-10-24,2026-09-18
860.0,15,0,2026-10-24,2026-09-18
865.0,0,0,2026-10-24,2026-09-18
870.0,53,0,2026-10-24,2026-09-18
875.0,51,0,2026-10-24,2026-09-18
880.0,6,0,2026-10-24,2026-09-18
885.0,0,0,2026-10-24,2026-09-18
890.0,199,0,2026-10-24,2026-09-18
895.0,0,0,2026-10-24,2026-09-18
900.0,10,0,2026-10-24,2026-09-18
905.0,0,0,2026-10-24,2026-09-18
910.0,0,0,2026-10-24,2026-09-18
915.0,3,0,2026-10-24,2026-09-18
920.0,2,0,2026-10-24,2026-09-18
925.0,0,0,2026-10-24,2026-09-18
930.0,0,0,2026-10-24,2026-09-18
935.0,0,0,2026-10-24,2026-09-18
940.0,0,0,2026-10-24,2026-09-18
945.0,4,0,2026-10-24,2026-09-18
950.0,3,0,2026-10-24,2026-09-18
955.0,2,0,2026-10-24,2026-09-18
960.0,3,0,2026-10-24,2026-09-18
965.0,0,0,2026-10-24,2026-09-18
970.0,0,0,2026-10-24,2026-09-18
975.0,3,0,2026-10-24,2026-09-18
980.0,4,0,2026-10-24,2026-09-18
985.0,0,0,2026-10-24,2026-09-18
990.0,0,0,2026-10-24,2026-09-18
995.0,0,0,2026-10-24,2026-09-18
1000.0,40,0,2026-10-24,2026-09-18
1010.0,0,0,2026-10-24,2026-09-18
1020.0,25,0,2026-10-24,2026-09-18
1030.0,9,0,2026-10-24,2026-09-18
1040.0,5,0,2026-10-24,2026-09-18
1050.0,31,0,2026-10-24,2026-09-18
1060.0,1,0,2026-10-24,2026-09-18
1070.0,21,0,2026-10-24,2026-09-18
556.03,1680,1680,2026-10-28,2026-09-18
600.0,4600,4600,2026-10-29,2026-09-18
100.0,0,0,2026-10-31,2026-09-18
110.0,0,0,2026-10-31,2026-09-18
120.0,0,0,2026-10-31,2026-09-18
130.0,0,0,2026-10-31,2026-09-18
140.0,0,0,2026-10-31,2026-09-18
150.0,0,0,2026-10-31,2026-09-18
160.0,0,0,2026-10-31,2026-09-18
170.0,0,0,2026-10-31,2026-09-18
180.0,0,0,2026-10-31,2026-09-18
190.0,0,0,2026-10-31,2026-09-18
200.0,0,0,2026-10-31,2026-09-18
210.0,0,0,2026-10-31,2026-09-18
220.0,0,0,2026-10-31,2026-09-18
230.0,0,0,2026-10-31,2026-09-18
240.0,0,0,2026-10-31,2026-09-18
250.0,0,0,2026-10-31,2026-09-18
260.0,0,0,2026-10-31,2026-09-18
270.0,0,0,2026-10-31,2026-09-18
280.0,0,0,2026-10-31,2026-09-18
290.0,0,0,2026-10-31,2026-09-18
300.0,0,126,2026-10-31,2026-09-18
310.0,0,0,2026-10-31,2026-09-18
320.0,0,0,2026-10-31,2026-09-18
330.0,0,0,2026-10-31,2026-09-18
340.0,0,0,2026-10-31,2026-09-18
350.0,0,0,2026-10-31,2026-09-18
360.0,0,1,2026-10-31,2026-09-18
370.0,0,2,2026-10-31,2026-09-18
380.0,0,8,2026-10-31,2026-09-18
390.0,0,5,2026-10-31,2026-09-18
400.0,0,3,2026-10-31,2026-09-18
410.0,0,1,2026-10-31,2026-09-18
420.0,0,0,2026-10-31,2026-09-18
430.0,0,0,2026-10-31,2026-09-18
440.0,0,11,2026-10-31,2026-09-18
450.0,0,14,2026-10-31,2026-09-18
455.0,0,2,2026-10-31,2026-09-18
460.0,1,2,2026-10-31,2026-09-18
465.0,0,0,2026-10-31,2026-09-18
470.0,0,237,2026-10-31,2026-09-18
475.0,0,3,2026-10-31,2026-09-18
480.0,1,10,2026-10-31,2026-09-18
485.0,0,1,2026-10-31,2026-09-18
490.0,0,2,2026-10-31,2026-09-18
495.0,0,7,2026-10-31,2026-09-18
500.0,22,139,2026-10-31,2026-09-18
505.0,0,2,2026-10-31,2026-09-18
510.0,12,4,2026-10-31,2026-09-18
515.0,0,42,2026-10-31,2026-09-18
520.0,2000,2000,2026-10-31,2026-09-18
520.0,11,70,2026-10-31,2026-09-18
525.0,0,271,2026-10-31,2026-09-18
530.0,1,18,2026-10-31,2026-09-18
535.0,0,365,2026-10-31,2026-09-18
540.0,0,87,2026-10-31,2026-09-18
545.0,1,45,2026-10-31,2026-09-18
550.0,1,125,2026-10-31,2026-09-18
555.0,1,35,2026-10-31,2026-09-18
560.0,5,117,2026-10-31,2026-09-18
565.0,1,60,2026-10-31,2026-09-18
570.0,3,88,2026-10-31,2026-09-18
575.0,1,58,2026-10-31,2026-09-18
580.0,3,110,2026-10-31,2026-09-18
585.0,4,58,2026-10-31,2026-09-18
590.0,8,220,2026-10-31,2026-09-18
595.0,6,44,2026-10-31,2026-09-18
600.0,14,299,2026-10-31,2026-09-18
605.0,6,75,2026-10-31,2026-09-18
610.0,12,80,2026-10-31,2026-09-18
615.0,6,34,2026-10-31,2026-09-18
620.0,23,135,2026-10-31,2026-09-18
625.0,14,59,2026-10-31,2026-09-18
630.0,40,102,2026-10-31,2026-09-18
635.0,10,19,2026-10-31,2026-09-18
640.0,47,39,2026-10-31,2026-09-18
645.0,18,20,2026-10-31,2026-09-18
650.0,100,165,2026-10-31,2026-09-18
655.0,48,65,2026-10-31,2026-09-18
660.0,81,185,2026-10-31,2026-09-18
665.0,61,79,2026-10-31,2026-09-18
670.0,111,67,2026-10-31,2026-09-18
675.0,116,50,2026-10-31,2026-09-18
680.0,281,118,2026-10-31,2026-09-18
685.0,162,6,2026-10-31,2026-09-18
690.0,193,64,2026-10-31,2026-09-18
695.0,46,8,2026-10-31,2026-09-18
700.0,272,73,2026-10-31,2026-09-18
705.0,28,0,2026-10-31,2026-09-18
710.0,90,17,2026-10-31,2026-09-18
715.0,34,3,2026-10-31,2026-09-18
720.0,237,0,2026-10-31,2026-09-18
725.0,52,1,2026-10-31,2026-09-18
730.0,86,24,2026-10-31,2026-09-18
735.0,51,1,2026-10-31,2026-09-18
740.0,62,8,2026-10-31,2026-09-18
745.0,12,0,2026-10-31,2026-09-18
750.0,94,16,2026-10-31,2026-09-18
755.0,26,1,2026-10-31,2026-09-18
760.0,62,0,2026-10-31,2026-09-18
765.0,30,0,2026-10-31,2026-09-18
770.0,117,0,2026-10-31,2026-09-18
775.0,21,0,2026-10-31,2026-09-18
780.0,83,0,2026-10-31,2026-09-18
785.0,25,0,2026-10-31,2026-09-18
790.0,65,0,2026-10-31,2026-09-18
795.0,30,0,2026-10-31,2026-09-18
800.0,314,0,2026-10-31,2026-09-18
805.0,19,0,2026-10-31,2026-09-18
810.0,44,0,2026-10-31,2026-09-18
815.0,139,0,2026-10-31,2026-09-18
820.0,5,0,2026-10-31,2026-09-18
825.0,2,0,2026-10-31,2026-09-18
830.0,6,0,2026-10-31,2026-09-18
835.0,1,0,2026-10-31,2026-09-18
840.0,11,0,2026-10-31,2026-09-18
845.0,11,0,2026-10-31,2026-09-18
850.0,2,0,2026-10-31,2026-09-18
860.0,1,0,2026-10-31,2026-09-18
870.0,18,0,2026-10-31,2026-09-18
880.0,1,0,2026-10-31,2026-09-18
890.0,16,0,2026-10-31,2026-09-18
900.0,106,0,2026-10-31,2026-09-18
910.0,2,0,2026-10-31,2026-09-18
920.0,1,0,2026-10-31,2026-09-18
930.0,2,0,2026-10-31,2026-09-18
940.0,4,0,2026-10-31,2026-09-18
950.0,2,0,2026-10-31,2026-09-18
960.0,4,0,2026-10-31,2026-09-18
970.0,1,0,2026-10-31,2026-09-18
980.0,1,0,2026-10-31,2026-09-18
990.0,3,0,2026-10-31,2026-09-18
1000.0,40,0,2026-10-31,2026-09-18
1010.0,2,0,2026-10-31,2026-09-18
1020.0,2,0,2026-10-31,2026-09-18
1030.0,0,0,2026-10-31,2026-09-18
1040.0,6,0,2026-10-31,2026-09-18
1050.0,0,0,2026-10-31,2026-09-18
1060.0,0,0,2026-10-31,2026-09-18
1070.0,3,0,2026-10-31,2026-09-18
715.0,124,0,2026-11-06,2026-09-18
730.0,62,0,2026-11-06,2026-09-18
760.0,166,0,2026-11-06,2026-09-18
813.0,25,0,2026-11-06,2026-09-18
670.0,350,350,2026-11-07,2026-09-18
745.0,554,0,2026-11-07,2026-09-18
750.0,11,0,2026-11-07,2026-09-18
805.0,96,0,2026-11-12,2026-09-18
610.0,0,0,2026-11-14,2026-09-18
5.0,1364,3803,2026-11-21,2026-09-18
10.0,13,201,2026-11-21,2026-09-18
15.0,2,0,2026-11-21,2026-09-18
20.0,13,20,2026-11-21,2026-09-18
25.0,13,0,2026-11-21,2026-09-18
30.0,15,2,2026-11-21,2026-09-18
35.0,7,0,2026-11-21,2026-09-18
40.0,2,31,2026-11-21,2026-09-18
45.0,15,0,2026-11-21,2026-09-18
50.0,10,42,2026-11-21,2026-09-18
250.0,85,2448,2026-11-21,2026-09-18
260.0,4,188,2026-11-21,2026-09-18
270.0,1,115,2026-11-21,2026-09-18
280.0,0,49,2026-11-21,2026-09-18
290.0,2,167,2026-11-21,2026-09-18
300.0,17,500,2026-11-21,2026-09-18
310.0,3,113,2026-11-21,2026-09-18
320.0,4,42,2026-11-21,2026-09-18
330.0,18,66,2026-11-21,2026-09-18
340.0,8,197,2026-11-21,2026-09-18
350.0,17,416,2026-11-21,2026-09-18
360.0,15,277,2026-11-21,2026-09-18
370.0,3,224,2026-11-21,2026-09-18
380.0,16,154,2026-11-21,2026-09-18
390.0,38,255,2026-11-21,2026-09-18
400.0,49,842,2026-11-21,2026-09-18
405.0,40,184,2026-11-21,2026-09-18
410.0,10,155,2026-11-21,2026-09-18
415.0,16,168,2026-11-21,2026-09-18
420.0,6,1000,2026-11-21,2026-09-18
425.0,41,633,2026-11-21,2026-09-18
430.0,8,238,2026-11-21,2026-09-18
435.0,6,760,2026-11-21,2026-09-18
440.0,35,697,2026-11-21,2026-09-18
445.0,30,368,2026-11-21,2026-09-18
450.0,206,1733,2026-11-21,2026-09-18
455.0,31,376,2026-11-21,2026-09-18
460.0,107,614,2026-11-21,2026-09-18
465.0,49,435,2026-11-21,2026-09-18
470.0,55,1464,2026-11-21,2026-09-18
475.0,38,690,2026-11-21,2026-09-18
480.0,66,2701,2026-11-21,2026-09-18
485.0,36,460,2026-11-21,2026-09-18
490.0,16,874,2026-11-21,2026-09-18
495.0,53,769,2026-11-21,2026-09-18
500.0,318,3642,2026-11-21,2026-09-18
505.0,74,721,2026-11-21,2026-09-18
510.0,680,1326,2026-11-21,2026-09-18
515.0,84,1345,2026-11-21,2026-09-18
520.0,6375,6375,2026-11-21,2026-09-18
520.0,277,1124,2026-11-21,2026-09-18
525.0,44,837,2026-11-21,2026-09-18
530.0,986,2396,2026-11-21,2026-09-18
535.0,212,1345,2026-11-21,2026-09-18
540.0,818,2257,2026-11-21,2026-09-18
545.0,250,866,2026-11-21,2026-09-18
550.0,1438,2952,2026-11-21,2026-09-18
555.0,966,1390,2026-11-21,2026-09-18
560.0,1460,1932,2026-11-21,2026-09-18
565.0,745,653,2026-11-21,2026-09-18
570.0,1092,1545,2026-11-21,2026-09-18
575.0,819,943,2026-11-21,2026-09-18
580.0,866,1844,2026-11-21,2026-09-18
585.0,6553,7365,2026-11-21,2026-09-18
590.0,3309,2910,2026-11-21,2026-09-18
595.0,817,774,2026-11-21,2026-09-18
600.0,450,468,2026-11-21,2026-09-18
600.0,5242,3774,2026-11-21,2026-09-18
605.0,1232,461,2026-11-21,2026-09-18
610.0,1536,884,2026-11-21,2026-09-18
615.0,1047,353,2026-11-21,2026-09-18
620.0,802,1087,2026-11-21,2026-09-18
625.0,1090,911,2026-11-21,2026-09-18
630.0,1219,1375,2026-11-21,2026-09-18
635.0,2415,326,2026-11-21,2026-09-18
640.0,6,0,2026-11-21,2026-09-18
640.0,1456,1325,2026-11-21,2026-09-18
645.0,650,650,2026-11-21,2026-09-18
645.0,498,677,2026-11-21,2026-09-18
650.0,5156,2546,2026-11-21,2026-09-18
655.0,456,286,2026-11-21,2026-09-18
660.0,1950,1950,2026-11-21,2026-09-18
660.0,3005,628,2026-11-21,2026-09-18
665.0,453,166,2026-11-21,2026-09-18
670.0,2084,218,2026-11-21,2026-09-18
675.0,950,190,2026-11-21,2026-09-18
680.0,1120,541,2026-11-21,2026-09-18
685.0,921,206,2026-11-21,2026-09-18
690.0,907,191,2026-11-21,2026-09-18
695.0,657,148,2026-11-21,2026-09-18
700.0,14,0,2026-11-21,2026-09-18
700.0,18054,328,2026-11-21,2026-09-18
705.0,691,49,2026-11-21,2026-09-18
710.0,1560,22,2026-11-21,2026-09-18
715.0,750,42,2026-11-21,2026-09-18
720.0,1846,59,2026-11-21,2026-09-18
725.0,1383,47,2026-11-21,2026-09-18
730.0,632,53,2026-11-21,2026-09-18
735.0,611,107,2026-11-21,2026-09-18
740.0,7,0,2026-11-21,2026-09-18
740.0,1771,85,2026-11-21,2026-09-18
745.0,391,52,2026-11-21,2026-09-18
750.0,7377,37,2026-11-21,2026-09-18
755.0,4110,31,2026-11-21,2026-09-18
760.0,4456,31,2026-11-21,2026-09-18
765.0,4010,21,2026-11-21,2026-09-18
770.0,5123,24,2026-11-21,2026-09-18
775.0,4445,16,2026-11-21,2026-09-18
780.0,6524,64,2026-11-21,2026-09-18
785.0,236,25,2026-11-21,2026-09-18
790.0,926,91,2026-11-21,2026-09-18
795.0,763,1,2026-11-21,2026-09-18
800.0,2,0,2026-11-21,2026-09-18
800.0,21340,112,2026-11-21,2026-09-18
805.0,4077,4,2026-11-21,2026-09-18
810.0,6536,0,2026-11-21,2026-09-18
815.0,4057,10,2026-11-21,2026-09-18
820.0,4630,0,2026-11-21,2026-09-18
825.0,4762,0,2026-11-21,2026-09-18
830.0,5036,0,2026-11-21,2026-09-18
835.0,176,1,2026-11-21,2026-09-18
840.0,823,0,2026-11-21,2026-09-18
845.0,154,0,2026-11-21,2026-09-18
850.0,18,0,2026-11-21,2026-09-18
850.0,1881,6,2026-11-21,2026-09-18
855.0,227,0,2026-11-21,2026-09-18
860.0,800,1,2026-11-21,2026-09-18
865.0,183,0,2026-11-21,2026-09-18
870.0,794,0,2026-11-21,2026-09-18
875.0,1001,0,2026-11-21,2026-09-18
880.0,265,0,2026-11-21,2026-09-18
885.0,105,0,2026-11-21,2026-09-18
890.0,108,0,2026-11-21,2026-09-18
895.0,46,0,2026-11-21,2026-09-18
900.0,2728,65,2026-11-21,2026-09-18
905.0,76,0,2026-11-21,2026-09-18
910.0,199,0,2026-11-21,2026-09-18
915.0,36,0,2026-11-21,2026-09-18
920.0,146,0,2026-11-21,2026-09-18
925.0,117,0,2026-11-21,2026-09-18
930.0,120,0,2026-11-21,2026-09-18
935.0,103,0,2026-11-21,2026-09-18
940.0,141,0,2026-11-21,2026-09-18
945.0,60,0,2026-11-21,2026-09-18
950.0,2112,0,2026-11-21,2026-09-18
955.0,58,0,2026-11-21,2026-09-18
960.0,187,0,2026-11-21,2026-09-18
965.0,130,0,2026-11-21,2026-09-18
970.0,61,0,2026-11-21,2026-09-18
975.0,46,0,2026-11-21,2026-09-18
980.0,108,0,2026-11-21,2026-09-18
985.0,59,0,2026-11-21,2026-09-18
990.0,209,0,2026-11-21,2026-09-18
1000.0,1405,0,2026-11-21,2026-09-18
1010.0,141,0,2026-11-21,2026-09-18
1020.0,137,0,2026-11-21,2026-09-18
1030.0,152,0,2026-11-21,2026-09-18
1040.0,69,0,2026-11-21,2026-09-18
1050.0,243,0,2026-11-21,2026-09-18
1060.0,239,0,2026-11-21,2026-09-18
1070.0,76,0,2026-11-21,2026-09-18
1080.0,234,0,2026-11-21,2026-09-18
1090.0,33,0,2026-11-21,2026-09-18
1100.0,1521,0,2026-11-21,2026-09-18
1110.0,119,0,2026-11-21,2026-09-18
1120.0,89,0,2026-11-21,2026-09-18
1130.0,51,0,2026-11-21,2026-09-18
1140.0,101,0,2026-11-21,2026-09-18
1150.0,258,0,2026-11-21,2026-09-18
1160.0,120,0,2026-11-21,2026-09-18
1170.0,50,0,2026-11-21,2026-09-18
1180.0,34,0,2026-11-21,2026-09-18
1190.0,56,0,2026-11-21,2026-09-18
1200.0,1216,0,2026-11-21,2026-09-18
1210.0,111,0,2026-11-21,2026-09-18
1220.0,35,0,2026-11-21,2026-09-18
1230.0,31,0,2026-11-21,2026-09-18
1240.0,53,0,2026-11-21,2026-09-18
1250.0,338,0,2026-11-21,2026-09-18
1260.0,87,0,2026-11-21,2026-09-18
1270.0,68,0,2026-11-21,2026-09-18
1280.0,36,0,2026-11-21,2026-09-18
1290.0,67,0,2026-11-21,2026-09-18
1300.0,176,0,2026-11-21,2026-09-18
1310.0,5,0,2026-11-21,2026-09-18
1320.0,17,0,2026-11-21,2026-09-18
1330.0,24,0,2026-11-21,2026-09-18
1340.0,16,0,2026-11-21,2026-09-18
1350.0,38,0,2026-11-21,2026-09-18
1360.0,33,0,2026-11-21,2026-09-18
1370.0,89,0,2026-11-21,2026-09-18
1380.0,11,0,2026-11-21,2026-09-18
1390.0,17,0,2026-11-21,2026-09-18
1400.0,67,0,2026-11-21,2026-09-18
1410.0,38,0,2026-11-21,2026-09-18
1420.0,71,0,2026-11-21,2026-09-18
1430.0,24,0,2026-11-21,2026-09-18
1440.0,76,0,2026-11-21,2026-09-18
1450.0,108,0,2026-11-21,2026-09-18
1460.0,80,0,2026-11-21,2026-09-18
1470.0,287,0,2026-11-21,2026-09-18
1480.0,4869,0,2026-11-21,2026-09-18
696.74,1100,1100,2026-12-01,2026-09-18
696.74,1100,1100,2026-12-02,2026-09-18
696.74,1100,1100,2026-12-03,2026-09-18
670.0,1000,1000,2026-12-05,2026-09-18
770.0,4,0,2026-12-05,2026-09-18
5.0,3555,474,2026-12-19,2026-09-18
10.0,54,131,2026-12-19,2026-09-18
15.0,1,25,2026-12-19,2026-09-18
20.0,6,325,2026-12-19,2026-09-18
25.0,1,10,2026-12-19,2026-09-18
30.0,1,63,2026-12-19,2026-09-18
35.0,0,14,2026-12-19,2026-09-18
40.0,0,17,2026-12-19,2026-09-18
45.0,1,2,2026-12-19,2026-09-18
50.0,6,427,2026-12-19,2026-09-18
55.0,1,41,2026-12-19,2026-09-18
60.0,0,22,2026-12-19,2026-09-18
65.0,0,34,2026-12-19,2026-09-18
70.0,1,28,2026-12-19,2026-09-18
75.0,2,16,2026-12-19,2026-09-18
80.0,2,45,2026-12-19,2026-09-18
85.0,0,246,2026-12-19,2026-09-18
90.0,0,325,2026-12-19,2026-09-18
95.0,2,203,2026-12-19,2026-09-18
100.0,111,446,2026-12-19,2026-09-18
110.0,26,139,2026-12-19,2026-09-18
120.0,30,204,2026-12-19,2026-09-18
130.0,18,321,2026-12-19,2026-09-18
140.0,114,263,2026-12-19,2026-09-18
150.0,126,357,2026-12-19,2026-09-18
160.0,62,403,2026-12-19,2026-09-18
170.0,83,590,2026-12-19,2026-09-18
180.0,187,191,2026-12-19,2026-09-18
190.0,225,221,2026-12-19,2026-09-18
200.0,337,1025,2026-12-19,2026-09-18
210.0,263,461,2026-12-19,2026-09-18
220.0,288,255,2026-12-19,2026-09-18
230.0,159,135,2026-12-19,2026-09-18
240.0,43,292,2026-12-19,2026-09-18
250.0,298,690,2026-12-19,2026-09-18
260.0,827,645,2026-12-19,2026-09-18
270.0,48,311,2026-12-19,2026-09-18
280.0,79,378,2026-12-19,2026-09-18
290.0,72,362,2026-12-19,2026-09-18
300.0,203,1573,2026-12-19,2026-09-18
310.0,94,367,2026-12-19,2026-09-18
320.0,140,565,2026-12-19,2026-09-18
330.0,64,180,2026-12-19,2026-09-18
340.0,126,293,2026-12-19,2026-09-18
350.0,251,1784,2026-12-19,2026-09-18
360.0,139,2577,2026-12-19,2026-09-18
370.0,152,335,2026-12-19,2026-09-18
380.0,57,880,2026-12-19,2026-09-18
390.0,493,522,2026-12-19,2026-09-18
400.0,1587,2131,2026-12-19,2026-09-18
410.0,2618,737,2026-12-19,2026-09-18
420.0,893,1866,2026-12-19,2026-09-18
430.0,103,641,2026-12-19,2026-09-18
440.0,175,857,2026-12-19,2026-09-18
450.0,906,4965,2026-12-19,2026-09-18
460.0,173,1861,2026-12-19,2026-09-18
470.0,2156,1435,2026-12-19,2026-09-18
480.0,217,2155,2026-12-19,2026-09-18
490.0,0,50,2026-12-19,2026-09-18
490.0,833,2031,2026-12-19,2026-09-18
500.0,1852,7276,2026-12-19,2026-09-18
510.0,174,3310,2026-12-19,2026-09-18
520.0,1010,1849,2026-12-19,2026-09-18
530.0,958,3124,2026-12-19,2026-09-18
540.0,597,1771,2026-12-19,2026-09-18
550.0,1336,4547,2026-12-19,2026-09-18
560.0,904,1926,2026-12-19,2026-09-18
565.0,756,597,2026-12-19,2026-09-18
570.0,1137,2796,2026-12-19,2026-09-18
575.0,762,931,2026-12-19,2026-09-18
580.0,1198,1859,2026-12-19,2026-09-18
585.0,397,570,2026-12-19,2026-09-18
590.0,682,2019,2026-12-19,2026-09-18
595.0,400,921,2026-12-19,2026-09-18
600.0,3913,4158,2026-12-19,2026-09-18
605.0,513,283,2026-12-19,2026-09-18
610.0,1071,1201,2026-12-19,2026-09-18
615.0,428,619,2026-12-19,2026-09-18
620.0,0,50,2026-12-19,2026-09-18
620.0,1501,1524,2026-12-19,2026-09-18
625.0,412,182,2026-12-19,2026-09-18
630.0,1334,1557,2026-12-19,2026-09-18
635.0,189,314,2026-12-19,2026-09-18
640.0,1763,1195,2026-12-19,2026-09-18
645.0,588,223,2026-12-19,2026-09-18
650.0,5548,1603,2026-12-19,2026-09-18
655.0,610,193,2026-12-19,2026-09-18
660.0,2439,1892,2026-12-19,2026-09-18
665.0,683,178,2026-12-19,2026-09-18
670.0,1697,623,2026-12-19,2026-09-18
675.0,404,120,2026-12-19,2026-09-18
680.0,2141,1764,2026-12-19,2026-09-18
685.0,285,46,2026-12-19,2026-09-18
690.0,798,211,2026-12-19,2026-09-18
695.0,313,68,2026-12-19,2026-09-18
700.0,8321,883,2026-12-19,2026-09-18
705.0,518,364,2026-12-19,2026-09-18
710.0,614,274,2026-12-19,2026-09-18
715.0,310,213,2026-12-19,2026-09-18
720.0,3662,299,2026-12-19,2026-09-18
725.0,854,118,2026-12-19,2026-09-18
730.0,10,0,2026-12-19,2026-09-18
730.0,2024,101,2026-12-19,2026-09-18
735.0,473,181,2026-12-19,2026-09-18
740.0,929,131,2026-12-19,2026-09-18
745.0,462,67,2026-12-19,2026-09-18
750.0,5099,871,2026-12-19,2026-09-18
755.0,2118,80,2026-12-19,2026-09-18
760.0,2793,350,2026-12-19,2026-09-18
765.0,2116,36,2026-12-19,2026-09-18
770.0,2460,50,2026-12-19,2026-09-18
775.0,2922,35,2026-12-19,2026-09-18
780.0,3576,47,2026-12-19,2026-09-18
785.0,637,22,2026-12-19,2026-09-18
790.0,2148,139,2026-12-19,2026-09-18
795.0,553,40,2026-12-19,2026-09-18
800.0,11600,208,2026-12-19,2026-09-18
805.0,50,0,2026-12-19,2026-09-18
805.0,1968,72,2026-12-19,2026-09-18
810.0,1918,26,2026-12-19,2026-09-18
815.0,2157,7,2026-12-19,2026-09-18
820.0,2348,87,2026-12-19,2026-09-18
825.0,2379,8,2026-12-19,2026-09-18
830.0,3022,13,2026-12-19,2026-09-18
835.0,210,20,2026-12-19,2026-09-18
840.0,1049,27,2026-12-19,2026-09-18
845.0,1920,4,2026-12-19,2026-09-18
850.0,2484,0,2026-12-19,2026-09-18
860.0,1113,1,2026-12-19,2026-09-18
870.0,962,1,2026-12-19,2026-09-18
880.0,324,1,2026-12-19,2026-09-18
890.0,169,0,2026-12-19,2026-09-18
900.0,3017,101,2026-12-19,2026-09-18
910.0,577,0,2026-12-19,2026-09-18
920.0,499,0,2026-12-19,2026-09-18
930.0,245,1,2026-12-19,2026-09-18
940.0,385,5,2026-12-19,2026-09-18
950.0,1459,0,2026-12-19,2026-09-18
960.0,230,0,2026-12-19,2026-09-18
970.0,2138,0,2026-12-19,2026-09-18
980.0,185,0,2026-12-19,2026-09-18
990.0,1419,0,2026-12-19,2026-09-18
1000.0,3847,1,2026-12-19,2026-09-18
1020.0,581,0,2026-12-19,2026-09-18
1030.0,2415,0,2026-12-19,2026-09-18
1040.0,130,0,2026-12-19,2026-09-18
1050.0,228,0,2026-12-19,2026-09-18
1060.0,210,0,2026-12-19,2026-09-18
1070.0,200,0,2026-12-19,2026-09-18
1080.0,166,0,2026-12-19,2026-09-18
1090.0,72,0,2026-12-19,2026-09-18
1100.0,1256,0,2026-12-19,2026-09-18
1110.0,162,0,2026-12-19,2026-09-18
1120.0,415,0,2026-12-19,2026-09-18
1130.0,100,0,2026-12-19,2026-09-18
1140.0,175,0,2026-12-19,2026-09-18
1150.0,1691,0,2026-12-19,2026-09-18
1160.0,42,0,2026-12-19,2026-09-18
1170.0,55,0,2026-12-19,2026-09-18
1180.0,224,0,2026-12-19,2026-09-18
1190.0,82,0,2026-12-19,2026-09-18
1200.0,476,0,2026-12-19,2026-09-18
1210.0,46,0,2026-12-19,2026-09-18
1220.0,101,0,2026-12-19,2026-09-18
1230.0,376,0,2026-12-19,2026-09-18
1240.0,1843,0,2026-12-19,2026-09-18
1250.0,1835,0,2026-12-19,2026-09-18
1260.0,124,0,2026-12-19,2026-09-18
1270.0,204,0,2026-12-19,2026-09-18
1280.0,305,0,2026-12-19,2026-09-18
1290.0,8564,0,2026-12-19,2026-09-18
1300.0,9159,0,2026-12-19,2026-09-18
1310.0,112,0,2026-12-19,2026-09-18
1320.0,85,0,2026-12-19,2026-09-18
1330.0,84,0,2026-12-19,2026-09-18
1340.0,296,0,2026-12-19,2026-09-18
1350.0,135,0,2026-12-19,2026-09-18
1360.0,95,0,2026-12-19,2026-09-18
1370.0,147,0,2026-12-19,2026-09-18
1380.0,64,0,2026-12-19,2026-09-18
1390.0,112,0,2026-12-19,2026-09-18
1400.0,2515,0,2026-12-19,2026-09-18
1410.0,521,0,2026-12-19,2026-09-18
1420.0,816,0,2026-12-19,2026-09-18
1430.0,966,0,2026-12-19,2026-09-18
1440.0,44,0,2026-12-19,2026-09-18
1450.0,62,0,2026-12-19,2026-09-18
1460.0,270,0,2026-12-19,2026-09-18
1470.0,137,0,2026-12-19,2026-09-18
1480.0,2047,0,2026-12-19,2026-09-18
5.0,769,3204,2027-01-16,2026-09-18
10.0,270,1,2027-01-16,2026-09-18
15.0,2,4,2027-01-16,2026-09-18
20.0,8,2,2027-01-16,2026-09-18
25.0,0,2,2027-01-16,2026-09-18
30.0,0,4,2027-01-16,2026-09-18
35.0,0,2,2027-01-16,2026-09-18
40.0,0,204,2027-01-16,2026-09-18
45.0,1,7,2027-01-16,2026-09-18
50.0,104,440,2027-01-16,2026-09-18
100.0,126,3066,2027-01-16,2026-09-18
110.0,283,356,2027-01-16,2026-09-18
120.0,11,98,2027-01-16,2026-09-18
130.0,16,81,2027-01-16,2026-09-18
140.0,13,195,2027-01-16,2026-09-18
150.0,16,253,2027-01-16,2026-09-18
160.0,38,169,2027-01-16,2026-09-18
170.0,36,468,2027-01-16,2026-09-18
180.0,204,250,2027-01-16,2026-09-18
190.0,27,176,2027-01-16,2026-09-18
200.0,160,483,2027-01-16,2026-09-18
210.0,56,387,2027-01-16,2026-09-18
220.0,174,1124,2027-01-16,2026-09-18
230.0,55,601,2027-01-16,2026-09-18
240.0,73,375,2027-01-16,2026-09-18
242.5,0,75,2027-01-16,2026-09-18
250.0,86,1048,2027-01-16,2026-09-18
260.0,60,212,2027-01-16,2026-09-18
270.0,281,1034,2027-01-16,2026-09-18
280.0,55,353,2027-01-16,2026-09-18
290.0,168,346,2027-01-16,2026-09-18
300.0,379,1329,2027-01-16,2026-09-18
310.0,27,407,2027-01-16,2026-09-18
320.0,77,797,2027-01-16,2026-09-18
330.0,63,512,2027-01-16,2026-09-18
340.0,40,458,2027-01-16,2026-09-18
350.0,162,1353,2027-01-16,2026-09-18
360.0,91,513,2027-01-16,2026-09-18
370.0,46,1427,2027-01-16,2026-09-18
380.0,54,851,2027-01-16,2026-09-18
390.0,124,1256,2027-01-16,2026-09-18
400.0,517,4093,2027-01-16,2026-09-18
410.0,119,1371,2027-01-16,2026-09-18
420.0,201,2140,2027-01-16,2026-09-18
430.0,127,2920,2027-01-16,2026-09-18
440.0,155,2770,2027-01-16,2026-09-18
450.0,271,7298,2027-01-16,2026-09-18
460.0,142,2872,2027-01-16,2026-09-18
470.0,92,2148,2027-01-16,2026-09-18
480.0,269,3002,2027-01-16,2026-09-18
490.0,352,3310,2027-01-16,2026-09-18
500.0,3909,8351,2027-01-16,2026-09-18
510.0,2585,5025,2027-01-16,2026-09-18
520.0,468,3877,2027-01-16,2026-09-18
530.0,582,3734,2027-01-16,2026-09-18
540.0,868,3329,2027-01-16,2026-09-18
550.0,0,10,2027-01-16,2026-09-18
550.0,1587,6257,2027-01-16,2026-09-18
560.0,1278,3210,2027-01-16,2026-09-18
570.0,970,5729,2027-01-16,2026-09-18
580.0,1249,3722,2027-01-16,2026-09-18
590.0,1367,1818,2027-01-16,2026-09-18
597.6,0,262,2027-01-16,2026-09-18
599.0,280,0,2027-01-16,2026-09-18
600.0,6374,6203,2027-01-16,2026-09-18
610.0,1902,1951,2027-01-16,2026-09-18
620.0,2463,2215,2027-01-16,2026-09-18
630.0,3136,3054,2027-01-16,2026-09-18
640.0,1411,2089,2027-01-16,2026-09-18
650.0,0,26,2027-01-16,2026-09-18
650.0,5050,3326,2027-01-16,2026-09-18
660.0,1000,1007,2027-01-16,2026-09-18
660.0,3487,1625,2027-01-16,2026-09-18
670.0,2627,2310,2027-01-16,2026-09-18
680.0,2677,1131,2027-01-16,2026-09-18
690.0,1198,413,2027-01-16,2026-09-18
700.0,116699,2384,2027-01-16,2026-09-18
700.01,10325,10325,2027-01-16,2026-09-18
710.0,1611,816,2027-01-16,2026-09-18
720.0,0,26,2027-01-16,2026-09-18
720.0,3108,868,2027-01-16,2026-09-18
730.0,3739,405,2027-01-16,2026-09-18
740.0,2367,308,2027-01-16,2026-09-18
750.0,245536,575,2027-01-16,2026-09-18
760.0,3361,547,2027-01-16,2026-09-18
770.0,10,0,2027-01-16,2026-09-18
770.0,4636,646,2027-01-16,2026-09-18
780.0,3189,331,2027-01-16,2026-09-18
790.0,1707,232,2027-01-16,2026-09-18
800.0,107644,488,2027-01-16,2026-09-18
805.1,262,0,2027-01-16,2026-09-18
810.0,4600,219,2027-01-16,2026-09-18
820.0,3261,79,2027-01-16,2026-09-18
830.0,33471,71,2027-01-16,2026-09-18
840.0,1451,112,2027-01-16,2026-09-18
850.0,5827,124,2027-01-16,2026-09-18
860.0,10,0,2027-01-16,2026-09-18
860.0,1922,27,2027-01-16,2026-09-18
870.0,741,1,2027-01-16,2026-09-18
880.0,796,1,2027-01-16,2026-09-18
890.0,7,0,2027-01-16,2026-09-18
890.0,985,3,2027-01-16,2026-09-18
900.0,17912,11,2027-01-16,2026-09-18
910.0,1263,0,2027-01-16,2026-09-18
920.0,3394,0,2027-01-16,2026-09-18
930.0,932,0,2027-01-16,2026-09-18
940.0,1010,0,2027-01-16,2026-09-18
950.0,1351,0,2027-01-16,2026-09-18
960.0,564,0,2027-01-16,2026-09-18
970.0,547,0,2027-01-16,2026-09-18
980.0,449,0,2027-01-16,2026-09-18
990.0,509,0,2027-01-16,2026-09-18
1000.0,6952,0,2027-01-16,2026-09-18
1010.0,449,0,2027-01-16,2026-09-18
1020.0,528,0,2027-01-16,2026-09-18
1030.0,358,0,2027-01-16,2026-09-18
1040.0,287,0,2027-01-16,2026-09-18
1050.0,1033,0,2027-01-16,2026-09-18
1060.0,274,0,2027-01-16,2026-09-18
1070.0,151,0,2027-01-16,2026-09-18
1080.0,448,0,2027-01-16,2026-09-18
1090.0,289,0,2027-01-16,2026-09-18
1100.0,4173,0,2027-01-16,2026-09-18
1110.0,435,0,2027-01-16,2026-09-18
1120.0,270,0,2027-01-16,2026-09-18
1130.0,417,0,2027-01-16,2026-09-18
1140.0,280,0,2027-01-16,2026-09-18
1150.0,3693,0,2027-01-16,2026-09-18
1160.0,276,0,2027-01-16,2026-09-18
1170.0,141,0,2027-01-16,2026-09-18
1180.0,291,0,2027-01-16,2026-09-18
1190.0,687,0,2027-01-16,2026-09-18
1200.0,2184,0,2027-01-16,2026-09-18
1210.0,180,0,2027-01-16,2026-09-18
1220.0,114,0,2027-01-16,2026-09-18
1230.0,90,0,2027-01-16,2026-09-18
1240.0,721,0,2027-01-16,2026-09-18
1250.0,38328,0,2027-01-16,2026-09-18
1260.0,480,0,2027-01-16,2026-09-18
1270.0,860,0,2027-01-16,2026-09-18
1280.0,325,0,2027-01-16,2026-09-18
1290.0,325,0,2027-01-16,2026-09-18
1300.0,1535,0,2027-01-16,2026-09-18
1310.0,114,0,2027-01-16,2026-09-18
1320.0,381,0,2027-01-16,2026-09-18
1330.0,403,0,2027-01-16,2026-09-18
1340.0,171,0,2027-01-16,2026-09-18
1350.0,576,0,2027-01-16,2026-09-18
1360.0,748,0,2027-01-16,2026-09-18
1370.0,117,0,2027-01-16,2026-09-18
1380.0,49,0,2027-01-16,2026-09-18
1390.0,143,0,2027-01-16,2026-09-18
1400.0,1655,0,2027-01-16,2026-09-18
1410.0,289,0,2027-01-16,2026-09-18
1420.0,713,0,2027-01-16,2026-09-18
1430.0,45708,0,2027-01-16,2026-09-18
1440.0,58,0,2027-01-16,2026-09-18
1450.0,178,0,2027-01-16,2026-09-18
1460.0,158,0,2027-01-16,2026-09-18
1470.0,168,0,2027-01-16,2026-09-18
1480.0,3087,0,2027-01-16,2026-09-18
490.1,0,132,2027-01-27,2026-09-18
805.1,132,0,2027-01-27,2026-09-18
637.45,0,8,2027-01-30,2026-09-18
776.0,0,0,2027-01-30,2026-09-18
100.0,20,3,2027-02-20,2026-09-18
110.0,0,4,2027-02-20,2026-09-18
120.0,0,9,2027-02-20,2026-09-18
130.0,9,15,2027-02-20,2026-09-18
140.0,0,13,2027-02-20,2026-09-18
150.0,0,24,2027-02-20,2026-09-18
160.0,2,12,2027-02-20,2026-09-18
170.0,0,41,2027-02-20,2026-09-18
180.0,0,32,2027-02-20,2026-09-18
190.0,0,24,2027-02-20,2026-09-18
200.0,51,1005,2027-02-20,2026-09-18
210.0,0,67,2027-02-20,2026-09-18
220.0,0,110,2027-02-20,2026-09-18
230.0,0,40,2027-02-20,2026-09-18
240.0,0,81,2027-02-20,2026-09-18
250.0,6,31,2027-02-20,2026-09-18
260.0,0,14,2027-02-20,2026-09-18
270.0,2,80,2027-02-20,2026-09-18
280.0,4,53,2027-02-20,2026-09-18
290.0,0,59,2027-02-20,2026-09-18
300.0,15,228,2027-02-20,2026-09-18
310.0,0,30,2027-02-20,2026-09-18
320.0,3,47,2027-02-20,2026-09-18
330.0,6,39,2027-02-20,2026-09-18
340.0,9,75,2027-02-20,2026-09-18
350.0,14,165,2027-02-20,2026-09-18
360.0,7,34,2027-02-20,2026-09-18
370.0,2,71,2027-02-20,2026-09-18
380.0,7,120,2027-02-20,2026-09-18
390.0,13,114,2027-02-20,2026-09-18
400.0,12,149,2027-02-20,2026-09-18
410.0,52,314,2027-02-20,2026-09-18
420.0,3,342,2027-02-20,2026-09-18
430.0,5,584,2027-02-20,2026-09-18
440.0,5,490,2027-02-20,2026-09-18
450.0,23,963,2027-02-20,2026-09-18
460.0,77,440,2027-02-20,2026-09-18
470.0,110,665,2027-02-20,2026-09-18
480.0,22,1637,2027-02-20,2026-09-18
490.0,52,655,2027-02-20,2026-09-18
500.0,150,1228,2027-02-20,2026-09-18
510.0,21,679,2027-02-20,2026-09-18
520.0,41,607,2027-02-20,2026-09-18
530.0,69,655,2027-02-20,2026-09-18
540.0,672,756,2027-02-20,2026-09-18
550.0,263,935,2027-02-20,2026-09-18
560.0,215,557,2027-02-20,2026-09-18
570.0,0,2,2027-02-20,2026-09-18
570.0,142,333,2027-02-20,2026-09-18
575.0,0,36,2027-02-20,2026-09-18
580.0,298,1140,2027-02-20,2026-09-18
590.0,701,338,2027-02-20,2026-09-18
600.0,941,449,2027-02-20,2026-09-18
610.0,290,89,2027-02-20,2026-09-18
620.0,149,90,2027-02-20,2026-09-18
630.0,243,69,2027-02-20,2026-09-18
640.0,178,64,2027-02-20,2026-09-18
650.0,3345,228,2027-02-20,2026-09-18
660.0,639,57,2027-02-20,2026-09-18
670.0,259,165,2027-02-20,2026-09-18
680.0,228,41,2027-02-20,2026-09-18
690.0,383,177,2027-02-20,2026-09-18
692.0,36,0,2027-02-20,2026-09-18
700.0,2101,62,2027-02-20,2026-09-18
710.0,265,22,2027-02-20,2026-09-18
720.0,301,14,2027-02-20,2026-09-18
730.0,2,0,2027-02-20,2026-09-18
730.0,454,273,2027-02-20,2026-09-18
740.0,184,16,2027-02-20,2026-09-18
750.0,903,4,2027-02-20,2026-09-18
760.0,225,3,2027-02-20,2026-09-18
770.0,246,26,2027-02-20,2026-09-18
780.0,160,18,2027-02-20,2026-09-18
790.0,158,3,2027-02-20,2026-09-18
800.0,1255,74,2027-02-20,2026-09-18
810.0,99,2,2027-02-20,2026-09-18
820.0,69,0,2027-02-20,2026-09-18
830.0,150,3,2027-02-20,2026-09-18
840.0,64,0,2027-02-20,2026-09-18
850.0,225,38,2027-02-20,2026-09-18
860.0,238,0,2027-02-20,2026-09-18
870.0,70,0,2027-02-20,2026-09-18
880.0,198,0,2027-02-20,2026-09-18
890.0,48,0,2027-02-20,2026-09-18
900.0,6232,3,2027-02-20,2026-09-18
910.0,56,0,2027-02-20,2026-09-18
920.0,40,0,2027-02-20,2026-09-18
930.0,18,0,2027-02-20,2026-09-18
940.0,44,0,2027-02-20,2026-09-18
950.0,73,0,2027-02-20,2026-09-18
960.0,188,0,2027-02-20,2026-09-18
970.0,12,0,2027-02-20,2026-09-18
980.0,83,1,2027-02-20,2026-09-18
990.0,24,0,2027-02-20,2026-09-18
1000.0,372,0,2027-02-20,2026-09-18
1010.0,77,0,2027-02-20,2026-09-18
1020.0,46,0,2027-02-20,2026-09-18
1030.0,12,0,2027-02-20,2026-09-18
1040.0,2,0,2027-02-20,2026-09-18
1050.0,29,0,2027-02-20,2026-09-18
1060.0,14,0,2027-02-20,2026-09-18
1070.0,155,0,2027-02-20,2026-09-18
1080.0,69,0,2027-02-20,2026-09-18
1090.0,0,0,2027-02-20,2026-09-18
1100.0,539,0,2027-02-20,2026-09-18
1110.0,33,0,2027-02-20,2026-09-18
1120.0,9,0,2027-02-20,2026-09-18
1130.0,20,0,2027-02-20,2026-09-18
1140.0,11,0,2027-02-20,2026-09-18
1150.0,38,0,2027-02-20,2026-09-18
1160.0,31,0,2027-02-20,2026-09-18
1170.0,47,0,2027-02-20,2026-09-18
1180.0,107,0,2027-02-20,2026-09-18
1190.0,596,0,2027-02-20,2026-09-18
490.93,0,40,2027-02-25,2026-09-18
612.0,0,75,2027-03-17,2026-09-18
794.92,75,0,2027-03-17,2026-09-18
5.0,1463,0,2027-03-20,2026-09-18
10.0,11,3001,2027-03-20,2026-09-18
15.0,0,15,2027-03-20,2026-09-18
20.0,0,0,2027-03-20,2026-09-18
25.0,0,0,2027-03-20,2026-09-18
30.0,0,0,2027-03-20,2026-09-18
35.0,0,0,2027-03-20,2026-09-18
40.0,0,0,2027-03-20,2026-09-18
45.0,0,15,2027-03-20,2026-09-18
50.0,0,18,2027-03-20,2026-09-18
100.0,1,78,2027-03-20,2026-09-18
110.0,449,5,2027-03-20,2026-09-18
120.0,0,264,2027-03-20,2026-09-18
130.0,0,22,2027-03-20,2026-09-18
140.0,0,84,2027-03-20,2026-09-18
150.0,1,155,2027-03-20,2026-09-18
160.0,2,77,2027-03-20,2026-09-18
170.0,13,137,2027-03-20,2026-09-18
180.0,0,71,2027-03-20,2026-09-18
190.0,0,21,2027-03-20,2026-09-18
200.0,5,61,2027-03-20,2026-09-18
210.0,1,36,2027-03-20,2026-09-18
220.0,0,150,2027-03-20,2026-09-18
230.0,35,100,2027-03-20,2026-09-18
240.0,51,59,2027-03-20,2026-09-18
250.0,0,204,2027-03-20,2026-09-18
260.0,2,97,2027-03-20,2026-09-18
270.0,23,81,2027-03-20,2026-09-18
280.0,44,64,2027-03-20,2026-09-18
290.0,2,47,2027-03-20,2026-09-18
300.0,21,360,2027-03-20,2026-09-18
310.0,5,43,2027-03-20,2026-09-18
320.0,13,61,2027-03-20,2026-09-18
330.0,16,21,2027-03-20,2026-09-18
340.0,7,271,2027-03-20,2026-09-18
350.0,25,419,2027-03-20,2026-09-18
360.0,24,356,2027-03-20,2026-09-18
370.0,18,435,2027-03-20,2026-09-18
380.0,113,410,2027-03-20,2026-09-18
390.0,73,304,2027-03-20,2026-09-18
400.0,97,1388,2027-03-20,2026-09-18
410.0,29,765,2027-03-20,2026-09-18
420.0,33,2703,2027-03-20,2026-09-18
430.0,163,947,2027-03-20,2026-09-18
440.0,19,532,2027-03-20,2026-09-18
450.0,135,4057,2027-03-20,2026-09-18
460.0,86,2058,2027-03-20,2026-09-18
470.0,36,1413,2027-03-20,2026-09-18
480.0,47,1580,2027-03-20,2026-09-18
490.0,38,1643,2027-03-20,2026-09-18
500.0,511,4592,2027-03-20,2026-09-18
510.0,0,150,2027-03-20,2026-09-18
510.0,56,898,2027-03-20,2026-09-18
520.0,72,1077,2027-03-20,2026-09-18
530.0,164,1015,2027-03-20,2026-09-18
540.0,260,1783,2027-03-20,2026-09-18
550.0,842,4386,2027-03-20,2026-09-18
560.0,297,916,2027-03-20,2026-09-18
565.0,45,322,2027-03-20,2026-09-18
570.0,536,1436,2027-03-20,2026-09-18
575.0,532,355,2027-03-20,2026-09-18
580.0,792,1489,2027-03-20,2026-09-18
585.0,196,302,2027-03-20,2026-09-18
590.0,296,642,2027-03-20,2026-09-18
595.0,258,154,2027-03-20,2026-09-18
600.0,2119,1282,2027-03-20,2026-09-18
605.0,86,109,2027-03-20,2026-09-18
610.0,460,1507,2027-03-20,2026-09-18
615.0,249,43,2027-03-20,2026-09-18
620.0,420,911,2027-03-20,2026-09-18
625.0,123,80,2027-03-20,2026-09-18
630.0,365,614,2027-03-20,2026-09-18
635.0,98,285,2027-03-20,2026-09-18
640.0,411,432,2027-03-20,2026-09-18
645.0,146,173,2027-03-20,2026-09-18
650.0,4624,876,2027-03-20,2026-09-18
655.0,135,208,2027-03-20,2026-09-18
660.0,698,458,2027-03-20,2026-09-18
665.0,207,54,2027-03-20,2026-09-18
670.0,351,294,2027-03-20,2026-09-18
675.0,312,30,2027-03-20,2026-09-18
680.0,557,293,2027-03-20,2026-09-18
685.0,172,31,2027-03-20,2026-09-18
690.0,467,148,2027-03-20,2026-09-18
695.0,63,36,2027-03-20,2026-09-18
700.0,4517,230,2027-03-20,2026-09-18
705.0,83,19,2027-03-20,2026-09-18
710.0,758,131,2027-03-20,2026-09-18
715.0,475,6,2027-03-20,2026-09-18
720.0,339,138,2027-03-20,2026-09-18
725.0,163,6,2027-03-20,2026-09-18
730.0,532,34,2027-03-20,2026-09-18
735.0,122,2,2027-03-20,2026-09-18
740.0,322,27,2027-03-20,2026-09-18
745.0,192,1,2027-03-20,2026-09-18
750.0,16,0,2027-03-20,2026-09-18
750.0,1310,57,2027-03-20,2026-09-18
755.0,44,0,2027-03-20,2026-09-18
760.0,408,31,2027-03-20,2026-09-18
770.0,375,29,2027-03-20,2026-09-18
780.0,1187,24,2027-03-20,2026-09-18
790.0,329,67,2027-03-20,2026-09-18
800.0,6897,138,2027-03-20,2026-09-18
810.0,448,121,2027-03-20,2026-09-18
820.0,441,5,2027-03-20,2026-09-18
830.0,428,0,2027-03-20,2026-09-18
840.0,273,3,2027-03-20,2026-09-18
850.0,1934,121,2027-03-20,2026-09-18
860.0,612,4,2027-03-20,2026-09-18
870.0,180,4,2027-03-20,2026-09-18
880.0,839,4,2027-03-20,2026-09-18
890.0,156,6,2027-03-20,2026-09-18
900.0,3175,5,2027-03-20,2026-09-18
910.0,405,0,2027-03-20,2026-09-18
920.0,891,0,2027-03-20,2026-09-18
930.0,193,0,2027-03-20,2026-09-18
940.0,998,0,2027-03-20,2026-09-18
950.0,4154,0,2027-03-20,2026-09-18
960.0,729,0,2027-03-20,2026-09-18
970.0,69,0,2027-03-20,2026-09-18
980.0,628,0,2027-03-20,2026-09-18
990.0,486,0,2027-03-20,2026-09-18
1000.0,2827,0,2027-03-20,2026-09-18
1010.0,96,0,2027-03-20,2026-09-18
1020.0,756,0,2027-03-20,2026-09-18
1030.0,348,0,2027-03-20,2026-09-18
1040.0,996,0,2027-03-20,2026-09-18
1050.0,210,0,2027-03-20,2026-09-18
1060.0,100,0,2027-03-20,2026-09-18
1070.0,279,0,2027-03-20,2026-09-18
1080.0,48,0,2027-03-20,2026-09-18
1090.0,79,0,2027-03-20,2026-09-18
1100.0,290,0,2027-03-20,2026-09-18
1110.0,53,0,2027-03-20,2026-09-18
1120.0,72,0,2027-03-20,2026-09-18
1130.0,66,0,2027-03-20,2026-09-18
1140.0,65,0,2027-03-20,2026-09-18
1150.0,77,0,2027-03-20,2026-09-18
1160.0,56,0,2027-03-20,2026-09-18
1170.0,37,0,2027-03-20,2026-09-18
1180.0,86,0,2027-03-20,2026-09-18
1190.0,38,0,2027-03-20,2026-09-18
1200.0,274,0,2027-03-20,2026-09-18
1210.0,396,0,2027-03-20,2026-09-18
1220.0,855,0,2027-03-20,2026-09-18
1230.0,47,0,2027-03-20,2026-09-18
1240.0,456,0,2027-03-20,2026-09-18
1250.0,1272,0,2027-03-20,2026-09-18
492.79,0,35,2027-03-31,2026-09-18
5.0,1237,4,2027-06-18,2026-09-18
10.0,12,1,2027-06-18,2026-09-18
15.0,1,0,2027-06-18,2026-09-18
20.0,1,1,2027-06-18,2026-09-18
25.0,0,0,2027-06-18,2026-09-18
30.0,0,0,2027-06-18,2026-09-18
35.0,0,0,2027-06-18,2026-09-18
40.0,2,0,2027-06-18,2026-09-18
45.0,2,7,2027-06-18,2026-09-18
50.0,95,30,2027-06-18,2026-09-18
260.0,91,491,2027-06-18,2026-09-18
270.0,75,120,2027-06-18,2026-09-18
280.0,31,149,2027-06-18,2026-09-18
290.0,1,266,2027-06-18,2026-09-18
300.0,42,233,2027-06-18,2026-09-18
310.0,37,91,2027-06-18,2026-09-18
320.0,133,204,2027-06-18,2026-09-18
330.0,23,740,2027-06-18,2026-09-18
340.0,29,274,2027-06-18,2026-09-18
350.0,43,481,2027-06-18,2026-09-18
360.0,42,788,2027-06-18,2026-09-18
370.0,87,446,2027-06-18,2026-09-18
380.0,94,690,2027-06-18,2026-09-18
390.0,44,1191,2027-06-18,2026-09-18
400.0,268,1830,2027-06-18,2026-09-18
410.0,17,498,2027-06-18,2026-09-18
420.0,66,4507,2027-06-18,2026-09-18
430.0,175,1005,2027-06-18,2026-09-18
440.0,70,631,2027-06-18,2026-09-18
450.0,172,3755,2027-06-18,2026-09-18
460.0,69,1720,2027-06-18,2026-09-18
470.0,96,1418,2027-06-18,2026-09-18
480.0,312,1534,2027-06-18,2026-09-18
490.0,139,1246,2027-06-18,2026-09-18
500.0,935,4302,2027-06-18,2026-09-18
520.0,606,2512,2027-06-18,2026-09-18
540.0,1602,4345,2027-06-18,2026-09-18
560.0,1093,2431,2027-06-18,2026-09-18
580.0,1071,3287,2027-06-18,2026-09-18
600.0,4076,4288,2027-06-18,2026-09-18
620.0,2136,2488,2027-06-18,2026-09-18
640.0,2353,2403,2027-06-18,2026-09-18
660.0,2404,878,2027-06-18,2026-09-18
680.0,1797,1363,2027-06-18,2026-09-18
700.0,3173,1651,2027-06-18,2026-09-18
720.0,2033,1029,2027-06-18,2026-09-18
740.0,3413,369,2027-06-18,2026-09-18
760.0,3132,377,2027-06-18,2026-09-18
780.0,2325,198,2027-06-18,2026-09-18
789.05,54,54,2027-06-18,2026-09-18
800.0,3907,218,2027-06-18,2026-09-18
820.0,595,72,2027-06-18,2026-09-18
840.0,1925,67,2027-06-18,2026-09-18
860.0,1427,58,2027-06-18,2026-09-18
880.0,3105,29,2027-06-18,2026-09-18
900.0,3445,115,2027-06-18,2026-09-18
920.0,2873,49,2027-06-18,2026-09-18
940.0,797,13,2027-06-18,2026-09-18
960.0,644,18,2027-06-18,2026-09-18
980.0,709,0,2027-06-18,2026-09-18
1000.0,2433,16,2027-06-18,2026-09-18
1020.0,812,0,2027-06-18,2026-09-18
1040.0,678,0,2027-06-18,2026-09-18
1060.0,666,0,2027-06-18,2026-09-18
1080.0,309,0,2027-06-18,2026-09-18
1100.0,323,0,2027-06-18,2026-09-18
1120.0,192,0,2027-06-18,2026-09-18
1140.0,150,0,2027-06-18,2026-09-18
1160.0,321,0,2027-06-18,2026-09-18
1180.0,224,0,2027-06-18,2026-09-18
1200.0,981,0,2027-06-18,2026-09-18
1220.0,129,0,2027-06-18,2026-09-18
1240.0,356,0,2027-06-18,2026-09-18
1260.0,92,0,2027-06-18,2026-09-18
1280.0,102,0,2027-06-18,2026-09-18
1300.0,183,0,2027-06-18,2026-09-18
1310.0,26,0,2027-06-18,2026-09-18
1320.0,126,0,2027-06-18,2026-09-18
1330.0,48,0,2027-06-18,2026-09-18
1340.0,106,0,2027-06-18,2026-09-18
1350.0,150,0,2027-06-18,2026-09-18
1360.0,95,0,2027-06-18,2026-09-18
1370.0,87,0,2027-06-18,2026-09-18
1380.0,133,0,2027-06-18,2026-09-18
1390.0,81,0,2027-06-18,2026-09-18
1400.0,1262,0,2027-06-18,2026-09-18
1410.0,128,0,2027-06-18,2026-09-18
1420.0,633,0,2027-06-18,2026-09-18
1430.0,73,0,2027-06-18,2026-09-18
1440.0,87,0,2027-06-18,2026-09-18
1450.0,153,0,2027-06-18,2026-09-18
1460.0,389,0,2027-06-18,2026-09-18
1470.0,200,0,2027-06-18,2026-09-18
1480.0,2350,0,2027-06-18,2026-09-18
5.0,1663,0,2027-09-18,2026-09-18
10.0,0,0,2027-09-18,2026-09-18
15.0,0,0,2027-09-18,2026-09-18
20.0,0,0,2027-09-18,2026-09-18
25.0,0,0,2027-09-18,2026-09-18
30.0,1,0,2027-09-18,2026-09-18
35.0,0,0,2027-09-18,2026-09-18
40.0,0,0,2027-09-18,2026-09-18
45.0,0,0,2027-09-18,2026-09-18
50.0,4,3,2027-09-18,2026-09-18
60.0,0,6,2027-09-18,2026-09-18
70.0,1,19,2027-09-18,2026-09-18
80.0,0,9,2027-09-18,2026-09-18
90.0,0,24,2027-09-18,2026-09-18
100.0,0,119,2027-09-18,2026-09-18
110.0,3,65,2027-09-18,2026-09-18
120.0,2,1,2027-09-18,2026-09-18
130.0,5,0,2027-09-18,2026-09-18
140.0,2,25,2027-09-18,2026-09-18
150.0,2,65,2027-09-18,2026-09-18
160.0,4,50,2027-09-18,2026-09-18
170.0,4,28,2027-09-18,2026-09-18
180.0,61,37,2027-09-18,2026-09-18
190.0,1,24,2027-09-18,2026-09-18
200.0,62,74,2027-09-18,2026-09-18
210.0,202,5,2027-09-18,2026-09-18
220.0,139,155,2027-09-18,2026-09-18
230.0,117,12,2027-09-18,2026-09-18
240.0,42,112,2027-09-18,2026-09-18
250.0,35,38,2027-09-18,2026-09-18
260.0,46,53,2027-09-18,2026-09-18
270.0,7,399,2027-09-18,2026-09-18
280.0,11,39,2027-09-18,2026-09-18
290.0,12,246,2027-09-18,2026-09-18
300.0,67,48,2027-09-18,2026-09-18
310.0,75,1061,2027-09-18,2026-09-18
320.0,17,78,2027-09-18,2026-09-18
330.0,15,354,2027-09-18,2026-09-18
340.0,37,51,2027-09-18,2026-09-18
350.0,29,201,2027-09-18,2026-09-18
360.0,37,90,2027-09-18,2026-09-18
370.0,12,86,2027-09-18,2026-09-18
380.0,37,185,2027-09-18,2026-09-18
390.0,142,121,2027-09-18,2026-09-18
400.0,170,1010,2027-09-18,2026-09-18
410.0,59,173,2027-09-18,2026-09-18
420.0,38,724,2027-09-18,2026-09-18
430.0,74,688,2027-09-18,2026-09-18
440.0,76,158,2027-09-18,2026-09-18
450.0,179,710,2027-09-18,2026-09-18
460.0,63,1281,2027-09-18,2026-09-18
470.0,104,661,2027-09-18,2026-09-18
480.0,151,418,2027-09-18,2026-09-18
490.0,0,63,2027-09-18,2026-09-18
490.0,25,272,2027-09-18,2026-09-18
500.0,284,1576,2027-09-18,2026-09-18
510.0,39,469,2027-09-18,2026-09-18
520.0,85,541,2027-09-18,2026-09-18
530.0,168,278,2027-09-18,2026-09-18
540.0,164,654,2027-09-18,2026-09-18
550.0,324,1057,2027-09-18,2026-09-18
560.0,124,364,2027-09-18,2026-09-18
570.0,138,430,2027-09-18,2026-09-18
580.0,313,176,2027-09-18,2026-09-18
590.0,80,0,2027-09-18,2026-09-18
590.0,161,231,2027-09-18,2026-09-18
600.0,1636,1213,2027-09-18,2026-09-18
610.0,309,275,2027-09-18,2026-09-18
620.0,351,281,2027-09-18,2026-09-18
630.0,1745,151,2027-09-18,2026-09-18
640.0,287,511,2027-09-18,2026-09-18
650.0,674,463,2027-09-18,2026-09-18
660.0,239,132,2027-09-18,2026-09-18
670.0,210,86,2027-09-18,2026-09-18
680.0,333,274,2027-09-18,2026-09-18
690.0,264,153,2027-09-18,2026-09-18
700.0,1188,291,2027-09-18,2026-09-18
710.0,717,94,2027-09-18,2026-09-18
720.0,998,102,2027-09-18,2026-09-18
730.0,272,133,2027-09-18,2026-09-18
740.0,304,45,2027-09-18,2026-09-18
750.0,63,0,2027-09-18,2026-09-18
750.0,551,23,2027-09-18,2026-09-18
760.0,546,15,2027-09-18,2026-09-18
770.0,665,33,2027-09-18,2026-09-18
780.0,2056,18,2027-09-18,2026-09-18
790.0,124,6,2027-09-18,2026-09-18
800.0,1300,433,2027-09-18,2026-09-18
810.0,253,2,2027-09-18,2026-09-18
820.0,127,7,2027-09-18,2026-09-18
830.0,143,3,2027-09-18,2026-09-18
840.0,101,9,2027-09-18,2026-09-18
850.0,547,4,2027-09-18,2026-09-18
860.0,125,7,2027-09-18,2026-09-18
870.0,305,5,2027-09-18,2026-09-18
880.0,1556,9,2027-09-18,2026-09-18
890.0,114,1,2027-09-18,2026-09-18
900.0,1615,8,2027-09-18,2026-09-18
910.0,135,1,2027-09-18,2026-09-18
920.0,1362,2,2027-09-18,2026-09-18
930.0,244,0,2027-09-18,2026-09-18
940.0,472,2,2027-09-18,2026-09-18
950.0,194,1,2027-09-18,2026-09-18
960.0,88,3,2027-09-18,2026-09-18
970.0,68,0,2027-09-18,2026-09-18
980.0,151,1,2027-09-18,2026-09-18
990.0,76,1,2027-09-18,2026-09-18
1000.0,495,4,2027-09-18,2026-09-18
1010.0,885,0,2027-09-18,2026-09-18
1020.0,47,0,2027-09-18,2026-09-18
1030.0,116,1,2027-09-18,2026-09-18
1040.0,18,0,2027-09-18,2026-09-18
1050.0,89,0,2027-09-18,2026-09-18
1060.0,76,0,2027-09-18,2026-09-18
1070.0,789,0,2027-09-18,2026-09-18
1080.0,482,0,2027-09-18,2026-09-18
1090.0,57,0,2027-09-18,2026-09-18
1100.0,142,0,2027-09-18,2026-09-18
1110.0,20,0,2027-09-18,2026-09-18
1120.0,51,0,2027-09-18,2026-09-18
1130.0,49,0,2027-09-18,2026-09-18
1140.0,6,0,2027-09-18,2026-09-18
1150.0,26,0,2027-09-18,2026-09-18
1160.0,213,0,2027-09-18,2026-09-18
1170.0,21,0,2027-09-18,2026-09-18
1180.0,111,0,2027-09-18,2026-09-18
1190.0,26,0,2027-09-18,2026-09-18
1200.0,82,0,2027-09-18,2026-09-18
1210.0,189,0,2027-09-18,2026-09-18
1220.0,26,0,2027-09-18,2026-09-18
1230.0,20,0,2027-09-18,2026-09-18
1240.0,211,0,2027-09-18,2026-09-18
1250.0,1095,0,2027-09-18,2026-09-18
1260.0,11,0,2027-09-18,2026-09-18
1270.0,24,0,2027-09-18,2026-09-18
1280.0,104,0,2027-09-18,2026-09-18
1290.0,138,0,2027-09-18,2026-09-18
1300.0,226,0,2027-09-18,2026-09-18
1310.0,67,0,2027-09-18,2026-09-18
1320.0,17,0,2027-09-18,2026-09-18
1330.0,30,0,2027-09-18,2026-09-18
1340.0,53,0,2027-09-18,2026-09-18
1350.0,26,0,2027-09-18,2026-09-18
1360.0,18,0,2027-09-18,2026-09-18
1370.0,39,0,2027-09-18,2026-09-18
1380.0,211,0,2027-09-18,2026-09-18
1390.0,41,0,2027-09-18,2026-09-18
1400.0,56,0,2027-09-18,2026-09-18
1410.0,12,0,2027-09-18,2026-09-18
1420.0,31,0,2027-09-18,2026-09-18
1430.0,93,0,2027-09-18,2026-09-18
1440.0,50,0,2027-09-18,2026-09-18
1450.0,187,0,2027-09-18,2026-09-18
1460.0,52,0,2027-09-18,2026-09-18
1470.0,78,0,2027-09-18,2026-09-18
1480.0,195,0,2027-09-18,2026-09-18
5.0,7368,795,2027-12-18,2026-09-18
10.0,375,53,2027-12-18,2026-09-18
15.0,13,41,2027-12-18,2026-09-18
20.0,15,77,2027-12-18,2026-09-18
25.0,1,4,2027-12-18,2026-09-18
30.0,93,3,2027-12-18,2026-09-18
35.0,45,14,2027-12-18,2026-09-18
40.0,64,4,2027-12-18,2026-09-18
45.0,4,4,2027-12-18,2026-09-18
50.0,11,573,2027-12-18,2026-09-18
55.0,2,6,2027-12-18,2026-09-18
60.0,24,8,2027-12-18,2026-09-18
65.0,22,12,2027-12-18,2026-09-18
70.0,1,62,2027-12-18,2026-09-18
75.0,0,30,2027-12-18,2026-09-18
80.0,1,325,2027-12-18,2026-09-18
85.0,62,19,2027-12-18,2026-09-18
90.0,52,12,2027-12-18,2026-09-18
95.0,244,34,2027-12-18,2026-09-18
100.0,839,1137,2027-12-18,2026-09-18
110.0,278,129,2027-12-18,2026-09-18
120.0,143,189,2027-12-18,2026-09-18
130.0,97,89,2027-12-18,2026-09-18
140.0,93,23,2027-12-18,2026-09-18
150.0,55,2480,2027-12-18,2026-09-18
160.0,262,185,2027-12-18,2026-09-18
170.0,258,115,2027-12-18,2026-09-18
180.0,15,79,2027-12-18,2026-09-18
190.0,104,307,2027-12-18,2026-09-18
200.0,155,900,2027-12-18,2026-09-18
210.0,21,508,2027-12-18,2026-09-18
220.0,128,111,2027-12-18,2026-09-18
230.0,83,58,2027-12-18,2026-09-18
240.0,65,54,2027-12-18,2026-09-18
250.0,160,838,2027-12-18,2026-09-18
260.0,38,77,2027-12-18,2026-09-18
270.0,28,255,2027-12-18,2026-09-18
280.0,36,235,2027-12-18,2026-09-18
290.0,48,1133,2027-12-18,2026-09-18
300.0,103,436,2027-12-18,2026-09-18
310.0,57,391,2027-12-18,2026-09-18
320.0,202,155,2027-12-18,2026-09-18
330.0,40,80,2027-12-18,2026-09-18
340.0,56,216,2027-12-18,2026-09-18
350.0,141,272,2027-12-18,2026-09-18
360.0,115,135,2027-12-18,2026-09-18
370.0,111,300,2027-12-18,2026-09-18
380.0,81,565,2027-12-18,2026-09-18
390.0,49,238,2027-12-18,2026-09-18
400.0,269,1170,2027-12-18,2026-09-18
410.0,29,361,2027-12-18,2026-09-18
420.0,121,833,2027-12-18,2026-09-18
430.0,97,403,2027-12-18,2026-09-18
440.0,49,757,2027-12-18,2026-09-18
450.0,121,1235,2027-12-18,2026-09-18
460.0,59,769,2027-12-18,2026-09-18
470.0,50,269,2027-12-18,2026-09-18
480.0,122,871,2027-12-18,2026-09-18
490.0,110,733,2027-12-18,2026-09-18
500.0,1591,2310,2027-12-18,2026-09-18
510.0,252,357,2027-12-18,2026-09-18
520.0,280,540,2027-12-18,2026-09-18
530.0,163,649,2027-12-18,2026-09-18
540.0,161,544,2027-12-18,2026-09-18
550.0,862,1470,2027-12-18,2026-09-18
560.0,183,508,2027-12-18,2026-09-18
570.0,0,12,2027-12-18,2026-09-18
570.0,299,736,2027-12-18,2026-09-18
580.0,335,650,2027-12-18,2026-09-18
590.0,297,295,2027-12-18,2026-09-18
600.0,1689,2232,2027-12-18,2026-09-18
610.0,353,563,2027-12-18,2026-09-18
620.0,435,228,2027-12-18,2026-09-18
630.0,231,137,2027-12-18,2026-09-18
640.0,372,518,2027-12-18,2026-09-18
650.0,2808,713,2027-12-18,2026-09-18
660.0,553,252,2027-12-18,2026-09-18
670.0,1249,552,2027-12-18,2026-09-18
680.0,1768,664,2027-12-18,2026-09-18
690.0,440,181,2027-12-18,2026-09-18
700.0,4589,499,2027-12-18,2026-09-18
710.0,403,251,2027-12-18,2026-09-18
720.0,1204,212,2027-12-18,2026-09-18
730.0,512,261,2027-12-18,2026-09-18
740.0,827,216,2027-12-18,2026-09-18
750.0,836,516,2027-12-18,2026-09-18
760.0,182,219,2027-12-18,2026-09-18
770.0,307,140,2027-12-18,2026-09-18
780.0,1077,190,2027-12-18,2026-09-18
790.0,653,34,2027-12-18,2026-09-18
800.0,20,0,2027-12-18,2026-09-18
800.0,2093,109,2027-12-18,2026-09-18
803.0,54,54,2027-12-18,2026-09-18
810.0,446,95,2027-12-18,2026-09-18
820.0,304,36,2027-12-18,2026-09-18
830.0,344,29,2027-12-18,2026-09-18
840.0,263,94,2027-12-18,2026-09-18
850.0,294,75,2027-12-18,2026-09-18
860.0,195,34,2027-12-18,2026-09-18
870.0,179,53,2027-12-18,2026-09-18
880.0,144,8,2027-12-18,2026-09-18
890.0,110,39,2027-12-18,2026-09-18
900.0,2533,46,2027-12-18,2026-09-18
905.7,12,0,2027-12-18,2026-09-18
910.0,533,6,2027-12-18,2026-09-18
920.0,152,23,2027-12-18,2026-09-18
930.0,471,37,2027-12-18,2026-09-18
940.0,235,2,2027-12-18,2026-09-18
950.0,640,74,2027-12-18,2026-09-18
960.0,266,38,2027-12-18,2026-09-18
970.0,122,38,2027-12-18,2026-09-18
980.0,241,2,2027-12-18,2026-09-18
990.0,293,38,2027-12-18,2026-09-18
1000.0,3005,106,2027-12-18,2026-09-18
1010.0,749,1,2027-12-18,2026-09-18
1020.0,74,2,2027-12-18,2026-09-18
1030.0,1397,0,2027-12-18,2026-09-18
1040.0,217,0,2027-12-18,2026-09-18
1050.0,402,0,2027-12-18,2026-09-18
1060.0,257,0,2027-12-18,2026-09-18
1070.0,307,2,2027-12-18,2026-09-18
1080.0,216,3,2027-12-18,2026-09-18
1090.0,320,0,2027-12-18,2026-09-18
1100.0,1581,1,2027-12-18,2026-09-18
1110.0,90,2,2027-12-18,2026-09-18
1120.0,1510,0,2027-12-18,2026-09-18
1130.0,152,1,2027-12-18,2026-09-18
1140.0,41,0,2027-12-18,2026-09-18
1150.0,526,0,2027-12-18,2026-09-18
1160.0,85,0,2027-12-18,2026-09-18
1170.0,112,0,2027-12-18,2026-09-18
1180.0,65,0,2027-12-18,2026-09-18
1190.0,103,0,2027-12-18,2026-09-18
1200.0,793,1,2027-12-18,2026-09-18
1210.0,114,0,2027-12-18,2026-09-18
1220.0,210,0,2027-12-18,2026-09-18
1230.0,279,0,2027-12-18,2026-09-18
1240.0,131,0,2027-12-18,2026-09-18
1250.0,429,0,2027-12-18,2026-09-18
1260.0,111,0,2027-12-18,2026-09-18
1270.0,123,0,2027-12-18,2026-09-18
1280.0,298,0,2027-12-18,2026-09-18
1290.0,278,0,2027-12-18,2026-09-18
1300.0,5469,0,2027-12-18,2026-09-18
1310.0,28,0,2027-12-18,2026-09-18
1320.0,85,0,2027-12-18,2026-09-18
1330.0,7,0,2027-12-18,2026-09-18
1340.0,26,0,2027-12-18,2026-09-18
1350.0,60,0,2027-12-18,2026-09-18
1360.0,33,0,2027-12-18,2026-09-18
1370.0,4,0,2027-12-18,2026-09-18
1380.0,30,0,2027-12-18,2026-09-18
1390.0,19,0,2027-12-18,2026-09-18
1400.0,280,0,2027-12-18,2026-09-18
1410.0,10,0,2027-12-18,2026-09-18
1420.0,20,0,2027-12-18,2026-09-18
1430.0,60,0,2027-12-18,2026-09-18
1440.0,81,0,2027-12-18,2026-09-18
1450.0,859,0,2027-12-18,2026-09-18
1460.0,106,0,2027-12-18,2026-09-18
1470.0,480,0,2027-12-18,2026-09-18
1480.0,432,0,2027-12-18,2026-09-18
5.0,1624,126,2028-01-22,2026-09-18
10.0,5,1,2028-01-22,2026-09-18
15.0,0,1,2028-01-22,2026-09-18
20.0,23,46,2028-01-22,2026-09-18
25.0,1,2,2028-01-22,2026-09-18
30.0,2,1,2028-01-22,2026-09-18
35.0,20,102,2028-01-22,2026-09-18
40.0,150,6,2028-01-22,2026-09-18
45.0,140,2,2028-01-22,2026-09-18
50.0,185,210,2028-01-22,2026-09-18
100.0,157,274,2028-01-22,2026-09-18
110.0,62,191,2028-01-22,2026-09-18
120.0,157,200,2028-01-22,2026-09-18
130.0,121,95,2028-01-22,2026-09-18
140.0,114,14,2028-01-22,2026-09-18
150.0,6,2429,2028-01-22,2026-09-18
160.0,141,65,2028-01-22,2026-09-18
170.0,66,84,2028-01-22,2026-09-18
180.0,50,197,2028-01-22,2026-09-18
190.0,18,522,2028-01-22,2026-09-18
200.0,107,762,2028-01-22,2026-09-18
210.0,170,122,2028-01-22,2026-09-18
220.0,107,71,2028-01-22,2026-09-18
230.0,155,27,2028-01-22,2026-09-18
240.0,8,79,2028-01-22,2026-09-18
250.0,127,199,2028-01-22,2026-09-18
260.0,66,112,2028-01-22,2026-09-18
270.0,76,120,2028-01-22,2026-09-18
280.0,37,4069,2028-01-22,2026-09-18
290.0,20,81,2028-01-22,2026-09-18
300.0,4,0,2028-01-22,2026-09-18
300.0,131,2522,2028-01-22,2026-09-18
310.0,75,55,2028-01-22,2026-09-18
320.0,84,161,2028-01-22,2026-09-18
330.0,41,137,2028-01-22,2026-09-18
340.0,141,545,2028-01-22,2026-09-18
350.0,130,1847,2028-01-22,2026-09-18
360.0,83,488,2028-01-22,2026-09-18
370.0,30,2460,2028-01-22,2026-09-18
380.0,94,775,2028-01-22,2026-09-18
390.0,96,426,2028-01-22,2026-09-18
400.0,373,2107,2028-01-22,2026-09-18
410.0,87,410,2028-01-22,2026-09-18
420.0,63,395,2028-01-22,2026-09-18
430.0,63,295,2028-01-22,2026-09-18
440.0,101,1272,2028-01-22,2026-09-18
450.0,212,1395,2028-01-22,2026-09-18
460.0,67,383,2028-01-22,2026-09-18
470.0,46,682,2028-01-22,2026-09-18
480.0,307,657,2028-01-22,2026-09-18
490.0,71,889,2028-01-22,2026-09-18
500.0,1461,4673,2028-01-22,2026-09-18
510.0,629,555,2028-01-22,2026-09-18
520.0,705,1085,2028-01-22,2026-09-18
530.0,166,685,2028-01-22,2026-09-18
540.0,1731,576,2028-01-22,2026-09-18
550.0,804,2767,2028-01-22,2026-09-18
560.0,235,660,2028-01-22,2026-09-18
570.0,232,711,2028-01-22,2026-09-18
580.0,475,846,2028-01-22,2026-09-18
590.0,399,431,2028-01-22,2026-09-18
593.0,0,36,2028-01-22,2026-09-18
600.0,3075,2878,2028-01-22,2026-09-18
610.0,646,599,2028-01-22,2026-09-18
620.0,466,499,2028-01-22,2026-09-18
630.0,558,395,2028-01-22,2026-09-18
640.0,605,513,2028-01-22,2026-09-18
650.0,2020,700,2028-01-22,2026-09-18
660.0,755,754,2028-01-22,2026-09-18
670.0,1963,369,2028-01-22,2026-09-18
680.0,1197,525,2028-01-22,2026-09-18
690.0,473,369,2028-01-22,2026-09-18
700.0,3852,2138,2028-01-22,2026-09-18
710.0,320,72,2028-01-22,2026-09-18
720.0,674,480,2028-01-22,2026-09-18
724.0,36,0,2028-01-22,2026-09-18
730.0,387,135,2028-01-22,2026-09-18
740.0,621,193,2028-01-22,2026-09-18
750.0,2218,413,2028-01-22,2026-09-18
760.0,1020,149,2028-01-22,2026-09-18
770.0,355,97,2028-01-22,2026-09-18
780.0,268,82,2028-01-22,2026-09-18
790.0,298,75,2028-01-22,2026-09-18
800.0,3231,865,2028-01-22,2026-09-18
810.0,449,49,2028-01-22,2026-09-18
820.0,828,28,2028-01-22,2026-09-18
830.0,635,10,2028-01-22,2026-09-18
840.0,409,28,2028-01-22,2026-09-18
850.0,2765,151,2028-01-22,2026-09-18
860.0,691,9,2028-01-22,2026-09-18
870.0,1296,23,2028-01-22,2026-09-18
880.0,173,9,2028-01-22,2026-09-18
890.0,2016,13,2028-01-22,2026-09-18
900.0,2873,190,2028-01-22,2026-09-18
910.0,466,1,2028-01-22,2026-09-18
920.0,713,213,2028-01-22,2026-09-18
930.0,1968,7,2028-01-22,2026-09-18
940.0,510,10,2028-01-22,2026-09-18
950.0,1870,106,2028-01-22,2026-09-18
960.0,1004,18,2028-01-22,2026-09-18
970.0,260,11,2028-01-22,2026-09-18
980.0,606,10,2028-01-22,2026-09-18
990.0,2329,26,2028-01-22,2026-09-18
1000.0,16151,183,2028-01-22,2026-09-18
1010.0,339,4,2028-01-22,2026-09-18
1020.0,4295,10022,2028-01-22,2026-09-18
1030.0,135,1,2028-01-22,2026-09-18
1040.0,401,1,2028-01-22,2026-09-18
1050.0,3493,1,2028-01-22,2026-09-18
1060.0,1036,0,2028-01-22,2026-09-18
1070.0,4241,0,2028-01-22,2026-09-18
1080.0,187,0,2028-01-22,2026-09-18
1090.0,1671,0,2028-01-22,2026-09-18
1100.0,6622,0,2028-01-22,2026-09-18
1100.01,15225,0,2028-01-22,2026-09-18
1110.0,179,1,2028-01-22,2026-09-18
1120.0,129,0,2028-01-22,2026-09-18
1130.0,496,1,2028-01-22,2026-09-18
1140.0,156,2,2028-01-22,2026-09-18
1150.0,190,1,2028-01-22,2026-09-18
1160.0,186,0,2028-01-22,2026-09-18
1170.0,193,1,2028-01-22,2026-09-18
1180.0,128,0,2028-01-22,2026-09-18
1190.0,295,0,2028-01-22,2026-09-18
1200.0,7736,0,2028-01-22,2026-09-18
1210.0,338,0,2028-01-22,2026-09-18
1220.0,150,0,2028-01-22,2026-09-18
1230.0,246,0,2028-01-22,2026-09-18
1240.0,109,0,2028-01-22,2026-09-18
1250.0,360,0,2028-01-22,2026-09-18
1260.0,121,0,2028-01-22,2026-09-18
1270.0,8059,0,2028-01-22,2026-09-18
1280.0,314,0,2028-01-22,2026-09-18
1300.0,2588,0,2028-01-22,2026-09-18
1320.0,296,0,2028-01-22,2026-09-18
1340.0,155,0,2028-01-22,2026-09-18
1350.0,131,0,2028-01-22,2026-09-18
1360.0,183,0,2028-01-22,2026-09-18
1380.0,259,0,2028-01-22,2026-09-18
1400.0,417,0,2028-01-22,2026-09-18
1420.0,140,0,2028-01-22,2026-09-18
1430.0,285,0,2028-01-22,2026-09-18
1440.0,85,0,2028-01-22,2026-09-18
1450.0,239,0,2028-01-22,2026-09-18
1460.0,248,0,2028-01-22,2026-09-18
1470.0,327,0,2028-01-22,2026-09-18
1480.0,385,0,2028-01-22,2026-09-18
1490.0,306,0,2028-01-22,2026-09-18
1500.0,10213,0,2028-01-22,2026-09-18
5.0,485,254,2028-06-17,2026-09-18
10.0,1,0,2028-06-17,2026-09-18
15.0,0,0,2028-06-17,2026-09-18
20.0,1,0,2028-06-17,2026-09-18
25.0,0,0,2028-06-17,2026-09-18
30.0,0,0,2028-06-17,2026-09-18
35.0,0,0,2028-06-17,2026-09-18
40.0,1,0,2028-06-17,2026-09-18
45.0,0,0,2028-06-17,2026-09-18
50.0,0,100,2028-06-17,2026-09-18
55.0,0,103,2028-06-17,2026-09-18
60.0,1,101,2028-06-17,2026-09-18
65.0,1,60,2028-06-17,2026-09-18
70.0,4,55,2028-06-17,2026-09-18
75.0,0,58,2028-06-17,2026-09-18
80.0,0,0,2028-06-17,2026-09-18
85.0,0,3,2028-06-17,2026-09-18
90.0,0,5,2028-06-17,2026-09-18
95.0,0,5,2028-06-17,2026-09-18
100.0,2,75,2028-06-17,2026-09-18
105.0,1,81,2028-06-17,2026-09-18
110.0,0,16,2028-06-17,2026-09-18
115.0,2,0,2028-06-17,2026-09-18
120.0,48,5,2028-06-17,2026-09-18
125.0,3,1,2028-06-17,2026-09-18
130.0,34,1,2028-06-17,2026-09-18
135.0,33,6,2028-06-17,2026-09-18
140.0,3,9,2028-06-17,2026-09-18
145.0,0,1198,2028-06-17,2026-09-18
150.0,22,339,2028-06-17,2026-09-18
155.0,0,971,2028-06-17,2026-09-18
160.0,11,542,2028-06-17,2026-09-18
165.0,22,44,2028-06-17,2026-09-18
170.0,15,4,2028-06-17,2026-09-18
175.0,2,309,2028-06-17,2026-09-18
180.0,11,51,2028-06-17,2026-09-18
185.0,41,11,2028-06-17,2026-09-18
190.0,13,1156,2028-06-17,2026-09-18
195.0,1,322,2028-06-17,2026-09-18
200.0,7,1079,2028-06-17,2026-09-18
205.0,1,624,2028-06-17,2026-09-18
210.0,2,267,2028-06-17,2026-09-18
215.0,5,1159,2028-06-17,2026-09-18
220.0,14,11,2028-06-17,2026-09-18
225.0,12,349,2028-06-17,2026-09-18
230.0,2,1016,2028-06-17,2026-09-18
235.0,15,701,2028-06-17,2026-09-18
240.0,34,296,2028-06-17,2026-09-18
245.0,2,33,2028-06-17,2026-09-18
250.0,18,108,2028-06-17,2026-09-18
255.0,11,22,2028-06-17,2026-09-18
260.0,22,33,2028-06-17,2026-09-18
270.0,21,25,2028-06-17,2026-09-18
280.0,14,33,2028-06-17,2026-09-18
290.0,16,105,2028-06-17,2026-09-18
300.0,37,1894,2028-06-17,2026-09-18
310.0,36,205,2028-06-17,2026-09-18
320.0,52,79,2028-06-17,2026-09-18
330.0,27,30,2028-06-17,2026-09-18
340.0,55,191,2028-06-17,2026-09-18
350.0,32,185,2028-06-17,2026-09-18
360.0,40,70,2028-06-17,2026-09-18
370.0,21,206,2028-06-17,2026-09-18
380.0,35,66,2028-06-17,2026-09-18
390.0,31,31,2028-06-17,2026-09-18
400.0,284,700,2028-06-17,2026-09-18
410.0,14,251,2028-06-17,2026-09-18
420.0,29,236,2028-06-17,2026-09-18
430.0,45,538,2028-06-17,2026-09-18
440.0,43,58,2028-06-17,2026-09-18
450.0,73,710,2028-06-17,2026-09-18
460.0,23,122,2028-06-17,2026-09-18
470.0,24,330,2028-06-17,2026-09-18
480.0,52,459,2028-06-17,2026-09-18
490.0,27,219,2028-06-17,2026-09-18
500.0,228,1233,2028-06-17,2026-09-18
510.0,52,67,2028-06-17,2026-09-18
520.0,50,172,2028-06-17,2026-09-18
530.0,113,347,2028-06-17,2026-09-18
540.0,131,136,2028-06-17,2026-09-18
550.0,550,1104,2028-06-17,2026-09-18
560.0,91,336,2028-06-17,2026-09-18
570.0,168,319,2028-06-17,2026-09-18
580.0,105,337,2028-06-17,2026-09-18
590.0,126,39,2028-06-17,2026-09-18
600.0,629,434,2028-06-17,2026-09-18
610.0,90,47,2028-06-17,2026-09-18
612.0,0,20,2028-06-17,2026-09-18
620.0,125,66,2028-06-17,2026-09-18
630.0,94,126,2028-06-17,2026-09-18
640.0,117,92,2028-06-17,2026-09-18
650.0,262,135,2028-06-17,2026-09-18
660.0,136,111,2028-06-17,2026-09-18
670.0,685,216,2028-06-17,2026-09-18
680.0,156,49,2028-06-17,2026-09-18
690.0,106,124,2028-06-17,2026-09-18
700.0,1385,159,2028-06-17,2026-09-18
710.0,201,47,2028-06-17,2026-09-18
720.0,389,141,2028-06-17,2026-09-18
730.0,213,136,2028-06-17,2026-09-18
740.0,92,10,2028-06-17,2026-09-18
750.0,209,53,2028-06-17,2026-09-18
760.0,83,6,2028-06-17,2026-09-18
770.0,148,2,2028-06-17,2026-09-18
780.0,91,45,2028-06-17,2026-09-18
790.0,160,39,2028-06-17,2026-09-18
800.0,753,117,2028-06-17,2026-09-18
810.0,66,9,2028-06-17,2026-09-18
820.0,107,3,2028-06-17,2026-09-18
830.0,23,11,2028-06-17,2026-09-18
840.0,782,9,2028-06-17,2026-09-18
850.0,158,0,2028-06-17,2026-09-18
860.0,107,4,2028-06-17,2026-09-18
870.0,430,3,2028-06-17,2026-09-18
880.0,78,1,2028-06-17,2026-09-18
890.0,55,12,2028-06-17,2026-09-18
900.0,276,5,2028-06-17,2026-09-18
910.0,65,1,2028-06-17,2026-09-18
920.0,36,2,2028-06-17,2026-09-18
930.0,27,0,2028-06-17,2026-09-18
940.0,235,52,2028-06-17,2026-09-18
950.0,146,12,2028-06-17,2026-09-18
960.0,35,32,2028-06-17,2026-09-18
970.0,165,1,2028-06-17,2026-09-18
972.4,20,0,2028-06-17,2026-09-18
980.0,81,32,2028-06-17,2026-09-18
990.0,73,1,2028-06-17,2026-09-18
1000.0,770,5,2028-06-17,2026-09-18
1010.0,1097,4,2028-06-17,2026-09-18
1020.0,758,18,2028-06-17,2026-09-18
1030.0,236,1,2028-06-17,2026-09-18
1040.0,117,5,2028-06-17,2026-09-18
1050.0,103,7,2028-06-17,2026-09-18
1060.0,261,2,2028-06-17,2026-09-18
1070.0,84,10,2028-06-17,2026-09-18
1080.0,125,3,2028-06-17,2026-09-18
1090.0,46,10,2028-06-17,2026-09-18
1100.0,162,11,2028-06-17,2026-09-18
1110.0,164,0,2028-06-17,2026-09-18
1120.0,255,0,2028-06-17,2026-09-18
1130.0,181,0,2028-06-17,2026-09-18
1140.0,1282,0,2028-06-17,2026-09-18
1150.0,94,0,2028-06-17,2026-09-18
1160.0,1608,0,2028-06-17,2026-09-18
1170.0,96,0,2028-06-17,2026-09-18
1180.0,82,0,2028-06-17,2026-09-18
1190.0,31,0,2028-06-17,2026-09-18
1200.0,5465,0,2028-06-17,2026-09-18
1210.0,85,1,2028-06-17,2026-09-18
1220.0,68,0,2028-06-17,2026-09-18
1230.0,34,1,2028-06-17,2026-09-18
1240.0,49,0,2028-06-17,2026-09-18
1250.0,64,0,2028-06-17,2026-09-18
1260.0,50,0,2028-06-17,2026-09-18
1270.0,50,0,2028-06-17,2026-09-18
1280.0,52,0,2028-06-17,2026-09-18
1290.0,51,0,2028-06-17,2026-09-18
1300.0,156,0,2028-06-17,2026-09-18
1310.0,63,0,2028-06-17,2026-09-18
1320.0,56,0,2028-06-17,2026-09-18
1330.0,39,0,2028-06-17,2026-09-18
1340.0,51,0,2028-06-17,2026-09-18
1350.0,145,0,2028-06-17,2026-09-18
1360.0,30,0,2028-06-17,2026-09-18
1370.0,65,0,2028-06-17,2026-09-18
1380.0,12,0,2028-06-17,2026-09-18
1390.0,50,0,2028-06-17,2026-09-18
1400.0,1568,0,2028-06-17,2026-09-18
1410.0,1510,0,2028-06-17,2026-09-18
1420.0,112,0,2028-06-17,2026-09-18
1430.0,79,0,2028-06-17,2026-09-18
1440.0,17,0,2028-06-17,2026-09-18
1450.0,40,0,2028-06-17,2026-09-18
1460.0,78,0,2028-06-17,2026-09-18
1470.0,151,0,2028-06-17,2026-09-18
1480.0,491,0,2028-06-17,2026-09-18
5.0,2860,50,2028-12-16,2026-09-18
10.0,974,2,2028-12-16,2026-09-18
15.0,16,0,2028-12-16,2026-09-18
20.0,16,0,2028-12-16,2026-09-18
25.0,1,0,2028-12-16,2026-09-18
30.0,1,0,2028-12-16,2026-09-18
35.0,0,0,2028-12-16,2026-09-18
40.0,3,26,2028-12-16,2026-09-18
45.0,4,51,2028-12-16,2026-09-18
50.0,2,136,2028-12-16,2026-09-18
55.0,1,35,2028-12-16,2026-09-18
60.0,1,108,2028-12-16,2026-09-18
65.0,0,74,2028-12-16,2026-09-18
70.0,0,63,2028-12-16,2026-09-18
75.0,2,76,2028-12-16,2026-09-18
80.0,0,108,2028-12-16,2026-09-18
85.0,0,8,2028-12-16,2026-09-18
90.0,8,12,2028-12-16,2026-09-18
95.0,1,13,2028-12-16,2026-09-18
100.0,4,2570,2028-12-16,2026-09-18
105.0,18,9,2028-12-16,2026-09-18
110.0,23,6,2028-12-16,2026-09-18
115.0,6,4,2028-12-16,2026-09-18
120.0,23,8,2028-12-16,2026-09-18
125.0,18,0,2028-12-16,2026-09-18
130.0,5,58,2028-12-16,2026-09-18
135.0,32,21,2028-12-16,2026-09-18
140.0,61,61,2028-12-16,2026-09-18
145.0,14,9,2028-12-16,2026-09-18
150.0,6,131,2028-12-16,2026-09-18
155.0,22,398,2028-12-16,2026-09-18
160.0,18,63,2028-12-16,2026-09-18
165.0,13,13,2028-12-16,2026-09-18
170.0,45,25,2028-12-16,2026-09-18
175.0,41,61,2028-12-16,2026-09-18
180.0,13,61,2028-12-16,2026-09-18
185.0,31,11,2028-12-16,2026-09-18
190.0,22,75,2028-12-16,2026-09-18
195.0,46,771,2028-12-16,2026-09-18
200.0,171,203,2028-12-16,2026-09-18
210.0,36,56,2028-12-16,2026-09-18
220.0,123,51,2028-12-16,2026-09-18
230.0,56,59,2028-12-16,2026-09-18
240.0,163,56,2028-12-16,2026-09-18
250.0,117,139,2028-12-16,2026-09-18
260.0,53,70,2028-12-16,2026-09-18
270.0,64,31,2028-12-16,2026-09-18
280.0,36,60,2028-12-16,2026-09-18
290.0,42,83,2028-12-16,2026-09-18
300.0,916,1092,2028-12-16,2026-09-18
310.0,247,99,2028-12-16,2026-09-18
320.0,55,154,2028-12-16,2026-09-18
330.0,19,190,2028-12-16,2026-09-18
340.0,38,80,2028-12-16,2026-09-18
350.0,112,402,2028-12-16,2026-09-18
360.0,356,379,2028-12-16,2026-09-18
370.0,47,235,2028-12-16,2026-09-18
380.0,87,445,2028-12-16,2026-09-18
390.0,41,57,2028-12-16,2026-09-18
400.0,404,1553,2028-12-16,2026-09-18
410.0,99,347,2028-12-16,2026-09-18
420.0,59,73,2028-12-16,2026-09-18
430.0,56,392,2028-12-16,2026-09-18
440.0,127,361,2028-12-16,2026-09-18
450.0,199,1785,2028-12-16,2026-09-18
460.0,39,186,2028-12-16,2026-09-18
470.0,38,340,2028-12-16,2026-09-18
480.0,69,616,2028-12-16,2026-09-18
490.0,114,525,2028-12-16,2026-09-18
500.0,1330,3572,2028-12-16,2026-09-18
510.0,101,511,2028-12-16,2026-09-18
520.0,133,606,2028-12-16,2026-09-18
530.0,413,498,2028-12-16,2026-09-18
540.0,2958,731,2028-12-16,2026-09-18
550.0,970,1149,2028-12-16,2026-09-18
560.0,341,378,2028-12-16,2026-09-18
570.0,561,413,2028-12-16,2026-09-18
580.0,799,220,2028-12-16,2026-09-18
590.0,571,472,2028-12-16,2026-09-18
600.0,3221,1204,2028-12-16,2026-09-18
610.0,517,281,2028-12-16,2026-09-18
620.0,355,379,2028-12-16,2026-09-18
630.0,224,246,2028-12-16,2026-09-18
640.0,3066,366,2028-12-16,2026-09-18
650.0,2924,769,2028-12-16,2026-09-18
660.0,2429,180,2028-12-16,2026-09-18
670.0,578,663,2028-12-16,2026-09-18
680.0,265,159,2028-12-16,2026-09-18
690.0,392,119,2028-12-16,2026-09-18
700.0,2371,665,2028-12-16,2026-09-18
710.0,953,123,2028-12-16,2026-09-18
720.0,179,56,2028-12-16,2026-09-18
730.0,1551,116,2028-12-16,2026-09-18
740.0,1635,24,2028-12-16,2026-09-18
750.0,577,217,2028-12-16,2026-09-18
760.0,223,98,2028-12-16,2026-09-18
770.0,146,73,2028-12-16,2026-09-18
780.0,333,41,2028-12-16,2026-09-18
790.0,512,57,2028-12-16,2026-09-18
800.0,1644,149,2028-12-16,2026-09-18
810.0,707,56,2028-12-16,2026-09-18
820.0,133,44,2028-12-16,2026-09-18
830.0,270,23,2028-12-16,2026-09-18
840.0,215,5,2028-12-16,2026-09-18
850.0,541,29,2028-12-16,2026-09-18
860.0,260,25,2028-12-16,2026-09-18
870.0,528,47,2028-12-16,2026-09-18
880.0,227,201,2028-12-16,2026-09-18
890.0,74,122,2028-12-16,2026-09-18
900.0,860,212,2028-12-16,2026-09-18
910.0,344,46,2028-12-16,2026-09-18
920.0,308,70,2028-12-16,2026-09-18
930.0,516,2,2028-12-16,2026-09-18
940.0,784,81,2028-12-16,2026-09-18
950.0,350,75,2028-12-16,2026-09-18
960.0,60,5,2028-12-16,2026-09-18
970.0,151,85,2028-12-16,2026-09-18
980.0,82,22,2028-12-16,2026-09-18
990.0,181,23,2028-12-16,2026-09-18
1000.0,2088,125,2028-12-16,2026-09-18
1010.0,100,145,2028-12-16,2026-09-18
1020.0,83,5,2028-12-16,2026-09-18
1030.0,86,130,2028-12-16,2026-09-18
1040.0,57,19,2028-12-16,2026-09-18
1050.0,284,215,2028-12-16,2026-09-18
1060.0,75,14,2028-12-16,2026-09-18
1070.0,19,4,2028-12-16,2026-09-18
1080.0,358,44,2028-12-16,2026-09-18
1090.0,597,10,2028-12-16,2026-09-18
1100.0,2407,113,2028-12-16,2026-09-18
1110.0,344,6,2028-12-16,2026-09-18
1120.0,64,79,2028-12-16,2026-09-18
1130.0,92,4,2028-12-16,2026-09-18
1140.0,1221,0,2028-12-16,2026-09-18
1150.0,184,1,2028-12-16,2026-09-18
1160.0,352,0,2028-12-16,2026-09-18
1170.0,183,0,2028-12-16,2026-09-18
1180.0,518,0,2028-12-16,2026-09-18
1190.0,26,0,2028-12-16,2026-09-18
1200.0,784,3,2028-12-16,2026-09-18
1210.0,64,0,2028-12-16,2026-09-18
1220.0,96,0,2028-12-16,2026-09-18
1230.0,10,0,2028-12-16,2026-09-18
1240.0,17,0,2028-12-16,2026-09-18
1250.0,1044,0,2028-12-16,2026-09-18
1260.0,76,0,2028-12-16,2026-09-18
1270.0,34,0,2028-12-16,2026-09-18
1280.0,134,0,2028-12-16,2026-09-18
1290.0,128,0,2028-12-16,2026-09-18
1300.0,201,0,2028-12-16,2026-09-18
1310.0,2285,0,2028-12-16,2026-09-18
1320.0,25,0,2028-12-16,2026-09-18
1330.0,876,0,2028-12-16,2026-09-18
1340.0,36,0,2028-12-16,2026-09-18
1350.0,200,0,2028-12-16,2026-09-18
1360.0,142,0,2028-12-16,2026-09-18
1370.0,155,0,2028-12-16,2026-09-18
1380.0,142,0,2028-12-16,2026-09-18
1390.0,54,0,2028-12-16,2026-09-18
1400.0,2294,0,2028-12-16,2026-09-18
1410.0,167,0,2028-12-16,2026-09-18
1420.0,65,0,2028-12-16,2026-09-18
1430.0,59,0,2028-12-16,2026-09-18
1440.0,80,0,2028-12-16,2026-09-18
1450.0,1635,0,2028-12-16,2026-09-18
1460.0,1153,0,2028-12-16,2026-09-18
1470.0,270,0,2028-12-16,2026-09-18
1480.0,4756,0,2028-12-16,2026-09-18
200.0,0,3,2029-01-20,2026-09-18
220.0,0,0,2029-01-20,2026-09-18
240.0,0,3,2029-01-20,2026-09-18
260.0,0,0,2029-01-20,2026-09-18
280.0,1,4,2029-01-20,2026-09-18
300.0,4,5,2029-01-20,2026-09-18
320.0,1,3,2029-01-20,2026-09-18
340.0,1,5,2029-01-20,2026-09-18
360.0,0,8,2029-01-20,2026-09-18
370.0,0,0,2029-01-20,2026-09-18
380.0,0,2,2029-01-20,2026-09-18
390.0,1,0,2029-01-20,2026-09-18
400.0,0,75,2029-01-20,2026-09-18
400.0,2,7,2029-01-20,2026-09-18
410.0,0,0,2029-01-20,2026-09-18
420.0,0,5,2029-01-20,2026-09-18
430.0,0,0,2029-01-20,2026-09-18
440.0,0,100,2029-01-20,2026-09-18
440.0,2,0,2029-01-20,2026-09-18
450.0,0,1,2029-01-20,2026-09-18
460.0,0,2,2029-01-20,2026-09-18
470.0,1,0,2029-01-20,2026-09-18
480.0,0,1,2029-01-20,2026-09-18
490.0,1,2,2029-01-20,2026-09-18
500.0,0,50,2029-01-20,2026-09-18
500.0,2,4,2029-01-20,2026-09-18
510.0,0,0,2029-01-20,2026-09-18
520.0,0,1,2029-01-20,2026-09-18
530.0,0,0,2029-01-20,2026-09-18
540.0,0,0,2029-01-20,2026-09-18
550.0,0,0,2029-01-20,2026-09-18
560.0,400,17,2029-01-20,2026-09-18
570.0,0,2,2029-01-20,2026-09-18
580.0,0,0,2029-01-20,2026-09-18
590.0,4,0,2029-01-20,2026-09-18
593.0,0,12,2029-01-20,2026-09-18
600.0,23,2,2029-01-20,2026-09-18
610.0,0,8,2029-01-20,2026-09-18
620.0,1,3,2029-01-20,2026-09-18
630.0,0,0,2029-01-20,2026-09-18
640.0,4,0,2029-01-20,2026-09-18
650.0,8,3,2029-01-20,2026-09-18
660.0,67,2,2029-01-20,2026-09-18
670.0,46,2,2029-01-20,2026-09-18
680.0,55,2,2029-01-20,2026-09-18
690.0,21,0,2029-01-20,2026-09-18
700.0,13,1,2029-01-20,2026-09-18
710.0,14,0,2029-01-20,2026-09-18
720.0,11,3,2029-01-20,2026-09-18
730.0,1,0,2029-01-20,2026-09-18
740.0,8,0,2029-01-20,2026-09-18
750.0,13,0,2029-01-20,2026-09-18
760.0,0,0,2029-01-20,2026-09-18
770.0,12,0,2029-01-20,2026-09-18
770.0,0,0,2029-01-20,2026-09-18
780.0,1,0,2029-01-20,2026-09-18
790.0,0,0,2029-01-20,2026-09-18
800.0,7,0,2029-01-20,2026-09-18
810.0,1,0,2029-01-20,2026-09-18
820.0,0,0,2029-01-20,2026-09-18
830.0,1,0,2029-01-20,2026-09-18
840.0,0,0,2029-01-20,2026-09-18
850.0,2,0,2029-01-20,2026-09-18
860.0,30,0,2029-01-20,2026-09-18
870.0,0,1,2029-01-20,2026-09-18
880.0,0,0,2029-01-20,2026-09-18
890.0,0,0,2029-01-20,2026-09-18
900.0,5,1,2029-01-20,2026-09-18
910.0,0,0,2029-01-20,2026-09-18
920.0,0,0,2029-01-20,2026-09-18
930.0,0,0,2029-01-20,2026-09-18
940.0,0,0,2029-01-20,2026-09-18
950.0,1,0,2029-01-20,2026-09-18
960.0,0,0,2029-01-20,2026-09-18
980.0,0,0,2029-01-20,2026-09-18
1000.0,13,0,2029-01-20,2026-09-18
1020.0,0,0,2029-01-20,2026-09-18
1040.0,1,0,2029-01-20,2026-09-18
1060.0,0,0,2029-01-20,2026-09-18
1080.0,0,0,2029-01-20,2026-09-18
1100.0,0,0,2029-01-20,2026-09-18
1120.0,94,0,2029-01-20,2026-09-18
1140.0,0,0,2029-01-20,2026-09-18
1160.0,0,0,2029-01-20,2026-09-18
1180.0,0,0,2029-01-20,2026-09-18
1200.0,0,0,2029-01-20,2026-09-18
1220.0,0,0,2029-01-20,2026-09-18
1240.0,0,0,2029-01-20,2026-09-18
1260.0,0,0,2029-01-20,2026-09-18
1280.0,1,0,2029-01-20,2026-09-18
1300.0,7,0,2029-01-20,2026-09-18
1320.0,5,0,2029-01-20,2026-09-18
605.13,0,36,2029-02-17,2026-09-18
770.0,36,0,2029-02-17,2026-09-18
605.0,0,36,2029-12-22,2026-09-18
873.09,20,20,2029-12-22,2026-09-18
889.87,36,0,2029-12-22,2026-09-18
485.0,0,31,2030-01-19,2026-09-18
490.0,0,60,2030-01-19,2026-09-18
593.0,0,36,2030-02-16,2026-09-18
885.0,36,0,2030-02-16,2026-09-18
400.0,0,75,2031-01-18,2026-09-18
600.0,0,12,2031-01-18,2026-09-18
964.63,12,0,2031-01-18,2026-09-18
