Strike,Call,Put,Expiry,Date
510.0,0,21,2026-09-22,2026-09-22
515.0,0,1,2026-09-22,2026-09-22
520.0,0,22,2026-09-22,2026-09-22
525.0,0,1,2026-09-22,2026-09-22
530.0,0,29,2026-09-22,2026-09-22
535.0,0,6,2026-09-22,2026-09-22
540.0,0,65,2026-09-22,2026-09-22
545.0,0,29,2026-09-22,2026-09-22
550.0,0,20,2026-09-22,2026-09-22
555.0,0,13,2026-09-22,2026-09-22
557.5,0,75,2026-09-22,2026-09-22
560.0,0,23,2026-09-22,2026-09-22
562.5,0,62,2026-09-22,2026-09-22
565.0,0,49,2026-09-22,2026-09-22
567.5,0,9,2026-09-22,2026-09-22
570.0,0,37,2026-09-22,2026-09-22
572.5,0,25,2026-09-22,2026-09-22
575.0,0,81,2026-09-22,2026-09-22
577.5,0,22,2026-09-22,2026-09-22
580.0,0,30,2026-09-22,2026-09-22
582.5,0,5,2026-09-22,2026-09-22
585.0,0,17,2026-09-22,2026-09-22
587.5,0,5,2026-09-22,2026-09-22
590.0,0,187,2026-09-22,2026-09-22
592.5,0,635,2026-09-22,2026-09-22
595.0,0,202,2026-09-22,2026-09-22
597.5,0,45,2026-09-22,2026-09-22
600.0,0,298,2026-09-22,2026-09-22
602.5,0,25,2026-09-22,2026-09-22
605.0,0,84,2026-09-22,2026-09-22
607.5,0,47,2026-09-22,2026-09-22
610.0,0,268,2026-09-22,2026-09-22
612.5,0,50,2026-09-22,2026-09-22
615.0,0,321,2026-09-22,2026-09-22
617.5,0,86,2026-09-22,2026-09-22
620.0,0,349,2026-09-22,2026-09-22
622.5,0,229,2026-09-22,2026-09-22
625.0,0,334,2026-09-22,2026-09-22
627.5,0,817,2026-09-22,2026-09-22
630.0,0,660,2026-09-22,2026-09-22
632.5,0,287,2026-09-22,2026-09-22
635.0,0,625,2026-09-22,2026-09-22
637.5,0,452,2026-09-22,2026-09-22
640.0,0,1246,2026-09-22,2026-09-22
642.5,0,295,2026-09-22,2026-09-22
645.0,0,1027,2026-09-22,2026-09-22
647.5,0,689,2026-09-22,2026-09-22
650.0,0,1532,2026-09-22,2026-09-22
652.5,0,479,2026-09-22,2026-09-22
655.0,0,453,2026-09-22,2026-09-22
657.5,0,284,2026-09-22,2026-09-22
660.0,0,668,2026-09-22,2026-09-22
662.5,0,510,2026-09-22,2026-09-22
665.0,0,588,2026-09-22,2026-09-22
667.5,0,268,2026-09-22,2026-09-22
670.0,0,1803,2026-09-22,2026-09-22
672.5,0,739,2026-09-22,2026-09-22
675.0,0,1267,2026-09-22,2026-09-22
677.5,0,469,2026-09-22,2026-09-22
680.0,0,1641,2026-09-22,2026-09-22
682.5,0,1630,2026-09-22,2026-09-22
685.0,0,1995,2026-09-22,2026-09-22
687.5,0,1828,2026-09-22,2026-09-22
690.0,0,4296,2026-09-22,2026-09-22
692.5,0,1757,2026-09-22,2026-09-22
695.0,0,2329,2026-09-22,2026-09-22
697.5,0,2514,2026-09-22,2026-09-22
700.0,0,6288,2026-09-22,2026-09-22
702.5,0,1707,2026-09-22,2026-09-22
705.0,0,3543,2026-09-22,2026-09-22
707.5,0,1529,2026-09-22,2026-09-22
710.0,0,7246,2026-09-22,2026-09-22
712.5,0,2758,2026-09-22,2026-09-22
715.0,0,6303,2026-09-22,2026-09-22
717.5,0,2361,2026-09-22,2026-09-22
720.0,0,6032,2026-09-22,2026-09-22
722.5,0,3341,2026-09-22,2026-09-22
725.0,0,4139,2026-09-22,2026-09-22
727.5,0,2362,2026-09-22,2026-09-22
730.0,0,6990,2026-09-22,2026-09-22
732.5,0,1490,2026-09-22,2026-09-22
735.0,0,3606,2026-09-22,2026-09-22
737.5,0,1055,2026-09-22,2026-09-22
740.0,662,2585,2026-09-22,2026-09-22
742.5,1895,10,2026-09-22,2026-09-22
745.0,2733,0,2026-09-22,2026-09-22
747.5,1969,0,2026-09-22,2026-09-22
750.0,2508,2,2026-09-22,2026-09-22
755.0,5142,0,2026-09-22,2026-09-22
760.0,8231,0,2026-09-22,2026-09-22
765.0,3276,0,2026-09-22,2026-09-22
770.0,4006,0,2026-09-22,2026-09-22
775.0,2517,0,2026-09-22,2026-09-22
780.0,325,0,2026-09-22,2026-09-22
785.0,440,0,2026-09-22,2026-09-22
790.0,481,0,2026-09-22,2026-09-22
795.0,12,0,2026-09-22,2026-09-22
800.0,108,0,2026-09-22,2026-09-22
805.0,5,0,2026-09-22,2026-09-22
810.0,2,0,2026-09-22,2026-09-22
815.0,1,0,2026-09-22,2026-09-22
820.0,0,0,2026-09-22,2026-09-22
825.0,5,0,2026-09-22,2026-09-22
830.0,3,0,2026-09-22,2026-09-22
835.0,1,0,2026-09-22,2026-09-22
840.0,4,0,2026-09-22,2026-09-22
845.0,2,0,2026-09-22,2026-09-22
850.0,5,0,2026-09-22,2026-09-22
855.0,3,0,2026-09-22,2026-09-22
860.0,2,0,2026-09-22,2026-09-22
865.0,1,0,2026-09-22,2026-09-22
870.0,3,0,2026-09-22,2026-09-22
875.0,2,0,2026-09-22,2026-09-22
880.0,2,0,2026-09-22,2026-09-22
885.0,11,0,2026-09-22,2026-09-22
890.0,15,0,2026-09-22,2026-09-22
895.0,6,0,2026-09-22,2026-09-22
900.0,263,0,2026-09-22,2026-09-22
905.0,14,0,2026-09-22,2026-09-22
910.0,9,0,2026-09-22,2026-09-22
915.0,256,0,2026-09-22,2026-09-22
920.0,254,0,2026-09-22,2026-09-22
925.0,7,0,2026-09-22,2026-09-22
930.0,13,0,2026-09-22,2026-09-22
935.0,5,0,2026-09-22,2026-09-22
940.0,5,0,2026-09-22,2026-09-22
945.0,23,0,2026-09-22,2026-09-22
950.0,253,0,2026-09-22,2026-09-22
955.0,253,0,2026-09-22,2026-09-22
960.0,21,0,2026-09-22,2026-09-22
965.0,1,0,2026-09-22,2026-09-22
970.0,0,0,2026-09-22,2026-09-22
975.0,0,0,2026-09-22,2026-09-22
980.0,0,0,2026-09-22,2026-09-22
985.0,40,0,2026-09-22,2026-09-22
770.0,200,200,2026-09-23,2026-09-22
510.0,0,3,2026-09-24,2026-09-22
515.0,0,0,2026-09-24,2026-09-22
520.0,2,0,2026-09-24,2026-09-22
525.0,2,0,2026-09-24,2026-09-22
530.0,0,1,2026-09-24,2026-09-22
535.0,0,0,2026-09-24,2026-09-22
540.0,3,14,2026-09-24,2026-09-22
545.0,3,6,2026-09-24,2026-09-22
550.0,0,595,2026-09-24,2026-09-22
555.0,0,42,2026-09-24,2026-09-22
560.0,4,53,2026-09-24,2026-09-22
562.5,0,15,2026-09-24,2026-09-22
565.0,0,12,2026-09-24,2026-09-22
567.5,0,7,2026-09-24,2026-09-22
570.0,0,13,2026-09-24,2026-09-22
572.5,0,3,2026-09-24,2026-09-22
575.0,0,9,2026-09-24,2026-09-22
577.5,0,6,2026-09-24,2026-09-22
580.0,0,57,2026-09-24,2026-09-22
582.5,0,9,2026-09-24,2026-09-22
585.0,2,41,2026-09-24,2026-09-22
587.5,0,59,2026-09-24,2026-09-22
590.0,2,113,2026-09-24,2026-09-22
592.5,0,16,2026-09-24,2026-09-22
595.0,0,50,2026-09-24,2026-09-22
597.5,0,52,2026-09-24,2026-09-22
600.0,8,497,2026-09-24,2026-09-22
602.5,0,30,2026-09-24,2026-09-22
605.0,3,53,2026-09-24,2026-09-22
607.5,2,83,2026-09-24,2026-09-22
610.0,0,440,2026-09-24,2026-09-22
612.5,7,39,2026-09-24,2026-09-22
615.0,37,70,2026-09-24,2026-09-22
617.5,52,72,2026-09-24,2026-09-22
620.0,26,189,2026-09-24,2026-09-22
622.5,9,119,2026-09-24,2026-09-22
625.0,30,271,2026-09-24,2026-09-22
627.5,31,95,2026-09-24,2026-09-22
630.0,49,152,2026-09-24,2026-09-22
632.5,23,303,2026-09-24,2026-09-22
635.0,63,295,2026-09-24,2026-09-22
637.5,4,87,2026-09-24,2026-09-22
640.0,74,219,2026-09-24,2026-09-22
642.5,35,200,2026-09-24,2026-09-22
645.0,152,414,2026-09-24,2026-09-22
647.5,52,742,2026-09-24,2026-09-22
650.0,107,872,2026-09-24,2026-09-22
652.5,45,90,2026-09-24,2026-09-22
655.0,276,504,2026-09-24,2026-09-22
657.5,84,69,2026-09-24,2026-09-22
660.0,92,687,2026-09-24,2026-09-22
662.5,63,436,2026-09-24,2026-09-22
665.0,316,432,2026-09-24,2026-09-22
667.5,158,393,2026-09-24,2026-09-22
670.0,526,1850,2026-09-24,2026-09-22
672.5,283,280,2026-09-24,2026-09-22
675.0,513,494,2026-09-24,2026-09-22
677.5,231,669,2026-09-24,2026-09-22
680.0,393,1644,2026-09-24,2026-09-22
682.5,694,344,2026-09-24,2026-09-22
685.0,1393,1704,2026-09-24,2026-09-22
687.5,1082,503,2026-09-24,2026-09-22
690.0,498,1969,2026-09-24,2026-09-22
692.5,486,324,2026-09-24,2026-09-22
695.0,373,1191,2026-09-24,2026-09-22
697.5,337,946,2026-09-24,2026-09-22
700.0,928,4011,2026-09-24,2026-09-22
702.5,136,741,2026-09-24,2026-09-22
705.0,381,2537,2026-09-24,2026-09-22
707.5,281,853,2026-09-24,2026-09-22
710.0,633,2012,2026-09-24,2026-09-22
712.5,758,668,2026-09-24,2026-09-22
715.0,884,1252,2026-09-24,2026-09-22
717.5,653,1108,2026-09-24,2026-09-22
720.0,1237,2648,2026-09-24,2026-09-22
722.5,645,343,2026-09-24,2026-09-22
725.0,720,804,2026-09-24,2026-09-22
727.5,631,769,2026-09-24,2026-09-22
730.0,1763,1176,2026-09-24,2026-09-22
732.5,645,364,2026-09-24,2026-09-22
735.0,1078,625,2026-09-24,2026-09-22
737.5,487,856,2026-09-24,2026-09-22
740.0,1552,1199,2026-09-24,2026-09-22
742.5,490,455,2026-09-24,2026-09-22
745.0,1415,637,2026-09-24,2026-09-22
747.5,621,223,2026-09-24,2026-09-22
750.0,1911,562,2026-09-24,2026-09-22
755.0,412,103,2026-09-24,2026-09-22
760.0,2051,64,2026-09-24,2026-09-22
765.0,1281,82,2026-09-24,2026-09-22
770.0,1950,19,2026-09-24,2026-09-22
775.0,932,52,2026-09-24,2026-09-22
780.0,1164,29,2026-09-24,2026-09-22
785.0,503,12,2026-09-24,2026-09-22
790.0,3753,5,2026-09-24,2026-09-22
795.0,413,0,2026-09-24,2026-09-22
800.0,5773,69,2026-09-24,2026-09-22
805.0,417,15,2026-09-24,2026-09-22
810.0,1099,1,2026-09-24,2026-09-22
815.0,253,4,2026-09-24,2026-09-22
820.0,387,0,2026-09-24,2026-09-22
825.0,575,0,2026-09-24,2026-09-22
830.0,174,20,2026-09-24,2026-09-22
835.0,115,0,2026-09-24,2026-09-22
840.0,551,0,2026-09-24,2026-09-22
845.0,306,0,2026-09-24,2026-09-22
850.0,780,0,2026-09-24,2026-09-22
855.0,257,0,2026-09-24,2026-09-22
860.0,221,0,2026-09-24,2026-09-22
865.0,64,0,2026-09-24,2026-09-22
870.0,100,0,2026-09-24,2026-09-22
875.0,54,0,2026-09-24,2026-09-22
880.0,296,0,2026-09-24,2026-09-22
885.0,207,0,2026-09-24,2026-09-22
890.0,45,0,2026-09-24,2026-09-22
895.0,56,0,2026-09-24,2026-09-22
900.0,51,0,2026-09-24,2026-09-22
905.0,15,0,2026-09-24,2026-09-22
910.0,65,0,2026-09-24,2026-09-22
915.0,10,0,2026-09-24,2026-09-22
920.0,209,0,2026-09-24,2026-09-22
925.0,127,0,2026-09-24,2026-09-22
930.0,141,0,2026-09-24,2026-09-22
935.0,4,0,2026-09-24,2026-09-22
940.0,22,0,2026-09-24,2026-09-22
945.0,7,0,2026-09-24,2026-09-22
950.0,4,0,2026-09-24,2026-09-22
955.0,3,0,2026-09-24,2026-09-22
960.0,29,0,2026-09-24,2026-09-22
965.0,1,0,2026-09-24,2026-09-22
970.0,0,0,2026-09-24,2026-09-22
975.0,0,0,2026-09-24,2026-09-22
980.0,0,0,2026-09-24,2026-09-22
985.0,22,0,2026-09-24,2026-09-22
100.0,0,0,2026-09-26,2026-09-22
110.0,0,0,2026-09-26,2026-09-22
120.0,0,0,2026-09-26,2026-09-22
130.0,0,1002,2026-09-26,2026-09-22
140.0,0,1000,2026-09-26,2026-09-22
150.0,0,1000,2026-09-26,2026-09-22
160.0,0,0,2026-09-26,2026-09-22
170.0,0,0,2026-09-26,2026-09-22
180.0,0,0,2026-09-26,2026-09-22
190.0,0,0,2026-09-26,2026-09-22
200.0,0,129,2026-09-26,2026-09-22
210.0,0,143,2026-09-26,2026-09-22
220.0,0,38,2026-09-26,2026-09-22
230.0,0,36,2026-09-26,2026-09-22
240.0,0,17,2026-09-26,2026-09-22
250.0,0,46,2026-09-26,2026-09-22
260.0,0,13,2026-09-26,2026-09-22
270.0,0,12,2026-09-26,2026-09-22
280.0,0,0,2026-09-26,2026-09-22
290.0,0,3,2026-09-26,2026-09-22
300.0,0,145,2026-09-26,2026-09-22
310.0,0,38,2026-09-26,2026-09-22
320.0,0,98,2026-09-26,2026-09-22
330.0,0,15,2026-09-26,2026-09-22
340.0,0,17,2026-09-26,2026-09-22
350.0,0,631,2026-09-26,2026-09-22
360.0,0,67,2026-09-26,2026-09-22
370.0,0,765,2026-09-26,2026-09-22
380.0,0,138,2026-09-26,2026-09-22
390.0,0,151,2026-09-26,2026-09-22
400.0,1,245,2026-09-26,2026-09-22
405.0,0,164,2026-09-26,2026-09-22
410.0,0,293,2026-09-26,2026-09-22
415.0,0,334,2026-09-26,2026-09-22
420.0,0,83,2026-09-26,2026-09-22
425.0,0,83,2026-09-26,2026-09-22
430.0,0,49,2026-09-26,2026-09-22
435.0,0,83,2026-09-26,2026-09-22
440.0,31,44,2026-09-26,2026-09-22
445.0,0,293,2026-09-26,2026-09-22
450.0,27,270,2026-09-26,2026-09-22
455.0,0,104,2026-09-26,2026-09-22
460.0,0,40,2026-09-26,2026-09-22
465.0,0,202,2026-09-26,2026-09-22
470.0,0,194,2026-09-26,2026-09-22
475.0,0,233,2026-09-26,2026-09-22
480.0,0,526,2026-09-26,2026-09-22
485.0,0,291,2026-09-26,2026-09-22
490.0,0,277,2026-09-26,2026-09-22
495.0,0,338,2026-09-26,2026-09-22
500.0,6,387,2026-09-26,2026-09-22
505.0,1,261,2026-09-26,2026-09-22
510.0,0,494,2026-09-26,2026-09-22
515.0,3,530,2026-09-26,2026-09-22
520.0,5,4995,2026-09-26,2026-09-22
525.0,3,389,2026-09-26,2026-09-22
530.0,16,902,2026-09-26,2026-09-22
535.0,10,541,2026-09-26,2026-09-22
540.0,60,443,2026-09-26,2026-09-22
545.0,127,277,2026-09-26,2026-09-22
547.5,8,34,2026-09-26,2026-09-22
550.0,169,1893,2026-09-26,2026-09-22
552.5,5,128,2026-09-26,2026-09-22
555.0,14,273,2026-09-26,2026-09-22
557.5,2,17,2026-09-26,2026-09-22
560.0,31,2148,2026-09-26,2026-09-22
562.5,5,66,2026-09-26,2026-09-22
565.0,320,610,2026-09-26,2026-09-22
567.5,3,784,2026-09-26,2026-09-22
570.0,321,705,2026-09-26,2026-09-22
572.5,5,36,2026-09-26,2026-09-22
575.0,276,1169,2026-09-26,2026-09-22
577.5,4,114,2026-09-26,2026-09-22
580.0,576,841,2026-09-26,2026-09-22
582.5,10,38,2026-09-26,2026-09-22
585.0,592,457,2026-09-26,2026-09-22
587.5,14,59,2026-09-26,2026-09-22
590.0,742,687,2026-09-26,2026-09-22
592.5,18,44,2026-09-26,2026-09-22
595.0,410,398,2026-09-26,2026-09-22
597.5,12,149,2026-09-26,2026-09-22
600.0,8000,8000,2026-09-26,2026-09-22
600.0,1650,1785,2026-09-26,2026-09-22
602.5,16,58,2026-09-26,2026-09-22
605.0,605,942,2026-09-26,2026-09-22
607.5,5,120,2026-09-26,2026-09-22
610.0,702,2030,2026-09-26,2026-09-22
612.5,59,530,2026-09-26,2026-09-22
615.0,874,960,2026-09-26,2026-09-22
617.5,25,189,2026-09-26,2026-09-22
620.0,1220,1049,2026-09-26,2026-09-22
622.5,28,173,2026-09-26,2026-09-22
625.0,1164,1065,2026-09-26,2026-09-22
627.5,88,249,2026-09-26,2026-09-22
630.0,321,759,2026-09-26,2026-09-22
632.5,107,189,2026-09-26,2026-09-22
635.0,806,1033,2026-09-26,2026-09-22
637.5,36,378,2026-09-26,2026-09-22
640.0,761,6074,2026-09-26,2026-09-22
642.5,29,218,2026-09-26,2026-09-22
645.0,753,935,2026-09-26,2026-09-22
647.5,2544,274,2026-09-26,2026-09-22
650.0,4388,6048,2026-09-26,2026-09-22
652.5,89,289,2026-09-26,2026-09-22
655.0,1056,749,2026-09-26,2026-09-22
657.5,162,286,2026-09-26,2026-09-22
660.0,2494,1342,2026-09-26,2026-09-22
662.5,116,496,2026-09-26,2026-09-22
665.0,731,927,2026-09-26,2026-09-22
667.5,296,363,2026-09-26,2026-09-22
670.0,1451,2248,2026-09-26,2026-09-22
672.5,340,909,2026-09-26,2026-09-22
675.0,2106,1447,2026-09-26,2026-09-22
677.5,454,461,2026-09-26,2026-09-22
680.0,2026,1364,2026-09-26,2026-09-22
682.5,188,620,2026-09-26,2026-09-22
685.0,1825,978,2026-09-26,2026-09-22
687.5,2229,639,2026-09-26,2026-09-22
690.0,1922,1133,2026-09-26,2026-09-22
692.5,1021,300,2026-09-26,2026-09-22
695.0,712,1724,2026-09-26,2026-09-22
697.5,368,243,2026-09-26,2026-09-22
700.0,3907,4171,2026-09-26,2026-09-22
702.5,2637,2355,2026-09-26,2026-09-22
705.0,3403,659,2026-09-26,2026-09-22
707.5,216,262,2026-09-26,2026-09-22
710.0,2190,1591,2026-09-26,2026-09-22
712.5,486,198,2026-09-26,2026-09-22
715.0,791,2367,2026-09-26,2026-09-22
717.5,1532,554,2026-09-26,2026-09-22
720.0,2919,1318,2026-09-26,2026-09-22
722.5,837,947,2026-09-26,2026-09-22
725.0,1469,1080,2026-09-26,2026-09-22
727.5,1089,464,2026-09-26,2026-09-22
730.0,1741,936,2026-09-26,2026-09-22
732.5,364,257,2026-09-26,2026-09-22
735.0,1375,221,2026-09-26,2026-09-22
737.5,370,171,2026-09-26,2026-09-22
740.0,3386,1752,2026-09-26,2026-09-22
742.5,1164,235,2026-09-26,2026-09-22
745.0,1300,358,2026-09-26,2026-09-22
747.5,726,125,2026-09-26,2026-09-22
750.0,7523,652,2026-09-26,2026-09-22
755.0,1205,141,2026-09-26,2026-09-22
760.0,2607,269,2026-09-26,2026-09-22
765.0,5564,53,2026-09-26,2026-09-22
770.0,2856,68,2026-09-26,2026-09-22
775.0,5583,44,2026-09-26,2026-09-22
780.0,1459,27,2026-09-26,2026-09-22
785.0,1703,27,2026-09-26,2026-09-22
790.0,721,168,2026-09-26,2026-09-22
795.0,333,5,2026-09-26,2026-09-22
800.0,3488,136,2026-09-26,2026-09-22
805.0,474,4,2026-09-26,2026-09-22
810.0,1573,5,2026-09-26,2026-09-22
815.0,765,1,2026-09-26,2026-09-22
820.0,1263,10,2026-09-26,2026-09-22
825.0,426,0,2026-09-26,2026-09-22
830.0,2,0,2026-09-26,2026-09-22
830.0,502,14,2026-09-26,2026-09-22
835.0,194,0,2026-09-26,2026-09-22
840.0,199,0,2026-09-26,2026-09-22
845.0,685,0,2026-09-26,2026-09-22
850.0,1358,0,2026-09-26,2026-09-22
855.0,1041,0,2026-09-26,2026-09-22
860.0,247,0,2026-09-26,2026-09-22
865.0,518,0,2026-09-26,2026-09-22
870.0,624,0,2026-09-26,2026-09-22
875.0,261,0,2026-09-26,2026-09-22
880.0,2956,0,2026-09-26,2026-09-22
885.0,110,0,2026-09-26,2026-09-22
890.0,534,0,2026-09-26,2026-09-22
895.0,244,0,2026-09-26,2026-09-22
900.0,918,0,2026-09-26,2026-09-22
905.0,333,0,2026-09-26,2026-09-22
910.0,279,0,2026-09-26,2026-09-22
915.0,261,0,2026-09-26,2026-09-22
920.0,513,0,2026-09-26,2026-09-22
925.0,259,0,2026-09-26,2026-09-22
930.0,344,0,2026-09-26,2026-09-22
935.0,153,0,2026-09-26,2026-09-22
940.0,532,0,2026-09-26,2026-09-22
945.0,248,0,2026-09-26,2026-09-22
950.0,159,0,2026-09-26,2026-09-22
955.0,167,0,2026-09-26,2026-09-22
960.0,182,0,2026-09-26,2026-09-22
965.0,113,0,2026-09-26,2026-09-22
970.0,166,0,2026-09-26,2026-09-22
975.0,159,0,2026-09-26,2026-09-22
980.0,246,0,2026-09-26,2026-09-22
985.0,240,0,2026-09-26,2026-09-22
990.0,161,0,2026-09-26,2026-09-22
995.0,151,0,2026-09-26,2026-09-22
1000.0,982,0,2026-09-26,2026-09-22
1010.0,381,0,2026-09-26,2026-09-22
1020.0,189,0,2026-09-26,2026-09-22
1030.0,217,0,2026-09-26,2026-09-22
1040.0,463,0,2026-09-26,2026-09-22
1050.0,318,0,2026-09-26,2026-09-22
1060.0,199,0,2026-09-26,2026-09-22
1070.0,467,0,2026-09-26,2026-09-22
510.0,0,9,2026-09-29,2026-09-22
515.0,0,8,2026-09-29,2026-09-22
520.0,0,1,2026-09-29,2026-09-22
525.0,0,2,2026-09-29,2026-09-22
530.0,0,5,2026-09-29,2026-09-22
535.0,0,5,2026-09-29,2026-09-22
540.0,0,5,2026-09-29,2026-09-22
545.0,0,1,2026-09-29,2026-09-22
550.0,0,6,2026-09-29,2026-09-22
555.0,0,16,2026-09-29,2026-09-22
560.0,0,3,2026-09-29,2026-09-22
565.0,1,103,2026-09-29,2026-09-22
570.0,2,5,2026-09-29,2026-09-22
575.0,3,11,2026-09-29,2026-09-22
580.0,26,23,2026-09-29,2026-09-22
585.0,6,15,2026-09-29,2026-09-22
587.5,0,3,2026-09-29,2026-09-22
590.0,9,34,2026-09-29,2026-09-22
592.5,3,2,2026-09-29,2026-09-22
595.0,9,14,2026-09-29,2026-09-22
597.5,3,1,2026-09-29,2026-09-22
600.0,16,58,2026-09-29,2026-09-22
602.5,0,0,2026-09-29,2026-09-22
605.0,2,14,2026-09-29,2026-09-22
607.5,0,6,2026-09-29,2026-09-22
610.0,0,57,2026-09-29,2026-09-22
612.5,0,6,2026-09-29,2026-09-22
615.0,2,17,2026-09-29,2026-09-22
617.5,5,12,2026-09-29,2026-09-22
620.0,2,35,2026-09-29,2026-09-22
622.5,2,25,2026-09-29,2026-09-22
625.0,8,24,2026-09-29,2026-09-22
627.5,1,91,2026-09-29,2026-09-22
630.0,2,105,2026-09-29,2026-09-22
632.5,0,13,2026-09-29,2026-09-22
635.0,3,164,2026-09-29,2026-09-22
637.5,0,19,2026-09-29,2026-09-22
640.0,8,68,2026-09-29,2026-09-22
642.5,0,128,2026-09-29,2026-09-22
645.0,7,35,2026-09-29,2026-09-22
647.5,3,12,2026-09-29,2026-09-22
650.0,96,187,2026-09-29,2026-09-22
652.5,1,18,2026-09-29,2026-09-22
655.0,24,356,2026-09-29,2026-09-22
657.5,10,31,2026-09-29,2026-09-22
660.0,27,229,2026-09-29,2026-09-22
662.5,40,55,2026-09-29,2026-09-22
665.0,73,201,2026-09-29,2026-09-22
667.5,184,56,2026-09-29,2026-09-22
670.0,139,196,2026-09-29,2026-09-22
672.5,137,75,2026-09-29,2026-09-22
675.0,119,246,2026-09-29,2026-09-22
677.5,43,240,2026-09-29,2026-09-22
680.0,195,402,2026-09-29,2026-09-22
682.5,31,142,2026-09-29,2026-09-22
685.0,121,357,2026-09-29,2026-09-22
687.5,26,22,2026-09-29,2026-09-22
690.0,171,156,2026-09-29,2026-09-22
692.5,29,41,2026-09-29,2026-09-22
695.0,103,143,2026-09-29,2026-09-22
697.5,64,252,2026-09-29,2026-09-22
700.0,250,1289,2026-09-29,2026-09-22
702.5,47,126,2026-09-29,2026-09-22
705.0,168,76,2026-09-29,2026-09-22
707.5,48,72,2026-09-29,2026-09-22
710.0,133,466,2026-09-29,2026-09-22
712.5,61,73,2026-09-29,2026-09-22
715.0,69,185,2026-09-29,2026-09-22
717.5,57,176,2026-09-29,2026-09-22
720.0,118,81,2026-09-29,2026-09-22
722.5,44,55,2026-09-29,2026-09-22
725.0,283,127,2026-09-29,2026-09-22
727.5,77,54,2026-09-29,2026-09-22
730.0,148,146,2026-09-29,2026-09-22
732.5,34,30,2026-09-29,2026-09-22
735.0,89,59,2026-09-29,2026-09-22
737.5,88,60,2026-09-29,2026-09-22
740.0,214,118,2026-09-29,2026-09-22
742.5,78,135,2026-09-29,2026-09-22
745.0,95,83,2026-09-29,2026-09-22
747.5,86,74,2026-09-29,2026-09-22
750.0,512,105,2026-09-29,2026-09-22
755.0,394,42,2026-09-29,2026-09-22
760.0,357,11,2026-09-29,2026-09-22
765.0,640,8,2026-09-29,2026-09-22
770.0,777,10,2026-09-29,2026-09-22
775.0,157,35,2026-09-29,2026-09-22
780.0,387,8,2026-09-29,2026-09-22
785.0,66,1,2026-09-29,2026-09-22
790.0,207,10,2026-09-29,2026-09-22
795.0,69,12,2026-09-29,2026-09-22
800.0,1176,0,2026-09-29,2026-09-22
805.0,77,0,2026-09-29,2026-09-22
810.0,47,2,2026-09-29,2026-09-22
815.0,64,0,2026-09-29,2026-09-22
820.0,93,0,2026-09-29,2026-09-22
825.0,34,0,2026-09-29,2026-09-22
830.0,48,1,2026-09-29,2026-09-22
835.0,31,0,2026-09-29,2026-09-22
840.0,46,14,2026-09-29,2026-09-22
845.0,34,0,2026-09-29,2026-09-22
850.0,233,2,2026-09-29,2026-09-22
855.0,17,0,2026-09-29,2026-09-22
860.0,13,0,2026-09-29,2026-09-22
865.0,20,0,2026-09-29,2026-09-22
870.0,8,0,2026-09-29,2026-09-22
875.0,6,0,2026-09-29,2026-09-22
880.0,155,0,2026-09-29,2026-09-22
885.0,3,0,2026-09-29,2026-09-22
890.0,63,0,2026-09-29,2026-09-22
895.0,51,0,2026-09-29,2026-09-22
900.0,352,0,2026-09-29,2026-09-22
905.0,0,0,2026-09-29,2026-09-22
910.0,3,0,2026-09-29,2026-09-22
915.0,0,0,2026-09-29,2026-09-22
920.0,1,0,2026-09-29,2026-09-22
925.0,0,0,2026-09-29,2026-09-22
930.0,1,0,2026-09-29,2026-09-22
935.0,0,0,2026-09-29,2026-09-22
940.0,175,0,2026-09-29,2026-09-22
945.0,0,0,2026-09-29,2026-09-22
950.0,0,0,2026-09-29,2026-09-22
955.0,0,0,2026-09-29,2026-09-22
960.0,0,0,2026-09-29,2026-09-22
965.0,0,0,2026-09-29,2026-09-22
970.0,0,0,2026-09-29,2026-09-22
975.0,0,0,2026-09-29,2026-09-22
980.0,0,0,2026-09-29,2026-09-22
985.0,2,0,2026-09-29,2026-09-22
478.7,0,174,2026-09-30,2026-09-22
733.5,174,0,2026-09-30,2026-09-22
510.0,0,52,2026-10-01,2026-09-22
515.0,0,1,2026-10-01,2026-09-22
520.0,0,2,2026-10-01,2026-09-22
525.0,0,9,2026-10-01,2026-09-22
530.0,0,55,2026-10-01,2026-09-22
535.0,0,0,2026-10-01,2026-09-22
540.0,0,0,2026-10-01,2026-09-22
545.0,0,0,2026-10-01,2026-09-22
550.0,0,20,2026-10-01,2026-09-22
555.0,0,4,2026-10-01,2026-09-22
560.0,0,25,2026-10-01,2026-09-22
565.0,1,1,2026-10-01,2026-09-22
570.0,4,10,2026-10-01,2026-09-22
575.0,5,6,2026-10-01,2026-09-22
577.5,3,2,2026-10-01,2026-09-22
580.0,3,15,2026-10-01,2026-09-22
582.5,6,2,2026-10-01,2026-09-22
585.0,1,12,2026-10-01,2026-09-22
587.5,2,0,2026-10-01,2026-09-22
590.0,1,2,2026-10-01,2026-09-22
592.5,0,2,2026-10-01,2026-09-22
595.0,1,51,2026-10-01,2026-09-22
597.5,0,7,2026-10-01,2026-09-22
600.0,0,212,2026-10-01,2026-09-22
602.5,1,2,2026-10-01,2026-09-22
605.0,8,40,2026-10-01,2026-09-22
607.5,4,17,2026-10-01,2026-09-22
610.0,5,115,2026-10-01,2026-09-22
612.5,3,6,2026-10-01,2026-09-22
615.0,7,45,2026-10-01,2026-09-22
617.5,7,12,2026-10-01,2026-09-22
620.0,8,49,2026-10-01,2026-09-22
622.5,2,12,2026-10-01,2026-09-22
625.0,4,293,2026-10-01,2026-09-22
627.5,1,11,2026-10-01,2026-09-22
630.0,7,43,2026-10-01,2026-09-22
632.5,0,14,2026-10-01,2026-09-22
635.0,4,32,2026-10-01,2026-09-22
637.5,0,57,2026-10-01,2026-09-22
640.0,6,103,2026-10-01,2026-09-22
642.5,20,3,2026-10-01,2026-09-22
645.0,37,181,2026-10-01,2026-09-22
647.5,1,21,2026-10-01,2026-09-22
650.0,21,606,2026-10-01,2026-09-22
652.5,3,27,2026-10-01,2026-09-22
655.0,57,96,2026-10-01,2026-09-22
657.5,0,165,2026-10-01,2026-09-22
660.0,6,48,2026-10-01,2026-09-22
662.5,4,20,2026-10-01,2026-09-22
665.0,35,43,2026-10-01,2026-09-22
667.5,8,27,2026-10-01,2026-09-22
670.0,122,270,2026-10-01,2026-09-22
672.5,81,57,2026-10-01,2026-09-22
675.0,95,149,2026-10-01,2026-09-22
677.5,48,39,2026-10-01,2026-09-22
680.0,145,438,2026-10-01,2026-09-22
682.5,21,46,2026-10-01,2026-09-22
685.0,60,143,2026-10-01,2026-09-22
687.5,11,41,2026-10-01,2026-09-22
690.0,141,90,2026-10-01,2026-09-22
692.5,14,17,2026-10-01,2026-09-22
695.0,71,35,2026-10-01,2026-09-22
697.5,9,55,2026-10-01,2026-09-22
700.0,239,151,2026-10-01,2026-09-22
702.5,23,15,2026-10-01,2026-09-22
705.0,99,65,2026-10-01,2026-09-22
707.5,12,89,2026-10-01,2026-09-22
710.0,48,68,2026-10-01,2026-09-22
712.5,8,45,2026-10-01,2026-09-22
715.0,53,15,2026-10-01,2026-09-22
717.5,15,17,2026-10-01,2026-09-22
720.0,180,234,2026-10-01,2026-09-22
722.5,56,27,2026-10-01,2026-09-22
725.0,79,28,2026-10-01,2026-09-22
727.5,14,15,2026-10-01,2026-09-22
730.0,67,80,2026-10-01,2026-09-22
732.5,11,14,2026-10-01,2026-09-22
735.0,42,123,2026-10-01,2026-09-22
737.5,15,10,2026-10-01,2026-09-22
740.0,171,33,2026-10-01,2026-09-22
742.5,27,39,2026-10-01,2026-09-22
745.0,61,89,2026-10-01,2026-09-22
747.5,18,13,2026-10-01,2026-09-22
750.0,3914,80,2026-10-01,2026-09-22
755.0,74,1,2026-10-01,2026-09-22
760.0,52,17,2026-10-01,2026-09-22
765.0,130,0,2026-10-01,2026-09-22
770.0,270,0,2026-10-01,2026-09-22
770.0,373,0,2026-10-01,2026-09-22
775.0,111,15,2026-10-01,2026-09-22
780.0,78,0,2026-10-01,2026-09-22
785.0,51,1,2026-10-01,2026-09-22
790.0,206,5,2026-10-01,2026-09-22
795.0,30,0,2026-10-01,2026-09-22
800.0,4773,0,2026-10-01,2026-09-22
805.0,45,0,2026-10-01,2026-09-22
810.0,42,1,2026-10-01,2026-09-22
815.0,36,0,2026-10-01,2026-09-22
820.0,47,0,2026-10-01,2026-09-22
825.0,22,0,2026-10-01,2026-09-22
830.0,14,0,2026-10-01,2026-09-22
835.0,30,0,2026-10-01,2026-09-22
840.0,79,0,2026-10-01,2026-09-22
845.0,10,0,2026-10-01,2026-09-22
850.0,315,0,2026-10-01,2026-09-22
855.0,74,0,2026-10-01,2026-09-22
860.0,1,0,2026-10-01,2026-09-22
865.0,0,0,2026-10-01,2026-09-22
870.0,6,0,2026-10-01,2026-09-22
875.0,26,0,2026-10-01,2026-09-22
880.0,15,0,2026-10-01,2026-09-22
885.0,4,0,2026-10-01,2026-09-22
890.0,12,0,2026-10-01,2026-09-22
895.0,0,0,2026-10-01,2026-09-22
900.0,86,0,2026-10-01,2026-09-22
905.0,3,0,2026-10-01,2026-09-22
910.0,1,0,2026-10-01,2026-09-22
915.0,5,0,2026-10-01,2026-09-22
920.0,68,0,2026-10-01,2026-09-22
925.0,1,0,2026-10-01,2026-09-22
930.0,1,0,2026-10-01,2026-09-22
935.0,3,0,2026-10-01,2026-09-22
940.0,0,0,2026-10-01,2026-09-22
945.0,0,0,2026-10-01,2026-09-22
950.0,2,0,2026-10-01,2026-09-22
955.0,0,0,2026-10-01,2026-09-22
960.0,101,0,2026-10-01,2026-09-22
965.0,3,0,2026-10-01,2026-09-22
970.0,0,0,2026-10-01,2026-09-22
975.0,0,0,2026-10-01,2026-09-22
980.0,1,0,2026-10-01,2026-09-22
985.0,0,0,2026-10-01,2026-09-22
770.0,97,0,2026-10-02,2026-09-22
100.0,0,0,2026-10-03,2026-09-22
110.0,0,0,2026-10-03,2026-09-22
120.0,0,0,2026-10-03,2026-09-22
130.0,0,11,2026-10-03,2026-09-22
140.0,0,0,2026-10-03,2026-09-22
150.0,0,1053,2026-10-03,2026-09-22
160.0,0,0,2026-10-03,2026-09-22
170.0,0,0,2026-10-03,2026-09-22
180.0,0,0,2026-10-03,2026-09-22
190.0,0,0,2026-10-03,2026-09-22
200.0,0,12,2026-10-03,2026-09-22
210.0,0,0,2026-10-03,2026-09-22
220.0,2,0,2026-10-03,2026-09-22
230.0,0,0,2026-10-03,2026-09-22
240.0,1,0,2026-10-03,2026-09-22
250.0,0,0,2026-10-03,2026-09-22
260.0,0,0,2026-10-03,2026-09-22
270.0,0,2,2026-10-03,2026-09-22
280.0,0,1,2026-10-03,2026-09-22
290.0,2,0,2026-10-03,2026-09-22
300.0,2,98,2026-10-03,2026-09-22
310.0,0,5,2026-10-03,2026-09-22
320.0,0,3,2026-10-03,2026-09-22
330.0,0,13,2026-10-03,2026-09-22
340.0,0,6,2026-10-03,2026-09-22
350.0,0,153,2026-10-03,2026-09-22
360.0,0,29,2026-10-03,2026-09-22
370.0,0,17,2026-10-03,2026-09-22
380.0,0,21,2026-10-03,2026-09-22
390.0,0,10,2026-10-03,2026-09-22
400.0,3,192,2026-10-03,2026-09-22
405.0,0,25,2026-10-03,2026-09-22
410.0,0,35,2026-10-03,2026-09-22
415.0,1,121,2026-10-03,2026-09-22
420.0,0,13,2026-10-03,2026-09-22
425.0,0,35,2026-10-03,2026-09-22
430.0,0,57,2026-10-03,2026-09-22
435.0,1,38,2026-10-03,2026-09-22
440.0,0,164,2026-10-03,2026-09-22
445.0,0,48,2026-10-03,2026-09-22
450.0,0,82,2026-10-03,2026-09-22
455.0,0,288,2026-10-03,2026-09-22
460.0,0,252,2026-10-03,2026-09-22
465.0,0,54,2026-10-03,2026-09-22
470.0,1,272,2026-10-03,2026-09-22
475.0,1,401,2026-10-03,2026-09-22
480.0,2,213,2026-10-03,2026-09-22
485.0,1,166,2026-10-03,2026-09-22
490.0,13,422,2026-10-03,2026-09-22
495.0,2,199,2026-10-03,2026-09-22
500.0,39,620,2026-10-03,2026-09-22
505.0,13,368,2026-10-03,2026-09-22
510.0,12,212,2026-10-03,2026-09-22
515.0,7,2680,2026-10-03,2026-09-22
520.0,0,133,2026-10-03,2026-09-22
520.0,59,352,2026-10-03,2026-09-22
525.0,15,408,2026-10-03,2026-09-22
530.0,62,466,2026-10-03,2026-09-22
535.0,15,241,2026-10-03,2026-09-22
540.0,3000,3019,2026-10-03,2026-09-22
540.0,79,3983,2026-10-03,2026-09-22
545.0,39,514,2026-10-03,2026-09-22
550.0,160,517,2026-10-03,2026-09-22
555.0,137,285,2026-10-03,2026-09-22
560.0,84,867,2026-10-03,2026-09-22
565.0,272,156,2026-10-03,2026-09-22
570.0,350,242,2026-10-03,2026-09-22
572.5,2,25,2026-10-03,2026-09-22
575.0,191,210,2026-10-03,2026-09-22
577.5,0,0,2026-10-03,2026-09-22
580.0,237,492,2026-10-03,2026-09-22
582.5,0,0,2026-10-03,2026-09-22
585.0,145,544,2026-10-03,2026-09-22
587.5,0,10,2026-10-03,2026-09-22
590.0,263,428,2026-10-03,2026-09-22
592.5,1,5,2026-10-03,2026-09-22
595.0,790,260,2026-10-03,2026-09-22
597.5,3,3,2026-10-03,2026-09-22
600.0,6000,6000,2026-10-03,2026-09-22
600.0,510,1884,2026-10-03,2026-09-22
602.5,1,2,2026-10-03,2026-09-22
605.0,369,840,2026-10-03,2026-09-22
607.5,20,9,2026-10-03,2026-09-22
610.0,197,236,2026-10-03,2026-09-22
612.5,1,16,2026-10-03,2026-09-22
615.0,1201,879,2026-10-03,2026-09-22
617.5,26,24,2026-10-03,2026-09-22
620.0,438,883,2026-10-03,2026-09-22
622.5,1,4,2026-10-03,2026-09-22
625.0,219,327,2026-10-03,2026-09-22
627.5,3,49,2026-10-03,2026-09-22
630.0,511,990,2026-10-03,2026-09-22
632.5,2,122,2026-10-03,2026-09-22
635.0,225,608,2026-10-03,2026-09-22
637.5,18,76,2026-10-03,2026-09-22
640.0,523,493,2026-10-03,2026-09-22
642.5,5,82,2026-10-03,2026-09-22
645.0,133,0,2026-10-03,2026-09-22
645.0,458,438,2026-10-03,2026-09-22
647.5,33,66,2026-10-03,2026-09-22
650.0,1718,1124,2026-10-03,2026-09-22
652.5,13,2208,2026-10-03,2026-09-22
655.0,858,2171,2026-10-03,2026-09-22
657.5,17,47,2026-10-03,2026-09-22
660.0,1096,596,2026-10-03,2026-09-22
662.5,67,73,2026-10-03,2026-09-22
665.0,335,216,2026-10-03,2026-09-22
667.5,183,42,2026-10-03,2026-09-22
670.0,4682,309,2026-10-03,2026-09-22
672.5,67,97,2026-10-03,2026-09-22
675.0,551,386,2026-10-03,2026-09-22
677.5,36,47,2026-10-03,2026-09-22
680.0,1026,666,2026-10-03,2026-09-22
682.5,35,25,2026-10-03,2026-09-22
685.0,325,339,2026-10-03,2026-09-22
687.5,13,10,2026-10-03,2026-09-22
690.0,1009,0,2026-10-03,2026-09-22
690.0,595,332,2026-10-03,2026-09-22
692.5,1006,29,2026-10-03,2026-09-22
695.0,397,122,2026-10-03,2026-09-22
697.5,85,62,2026-10-03,2026-09-22
700.0,1191,1046,2026-10-03,2026-09-22
702.5,23,48,2026-10-03,2026-09-22
705.0,239,111,2026-10-03,2026-09-22
707.5,27,143,2026-10-03,2026-09-22
710.0,382,509,2026-10-03,2026-09-22
712.5,265,150,2026-10-03,2026-09-22
715.0,962,189,2026-10-03,2026-09-22
717.5,67,45,2026-10-03,2026-09-22
720.0,2274,255,2026-10-03,2026-09-22
722.5,72,36,2026-10-03,2026-09-22
725.0,380,496,2026-10-03,2026-09-22
727.5,49,93,2026-10-03,2026-09-22
730.0,596,1601,2026-10-03,2026-09-22
732.5,1060,24,2026-10-03,2026-09-22
735.0,516,216,2026-10-03,2026-09-22
737.5,144,23,2026-10-03,2026-09-22
740.0,3153,276,2026-10-03,2026-09-22
742.5,103,80,2026-10-03,2026-09-22
745.0,1839,103,2026-10-03,2026-09-22
747.5,83,86,2026-10-03,2026-09-22
750.0,1075,192,2026-10-03,2026-09-22
755.0,461,7,2026-10-03,2026-09-22
760.0,298,34,2026-10-03,2026-09-22
765.0,148,11,2026-10-03,2026-09-22
770.0,780,39,2026-10-03,2026-09-22
775.0,251,1,2026-10-03,2026-09-22
780.0,526,8,2026-10-03,2026-09-22
785.0,192,2,2026-10-03,2026-09-22
790.0,261,30,2026-10-03,2026-09-22
795.0,78,6,2026-10-03,2026-09-22
800.0,2932,4,2026-10-03,2026-09-22
805.0,532,1,2026-10-03,2026-09-22
810.0,1157,1,2026-10-03,2026-09-22
815.0,100,0,2026-10-03,2026-09-22
820.0,190,4,2026-10-03,2026-09-22
825.0,408,5,2026-10-03,2026-09-22
830.0,236,0,2026-10-03,2026-09-22
835.0,142,5,2026-10-03,2026-09-22
840.0,157,0,2026-10-03,2026-09-22
845.0,45,0,2026-10-03,2026-09-22
850.0,518,2,2026-10-03,2026-09-22
855.0,25,5,2026-10-03,2026-09-22
860.0,299,0,2026-10-03,2026-09-22
865.0,39,0,2026-10-03,2026-09-22
870.0,118,0,2026-10-03,2026-09-22
875.0,69,0,2026-10-03,2026-09-22
880.0,247,0,2026-10-03,2026-09-22
885.0,21,0,2026-10-03,2026-09-22
890.0,51,0,2026-10-03,2026-09-22
895.0,11,0,2026-10-03,2026-09-22
900.0,1186,0,2026-10-03,2026-09-22
905.0,40,0,2026-10-03,2026-09-22
910.0,86,0,2026-10-03,2026-09-22
915.0,48,0,2026-10-03,2026-09-22
920.0,62,0,2026-10-03,2026-09-22
925.0,30,0,2026-10-03,2026-09-22
930.0,86,0,2026-10-03,2026-09-22
935.0,274,0,2026-10-03,2026-09-22
940.0,174,0,2026-10-03,2026-09-22
945.0,70,0,2026-10-03,2026-09-22
950.0,54,0,2026-10-03,2026-09-22
955.0,67,0,2026-10-03,2026-09-22
960.0,259,0,2026-10-03,2026-09-22
965.0,120,0,2026-10-03,2026-09-22
970.0,211,0,2026-10-03,2026-09-22
975.0,86,0,2026-10-03,2026-09-22
980.0,48,0,2026-10-03,2026-09-22
985.0,118,0,2026-10-03,2026-09-22
990.0,252,0,2026-10-03,2026-09-22
995.0,230,0,2026-10-03,2026-09-22
1000.0,364,0,2026-10-03,2026-09-22
1010.0,156,0,2026-10-03,2026-09-22
1020.0,340,0,2026-10-03,2026-09-22
1030.0,169,0,2026-10-03,2026-09-22
1040.0,248,0,2026-10-03,2026-09-22
1050.0,149,0,2026-10-03,2026-09-22
1060.0,57,0,2026-10-03,2026-09-22
1070.0,72,0,2026-10-03,2026-09-22
600.0,0,5,2026-10-06,2026-09-22
605.0,0,2,2026-10-06,2026-09-22
610.0,0,0,2026-10-06,2026-09-22
615.0,0,2,2026-10-06,2026-09-22
620.0,0,3,2026-10-06,2026-09-22
625.0,0,0,2026-10-06,2026-09-22
630.0,0,16,2026-10-06,2026-09-22
635.0,2,2,2026-10-06,2026-09-22
640.0,0,0,2026-10-06,2026-09-22
645.0,2,1,2026-10-06,2026-09-22
650.0,0,16,2026-10-06,2026-09-22
655.0,0,7,2026-10-06,2026-09-22
660.0,0,21,2026-10-06,2026-09-22
665.0,0,4,2026-10-06,2026-09-22
670.0,4,5,2026-10-06,2026-09-22
675.0,0,55,2026-10-06,2026-09-22
680.0,6,25,2026-10-06,2026-09-22
685.0,2,11,2026-10-06,2026-09-22
690.0,2,6,2026-10-06,2026-09-22
695.0,3,17,2026-10-06,2026-09-22
700.0,24,31,2026-10-06,2026-09-22
705.0,2,18,2026-10-06,2026-09-22
710.0,23,44,2026-10-06,2026-09-22
715.0,8,17,2026-10-06,2026-09-22
720.0,1660,36,2026-10-06,2026-09-22
725.0,13,140,2026-10-06,2026-09-22
730.0,334,92,2026-10-06,2026-09-22
735.0,9,139,2026-10-06,2026-09-22
740.0,2625,25,2026-10-06,2026-09-22
745.0,1620,22,2026-10-06,2026-09-22
691.68,2,0,2026-10-09,2026-09-22
100.0,0,1,2026-10-10,2026-09-22
110.0,0,0,2026-10-10,2026-09-22
120.0,0,0,2026-10-10,2026-09-22
130.0,0,0,2026-10-10,2026-09-22
140.0,0,0,2026-10-10,2026-09-22
150.0,0,0,2026-10-10,2026-09-22
160.0,0,0,2026-10-10,2026-09-22
170.0,0,0,2026-10-10,2026-09-22
180.0,0,0,2026-10-10,2026-09-22
190.0,0,0,2026-10-10,2026-09-22
200.0,0,0,2026-10-10,2026-09-22
210.0,0,0,2026-10-10,2026-09-22
220.0,0,0,2026-10-10,2026-09-22
230.0,0,0,2026-10-10,2026-09-22
240.0,7,0,2026-10-10,2026-09-22
250.0,0,0,2026-10-10,2026-09-22
260.0,0,17,2026-10-10,2026-09-22
270.0,0,3,2026-10-10,2026-09-22
280.0,0,3,2026-10-10,2026-09-22
290.0,0,0,2026-10-10,2026-09-22
300.0,0,1,2026-10-10,2026-09-22
310.0,0,0,2026-10-10,2026-09-22
320.0,0,1,2026-10-10,2026-09-22
330.0,0,1,2026-10-10,2026-09-22
340.0,0,7,2026-10-10,2026-09-22
350.0,0,13,2026-10-10,2026-09-22
360.0,0,9,2026-10-10,2026-09-22
370.0,0,22,2026-10-10,2026-09-22
380.0,0,7,2026-10-10,2026-09-22
390.0,0,6,2026-10-10,2026-09-22
400.0,2,18,2026-10-10,2026-09-22
405.0,0,12,2026-10-10,2026-09-22
410.0,0,13,2026-10-10,2026-09-22
415.0,0,13,2026-10-10,2026-09-22
420.0,0,9,2026-10-10,2026-09-22
425.0,0,15,2026-10-10,2026-09-22
430.0,0,17,2026-10-10,2026-09-22
435.0,0,56,2026-10-10,2026-09-22
440.0,0,52,2026-10-10,2026-09-22
445.0,0,34,2026-10-10,2026-09-22
450.0,0,15,2026-10-10,2026-09-22
455.0,0,7,2026-10-10,2026-09-22
460.0,0,23,2026-10-10,2026-09-22
465.0,0,110,2026-10-10,2026-09-22
470.0,0,39,2026-10-10,2026-09-22
475.0,0,29,2026-10-10,2026-09-22
480.0,0,261,2026-10-10,2026-09-22
485.0,0,264,2026-10-10,2026-09-22
490.0,2,292,2026-10-10,2026-09-22
495.0,0,42,2026-10-10,2026-09-22
500.0,3,1576,2026-10-10,2026-09-22
505.0,0,62,2026-10-10,2026-09-22
510.0,1,163,2026-10-10,2026-09-22
515.0,0,1152,2026-10-10,2026-09-22
520.0,1,68,2026-10-10,2026-09-22
525.0,5,90,2026-10-10,2026-09-22
530.0,1,91,2026-10-10,2026-09-22
535.0,2,74,2026-10-10,2026-09-22
540.0,2,174,2026-10-10,2026-09-22
545.0,13,203,2026-10-10,2026-09-22
550.0,23,320,2026-10-10,2026-09-22
555.0,85,54,2026-10-10,2026-09-22
560.0,22,92,2026-10-10,2026-09-22
565.0,29,100,2026-10-10,2026-09-22
570.0,76,172,2026-10-10,2026-09-22
575.0,97,68,2026-10-10,2026-09-22
580.0,72,362,2026-10-10,2026-09-22
585.0,81,143,2026-10-10,2026-09-22
590.0,30,178,2026-10-10,2026-09-22
595.0,22,388,2026-10-10,2026-09-22
600.0,5000,5000,2026-10-10,2026-09-22
600.0,50,507,2026-10-10,2026-09-22
605.0,86,359,2026-10-10,2026-09-22
605.34,197,197,2026-10-10,2026-09-22
610.0,119,181,2026-10-10,2026-09-22
615.0,342,101,2026-10-10,2026-09-22
620.0,125,161,2026-10-10,2026-09-22
625.0,56,453,2026-10-10,2026-09-22
630.0,265,110,2026-10-10,2026-09-22
635.0,60,168,2026-10-10,2026-09-22
640.0,214,300,2026-10-10,2026-09-22
645.0,128,171,2026-10-10,2026-09-22
650.0,257,219,2026-10-10,2026-09-22
655.0,145,180,2026-10-10,2026-09-22
657.5,0,8,2026-10-10,2026-09-22
660.0,355,100,2026-10-10,2026-09-22
662.5,0,21,2026-10-10,2026-09-22
665.0,731,125,2026-10-10,2026-09-22
667.5,0,2,2026-10-10,2026-09-22
670.0,482,156,2026-10-10,2026-09-22
672.5,12,20,2026-10-10,2026-09-22
675.0,326,181,2026-10-10,2026-09-22
677.5,5,6,2026-10-10,2026-09-22
680.0,8900,8900,2026-10-10,2026-09-22
680.0,260,199,2026-10-10,2026-09-22
682.5,2,18,2026-10-10,2026-09-22
685.0,419,70,2026-10-10,2026-09-22
687.5,6,111,2026-10-10,2026-09-22
690.0,232,166,2026-10-10,2026-09-22
692.5,5,2,2026-10-10,2026-09-22
695.0,200,35,2026-10-10,2026-09-22
697.5,15,17,2026-10-10,2026-09-22
700.0,5000,5000,2026-10-10,2026-09-22
700.0,621,411,2026-10-10,2026-09-22
702.5,38,276,2026-10-10,2026-09-22
705.0,153,187,2026-10-10,2026-09-22
710.0,5000,5000,2026-10-10,2026-09-22
710.0,268,375,2026-10-10,2026-09-22
715.0,442,84,2026-10-10,2026-09-22
720.0,421,113,2026-10-10,2026-09-22
725.0,316,74,2026-10-10,2026-09-22
730.0,207,243,2026-10-10,2026-09-22
735.0,95,32,2026-10-10,2026-09-22
740.0,274,149,2026-10-10,2026-09-22
745.0,142,113,2026-10-10,2026-09-22
750.0,1141,35,2026-10-10,2026-09-22
755.0,58,8,2026-10-10,2026-09-22
760.0,184,8,2026-10-10,2026-09-22
765.0,123,0,2026-10-10,2026-09-22
770.0,380,0,2026-10-10,2026-09-22
770.0,149,1,2026-10-10,2026-09-22
775.0,77,0,2026-10-10,2026-09-22
780.0,137,2,2026-10-10,2026-09-22
785.0,104,1,2026-10-10,2026-09-22
790.0,216,0,2026-10-10,2026-09-22
795.0,69,0,2026-10-10,2026-09-22
800.0,296,11,2026-10-10,2026-09-22
805.0,48,1,2026-10-10,2026-09-22
810.0,175,0,2026-10-10,2026-09-22
815.0,74,0,2026-10-10,2026-09-22
820.0,132,0,2026-10-10,2026-09-22
825.0,66,0,2026-10-10,2026-09-22
830.0,42,1,2026-10-10,2026-09-22
835.0,47,0,2026-10-10,2026-09-22
840.0,98,0,2026-10-10,2026-09-22
845.0,260,0,2026-10-10,2026-09-22
850.0,248,0,2026-10-10,2026-09-22
855.0,53,0,2026-10-10,2026-09-22
860.0,45,0,2026-10-10,2026-09-22
865.0,54,0,2026-10-10,2026-09-22
870.0,43,0,2026-10-10,2026-09-22
875.0,30,0,2026-10-10,2026-09-22
880.0,58,0,2026-10-10,2026-09-22
885.0,31,0,2026-10-10,2026-09-22
890.0,78,1,2026-10-10,2026-09-22
895.0,30,0,2026-10-10,2026-09-22
900.0,406,0,2026-10-10,2026-09-22
905.0,28,0,2026-10-10,2026-09-22
910.0,109,0,2026-10-10,2026-09-22
915.0,100,0,2026-10-10,2026-09-22
920.0,33,0,2026-10-10,2026-09-22
925.0,171,0,2026-10-10,2026-09-22
930.0,30,0,2026-10-10,2026-09-22
935.0,54,0,2026-10-10,2026-09-22
940.0,28,0,2026-10-10,2026-09-22
945.0,36,0,2026-10-10,2026-09-22
950.0,42,0,2026-10-10,2026-09-22
955.0,119,0,2026-10-10,2026-09-22
960.0,53,0,2026-10-10,2026-09-22
965.0,45,0,2026-10-10,2026-09-22
970.0,26,0,2026-10-10,2026-09-22
975.0,36,0,2026-10-10,2026-09-22
980.0,30,0,2026-10-10,2026-09-22
985.0,44,0,2026-10-10,2026-09-22
990.0,32,0,2026-10-10,2026-09-22
995.0,27,0,2026-10-10,2026-09-22
1000.0,39,0,2026-10-10,2026-09-22
1010.0,134,0,2026-10-10,2026-09-22
1020.0,104,0,2026-10-10,2026-09-22
1030.0,116,0,2026-10-10,2026-09-22
1040.0,143,0,2026-10-10,2026-09-22
1050.0,127,0,2026-10-10,2026-09-22
1060.0,145,0,2026-10-10,2026-09-22
1070.0,208,0,2026-10-10,2026-09-22
270.0,1247,429,2026-10-17,2026-09-22
280.0,2,616,2026-10-17,2026-09-22
290.0,0,1485,2026-10-17,2026-09-22
300.0,305,1678,2026-10-17,2026-09-22
310.0,2,961,2026-10-17,2026-09-22
320.0,8,270,2026-10-17,2026-09-22
330.0,1,829,2026-10-17,2026-09-22
340.0,1,373,2026-10-17,2026-09-22
350.0,10,538,2026-10-17,2026-09-22
360.0,0,301,2026-10-17,2026-09-22
370.0,3,218,2026-10-17,2026-09-22
380.0,16,292,2026-10-17,2026-09-22
390.0,3,450,2026-10-17,2026-09-22
400.0,19,1388,2026-10-17,2026-09-22
405.0,0,72,2026-10-17,2026-09-22
410.0,15,1179,2026-10-17,2026-09-22
415.0,7,232,2026-10-17,2026-09-22
420.0,6,362,2026-10-17,2026-09-22
425.0,1,159,2026-10-17,2026-09-22
430.0,21,514,2026-10-17,2026-09-22
435.0,24,141,2026-10-17,2026-09-22
440.0,29,735,2026-10-17,2026-09-22
445.0,25,75,2026-10-17,2026-09-22
450.0,603,3032,2026-10-17,2026-09-22
455.0,34,591,2026-10-17,2026-09-22
460.0,20,1066,2026-10-17,2026-09-22
465.0,15,609,2026-10-17,2026-09-22
470.0,23,1367,2026-10-17,2026-09-22
475.0,9,541,2026-10-17,2026-09-22
480.0,161,2325,2026-10-17,2026-09-22
485.0,29,2287,2026-10-17,2026-09-22
490.0,64,1430,2026-10-17,2026-09-22
495.0,41,705,2026-10-17,2026-09-22
500.0,525,4354,2026-10-17,2026-09-22
505.0,30,924,2026-10-17,2026-09-22
510.0,50,1661,2026-10-17,2026-09-22
515.0,121,1706,2026-10-17,2026-09-22
520.0,393,2236,2026-10-17,2026-09-22
525.0,165,1753,2026-10-17,2026-09-22
530.0,304,2123,2026-10-17,2026-09-22
535.0,537,773,2026-10-17,2026-09-22
540.0,445,4435,2026-10-17,2026-09-22
545.0,215,725,2026-10-17,2026-09-22
550.0,6000,6000,2026-10-17,2026-09-22
550.0,2633,6068,2026-10-17,2026-09-22
555.0,351,615,2026-10-17,2026-09-22
560.0,1121,2477,2026-10-17,2026-09-22
565.0,609,645,2026-10-17,2026-09-22
570.0,2177,2567,2026-10-17,2026-09-22
570.01,2035,2035,2026-10-17,2026-09-22
575.0,1841,879,2026-10-17,2026-09-22
580.0,500,500,2026-10-17,2026-09-22
580.0,1661,3600,2026-10-17,2026-09-22
585.0,3972,3296,2026-10-17,2026-09-22
590.0,1796,2098,2026-10-17,2026-09-22
595.0,4870,4870,2026-10-17,2026-09-22
595.0,741,690,2026-10-17,2026-09-22
600.0,2543,2495,2026-10-17,2026-09-22
600.0,7877,7465,2026-10-17,2026-09-22
605.0,806,838,2026-10-17,2026-09-22
610.0,1410,1807,2026-10-17,2026-09-22
615.0,1160,1125,2026-10-17,2026-09-22
620.0,4326,2279,2026-10-17,2026-09-22
625.0,1155,1215,2026-10-17,2026-09-22
630.0,3291,1543,2026-10-17,2026-09-22
635.0,761,460,2026-10-17,2026-09-22
640.0,48,0,2026-10-17,2026-09-22
640.0,4484,2142,2026-10-17,2026-09-22
645.0,1023,888,2026-10-17,2026-09-22
650.0,0,0,2026-10-17,2026-09-22
650.0,7845,2706,2026-10-17,2026-09-22
655.0,1635,783,2026-10-17,2026-09-22
657.5,14,33,2026-10-17,2026-09-22
660.0,2584,1838,2026-10-17,2026-09-22
662.5,15,80,2026-10-17,2026-09-22
665.0,250,250,2026-10-17,2026-09-22
665.0,1571,569,2026-10-17,2026-09-22
667.5,8,138,2026-10-17,2026-09-22
670.0,5500,5500,2026-10-17,2026-09-22
670.0,4097,1847,2026-10-17,2026-09-22
672.5,15,60,2026-10-17,2026-09-22
675.0,4800,4800,2026-10-17,2026-09-22
675.0,3659,1282,2026-10-17,2026-09-22
677.5,31,145,2026-10-17,2026-09-22
680.0,2,0,2026-10-17,2026-09-22
680.0,5534,1072,2026-10-17,2026-09-22
682.5,68,114,2026-10-17,2026-09-22
685.0,1315,572,2026-10-17,2026-09-22
687.5,46,143,2026-10-17,2026-09-22
690.0,3616,420,2026-10-17,2026-09-22
692.5,31,103,2026-10-17,2026-09-22
695.0,2823,324,2026-10-17,2026-09-22
697.5,94,120,2026-10-17,2026-09-22
700.0,12,0,2026-10-17,2026-09-22
700.0,24099,2806,2026-10-17,2026-09-22
702.5,101,189,2026-10-17,2026-09-22
705.0,2206,474,2026-10-17,2026-09-22
710.0,7262,1311,2026-10-17,2026-09-22
715.0,2022,530,2026-10-17,2026-09-22
720.0,3,0,2026-10-17,2026-09-22
720.0,4275,715,2026-10-17,2026-09-22
725.0,3781,873,2026-10-17,2026-09-22
730.0,4018,499,2026-10-17,2026-09-22
730.12,109,0,2026-10-17,2026-09-22
735.0,36,0,2026-10-17,2026-09-22
735.0,2120,380,2026-10-17,2026-09-22
740.0,600,600,2026-10-17,2026-09-22
740.0,4815,484,2026-10-17,2026-09-22
745.0,652,306,2026-10-17,2026-09-22
750.0,14490,1132,2026-10-17,2026-09-22
755.0,3100,85,2026-10-17,2026-09-22
760.0,6111,304,2026-10-17,2026-09-22
765.0,15865,39,2026-10-17,2026-09-22
770.0,5746,74,2026-10-17,2026-09-22
775.0,19266,41,2026-10-17,2026-09-22
780.0,6177,25,2026-10-17,2026-09-22
785.0,396,31,2026-10-17,2026-09-22
790.0,3,0,2026-10-17,2026-09-22
790.0,2425,69,2026-10-17,2026-09-22
795.0,445,29,2026-10-17,2026-09-22
800.0,7,0,2026-10-17,2026-09-22
800.0,15665,515,2026-10-17,2026-09-22
805.0,3071,20,2026-10-17,2026-09-22
810.0,3108,29,2026-10-17,2026-09-22
815.0,5286,21,2026-10-17,2026-09-22
820.0,11766,45,2026-10-17,2026-09-22
825.0,5175,23,2026-10-17,2026-09-22
830.0,6834,37,2026-10-17,2026-09-22
835.0,1975,81,2026-10-17,2026-09-22
840.0,1026,0,2026-10-17,2026-09-22
845.0,246,0,2026-10-17,2026-09-22
850.0,3068,5,2026-10-17,2026-09-22
855.0,201,1,2026-10-17,2026-09-22
860.0,1078,1,2026-10-17,2026-09-22
865.0,345,0,2026-10-17,2026-09-22
870.0,1079,0,2026-10-17,2026-09-22
875.0,400,0,2026-10-17,2026-09-22
880.0,547,0,2026-10-17,2026-09-22
885.0,513,0,2026-10-17,2026-09-22
890.0,225,0,2026-10-17,2026-09-22
895.0,60,0,2026-10-17,2026-09-22
900.0,4197,5,2026-10-17,2026-09-22
905.0,49,0,2026-10-17,2026-09-22
910.0,206,0,2026-10-17,2026-09-22
915.0,130,0,2026-10-17,2026-09-22
920.0,142,0,2026-10-17,2026-09-22
925.0,119,0,2026-10-17,2026-09-22
930.0,428,0,2026-10-17,2026-09-22
935.0,89,0,2026-10-17,2026-09-22
940.0,155,0,2026-10-17,2026-09-22
945.0,24,0,2026-10-17,2026-09-22
950.0,675,1,2026-10-17,2026-09-22
955.0,68,0,2026-10-17,2026-09-22
960.0,95,0,2026-10-17,2026-09-22
965.0,193,0,2026-10-17,2026-09-22
970.0,525,0,2026-10-17,2026-09-22
975.0,76,1,2026-10-17,2026-09-22
980.0,244,0,2026-10-17,2026-09-22
990.0,131,0,2026-10-17,2026-09-22
1000.0,2290,1,2026-10-17,2026-09-22
1010.0,63,0,2026-10-17,2026-09-22
1020.0,52,0,2026-10-17,2026-09-22
1030.0,87,0,2026-10-17,2026-09-22
1040.0,326,0,2026-10-17,2026-09-22
1050.0,497,0,2026-10-17,2026-09-22
1060.0,566,0,2026-10-17,2026-09-22
1070.0,605,0,2026-10-17,2026-09-22
1080.0,453,0,2026-10-17,2026-09-22
1090.0,122,0,2026-10-17,2026-09-22
1100.0,769,0,2026-10-17,2026-09-22
1110.0,509,0,2026-10-17,2026-09-22
1120.0,759,0,2026-10-17,2026-09-22
1130.0,557,0,2026-10-17,2026-09-22
1140.0,354,0,2026-10-17,2026-09-22
1150.0,201,0,2026-10-17,2026-09-22
1160.0,3099,0,2026-10-17,2026-09-22
1170.0,2380,0,2026-10-17,2026-09-22
1180.0,1868,0,2026-10-17,2026-09-22
1190.0,221,0,2026-10-17,2026-09-22
1200.0,3220,0,2026-10-17,2026-09-22
1210.0,2049,0,2026-10-17,2026-09-22
1220.0,3153,0,2026-10-17,2026-09-22
1230.0,1284,0,2026-10-17,2026-09-22
1240.0,2081,0,2026-10-17,2026-09-22
1250.0,525,0,2026-10-17,2026-09-22
100.0,0,4,2026-10-24,2026-09-22
110.0,0,0,2026-10-24,2026-09-22
120.0,0,0,2026-10-24,2026-09-22
130.0,0,0,2026-10-24,2026-09-22
140.0,0,0,2026-10-24,2026-09-22
150.0,0,0,2026-10-24,2026-09-22
160.0,0,0,2026-10-24,2026-09-22
170.0,0,0,2026-10-24,2026-09-22
180.0,0,0,2026-10-24,2026-09-22
190.0,0,0,2026-10-24,2026-09-22
200.0,0,0,2026-10-24,2026-09-22
210.0,0,0,2026-10-24,2026-09-22
220.0,0,0,2026-10-24,2026-09-22
230.0,0,0,2026-10-24,2026-09-22
240.0,0,0,2026-10-24,2026-09-22
250.0,0,0,2026-10-24,2026-09-22
260.0,0,0,2026-10-24,2026-09-22
270.0,0,0,2026-10-24,2026-09-22
280.0,0,0,2026-10-24,2026-09-22
290.0,0,0,2026-10-24,2026-09-22
300.0,0,0,2026-10-24,2026-09-22
310.0,0,0,2026-10-24,2026-09-22
320.0,0,0,2026-10-24,2026-09-22
330.0,0,1,2026-10-24,2026-09-22
340.0,0,0,2026-10-24,2026-09-22
350.0,0,0,2026-10-24,2026-09-22
360.0,0,2,2026-10-24,2026-09-22
370.0,0,2,2026-10-24,2026-09-22
380.0,0,0,2026-10-24,2026-09-22
390.0,0,0,2026-10-24,2026-09-22
400.0,2,1,2026-10-24,2026-09-22
405.0,0,2,2026-10-24,2026-09-22
410.0,0,4,2026-10-24,2026-09-22
415.0,0,4,2026-10-24,2026-09-22
420.0,0,5,2026-10-24,2026-09-22
425.0,1,3,2026-10-24,2026-09-22
430.0,0,7,2026-10-24,2026-09-22
435.0,0,16,2026-10-24,2026-09-22
440.0,0,25,2026-10-24,2026-09-22
445.0,0,14,2026-10-24,2026-09-22
450.0,0,19,2026-10-24,2026-09-22
455.0,0,8,2026-10-24,2026-09-22
460.0,0,29,2026-10-24,2026-09-22
465.0,0,8,2026-10-24,2026-09-22
470.0,0,14,2026-10-24,2026-09-22
475.0,1,3,2026-10-24,2026-09-22
480.0,1,24,2026-10-24,2026-09-22
485.0,0,4,2026-10-24,2026-09-22
490.0,0,11,2026-10-24,2026-09-22
495.0,0,14,2026-10-24,2026-09-22
500.0,2,161,2026-10-24,2026-09-22
505.0,0,15,2026-10-24,2026-09-22
510.0,0,23,2026-10-24,2026-09-22
515.0,0,15,2026-10-24,2026-09-22
520.0,0,64,2026-10-24,2026-09-22
525.0,2,52,2026-10-24,2026-09-22
530.0,0,152,2026-10-24,2026-09-22
535.0,2,86,2026-10-24,2026-09-22
540.0,1,265,2026-10-24,2026-09-22
545.0,3,200,2026-10-24,2026-09-22
550.0,22,370,2026-10-24,2026-09-22
555.0,6,84,2026-10-24,2026-09-22
560.0,5,207,2026-10-24,2026-09-22
565.0,37,121,2026-10-24,2026-09-22
570.0,6,110,2026-10-24,2026-09-22
575.0,12,130,2026-10-24,2026-09-22
580.0,11,121,2026-10-24,2026-09-22
585.0,12,79,2026-10-24,2026-09-22
590.0,11,131,2026-10-24,2026-09-22
595.0,5,334,2026-10-24,2026-09-22
600.0,0,133,2026-10-24,2026-09-22
600.0,102,544,2026-10-24,2026-09-22
605.0,8,164,2026-10-24,2026-09-22
610.0,31,296,2026-10-24,2026-09-22
615.0,23,405,2026-10-24,2026-09-22
620.0,82,421,2026-10-24,2026-09-22
625.0,74,129,2026-10-24,2026-09-22
630.0,470,277,2026-10-24,2026-09-22
635.0,84,62,2026-10-24,2026-09-22
640.0,209,202,2026-10-24,2026-09-22
645.0,141,94,2026-10-24,2026-09-22
650.0,187,227,2026-10-24,2026-09-22
655.0,152,87,2026-10-24,2026-09-22
660.0,450,247,2026-10-24,2026-09-22
665.0,155,183,2026-10-24,2026-09-22
670.0,300,300,2026-10-24,2026-09-22
670.0,290,195,2026-10-24,2026-09-22
675.0,235,229,2026-10-24,2026-09-22
680.0,482,136,2026-10-24,2026-09-22
685.0,105,120,2026-10-24,2026-09-22
690.0,222,99,2026-10-24,2026-09-22
695.0,107,58,2026-10-24,2026-09-22
700.0,1170,1670,2026-10-24,2026-09-22
705.0,126,125,2026-10-24,2026-09-22
710.0,297,101,2026-10-24,2026-09-22
715.0,123,41,2026-10-24,2026-09-22
720.0,477,99,2026-10-24,2026-09-22
725.0,358,337,2026-10-24,2026-09-22
730.0,203,56,2026-10-24,2026-09-22
735.0,237,44,2026-10-24,2026-09-22
740.0,133,0,2026-10-24,2026-09-22
740.0,345,56,2026-10-24,2026-09-22
745.0,119,43,2026-10-24,2026-09-22
750.0,482,104,2026-10-24,2026-09-22
755.0,144,2,2026-10-24,2026-09-22
760.0,980,0,2026-10-24,2026-09-22
765.0,250,3,2026-10-24,2026-09-22
770.0,385,1,2026-10-24,2026-09-22
775.0,457,3,2026-10-24,2026-09-22
780.0,351,0,2026-10-24,2026-09-22
785.0,691,2,2026-10-24,2026-09-22
790.0,186,2,2026-10-24,2026-09-22
795.0,71,0,2026-10-24,2026-09-22
800.0,846,11,2026-10-24,2026-09-22
805.0,56,0,2026-10-24,2026-09-22
810.0,106,0,2026-10-24,2026-09-22
815.0,40,3,2026-10-24,2026-09-22
820.0,133,0,2026-10-24,2026-09-22
825.0,54,0,2026-10-24,2026-09-22
830.0,118,0,2026-10-24,2026-09-22
835.0,83,0,2026-10-24,2026-09-22
840.0,81,0,2026-10-24,2026-09-22
845.0,15,0,2026-10-24,2026-09-22
850.0,142,0,2026-10-24,2026-09-22
855.0,24,0,2026-10-24,2026-09-22
860.0,59,0,2026-10-24,2026-09-22
865.0,155,0,2026-10-24,2026-09-22
870.0,95,0,2026-10-24,2026-09-22
875.0,365,0,2026-10-24,2026-09-22
880.0,45,0,2026-10-24,2026-09-22
885.0,13,0,2026-10-24,2026-09-22
890.0,177,0,2026-10-24,2026-09-22
895.0,29,0,2026-10-24,2026-09-22
900.0,79,0,2026-10-24,2026-09-22
905.0,3,0,2026-10-24,2026-09-22
910.0,45,0,2026-10-24,2026-09-22
915.0,13,0,2026-10-24,2026-09-22
920.0,32,0,2026-10-24,2026-09-22
925.0,25,0,2026-10-24,2026-09-22
930.0,14,0,2026-10-24,2026-09-22
935.0,9,0,2026-10-24,2026-09-22
940.0,0,0,2026-10-24,2026-09-22
945.0,30,0,2026-10-24,2026-09-22
950.0,38,0,2026-10-24,2026-09-22
955.0,10,0,2026-10-24,2026-09-22
960.0,3,0,2026-10-24,2026-09-22
965.0,8,0,2026-10-24,2026-09-22
970.0,13,0,2026-10-24,2026-09-22
975.0,5,0,2026-10-24,2026-09-22
980.0,12,0,2026-10-24,2026-09-22
985.0,14,0,2026-10-24,2026-09-22
990.0,3,0,2026-10-24,2026-09-22
995.0,1,0,2026-10-24,2026-09-22
1000.0,44,0,2026-10-24,2026-09-22
1010.0,8,0,2026-10-24,2026-09-22
1020.0,26,0,2026-10-24,2026-09-22
1030.0,9,0,2026-10-24,2026-09-22
1040.0,7,0,2026-10-24,2026-09-22
1050.0,49,0,2026-10-24,2026-09-22
1060.0,5,1,2026-10-24,2026-09-22
1070.0,26,0,2026-10-24,2026-09-22
556.03,1680,1680,2026-10-28,2026-09-22
600.0,4600,4600,2026-10-29,2026-09-22
100.0,0,0,2026-10-31,2026-09-22
110.0,0,0,2026-10-31,2026-09-22
120.0,0,0,2026-10-31,2026-09-22
130.0,0,0,2026-10-31,2026-09-22
140.0,0,0,2026-10-31,2026-09-22
150.0,0,0,2026-10-31,2026-09-22
160.0,0,0,2026-10-31,2026-09-22
170.0,0,0,2026-10-31,2026-09-22
180.0,0,0,2026-10-31,2026-09-22
190.0,0,0,2026-10-31,2026-09-22
200.0,0,0,2026-10-31,2026-09-22
210.0,0,0,2026-10-31,2026-09-22
220.0,0,0,2026-10-31,2026-09-22
230.0,0,0,2026-10-31,2026-09-22
240.0,0,0,2026-10-31,2026-09-22
250.0,0,0,2026-10-31,2026-09-22
260.0,0,0,2026-10-31,2026-09-22
270.0,0,0,2026-10-31,2026-09-22
280.0,0,0,2026-10-31,2026-09-22
290.0,0,0,2026-10-31,2026-09-22
300.0,0,126,2026-10-31,2026-09-22
310.0,5,0,2026-10-31,2026-09-22
320.0,0,0,2026-10-31,2026-09-22
330.0,0,0,2026-10-31,2026-09-22
340.0,0,0,2026-10-31,2026-09-22
350.0,0,6,2026-10-31,2026-09-22
360.0,0,1,2026-10-31,2026-09-22
370.0,0,6,2026-10-31,2026-09-22
380.0,0,14,2026-10-31,2026-09-22
390.0,0,5,2026-10-31,2026-09-22
400.0,0,36,2026-10-31,2026-09-22
410.0,0,1,2026-10-31,2026-09-22
420.0,0,15,2026-10-31,2026-09-22
430.0,0,0,2026-10-31,2026-09-22
440.0,0,8,2026-10-31,2026-09-22
450.0,0,13,2026-10-31,2026-09-22
455.0,0,2,2026-10-31,2026-09-22
460.0,1,17,2026-10-31,2026-09-22
465.0,0,0,2026-10-31,2026-09-22
470.0,0,237,2026-10-31,2026-09-22
475.0,0,3,2026-10-31,2026-09-22
480.0,1,14,2026-10-31,2026-09-22
485.0,0,4,2026-10-31,2026-09-22
490.0,0,14,2026-10-31,2026-09-22
495.0,0,22,2026-10-31,2026-09-22
500.0,22,148,2026-10-31,2026-09-22
505.0,0,21,2026-10-31,2026-09-22
510.0,12,15,2026-10-31,2026-09-22
515.0,0,43,2026-10-31,2026-09-22
520.0,2000,2000,2026-10-31,2026-09-22
520.0,11,142,2026-10-31,2026-09-22
525.0,0,359,2026-10-31,2026-09-22
530.0,1,22,2026-10-31,2026-09-22
535.0,0,365,2026-10-31,2026-09-22
540.0,1,111,2026-10-31,2026-09-22
545.0,1,64,2026-10-31,2026-09-22
550.0,23,281,2026-10-31,2026-09-22
555.0,1,30,2026-10-31,2026-09-22
560.0,6,118,2026-10-31,2026-09-22
565.0,1,57,2026-10-31,2026-09-22
570.0,4,99,2026-10-31,2026-09-22
575.0,4,69,2026-10-31,2026-09-22
580.0,9,222,2026-10-31,2026-09-22
585.0,7,70,2026-10-31,2026-09-22
590.0,8,204,2026-10-31,2026-09-22
595.0,6,131,2026-10-31,2026-09-22
600.0,15,420,2026-10-31,2026-09-22
605.0,8,129,2026-10-31,2026-09-22
610.0,19,202,2026-10-31,2026-09-22
615.0,7,71,2026-10-31,2026-09-22
620.0,75,283,2026-10-31,2026-09-22
625.0,20,115,2026-10-31,2026-09-22
630.0,39,199,2026-10-31,2026-09-22
635.0,67,51,2026-10-31,2026-09-22
640.0,103,72,2026-10-31,2026-09-22
645.0,24,56,2026-10-31,2026-09-22
650.0,716,301,2026-10-31,2026-09-22
655.0,49,86,2026-10-31,2026-09-22
660.0,199,229,2026-10-31,2026-09-22
665.0,61,94,2026-10-31,2026-09-22
670.0,240,85,2026-10-31,2026-09-22
675.0,153,70,2026-10-31,2026-09-22
680.0,319,6148,2026-10-31,2026-09-22
685.0,188,10,2026-10-31,2026-09-22
690.0,214,65,2026-10-31,2026-09-22
695.0,54,15,2026-10-31,2026-09-22
700.0,405,211,2026-10-31,2026-09-22
705.0,43,33,2026-10-31,2026-09-22
710.0,176,87,2026-10-31,2026-09-22
715.0,75,37,2026-10-31,2026-09-22
720.0,249,68,2026-10-31,2026-09-22
725.0,88,26,2026-10-31,2026-09-22
730.0,353,91,2026-10-31,2026-09-22
735.0,78,80,2026-10-31,2026-09-22
740.0,271,40,2026-10-31,2026-09-22
745.0,56,30,2026-10-31,2026-09-22
750.0,428,67,2026-10-31,2026-09-22
755.0,83,10,2026-10-31,2026-09-22
760.0,340,14,2026-10-31,2026-09-22
765.0,47,5,2026-10-31,2026-09-22
770.0,227,1,2026-10-31,2026-09-22
775.0,80,0,2026-10-31,2026-09-22
780.0,142,0,2026-10-31,2026-09-22
785.0,46,0,2026-10-31,2026-09-22
790.0,175,0,2026-10-31,2026-09-22
795.0,50,0,2026-10-31,2026-09-22
800.0,493,24,2026-10-31,2026-09-22
805.0,149,0,2026-10-31,2026-09-22
810.0,179,0,2026-10-31,2026-09-22
815.0,142,0,2026-10-31,2026-09-22
820.0,78,0,2026-10-31,2026-09-22
825.0,42,0,2026-10-31,2026-09-22
830.0,75,0,2026-10-31,2026-09-22
835.0,36,0,2026-10-31,2026-09-22
840.0,45,1,2026-10-31,2026-09-22
845.0,54,0,2026-10-31,2026-09-22
850.0,219,0,2026-10-31,2026-09-22
860.0,65,1,2026-10-31,2026-09-22
870.0,47,0,2026-10-31,2026-09-22
880.0,185,1,2026-10-31,2026-09-22
890.0,37,0,2026-10-31,2026-09-22
900.0,211,24,2026-10-31,2026-09-22
910.0,38,0,2026-10-31,2026-09-22
920.0,21,0,2026-10-31,2026-09-22
930.0,25,0,2026-10-31,2026-09-22
940.0,82,0,2026-10-31,2026-09-22
950.0,27,0,2026-10-31,2026-09-22
960.0,7,0,2026-10-31,2026-09-22
970.0,602,0,2026-10-31,2026-09-22
980.0,13,0,2026-10-31,2026-09-22
990.0,8,0,2026-10-31,2026-09-22
1000.0,169,0,2026-10-31,2026-09-22
1010.0,4,0,2026-10-31,2026-09-22
1020.0,4,0,2026-10-31,2026-09-22
1030.0,1,0,2026-10-31,2026-09-22
1040.0,8,0,2026-10-31,2026-09-22
1050.0,13,0,2026-10-31,2026-09-22
1060.0,5,0,2026-10-31,2026-09-22
1070.0,6,1,2026-10-31,2026-09-22
715.0,124,0,2026-11-06,2026-09-22
730.0,62,0,2026-11-06,2026-09-22
760.0,166,0,2026-11-06,2026-09-22
813.0,25,0,2026-11-06,2026-09-22
665.0,1100,1100,2026-11-07,2026-09-22
670.0,350,350,2026-11-07,2026-09-22
745.0,553,0,2026-11-07,2026-09-22
750.0,11,0,2026-11-07,2026-09-22
805.0,96,0,2026-11-12,2026-09-22
610.0,0,0,2026-11-14,2026-09-22
5.0,0,3803,2026-11-21,2026-09-22
10.0,0,201,2026-11-21,2026-09-22
15.0,0,0,2026-11-21,2026-09-22
20.0,0,20,2026-11-21,2026-09-22
25.0,0,0,2026-11-21,2026-09-22
30.0,0,10,2026-11-21,2026-09-22
35.0,7,0,2026-11-21,2026-09-22
40.0,2,33,2026-11-21,2026-09-22
45.0,15,0,2026-11-21,2026-09-22
50.0,10,43,2026-11-21,2026-09-22
250.0,85,2448,2026-11-21,2026-09-22
260.0,4,197,2026-11-21,2026-09-22
270.0,1,112,2026-11-21,2026-09-22
280.0,1,46,2026-11-21,2026-09-22
290.0,2,165,2026-11-21,2026-09-22
300.0,17,482,2026-11-21,2026-09-22
310.0,3,125,2026-11-21,2026-09-22
320.0,4,41,2026-11-21,2026-09-22
330.0,18,66,2026-11-21,2026-09-22
340.0,6,252,2026-11-21,2026-09-22
350.0,17,415,2026-11-21,2026-09-22
360.0,15,277,2026-11-21,2026-09-22
370.0,3,211,2026-11-21,2026-09-22
380.0,16,155,2026-11-21,2026-09-22
390.0,38,254,2026-11-21,2026-09-22
400.0,50,848,2026-11-21,2026-09-22
405.0,40,184,2026-11-21,2026-09-22
410.0,10,161,2026-11-21,2026-09-22
415.0,16,168,2026-11-21,2026-09-22
420.0,6,1007,2026-11-21,2026-09-22
425.0,41,635,2026-11-21,2026-09-22
430.0,8,235,2026-11-21,2026-09-22
435.0,6,763,2026-11-21,2026-09-22
440.0,34,610,2026-11-21,2026-09-22
445.0,33,359,2026-11-21,2026-09-22
450.0,756,1602,2026-11-21,2026-09-22
455.0,31,385,2026-11-21,2026-09-22
460.0,107,607,2026-11-21,2026-09-22
465.0,49,442,2026-11-21,2026-09-22
470.0,55,1507,2026-11-21,2026-09-22
475.0,38,686,2026-11-21,2026-09-22
480.0,65,2718,2026-11-21,2026-09-22
485.0,36,457,2026-11-21,2026-09-22
490.0,16,870,2026-11-21,2026-09-22
495.0,53,762,2026-11-21,2026-09-22
500.0,352,3637,2026-11-21,2026-09-22
505.0,69,739,2026-11-21,2026-09-22
510.0,679,1302,2026-11-21,2026-09-22
515.0,84,1347,2026-11-21,2026-09-22
520.0,6375,6375,2026-11-21,2026-09-22
520.0,267,1109,2026-11-21,2026-09-22
525.0,44,829,2026-11-21,2026-09-22
530.0,985,2393,2026-11-21,2026-09-22
535.0,211,1334,2026-11-21,2026-09-22
540.0,815,2342,2026-11-21,2026-09-22
545.0,250,856,2026-11-21,2026-09-22
550.0,1420,3051,2026-11-21,2026-09-22
555.0,962,1412,2026-11-21,2026-09-22
560.0,1452,2023,2026-11-21,2026-09-22
565.0,745,696,2026-11-21,2026-09-22
570.0,1072,1565,2026-11-21,2026-09-22
575.0,792,887,2026-11-21,2026-09-22
580.0,880,1929,2026-11-21,2026-09-22
585.0,6548,7417,2026-11-21,2026-09-22
590.0,3242,2936,2026-11-21,2026-09-22
595.0,815,756,2026-11-21,2026-09-22
600.0,450,468,2026-11-21,2026-09-22
600.0,4841,4136,2026-11-21,2026-09-22
605.0,1219,609,2026-11-21,2026-09-22
610.0,1619,978,2026-11-21,2026-09-22
615.0,1043,743,2026-11-21,2026-09-22
620.0,823,1197,2026-11-21,2026-09-22
625.0,951,1170,2026-11-21,2026-09-22
630.0,1188,1984,2026-11-21,2026-09-22
635.0,2365,347,2026-11-21,2026-09-22
640.0,6,0,2026-11-21,2026-09-22
640.0,1460,1340,2026-11-21,2026-09-22
645.0,650,650,2026-11-21,2026-09-22
645.0,502,709,2026-11-21,2026-09-22
650.0,4991,2521,2026-11-21,2026-09-22
655.0,480,320,2026-11-21,2026-09-22
660.0,1950,1950,2026-11-21,2026-09-22
660.0,2992,676,2026-11-21,2026-09-22
665.0,443,180,2026-11-21,2026-09-22
670.0,2066,350,2026-11-21,2026-09-22
675.0,932,234,2026-11-21,2026-09-22
680.0,70,70,2026-11-21,2026-09-22
680.0,1102,910,2026-11-21,2026-09-22
685.0,918,230,2026-11-21,2026-09-22
690.0,933,290,2026-11-21,2026-09-22
695.0,658,238,2026-11-21,2026-09-22
700.0,14,0,2026-11-21,2026-09-22
700.0,17638,735,2026-11-21,2026-09-22
705.0,721,141,2026-11-21,2026-09-22
710.0,3000,3000,2026-11-21,2026-09-22
710.0,1351,143,2026-11-21,2026-09-22
715.0,783,67,2026-11-21,2026-09-22
720.0,1898,554,2026-11-21,2026-09-22
725.0,1461,122,2026-11-21,2026-09-22
730.0,858,102,2026-11-21,2026-09-22
735.0,818,127,2026-11-21,2026-09-22
740.0,7,0,2026-11-21,2026-09-22
740.0,1882,235,2026-11-21,2026-09-22
745.0,698,288,2026-11-21,2026-09-22
750.0,7095,121,2026-11-21,2026-09-22
755.0,4155,44,2026-11-21,2026-09-22
760.0,4591,114,2026-11-21,2026-09-22
765.0,4067,42,2026-11-21,2026-09-22
770.0,5243,34,2026-11-21,2026-09-22
775.0,4799,19,2026-11-21,2026-09-22
780.0,6783,60,2026-11-21,2026-09-22
785.0,283,51,2026-11-21,2026-09-22
790.0,965,87,2026-11-21,2026-09-22
795.0,919,8,2026-11-21,2026-09-22
800.0,2,0,2026-11-21,2026-09-22
800.0,22250,146,2026-11-21,2026-09-22
805.0,4153,23,2026-11-21,2026-09-22
810.0,6612,1,2026-11-21,2026-09-22
815.0,4081,10,2026-11-21,2026-09-22
820.0,4756,0,2026-11-21,2026-09-22
825.0,4738,0,2026-11-21,2026-09-22
830.0,5164,0,2026-11-21,2026-09-22
835.0,196,1,2026-11-21,2026-09-22
840.0,961,0,2026-11-21,2026-09-22
845.0,216,0,2026-11-21,2026-09-22
850.0,18,0,2026-11-21,2026-09-22
850.0,1972,6,2026-11-21,2026-09-22
855.0,237,0,2026-11-21,2026-09-22
860.0,829,1,2026-11-21,2026-09-22
865.0,206,0,2026-11-21,2026-09-22
870.0,946,34,2026-11-21,2026-09-22
875.0,779,0,2026-11-21,2026-09-22
880.0,290,0,2026-11-21,2026-09-22
885.0,150,0,2026-11-21,2026-09-22
890.0,144,0,2026-11-21,2026-09-22
895.0,51,0,2026-11-21,2026-09-22
900.0,9625,84,2026-11-21,2026-09-22
905.0,129,0,2026-11-21,2026-09-22
910.0,196,0,2026-11-21,2026-09-22
915.0,57,0,2026-11-21,2026-09-22
920.0,225,0,2026-11-21,2026-09-22
925.0,113,0,2026-11-21,2026-09-22
930.0,121,0,2026-11-21,2026-09-22
935.0,113,0,2026-11-21,2026-09-22
940.0,146,2,2026-11-21,2026-09-22
945.0,65,0,2026-11-21,2026-09-22
950.0,2148,0,2026-11-21,2026-09-22
955.0,61,0,2026-11-21,2026-09-22
960.0,193,0,2026-11-21,2026-09-22
965.0,131,0,2026-11-21,2026-09-22
970.0,62,0,2026-11-21,2026-09-22
975.0,48,0,2026-11-21,2026-09-22
980.0,111,0,2026-11-21,2026-09-22
985.0,61,0,2026-11-21,2026-09-22
990.0,212,0,2026-11-21,2026-09-22
995.0,26,0,2026-11-21,2026-09-22
1000.0,1222,0,2026-11-21,2026-09-22
1010.0,166,0,2026-11-21,2026-09-22
1020.0,137,0,2026-11-21,2026-09-22
1030.0,155,0,2026-11-21,2026-09-22
1040.0,63,0,2026-11-21,2026-09-22
1050.0,226,5,2026-11-21,2026-09-22
1060.0,240,0,2026-11-21,2026-09-22
1070.0,77,0,2026-11-21,2026-09-22
1080.0,240,0,2026-11-21,2026-09-22
1090.0,502,0,2026-11-21,2026-09-22
1100.0,1487,0,2026-11-21,2026-09-22
1110.0,120,0,2026-11-21,2026-09-22
1120.0,92,0,2026-11-21,2026-09-22
1130.0,53,0,2026-11-21,2026-09-22
1140.0,122,0,2026-11-21,2026-09-22
1150.0,265,0,2026-11-21,2026-09-22
1160.0,120,0,2026-11-21,2026-09-22
1170.0,114,0,2026-11-21,2026-09-22
1180.0,35,0,2026-11-21,2026-09-22
1190.0,56,0,2026-11-21,2026-09-22
1200.0,1234,0,2026-11-21,2026-09-22
1210.0,112,0,2026-11-21,2026-09-22
1220.0,39,0,2026-11-21,2026-09-22
1230.0,41,0,2026-11-21,2026-09-22
1240.0,51,0,2026-11-21,2026-09-22
1250.0,345,0,2026-11-21,2026-09-22
1260.0,88,0,2026-11-21,2026-09-22
1270.0,69,0,2026-11-21,2026-09-22
1280.0,34,0,2026-11-21,2026-09-22
1290.0,67,0,2026-11-21,2026-09-22
1300.0,177,0,2026-11-21,2026-09-22
1310.0,6,0,2026-11-21,2026-09-22
1320.0,18,0,2026-11-21,2026-09-22
1330.0,22,0,2026-11-21,2026-09-22
1340.0,16,0,2026-11-21,2026-09-22
1350.0,39,0,2026-11-21,2026-09-22
1360.0,35,0,2026-11-21,2026-09-22
1370.0,89,0,2026-11-21,2026-09-22
1380.0,11,0,2026-11-21,2026-09-22
1390.0,18,0,2026-11-21,2026-09-22
1400.0,67,0,2026-11-21,2026-09-22
1410.0,39,0,2026-11-21,2026-09-22
1420.0,71,0,2026-11-21,2026-09-22
1430.0,30,0,2026-11-21,2026-09-22
1440.0,151,0,2026-11-21,2026-09-22
1450.0,109,0,2026-11-21,2026-09-22
1460.0,80,0,2026-11-21,2026-09-22
1470.0,291,0,2026-11-21,2026-09-22
1480.0,5414,1,2026-11-21,2026-09-22
696.74,1100,1100,2026-12-01,2026-09-22
696.74,1100,1100,2026-12-02,2026-09-22
696.74,1100,1100,2026-12-03,2026-09-22
670.0,1000,1000,2026-12-05,2026-09-22
770.0,4,0,2026-12-05,2026-09-22
5.0,0,474,2026-12-19,2026-09-22
10.0,0,118,2026-12-19,2026-09-22
15.0,0,25,2026-12-19,2026-09-22
20.0,2,325,2026-12-19,2026-09-22
25.0,0,10,2026-12-19,2026-09-22
30.0,1,63,2026-12-19,2026-09-22
35.0,0,14,2026-12-19,2026-09-22
40.0,0,17,2026-12-19,2026-09-22
45.0,1,2,2026-12-19,2026-09-22
50.0,6,427,2026-12-19,2026-09-22
55.0,1,41,2026-12-19,2026-09-22
60.0,0,22,2026-12-19,2026-09-22
65.0,0,34,2026-12-19,2026-09-22
70.0,1,28,2026-12-19,2026-09-22
75.0,2,16,2026-12-19,2026-09-22
80.0,2,45,2026-12-19,2026-09-22
85.0,0,246,2026-12-19,2026-09-22
90.0,0,335,2026-12-19,2026-09-22
95.0,2,203,2026-12-19,2026-09-22
100.0,111,446,2026-12-19,2026-09-22
110.0,26,139,2026-12-19,2026-09-22
120.0,30,204,2026-12-19,2026-09-22
130.0,18,321,2026-12-19,2026-09-22
140.0,114,263,2026-12-19,2026-09-22
150.0,126,357,2026-12-19,2026-09-22
160.0,62,403,2026-12-19,2026-09-22
170.0,83,590,2026-12-19,2026-09-22
180.0,187,222,2026-12-19,2026-09-22
190.0,225,221,2026-12-19,2026-09-22
200.0,337,1028,2026-12-19,2026-09-22
210.0,264,460,2026-12-19,2026-09-22
220.0,288,605,2026-12-19,2026-09-22
230.0,157,135,2026-12-19,2026-09-22
240.0,43,294,2026-12-19,2026-09-22
250.0,298,689,2026-12-19,2026-09-22
260.0,824,645,2026-12-19,2026-09-22
270.0,48,310,2026-12-19,2026-09-22
280.0,79,378,2026-12-19,2026-09-22
290.0,66,362,2026-12-19,2026-09-22
300.0,199,1576,2026-12-19,2026-09-22
310.0,94,372,2026-12-19,2026-09-22
320.0,140,578,2026-12-19,2026-09-22
330.0,64,183,2026-12-19,2026-09-22
340.0,122,293,2026-12-19,2026-09-22
350.0,250,1781,2026-12-19,2026-09-22
360.0,139,2589,2026-12-19,2026-09-22
370.0,152,335,2026-12-19,2026-09-22
380.0,57,877,2026-12-19,2026-09-22
390.0,493,512,2026-12-19,2026-09-22
400.0,1595,1802,2026-12-19,2026-09-22
410.0,2614,700,2026-12-19,2026-09-22
413.5,6,0,2026-12-19,2026-09-22
420.0,892,1838,2026-12-19,2026-09-22
430.0,98,633,2026-12-19,2026-09-22
440.0,174,848,2026-12-19,2026-09-22
450.0,903,4907,2026-12-19,2026-09-22
460.0,173,1864,2026-12-19,2026-09-22
470.0,2154,1490,2026-12-19,2026-09-22
480.0,213,1969,2026-12-19,2026-09-22
490.0,0,50,2026-12-19,2026-09-22
490.0,832,2022,2026-12-19,2026-09-22
500.0,1815,7251,2026-12-19,2026-09-22
510.0,165,3315,2026-12-19,2026-09-22
520.0,803,1804,2026-12-19,2026-09-22
530.0,845,3064,2026-12-19,2026-09-22
540.0,587,1864,2026-12-19,2026-09-22
550.0,1331,5620,2026-12-19,2026-09-22
560.0,901,1932,2026-12-19,2026-09-22
565.0,755,629,2026-12-19,2026-09-22
570.0,1233,2822,2026-12-19,2026-09-22
575.0,757,885,2026-12-19,2026-09-22
580.0,1117,1839,2026-12-19,2026-09-22
585.0,369,594,2026-12-19,2026-09-22
590.0,670,1997,2026-12-19,2026-09-22
595.0,398,983,2026-12-19,2026-09-22
600.0,3556,4240,2026-12-19,2026-09-22
605.0,499,311,2026-12-19,2026-09-22
610.0,1040,1130,2026-12-19,2026-09-22
615.0,425,761,2026-12-19,2026-09-22
620.0,0,50,2026-12-19,2026-09-22
620.0,1500,1649,2026-12-19,2026-09-22
625.0,410,225,2026-12-19,2026-09-22
630.0,1256,1601,2026-12-19,2026-09-22
635.0,211,331,2026-12-19,2026-09-22
640.0,1733,1205,2026-12-19,2026-09-22
645.0,573,240,2026-12-19,2026-09-22
650.0,5205,1784,2026-12-19,2026-09-22
655.0,604,226,2026-12-19,2026-09-22
660.0,2310,5070,2026-12-19,2026-09-22
665.0,682,338,2026-12-19,2026-09-22
670.0,1320,2542,2026-12-19,2026-09-22
675.0,395,126,2026-12-19,2026-09-22
680.0,1859,1819,2026-12-19,2026-09-22
685.0,246,110,2026-12-19,2026-09-22
690.0,749,226,2026-12-19,2026-09-22
695.0,318,117,2026-12-19,2026-09-22
700.0,7880,1420,2026-12-19,2026-09-22
705.0,517,385,2026-12-19,2026-09-22
710.0,613,369,2026-12-19,2026-09-22
715.0,330,256,2026-12-19,2026-09-22
720.0,3600,313,2026-12-19,2026-09-22
725.0,878,153,2026-12-19,2026-09-22
730.0,10,0,2026-12-19,2026-09-22
730.0,2405,230,2026-12-19,2026-09-22
735.0,487,206,2026-12-19,2026-09-22
740.0,971,151,2026-12-19,2026-09-22
745.0,497,75,2026-12-19,2026-09-22
750.0,5127,1577,2026-12-19,2026-09-22
755.0,2132,84,2026-12-19,2026-09-22
760.0,2835,349,2026-12-19,2026-09-22
765.0,2124,249,2026-12-19,2026-09-22
770.0,2733,53,2026-12-19,2026-09-22
775.0,2902,36,2026-12-19,2026-09-22
780.0,3625,46,2026-12-19,2026-09-22
785.0,670,22,2026-12-19,2026-09-22
790.0,1730,140,2026-12-19,2026-09-22
795.0,555,40,2026-12-19,2026-09-22
800.0,11948,230,2026-12-19,2026-09-22
805.0,50,0,2026-12-19,2026-09-22
805.0,1981,72,2026-12-19,2026-09-22
810.0,1948,22,2026-12-19,2026-09-22
815.0,2176,8,2026-12-19,2026-09-22
820.0,2380,87,2026-12-19,2026-09-22
825.0,2365,8,2026-12-19,2026-09-22
830.0,3083,13,2026-12-19,2026-09-22
835.0,213,20,2026-12-19,2026-09-22
840.0,1192,27,2026-12-19,2026-09-22
845.0,2404,4,2026-12-19,2026-09-22
850.0,3097,0,2026-12-19,2026-09-22
860.0,1170,1,2026-12-19,2026-09-22
870.0,1035,2,2026-12-19,2026-09-22
880.0,519,2,2026-12-19,2026-09-22
890.0,178,1,2026-12-19,2026-09-22
900.0,3289,104,2026-12-19,2026-09-22
910.0,776,0,2026-12-19,2026-09-22
920.0,516,1,2026-12-19,2026-09-22
930.0,240,2,2026-12-19,2026-09-22
940.0,378,5,2026-12-19,2026-09-22
950.0,1501,0,2026-12-19,2026-09-22
960.0,242,0,2026-12-19,2026-09-22
970.0,1657,0,2026-12-19,2026-09-22
980.0,194,0,2026-12-19,2026-09-22
990.0,976,0,2026-12-19,2026-09-22
1000.0,4011,1,2026-12-19,2026-09-22
1020.0,588,0,2026-12-19,2026-09-22
1030.0,1573,0,2026-12-19,2026-09-22
1040.0,147,0,2026-12-19,2026-09-22
1050.0,232,0,2026-12-19,2026-09-22
1060.0,223,0,2026-12-19,2026-09-22
1070.0,200,0,2026-12-19,2026-09-22
1080.0,202,0,2026-12-19,2026-09-22
1090.0,71,0,2026-12-19,2026-09-22
1100.0,1310,0,2026-12-19,2026-09-22
1110.0,157,0,2026-12-19,2026-09-22
1120.0,415,0,2026-12-19,2026-09-22
1130.0,110,0,2026-12-19,2026-09-22
1140.0,175,0,2026-12-19,2026-09-22
1150.0,1692,0,2026-12-19,2026-09-22
1160.0,39,0,2026-12-19,2026-09-22
1170.0,52,0,2026-12-19,2026-09-22
1180.0,224,0,2026-12-19,2026-09-22
1190.0,84,0,2026-12-19,2026-09-22
1200.0,1907,0,2026-12-19,2026-09-22
1210.0,46,0,2026-12-19,2026-09-22
1220.0,150,0,2026-12-19,2026-09-22
1230.0,376,0,2026-12-19,2026-09-22
1240.0,1843,0,2026-12-19,2026-09-22
1250.0,1883,0,2026-12-19,2026-09-22
1260.0,123,0,2026-12-19,2026-09-22
1270.0,200,0,2026-12-19,2026-09-22
1280.0,304,0,2026-12-19,2026-09-22
1290.0,8569,0,2026-12-19,2026-09-22
1300.0,8920,0,2026-12-19,2026-09-22
1310.0,107,0,2026-12-19,2026-09-22
1320.0,85,0,2026-12-19,2026-09-22
1330.0,82,0,2026-12-19,2026-09-22
1340.0,295,0,2026-12-19,2026-09-22
1350.0,410,0,2026-12-19,2026-09-22
1360.0,96,0,2026-12-19,2026-09-22
1370.0,147,0,2026-12-19,2026-09-22
1380.0,64,0,2026-12-19,2026-09-22
1390.0,112,0,2026-12-19,2026-09-22
1400.0,2517,0,2026-12-19,2026-09-22
1410.0,488,0,2026-12-19,2026-09-22
1420.0,816,0,2026-12-19,2026-09-22
1430.0,900,0,2026-12-19,2026-09-22
1440.0,44,0,2026-12-19,2026-09-22
1450.0,62,0,2026-12-19,2026-09-22
1460.0,270,0,2026-12-19,2026-09-22
1470.0,137,0,2026-12-19,2026-09-22
1480.0,1998,0,2026-12-19,2026-09-22
5.0,68,3204,2027-01-16,2026-09-22
10.0,0,1,2027-01-16,2026-09-22
15.0,2,4,2027-01-16,2026-09-22
20.0,7,2,2027-01-16,2026-09-22
25.0,0,2,2027-01-16,2026-09-22
30.0,0,4,2027-01-16,2026-09-22
35.0,0,2,2027-01-16,2026-09-22
40.0,0,204,2027-01-16,2026-09-22
45.0,1,7,2027-01-16,2026-09-22
50.0,111,440,2027-01-16,2026-09-22
100.0,126,3066,2027-01-16,2026-09-22
110.0,283,355,2027-01-16,2026-09-22
120.0,11,97,2027-01-16,2026-09-22
130.0,16,85,2027-01-16,2026-09-22
140.0,13,195,2027-01-16,2026-09-22
150.0,16,262,2027-01-16,2026-09-22
160.0,38,169,2027-01-16,2026-09-22
170.0,36,468,2027-01-16,2026-09-22
180.0,191,253,2027-01-16,2026-09-22
190.0,27,176,2027-01-16,2026-09-22
200.0,160,483,2027-01-16,2026-09-22
210.0,56,387,2027-01-16,2026-09-22
220.0,174,1124,2027-01-16,2026-09-22
230.0,55,601,2027-01-16,2026-09-22
240.0,73,375,2027-01-16,2026-09-22
242.5,0,75,2027-01-16,2026-09-22
250.0,86,1049,2027-01-16,2026-09-22
260.0,60,209,2027-01-16,2026-09-22
270.0,281,1033,2027-01-16,2026-09-22
280.0,55,355,2027-01-16,2026-09-22
290.0,168,346,2027-01-16,2026-09-22
300.0,378,1324,2027-01-16,2026-09-22
310.0,22,440,2027-01-16,2026-09-22
320.0,77,797,2027-01-16,2026-09-22
330.0,63,511,2027-01-16,2026-09-22
340.0,40,458,2027-01-16,2026-09-22
350.0,162,1595,2027-01-16,2026-09-22
360.0,91,514,2027-01-16,2026-09-22
370.0,45,1428,2027-01-16,2026-09-22
380.0,54,851,2027-01-16,2026-09-22
390.0,124,1258,2027-01-16,2026-09-22
400.0,516,4241,2027-01-16,2026-09-22
410.0,119,1371,2027-01-16,2026-09-22
420.0,200,2022,2027-01-16,2026-09-22
430.0,127,2935,2027-01-16,2026-09-22
440.0,152,2772,2027-01-16,2026-09-22
450.0,254,7167,2027-01-16,2026-09-22
460.0,141,2867,2027-01-16,2026-09-22
470.0,93,2147,2027-01-16,2026-09-22
480.0,263,2855,2027-01-16,2026-09-22
490.0,351,3360,2027-01-16,2026-09-22
500.0,3776,8268,2027-01-16,2026-09-22
510.0,2587,5095,2027-01-16,2026-09-22
520.0,417,3881,2027-01-16,2026-09-22
530.0,519,3430,2027-01-16,2026-09-22
540.0,855,3434,2027-01-16,2026-09-22
550.0,0,10,2027-01-16,2026-09-22
550.0,1590,6253,2027-01-16,2026-09-22
560.0,1250,3222,2027-01-16,2026-09-22
570.0,955,6356,2027-01-16,2026-09-22
580.0,1218,3781,2027-01-16,2026-09-22
590.0,1438,1821,2027-01-16,2026-09-22
597.6,0,262,2027-01-16,2026-09-22
599.0,280,0,2027-01-16,2026-09-22
600.0,6114,6174,2027-01-16,2026-09-22
610.0,1883,1931,2027-01-16,2026-09-22
620.0,2413,2331,2027-01-16,2026-09-22
630.0,3053,3156,2027-01-16,2026-09-22
640.0,1358,2128,2027-01-16,2026-09-22
650.0,0,26,2027-01-16,2026-09-22
650.0,4864,3325,2027-01-16,2026-09-22
660.0,1000,1007,2027-01-16,2026-09-22
660.0,3405,1663,2027-01-16,2026-09-22
670.0,2627,2352,2027-01-16,2026-09-22
680.0,2656,1015,2027-01-16,2026-09-22
690.0,1143,587,2027-01-16,2026-09-22
700.0,116024,2529,2027-01-16,2026-09-22
700.01,10325,10325,2027-01-16,2026-09-22
710.0,1561,838,2027-01-16,2026-09-22
720.0,0,26,2027-01-16,2026-09-22
720.0,2951,918,2027-01-16,2026-09-22
730.0,3739,419,2027-01-16,2026-09-22
740.0,2423,338,2027-01-16,2026-09-22
750.0,244879,578,2027-01-16,2026-09-22
760.0,3467,550,2027-01-16,2026-09-22
770.0,10,0,2027-01-16,2026-09-22
770.0,4698,648,2027-01-16,2026-09-22
780.0,3398,335,2027-01-16,2026-09-22
790.0,1741,234,2027-01-16,2026-09-22
800.0,108173,495,2027-01-16,2026-09-22
805.1,262,0,2027-01-16,2026-09-22
810.0,4845,219,2027-01-16,2026-09-22
820.0,3362,83,2027-01-16,2026-09-22
830.0,33264,71,2027-01-16,2026-09-22
840.0,1474,102,2027-01-16,2026-09-22
850.0,5933,123,2027-01-16,2026-09-22
860.0,10,0,2027-01-16,2026-09-22
860.0,1929,27,2027-01-16,2026-09-22
870.0,762,1,2027-01-16,2026-09-22
880.0,803,1,2027-01-16,2026-09-22
890.0,7,0,2027-01-16,2026-09-22
890.0,1063,3,2027-01-16,2026-09-22
900.0,16448,23,2027-01-16,2026-09-22
910.0,1279,0,2027-01-16,2026-09-22
920.0,3441,0,2027-01-16,2026-09-22
930.0,930,0,2027-01-16,2026-09-22
940.0,1017,0,2027-01-16,2026-09-22
950.0,1585,0,2027-01-16,2026-09-22
960.0,584,0,2027-01-16,2026-09-22
970.0,538,0,2027-01-16,2026-09-22
980.0,605,0,2027-01-16,2026-09-22
990.0,510,0,2027-01-16,2026-09-22
1000.0,6705,1,2027-01-16,2026-09-22
1010.0,466,0,2027-01-16,2026-09-22
1020.0,555,0,2027-01-16,2026-09-22
1030.0,357,1,2027-01-16,2026-09-22
1040.0,290,0,2027-01-16,2026-09-22
1050.0,1052,0,2027-01-16,2026-09-22
1060.0,271,0,2027-01-16,2026-09-22
1070.0,151,0,2027-01-16,2026-09-22
1080.0,422,0,2027-01-16,2026-09-22
1090.0,290,0,2027-01-16,2026-09-22
1100.0,4090,0,2027-01-16,2026-09-22
1110.0,500,0,2027-01-16,2026-09-22
1120.0,319,0,2027-01-16,2026-09-22
1130.0,385,0,2027-01-16,2026-09-22
1140.0,285,0,2027-01-16,2026-09-22
1150.0,3623,0,2027-01-16,2026-09-22
1160.0,275,0,2027-01-16,2026-09-22
1170.0,140,0,2027-01-16,2026-09-22
1180.0,290,0,2027-01-16,2026-09-22
1190.0,689,0,2027-01-16,2026-09-22
1200.0,2158,0,2027-01-16,2026-09-22
1210.0,180,0,2027-01-16,2026-09-22
1220.0,112,0,2027-01-16,2026-09-22
1230.0,86,0,2027-01-16,2026-09-22
1240.0,664,0,2027-01-16,2026-09-22
1250.0,37108,0,2027-01-16,2026-09-22
1260.0,469,0,2027-01-16,2026-09-22
1270.0,888,0,2027-01-16,2026-09-22
1280.0,322,0,2027-01-16,2026-09-22
1290.0,347,0,2027-01-16,2026-09-22
1300.0,1609,0,2027-01-16,2026-09-22
1310.0,112,0,2027-01-16,2026-09-22
1320.0,391,0,2027-01-16,2026-09-22
1330.0,402,0,2027-01-16,2026-09-22
1340.0,164,0,2027-01-16,2026-09-22
1350.0,572,0,2027-01-16,2026-09-22
1360.0,742,0,2027-01-16,2026-09-22
1370.0,112,0,2027-01-16,2026-09-22
1380.0,48,0,2027-01-16,2026-09-22
1390.0,150,0,2027-01-16,2026-09-22
1400.0,1680,0,2027-01-16,2026-09-22
1410.0,291,0,2027-01-16,2026-09-22
1420.0,798,0,2027-01-16,2026-09-22
1430.0,20499,0,2027-01-16,2026-09-22
1440.0,261,0,2027-01-16,2026-09-22
1450.0,181,0,2027-01-16,2026-09-22
1460.0,157,0,2027-01-16,2026-09-22
1470.0,166,0,2027-01-16,2026-09-22
1480.0,3452,0,2027-01-16,2026-09-22
490.1,0,132,2027-01-27,2026-09-22
805.1,132,0,2027-01-27,2026-09-22
637.45,0,8,2027-01-30,2026-09-22
776.0,0,0,2027-01-30,2026-09-22
100.0,20,3,2027-02-20,2026-09-22
110.0,0,4,2027-02-20,2026-09-22
120.0,0,11,2027-02-20,2026-09-22
130.0,9,15,2027-02-20,2026-09-22
140.0,0,13,2027-02-20,2026-09-22
150.0,0,24,2027-02-20,2026-09-22
160.0,2,15,2027-02-20,2026-09-22
170.0,0,40,2027-02-20,2026-09-22
180.0,0,33,2027-02-20,2026-09-22
190.0,0,23,2027-02-20,2026-09-22
200.0,51,1005,2027-02-20,2026-09-22
210.0,0,67,2027-02-20,2026-09-22
220.0,0,110,2027-02-20,2026-09-22
230.0,0,40,2027-02-20,2026-09-22
240.0,0,81,2027-02-20,2026-09-22
250.0,6,31,2027-02-20,2026-09-22
260.0,0,14,2027-02-20,2026-09-22
270.0,2,80,2027-02-20,2026-09-22
280.0,4,85,2027-02-20,2026-09-22
290.0,0,77,2027-02-20,2026-09-22
300.0,17,228,2027-02-20,2026-09-22
310.0,0,30,2027-02-20,2026-09-22
320.0,3,47,2027-02-20,2026-09-22
330.0,6,39,2027-02-20,2026-09-22
340.0,9,75,2027-02-20,2026-09-22
350.0,14,165,2027-02-20,2026-09-22
360.0,7,34,2027-02-20,2026-09-22
370.0,2,60,2027-02-20,2026-09-22
380.0,7,118,2027-02-20,2026-09-22
390.0,13,114,2027-02-20,2026-09-22
400.0,13,193,2027-02-20,2026-09-22
410.0,52,313,2027-02-20,2026-09-22
420.0,3,325,2027-02-20,2026-09-22
430.0,5,570,2027-02-20,2026-09-22
440.0,5,587,2027-02-20,2026-09-22
450.0,57,916,2027-02-20,2026-09-22
460.0,77,492,2027-02-20,2026-09-22
470.0,110,672,2027-02-20,2026-09-22
480.0,22,1615,2027-02-20,2026-09-22
490.0,51,658,2027-02-20,2026-09-22
500.0,150,1257,2027-02-20,2026-09-22
510.0,20,667,2027-02-20,2026-09-22
520.0,72,608,2027-02-20,2026-09-22
530.0,74,654,2027-02-20,2026-09-22
540.0,667,759,2027-02-20,2026-09-22
550.0,261,941,2027-02-20,2026-09-22
560.0,208,565,2027-02-20,2026-09-22
570.0,0,2,2027-02-20,2026-09-22
570.0,140,362,2027-02-20,2026-09-22
575.0,0,36,2027-02-20,2026-09-22
580.0,288,1156,2027-02-20,2026-09-22
590.0,700,371,2027-02-20,2026-09-22
600.0,925,447,2027-02-20,2026-09-22
610.0,286,94,2027-02-20,2026-09-22
620.0,147,97,2027-02-20,2026-09-22
630.0,239,82,2027-02-20,2026-09-22
640.0,174,106,2027-02-20,2026-09-22
650.0,3334,330,2027-02-20,2026-09-22
660.0,619,49,2027-02-20,2026-09-22
670.0,681,179,2027-02-20,2026-09-22
680.0,226,46,2027-02-20,2026-09-22
690.0,384,204,2027-02-20,2026-09-22
692.0,36,0,2027-02-20,2026-09-22
700.0,2188,66,2027-02-20,2026-09-22
710.0,284,54,2027-02-20,2026-09-22
720.0,346,49,2027-02-20,2026-09-22
730.0,2,0,2027-02-20,2026-09-22
730.0,481,316,2027-02-20,2026-09-22
740.0,369,24,2027-02-20,2026-09-22
750.0,1076,7,2027-02-20,2026-09-22
760.0,334,3,2027-02-20,2026-09-22
770.0,211,27,2027-02-20,2026-09-22
780.0,345,18,2027-02-20,2026-09-22
790.0,169,3,2027-02-20,2026-09-22
800.0,1412,72,2027-02-20,2026-09-22
810.0,120,2,2027-02-20,2026-09-22
820.0,133,0,2027-02-20,2026-09-22
830.0,161,3,2027-02-20,2026-09-22
840.0,90,1,2027-02-20,2026-09-22
850.0,510,58,2027-02-20,2026-09-22
860.0,240,0,2027-02-20,2026-09-22
870.0,78,0,2027-02-20,2026-09-22
880.0,198,0,2027-02-20,2026-09-22
890.0,49,0,2027-02-20,2026-09-22
900.0,6270,4,2027-02-20,2026-09-22
910.0,75,1,2027-02-20,2026-09-22
920.0,57,0,2027-02-20,2026-09-22
930.0,18,0,2027-02-20,2026-09-22
940.0,48,0,2027-02-20,2026-09-22
950.0,83,0,2027-02-20,2026-09-22
960.0,188,0,2027-02-20,2026-09-22
970.0,13,0,2027-02-20,2026-09-22
980.0,84,1,2027-02-20,2026-09-22
990.0,26,0,2027-02-20,2026-09-22
1000.0,478,0,2027-02-20,2026-09-22
1010.0,77,0,2027-02-20,2026-09-22
1020.0,45,0,2027-02-20,2026-09-22
1030.0,12,0,2027-02-20,2026-09-22
1040.0,5,0,2027-02-20,2026-09-22
1050.0,31,1,2027-02-20,2026-09-22
1060.0,17,0,2027-02-20,2026-09-22
1070.0,159,0,2027-02-20,2026-09-22
1080.0,69,0,2027-02-20,2026-09-22
1090.0,0,0,2027-02-20,2026-09-22
1100.0,558,0,2027-02-20,2026-09-22
1110.0,101,0,2027-02-20,2026-09-22
1120.0,9,0,2027-02-20,2026-09-22
1130.0,20,0,2027-02-20,2026-09-22
1140.0,41,0,2027-02-20,2026-09-22
1150.0,38,0,2027-02-20,2026-09-22
1160.0,31,0,2027-02-20,2026-09-22
1170.0,47,0,2027-02-20,2026-09-22
1180.0,111,0,2027-02-20,2026-09-22
1190.0,647,0,2027-02-20,2026-09-22
490.93,0,40,2027-02-25,2026-09-22
612.0,0,75,2027-03-17,2026-09-22
794.92,75,0,2027-03-17,2026-09-22
5.0,1669,0,2027-03-20,2026-09-22
10.0,11,3002,2027-03-20,2026-09-22
15.0,0,15,2027-03-20,2026-09-22
20.0,0,0,2027-03-20,2026-09-22
25.0,0,0,2027-03-20,2026-09-22
30.0,0,0,2027-03-20,2026-09-22
35.0,0,0,2027-03-20,2026-09-22
40.0,0,0,2027-03-20,2026-09-22
45.0,0,15,2027-03-20,2026-09-22
50.0,0,18,2027-03-20,2026-09-22
100.0,1,78,2027-03-20,2026-09-22
110.0,209,5,2027-03-20,2026-09-22
120.0,0,268,2027-03-20,2026-09-22
130.0,0,22,2027-03-20,2026-09-22
140.0,0,84,2027-03-20,2026-09-22
150.0,1,158,2027-03-20,2026-09-22
160.0,2,77,2027-03-20,2026-09-22
170.0,21,137,2027-03-20,2026-09-22
180.0,1,71,2027-03-20,2026-09-22
190.0,2,23,2027-03-20,2026-09-22
200.0,5,61,2027-03-20,2026-09-22
210.0,1,36,2027-03-20,2026-09-22
220.0,0,150,2027-03-20,2026-09-22
230.0,35,99,2027-03-20,2026-09-22
240.0,51,59,2027-03-20,2026-09-22
250.0,0,204,2027-03-20,2026-09-22
260.0,2,97,2027-03-20,2026-09-22
270.0,23,112,2027-03-20,2026-09-22
280.0,44,61,2027-03-20,2026-09-22
290.0,2,46,2027-03-20,2026-09-22
300.0,21,361,2027-03-20,2026-09-22
310.0,5,43,2027-03-20,2026-09-22
320.0,12,111,2027-03-20,2026-09-22
330.0,16,47,2027-03-20,2026-09-22
340.0,6,273,2027-03-20,2026-09-22
350.0,25,422,2027-03-20,2026-09-22
360.0,24,354,2027-03-20,2026-09-22
370.0,18,427,2027-03-20,2026-09-22
380.0,113,409,2027-03-20,2026-09-22
390.0,73,302,2027-03-20,2026-09-22
400.0,92,1398,2027-03-20,2026-09-22
410.0,30,768,2027-03-20,2026-09-22
420.0,33,2669,2027-03-20,2026-09-22
430.0,162,948,2027-03-20,2026-09-22
440.0,19,546,2027-03-20,2026-09-22
450.0,134,3839,2027-03-20,2026-09-22
460.0,86,2056,2027-03-20,2026-09-22
470.0,36,1326,2027-03-20,2026-09-22
480.0,47,1432,2027-03-20,2026-09-22
490.0,39,1764,2027-03-20,2026-09-22
500.0,503,4619,2027-03-20,2026-09-22
510.0,0,150,2027-03-20,2026-09-22
510.0,56,955,2027-03-20,2026-09-22
520.0,64,1126,2027-03-20,2026-09-22
530.0,158,1055,2027-03-20,2026-09-22
540.0,258,1779,2027-03-20,2026-09-22
550.0,837,4338,2027-03-20,2026-09-22
560.0,292,930,2027-03-20,2026-09-22
565.0,41,381,2027-03-20,2026-09-22
570.0,536,1416,2027-03-20,2026-09-22
575.0,529,327,2027-03-20,2026-09-22
580.0,782,1464,2027-03-20,2026-09-22
585.0,196,343,2027-03-20,2026-09-22
590.0,283,661,2027-03-20,2026-09-22
595.0,258,171,2027-03-20,2026-09-22
600.0,2014,1408,2027-03-20,2026-09-22
605.0,84,130,2027-03-20,2026-09-22
610.0,421,1535,2027-03-20,2026-09-22
615.0,249,172,2027-03-20,2026-09-22
620.0,426,918,2027-03-20,2026-09-22
625.0,125,86,2027-03-20,2026-09-22
630.0,343,612,2027-03-20,2026-09-22
635.0,95,365,2027-03-20,2026-09-22
640.0,404,320,2027-03-20,2026-09-22
645.0,147,206,2027-03-20,2026-09-22
650.0,4541,835,2027-03-20,2026-09-22
655.0,135,243,2027-03-20,2026-09-22
660.0,687,457,2027-03-20,2026-09-22
665.0,205,5068,2027-03-20,2026-09-22
670.0,446,312,2027-03-20,2026-09-22
675.0,324,42,2027-03-20,2026-09-22
680.0,535,292,2027-03-20,2026-09-22
685.0,171,49,2027-03-20,2026-09-22
690.0,478,166,2027-03-20,2026-09-22
695.0,66,66,2027-03-20,2026-09-22
700.0,4415,326,2027-03-20,2026-09-22
705.0,84,50,2027-03-20,2026-09-22
710.0,776,180,2027-03-20,2026-09-22
715.0,489,72,2027-03-20,2026-09-22
720.0,346,140,2027-03-20,2026-09-22
725.0,179,25,2027-03-20,2026-09-22
730.0,555,47,2027-03-20,2026-09-22
735.0,145,35,2027-03-20,2026-09-22
740.0,342,38,2027-03-20,2026-09-22
745.0,211,8,2027-03-20,2026-09-22
750.0,16,0,2027-03-20,2026-09-22
750.0,1357,57,2027-03-20,2026-09-22
755.0,134,8,2027-03-20,2026-09-22
760.0,443,33,2027-03-20,2026-09-22
770.0,412,32,2027-03-20,2026-09-22
780.0,1232,24,2027-03-20,2026-09-22
790.0,354,68,2027-03-20,2026-09-22
800.0,6899,174,2027-03-20,2026-09-22
810.0,568,117,2027-03-20,2026-09-22
820.0,454,5,2027-03-20,2026-09-22
830.0,446,0,2027-03-20,2026-09-22
840.0,304,3,2027-03-20,2026-09-22
850.0,2007,122,2027-03-20,2026-09-22
860.0,624,4,2027-03-20,2026-09-22
870.0,258,4,2027-03-20,2026-09-22
880.0,749,4,2027-03-20,2026-09-22
890.0,176,6,2027-03-20,2026-09-22
900.0,3087,5,2027-03-20,2026-09-22
910.0,425,0,2027-03-20,2026-09-22
920.0,889,0,2027-03-20,2026-09-22
930.0,248,0,2027-03-20,2026-09-22
940.0,1047,0,2027-03-20,2026-09-22
950.0,4109,0,2027-03-20,2026-09-22
960.0,727,0,2027-03-20,2026-09-22
970.0,73,0,2027-03-20,2026-09-22
980.0,629,0,2027-03-20,2026-09-22
990.0,489,0,2027-03-20,2026-09-22
1000.0,2826,0,2027-03-20,2026-09-22
1010.0,100,0,2027-03-20,2026-09-22
1020.0,757,0,2027-03-20,2026-09-22
1030.0,349,0,2027-03-20,2026-09-22
1040.0,997,0,2027-03-20,2026-09-22
1050.0,115,0,2027-03-20,2026-09-22
1060.0,102,0,2027-03-20,2026-09-22
1070.0,287,0,2027-03-20,2026-09-22
1080.0,48,0,2027-03-20,2026-09-22
1090.0,79,0,2027-03-20,2026-09-22
1100.0,292,0,2027-03-20,2026-09-22
1110.0,45,0,2027-03-20,2026-09-22
1120.0,72,0,2027-03-20,2026-09-22
1130.0,59,0,2027-03-20,2026-09-22
1140.0,64,0,2027-03-20,2026-09-22
1150.0,79,0,2027-03-20,2026-09-22
1160.0,56,0,2027-03-20,2026-09-22
1170.0,65,0,2027-03-20,2026-09-22
1180.0,101,0,2027-03-20,2026-09-22
1190.0,34,0,2027-03-20,2026-09-22
1200.0,338,0,2027-03-20,2026-09-22
1210.0,396,0,2027-03-20,2026-09-22
1220.0,844,0,2027-03-20,2026-09-22
1230.0,45,0,2027-03-20,2026-09-22
1240.0,453,0,2027-03-20,2026-09-22
1250.0,1262,0,2027-03-20,2026-09-22
492.79,0,35,2027-03-31,2026-09-22
5.0,1153,4,2027-06-18,2026-09-22
10.0,12,1,2027-06-18,2026-09-22
15.0,1,0,2027-06-18,2026-09-22
20.0,1,1,2027-06-18,2026-09-22
25.0,0,0,2027-06-18,2026-09-22
30.0,0,0,2027-06-18,2026-09-22
35.0,0,0,2027-06-18,2026-09-22
40.0,2,0,2027-06-18,2026-09-22
45.0,2,7,2027-06-18,2026-09-22
50.0,95,30,2027-06-18,2026-09-22
260.0,96,461,2027-06-18,2026-09-22
270.0,75,120,2027-06-18,2026-09-22
280.0,31,149,2027-06-18,2026-09-22
290.0,1,266,2027-06-18,2026-09-22
300.0,42,202,2027-06-18,2026-09-22
310.0,37,124,2027-06-18,2026-09-22
320.0,133,203,2027-06-18,2026-09-22
330.0,23,740,2027-06-18,2026-09-22
340.0,29,274,2027-06-18,2026-09-22
350.0,40,479,2027-06-18,2026-09-22
360.0,43,785,2027-06-18,2026-09-22
370.0,87,448,2027-06-18,2026-09-22
380.0,93,696,2027-06-18,2026-09-22
390.0,44,1193,2027-06-18,2026-09-22
400.0,266,1841,2027-06-18,2026-09-22
410.0,17,498,2027-06-18,2026-09-22
420.0,64,4458,2027-06-18,2026-09-22
430.0,170,1006,2027-06-18,2026-09-22
440.0,61,629,2027-06-18,2026-09-22
450.0,169,3745,2027-06-18,2026-09-22
460.0,62,1690,2027-06-18,2026-09-22
470.0,92,1432,2027-06-18,2026-09-22
480.0,283,1469,2027-06-18,2026-09-22
490.0,141,1167,2027-06-18,2026-09-22
500.0,865,5241,2027-06-18,2026-09-22
520.0,577,2528,2027-06-18,2026-09-22
540.0,1576,4344,2027-06-18,2026-09-22
560.0,1045,2487,2027-06-18,2026-09-22
580.0,1026,3368,2027-06-18,2026-09-22
600.0,4025,4409,2027-06-18,2026-09-22
620.0,1973,2533,2027-06-18,2026-09-22
640.0,2246,2535,2027-06-18,2026-09-22
660.0,2228,1626,2027-06-18,2026-09-22
680.0,1836,2150,2027-06-18,2026-09-22
700.0,3020,1653,2027-06-18,2026-09-22
720.0,2114,1073,2027-06-18,2026-09-22
740.0,3400,441,2027-06-18,2026-09-22
760.0,3364,378,2027-06-18,2026-09-22
780.0,2345,202,2027-06-18,2026-09-22
789.05,54,54,2027-06-18,2026-09-22
800.0,3627,287,2027-06-18,2026-09-22
820.0,599,72,2027-06-18,2026-09-22
840.0,2162,67,2027-06-18,2026-09-22
860.0,1464,58,2027-06-18,2026-09-22
880.0,3096,29,2027-06-18,2026-09-22
900.0,3501,115,2027-06-18,2026-09-22
920.0,2864,49,2027-06-18,2026-09-22
940.0,786,13,2027-06-18,2026-09-22
960.0,646,18,2027-06-18,2026-09-22
980.0,729,0,2027-06-18,2026-09-22
1000.0,2464,16,2027-06-18,2026-09-22
1020.0,811,0,2027-06-18,2026-09-22
1040.0,679,0,2027-06-18,2026-09-22
1060.0,482,0,2027-06-18,2026-09-22
1080.0,316,0,2027-06-18,2026-09-22
1100.0,487,0,2027-06-18,2026-09-22
1120.0,201,0,2027-06-18,2026-09-22
1140.0,148,0,2027-06-18,2026-09-22
1160.0,434,0,2027-06-18,2026-09-22
1180.0,223,0,2027-06-18,2026-09-22
1200.0,984,0,2027-06-18,2026-09-22
1220.0,126,0,2027-06-18,2026-09-22
1240.0,359,0,2027-06-18,2026-09-22
1260.0,91,0,2027-06-18,2026-09-22
1280.0,103,0,2027-06-18,2026-09-22
1300.0,183,0,2027-06-18,2026-09-22
1310.0,30,0,2027-06-18,2026-09-22
1320.0,128,0,2027-06-18,2026-09-22
1330.0,48,0,2027-06-18,2026-09-22
1340.0,106,0,2027-06-18,2026-09-22
1350.0,149,0,2027-06-18,2026-09-22
1360.0,94,0,2027-06-18,2026-09-22
1370.0,87,0,2027-06-18,2026-09-22
1380.0,132,0,2027-06-18,2026-09-22
1390.0,83,0,2027-06-18,2026-09-22
1400.0,1207,0,2027-06-18,2026-09-22
1410.0,142,0,2027-06-18,2026-09-22
1420.0,622,0,2027-06-18,2026-09-22
1430.0,72,0,2027-06-18,2026-09-22
1440.0,85,0,2027-06-18,2026-09-22
1450.0,148,0,2027-06-18,2026-09-22
1460.0,323,0,2027-06-18,2026-09-22
1470.0,201,0,2027-06-18,2026-09-22
1480.0,2274,0,2027-06-18,2026-09-22
5.0,1661,0,2027-09-18,2026-09-22
10.0,0,0,2027-09-18,2026-09-22
15.0,0,0,2027-09-18,2026-09-22
20.0,0,0,2027-09-18,2026-09-22
25.0,0,0,2027-09-18,2026-09-22
30.0,1,0,2027-09-18,2026-09-22
35.0,0,0,2027-09-18,2026-09-22
40.0,0,0,2027-09-18,2026-09-22
45.0,0,0,2027-09-18,2026-09-22
50.0,4,3,2027-09-18,2026-09-22
60.0,0,6,2027-09-18,2026-09-22
70.0,1,19,2027-09-18,2026-09-22
80.0,0,9,2027-09-18,2026-09-22
90.0,0,25,2027-09-18,2026-09-22
100.0,0,120,2027-09-18,2026-09-22
110.0,450,67,2027-09-18,2026-09-22
120.0,2,3,2027-09-18,2026-09-22
130.0,5,0,2027-09-18,2026-09-22
140.0,2,25,2027-09-18,2026-09-22
150.0,2,64,2027-09-18,2026-09-22
160.0,4,50,2027-09-18,2026-09-22
170.0,4,28,2027-09-18,2026-09-22
180.0,61,37,2027-09-18,2026-09-22
190.0,1,24,2027-09-18,2026-09-22
200.0,62,74,2027-09-18,2026-09-22
210.0,202,5,2027-09-18,2026-09-22
220.0,139,156,2027-09-18,2026-09-22
230.0,117,12,2027-09-18,2026-09-22
240.0,42,112,2027-09-18,2026-09-22
250.0,35,38,2027-09-18,2026-09-22
260.0,46,62,2027-09-18,2026-09-22
270.0,7,399,2027-09-18,2026-09-22
280.0,11,40,2027-09-18,2026-09-22
290.0,12,246,2027-09-18,2026-09-22
300.0,67,48,2027-09-18,2026-09-22
310.0,79,1061,2027-09-18,2026-09-22
320.0,19,79,2027-09-18,2026-09-22
330.0,17,354,2027-09-18,2026-09-22
340.0,36,50,2027-09-18,2026-09-22
350.0,29,202,2027-09-18,2026-09-22
360.0,37,90,2027-09-18,2026-09-22
370.0,12,87,2027-09-18,2026-09-22
380.0,37,185,2027-09-18,2026-09-22
390.0,143,121,2027-09-18,2026-09-22
400.0,170,1006,2027-09-18,2026-09-22
410.0,58,180,2027-09-18,2026-09-22
420.0,38,709,2027-09-18,2026-09-22
430.0,73,689,2027-09-18,2026-09-22
440.0,76,158,2027-09-18,2026-09-22
450.0,179,706,2027-09-18,2026-09-22
460.0,65,1303,2027-09-18,2026-09-22
470.0,104,639,2027-09-18,2026-09-22
480.0,150,429,2027-09-18,2026-09-22
490.0,0,63,2027-09-18,2026-09-22
490.0,25,269,2027-09-18,2026-09-22
500.0,273,1566,2027-09-18,2026-09-22
510.0,39,468,2027-09-18,2026-09-22
520.0,74,539,2027-09-18,2026-09-22
530.0,165,271,2027-09-18,2026-09-22
540.0,150,647,2027-09-18,2026-09-22
550.0,311,1157,2027-09-18,2026-09-22
560.0,110,206,2027-09-18,2026-09-22
570.0,132,391,2027-09-18,2026-09-22
580.0,308,185,2027-09-18,2026-09-22
590.0,80,0,2027-09-18,2026-09-22
590.0,154,229,2027-09-18,2026-09-22
600.0,1605,1254,2027-09-18,2026-09-22
610.0,302,272,2027-09-18,2026-09-22
620.0,334,299,2027-09-18,2026-09-22
630.0,1735,149,2027-09-18,2026-09-22
640.0,278,510,2027-09-18,2026-09-22
650.0,660,474,2027-09-18,2026-09-22
660.0,208,120,2027-09-18,2026-09-22
670.0,199,88,2027-09-18,2026-09-22
680.0,329,224,2027-09-18,2026-09-22
690.0,263,153,2027-09-18,2026-09-22
700.0,1220,308,2027-09-18,2026-09-22
710.0,720,95,2027-09-18,2026-09-22
720.0,1002,96,2027-09-18,2026-09-22
730.0,271,137,2027-09-18,2026-09-22
740.0,361,45,2027-09-18,2026-09-22
750.0,63,0,2027-09-18,2026-09-22
750.0,527,31,2027-09-18,2026-09-22
760.0,561,16,2027-09-18,2026-09-22
770.0,662,34,2027-09-18,2026-09-22
780.0,2047,18,2027-09-18,2026-09-22
790.0,153,7,2027-09-18,2026-09-22
800.0,1300,479,2027-09-18,2026-09-22
810.0,255,7,2027-09-18,2026-09-22
820.0,138,7,2027-09-18,2026-09-22
830.0,148,3,2027-09-18,2026-09-22
840.0,115,8,2027-09-18,2026-09-22
850.0,555,4,2027-09-18,2026-09-22
860.0,125,7,2027-09-18,2026-09-22
870.0,311,5,2027-09-18,2026-09-22
880.0,1556,9,2027-09-18,2026-09-22
890.0,117,1,2027-09-18,2026-09-22
900.0,1652,8,2027-09-18,2026-09-22
910.0,152,1,2027-09-18,2026-09-22
920.0,1350,2,2027-09-18,2026-09-22
930.0,246,0,2027-09-18,2026-09-22
940.0,468,3,2027-09-18,2026-09-22
950.0,194,1,2027-09-18,2026-09-22
960.0,136,3,2027-09-18,2026-09-22
970.0,66,0,2027-09-18,2026-09-22
980.0,156,1,2027-09-18,2026-09-22
990.0,84,1,2027-09-18,2026-09-22
1000.0,669,4,2027-09-18,2026-09-22
1010.0,885,0,2027-09-18,2026-09-22
1020.0,47,0,2027-09-18,2026-09-22
1030.0,113,1,2027-09-18,2026-09-22
1040.0,19,0,2027-09-18,2026-09-22
1050.0,90,0,2027-09-18,2026-09-22
1060.0,77,0,2027-09-18,2026-09-22
1070.0,790,1,2027-09-18,2026-09-22
1080.0,482,0,2027-09-18,2026-09-22
1090.0,57,0,2027-09-18,2026-09-22
1100.0,521,0,2027-09-18,2026-09-22
1110.0,19,0,2027-09-18,2026-09-22
1120.0,52,0,2027-09-18,2026-09-22
1130.0,48,0,2027-09-18,2026-09-22
1140.0,13,0,2027-09-18,2026-09-22
1150.0,26,0,2027-09-18,2026-09-22
1160.0,213,0,2027-09-18,2026-09-22
1170.0,21,0,2027-09-18,2026-09-22
1180.0,113,0,2027-09-18,2026-09-22
1190.0,26,0,2027-09-18,2026-09-22
1200.0,92,1,2027-09-18,2026-09-22
1210.0,189,0,2027-09-18,2026-09-22
1220.0,26,0,2027-09-18,2026-09-22
1230.0,20,0,2027-09-18,2026-09-22
1240.0,212,0,2027-09-18,2026-09-22
1250.0,1108,0,2027-09-18,2026-09-22
1260.0,11,0,2027-09-18,2026-09-22
1270.0,24,0,2027-09-18,2026-09-22
1280.0,104,0,2027-09-18,2026-09-22
1290.0,138,0,2027-09-18,2026-09-22
1300.0,233,0,2027-09-18,2026-09-22
1310.0,67,0,2027-09-18,2026-09-22
1320.0,33,0,2027-09-18,2026-09-22
1330.0,30,0,2027-09-18,2026-09-22
1340.0,53,0,2027-09-18,2026-09-22
1350.0,26,0,2027-09-18,2026-09-22
1360.0,18,0,2027-09-18,2026-09-22
1370.0,39,0,2027-09-18,2026-09-22
1380.0,279,0,2027-09-18,2026-09-22
1390.0,42,0,2027-09-18,2026-09-22
1400.0,55,0,2027-09-18,2026-09-22
1410.0,12,0,2027-09-18,2026-09-22
1420.0,32,0,2027-09-18,2026-09-22
1430.0,93,0,2027-09-18,2026-09-22
1440.0,50,0,2027-09-18,2026-09-22
1450.0,190,0,2027-09-18,2026-09-22
1460.0,52,0,2027-09-18,2026-09-22
1470.0,78,0,2027-09-18,2026-09-22
1480.0,190,0,2027-09-18,2026-09-22
740.66,538,0,2027-09-28,2026-09-22
5.0,6536,795,2027-12-18,2026-09-22
10.0,375,44,2027-12-18,2026-09-22
15.0,13,41,2027-12-18,2026-09-22
20.0,15,77,2027-12-18,2026-09-22
25.0,1,4,2027-12-18,2026-09-22
30.0,93,3,2027-12-18,2026-09-22
35.0,45,14,2027-12-18,2026-09-22
40.0,64,4,2027-12-18,2026-09-22
45.0,4,4,2027-12-18,2026-09-22
50.0,11,573,2027-12-18,2026-09-22
55.0,2,6,2027-12-18,2026-09-22
60.0,24,8,2027-12-18,2026-09-22
65.0,22,12,2027-12-18,2026-09-22
70.0,1,63,2027-12-18,2026-09-22
75.0,0,30,2027-12-18,2026-09-22
80.0,1,325,2027-12-18,2026-09-22
85.0,62,22,2027-12-18,2026-09-22
90.0,52,13,2027-12-18,2026-09-22
95.0,244,34,2027-12-18,2026-09-22
100.0,839,1140,2027-12-18,2026-09-22
110.0,278,129,2027-12-18,2026-09-22
120.0,143,194,2027-12-18,2026-09-22
130.0,98,91,2027-12-18,2026-09-22
140.0,93,23,2027-12-18,2026-09-22
150.0,55,2480,2027-12-18,2026-09-22
160.0,262,185,2027-12-18,2026-09-22
170.0,258,116,2027-12-18,2026-09-22
180.0,15,89,2027-12-18,2026-09-22
190.0,230,307,2027-12-18,2026-09-22
200.0,257,898,2027-12-18,2026-09-22
210.0,164,508,2027-12-18,2026-09-22
220.0,162,110,2027-12-18,2026-09-22
230.0,83,58,2027-12-18,2026-09-22
240.0,65,54,2027-12-18,2026-09-22
250.0,174,838,2027-12-18,2026-09-22
260.0,38,77,2027-12-18,2026-09-22
270.0,33,255,2027-12-18,2026-09-22
280.0,36,235,2027-12-18,2026-09-22
290.0,49,1109,2027-12-18,2026-09-22
300.0,102,437,2027-12-18,2026-09-22
310.0,57,478,2027-12-18,2026-09-22
320.0,197,155,2027-12-18,2026-09-22
330.0,40,80,2027-12-18,2026-09-22
340.0,55,216,2027-12-18,2026-09-22
350.0,141,264,2027-12-18,2026-09-22
360.0,117,151,2027-12-18,2026-09-22
370.0,111,300,2027-12-18,2026-09-22
380.0,81,565,2027-12-18,2026-09-22
390.0,49,238,2027-12-18,2026-09-22
400.0,267,1636,2027-12-18,2026-09-22
410.0,31,358,2027-12-18,2026-09-22
420.0,121,825,2027-12-18,2026-09-22
430.0,98,403,2027-12-18,2026-09-22
440.0,47,756,2027-12-18,2026-09-22
450.0,120,1218,2027-12-18,2026-09-22
460.0,59,768,2027-12-18,2026-09-22
470.0,49,270,2027-12-18,2026-09-22
480.0,120,873,2027-12-18,2026-09-22
490.0,109,732,2027-12-18,2026-09-22
500.0,1567,2300,2027-12-18,2026-09-22
510.0,250,356,2027-12-18,2026-09-22
520.0,272,531,2027-12-18,2026-09-22
530.0,160,646,2027-12-18,2026-09-22
540.0,160,546,2027-12-18,2026-09-22
550.0,842,1456,2027-12-18,2026-09-22
560.0,174,519,2027-12-18,2026-09-22
570.0,0,12,2027-12-18,2026-09-22
570.0,300,735,2027-12-18,2026-09-22
580.0,331,652,2027-12-18,2026-09-22
590.0,290,295,2027-12-18,2026-09-22
600.0,1633,2212,2027-12-18,2026-09-22
610.0,353,562,2027-12-18,2026-09-22
620.0,427,222,2027-12-18,2026-09-22
630.0,227,141,2027-12-18,2026-09-22
640.0,378,532,2027-12-18,2026-09-22
650.0,2775,745,2027-12-18,2026-09-22
660.0,543,253,2027-12-18,2026-09-22
670.0,1247,531,2027-12-18,2026-09-22
680.0,1489,665,2027-12-18,2026-09-22
690.0,436,194,2027-12-18,2026-09-22
700.0,4507,484,2027-12-18,2026-09-22
710.0,401,251,2027-12-18,2026-09-22
720.0,1252,213,2027-12-18,2026-09-22
730.0,517,270,2027-12-18,2026-09-22
740.0,824,216,2027-12-18,2026-09-22
750.0,1022,517,2027-12-18,2026-09-22
760.0,186,229,2027-12-18,2026-09-22
770.0,321,140,2027-12-18,2026-09-22
780.0,906,174,2027-12-18,2026-09-22
790.0,652,36,2027-12-18,2026-09-22
800.0,20,0,2027-12-18,2026-09-22
800.0,2107,117,2027-12-18,2026-09-22
803.0,54,54,2027-12-18,2026-09-22
810.0,449,78,2027-12-18,2026-09-22
820.0,302,36,2027-12-18,2026-09-22
830.0,456,29,2027-12-18,2026-09-22
840.0,266,94,2027-12-18,2026-09-22
850.0,503,75,2027-12-18,2026-09-22
860.0,199,34,2027-12-18,2026-09-22
870.0,180,53,2027-12-18,2026-09-22
880.0,147,8,2027-12-18,2026-09-22
890.0,115,39,2027-12-18,2026-09-22
900.0,2549,236,2027-12-18,2026-09-22
905.7,12,0,2027-12-18,2026-09-22
910.0,534,6,2027-12-18,2026-09-22
920.0,149,23,2027-12-18,2026-09-22
930.0,471,37,2027-12-18,2026-09-22
940.0,233,2,2027-12-18,2026-09-22
950.0,679,74,2027-12-18,2026-09-22
960.0,260,38,2027-12-18,2026-09-22
970.0,122,38,2027-12-18,2026-09-22
980.0,241,2,2027-12-18,2026-09-22
990.0,293,38,2027-12-18,2026-09-22
1000.0,3082,105,2027-12-18,2026-09-22
1010.0,749,1,2027-12-18,2026-09-22
1020.0,74,2,2027-12-18,2026-09-22
1030.0,1395,0,2027-12-18,2026-09-22
1040.0,216,0,2027-12-18,2026-09-22
1050.0,438,0,2027-12-18,2026-09-22
1060.0,257,0,2027-12-18,2026-09-22
1070.0,307,2,2027-12-18,2026-09-22
1080.0,216,3,2027-12-18,2026-09-22
1090.0,318,0,2027-12-18,2026-09-22
1100.0,1808,1,2027-12-18,2026-09-22
1110.0,90,2,2027-12-18,2026-09-22
1120.0,1512,0,2027-12-18,2026-09-22
1130.0,152,1,2027-12-18,2026-09-22
1140.0,42,0,2027-12-18,2026-09-22
1150.0,522,0,2027-12-18,2026-09-22
1160.0,90,0,2027-12-18,2026-09-22
1170.0,117,0,2027-12-18,2026-09-22
1180.0,65,0,2027-12-18,2026-09-22
1190.0,102,0,2027-12-18,2026-09-22
1200.0,807,1,2027-12-18,2026-09-22
1210.0,114,0,2027-12-18,2026-09-22
1220.0,210,0,2027-12-18,2026-09-22
1230.0,279,0,2027-12-18,2026-09-22
1240.0,133,0,2027-12-18,2026-09-22
1250.0,431,0,2027-12-18,2026-09-22
1260.0,111,0,2027-12-18,2026-09-22
1270.0,123,0,2027-12-18,2026-09-22
1280.0,304,0,2027-12-18,2026-09-22
1290.0,278,0,2027-12-18,2026-09-22
1300.0,5269,0,2027-12-18,2026-09-22
1310.0,28,0,2027-12-18,2026-09-22
1320.0,85,0,2027-12-18,2026-09-22
1330.0,7,0,2027-12-18,2026-09-22
1340.0,26,0,2027-12-18,2026-09-22
1350.0,60,0,2027-12-18,2026-09-22
1360.0,33,0,2027-12-18,2026-09-22
1370.0,4,0,2027-12-18,2026-09-22
1380.0,35,0,2027-12-18,2026-09-22
1390.0,10,0,2027-12-18,2026-09-22
1400.0,291,0,2027-12-18,2026-09-22
1410.0,10,0,2027-12-18,2026-09-22
1420.0,20,0,2027-12-18,2026-09-22
1430.0,56,0,2027-12-18,2026-09-22
1440.0,81,0,2027-12-18,2026-09-22
1450.0,865,0,2027-12-18,2026-09-22
1460.0,106,0,2027-12-18,2026-09-22
1470.0,481,0,2027-12-18,2026-09-22
1480.0,415,0,2027-12-18,2026-09-22
5.0,1344,126,2028-01-22,2026-09-22
10.0,3,1,2028-01-22,2026-09-22
15.0,0,1,2028-01-22,2026-09-22
20.0,23,46,2028-01-22,2026-09-22
25.0,1,2,2028-01-22,2026-09-22
30.0,2,1,2028-01-22,2026-09-22
35.0,20,102,2028-01-22,2026-09-22
40.0,150,6,2028-01-22,2026-09-22
45.0,140,2,2028-01-22,2026-09-22
50.0,185,210,2028-01-22,2026-09-22
100.0,157,290,2028-01-22,2026-09-22
110.0,62,191,2028-01-22,2026-09-22
120.0,157,201,2028-01-22,2026-09-22
130.0,121,95,2028-01-22,2026-09-22
140.0,114,14,2028-01-22,2026-09-22
150.0,6,2429,2028-01-22,2026-09-22
160.0,141,65,2028-01-22,2026-09-22
170.0,66,85,2028-01-22,2026-09-22
180.0,50,197,2028-01-22,2026-09-22
190.0,18,522,2028-01-22,2026-09-22
200.0,107,783,2028-01-22,2026-09-22
210.0,170,122,2028-01-22,2026-09-22
220.0,107,71,2028-01-22,2026-09-22
230.0,155,27,2028-01-22,2026-09-22
240.0,8,79,2028-01-22,2026-09-22
250.0,127,201,2028-01-22,2026-09-22
260.0,66,112,2028-01-22,2026-09-22
270.0,76,120,2028-01-22,2026-09-22
280.0,37,4068,2028-01-22,2026-09-22
290.0,20,73,2028-01-22,2026-09-22
300.0,4,0,2028-01-22,2026-09-22
300.0,131,2521,2028-01-22,2026-09-22
310.0,75,155,2028-01-22,2026-09-22
320.0,84,161,2028-01-22,2026-09-22
330.0,41,137,2028-01-22,2026-09-22
340.0,141,545,2028-01-22,2026-09-22
350.0,129,1844,2028-01-22,2026-09-22
360.0,83,489,2028-01-22,2026-09-22
370.0,30,2338,2028-01-22,2026-09-22
380.0,94,796,2028-01-22,2026-09-22
390.0,96,426,2028-01-22,2026-09-22
400.0,357,1988,2028-01-22,2026-09-22
410.0,86,410,2028-01-22,2026-09-22
420.0,63,396,2028-01-22,2026-09-22
430.0,63,295,2028-01-22,2026-09-22
440.0,98,1273,2028-01-22,2026-09-22
450.0,210,1404,2028-01-22,2026-09-22
460.0,66,385,2028-01-22,2026-09-22
470.0,44,1290,2028-01-22,2026-09-22
480.0,307,646,2028-01-22,2026-09-22
490.0,70,886,2028-01-22,2026-09-22
500.0,1432,4678,2028-01-22,2026-09-22
510.0,626,549,2028-01-22,2026-09-22
520.0,701,1092,2028-01-22,2026-09-22
530.0,164,685,2028-01-22,2026-09-22
540.0,1716,576,2028-01-22,2026-09-22
550.0,741,2746,2028-01-22,2026-09-22
560.0,223,659,2028-01-22,2026-09-22
570.0,207,714,2028-01-22,2026-09-22
580.0,462,847,2028-01-22,2026-09-22
590.0,382,432,2028-01-22,2026-09-22
593.0,0,36,2028-01-22,2026-09-22
600.0,2967,2887,2028-01-22,2026-09-22
610.0,627,594,2028-01-22,2026-09-22
620.0,449,491,2028-01-22,2026-09-22
630.0,548,420,2028-01-22,2026-09-22
640.0,594,512,2028-01-22,2026-09-22
650.0,2014,671,2028-01-22,2026-09-22
660.0,661,751,2028-01-22,2026-09-22
670.0,1961,366,2028-01-22,2026-09-22
680.0,1183,526,2028-01-22,2026-09-22
690.0,510,361,2028-01-22,2026-09-22
700.0,3734,2138,2028-01-22,2026-09-22
710.0,311,71,2028-01-22,2026-09-22
720.0,654,480,2028-01-22,2026-09-22
724.0,36,0,2028-01-22,2026-09-22
730.0,386,139,2028-01-22,2026-09-22
740.0,612,193,2028-01-22,2026-09-22
750.0,2163,433,2028-01-22,2026-09-22
760.0,1020,164,2028-01-22,2026-09-22
770.0,356,97,2028-01-22,2026-09-22
780.0,264,86,2028-01-22,2026-09-22
790.0,293,75,2028-01-22,2026-09-22
800.0,3245,1170,2028-01-22,2026-09-22
810.0,453,50,2028-01-22,2026-09-22
820.0,829,79,2028-01-22,2026-09-22
830.0,638,10,2028-01-22,2026-09-22
840.0,405,28,2028-01-22,2026-09-22
850.0,2759,204,2028-01-22,2026-09-22
860.0,694,9,2028-01-22,2026-09-22
870.0,1307,23,2028-01-22,2026-09-22
880.0,179,9,2028-01-22,2026-09-22
890.0,2016,12,2028-01-22,2026-09-22
900.0,2883,205,2028-01-22,2026-09-22
910.0,473,1,2028-01-22,2026-09-22
920.0,714,208,2028-01-22,2026-09-22
930.0,1965,7,2028-01-22,2026-09-22
940.0,525,10,2028-01-22,2026-09-22
950.0,1863,106,2028-01-22,2026-09-22
960.0,1002,18,2028-01-22,2026-09-22
970.0,274,11,2028-01-22,2026-09-22
980.0,616,10,2028-01-22,2026-09-22
990.0,2326,26,2028-01-22,2026-09-22
1000.0,15749,482,2028-01-22,2026-09-22
1010.0,356,4,2028-01-22,2026-09-22
1020.0,4287,10022,2028-01-22,2026-09-22
1030.0,139,1,2028-01-22,2026-09-22
1040.0,402,1,2028-01-22,2026-09-22
1050.0,3473,1,2028-01-22,2026-09-22
1060.0,1036,0,2028-01-22,2026-09-22
1070.0,4229,0,2028-01-22,2026-09-22
1080.0,187,0,2028-01-22,2026-09-22
1090.0,1668,0,2028-01-22,2026-09-22
1100.0,6586,0,2028-01-22,2026-09-22
1100.01,15225,0,2028-01-22,2026-09-22
1110.0,181,1,2028-01-22,2026-09-22
1120.0,134,0,2028-01-22,2026-09-22
1130.0,501,16,2028-01-22,2026-09-22
1140.0,157,2,2028-01-22,2026-09-22
1150.0,185,1,2028-01-22,2026-09-22
1160.0,186,1,2028-01-22,2026-09-22
1170.0,185,15,2028-01-22,2026-09-22
1180.0,131,0,2028-01-22,2026-09-22
1190.0,295,1,2028-01-22,2026-09-22
1200.0,7742,1,2028-01-22,2026-09-22
1210.0,339,0,2028-01-22,2026-09-22
1220.0,150,0,2028-01-22,2026-09-22
1230.0,246,0,2028-01-22,2026-09-22
1240.0,109,0,2028-01-22,2026-09-22
1250.0,357,0,2028-01-22,2026-09-22
1260.0,121,0,2028-01-22,2026-09-22
1270.0,8029,0,2028-01-22,2026-09-22
1280.0,312,0,2028-01-22,2026-09-22
1300.0,2580,0,2028-01-22,2026-09-22
1320.0,298,0,2028-01-22,2026-09-22
1340.0,155,0,2028-01-22,2026-09-22
1350.0,132,0,2028-01-22,2026-09-22
1360.0,183,0,2028-01-22,2026-09-22
1380.0,259,0,2028-01-22,2026-09-22
1400.0,419,0,2028-01-22,2026-09-22
1420.0,138,0,2028-01-22,2026-09-22
1430.0,280,0,2028-01-22,2026-09-22
1440.0,85,0,2028-01-22,2026-09-22
1450.0,275,0,2028-01-22,2026-09-22
1460.0,275,0,2028-01-22,2026-09-22
1470.0,327,0,2028-01-22,2026-09-22
1480.0,384,0,2028-01-22,2026-09-22
1490.0,304,0,2028-01-22,2026-09-22
1500.0,10034,0,2028-01-22,2026-09-22
5.0,485,255,2028-06-17,2026-09-22
10.0,1,0,2028-06-17,2026-09-22
15.0,0,0,2028-06-17,2026-09-22
20.0,1,0,2028-06-17,2026-09-22
25.0,0,0,2028-06-17,2026-09-22
30.0,0,0,2028-06-17,2026-09-22
35.0,0,0,2028-06-17,2026-09-22
40.0,1,0,2028-06-17,2026-09-22
45.0,0,0,2028-06-17,2026-09-22
50.0,0,352,2028-06-17,2026-09-22
55.0,0,103,2028-06-17,2026-09-22
60.0,1,353,2028-06-17,2026-09-22
65.0,1,60,2028-06-17,2026-09-22
70.0,4,55,2028-06-17,2026-09-22
75.0,0,58,2028-06-17,2026-09-22
80.0,0,0,2028-06-17,2026-09-22
85.0,0,3,2028-06-17,2026-09-22
90.0,0,5,2028-06-17,2026-09-22
95.0,0,5,2028-06-17,2026-09-22
100.0,2,75,2028-06-17,2026-09-22
105.0,1,84,2028-06-17,2026-09-22
110.0,0,16,2028-06-17,2026-09-22
115.0,2,0,2028-06-17,2026-09-22
120.0,48,5,2028-06-17,2026-09-22
125.0,3,1,2028-06-17,2026-09-22
130.0,34,1,2028-06-17,2026-09-22
135.0,33,6,2028-06-17,2026-09-22
140.0,3,9,2028-06-17,2026-09-22
145.0,0,1199,2028-06-17,2026-09-22
150.0,22,339,2028-06-17,2026-09-22
155.0,0,971,2028-06-17,2026-09-22
160.0,11,542,2028-06-17,2026-09-22
165.0,22,44,2028-06-17,2026-09-22
170.0,15,4,2028-06-17,2026-09-22
175.0,2,309,2028-06-17,2026-09-22
180.0,11,51,2028-06-17,2026-09-22
185.0,41,11,2028-06-17,2026-09-22
190.0,13,1158,2028-06-17,2026-09-22
195.0,1,322,2028-06-17,2026-09-22
200.0,7,1079,2028-06-17,2026-09-22
205.0,1,624,2028-06-17,2026-09-22
210.0,2,267,2028-06-17,2026-09-22
215.0,5,1160,2028-06-17,2026-09-22
220.0,14,11,2028-06-17,2026-09-22
225.0,12,348,2028-06-17,2026-09-22
230.0,2,1016,2028-06-17,2026-09-22
235.0,15,698,2028-06-17,2026-09-22
240.0,34,296,2028-06-17,2026-09-22
245.0,2,33,2028-06-17,2026-09-22
250.0,18,104,2028-06-17,2026-09-22
255.0,11,22,2028-06-17,2026-09-22
260.0,22,41,2028-06-17,2026-09-22
270.0,21,25,2028-06-17,2026-09-22
280.0,14,32,2028-06-17,2026-09-22
290.0,16,105,2028-06-17,2026-09-22
300.0,37,1883,2028-06-17,2026-09-22
310.0,36,207,2028-06-17,2026-09-22
320.0,52,79,2028-06-17,2026-09-22
330.0,28,30,2028-06-17,2026-09-22
340.0,55,190,2028-06-17,2026-09-22
350.0,32,185,2028-06-17,2026-09-22
360.0,40,70,2028-06-17,2026-09-22
370.0,21,206,2028-06-17,2026-09-22
380.0,34,67,2028-06-17,2026-09-22
390.0,31,31,2028-06-17,2026-09-22
400.0,284,693,2028-06-17,2026-09-22
410.0,14,251,2028-06-17,2026-09-22
420.0,29,238,2028-06-17,2026-09-22
430.0,44,539,2028-06-17,2026-09-22
440.0,43,59,2028-06-17,2026-09-22
450.0,73,710,2028-06-17,2026-09-22
460.0,23,122,2028-06-17,2026-09-22
470.0,24,326,2028-06-17,2026-09-22
480.0,52,468,2028-06-17,2026-09-22
490.0,24,219,2028-06-17,2026-09-22
500.0,225,1229,2028-06-17,2026-09-22
510.0,51,68,2028-06-17,2026-09-22
520.0,48,176,2028-06-17,2026-09-22
530.0,109,360,2028-06-17,2026-09-22
540.0,128,133,2028-06-17,2026-09-22
550.0,552,1124,2028-06-17,2026-09-22
560.0,90,339,2028-06-17,2026-09-22
570.0,166,320,2028-06-17,2026-09-22
580.0,102,340,2028-06-17,2026-09-22
590.0,121,134,2028-06-17,2026-09-22
600.0,614,401,2028-06-17,2026-09-22
610.0,90,47,2028-06-17,2026-09-22
612.0,0,20,2028-06-17,2026-09-22
620.0,125,85,2028-06-17,2026-09-22
630.0,93,126,2028-06-17,2026-09-22
640.0,116,92,2028-06-17,2026-09-22
650.0,234,137,2028-06-17,2026-09-22
660.0,134,112,2028-06-17,2026-09-22
670.0,686,216,2028-06-17,2026-09-22
680.0,158,52,2028-06-17,2026-09-22
690.0,108,126,2028-06-17,2026-09-22
700.0,1111,158,2028-06-17,2026-09-22
710.0,203,84,2028-06-17,2026-09-22
720.0,389,139,2028-06-17,2026-09-22
730.0,206,138,2028-06-17,2026-09-22
740.0,109,10,2028-06-17,2026-09-22
750.0,200,54,2028-06-17,2026-09-22
760.0,81,6,2028-06-17,2026-09-22
770.0,156,2,2028-06-17,2026-09-22
780.0,98,45,2028-06-17,2026-09-22
790.0,165,52,2028-06-17,2026-09-22
800.0,778,421,2028-06-17,2026-09-22
810.0,78,9,2028-06-17,2026-09-22
820.0,111,3,2028-06-17,2026-09-22
830.0,25,11,2028-06-17,2026-09-22
840.0,781,9,2028-06-17,2026-09-22
850.0,157,0,2028-06-17,2026-09-22
860.0,107,4,2028-06-17,2026-09-22
870.0,427,3,2028-06-17,2026-09-22
880.0,74,1,2028-06-17,2026-09-22
890.0,56,12,2028-06-17,2026-09-22
900.0,261,5,2028-06-17,2026-09-22
910.0,65,1,2028-06-17,2026-09-22
920.0,36,2,2028-06-17,2026-09-22
930.0,27,0,2028-06-17,2026-09-22
940.0,235,52,2028-06-17,2026-09-22
950.0,145,11,2028-06-17,2026-09-22
960.0,35,32,2028-06-17,2026-09-22
970.0,164,1,2028-06-17,2026-09-22
972.4,20,0,2028-06-17,2026-09-22
980.0,76,32,2028-06-17,2026-09-22
990.0,74,1,2028-06-17,2026-09-22
1000.0,745,5,2028-06-17,2026-09-22
1010.0,1095,4,2028-06-17,2026-09-22
1020.0,757,18,2028-06-17,2026-09-22
1030.0,236,1,2028-06-17,2026-09-22
1040.0,118,5,2028-06-17,2026-09-22
1050.0,103,7,2028-06-17,2026-09-22
1060.0,259,2,2028-06-17,2026-09-22
1070.0,84,10,2028-06-17,2026-09-22
1080.0,123,3,2028-06-17,2026-09-22
1090.0,44,10,2028-06-17,2026-09-22
1100.0,218,11,2028-06-17,2026-09-22
1110.0,164,0,2028-06-17,2026-09-22
1120.0,255,0,2028-06-17,2026-09-22
1130.0,186,0,2028-06-17,2026-09-22
1140.0,1282,0,2028-06-17,2026-09-22
1150.0,94,0,2028-06-17,2026-09-22
1160.0,1617,0,2028-06-17,2026-09-22
1170.0,96,0,2028-06-17,2026-09-22
1180.0,81,0,2028-06-17,2026-09-22
1190.0,30,0,2028-06-17,2026-09-22
1200.0,5446,0,2028-06-17,2026-09-22
1210.0,85,2,2028-06-17,2026-09-22
1220.0,68,0,2028-06-17,2026-09-22
1230.0,35,1,2028-06-17,2026-09-22
1240.0,49,0,2028-06-17,2026-09-22
1250.0,64,0,2028-06-17,2026-09-22
1260.0,50,0,2028-06-17,2026-09-22
1270.0,50,0,2028-06-17,2026-09-22
1280.0,52,0,2028-06-17,2026-09-22
1290.0,51,0,2028-06-17,2026-09-22
1300.0,157,0,2028-06-17,2026-09-22
1310.0,63,0,2028-06-17,2026-09-22
1320.0,54,0,2028-06-17,2026-09-22
1330.0,39,0,2028-06-17,2026-09-22
1340.0,51,0,2028-06-17,2026-09-22
1350.0,146,0,2028-06-17,2026-09-22
1360.0,30,0,2028-06-17,2026-09-22
1370.0,65,0,2028-06-17,2026-09-22
1380.0,12,0,2028-06-17,2026-09-22
1390.0,50,0,2028-06-17,2026-09-22
1400.0,1572,0,2028-06-17,2026-09-22
1410.0,1510,0,2028-06-17,2026-09-22
1420.0,112,0,2028-06-17,2026-09-22
1430.0,79,0,2028-06-17,2026-09-22
1440.0,17,0,2028-06-17,2026-09-22
1450.0,71,0,2028-06-17,2026-09-22
1460.0,78,0,2028-06-17,2026-09-22
1470.0,124,0,2028-06-17,2026-09-22
1480.0,213,0,2028-06-17,2026-09-22
5.0,2183,50,2028-12-16,2026-09-22
10.0,938,2,2028-12-16,2026-09-22
15.0,14,0,2028-12-16,2026-09-22
20.0,16,0,2028-12-16,2026-09-22
25.0,1,0,2028-12-16,2026-09-22
30.0,1,0,2028-12-16,2026-09-22
35.0,0,0,2028-12-16,2026-09-22
40.0,3,26,2028-12-16,2026-09-22
45.0,4,51,2028-12-16,2026-09-22
50.0,2,362,2028-12-16,2026-09-22
55.0,1,35,2028-12-16,2026-09-22
60.0,1,354,2028-12-16,2026-09-22
65.0,0,74,2028-12-16,2026-09-22
70.0,0,63,2028-12-16,2026-09-22
75.0,2,76,2028-12-16,2026-09-22
80.0,0,108,2028-12-16,2026-09-22
85.0,0,8,2028-12-16,2026-09-22
90.0,8,12,2028-12-16,2026-09-22
95.0,1,12,2028-12-16,2026-09-22
100.0,4,2570,2028-12-16,2026-09-22
105.0,18,9,2028-12-16,2026-09-22
110.0,23,6,2028-12-16,2026-09-22
115.0,6,4,2028-12-16,2026-09-22
120.0,23,8,2028-12-16,2026-09-22
125.0,18,0,2028-12-16,2026-09-22
130.0,5,58,2028-12-16,2026-09-22
135.0,32,21,2028-12-16,2026-09-22
140.0,61,59,2028-12-16,2026-09-22
145.0,14,9,2028-12-16,2026-09-22
150.0,6,131,2028-12-16,2026-09-22
155.0,22,395,2028-12-16,2026-09-22
160.0,18,63,2028-12-16,2026-09-22
165.0,13,13,2028-12-16,2026-09-22
170.0,45,25,2028-12-16,2026-09-22
175.0,41,61,2028-12-16,2026-09-22
180.0,13,61,2028-12-16,2026-09-22
185.0,31,11,2028-12-16,2026-09-22
190.0,22,75,2028-12-16,2026-09-22
195.0,46,771,2028-12-16,2026-09-22
200.0,171,207,2028-12-16,2026-09-22
210.0,36,56,2028-12-16,2026-09-22
220.0,122,51,2028-12-16,2026-09-22
230.0,56,57,2028-12-16,2026-09-22
240.0,163,59,2028-12-16,2026-09-22
250.0,117,141,2028-12-16,2026-09-22
260.0,53,71,2028-12-16,2026-09-22
270.0,64,31,2028-12-16,2026-09-22
280.0,36,59,2028-12-16,2026-09-22
290.0,42,84,2028-12-16,2026-09-22
300.0,918,1086,2028-12-16,2026-09-22
310.0,247,99,2028-12-16,2026-09-22
320.0,55,155,2028-12-16,2026-09-22
330.0,18,190,2028-12-16,2026-09-22
340.0,38,80,2028-12-16,2026-09-22
350.0,112,419,2028-12-16,2026-09-22
360.0,356,379,2028-12-16,2026-09-22
370.0,47,235,2028-12-16,2026-09-22
380.0,87,442,2028-12-16,2026-09-22
390.0,41,57,2028-12-16,2026-09-22
400.0,404,1547,2028-12-16,2026-09-22
410.0,99,342,2028-12-16,2026-09-22
420.0,59,73,2028-12-16,2026-09-22
430.0,56,392,2028-12-16,2026-09-22
440.0,127,356,2028-12-16,2026-09-22
450.0,198,1783,2028-12-16,2026-09-22
460.0,38,186,2028-12-16,2026-09-22
470.0,38,335,2028-12-16,2026-09-22
480.0,69,613,2028-12-16,2026-09-22
490.0,113,527,2028-12-16,2026-09-22
500.0,1324,3541,2028-12-16,2026-09-22
510.0,100,511,2028-12-16,2026-09-22
520.0,131,606,2028-12-16,2026-09-22
530.0,404,452,2028-12-16,2026-09-22
540.0,2953,728,2028-12-16,2026-09-22
550.0,914,1138,2028-12-16,2026-09-22
560.0,326,377,2028-12-16,2026-09-22
570.0,560,412,2028-12-16,2026-09-22
580.0,787,222,2028-12-16,2026-09-22
590.0,567,472,2028-12-16,2026-09-22
600.0,3191,1174,2028-12-16,2026-09-22
610.0,505,267,2028-12-16,2026-09-22
620.0,350,377,2028-12-16,2026-09-22
630.0,221,240,2028-12-16,2026-09-22
640.0,3022,350,2028-12-16,2026-09-22
650.0,2767,772,2028-12-16,2026-09-22
660.0,2414,192,2028-12-16,2026-09-22
670.0,571,629,2028-12-16,2026-09-22
680.0,246,143,2028-12-16,2026-09-22
690.0,379,120,2028-12-16,2026-09-22
700.0,2377,661,2028-12-16,2026-09-22
710.0,1007,122,2028-12-16,2026-09-22
720.0,176,54,2028-12-16,2026-09-22
730.0,1550,116,2028-12-16,2026-09-22
740.0,1637,25,2028-12-16,2026-09-22
750.0,592,230,2028-12-16,2026-09-22
760.0,224,110,2028-12-16,2026-09-22
770.0,134,73,2028-12-16,2026-09-22
780.0,324,41,2028-12-16,2026-09-22
790.0,516,57,2028-12-16,2026-09-22
800.0,1636,212,2028-12-16,2026-09-22
810.0,776,56,2028-12-16,2026-09-22
820.0,133,45,2028-12-16,2026-09-22
830.0,275,22,2028-12-16,2026-09-22
840.0,206,20,2028-12-16,2026-09-22
850.0,539,29,2028-12-16,2026-09-22
860.0,259,24,2028-12-16,2026-09-22
870.0,567,47,2028-12-16,2026-09-22
880.0,228,201,2028-12-16,2026-09-22
890.0,80,122,2028-12-16,2026-09-22
900.0,884,212,2028-12-16,2026-09-22
910.0,344,46,2028-12-16,2026-09-22
920.0,309,70,2028-12-16,2026-09-22
930.0,516,2,2028-12-16,2026-09-22
940.0,784,81,2028-12-16,2026-09-22
950.0,364,76,2028-12-16,2026-09-22
960.0,60,5,2028-12-16,2026-09-22
970.0,151,85,2028-12-16,2026-09-22
980.0,88,22,2028-12-16,2026-09-22
990.0,188,23,2028-12-16,2026-09-22
1000.0,2346,119,2028-12-16,2026-09-22
1010.0,98,145,2028-12-16,2026-09-22
1020.0,83,5,2028-12-16,2026-09-22
1030.0,84,130,2028-12-16,2026-09-22
1040.0,57,19,2028-12-16,2026-09-22
1050.0,290,215,2028-12-16,2026-09-22
1060.0,75,14,2028-12-16,2026-09-22
1070.0,19,4,2028-12-16,2026-09-22
1080.0,357,44,2028-12-16,2026-09-22
1090.0,595,10,2028-12-16,2026-09-22
1100.0,2424,114,2028-12-16,2026-09-22
1110.0,344,6,2028-12-16,2026-09-22
1120.0,65,79,2028-12-16,2026-09-22
1130.0,93,4,2028-12-16,2026-09-22
1140.0,1221,0,2028-12-16,2026-09-22
1150.0,185,1,2028-12-16,2026-09-22
1160.0,352,0,2028-12-16,2026-09-22
1170.0,183,0,2028-12-16,2026-09-22
1180.0,518,0,2028-12-16,2026-09-22
1190.0,25,0,2028-12-16,2026-09-22
1200.0,792,3,2028-12-16,2026-09-22
1210.0,64,0,2028-12-16,2026-09-22
1220.0,96,0,2028-12-16,2026-09-22
1230.0,10,0,2028-12-16,2026-09-22
1240.0,17,0,2028-12-16,2026-09-22
1250.0,1044,0,2028-12-16,2026-09-22
1260.0,76,0,2028-12-16,2026-09-22
1270.0,33,0,2028-12-16,2026-09-22
1280.0,134,0,2028-12-16,2026-09-22
1290.0,123,0,2028-12-16,2026-09-22
1300.0,227,0,2028-12-16,2026-09-22
1310.0,2286,0,2028-12-16,2026-09-22
1320.0,25,0,2028-12-16,2026-09-22
1330.0,876,0,2028-12-16,2026-09-22
1340.0,36,0,2028-12-16,2026-09-22
1350.0,200,0,2028-12-16,2026-09-22
1360.0,142,0,2028-12-16,2026-09-22
1370.0,155,0,2028-12-16,2026-09-22
1380.0,142,0,2028-12-16,2026-09-22
1390.0,55,0,2028-12-16,2026-09-22
1400.0,2352,0,2028-12-16,2026-09-22
1410.0,167,0,2028-12-16,2026-09-22
1420.0,70,0,2028-12-16,2026-09-22
1430.0,59,0,2028-12-16,2026-09-22
1440.0,79,0,2028-12-16,2026-09-22
1450.0,1636,0,2028-12-16,2026-09-22
1460.0,1133,0,2028-12-16,2026-09-22
1470.0,268,0,2028-12-16,2026-09-22
1480.0,4714,0,2028-12-16,2026-09-22
200.0,5,27,2029-01-20,2026-09-22
220.0,0,0,2029-01-20,2026-09-22
240.0,0,4,2029-01-20,2026-09-22
260.0,0,11,2029-01-20,2026-09-22
280.0,1,4,2029-01-20,2026-09-22
300.0,4,6,2029-01-20,2026-09-22
320.0,1,3,2029-01-20,2026-09-22
340.0,1,7,2029-01-20,2026-09-22
350.0,0,0,2029-01-20,2026-09-22
360.0,1,10,2029-01-20,2026-09-22
370.0,0,2,2029-01-20,2026-09-22
380.0,0,2,2029-01-20,2026-09-22
390.0,1,0,2029-01-20,2026-09-22
400.0,0,75,2029-01-20,2026-09-22
400.0,2,16,2029-01-20,2026-09-22
410.0,0,0,2029-01-20,2026-09-22
420.0,0,6,2029-01-20,2026-09-22
430.0,0,0,2029-01-20,2026-09-22
440.0,0,100,2029-01-20,2026-09-22
440.0,2,2,2029-01-20,2026-09-22
450.0,0,2,2029-01-20,2026-09-22
460.0,10,7,2029-01-20,2026-09-22
470.0,1,0,2029-01-20,2026-09-22
480.0,0,1,2029-01-20,2026-09-22
490.0,1,2,2029-01-20,2026-09-22
500.0,0,50,2029-01-20,2026-09-22
500.0,3,58,2029-01-20,2026-09-22
510.0,0,0,2029-01-20,2026-09-22
520.0,0,2,2029-01-20,2026-09-22
530.0,0,2,2029-01-20,2026-09-22
540.0,0,1,2029-01-20,2026-09-22
550.0,4,7,2029-01-20,2026-09-22
560.0,411,21,2029-01-20,2026-09-22
570.0,0,5,2029-01-20,2026-09-22
580.0,0,2,2029-01-20,2026-09-22
590.0,6,1,2029-01-20,2026-09-22
593.0,0,12,2029-01-20,2026-09-22
600.0,45,22,2029-01-20,2026-09-22
610.0,1,3,2029-01-20,2026-09-22
620.0,5,53,2029-01-20,2026-09-22
630.0,0,18,2029-01-20,2026-09-22
640.0,39,2,2029-01-20,2026-09-22
650.0,31,6,2029-01-20,2026-09-22
660.0,86,8,2029-01-20,2026-09-22
670.0,36,20,2029-01-20,2026-09-22
680.0,89,3,2029-01-20,2026-09-22
690.0,32,0,2029-01-20,2026-09-22
700.0,53,17,2029-01-20,2026-09-22
710.0,25,36,2029-01-20,2026-09-22
720.0,72,36,2029-01-20,2026-09-22
730.0,54,1,2029-01-20,2026-09-22
740.0,14,0,2029-01-20,2026-09-22
750.0,65,4,2029-01-20,2026-09-22
760.0,17,0,2029-01-20,2026-09-22
770.0,12,0,2029-01-20,2026-09-22
770.0,0,0,2029-01-20,2026-09-22
780.0,5,0,2029-01-20,2026-09-22
790.0,0,0,2029-01-20,2026-09-22
800.0,37,15,2029-01-20,2026-09-22
810.0,29,0,2029-01-20,2026-09-22
820.0,1,0,2029-01-20,2026-09-22
830.0,1,0,2029-01-20,2026-09-22
840.0,18,15,2029-01-20,2026-09-22
850.0,17,0,2029-01-20,2026-09-22
860.0,1,0,2029-01-20,2026-09-22
870.0,1,1,2029-01-20,2026-09-22
880.0,0,10,2029-01-20,2026-09-22
890.0,30,0,2029-01-20,2026-09-22
900.0,70,1,2029-01-20,2026-09-22
910.0,2,0,2029-01-20,2026-09-22
920.0,0,0,2029-01-20,2026-09-22
930.0,0,0,2029-01-20,2026-09-22
940.0,0,0,2029-01-20,2026-09-22
950.0,6,0,2029-01-20,2026-09-22
960.0,31,0,2029-01-20,2026-09-22
980.0,0,0,2029-01-20,2026-09-22
1000.0,42,1,2029-01-20,2026-09-22
1020.0,6,0,2029-01-20,2026-09-22
1040.0,5,0,2029-01-20,2026-09-22
1060.0,3,0,2029-01-20,2026-09-22
1080.0,1,0,2029-01-20,2026-09-22
1100.0,11,1,2029-01-20,2026-09-22
1120.0,103,0,2029-01-20,2026-09-22
1140.0,1,0,2029-01-20,2026-09-22
1160.0,0,0,2029-01-20,2026-09-22
1180.0,0,0,2029-01-20,2026-09-22
1200.0,40,26,2029-01-20,2026-09-22
1220.0,0,0,2029-01-20,2026-09-22
1240.0,0,0,2029-01-20,2026-09-22
1260.0,0,0,2029-01-20,2026-09-22
1280.0,1,0,2029-01-20,2026-09-22
1300.0,14,25,2029-01-20,2026-09-22
1320.0,71,5,2029-01-20,2026-09-22
605.13,0,36,2029-02-17,2026-09-22
770.0,36,0,2029-02-17,2026-09-22
605.0,0,36,2029-12-22,2026-09-22
873.09,20,20,2029-12-22,2026-09-22
889.87,36,0,2029-12-22,2026-09-22
485.0,0,31,2030-01-19,2026-09-22
490.0,0,60,2030-01-19,2026-09-22
593.0,0,36,2030-02-16,2026-09-22
885.0,36,0,2030-02-16,2026-09-22
400.0,0,75,2031-01-18,2026-09-22
600.0,0,12,2031-01-18,2026-09-22
964.63,12,0,2031-01-18,2026-09-22
