Strike,Call,Put,Expiry,Date
510.0,0,21,2026-09-29,2026-09-29
515.0,0,59,2026-09-29,2026-09-29
520.0,0,44,2026-09-29,2026-09-29
525.0,0,3,2026-09-29,2026-09-29
530.0,0,6,2026-09-29,2026-09-29
535.0,0,5,2026-09-29,2026-09-29
540.0,0,6,2026-09-29,2026-09-29
545.0,0,36,2026-09-29,2026-09-29
550.0,0,6,2026-09-29,2026-09-29
555.0,0,16,2026-09-29,2026-09-29
560.0,0,5,2026-09-29,2026-09-29
565.0,0,105,2026-09-29,2026-09-29
570.0,0,6,2026-09-29,2026-09-29
575.0,0,25,2026-09-29,2026-09-29
580.0,0,28,2026-09-29,2026-09-29
585.0,0,25,2026-09-29,2026-09-29
587.5,0,29,2026-09-29,2026-09-29
590.0,0,38,2026-09-29,2026-09-29
592.5,0,28,2026-09-29,2026-09-29
595.0,0,18,2026-09-29,2026-09-29
597.5,0,12,2026-09-29,2026-09-29
600.0,0,76,2026-09-29,2026-09-29
602.5,0,20,2026-09-29,2026-09-29
605.0,0,5,2026-09-29,2026-09-29
607.5,0,10,2026-09-29,2026-09-29
610.0,0,81,2026-09-29,2026-09-29
612.5,0,9,2026-09-29,2026-09-29
615.0,0,19,2026-09-29,2026-09-29
617.5,0,15,2026-09-29,2026-09-29
620.0,0,46,2026-09-29,2026-09-29
622.5,0,25,2026-09-29,2026-09-29
625.0,0,24,2026-09-29,2026-09-29
627.5,0,68,2026-09-29,2026-09-29
630.0,0,73,2026-09-29,2026-09-29
632.5,0,9,2026-09-29,2026-09-29
635.0,0,163,2026-09-29,2026-09-29
637.5,0,23,2026-09-29,2026-09-29
640.0,0,68,2026-09-29,2026-09-29
642.5,0,149,2026-09-29,2026-09-29
645.0,0,75,2026-09-29,2026-09-29
647.5,0,18,2026-09-29,2026-09-29
650.0,0,904,2026-09-29,2026-09-29
652.5,0,12,2026-09-29,2026-09-29
655.0,0,638,2026-09-29,2026-09-29
657.5,0,178,2026-09-29,2026-09-29
660.0,0,324,2026-09-29,2026-09-29
662.5,0,188,2026-09-29,2026-09-29
665.0,0,232,2026-09-29,2026-09-29
667.5,0,79,2026-09-29,2026-09-29
670.0,0,319,2026-09-29,2026-09-29
672.5,0,346,2026-09-29,2026-09-29
675.0,0,289,2026-09-29,2026-09-29
677.5,0,585,2026-09-29,2026-09-29
680.0,0,669,2026-09-29,2026-09-29
682.5,0,285,2026-09-29,2026-09-29
685.0,0,355,2026-09-29,2026-09-29
687.5,0,197,2026-09-29,2026-09-29
690.0,0,806,2026-09-29,2026-09-29
692.5,0,661,2026-09-29,2026-09-29
695.0,0,1207,2026-09-29,2026-09-29
697.5,0,635,2026-09-29,2026-09-29
700.0,0,4129,2026-09-29,2026-09-29
702.5,0,1218,2026-09-29,2026-09-29
705.0,0,2250,2026-09-29,2026-09-29
707.5,0,1587,2026-09-29,2026-09-29
710.0,0,3574,2026-09-29,2026-09-29
712.5,0,3877,2026-09-29,2026-09-29
715.0,3,1726,2026-09-29,2026-09-29
717.5,476,0,2026-09-29,2026-09-29
720.0,2956,0,2026-09-29,2026-09-29
722.5,1603,0,2026-09-29,2026-09-29
725.0,3068,0,2026-09-29,2026-09-29
727.5,2528,0,2026-09-29,2026-09-29
730.0,6653,0,2026-09-29,2026-09-29
732.5,3538,0,2026-09-29,2026-09-29
735.0,4458,0,2026-09-29,2026-09-29
737.5,1504,0,2026-09-29,2026-09-29
740.0,5458,0,2026-09-29,2026-09-29
742.5,1995,0,2026-09-29,2026-09-29
745.0,1972,0,2026-09-29,2026-09-29
747.5,1033,0,2026-09-29,2026-09-29
750.0,6598,0,2026-09-29,2026-09-29
755.0,3143,0,2026-09-29,2026-09-29
760.0,2862,0,2026-09-29,2026-09-29
765.0,2482,0,2026-09-29,2026-09-29
770.0,2570,0,2026-09-29,2026-09-29
775.0,1424,0,2026-09-29,2026-09-29
780.0,3070,0,2026-09-29,2026-09-29
785.0,1351,0,2026-09-29,2026-09-29
790.0,1262,0,2026-09-29,2026-09-29
795.0,869,0,2026-09-29,2026-09-29
800.0,8596,0,2026-09-29,2026-09-29
805.0,1185,0,2026-09-29,2026-09-29
810.0,618,0,2026-09-29,2026-09-29
815.0,1244,0,2026-09-29,2026-09-29
820.0,1145,0,2026-09-29,2026-09-29
825.0,287,0,2026-09-29,2026-09-29
830.0,435,0,2026-09-29,2026-09-29
835.0,659,0,2026-09-29,2026-09-29
840.0,586,0,2026-09-29,2026-09-29
845.0,515,0,2026-09-29,2026-09-29
850.0,1190,0,2026-09-29,2026-09-29
855.0,224,0,2026-09-29,2026-09-29
860.0,134,0,2026-09-29,2026-09-29
865.0,522,0,2026-09-29,2026-09-29
870.0,85,0,2026-09-29,2026-09-29
875.0,66,0,2026-09-29,2026-09-29
880.0,393,0,2026-09-29,2026-09-29
885.0,152,0,2026-09-29,2026-09-29
890.0,92,0,2026-09-29,2026-09-29
895.0,128,0,2026-09-29,2026-09-29
900.0,1586,0,2026-09-29,2026-09-29
905.0,21,0,2026-09-29,2026-09-29
910.0,4,0,2026-09-29,2026-09-29
915.0,7,0,2026-09-29,2026-09-29
920.0,14,0,2026-09-29,2026-09-29
925.0,120,0,2026-09-29,2026-09-29
930.0,3,0,2026-09-29,2026-09-29
935.0,8,0,2026-09-29,2026-09-29
940.0,184,0,2026-09-29,2026-09-29
945.0,2,0,2026-09-29,2026-09-29
950.0,69,0,2026-09-29,2026-09-29
955.0,19,0,2026-09-29,2026-09-29
960.0,78,0,2026-09-29,2026-09-29
965.0,26,0,2026-09-29,2026-09-29
970.0,105,0,2026-09-29,2026-09-29
975.0,63,0,2026-09-29,2026-09-29
980.0,8,0,2026-09-29,2026-09-29
985.0,4,0,2026-09-29,2026-09-29
990.0,4,0,2026-09-29,2026-09-29
1000.0,2,0,2026-09-29,2026-09-29
1010.0,0,0,2026-09-29,2026-09-29
1020.0,0,0,2026-09-29,2026-09-29
1030.0,0,0,2026-09-29,2026-09-29
1040.0,0,0,2026-09-29,2026-09-29
1050.0,0,0,2026-09-29,2026-09-29
1060.0,0,0,2026-09-29,2026-09-29
1070.0,0,0,2026-09-29,2026-09-29
1080.0,0,0,2026-09-29,2026-09-29
1090.0,0,0,2026-09-29,2026-09-29
1100.0,0,0,2026-09-29,2026-09-29
1110.0,0,0,2026-09-29,2026-09-29
1120.0,0,0,2026-09-29,2026-09-29
1130.0,0,0,2026-09-29,2026-09-29
1140.0,0,0,2026-09-29,2026-09-29
1150.0,0,0,2026-09-29,2026-09-29
1160.0,0,0,2026-09-29,2026-09-29
1170.0,0,0,2026-09-29,2026-09-29
1180.0,0,0,2026-09-29,2026-09-29
1190.0,0,0,2026-09-29,2026-09-29
1200.0,1,0,2026-09-29,2026-09-29
1210.0,0,0,2026-09-29,2026-09-29
1220.0,0,0,2026-09-29,2026-09-29
1230.0,0,0,2026-09-29,2026-09-29
1240.0,0,0,2026-09-29,2026-09-29
1250.0,0,0,2026-09-29,2026-09-29
1260.0,0,0,2026-09-29,2026-09-29
1270.0,0,0,2026-09-29,2026-09-29
1280.0,0,0,2026-09-29,2026-09-29
1290.0,0,0,2026-09-29,2026-09-29
1300.0,1,0,2026-09-29,2026-09-29
1310.0,0,0,2026-09-29,2026-09-29
1320.0,0,0,2026-09-29,2026-09-29
1330.0,0,0,2026-09-29,2026-09-29
1340.0,0,0,2026-09-29,2026-09-29
1350.0,0,0,2026-09-29,2026-09-29
1360.0,0,0,2026-09-29,2026-09-29
1370.0,0,0,2026-09-29,2026-09-29
1380.0,0,0,2026-09-29,2026-09-29
1390.0,0,0,2026-09-29,2026-09-29
1400.0,0,0,2026-09-29,2026-09-29
1410.0,0,0,2026-09-29,2026-09-29
1420.0,0,0,2026-09-29,2026-09-29
1430.0,0,0,2026-09-29,2026-09-29
1440.0,0,0,2026-09-29,2026-09-29
1450.0,0,0,2026-09-29,2026-09-29
1460.0,0,0,2026-09-29,2026-09-29
1470.0,0,0,2026-09-29,2026-09-29
1480.0,1,0,2026-09-29,2026-09-29
1490.0,22,0,2026-09-29,2026-09-29
478.7,0,174,2026-09-30,2026-09-29
733.5,174,0,2026-09-30,2026-09-29
510.0,0,52,2026-10-01,2026-09-29
515.0,0,1,2026-10-01,2026-09-29
520.0,0,2,2026-10-01,2026-09-29
525.0,0,10,2026-10-01,2026-09-29
530.0,1,55,2026-10-01,2026-09-29
535.0,1,2,2026-10-01,2026-09-29
540.0,0,7,2026-10-01,2026-09-29
545.0,0,1,2026-10-01,2026-09-29
550.0,0,247,2026-10-01,2026-09-29
555.0,0,31,2026-10-01,2026-09-29
560.0,7,422,2026-10-01,2026-09-29
565.0,1,11,2026-10-01,2026-09-29
570.0,31,216,2026-10-01,2026-09-29
575.0,25,46,2026-10-01,2026-09-29
577.5,3,830,2026-10-01,2026-09-29
580.0,3,681,2026-10-01,2026-09-29
582.5,6,218,2026-10-01,2026-09-29
585.0,1,12,2026-10-01,2026-09-29
587.5,2,15,2026-10-01,2026-09-29
590.0,10,19,2026-10-01,2026-09-29
592.5,0,15,2026-10-01,2026-09-29
595.0,2,110,2026-10-01,2026-09-29
597.5,1,52,2026-10-01,2026-09-29
600.0,15,243,2026-10-01,2026-09-29
602.5,1,41,2026-10-01,2026-09-29
605.0,9,152,2026-10-01,2026-09-29
607.5,4,95,2026-10-01,2026-09-29
610.0,5,139,2026-10-01,2026-09-29
612.5,3,224,2026-10-01,2026-09-29
615.0,7,51,2026-10-01,2026-09-29
617.5,7,54,2026-10-01,2026-09-29
620.0,7,49,2026-10-01,2026-09-29
622.5,3,216,2026-10-01,2026-09-29
625.0,6,272,2026-10-01,2026-09-29
627.5,1,19,2026-10-01,2026-09-29
630.0,12,54,2026-10-01,2026-09-29
632.5,5,28,2026-10-01,2026-09-29
635.0,13,33,2026-10-01,2026-09-29
637.5,18,89,2026-10-01,2026-09-29
640.0,14,299,2026-10-01,2026-09-29
642.5,25,245,2026-10-01,2026-09-29
645.0,34,190,2026-10-01,2026-09-29
647.5,2,76,2026-10-01,2026-09-29
650.0,43,1047,2026-10-01,2026-09-29
652.5,3,22,2026-10-01,2026-09-29
655.0,46,457,2026-10-01,2026-09-29
657.5,0,302,2026-10-01,2026-09-29
660.0,8,364,2026-10-01,2026-09-29
662.5,6,58,2026-10-01,2026-09-29
665.0,41,326,2026-10-01,2026-09-29
667.5,4,134,2026-10-01,2026-09-29
670.0,131,1638,2026-10-01,2026-09-29
672.5,79,316,2026-10-01,2026-09-29
675.0,87,1760,2026-10-01,2026-09-29
677.5,52,1019,2026-10-01,2026-09-29
680.0,135,1227,2026-10-01,2026-09-29
682.5,19,290,2026-10-01,2026-09-29
685.0,77,1139,2026-10-01,2026-09-29
687.5,18,187,2026-10-01,2026-09-29
690.0,148,1448,2026-10-01,2026-09-29
692.5,9,342,2026-10-01,2026-09-29
695.0,79,747,2026-10-01,2026-09-29
697.5,9,283,2026-10-01,2026-09-29
700.0,307,3365,2026-10-01,2026-09-29
702.5,24,208,2026-10-01,2026-09-29
705.0,96,3132,2026-10-01,2026-09-29
707.5,35,300,2026-10-01,2026-09-29
710.0,183,949,2026-10-01,2026-09-29
712.5,132,544,2026-10-01,2026-09-29
715.0,221,1666,2026-10-01,2026-09-29
717.5,418,758,2026-10-01,2026-09-29
720.0,815,2583,2026-10-01,2026-09-29
722.5,644,346,2026-10-01,2026-09-29
725.0,781,905,2026-10-01,2026-09-29
727.5,349,205,2026-10-01,2026-09-29
730.0,1050,1332,2026-10-01,2026-09-29
732.5,228,258,2026-10-01,2026-09-29
735.0,1558,283,2026-10-01,2026-09-29
737.5,220,277,2026-10-01,2026-09-29
740.0,1364,2056,2026-10-01,2026-09-29
742.5,361,581,2026-10-01,2026-09-29
745.0,1282,407,2026-10-01,2026-09-29
747.5,426,391,2026-10-01,2026-09-29
750.0,4957,376,2026-10-01,2026-09-29
755.0,2001,363,2026-10-01,2026-09-29
760.0,1307,304,2026-10-01,2026-09-29
765.0,659,401,2026-10-01,2026-09-29
770.0,270,0,2026-10-01,2026-09-29
770.0,1873,1017,2026-10-01,2026-09-29
775.0,1059,203,2026-10-01,2026-09-29
780.0,1320,161,2026-10-01,2026-09-29
785.0,661,32,2026-10-01,2026-09-29
790.0,720,97,2026-10-01,2026-09-29
795.0,329,28,2026-10-01,2026-09-29
800.0,6611,2,2026-10-01,2026-09-29
805.0,633,0,2026-10-01,2026-09-29
810.0,727,0,2026-10-01,2026-09-29
815.0,491,0,2026-10-01,2026-09-29
820.0,960,0,2026-10-01,2026-09-29
825.0,509,0,2026-10-01,2026-09-29
830.0,264,0,2026-10-01,2026-09-29
835.0,308,0,2026-10-01,2026-09-29
840.0,848,2,2026-10-01,2026-09-29
845.0,85,0,2026-10-01,2026-09-29
850.0,1621,0,2026-10-01,2026-09-29
855.0,190,0,2026-10-01,2026-09-29
860.0,170,0,2026-10-01,2026-09-29
865.0,318,0,2026-10-01,2026-09-29
870.0,418,0,2026-10-01,2026-09-29
875.0,153,0,2026-10-01,2026-09-29
880.0,152,0,2026-10-01,2026-09-29
885.0,107,0,2026-10-01,2026-09-29
890.0,102,0,2026-10-01,2026-09-29
895.0,63,0,2026-10-01,2026-09-29
900.0,210,0,2026-10-01,2026-09-29
905.0,33,0,2026-10-01,2026-09-29
910.0,34,0,2026-10-01,2026-09-29
915.0,31,0,2026-10-01,2026-09-29
920.0,69,0,2026-10-01,2026-09-29
925.0,32,0,2026-10-01,2026-09-29
930.0,102,0,2026-10-01,2026-09-29
935.0,25,0,2026-10-01,2026-09-29
940.0,5,0,2026-10-01,2026-09-29
945.0,12,0,2026-10-01,2026-09-29
950.0,15,0,2026-10-01,2026-09-29
955.0,9,0,2026-10-01,2026-09-29
960.0,113,0,2026-10-01,2026-09-29
965.0,7,0,2026-10-01,2026-09-29
970.0,2,0,2026-10-01,2026-09-29
975.0,6,0,2026-10-01,2026-09-29
980.0,13,0,2026-10-01,2026-09-29
985.0,28,0,2026-10-01,2026-09-29
990.0,13,0,2026-10-01,2026-09-29
1000.0,139,0,2026-10-01,2026-09-29
1010.0,15,0,2026-10-01,2026-09-29
1020.0,20,0,2026-10-01,2026-09-29
1030.0,38,0,2026-10-01,2026-09-29
1040.0,16,0,2026-10-01,2026-09-29
1050.0,20,0,2026-10-01,2026-09-29
1060.0,75,0,2026-10-01,2026-09-29
1070.0,28,0,2026-10-01,2026-09-29
1080.0,0,0,2026-10-01,2026-09-29
1090.0,0,0,2026-10-01,2026-09-29
1100.0,1,0,2026-10-01,2026-09-29
1110.0,0,0,2026-10-01,2026-09-29
1120.0,0,0,2026-10-01,2026-09-29
1130.0,0,0,2026-10-01,2026-09-29
1140.0,0,0,2026-10-01,2026-09-29
1150.0,0,0,2026-10-01,2026-09-29
1160.0,0,0,2026-10-01,2026-09-29
1170.0,0,0,2026-10-01,2026-09-29
1180.0,0,0,2026-10-01,2026-09-29
1190.0,0,0,2026-10-01,2026-09-29
1200.0,1,0,2026-10-01,2026-09-29
1210.0,0,0,2026-10-01,2026-09-29
1220.0,0,0,2026-10-01,2026-09-29
1230.0,0,0,2026-10-01,2026-09-29
1240.0,0,0,2026-10-01,2026-09-29
1250.0,0,0,2026-10-01,2026-09-29
1260.0,0,0,2026-10-01,2026-09-29
1270.0,0,0,2026-10-01,2026-09-29
1280.0,0,0,2026-10-01,2026-09-29
1290.0,0,0,2026-10-01,2026-09-29
1300.0,0,0,2026-10-01,2026-09-29
1310.0,0,0,2026-10-01,2026-09-29
1320.0,0,0,2026-10-01,2026-09-29
1330.0,0,0,2026-10-01,2026-09-29
1340.0,0,0,2026-10-01,2026-09-29
1350.0,0,0,2026-10-01,2026-09-29
1360.0,0,0,2026-10-01,2026-09-29
1370.0,0,0,2026-10-01,2026-09-29
1380.0,0,0,2026-10-01,2026-09-29
1390.0,0,0,2026-10-01,2026-09-29
1400.0,0,0,2026-10-01,2026-09-29
1410.0,0,0,2026-10-01,2026-09-29
1420.0,0,0,2026-10-01,2026-09-29
1430.0,0,0,2026-10-01,2026-09-29
1440.0,1,0,2026-10-01,2026-09-29
1450.0,0,0,2026-10-01,2026-09-29
1460.0,0,0,2026-10-01,2026-09-29
1470.0,0,0,2026-10-01,2026-09-29
1480.0,0,0,2026-10-01,2026-09-29
1490.0,31,0,2026-10-01,2026-09-29
770.0,97,0,2026-10-02,2026-09-29
100.0,6,0,2026-10-03,2026-09-29
110.0,9,0,2026-10-03,2026-09-29
120.0,15,0,2026-10-03,2026-09-29
130.0,10,11,2026-10-03,2026-09-29
140.0,1,0,2026-10-03,2026-09-29
150.0,6,1053,2026-10-03,2026-09-29
160.0,2,0,2026-10-03,2026-09-29
170.0,14,0,2026-10-03,2026-09-29
180.0,4,1000,2026-10-03,2026-09-29
190.0,2,104,2026-10-03,2026-09-29
200.0,6,34,2026-10-03,2026-09-29
210.0,13,0,2026-10-03,2026-09-29
220.0,17,0,2026-10-03,2026-09-29
230.0,10,0,2026-10-03,2026-09-29
240.0,1,0,2026-10-03,2026-09-29
250.0,6,0,2026-10-03,2026-09-29
260.0,2,0,2026-10-03,2026-09-29
270.0,14,2,2026-10-03,2026-09-29
280.0,4,1,2026-10-03,2026-09-29
290.0,5,0,2026-10-03,2026-09-29
300.0,4,98,2026-10-03,2026-09-29
310.0,4,5,2026-10-03,2026-09-29
320.0,0,3,2026-10-03,2026-09-29
330.0,0,13,2026-10-03,2026-09-29
340.0,0,6,2026-10-03,2026-09-29
350.0,0,263,2026-10-03,2026-09-29
360.0,0,118,2026-10-03,2026-09-29
370.0,0,17,2026-10-03,2026-09-29
380.0,0,85,2026-10-03,2026-09-29
390.0,0,10,2026-10-03,2026-09-29
400.0,3,241,2026-10-03,2026-09-29
405.0,0,25,2026-10-03,2026-09-29
410.0,0,35,2026-10-03,2026-09-29
415.0,1,121,2026-10-03,2026-09-29
420.0,0,79,2026-10-03,2026-09-29
425.0,0,35,2026-10-03,2026-09-29
430.0,0,57,2026-10-03,2026-09-29
435.0,1,38,2026-10-03,2026-09-29
440.0,0,312,2026-10-03,2026-09-29
445.0,0,48,2026-10-03,2026-09-29
450.0,0,74,2026-10-03,2026-09-29
455.0,0,880,2026-10-03,2026-09-29
460.0,0,236,2026-10-03,2026-09-29
465.0,0,359,2026-10-03,2026-09-29
470.0,1,267,2026-10-03,2026-09-29
475.0,1,463,2026-10-03,2026-09-29
480.0,2,333,2026-10-03,2026-09-29
485.0,1,146,2026-10-03,2026-09-29
490.0,13,421,2026-10-03,2026-09-29
495.0,42,205,2026-10-03,2026-09-29
500.0,37,635,2026-10-03,2026-09-29
505.0,13,369,2026-10-03,2026-09-29
510.0,12,344,2026-10-03,2026-09-29
515.0,7,2042,2026-10-03,2026-09-29
520.0,0,133,2026-10-03,2026-09-29
520.0,59,436,2026-10-03,2026-09-29
525.0,15,425,2026-10-03,2026-09-29
530.0,62,578,2026-10-03,2026-09-29
535.0,15,231,2026-10-03,2026-09-29
540.0,3000,3019,2026-10-03,2026-09-29
540.0,79,2063,2026-10-03,2026-09-29
545.0,41,483,2026-10-03,2026-09-29
550.0,160,645,2026-10-03,2026-09-29
555.0,136,326,2026-10-03,2026-09-29
560.0,83,1096,2026-10-03,2026-09-29
565.0,270,1027,2026-10-03,2026-09-29
570.0,358,388,2026-10-03,2026-09-29
572.5,1,27,2026-10-03,2026-09-29
575.0,191,265,2026-10-03,2026-09-29
577.5,1,19,2026-10-03,2026-09-29
580.0,229,567,2026-10-03,2026-09-29
582.5,2,54,2026-10-03,2026-09-29
585.0,145,491,2026-10-03,2026-09-29
587.5,0,66,2026-10-03,2026-09-29
590.0,260,481,2026-10-03,2026-09-29
592.5,1,39,2026-10-03,2026-09-29
595.0,787,246,2026-10-03,2026-09-29
597.5,3,41,2026-10-03,2026-09-29
600.0,6000,6000,2026-10-03,2026-09-29
600.0,502,5824,2026-10-03,2026-09-29
602.5,6,66,2026-10-03,2026-09-29
605.0,358,1375,2026-10-03,2026-09-29
607.5,20,96,2026-10-03,2026-09-29
610.0,200,437,2026-10-03,2026-09-29
612.5,29,35,2026-10-03,2026-09-29
615.0,1178,490,2026-10-03,2026-09-29
617.5,32,218,2026-10-03,2026-09-29
620.0,445,1021,2026-10-03,2026-09-29
622.5,10,14,2026-10-03,2026-09-29
625.0,186,566,2026-10-03,2026-09-29
627.5,10,52,2026-10-03,2026-09-29
630.0,417,2116,2026-10-03,2026-09-29
632.5,64,142,2026-10-03,2026-09-29
635.0,188,815,2026-10-03,2026-09-29
637.5,22,104,2026-10-03,2026-09-29
640.0,504,958,2026-10-03,2026-09-29
642.5,10,128,2026-10-03,2026-09-29
645.0,133,0,2026-10-03,2026-09-29
645.0,413,603,2026-10-03,2026-09-29
647.5,54,140,2026-10-03,2026-09-29
650.0,1462,2606,2026-10-03,2026-09-29
652.5,16,1889,2026-10-03,2026-09-29
655.0,841,2207,2026-10-03,2026-09-29
657.5,15,328,2026-10-03,2026-09-29
660.0,969,1029,2026-10-03,2026-09-29
662.5,68,218,2026-10-03,2026-09-29
665.0,334,474,2026-10-03,2026-09-29
667.5,181,154,2026-10-03,2026-09-29
670.0,4608,1801,2026-10-03,2026-09-29
672.5,64,617,2026-10-03,2026-09-29
675.0,513,1119,2026-10-03,2026-09-29
677.5,33,822,2026-10-03,2026-09-29
680.0,981,1781,2026-10-03,2026-09-29
682.5,38,244,2026-10-03,2026-09-29
685.0,331,618,2026-10-03,2026-09-29
687.5,18,605,2026-10-03,2026-09-29
690.0,1008,0,2026-10-03,2026-09-29
690.0,554,991,2026-10-03,2026-09-29
692.5,1028,283,2026-10-03,2026-09-29
695.0,457,711,2026-10-03,2026-09-29
697.5,65,547,2026-10-03,2026-09-29
700.0,1384,4597,2026-10-03,2026-09-29
702.5,73,305,2026-10-03,2026-09-29
705.0,234,558,2026-10-03,2026-09-29
707.5,27,238,2026-10-03,2026-09-29
710.0,1432,1448,2026-10-03,2026-09-29
712.5,184,628,2026-10-03,2026-09-29
715.0,798,1470,2026-10-03,2026-09-29
717.5,388,298,2026-10-03,2026-09-29
720.0,2742,2608,2026-10-03,2026-09-29
722.5,337,364,2026-10-03,2026-09-29
725.0,1539,1423,2026-10-03,2026-09-29
727.5,234,339,2026-10-03,2026-09-29
730.0,1273,2085,2026-10-03,2026-09-29
732.5,1146,258,2026-10-03,2026-09-29
735.0,987,658,2026-10-03,2026-09-29
737.5,243,220,2026-10-03,2026-09-29
740.0,4524,1599,2026-10-03,2026-09-29
742.5,604,149,2026-10-03,2026-09-29
745.0,2389,571,2026-10-03,2026-09-29
747.5,358,448,2026-10-03,2026-09-29
750.0,4659,1615,2026-10-03,2026-09-29
752.5,2462,321,2026-10-03,2026-09-29
755.0,1771,535,2026-10-03,2026-09-29
757.5,920,431,2026-10-03,2026-09-29
760.0,1831,1823,2026-10-03,2026-09-29
765.0,2286,462,2026-10-03,2026-09-29
770.0,2567,459,2026-10-03,2026-09-29
775.0,1852,222,2026-10-03,2026-09-29
780.0,2141,183,2026-10-03,2026-09-29
785.0,2541,62,2026-10-03,2026-09-29
790.0,1723,139,2026-10-03,2026-09-29
795.0,521,77,2026-10-03,2026-09-29
800.0,15426,90,2026-10-03,2026-09-29
805.0,837,19,2026-10-03,2026-09-29
810.0,1680,11,2026-10-03,2026-09-29
815.0,1700,4,2026-10-03,2026-09-29
820.0,2611,13,2026-10-03,2026-09-29
825.0,718,0,2026-10-03,2026-09-29
830.0,939,0,2026-10-03,2026-09-29
835.0,333,0,2026-10-03,2026-09-29
840.0,572,0,2026-10-03,2026-09-29
845.0,220,0,2026-10-03,2026-09-29
850.0,1947,0,2026-10-03,2026-09-29
855.0,233,0,2026-10-03,2026-09-29
860.0,808,0,2026-10-03,2026-09-29
865.0,527,0,2026-10-03,2026-09-29
870.0,794,0,2026-10-03,2026-09-29
875.0,173,0,2026-10-03,2026-09-29
880.0,1273,0,2026-10-03,2026-09-29
885.0,813,0,2026-10-03,2026-09-29
890.0,380,0,2026-10-03,2026-09-29
895.0,109,0,2026-10-03,2026-09-29
900.0,1679,0,2026-10-03,2026-09-29
905.0,349,0,2026-10-03,2026-09-29
910.0,159,0,2026-10-03,2026-09-29
915.0,91,0,2026-10-03,2026-09-29
920.0,1151,0,2026-10-03,2026-09-29
925.0,132,0,2026-10-03,2026-09-29
930.0,989,0,2026-10-03,2026-09-29
935.0,343,0,2026-10-03,2026-09-29
940.0,151,0,2026-10-03,2026-09-29
945.0,448,0,2026-10-03,2026-09-29
950.0,1189,0,2026-10-03,2026-09-29
955.0,786,0,2026-10-03,2026-09-29
960.0,476,0,2026-10-03,2026-09-29
965.0,390,0,2026-10-03,2026-09-29
970.0,405,0,2026-10-03,2026-09-29
975.0,759,0,2026-10-03,2026-09-29
980.0,200,0,2026-10-03,2026-09-29
985.0,231,0,2026-10-03,2026-09-29
990.0,325,0,2026-10-03,2026-09-29
995.0,214,0,2026-10-03,2026-09-29
1000.0,738,0,2026-10-03,2026-09-29
1010.0,225,0,2026-10-03,2026-09-29
1020.0,373,0,2026-10-03,2026-09-29
1030.0,177,0,2026-10-03,2026-09-29
1040.0,248,0,2026-10-03,2026-09-29
1050.0,198,0,2026-10-03,2026-09-29
1060.0,391,0,2026-10-03,2026-09-29
1070.0,83,0,2026-10-03,2026-09-29
1080.0,8,0,2026-10-03,2026-09-29
1090.0,74,0,2026-10-03,2026-09-29
1100.0,31,0,2026-10-03,2026-09-29
1110.0,0,0,2026-10-03,2026-09-29
1120.0,0,0,2026-10-03,2026-09-29
1130.0,0,0,2026-10-03,2026-09-29
1140.0,0,0,2026-10-03,2026-09-29
1150.0,0,0,2026-10-03,2026-09-29
1160.0,0,0,2026-10-03,2026-09-29
1170.0,0,0,2026-10-03,2026-09-29
1180.0,0,0,2026-10-03,2026-09-29
1190.0,0,0,2026-10-03,2026-09-29
1200.0,106,0,2026-10-03,2026-09-29
1210.0,0,0,2026-10-03,2026-09-29
1220.0,0,0,2026-10-03,2026-09-29
1230.0,1,0,2026-10-03,2026-09-29
1240.0,0,0,2026-10-03,2026-09-29
1250.0,0,0,2026-10-03,2026-09-29
1260.0,0,0,2026-10-03,2026-09-29
1270.0,0,0,2026-10-03,2026-09-29
1280.0,0,0,2026-10-03,2026-09-29
1290.0,0,0,2026-10-03,2026-09-29
1300.0,0,0,2026-10-03,2026-09-29
1310.0,0,0,2026-10-03,2026-09-29
1320.0,0,0,2026-10-03,2026-09-29
1330.0,0,0,2026-10-03,2026-09-29
1340.0,0,0,2026-10-03,2026-09-29
1350.0,0,0,2026-10-03,2026-09-29
1360.0,0,0,2026-10-03,2026-09-29
1370.0,0,0,2026-10-03,2026-09-29
1380.0,0,0,2026-10-03,2026-09-29
1390.0,0,0,2026-10-03,2026-09-29
1400.0,0,0,2026-10-03,2026-09-29
1410.0,0,0,2026-10-03,2026-09-29
1420.0,0,0,2026-10-03,2026-09-29
1430.0,0,0,2026-10-03,2026-09-29
1440.0,0,0,2026-10-03,2026-09-29
1450.0,0,0,2026-10-03,2026-09-29
1460.0,0,0,2026-10-03,2026-09-29
1470.0,146,0,2026-10-03,2026-09-29
1480.0,100,0,2026-10-03,2026-09-29
1490.0,21,0,2026-10-03,2026-09-29
510.0,0,0,2026-10-06,2026-09-29
515.0,0,9,2026-10-06,2026-09-29
520.0,0,1,2026-10-06,2026-09-29
525.0,0,0,2026-10-06,2026-09-29
530.0,0,11,2026-10-06,2026-09-29
535.0,0,0,2026-10-06,2026-09-29
540.0,0,6,2026-10-06,2026-09-29
545.0,0,0,2026-10-06,2026-09-29
550.0,0,0,2026-10-06,2026-09-29
555.0,0,1,2026-10-06,2026-09-29
560.0,0,0,2026-10-06,2026-09-29
565.0,0,0,2026-10-06,2026-09-29
570.0,0,7,2026-10-06,2026-09-29
575.0,0,0,2026-10-06,2026-09-29
580.0,0,10,2026-10-06,2026-09-29
585.0,0,0,2026-10-06,2026-09-29
590.0,0,8,2026-10-06,2026-09-29
595.0,0,1,2026-10-06,2026-09-29
600.0,50,36,2026-10-06,2026-09-29
605.0,0,2,2026-10-06,2026-09-29
610.0,2,0,2026-10-06,2026-09-29
615.0,1,8,2026-10-06,2026-09-29
620.0,0,108,2026-10-06,2026-09-29
625.0,1,29,2026-10-06,2026-09-29
630.0,2,19,2026-10-06,2026-09-29
635.0,4,22,2026-10-06,2026-09-29
637.5,1,20,2026-10-06,2026-09-29
640.0,5,44,2026-10-06,2026-09-29
642.5,8,9,2026-10-06,2026-09-29
645.0,5,12,2026-10-06,2026-09-29
647.5,6,28,2026-10-06,2026-09-29
650.0,4,66,2026-10-06,2026-09-29
652.5,7,16,2026-10-06,2026-09-29
655.0,2,47,2026-10-06,2026-09-29
657.5,8,26,2026-10-06,2026-09-29
660.0,3,48,2026-10-06,2026-09-29
662.5,0,33,2026-10-06,2026-09-29
665.0,0,31,2026-10-06,2026-09-29
667.5,1,20,2026-10-06,2026-09-29
670.0,12,46,2026-10-06,2026-09-29
672.5,0,34,2026-10-06,2026-09-29
675.0,1,135,2026-10-06,2026-09-29
677.5,0,13,2026-10-06,2026-09-29
680.0,17,102,2026-10-06,2026-09-29
682.5,16,91,2026-10-06,2026-09-29
685.0,14,51,2026-10-06,2026-09-29
687.5,15,81,2026-10-06,2026-09-29
690.0,6,107,2026-10-06,2026-09-29
692.5,2,37,2026-10-06,2026-09-29
695.0,8,85,2026-10-06,2026-09-29
697.5,30,25,2026-10-06,2026-09-29
700.0,290,715,2026-10-06,2026-09-29
702.5,1,55,2026-10-06,2026-09-29
705.0,3,63,2026-10-06,2026-09-29
707.5,1,62,2026-10-06,2026-09-29
710.0,42,162,2026-10-06,2026-09-29
712.5,11,18,2026-10-06,2026-09-29
715.0,16,123,2026-10-06,2026-09-29
717.5,39,127,2026-10-06,2026-09-29
720.0,1757,360,2026-10-06,2026-09-29
722.5,133,35,2026-10-06,2026-09-29
725.0,144,153,2026-10-06,2026-09-29
727.5,32,41,2026-10-06,2026-09-29
730.0,477,437,2026-10-06,2026-09-29
732.5,17,25,2026-10-06,2026-09-29
735.0,157,191,2026-10-06,2026-09-29
737.5,84,75,2026-10-06,2026-09-29
740.0,2680,68,2026-10-06,2026-09-29
742.5,57,21,2026-10-06,2026-09-29
745.0,1676,127,2026-10-06,2026-09-29
747.5,123,224,2026-10-06,2026-09-29
750.0,392,262,2026-10-06,2026-09-29
755.0,323,99,2026-10-06,2026-09-29
760.0,233,48,2026-10-06,2026-09-29
765.0,156,203,2026-10-06,2026-09-29
770.0,236,49,2026-10-06,2026-09-29
775.0,269,81,2026-10-06,2026-09-29
780.0,186,19,2026-10-06,2026-09-29
785.0,66,7,2026-10-06,2026-09-29
790.0,381,7,2026-10-06,2026-09-29
795.0,33,1,2026-10-06,2026-09-29
800.0,444,1,2026-10-06,2026-09-29
805.0,48,11,2026-10-06,2026-09-29
810.0,42,0,2026-10-06,2026-09-29
815.0,34,0,2026-10-06,2026-09-29
820.0,60,15,2026-10-06,2026-09-29
825.0,25,0,2026-10-06,2026-09-29
830.0,127,0,2026-10-06,2026-09-29
835.0,21,0,2026-10-06,2026-09-29
840.0,42,0,2026-10-06,2026-09-29
845.0,61,0,2026-10-06,2026-09-29
850.0,333,0,2026-10-06,2026-09-29
855.0,21,0,2026-10-06,2026-09-29
860.0,26,0,2026-10-06,2026-09-29
865.0,26,0,2026-10-06,2026-09-29
870.0,58,0,2026-10-06,2026-09-29
875.0,31,0,2026-10-06,2026-09-29
880.0,49,0,2026-10-06,2026-09-29
885.0,149,0,2026-10-06,2026-09-29
890.0,9,0,2026-10-06,2026-09-29
895.0,22,0,2026-10-06,2026-09-29
900.0,50,0,2026-10-06,2026-09-29
905.0,0,0,2026-10-06,2026-09-29
910.0,80,0,2026-10-06,2026-09-29
915.0,16,0,2026-10-06,2026-09-29
920.0,11,0,2026-10-06,2026-09-29
925.0,12,0,2026-10-06,2026-09-29
930.0,11,0,2026-10-06,2026-09-29
935.0,6,0,2026-10-06,2026-09-29
940.0,9,0,2026-10-06,2026-09-29
945.0,0,0,2026-10-06,2026-09-29
950.0,4,0,2026-10-06,2026-09-29
955.0,1,0,2026-10-06,2026-09-29
960.0,0,0,2026-10-06,2026-09-29
965.0,0,0,2026-10-06,2026-09-29
970.0,0,0,2026-10-06,2026-09-29
975.0,12,0,2026-10-06,2026-09-29
980.0,0,0,2026-10-06,2026-09-29
985.0,0,0,2026-10-06,2026-09-29
990.0,0,0,2026-10-06,2026-09-29
1000.0,84,0,2026-10-06,2026-09-29
1010.0,0,0,2026-10-06,2026-09-29
1020.0,0,0,2026-10-06,2026-09-29
1030.0,0,0,2026-10-06,2026-09-29
1040.0,0,0,2026-10-06,2026-09-29
1050.0,1,0,2026-10-06,2026-09-29
1060.0,0,0,2026-10-06,2026-09-29
1070.0,1,0,2026-10-06,2026-09-29
1080.0,0,0,2026-10-06,2026-09-29
1090.0,0,0,2026-10-06,2026-09-29
1100.0,0,0,2026-10-06,2026-09-29
1110.0,0,0,2026-10-06,2026-09-29
1120.0,0,0,2026-10-06,2026-09-29
1130.0,0,0,2026-10-06,2026-09-29
1140.0,0,0,2026-10-06,2026-09-29
1150.0,0,0,2026-10-06,2026-09-29
1160.0,0,0,2026-10-06,2026-09-29
1170.0,0,0,2026-10-06,2026-09-29
1180.0,0,0,2026-10-06,2026-09-29
1190.0,0,0,2026-10-06,2026-09-29
1200.0,0,0,2026-10-06,2026-09-29
1210.0,0,0,2026-10-06,2026-09-29
1220.0,0,0,2026-10-06,2026-09-29
1230.0,0,0,2026-10-06,2026-09-29
1240.0,0,0,2026-10-06,2026-09-29
1250.0,0,0,2026-10-06,2026-09-29
1260.0,0,0,2026-10-06,2026-09-29
1270.0,0,0,2026-10-06,2026-09-29
1280.0,0,0,2026-10-06,2026-09-29
1290.0,0,0,2026-10-06,2026-09-29
1300.0,0,0,2026-10-06,2026-09-29
1310.0,0,0,2026-10-06,2026-09-29
1320.0,0,0,2026-10-06,2026-09-29
1330.0,0,0,2026-10-06,2026-09-29
1340.0,0,0,2026-10-06,2026-09-29
1350.0,0,0,2026-10-06,2026-09-29
1360.0,0,0,2026-10-06,2026-09-29
1370.0,0,0,2026-10-06,2026-09-29
1380.0,0,0,2026-10-06,2026-09-29
1390.0,0,0,2026-10-06,2026-09-29
1400.0,0,0,2026-10-06,2026-09-29
1410.0,0,0,2026-10-06,2026-09-29
1420.0,0,0,2026-10-06,2026-09-29
1430.0,0,0,2026-10-06,2026-09-29
1440.0,0,0,2026-10-06,2026-09-29
1450.0,0,0,2026-10-06,2026-09-29
1460.0,0,0,2026-10-06,2026-09-29
1470.0,0,0,2026-10-06,2026-09-29
1480.0,0,0,2026-10-06,2026-09-29
1490.0,0,0,2026-10-06,2026-09-29
510.0,0,0,2026-10-08,2026-09-29
515.0,0,0,2026-10-08,2026-09-29
520.0,0,0,2026-10-08,2026-09-29
525.0,0,0,2026-10-08,2026-09-29
530.0,0,0,2026-10-08,2026-09-29
535.0,0,0,2026-10-08,2026-09-29
540.0,0,0,2026-10-08,2026-09-29
545.0,0,0,2026-10-08,2026-09-29
550.0,0,0,2026-10-08,2026-09-29
555.0,0,0,2026-10-08,2026-09-29
560.0,0,0,2026-10-08,2026-09-29
565.0,0,0,2026-10-08,2026-09-29
570.0,0,0,2026-10-08,2026-09-29
575.0,0,0,2026-10-08,2026-09-29
580.0,0,0,2026-10-08,2026-09-29
585.0,0,0,2026-10-08,2026-09-29
590.0,0,0,2026-10-08,2026-09-29
595.0,0,0,2026-10-08,2026-09-29
600.0,0,0,2026-10-08,2026-09-29
605.0,0,0,2026-10-08,2026-09-29
610.0,2,0,2026-10-08,2026-09-29
615.0,3,0,2026-10-08,2026-09-29
620.0,2,0,2026-10-08,2026-09-29
625.0,5,0,2026-10-08,2026-09-29
630.0,6,1,2026-10-08,2026-09-29
635.0,2,0,2026-10-08,2026-09-29
640.0,0,0,2026-10-08,2026-09-29
645.0,0,10,2026-10-08,2026-09-29
650.0,1,42,2026-10-08,2026-09-29
655.0,0,10,2026-10-08,2026-09-29
660.0,1,14,2026-10-08,2026-09-29
665.0,1,2,2026-10-08,2026-09-29
670.0,34,19,2026-10-08,2026-09-29
675.0,0,0,2026-10-08,2026-09-29
680.0,6,115,2026-10-08,2026-09-29
685.0,0,10,2026-10-08,2026-09-29
690.0,21,14,2026-10-08,2026-09-29
695.0,0,25,2026-10-08,2026-09-29
700.0,17,448,2026-10-08,2026-09-29
705.0,4,50,2026-10-08,2026-09-29
710.0,6,19,2026-10-08,2026-09-29
715.0,21,46,2026-10-08,2026-09-29
720.0,61,31,2026-10-08,2026-09-29
722.5,41,4,2026-10-08,2026-09-29
725.0,26,10,2026-10-08,2026-09-29
727.5,3,4,2026-10-08,2026-09-29
730.0,13,14,2026-10-08,2026-09-29
732.5,14,21,2026-10-08,2026-09-29
735.0,23,23,2026-10-08,2026-09-29
737.5,21,21,2026-10-08,2026-09-29
740.0,34,51,2026-10-08,2026-09-29
742.5,7,19,2026-10-08,2026-09-29
745.0,19,7,2026-10-08,2026-09-29
747.5,8,1,2026-10-08,2026-09-29
750.0,101,52,2026-10-08,2026-09-29
755.0,88,14,2026-10-08,2026-09-29
760.0,43,11,2026-10-08,2026-09-29
765.0,51,26,2026-10-08,2026-09-29
770.0,56,16,2026-10-08,2026-09-29
775.0,34,12,2026-10-08,2026-09-29
780.0,65,15,2026-10-08,2026-09-29
785.0,25,0,2026-10-08,2026-09-29
790.0,17,2,2026-10-08,2026-09-29
795.0,2,0,2026-10-08,2026-09-29
800.0,226,12,2026-10-08,2026-09-29
805.0,13,0,2026-10-08,2026-09-29
810.0,8,0,2026-10-08,2026-09-29
815.0,0,0,2026-10-08,2026-09-29
820.0,9,0,2026-10-08,2026-09-29
825.0,3,0,2026-10-08,2026-09-29
830.0,1,0,2026-10-08,2026-09-29
835.0,0,0,2026-10-08,2026-09-29
840.0,216,0,2026-10-08,2026-09-29
845.0,0,0,2026-10-08,2026-09-29
850.0,42,0,2026-10-08,2026-09-29
855.0,0,0,2026-10-08,2026-09-29
860.0,0,1,2026-10-08,2026-09-29
865.0,0,0,2026-10-08,2026-09-29
870.0,1,0,2026-10-08,2026-09-29
875.0,0,0,2026-10-08,2026-09-29
880.0,17,0,2026-10-08,2026-09-29
885.0,0,0,2026-10-08,2026-09-29
890.0,0,0,2026-10-08,2026-09-29
895.0,0,0,2026-10-08,2026-09-29
900.0,0,0,2026-10-08,2026-09-29
905.0,0,0,2026-10-08,2026-09-29
910.0,0,0,2026-10-08,2026-09-29
915.0,0,0,2026-10-08,2026-09-29
920.0,0,0,2026-10-08,2026-09-29
925.0,0,0,2026-10-08,2026-09-29
930.0,0,0,2026-10-08,2026-09-29
935.0,0,0,2026-10-08,2026-09-29
940.0,0,0,2026-10-08,2026-09-29
945.0,0,0,2026-10-08,2026-09-29
950.0,0,0,2026-10-08,2026-09-29
955.0,0,0,2026-10-08,2026-09-29
960.0,0,0,2026-10-08,2026-09-29
965.0,0,0,2026-10-08,2026-09-29
970.0,0,0,2026-10-08,2026-09-29
975.0,0,0,2026-10-08,2026-09-29
980.0,0,0,2026-10-08,2026-09-29
985.0,0,0,2026-10-08,2026-09-29
990.0,0,0,2026-10-08,2026-09-29
1000.0,0,0,2026-10-08,2026-09-29
1010.0,0,0,2026-10-08,2026-09-29
1020.0,0,0,2026-10-08,2026-09-29
1030.0,0,0,2026-10-08,2026-09-29
1040.0,0,0,2026-10-08,2026-09-29
1050.0,0,0,2026-10-08,2026-09-29
1060.0,0,0,2026-10-08,2026-09-29
1070.0,0,0,2026-10-08,2026-09-29
1080.0,0,0,2026-10-08,2026-09-29
1090.0,0,0,2026-10-08,2026-09-29
1100.0,0,0,2026-10-08,2026-09-29
1110.0,0,0,2026-10-08,2026-09-29
1120.0,0,0,2026-10-08,2026-09-29
1130.0,0,0,2026-10-08,2026-09-29
1140.0,0,0,2026-10-08,2026-09-29
1150.0,0,0,2026-10-08,2026-09-29
1160.0,0,0,2026-10-08,2026-09-29
1170.0,0,0,2026-10-08,2026-09-29
1180.0,0,0,2026-10-08,2026-09-29
1190.0,0,0,2026-10-08,2026-09-29
1200.0,0,0,2026-10-08,2026-09-29
1210.0,0,0,2026-10-08,2026-09-29
1220.0,0,0,2026-10-08,2026-09-29
1230.0,0,0,2026-10-08,2026-09-29
1240.0,0,0,2026-10-08,2026-09-29
1250.0,0,0,2026-10-08,2026-09-29
1260.0,0,0,2026-10-08,2026-09-29
1270.0,0,0,2026-10-08,2026-09-29
1280.0,0,0,2026-10-08,2026-09-29
1290.0,0,0,2026-10-08,2026-09-29
1300.0,0,0,2026-10-08,2026-09-29
1310.0,0,0,2026-10-08,2026-09-29
1320.0,0,0,2026-10-08,2026-09-29
1330.0,0,0,2026-10-08,2026-09-29
1340.0,0,0,2026-10-08,2026-09-29
1350.0,0,0,2026-10-08,2026-09-29
1360.0,0,0,2026-10-08,2026-09-29
1370.0,0,0,2026-10-08,2026-09-29
1380.0,0,0,2026-10-08,2026-09-29
1390.0,0,0,2026-10-08,2026-09-29
1400.0,0,0,2026-10-08,2026-09-29
1410.0,0,0,2026-10-08,2026-09-29
1420.0,0,0,2026-10-08,2026-09-29
1430.0,0,0,2026-10-08,2026-09-29
1440.0,0,0,2026-10-08,2026-09-29
1450.0,0,0,2026-10-08,2026-09-29
1460.0,0,0,2026-10-08,2026-09-29
1470.0,0,0,2026-10-08,2026-09-29
1480.0,0,0,2026-10-08,2026-09-29
1490.0,0,0,2026-10-08,2026-09-29
691.68,2,0,2026-10-09,2026-09-29
100.0,0,1,2026-10-10,2026-09-29
110.0,0,0,2026-10-10,2026-09-29
120.0,0,0,2026-10-10,2026-09-29
130.0,0,0,2026-10-10,2026-09-29
140.0,0,0,2026-10-10,2026-09-29
150.0,0,0,2026-10-10,2026-09-29
160.0,0,0,2026-10-10,2026-09-29
170.0,0,0,2026-10-10,2026-09-29
180.0,0,0,2026-10-10,2026-09-29
190.0,0,0,2026-10-10,2026-09-29
200.0,0,0,2026-10-10,2026-09-29
210.0,0,1,2026-10-10,2026-09-29
220.0,0,0,2026-10-10,2026-09-29
230.0,0,0,2026-10-10,2026-09-29
240.0,7,0,2026-10-10,2026-09-29
250.0,0,0,2026-10-10,2026-09-29
260.0,1,17,2026-10-10,2026-09-29
270.0,0,3,2026-10-10,2026-09-29
280.0,0,3,2026-10-10,2026-09-29
290.0,0,0,2026-10-10,2026-09-29
300.0,3,15,2026-10-10,2026-09-29
310.0,0,4,2026-10-10,2026-09-29
320.0,0,1,2026-10-10,2026-09-29
330.0,0,1,2026-10-10,2026-09-29
340.0,0,7,2026-10-10,2026-09-29
350.0,0,13,2026-10-10,2026-09-29
360.0,0,9,2026-10-10,2026-09-29
370.0,0,24,2026-10-10,2026-09-29
380.0,0,7,2026-10-10,2026-09-29
390.0,0,6,2026-10-10,2026-09-29
400.0,2,22,2026-10-10,2026-09-29
405.0,0,12,2026-10-10,2026-09-29
410.0,0,11,2026-10-10,2026-09-29
415.0,0,13,2026-10-10,2026-09-29
420.0,0,9,2026-10-10,2026-09-29
425.0,0,15,2026-10-10,2026-09-29
430.0,0,17,2026-10-10,2026-09-29
435.0,0,128,2026-10-10,2026-09-29
440.0,0,53,2026-10-10,2026-09-29
445.0,0,34,2026-10-10,2026-09-29
450.0,0,18,2026-10-10,2026-09-29
455.0,0,7,2026-10-10,2026-09-29
460.0,0,25,2026-10-10,2026-09-29
465.0,0,110,2026-10-10,2026-09-29
470.0,0,39,2026-10-10,2026-09-29
475.0,0,19,2026-10-10,2026-09-29
480.0,0,301,2026-10-10,2026-09-29
485.0,0,265,2026-10-10,2026-09-29
490.0,2,291,2026-10-10,2026-09-29
495.0,0,47,2026-10-10,2026-09-29
500.0,3,1432,2026-10-10,2026-09-29
505.0,0,123,2026-10-10,2026-09-29
510.0,1,155,2026-10-10,2026-09-29
515.0,0,1158,2026-10-10,2026-09-29
520.0,1,92,2026-10-10,2026-09-29
525.0,5,103,2026-10-10,2026-09-29
530.0,1,105,2026-10-10,2026-09-29
535.0,2,71,2026-10-10,2026-09-29
540.0,2,133,2026-10-10,2026-09-29
545.0,13,215,2026-10-10,2026-09-29
550.0,30,338,2026-10-10,2026-09-29
555.0,85,57,2026-10-10,2026-09-29
560.0,21,107,2026-10-10,2026-09-29
565.0,29,3646,2026-10-10,2026-09-29
570.0,77,212,2026-10-10,2026-09-29
575.0,97,95,2026-10-10,2026-09-29
580.0,76,236,2026-10-10,2026-09-29
585.0,87,132,2026-10-10,2026-09-29
590.0,28,196,2026-10-10,2026-09-29
595.0,26,378,2026-10-10,2026-09-29
600.0,5000,5000,2026-10-10,2026-09-29
600.0,44,512,2026-10-10,2026-09-29
605.0,86,377,2026-10-10,2026-09-29
605.34,197,197,2026-10-10,2026-09-29
610.0,108,213,2026-10-10,2026-09-29
615.0,328,129,2026-10-10,2026-09-29
620.0,120,213,2026-10-10,2026-09-29
625.0,53,549,2026-10-10,2026-09-29
630.0,285,291,2026-10-10,2026-09-29
635.0,72,398,2026-10-10,2026-09-29
640.0,205,342,2026-10-10,2026-09-29
645.0,133,522,2026-10-10,2026-09-29
650.0,234,467,2026-10-10,2026-09-29
655.0,134,393,2026-10-10,2026-09-29
657.5,3,23,2026-10-10,2026-09-29
660.0,346,317,2026-10-10,2026-09-29
662.5,8,26,2026-10-10,2026-09-29
665.0,741,198,2026-10-10,2026-09-29
667.5,2,12,2026-10-10,2026-09-29
670.0,427,394,2026-10-10,2026-09-29
672.5,16,62,2026-10-10,2026-09-29
675.0,316,229,2026-10-10,2026-09-29
677.5,8,251,2026-10-10,2026-09-29
680.0,8900,8900,2026-10-10,2026-09-29
680.0,279,466,2026-10-10,2026-09-29
682.5,25,57,2026-10-10,2026-09-29
685.0,415,139,2026-10-10,2026-09-29
687.5,15,146,2026-10-10,2026-09-29
690.0,204,359,2026-10-10,2026-09-29
692.5,17,48,2026-10-10,2026-09-29
695.0,186,139,2026-10-10,2026-09-29
697.5,18,110,2026-10-10,2026-09-29
700.0,5000,5000,2026-10-10,2026-09-29
700.0,732,1166,2026-10-10,2026-09-29
702.5,57,343,2026-10-10,2026-09-29
705.0,162,247,2026-10-10,2026-09-29
710.0,5000,5000,2026-10-10,2026-09-29
710.0,203,500,2026-10-10,2026-09-29
715.0,448,231,2026-10-10,2026-09-29
720.0,790,485,2026-10-10,2026-09-29
725.0,668,263,2026-10-10,2026-09-29
730.0,340,712,2026-10-10,2026-09-29
735.0,200,141,2026-10-10,2026-09-29
737.5,43,24,2026-10-10,2026-09-29
740.0,522,282,2026-10-10,2026-09-29
742.5,50,11,2026-10-10,2026-09-29
745.0,226,152,2026-10-10,2026-09-29
747.5,29,65,2026-10-10,2026-09-29
750.0,6541,2351,2026-10-10,2026-09-29
752.5,87,65,2026-10-10,2026-09-29
755.0,925,1296,2026-10-10,2026-09-29
757.5,61,41,2026-10-10,2026-09-29
760.0,620,157,2026-10-10,2026-09-29
765.0,491,189,2026-10-10,2026-09-29
770.0,3380,3000,2026-10-10,2026-09-29
770.0,581,142,2026-10-10,2026-09-29
775.0,338,132,2026-10-10,2026-09-29
780.0,756,110,2026-10-10,2026-09-29
785.0,399,10,2026-10-10,2026-09-29
790.0,418,11,2026-10-10,2026-09-29
795.0,376,15,2026-10-10,2026-09-29
800.0,8000,8000,2026-10-10,2026-09-29
800.0,2156,18,2026-10-10,2026-09-29
805.0,878,32,2026-10-10,2026-09-29
810.0,258,2,2026-10-10,2026-09-29
815.0,131,1,2026-10-10,2026-09-29
820.0,369,5,2026-10-10,2026-09-29
825.0,251,0,2026-10-10,2026-09-29
830.0,131,2,2026-10-10,2026-09-29
835.0,177,0,2026-10-10,2026-09-29
840.0,748,0,2026-10-10,2026-09-29
845.0,245,0,2026-10-10,2026-09-29
850.0,447,1,2026-10-10,2026-09-29
855.0,101,1,2026-10-10,2026-09-29
860.0,148,0,2026-10-10,2026-09-29
865.0,300,0,2026-10-10,2026-09-29
870.0,95,1,2026-10-10,2026-09-29
875.0,56,0,2026-10-10,2026-09-29
880.0,668,0,2026-10-10,2026-09-29
885.0,55,0,2026-10-10,2026-09-29
890.0,69,0,2026-10-10,2026-09-29
895.0,105,0,2026-10-10,2026-09-29
900.0,2670,0,2026-10-10,2026-09-29
905.0,54,0,2026-10-10,2026-09-29
910.0,165,0,2026-10-10,2026-09-29
915.0,319,0,2026-10-10,2026-09-29
920.0,59,0,2026-10-10,2026-09-29
925.0,133,0,2026-10-10,2026-09-29
930.0,52,0,2026-10-10,2026-09-29
935.0,160,0,2026-10-10,2026-09-29
940.0,44,0,2026-10-10,2026-09-29
945.0,33,0,2026-10-10,2026-09-29
950.0,178,0,2026-10-10,2026-09-29
955.0,122,0,2026-10-10,2026-09-29
960.0,349,0,2026-10-10,2026-09-29
965.0,75,0,2026-10-10,2026-09-29
970.0,55,0,2026-10-10,2026-09-29
975.0,38,0,2026-10-10,2026-09-29
980.0,40,0,2026-10-10,2026-09-29
985.0,41,0,2026-10-10,2026-09-29
990.0,53,0,2026-10-10,2026-09-29
995.0,30,0,2026-10-10,2026-09-29
1000.0,640,0,2026-10-10,2026-09-29
1010.0,139,0,2026-10-10,2026-09-29
1020.0,193,0,2026-10-10,2026-09-29
1030.0,258,0,2026-10-10,2026-09-29
1040.0,132,0,2026-10-10,2026-09-29
1050.0,119,0,2026-10-10,2026-09-29
1060.0,211,0,2026-10-10,2026-09-29
1070.0,211,0,2026-10-10,2026-09-29
1080.0,0,0,2026-10-10,2026-09-29
1090.0,0,0,2026-10-10,2026-09-29
1100.0,0,0,2026-10-10,2026-09-29
1110.0,0,0,2026-10-10,2026-09-29
1120.0,0,0,2026-10-10,2026-09-29
1130.0,0,0,2026-10-10,2026-09-29
1140.0,0,0,2026-10-10,2026-09-29
1150.0,0,0,2026-10-10,2026-09-29
1160.0,0,0,2026-10-10,2026-09-29
1170.0,0,0,2026-10-10,2026-09-29
1180.0,0,0,2026-10-10,2026-09-29
1190.0,0,0,2026-10-10,2026-09-29
1200.0,0,0,2026-10-10,2026-09-29
1210.0,0,0,2026-10-10,2026-09-29
1220.0,0,0,2026-10-10,2026-09-29
1230.0,0,0,2026-10-10,2026-09-29
1240.0,0,0,2026-10-10,2026-09-29
1250.0,0,0,2026-10-10,2026-09-29
1260.0,0,0,2026-10-10,2026-09-29
1270.0,0,0,2026-10-10,2026-09-29
1280.0,0,0,2026-10-10,2026-09-29
1290.0,0,0,2026-10-10,2026-09-29
1300.0,0,0,2026-10-10,2026-09-29
1310.0,0,0,2026-10-10,2026-09-29
1320.0,0,0,2026-10-10,2026-09-29
1330.0,0,0,2026-10-10,2026-09-29
1340.0,0,0,2026-10-10,2026-09-29
1350.0,0,0,2026-10-10,2026-09-29
1360.0,0,0,2026-10-10,2026-09-29
1370.0,0,0,2026-10-10,2026-09-29
1380.0,0,0,2026-10-10,2026-09-29
1390.0,0,0,2026-10-10,2026-09-29
1400.0,0,0,2026-10-10,2026-09-29
1410.0,0,0,2026-10-10,2026-09-29
1420.0,0,0,2026-10-10,2026-09-29
1430.0,0,0,2026-10-10,2026-09-29
1440.0,0,0,2026-10-10,2026-09-29
1450.0,0,0,2026-10-10,2026-09-29
1460.0,0,0,2026-10-10,2026-09-29
1470.0,0,0,2026-10-10,2026-09-29
1480.0,0,0,2026-10-10,2026-09-29
1490.0,0,0,2026-10-10,2026-09-29
680.0,0,6,2026-10-13,2026-09-29
685.0,2,12,2026-10-13,2026-09-29
690.0,0,17,2026-10-13,2026-09-29
695.0,2,2,2026-10-13,2026-09-29
700.0,89,14,2026-10-13,2026-09-29
705.0,1,0,2026-10-13,2026-09-29
710.0,0,6,2026-10-13,2026-09-29
715.0,32,16,2026-10-13,2026-09-29
720.0,38,110,2026-10-13,2026-09-29
725.0,34,102,2026-10-13,2026-09-29
730.0,32,2,2026-10-13,2026-09-29
735.0,4,1,2026-10-13,2026-09-29
740.0,11,9,2026-10-13,2026-09-29
745.0,65,4,2026-10-13,2026-09-29
750.0,708,4,2026-10-13,2026-09-29
755.0,3,0,2026-10-13,2026-09-29
760.0,7,0,2026-10-13,2026-09-29
765.0,1,1,2026-10-13,2026-09-29
770.0,4,0,2026-10-13,2026-09-29
775.0,0,0,2026-10-13,2026-09-29
780.0,5,1,2026-10-13,2026-09-29
785.0,1,0,2026-10-13,2026-09-29
790.0,2,0,2026-10-13,2026-09-29
795.0,2,0,2026-10-13,2026-09-29
800.0,42,0,2026-10-13,2026-09-29
805.0,5,0,2026-10-13,2026-09-29
810.0,4,0,2026-10-13,2026-09-29
815.0,5,0,2026-10-13,2026-09-29
820.0,55,0,2026-10-13,2026-09-29
825.0,22,0,2026-10-13,2026-09-29
23.0,0,0,2026-10-17,2026-09-29
270.0,1302,428,2026-10-17,2026-09-29
280.0,2,650,2026-10-17,2026-09-29
290.0,0,1525,2026-10-17,2026-09-29
300.0,305,1713,2026-10-17,2026-09-29
310.0,2,965,2026-10-17,2026-09-29
320.0,7,270,2026-10-17,2026-09-29
330.0,1,827,2026-10-17,2026-09-29
340.0,1,434,2026-10-17,2026-09-29
350.0,11,541,2026-10-17,2026-09-29
360.0,0,303,2026-10-17,2026-09-29
370.0,3,268,2026-10-17,2026-09-29
380.0,16,291,2026-10-17,2026-09-29
390.0,4,446,2026-10-17,2026-09-29
400.0,18,1453,2026-10-17,2026-09-29
405.0,0,72,2026-10-17,2026-09-29
410.0,15,1180,2026-10-17,2026-09-29
415.0,8,234,2026-10-17,2026-09-29
420.0,6,361,2026-10-17,2026-09-29
425.0,1,190,2026-10-17,2026-09-29
430.0,20,580,2026-10-17,2026-09-29
435.0,24,300,2026-10-17,2026-09-29
440.0,29,871,2026-10-17,2026-09-29
445.0,25,128,2026-10-17,2026-09-29
450.0,601,3135,2026-10-17,2026-09-29
455.0,34,667,2026-10-17,2026-09-29
460.0,20,1128,2026-10-17,2026-09-29
465.0,15,728,2026-10-17,2026-09-29
470.0,23,1826,2026-10-17,2026-09-29
475.0,9,580,2026-10-17,2026-09-29
480.0,160,2660,2026-10-17,2026-09-29
485.0,27,2005,2026-10-17,2026-09-29
490.0,65,1427,2026-10-17,2026-09-29
495.0,41,593,2026-10-17,2026-09-29
500.0,500,4997,2026-10-17,2026-09-29
505.0,30,897,2026-10-17,2026-09-29
510.0,50,2633,2026-10-17,2026-09-29
515.0,121,1700,2026-10-17,2026-09-29
520.0,393,2106,2026-10-17,2026-09-29
525.0,164,1723,2026-10-17,2026-09-29
530.0,260,1915,2026-10-17,2026-09-29
535.0,536,648,2026-10-17,2026-09-29
540.0,375,4238,2026-10-17,2026-09-29
545.0,223,701,2026-10-17,2026-09-29
550.0,6000,6000,2026-10-17,2026-09-29
550.0,2635,5763,2026-10-17,2026-09-29
555.0,345,554,2026-10-17,2026-09-29
560.0,1116,2381,2026-10-17,2026-09-29
565.0,604,647,2026-10-17,2026-09-29
570.0,2171,2408,2026-10-17,2026-09-29
570.01,2035,2035,2026-10-17,2026-09-29
575.0,1836,727,2026-10-17,2026-09-29
580.0,500,500,2026-10-17,2026-09-29
580.0,1623,3735,2026-10-17,2026-09-29
585.0,3954,3222,2026-10-17,2026-09-29
590.0,1780,1907,2026-10-17,2026-09-29
595.0,4870,4870,2026-10-17,2026-09-29
595.0,688,644,2026-10-17,2026-09-29
600.0,2543,2495,2026-10-17,2026-09-29
600.0,7545,6901,2026-10-17,2026-09-29
605.0,798,722,2026-10-17,2026-09-29
610.0,1372,2077,2026-10-17,2026-09-29
615.0,1083,1325,2026-10-17,2026-09-29
620.0,3846,2171,2026-10-17,2026-09-29
625.0,1108,1562,2026-10-17,2026-09-29
630.0,3143,1503,2026-10-17,2026-09-29
635.0,726,817,2026-10-17,2026-09-29
640.0,48,0,2026-10-17,2026-09-29
640.0,4194,3047,2026-10-17,2026-09-29
645.0,992,1619,2026-10-17,2026-09-29
650.0,0,0,2026-10-17,2026-09-29
650.0,7405,2950,2026-10-17,2026-09-29
655.0,1544,786,2026-10-17,2026-09-29
657.5,34,156,2026-10-17,2026-09-29
660.0,2419,2188,2026-10-17,2026-09-29
662.5,15,167,2026-10-17,2026-09-29
665.0,250,250,2026-10-17,2026-09-29
665.0,1193,1738,2026-10-17,2026-09-29
667.5,28,191,2026-10-17,2026-09-29
670.0,5500,5500,2026-10-17,2026-09-29
670.0,3223,3456,2026-10-17,2026-09-29
672.5,21,147,2026-10-17,2026-09-29
675.0,4800,4800,2026-10-17,2026-09-29
675.0,3024,3716,2026-10-17,2026-09-29
677.5,29,198,2026-10-17,2026-09-29
680.0,2,0,2026-10-17,2026-09-29
680.0,4016,1780,2026-10-17,2026-09-29
682.5,75,218,2026-10-17,2026-09-29
685.0,1104,1913,2026-10-17,2026-09-29
687.5,48,340,2026-10-17,2026-09-29
690.0,1855,1024,2026-10-17,2026-09-29
692.5,86,324,2026-10-17,2026-09-29
695.0,901,883,2026-10-17,2026-09-29
697.5,253,242,2026-10-17,2026-09-29
700.0,2942,2930,2026-10-17,2026-09-29
700.0,21112,6941,2026-10-17,2026-09-29
702.5,101,369,2026-10-17,2026-09-29
705.0,1388,626,2026-10-17,2026-09-29
710.0,6147,1126,2026-10-17,2026-09-29
715.0,1426,931,2026-10-17,2026-09-29
720.0,3,0,2026-10-17,2026-09-29
720.0,4790,1179,2026-10-17,2026-09-29
725.0,3633,1078,2026-10-17,2026-09-29
730.0,4200,667,2026-10-17,2026-09-29
730.12,109,0,2026-10-17,2026-09-29
735.0,36,0,2026-10-17,2026-09-29
735.0,2206,608,2026-10-17,2026-09-29
740.0,600,600,2026-10-17,2026-09-29
740.0,4361,1971,2026-10-17,2026-09-29
745.0,2668,2668,2026-10-17,2026-09-29
745.0,1015,823,2026-10-17,2026-09-29
750.0,15864,3071,2026-10-17,2026-09-29
755.0,1262,1262,2026-10-17,2026-09-29
755.0,1727,378,2026-10-17,2026-09-29
760.0,5133,2497,2026-10-17,2026-09-29
765.0,9085,1974,2026-10-17,2026-09-29
770.0,3773,432,2026-10-17,2026-09-29
775.0,9137,444,2026-10-17,2026-09-29
780.0,2687,499,2026-10-17,2026-09-29
785.0,980,121,2026-10-17,2026-09-29
790.0,3,0,2026-10-17,2026-09-29
790.0,1777,423,2026-10-17,2026-09-29
795.0,583,167,2026-10-17,2026-09-29
800.0,7,0,2026-10-17,2026-09-29
800.0,16869,620,2026-10-17,2026-09-29
805.0,1225,89,2026-10-17,2026-09-29
810.0,1481,87,2026-10-17,2026-09-29
815.0,2568,69,2026-10-17,2026-09-29
820.0,9001,91,2026-10-17,2026-09-29
825.0,20768,54,2026-10-17,2026-09-29
830.0,3211,47,2026-10-17,2026-09-29
835.0,2019,104,2026-10-17,2026-09-29
840.0,1074,171,2026-10-17,2026-09-29
845.0,266,2,2026-10-17,2026-09-29
850.0,3575,5,2026-10-17,2026-09-29
855.0,391,3,2026-10-17,2026-09-29
860.0,3563,1,2026-10-17,2026-09-29
865.0,448,1,2026-10-17,2026-09-29
870.0,895,0,2026-10-17,2026-09-29
875.0,677,14,2026-10-17,2026-09-29
880.0,664,1,2026-10-17,2026-09-29
885.0,613,0,2026-10-17,2026-09-29
890.0,402,0,2026-10-17,2026-09-29
895.0,216,0,2026-10-17,2026-09-29
900.0,15131,0,2026-10-17,2026-09-29
905.0,435,0,2026-10-17,2026-09-29
910.0,4120,0,2026-10-17,2026-09-29
915.0,508,0,2026-10-17,2026-09-29
920.0,414,0,2026-10-17,2026-09-29
925.0,177,0,2026-10-17,2026-09-29
930.0,513,0,2026-10-17,2026-09-29
935.0,122,0,2026-10-17,2026-09-29
940.0,317,0,2026-10-17,2026-09-29
945.0,72,0,2026-10-17,2026-09-29
950.0,1118,0,2026-10-17,2026-09-29
955.0,136,0,2026-10-17,2026-09-29
960.0,137,0,2026-10-17,2026-09-29
965.0,238,0,2026-10-17,2026-09-29
970.0,383,0,2026-10-17,2026-09-29
975.0,201,0,2026-10-17,2026-09-29
980.0,365,0,2026-10-17,2026-09-29
990.0,128,0,2026-10-17,2026-09-29
1000.0,2427,1,2026-10-17,2026-09-29
1010.0,122,0,2026-10-17,2026-09-29
1020.0,147,0,2026-10-17,2026-09-29
1030.0,124,0,2026-10-17,2026-09-29
1040.0,366,0,2026-10-17,2026-09-29
1050.0,433,0,2026-10-17,2026-09-29
1060.0,739,0,2026-10-17,2026-09-29
1070.0,1004,0,2026-10-17,2026-09-29
1080.0,1387,0,2026-10-17,2026-09-29
1090.0,538,0,2026-10-17,2026-09-29
1100.0,943,0,2026-10-17,2026-09-29
1110.0,468,0,2026-10-17,2026-09-29
1120.0,826,0,2026-10-17,2026-09-29
1130.0,565,0,2026-10-17,2026-09-29
1140.0,658,0,2026-10-17,2026-09-29
1150.0,217,0,2026-10-17,2026-09-29
1160.0,2902,0,2026-10-17,2026-09-29
1170.0,2419,0,2026-10-17,2026-09-29
1180.0,1463,0,2026-10-17,2026-09-29
1190.0,227,0,2026-10-17,2026-09-29
1200.0,2446,0,2026-10-17,2026-09-29
1210.0,2415,0,2026-10-17,2026-09-29
1220.0,3113,0,2026-10-17,2026-09-29
1230.0,1114,0,2026-10-17,2026-09-29
1240.0,1820,0,2026-10-17,2026-09-29
1250.0,539,0,2026-10-17,2026-09-29
1260.0,0,0,2026-10-17,2026-09-29
1270.0,0,0,2026-10-17,2026-09-29
1280.0,0,0,2026-10-17,2026-09-29
1290.0,0,0,2026-10-17,2026-09-29
1300.0,0,0,2026-10-17,2026-09-29
1310.0,0,0,2026-10-17,2026-09-29
1320.0,0,0,2026-10-17,2026-09-29
1330.0,0,0,2026-10-17,2026-09-29
1340.0,0,0,2026-10-17,2026-09-29
1350.0,0,0,2026-10-17,2026-09-29
1360.0,0,0,2026-10-17,2026-09-29
1370.0,0,0,2026-10-17,2026-09-29
1380.0,0,0,2026-10-17,2026-09-29
1390.0,0,0,2026-10-17,2026-09-29
1400.0,67,0,2026-10-17,2026-09-29
1410.0,0,0,2026-10-17,2026-09-29
1420.0,0,0,2026-10-17,2026-09-29
1430.0,0,0,2026-10-17,2026-09-29
1440.0,0,0,2026-10-17,2026-09-29
1450.0,0,0,2026-10-17,2026-09-29
1460.0,0,0,2026-10-17,2026-09-29
1470.0,0,0,2026-10-17,2026-09-29
1480.0,0,0,2026-10-17,2026-09-29
1490.0,57,0,2026-10-17,2026-09-29
100.0,0,4,2026-10-24,2026-09-29
110.0,0,0,2026-10-24,2026-09-29
120.0,0,0,2026-10-24,2026-09-29
130.0,0,0,2026-10-24,2026-09-29
140.0,0,0,2026-10-24,2026-09-29
150.0,0,0,2026-10-24,2026-09-29
160.0,0,0,2026-10-24,2026-09-29
170.0,0,0,2026-10-24,2026-09-29
180.0,0,18,2026-10-24,2026-09-29
190.0,0,0,2026-10-24,2026-09-29
200.0,0,0,2026-10-24,2026-09-29
210.0,0,0,2026-10-24,2026-09-29
220.0,0,0,2026-10-24,2026-09-29
230.0,0,0,2026-10-24,2026-09-29
240.0,0,0,2026-10-24,2026-09-29
250.0,0,0,2026-10-24,2026-09-29
260.0,0,0,2026-10-24,2026-09-29
270.0,0,0,2026-10-24,2026-09-29
280.0,0,0,2026-10-24,2026-09-29
290.0,0,0,2026-10-24,2026-09-29
300.0,0,0,2026-10-24,2026-09-29
310.0,0,0,2026-10-24,2026-09-29
320.0,0,1,2026-10-24,2026-09-29
330.0,0,3,2026-10-24,2026-09-29
340.0,0,0,2026-10-24,2026-09-29
350.0,0,1,2026-10-24,2026-09-29
360.0,0,2,2026-10-24,2026-09-29
370.0,0,2,2026-10-24,2026-09-29
380.0,0,0,2026-10-24,2026-09-29
390.0,0,0,2026-10-24,2026-09-29
400.0,2,3,2026-10-24,2026-09-29
405.0,0,2,2026-10-24,2026-09-29
410.0,0,4,2026-10-24,2026-09-29
415.0,0,4,2026-10-24,2026-09-29
420.0,0,5,2026-10-24,2026-09-29
425.0,1,3,2026-10-24,2026-09-29
430.0,0,5,2026-10-24,2026-09-29
435.0,1,16,2026-10-24,2026-09-29
440.0,0,27,2026-10-24,2026-09-29
445.0,0,43,2026-10-24,2026-09-29
450.0,0,20,2026-10-24,2026-09-29
455.0,0,8,2026-10-24,2026-09-29
460.0,0,32,2026-10-24,2026-09-29
465.0,0,14,2026-10-24,2026-09-29
470.0,0,17,2026-10-24,2026-09-29
475.0,0,8,2026-10-24,2026-09-29
480.0,0,24,2026-10-24,2026-09-29
485.0,0,6,2026-10-24,2026-09-29
490.0,0,12,2026-10-24,2026-09-29
495.0,0,18,2026-10-24,2026-09-29
500.0,2,168,2026-10-24,2026-09-29
505.0,1,16,2026-10-24,2026-09-29
510.0,0,24,2026-10-24,2026-09-29
515.0,0,16,2026-10-24,2026-09-29
520.0,0,67,2026-10-24,2026-09-29
525.0,2,49,2026-10-24,2026-09-29
530.0,0,159,2026-10-24,2026-09-29
535.0,2,80,2026-10-24,2026-09-29
540.0,2,219,2026-10-24,2026-09-29
545.0,3,184,2026-10-24,2026-09-29
550.0,19,274,2026-10-24,2026-09-29
555.0,6,94,2026-10-24,2026-09-29
560.0,5,211,2026-10-24,2026-09-29
565.0,28,125,2026-10-24,2026-09-29
570.0,8,130,2026-10-24,2026-09-29
575.0,12,196,2026-10-24,2026-09-29
580.0,20,199,2026-10-24,2026-09-29
585.0,11,89,2026-10-24,2026-09-29
590.0,10,137,2026-10-24,2026-09-29
595.0,11,325,2026-10-24,2026-09-29
600.0,0,133,2026-10-24,2026-09-29
600.0,111,613,2026-10-24,2026-09-29
605.0,8,187,2026-10-24,2026-09-29
610.0,31,294,2026-10-24,2026-09-29
615.0,50,530,2026-10-24,2026-09-29
620.0,71,502,2026-10-24,2026-09-29
625.0,71,151,2026-10-24,2026-09-29
630.0,458,265,2026-10-24,2026-09-29
635.0,93,218,2026-10-24,2026-09-29
640.0,212,363,2026-10-24,2026-09-29
645.0,149,303,2026-10-24,2026-09-29
650.0,184,675,2026-10-24,2026-09-29
655.0,170,339,2026-10-24,2026-09-29
660.0,453,377,2026-10-24,2026-09-29
665.0,122,260,2026-10-24,2026-09-29
670.0,300,300,2026-10-24,2026-09-29
670.0,278,409,2026-10-24,2026-09-29
675.0,171,471,2026-10-24,2026-09-29
680.0,505,447,2026-10-24,2026-09-29
685.0,94,246,2026-10-24,2026-09-29
690.0,202,254,2026-10-24,2026-09-29
695.0,114,303,2026-10-24,2026-09-29
700.0,1182,2485,2026-10-24,2026-09-29
705.0,172,267,2026-10-24,2026-09-29
710.0,273,155,2026-10-24,2026-09-29
715.0,458,109,2026-10-24,2026-09-29
720.0,900,900,2026-10-24,2026-09-29
720.0,614,205,2026-10-24,2026-09-29
725.0,529,443,2026-10-24,2026-09-29
730.0,210,134,2026-10-24,2026-09-29
735.0,220,111,2026-10-24,2026-09-29
740.0,133,0,2026-10-24,2026-09-29
740.0,1067,159,2026-10-24,2026-09-29
745.0,247,385,2026-10-24,2026-09-29
750.0,7943,7943,2026-10-24,2026-09-29
750.0,984,286,2026-10-24,2026-09-29
755.0,227,65,2026-10-24,2026-09-29
760.0,2511,173,2026-10-24,2026-09-29
765.0,351,57,2026-10-24,2026-09-29
770.0,477,84,2026-10-24,2026-09-29
775.0,488,77,2026-10-24,2026-09-29
780.0,590,127,2026-10-24,2026-09-29
785.0,737,5,2026-10-24,2026-09-29
790.0,353,24,2026-10-24,2026-09-29
795.0,91,0,2026-10-24,2026-09-29
800.0,1290,67,2026-10-24,2026-09-29
805.0,93,1,2026-10-24,2026-09-29
810.0,705,4,2026-10-24,2026-09-29
815.0,71,3,2026-10-24,2026-09-29
820.0,482,0,2026-10-24,2026-09-29
825.0,207,0,2026-10-24,2026-09-29
830.0,257,0,2026-10-24,2026-09-29
835.0,138,7,2026-10-24,2026-09-29
840.0,177,0,2026-10-24,2026-09-29
845.0,48,3,2026-10-24,2026-09-29
850.0,466,3,2026-10-24,2026-09-29
855.0,63,2,2026-10-24,2026-09-29
860.0,237,1,2026-10-24,2026-09-29
865.0,164,0,2026-10-24,2026-09-29
870.0,157,0,2026-10-24,2026-09-29
875.0,165,0,2026-10-24,2026-09-29
880.0,122,0,2026-10-24,2026-09-29
885.0,47,0,2026-10-24,2026-09-29
890.0,231,1,2026-10-24,2026-09-29
895.0,69,4,2026-10-24,2026-09-29
900.0,361,8,2026-10-24,2026-09-29
905.0,15,0,2026-10-24,2026-09-29
910.0,228,0,2026-10-24,2026-09-29
915.0,25,0,2026-10-24,2026-09-29
920.0,92,0,2026-10-24,2026-09-29
925.0,31,0,2026-10-24,2026-09-29
930.0,52,0,2026-10-24,2026-09-29
935.0,24,0,2026-10-24,2026-09-29
940.0,47,0,2026-10-24,2026-09-29
945.0,28,0,2026-10-24,2026-09-29
950.0,114,0,2026-10-24,2026-09-29
955.0,29,0,2026-10-24,2026-09-29
960.0,21,0,2026-10-24,2026-09-29
965.0,40,0,2026-10-24,2026-09-29
970.0,26,0,2026-10-24,2026-09-29
975.0,12,0,2026-10-24,2026-09-29
980.0,21,0,2026-10-24,2026-09-29
985.0,10,0,2026-10-24,2026-09-29
990.0,16,0,2026-10-24,2026-09-29
995.0,8,0,2026-10-24,2026-09-29
1000.0,213,0,2026-10-24,2026-09-29
1010.0,37,0,2026-10-24,2026-09-29
1020.0,37,0,2026-10-24,2026-09-29
1030.0,18,0,2026-10-24,2026-09-29
1040.0,8,0,2026-10-24,2026-09-29
1050.0,320,0,2026-10-24,2026-09-29
1060.0,10,0,2026-10-24,2026-09-29
1070.0,112,0,2026-10-24,2026-09-29
1080.0,2,0,2026-10-24,2026-09-29
1090.0,27,0,2026-10-24,2026-09-29
1100.0,3,0,2026-10-24,2026-09-29
1110.0,0,0,2026-10-24,2026-09-29
1120.0,0,0,2026-10-24,2026-09-29
1130.0,0,0,2026-10-24,2026-09-29
1140.0,1,0,2026-10-24,2026-09-29
1150.0,4,0,2026-10-24,2026-09-29
1160.0,1,0,2026-10-24,2026-09-29
1170.0,0,0,2026-10-24,2026-09-29
1180.0,0,0,2026-10-24,2026-09-29
1190.0,12,0,2026-10-24,2026-09-29
1200.0,0,0,2026-10-24,2026-09-29
1210.0,0,0,2026-10-24,2026-09-29
1220.0,0,0,2026-10-24,2026-09-29
1230.0,0,0,2026-10-24,2026-09-29
1240.0,0,0,2026-10-24,2026-09-29
1250.0,0,0,2026-10-24,2026-09-29
1260.0,0,0,2026-10-24,2026-09-29
1270.0,0,0,2026-10-24,2026-09-29
1280.0,0,0,2026-10-24,2026-09-29
1290.0,0,0,2026-10-24,2026-09-29
1300.0,0,0,2026-10-24,2026-09-29
1310.0,0,0,2026-10-24,2026-09-29
1320.0,0,0,2026-10-24,2026-09-29
1330.0,0,0,2026-10-24,2026-09-29
1340.0,0,0,2026-10-24,2026-09-29
1350.0,0,0,2026-10-24,2026-09-29
1360.0,0,0,2026-10-24,2026-09-29
1370.0,0,0,2026-10-24,2026-09-29
1380.0,0,0,2026-10-24,2026-09-29
1390.0,0,0,2026-10-24,2026-09-29
1400.0,0,0,2026-10-24,2026-09-29
1410.0,0,0,2026-10-24,2026-09-29
1420.0,0,0,2026-10-24,2026-09-29
1430.0,0,0,2026-10-24,2026-09-29
1440.0,0,0,2026-10-24,2026-09-29
1450.0,0,0,2026-10-24,2026-09-29
1460.0,0,0,2026-10-24,2026-09-29
1470.0,0,0,2026-10-24,2026-09-29
1480.0,0,0,2026-10-24,2026-09-29
1490.0,0,0,2026-10-24,2026-09-29
5991.75,10,10,2026-10-24,2026-09-29
556.03,1680,1680,2026-10-28,2026-09-29
600.0,4600,4600,2026-10-29,2026-09-29
100.0,2,0,2026-10-31,2026-09-29
110.0,0,0,2026-10-31,2026-09-29
120.0,0,0,2026-10-31,2026-09-29
130.0,0,0,2026-10-31,2026-09-29
140.0,0,0,2026-10-31,2026-09-29
150.0,0,0,2026-10-31,2026-09-29
160.0,0,0,2026-10-31,2026-09-29
170.0,0,0,2026-10-31,2026-09-29
180.0,0,0,2026-10-31,2026-09-29
190.0,0,0,2026-10-31,2026-09-29
200.0,0,0,2026-10-31,2026-09-29
210.0,0,0,2026-10-31,2026-09-29
220.0,0,0,2026-10-31,2026-09-29
230.0,0,0,2026-10-31,2026-09-29
240.0,0,0,2026-10-31,2026-09-29
250.0,0,0,2026-10-31,2026-09-29
260.0,0,0,2026-10-31,2026-09-29
270.0,0,0,2026-10-31,2026-09-29
280.0,0,0,2026-10-31,2026-09-29
290.0,0,0,2026-10-31,2026-09-29
300.0,0,126,2026-10-31,2026-09-29
310.0,5,0,2026-10-31,2026-09-29
320.0,0,0,2026-10-31,2026-09-29
330.0,0,0,2026-10-31,2026-09-29
340.0,0,0,2026-10-31,2026-09-29
350.0,0,19,2026-10-31,2026-09-29
360.0,0,18,2026-10-31,2026-09-29
370.0,0,4,2026-10-31,2026-09-29
380.0,0,11,2026-10-31,2026-09-29
390.0,0,7,2026-10-31,2026-09-29
400.0,0,83,2026-10-31,2026-09-29
410.0,0,4,2026-10-31,2026-09-29
420.0,0,36,2026-10-31,2026-09-29
430.0,0,29,2026-10-31,2026-09-29
440.0,0,7,2026-10-31,2026-09-29
450.0,0,19,2026-10-31,2026-09-29
455.0,0,2,2026-10-31,2026-09-29
460.0,1,22,2026-10-31,2026-09-29
465.0,0,17,2026-10-31,2026-09-29
470.0,0,247,2026-10-31,2026-09-29
475.0,0,15,2026-10-31,2026-09-29
480.0,1,18,2026-10-31,2026-09-29
485.0,0,4,2026-10-31,2026-09-29
490.0,0,25,2026-10-31,2026-09-29
495.0,0,24,2026-10-31,2026-09-29
500.0,22,173,2026-10-31,2026-09-29
505.0,0,24,2026-10-31,2026-09-29
510.0,12,20,2026-10-31,2026-09-29
515.0,0,46,2026-10-31,2026-09-29
520.0,2000,2000,2026-10-31,2026-09-29
520.0,11,120,2026-10-31,2026-09-29
525.0,0,348,2026-10-31,2026-09-29
530.0,2,36,2026-10-31,2026-09-29
535.0,0,381,2026-10-31,2026-09-29
540.0,1,156,2026-10-31,2026-09-29
545.0,1,95,2026-10-31,2026-09-29
550.0,13,304,2026-10-31,2026-09-29
555.0,2,56,2026-10-31,2026-09-29
560.0,9,304,2026-10-31,2026-09-29
565.0,1,73,2026-10-31,2026-09-29
570.0,4,134,2026-10-31,2026-09-29
575.0,4,89,2026-10-31,2026-09-29
580.0,7,237,2026-10-31,2026-09-29
585.0,10,209,2026-10-31,2026-09-29
590.0,24,297,2026-10-31,2026-09-29
595.0,11,138,2026-10-31,2026-09-29
600.0,26,991,2026-10-31,2026-09-29
605.0,13,184,2026-10-31,2026-09-29
610.0,25,252,2026-10-31,2026-09-29
615.0,23,144,2026-10-31,2026-09-29
620.0,113,482,2026-10-31,2026-09-29
625.0,30,288,2026-10-31,2026-09-29
630.0,49,497,2026-10-31,2026-09-29
635.0,65,285,2026-10-31,2026-09-29
640.0,105,383,2026-10-31,2026-09-29
645.0,32,237,2026-10-31,2026-09-29
650.0,736,1131,2026-10-31,2026-09-29
655.0,59,623,2026-10-31,2026-09-29
660.0,215,769,2026-10-31,2026-09-29
665.0,85,939,2026-10-31,2026-09-29
670.0,265,1843,2026-10-31,2026-09-29
675.0,169,234,2026-10-31,2026-09-29
680.0,308,6552,2026-10-31,2026-09-29
685.0,208,134,2026-10-31,2026-09-29
690.0,249,178,2026-10-31,2026-09-29
695.0,54,206,2026-10-31,2026-09-29
700.0,475,785,2026-10-31,2026-09-29
705.0,76,1658,2026-10-31,2026-09-29
710.0,218,215,2026-10-31,2026-09-29
715.0,102,125,2026-10-31,2026-09-29
720.0,433,291,2026-10-31,2026-09-29
725.0,204,144,2026-10-31,2026-09-29
730.0,604,283,2026-10-31,2026-09-29
735.0,168,130,2026-10-31,2026-09-29
740.0,684,118,2026-10-31,2026-09-29
745.0,110,137,2026-10-31,2026-09-29
750.0,1496,216,2026-10-31,2026-09-29
755.0,188,38,2026-10-31,2026-09-29
760.0,577,92,2026-10-31,2026-09-29
765.0,229,74,2026-10-31,2026-09-29
770.0,537,66,2026-10-31,2026-09-29
775.0,286,20,2026-10-31,2026-09-29
780.0,237,24,2026-10-31,2026-09-29
785.0,253,1,2026-10-31,2026-09-29
790.0,278,21,2026-10-31,2026-09-29
795.0,260,5,2026-10-31,2026-09-29
800.0,1479,397,2026-10-31,2026-09-29
805.0,321,5,2026-10-31,2026-09-29
810.0,277,7,2026-10-31,2026-09-29
815.0,170,0,2026-10-31,2026-09-29
820.0,184,2,2026-10-31,2026-09-29
825.0,193,0,2026-10-31,2026-09-29
830.0,125,2,2026-10-31,2026-09-29
835.0,79,6,2026-10-31,2026-09-29
840.0,356,2,2026-10-31,2026-09-29
845.0,226,0,2026-10-31,2026-09-29
850.0,722,1,2026-10-31,2026-09-29
860.0,188,2,2026-10-31,2026-09-29
870.0,134,0,2026-10-31,2026-09-29
880.0,294,1,2026-10-31,2026-09-29
890.0,129,0,2026-10-31,2026-09-29
900.0,2497,21,2026-10-31,2026-09-29
910.0,111,0,2026-10-31,2026-09-29
920.0,49,0,2026-10-31,2026-09-29
930.0,55,0,2026-10-31,2026-09-29
940.0,97,0,2026-10-31,2026-09-29
950.0,151,0,2026-10-31,2026-09-29
960.0,130,0,2026-10-31,2026-09-29
970.0,630,0,2026-10-31,2026-09-29
980.0,101,0,2026-10-31,2026-09-29
990.0,16,0,2026-10-31,2026-09-29
1000.0,268,0,2026-10-31,2026-09-29
1010.0,12,0,2026-10-31,2026-09-29
1020.0,15,0,2026-10-31,2026-09-29
1030.0,17,0,2026-10-31,2026-09-29
1040.0,34,0,2026-10-31,2026-09-29
1050.0,19,0,2026-10-31,2026-09-29
1060.0,20,0,2026-10-31,2026-09-29
1070.0,48,0,2026-10-31,2026-09-29
1080.0,4,0,2026-10-31,2026-09-29
1090.0,16,0,2026-10-31,2026-09-29
1100.0,25,0,2026-10-31,2026-09-29
1110.0,11,0,2026-10-31,2026-09-29
1120.0,3,0,2026-10-31,2026-09-29
1130.0,4,0,2026-10-31,2026-09-29
1140.0,3,0,2026-10-31,2026-09-29
1150.0,22,0,2026-10-31,2026-09-29
1160.0,1,0,2026-10-31,2026-09-29
1170.0,26,0,2026-10-31,2026-09-29
1180.0,1,0,2026-10-31,2026-09-29
1190.0,5,0,2026-10-31,2026-09-29
1200.0,62,0,2026-10-31,2026-09-29
1210.0,8,0,2026-10-31,2026-09-29
1220.0,1,0,2026-10-31,2026-09-29
1230.0,0,0,2026-10-31,2026-09-29
1240.0,4,0,2026-10-31,2026-09-29
1250.0,1,0,2026-10-31,2026-09-29
1260.0,0,0,2026-10-31,2026-09-29
1270.0,12,0,2026-10-31,2026-09-29
1280.0,2,0,2026-10-31,2026-09-29
1290.0,0,0,2026-10-31,2026-09-29
1300.0,88,0,2026-10-31,2026-09-29
1310.0,0,0,2026-10-31,2026-09-29
1320.0,1,0,2026-10-31,2026-09-29
1330.0,0,0,2026-10-31,2026-09-29
1340.0,0,0,2026-10-31,2026-09-29
1350.0,0,0,2026-10-31,2026-09-29
1360.0,0,0,2026-10-31,2026-09-29
1370.0,0,0,2026-10-31,2026-09-29
1380.0,0,0,2026-10-31,2026-09-29
1390.0,0,0,2026-10-31,2026-09-29
1400.0,0,0,2026-10-31,2026-09-29
1410.0,0,0,2026-10-31,2026-09-29
1420.0,0,0,2026-10-31,2026-09-29
1430.0,0,0,2026-10-31,2026-09-29
1440.0,0,0,2026-10-31,2026-09-29
1450.0,0,0,2026-10-31,2026-09-29
1460.0,0,0,2026-10-31,2026-09-29
1470.0,0,0,2026-10-31,2026-09-29
1480.0,0,0,2026-10-31,2026-09-29
1490.0,1,0,2026-10-31,2026-09-29
715.0,124,0,2026-11-06,2026-09-29
730.0,62,0,2026-11-06,2026-09-29
760.0,166,0,2026-11-06,2026-09-29
813.0,25,0,2026-11-06,2026-09-29
100.0,0,0,2026-11-07,2026-09-29
110.0,0,0,2026-11-07,2026-09-29
120.0,0,0,2026-11-07,2026-09-29
130.0,0,0,2026-11-07,2026-09-29
140.0,0,0,2026-11-07,2026-09-29
150.0,0,0,2026-11-07,2026-09-29
160.0,0,0,2026-11-07,2026-09-29
170.0,0,0,2026-11-07,2026-09-29
180.0,0,0,2026-11-07,2026-09-29
190.0,0,0,2026-11-07,2026-09-29
200.0,0,0,2026-11-07,2026-09-29
210.0,0,0,2026-11-07,2026-09-29
220.0,0,0,2026-11-07,2026-09-29
230.0,0,0,2026-11-07,2026-09-29
240.0,0,0,2026-11-07,2026-09-29
250.0,0,0,2026-11-07,2026-09-29
260.0,0,0,2026-11-07,2026-09-29
270.0,0,0,2026-11-07,2026-09-29
280.0,0,0,2026-11-07,2026-09-29
290.0,0,0,2026-11-07,2026-09-29
300.0,0,0,2026-11-07,2026-09-29
310.0,0,0,2026-11-07,2026-09-29
320.0,0,0,2026-11-07,2026-09-29
330.0,0,0,2026-11-07,2026-09-29
340.0,0,0,2026-11-07,2026-09-29
350.0,0,0,2026-11-07,2026-09-29
360.0,1,0,2026-11-07,2026-09-29
370.0,0,0,2026-11-07,2026-09-29
380.0,0,1,2026-11-07,2026-09-29
390.0,0,6,2026-11-07,2026-09-29
400.0,0,6,2026-11-07,2026-09-29
410.0,0,2,2026-11-07,2026-09-29
420.0,0,1,2026-11-07,2026-09-29
430.0,0,0,2026-11-07,2026-09-29
440.0,0,0,2026-11-07,2026-09-29
450.0,0,0,2026-11-07,2026-09-29
455.0,0,0,2026-11-07,2026-09-29
460.0,0,0,2026-11-07,2026-09-29
465.0,0,0,2026-11-07,2026-09-29
470.0,0,0,2026-11-07,2026-09-29
475.0,0,0,2026-11-07,2026-09-29
480.0,0,0,2026-11-07,2026-09-29
485.0,0,0,2026-11-07,2026-09-29
490.0,0,0,2026-11-07,2026-09-29
495.0,0,0,2026-11-07,2026-09-29
500.0,0,3,2026-11-07,2026-09-29
505.0,0,5,2026-11-07,2026-09-29
510.0,0,1,2026-11-07,2026-09-29
515.0,0,0,2026-11-07,2026-09-29
520.0,0,0,2026-11-07,2026-09-29
525.0,0,130,2026-11-07,2026-09-29
530.0,0,14,2026-11-07,2026-09-29
535.0,0,11,2026-11-07,2026-09-29
540.0,0,17,2026-11-07,2026-09-29
545.0,0,11,2026-11-07,2026-09-29
550.0,2,0,2026-11-07,2026-09-29
555.0,0,0,2026-11-07,2026-09-29
560.0,0,11,2026-11-07,2026-09-29
565.0,0,12,2026-11-07,2026-09-29
570.0,0,5,2026-11-07,2026-09-29
575.0,0,6,2026-11-07,2026-09-29
580.0,0,14,2026-11-07,2026-09-29
585.0,3,4,2026-11-07,2026-09-29
590.0,0,2064,2026-11-07,2026-09-29
595.0,7,1906,2026-11-07,2026-09-29
600.0,21,45,2026-11-07,2026-09-29
605.0,0,22,2026-11-07,2026-09-29
610.0,0,36,2026-11-07,2026-09-29
615.0,2,16,2026-11-07,2026-09-29
620.0,4,83,2026-11-07,2026-09-29
625.0,9,10,2026-11-07,2026-09-29
630.0,1,39,2026-11-07,2026-09-29
635.0,5,16,2026-11-07,2026-09-29
640.0,0,233,2026-11-07,2026-09-29
645.0,4,37,2026-11-07,2026-09-29
650.0,7,300,2026-11-07,2026-09-29
655.0,7,16,2026-11-07,2026-09-29
660.0,3,35,2026-11-07,2026-09-29
665.0,1100,1100,2026-11-07,2026-09-29
665.0,2,13,2026-11-07,2026-09-29
670.0,350,350,2026-11-07,2026-09-29
670.0,2,40,2026-11-07,2026-09-29
675.0,1,33,2026-11-07,2026-09-29
680.0,5,77,2026-11-07,2026-09-29
685.0,1,16,2026-11-07,2026-09-29
690.0,6,49,2026-11-07,2026-09-29
695.0,2,45,2026-11-07,2026-09-29
700.0,49,94,2026-11-07,2026-09-29
705.0,15,16,2026-11-07,2026-09-29
710.0,14,39,2026-11-07,2026-09-29
715.0,7,53,2026-11-07,2026-09-29
720.0,47,14,2026-11-07,2026-09-29
725.0,39,6,2026-11-07,2026-09-29
730.0,43,43,2026-11-07,2026-09-29
735.0,26,22,2026-11-07,2026-09-29
740.0,42,24,2026-11-07,2026-09-29
745.0,551,0,2026-11-07,2026-09-29
745.0,18,19,2026-11-07,2026-09-29
750.0,11,0,2026-11-07,2026-09-29
750.0,475,64,2026-11-07,2026-09-29
755.0,12,4,2026-11-07,2026-09-29
760.0,24,77,2026-11-07,2026-09-29
765.0,34,13,2026-11-07,2026-09-29
770.0,18,32,2026-11-07,2026-09-29
775.0,65,6,2026-11-07,2026-09-29
780.0,47,8,2026-11-07,2026-09-29
785.0,55,6,2026-11-07,2026-09-29
790.0,10,1,2026-11-07,2026-09-29
795.0,28,6,2026-11-07,2026-09-29
800.0,235,2,2026-11-07,2026-09-29
805.0,11,10,2026-11-07,2026-09-29
810.0,17,1,2026-11-07,2026-09-29
815.0,16,0,2026-11-07,2026-09-29
820.0,78,0,2026-11-07,2026-09-29
825.0,8,16,2026-11-07,2026-09-29
830.0,40,0,2026-11-07,2026-09-29
835.0,11,0,2026-11-07,2026-09-29
840.0,5,0,2026-11-07,2026-09-29
845.0,8,0,2026-11-07,2026-09-29
850.0,26,0,2026-11-07,2026-09-29
860.0,3,0,2026-11-07,2026-09-29
870.0,17,1,2026-11-07,2026-09-29
880.0,9,0,2026-11-07,2026-09-29
890.0,6,0,2026-11-07,2026-09-29
900.0,13,0,2026-11-07,2026-09-29
910.0,64,4,2026-11-07,2026-09-29
920.0,1,8,2026-11-07,2026-09-29
930.0,1,0,2026-11-07,2026-09-29
940.0,2,0,2026-11-07,2026-09-29
950.0,17,0,2026-11-07,2026-09-29
960.0,1,0,2026-11-07,2026-09-29
970.0,15,0,2026-11-07,2026-09-29
980.0,0,0,2026-11-07,2026-09-29
990.0,3,0,2026-11-07,2026-09-29
1000.0,9,0,2026-11-07,2026-09-29
1010.0,0,0,2026-11-07,2026-09-29
1020.0,0,0,2026-11-07,2026-09-29
1030.0,0,0,2026-11-07,2026-09-29
1040.0,0,0,2026-11-07,2026-09-29
1050.0,4,0,2026-11-07,2026-09-29
1060.0,0,0,2026-11-07,2026-09-29
1070.0,0,0,2026-11-07,2026-09-29
1080.0,0,0,2026-11-07,2026-09-29
1090.0,0,0,2026-11-07,2026-09-29
1100.0,0,0,2026-11-07,2026-09-29
1110.0,0,0,2026-11-07,2026-09-29
1120.0,0,0,2026-11-07,2026-09-29
1130.0,0,0,2026-11-07,2026-09-29
1140.0,0,0,2026-11-07,2026-09-29
1150.0,0,0,2026-11-07,2026-09-29
1160.0,22,0,2026-11-07,2026-09-29
1170.0,0,0,2026-11-07,2026-09-29
1180.0,0,0,2026-11-07,2026-09-29
1190.0,0,0,2026-11-07,2026-09-29
1200.0,0,0,2026-11-07,2026-09-29
1210.0,0,0,2026-11-07,2026-09-29
1220.0,0,0,2026-11-07,2026-09-29
1230.0,0,0,2026-11-07,2026-09-29
1240.0,0,0,2026-11-07,2026-09-29
1250.0,0,0,2026-11-07,2026-09-29
1260.0,0,0,2026-11-07,2026-09-29
1270.0,0,0,2026-11-07,2026-09-29
1280.0,0,0,2026-11-07,2026-09-29
1290.0,0,0,2026-11-07,2026-09-29
1300.0,2,0,2026-11-07,2026-09-29
1310.0,0,0,2026-11-07,2026-09-29
1320.0,0,0,2026-11-07,2026-09-29
1330.0,2,0,2026-11-07,2026-09-29
1340.0,1,0,2026-11-07,2026-09-29
1350.0,0,0,2026-11-07,2026-09-29
1360.0,2,0,2026-11-07,2026-09-29
1370.0,0,0,2026-11-07,2026-09-29
1380.0,0,0,2026-11-07,2026-09-29
1390.0,0,0,2026-11-07,2026-09-29
1400.0,0,0,2026-11-07,2026-09-29
1410.0,0,0,2026-11-07,2026-09-29
1420.0,0,0,2026-11-07,2026-09-29
1430.0,0,0,2026-11-07,2026-09-29
1440.0,0,0,2026-11-07,2026-09-29
1450.0,0,0,2026-11-07,2026-09-29
1460.0,0,0,2026-11-07,2026-09-29
1470.0,0,0,2026-11-07,2026-09-29
1480.0,0,0,2026-11-07,2026-09-29
1490.0,0,0,2026-11-07,2026-09-29
805.0,96,0,2026-11-12,2026-09-29
850.52,214,214,2026-11-12,2026-09-29
610.0,0,0,2026-11-14,2026-09-29
5.0,10,3803,2026-11-21,2026-09-29
10.0,0,201,2026-11-21,2026-09-29
15.0,0,0,2026-11-21,2026-09-29
20.0,0,20,2026-11-21,2026-09-29
25.0,0,0,2026-11-21,2026-09-29
30.0,0,10,2026-11-21,2026-09-29
35.0,7,0,2026-11-21,2026-09-29
40.0,2,33,2026-11-21,2026-09-29
45.0,12,0,2026-11-21,2026-09-29
50.0,10,43,2026-11-21,2026-09-29
250.0,85,2450,2026-11-21,2026-09-29
260.0,4,230,2026-11-21,2026-09-29
270.0,1,112,2026-11-21,2026-09-29
280.0,1,46,2026-11-21,2026-09-29
290.0,2,182,2026-11-21,2026-09-29
300.0,17,498,2026-11-21,2026-09-29
310.0,3,124,2026-11-21,2026-09-29
320.0,5,44,2026-11-21,2026-09-29
330.0,22,117,2026-11-21,2026-09-29
340.0,6,250,2026-11-21,2026-09-29
350.0,17,416,2026-11-21,2026-09-29
360.0,15,279,2026-11-21,2026-09-29
370.0,3,213,2026-11-21,2026-09-29
380.0,16,139,2026-11-21,2026-09-29
390.0,38,254,2026-11-21,2026-09-29
400.0,50,845,2026-11-21,2026-09-29
405.0,40,183,2026-11-21,2026-09-29
410.0,10,172,2026-11-21,2026-09-29
415.0,16,180,2026-11-21,2026-09-29
420.0,6,1007,2026-11-21,2026-09-29
425.0,41,628,2026-11-21,2026-09-29
430.0,9,239,2026-11-21,2026-09-29
435.0,6,742,2026-11-21,2026-09-29
440.0,34,605,2026-11-21,2026-09-29
445.0,33,356,2026-11-21,2026-09-29
450.0,756,1655,2026-11-21,2026-09-29
455.0,31,383,2026-11-21,2026-09-29
460.0,108,603,2026-11-21,2026-09-29
465.0,49,407,2026-11-21,2026-09-29
470.0,54,1461,2026-11-21,2026-09-29
475.0,38,645,2026-11-21,2026-09-29
480.0,65,2517,2026-11-21,2026-09-29
485.0,36,472,2026-11-21,2026-09-29
490.0,16,871,2026-11-21,2026-09-29
495.0,53,749,2026-11-21,2026-09-29
500.0,335,3520,2026-11-21,2026-09-29
505.0,69,690,2026-11-21,2026-09-29
510.0,679,1239,2026-11-21,2026-09-29
515.0,69,1247,2026-11-21,2026-09-29
520.0,6375,6375,2026-11-21,2026-09-29
520.0,246,1085,2026-11-21,2026-09-29
525.0,44,818,2026-11-21,2026-09-29
530.0,962,2338,2026-11-21,2026-09-29
535.0,193,1196,2026-11-21,2026-09-29
540.0,799,2296,2026-11-21,2026-09-29
545.0,240,848,2026-11-21,2026-09-29
550.0,1388,3292,2026-11-21,2026-09-29
555.0,942,1393,2026-11-21,2026-09-29
560.0,1448,1990,2026-11-21,2026-09-29
565.0,582,986,2026-11-21,2026-09-29
570.0,1034,1549,2026-11-21,2026-09-29
575.0,763,946,2026-11-21,2026-09-29
580.0,769,1598,2026-11-21,2026-09-29
585.0,6533,7240,2026-11-21,2026-09-29
590.0,3229,3113,2026-11-21,2026-09-29
595.0,797,782,2026-11-21,2026-09-29
600.0,450,468,2026-11-21,2026-09-29
600.0,4786,4591,2026-11-21,2026-09-29
605.0,1214,883,2026-11-21,2026-09-29
610.0,1614,1310,2026-11-21,2026-09-29
615.0,1024,819,2026-11-21,2026-09-29
620.0,764,1188,2026-11-21,2026-09-29
625.0,891,1557,2026-11-21,2026-09-29
630.0,1178,1974,2026-11-21,2026-09-29
635.0,2359,456,2026-11-21,2026-09-29
640.0,6,0,2026-11-21,2026-09-29
640.0,1453,1477,2026-11-21,2026-09-29
645.0,650,650,2026-11-21,2026-09-29
645.0,492,982,2026-11-21,2026-09-29
650.0,4907,3499,2026-11-21,2026-09-29
655.0,483,454,2026-11-21,2026-09-29
660.0,1950,1950,2026-11-21,2026-09-29
660.0,2966,1335,2026-11-21,2026-09-29
665.0,418,695,2026-11-21,2026-09-29
670.0,2059,1595,2026-11-21,2026-09-29
675.0,931,935,2026-11-21,2026-09-29
680.0,70,70,2026-11-21,2026-09-29
680.0,1070,1454,2026-11-21,2026-09-29
685.0,902,1573,2026-11-21,2026-09-29
690.0,894,510,2026-11-21,2026-09-29
695.0,717,444,2026-11-21,2026-09-29
700.0,14,0,2026-11-21,2026-09-29
700.0,17697,1196,2026-11-21,2026-09-29
705.0,718,705,2026-11-21,2026-09-29
710.0,3000,3000,2026-11-21,2026-09-29
710.0,1156,267,2026-11-21,2026-09-29
715.0,808,271,2026-11-21,2026-09-29
720.0,1961,935,2026-11-21,2026-09-29
725.0,1542,285,2026-11-21,2026-09-29
730.0,1232,594,2026-11-21,2026-09-29
735.0,748,1104,2026-11-21,2026-09-29
740.0,7,0,2026-11-21,2026-09-29
740.0,1846,593,2026-11-21,2026-09-29
745.0,751,624,2026-11-21,2026-09-29
750.0,7040,2531,2026-11-21,2026-09-29
755.0,397,397,2026-11-21,2026-09-29
755.0,4287,137,2026-11-21,2026-09-29
760.0,4837,319,2026-11-21,2026-09-29
765.0,4177,588,2026-11-21,2026-09-29
770.0,5335,1157,2026-11-21,2026-09-29
775.0,4958,89,2026-11-21,2026-09-29
780.0,193,193,2026-11-21,2026-09-29
780.0,6894,209,2026-11-21,2026-09-29
785.0,297,57,2026-11-21,2026-09-29
790.0,1018,105,2026-11-21,2026-09-29
795.0,1131,27,2026-11-21,2026-09-29
800.0,2,0,2026-11-21,2026-09-29
800.0,22906,312,2026-11-21,2026-09-29
805.0,4233,28,2026-11-21,2026-09-29
810.0,6613,5,2026-11-21,2026-09-29
815.0,4212,11,2026-11-21,2026-09-29
820.0,4894,15,2026-11-21,2026-09-29
825.0,4984,5,2026-11-21,2026-09-29
830.0,5600,1,2026-11-21,2026-09-29
835.0,364,1,2026-11-21,2026-09-29
840.0,1227,1,2026-11-21,2026-09-29
845.0,373,0,2026-11-21,2026-09-29
850.0,18,0,2026-11-21,2026-09-29
850.0,2227,16,2026-11-21,2026-09-29
855.0,276,0,2026-11-21,2026-09-29
860.0,948,1,2026-11-21,2026-09-29
865.0,228,15,2026-11-21,2026-09-29
870.0,1309,21,2026-11-21,2026-09-29
875.0,963,0,2026-11-21,2026-09-29
880.0,396,11,2026-11-21,2026-09-29
885.0,180,0,2026-11-21,2026-09-29
890.0,183,33,2026-11-21,2026-09-29
895.0,78,10,2026-11-21,2026-09-29
900.0,14523,79,2026-11-21,2026-09-29
905.0,232,0,2026-11-21,2026-09-29
910.0,451,0,2026-11-21,2026-09-29
915.0,84,0,2026-11-21,2026-09-29
920.0,335,0,2026-11-21,2026-09-29
925.0,862,0,2026-11-21,2026-09-29
930.0,176,1,2026-11-21,2026-09-29
935.0,135,0,2026-11-21,2026-09-29
940.0,186,27,2026-11-21,2026-09-29
945.0,123,0,2026-11-21,2026-09-29
950.0,2550,3,2026-11-21,2026-09-29
955.0,72,0,2026-11-21,2026-09-29
960.0,291,2,2026-11-21,2026-09-29
965.0,135,0,2026-11-21,2026-09-29
970.0,90,0,2026-11-21,2026-09-29
975.0,50,5,2026-11-21,2026-09-29
980.0,135,1,2026-11-21,2026-09-29
985.0,73,0,2026-11-21,2026-09-29
990.0,224,0,2026-11-21,2026-09-29
995.0,50,0,2026-11-21,2026-09-29
1000.0,1515,0,2026-11-21,2026-09-29
1010.0,175,0,2026-11-21,2026-09-29
1020.0,170,0,2026-11-21,2026-09-29
1030.0,165,0,2026-11-21,2026-09-29
1040.0,69,0,2026-11-21,2026-09-29
1050.0,302,0,2026-11-21,2026-09-29
1060.0,257,0,2026-11-21,2026-09-29
1070.0,124,0,2026-11-21,2026-09-29
1080.0,287,0,2026-11-21,2026-09-29
1090.0,489,0,2026-11-21,2026-09-29
1100.0,1406,0,2026-11-21,2026-09-29
1110.0,123,0,2026-11-21,2026-09-29
1120.0,154,0,2026-11-21,2026-09-29
1130.0,68,0,2026-11-21,2026-09-29
1140.0,133,0,2026-11-21,2026-09-29
1150.0,296,0,2026-11-21,2026-09-29
1160.0,119,0,2026-11-21,2026-09-29
1170.0,117,0,2026-11-21,2026-09-29
1180.0,37,0,2026-11-21,2026-09-29
1190.0,65,0,2026-11-21,2026-09-29
1200.0,1317,0,2026-11-21,2026-09-29
1210.0,428,0,2026-11-21,2026-09-29
1220.0,41,0,2026-11-21,2026-09-29
1230.0,37,0,2026-11-21,2026-09-29
1240.0,107,0,2026-11-21,2026-09-29
1250.0,369,0,2026-11-21,2026-09-29
1260.0,91,0,2026-11-21,2026-09-29
1270.0,64,0,2026-11-21,2026-09-29
1280.0,39,0,2026-11-21,2026-09-29
1290.0,67,0,2026-11-21,2026-09-29
1300.0,187,0,2026-11-21,2026-09-29
1310.0,6,0,2026-11-21,2026-09-29
1320.0,12,0,2026-11-21,2026-09-29
1330.0,22,0,2026-11-21,2026-09-29
1340.0,17,0,2026-11-21,2026-09-29
1350.0,57,0,2026-11-21,2026-09-29
1360.0,35,0,2026-11-21,2026-09-29
1370.0,89,0,2026-11-21,2026-09-29
1380.0,56,0,2026-11-21,2026-09-29
1390.0,23,0,2026-11-21,2026-09-29
1400.0,80,0,2026-11-21,2026-09-29
1410.0,39,0,2026-11-21,2026-09-29
1420.0,70,0,2026-11-21,2026-09-29
1430.0,55,0,2026-11-21,2026-09-29
1440.0,142,0,2026-11-21,2026-09-29
1450.0,245,0,2026-11-21,2026-09-29
1460.0,93,0,2026-11-21,2026-09-29
1470.0,309,0,2026-11-21,2026-09-29
1480.0,6238,0,2026-11-21,2026-09-29
1490.0,52,0,2026-11-21,2026-09-29
750.0,1000,1000,2026-11-28,2026-09-29
696.74,1100,1100,2026-12-01,2026-09-29
696.74,1100,1100,2026-12-02,2026-09-29
696.74,1100,1100,2026-12-03,2026-09-29
845.0,135,0,2026-12-03,2026-09-29
670.0,1000,1000,2026-12-05,2026-09-29
770.0,4,0,2026-12-05,2026-09-29
5.0,0,474,2026-12-19,2026-09-29
10.0,0,118,2026-12-19,2026-09-29
15.0,0,25,2026-12-19,2026-09-29
20.0,2,325,2026-12-19,2026-09-29
25.0,0,10,2026-12-19,2026-09-29
30.0,1,63,2026-12-19,2026-09-29
35.0,0,14,2026-12-19,2026-09-29
40.0,0,17,2026-12-19,2026-09-29
45.0,1,2,2026-12-19,2026-09-29
50.0,6,427,2026-12-19,2026-09-29
55.0,1,41,2026-12-19,2026-09-29
60.0,0,22,2026-12-19,2026-09-29
65.0,0,34,2026-12-19,2026-09-29
70.0,1,28,2026-12-19,2026-09-29
75.0,2,16,2026-12-19,2026-09-29
80.0,3,45,2026-12-19,2026-09-29
85.0,0,246,2026-12-19,2026-09-29
90.0,0,345,2026-12-19,2026-09-29
95.0,2,203,2026-12-19,2026-09-29
100.0,111,446,2026-12-19,2026-09-29
110.0,26,139,2026-12-19,2026-09-29
120.0,30,204,2026-12-19,2026-09-29
130.0,17,321,2026-12-19,2026-09-29
140.0,114,263,2026-12-19,2026-09-29
150.0,126,357,2026-12-19,2026-09-29
160.0,62,417,2026-12-19,2026-09-29
170.0,83,590,2026-12-19,2026-09-29
180.0,187,323,2026-12-19,2026-09-29
190.0,225,220,2026-12-19,2026-09-29
200.0,337,1033,2026-12-19,2026-09-29
210.0,264,475,2026-12-19,2026-09-29
220.0,288,487,2026-12-19,2026-09-29
230.0,157,136,2026-12-19,2026-09-29
240.0,43,284,2026-12-19,2026-09-29
250.0,298,683,2026-12-19,2026-09-29
260.0,824,644,2026-12-19,2026-09-29
270.0,48,311,2026-12-19,2026-09-29
280.0,79,375,2026-12-19,2026-09-29
290.0,66,365,2026-12-19,2026-09-29
300.0,195,1392,2026-12-19,2026-09-29
310.0,94,423,2026-12-19,2026-09-29
320.0,139,581,2026-12-19,2026-09-29
330.0,61,179,2026-12-19,2026-09-29
340.0,122,293,2026-12-19,2026-09-29
350.0,250,1772,2026-12-19,2026-09-29
360.0,139,2605,2026-12-19,2026-09-29
370.0,152,337,2026-12-19,2026-09-29
380.0,57,678,2026-12-19,2026-09-29
390.0,493,487,2026-12-19,2026-09-29
400.0,1593,1847,2026-12-19,2026-09-29
410.0,2614,691,2026-12-19,2026-09-29
413.5,6,0,2026-12-19,2026-09-29
420.0,891,1855,2026-12-19,2026-09-29
430.0,98,543,2026-12-19,2026-09-29
440.0,173,829,2026-12-19,2026-09-29
450.0,902,4610,2026-12-19,2026-09-29
460.0,173,1799,2026-12-19,2026-09-29
470.0,2147,1484,2026-12-19,2026-09-29
480.0,213,2012,2026-12-19,2026-09-29
490.0,0,50,2026-12-19,2026-09-29
490.0,830,2017,2026-12-19,2026-09-29
500.0,1824,7110,2026-12-19,2026-09-29
505.0,2,40,2026-12-19,2026-09-29
510.0,164,3376,2026-12-19,2026-09-29
515.0,1,5,2026-12-19,2026-09-29
520.0,802,1862,2026-12-19,2026-09-29
525.0,15,23,2026-12-19,2026-09-29
530.0,882,3022,2026-12-19,2026-09-29
535.0,0,4,2026-12-19,2026-09-29
540.0,581,1718,2026-12-19,2026-09-29
545.0,2,19,2026-12-19,2026-09-29
550.0,1313,5599,2026-12-19,2026-09-29
555.0,0,33,2026-12-19,2026-09-29
560.0,892,1917,2026-12-19,2026-09-29
565.0,754,615,2026-12-19,2026-09-29
570.0,1235,2705,2026-12-19,2026-09-29
575.0,746,977,2026-12-19,2026-09-29
580.0,1081,2014,2026-12-19,2026-09-29
585.0,349,632,2026-12-19,2026-09-29
590.0,660,2150,2026-12-19,2026-09-29
595.0,395,1107,2026-12-19,2026-09-29
600.0,3430,4284,2026-12-19,2026-09-29
605.0,471,421,2026-12-19,2026-09-29
610.0,924,1183,2026-12-19,2026-09-29
615.0,317,796,2026-12-19,2026-09-29
620.0,0,50,2026-12-19,2026-09-29
620.0,1652,1679,2026-12-19,2026-09-29
625.0,414,511,2026-12-19,2026-09-29
630.0,1219,1540,2026-12-19,2026-09-29
635.0,211,331,2026-12-19,2026-09-29
640.0,1717,1300,2026-12-19,2026-09-29
645.0,560,317,2026-12-19,2026-09-29
650.0,5124,3015,2026-12-19,2026-09-29
655.0,601,236,2026-12-19,2026-09-29
660.0,2294,5079,2026-12-19,2026-09-29
665.0,679,634,2026-12-19,2026-09-29
670.0,1316,1526,2026-12-19,2026-09-29
675.0,374,237,2026-12-19,2026-09-29
680.0,1844,1833,2026-12-19,2026-09-29
685.0,231,146,2026-12-19,2026-09-29
690.0,759,621,2026-12-19,2026-09-29
695.0,303,178,2026-12-19,2026-09-29
700.0,7571,2353,2026-12-19,2026-09-29
705.0,503,411,2026-12-19,2026-09-29
710.0,632,417,2026-12-19,2026-09-29
715.0,288,323,2026-12-19,2026-09-29
720.0,3421,714,2026-12-19,2026-09-29
725.0,913,305,2026-12-19,2026-09-29
730.0,10,0,2026-12-19,2026-09-29
730.0,2195,1890,2026-12-19,2026-09-29
735.0,532,210,2026-12-19,2026-09-29
740.0,957,215,2026-12-19,2026-09-29
745.0,539,151,2026-12-19,2026-09-29
750.0,6100,2032,2026-12-19,2026-09-29
755.0,2255,290,2026-12-19,2026-09-29
760.0,3112,382,2026-12-19,2026-09-29
765.0,2201,295,2026-12-19,2026-09-29
770.0,3206,114,2026-12-19,2026-09-29
775.0,2886,64,2026-12-19,2026-09-29
780.0,3767,106,2026-12-19,2026-09-29
785.0,703,46,2026-12-19,2026-09-29
790.0,1676,179,2026-12-19,2026-09-29
795.0,632,49,2026-12-19,2026-09-29
800.0,11985,289,2026-12-19,2026-09-29
805.0,50,0,2026-12-19,2026-09-29
805.0,2009,91,2026-12-19,2026-09-29
810.0,1971,24,2026-12-19,2026-09-29
815.0,2224,9,2026-12-19,2026-09-29
820.0,3407,88,2026-12-19,2026-09-29
825.0,2525,14,2026-12-19,2026-09-29
830.0,3232,13,2026-12-19,2026-09-29
835.0,276,21,2026-12-19,2026-09-29
840.0,1215,27,2026-12-19,2026-09-29
845.0,2449,4,2026-12-19,2026-09-29
850.0,3753,46,2026-12-19,2026-09-29
855.0,22,1,2026-12-19,2026-09-29
860.0,1813,1,2026-12-19,2026-09-29
865.0,532,1,2026-12-19,2026-09-29
870.0,930,6,2026-12-19,2026-09-29
875.0,42,16,2026-12-19,2026-09-29
880.0,900,12,2026-12-19,2026-09-29
885.0,6,0,2026-12-19,2026-09-29
890.0,1888,2,2026-12-19,2026-09-29
895.0,29,0,2026-12-19,2026-09-29
900.0,4624,112,2026-12-19,2026-09-29
905.0,20,0,2026-12-19,2026-09-29
910.0,758,0,2026-12-19,2026-09-29
915.0,16,0,2026-12-19,2026-09-29
920.0,570,1,2026-12-19,2026-09-29
925.0,33,0,2026-12-19,2026-09-29
930.0,245,2,2026-12-19,2026-09-29
935.0,12,0,2026-12-19,2026-09-29
940.0,459,5,2026-12-19,2026-09-29
945.0,6,1,2026-12-19,2026-09-29
950.0,1567,1,2026-12-19,2026-09-29
955.0,6,0,2026-12-19,2026-09-29
960.0,265,0,2026-12-19,2026-09-29
965.0,52,0,2026-12-19,2026-09-29
970.0,1664,1,2026-12-19,2026-09-29
975.0,4,0,2026-12-19,2026-09-29
980.0,209,0,2026-12-19,2026-09-29
985.0,8,0,2026-12-19,2026-09-29
990.0,967,0,2026-12-19,2026-09-29
995.0,26,0,2026-12-19,2026-09-29
1000.0,4869,3,2026-12-19,2026-09-29
1020.0,610,0,2026-12-19,2026-09-29
1030.0,1576,0,2026-12-19,2026-09-29
1040.0,191,0,2026-12-19,2026-09-29
1050.0,288,0,2026-12-19,2026-09-29
1060.0,241,0,2026-12-19,2026-09-29
1070.0,274,0,2026-12-19,2026-09-29
1080.0,215,0,2026-12-19,2026-09-29
1090.0,86,0,2026-12-19,2026-09-29
1100.0,1372,0,2026-12-19,2026-09-29
1110.0,175,0,2026-12-19,2026-09-29
1120.0,416,0,2026-12-19,2026-09-29
1130.0,93,0,2026-12-19,2026-09-29
1140.0,181,0,2026-12-19,2026-09-29
1150.0,1751,0,2026-12-19,2026-09-29
1160.0,33,0,2026-12-19,2026-09-29
1170.0,51,0,2026-12-19,2026-09-29
1180.0,262,0,2026-12-19,2026-09-29
1190.0,94,0,2026-12-19,2026-09-29
1200.0,1955,0,2026-12-19,2026-09-29
1210.0,124,0,2026-12-19,2026-09-29
1220.0,165,0,2026-12-19,2026-09-29
1230.0,373,0,2026-12-19,2026-09-29
1240.0,1846,0,2026-12-19,2026-09-29
1250.0,2024,0,2026-12-19,2026-09-29
1260.0,123,0,2026-12-19,2026-09-29
1270.0,189,0,2026-12-19,2026-09-29
1280.0,305,0,2026-12-19,2026-09-29
1290.0,8568,0,2026-12-19,2026-09-29
1300.0,8894,0,2026-12-19,2026-09-29
1310.0,110,0,2026-12-19,2026-09-29
1320.0,89,0,2026-12-19,2026-09-29
1330.0,81,0,2026-12-19,2026-09-29
1340.0,269,0,2026-12-19,2026-09-29
1350.0,420,0,2026-12-19,2026-09-29
1360.0,96,0,2026-12-19,2026-09-29
1370.0,148,0,2026-12-19,2026-09-29
1380.0,65,0,2026-12-19,2026-09-29
1390.0,114,0,2026-12-19,2026-09-29
1400.0,2509,0,2026-12-19,2026-09-29
1410.0,490,0,2026-12-19,2026-09-29
1420.0,791,0,2026-12-19,2026-09-29
1430.0,994,0,2026-12-19,2026-09-29
1440.0,43,0,2026-12-19,2026-09-29
1450.0,62,0,2026-12-19,2026-09-29
1460.0,271,0,2026-12-19,2026-09-29
1470.0,137,0,2026-12-19,2026-09-29
1480.0,2058,0,2026-12-19,2026-09-29
1490.0,128,0,2026-12-19,2026-09-29
860.0,237,0,2027-01-07,2026-09-29
5.0,68,3204,2027-01-16,2026-09-29
10.0,1,4,2027-01-16,2026-09-29
15.0,2,4,2027-01-16,2026-09-29
20.0,7,2,2027-01-16,2026-09-29
25.0,0,2,2027-01-16,2026-09-29
30.0,0,4,2027-01-16,2026-09-29
35.0,0,2,2027-01-16,2026-09-29
40.0,0,204,2027-01-16,2026-09-29
45.0,1,7,2027-01-16,2026-09-29
50.0,111,440,2027-01-16,2026-09-29
100.0,126,3068,2027-01-16,2026-09-29
110.0,283,365,2027-01-16,2026-09-29
120.0,11,99,2027-01-16,2026-09-29
130.0,16,108,2027-01-16,2026-09-29
140.0,13,208,2027-01-16,2026-09-29
150.0,15,306,2027-01-16,2026-09-29
160.0,38,178,2027-01-16,2026-09-29
170.0,36,468,2027-01-16,2026-09-29
180.0,191,253,2027-01-16,2026-09-29
190.0,27,176,2027-01-16,2026-09-29
200.0,160,484,2027-01-16,2026-09-29
210.0,56,387,2027-01-16,2026-09-29
220.0,174,1125,2027-01-16,2026-09-29
230.0,55,602,2027-01-16,2026-09-29
240.0,73,382,2027-01-16,2026-09-29
242.5,0,75,2027-01-16,2026-09-29
250.0,86,1047,2027-01-16,2026-09-29
260.0,58,221,2027-01-16,2026-09-29
270.0,281,1033,2027-01-16,2026-09-29
280.0,55,358,2027-01-16,2026-09-29
290.0,168,368,2027-01-16,2026-09-29
300.0,376,1315,2027-01-16,2026-09-29
310.0,22,442,2027-01-16,2026-09-29
320.0,77,793,2027-01-16,2026-09-29
330.0,63,508,2027-01-16,2026-09-29
340.0,40,490,2027-01-16,2026-09-29
350.0,161,1643,2027-01-16,2026-09-29
360.0,86,513,2027-01-16,2026-09-29
370.0,45,1435,2027-01-16,2026-09-29
380.0,54,850,2027-01-16,2026-09-29
390.0,124,1265,2027-01-16,2026-09-29
400.0,506,4330,2027-01-16,2026-09-29
410.0,119,1277,2027-01-16,2026-09-29
420.0,200,1732,2027-01-16,2026-09-29
430.0,126,2788,2027-01-16,2026-09-29
440.0,152,2634,2027-01-16,2026-09-29
450.0,252,7213,2027-01-16,2026-09-29
460.0,141,2896,2027-01-16,2026-09-29
470.0,91,2090,2027-01-16,2026-09-29
480.0,261,2712,2027-01-16,2026-09-29
490.0,350,3336,2027-01-16,2026-09-29
500.0,2099,8057,2027-01-16,2026-09-29
510.0,1625,5156,2027-01-16,2026-09-29
520.0,393,3725,2027-01-16,2026-09-29
530.0,473,4069,2027-01-16,2026-09-29
540.0,819,3659,2027-01-16,2026-09-29
550.0,0,10,2027-01-16,2026-09-29
550.0,1572,6178,2027-01-16,2026-09-29
560.0,1198,3472,2027-01-16,2026-09-29
570.0,938,6837,2027-01-16,2026-09-29
580.0,1134,3667,2027-01-16,2026-09-29
590.0,1351,1714,2027-01-16,2026-09-29
597.6,0,262,2027-01-16,2026-09-29
599.0,280,0,2027-01-16,2026-09-29
600.0,6011,5939,2027-01-16,2026-09-29
610.0,1867,2412,2027-01-16,2026-09-29
620.0,2371,2333,2027-01-16,2026-09-29
630.0,2959,3304,2027-01-16,2026-09-29
640.0,1341,5333,2027-01-16,2026-09-29
650.0,0,26,2027-01-16,2026-09-29
650.0,4780,3824,2027-01-16,2026-09-29
660.0,1000,1007,2027-01-16,2026-09-29
660.0,3340,1665,2027-01-16,2026-09-29
670.0,2498,2365,2027-01-16,2026-09-29
680.0,2524,1379,2027-01-16,2026-09-29
690.0,1108,780,2027-01-16,2026-09-29
700.0,115350,3624,2027-01-16,2026-09-29
700.01,10325,10325,2027-01-16,2026-09-29
710.0,1560,907,2027-01-16,2026-09-29
720.0,2245,2271,2027-01-16,2026-09-29
720.0,2748,1480,2027-01-16,2026-09-29
730.0,3816,600,2027-01-16,2026-09-29
740.0,2532,659,2027-01-16,2026-09-29
750.0,244977,4036,2027-01-16,2026-09-29
760.0,4037,684,2027-01-16,2026-09-29
770.0,10,0,2027-01-16,2026-09-29
770.0,4764,940,2027-01-16,2026-09-29
780.0,3512,691,2027-01-16,2026-09-29
790.0,2089,239,2027-01-16,2026-09-29
800.0,108356,610,2027-01-16,2026-09-29
805.1,262,0,2027-01-16,2026-09-29
810.0,5400,231,2027-01-16,2026-09-29
820.0,3478,85,2027-01-16,2026-09-29
830.0,33375,193,2027-01-16,2026-09-29
840.0,1728,132,2027-01-16,2026-09-29
850.0,6135,198,2027-01-16,2026-09-29
860.0,10,0,2027-01-16,2026-09-29
860.0,2208,27,2027-01-16,2026-09-29
870.0,1155,2,2027-01-16,2026-09-29
880.0,906,1,2027-01-16,2026-09-29
890.0,7,0,2027-01-16,2026-09-29
890.0,1358,3,2027-01-16,2026-09-29
900.0,11768,40,2027-01-16,2026-09-29
910.0,1315,1,2027-01-16,2026-09-29
920.0,2999,1,2027-01-16,2026-09-29
930.0,874,0,2027-01-16,2026-09-29
940.0,1079,0,2027-01-16,2026-09-29
950.0,1760,1,2027-01-16,2026-09-29
960.0,574,1,2027-01-16,2026-09-29
970.0,560,0,2027-01-16,2026-09-29
980.0,554,0,2027-01-16,2026-09-29
990.0,534,0,2027-01-16,2026-09-29
1000.0,6865,18,2027-01-16,2026-09-29
1010.0,476,0,2027-01-16,2026-09-29
1020.0,573,20,2027-01-16,2026-09-29
1030.0,449,1,2027-01-16,2026-09-29
1040.0,291,0,2027-01-16,2026-09-29
1050.0,965,0,2027-01-16,2026-09-29
1060.0,339,0,2027-01-16,2026-09-29
1070.0,477,0,2027-01-16,2026-09-29
1080.0,456,0,2027-01-16,2026-09-29
1090.0,460,0,2027-01-16,2026-09-29
1100.0,4289,0,2027-01-16,2026-09-29
1110.0,497,0,2027-01-16,2026-09-29
1120.0,336,0,2027-01-16,2026-09-29
1130.0,385,0,2027-01-16,2026-09-29
1140.0,293,0,2027-01-16,2026-09-29
1150.0,6036,0,2027-01-16,2026-09-29
1160.0,672,0,2027-01-16,2026-09-29
1170.0,448,0,2027-01-16,2026-09-29
1180.0,291,0,2027-01-16,2026-09-29
1190.0,643,0,2027-01-16,2026-09-29
1200.0,2325,0,2027-01-16,2026-09-29
1210.0,198,0,2027-01-16,2026-09-29
1220.0,386,0,2027-01-16,2026-09-29
1230.0,155,0,2027-01-16,2026-09-29
1240.0,650,0,2027-01-16,2026-09-29
1250.0,33718,0,2027-01-16,2026-09-29
1260.0,474,0,2027-01-16,2026-09-29
1270.0,911,0,2027-01-16,2026-09-29
1280.0,379,0,2027-01-16,2026-09-29
1290.0,379,0,2027-01-16,2026-09-29
1300.0,1618,0,2027-01-16,2026-09-29
1310.0,111,0,2027-01-16,2026-09-29
1320.0,388,0,2027-01-16,2026-09-29
1330.0,475,0,2027-01-16,2026-09-29
1340.0,171,0,2027-01-16,2026-09-29
1350.0,534,0,2027-01-16,2026-09-29
1360.0,962,0,2027-01-16,2026-09-29
1370.0,162,0,2027-01-16,2026-09-29
1380.0,165,0,2027-01-16,2026-09-29
1390.0,254,0,2027-01-16,2026-09-29
1400.0,1709,0,2027-01-16,2026-09-29
1410.0,347,0,2027-01-16,2026-09-29
1420.0,625,0,2027-01-16,2026-09-29
1430.0,15850,0,2027-01-16,2026-09-29
1440.0,379,0,2027-01-16,2026-09-29
1450.0,200,0,2027-01-16,2026-09-29
1460.0,157,0,2027-01-16,2026-09-29
1470.0,164,0,2027-01-16,2026-09-29
1480.0,2997,0,2027-01-16,2026-09-29
1490.0,1043,0,2027-01-16,2026-09-29
490.1,0,132,2027-01-27,2026-09-29
805.1,132,0,2027-01-27,2026-09-29
637.45,0,8,2027-01-30,2026-09-29
776.0,0,0,2027-01-30,2026-09-29
100.0,11,3,2027-02-20,2026-09-29
110.0,0,6,2027-02-20,2026-09-29
120.0,0,11,2027-02-20,2026-09-29
130.0,9,13,2027-02-20,2026-09-29
140.0,0,13,2027-02-20,2026-09-29
150.0,0,24,2027-02-20,2026-09-29
160.0,2,43,2027-02-20,2026-09-29
170.0,0,44,2027-02-20,2026-09-29
180.0,0,39,2027-02-20,2026-09-29
190.0,0,32,2027-02-20,2026-09-29
200.0,51,1010,2027-02-20,2026-09-29
210.0,0,72,2027-02-20,2026-09-29
220.0,0,142,2027-02-20,2026-09-29
230.0,0,44,2027-02-20,2026-09-29
240.0,0,88,2027-02-20,2026-09-29
250.0,6,34,2027-02-20,2026-09-29
260.0,1,70,2027-02-20,2026-09-29
270.0,2,79,2027-02-20,2026-09-29
280.0,5,85,2027-02-20,2026-09-29
290.0,0,77,2027-02-20,2026-09-29
300.0,17,235,2027-02-20,2026-09-29
310.0,0,30,2027-02-20,2026-09-29
320.0,3,46,2027-02-20,2026-09-29
330.0,6,46,2027-02-20,2026-09-29
340.0,9,87,2027-02-20,2026-09-29
350.0,14,173,2027-02-20,2026-09-29
360.0,7,44,2027-02-20,2026-09-29
370.0,2,74,2027-02-20,2026-09-29
380.0,7,136,2027-02-20,2026-09-29
390.0,13,113,2027-02-20,2026-09-29
400.0,14,160,2027-02-20,2026-09-29
410.0,52,306,2027-02-20,2026-09-29
420.0,3,325,2027-02-20,2026-09-29
430.0,5,572,2027-02-20,2026-09-29
440.0,6,566,2027-02-20,2026-09-29
450.0,57,913,2027-02-20,2026-09-29
460.0,77,479,2027-02-20,2026-09-29
470.0,110,651,2027-02-20,2026-09-29
480.0,22,1598,2027-02-20,2026-09-29
490.0,51,660,2027-02-20,2026-09-29
500.0,141,1224,2027-02-20,2026-09-29
510.0,19,665,2027-02-20,2026-09-29
520.0,71,618,2027-02-20,2026-09-29
530.0,74,669,2027-02-20,2026-09-29
540.0,663,769,2027-02-20,2026-09-29
550.0,241,996,2027-02-20,2026-09-29
560.0,200,568,2027-02-20,2026-09-29
570.0,0,2,2027-02-20,2026-09-29
570.0,137,492,2027-02-20,2026-09-29
575.0,0,36,2027-02-20,2026-09-29
580.0,288,1204,2027-02-20,2026-09-29
590.0,699,378,2027-02-20,2026-09-29
600.0,1053,527,2027-02-20,2026-09-29
610.0,292,93,2027-02-20,2026-09-29
620.0,147,136,2027-02-20,2026-09-29
630.0,237,84,2027-02-20,2026-09-29
640.0,173,174,2027-02-20,2026-09-29
650.0,3332,533,2027-02-20,2026-09-29
660.0,297,115,2027-02-20,2026-09-29
670.0,657,203,2027-02-20,2026-09-29
680.0,209,68,2027-02-20,2026-09-29
690.0,390,294,2027-02-20,2026-09-29
692.0,36,0,2027-02-20,2026-09-29
700.0,2093,216,2027-02-20,2026-09-29
710.0,250,175,2027-02-20,2026-09-29
720.0,371,76,2027-02-20,2026-09-29
730.0,2,0,2027-02-20,2026-09-29
730.0,561,328,2027-02-20,2026-09-29
740.0,431,62,2027-02-20,2026-09-29
750.0,1090,373,2027-02-20,2026-09-29
760.0,422,168,2027-02-20,2026-09-29
770.0,251,38,2027-02-20,2026-09-29
780.0,796,22,2027-02-20,2026-09-29
790.0,189,20,2027-02-20,2026-09-29
800.0,1444,90,2027-02-20,2026-09-29
810.0,184,3,2027-02-20,2026-09-29
820.0,289,0,2027-02-20,2026-09-29
830.0,212,4,2027-02-20,2026-09-29
840.0,141,1,2027-02-20,2026-09-29
850.0,628,86,2027-02-20,2026-09-29
860.0,260,0,2027-02-20,2026-09-29
870.0,99,0,2027-02-20,2026-09-29
880.0,311,1,2027-02-20,2026-09-29
890.0,60,0,2027-02-20,2026-09-29
900.0,6476,26,2027-02-20,2026-09-29
910.0,103,1,2027-02-20,2026-09-29
920.0,84,0,2027-02-20,2026-09-29
930.0,72,1,2027-02-20,2026-09-29
940.0,108,0,2027-02-20,2026-09-29
950.0,98,0,2027-02-20,2026-09-29
960.0,305,0,2027-02-20,2026-09-29
970.0,60,0,2027-02-20,2026-09-29
980.0,105,2,2027-02-20,2026-09-29
990.0,225,0,2027-02-20,2026-09-29
1000.0,931,1,2027-02-20,2026-09-29
1010.0,78,0,2027-02-20,2026-09-29
1020.0,45,0,2027-02-20,2026-09-29
1030.0,62,0,2027-02-20,2026-09-29
1040.0,12,0,2027-02-20,2026-09-29
1050.0,51,1,2027-02-20,2026-09-29
1060.0,22,0,2027-02-20,2026-09-29
1070.0,163,0,2027-02-20,2026-09-29
1080.0,67,0,2027-02-20,2026-09-29
1090.0,2,0,2027-02-20,2026-09-29
1100.0,471,0,2027-02-20,2026-09-29
1110.0,101,0,2027-02-20,2026-09-29
1120.0,30,0,2027-02-20,2026-09-29
1130.0,25,0,2027-02-20,2026-09-29
1140.0,41,0,2027-02-20,2026-09-29
1150.0,106,0,2027-02-20,2026-09-29
1160.0,31,0,2027-02-20,2026-09-29
1170.0,47,0,2027-02-20,2026-09-29
1180.0,129,0,2027-02-20,2026-09-29
1190.0,468,0,2027-02-20,2026-09-29
1200.0,3,0,2027-02-20,2026-09-29
1210.0,21,0,2027-02-20,2026-09-29
1220.0,0,0,2027-02-20,2026-09-29
1230.0,18,0,2027-02-20,2026-09-29
1240.0,27,0,2027-02-20,2026-09-29
1250.0,401,0,2027-02-20,2026-09-29
1260.0,5,0,2027-02-20,2026-09-29
1270.0,0,0,2027-02-20,2026-09-29
1280.0,20,0,2027-02-20,2026-09-29
1290.0,1,0,2027-02-20,2026-09-29
1300.0,0,0,2027-02-20,2026-09-29
1310.0,0,0,2027-02-20,2026-09-29
1320.0,0,0,2027-02-20,2026-09-29
1330.0,0,0,2027-02-20,2026-09-29
1340.0,0,0,2027-02-20,2026-09-29
1350.0,25,0,2027-02-20,2026-09-29
1360.0,0,0,2027-02-20,2026-09-29
1370.0,20,0,2027-02-20,2026-09-29
1380.0,1,0,2027-02-20,2026-09-29
1390.0,0,0,2027-02-20,2026-09-29
1400.0,81,0,2027-02-20,2026-09-29
1410.0,0,0,2027-02-20,2026-09-29
1420.0,1,0,2027-02-20,2026-09-29
1430.0,1,0,2027-02-20,2026-09-29
1440.0,0,0,2027-02-20,2026-09-29
1450.0,0,0,2027-02-20,2026-09-29
1460.0,0,0,2027-02-20,2026-09-29
1470.0,0,0,2027-02-20,2026-09-29
1480.0,3,0,2027-02-20,2026-09-29
1490.0,49,0,2027-02-20,2026-09-29
490.93,0,40,2027-02-25,2026-09-29
612.0,0,75,2027-03-17,2026-09-29
794.92,75,0,2027-03-17,2026-09-29
5.0,1761,0,2027-03-20,2026-09-29
10.0,11,3002,2027-03-20,2026-09-29
15.0,0,15,2027-03-20,2026-09-29
20.0,0,0,2027-03-20,2026-09-29
25.0,0,0,2027-03-20,2026-09-29
30.0,0,0,2027-03-20,2026-09-29
35.0,0,0,2027-03-20,2026-09-29
40.0,10,0,2027-03-20,2026-09-29
45.0,0,15,2027-03-20,2026-09-29
50.0,0,18,2027-03-20,2026-09-29
100.0,1,81,2027-03-20,2026-09-29
110.0,209,7,2027-03-20,2026-09-29
120.0,0,276,2027-03-20,2026-09-29
130.0,0,23,2027-03-20,2026-09-29
140.0,0,84,2027-03-20,2026-09-29
150.0,1,158,2027-03-20,2026-09-29
160.0,2,77,2027-03-20,2026-09-29
170.0,21,141,2027-03-20,2026-09-29
180.0,1,74,2027-03-20,2026-09-29
190.0,2,31,2027-03-20,2026-09-29
200.0,3,67,2027-03-20,2026-09-29
210.0,1,35,2027-03-20,2026-09-29
220.0,0,186,2027-03-20,2026-09-29
230.0,35,102,2027-03-20,2026-09-29
240.0,51,59,2027-03-20,2026-09-29
250.0,0,204,2027-03-20,2026-09-29
260.0,2,97,2027-03-20,2026-09-29
270.0,23,441,2027-03-20,2026-09-29
280.0,44,73,2027-03-20,2026-09-29
290.0,2,46,2027-03-20,2026-09-29
300.0,21,381,2027-03-20,2026-09-29
310.0,5,56,2027-03-20,2026-09-29
320.0,12,113,2027-03-20,2026-09-29
330.0,17,53,2027-03-20,2026-09-29
340.0,6,277,2027-03-20,2026-09-29
350.0,25,422,2027-03-20,2026-09-29
360.0,24,348,2027-03-20,2026-09-29
370.0,18,427,2027-03-20,2026-09-29
380.0,113,406,2027-03-20,2026-09-29
390.0,73,300,2027-03-20,2026-09-29
400.0,84,1386,2027-03-20,2026-09-29
410.0,30,822,2027-03-20,2026-09-29
420.0,33,2668,2027-03-20,2026-09-29
430.0,162,943,2027-03-20,2026-09-29
440.0,18,543,2027-03-20,2026-09-29
450.0,138,4070,2027-03-20,2026-09-29
460.0,86,2037,2027-03-20,2026-09-29
470.0,36,1311,2027-03-20,2026-09-29
480.0,47,1379,2027-03-20,2026-09-29
490.0,39,1726,2027-03-20,2026-09-29
500.0,450,4468,2027-03-20,2026-09-29
510.0,0,150,2027-03-20,2026-09-29
510.0,55,883,2027-03-20,2026-09-29
520.0,62,1227,2027-03-20,2026-09-29
530.0,153,1108,2027-03-20,2026-09-29
540.0,257,1811,2027-03-20,2026-09-29
550.0,822,4444,2027-03-20,2026-09-29
560.0,317,950,2027-03-20,2026-09-29
565.0,41,347,2027-03-20,2026-09-29
570.0,532,1421,2027-03-20,2026-09-29
575.0,529,269,2027-03-20,2026-09-29
580.0,761,1494,2027-03-20,2026-09-29
585.0,196,333,2027-03-20,2026-09-29
590.0,286,553,2027-03-20,2026-09-29
595.0,258,297,2027-03-20,2026-09-29
600.0,2003,1633,2027-03-20,2026-09-29
605.0,84,255,2027-03-20,2026-09-29
610.0,397,1701,2027-03-20,2026-09-29
615.0,294,223,2027-03-20,2026-09-29
620.0,414,934,2027-03-20,2026-09-29
625.0,125,377,2027-03-20,2026-09-29
630.0,331,640,2027-03-20,2026-09-29
635.0,96,389,2027-03-20,2026-09-29
640.0,370,394,2027-03-20,2026-09-29
645.0,148,239,2027-03-20,2026-09-29
650.0,4513,1863,2027-03-20,2026-09-29
655.0,133,261,2027-03-20,2026-09-29
660.0,678,584,2027-03-20,2026-09-29
665.0,206,5126,2027-03-20,2026-09-29
670.0,445,731,2027-03-20,2026-09-29
675.0,314,131,2027-03-20,2026-09-29
680.0,719,552,2027-03-20,2026-09-29
685.0,174,238,2027-03-20,2026-09-29
690.0,372,278,2027-03-20,2026-09-29
695.0,62,182,2027-03-20,2026-09-29
700.0,3361,597,2027-03-20,2026-09-29
705.0,111,79,2027-03-20,2026-09-29
710.0,765,190,2027-03-20,2026-09-29
715.0,507,286,2027-03-20,2026-09-29
720.0,374,291,2027-03-20,2026-09-29
725.0,163,101,2027-03-20,2026-09-29
730.0,590,360,2027-03-20,2026-09-29
735.0,158,62,2027-03-20,2026-09-29
740.0,374,224,2027-03-20,2026-09-29
745.0,240,56,2027-03-20,2026-09-29
750.0,16,0,2027-03-20,2026-09-29
750.0,1414,253,2027-03-20,2026-09-29
755.0,168,66,2027-03-20,2026-09-29
760.0,475,217,2027-03-20,2026-09-29
770.0,429,93,2027-03-20,2026-09-29
780.0,1329,114,2027-03-20,2026-09-29
790.0,364,179,2027-03-20,2026-09-29
800.0,6984,283,2027-03-20,2026-09-29
810.0,786,159,2027-03-20,2026-09-29
820.0,558,11,2027-03-20,2026-09-29
830.0,472,2,2027-03-20,2026-09-29
840.0,330,4,2027-03-20,2026-09-29
850.0,2200,124,2027-03-20,2026-09-29
860.0,677,4,2027-03-20,2026-09-29
870.0,400,4,2027-03-20,2026-09-29
880.0,812,4,2027-03-20,2026-09-29
890.0,199,6,2027-03-20,2026-09-29
900.0,5197,7,2027-03-20,2026-09-29
910.0,551,0,2027-03-20,2026-09-29
920.0,830,0,2027-03-20,2026-09-29
930.0,280,0,2027-03-20,2026-09-29
940.0,1310,0,2027-03-20,2026-09-29
950.0,4265,0,2027-03-20,2026-09-29
960.0,727,0,2027-03-20,2026-09-29
970.0,114,0,2027-03-20,2026-09-29
980.0,637,0,2027-03-20,2026-09-29
990.0,611,0,2027-03-20,2026-09-29
1000.0,3652,2,2027-03-20,2026-09-29
1010.0,139,0,2027-03-20,2026-09-29
1020.0,1305,1,2027-03-20,2026-09-29
1030.0,381,0,2027-03-20,2026-09-29
1040.0,1030,0,2027-03-20,2026-09-29
1050.0,166,0,2027-03-20,2026-09-29
1060.0,110,0,2027-03-20,2026-09-29
1070.0,280,0,2027-03-20,2026-09-29
1080.0,588,0,2027-03-20,2026-09-29
1090.0,947,0,2027-03-20,2026-09-29
1100.0,3959,0,2027-03-20,2026-09-29
1110.0,51,0,2027-03-20,2026-09-29
1120.0,74,0,2027-03-20,2026-09-29
1130.0,60,0,2027-03-20,2026-09-29
1140.0,64,0,2027-03-20,2026-09-29
1150.0,85,0,2027-03-20,2026-09-29
1160.0,56,0,2027-03-20,2026-09-29
1170.0,65,0,2027-03-20,2026-09-29
1180.0,102,0,2027-03-20,2026-09-29
1190.0,54,0,2027-03-20,2026-09-29
1200.0,385,0,2027-03-20,2026-09-29
1210.0,396,0,2027-03-20,2026-09-29
1220.0,822,0,2027-03-20,2026-09-29
1230.0,45,0,2027-03-20,2026-09-29
1240.0,454,0,2027-03-20,2026-09-29
1250.0,1240,0,2027-03-20,2026-09-29
1260.0,65,0,2027-03-20,2026-09-29
1270.0,11,0,2027-03-20,2026-09-29
1280.0,0,0,2027-03-20,2026-09-29
1290.0,74,0,2027-03-20,2026-09-29
1300.0,9,0,2027-03-20,2026-09-29
1310.0,0,0,2027-03-20,2026-09-29
1320.0,3,0,2027-03-20,2026-09-29
1330.0,80,0,2027-03-20,2026-09-29
1340.0,3,0,2027-03-20,2026-09-29
1350.0,3,0,2027-03-20,2026-09-29
1360.0,1,0,2027-03-20,2026-09-29
1370.0,11,0,2027-03-20,2026-09-29
1380.0,11,0,2027-03-20,2026-09-29
1390.0,1,0,2027-03-20,2026-09-29
1400.0,64,0,2027-03-20,2026-09-29
1410.0,7,0,2027-03-20,2026-09-29
1420.0,6,0,2027-03-20,2026-09-29
1430.0,0,0,2027-03-20,2026-09-29
1440.0,28,0,2027-03-20,2026-09-29
1450.0,1,0,2027-03-20,2026-09-29
1460.0,2,0,2027-03-20,2026-09-29
1470.0,19,0,2027-03-20,2026-09-29
1480.0,147,0,2027-03-20,2026-09-29
1490.0,270,0,2027-03-20,2026-09-29
492.79,0,35,2027-03-31,2026-09-29
5.0,1161,4,2027-06-18,2026-09-29
10.0,12,1,2027-06-18,2026-09-29
15.0,1,0,2027-06-18,2026-09-29
20.0,1,1,2027-06-18,2026-09-29
25.0,0,0,2027-06-18,2026-09-29
30.0,0,0,2027-06-18,2026-09-29
35.0,0,0,2027-06-18,2026-09-29
40.0,2,0,2027-06-18,2026-09-29
45.0,2,7,2027-06-18,2026-09-29
50.0,95,30,2027-06-18,2026-09-29
260.0,98,475,2027-06-18,2026-09-29
270.0,75,122,2027-06-18,2026-09-29
280.0,31,148,2027-06-18,2026-09-29
290.0,1,277,2027-06-18,2026-09-29
300.0,43,205,2027-06-18,2026-09-29
310.0,37,205,2027-06-18,2026-09-29
320.0,134,208,2027-06-18,2026-09-29
330.0,23,746,2027-06-18,2026-09-29
340.0,29,277,2027-06-18,2026-09-29
350.0,39,469,2027-06-18,2026-09-29
360.0,43,775,2027-06-18,2026-09-29
370.0,89,451,2027-06-18,2026-09-29
380.0,95,699,2027-06-18,2026-09-29
390.0,44,1192,2027-06-18,2026-09-29
400.0,261,1856,2027-06-18,2026-09-29
410.0,17,497,2027-06-18,2026-09-29
420.0,63,4446,2027-06-18,2026-09-29
430.0,172,1006,2027-06-18,2026-09-29
440.0,64,641,2027-06-18,2026-09-29
450.0,160,3574,2027-06-18,2026-09-29
460.0,61,1696,2027-06-18,2026-09-29
470.0,90,1454,2027-06-18,2026-09-29
480.0,278,1413,2027-06-18,2026-09-29
490.0,141,1161,2027-06-18,2026-09-29
500.0,815,5202,2027-06-18,2026-09-29
520.0,564,3802,2027-06-18,2026-09-29
540.0,1555,4371,2027-06-18,2026-09-29
560.0,1015,2403,2027-06-18,2026-09-29
580.0,992,3256,2027-06-18,2026-09-29
600.0,3990,4424,2027-06-18,2026-09-29
620.0,1945,2512,2027-06-18,2026-09-29
640.0,2118,4915,2027-06-18,2026-09-29
660.0,2181,1856,2027-06-18,2026-09-29
680.0,1799,2214,2027-06-18,2026-09-29
700.0,2888,1811,2027-06-18,2026-09-29
720.0,2126,1113,2027-06-18,2026-09-29
740.0,3435,1010,2027-06-18,2026-09-29
760.0,3420,1645,2027-06-18,2026-09-29
780.0,2429,223,2027-06-18,2026-09-29
789.05,54,54,2027-06-18,2026-09-29
800.0,3615,277,2027-06-18,2026-09-29
820.0,1567,74,2027-06-18,2026-09-29
840.0,2241,136,2027-06-18,2026-09-29
860.0,1566,191,2027-06-18,2026-09-29
880.0,3101,29,2027-06-18,2026-09-29
900.0,3467,219,2027-06-18,2026-09-29
920.0,3127,49,2027-06-18,2026-09-29
940.0,803,13,2027-06-18,2026-09-29
960.0,645,18,2027-06-18,2026-09-29
980.0,759,0,2027-06-18,2026-09-29
1000.0,2743,17,2027-06-18,2026-09-29
1020.0,873,0,2027-06-18,2026-09-29
1040.0,687,15,2027-06-18,2026-09-29
1060.0,512,0,2027-06-18,2026-09-29
1080.0,304,0,2027-06-18,2026-09-29
1100.0,515,0,2027-06-18,2026-09-29
1120.0,226,0,2027-06-18,2026-09-29
1140.0,151,0,2027-06-18,2026-09-29
1160.0,364,1,2027-06-18,2026-09-29
1180.0,230,0,2027-06-18,2026-09-29
1200.0,1066,0,2027-06-18,2026-09-29
1220.0,475,0,2027-06-18,2026-09-29
1240.0,346,0,2027-06-18,2026-09-29
1260.0,99,0,2027-06-18,2026-09-29
1280.0,101,0,2027-06-18,2026-09-29
1300.0,158,0,2027-06-18,2026-09-29
1310.0,30,0,2027-06-18,2026-09-29
1320.0,128,0,2027-06-18,2026-09-29
1330.0,48,0,2027-06-18,2026-09-29
1340.0,104,0,2027-06-18,2026-09-29
1350.0,150,0,2027-06-18,2026-09-29
1360.0,95,0,2027-06-18,2026-09-29
1370.0,89,0,2027-06-18,2026-09-29
1380.0,145,0,2027-06-18,2026-09-29
1390.0,81,0,2027-06-18,2026-09-29
1400.0,1187,0,2027-06-18,2026-09-29
1410.0,157,0,2027-06-18,2026-09-29
1420.0,647,0,2027-06-18,2026-09-29
1430.0,72,0,2027-06-18,2026-09-29
1440.0,85,0,2027-06-18,2026-09-29
1450.0,147,0,2027-06-18,2026-09-29
1460.0,344,0,2027-06-18,2026-09-29
1470.0,202,0,2027-06-18,2026-09-29
1480.0,2300,0,2027-06-18,2026-09-29
1490.0,130,0,2027-06-18,2026-09-29
5.0,1661,0,2027-09-18,2026-09-29
10.0,0,0,2027-09-18,2026-09-29
15.0,0,0,2027-09-18,2026-09-29
20.0,1,0,2027-09-18,2026-09-29
25.0,0,0,2027-09-18,2026-09-29
30.0,1,0,2027-09-18,2026-09-29
35.0,0,0,2027-09-18,2026-09-29
40.0,0,0,2027-09-18,2026-09-29
45.0,0,0,2027-09-18,2026-09-29
50.0,4,3,2027-09-18,2026-09-29
60.0,0,6,2027-09-18,2026-09-29
70.0,1,19,2027-09-18,2026-09-29
80.0,0,9,2027-09-18,2026-09-29
90.0,0,25,2027-09-18,2026-09-29
100.0,0,125,2027-09-18,2026-09-29
110.0,450,67,2027-09-18,2026-09-29
120.0,2,6,2027-09-18,2026-09-29
130.0,5,4,2027-09-18,2026-09-29
140.0,2,26,2027-09-18,2026-09-29
150.0,2,64,2027-09-18,2026-09-29
160.0,4,50,2027-09-18,2026-09-29
170.0,4,28,2027-09-18,2026-09-29
180.0,61,63,2027-09-18,2026-09-29
190.0,1,24,2027-09-18,2026-09-29
200.0,62,74,2027-09-18,2026-09-29
210.0,202,6,2027-09-18,2026-09-29
220.0,139,362,2027-09-18,2026-09-29
230.0,117,12,2027-09-18,2026-09-29
240.0,42,118,2027-09-18,2026-09-29
250.0,42,40,2027-09-18,2026-09-29
260.0,46,62,2027-09-18,2026-09-29
270.0,7,399,2027-09-18,2026-09-29
280.0,11,40,2027-09-18,2026-09-29
290.0,12,247,2027-09-18,2026-09-29
300.0,68,52,2027-09-18,2026-09-29
310.0,79,1068,2027-09-18,2026-09-29
320.0,19,79,2027-09-18,2026-09-29
330.0,17,254,2027-09-18,2026-09-29
340.0,36,50,2027-09-18,2026-09-29
350.0,29,203,2027-09-18,2026-09-29
360.0,34,90,2027-09-18,2026-09-29
370.0,11,86,2027-09-18,2026-09-29
380.0,38,177,2027-09-18,2026-09-29
390.0,146,123,2027-09-18,2026-09-29
400.0,170,1003,2027-09-18,2026-09-29
410.0,58,265,2027-09-18,2026-09-29
420.0,36,691,2027-09-18,2026-09-29
430.0,73,675,2027-09-18,2026-09-29
440.0,75,161,2027-09-18,2026-09-29
450.0,182,648,2027-09-18,2026-09-29
460.0,65,1281,2027-09-18,2026-09-29
470.0,105,743,2027-09-18,2026-09-29
480.0,148,435,2027-09-18,2026-09-29
490.0,0,63,2027-09-18,2026-09-29
490.0,25,272,2027-09-18,2026-09-29
500.0,260,1603,2027-09-18,2026-09-29
510.0,39,468,2027-09-18,2026-09-29
520.0,72,530,2027-09-18,2026-09-29
530.0,163,302,2027-09-18,2026-09-29
540.0,146,642,2027-09-18,2026-09-29
550.0,286,1548,2027-09-18,2026-09-29
560.0,100,216,2027-09-18,2026-09-29
570.0,126,400,2027-09-18,2026-09-29
580.0,304,192,2027-09-18,2026-09-29
590.0,80,0,2027-09-18,2026-09-29
590.0,149,230,2027-09-18,2026-09-29
600.0,1585,942,2027-09-18,2026-09-29
610.0,304,276,2027-09-18,2026-09-29
620.0,333,325,2027-09-18,2026-09-29
630.0,1726,147,2027-09-18,2026-09-29
640.0,271,514,2027-09-18,2026-09-29
650.0,645,653,2027-09-18,2026-09-29
660.0,197,121,2027-09-18,2026-09-29
670.0,197,88,2027-09-18,2026-09-29
680.0,350,238,2027-09-18,2026-09-29
690.0,264,156,2027-09-18,2026-09-29
700.0,1183,320,2027-09-18,2026-09-29
710.0,715,93,2027-09-18,2026-09-29
720.0,1014,104,2027-09-18,2026-09-29
730.0,277,151,2027-09-18,2026-09-29
740.0,368,692,2027-09-18,2026-09-29
750.0,63,0,2027-09-18,2026-09-29
750.0,541,117,2027-09-18,2026-09-29
760.0,610,20,2027-09-18,2026-09-29
770.0,235,34,2027-09-18,2026-09-29
780.0,2056,20,2027-09-18,2026-09-29
790.0,162,14,2027-09-18,2026-09-29
800.0,1358,489,2027-09-18,2026-09-29
810.0,314,21,2027-09-18,2026-09-29
820.0,267,6,2027-09-18,2026-09-29
830.0,160,52,2027-09-18,2026-09-29
840.0,257,24,2027-09-18,2026-09-29
850.0,826,8,2027-09-18,2026-09-29
860.0,146,8,2027-09-18,2026-09-29
870.0,481,5,2027-09-18,2026-09-29
880.0,1562,9,2027-09-18,2026-09-29
890.0,127,1,2027-09-18,2026-09-29
900.0,1998,8,2027-09-18,2026-09-29
910.0,157,1,2027-09-18,2026-09-29
920.0,1420,2,2027-09-18,2026-09-29
930.0,261,1,2027-09-18,2026-09-29
940.0,482,3,2027-09-18,2026-09-29
950.0,497,1,2027-09-18,2026-09-29
960.0,162,3,2027-09-18,2026-09-29
970.0,73,0,2027-09-18,2026-09-29
980.0,160,1,2027-09-18,2026-09-29
990.0,91,1,2027-09-18,2026-09-29
1000.0,734,4,2027-09-18,2026-09-29
1010.0,888,0,2027-09-18,2026-09-29
1020.0,54,0,2027-09-18,2026-09-29
1030.0,112,1,2027-09-18,2026-09-29
1040.0,20,0,2027-09-18,2026-09-29
1050.0,92,0,2027-09-18,2026-09-29
1060.0,76,0,2027-09-18,2026-09-29
1070.0,784,1,2027-09-18,2026-09-29
1080.0,488,0,2027-09-18,2026-09-29
1090.0,59,0,2027-09-18,2026-09-29
1100.0,531,0,2027-09-18,2026-09-29
1110.0,19,0,2027-09-18,2026-09-29
1120.0,53,0,2027-09-18,2026-09-29
1130.0,44,0,2027-09-18,2026-09-29
1140.0,15,0,2027-09-18,2026-09-29
1150.0,27,0,2027-09-18,2026-09-29
1160.0,217,1,2027-09-18,2026-09-29
1170.0,22,0,2027-09-18,2026-09-29
1180.0,112,0,2027-09-18,2026-09-29
1190.0,27,1,2027-09-18,2026-09-29
1200.0,97,2,2027-09-18,2026-09-29
1210.0,188,0,2027-09-18,2026-09-29
1220.0,31,2,2027-09-18,2026-09-29
1230.0,24,1,2027-09-18,2026-09-29
1240.0,210,0,2027-09-18,2026-09-29
1250.0,1120,1,2027-09-18,2026-09-29
1260.0,11,0,2027-09-18,2026-09-29
1270.0,30,0,2027-09-18,2026-09-29
1280.0,138,0,2027-09-18,2026-09-29
1290.0,140,0,2027-09-18,2026-09-29
1300.0,233,0,2027-09-18,2026-09-29
1310.0,67,0,2027-09-18,2026-09-29
1320.0,33,0,2027-09-18,2026-09-29
1330.0,30,0,2027-09-18,2026-09-29
1340.0,52,0,2027-09-18,2026-09-29
1350.0,20,0,2027-09-18,2026-09-29
1360.0,18,0,2027-09-18,2026-09-29
1370.0,39,0,2027-09-18,2026-09-29
1380.0,279,0,2027-09-18,2026-09-29
1390.0,42,0,2027-09-18,2026-09-29
1400.0,57,0,2027-09-18,2026-09-29
1410.0,12,0,2027-09-18,2026-09-29
1420.0,32,0,2027-09-18,2026-09-29
1430.0,93,0,2027-09-18,2026-09-29
1440.0,51,0,2027-09-18,2026-09-29
1450.0,190,0,2027-09-18,2026-09-29
1460.0,52,0,2027-09-18,2026-09-29
1470.0,78,0,2027-09-18,2026-09-29
1480.0,176,0,2027-09-18,2026-09-29
1490.0,195,0,2027-09-18,2026-09-29
740.66,538,0,2027-09-28,2026-09-29
5.0,6999,795,2027-12-18,2026-09-29
10.0,375,44,2027-12-18,2026-09-29
15.0,13,41,2027-12-18,2026-09-29
20.0,15,77,2027-12-18,2026-09-29
25.0,1,4,2027-12-18,2026-09-29
30.0,93,3,2027-12-18,2026-09-29
35.0,45,14,2027-12-18,2026-09-29
40.0,64,4,2027-12-18,2026-09-29
45.0,4,4,2027-12-18,2026-09-29
50.0,11,573,2027-12-18,2026-09-29
55.0,2,6,2027-12-18,2026-09-29
60.0,24,9,2027-12-18,2026-09-29
65.0,22,12,2027-12-18,2026-09-29
70.0,1,63,2027-12-18,2026-09-29
75.0,0,30,2027-12-18,2026-09-29
80.0,1,325,2027-12-18,2026-09-29
85.0,62,27,2027-12-18,2026-09-29
90.0,52,14,2027-12-18,2026-09-29
95.0,244,38,2027-12-18,2026-09-29
100.0,839,1142,2027-12-18,2026-09-29
110.0,278,129,2027-12-18,2026-09-29
120.0,144,195,2027-12-18,2026-09-29
130.0,98,91,2027-12-18,2026-09-29
140.0,93,23,2027-12-18,2026-09-29
150.0,55,2481,2027-12-18,2026-09-29
160.0,262,185,2027-12-18,2026-09-29
170.0,258,115,2027-12-18,2026-09-29
180.0,14,89,2027-12-18,2026-09-29
190.0,230,306,2027-12-18,2026-09-29
200.0,254,897,2027-12-18,2026-09-29
210.0,164,509,2027-12-18,2026-09-29
220.0,162,115,2027-12-18,2026-09-29
230.0,83,58,2027-12-18,2026-09-29
240.0,65,54,2027-12-18,2026-09-29
250.0,174,839,2027-12-18,2026-09-29
260.0,38,77,2027-12-18,2026-09-29
270.0,33,255,2027-12-18,2026-09-29
280.0,36,217,2027-12-18,2026-09-29
290.0,49,708,2027-12-18,2026-09-29
300.0,101,450,2027-12-18,2026-09-29
310.0,57,439,2027-12-18,2026-09-29
320.0,197,155,2027-12-18,2026-09-29
330.0,40,80,2027-12-18,2026-09-29
340.0,55,216,2027-12-18,2026-09-29
350.0,141,259,2027-12-18,2026-09-29
360.0,116,151,2027-12-18,2026-09-29
370.0,111,298,2027-12-18,2026-09-29
380.0,81,565,2027-12-18,2026-09-29
390.0,49,237,2027-12-18,2026-09-29
400.0,261,1631,2027-12-18,2026-09-29
410.0,31,358,2027-12-18,2026-09-29
420.0,121,813,2027-12-18,2026-09-29
430.0,98,406,2027-12-18,2026-09-29
440.0,47,771,2027-12-18,2026-09-29
450.0,120,1143,2027-12-18,2026-09-29
460.0,58,775,2027-12-18,2026-09-29
470.0,49,271,2027-12-18,2026-09-29
480.0,120,859,2027-12-18,2026-09-29
490.0,109,724,2027-12-18,2026-09-29
500.0,1612,2288,2027-12-18,2026-09-29
510.0,247,375,2027-12-18,2026-09-29
520.0,272,541,2027-12-18,2026-09-29
530.0,162,640,2027-12-18,2026-09-29
540.0,156,551,2027-12-18,2026-09-29
550.0,835,1436,2027-12-18,2026-09-29
560.0,174,519,2027-12-18,2026-09-29
570.0,0,12,2027-12-18,2026-09-29
570.0,299,732,2027-12-18,2026-09-29
580.0,317,649,2027-12-18,2026-09-29
590.0,284,298,2027-12-18,2026-09-29
600.0,1620,2321,2027-12-18,2026-09-29
610.0,337,572,2027-12-18,2026-09-29
620.0,421,216,2027-12-18,2026-09-29
630.0,224,147,2027-12-18,2026-09-29
640.0,377,528,2027-12-18,2026-09-29
650.0,2739,752,2027-12-18,2026-09-29
660.0,537,251,2027-12-18,2026-09-29
670.0,1246,534,2027-12-18,2026-09-29
680.0,1277,666,2027-12-18,2026-09-29
690.0,430,193,2027-12-18,2026-09-29
700.0,4518,479,2027-12-18,2026-09-29
710.0,406,253,2027-12-18,2026-09-29
720.0,1263,218,2027-12-18,2026-09-29
730.0,518,243,2027-12-18,2026-09-29
740.0,817,254,2027-12-18,2026-09-29
750.0,879,547,2027-12-18,2026-09-29
760.0,209,228,2027-12-18,2026-09-29
770.0,322,470,2027-12-18,2026-09-29
780.0,639,162,2027-12-18,2026-09-29
790.0,656,38,2027-12-18,2026-09-29
800.0,20,0,2027-12-18,2026-09-29
800.0,2022,111,2027-12-18,2026-09-29
803.0,54,54,2027-12-18,2026-09-29
810.0,458,802,2027-12-18,2026-09-29
820.0,301,79,2027-12-18,2026-09-29
830.0,508,165,2027-12-18,2026-09-29
840.0,343,94,2027-12-18,2026-09-29
850.0,553,75,2027-12-18,2026-09-29
860.0,195,34,2027-12-18,2026-09-29
870.0,183,53,2027-12-18,2026-09-29
880.0,155,8,2027-12-18,2026-09-29
890.0,119,40,2027-12-18,2026-09-29
900.0,2252,245,2027-12-18,2026-09-29
905.7,12,0,2027-12-18,2026-09-29
910.0,713,6,2027-12-18,2026-09-29
920.0,150,23,2027-12-18,2026-09-29
930.0,487,37,2027-12-18,2026-09-29
940.0,240,2,2027-12-18,2026-09-29
950.0,708,85,2027-12-18,2026-09-29
960.0,261,38,2027-12-18,2026-09-29
970.0,124,38,2027-12-18,2026-09-29
980.0,239,2,2027-12-18,2026-09-29
990.0,325,37,2027-12-18,2026-09-29
1000.0,2540,108,2027-12-18,2026-09-29
1010.0,749,2,2027-12-18,2026-09-29
1020.0,74,2,2027-12-18,2026-09-29
1030.0,1395,0,2027-12-18,2026-09-29
1040.0,214,0,2027-12-18,2026-09-29
1050.0,428,0,2027-12-18,2026-09-29
1060.0,256,1,2027-12-18,2026-09-29
1070.0,308,2,2027-12-18,2026-09-29
1080.0,216,3,2027-12-18,2026-09-29
1090.0,326,0,2027-12-18,2026-09-29
1100.0,1798,4,2027-12-18,2026-09-29
1110.0,91,2,2027-12-18,2026-09-29
1120.0,1512,0,2027-12-18,2026-09-29
1130.0,153,1,2027-12-18,2026-09-29
1140.0,43,1,2027-12-18,2026-09-29
1150.0,639,0,2027-12-18,2026-09-29
1160.0,81,0,2027-12-18,2026-09-29
1170.0,119,0,2027-12-18,2026-09-29
1180.0,65,0,2027-12-18,2026-09-29
1190.0,104,0,2027-12-18,2026-09-29
1200.0,808,1,2027-12-18,2026-09-29
1210.0,119,0,2027-12-18,2026-09-29
1220.0,210,1,2027-12-18,2026-09-29
1230.0,280,0,2027-12-18,2026-09-29
1240.0,134,0,2027-12-18,2026-09-29
1250.0,433,1,2027-12-18,2026-09-29
1260.0,109,0,2027-12-18,2026-09-29
1270.0,122,0,2027-12-18,2026-09-29
1280.0,294,0,2027-12-18,2026-09-29
1290.0,278,0,2027-12-18,2026-09-29
1300.0,5061,0,2027-12-18,2026-09-29
1310.0,25,0,2027-12-18,2026-09-29
1320.0,86,0,2027-12-18,2026-09-29
1330.0,7,0,2027-12-18,2026-09-29
1340.0,26,0,2027-12-18,2026-09-29
1350.0,77,0,2027-12-18,2026-09-29
1360.0,31,0,2027-12-18,2026-09-29
1370.0,4,0,2027-12-18,2026-09-29
1380.0,35,0,2027-12-18,2026-09-29
1390.0,10,0,2027-12-18,2026-09-29
1400.0,353,0,2027-12-18,2026-09-29
1410.0,11,0,2027-12-18,2026-09-29
1420.0,20,0,2027-12-18,2026-09-29
1430.0,57,0,2027-12-18,2026-09-29
1440.0,82,0,2027-12-18,2026-09-29
1450.0,861,0,2027-12-18,2026-09-29
1460.0,107,0,2027-12-18,2026-09-29
1470.0,480,0,2027-12-18,2026-09-29
1480.0,409,0,2027-12-18,2026-09-29
1490.0,51,0,2027-12-18,2026-09-29
5.0,1379,126,2028-01-22,2026-09-29
10.0,3,1,2028-01-22,2026-09-29
15.0,0,1,2028-01-22,2026-09-29
20.0,23,46,2028-01-22,2026-09-29
25.0,1,2,2028-01-22,2026-09-29
30.0,2,1,2028-01-22,2026-09-29
35.0,20,102,2028-01-22,2026-09-29
40.0,150,6,2028-01-22,2026-09-29
45.0,140,2,2028-01-22,2026-09-29
50.0,185,230,2028-01-22,2026-09-29
100.0,157,303,2028-01-22,2026-09-29
110.0,62,192,2028-01-22,2026-09-29
120.0,157,199,2028-01-22,2026-09-29
130.0,121,100,2028-01-22,2026-09-29
140.0,114,14,2028-01-22,2026-09-29
150.0,6,2429,2028-01-22,2026-09-29
160.0,141,65,2028-01-22,2026-09-29
170.0,66,84,2028-01-22,2026-09-29
180.0,50,199,2028-01-22,2026-09-29
190.0,18,533,2028-01-22,2026-09-29
200.0,115,793,2028-01-22,2026-09-29
210.0,170,127,2028-01-22,2026-09-29
220.0,107,122,2028-01-22,2026-09-29
230.0,155,27,2028-01-22,2026-09-29
240.0,8,79,2028-01-22,2026-09-29
250.0,127,209,2028-01-22,2026-09-29
260.0,66,112,2028-01-22,2026-09-29
270.0,76,116,2028-01-22,2026-09-29
280.0,38,4068,2028-01-22,2026-09-29
290.0,20,73,2028-01-22,2026-09-29
300.0,4,0,2028-01-22,2026-09-29
300.0,128,2527,2028-01-22,2026-09-29
310.0,75,142,2028-01-22,2026-09-29
320.0,84,161,2028-01-22,2026-09-29
330.0,41,139,2028-01-22,2026-09-29
340.0,141,545,2028-01-22,2026-09-29
350.0,121,1902,2028-01-22,2026-09-29
360.0,81,488,2028-01-22,2026-09-29
370.0,30,2338,2028-01-22,2026-09-29
380.0,95,796,2028-01-22,2026-09-29
390.0,96,421,2028-01-22,2026-09-29
400.0,355,1946,2028-01-22,2026-09-29
410.0,90,409,2028-01-22,2026-09-29
420.0,63,395,2028-01-22,2026-09-29
430.0,63,291,2028-01-22,2026-09-29
440.0,97,1260,2028-01-22,2026-09-29
450.0,208,1403,2028-01-22,2026-09-29
460.0,63,375,2028-01-22,2026-09-29
470.0,43,1274,2028-01-22,2026-09-29
480.0,300,659,2028-01-22,2026-09-29
490.0,70,883,2028-01-22,2026-09-29
500.0,1413,4476,2028-01-22,2026-09-29
510.0,622,545,2028-01-22,2026-09-29
520.0,695,1100,2028-01-22,2026-09-29
530.0,256,685,2028-01-22,2026-09-29
540.0,2311,856,2028-01-22,2026-09-29
550.0,1005,2735,2028-01-22,2026-09-29
560.0,218,657,2028-01-22,2026-09-29
570.0,193,725,2028-01-22,2026-09-29
580.0,468,946,2028-01-22,2026-09-29
590.0,371,455,2028-01-22,2026-09-29
593.0,0,36,2028-01-22,2026-09-29
600.0,4,0,2028-01-22,2026-09-29
600.0,2896,2908,2028-01-22,2026-09-29
610.0,623,595,2028-01-22,2026-09-29
620.0,437,542,2028-01-22,2026-09-29
630.0,519,425,2028-01-22,2026-09-29
640.0,567,535,2028-01-22,2026-09-29
650.0,1949,707,2028-01-22,2026-09-29
660.0,650,831,2028-01-22,2026-09-29
670.0,1137,365,2028-01-22,2026-09-29
680.0,1149,527,2028-01-22,2026-09-29
690.0,511,367,2028-01-22,2026-09-29
700.0,3645,2165,2028-01-22,2026-09-29
710.0,277,143,2028-01-22,2026-09-29
720.0,922,709,2028-01-22,2026-09-29
724.0,36,0,2028-01-22,2026-09-29
730.0,393,138,2028-01-22,2026-09-29
740.0,796,555,2028-01-22,2026-09-29
750.0,2202,474,2028-01-22,2026-09-29
760.0,1139,186,2028-01-22,2026-09-29
770.0,375,84,2028-01-22,2026-09-29
780.0,257,87,2028-01-22,2026-09-29
790.0,312,76,2028-01-22,2026-09-29
800.0,3294,1175,2028-01-22,2026-09-29
810.0,454,52,2028-01-22,2026-09-29
820.0,841,79,2028-01-22,2026-09-29
830.0,655,16,2028-01-22,2026-09-29
840.0,415,28,2028-01-22,2026-09-29
850.0,2691,204,2028-01-22,2026-09-29
860.0,719,58,2028-01-22,2026-09-29
870.0,1322,23,2028-01-22,2026-09-29
880.0,194,9,2028-01-22,2026-09-29
890.0,2057,12,2028-01-22,2026-09-29
900.0,2610,337,2028-01-22,2026-09-29
910.0,489,1,2028-01-22,2026-09-29
920.0,755,208,2028-01-22,2026-09-29
930.0,1983,7,2028-01-22,2026-09-29
940.0,537,10,2028-01-22,2026-09-29
950.0,1904,106,2028-01-22,2026-09-29
960.0,1004,18,2028-01-22,2026-09-29
970.0,299,11,2028-01-22,2026-09-29
980.0,614,9,2028-01-22,2026-09-29
990.0,2262,27,2028-01-22,2026-09-29
1000.0,16025,480,2028-01-22,2026-09-29
1010.0,369,4,2028-01-22,2026-09-29
1020.0,4290,10045,2028-01-22,2026-09-29
1030.0,139,3,2028-01-22,2026-09-29
1040.0,406,2,2028-01-22,2026-09-29
1050.0,3340,1,2028-01-22,2026-09-29
1060.0,1038,0,2028-01-22,2026-09-29
1070.0,4182,0,2028-01-22,2026-09-29
1080.0,191,1,2028-01-22,2026-09-29
1090.0,1695,0,2028-01-22,2026-09-29
1100.0,7304,0,2028-01-22,2026-09-29
1100.01,15225,0,2028-01-22,2026-09-29
1110.0,163,1,2028-01-22,2026-09-29
1120.0,134,0,2028-01-22,2026-09-29
1130.0,502,16,2028-01-22,2026-09-29
1140.0,159,2,2028-01-22,2026-09-29
1150.0,263,1,2028-01-22,2026-09-29
1160.0,189,1,2028-01-22,2026-09-29
1170.0,187,15,2028-01-22,2026-09-29
1180.0,100,0,2028-01-22,2026-09-29
1190.0,294,1,2028-01-22,2026-09-29
1200.0,7773,18,2028-01-22,2026-09-29
1210.0,339,0,2028-01-22,2026-09-29
1220.0,151,0,2028-01-22,2026-09-29
1230.0,246,1,2028-01-22,2026-09-29
1240.0,105,0,2028-01-22,2026-09-29
1250.0,388,0,2028-01-22,2026-09-29
1260.0,140,0,2028-01-22,2026-09-29
1270.0,7866,0,2028-01-22,2026-09-29
1280.0,312,0,2028-01-22,2026-09-29
1300.0,2585,0,2028-01-22,2026-09-29
1320.0,268,0,2028-01-22,2026-09-29
1340.0,154,0,2028-01-22,2026-09-29
1350.0,454,0,2028-01-22,2026-09-29
1360.0,185,0,2028-01-22,2026-09-29
1380.0,258,0,2028-01-22,2026-09-29
1400.0,659,0,2028-01-22,2026-09-29
1420.0,137,0,2028-01-22,2026-09-29
1430.0,280,0,2028-01-22,2026-09-29
1440.0,337,0,2028-01-22,2026-09-29
1450.0,275,0,2028-01-22,2026-09-29
1460.0,276,0,2028-01-22,2026-09-29
1470.0,327,0,2028-01-22,2026-09-29
1480.0,386,0,2028-01-22,2026-09-29
1490.0,303,0,2028-01-22,2026-09-29
1500.0,10003,0,2028-01-22,2026-09-29
5.0,694,255,2028-06-17,2026-09-29
10.0,1,0,2028-06-17,2026-09-29
15.0,0,0,2028-06-17,2026-09-29
20.0,1,0,2028-06-17,2026-09-29
25.0,0,0,2028-06-17,2026-09-29
30.0,0,0,2028-06-17,2026-09-29
35.0,0,0,2028-06-17,2026-09-29
40.0,1,0,2028-06-17,2026-09-29
45.0,0,0,2028-06-17,2026-09-29
50.0,0,352,2028-06-17,2026-09-29
55.0,0,103,2028-06-17,2026-09-29
60.0,1,353,2028-06-17,2026-09-29
65.0,1,60,2028-06-17,2026-09-29
70.0,4,55,2028-06-17,2026-09-29
75.0,0,58,2028-06-17,2026-09-29
80.0,0,0,2028-06-17,2026-09-29
85.0,0,3,2028-06-17,2026-09-29
90.0,0,5,2028-06-17,2026-09-29
95.0,0,5,2028-06-17,2026-09-29
100.0,2,75,2028-06-17,2026-09-29
105.0,1,84,2028-06-17,2026-09-29
110.0,0,16,2028-06-17,2026-09-29
115.0,2,0,2028-06-17,2026-09-29
120.0,48,5,2028-06-17,2026-09-29
125.0,3,1,2028-06-17,2026-09-29
130.0,34,1,2028-06-17,2026-09-29
135.0,33,6,2028-06-17,2026-09-29
140.0,3,9,2028-06-17,2026-09-29
145.0,0,1202,2028-06-17,2026-09-29
150.0,22,339,2028-06-17,2026-09-29
155.0,0,971,2028-06-17,2026-09-29
160.0,11,542,2028-06-17,2026-09-29
165.0,22,44,2028-06-17,2026-09-29
170.0,15,4,2028-06-17,2026-09-29
175.0,2,318,2028-06-17,2026-09-29
180.0,11,51,2028-06-17,2026-09-29
185.0,41,12,2028-06-17,2026-09-29
190.0,13,1161,2028-06-17,2026-09-29
195.0,1,322,2028-06-17,2026-09-29
200.0,100,1079,2028-06-17,2026-09-29
205.0,1,630,2028-06-17,2026-09-29
210.0,2,267,2028-06-17,2026-09-29
215.0,5,1163,2028-06-17,2026-09-29
220.0,14,20,2028-06-17,2026-09-29
225.0,12,348,2028-06-17,2026-09-29
230.0,6,1016,2028-06-17,2026-09-29
235.0,15,698,2028-06-17,2026-09-29
240.0,34,296,2028-06-17,2026-09-29
245.0,2,33,2028-06-17,2026-09-29
250.0,18,103,2028-06-17,2026-09-29
255.0,11,22,2028-06-17,2026-09-29
260.0,27,31,2028-06-17,2026-09-29
270.0,21,25,2028-06-17,2026-09-29
280.0,15,32,2028-06-17,2026-09-29
290.0,16,105,2028-06-17,2026-09-29
300.0,37,1882,2028-06-17,2026-09-29
310.0,36,208,2028-06-17,2026-09-29
320.0,53,1210,2028-06-17,2026-09-29
330.0,28,30,2028-06-17,2026-09-29
340.0,55,190,2028-06-17,2026-09-29
350.0,30,175,2028-06-17,2026-09-29
360.0,40,71,2028-06-17,2026-09-29
370.0,21,206,2028-06-17,2026-09-29
380.0,34,67,2028-06-17,2026-09-29
390.0,31,30,2028-06-17,2026-09-29
400.0,284,690,2028-06-17,2026-09-29
410.0,14,251,2028-06-17,2026-09-29
420.0,28,236,2028-06-17,2026-09-29
430.0,46,538,2028-06-17,2026-09-29
440.0,43,58,2028-06-17,2026-09-29
450.0,73,712,2028-06-17,2026-09-29
460.0,23,121,2028-06-17,2026-09-29
470.0,23,323,2028-06-17,2026-09-29
480.0,33,475,2028-06-17,2026-09-29
490.0,25,219,2028-06-17,2026-09-29
500.0,224,1184,2028-06-17,2026-09-29
510.0,46,85,2028-06-17,2026-09-29
520.0,48,180,2028-06-17,2026-09-29
530.0,109,358,2028-06-17,2026-09-29
540.0,122,127,2028-06-17,2026-09-29
550.0,543,1132,2028-06-17,2026-09-29
560.0,89,337,2028-06-17,2026-09-29
570.0,166,358,2028-06-17,2026-09-29
580.0,98,330,2028-06-17,2026-09-29
590.0,113,144,2028-06-17,2026-09-29
600.0,595,403,2028-06-17,2026-09-29
610.0,91,58,2028-06-17,2026-09-29
612.0,0,20,2028-06-17,2026-09-29
620.0,119,55,2028-06-17,2026-09-29
630.0,88,136,2028-06-17,2026-09-29
640.0,115,153,2028-06-17,2026-09-29
650.0,234,137,2028-06-17,2026-09-29
660.0,128,135,2028-06-17,2026-09-29
670.0,685,312,2028-06-17,2026-09-29
680.0,154,50,2028-06-17,2026-09-29
690.0,114,126,2028-06-17,2026-09-29
700.0,1107,167,2028-06-17,2026-09-29
710.0,203,102,2028-06-17,2026-09-29
720.0,401,141,2028-06-17,2026-09-29
730.0,204,139,2028-06-17,2026-09-29
740.0,202,12,2028-06-17,2026-09-29
750.0,220,53,2028-06-17,2026-09-29
760.0,106,51,2028-06-17,2026-09-29
770.0,165,3,2028-06-17,2026-09-29
780.0,102,46,2028-06-17,2026-09-29
790.0,182,53,2028-06-17,2026-09-29
800.0,790,482,2028-06-17,2026-09-29
810.0,131,9,2028-06-17,2026-09-29
820.0,114,5,2028-06-17,2026-09-29
830.0,26,11,2028-06-17,2026-09-29
840.0,791,10,2028-06-17,2026-09-29
850.0,158,2,2028-06-17,2026-09-29
860.0,109,4,2028-06-17,2026-09-29
870.0,425,3,2028-06-17,2026-09-29
880.0,68,1,2028-06-17,2026-09-29
890.0,53,12,2028-06-17,2026-09-29
900.0,263,4,2028-06-17,2026-09-29
910.0,65,1,2028-06-17,2026-09-29
920.0,38,2,2028-06-17,2026-09-29
930.0,27,0,2028-06-17,2026-09-29
940.0,240,53,2028-06-17,2026-09-29
950.0,152,11,2028-06-17,2026-09-29
960.0,36,32,2028-06-17,2026-09-29
970.0,163,1,2028-06-17,2026-09-29
972.4,20,0,2028-06-17,2026-09-29
980.0,79,33,2028-06-17,2026-09-29
990.0,74,1,2028-06-17,2026-09-29
1000.0,739,5,2028-06-17,2026-09-29
1010.0,1096,14,2028-06-17,2026-09-29
1020.0,757,28,2028-06-17,2026-09-29
1030.0,236,1,2028-06-17,2026-09-29
1040.0,115,5,2028-06-17,2026-09-29
1050.0,103,7,2028-06-17,2026-09-29
1060.0,262,2,2028-06-17,2026-09-29
1070.0,85,11,2028-06-17,2026-09-29
1080.0,125,5,2028-06-17,2026-09-29
1090.0,38,16,2028-06-17,2026-09-29
1100.0,222,11,2028-06-17,2026-09-29
1110.0,164,0,2028-06-17,2026-09-29
1120.0,255,1,2028-06-17,2026-09-29
1130.0,186,0,2028-06-17,2026-09-29
1140.0,1283,0,2028-06-17,2026-09-29
1150.0,94,0,2028-06-17,2026-09-29
1160.0,1619,0,2028-06-17,2026-09-29
1170.0,96,0,2028-06-17,2026-09-29
1180.0,81,0,2028-06-17,2026-09-29
1190.0,30,0,2028-06-17,2026-09-29
1200.0,5444,3,2028-06-17,2026-09-29
1210.0,85,4,2028-06-17,2026-09-29
1220.0,68,1,2028-06-17,2026-09-29
1230.0,35,1,2028-06-17,2026-09-29
1240.0,49,0,2028-06-17,2026-09-29
1250.0,65,0,2028-06-17,2026-09-29
1260.0,50,0,2028-06-17,2026-09-29
1270.0,63,10,2028-06-17,2026-09-29
1280.0,52,3,2028-06-17,2026-09-29
1290.0,55,0,2028-06-17,2026-09-29
1300.0,158,0,2028-06-17,2026-09-29
1310.0,63,0,2028-06-17,2026-09-29
1320.0,54,0,2028-06-17,2026-09-29
1330.0,39,0,2028-06-17,2026-09-29
1340.0,51,0,2028-06-17,2026-09-29
1350.0,146,1,2028-06-17,2026-09-29
1360.0,147,0,2028-06-17,2026-09-29
1370.0,67,1,2028-06-17,2026-09-29
1380.0,15,0,2028-06-17,2026-09-29
1390.0,50,0,2028-06-17,2026-09-29
1400.0,1472,0,2028-06-17,2026-09-29
1410.0,1515,0,2028-06-17,2026-09-29
1420.0,171,0,2028-06-17,2026-09-29
1430.0,81,0,2028-06-17,2026-09-29
1440.0,78,0,2028-06-17,2026-09-29
1450.0,154,0,2028-06-17,2026-09-29
1460.0,87,0,2028-06-17,2026-09-29
1470.0,109,0,2028-06-17,2026-09-29
1480.0,311,0,2028-06-17,2026-09-29
1490.0,165,0,2028-06-17,2026-09-29
5.0,3979,50,2028-12-16,2026-09-29
10.0,937,2,2028-12-16,2026-09-29
15.0,14,0,2028-12-16,2026-09-29
20.0,17,0,2028-12-16,2026-09-29
25.0,1,0,2028-12-16,2026-09-29
30.0,1,0,2028-12-16,2026-09-29
35.0,0,0,2028-12-16,2026-09-29
40.0,3,26,2028-12-16,2026-09-29
45.0,4,51,2028-12-16,2026-09-29
50.0,2,362,2028-12-16,2026-09-29
55.0,1,35,2028-12-16,2026-09-29
60.0,2,354,2028-12-16,2026-09-29
65.0,0,74,2028-12-16,2026-09-29
70.0,0,62,2028-12-16,2026-09-29
75.0,2,76,2028-12-16,2026-09-29
80.0,0,108,2028-12-16,2026-09-29
85.0,0,8,2028-12-16,2026-09-29
90.0,8,12,2028-12-16,2026-09-29
95.0,1,12,2028-12-16,2026-09-29
100.0,4,2559,2028-12-16,2026-09-29
105.0,18,9,2028-12-16,2026-09-29
110.0,23,6,2028-12-16,2026-09-29
115.0,6,4,2028-12-16,2026-09-29
120.0,23,8,2028-12-16,2026-09-29
125.0,18,0,2028-12-16,2026-09-29
130.0,5,56,2028-12-16,2026-09-29
135.0,32,21,2028-12-16,2026-09-29
140.0,61,59,2028-12-16,2026-09-29
145.0,14,10,2028-12-16,2026-09-29
150.0,6,131,2028-12-16,2026-09-29
155.0,26,396,2028-12-16,2026-09-29
160.0,18,71,2028-12-16,2026-09-29
165.0,13,13,2028-12-16,2026-09-29
170.0,45,25,2028-12-16,2026-09-29
175.0,41,66,2028-12-16,2026-09-29
180.0,13,60,2028-12-16,2026-09-29
185.0,31,11,2028-12-16,2026-09-29
190.0,25,73,2028-12-16,2026-09-29
195.0,46,774,2028-12-16,2026-09-29
200.0,171,207,2028-12-16,2026-09-29
210.0,39,56,2028-12-16,2026-09-29
220.0,122,47,2028-12-16,2026-09-29
230.0,56,55,2028-12-16,2026-09-29
240.0,162,60,2028-12-16,2026-09-29
250.0,116,153,2028-12-16,2026-09-29
260.0,53,81,2028-12-16,2026-09-29
270.0,64,39,2028-12-16,2026-09-29
280.0,36,60,2028-12-16,2026-09-29
290.0,44,84,2028-12-16,2026-09-29
300.0,997,1281,2028-12-16,2026-09-29
310.0,247,560,2028-12-16,2026-09-29
320.0,55,154,2028-12-16,2026-09-29
330.0,28,190,2028-12-16,2026-09-29
340.0,38,81,2028-12-16,2026-09-29
350.0,113,413,2028-12-16,2026-09-29
360.0,358,378,2028-12-16,2026-09-29
370.0,45,234,2028-12-16,2026-09-29
380.0,84,441,2028-12-16,2026-09-29
390.0,40,60,2028-12-16,2026-09-29
400.0,427,1533,2028-12-16,2026-09-29
410.0,96,341,2028-12-16,2026-09-29
420.0,63,73,2028-12-16,2026-09-29
430.0,59,382,2028-12-16,2026-09-29
440.0,129,356,2028-12-16,2026-09-29
450.0,197,1783,2028-12-16,2026-09-29
460.0,40,186,2028-12-16,2026-09-29
470.0,36,425,2028-12-16,2026-09-29
480.0,59,651,2028-12-16,2026-09-29
490.0,113,503,2028-12-16,2026-09-29
500.0,1306,3502,2028-12-16,2026-09-29
510.0,115,504,2028-12-16,2026-09-29
520.0,131,608,2028-12-16,2026-09-29
530.0,390,437,2028-12-16,2026-09-29
540.0,1174,730,2028-12-16,2026-09-29
550.0,879,1128,2028-12-16,2026-09-29
560.0,330,355,2028-12-16,2026-09-29
570.0,558,410,2028-12-16,2026-09-29
580.0,797,253,2028-12-16,2026-09-29
590.0,567,479,2028-12-16,2026-09-29
600.0,3186,1176,2028-12-16,2026-09-29
610.0,506,277,2028-12-16,2026-09-29
620.0,347,387,2028-12-16,2026-09-29
630.0,221,245,2028-12-16,2026-09-29
640.0,3019,307,2028-12-16,2026-09-29
650.0,2748,869,2028-12-16,2026-09-29
660.0,2412,193,2028-12-16,2026-09-29
670.0,570,628,2028-12-16,2026-09-29
680.0,239,161,2028-12-16,2026-09-29
690.0,375,122,2028-12-16,2026-09-29
700.0,2349,657,2028-12-16,2026-09-29
710.0,947,122,2028-12-16,2026-09-29
720.0,216,48,2028-12-16,2026-09-29
730.0,1571,115,2028-12-16,2026-09-29
740.0,1589,31,2028-12-16,2026-09-29
750.0,601,364,2028-12-16,2026-09-29
760.0,348,113,2028-12-16,2026-09-29
770.0,136,76,2028-12-16,2026-09-29
780.0,300,52,2028-12-16,2026-09-29
790.0,528,57,2028-12-16,2026-09-29
800.0,1653,185,2028-12-16,2026-09-29
810.0,819,57,2028-12-16,2026-09-29
820.0,133,43,2028-12-16,2026-09-29
830.0,249,22,2028-12-16,2026-09-29
840.0,202,20,2028-12-16,2026-09-29
850.0,542,32,2028-12-16,2026-09-29
860.0,258,24,2028-12-16,2026-09-29
870.0,572,47,2028-12-16,2026-09-29
880.0,247,210,2028-12-16,2026-09-29
890.0,79,122,2028-12-16,2026-09-29
900.0,890,214,2028-12-16,2026-09-29
910.0,348,46,2028-12-16,2026-09-29
920.0,313,70,2028-12-16,2026-09-29
930.0,514,2,2028-12-16,2026-09-29
940.0,679,85,2028-12-16,2026-09-29
950.0,380,76,2028-12-16,2026-09-29
960.0,75,5,2028-12-16,2026-09-29
970.0,151,85,2028-12-16,2026-09-29
980.0,199,23,2028-12-16,2026-09-29
990.0,230,24,2028-12-16,2026-09-29
1000.0,2206,118,2028-12-16,2026-09-29
1010.0,102,145,2028-12-16,2026-09-29
1020.0,83,5,2028-12-16,2026-09-29
1030.0,84,130,2028-12-16,2026-09-29
1040.0,54,19,2028-12-16,2026-09-29
1050.0,296,214,2028-12-16,2026-09-29
1060.0,87,14,2028-12-16,2026-09-29
1070.0,19,5,2028-12-16,2026-09-29
1080.0,358,55,2028-12-16,2026-09-29
1090.0,595,21,2028-12-16,2026-09-29
1100.0,2430,182,2028-12-16,2026-09-29
1110.0,344,6,2028-12-16,2026-09-29
1120.0,66,79,2028-12-16,2026-09-29
1130.0,93,4,2028-12-16,2026-09-29
1140.0,1216,0,2028-12-16,2026-09-29
1150.0,175,1,2028-12-16,2026-09-29
1160.0,352,0,2028-12-16,2026-09-29
1170.0,183,0,2028-12-16,2026-09-29
1180.0,519,0,2028-12-16,2026-09-29
1190.0,28,0,2028-12-16,2026-09-29
1200.0,786,2,2028-12-16,2026-09-29
1210.0,54,1,2028-12-16,2026-09-29
1220.0,98,1,2028-12-16,2026-09-29
1230.0,19,20,2028-12-16,2026-09-29
1240.0,26,0,2028-12-16,2026-09-29
1250.0,1057,0,2028-12-16,2026-09-29
1260.0,85,0,2028-12-16,2026-09-29
1270.0,42,1,2028-12-16,2026-09-29
1280.0,143,10,2028-12-16,2026-09-29
1290.0,200,0,2028-12-16,2026-09-29
1300.0,239,1,2028-12-16,2026-09-29
1310.0,2284,0,2028-12-16,2026-09-29
1320.0,25,1,2028-12-16,2026-09-29
1330.0,876,2,2028-12-16,2026-09-29
1340.0,36,0,2028-12-16,2026-09-29
1350.0,202,1,2028-12-16,2026-09-29
1360.0,142,1,2028-12-16,2026-09-29
1370.0,157,10,2028-12-16,2026-09-29
1380.0,141,10,2028-12-16,2026-09-29
1390.0,55,1,2028-12-16,2026-09-29
1400.0,2388,5,2028-12-16,2026-09-29
1410.0,167,0,2028-12-16,2026-09-29
1420.0,70,1,2028-12-16,2026-09-29
1430.0,61,0,2028-12-16,2026-09-29
1440.0,78,0,2028-12-16,2026-09-29
1450.0,1635,0,2028-12-16,2026-09-29
1460.0,1113,0,2028-12-16,2026-09-29
1470.0,268,1,2028-12-16,2026-09-29
1480.0,4673,0,2028-12-16,2026-09-29
1490.0,212,2,2028-12-16,2026-09-29
200.0,5,56,2029-01-20,2026-09-29
220.0,0,1,2029-01-20,2026-09-29
240.0,2,8,2029-01-20,2026-09-29
260.0,1,17,2029-01-20,2026-09-29
280.0,1,16,2029-01-20,2026-09-29
300.0,5,28,2029-01-20,2026-09-29
320.0,1,5,2029-01-20,2026-09-29
340.0,4,16,2029-01-20,2026-09-29
350.0,5,12,2029-01-20,2026-09-29
360.0,8,10,2029-01-20,2026-09-29
370.0,3,2,2029-01-20,2026-09-29
380.0,8,2,2029-01-20,2026-09-29
390.0,1,0,2029-01-20,2026-09-29
400.0,0,75,2029-01-20,2026-09-29
400.0,59,16,2029-01-20,2026-09-29
410.0,0,1,2029-01-20,2026-09-29
420.0,101,5,2029-01-20,2026-09-29
430.0,1,2,2029-01-20,2026-09-29
440.0,0,100,2029-01-20,2026-09-29
440.0,4,4,2029-01-20,2026-09-29
450.0,5,3,2029-01-20,2026-09-29
460.0,10,7,2029-01-20,2026-09-29
470.0,0,3,2029-01-20,2026-09-29
480.0,10,8,2029-01-20,2026-09-29
490.0,1,5,2029-01-20,2026-09-29
500.0,0,50,2029-01-20,2026-09-29
500.0,65,92,2029-01-20,2026-09-29
510.0,14,0,2029-01-20,2026-09-29
520.0,1,6,2029-01-20,2026-09-29
530.0,0,3,2029-01-20,2026-09-29
540.0,2,2,2029-01-20,2026-09-29
550.0,6,13,2029-01-20,2026-09-29
560.0,3278,22,2029-01-20,2026-09-29
570.0,6,6,2029-01-20,2026-09-29
580.0,10,18,2029-01-20,2026-09-29
590.0,8,3,2029-01-20,2026-09-29
593.0,0,12,2029-01-20,2026-09-29
600.0,56,117,2029-01-20,2026-09-29
610.0,54,8,2029-01-20,2026-09-29
620.0,64,16,2029-01-20,2026-09-29
630.0,50,19,2029-01-20,2026-09-29
640.0,11,6,2029-01-20,2026-09-29
650.0,0,12,2029-01-20,2026-09-29
650.0,46,34,2029-01-20,2026-09-29
660.0,95,36,2029-01-20,2026-09-29
670.0,30,21,2029-01-20,2026-09-29
680.0,89,5,2029-01-20,2026-09-29
690.0,44,73,2029-01-20,2026-09-29
700.0,73,46,2029-01-20,2026-09-29
710.0,37,37,2029-01-20,2026-09-29
720.0,67,42,2029-01-20,2026-09-29
730.0,58,17,2029-01-20,2026-09-29
740.0,29,16,2029-01-20,2026-09-29
750.0,485,22,2029-01-20,2026-09-29
760.0,25,9,2029-01-20,2026-09-29
770.0,12,0,2029-01-20,2026-09-29
770.0,20,5,2029-01-20,2026-09-29
780.0,47,11,2029-01-20,2026-09-29
790.0,159,0,2029-01-20,2026-09-29
800.0,276,24,2029-01-20,2026-09-29
810.0,50,16,2029-01-20,2026-09-29
820.0,17,10,2029-01-20,2026-09-29
830.0,3,11,2029-01-20,2026-09-29
840.0,22,20,2029-01-20,2026-09-29
850.0,19,22,2029-01-20,2026-09-29
860.0,2,0,2029-01-20,2026-09-29
870.0,4,1,2029-01-20,2026-09-29
880.0,6,12,2029-01-20,2026-09-29
890.0,30,0,2029-01-20,2026-09-29
900.0,168,2,2029-01-20,2026-09-29
910.0,10,0,2029-01-20,2026-09-29
920.0,3,0,2029-01-20,2026-09-29
930.0,0,8,2029-01-20,2026-09-29
940.0,0,0,2029-01-20,2026-09-29
950.0,11,0,2029-01-20,2026-09-29
960.0,32,0,2029-01-20,2026-09-29
980.0,2,0,2029-01-20,2026-09-29
1000.0,111,7,2029-01-20,2026-09-29
1020.0,8,8,2029-01-20,2026-09-29
1040.0,5,0,2029-01-20,2026-09-29
1060.0,2,8,2029-01-20,2026-09-29
1080.0,9,0,2029-01-20,2026-09-29
1100.0,36,1,2029-01-20,2026-09-29
1120.0,104,0,2029-01-20,2026-09-29
1135.0,12,0,2029-01-20,2026-09-29
1140.0,4,0,2029-01-20,2026-09-29
1160.0,3,0,2029-01-20,2026-09-29
1180.0,1,0,2029-01-20,2026-09-29
1200.0,61,31,2029-01-20,2026-09-29
1220.0,1,0,2029-01-20,2026-09-29
1240.0,0,0,2029-01-20,2026-09-29
1260.0,3,0,2029-01-20,2026-09-29
1280.0,2,0,2029-01-20,2026-09-29
1300.0,15,31,2029-01-20,2026-09-29
1320.0,75,5,2029-01-20,2026-09-29
1330.0,0,0,2029-01-20,2026-09-29
1340.0,25,0,2029-01-20,2026-09-29
1350.0,15,30,2029-01-20,2026-09-29
1360.0,0,0,2029-01-20,2026-09-29
1370.0,1,0,2029-01-20,2026-09-29
1380.0,3,0,2029-01-20,2026-09-29
1390.0,0,0,2029-01-20,2026-09-29
1400.0,5,3,2029-01-20,2026-09-29
1410.0,0,0,2029-01-20,2026-09-29
1420.0,0,0,2029-01-20,2026-09-29
1430.0,1,0,2029-01-20,2026-09-29
1440.0,1,0,2029-01-20,2026-09-29
1450.0,2,30,2029-01-20,2026-09-29
1460.0,15,0,2029-01-20,2026-09-29
1470.0,20,0,2029-01-20,2026-09-29
1480.0,12,1,2029-01-20,2026-09-29
1490.0,221,0,2029-01-20,2026-09-29
605.13,0,18,2029-02-17,2026-09-29
770.0,18,0,2029-02-17,2026-09-29
605.0,0,18,2029-12-22,2026-09-29
620.0,0,18,2029-12-22,2026-09-29
833.35,18,0,2029-12-22,2026-09-29
873.09,20,20,2029-12-22,2026-09-29
889.87,18,0,2029-12-22,2026-09-29
485.0,0,31,2030-01-19,2026-09-29
490.0,0,60,2030-01-19,2026-09-29
593.0,0,36,2030-02-16,2026-09-29
885.0,36,0,2030-02-16,2026-09-29
610.0,0,18,2030-06-22,2026-09-29
943.37,18,0,2030-06-22,2026-09-29
400.0,0,75,2031-01-18,2026-09-29
600.0,0,12,2031-01-18,2026-09-29
964.63,12,0,2031-01-18,2026-09-29
