Strike,Call,Put,Expiry,Date
770.0,97,0,2026-10-02,2026-10-02
100.0,16,0,2026-10-03,2026-10-02
110.0,17,0,2026-10-03,2026-10-02
120.0,20,0,2026-10-03,2026-10-02
130.0,8,11,2026-10-03,2026-10-02
140.0,8,0,2026-10-03,2026-10-02
150.0,21,1053,2026-10-03,2026-10-02
160.0,4,0,2026-10-03,2026-10-02
170.0,14,0,2026-10-03,2026-10-02
180.0,5,1000,2026-10-03,2026-10-02
190.0,15,104,2026-10-03,2026-10-02
200.0,33,34,2026-10-03,2026-10-02
210.0,16,0,2026-10-03,2026-10-02
220.0,22,0,2026-10-03,2026-10-02
230.0,13,0,2026-10-03,2026-10-02
240.0,9,0,2026-10-03,2026-10-02
250.0,21,0,2026-10-03,2026-10-02
260.0,4,12,2026-10-03,2026-10-02
270.0,14,80,2026-10-03,2026-10-02
280.0,5,1,2026-10-03,2026-10-02
290.0,18,0,2026-10-03,2026-10-02
300.0,12,98,2026-10-03,2026-10-02
310.0,10,9,2026-10-03,2026-10-02
320.0,2,7,2026-10-03,2026-10-02
330.0,5,13,2026-10-03,2026-10-02
340.0,2,6,2026-10-03,2026-10-02
350.0,0,263,2026-10-03,2026-10-02
360.0,0,118,2026-10-03,2026-10-02
370.0,0,17,2026-10-03,2026-10-02
380.0,0,85,2026-10-03,2026-10-02
390.0,0,10,2026-10-03,2026-10-02
400.0,20,241,2026-10-03,2026-10-02
405.0,14,48,2026-10-03,2026-10-02
410.0,11,35,2026-10-03,2026-10-02
415.0,6,121,2026-10-03,2026-10-02
420.0,5,79,2026-10-03,2026-10-02
425.0,8,36,2026-10-03,2026-10-02
430.0,9,57,2026-10-03,2026-10-02
435.0,13,38,2026-10-03,2026-10-02
440.0,15,292,2026-10-03,2026-10-02
445.0,4,88,2026-10-03,2026-10-02
450.0,4,74,2026-10-03,2026-10-02
455.0,2,880,2026-10-03,2026-10-02
460.0,0,228,2026-10-03,2026-10-02
465.0,0,359,2026-10-03,2026-10-02
470.0,3,267,2026-10-03,2026-10-02
475.0,2,467,2026-10-03,2026-10-02
480.0,3,333,2026-10-03,2026-10-02
485.0,2,146,2026-10-03,2026-10-02
490.0,16,420,2026-10-03,2026-10-02
495.0,42,205,2026-10-03,2026-10-02
500.0,37,658,2026-10-03,2026-10-02
505.0,13,369,2026-10-03,2026-10-02
510.0,14,344,2026-10-03,2026-10-02
515.0,8,2037,2026-10-03,2026-10-02
520.0,0,133,2026-10-03,2026-10-02
520.0,61,584,2026-10-03,2026-10-02
525.0,14,425,2026-10-03,2026-10-02
530.0,62,597,2026-10-03,2026-10-02
535.0,15,246,2026-10-03,2026-10-02
540.0,3000,3019,2026-10-03,2026-10-02
540.0,79,2081,2026-10-03,2026-10-02
545.0,41,644,2026-10-03,2026-10-02
550.0,161,645,2026-10-03,2026-10-02
555.0,135,435,2026-10-03,2026-10-02
560.0,78,1082,2026-10-03,2026-10-02
565.0,269,1037,2026-10-03,2026-10-02
570.0,377,430,2026-10-03,2026-10-02
572.5,84,260,2026-10-03,2026-10-02
575.0,206,594,2026-10-03,2026-10-02
577.5,35,333,2026-10-03,2026-10-02
580.0,202,809,2026-10-03,2026-10-02
582.5,21,461,2026-10-03,2026-10-02
585.0,140,1477,2026-10-03,2026-10-02
587.5,12,215,2026-10-03,2026-10-02
590.0,261,555,2026-10-03,2026-10-02
592.5,15,186,2026-10-03,2026-10-02
595.0,792,464,2026-10-03,2026-10-02
597.5,34,143,2026-10-03,2026-10-02
600.0,6000,6000,2026-10-03,2026-10-02
600.0,500,6066,2026-10-03,2026-10-02
602.5,9,273,2026-10-03,2026-10-02
605.0,353,1389,2026-10-03,2026-10-02
607.5,22,136,2026-10-03,2026-10-02
610.0,166,444,2026-10-03,2026-10-02
612.5,18,54,2026-10-03,2026-10-02
615.0,1167,573,2026-10-03,2026-10-02
617.5,33,349,2026-10-03,2026-10-02
620.0,433,1120,2026-10-03,2026-10-02
622.5,10,32,2026-10-03,2026-10-02
625.0,178,552,2026-10-03,2026-10-02
627.5,10,67,2026-10-03,2026-10-02
630.0,398,2166,2026-10-03,2026-10-02
632.5,63,152,2026-10-03,2026-10-02
635.0,186,815,2026-10-03,2026-10-02
637.5,19,133,2026-10-03,2026-10-02
640.0,479,1040,2026-10-03,2026-10-02
642.5,12,202,2026-10-03,2026-10-02
645.0,133,0,2026-10-03,2026-10-02
645.0,407,646,2026-10-03,2026-10-02
647.5,50,134,2026-10-03,2026-10-02
650.0,1423,2419,2026-10-03,2026-10-02
652.5,15,1938,2026-10-03,2026-10-02
655.0,840,2773,2026-10-03,2026-10-02
657.5,15,201,2026-10-03,2026-10-02
660.0,944,974,2026-10-03,2026-10-02
662.5,68,249,2026-10-03,2026-10-02
665.0,327,521,2026-10-03,2026-10-02
667.5,226,210,2026-10-03,2026-10-02
670.0,4607,2288,2026-10-03,2026-10-02
672.5,58,763,2026-10-03,2026-10-02
675.0,475,1478,2026-10-03,2026-10-02
677.5,68,888,2026-10-03,2026-10-02
680.0,957,1925,2026-10-03,2026-10-02
682.5,44,659,2026-10-03,2026-10-02
685.0,290,1231,2026-10-03,2026-10-02
687.5,61,1042,2026-10-03,2026-10-02
690.0,1008,0,2026-10-03,2026-10-02
690.0,509,1955,2026-10-03,2026-10-02
692.5,1024,687,2026-10-03,2026-10-02
695.0,427,1200,2026-10-03,2026-10-02
697.5,66,825,2026-10-03,2026-10-02
700.0,1318,6334,2026-10-03,2026-10-02
702.5,95,551,2026-10-03,2026-10-02
705.0,202,1355,2026-10-03,2026-10-02
707.5,121,498,2026-10-03,2026-10-02
710.0,1429,2307,2026-10-03,2026-10-02
712.5,247,951,2026-10-03,2026-10-02
715.0,803,3313,2026-10-03,2026-10-02
717.5,550,873,2026-10-03,2026-10-02
720.0,2977,4045,2026-10-03,2026-10-02
722.5,856,1007,2026-10-03,2026-10-02
725.0,1757,2394,2026-10-03,2026-10-02
727.5,1157,842,2026-10-03,2026-10-02
730.0,3259,2645,2026-10-03,2026-10-02
732.5,1881,442,2026-10-03,2026-10-02
735.0,2349,1020,2026-10-03,2026-10-02
737.5,804,395,2026-10-03,2026-10-02
740.0,7138,1621,2026-10-03,2026-10-02
742.5,1591,166,2026-10-03,2026-10-02
745.0,3223,547,2026-10-03,2026-10-02
747.5,1301,403,2026-10-03,2026-10-02
750.0,13616,1508,2026-10-03,2026-10-02
752.5,3887,594,2026-10-03,2026-10-02
755.0,2620,655,2026-10-03,2026-10-02
757.5,934,357,2026-10-03,2026-10-02
760.0,3880,360,2026-10-03,2026-10-02
765.0,5959,112,2026-10-03,2026-10-02
770.0,4449,8,2026-10-03,2026-10-02
775.0,2,0,2026-10-03,2026-10-02
775.0,6960,10,2026-10-03,2026-10-02
780.0,4359,4,2026-10-03,2026-10-02
785.0,3755,0,2026-10-03,2026-10-02
790.0,7862,1,2026-10-03,2026-10-02
795.0,1651,0,2026-10-03,2026-10-02
800.0,15310,4,2026-10-03,2026-10-02
805.0,2262,0,2026-10-03,2026-10-02
810.0,2321,0,2026-10-03,2026-10-02
815.0,2206,0,2026-10-03,2026-10-02
820.0,3456,0,2026-10-03,2026-10-02
825.0,942,0,2026-10-03,2026-10-02
830.0,6174,0,2026-10-03,2026-10-02
835.0,1080,0,2026-10-03,2026-10-02
840.0,572,2,2026-10-03,2026-10-02
845.0,225,0,2026-10-03,2026-10-02
850.0,2363,0,2026-10-03,2026-10-02
855.0,466,0,2026-10-03,2026-10-02
860.0,1175,0,2026-10-03,2026-10-02
865.0,810,0,2026-10-03,2026-10-02
870.0,783,0,2026-10-03,2026-10-02
875.0,193,0,2026-10-03,2026-10-02
880.0,1394,0,2026-10-03,2026-10-02
885.0,805,0,2026-10-03,2026-10-02
890.0,544,0,2026-10-03,2026-10-02
895.0,548,0,2026-10-03,2026-10-02
900.0,1640,0,2026-10-03,2026-10-02
905.0,362,0,2026-10-03,2026-10-02
910.0,185,0,2026-10-03,2026-10-02
915.0,115,0,2026-10-03,2026-10-02
920.0,1168,0,2026-10-03,2026-10-02
925.0,132,0,2026-10-03,2026-10-02
930.0,987,0,2026-10-03,2026-10-02
935.0,350,0,2026-10-03,2026-10-02
940.0,158,0,2026-10-03,2026-10-02
945.0,410,0,2026-10-03,2026-10-02
950.0,1296,0,2026-10-03,2026-10-02
955.0,917,0,2026-10-03,2026-10-02
960.0,456,0,2026-10-03,2026-10-02
965.0,347,0,2026-10-03,2026-10-02
970.0,423,0,2026-10-03,2026-10-02
975.0,735,0,2026-10-03,2026-10-02
980.0,192,0,2026-10-03,2026-10-02
985.0,233,0,2026-10-03,2026-10-02
990.0,325,0,2026-10-03,2026-10-02
995.0,240,0,2026-10-03,2026-10-02
1000.0,738,0,2026-10-03,2026-10-02
1010.0,214,0,2026-10-03,2026-10-02
1020.0,385,0,2026-10-03,2026-10-02
1030.0,186,0,2026-10-03,2026-10-02
1040.0,262,0,2026-10-03,2026-10-02
1050.0,248,0,2026-10-03,2026-10-02
1060.0,405,0,2026-10-03,2026-10-02
1070.0,86,0,2026-10-03,2026-10-02
1080.0,21,0,2026-10-03,2026-10-02
1090.0,74,0,2026-10-03,2026-10-02
1100.0,31,0,2026-10-03,2026-10-02
1110.0,0,0,2026-10-03,2026-10-02
1120.0,2,0,2026-10-03,2026-10-02
1130.0,1,0,2026-10-03,2026-10-02
1140.0,8,0,2026-10-03,2026-10-02
1150.0,0,0,2026-10-03,2026-10-02
1160.0,7,0,2026-10-03,2026-10-02
1170.0,2,0,2026-10-03,2026-10-02
1180.0,4,0,2026-10-03,2026-10-02
1190.0,3,0,2026-10-03,2026-10-02
1200.0,108,0,2026-10-03,2026-10-02
1210.0,9,0,2026-10-03,2026-10-02
1220.0,2,0,2026-10-03,2026-10-02
1230.0,4,0,2026-10-03,2026-10-02
1240.0,25,0,2026-10-03,2026-10-02
1250.0,10,0,2026-10-03,2026-10-02
1260.0,64,0,2026-10-03,2026-10-02
1270.0,3,0,2026-10-03,2026-10-02
1280.0,4,0,2026-10-03,2026-10-02
1290.0,9,0,2026-10-03,2026-10-02
1300.0,0,0,2026-10-03,2026-10-02
1310.0,2,0,2026-10-03,2026-10-02
1320.0,13,0,2026-10-03,2026-10-02
1330.0,2,0,2026-10-03,2026-10-02
1340.0,17,0,2026-10-03,2026-10-02
1350.0,13,0,2026-10-03,2026-10-02
1360.0,8,0,2026-10-03,2026-10-02
1370.0,2,0,2026-10-03,2026-10-02
1380.0,4,0,2026-10-03,2026-10-02
1390.0,11,0,2026-10-03,2026-10-02
1400.0,0,0,2026-10-03,2026-10-02
1410.0,21,0,2026-10-03,2026-10-02
1420.0,2,0,2026-10-03,2026-10-02
1430.0,56,0,2026-10-03,2026-10-02
1440.0,0,0,2026-10-03,2026-10-02
1450.0,0,0,2026-10-03,2026-10-02
1460.0,0,0,2026-10-03,2026-10-02
1470.0,146,0,2026-10-03,2026-10-02
1480.0,100,0,2026-10-03,2026-10-02
1490.0,21,0,2026-10-03,2026-10-02
510.0,0,0,2026-10-06,2026-10-02
515.0,0,9,2026-10-06,2026-10-02
520.0,0,1,2026-10-06,2026-10-02
525.0,0,0,2026-10-06,2026-10-02
530.0,0,11,2026-10-06,2026-10-02
535.0,0,0,2026-10-06,2026-10-02
540.0,0,6,2026-10-06,2026-10-02
545.0,0,0,2026-10-06,2026-10-02
550.0,0,0,2026-10-06,2026-10-02
555.0,0,1,2026-10-06,2026-10-02
560.0,0,0,2026-10-06,2026-10-02
565.0,0,0,2026-10-06,2026-10-02
570.0,0,7,2026-10-06,2026-10-02
575.0,26,0,2026-10-06,2026-10-02
580.0,21,10,2026-10-06,2026-10-02
585.0,0,0,2026-10-06,2026-10-02
590.0,1,8,2026-10-06,2026-10-02
595.0,9,1,2026-10-06,2026-10-02
600.0,51,36,2026-10-06,2026-10-02
605.0,0,10,2026-10-06,2026-10-02
610.0,10,0,2026-10-06,2026-10-02
615.0,1,7,2026-10-06,2026-10-02
620.0,0,117,2026-10-06,2026-10-02
625.0,1,129,2026-10-06,2026-10-02
630.0,3,32,2026-10-06,2026-10-02
635.0,4,53,2026-10-06,2026-10-02
637.5,5,26,2026-10-06,2026-10-02
640.0,22,56,2026-10-06,2026-10-02
642.5,9,10,2026-10-06,2026-10-02
645.0,6,23,2026-10-06,2026-10-02
647.5,11,38,2026-10-06,2026-10-02
650.0,7,233,2026-10-06,2026-10-02
652.5,7,20,2026-10-06,2026-10-02
655.0,15,112,2026-10-06,2026-10-02
657.5,9,30,2026-10-06,2026-10-02
660.0,4,101,2026-10-06,2026-10-02
662.5,5,54,2026-10-06,2026-10-02
665.0,71,105,2026-10-06,2026-10-02
667.5,21,25,2026-10-06,2026-10-02
670.0,24,282,2026-10-06,2026-10-02
672.5,13,98,2026-10-06,2026-10-02
675.0,7,197,2026-10-06,2026-10-02
677.5,55,103,2026-10-06,2026-10-02
680.0,46,807,2026-10-06,2026-10-02
682.5,29,139,2026-10-06,2026-10-02
685.0,41,256,2026-10-06,2026-10-02
687.5,50,166,2026-10-06,2026-10-02
690.0,9,482,2026-10-06,2026-10-02
692.5,20,113,2026-10-06,2026-10-02
695.0,22,153,2026-10-06,2026-10-02
697.5,57,128,2026-10-06,2026-10-02
700.0,340,1027,2026-10-06,2026-10-02
702.5,59,326,2026-10-06,2026-10-02
705.0,78,194,2026-10-06,2026-10-02
707.5,47,154,2026-10-06,2026-10-02
710.0,181,245,2026-10-06,2026-10-02
712.5,72,280,2026-10-06,2026-10-02
715.0,57,203,2026-10-06,2026-10-02
717.5,40,1273,2026-10-06,2026-10-02
720.0,2053,550,2026-10-06,2026-10-02
722.5,192,253,2026-10-06,2026-10-02
725.0,704,227,2026-10-06,2026-10-02
727.5,237,357,2026-10-06,2026-10-02
730.0,1094,748,2026-10-06,2026-10-02
732.5,283,147,2026-10-06,2026-10-02
735.0,559,266,2026-10-06,2026-10-02
737.5,335,103,2026-10-06,2026-10-02
740.0,3281,101,2026-10-06,2026-10-02
742.5,335,81,2026-10-06,2026-10-02
745.0,1744,136,2026-10-06,2026-10-02
747.5,165,241,2026-10-06,2026-10-02
750.0,1585,225,2026-10-06,2026-10-02
755.0,616,88,2026-10-06,2026-10-02
760.0,472,50,2026-10-06,2026-10-02
765.0,448,213,2026-10-06,2026-10-02
770.0,503,53,2026-10-06,2026-10-02
775.0,556,69,2026-10-06,2026-10-02
780.0,316,1,2026-10-06,2026-10-02
785.0,241,0,2026-10-06,2026-10-02
790.0,741,0,2026-10-06,2026-10-02
795.0,243,0,2026-10-06,2026-10-02
800.0,1203,0,2026-10-06,2026-10-02
805.0,147,7,2026-10-06,2026-10-02
810.0,150,0,2026-10-06,2026-10-02
815.0,273,0,2026-10-06,2026-10-02
820.0,178,0,2026-10-06,2026-10-02
825.0,91,0,2026-10-06,2026-10-02
830.0,191,0,2026-10-06,2026-10-02
835.0,29,0,2026-10-06,2026-10-02
840.0,44,0,2026-10-06,2026-10-02
845.0,61,0,2026-10-06,2026-10-02
850.0,362,0,2026-10-06,2026-10-02
855.0,21,0,2026-10-06,2026-10-02
860.0,23,0,2026-10-06,2026-10-02
865.0,25,0,2026-10-06,2026-10-02
870.0,59,0,2026-10-06,2026-10-02
875.0,29,0,2026-10-06,2026-10-02
880.0,38,0,2026-10-06,2026-10-02
885.0,149,0,2026-10-06,2026-10-02
890.0,7,0,2026-10-06,2026-10-02
895.0,21,0,2026-10-06,2026-10-02
900.0,50,0,2026-10-06,2026-10-02
905.0,0,0,2026-10-06,2026-10-02
910.0,80,0,2026-10-06,2026-10-02
915.0,17,0,2026-10-06,2026-10-02
920.0,11,0,2026-10-06,2026-10-02
925.0,12,0,2026-10-06,2026-10-02
930.0,11,0,2026-10-06,2026-10-02
935.0,6,0,2026-10-06,2026-10-02
940.0,9,0,2026-10-06,2026-10-02
945.0,0,0,2026-10-06,2026-10-02
950.0,4,0,2026-10-06,2026-10-02
955.0,1,0,2026-10-06,2026-10-02
960.0,0,0,2026-10-06,2026-10-02
965.0,0,0,2026-10-06,2026-10-02
970.0,0,0,2026-10-06,2026-10-02
975.0,17,0,2026-10-06,2026-10-02
980.0,0,0,2026-10-06,2026-10-02
985.0,0,0,2026-10-06,2026-10-02
990.0,0,0,2026-10-06,2026-10-02
1000.0,84,0,2026-10-06,2026-10-02
1010.0,0,0,2026-10-06,2026-10-02
1020.0,0,0,2026-10-06,2026-10-02
1030.0,0,0,2026-10-06,2026-10-02
1040.0,0,0,2026-10-06,2026-10-02
1050.0,1,0,2026-10-06,2026-10-02
1060.0,0,0,2026-10-06,2026-10-02
1070.0,1,0,2026-10-06,2026-10-02
1080.0,0,0,2026-10-06,2026-10-02
1090.0,0,0,2026-10-06,2026-10-02
1100.0,0,0,2026-10-06,2026-10-02
1110.0,0,0,2026-10-06,2026-10-02
1120.0,0,0,2026-10-06,2026-10-02
1130.0,0,0,2026-10-06,2026-10-02
1140.0,0,0,2026-10-06,2026-10-02
1150.0,0,0,2026-10-06,2026-10-02
1160.0,0,0,2026-10-06,2026-10-02
1170.0,0,0,2026-10-06,2026-10-02
1180.0,0,0,2026-10-06,2026-10-02
1190.0,0,0,2026-10-06,2026-10-02
1200.0,0,0,2026-10-06,2026-10-02
1210.0,0,0,2026-10-06,2026-10-02
1220.0,0,0,2026-10-06,2026-10-02
1230.0,0,0,2026-10-06,2026-10-02
1240.0,0,0,2026-10-06,2026-10-02
1250.0,0,0,2026-10-06,2026-10-02
1260.0,0,0,2026-10-06,2026-10-02
1270.0,0,0,2026-10-06,2026-10-02
1280.0,0,0,2026-10-06,2026-10-02
1290.0,0,0,2026-10-06,2026-10-02
1300.0,0,0,2026-10-06,2026-10-02
1310.0,0,0,2026-10-06,2026-10-02
1320.0,0,0,2026-10-06,2026-10-02
1330.0,0,0,2026-10-06,2026-10-02
1340.0,0,0,2026-10-06,2026-10-02
1350.0,0,0,2026-10-06,2026-10-02
1360.0,0,0,2026-10-06,2026-10-02
1370.0,0,0,2026-10-06,2026-10-02
1380.0,0,0,2026-10-06,2026-10-02
1390.0,0,0,2026-10-06,2026-10-02
1400.0,0,0,2026-10-06,2026-10-02
1410.0,0,0,2026-10-06,2026-10-02
1420.0,0,0,2026-10-06,2026-10-02
1430.0,0,0,2026-10-06,2026-10-02
1440.0,0,0,2026-10-06,2026-10-02
1450.0,0,0,2026-10-06,2026-10-02
1460.0,0,0,2026-10-06,2026-10-02
1470.0,0,0,2026-10-06,2026-10-02
1480.0,0,0,2026-10-06,2026-10-02
1490.0,0,0,2026-10-06,2026-10-02
510.0,0,0,2026-10-08,2026-10-02
515.0,0,0,2026-10-08,2026-10-02
520.0,0,0,2026-10-08,2026-10-02
525.0,0,1,2026-10-08,2026-10-02
530.0,0,0,2026-10-08,2026-10-02
535.0,0,0,2026-10-08,2026-10-02
540.0,0,0,2026-10-08,2026-10-02
545.0,0,0,2026-10-08,2026-10-02
550.0,0,0,2026-10-08,2026-10-02
555.0,0,0,2026-10-08,2026-10-02
560.0,0,0,2026-10-08,2026-10-02
565.0,0,0,2026-10-08,2026-10-02
570.0,0,0,2026-10-08,2026-10-02
575.0,0,0,2026-10-08,2026-10-02
580.0,0,3,2026-10-08,2026-10-02
585.0,0,26,2026-10-08,2026-10-02
590.0,0,1,2026-10-08,2026-10-02
595.0,0,12,2026-10-08,2026-10-02
600.0,15,3,2026-10-08,2026-10-02
605.0,0,1,2026-10-08,2026-10-02
610.0,4,5,2026-10-08,2026-10-02
615.0,3,5,2026-10-08,2026-10-02
620.0,3,3,2026-10-08,2026-10-02
625.0,5,16,2026-10-08,2026-10-02
630.0,8,5,2026-10-08,2026-10-02
635.0,5,100,2026-10-08,2026-10-02
640.0,1,5,2026-10-08,2026-10-02
642.5,1,7,2026-10-08,2026-10-02
645.0,31,17,2026-10-08,2026-10-02
647.5,4,5,2026-10-08,2026-10-02
650.0,9,59,2026-10-08,2026-10-02
652.5,26,8,2026-10-08,2026-10-02
655.0,14,37,2026-10-08,2026-10-02
657.5,24,19,2026-10-08,2026-10-02
660.0,6,86,2026-10-08,2026-10-02
662.5,3,656,2026-10-08,2026-10-02
665.0,3,30,2026-10-08,2026-10-02
667.5,45,51,2026-10-08,2026-10-02
670.0,26,125,2026-10-08,2026-10-02
672.5,0,81,2026-10-08,2026-10-02
675.0,0,85,2026-10-08,2026-10-02
677.5,0,53,2026-10-08,2026-10-02
680.0,40,173,2026-10-08,2026-10-02
682.5,15,17,2026-10-08,2026-10-02
685.0,1,92,2026-10-08,2026-10-02
687.5,2,34,2026-10-08,2026-10-02
690.0,22,63,2026-10-08,2026-10-02
692.5,0,19,2026-10-08,2026-10-02
695.0,16,66,2026-10-08,2026-10-02
697.5,19,59,2026-10-08,2026-10-02
700.0,50,628,2026-10-08,2026-10-02
702.5,38,18,2026-10-08,2026-10-02
705.0,72,115,2026-10-08,2026-10-02
707.5,21,82,2026-10-08,2026-10-02
710.0,21,117,2026-10-08,2026-10-02
712.5,8,46,2026-10-08,2026-10-02
715.0,23,64,2026-10-08,2026-10-02
717.5,19,85,2026-10-08,2026-10-02
720.0,103,87,2026-10-08,2026-10-02
722.5,71,88,2026-10-08,2026-10-02
725.0,151,228,2026-10-08,2026-10-02
727.5,103,309,2026-10-08,2026-10-02
730.0,148,206,2026-10-08,2026-10-02
732.5,126,88,2026-10-08,2026-10-02
735.0,181,69,2026-10-08,2026-10-02
737.5,162,92,2026-10-08,2026-10-02
740.0,185,124,2026-10-08,2026-10-02
742.5,31,80,2026-10-08,2026-10-02
745.0,52,21,2026-10-08,2026-10-02
747.5,45,11,2026-10-08,2026-10-02
750.0,222,84,2026-10-08,2026-10-02
755.0,743,34,2026-10-08,2026-10-02
760.0,127,44,2026-10-08,2026-10-02
765.0,210,43,2026-10-08,2026-10-02
770.0,210,19,2026-10-08,2026-10-02
775.0,132,24,2026-10-08,2026-10-02
780.0,249,14,2026-10-08,2026-10-02
785.0,82,0,2026-10-08,2026-10-02
790.0,129,3,2026-10-08,2026-10-02
795.0,88,0,2026-10-08,2026-10-02
800.0,636,10,2026-10-08,2026-10-02
805.0,34,0,2026-10-08,2026-10-02
810.0,18,0,2026-10-08,2026-10-02
815.0,91,0,2026-10-08,2026-10-02
820.0,30,1,2026-10-08,2026-10-02
825.0,59,0,2026-10-08,2026-10-02
830.0,35,0,2026-10-08,2026-10-02
835.0,108,0,2026-10-08,2026-10-02
840.0,239,0,2026-10-08,2026-10-02
845.0,14,0,2026-10-08,2026-10-02
850.0,167,0,2026-10-08,2026-10-02
855.0,35,0,2026-10-08,2026-10-02
860.0,26,0,2026-10-08,2026-10-02
865.0,26,0,2026-10-08,2026-10-02
870.0,6,0,2026-10-08,2026-10-02
875.0,5,0,2026-10-08,2026-10-02
880.0,13,0,2026-10-08,2026-10-02
885.0,0,0,2026-10-08,2026-10-02
890.0,1,0,2026-10-08,2026-10-02
895.0,0,0,2026-10-08,2026-10-02
900.0,5,0,2026-10-08,2026-10-02
905.0,0,0,2026-10-08,2026-10-02
910.0,0,0,2026-10-08,2026-10-02
915.0,0,0,2026-10-08,2026-10-02
920.0,0,0,2026-10-08,2026-10-02
925.0,0,0,2026-10-08,2026-10-02
930.0,0,0,2026-10-08,2026-10-02
935.0,0,0,2026-10-08,2026-10-02
940.0,0,0,2026-10-08,2026-10-02
945.0,0,0,2026-10-08,2026-10-02
950.0,0,0,2026-10-08,2026-10-02
955.0,0,0,2026-10-08,2026-10-02
960.0,0,0,2026-10-08,2026-10-02
965.0,0,0,2026-10-08,2026-10-02
970.0,0,0,2026-10-08,2026-10-02
975.0,0,0,2026-10-08,2026-10-02
980.0,0,0,2026-10-08,2026-10-02
985.0,0,0,2026-10-08,2026-10-02
990.0,0,0,2026-10-08,2026-10-02
1000.0,0,0,2026-10-08,2026-10-02
1010.0,0,0,2026-10-08,2026-10-02
1020.0,0,0,2026-10-08,2026-10-02
1030.0,0,0,2026-10-08,2026-10-02
1040.0,0,0,2026-10-08,2026-10-02
1050.0,0,0,2026-10-08,2026-10-02
1060.0,0,0,2026-10-08,2026-10-02
1070.0,0,0,2026-10-08,2026-10-02
1080.0,0,0,2026-10-08,2026-10-02
1090.0,0,0,2026-10-08,2026-10-02
1100.0,0,0,2026-10-08,2026-10-02
1110.0,0,0,2026-10-08,2026-10-02
1120.0,0,0,2026-10-08,2026-10-02
1130.0,0,0,2026-10-08,2026-10-02
1140.0,0,0,2026-10-08,2026-10-02
1150.0,0,0,2026-10-08,2026-10-02
1160.0,0,0,2026-10-08,2026-10-02
1170.0,0,0,2026-10-08,2026-10-02
1180.0,0,0,2026-10-08,2026-10-02
1190.0,0,0,2026-10-08,2026-10-02
1200.0,0,0,2026-10-08,2026-10-02
1210.0,0,0,2026-10-08,2026-10-02
1220.0,0,0,2026-10-08,2026-10-02
1230.0,0,0,2026-10-08,2026-10-02
1240.0,0,0,2026-10-08,2026-10-02
1250.0,0,0,2026-10-08,2026-10-02
1260.0,0,0,2026-10-08,2026-10-02
1270.0,0,0,2026-10-08,2026-10-02
1280.0,0,0,2026-10-08,2026-10-02
1290.0,0,0,2026-10-08,2026-10-02
1300.0,0,0,2026-10-08,2026-10-02
1310.0,0,0,2026-10-08,2026-10-02
1320.0,0,0,2026-10-08,2026-10-02
1330.0,0,0,2026-10-08,2026-10-02
1340.0,0,0,2026-10-08,2026-10-02
1350.0,0,0,2026-10-08,2026-10-02
1360.0,0,0,2026-10-08,2026-10-02
1370.0,0,0,2026-10-08,2026-10-02
1380.0,0,0,2026-10-08,2026-10-02
1390.0,0,0,2026-10-08,2026-10-02
1400.0,0,0,2026-10-08,2026-10-02
1410.0,0,0,2026-10-08,2026-10-02
1420.0,0,0,2026-10-08,2026-10-02
1430.0,0,0,2026-10-08,2026-10-02
1440.0,0,0,2026-10-08,2026-10-02
1450.0,0,0,2026-10-08,2026-10-02
1460.0,0,0,2026-10-08,2026-10-02
1470.0,0,0,2026-10-08,2026-10-02
1480.0,0,0,2026-10-08,2026-10-02
1490.0,1,0,2026-10-08,2026-10-02
691.68,2,0,2026-10-09,2026-10-02
100.0,1,1,2026-10-10,2026-10-02
110.0,1,0,2026-10-10,2026-10-02
120.0,2,0,2026-10-10,2026-10-02
130.0,0,0,2026-10-10,2026-10-02
140.0,1,1,2026-10-10,2026-10-02
150.0,0,0,2026-10-10,2026-10-02
160.0,0,0,2026-10-10,2026-10-02
170.0,0,0,2026-10-10,2026-10-02
180.0,0,0,2026-10-10,2026-10-02
190.0,0,0,2026-10-10,2026-10-02
200.0,1,0,2026-10-10,2026-10-02
210.0,1,1,2026-10-10,2026-10-02
220.0,2,0,2026-10-10,2026-10-02
230.0,0,0,2026-10-10,2026-10-02
240.0,7,0,2026-10-10,2026-10-02
250.0,0,0,2026-10-10,2026-10-02
260.0,1,17,2026-10-10,2026-10-02
270.0,0,3,2026-10-10,2026-10-02
280.0,0,3,2026-10-10,2026-10-02
290.0,0,0,2026-10-10,2026-10-02
300.0,2,69,2026-10-10,2026-10-02
310.0,0,4,2026-10-10,2026-10-02
320.0,0,1,2026-10-10,2026-10-02
330.0,0,1,2026-10-10,2026-10-02
340.0,0,7,2026-10-10,2026-10-02
350.0,0,146,2026-10-10,2026-10-02
360.0,0,9,2026-10-10,2026-10-02
370.0,0,24,2026-10-10,2026-10-02
380.0,0,7,2026-10-10,2026-10-02
390.0,0,6,2026-10-10,2026-10-02
400.0,2,22,2026-10-10,2026-10-02
405.0,0,12,2026-10-10,2026-10-02
410.0,0,11,2026-10-10,2026-10-02
415.0,0,13,2026-10-10,2026-10-02
420.0,0,9,2026-10-10,2026-10-02
425.0,0,15,2026-10-10,2026-10-02
430.0,0,16,2026-10-10,2026-10-02
435.0,0,167,2026-10-10,2026-10-02
440.0,0,66,2026-10-10,2026-10-02
445.0,0,34,2026-10-10,2026-10-02
450.0,0,26,2026-10-10,2026-10-02
455.0,0,10,2026-10-10,2026-10-02
460.0,0,27,2026-10-10,2026-10-02
465.0,0,110,2026-10-10,2026-10-02
470.0,0,38,2026-10-10,2026-10-02
475.0,0,19,2026-10-10,2026-10-02
480.0,0,301,2026-10-10,2026-10-02
485.0,0,265,2026-10-10,2026-10-02
490.0,2,341,2026-10-10,2026-10-02
495.0,0,46,2026-10-10,2026-10-02
500.0,3,1433,2026-10-10,2026-10-02
505.0,0,154,2026-10-10,2026-10-02
510.0,1,145,2026-10-10,2026-10-02
515.0,0,1174,2026-10-10,2026-10-02
520.0,1,91,2026-10-10,2026-10-02
525.0,5,103,2026-10-10,2026-10-02
530.0,1,108,2026-10-10,2026-10-02
535.0,2,72,2026-10-10,2026-10-02
540.0,2,143,2026-10-10,2026-10-02
545.0,13,233,2026-10-10,2026-10-02
550.0,27,335,2026-10-10,2026-10-02
555.0,85,68,2026-10-10,2026-10-02
560.0,22,106,2026-10-10,2026-10-02
565.0,29,971,2026-10-10,2026-10-02
570.0,79,232,2026-10-10,2026-10-02
575.0,97,94,2026-10-10,2026-10-02
580.0,76,239,2026-10-10,2026-10-02
585.0,152,133,2026-10-10,2026-10-02
590.0,29,199,2026-10-10,2026-10-02
595.0,24,386,2026-10-10,2026-10-02
600.0,5000,5000,2026-10-10,2026-10-02
600.0,59,594,2026-10-10,2026-10-02
605.0,85,377,2026-10-10,2026-10-02
605.34,197,197,2026-10-10,2026-10-02
610.0,108,298,2026-10-10,2026-10-02
615.0,332,128,2026-10-10,2026-10-02
620.0,119,273,2026-10-10,2026-10-02
622.5,25,6,2026-10-10,2026-10-02
625.0,67,559,2026-10-10,2026-10-02
627.5,9,11,2026-10-10,2026-10-02
630.0,284,300,2026-10-10,2026-10-02
632.5,18,6,2026-10-10,2026-10-02
635.0,69,335,2026-10-10,2026-10-02
637.5,6,1,2026-10-10,2026-10-02
640.0,211,452,2026-10-10,2026-10-02
642.5,2,49,2026-10-10,2026-10-02
645.0,134,1807,2026-10-10,2026-10-02
647.5,15,36,2026-10-10,2026-10-02
650.0,224,662,2026-10-10,2026-10-02
652.5,1,354,2026-10-10,2026-10-02
655.0,135,451,2026-10-10,2026-10-02
657.5,3,146,2026-10-10,2026-10-02
660.0,345,835,2026-10-10,2026-10-02
662.5,7,76,2026-10-10,2026-10-02
665.0,742,689,2026-10-10,2026-10-02
667.5,3,50,2026-10-10,2026-10-02
670.0,432,433,2026-10-10,2026-10-02
672.5,17,120,2026-10-10,2026-10-02
675.0,286,387,2026-10-10,2026-10-02
677.5,13,277,2026-10-10,2026-10-02
680.0,8900,8900,2026-10-10,2026-10-02
680.0,277,688,2026-10-10,2026-10-02
682.5,27,79,2026-10-10,2026-10-02
685.0,418,291,2026-10-10,2026-10-02
687.5,71,203,2026-10-10,2026-10-02
690.0,211,852,2026-10-10,2026-10-02
692.5,11,88,2026-10-10,2026-10-02
695.0,194,172,2026-10-10,2026-10-02
697.5,24,285,2026-10-10,2026-10-02
700.0,5000,5000,2026-10-10,2026-10-02
700.0,762,1340,2026-10-10,2026-10-02
702.5,72,397,2026-10-10,2026-10-02
705.0,179,297,2026-10-10,2026-10-02
707.5,34,55,2026-10-10,2026-10-02
710.0,5000,5000,2026-10-10,2026-10-02
710.0,212,574,2026-10-10,2026-10-02
712.5,50,138,2026-10-10,2026-10-02
715.0,463,335,2026-10-10,2026-10-02
717.5,28,121,2026-10-10,2026-10-02
720.0,849,564,2026-10-10,2026-10-02
722.5,90,183,2026-10-10,2026-10-02
725.0,744,384,2026-10-10,2026-10-02
727.5,105,101,2026-10-10,2026-10-02
730.0,717,847,2026-10-10,2026-10-02
732.5,136,41,2026-10-10,2026-10-02
735.0,624,264,2026-10-10,2026-10-02
737.5,155,89,2026-10-10,2026-10-02
740.0,916,305,2026-10-10,2026-10-02
742.5,104,21,2026-10-10,2026-10-02
745.0,237,197,2026-10-10,2026-10-02
747.5,91,96,2026-10-10,2026-10-02
750.0,4790,2399,2026-10-10,2026-10-02
752.5,401,94,2026-10-10,2026-10-02
755.0,921,1301,2026-10-10,2026-10-02
757.5,104,47,2026-10-10,2026-10-02
760.0,687,159,2026-10-10,2026-10-02
765.0,500,191,2026-10-10,2026-10-02
770.0,3380,3000,2026-10-10,2026-10-02
770.0,1044,137,2026-10-10,2026-10-02
775.0,537,147,2026-10-10,2026-10-02
780.0,986,111,2026-10-10,2026-10-02
785.0,478,11,2026-10-10,2026-10-02
790.0,660,12,2026-10-10,2026-10-02
795.0,715,13,2026-10-10,2026-10-02
800.0,8000,8000,2026-10-10,2026-10-02
800.0,2579,21,2026-10-10,2026-10-02
805.0,1245,27,2026-10-10,2026-10-02
810.0,660,26,2026-10-10,2026-10-02
815.0,242,0,2026-10-10,2026-10-02
820.0,488,0,2026-10-10,2026-10-02
825.0,340,0,2026-10-10,2026-10-02
830.0,171,0,2026-10-10,2026-10-02
835.0,189,0,2026-10-10,2026-10-02
840.0,827,0,2026-10-10,2026-10-02
845.0,258,0,2026-10-10,2026-10-02
850.0,501,0,2026-10-10,2026-10-02
855.0,111,0,2026-10-10,2026-10-02
860.0,137,0,2026-10-10,2026-10-02
865.0,300,0,2026-10-10,2026-10-02
870.0,139,0,2026-10-10,2026-10-02
875.0,52,0,2026-10-10,2026-10-02
880.0,723,0,2026-10-10,2026-10-02
885.0,55,0,2026-10-10,2026-10-02
890.0,68,0,2026-10-10,2026-10-02
895.0,102,0,2026-10-10,2026-10-02
900.0,2925,0,2026-10-10,2026-10-02
905.0,56,0,2026-10-10,2026-10-02
910.0,172,0,2026-10-10,2026-10-02
915.0,317,0,2026-10-10,2026-10-02
920.0,389,0,2026-10-10,2026-10-02
925.0,195,0,2026-10-10,2026-10-02
930.0,221,0,2026-10-10,2026-10-02
935.0,238,0,2026-10-10,2026-10-02
940.0,59,0,2026-10-10,2026-10-02
945.0,299,0,2026-10-10,2026-10-02
950.0,473,0,2026-10-10,2026-10-02
955.0,128,0,2026-10-10,2026-10-02
960.0,349,0,2026-10-10,2026-10-02
965.0,70,0,2026-10-10,2026-10-02
970.0,61,0,2026-10-10,2026-10-02
975.0,38,0,2026-10-10,2026-10-02
980.0,40,0,2026-10-10,2026-10-02
985.0,44,0,2026-10-10,2026-10-02
990.0,286,0,2026-10-10,2026-10-02
995.0,20,0,2026-10-10,2026-10-02
1000.0,664,0,2026-10-10,2026-10-02
1010.0,144,0,2026-10-10,2026-10-02
1020.0,378,0,2026-10-10,2026-10-02
1030.0,535,0,2026-10-10,2026-10-02
1040.0,148,0,2026-10-10,2026-10-02
1050.0,118,0,2026-10-10,2026-10-02
1060.0,223,0,2026-10-10,2026-10-02
1070.0,200,0,2026-10-10,2026-10-02
1080.0,1,0,2026-10-10,2026-10-02
1090.0,0,0,2026-10-10,2026-10-02
1100.0,0,0,2026-10-10,2026-10-02
1110.0,2,0,2026-10-10,2026-10-02
1120.0,4,0,2026-10-10,2026-10-02
1130.0,28,0,2026-10-10,2026-10-02
1140.0,16,0,2026-10-10,2026-10-02
1150.0,3,0,2026-10-10,2026-10-02
1160.0,5,0,2026-10-10,2026-10-02
1170.0,1,0,2026-10-10,2026-10-02
1180.0,9,0,2026-10-10,2026-10-02
1190.0,1,0,2026-10-10,2026-10-02
1200.0,1,0,2026-10-10,2026-10-02
1210.0,6,0,2026-10-10,2026-10-02
1220.0,11,0,2026-10-10,2026-10-02
1230.0,15,0,2026-10-10,2026-10-02
1240.0,18,0,2026-10-10,2026-10-02
1250.0,1,0,2026-10-10,2026-10-02
1260.0,10,0,2026-10-10,2026-10-02
1270.0,20,0,2026-10-10,2026-10-02
1280.0,24,0,2026-10-10,2026-10-02
1290.0,7,0,2026-10-10,2026-10-02
1300.0,55,0,2026-10-10,2026-10-02
1310.0,7,0,2026-10-10,2026-10-02
1320.0,125,0,2026-10-10,2026-10-02
1330.0,11,0,2026-10-10,2026-10-02
1340.0,10,0,2026-10-10,2026-10-02
1350.0,4,0,2026-10-10,2026-10-02
1360.0,1,0,2026-10-10,2026-10-02
1370.0,13,0,2026-10-10,2026-10-02
1380.0,0,0,2026-10-10,2026-10-02
1390.0,0,0,2026-10-10,2026-10-02
1400.0,0,0,2026-10-10,2026-10-02
1410.0,0,0,2026-10-10,2026-10-02
1420.0,0,0,2026-10-10,2026-10-02
1430.0,0,0,2026-10-10,2026-10-02
1440.0,0,0,2026-10-10,2026-10-02
1450.0,0,0,2026-10-10,2026-10-02
1460.0,0,0,2026-10-10,2026-10-02
1470.0,0,0,2026-10-10,2026-10-02
1480.0,0,0,2026-10-10,2026-10-02
1490.0,0,0,2026-10-10,2026-10-02
510.0,0,10,2026-10-13,2026-10-02
515.0,0,0,2026-10-13,2026-10-02
520.0,0,0,2026-10-13,2026-10-02
525.0,0,0,2026-10-13,2026-10-02
530.0,0,0,2026-10-13,2026-10-02
535.0,0,0,2026-10-13,2026-10-02
540.0,0,0,2026-10-13,2026-10-02
545.0,0,0,2026-10-13,2026-10-02
550.0,0,0,2026-10-13,2026-10-02
555.0,0,0,2026-10-13,2026-10-02
560.0,0,0,2026-10-13,2026-10-02
565.0,0,0,2026-10-13,2026-10-02
570.0,0,0,2026-10-13,2026-10-02
575.0,0,0,2026-10-13,2026-10-02
580.0,0,0,2026-10-13,2026-10-02
585.0,0,0,2026-10-13,2026-10-02
590.0,0,0,2026-10-13,2026-10-02
595.0,0,0,2026-10-13,2026-10-02
600.0,0,7,2026-10-13,2026-10-02
605.0,0,0,2026-10-13,2026-10-02
610.0,0,3,2026-10-13,2026-10-02
615.0,0,8,2026-10-13,2026-10-02
620.0,0,10,2026-10-13,2026-10-02
625.0,2,8,2026-10-13,2026-10-02
627.5,0,1,2026-10-13,2026-10-02
630.0,1,22,2026-10-13,2026-10-02
632.5,0,8,2026-10-13,2026-10-02
635.0,1,10,2026-10-13,2026-10-02
637.5,0,1,2026-10-13,2026-10-02
640.0,0,1,2026-10-13,2026-10-02
642.5,0,1,2026-10-13,2026-10-02
645.0,0,1,2026-10-13,2026-10-02
647.5,0,0,2026-10-13,2026-10-02
650.0,0,35,2026-10-13,2026-10-02
652.5,0,2,2026-10-13,2026-10-02
655.0,0,23,2026-10-13,2026-10-02
657.5,0,0,2026-10-13,2026-10-02
660.0,0,38,2026-10-13,2026-10-02
662.5,0,0,2026-10-13,2026-10-02
665.0,0,23,2026-10-13,2026-10-02
667.5,0,3,2026-10-13,2026-10-02
670.0,0,21,2026-10-13,2026-10-02
672.5,0,3,2026-10-13,2026-10-02
675.0,0,4,2026-10-13,2026-10-02
677.5,0,1,2026-10-13,2026-10-02
680.0,22,12,2026-10-13,2026-10-02
682.5,0,1,2026-10-13,2026-10-02
685.0,1,15,2026-10-13,2026-10-02
687.5,1,3,2026-10-13,2026-10-02
690.0,2,53,2026-10-13,2026-10-02
692.5,0,18,2026-10-13,2026-10-02
695.0,7,5,2026-10-13,2026-10-02
697.5,0,6,2026-10-13,2026-10-02
700.0,145,30,2026-10-13,2026-10-02
702.5,1,21,2026-10-13,2026-10-02
705.0,23,6,2026-10-13,2026-10-02
707.5,3,50,2026-10-13,2026-10-02
710.0,6,40,2026-10-13,2026-10-02
712.5,0,65,2026-10-13,2026-10-02
715.0,27,129,2026-10-13,2026-10-02
717.5,1,107,2026-10-13,2026-10-02
720.0,42,130,2026-10-13,2026-10-02
722.5,12,25,2026-10-13,2026-10-02
725.0,72,139,2026-10-13,2026-10-02
727.5,62,20,2026-10-13,2026-10-02
730.0,142,39,2026-10-13,2026-10-02
732.5,82,13,2026-10-13,2026-10-02
735.0,63,16,2026-10-13,2026-10-02
737.5,25,2,2026-10-13,2026-10-02
740.0,39,9,2026-10-13,2026-10-02
742.5,32,6,2026-10-13,2026-10-02
745.0,99,5,2026-10-13,2026-10-02
747.5,9,0,2026-10-13,2026-10-02
750.0,504,5,2026-10-13,2026-10-02
755.0,36,2,2026-10-13,2026-10-02
760.0,49,2,2026-10-13,2026-10-02
765.0,15,4,2026-10-13,2026-10-02
770.0,59,2,2026-10-13,2026-10-02
775.0,13,8,2026-10-13,2026-10-02
780.0,31,4,2026-10-13,2026-10-02
785.0,16,2,2026-10-13,2026-10-02
790.0,59,3,2026-10-13,2026-10-02
795.0,17,2,2026-10-13,2026-10-02
800.0,125,3,2026-10-13,2026-10-02
805.0,24,4,2026-10-13,2026-10-02
810.0,8,2,2026-10-13,2026-10-02
815.0,6,0,2026-10-13,2026-10-02
820.0,59,0,2026-10-13,2026-10-02
825.0,29,0,2026-10-13,2026-10-02
830.0,10,0,2026-10-13,2026-10-02
835.0,9,0,2026-10-13,2026-10-02
840.0,14,0,2026-10-13,2026-10-02
845.0,10,0,2026-10-13,2026-10-02
850.0,12,0,2026-10-13,2026-10-02
855.0,10,0,2026-10-13,2026-10-02
860.0,6,0,2026-10-13,2026-10-02
865.0,3,0,2026-10-13,2026-10-02
870.0,5,0,2026-10-13,2026-10-02
875.0,4,0,2026-10-13,2026-10-02
880.0,0,0,2026-10-13,2026-10-02
885.0,0,0,2026-10-13,2026-10-02
890.0,0,0,2026-10-13,2026-10-02
895.0,0,0,2026-10-13,2026-10-02
900.0,0,0,2026-10-13,2026-10-02
905.0,1,0,2026-10-13,2026-10-02
910.0,0,0,2026-10-13,2026-10-02
915.0,0,0,2026-10-13,2026-10-02
920.0,0,0,2026-10-13,2026-10-02
925.0,0,0,2026-10-13,2026-10-02
930.0,0,0,2026-10-13,2026-10-02
935.0,0,0,2026-10-13,2026-10-02
940.0,0,0,2026-10-13,2026-10-02
945.0,0,0,2026-10-13,2026-10-02
950.0,0,0,2026-10-13,2026-10-02
955.0,0,0,2026-10-13,2026-10-02
960.0,0,0,2026-10-13,2026-10-02
965.0,0,0,2026-10-13,2026-10-02
970.0,0,0,2026-10-13,2026-10-02
975.0,0,0,2026-10-13,2026-10-02
980.0,0,0,2026-10-13,2026-10-02
985.0,0,0,2026-10-13,2026-10-02
990.0,0,0,2026-10-13,2026-10-02
1000.0,0,0,2026-10-13,2026-10-02
1010.0,0,0,2026-10-13,2026-10-02
1020.0,0,0,2026-10-13,2026-10-02
1030.0,0,0,2026-10-13,2026-10-02
1040.0,0,0,2026-10-13,2026-10-02
1050.0,0,0,2026-10-13,2026-10-02
1060.0,0,0,2026-10-13,2026-10-02
1070.0,0,0,2026-10-13,2026-10-02
1080.0,0,0,2026-10-13,2026-10-02
1090.0,0,0,2026-10-13,2026-10-02
1100.0,0,0,2026-10-13,2026-10-02
1110.0,0,0,2026-10-13,2026-10-02
1120.0,4,0,2026-10-13,2026-10-02
510.0,0,0,2026-10-15,2026-10-02
515.0,0,0,2026-10-15,2026-10-02
520.0,0,0,2026-10-15,2026-10-02
525.0,0,0,2026-10-15,2026-10-02
530.0,0,0,2026-10-15,2026-10-02
535.0,0,0,2026-10-15,2026-10-02
540.0,0,0,2026-10-15,2026-10-02
545.0,0,0,2026-10-15,2026-10-02
550.0,0,0,2026-10-15,2026-10-02
555.0,0,0,2026-10-15,2026-10-02
560.0,0,0,2026-10-15,2026-10-02
565.0,0,0,2026-10-15,2026-10-02
570.0,0,0,2026-10-15,2026-10-02
575.0,0,0,2026-10-15,2026-10-02
580.0,0,0,2026-10-15,2026-10-02
585.0,0,0,2026-10-15,2026-10-02
590.0,0,0,2026-10-15,2026-10-02
595.0,0,0,2026-10-15,2026-10-02
600.0,0,1,2026-10-15,2026-10-02
605.0,0,0,2026-10-15,2026-10-02
610.0,0,0,2026-10-15,2026-10-02
615.0,0,0,2026-10-15,2026-10-02
620.0,0,0,2026-10-15,2026-10-02
625.0,0,0,2026-10-15,2026-10-02
630.0,0,0,2026-10-15,2026-10-02
635.0,0,0,2026-10-15,2026-10-02
640.0,0,0,2026-10-15,2026-10-02
645.0,0,0,2026-10-15,2026-10-02
650.0,0,12,2026-10-15,2026-10-02
655.0,0,0,2026-10-15,2026-10-02
660.0,0,11,2026-10-15,2026-10-02
665.0,0,7,2026-10-15,2026-10-02
670.0,0,1,2026-10-15,2026-10-02
675.0,0,12,2026-10-15,2026-10-02
680.0,0,3,2026-10-15,2026-10-02
682.5,2,0,2026-10-15,2026-10-02
685.0,2,4,2026-10-15,2026-10-02
687.5,0,0,2026-10-15,2026-10-02
690.0,1,12,2026-10-15,2026-10-02
692.5,0,0,2026-10-15,2026-10-02
695.0,0,8,2026-10-15,2026-10-02
697.5,2,2,2026-10-15,2026-10-02
700.0,3,28,2026-10-15,2026-10-02
702.5,5,7,2026-10-15,2026-10-02
705.0,32,31,2026-10-15,2026-10-02
707.5,5,0,2026-10-15,2026-10-02
710.0,26,12,2026-10-15,2026-10-02
712.5,6,2,2026-10-15,2026-10-02
715.0,15,4,2026-10-15,2026-10-02
717.5,6,0,2026-10-15,2026-10-02
720.0,11,4,2026-10-15,2026-10-02
722.5,19,2,2026-10-15,2026-10-02
725.0,16,36,2026-10-15,2026-10-02
727.5,5,42,2026-10-15,2026-10-02
730.0,32,13,2026-10-15,2026-10-02
732.5,19,21,2026-10-15,2026-10-02
735.0,12,20,2026-10-15,2026-10-02
737.5,2,1,2026-10-15,2026-10-02
740.0,25,3,2026-10-15,2026-10-02
742.5,2,0,2026-10-15,2026-10-02
745.0,8,1,2026-10-15,2026-10-02
747.5,2,0,2026-10-15,2026-10-02
750.0,41,2,2026-10-15,2026-10-02
755.0,52,20,2026-10-15,2026-10-02
760.0,26,20,2026-10-15,2026-10-02
765.0,31,0,2026-10-15,2026-10-02
770.0,17,1,2026-10-15,2026-10-02
775.0,3,0,2026-10-15,2026-10-02
780.0,27,4,2026-10-15,2026-10-02
785.0,2,0,2026-10-15,2026-10-02
790.0,12,0,2026-10-15,2026-10-02
795.0,8,1,2026-10-15,2026-10-02
800.0,16,0,2026-10-15,2026-10-02
805.0,2,0,2026-10-15,2026-10-02
810.0,0,0,2026-10-15,2026-10-02
815.0,1,0,2026-10-15,2026-10-02
820.0,3,0,2026-10-15,2026-10-02
825.0,3,0,2026-10-15,2026-10-02
830.0,1,0,2026-10-15,2026-10-02
835.0,5,0,2026-10-15,2026-10-02
840.0,0,0,2026-10-15,2026-10-02
845.0,0,0,2026-10-15,2026-10-02
850.0,0,0,2026-10-15,2026-10-02
855.0,0,0,2026-10-15,2026-10-02
860.0,0,0,2026-10-15,2026-10-02
865.0,0,0,2026-10-15,2026-10-02
870.0,1,0,2026-10-15,2026-10-02
875.0,0,0,2026-10-15,2026-10-02
880.0,0,0,2026-10-15,2026-10-02
885.0,0,0,2026-10-15,2026-10-02
890.0,0,0,2026-10-15,2026-10-02
895.0,0,0,2026-10-15,2026-10-02
900.0,0,2,2026-10-15,2026-10-02
905.0,0,0,2026-10-15,2026-10-02
910.0,0,0,2026-10-15,2026-10-02
915.0,0,0,2026-10-15,2026-10-02
920.0,0,0,2026-10-15,2026-10-02
925.0,0,0,2026-10-15,2026-10-02
930.0,0,0,2026-10-15,2026-10-02
935.0,0,0,2026-10-15,2026-10-02
940.0,0,0,2026-10-15,2026-10-02
945.0,0,0,2026-10-15,2026-10-02
950.0,0,0,2026-10-15,2026-10-02
955.0,0,0,2026-10-15,2026-10-02
960.0,0,0,2026-10-15,2026-10-02
965.0,0,0,2026-10-15,2026-10-02
970.0,0,0,2026-10-15,2026-10-02
975.0,0,0,2026-10-15,2026-10-02
980.0,0,0,2026-10-15,2026-10-02
985.0,0,0,2026-10-15,2026-10-02
990.0,0,0,2026-10-15,2026-10-02
1000.0,0,0,2026-10-15,2026-10-02
1010.0,0,0,2026-10-15,2026-10-02
1020.0,0,0,2026-10-15,2026-10-02
1030.0,0,0,2026-10-15,2026-10-02
1040.0,0,0,2026-10-15,2026-10-02
1050.0,0,0,2026-10-15,2026-10-02
1060.0,0,0,2026-10-15,2026-10-02
1070.0,0,0,2026-10-15,2026-10-02
1080.0,0,0,2026-10-15,2026-10-02
1090.0,0,0,2026-10-15,2026-10-02
1100.0,0,0,2026-10-15,2026-10-02
1110.0,0,0,2026-10-15,2026-10-02
1120.0,0,0,2026-10-15,2026-10-02
1130.0,0,0,2026-10-15,2026-10-02
1140.0,0,0,2026-10-15,2026-10-02
1150.0,0,0,2026-10-15,2026-10-02
1160.0,0,0,2026-10-15,2026-10-02
1170.0,0,0,2026-10-15,2026-10-02
1180.0,0,0,2026-10-15,2026-10-02
1190.0,0,0,2026-10-15,2026-10-02
1200.0,0,0,2026-10-15,2026-10-02
1210.0,0,0,2026-10-15,2026-10-02
1220.0,0,0,2026-10-15,2026-10-02
1230.0,0,0,2026-10-15,2026-10-02
1240.0,0,0,2026-10-15,2026-10-02
1250.0,0,0,2026-10-15,2026-10-02
1260.0,0,0,2026-10-15,2026-10-02
1270.0,0,0,2026-10-15,2026-10-02
1280.0,0,0,2026-10-15,2026-10-02
1290.0,0,0,2026-10-15,2026-10-02
1300.0,0,0,2026-10-15,2026-10-02
1310.0,0,0,2026-10-15,2026-10-02
1320.0,0,0,2026-10-15,2026-10-02
1330.0,0,0,2026-10-15,2026-10-02
1340.0,0,0,2026-10-15,2026-10-02
1350.0,0,0,2026-10-15,2026-10-02
1360.0,0,0,2026-10-15,2026-10-02
1370.0,0,0,2026-10-15,2026-10-02
1380.0,0,0,2026-10-15,2026-10-02
1390.0,0,0,2026-10-15,2026-10-02
1400.0,0,0,2026-10-15,2026-10-02
23.0,0,0,2026-10-17,2026-10-02
270.0,1403,428,2026-10-17,2026-10-02
280.0,2,671,2026-10-17,2026-10-02
290.0,0,1530,2026-10-17,2026-10-02
300.0,305,1714,2026-10-17,2026-10-02
310.0,2,966,2026-10-17,2026-10-02
320.0,7,269,2026-10-17,2026-10-02
330.0,1,831,2026-10-17,2026-10-02
340.0,1,434,2026-10-17,2026-10-02
350.0,11,541,2026-10-17,2026-10-02
360.0,0,315,2026-10-17,2026-10-02
370.0,3,267,2026-10-17,2026-10-02
380.0,16,291,2026-10-17,2026-10-02
390.0,4,446,2026-10-17,2026-10-02
400.0,18,1461,2026-10-17,2026-10-02
405.0,0,143,2026-10-17,2026-10-02
410.0,15,1181,2026-10-17,2026-10-02
415.0,8,234,2026-10-17,2026-10-02
420.0,6,362,2026-10-17,2026-10-02
425.0,1,590,2026-10-17,2026-10-02
430.0,20,921,2026-10-17,2026-10-02
435.0,24,948,2026-10-17,2026-10-02
440.0,29,1540,2026-10-17,2026-10-02
445.0,25,128,2026-10-17,2026-10-02
450.0,602,3080,2026-10-17,2026-10-02
455.0,34,653,2026-10-17,2026-10-02
460.0,20,1117,2026-10-17,2026-10-02
465.0,15,731,2026-10-17,2026-10-02
470.0,23,1864,2026-10-17,2026-10-02
475.0,9,664,2026-10-17,2026-10-02
480.0,160,2662,2026-10-17,2026-10-02
485.0,28,2000,2026-10-17,2026-10-02
490.0,65,1482,2026-10-17,2026-10-02
495.0,41,600,2026-10-17,2026-10-02
500.0,468,5280,2026-10-17,2026-10-02
505.0,30,893,2026-10-17,2026-10-02
510.0,50,2649,2026-10-17,2026-10-02
515.0,121,1703,2026-10-17,2026-10-02
520.0,393,2107,2026-10-17,2026-10-02
525.0,164,1730,2026-10-17,2026-10-02
530.0,261,1917,2026-10-17,2026-10-02
535.0,535,658,2026-10-17,2026-10-02
540.0,375,4251,2026-10-17,2026-10-02
545.0,222,700,2026-10-17,2026-10-02
550.0,6000,6000,2026-10-17,2026-10-02
550.0,2621,5779,2026-10-17,2026-10-02
555.0,340,549,2026-10-17,2026-10-02
560.0,1124,2337,2026-10-17,2026-10-02
565.0,609,653,2026-10-17,2026-10-02
570.0,2169,2366,2026-10-17,2026-10-02
570.01,2035,2035,2026-10-17,2026-10-02
575.0,1835,717,2026-10-17,2026-10-02
580.0,500,500,2026-10-17,2026-10-02
580.0,1619,7049,2026-10-17,2026-10-02
585.0,3950,3142,2026-10-17,2026-10-02
590.0,1778,1988,2026-10-17,2026-10-02
595.0,4870,4870,2026-10-17,2026-10-02
595.0,688,630,2026-10-17,2026-10-02
600.0,2543,2495,2026-10-17,2026-10-02
600.0,7541,6789,2026-10-17,2026-10-02
605.0,797,737,2026-10-17,2026-10-02
610.0,1370,2928,2026-10-17,2026-10-02
615.0,1081,1333,2026-10-17,2026-10-02
620.0,3819,2562,2026-10-17,2026-10-02
625.0,1070,2362,2026-10-17,2026-10-02
630.0,3129,1707,2026-10-17,2026-10-02
635.0,730,872,2026-10-17,2026-10-02
640.0,48,0,2026-10-17,2026-10-02
640.0,4142,3212,2026-10-17,2026-10-02
645.0,1039,1792,2026-10-17,2026-10-02
650.0,0,0,2026-10-17,2026-10-02
650.0,7319,3001,2026-10-17,2026-10-02
655.0,1560,1002,2026-10-17,2026-10-02
657.5,60,224,2026-10-17,2026-10-02
660.0,2347,2183,2026-10-17,2026-10-02
662.5,11,221,2026-10-17,2026-10-02
665.0,250,250,2026-10-17,2026-10-02
665.0,1191,1690,2026-10-17,2026-10-02
667.5,44,277,2026-10-17,2026-10-02
670.0,5500,5500,2026-10-17,2026-10-02
670.0,3205,3539,2026-10-17,2026-10-02
672.5,23,181,2026-10-17,2026-10-02
675.0,4800,4800,2026-10-17,2026-10-02
675.0,2978,3717,2026-10-17,2026-10-02
677.5,32,313,2026-10-17,2026-10-02
680.0,2,0,2026-10-17,2026-10-02
680.0,4001,1937,2026-10-17,2026-10-02
682.5,101,247,2026-10-17,2026-10-02
685.0,1172,1808,2026-10-17,2026-10-02
687.5,79,360,2026-10-17,2026-10-02
690.0,1808,1564,2026-10-17,2026-10-02
692.5,74,383,2026-10-17,2026-10-02
695.0,949,907,2026-10-17,2026-10-02
697.5,161,539,2026-10-17,2026-10-02
700.0,2942,2930,2026-10-17,2026-10-02
700.0,21369,6404,2026-10-17,2026-10-02
702.5,189,411,2026-10-17,2026-10-02
705.0,1394,653,2026-10-17,2026-10-02
710.0,6129,1264,2026-10-17,2026-10-02
715.0,1446,1131,2026-10-17,2026-10-02
720.0,1109,1109,2026-10-17,2026-10-02
720.0,5196,2336,2026-10-17,2026-10-02
725.0,3416,1182,2026-10-17,2026-10-02
730.0,548,548,2026-10-17,2026-10-02
730.0,4872,1132,2026-10-17,2026-10-02
730.12,109,0,2026-10-17,2026-10-02
735.0,936,900,2026-10-17,2026-10-02
735.0,2531,624,2026-10-17,2026-10-02
740.0,600,600,2026-10-17,2026-10-02
740.0,4264,1802,2026-10-17,2026-10-02
745.0,2668,2668,2026-10-17,2026-10-02
745.0,898,1027,2026-10-17,2026-10-02
750.0,16371,2951,2026-10-17,2026-10-02
755.0,1262,1262,2026-10-17,2026-10-02
755.0,1662,383,2026-10-17,2026-10-02
760.0,5173,2492,2026-10-17,2026-10-02
765.0,9051,1988,2026-10-17,2026-10-02
770.0,3875,481,2026-10-17,2026-10-02
775.0,9346,456,2026-10-17,2026-10-02
780.0,2972,495,2026-10-17,2026-10-02
785.0,1174,137,2026-10-17,2026-10-02
790.0,3,0,2026-10-17,2026-10-02
790.0,2000,429,2026-10-17,2026-10-02
795.0,1035,172,2026-10-17,2026-10-02
800.0,7,0,2026-10-17,2026-10-02
800.0,20540,724,2026-10-17,2026-10-02
805.0,1524,90,2026-10-17,2026-10-02
810.0,1579,86,2026-10-17,2026-10-02
815.0,2642,69,2026-10-17,2026-10-02
820.0,9014,78,2026-10-17,2026-10-02
825.0,20745,138,2026-10-17,2026-10-02
830.0,3193,47,2026-10-17,2026-10-02
835.0,2037,104,2026-10-17,2026-10-02
840.0,1231,171,2026-10-17,2026-10-02
845.0,216,2,2026-10-17,2026-10-02
850.0,3786,2,2026-10-17,2026-10-02
855.0,404,0,2026-10-17,2026-10-02
860.0,3585,0,2026-10-17,2026-10-02
865.0,456,0,2026-10-17,2026-10-02
870.0,797,0,2026-10-17,2026-10-02
875.0,645,0,2026-10-17,2026-10-02
880.0,686,0,2026-10-17,2026-10-02
885.0,369,0,2026-10-17,2026-10-02
890.0,400,0,2026-10-17,2026-10-02
895.0,209,0,2026-10-17,2026-10-02
900.0,14842,2,2026-10-17,2026-10-02
905.0,435,0,2026-10-17,2026-10-02
910.0,3987,0,2026-10-17,2026-10-02
915.0,530,0,2026-10-17,2026-10-02
920.0,420,0,2026-10-17,2026-10-02
925.0,188,0,2026-10-17,2026-10-02
930.0,506,0,2026-10-17,2026-10-02
935.0,122,0,2026-10-17,2026-10-02
940.0,304,0,2026-10-17,2026-10-02
945.0,69,0,2026-10-17,2026-10-02
950.0,1145,0,2026-10-17,2026-10-02
955.0,149,0,2026-10-17,2026-10-02
960.0,167,0,2026-10-17,2026-10-02
965.0,242,0,2026-10-17,2026-10-02
970.0,385,0,2026-10-17,2026-10-02
975.0,218,0,2026-10-17,2026-10-02
980.0,380,0,2026-10-17,2026-10-02
990.0,136,0,2026-10-17,2026-10-02
1000.0,2670,3,2026-10-17,2026-10-02
1010.0,122,0,2026-10-17,2026-10-02
1020.0,146,0,2026-10-17,2026-10-02
1030.0,128,0,2026-10-17,2026-10-02
1040.0,368,0,2026-10-17,2026-10-02
1050.0,427,0,2026-10-17,2026-10-02
1060.0,753,0,2026-10-17,2026-10-02
1070.0,986,0,2026-10-17,2026-10-02
1080.0,1543,0,2026-10-17,2026-10-02
1090.0,615,0,2026-10-17,2026-10-02
1100.0,1163,0,2026-10-17,2026-10-02
1110.0,809,0,2026-10-17,2026-10-02
1120.0,831,0,2026-10-17,2026-10-02
1130.0,567,0,2026-10-17,2026-10-02
1140.0,690,0,2026-10-17,2026-10-02
1150.0,217,0,2026-10-17,2026-10-02
1160.0,2952,0,2026-10-17,2026-10-02
1170.0,2370,0,2026-10-17,2026-10-02
1180.0,1463,0,2026-10-17,2026-10-02
1190.0,227,0,2026-10-17,2026-10-02
1200.0,2454,0,2026-10-17,2026-10-02
1210.0,2561,0,2026-10-17,2026-10-02
1220.0,3761,0,2026-10-17,2026-10-02
1230.0,1538,0,2026-10-17,2026-10-02
1240.0,1839,0,2026-10-17,2026-10-02
1250.0,539,0,2026-10-17,2026-10-02
1260.0,0,0,2026-10-17,2026-10-02
1270.0,0,0,2026-10-17,2026-10-02
1280.0,0,0,2026-10-17,2026-10-02
1290.0,0,0,2026-10-17,2026-10-02
1300.0,0,0,2026-10-17,2026-10-02
1310.0,0,0,2026-10-17,2026-10-02
1320.0,0,0,2026-10-17,2026-10-02
1330.0,0,0,2026-10-17,2026-10-02
1340.0,0,0,2026-10-17,2026-10-02
1350.0,0,0,2026-10-17,2026-10-02
1360.0,0,0,2026-10-17,2026-10-02
1370.0,0,0,2026-10-17,2026-10-02
1380.0,0,0,2026-10-17,2026-10-02
1390.0,5,0,2026-10-17,2026-10-02
1400.0,150,0,2026-10-17,2026-10-02
1410.0,0,0,2026-10-17,2026-10-02
1420.0,0,0,2026-10-17,2026-10-02
1430.0,0,0,2026-10-17,2026-10-02
1440.0,0,0,2026-10-17,2026-10-02
1450.0,0,0,2026-10-17,2026-10-02
1460.0,0,0,2026-10-17,2026-10-02
1470.0,0,0,2026-10-17,2026-10-02
1480.0,0,0,2026-10-17,2026-10-02
1490.0,57,0,2026-10-17,2026-10-02
100.0,0,4,2026-10-24,2026-10-02
110.0,0,0,2026-10-24,2026-10-02
120.0,0,0,2026-10-24,2026-10-02
130.0,0,0,2026-10-24,2026-10-02
140.0,0,0,2026-10-24,2026-10-02
150.0,0,0,2026-10-24,2026-10-02
160.0,0,0,2026-10-24,2026-10-02
170.0,0,0,2026-10-24,2026-10-02
180.0,0,18,2026-10-24,2026-10-02
190.0,0,0,2026-10-24,2026-10-02
200.0,0,0,2026-10-24,2026-10-02
210.0,0,0,2026-10-24,2026-10-02
220.0,0,0,2026-10-24,2026-10-02
230.0,0,0,2026-10-24,2026-10-02
240.0,0,0,2026-10-24,2026-10-02
250.0,0,0,2026-10-24,2026-10-02
260.0,0,0,2026-10-24,2026-10-02
270.0,0,0,2026-10-24,2026-10-02
280.0,0,0,2026-10-24,2026-10-02
290.0,0,0,2026-10-24,2026-10-02
300.0,0,0,2026-10-24,2026-10-02
310.0,0,0,2026-10-24,2026-10-02
320.0,0,1,2026-10-24,2026-10-02
330.0,0,7,2026-10-24,2026-10-02
340.0,0,0,2026-10-24,2026-10-02
350.0,0,1,2026-10-24,2026-10-02
360.0,0,2,2026-10-24,2026-10-02
370.0,0,2,2026-10-24,2026-10-02
380.0,0,0,2026-10-24,2026-10-02
390.0,0,0,2026-10-24,2026-10-02
400.0,2,3,2026-10-24,2026-10-02
405.0,0,2,2026-10-24,2026-10-02
410.0,0,4,2026-10-24,2026-10-02
415.0,0,4,2026-10-24,2026-10-02
420.0,0,5,2026-10-24,2026-10-02
425.0,1,3,2026-10-24,2026-10-02
430.0,0,5,2026-10-24,2026-10-02
435.0,1,16,2026-10-24,2026-10-02
440.0,0,27,2026-10-24,2026-10-02
445.0,0,43,2026-10-24,2026-10-02
450.0,0,20,2026-10-24,2026-10-02
455.0,0,8,2026-10-24,2026-10-02
460.0,0,32,2026-10-24,2026-10-02
465.0,0,14,2026-10-24,2026-10-02
470.0,0,17,2026-10-24,2026-10-02
475.0,0,8,2026-10-24,2026-10-02
480.0,0,27,2026-10-24,2026-10-02
485.0,0,9,2026-10-24,2026-10-02
490.0,0,19,2026-10-24,2026-10-02
495.0,0,89,2026-10-24,2026-10-02
500.0,3,167,2026-10-24,2026-10-02
505.0,1,16,2026-10-24,2026-10-02
510.0,1,25,2026-10-24,2026-10-02
515.0,0,17,2026-10-24,2026-10-02
520.0,0,62,2026-10-24,2026-10-02
525.0,2,51,2026-10-24,2026-10-02
530.0,0,176,2026-10-24,2026-10-02
535.0,2,75,2026-10-24,2026-10-02
540.0,2,262,2026-10-24,2026-10-02
545.0,3,184,2026-10-24,2026-10-02
550.0,19,258,2026-10-24,2026-10-02
555.0,6,93,2026-10-24,2026-10-02
560.0,5,212,2026-10-24,2026-10-02
565.0,28,131,2026-10-24,2026-10-02
570.0,8,131,2026-10-24,2026-10-02
575.0,12,195,2026-10-24,2026-10-02
580.0,20,199,2026-10-24,2026-10-02
585.0,18,90,2026-10-24,2026-10-02
590.0,11,154,2026-10-24,2026-10-02
595.0,12,335,2026-10-24,2026-10-02
600.0,0,133,2026-10-24,2026-10-02
600.0,114,534,2026-10-24,2026-10-02
605.0,13,197,2026-10-24,2026-10-02
610.0,32,289,2026-10-24,2026-10-02
615.0,59,536,2026-10-24,2026-10-02
620.0,60,538,2026-10-24,2026-10-02
625.0,72,206,2026-10-24,2026-10-02
630.0,456,310,2026-10-24,2026-10-02
635.0,93,234,2026-10-24,2026-10-02
640.0,212,345,2026-10-24,2026-10-02
645.0,146,328,2026-10-24,2026-10-02
650.0,185,852,2026-10-24,2026-10-02
655.0,163,362,2026-10-24,2026-10-02
660.0,459,430,2026-10-24,2026-10-02
665.0,118,310,2026-10-24,2026-10-02
670.0,300,300,2026-10-24,2026-10-02
670.0,279,492,2026-10-24,2026-10-02
675.0,187,479,2026-10-24,2026-10-02
680.0,500,491,2026-10-24,2026-10-02
685.0,105,311,2026-10-24,2026-10-02
690.0,211,277,2026-10-24,2026-10-02
695.0,211,448,2026-10-24,2026-10-02
700.0,1181,2487,2026-10-24,2026-10-02
705.0,189,403,2026-10-24,2026-10-02
710.0,268,215,2026-10-24,2026-10-02
715.0,462,283,2026-10-24,2026-10-02
720.0,900,900,2026-10-24,2026-10-02
720.0,526,237,2026-10-24,2026-10-02
725.0,658,498,2026-10-24,2026-10-02
730.0,317,221,2026-10-24,2026-10-02
735.0,249,162,2026-10-24,2026-10-02
740.0,133,0,2026-10-24,2026-10-02
740.0,1156,176,2026-10-24,2026-10-02
745.0,307,393,2026-10-24,2026-10-02
750.0,7943,7943,2026-10-24,2026-10-02
750.0,919,278,2026-10-24,2026-10-02
755.0,245,66,2026-10-24,2026-10-02
760.0,2471,175,2026-10-24,2026-10-02
765.0,321,69,2026-10-24,2026-10-02
770.0,487,86,2026-10-24,2026-10-02
775.0,507,83,2026-10-24,2026-10-02
780.0,764,140,2026-10-24,2026-10-02
785.0,844,11,2026-10-24,2026-10-02
790.0,366,33,2026-10-24,2026-10-02
795.0,94,11,2026-10-24,2026-10-02
800.0,1428,44,2026-10-24,2026-10-02
805.0,135,1,2026-10-24,2026-10-02
810.0,730,4,2026-10-24,2026-10-02
815.0,78,3,2026-10-24,2026-10-02
820.0,568,0,2026-10-24,2026-10-02
825.0,229,24,2026-10-24,2026-10-02
830.0,258,0,2026-10-24,2026-10-02
835.0,145,6,2026-10-24,2026-10-02
840.0,225,0,2026-10-24,2026-10-02
845.0,69,3,2026-10-24,2026-10-02
850.0,669,3,2026-10-24,2026-10-02
855.0,94,2,2026-10-24,2026-10-02
860.0,243,1,2026-10-24,2026-10-02
865.0,171,0,2026-10-24,2026-10-02
870.0,183,0,2026-10-24,2026-10-02
875.0,170,0,2026-10-24,2026-10-02
880.0,173,0,2026-10-24,2026-10-02
885.0,62,0,2026-10-24,2026-10-02
890.0,232,0,2026-10-24,2026-10-02
895.0,79,1,2026-10-24,2026-10-02
900.0,400,0,2026-10-24,2026-10-02
905.0,23,0,2026-10-24,2026-10-02
910.0,222,0,2026-10-24,2026-10-02
915.0,27,0,2026-10-24,2026-10-02
920.0,85,0,2026-10-24,2026-10-02
925.0,29,0,2026-10-24,2026-10-02
930.0,73,0,2026-10-24,2026-10-02
935.0,25,0,2026-10-24,2026-10-02
940.0,51,0,2026-10-24,2026-10-02
945.0,26,0,2026-10-24,2026-10-02
950.0,159,0,2026-10-24,2026-10-02
955.0,36,0,2026-10-24,2026-10-02
960.0,20,0,2026-10-24,2026-10-02
965.0,39,0,2026-10-24,2026-10-02
970.0,31,0,2026-10-24,2026-10-02
975.0,10,0,2026-10-24,2026-10-02
980.0,22,0,2026-10-24,2026-10-02
985.0,12,0,2026-10-24,2026-10-02
990.0,16,0,2026-10-24,2026-10-02
995.0,12,0,2026-10-24,2026-10-02
1000.0,326,0,2026-10-24,2026-10-02
1010.0,34,0,2026-10-24,2026-10-02
1020.0,129,0,2026-10-24,2026-10-02
1030.0,21,0,2026-10-24,2026-10-02
1040.0,8,0,2026-10-24,2026-10-02
1050.0,251,0,2026-10-24,2026-10-02
1060.0,10,0,2026-10-24,2026-10-02
1070.0,125,0,2026-10-24,2026-10-02
1080.0,6,0,2026-10-24,2026-10-02
1090.0,28,0,2026-10-24,2026-10-02
1100.0,3,0,2026-10-24,2026-10-02
1110.0,0,0,2026-10-24,2026-10-02
1120.0,0,0,2026-10-24,2026-10-02
1130.0,0,0,2026-10-24,2026-10-02
1140.0,1,0,2026-10-24,2026-10-02
1150.0,8,0,2026-10-24,2026-10-02
1160.0,1,0,2026-10-24,2026-10-02
1170.0,0,0,2026-10-24,2026-10-02
1180.0,0,0,2026-10-24,2026-10-02
1190.0,25,0,2026-10-24,2026-10-02
1200.0,0,0,2026-10-24,2026-10-02
1210.0,0,0,2026-10-24,2026-10-02
1220.0,0,0,2026-10-24,2026-10-02
1230.0,0,0,2026-10-24,2026-10-02
1240.0,0,0,2026-10-24,2026-10-02
1250.0,0,0,2026-10-24,2026-10-02
1260.0,0,0,2026-10-24,2026-10-02
1270.0,0,0,2026-10-24,2026-10-02
1280.0,0,0,2026-10-24,2026-10-02
1290.0,0,0,2026-10-24,2026-10-02
1300.0,0,0,2026-10-24,2026-10-02
1310.0,0,0,2026-10-24,2026-10-02
1320.0,0,0,2026-10-24,2026-10-02
1330.0,0,0,2026-10-24,2026-10-02
1340.0,0,0,2026-10-24,2026-10-02
1350.0,0,0,2026-10-24,2026-10-02
1360.0,0,0,2026-10-24,2026-10-02
1370.0,0,0,2026-10-24,2026-10-02
1380.0,0,0,2026-10-24,2026-10-02
1390.0,0,0,2026-10-24,2026-10-02
1400.0,200,0,2026-10-24,2026-10-02
1410.0,0,0,2026-10-24,2026-10-02
1420.0,0,0,2026-10-24,2026-10-02
1430.0,0,0,2026-10-24,2026-10-02
1440.0,0,0,2026-10-24,2026-10-02
1450.0,0,0,2026-10-24,2026-10-02
1460.0,0,0,2026-10-24,2026-10-02
1470.0,0,0,2026-10-24,2026-10-02
1480.0,0,0,2026-10-24,2026-10-02
1490.0,2,0,2026-10-24,2026-10-02
5991.75,10,10,2026-10-24,2026-10-02
556.03,1680,1680,2026-10-28,2026-10-02
600.0,4600,4600,2026-10-29,2026-10-02
100.0,2,1,2026-10-31,2026-10-02
110.0,0,0,2026-10-31,2026-10-02
120.0,0,0,2026-10-31,2026-10-02
130.0,0,0,2026-10-31,2026-10-02
140.0,0,0,2026-10-31,2026-10-02
150.0,0,0,2026-10-31,2026-10-02
160.0,0,0,2026-10-31,2026-10-02
170.0,0,0,2026-10-31,2026-10-02
180.0,0,0,2026-10-31,2026-10-02
190.0,0,0,2026-10-31,2026-10-02
200.0,0,0,2026-10-31,2026-10-02
210.0,0,0,2026-10-31,2026-10-02
220.0,0,0,2026-10-31,2026-10-02
230.0,0,0,2026-10-31,2026-10-02
240.0,0,0,2026-10-31,2026-10-02
250.0,0,0,2026-10-31,2026-10-02
260.0,0,0,2026-10-31,2026-10-02
270.0,0,0,2026-10-31,2026-10-02
280.0,0,0,2026-10-31,2026-10-02
290.0,0,0,2026-10-31,2026-10-02
300.0,0,126,2026-10-31,2026-10-02
310.0,5,0,2026-10-31,2026-10-02
320.0,0,0,2026-10-31,2026-10-02
330.0,0,1,2026-10-31,2026-10-02
340.0,0,0,2026-10-31,2026-10-02
350.0,0,26,2026-10-31,2026-10-02
360.0,0,36,2026-10-31,2026-10-02
370.0,0,6,2026-10-31,2026-10-02
380.0,0,14,2026-10-31,2026-10-02
390.0,0,10,2026-10-31,2026-10-02
400.0,1,92,2026-10-31,2026-10-02
410.0,0,5,2026-10-31,2026-10-02
420.0,0,37,2026-10-31,2026-10-02
430.0,0,34,2026-10-31,2026-10-02
440.0,0,9,2026-10-31,2026-10-02
450.0,0,20,2026-10-31,2026-10-02
455.0,0,2,2026-10-31,2026-10-02
460.0,1,22,2026-10-31,2026-10-02
465.0,0,17,2026-10-31,2026-10-02
470.0,0,247,2026-10-31,2026-10-02
475.0,0,16,2026-10-31,2026-10-02
480.0,1,23,2026-10-31,2026-10-02
485.0,0,4,2026-10-31,2026-10-02
490.0,0,25,2026-10-31,2026-10-02
495.0,0,23,2026-10-31,2026-10-02
500.0,22,168,2026-10-31,2026-10-02
505.0,0,24,2026-10-31,2026-10-02
510.0,12,21,2026-10-31,2026-10-02
515.0,0,57,2026-10-31,2026-10-02
520.0,2000,2000,2026-10-31,2026-10-02
520.0,11,117,2026-10-31,2026-10-02
525.0,0,348,2026-10-31,2026-10-02
530.0,2,53,2026-10-31,2026-10-02
535.0,0,381,2026-10-31,2026-10-02
540.0,2,160,2026-10-31,2026-10-02
545.0,1,95,2026-10-31,2026-10-02
550.0,13,317,2026-10-31,2026-10-02
555.0,2,69,2026-10-31,2026-10-02
560.0,9,323,2026-10-31,2026-10-02
565.0,2,63,2026-10-31,2026-10-02
570.0,4,142,2026-10-31,2026-10-02
575.0,4,95,2026-10-31,2026-10-02
580.0,7,247,2026-10-31,2026-10-02
585.0,10,229,2026-10-31,2026-10-02
590.0,24,312,2026-10-31,2026-10-02
595.0,11,147,2026-10-31,2026-10-02
600.0,33,1057,2026-10-31,2026-10-02
605.0,13,220,2026-10-31,2026-10-02
610.0,29,274,2026-10-31,2026-10-02
615.0,22,161,2026-10-31,2026-10-02
620.0,122,530,2026-10-31,2026-10-02
625.0,31,619,2026-10-31,2026-10-02
630.0,49,562,2026-10-31,2026-10-02
635.0,68,310,2026-10-31,2026-10-02
640.0,109,391,2026-10-31,2026-10-02
645.0,34,330,2026-10-31,2026-10-02
650.0,742,1034,2026-10-31,2026-10-02
655.0,70,663,2026-10-31,2026-10-02
660.0,284,787,2026-10-31,2026-10-02
665.0,83,966,2026-10-31,2026-10-02
670.0,274,1891,2026-10-31,2026-10-02
675.0,165,315,2026-10-31,2026-10-02
680.0,308,6623,2026-10-31,2026-10-02
685.0,214,167,2026-10-31,2026-10-02
690.0,258,560,2026-10-31,2026-10-02
695.0,71,269,2026-10-31,2026-10-02
700.0,478,881,2026-10-31,2026-10-02
705.0,75,1167,2026-10-31,2026-10-02
710.0,204,221,2026-10-31,2026-10-02
715.0,112,441,2026-10-31,2026-10-02
720.0,460,320,2026-10-31,2026-10-02
725.0,475,197,2026-10-31,2026-10-02
730.0,966,309,2026-10-31,2026-10-02
735.0,261,148,2026-10-31,2026-10-02
740.0,733,122,2026-10-31,2026-10-02
745.0,187,138,2026-10-31,2026-10-02
750.0,1658,196,2026-10-31,2026-10-02
755.0,207,37,2026-10-31,2026-10-02
760.0,604,94,2026-10-31,2026-10-02
765.0,262,64,2026-10-31,2026-10-02
770.0,520,68,2026-10-31,2026-10-02
775.0,317,18,2026-10-31,2026-10-02
780.0,257,25,2026-10-31,2026-10-02
785.0,280,1,2026-10-31,2026-10-02
790.0,300,16,2026-10-31,2026-10-02
795.0,273,5,2026-10-31,2026-10-02
800.0,1660,390,2026-10-31,2026-10-02
805.0,339,5,2026-10-31,2026-10-02
810.0,331,7,2026-10-31,2026-10-02
815.0,197,6,2026-10-31,2026-10-02
820.0,183,9,2026-10-31,2026-10-02
825.0,201,1,2026-10-31,2026-10-02
830.0,539,2,2026-10-31,2026-10-02
835.0,141,6,2026-10-31,2026-10-02
840.0,308,2,2026-10-31,2026-10-02
845.0,201,3,2026-10-31,2026-10-02
850.0,773,4,2026-10-31,2026-10-02
860.0,195,3,2026-10-31,2026-10-02
870.0,139,0,2026-10-31,2026-10-02
880.0,296,1,2026-10-31,2026-10-02
890.0,137,0,2026-10-31,2026-10-02
900.0,2570,22,2026-10-31,2026-10-02
910.0,112,0,2026-10-31,2026-10-02
920.0,59,0,2026-10-31,2026-10-02
930.0,58,0,2026-10-31,2026-10-02
940.0,100,0,2026-10-31,2026-10-02
950.0,225,0,2026-10-31,2026-10-02
960.0,139,0,2026-10-31,2026-10-02
970.0,621,0,2026-10-31,2026-10-02
980.0,102,0,2026-10-31,2026-10-02
990.0,17,0,2026-10-31,2026-10-02
1000.0,382,1,2026-10-31,2026-10-02
1010.0,13,0,2026-10-31,2026-10-02
1020.0,20,0,2026-10-31,2026-10-02
1030.0,20,0,2026-10-31,2026-10-02
1040.0,38,0,2026-10-31,2026-10-02
1050.0,33,0,2026-10-31,2026-10-02
1060.0,20,0,2026-10-31,2026-10-02
1070.0,49,0,2026-10-31,2026-10-02
1080.0,12,0,2026-10-31,2026-10-02
1090.0,33,0,2026-10-31,2026-10-02
1100.0,38,0,2026-10-31,2026-10-02
1110.0,11,0,2026-10-31,2026-10-02
1120.0,3,0,2026-10-31,2026-10-02
1130.0,4,0,2026-10-31,2026-10-02
1140.0,3,0,2026-10-31,2026-10-02
1150.0,29,0,2026-10-31,2026-10-02
1160.0,5,0,2026-10-31,2026-10-02
1170.0,28,0,2026-10-31,2026-10-02
1180.0,9,0,2026-10-31,2026-10-02
1190.0,11,0,2026-10-31,2026-10-02
1200.0,75,0,2026-10-31,2026-10-02
1210.0,21,0,2026-10-31,2026-10-02
1220.0,5,0,2026-10-31,2026-10-02
1230.0,12,0,2026-10-31,2026-10-02
1240.0,18,0,2026-10-31,2026-10-02
1250.0,2,0,2026-10-31,2026-10-02
1260.0,1,0,2026-10-31,2026-10-02
1270.0,12,0,2026-10-31,2026-10-02
1280.0,2,0,2026-10-31,2026-10-02
1290.0,0,0,2026-10-31,2026-10-02
1300.0,98,0,2026-10-31,2026-10-02
1310.0,0,0,2026-10-31,2026-10-02
1320.0,1,0,2026-10-31,2026-10-02
1330.0,0,0,2026-10-31,2026-10-02
1340.0,0,0,2026-10-31,2026-10-02
1350.0,0,0,2026-10-31,2026-10-02
1360.0,0,0,2026-10-31,2026-10-02
1370.0,0,0,2026-10-31,2026-10-02
1380.0,0,0,2026-10-31,2026-10-02
1390.0,0,0,2026-10-31,2026-10-02
1400.0,0,0,2026-10-31,2026-10-02
1410.0,0,0,2026-10-31,2026-10-02
1420.0,0,0,2026-10-31,2026-10-02
1430.0,0,0,2026-10-31,2026-10-02
1440.0,0,0,2026-10-31,2026-10-02
1450.0,0,0,2026-10-31,2026-10-02
1460.0,0,0,2026-10-31,2026-10-02
1470.0,0,0,2026-10-31,2026-10-02
1480.0,1,0,2026-10-31,2026-10-02
1490.0,1,0,2026-10-31,2026-10-02
725.0,3000,3000,2026-11-03,2026-10-02
715.0,124,0,2026-11-06,2026-10-02
730.0,62,0,2026-11-06,2026-10-02
760.0,166,0,2026-11-06,2026-10-02
813.0,25,0,2026-11-06,2026-10-02
100.0,0,0,2026-11-07,2026-10-02
110.0,0,0,2026-11-07,2026-10-02
120.0,0,0,2026-11-07,2026-10-02
130.0,0,0,2026-11-07,2026-10-02
140.0,0,0,2026-11-07,2026-10-02
150.0,0,0,2026-11-07,2026-10-02
160.0,0,0,2026-11-07,2026-10-02
170.0,0,0,2026-11-07,2026-10-02
180.0,0,0,2026-11-07,2026-10-02
190.0,0,0,2026-11-07,2026-10-02
200.0,0,0,2026-11-07,2026-10-02
210.0,0,0,2026-11-07,2026-10-02
220.0,0,0,2026-11-07,2026-10-02
230.0,0,0,2026-11-07,2026-10-02
240.0,0,0,2026-11-07,2026-10-02
250.0,0,0,2026-11-07,2026-10-02
260.0,0,0,2026-11-07,2026-10-02
270.0,0,0,2026-11-07,2026-10-02
280.0,0,0,2026-11-07,2026-10-02
290.0,0,0,2026-11-07,2026-10-02
300.0,0,0,2026-11-07,2026-10-02
310.0,0,0,2026-11-07,2026-10-02
320.0,0,5,2026-11-07,2026-10-02
330.0,0,7,2026-11-07,2026-10-02
340.0,0,6,2026-11-07,2026-10-02
350.0,0,5,2026-11-07,2026-10-02
360.0,1,4,2026-11-07,2026-10-02
370.0,0,4,2026-11-07,2026-10-02
380.0,0,5,2026-11-07,2026-10-02
390.0,0,9,2026-11-07,2026-10-02
400.0,0,18,2026-11-07,2026-10-02
410.0,0,14,2026-11-07,2026-10-02
420.0,0,2,2026-11-07,2026-10-02
430.0,0,1,2026-11-07,2026-10-02
440.0,0,1,2026-11-07,2026-10-02
450.0,0,1,2026-11-07,2026-10-02
455.0,0,0,2026-11-07,2026-10-02
460.0,0,1,2026-11-07,2026-10-02
465.0,0,0,2026-11-07,2026-10-02
470.0,0,0,2026-11-07,2026-10-02
475.0,0,9,2026-11-07,2026-10-02
480.0,0,0,2026-11-07,2026-10-02
485.0,0,0,2026-11-07,2026-10-02
490.0,0,1,2026-11-07,2026-10-02
495.0,0,0,2026-11-07,2026-10-02
500.0,0,4,2026-11-07,2026-10-02
505.0,0,7,2026-11-07,2026-10-02
510.0,0,6,2026-11-07,2026-10-02
515.0,0,15,2026-11-07,2026-10-02
520.0,0,12,2026-11-07,2026-10-02
525.0,0,141,2026-11-07,2026-10-02
530.0,0,22,2026-11-07,2026-10-02
535.0,0,17,2026-11-07,2026-10-02
540.0,1,23,2026-11-07,2026-10-02
545.0,1,22,2026-11-07,2026-10-02
550.0,2,27,2026-11-07,2026-10-02
555.0,0,0,2026-11-07,2026-10-02
560.0,0,11,2026-11-07,2026-10-02
565.0,0,17,2026-11-07,2026-10-02
570.0,0,7,2026-11-07,2026-10-02
575.0,0,20,2026-11-07,2026-10-02
580.0,0,21,2026-11-07,2026-10-02
585.0,6,17,2026-11-07,2026-10-02
590.0,0,2066,2026-11-07,2026-10-02
595.0,7,1926,2026-11-07,2026-10-02
600.0,22,100,2026-11-07,2026-10-02
605.0,0,58,2026-11-07,2026-10-02
610.0,3,76,2026-11-07,2026-10-02
615.0,3,27,2026-11-07,2026-10-02
620.0,4,120,2026-11-07,2026-10-02
625.0,9,48,2026-11-07,2026-10-02
630.0,1,85,2026-11-07,2026-10-02
635.0,7,45,2026-11-07,2026-10-02
640.0,14,290,2026-11-07,2026-10-02
645.0,6,87,2026-11-07,2026-10-02
650.0,8,322,2026-11-07,2026-10-02
655.0,7,151,2026-11-07,2026-10-02
660.0,3,64,2026-11-07,2026-10-02
665.0,1100,1100,2026-11-07,2026-10-02
665.0,10,44,2026-11-07,2026-10-02
670.0,350,350,2026-11-07,2026-10-02
670.0,4,74,2026-11-07,2026-10-02
675.0,10,44,2026-11-07,2026-10-02
680.0,8,265,2026-11-07,2026-10-02
685.0,3,38,2026-11-07,2026-10-02
690.0,24,256,2026-11-07,2026-10-02
695.0,38,69,2026-11-07,2026-10-02
700.0,77,126,2026-11-07,2026-10-02
705.0,21,18,2026-11-07,2026-10-02
710.0,29,50,2026-11-07,2026-10-02
715.0,22,106,2026-11-07,2026-10-02
720.0,100,21,2026-11-07,2026-10-02
725.0,71,33,2026-11-07,2026-10-02
730.0,588,80,2026-11-07,2026-10-02
735.0,2000,2000,2026-11-07,2026-10-02
735.0,87,81,2026-11-07,2026-10-02
740.0,104,50,2026-11-07,2026-10-02
745.0,549,0,2026-11-07,2026-10-02
745.0,31,19,2026-11-07,2026-10-02
750.0,11,0,2026-11-07,2026-10-02
750.0,488,86,2026-11-07,2026-10-02
755.0,38,7,2026-11-07,2026-10-02
760.0,29,80,2026-11-07,2026-10-02
765.0,43,20,2026-11-07,2026-10-02
770.0,27,32,2026-11-07,2026-10-02
775.0,68,9,2026-11-07,2026-10-02
780.0,93,10,2026-11-07,2026-10-02
785.0,59,6,2026-11-07,2026-10-02
790.0,37,15,2026-11-07,2026-10-02
795.0,86,6,2026-11-07,2026-10-02
800.0,3520,2,2026-11-07,2026-10-02
805.0,21,10,2026-11-07,2026-10-02
810.0,36,2,2026-11-07,2026-10-02
815.0,32,0,2026-11-07,2026-10-02
820.0,183,0,2026-11-07,2026-10-02
825.0,25,37,2026-11-07,2026-10-02
830.0,76,0,2026-11-07,2026-10-02
835.0,71,2,2026-11-07,2026-10-02
840.0,15,0,2026-11-07,2026-10-02
845.0,23,0,2026-11-07,2026-10-02
850.0,64,0,2026-11-07,2026-10-02
860.0,95,0,2026-11-07,2026-10-02
870.0,52,1,2026-11-07,2026-10-02
880.0,13,0,2026-11-07,2026-10-02
890.0,17,1,2026-11-07,2026-10-02
900.0,40,0,2026-11-07,2026-10-02
910.0,66,4,2026-11-07,2026-10-02
920.0,10,8,2026-11-07,2026-10-02
930.0,101,0,2026-11-07,2026-10-02
940.0,9,0,2026-11-07,2026-10-02
950.0,36,0,2026-11-07,2026-10-02
960.0,1,0,2026-11-07,2026-10-02
970.0,15,0,2026-11-07,2026-10-02
980.0,1,0,2026-11-07,2026-10-02
990.0,4,0,2026-11-07,2026-10-02
1000.0,198,0,2026-11-07,2026-10-02
1010.0,2,0,2026-11-07,2026-10-02
1020.0,2,0,2026-11-07,2026-10-02
1030.0,0,0,2026-11-07,2026-10-02
1040.0,1,0,2026-11-07,2026-10-02
1050.0,5,0,2026-11-07,2026-10-02
1060.0,11,0,2026-11-07,2026-10-02
1070.0,0,0,2026-11-07,2026-10-02
1080.0,0,0,2026-11-07,2026-10-02
1090.0,11,0,2026-11-07,2026-10-02
1100.0,13,0,2026-11-07,2026-10-02
1110.0,0,0,2026-11-07,2026-10-02
1120.0,0,0,2026-11-07,2026-10-02
1130.0,1,0,2026-11-07,2026-10-02
1140.0,0,0,2026-11-07,2026-10-02
1150.0,0,0,2026-11-07,2026-10-02
1160.0,25,0,2026-11-07,2026-10-02
1170.0,2,0,2026-11-07,2026-10-02
1180.0,0,0,2026-11-07,2026-10-02
1190.0,3,0,2026-11-07,2026-10-02
1200.0,3,0,2026-11-07,2026-10-02
1210.0,2,0,2026-11-07,2026-10-02
1220.0,7,0,2026-11-07,2026-10-02
1230.0,4,0,2026-11-07,2026-10-02
1240.0,19,0,2026-11-07,2026-10-02
1250.0,6,0,2026-11-07,2026-10-02
1260.0,2,0,2026-11-07,2026-10-02
1270.0,4,0,2026-11-07,2026-10-02
1280.0,20,0,2026-11-07,2026-10-02
1290.0,11,0,2026-11-07,2026-10-02
1300.0,9,0,2026-11-07,2026-10-02
1310.0,9,0,2026-11-07,2026-10-02
1320.0,16,0,2026-11-07,2026-10-02
1330.0,9,0,2026-11-07,2026-10-02
1340.0,2,0,2026-11-07,2026-10-02
1350.0,1,0,2026-11-07,2026-10-02
1360.0,4,0,2026-11-07,2026-10-02
1370.0,6,0,2026-11-07,2026-10-02
1380.0,10,0,2026-11-07,2026-10-02
1390.0,0,0,2026-11-07,2026-10-02
1400.0,0,0,2026-11-07,2026-10-02
1410.0,0,0,2026-11-07,2026-10-02
1420.0,0,0,2026-11-07,2026-10-02
1430.0,0,0,2026-11-07,2026-10-02
1440.0,0,0,2026-11-07,2026-10-02
1450.0,0,0,2026-11-07,2026-10-02
1460.0,0,0,2026-11-07,2026-10-02
1470.0,0,0,2026-11-07,2026-10-02
1480.0,0,0,2026-11-07,2026-10-02
1490.0,0,0,2026-11-07,2026-10-02
805.0,96,0,2026-11-12,2026-10-02
850.52,214,214,2026-11-12,2026-10-02
610.0,0,0,2026-11-14,2026-10-02
665.0,1,32,2026-11-14,2026-10-02
670.0,0,21,2026-11-14,2026-10-02
675.0,1,2,2026-11-14,2026-10-02
680.0,1,0,2026-11-14,2026-10-02
685.0,2,0,2026-11-14,2026-10-02
690.0,0,4,2026-11-14,2026-10-02
695.0,0,1,2026-11-14,2026-10-02
700.0,0,10,2026-11-14,2026-10-02
705.0,0,11,2026-11-14,2026-10-02
710.0,0,0,2026-11-14,2026-10-02
715.0,0,0,2026-11-14,2026-10-02
720.0,15,0,2026-11-14,2026-10-02
725.0,7,2,2026-11-14,2026-10-02
730.0,1,1,2026-11-14,2026-10-02
735.0,0,0,2026-11-14,2026-10-02
740.0,7,1,2026-11-14,2026-10-02
745.0,7,0,2026-11-14,2026-10-02
750.0,1,0,2026-11-14,2026-10-02
755.0,0,0,2026-11-14,2026-10-02
760.0,0,3,2026-11-14,2026-10-02
765.0,0,0,2026-11-14,2026-10-02
770.0,0,0,2026-11-14,2026-10-02
775.0,1,0,2026-11-14,2026-10-02
780.0,0,0,2026-11-14,2026-10-02
785.0,4,0,2026-11-14,2026-10-02
790.0,5,0,2026-11-14,2026-10-02
795.0,0,0,2026-11-14,2026-10-02
800.0,7,0,2026-11-14,2026-10-02
805.0,7,0,2026-11-14,2026-10-02
5.0,13,3803,2026-11-21,2026-10-02
10.0,0,201,2026-11-21,2026-10-02
15.0,0,0,2026-11-21,2026-10-02
20.0,0,20,2026-11-21,2026-10-02
25.0,0,0,2026-11-21,2026-10-02
30.0,0,10,2026-11-21,2026-10-02
35.0,7,0,2026-11-21,2026-10-02
40.0,2,33,2026-11-21,2026-10-02
45.0,12,0,2026-11-21,2026-10-02
50.0,10,43,2026-11-21,2026-10-02
250.0,85,2554,2026-11-21,2026-10-02
260.0,4,234,2026-11-21,2026-10-02
270.0,1,114,2026-11-21,2026-10-02
280.0,1,46,2026-11-21,2026-10-02
290.0,2,182,2026-11-21,2026-10-02
300.0,17,496,2026-11-21,2026-10-02
310.0,3,124,2026-11-21,2026-10-02
320.0,5,63,2026-11-21,2026-10-02
330.0,22,116,2026-11-21,2026-10-02
340.0,6,250,2026-11-21,2026-10-02
350.0,17,419,2026-11-21,2026-10-02
360.0,15,280,2026-11-21,2026-10-02
370.0,3,214,2026-11-21,2026-10-02
380.0,16,138,2026-11-21,2026-10-02
390.0,38,255,2026-11-21,2026-10-02
400.0,50,841,2026-11-21,2026-10-02
405.0,40,185,2026-11-21,2026-10-02
410.0,10,173,2026-11-21,2026-10-02
415.0,16,180,2026-11-21,2026-10-02
420.0,6,1007,2026-11-21,2026-10-02
425.0,41,624,2026-11-21,2026-10-02
430.0,9,232,2026-11-21,2026-10-02
435.0,6,741,2026-11-21,2026-10-02
440.0,34,596,2026-11-21,2026-10-02
445.0,33,360,2026-11-21,2026-10-02
450.0,756,1653,2026-11-21,2026-10-02
455.0,31,383,2026-11-21,2026-10-02
460.0,108,590,2026-11-21,2026-10-02
465.0,49,407,2026-11-21,2026-10-02
470.0,54,1461,2026-11-21,2026-10-02
475.0,38,640,2026-11-21,2026-10-02
480.0,65,2756,2026-11-21,2026-10-02
485.0,36,469,2026-11-21,2026-10-02
490.0,16,864,2026-11-21,2026-10-02
495.0,53,748,2026-11-21,2026-10-02
500.0,335,3800,2026-11-21,2026-10-02
505.0,69,710,2026-11-21,2026-10-02
510.0,678,1250,2026-11-21,2026-10-02
515.0,69,1250,2026-11-21,2026-10-02
520.0,6375,6375,2026-11-21,2026-10-02
520.0,246,1083,2026-11-21,2026-10-02
525.0,44,816,2026-11-21,2026-10-02
530.0,962,2352,2026-11-21,2026-10-02
535.0,193,1165,2026-11-21,2026-10-02
540.0,799,2307,2026-11-21,2026-10-02
545.0,240,845,2026-11-21,2026-10-02
550.0,1390,4901,2026-11-21,2026-10-02
555.0,942,1457,2026-11-21,2026-10-02
560.0,1448,2003,2026-11-21,2026-10-02
565.0,582,983,2026-11-21,2026-10-02
570.0,1027,1571,2026-11-21,2026-10-02
575.0,763,945,2026-11-21,2026-10-02
580.0,768,1661,2026-11-21,2026-10-02
585.0,6533,7308,2026-11-21,2026-10-02
590.0,3228,2771,2026-11-21,2026-10-02
595.0,797,829,2026-11-21,2026-10-02
600.0,450,468,2026-11-21,2026-10-02
600.0,4788,4562,2026-11-21,2026-10-02
605.0,1213,903,2026-11-21,2026-10-02
610.0,1613,1219,2026-11-21,2026-10-02
615.0,1023,914,2026-11-21,2026-10-02
620.0,764,1260,2026-11-21,2026-10-02
625.0,891,1316,2026-11-21,2026-10-02
630.0,1368,2144,2026-11-21,2026-10-02
635.0,2360,500,2026-11-21,2026-10-02
640.0,6,0,2026-11-21,2026-10-02
640.0,1822,1599,2026-11-21,2026-10-02
645.0,650,650,2026-11-21,2026-10-02
645.0,489,1042,2026-11-21,2026-10-02
650.0,4903,3623,2026-11-21,2026-10-02
655.0,491,508,2026-11-21,2026-10-02
660.0,1950,1950,2026-11-21,2026-10-02
660.0,2927,1614,2026-11-21,2026-10-02
665.0,472,730,2026-11-21,2026-10-02
670.0,2046,1798,2026-11-21,2026-10-02
675.0,935,1006,2026-11-21,2026-10-02
680.0,70,70,2026-11-21,2026-10-02
680.0,1056,1616,2026-11-21,2026-10-02
685.0,897,763,2026-11-21,2026-10-02
690.0,887,519,2026-11-21,2026-10-02
695.0,713,552,2026-11-21,2026-10-02
700.0,14,0,2026-11-21,2026-10-02
700.0,17684,1685,2026-11-21,2026-10-02
705.0,721,730,2026-11-21,2026-10-02
710.0,3000,3000,2026-11-21,2026-10-02
710.0,1137,374,2026-11-21,2026-10-02
715.0,838,360,2026-11-21,2026-10-02
720.0,2047,924,2026-11-21,2026-10-02
725.0,3137,1902,2026-11-21,2026-10-02
730.0,1406,616,2026-11-21,2026-10-02
735.0,846,1169,2026-11-21,2026-10-02
740.0,7,0,2026-11-21,2026-10-02
740.0,2050,583,2026-11-21,2026-10-02
745.0,805,609,2026-11-21,2026-10-02
750.0,7159,2578,2026-11-21,2026-10-02
755.0,397,397,2026-11-21,2026-10-02
755.0,4265,137,2026-11-21,2026-10-02
760.0,4848,403,2026-11-21,2026-10-02
765.0,4185,578,2026-11-21,2026-10-02
770.0,5331,1162,2026-11-21,2026-10-02
775.0,4962,87,2026-11-21,2026-10-02
780.0,193,193,2026-11-21,2026-10-02
780.0,6913,302,2026-11-21,2026-10-02
785.0,307,58,2026-11-21,2026-10-02
790.0,1334,106,2026-11-21,2026-10-02
795.0,1137,24,2026-11-21,2026-10-02
800.0,2,0,2026-11-21,2026-10-02
800.0,23014,313,2026-11-21,2026-10-02
805.0,4227,34,2026-11-21,2026-10-02
810.0,5501,5,2026-11-21,2026-10-02
815.0,4221,11,2026-11-21,2026-10-02
820.0,4959,15,2026-11-21,2026-10-02
825.0,5030,5,2026-11-21,2026-10-02
830.0,5632,1,2026-11-21,2026-10-02
835.0,390,10,2026-11-21,2026-10-02
840.0,1236,16,2026-11-21,2026-10-02
845.0,407,0,2026-11-21,2026-10-02
850.0,18,0,2026-11-21,2026-10-02
850.0,2693,16,2026-11-21,2026-10-02
855.0,287,0,2026-11-21,2026-10-02
860.0,1001,1,2026-11-21,2026-10-02
865.0,257,15,2026-11-21,2026-10-02
870.0,1333,21,2026-11-21,2026-10-02
875.0,983,0,2026-11-21,2026-10-02
880.0,448,11,2026-11-21,2026-10-02
885.0,200,0,2026-11-21,2026-10-02
890.0,195,33,2026-11-21,2026-10-02
895.0,78,10,2026-11-21,2026-10-02
900.0,15015,98,2026-11-21,2026-10-02
905.0,252,0,2026-11-21,2026-10-02
910.0,464,0,2026-11-21,2026-10-02
915.0,85,0,2026-11-21,2026-10-02
920.0,331,0,2026-11-21,2026-10-02
925.0,871,5,2026-11-21,2026-10-02
930.0,177,1,2026-11-21,2026-10-02
935.0,145,0,2026-11-21,2026-10-02
940.0,191,27,2026-11-21,2026-10-02
945.0,126,0,2026-11-21,2026-10-02
950.0,2515,6,2026-11-21,2026-10-02
955.0,71,0,2026-11-21,2026-10-02
960.0,293,2,2026-11-21,2026-10-02
965.0,141,0,2026-11-21,2026-10-02
970.0,91,1,2026-11-21,2026-10-02
975.0,53,5,2026-11-21,2026-10-02
980.0,164,101,2026-11-21,2026-10-02
985.0,75,0,2026-11-21,2026-10-02
990.0,226,0,2026-11-21,2026-10-02
995.0,47,0,2026-11-21,2026-10-02
1000.0,1612,0,2026-11-21,2026-10-02
1010.0,162,0,2026-11-21,2026-10-02
1020.0,175,0,2026-11-21,2026-10-02
1030.0,166,0,2026-11-21,2026-10-02
1040.0,66,0,2026-11-21,2026-10-02
1050.0,300,0,2026-11-21,2026-10-02
1060.0,259,0,2026-11-21,2026-10-02
1070.0,125,0,2026-11-21,2026-10-02
1080.0,306,0,2026-11-21,2026-10-02
1090.0,489,0,2026-11-21,2026-10-02
1100.0,1402,0,2026-11-21,2026-10-02
1110.0,123,0,2026-11-21,2026-10-02
1120.0,151,0,2026-11-21,2026-10-02
1130.0,88,0,2026-11-21,2026-10-02
1140.0,135,0,2026-11-21,2026-10-02
1150.0,279,0,2026-11-21,2026-10-02
1160.0,128,0,2026-11-21,2026-10-02
1170.0,127,0,2026-11-21,2026-10-02
1180.0,36,0,2026-11-21,2026-10-02
1190.0,66,0,2026-11-21,2026-10-02
1200.0,1460,0,2026-11-21,2026-10-02
1210.0,428,0,2026-11-21,2026-10-02
1220.0,41,0,2026-11-21,2026-10-02
1230.0,42,0,2026-11-21,2026-10-02
1240.0,107,0,2026-11-21,2026-10-02
1250.0,375,0,2026-11-21,2026-10-02
1260.0,105,0,2026-11-21,2026-10-02
1270.0,64,0,2026-11-21,2026-10-02
1280.0,40,0,2026-11-21,2026-10-02
1290.0,67,0,2026-11-21,2026-10-02
1300.0,191,0,2026-11-21,2026-10-02
1310.0,6,0,2026-11-21,2026-10-02
1320.0,12,0,2026-11-21,2026-10-02
1330.0,22,0,2026-11-21,2026-10-02
1340.0,17,0,2026-11-21,2026-10-02
1350.0,67,0,2026-11-21,2026-10-02
1360.0,35,0,2026-11-21,2026-10-02
1370.0,89,0,2026-11-21,2026-10-02
1380.0,56,0,2026-11-21,2026-10-02
1390.0,23,0,2026-11-21,2026-10-02
1400.0,116,0,2026-11-21,2026-10-02
1410.0,39,0,2026-11-21,2026-10-02
1420.0,70,0,2026-11-21,2026-10-02
1430.0,55,0,2026-11-21,2026-10-02
1440.0,142,0,2026-11-21,2026-10-02
1450.0,245,0,2026-11-21,2026-10-02
1460.0,94,0,2026-11-21,2026-10-02
1470.0,321,0,2026-11-21,2026-10-02
1480.0,6206,0,2026-11-21,2026-10-02
1490.0,52,0,2026-11-21,2026-10-02
750.0,1000,1000,2026-11-28,2026-10-02
696.74,1100,1100,2026-12-01,2026-10-02
696.74,1100,1100,2026-12-02,2026-10-02
696.74,1100,1100,2026-12-03,2026-10-02
845.0,135,0,2026-12-03,2026-10-02
670.0,1000,1000,2026-12-05,2026-10-02
770.0,4,0,2026-12-05,2026-10-02
5.0,0,474,2026-12-19,2026-10-02
10.0,0,118,2026-12-19,2026-10-02
15.0,0,25,2026-12-19,2026-10-02
20.0,2,325,2026-12-19,2026-10-02
25.0,0,10,2026-12-19,2026-10-02
30.0,1,63,2026-12-19,2026-10-02
35.0,0,14,2026-12-19,2026-10-02
40.0,0,17,2026-12-19,2026-10-02
45.0,1,2,2026-12-19,2026-10-02
50.0,6,427,2026-12-19,2026-10-02
55.0,1,41,2026-12-19,2026-10-02
60.0,0,22,2026-12-19,2026-10-02
65.0,0,34,2026-12-19,2026-10-02
70.0,1,28,2026-12-19,2026-10-02
75.0,2,16,2026-12-19,2026-10-02
80.0,3,45,2026-12-19,2026-10-02
85.0,0,246,2026-12-19,2026-10-02
90.0,0,345,2026-12-19,2026-10-02
95.0,2,203,2026-12-19,2026-10-02
100.0,111,446,2026-12-19,2026-10-02
110.0,26,139,2026-12-19,2026-10-02
120.0,30,204,2026-12-19,2026-10-02
130.0,17,321,2026-12-19,2026-10-02
140.0,114,263,2026-12-19,2026-10-02
150.0,126,357,2026-12-19,2026-10-02
160.0,62,420,2026-12-19,2026-10-02
170.0,83,590,2026-12-19,2026-10-02
180.0,187,323,2026-12-19,2026-10-02
190.0,225,220,2026-12-19,2026-10-02
200.0,337,1033,2026-12-19,2026-10-02
210.0,264,475,2026-12-19,2026-10-02
220.0,288,486,2026-12-19,2026-10-02
230.0,157,133,2026-12-19,2026-10-02
240.0,43,288,2026-12-19,2026-10-02
250.0,298,684,2026-12-19,2026-10-02
260.0,824,643,2026-12-19,2026-10-02
270.0,49,310,2026-12-19,2026-10-02
280.0,79,375,2026-12-19,2026-10-02
290.0,66,363,2026-12-19,2026-10-02
300.0,195,1376,2026-12-19,2026-10-02
310.0,94,426,2026-12-19,2026-10-02
320.0,139,582,2026-12-19,2026-10-02
330.0,61,178,2026-12-19,2026-10-02
340.0,122,293,2026-12-19,2026-10-02
350.0,250,1789,2026-12-19,2026-10-02
360.0,139,2613,2026-12-19,2026-10-02
370.0,152,342,2026-12-19,2026-10-02
380.0,57,680,2026-12-19,2026-10-02
390.0,493,488,2026-12-19,2026-10-02
400.0,1593,1851,2026-12-19,2026-10-02
410.0,2614,690,2026-12-19,2026-10-02
413.5,6,0,2026-12-19,2026-10-02
420.0,891,1853,2026-12-19,2026-10-02
430.0,98,537,2026-12-19,2026-10-02
440.0,173,817,2026-12-19,2026-10-02
450.0,902,4595,2026-12-19,2026-10-02
460.0,173,1802,2026-12-19,2026-10-02
470.0,2147,1478,2026-12-19,2026-10-02
480.0,213,2024,2026-12-19,2026-10-02
490.0,0,50,2026-12-19,2026-10-02
490.0,830,2011,2026-12-19,2026-10-02
495.0,0,0,2026-12-19,2026-10-02
500.0,1839,6793,2026-12-19,2026-10-02
505.0,2,40,2026-12-19,2026-10-02
510.0,164,3379,2026-12-19,2026-10-02
515.0,1,5,2026-12-19,2026-10-02
520.0,802,1834,2026-12-19,2026-10-02
525.0,15,23,2026-12-19,2026-10-02
530.0,877,3020,2026-12-19,2026-10-02
535.0,0,8,2026-12-19,2026-10-02
540.0,581,1729,2026-12-19,2026-10-02
545.0,2,26,2026-12-19,2026-10-02
550.0,1326,5493,2026-12-19,2026-10-02
555.0,0,37,2026-12-19,2026-10-02
560.0,892,1928,2026-12-19,2026-10-02
565.0,753,644,2026-12-19,2026-10-02
570.0,1235,2994,2026-12-19,2026-10-02
575.0,746,1015,2026-12-19,2026-10-02
580.0,1081,2442,2026-12-19,2026-10-02
585.0,349,634,2026-12-19,2026-10-02
590.0,660,2152,2026-12-19,2026-10-02
595.0,395,720,2026-12-19,2026-10-02
600.0,3420,4309,2026-12-19,2026-10-02
605.0,474,426,2026-12-19,2026-10-02
610.0,923,1233,2026-12-19,2026-10-02
615.0,317,779,2026-12-19,2026-10-02
620.0,0,50,2026-12-19,2026-10-02
620.0,1653,1694,2026-12-19,2026-10-02
625.0,416,521,2026-12-19,2026-10-02
630.0,1219,1552,2026-12-19,2026-10-02
635.0,213,345,2026-12-19,2026-10-02
640.0,1719,1457,2026-12-19,2026-10-02
645.0,556,347,2026-12-19,2026-10-02
650.0,5170,3061,2026-12-19,2026-10-02
655.0,604,257,2026-12-19,2026-10-02
660.0,2298,5096,2026-12-19,2026-10-02
665.0,680,738,2026-12-19,2026-10-02
670.0,1321,1497,2026-12-19,2026-10-02
675.0,389,239,2026-12-19,2026-10-02
680.0,1860,1911,2026-12-19,2026-10-02
685.0,251,172,2026-12-19,2026-10-02
690.0,757,628,2026-12-19,2026-10-02
695.0,302,162,2026-12-19,2026-10-02
700.0,7649,2893,2026-12-19,2026-10-02
705.0,499,431,2026-12-19,2026-10-02
710.0,688,427,2026-12-19,2026-10-02
715.0,294,355,2026-12-19,2026-10-02
720.0,3454,10715,2026-12-19,2026-10-02
725.0,915,349,2026-12-19,2026-10-02
730.0,10,0,2026-12-19,2026-10-02
730.0,2201,1946,2026-12-19,2026-10-02
735.0,991,212,2026-12-19,2026-10-02
740.0,965,299,2026-12-19,2026-10-02
745.0,532,154,2026-12-19,2026-10-02
750.0,6146,2041,2026-12-19,2026-10-02
755.0,2248,294,2026-12-19,2026-10-02
760.0,3129,381,2026-12-19,2026-10-02
765.0,2194,295,2026-12-19,2026-10-02
770.0,3226,113,2026-12-19,2026-10-02
775.0,2889,64,2026-12-19,2026-10-02
780.0,4024,105,2026-12-19,2026-10-02
785.0,734,45,2026-12-19,2026-10-02
790.0,1690,180,2026-12-19,2026-10-02
795.0,642,51,2026-12-19,2026-10-02
800.0,12075,301,2026-12-19,2026-10-02
805.0,50,0,2026-12-19,2026-10-02
805.0,2030,91,2026-12-19,2026-10-02
810.0,1978,24,2026-12-19,2026-10-02
815.0,2226,9,2026-12-19,2026-10-02
820.0,3408,88,2026-12-19,2026-10-02
825.0,2386,14,2026-12-19,2026-10-02
830.0,3244,13,2026-12-19,2026-10-02
835.0,272,21,2026-12-19,2026-10-02
840.0,1217,35,2026-12-19,2026-10-02
845.0,2437,4,2026-12-19,2026-10-02
850.0,3748,46,2026-12-19,2026-10-02
855.0,30,1,2026-12-19,2026-10-02
860.0,1792,1,2026-12-19,2026-10-02
865.0,544,1,2026-12-19,2026-10-02
870.0,930,6,2026-12-19,2026-10-02
875.0,47,16,2026-12-19,2026-10-02
880.0,946,12,2026-12-19,2026-10-02
885.0,17,0,2026-12-19,2026-10-02
890.0,2826,2,2026-12-19,2026-10-02
895.0,56,0,2026-12-19,2026-10-02
900.0,4614,112,2026-12-19,2026-10-02
905.0,20,0,2026-12-19,2026-10-02
910.0,773,0,2026-12-19,2026-10-02
915.0,20,0,2026-12-19,2026-10-02
920.0,570,1,2026-12-19,2026-10-02
925.0,35,0,2026-12-19,2026-10-02
930.0,243,2,2026-12-19,2026-10-02
935.0,14,0,2026-12-19,2026-10-02
940.0,460,5,2026-12-19,2026-10-02
945.0,9,1,2026-12-19,2026-10-02
950.0,1574,1,2026-12-19,2026-10-02
955.0,6,0,2026-12-19,2026-10-02
960.0,271,0,2026-12-19,2026-10-02
965.0,100,0,2026-12-19,2026-10-02
970.0,1673,1,2026-12-19,2026-10-02
975.0,7,0,2026-12-19,2026-10-02
980.0,209,0,2026-12-19,2026-10-02
985.0,24,0,2026-12-19,2026-10-02
990.0,968,0,2026-12-19,2026-10-02
995.0,30,0,2026-12-19,2026-10-02
1000.0,4902,3,2026-12-19,2026-10-02
1020.0,629,0,2026-12-19,2026-10-02
1030.0,1577,0,2026-12-19,2026-10-02
1040.0,188,0,2026-12-19,2026-10-02
1050.0,287,0,2026-12-19,2026-10-02
1060.0,242,0,2026-12-19,2026-10-02
1070.0,265,0,2026-12-19,2026-10-02
1080.0,208,0,2026-12-19,2026-10-02
1090.0,89,0,2026-12-19,2026-10-02
1100.0,1348,0,2026-12-19,2026-10-02
1110.0,176,0,2026-12-19,2026-10-02
1120.0,435,0,2026-12-19,2026-10-02
1130.0,92,0,2026-12-19,2026-10-02
1140.0,204,0,2026-12-19,2026-10-02
1150.0,1726,0,2026-12-19,2026-10-02
1160.0,33,0,2026-12-19,2026-10-02
1170.0,51,0,2026-12-19,2026-10-02
1180.0,262,0,2026-12-19,2026-10-02
1190.0,101,0,2026-12-19,2026-10-02
1200.0,1967,0,2026-12-19,2026-10-02
1210.0,124,0,2026-12-19,2026-10-02
1220.0,166,0,2026-12-19,2026-10-02
1230.0,373,0,2026-12-19,2026-10-02
1240.0,1846,0,2026-12-19,2026-10-02
1250.0,2024,0,2026-12-19,2026-10-02
1260.0,124,0,2026-12-19,2026-10-02
1270.0,196,0,2026-12-19,2026-10-02
1280.0,311,0,2026-12-19,2026-10-02
1290.0,8592,0,2026-12-19,2026-10-02
1300.0,8941,0,2026-12-19,2026-10-02
1310.0,113,0,2026-12-19,2026-10-02
1320.0,90,0,2026-12-19,2026-10-02
1330.0,82,0,2026-12-19,2026-10-02
1340.0,270,0,2026-12-19,2026-10-02
1350.0,427,0,2026-12-19,2026-10-02
1360.0,97,0,2026-12-19,2026-10-02
1370.0,147,0,2026-12-19,2026-10-02
1380.0,68,0,2026-12-19,2026-10-02
1390.0,114,0,2026-12-19,2026-10-02
1400.0,2585,0,2026-12-19,2026-10-02
1410.0,490,0,2026-12-19,2026-10-02
1420.0,791,0,2026-12-19,2026-10-02
1430.0,1002,0,2026-12-19,2026-10-02
1440.0,43,0,2026-12-19,2026-10-02
1450.0,62,0,2026-12-19,2026-10-02
1460.0,271,0,2026-12-19,2026-10-02
1470.0,137,0,2026-12-19,2026-10-02
1480.0,2067,0,2026-12-19,2026-10-02
1490.0,135,0,2026-12-19,2026-10-02
860.0,237,0,2027-01-07,2026-10-02
5.0,68,3204,2027-01-16,2026-10-02
10.0,1,4,2027-01-16,2026-10-02
15.0,2,4,2027-01-16,2026-10-02
20.0,7,2,2027-01-16,2026-10-02
25.0,0,2,2027-01-16,2026-10-02
30.0,0,4,2027-01-16,2026-10-02
35.0,0,2,2027-01-16,2026-10-02
40.0,0,204,2027-01-16,2026-10-02
45.0,1,7,2027-01-16,2026-10-02
50.0,111,441,2027-01-16,2026-10-02
100.0,126,3068,2027-01-16,2026-10-02
110.0,283,371,2027-01-16,2026-10-02
120.0,11,98,2027-01-16,2026-10-02
130.0,16,118,2027-01-16,2026-10-02
140.0,13,211,2027-01-16,2026-10-02
150.0,15,329,2027-01-16,2026-10-02
160.0,38,180,2027-01-16,2026-10-02
170.0,36,463,2027-01-16,2026-10-02
180.0,191,252,2027-01-16,2026-10-02
190.0,27,177,2027-01-16,2026-10-02
200.0,160,484,2027-01-16,2026-10-02
210.0,56,391,2027-01-16,2026-10-02
220.0,174,1126,2027-01-16,2026-10-02
230.0,55,602,2027-01-16,2026-10-02
240.0,73,388,2027-01-16,2026-10-02
242.5,0,75,2027-01-16,2026-10-02
250.0,86,1049,2027-01-16,2026-10-02
260.0,58,140,2027-01-16,2026-10-02
270.0,281,1027,2027-01-16,2026-10-02
280.0,55,361,2027-01-16,2026-10-02
290.0,168,420,2027-01-16,2026-10-02
300.0,366,1355,2027-01-16,2026-10-02
310.0,22,466,2027-01-16,2026-10-02
320.0,77,784,2027-01-16,2026-10-02
330.0,63,514,2027-01-16,2026-10-02
340.0,40,493,2027-01-16,2026-10-02
350.0,161,1643,2027-01-16,2026-10-02
360.0,86,511,2027-01-16,2026-10-02
370.0,45,1435,2027-01-16,2026-10-02
380.0,54,849,2027-01-16,2026-10-02
390.0,124,1246,2027-01-16,2026-10-02
400.0,506,4370,2027-01-16,2026-10-02
410.0,119,1248,2027-01-16,2026-10-02
420.0,200,1759,2027-01-16,2026-10-02
430.0,126,2786,2027-01-16,2026-10-02
440.0,152,2624,2027-01-16,2026-10-02
450.0,252,7021,2027-01-16,2026-10-02
460.0,141,2898,2027-01-16,2026-10-02
470.0,91,2090,2027-01-16,2026-10-02
480.0,261,2714,2027-01-16,2026-10-02
490.0,350,3372,2027-01-16,2026-10-02
500.0,2091,7960,2027-01-16,2026-10-02
510.0,1624,5146,2027-01-16,2026-10-02
520.0,393,3765,2027-01-16,2026-10-02
530.0,472,4070,2027-01-16,2026-10-02
540.0,802,3655,2027-01-16,2026-10-02
550.0,0,10,2027-01-16,2026-10-02
550.0,1555,6080,2027-01-16,2026-10-02
560.0,1196,3444,2027-01-16,2026-10-02
570.0,934,6582,2027-01-16,2026-10-02
580.0,1134,3871,2027-01-16,2026-10-02
590.0,0,3,2027-01-16,2026-10-02
590.0,1350,1665,2027-01-16,2026-10-02
597.6,0,262,2027-01-16,2026-10-02
599.0,280,0,2027-01-16,2026-10-02
600.0,5999,5993,2027-01-16,2026-10-02
610.0,1838,2437,2027-01-16,2026-10-02
620.0,2370,2341,2027-01-16,2026-10-02
630.0,2940,3308,2027-01-16,2026-10-02
640.0,1340,5529,2027-01-16,2026-10-02
650.0,0,26,2027-01-16,2026-10-02
650.0,4809,3788,2027-01-16,2026-10-02
660.0,1000,1007,2027-01-16,2026-10-02
660.0,3377,2141,2027-01-16,2026-10-02
670.0,2509,2253,2027-01-16,2026-10-02
680.0,2554,1612,2027-01-16,2026-10-02
690.0,1118,975,2027-01-16,2026-10-02
700.0,115289,3754,2027-01-16,2026-10-02
700.01,10325,10325,2027-01-16,2026-10-02
710.0,1558,858,2027-01-16,2026-10-02
720.0,2245,2271,2027-01-16,2026-10-02
720.0,2803,1507,2027-01-16,2026-10-02
730.0,3837,645,2027-01-16,2026-10-02
740.0,2835,657,2027-01-16,2026-10-02
750.0,245627,4039,2027-01-16,2026-10-02
760.0,3686,684,2027-01-16,2026-10-02
770.0,10,0,2027-01-16,2026-10-02
770.0,4750,931,2027-01-16,2026-10-02
780.0,3538,690,2027-01-16,2026-10-02
790.0,2089,238,2027-01-16,2026-10-02
800.0,108959,618,2027-01-16,2026-10-02
805.1,262,0,2027-01-16,2026-10-02
810.0,5460,231,2027-01-16,2026-10-02
820.0,3517,85,2027-01-16,2026-10-02
830.0,32014,193,2027-01-16,2026-10-02
840.0,1764,133,2027-01-16,2026-10-02
850.0,6372,207,2027-01-16,2026-10-02
860.0,10,0,2027-01-16,2026-10-02
860.0,2138,27,2027-01-16,2026-10-02
870.0,1173,2,2027-01-16,2026-10-02
880.0,840,1,2027-01-16,2026-10-02
890.0,7,0,2027-01-16,2026-10-02
890.0,1356,3,2027-01-16,2026-10-02
900.0,11884,40,2027-01-16,2026-10-02
910.0,1311,1,2027-01-16,2026-10-02
920.0,3003,1,2027-01-16,2026-10-02
930.0,941,0,2027-01-16,2026-10-02
940.0,3,0,2027-01-16,2026-10-02
940.0,1080,0,2027-01-16,2026-10-02
950.0,1759,1,2027-01-16,2026-10-02
960.0,3,0,2027-01-16,2026-10-02
960.0,582,1,2027-01-16,2026-10-02
970.0,555,0,2027-01-16,2026-10-02
980.0,549,0,2027-01-16,2026-10-02
990.0,534,0,2027-01-16,2026-10-02
1000.0,7173,18,2027-01-16,2026-10-02
1010.0,473,1,2027-01-16,2026-10-02
1020.0,589,20,2027-01-16,2026-10-02
1030.0,450,1,2027-01-16,2026-10-02
1040.0,292,0,2027-01-16,2026-10-02
1050.0,966,0,2027-01-16,2026-10-02
1060.0,339,0,2027-01-16,2026-10-02
1070.0,480,0,2027-01-16,2026-10-02
1080.0,451,0,2027-01-16,2026-10-02
1090.0,456,0,2027-01-16,2026-10-02
1100.0,4263,0,2027-01-16,2026-10-02
1110.0,495,0,2027-01-16,2026-10-02
1120.0,341,0,2027-01-16,2026-10-02
1130.0,385,0,2027-01-16,2026-10-02
1140.0,296,0,2027-01-16,2026-10-02
1150.0,6038,0,2027-01-16,2026-10-02
1160.0,674,0,2027-01-16,2026-10-02
1170.0,455,0,2027-01-16,2026-10-02
1180.0,291,0,2027-01-16,2026-10-02
1190.0,643,0,2027-01-16,2026-10-02
1200.0,2319,0,2027-01-16,2026-10-02
1210.0,179,0,2027-01-16,2026-10-02
1220.0,415,0,2027-01-16,2026-10-02
1230.0,159,0,2027-01-16,2026-10-02
1240.0,650,0,2027-01-16,2026-10-02
1250.0,33700,0,2027-01-16,2026-10-02
1260.0,474,0,2027-01-16,2026-10-02
1270.0,922,0,2027-01-16,2026-10-02
1280.0,380,0,2027-01-16,2026-10-02
1290.0,381,0,2027-01-16,2026-10-02
1300.0,1917,0,2027-01-16,2026-10-02
1310.0,112,0,2027-01-16,2026-10-02
1320.0,400,0,2027-01-16,2026-10-02
1330.0,477,0,2027-01-16,2026-10-02
1340.0,187,0,2027-01-16,2026-10-02
1350.0,545,0,2027-01-16,2026-10-02
1360.0,1175,0,2027-01-16,2026-10-02
1370.0,163,0,2027-01-16,2026-10-02
1380.0,123,0,2027-01-16,2026-10-02
1390.0,254,0,2027-01-16,2026-10-02
1400.0,1709,0,2027-01-16,2026-10-02
1410.0,347,0,2027-01-16,2026-10-02
1420.0,639,0,2027-01-16,2026-10-02
1430.0,15899,0,2027-01-16,2026-10-02
1440.0,379,0,2027-01-16,2026-10-02
1450.0,200,0,2027-01-16,2026-10-02
1460.0,157,0,2027-01-16,2026-10-02
1470.0,164,0,2027-01-16,2026-10-02
1480.0,3135,0,2027-01-16,2026-10-02
1490.0,1076,0,2027-01-16,2026-10-02
490.1,0,132,2027-01-27,2026-10-02
805.1,132,0,2027-01-27,2026-10-02
637.45,0,8,2027-01-30,2026-10-02
776.0,0,0,2027-01-30,2026-10-02
100.0,11,4,2027-02-20,2026-10-02
110.0,0,10,2027-02-20,2026-10-02
120.0,0,11,2027-02-20,2026-10-02
130.0,9,15,2027-02-20,2026-10-02
140.0,0,14,2027-02-20,2026-10-02
150.0,0,26,2027-02-20,2026-10-02
160.0,2,44,2027-02-20,2026-10-02
170.0,0,46,2027-02-20,2026-10-02
180.0,0,39,2027-02-20,2026-10-02
190.0,0,31,2027-02-20,2026-10-02
200.0,51,1006,2027-02-20,2026-10-02
210.0,0,100,2027-02-20,2026-10-02
220.0,0,144,2027-02-20,2026-10-02
230.0,0,46,2027-02-20,2026-10-02
240.0,0,89,2027-02-20,2026-10-02
250.0,6,36,2027-02-20,2026-10-02
260.0,1,70,2027-02-20,2026-10-02
270.0,2,80,2027-02-20,2026-10-02
280.0,5,86,2027-02-20,2026-10-02
290.0,0,119,2027-02-20,2026-10-02
300.0,17,235,2027-02-20,2026-10-02
310.0,0,65,2027-02-20,2026-10-02
320.0,3,46,2027-02-20,2026-10-02
330.0,6,46,2027-02-20,2026-10-02
340.0,9,87,2027-02-20,2026-10-02
350.0,14,173,2027-02-20,2026-10-02
360.0,7,56,2027-02-20,2026-10-02
370.0,2,80,2027-02-20,2026-10-02
380.0,7,136,2027-02-20,2026-10-02
390.0,13,113,2027-02-20,2026-10-02
400.0,14,160,2027-02-20,2026-10-02
410.0,52,306,2027-02-20,2026-10-02
420.0,3,325,2027-02-20,2026-10-02
430.0,5,575,2027-02-20,2026-10-02
440.0,6,569,2027-02-20,2026-10-02
450.0,57,911,2027-02-20,2026-10-02
460.0,77,477,2027-02-20,2026-10-02
470.0,109,654,2027-02-20,2026-10-02
480.0,22,1588,2027-02-20,2026-10-02
490.0,51,659,2027-02-20,2026-10-02
500.0,141,1185,2027-02-20,2026-10-02
510.0,19,665,2027-02-20,2026-10-02
520.0,71,618,2027-02-20,2026-10-02
530.0,74,668,2027-02-20,2026-10-02
540.0,660,770,2027-02-20,2026-10-02
550.0,242,1004,2027-02-20,2026-10-02
560.0,200,568,2027-02-20,2026-10-02
570.0,0,2,2027-02-20,2026-10-02
570.0,137,478,2027-02-20,2026-10-02
575.0,0,36,2027-02-20,2026-10-02
580.0,288,1201,2027-02-20,2026-10-02
590.0,699,374,2027-02-20,2026-10-02
600.0,1053,531,2027-02-20,2026-10-02
610.0,295,95,2027-02-20,2026-10-02
620.0,149,130,2027-02-20,2026-10-02
630.0,237,97,2027-02-20,2026-10-02
640.0,173,176,2027-02-20,2026-10-02
650.0,3336,558,2027-02-20,2026-10-02
660.0,297,227,2027-02-20,2026-10-02
670.0,656,241,2027-02-20,2026-10-02
680.0,209,84,2027-02-20,2026-10-02
690.0,387,294,2027-02-20,2026-10-02
692.0,36,0,2027-02-20,2026-10-02
700.0,2114,235,2027-02-20,2026-10-02
710.0,249,176,2027-02-20,2026-10-02
720.0,403,84,2027-02-20,2026-10-02
730.0,2,0,2027-02-20,2026-10-02
730.0,575,343,2027-02-20,2026-10-02
740.0,463,64,2027-02-20,2026-10-02
750.0,1098,380,2027-02-20,2026-10-02
760.0,618,169,2027-02-20,2026-10-02
770.0,265,61,2027-02-20,2026-10-02
780.0,810,23,2027-02-20,2026-10-02
790.0,188,19,2027-02-20,2026-10-02
800.0,1441,89,2027-02-20,2026-10-02
810.0,189,3,2027-02-20,2026-10-02
820.0,298,0,2027-02-20,2026-10-02
830.0,209,4,2027-02-20,2026-10-02
840.0,144,1,2027-02-20,2026-10-02
850.0,650,86,2027-02-20,2026-10-02
860.0,262,0,2027-02-20,2026-10-02
870.0,121,0,2027-02-20,2026-10-02
880.0,314,1,2027-02-20,2026-10-02
890.0,60,0,2027-02-20,2026-10-02
900.0,6517,28,2027-02-20,2026-10-02
910.0,103,1,2027-02-20,2026-10-02
920.0,97,0,2027-02-20,2026-10-02
930.0,75,1,2027-02-20,2026-10-02
940.0,109,1,2027-02-20,2026-10-02
950.0,150,0,2027-02-20,2026-10-02
960.0,305,0,2027-02-20,2026-10-02
970.0,60,1,2027-02-20,2026-10-02
980.0,111,2,2027-02-20,2026-10-02
990.0,218,0,2027-02-20,2026-10-02
1000.0,915,2,2027-02-20,2026-10-02
1010.0,80,0,2027-02-20,2026-10-02
1020.0,29,0,2027-02-20,2026-10-02
1030.0,62,0,2027-02-20,2026-10-02
1040.0,12,0,2027-02-20,2026-10-02
1050.0,49,1,2027-02-20,2026-10-02
1060.0,22,0,2027-02-20,2026-10-02
1070.0,166,0,2027-02-20,2026-10-02
1080.0,67,0,2027-02-20,2026-10-02
1090.0,2,1,2027-02-20,2026-10-02
1100.0,448,0,2027-02-20,2026-10-02
1110.0,101,0,2027-02-20,2026-10-02
1120.0,24,0,2027-02-20,2026-10-02
1130.0,31,0,2027-02-20,2026-10-02
1140.0,35,0,2027-02-20,2026-10-02
1150.0,88,0,2027-02-20,2026-10-02
1160.0,31,0,2027-02-20,2026-10-02
1170.0,47,0,2027-02-20,2026-10-02
1180.0,129,0,2027-02-20,2026-10-02
1190.0,468,0,2027-02-20,2026-10-02
1200.0,3,0,2027-02-20,2026-10-02
1210.0,42,0,2027-02-20,2026-10-02
1220.0,1,0,2027-02-20,2026-10-02
1230.0,18,0,2027-02-20,2026-10-02
1240.0,27,0,2027-02-20,2026-10-02
1250.0,399,0,2027-02-20,2026-10-02
1260.0,6,0,2027-02-20,2026-10-02
1270.0,0,0,2027-02-20,2026-10-02
1280.0,50,0,2027-02-20,2026-10-02
1290.0,1,0,2027-02-20,2026-10-02
1300.0,61,0,2027-02-20,2026-10-02
1310.0,0,0,2027-02-20,2026-10-02
1320.0,44,0,2027-02-20,2026-10-02
1330.0,3,0,2027-02-20,2026-10-02
1340.0,3,0,2027-02-20,2026-10-02
1350.0,25,0,2027-02-20,2026-10-02
1360.0,0,0,2027-02-20,2026-10-02
1370.0,21,0,2027-02-20,2026-10-02
1380.0,0,0,2027-02-20,2026-10-02
1390.0,0,0,2027-02-20,2026-10-02
1400.0,83,0,2027-02-20,2026-10-02
1410.0,0,0,2027-02-20,2026-10-02
1420.0,1,0,2027-02-20,2026-10-02
1430.0,1,0,2027-02-20,2026-10-02
1440.0,0,0,2027-02-20,2026-10-02
1450.0,0,0,2027-02-20,2026-10-02
1460.0,1,0,2027-02-20,2026-10-02
1470.0,0,0,2027-02-20,2026-10-02
1480.0,3,0,2027-02-20,2026-10-02
1490.0,96,0,2027-02-20,2026-10-02
490.93,0,40,2027-02-25,2026-10-02
612.0,0,75,2027-03-17,2026-10-02
794.92,75,0,2027-03-17,2026-10-02
5.0,1917,0,2027-03-20,2026-10-02
10.0,11,3002,2027-03-20,2026-10-02
15.0,0,15,2027-03-20,2026-10-02
20.0,0,0,2027-03-20,2026-10-02
25.0,0,0,2027-03-20,2026-10-02
30.0,0,0,2027-03-20,2026-10-02
35.0,0,0,2027-03-20,2026-10-02
40.0,10,0,2027-03-20,2026-10-02
45.0,0,15,2027-03-20,2026-10-02
50.0,0,18,2027-03-20,2026-10-02
100.0,1,81,2027-03-20,2026-10-02
110.0,209,10,2027-03-20,2026-10-02
120.0,0,283,2027-03-20,2026-10-02
130.0,0,21,2027-03-20,2026-10-02
140.0,0,86,2027-03-20,2026-10-02
150.0,1,160,2027-03-20,2026-10-02
160.0,2,77,2027-03-20,2026-10-02
170.0,21,139,2027-03-20,2026-10-02
180.0,1,73,2027-03-20,2026-10-02
190.0,2,39,2027-03-20,2026-10-02
200.0,3,67,2027-03-20,2026-10-02
210.0,1,34,2027-03-20,2026-10-02
220.0,0,186,2027-03-20,2026-10-02
230.0,35,102,2027-03-20,2026-10-02
240.0,51,59,2027-03-20,2026-10-02
250.0,0,204,2027-03-20,2026-10-02
260.0,2,100,2027-03-20,2026-10-02
270.0,23,441,2027-03-20,2026-10-02
280.0,44,73,2027-03-20,2026-10-02
290.0,2,46,2027-03-20,2026-10-02
300.0,21,384,2027-03-20,2026-10-02
310.0,5,73,2027-03-20,2026-10-02
320.0,12,120,2027-03-20,2026-10-02
330.0,17,52,2027-03-20,2026-10-02
340.0,6,271,2027-03-20,2026-10-02
350.0,25,431,2027-03-20,2026-10-02
360.0,24,348,2027-03-20,2026-10-02
370.0,18,427,2027-03-20,2026-10-02
380.0,113,406,2027-03-20,2026-10-02
390.0,73,297,2027-03-20,2026-10-02
400.0,84,1386,2027-03-20,2026-10-02
410.0,30,828,2027-03-20,2026-10-02
420.0,33,2669,2027-03-20,2026-10-02
430.0,163,932,2027-03-20,2026-10-02
440.0,18,553,2027-03-20,2026-10-02
450.0,138,4070,2027-03-20,2026-10-02
460.0,84,2032,2027-03-20,2026-10-02
470.0,36,1327,2027-03-20,2026-10-02
480.0,47,1412,2027-03-20,2026-10-02
490.0,42,1729,2027-03-20,2026-10-02
500.0,451,4455,2027-03-20,2026-10-02
510.0,0,150,2027-03-20,2026-10-02
510.0,56,883,2027-03-20,2026-10-02
520.0,65,1242,2027-03-20,2026-10-02
530.0,153,1149,2027-03-20,2026-10-02
540.0,257,1830,2027-03-20,2026-10-02
550.0,820,4587,2027-03-20,2026-10-02
560.0,317,952,2027-03-20,2026-10-02
565.0,40,353,2027-03-20,2026-10-02
570.0,533,1377,2027-03-20,2026-10-02
575.0,529,272,2027-03-20,2026-10-02
580.0,758,1488,2027-03-20,2026-10-02
585.0,196,334,2027-03-20,2026-10-02
590.0,290,567,2027-03-20,2026-10-02
595.0,258,382,2027-03-20,2026-10-02
600.0,2001,1646,2027-03-20,2026-10-02
605.0,84,365,2027-03-20,2026-10-02
610.0,398,1712,2027-03-20,2026-10-02
615.0,293,296,2027-03-20,2026-10-02
620.0,399,935,2027-03-20,2026-10-02
625.0,125,383,2027-03-20,2026-10-02
630.0,331,642,2027-03-20,2026-10-02
635.0,96,489,2027-03-20,2026-10-02
640.0,369,396,2027-03-20,2026-10-02
645.0,148,252,2027-03-20,2026-10-02
650.0,4527,1866,2027-03-20,2026-10-02
655.0,135,279,2027-03-20,2026-10-02
660.0,684,602,2027-03-20,2026-10-02
665.0,205,5183,2027-03-20,2026-10-02
670.0,445,732,2027-03-20,2026-10-02
675.0,315,207,2027-03-20,2026-10-02
680.0,733,589,2027-03-20,2026-10-02
685.0,176,246,2027-03-20,2026-10-02
690.0,373,307,2027-03-20,2026-10-02
695.0,63,190,2027-03-20,2026-10-02
700.0,3375,615,2027-03-20,2026-10-02
705.0,113,93,2027-03-20,2026-10-02
710.0,764,209,2027-03-20,2026-10-02
715.0,509,290,2027-03-20,2026-10-02
720.0,375,303,2027-03-20,2026-10-02
725.0,177,112,2027-03-20,2026-10-02
730.0,632,372,2027-03-20,2026-10-02
735.0,171,62,2027-03-20,2026-10-02
740.0,378,227,2027-03-20,2026-10-02
745.0,241,64,2027-03-20,2026-10-02
750.0,16,0,2027-03-20,2026-10-02
750.0,1426,262,2027-03-20,2026-10-02
755.0,170,73,2027-03-20,2026-10-02
760.0,464,226,2027-03-20,2026-10-02
770.0,439,335,2027-03-20,2026-10-02
780.0,1433,121,2027-03-20,2026-10-02
790.0,350,215,2027-03-20,2026-10-02
800.0,7023,285,2027-03-20,2026-10-02
810.0,793,165,2027-03-20,2026-10-02
820.0,563,11,2027-03-20,2026-10-02
830.0,507,2,2027-03-20,2026-10-02
840.0,341,4,2027-03-20,2026-10-02
850.0,2221,123,2027-03-20,2026-10-02
860.0,688,4,2027-03-20,2026-10-02
870.0,350,4,2027-03-20,2026-10-02
880.0,826,4,2027-03-20,2026-10-02
890.0,201,6,2027-03-20,2026-10-02
900.0,5182,9,2027-03-20,2026-10-02
910.0,561,0,2027-03-20,2026-10-02
920.0,829,0,2027-03-20,2026-10-02
930.0,283,0,2027-03-20,2026-10-02
940.0,1340,11,2027-03-20,2026-10-02
950.0,4256,0,2027-03-20,2026-10-02
960.0,725,0,2027-03-20,2026-10-02
970.0,115,0,2027-03-20,2026-10-02
980.0,636,0,2027-03-20,2026-10-02
990.0,614,0,2027-03-20,2026-10-02
1000.0,3694,2,2027-03-20,2026-10-02
1010.0,144,0,2027-03-20,2026-10-02
1020.0,1292,1,2027-03-20,2026-10-02
1030.0,349,0,2027-03-20,2026-10-02
1040.0,1030,0,2027-03-20,2026-10-02
1050.0,155,0,2027-03-20,2026-10-02
1060.0,110,0,2027-03-20,2026-10-02
1070.0,280,0,2027-03-20,2026-10-02
1080.0,326,0,2027-03-20,2026-10-02
1090.0,470,0,2027-03-20,2026-10-02
1100.0,4044,0,2027-03-20,2026-10-02
1110.0,51,1,2027-03-20,2026-10-02
1120.0,63,0,2027-03-20,2026-10-02
1130.0,106,0,2027-03-20,2026-10-02
1140.0,64,0,2027-03-20,2026-10-02
1150.0,85,0,2027-03-20,2026-10-02
1160.0,56,0,2027-03-20,2026-10-02
1170.0,65,0,2027-03-20,2026-10-02
1180.0,97,0,2027-03-20,2026-10-02
1190.0,3307,0,2027-03-20,2026-10-02
1200.0,370,0,2027-03-20,2026-10-02
1210.0,396,0,2027-03-20,2026-10-02
1220.0,820,0,2027-03-20,2026-10-02
1230.0,45,0,2027-03-20,2026-10-02
1240.0,464,0,2027-03-20,2026-10-02
1250.0,1240,0,2027-03-20,2026-10-02
1260.0,93,0,2027-03-20,2026-10-02
1270.0,11,0,2027-03-20,2026-10-02
1280.0,0,0,2027-03-20,2026-10-02
1290.0,145,0,2027-03-20,2026-10-02
1300.0,16,0,2027-03-20,2026-10-02
1310.0,0,0,2027-03-20,2026-10-02
1320.0,8,0,2027-03-20,2026-10-02
1330.0,42,0,2027-03-20,2026-10-02
1340.0,8,0,2027-03-20,2026-10-02
1350.0,3,0,2027-03-20,2026-10-02
1360.0,13,0,2027-03-20,2026-10-02
1370.0,10,0,2027-03-20,2026-10-02
1380.0,11,0,2027-03-20,2026-10-02
1390.0,1,0,2027-03-20,2026-10-02
1400.0,163,0,2027-03-20,2026-10-02
1410.0,7,0,2027-03-20,2026-10-02
1420.0,7,0,2027-03-20,2026-10-02
1430.0,0,0,2027-03-20,2026-10-02
1440.0,28,0,2027-03-20,2026-10-02
1450.0,1,0,2027-03-20,2026-10-02
1460.0,2,0,2027-03-20,2026-10-02
1470.0,50,0,2027-03-20,2026-10-02
1480.0,148,0,2027-03-20,2026-10-02
1490.0,588,0,2027-03-20,2026-10-02
492.79,0,35,2027-03-31,2026-10-02
5.0,1161,4,2027-06-18,2026-10-02
10.0,12,1,2027-06-18,2026-10-02
15.0,1,0,2027-06-18,2026-10-02
20.0,1,1,2027-06-18,2026-10-02
25.0,0,0,2027-06-18,2026-10-02
30.0,0,0,2027-06-18,2026-10-02
35.0,0,0,2027-06-18,2026-10-02
40.0,2,0,2027-06-18,2026-10-02
45.0,2,7,2027-06-18,2026-10-02
50.0,95,30,2027-06-18,2026-10-02
260.0,98,475,2027-06-18,2026-10-02
270.0,75,122,2027-06-18,2026-10-02
280.0,31,148,2027-06-18,2026-10-02
290.0,1,277,2027-06-18,2026-10-02
300.0,43,203,2027-06-18,2026-10-02
310.0,37,202,2027-06-18,2026-10-02
320.0,134,208,2027-06-18,2026-10-02
330.0,23,746,2027-06-18,2026-10-02
340.0,29,277,2027-06-18,2026-10-02
350.0,39,469,2027-06-18,2026-10-02
360.0,43,775,2027-06-18,2026-10-02
370.0,89,451,2027-06-18,2026-10-02
380.0,94,696,2027-06-18,2026-10-02
390.0,44,1182,2027-06-18,2026-10-02
400.0,260,1878,2027-06-18,2026-10-02
410.0,17,521,2027-06-18,2026-10-02
420.0,63,4453,2027-06-18,2026-10-02
430.0,172,1006,2027-06-18,2026-10-02
440.0,64,634,2027-06-18,2026-10-02
450.0,161,3605,2027-06-18,2026-10-02
460.0,61,1696,2027-06-18,2026-10-02
470.0,90,1457,2027-06-18,2026-10-02
480.0,280,1401,2027-06-18,2026-10-02
490.0,141,1173,2027-06-18,2026-10-02
500.0,811,5214,2027-06-18,2026-10-02
520.0,561,3830,2027-06-18,2026-10-02
540.0,1549,4351,2027-06-18,2026-10-02
560.0,1011,2457,2027-06-18,2026-10-02
580.0,991,3204,2027-06-18,2026-10-02
600.0,3988,5107,2027-06-18,2026-10-02
620.0,1939,2547,2027-06-18,2026-10-02
640.0,2116,4931,2027-06-18,2026-10-02
660.0,2185,2185,2027-06-18,2026-10-02
680.0,1798,2214,2027-06-18,2026-10-02
700.0,2874,1818,2027-06-18,2026-10-02
720.0,2110,1205,2027-06-18,2026-10-02
740.0,3429,1044,2027-06-18,2026-10-02
760.0,3421,1646,2027-06-18,2026-10-02
780.0,2166,240,2027-06-18,2026-10-02
789.05,54,54,2027-06-18,2026-10-02
800.0,3667,292,2027-06-18,2026-10-02
820.0,1554,76,2027-06-18,2026-10-02
840.0,2251,136,2027-06-18,2026-10-02
860.0,1623,191,2027-06-18,2026-10-02
880.0,3099,29,2027-06-18,2026-10-02
900.0,3504,219,2027-06-18,2026-10-02
920.0,3140,49,2027-06-18,2026-10-02
940.0,821,30,2027-06-18,2026-10-02
960.0,691,18,2027-06-18,2026-10-02
980.0,827,1,2027-06-18,2026-10-02
1000.0,2876,17,2027-06-18,2026-10-02
1020.0,880,0,2027-06-18,2026-10-02
1040.0,689,15,2027-06-18,2026-10-02
1060.0,764,0,2027-06-18,2026-10-02
1080.0,304,0,2027-06-18,2026-10-02
1100.0,392,0,2027-06-18,2026-10-02
1120.0,401,0,2027-06-18,2026-10-02
1140.0,148,0,2027-06-18,2026-10-02
1160.0,364,1,2027-06-18,2026-10-02
1180.0,228,0,2027-06-18,2026-10-02
1200.0,1176,0,2027-06-18,2026-10-02
1220.0,376,0,2027-06-18,2026-10-02
1240.0,345,0,2027-06-18,2026-10-02
1260.0,99,0,2027-06-18,2026-10-02
1280.0,101,0,2027-06-18,2026-10-02
1300.0,144,0,2027-06-18,2026-10-02
1310.0,32,0,2027-06-18,2026-10-02
1320.0,128,0,2027-06-18,2026-10-02
1330.0,48,0,2027-06-18,2026-10-02
1340.0,104,0,2027-06-18,2026-10-02
1350.0,145,0,2027-06-18,2026-10-02
1360.0,95,0,2027-06-18,2026-10-02
1370.0,89,0,2027-06-18,2026-10-02
1380.0,147,0,2027-06-18,2026-10-02
1390.0,81,0,2027-06-18,2026-10-02
1400.0,1194,0,2027-06-18,2026-10-02
1410.0,158,0,2027-06-18,2026-10-02
1420.0,637,0,2027-06-18,2026-10-02
1430.0,72,0,2027-06-18,2026-10-02
1440.0,85,0,2027-06-18,2026-10-02
1450.0,147,0,2027-06-18,2026-10-02
1460.0,347,0,2027-06-18,2026-10-02
1470.0,203,0,2027-06-18,2026-10-02
1480.0,2306,0,2027-06-18,2026-10-02
1490.0,141,0,2027-06-18,2026-10-02
5.0,1662,0,2027-09-18,2026-10-02
10.0,0,0,2027-09-18,2026-10-02
15.0,0,0,2027-09-18,2026-10-02
20.0,1,0,2027-09-18,2026-10-02
25.0,1,0,2027-09-18,2026-10-02
30.0,1,0,2027-09-18,2026-10-02
35.0,0,0,2027-09-18,2026-10-02
40.0,0,0,2027-09-18,2026-10-02
45.0,0,0,2027-09-18,2026-10-02
50.0,4,3,2027-09-18,2026-10-02
60.0,0,6,2027-09-18,2026-10-02
70.0,1,19,2027-09-18,2026-10-02
80.0,0,9,2027-09-18,2026-10-02
90.0,0,25,2027-09-18,2026-10-02
100.0,0,127,2027-09-18,2026-10-02
110.0,450,83,2027-09-18,2026-10-02
120.0,2,61,2027-09-18,2026-10-02
130.0,5,4,2027-09-18,2026-10-02
140.0,2,26,2027-09-18,2026-10-02
150.0,2,63,2027-09-18,2026-10-02
160.0,4,50,2027-09-18,2026-10-02
170.0,4,28,2027-09-18,2026-10-02
180.0,61,63,2027-09-18,2026-10-02
190.0,1,24,2027-09-18,2026-10-02
200.0,62,74,2027-09-18,2026-10-02
210.0,202,6,2027-09-18,2026-10-02
220.0,139,362,2027-09-18,2026-10-02
230.0,117,12,2027-09-18,2026-10-02
240.0,42,121,2027-09-18,2026-10-02
250.0,42,40,2027-09-18,2026-10-02
260.0,46,63,2027-09-18,2026-10-02
270.0,7,404,2027-09-18,2026-10-02
280.0,11,40,2027-09-18,2026-10-02
290.0,13,247,2027-09-18,2026-10-02
300.0,68,53,2027-09-18,2026-10-02
310.0,79,1073,2027-09-18,2026-10-02
320.0,18,79,2027-09-18,2026-10-02
330.0,17,254,2027-09-18,2026-10-02
340.0,36,50,2027-09-18,2026-10-02
350.0,29,203,2027-09-18,2026-10-02
360.0,34,90,2027-09-18,2026-10-02
370.0,12,86,2027-09-18,2026-10-02
380.0,38,180,2027-09-18,2026-10-02
390.0,151,124,2027-09-18,2026-10-02
400.0,175,1002,2027-09-18,2026-10-02
410.0,98,264,2027-09-18,2026-10-02
420.0,51,690,2027-09-18,2026-10-02
430.0,73,674,2027-09-18,2026-10-02
440.0,79,165,2027-09-18,2026-10-02
450.0,186,683,2027-09-18,2026-10-02
460.0,67,1281,2027-09-18,2026-10-02
470.0,137,740,2027-09-18,2026-10-02
480.0,149,434,2027-09-18,2026-10-02
490.0,0,63,2027-09-18,2026-10-02
490.0,33,274,2027-09-18,2026-10-02
500.0,258,1638,2027-09-18,2026-10-02
510.0,39,468,2027-09-18,2026-10-02
520.0,72,533,2027-09-18,2026-10-02
530.0,163,300,2027-09-18,2026-10-02
540.0,146,670,2027-09-18,2026-10-02
550.0,295,1550,2027-09-18,2026-10-02
560.0,100,260,2027-09-18,2026-10-02
570.0,125,446,2027-09-18,2026-10-02
580.0,303,190,2027-09-18,2026-10-02
590.0,80,0,2027-09-18,2026-10-02
590.0,149,230,2027-09-18,2026-10-02
600.0,1582,955,2027-09-18,2026-10-02
610.0,304,279,2027-09-18,2026-10-02
620.0,331,332,2027-09-18,2026-10-02
630.0,1736,198,2027-09-18,2026-10-02
640.0,273,648,2027-09-18,2026-10-02
650.0,605,661,2027-09-18,2026-10-02
660.0,198,138,2027-09-18,2026-10-02
670.0,198,90,2027-09-18,2026-10-02
680.0,353,237,2027-09-18,2026-10-02
690.0,262,160,2027-09-18,2026-10-02
700.0,1183,320,2027-09-18,2026-10-02
710.0,714,91,2027-09-18,2026-10-02
720.0,1009,261,2027-09-18,2026-10-02
730.0,279,155,2027-09-18,2026-10-02
740.0,352,695,2027-09-18,2026-10-02
750.0,63,0,2027-09-18,2026-10-02
750.0,575,117,2027-09-18,2026-10-02
760.0,614,20,2027-09-18,2026-10-02
770.0,233,34,2027-09-18,2026-10-02
780.0,2056,54,2027-09-18,2026-10-02
790.0,163,50,2027-09-18,2026-10-02
800.0,1357,489,2027-09-18,2026-10-02
810.0,320,21,2027-09-18,2026-10-02
820.0,278,6,2027-09-18,2026-10-02
830.0,159,59,2027-09-18,2026-10-02
840.0,258,24,2027-09-18,2026-10-02
850.0,827,8,2027-09-18,2026-10-02
860.0,147,12,2027-09-18,2026-10-02
870.0,510,5,2027-09-18,2026-10-02
880.0,1555,16,2027-09-18,2026-10-02
890.0,125,1,2027-09-18,2026-10-02
900.0,2005,8,2027-09-18,2026-10-02
910.0,160,1,2027-09-18,2026-10-02
920.0,1438,2,2027-09-18,2026-10-02
930.0,268,1,2027-09-18,2026-10-02
940.0,481,6,2027-09-18,2026-10-02
950.0,534,1,2027-09-18,2026-10-02
960.0,162,3,2027-09-18,2026-10-02
970.0,72,0,2027-09-18,2026-10-02
980.0,163,1,2027-09-18,2026-10-02
990.0,92,2,2027-09-18,2026-10-02
1000.0,715,4,2027-09-18,2026-10-02
1010.0,892,0,2027-09-18,2026-10-02
1020.0,64,0,2027-09-18,2026-10-02
1030.0,112,1,2027-09-18,2026-10-02
1040.0,20,0,2027-09-18,2026-10-02
1050.0,91,1,2027-09-18,2026-10-02
1060.0,76,0,2027-09-18,2026-10-02
1070.0,779,2,2027-09-18,2026-10-02
1080.0,490,2,2027-09-18,2026-10-02
1090.0,61,0,2027-09-18,2026-10-02
1100.0,539,0,2027-09-18,2026-10-02
1110.0,19,0,2027-09-18,2026-10-02
1120.0,53,0,2027-09-18,2026-10-02
1130.0,44,0,2027-09-18,2026-10-02
1140.0,15,2,2027-09-18,2026-10-02
1150.0,34,1,2027-09-18,2026-10-02
1160.0,229,1,2027-09-18,2026-10-02
1170.0,22,0,2027-09-18,2026-10-02
1180.0,77,0,2027-09-18,2026-10-02
1190.0,32,1,2027-09-18,2026-10-02
1200.0,136,2,2027-09-18,2026-10-02
1210.0,188,1,2027-09-18,2026-10-02
1220.0,35,2,2027-09-18,2026-10-02
1230.0,26,1,2027-09-18,2026-10-02
1240.0,210,0,2027-09-18,2026-10-02
1250.0,1120,1,2027-09-18,2026-10-02
1260.0,12,0,2027-09-18,2026-10-02
1270.0,30,0,2027-09-18,2026-10-02
1280.0,138,0,2027-09-18,2026-10-02
1290.0,140,0,2027-09-18,2026-10-02
1300.0,233,0,2027-09-18,2026-10-02
1310.0,67,0,2027-09-18,2026-10-02
1320.0,33,0,2027-09-18,2026-10-02
1330.0,30,0,2027-09-18,2026-10-02
1340.0,52,0,2027-09-18,2026-10-02
1350.0,20,0,2027-09-18,2026-10-02
1360.0,18,0,2027-09-18,2026-10-02
1370.0,39,0,2027-09-18,2026-10-02
1380.0,279,0,2027-09-18,2026-10-02
1390.0,42,0,2027-09-18,2026-10-02
1400.0,57,0,2027-09-18,2026-10-02
1410.0,12,0,2027-09-18,2026-10-02
1420.0,32,0,2027-09-18,2026-10-02
1430.0,93,0,2027-09-18,2026-10-02
1440.0,51,0,2027-09-18,2026-10-02
1450.0,190,0,2027-09-18,2026-10-02
1460.0,52,0,2027-09-18,2026-10-02
1470.0,78,0,2027-09-18,2026-10-02
1480.0,161,0,2027-09-18,2026-10-02
1490.0,98,0,2027-09-18,2026-10-02
740.66,538,0,2027-09-28,2026-10-02
5.0,6999,795,2027-12-18,2026-10-02
10.0,375,44,2027-12-18,2026-10-02
15.0,13,41,2027-12-18,2026-10-02
20.0,16,77,2027-12-18,2026-10-02
25.0,1,4,2027-12-18,2026-10-02
30.0,93,3,2027-12-18,2026-10-02
35.0,45,14,2027-12-18,2026-10-02
40.0,64,4,2027-12-18,2026-10-02
45.0,6,4,2027-12-18,2026-10-02
50.0,11,573,2027-12-18,2026-10-02
55.0,2,6,2027-12-18,2026-10-02
60.0,24,11,2027-12-18,2026-10-02
65.0,22,12,2027-12-18,2026-10-02
70.0,1,63,2027-12-18,2026-10-02
75.0,0,30,2027-12-18,2026-10-02
80.0,1,325,2027-12-18,2026-10-02
85.0,62,27,2027-12-18,2026-10-02
90.0,52,14,2027-12-18,2026-10-02
95.0,244,38,2027-12-18,2026-10-02
100.0,839,1158,2027-12-18,2026-10-02
110.0,278,129,2027-12-18,2026-10-02
120.0,144,196,2027-12-18,2026-10-02
130.0,98,91,2027-12-18,2026-10-02
140.0,93,23,2027-12-18,2026-10-02
150.0,55,2485,2027-12-18,2026-10-02
160.0,262,185,2027-12-18,2026-10-02
170.0,258,115,2027-12-18,2026-10-02
180.0,14,89,2027-12-18,2026-10-02
190.0,230,306,2027-12-18,2026-10-02
200.0,254,898,2027-12-18,2026-10-02
210.0,164,501,2027-12-18,2026-10-02
220.0,162,115,2027-12-18,2026-10-02
230.0,83,58,2027-12-18,2026-10-02
240.0,65,54,2027-12-18,2026-10-02
250.0,174,839,2027-12-18,2026-10-02
260.0,38,77,2027-12-18,2026-10-02
270.0,34,255,2027-12-18,2026-10-02
280.0,36,217,2027-12-18,2026-10-02
290.0,49,708,2027-12-18,2026-10-02
300.0,101,451,2027-12-18,2026-10-02
310.0,57,413,2027-12-18,2026-10-02
320.0,196,155,2027-12-18,2026-10-02
330.0,40,80,2027-12-18,2026-10-02
340.0,55,216,2027-12-18,2026-10-02
350.0,141,261,2027-12-18,2026-10-02
360.0,116,151,2027-12-18,2026-10-02
370.0,110,298,2027-12-18,2026-10-02
380.0,81,565,2027-12-18,2026-10-02
390.0,49,237,2027-12-18,2026-10-02
400.0,261,1630,2027-12-18,2026-10-02
410.0,31,358,2027-12-18,2026-10-02
420.0,121,811,2027-12-18,2026-10-02
430.0,98,405,2027-12-18,2026-10-02
440.0,47,769,2027-12-18,2026-10-02
450.0,120,1138,2027-12-18,2026-10-02
460.0,58,775,2027-12-18,2026-10-02
470.0,50,273,2027-12-18,2026-10-02
480.0,118,859,2027-12-18,2026-10-02
490.0,115,723,2027-12-18,2026-10-02
500.0,1558,2287,2027-12-18,2026-10-02
510.0,247,376,2027-12-18,2026-10-02
520.0,272,540,2027-12-18,2026-10-02
530.0,199,639,2027-12-18,2026-10-02
540.0,175,583,2027-12-18,2026-10-02
550.0,834,1441,2027-12-18,2026-10-02
560.0,184,519,2027-12-18,2026-10-02
570.0,0,12,2027-12-18,2026-10-02
570.0,294,727,2027-12-18,2026-10-02
580.0,317,649,2027-12-18,2026-10-02
590.0,285,297,2027-12-18,2026-10-02
600.0,1618,2325,2027-12-18,2026-10-02
610.0,336,586,2027-12-18,2026-10-02
620.0,423,219,2027-12-18,2026-10-02
630.0,224,148,2027-12-18,2026-10-02
640.0,374,532,2027-12-18,2026-10-02
650.0,2728,1083,2027-12-18,2026-10-02
660.0,537,251,2027-12-18,2026-10-02
670.0,1246,533,2027-12-18,2026-10-02
680.0,1274,916,2027-12-18,2026-10-02
690.0,430,193,2027-12-18,2026-10-02
700.0,4507,489,2027-12-18,2026-10-02
710.0,406,253,2027-12-18,2026-10-02
720.0,1264,216,2027-12-18,2026-10-02
730.0,520,244,2027-12-18,2026-10-02
740.0,818,254,2027-12-18,2026-10-02
750.0,838,559,2027-12-18,2026-10-02
760.0,210,228,2027-12-18,2026-10-02
770.0,324,470,2027-12-18,2026-10-02
780.0,646,181,2027-12-18,2026-10-02
790.0,656,38,2027-12-18,2026-10-02
800.0,20,0,2027-12-18,2026-10-02
800.0,2030,112,2027-12-18,2026-10-02
803.0,54,54,2027-12-18,2026-10-02
810.0,453,802,2027-12-18,2026-10-02
820.0,556,79,2027-12-18,2026-10-02
830.0,507,165,2027-12-18,2026-10-02
840.0,338,95,2027-12-18,2026-10-02
850.0,550,75,2027-12-18,2026-10-02
860.0,195,36,2027-12-18,2026-10-02
870.0,183,53,2027-12-18,2026-10-02
880.0,155,8,2027-12-18,2026-10-02
890.0,120,40,2027-12-18,2026-10-02
900.0,2268,245,2027-12-18,2026-10-02
905.7,12,0,2027-12-18,2026-10-02
910.0,713,6,2027-12-18,2026-10-02
920.0,183,23,2027-12-18,2026-10-02
930.0,487,37,2027-12-18,2026-10-02
940.0,240,2,2027-12-18,2026-10-02
950.0,718,84,2027-12-18,2026-10-02
960.0,262,38,2027-12-18,2026-10-02
970.0,124,38,2027-12-18,2026-10-02
980.0,245,2,2027-12-18,2026-10-02
990.0,325,37,2027-12-18,2026-10-02
1000.0,2557,97,2027-12-18,2026-10-02
1010.0,749,2,2027-12-18,2026-10-02
1020.0,76,2,2027-12-18,2026-10-02
1030.0,1399,14,2027-12-18,2026-10-02
1040.0,214,44,2027-12-18,2026-10-02
1050.0,432,1,2027-12-18,2026-10-02
1060.0,260,2,2027-12-18,2026-10-02
1070.0,308,2,2027-12-18,2026-10-02
1080.0,216,3,2027-12-18,2026-10-02
1090.0,325,0,2027-12-18,2026-10-02
1100.0,1797,4,2027-12-18,2026-10-02
1110.0,91,2,2027-12-18,2026-10-02
1120.0,1518,0,2027-12-18,2026-10-02
1130.0,152,1,2027-12-18,2026-10-02
1140.0,43,1,2027-12-18,2026-10-02
1150.0,641,0,2027-12-18,2026-10-02
1160.0,80,0,2027-12-18,2026-10-02
1170.0,118,0,2027-12-18,2026-10-02
1180.0,907,0,2027-12-18,2026-10-02
1190.0,104,0,2027-12-18,2026-10-02
1200.0,1519,1,2027-12-18,2026-10-02
1210.0,119,0,2027-12-18,2026-10-02
1220.0,209,0,2027-12-18,2026-10-02
1230.0,280,0,2027-12-18,2026-10-02
1240.0,134,1,2027-12-18,2026-10-02
1250.0,433,1,2027-12-18,2026-10-02
1260.0,110,1,2027-12-18,2026-10-02
1270.0,122,0,2027-12-18,2026-10-02
1280.0,319,0,2027-12-18,2026-10-02
1290.0,278,0,2027-12-18,2026-10-02
1300.0,4922,0,2027-12-18,2026-10-02
1310.0,25,5,2027-12-18,2026-10-02
1320.0,124,0,2027-12-18,2026-10-02
1330.0,7,0,2027-12-18,2026-10-02
1340.0,18,1,2027-12-18,2026-10-02
1350.0,77,0,2027-12-18,2026-10-02
1360.0,31,0,2027-12-18,2026-10-02
1370.0,4,0,2027-12-18,2026-10-02
1380.0,35,0,2027-12-18,2026-10-02
1390.0,10,0,2027-12-18,2026-10-02
1400.0,353,0,2027-12-18,2026-10-02
1410.0,11,0,2027-12-18,2026-10-02
1420.0,21,0,2027-12-18,2026-10-02
1430.0,57,0,2027-12-18,2026-10-02
1440.0,76,0,2027-12-18,2026-10-02
1450.0,861,0,2027-12-18,2026-10-02
1460.0,105,0,2027-12-18,2026-10-02
1470.0,480,0,2027-12-18,2026-10-02
1480.0,409,0,2027-12-18,2026-10-02
1490.0,100,0,2027-12-18,2026-10-02
5.0,1379,126,2028-01-22,2026-10-02
10.0,3,1,2028-01-22,2026-10-02
15.0,0,1,2028-01-22,2026-10-02
20.0,23,46,2028-01-22,2026-10-02
25.0,2,2,2028-01-22,2026-10-02
30.0,3,1,2028-01-22,2026-10-02
35.0,20,102,2028-01-22,2026-10-02
40.0,150,6,2028-01-22,2026-10-02
45.0,140,2,2028-01-22,2026-10-02
50.0,185,230,2028-01-22,2026-10-02
100.0,157,303,2028-01-22,2026-10-02
110.0,62,192,2028-01-22,2026-10-02
120.0,157,200,2028-01-22,2026-10-02
130.0,121,100,2028-01-22,2026-10-02
140.0,114,14,2028-01-22,2026-10-02
150.0,6,2429,2028-01-22,2026-10-02
160.0,141,65,2028-01-22,2026-10-02
170.0,66,84,2028-01-22,2026-10-02
180.0,50,201,2028-01-22,2026-10-02
190.0,18,533,2028-01-22,2026-10-02
200.0,115,793,2028-01-22,2026-10-02
210.0,170,129,2028-01-22,2026-10-02
220.0,107,120,2028-01-22,2026-10-02
230.0,155,31,2028-01-22,2026-10-02
240.0,8,79,2028-01-22,2026-10-02
250.0,128,216,2028-01-22,2026-10-02
260.0,70,112,2028-01-22,2026-10-02
270.0,97,117,2028-01-22,2026-10-02
280.0,38,4068,2028-01-22,2026-10-02
290.0,21,67,2028-01-22,2026-10-02
300.0,4,0,2028-01-22,2026-10-02
300.0,129,2526,2028-01-22,2026-10-02
310.0,75,142,2028-01-22,2026-10-02
320.0,84,161,2028-01-22,2026-10-02
330.0,41,139,2028-01-22,2026-10-02
340.0,141,545,2028-01-22,2026-10-02
350.0,122,1904,2028-01-22,2026-10-02
360.0,81,489,2028-01-22,2026-10-02
370.0,30,2337,2028-01-22,2026-10-02
380.0,95,796,2028-01-22,2026-10-02
390.0,96,445,2028-01-22,2026-10-02
400.0,355,2570,2028-01-22,2026-10-02
410.0,90,409,2028-01-22,2026-10-02
420.0,62,395,2028-01-22,2026-10-02
430.0,64,291,2028-01-22,2026-10-02
440.0,97,1250,2028-01-22,2026-10-02
450.0,208,1428,2028-01-22,2026-10-02
460.0,64,374,2028-01-22,2026-10-02
470.0,44,1272,2028-01-22,2026-10-02
480.0,300,658,2028-01-22,2026-10-02
490.0,70,883,2028-01-22,2026-10-02
500.0,1415,4429,2028-01-22,2026-10-02
510.0,620,543,2028-01-22,2026-10-02
520.0,695,1099,2028-01-22,2026-10-02
530.0,256,683,2028-01-22,2026-10-02
540.0,3611,854,2028-01-22,2026-10-02
550.0,2287,2735,2028-01-22,2026-10-02
560.0,218,658,2028-01-22,2026-10-02
570.0,192,725,2028-01-22,2026-10-02
580.0,468,960,2028-01-22,2026-10-02
590.0,371,463,2028-01-22,2026-10-02
593.0,0,36,2028-01-22,2026-10-02
600.0,4,0,2028-01-22,2026-10-02
600.0,2898,2915,2028-01-22,2026-10-02
610.0,623,596,2028-01-22,2026-10-02
620.0,438,559,2028-01-22,2026-10-02
630.0,519,425,2028-01-22,2026-10-02
640.0,565,534,2028-01-22,2026-10-02
650.0,1934,780,2028-01-22,2026-10-02
660.0,651,830,2028-01-22,2026-10-02
670.0,1137,365,2028-01-22,2026-10-02
680.0,1148,525,2028-01-22,2026-10-02
690.0,518,369,2028-01-22,2026-10-02
700.0,3638,2191,2028-01-22,2026-10-02
710.0,278,143,2028-01-22,2026-10-02
720.0,2008,929,2028-01-22,2026-10-02
724.0,36,0,2028-01-22,2026-10-02
730.0,410,138,2028-01-22,2026-10-02
740.0,796,555,2028-01-22,2026-10-02
750.0,2180,474,2028-01-22,2026-10-02
760.0,1140,172,2028-01-22,2026-10-02
770.0,376,89,2028-01-22,2026-10-02
780.0,257,77,2028-01-22,2026-10-02
790.0,315,76,2028-01-22,2026-10-02
800.0,3297,1170,2028-01-22,2026-10-02
810.0,459,52,2028-01-22,2026-10-02
820.0,840,129,2028-01-22,2026-10-02
830.0,655,16,2028-01-22,2026-10-02
840.0,414,28,2028-01-22,2026-10-02
850.0,2704,204,2028-01-22,2026-10-02
860.0,733,58,2028-01-22,2026-10-02
870.0,1319,23,2028-01-22,2026-10-02
880.0,194,9,2028-01-22,2026-10-02
890.0,2063,12,2028-01-22,2026-10-02
900.0,2615,338,2028-01-22,2026-10-02
910.0,532,2,2028-01-22,2026-10-02
920.0,763,208,2028-01-22,2026-10-02
930.0,1982,29,2028-01-22,2026-10-02
940.0,531,10,2028-01-22,2026-10-02
950.0,1904,106,2028-01-22,2026-10-02
960.0,1005,18,2028-01-22,2026-10-02
970.0,301,11,2028-01-22,2026-10-02
980.0,614,9,2028-01-22,2026-10-02
990.0,2252,27,2028-01-22,2026-10-02
1000.0,16048,482,2028-01-22,2026-10-02
1010.0,370,4,2028-01-22,2026-10-02
1020.0,4290,4556,2028-01-22,2026-10-02
1030.0,140,3,2028-01-22,2026-10-02
1040.0,406,23,2028-01-22,2026-10-02
1050.0,3340,1,2028-01-22,2026-10-02
1060.0,1038,0,2028-01-22,2026-10-02
1070.0,4184,0,2028-01-22,2026-10-02
1080.0,182,1,2028-01-22,2026-10-02
1090.0,1698,12,2028-01-22,2026-10-02
1100.0,7304,2,2028-01-22,2026-10-02
1100.01,15225,0,2028-01-22,2026-10-02
1110.0,163,59,2028-01-22,2026-10-02
1120.0,129,8,2028-01-22,2026-10-02
1130.0,487,76,2028-01-22,2026-10-02
1140.0,159,2,2028-01-22,2026-10-02
1150.0,263,3,2028-01-22,2026-10-02
1160.0,191,1,2028-01-22,2026-10-02
1170.0,187,15,2028-01-22,2026-10-02
1180.0,110,0,2028-01-22,2026-10-02
1190.0,294,2,2028-01-22,2026-10-02
1200.0,7778,20,2028-01-22,2026-10-02
1210.0,338,1,2028-01-22,2026-10-02
1220.0,151,37,2028-01-22,2026-10-02
1230.0,247,2,2028-01-22,2026-10-02
1240.0,105,0,2028-01-22,2026-10-02
1250.0,387,0,2028-01-22,2026-10-02
1260.0,139,0,2028-01-22,2026-10-02
1270.0,7396,0,2028-01-22,2026-10-02
1280.0,312,0,2028-01-22,2026-10-02
1300.0,2592,0,2028-01-22,2026-10-02
1320.0,268,0,2028-01-22,2026-10-02
1340.0,154,0,2028-01-22,2026-10-02
1350.0,307,0,2028-01-22,2026-10-02
1360.0,185,0,2028-01-22,2026-10-02
1380.0,257,0,2028-01-22,2026-10-02
1400.0,759,0,2028-01-22,2026-10-02
1420.0,137,0,2028-01-22,2026-10-02
1430.0,280,0,2028-01-22,2026-10-02
1440.0,335,0,2028-01-22,2026-10-02
1450.0,280,0,2028-01-22,2026-10-02
1460.0,276,0,2028-01-22,2026-10-02
1470.0,327,0,2028-01-22,2026-10-02
1480.0,385,0,2028-01-22,2026-10-02
1490.0,304,0,2028-01-22,2026-10-02
1500.0,10143,0,2028-01-22,2026-10-02
5.0,693,255,2028-06-17,2026-10-02
10.0,1,0,2028-06-17,2026-10-02
15.0,0,0,2028-06-17,2026-10-02
20.0,1,0,2028-06-17,2026-10-02
25.0,0,0,2028-06-17,2026-10-02
30.0,1,0,2028-06-17,2026-10-02
35.0,0,0,2028-06-17,2026-10-02
40.0,1,0,2028-06-17,2026-10-02
45.0,0,0,2028-06-17,2026-10-02
50.0,0,352,2028-06-17,2026-10-02
55.0,0,103,2028-06-17,2026-10-02
60.0,1,353,2028-06-17,2026-10-02
65.0,1,60,2028-06-17,2026-10-02
70.0,4,55,2028-06-17,2026-10-02
75.0,0,58,2028-06-17,2026-10-02
80.0,0,0,2028-06-17,2026-10-02
85.0,0,3,2028-06-17,2026-10-02
90.0,0,5,2028-06-17,2026-10-02
95.0,0,5,2028-06-17,2026-10-02
100.0,2,76,2028-06-17,2026-10-02
105.0,1,84,2028-06-17,2026-10-02
110.0,0,16,2028-06-17,2026-10-02
115.0,2,0,2028-06-17,2026-10-02
120.0,48,5,2028-06-17,2026-10-02
125.0,3,1,2028-06-17,2026-10-02
130.0,34,1,2028-06-17,2026-10-02
135.0,33,6,2028-06-17,2026-10-02
140.0,3,9,2028-06-17,2026-10-02
145.0,0,1202,2028-06-17,2026-10-02
150.0,22,339,2028-06-17,2026-10-02
155.0,0,963,2028-06-17,2026-10-02
160.0,11,542,2028-06-17,2026-10-02
165.0,23,44,2028-06-17,2026-10-02
170.0,17,4,2028-06-17,2026-10-02
175.0,2,318,2028-06-17,2026-10-02
180.0,52,51,2028-06-17,2026-10-02
185.0,42,12,2028-06-17,2026-10-02
190.0,13,1161,2028-06-17,2026-10-02
195.0,1,322,2028-06-17,2026-10-02
200.0,96,1083,2028-06-17,2026-10-02
205.0,31,630,2028-06-17,2026-10-02
210.0,2,267,2028-06-17,2026-10-02
215.0,5,1163,2028-06-17,2026-10-02
220.0,14,19,2028-06-17,2026-10-02
225.0,13,348,2028-06-17,2026-10-02
230.0,96,1016,2028-06-17,2026-10-02
235.0,15,698,2028-06-17,2026-10-02
240.0,34,296,2028-06-17,2026-10-02
245.0,2,33,2028-06-17,2026-10-02
250.0,20,103,2028-06-17,2026-10-02
255.0,11,22,2028-06-17,2026-10-02
260.0,27,31,2028-06-17,2026-10-02
270.0,47,25,2028-06-17,2026-10-02
280.0,18,32,2028-06-17,2026-10-02
290.0,24,105,2028-06-17,2026-10-02
300.0,37,1882,2028-06-17,2026-10-02
310.0,37,208,2028-06-17,2026-10-02
320.0,54,1155,2028-06-17,2026-10-02
330.0,37,29,2028-06-17,2026-10-02
340.0,56,190,2028-06-17,2026-10-02
350.0,33,175,2028-06-17,2026-10-02
360.0,74,71,2028-06-17,2026-10-02
370.0,24,206,2028-06-17,2026-10-02
380.0,34,67,2028-06-17,2026-10-02
390.0,31,30,2028-06-17,2026-10-02
400.0,287,697,2028-06-17,2026-10-02
410.0,14,251,2028-06-17,2026-10-02
420.0,28,237,2028-06-17,2026-10-02
430.0,47,538,2028-06-17,2026-10-02
440.0,43,58,2028-06-17,2026-10-02
450.0,73,712,2028-06-17,2026-10-02
460.0,23,121,2028-06-17,2026-10-02
470.0,23,323,2028-06-17,2026-10-02
480.0,32,475,2028-06-17,2026-10-02
490.0,25,220,2028-06-17,2026-10-02
500.0,224,1180,2028-06-17,2026-10-02
510.0,46,85,2028-06-17,2026-10-02
520.0,48,180,2028-06-17,2026-10-02
530.0,109,358,2028-06-17,2026-10-02
540.0,122,127,2028-06-17,2026-10-02
550.0,543,1132,2028-06-17,2026-10-02
560.0,89,336,2028-06-17,2026-10-02
570.0,169,358,2028-06-17,2026-10-02
580.0,97,329,2028-06-17,2026-10-02
590.0,113,144,2028-06-17,2026-10-02
600.0,590,409,2028-06-17,2026-10-02
610.0,91,58,2028-06-17,2026-10-02
612.0,0,20,2028-06-17,2026-10-02
620.0,119,63,2028-06-17,2026-10-02
630.0,88,140,2028-06-17,2026-10-02
640.0,115,153,2028-06-17,2026-10-02
650.0,231,137,2028-06-17,2026-10-02
660.0,129,131,2028-06-17,2026-10-02
670.0,702,312,2028-06-17,2026-10-02
680.0,154,51,2028-06-17,2026-10-02
690.0,114,127,2028-06-17,2026-10-02
700.0,1111,169,2028-06-17,2026-10-02
710.0,203,104,2028-06-17,2026-10-02
720.0,399,141,2028-06-17,2026-10-02
730.0,204,139,2028-06-17,2026-10-02
740.0,200,13,2028-06-17,2026-10-02
750.0,223,53,2028-06-17,2026-10-02
760.0,107,51,2028-06-17,2026-10-02
770.0,166,3,2028-06-17,2026-10-02
780.0,97,46,2028-06-17,2026-10-02
790.0,169,48,2028-06-17,2026-10-02
800.0,785,476,2028-06-17,2026-10-02
810.0,134,9,2028-06-17,2026-10-02
820.0,106,5,2028-06-17,2026-10-02
830.0,26,11,2028-06-17,2026-10-02
840.0,783,10,2028-06-17,2026-10-02
850.0,161,3,2028-06-17,2026-10-02
860.0,109,4,2028-06-17,2026-10-02
870.0,425,3,2028-06-17,2026-10-02
880.0,70,1,2028-06-17,2026-10-02
890.0,53,12,2028-06-17,2026-10-02
900.0,262,4,2028-06-17,2026-10-02
910.0,65,2,2028-06-17,2026-10-02
920.0,38,2,2028-06-17,2026-10-02
930.0,27,1,2028-06-17,2026-10-02
940.0,235,53,2028-06-17,2026-10-02
950.0,152,12,2028-06-17,2026-10-02
960.0,36,32,2028-06-17,2026-10-02
970.0,164,21,2028-06-17,2026-10-02
972.4,20,0,2028-06-17,2026-10-02
980.0,93,33,2028-06-17,2026-10-02
990.0,74,52,2028-06-17,2026-10-02
1000.0,736,6,2028-06-17,2026-10-02
1010.0,1096,12,2028-06-17,2026-10-02
1020.0,752,28,2028-06-17,2026-10-02
1030.0,236,17,2028-06-17,2026-10-02
1040.0,115,5,2028-06-17,2026-10-02
1050.0,103,7,2028-06-17,2026-10-02
1060.0,264,3,2028-06-17,2026-10-02
1070.0,85,11,2028-06-17,2026-10-02
1080.0,125,5,2028-06-17,2026-10-02
1090.0,38,16,2028-06-17,2026-10-02
1100.0,222,11,2028-06-17,2026-10-02
1110.0,166,0,2028-06-17,2026-10-02
1120.0,255,2,2028-06-17,2026-10-02
1130.0,186,0,2028-06-17,2026-10-02
1140.0,1287,0,2028-06-17,2026-10-02
1150.0,98,1,2028-06-17,2026-10-02
1160.0,1629,1,2028-06-17,2026-10-02
1170.0,96,21,2028-06-17,2026-10-02
1180.0,81,0,2028-06-17,2026-10-02
1190.0,30,92,2028-06-17,2026-10-02
1200.0,5445,3,2028-06-17,2026-10-02
1210.0,86,4,2028-06-17,2026-10-02
1220.0,68,2,2028-06-17,2026-10-02
1230.0,35,1,2028-06-17,2026-10-02
1240.0,50,0,2028-06-17,2026-10-02
1250.0,65,4,2028-06-17,2026-10-02
1260.0,50,0,2028-06-17,2026-10-02
1270.0,63,14,2028-06-17,2026-10-02
1280.0,52,3,2028-06-17,2026-10-02
1290.0,55,0,2028-06-17,2026-10-02
1300.0,158,0,2028-06-17,2026-10-02
1310.0,63,1,2028-06-17,2026-10-02
1320.0,54,0,2028-06-17,2026-10-02
1330.0,39,0,2028-06-17,2026-10-02
1340.0,51,0,2028-06-17,2026-10-02
1350.0,146,2,2028-06-17,2026-10-02
1360.0,147,0,2028-06-17,2026-10-02
1370.0,67,1,2028-06-17,2026-10-02
1380.0,15,1,2028-06-17,2026-10-02
1390.0,50,0,2028-06-17,2026-10-02
1400.0,1463,0,2028-06-17,2026-10-02
1410.0,1515,1,2028-06-17,2026-10-02
1420.0,171,10,2028-06-17,2026-10-02
1430.0,81,0,2028-06-17,2026-10-02
1440.0,78,0,2028-06-17,2026-10-02
1450.0,154,0,2028-06-17,2026-10-02
1460.0,87,0,2028-06-17,2026-10-02
1470.0,117,0,2028-06-17,2026-10-02
1480.0,300,0,2028-06-17,2026-10-02
1490.0,165,0,2028-06-17,2026-10-02
5.0,4147,55,2028-12-16,2026-10-02
10.0,937,2,2028-12-16,2026-10-02
15.0,76,0,2028-12-16,2026-10-02
20.0,17,0,2028-12-16,2026-10-02
25.0,12,0,2028-12-16,2026-10-02
30.0,13,0,2028-12-16,2026-10-02
35.0,10,0,2028-12-16,2026-10-02
40.0,3,26,2028-12-16,2026-10-02
45.0,4,51,2028-12-16,2026-10-02
50.0,2,362,2028-12-16,2026-10-02
55.0,1,35,2028-12-16,2026-10-02
60.0,2,354,2028-12-16,2026-10-02
65.0,0,74,2028-12-16,2026-10-02
70.0,0,62,2028-12-16,2026-10-02
75.0,2,76,2028-12-16,2026-10-02
80.0,0,108,2028-12-16,2026-10-02
85.0,0,8,2028-12-16,2026-10-02
90.0,8,12,2028-12-16,2026-10-02
95.0,1,12,2028-12-16,2026-10-02
100.0,14,2559,2028-12-16,2026-10-02
105.0,19,9,2028-12-16,2026-10-02
110.0,23,6,2028-12-16,2026-10-02
115.0,6,4,2028-12-16,2026-10-02
120.0,23,8,2028-12-16,2026-10-02
125.0,18,0,2028-12-16,2026-10-02
130.0,5,56,2028-12-16,2026-10-02
135.0,34,21,2028-12-16,2026-10-02
140.0,61,59,2028-12-16,2026-10-02
145.0,14,10,2028-12-16,2026-10-02
150.0,10,133,2028-12-16,2026-10-02
155.0,31,396,2028-12-16,2026-10-02
160.0,33,71,2028-12-16,2026-10-02
165.0,30,13,2028-12-16,2026-10-02
170.0,75,25,2028-12-16,2026-10-02
175.0,79,66,2028-12-16,2026-10-02
180.0,32,60,2028-12-16,2026-10-02
185.0,54,140,2028-12-16,2026-10-02
190.0,33,73,2028-12-16,2026-10-02
195.0,80,774,2028-12-16,2026-10-02
200.0,192,209,2028-12-16,2026-10-02
210.0,42,56,2028-12-16,2026-10-02
220.0,122,47,2028-12-16,2026-10-02
230.0,56,54,2028-12-16,2026-10-02
240.0,197,59,2028-12-16,2026-10-02
250.0,119,156,2028-12-16,2026-10-02
260.0,68,82,2028-12-16,2026-10-02
270.0,93,39,2028-12-16,2026-10-02
280.0,86,61,2028-12-16,2026-10-02
290.0,84,84,2028-12-16,2026-10-02
300.0,1025,1327,2028-12-16,2026-10-02
310.0,248,560,2028-12-16,2026-10-02
320.0,55,153,2028-12-16,2026-10-02
330.0,28,334,2028-12-16,2026-10-02
340.0,41,81,2028-12-16,2026-10-02
350.0,134,413,2028-12-16,2026-10-02
360.0,358,378,2028-12-16,2026-10-02
370.0,45,234,2028-12-16,2026-10-02
380.0,84,441,2028-12-16,2026-10-02
390.0,40,60,2028-12-16,2026-10-02
400.0,398,1824,2028-12-16,2026-10-02
410.0,96,341,2028-12-16,2026-10-02
420.0,62,73,2028-12-16,2026-10-02
430.0,59,381,2028-12-16,2026-10-02
440.0,129,356,2028-12-16,2026-10-02
450.0,196,1786,2028-12-16,2026-10-02
460.0,41,186,2028-12-16,2026-10-02
470.0,36,425,2028-12-16,2026-10-02
480.0,59,650,2028-12-16,2026-10-02
490.0,112,502,2028-12-16,2026-10-02
500.0,1307,3481,2028-12-16,2026-10-02
510.0,130,529,2028-12-16,2026-10-02
520.0,164,609,2028-12-16,2026-10-02
530.0,402,436,2028-12-16,2026-10-02
540.0,1172,730,2028-12-16,2026-10-02
550.0,899,1132,2028-12-16,2026-10-02
560.0,374,355,2028-12-16,2026-10-02
570.0,561,420,2028-12-16,2026-10-02
580.0,858,253,2028-12-16,2026-10-02
590.0,592,465,2028-12-16,2026-10-02
600.0,3187,1241,2028-12-16,2026-10-02
610.0,509,292,2028-12-16,2026-10-02
620.0,354,378,2028-12-16,2026-10-02
630.0,224,248,2028-12-16,2026-10-02
640.0,3011,306,2028-12-16,2026-10-02
650.0,2765,879,2028-12-16,2026-10-02
660.0,2413,192,2028-12-16,2026-10-02
670.0,574,646,2028-12-16,2026-10-02
680.0,239,160,2028-12-16,2026-10-02
690.0,375,136,2028-12-16,2026-10-02
700.0,2342,1460,2028-12-16,2026-10-02
710.0,946,126,2028-12-16,2026-10-02
720.0,218,48,2028-12-16,2026-10-02
730.0,1575,115,2028-12-16,2026-10-02
740.0,1589,31,2028-12-16,2026-10-02
750.0,600,343,2028-12-16,2026-10-02
760.0,304,113,2028-12-16,2026-10-02
770.0,148,76,2028-12-16,2026-10-02
780.0,302,54,2028-12-16,2026-10-02
790.0,528,57,2028-12-16,2026-10-02
800.0,1671,196,2028-12-16,2026-10-02
810.0,819,54,2028-12-16,2026-10-02
820.0,133,52,2028-12-16,2026-10-02
830.0,249,22,2028-12-16,2026-10-02
840.0,202,20,2028-12-16,2026-10-02
850.0,541,31,2028-12-16,2026-10-02
860.0,260,24,2028-12-16,2026-10-02
870.0,573,47,2028-12-16,2026-10-02
880.0,247,212,2028-12-16,2026-10-02
890.0,79,122,2028-12-16,2026-10-02
900.0,894,216,2028-12-16,2026-10-02
910.0,352,49,2028-12-16,2026-10-02
920.0,313,70,2028-12-16,2026-10-02
930.0,515,2,2028-12-16,2026-10-02
940.0,675,85,2028-12-16,2026-10-02
950.0,394,76,2028-12-16,2026-10-02
960.0,80,5,2028-12-16,2026-10-02
970.0,151,85,2028-12-16,2026-10-02
980.0,195,45,2028-12-16,2026-10-02
990.0,261,24,2028-12-16,2026-10-02
1000.0,2187,107,2028-12-16,2026-10-02
1010.0,102,145,2028-12-16,2026-10-02
1020.0,83,4,2028-12-16,2026-10-02
1030.0,84,121,2028-12-16,2026-10-02
1040.0,54,19,2028-12-16,2026-10-02
1050.0,409,236,2028-12-16,2026-10-02
1060.0,87,41,2028-12-16,2026-10-02
1070.0,19,6,2028-12-16,2026-10-02
1080.0,358,54,2028-12-16,2026-10-02
1090.0,595,21,2028-12-16,2026-10-02
1100.0,2476,296,2028-12-16,2026-10-02
1110.0,347,10,2028-12-16,2026-10-02
1120.0,66,78,2028-12-16,2026-10-02
1130.0,93,6,2028-12-16,2026-10-02
1140.0,1216,2,2028-12-16,2026-10-02
1150.0,199,1,2028-12-16,2026-10-02
1160.0,353,0,2028-12-16,2026-10-02
1170.0,181,27,2028-12-16,2026-10-02
1180.0,517,0,2028-12-16,2026-10-02
1190.0,28,27,2028-12-16,2026-10-02
1200.0,792,2,2028-12-16,2026-10-02
1210.0,54,1,2028-12-16,2026-10-02
1220.0,98,2,2028-12-16,2026-10-02
1230.0,19,45,2028-12-16,2026-10-02
1240.0,26,4,2028-12-16,2026-10-02
1250.0,1057,10,2028-12-16,2026-10-02
1260.0,84,0,2028-12-16,2026-10-02
1270.0,42,2,2028-12-16,2026-10-02
1280.0,143,16,2028-12-16,2026-10-02
1290.0,200,28,2028-12-16,2026-10-02
1300.0,239,30,2028-12-16,2026-10-02
1310.0,2284,2,2028-12-16,2026-10-02
1320.0,25,9,2028-12-16,2026-10-02
1330.0,876,14,2028-12-16,2026-10-02
1340.0,37,6,2028-12-16,2026-10-02
1350.0,202,11,2028-12-16,2026-10-02
1360.0,142,2,2028-12-16,2026-10-02
1370.0,151,24,2028-12-16,2026-10-02
1380.0,140,57,2028-12-16,2026-10-02
1390.0,55,1,2028-12-16,2026-10-02
1400.0,2831,8,2028-12-16,2026-10-02
1410.0,168,28,2028-12-16,2026-10-02
1420.0,256,12,2028-12-16,2026-10-02
1430.0,61,12,2028-12-16,2026-10-02
1440.0,78,11,2028-12-16,2026-10-02
1450.0,1635,0,2028-12-16,2026-10-02
1460.0,1113,0,2028-12-16,2026-10-02
1470.0,268,2,2028-12-16,2026-10-02
1480.0,4673,1,2028-12-16,2026-10-02
1490.0,223,0,2028-12-16,2026-10-02
200.0,81,61,2029-01-20,2026-10-02
220.0,16,17,2029-01-20,2026-10-02
240.0,16,9,2029-01-20,2026-10-02
260.0,31,19,2029-01-20,2026-10-02
280.0,66,20,2029-01-20,2026-10-02
300.0,20,28,2029-01-20,2026-10-02
320.0,30,5,2029-01-20,2026-10-02
340.0,4,16,2029-01-20,2026-10-02
350.0,98,42,2029-01-20,2026-10-02
360.0,8,12,2029-01-20,2026-10-02
370.0,18,2,2029-01-20,2026-10-02
380.0,21,3,2029-01-20,2026-10-02
390.0,2,26,2029-01-20,2026-10-02
400.0,0,75,2029-01-20,2026-10-02
400.0,59,17,2029-01-20,2026-10-02
410.0,46,23,2029-01-20,2026-10-02
420.0,122,4,2029-01-20,2026-10-02
430.0,1,8,2029-01-20,2026-10-02
440.0,0,100,2029-01-20,2026-10-02
440.0,2,35,2029-01-20,2026-10-02
450.0,50,4,2029-01-20,2026-10-02
460.0,11,7,2029-01-20,2026-10-02
470.0,2,5,2029-01-20,2026-10-02
480.0,12,9,2029-01-20,2026-10-02
490.0,1,5,2029-01-20,2026-10-02
500.0,0,50,2029-01-20,2026-10-02
500.0,66,122,2029-01-20,2026-10-02
510.0,14,1,2029-01-20,2026-10-02
520.0,2,7,2029-01-20,2026-10-02
530.0,16,4,2029-01-20,2026-10-02
540.0,4,3,2029-01-20,2026-10-02
550.0,6,20,2029-01-20,2026-10-02
560.0,3279,23,2029-01-20,2026-10-02
570.0,6,21,2029-01-20,2026-10-02
580.0,10,21,2029-01-20,2026-10-02
590.0,8,3,2029-01-20,2026-10-02
593.0,0,12,2029-01-20,2026-10-02
600.0,67,103,2029-01-20,2026-10-02
610.0,54,8,2029-01-20,2026-10-02
620.0,87,15,2029-01-20,2026-10-02
630.0,50,19,2029-01-20,2026-10-02
640.0,15,6,2029-01-20,2026-10-02
650.0,0,12,2029-01-20,2026-10-02
650.0,59,99,2029-01-20,2026-10-02
660.0,96,39,2029-01-20,2026-10-02
670.0,30,22,2029-01-20,2026-10-02
680.0,86,8,2029-01-20,2026-10-02
690.0,44,73,2029-01-20,2026-10-02
700.0,75,46,2029-01-20,2026-10-02
710.0,42,37,2029-01-20,2026-10-02
720.0,128,43,2029-01-20,2026-10-02
730.0,65,17,2029-01-20,2026-10-02
740.0,31,16,2029-01-20,2026-10-02
750.0,487,21,2029-01-20,2026-10-02
760.0,53,10,2029-01-20,2026-10-02
770.0,12,0,2029-01-20,2026-10-02
770.0,62,5,2029-01-20,2026-10-02
780.0,46,11,2029-01-20,2026-10-02
790.0,159,1,2029-01-20,2026-10-02
800.0,279,518,2029-01-20,2026-10-02
810.0,47,16,2029-01-20,2026-10-02
820.0,20,10,2029-01-20,2026-10-02
830.0,8,11,2029-01-20,2026-10-02
840.0,22,20,2029-01-20,2026-10-02
850.0,35,23,2029-01-20,2026-10-02
860.0,21,0,2029-01-20,2026-10-02
870.0,7,1,2029-01-20,2026-10-02
880.0,6,12,2029-01-20,2026-10-02
890.0,32,0,2029-01-20,2026-10-02
900.0,158,2,2029-01-20,2026-10-02
910.0,10,0,2029-01-20,2026-10-02
920.0,3,0,2029-01-20,2026-10-02
930.0,1,8,2029-01-20,2026-10-02
940.0,1,0,2029-01-20,2026-10-02
950.0,40,0,2029-01-20,2026-10-02
960.0,33,0,2029-01-20,2026-10-02
980.0,43,1,2029-01-20,2026-10-02
1000.0,104,8,2029-01-20,2026-10-02
1020.0,29,8,2029-01-20,2026-10-02
1040.0,5,255,2029-01-20,2026-10-02
1060.0,24,21,2029-01-20,2026-10-02
1080.0,29,105,2029-01-20,2026-10-02
1100.0,39,1,2029-01-20,2026-10-02
1120.0,133,0,2029-01-20,2026-10-02
1135.0,12,0,2029-01-20,2026-10-02
1140.0,45,0,2029-01-20,2026-10-02
1160.0,3,0,2029-01-20,2026-10-02
1180.0,1,1,2029-01-20,2026-10-02
1200.0,90,32,2029-01-20,2026-10-02
1220.0,2,255,2029-01-20,2026-10-02
1240.0,0,41,2029-01-20,2026-10-02
1260.0,5,3,2029-01-20,2026-10-02
1280.0,3,0,2029-01-20,2026-10-02
1300.0,26,31,2029-01-20,2026-10-02
1320.0,74,5,2029-01-20,2026-10-02
1330.0,3,0,2029-01-20,2026-10-02
1340.0,26,13,2029-01-20,2026-10-02
1350.0,16,30,2029-01-20,2026-10-02
1360.0,40,0,2029-01-20,2026-10-02
1370.0,28,2,2029-01-20,2026-10-02
1380.0,24,9,2029-01-20,2026-10-02
1390.0,12,0,2029-01-20,2026-10-02
1400.0,515,6,2029-01-20,2026-10-02
1410.0,8,1,2029-01-20,2026-10-02
1420.0,1,0,2029-01-20,2026-10-02
1430.0,1,0,2029-01-20,2026-10-02
1440.0,41,1,2029-01-20,2026-10-02
1450.0,3,31,2029-01-20,2026-10-02
1460.0,15,0,2029-01-20,2026-10-02
1470.0,15,0,2029-01-20,2026-10-02
1480.0,20,15,2029-01-20,2026-10-02
1490.0,258,14,2029-01-20,2026-10-02
605.13,0,18,2029-02-17,2026-10-02
770.0,18,0,2029-02-17,2026-10-02
605.0,0,18,2029-12-22,2026-10-02
620.0,0,18,2029-12-22,2026-10-02
833.35,18,0,2029-12-22,2026-10-02
873.09,20,20,2029-12-22,2026-10-02
889.87,18,0,2029-12-22,2026-10-02
485.0,0,31,2030-01-19,2026-10-02
490.0,0,60,2030-01-19,2026-10-02
593.0,0,36,2030-02-16,2026-10-02
885.0,36,0,2030-02-16,2026-10-02
610.0,0,18,2030-06-22,2026-10-02
943.37,18,0,2030-06-22,2026-10-02
400.0,0,75,2031-01-18,2026-10-02
600.0,0,12,2031-01-18,2026-10-02
964.63,12,0,2031-01-18,2026-10-02
