Strike,Call,Put,Expiry,Date
510.0,0,3,2026-09-24,2026-09-24
515.0,0,0,2026-09-24,2026-09-24
520.0,0,0,2026-09-24,2026-09-24
525.0,0,4,2026-09-24,2026-09-24
530.0,0,20,2026-09-24,2026-09-24
535.0,0,63,2026-09-24,2026-09-24
540.0,0,28,2026-09-24,2026-09-24
545.0,0,38,2026-09-24,2026-09-24
550.0,0,597,2026-09-24,2026-09-24
555.0,0,44,2026-09-24,2026-09-24
560.0,0,53,2026-09-24,2026-09-24
562.5,0,18,2026-09-24,2026-09-24
565.0,0,15,2026-09-24,2026-09-24
567.5,0,21,2026-09-24,2026-09-24
570.0,0,58,2026-09-24,2026-09-24
572.5,0,3,2026-09-24,2026-09-24
575.0,0,186,2026-09-24,2026-09-24
577.5,0,6,2026-09-24,2026-09-24
580.0,0,58,2026-09-24,2026-09-24
582.5,0,11,2026-09-24,2026-09-24
585.0,0,43,2026-09-24,2026-09-24
587.5,0,61,2026-09-24,2026-09-24
590.0,0,133,2026-09-24,2026-09-24
592.5,0,16,2026-09-24,2026-09-24
595.0,0,50,2026-09-24,2026-09-24
597.5,0,51,2026-09-24,2026-09-24
600.0,0,442,2026-09-24,2026-09-24
602.5,0,30,2026-09-24,2026-09-24
605.0,0,73,2026-09-24,2026-09-24
607.5,0,120,2026-09-24,2026-09-24
610.0,0,624,2026-09-24,2026-09-24
612.5,0,58,2026-09-24,2026-09-24
615.0,0,65,2026-09-24,2026-09-24
617.5,0,72,2026-09-24,2026-09-24
620.0,0,196,2026-09-24,2026-09-24
622.5,0,126,2026-09-24,2026-09-24
625.0,0,279,2026-09-24,2026-09-24
627.5,0,110,2026-09-24,2026-09-24
630.0,0,159,2026-09-24,2026-09-24
632.5,0,315,2026-09-24,2026-09-24
635.0,0,344,2026-09-24,2026-09-24
637.5,0,67,2026-09-24,2026-09-24
640.0,0,278,2026-09-24,2026-09-24
642.5,0,244,2026-09-24,2026-09-24
645.0,0,761,2026-09-24,2026-09-24
647.5,0,743,2026-09-24,2026-09-24
650.0,0,856,2026-09-24,2026-09-24
652.5,0,314,2026-09-24,2026-09-24
655.0,0,431,2026-09-24,2026-09-24
657.5,0,171,2026-09-24,2026-09-24
660.0,0,685,2026-09-24,2026-09-24
662.5,0,435,2026-09-24,2026-09-24
665.0,0,697,2026-09-24,2026-09-24
667.5,0,449,2026-09-24,2026-09-24
670.0,0,1941,2026-09-24,2026-09-24
672.5,0,398,2026-09-24,2026-09-24
675.0,0,945,2026-09-24,2026-09-24
677.5,0,699,2026-09-24,2026-09-24
680.0,0,2041,2026-09-24,2026-09-24
682.5,0,405,2026-09-24,2026-09-24
685.0,0,1624,2026-09-24,2026-09-24
687.5,0,565,2026-09-24,2026-09-24
690.0,0,2132,2026-09-24,2026-09-24
692.5,0,485,2026-09-24,2026-09-24
695.0,0,1195,2026-09-24,2026-09-24
697.5,0,1475,2026-09-24,2026-09-24
700.0,0,5001,2026-09-24,2026-09-24
702.5,0,981,2026-09-24,2026-09-24
705.0,0,2691,2026-09-24,2026-09-24
707.5,0,779,2026-09-24,2026-09-24
710.0,0,1947,2026-09-24,2026-09-24
712.5,0,1628,2026-09-24,2026-09-24
715.0,0,3018,2026-09-24,2026-09-24
717.5,0,1246,2026-09-24,2026-09-24
720.0,0,3435,2026-09-24,2026-09-24
722.5,0,1361,2026-09-24,2026-09-24
725.0,0,2924,2026-09-24,2026-09-24
727.5,0,1323,2026-09-24,2026-09-24
730.0,0,3022,2026-09-24,2026-09-24
732.5,0,959,2026-09-24,2026-09-24
735.0,0,2435,2026-09-24,2026-09-24
737.5,0,1687,2026-09-24,2026-09-24
740.0,0,2278,2026-09-24,2026-09-24
742.5,0,2198,2026-09-24,2026-09-24
745.0,1555,2913,2026-09-24,2026-09-24
747.5,859,0,2026-09-24,2026-09-24
750.0,2699,0,2026-09-24,2026-09-24
755.0,3877,0,2026-09-24,2026-09-24
760.0,8304,0,2026-09-24,2026-09-24
765.0,5196,0,2026-09-24,2026-09-24
770.0,7817,0,2026-09-24,2026-09-24
775.0,6977,0,2026-09-24,2026-09-24
780.0,6791,0,2026-09-24,2026-09-24
785.0,3138,0,2026-09-24,2026-09-24
790.0,6454,0,2026-09-24,2026-09-24
795.0,2388,0,2026-09-24,2026-09-24
800.0,12420,0,2026-09-24,2026-09-24
805.0,1629,0,2026-09-24,2026-09-24
810.0,2951,0,2026-09-24,2026-09-24
815.0,1477,0,2026-09-24,2026-09-24
820.0,839,0,2026-09-24,2026-09-24
825.0,1067,0,2026-09-24,2026-09-24
830.0,921,0,2026-09-24,2026-09-24
835.0,564,0,2026-09-24,2026-09-24
840.0,1302,0,2026-09-24,2026-09-24
845.0,1046,0,2026-09-24,2026-09-24
850.0,1212,0,2026-09-24,2026-09-24
855.0,443,0,2026-09-24,2026-09-24
860.0,669,0,2026-09-24,2026-09-24
865.0,140,0,2026-09-24,2026-09-24
870.0,264,0,2026-09-24,2026-09-24
875.0,166,0,2026-09-24,2026-09-24
880.0,812,0,2026-09-24,2026-09-24
885.0,228,0,2026-09-24,2026-09-24
890.0,86,0,2026-09-24,2026-09-24
895.0,59,0,2026-09-24,2026-09-24
900.0,250,0,2026-09-24,2026-09-24
905.0,17,0,2026-09-24,2026-09-24
910.0,73,0,2026-09-24,2026-09-24
915.0,21,0,2026-09-24,2026-09-24
920.0,210,0,2026-09-24,2026-09-24
925.0,134,0,2026-09-24,2026-09-24
930.0,142,0,2026-09-24,2026-09-24
935.0,4,0,2026-09-24,2026-09-24
940.0,22,0,2026-09-24,2026-09-24
945.0,11,0,2026-09-24,2026-09-24
950.0,4,0,2026-09-24,2026-09-24
955.0,3,0,2026-09-24,2026-09-24
960.0,29,0,2026-09-24,2026-09-24
965.0,1,0,2026-09-24,2026-09-24
970.0,0,0,2026-09-24,2026-09-24
975.0,0,0,2026-09-24,2026-09-24
980.0,0,0,2026-09-24,2026-09-24
985.0,22,0,2026-09-24,2026-09-24
990.0,0,0,2026-09-24,2026-09-24
1000.0,0,0,2026-09-24,2026-09-24
1010.0,20,0,2026-09-24,2026-09-24
1020.0,1,0,2026-09-24,2026-09-24
1030.0,0,0,2026-09-24,2026-09-24
1040.0,0,0,2026-09-24,2026-09-24
1050.0,0,0,2026-09-24,2026-09-24
1060.0,0,0,2026-09-24,2026-09-24
1070.0,0,0,2026-09-24,2026-09-24
1080.0,0,0,2026-09-24,2026-09-24
1090.0,0,0,2026-09-24,2026-09-24
1100.0,0,0,2026-09-24,2026-09-24
1110.0,0,0,2026-09-24,2026-09-24
1120.0,0,0,2026-09-24,2026-09-24
1130.0,0,0,2026-09-24,2026-09-24
1140.0,0,0,2026-09-24,2026-09-24
1150.0,0,0,2026-09-24,2026-09-24
1160.0,0,0,2026-09-24,2026-09-24
1170.0,1,0,2026-09-24,2026-09-24
1180.0,0,0,2026-09-24,2026-09-24
1190.0,0,0,2026-09-24,2026-09-24
1200.0,0,0,2026-09-24,2026-09-24
1210.0,0,0,2026-09-24,2026-09-24
1220.0,0,0,2026-09-24,2026-09-24
1230.0,0,0,2026-09-24,2026-09-24
1240.0,1,0,2026-09-24,2026-09-24
1250.0,0,0,2026-09-24,2026-09-24
1260.0,0,0,2026-09-24,2026-09-24
1270.0,0,0,2026-09-24,2026-09-24
1280.0,0,0,2026-09-24,2026-09-24
1290.0,0,0,2026-09-24,2026-09-24
1300.0,0,0,2026-09-24,2026-09-24
1310.0,0,0,2026-09-24,2026-09-24
1320.0,0,0,2026-09-24,2026-09-24
1330.0,0,0,2026-09-24,2026-09-24
1340.0,0,0,2026-09-24,2026-09-24
1350.0,0,0,2026-09-24,2026-09-24
1360.0,0,0,2026-09-24,2026-09-24
1370.0,0,0,2026-09-24,2026-09-24
1380.0,0,0,2026-09-24,2026-09-24
1390.0,0,0,2026-09-24,2026-09-24
1400.0,0,0,2026-09-24,2026-09-24
1410.0,0,0,2026-09-24,2026-09-24
1420.0,0,0,2026-09-24,2026-09-24
1430.0,0,0,2026-09-24,2026-09-24
1440.0,0,0,2026-09-24,2026-09-24
1450.0,1,0,2026-09-24,2026-09-24
1460.0,0,0,2026-09-24,2026-09-24
1470.0,1,0,2026-09-24,2026-09-24
1480.0,34,0,2026-09-24,2026-09-24
1490.0,0,0,2026-09-24,2026-09-24
100.0,0,0,2026-09-26,2026-09-24
110.0,0,0,2026-09-26,2026-09-24
120.0,0,0,2026-09-26,2026-09-24
130.0,0,1017,2026-09-26,2026-09-24
140.0,0,1010,2026-09-26,2026-09-24
150.0,0,1000,2026-09-26,2026-09-24
160.0,0,0,2026-09-26,2026-09-24
170.0,0,0,2026-09-26,2026-09-24
180.0,0,0,2026-09-26,2026-09-24
190.0,0,0,2026-09-26,2026-09-24
200.0,0,129,2026-09-26,2026-09-24
210.0,0,143,2026-09-26,2026-09-24
220.0,0,38,2026-09-26,2026-09-24
230.0,0,36,2026-09-26,2026-09-24
240.0,0,19,2026-09-26,2026-09-24
250.0,0,46,2026-09-26,2026-09-24
260.0,0,71,2026-09-26,2026-09-24
270.0,0,12,2026-09-26,2026-09-24
280.0,0,0,2026-09-26,2026-09-24
290.0,0,3,2026-09-26,2026-09-24
300.0,0,145,2026-09-26,2026-09-24
310.0,0,38,2026-09-26,2026-09-24
320.0,0,98,2026-09-26,2026-09-24
330.0,0,20,2026-09-26,2026-09-24
340.0,0,17,2026-09-26,2026-09-24
350.0,0,634,2026-09-26,2026-09-24
360.0,0,70,2026-09-26,2026-09-24
370.0,0,765,2026-09-26,2026-09-24
380.0,0,138,2026-09-26,2026-09-24
390.0,0,154,2026-09-26,2026-09-24
400.0,1,245,2026-09-26,2026-09-24
405.0,0,164,2026-09-26,2026-09-24
410.0,0,251,2026-09-26,2026-09-24
415.0,0,334,2026-09-26,2026-09-24
420.0,0,112,2026-09-26,2026-09-24
425.0,0,136,2026-09-26,2026-09-24
430.0,0,101,2026-09-26,2026-09-24
435.0,0,83,2026-09-26,2026-09-24
440.0,31,142,2026-09-26,2026-09-24
445.0,0,316,2026-09-26,2026-09-24
450.0,27,420,2026-09-26,2026-09-24
455.0,0,212,2026-09-26,2026-09-24
460.0,0,213,2026-09-26,2026-09-24
465.0,0,207,2026-09-26,2026-09-24
470.0,0,194,2026-09-26,2026-09-24
475.0,0,307,2026-09-26,2026-09-24
480.0,0,581,2026-09-26,2026-09-24
485.0,0,421,2026-09-26,2026-09-24
490.0,0,360,2026-09-26,2026-09-24
495.0,0,341,2026-09-26,2026-09-24
500.0,6,434,2026-09-26,2026-09-24
505.0,1,352,2026-09-26,2026-09-24
510.0,0,588,2026-09-26,2026-09-24
515.0,3,552,2026-09-26,2026-09-24
520.0,5,4985,2026-09-26,2026-09-24
525.0,3,447,2026-09-26,2026-09-24
530.0,16,936,2026-09-26,2026-09-24
535.0,10,671,2026-09-26,2026-09-24
540.0,60,836,2026-09-26,2026-09-24
545.0,127,586,2026-09-26,2026-09-24
547.5,8,462,2026-09-26,2026-09-24
550.0,169,2036,2026-09-26,2026-09-24
552.5,5,965,2026-09-26,2026-09-24
555.0,14,280,2026-09-26,2026-09-24
557.5,4,156,2026-09-26,2026-09-24
560.0,32,2895,2026-09-26,2026-09-24
562.5,5,111,2026-09-26,2026-09-24
565.0,320,759,2026-09-26,2026-09-24
567.5,3,952,2026-09-26,2026-09-24
570.0,310,743,2026-09-26,2026-09-24
572.5,5,105,2026-09-26,2026-09-24
575.0,274,1248,2026-09-26,2026-09-24
577.5,4,308,2026-09-26,2026-09-24
580.0,556,842,2026-09-26,2026-09-24
582.5,9,38,2026-09-26,2026-09-24
585.0,592,584,2026-09-26,2026-09-24
587.5,14,73,2026-09-26,2026-09-24
590.0,735,709,2026-09-26,2026-09-24
592.5,28,101,2026-09-26,2026-09-24
595.0,407,408,2026-09-26,2026-09-24
597.5,30,171,2026-09-26,2026-09-24
600.0,8000,8000,2026-09-26,2026-09-24
600.0,1620,1874,2026-09-26,2026-09-24
602.5,16,66,2026-09-26,2026-09-24
605.0,601,990,2026-09-26,2026-09-24
607.5,5,282,2026-09-26,2026-09-24
610.0,668,1993,2026-09-26,2026-09-24
612.5,59,572,2026-09-26,2026-09-24
615.0,790,993,2026-09-26,2026-09-24
617.5,24,205,2026-09-26,2026-09-24
620.0,1201,1118,2026-09-26,2026-09-24
622.5,28,190,2026-09-26,2026-09-24
625.0,1136,1233,2026-09-26,2026-09-24
627.5,100,235,2026-09-26,2026-09-24
630.0,280,1130,2026-09-26,2026-09-24
632.5,108,405,2026-09-26,2026-09-24
635.0,798,1018,2026-09-26,2026-09-24
637.5,36,391,2026-09-26,2026-09-24
640.0,707,5883,2026-09-26,2026-09-24
642.5,30,209,2026-09-26,2026-09-24
645.0,646,769,2026-09-26,2026-09-24
647.5,2534,351,2026-09-26,2026-09-24
650.0,4046,6239,2026-09-26,2026-09-24
652.5,85,271,2026-09-26,2026-09-24
655.0,784,764,2026-09-26,2026-09-24
657.5,157,364,2026-09-26,2026-09-24
660.0,2330,1286,2026-09-26,2026-09-24
662.5,64,561,2026-09-26,2026-09-24
665.0,610,994,2026-09-26,2026-09-24
667.5,279,518,2026-09-26,2026-09-24
670.0,1370,2893,2026-09-26,2026-09-24
672.5,348,1998,2026-09-26,2026-09-24
675.0,1928,1850,2026-09-26,2026-09-24
677.5,460,762,2026-09-26,2026-09-24
680.0,1862,1771,2026-09-26,2026-09-24
682.5,177,955,2026-09-26,2026-09-24
685.0,1589,1467,2026-09-26,2026-09-24
687.5,2220,683,2026-09-26,2026-09-24
690.0,2523,1376,2026-09-26,2026-09-24
692.5,1009,572,2026-09-26,2026-09-24
695.0,500,1987,2026-09-26,2026-09-24
697.5,365,510,2026-09-26,2026-09-24
700.0,4507,5803,2026-09-26,2026-09-24
702.5,2531,2620,2026-09-26,2026-09-24
705.0,3359,1584,2026-09-26,2026-09-24
707.5,210,435,2026-09-26,2026-09-24
710.0,1997,3386,2026-09-26,2026-09-24
712.5,469,493,2026-09-26,2026-09-24
715.0,906,3277,2026-09-26,2026-09-24
717.5,1640,596,2026-09-26,2026-09-24
720.0,2879,2054,2026-09-26,2026-09-24
722.5,878,1048,2026-09-26,2026-09-24
725.0,1559,3241,2026-09-26,2026-09-24
727.5,1126,808,2026-09-26,2026-09-24
730.0,2170,3323,2026-09-26,2026-09-24
732.5,421,381,2026-09-26,2026-09-24
735.0,1303,2202,2026-09-26,2026-09-24
737.5,417,622,2026-09-26,2026-09-24
740.0,3459,2804,2026-09-26,2026-09-24
742.5,1307,532,2026-09-26,2026-09-24
745.0,3054,947,2026-09-26,2026-09-24
747.5,1753,3269,2026-09-26,2026-09-24
750.0,10801,3370,2026-09-26,2026-09-24
755.0,2768,1725,2026-09-26,2026-09-24
760.0,3385,862,2026-09-26,2026-09-24
765.0,6137,369,2026-09-26,2026-09-24
770.0,3281,216,2026-09-26,2026-09-24
775.0,5796,140,2026-09-26,2026-09-24
780.0,3714,69,2026-09-26,2026-09-24
785.0,2702,79,2026-09-26,2026-09-24
790.0,2060,110,2026-09-26,2026-09-24
795.0,881,27,2026-09-26,2026-09-24
800.0,12984,165,2026-09-26,2026-09-24
805.0,1512,5,2026-09-26,2026-09-24
810.0,1988,11,2026-09-26,2026-09-24
815.0,1465,1,2026-09-26,2026-09-24
820.0,2944,105,2026-09-26,2026-09-24
825.0,2363,0,2026-09-26,2026-09-24
830.0,2,0,2026-09-26,2026-09-24
830.0,1625,16,2026-09-26,2026-09-24
835.0,1672,0,2026-09-26,2026-09-24
840.0,775,20,2026-09-26,2026-09-24
845.0,1063,0,2026-09-26,2026-09-24
850.0,3648,7,2026-09-26,2026-09-24
855.0,1339,0,2026-09-26,2026-09-24
860.0,1091,2,2026-09-26,2026-09-24
865.0,693,1,2026-09-26,2026-09-24
870.0,824,0,2026-09-26,2026-09-24
875.0,2367,0,2026-09-26,2026-09-24
880.0,3179,0,2026-09-26,2026-09-24
885.0,438,0,2026-09-26,2026-09-24
890.0,615,10,2026-09-26,2026-09-24
895.0,251,0,2026-09-26,2026-09-24
900.0,3665,0,2026-09-26,2026-09-24
905.0,333,0,2026-09-26,2026-09-24
910.0,295,0,2026-09-26,2026-09-24
915.0,220,0,2026-09-26,2026-09-24
920.0,649,0,2026-09-26,2026-09-24
925.0,250,0,2026-09-26,2026-09-24
930.0,632,0,2026-09-26,2026-09-24
935.0,244,0,2026-09-26,2026-09-24
940.0,467,0,2026-09-26,2026-09-24
945.0,203,0,2026-09-26,2026-09-24
950.0,194,0,2026-09-26,2026-09-24
955.0,269,0,2026-09-26,2026-09-24
960.0,243,0,2026-09-26,2026-09-24
965.0,296,0,2026-09-26,2026-09-24
970.0,213,0,2026-09-26,2026-09-24
975.0,325,0,2026-09-26,2026-09-24
980.0,490,0,2026-09-26,2026-09-24
985.0,343,0,2026-09-26,2026-09-24
990.0,394,0,2026-09-26,2026-09-24
995.0,205,0,2026-09-26,2026-09-24
1000.0,1482,0,2026-09-26,2026-09-24
1010.0,467,0,2026-09-26,2026-09-24
1020.0,559,0,2026-09-26,2026-09-24
1030.0,217,0,2026-09-26,2026-09-24
1040.0,457,0,2026-09-26,2026-09-24
1050.0,447,0,2026-09-26,2026-09-24
1060.0,209,0,2026-09-26,2026-09-24
1070.0,469,0,2026-09-26,2026-09-24
1080.0,0,0,2026-09-26,2026-09-24
1090.0,0,0,2026-09-26,2026-09-24
1100.0,0,0,2026-09-26,2026-09-24
1110.0,0,0,2026-09-26,2026-09-24
1120.0,0,0,2026-09-26,2026-09-24
1130.0,0,0,2026-09-26,2026-09-24
1140.0,0,0,2026-09-26,2026-09-24
1150.0,0,0,2026-09-26,2026-09-24
1160.0,0,0,2026-09-26,2026-09-24
1170.0,0,0,2026-09-26,2026-09-24
1180.0,0,0,2026-09-26,2026-09-24
1190.0,0,0,2026-09-26,2026-09-24
1200.0,0,0,2026-09-26,2026-09-24
1210.0,200,0,2026-09-26,2026-09-24
1220.0,9,0,2026-09-26,2026-09-24
1230.0,0,0,2026-09-26,2026-09-24
1240.0,0,0,2026-09-26,2026-09-24
1250.0,5,0,2026-09-26,2026-09-24
1260.0,0,0,2026-09-26,2026-09-24
1270.0,4,0,2026-09-26,2026-09-24
1280.0,56,0,2026-09-26,2026-09-24
1290.0,138,0,2026-09-26,2026-09-24
1300.0,6,0,2026-09-26,2026-09-24
1310.0,0,0,2026-09-26,2026-09-24
1320.0,0,0,2026-09-26,2026-09-24
1330.0,0,0,2026-09-26,2026-09-24
1340.0,0,0,2026-09-26,2026-09-24
1350.0,0,0,2026-09-26,2026-09-24
1360.0,0,0,2026-09-26,2026-09-24
1370.0,0,0,2026-09-26,2026-09-24
1380.0,0,0,2026-09-26,2026-09-24
1390.0,0,0,2026-09-26,2026-09-24
1400.0,0,0,2026-09-26,2026-09-24
1410.0,0,0,2026-09-26,2026-09-24
1420.0,0,0,2026-09-26,2026-09-24
1430.0,2,0,2026-09-26,2026-09-24
1440.0,2,0,2026-09-26,2026-09-24
1450.0,0,0,2026-09-26,2026-09-24
1460.0,0,0,2026-09-26,2026-09-24
1470.0,0,0,2026-09-26,2026-09-24
1480.0,0,0,2026-09-26,2026-09-24
1490.0,3,0,2026-09-26,2026-09-24
510.0,0,10,2026-09-29,2026-09-24
515.0,0,7,2026-09-29,2026-09-24
520.0,0,1,2026-09-29,2026-09-24
525.0,0,2,2026-09-29,2026-09-24
530.0,0,5,2026-09-29,2026-09-24
535.0,0,5,2026-09-29,2026-09-24
540.0,0,5,2026-09-29,2026-09-24
545.0,0,36,2026-09-29,2026-09-24
550.0,0,6,2026-09-29,2026-09-24
555.0,0,16,2026-09-29,2026-09-24
560.0,0,4,2026-09-29,2026-09-24
565.0,1,105,2026-09-29,2026-09-24
570.0,2,6,2026-09-29,2026-09-24
575.0,3,15,2026-09-29,2026-09-24
580.0,26,27,2026-09-29,2026-09-24
585.0,6,18,2026-09-29,2026-09-24
587.5,0,13,2026-09-29,2026-09-24
590.0,11,38,2026-09-29,2026-09-24
592.5,3,4,2026-09-29,2026-09-24
595.0,9,18,2026-09-29,2026-09-24
597.5,3,11,2026-09-29,2026-09-24
600.0,16,67,2026-09-29,2026-09-24
602.5,0,20,2026-09-29,2026-09-24
605.0,2,5,2026-09-29,2026-09-24
607.5,0,10,2026-09-29,2026-09-24
610.0,1,80,2026-09-29,2026-09-24
612.5,0,6,2026-09-29,2026-09-24
615.0,2,18,2026-09-29,2026-09-24
617.5,4,15,2026-09-29,2026-09-24
620.0,2,37,2026-09-29,2026-09-24
622.5,2,25,2026-09-29,2026-09-24
625.0,7,24,2026-09-29,2026-09-24
627.5,1,75,2026-09-29,2026-09-24
630.0,2,104,2026-09-29,2026-09-24
632.5,0,11,2026-09-29,2026-09-24
635.0,3,165,2026-09-29,2026-09-24
637.5,0,23,2026-09-29,2026-09-24
640.0,8,70,2026-09-29,2026-09-24
642.5,0,147,2026-09-29,2026-09-24
645.0,7,56,2026-09-29,2026-09-24
647.5,5,15,2026-09-29,2026-09-24
650.0,83,221,2026-09-29,2026-09-24
652.5,5,14,2026-09-29,2026-09-24
655.0,26,267,2026-09-29,2026-09-24
657.5,8,59,2026-09-29,2026-09-24
660.0,30,270,2026-09-29,2026-09-24
662.5,36,96,2026-09-29,2026-09-24
665.0,65,225,2026-09-29,2026-09-24
667.5,184,73,2026-09-29,2026-09-24
670.0,148,257,2026-09-29,2026-09-24
672.5,142,124,2026-09-29,2026-09-24
675.0,116,244,2026-09-29,2026-09-24
677.5,42,434,2026-09-29,2026-09-24
680.0,200,412,2026-09-29,2026-09-24
682.5,45,263,2026-09-29,2026-09-24
685.0,119,414,2026-09-29,2026-09-24
687.5,26,48,2026-09-29,2026-09-24
690.0,171,266,2026-09-29,2026-09-24
692.5,31,366,2026-09-29,2026-09-24
695.0,102,234,2026-09-29,2026-09-24
697.5,65,264,2026-09-29,2026-09-24
700.0,347,1141,2026-09-29,2026-09-24
702.5,47,151,2026-09-29,2026-09-24
705.0,170,159,2026-09-29,2026-09-24
707.5,49,138,2026-09-29,2026-09-24
710.0,131,1153,2026-09-29,2026-09-24
712.5,58,78,2026-09-29,2026-09-24
715.0,68,301,2026-09-29,2026-09-24
717.5,55,202,2026-09-29,2026-09-24
720.0,147,249,2026-09-29,2026-09-24
722.5,44,77,2026-09-29,2026-09-24
725.0,362,264,2026-09-29,2026-09-24
727.5,82,105,2026-09-29,2026-09-24
730.0,143,271,2026-09-29,2026-09-24
732.5,35,156,2026-09-29,2026-09-24
735.0,98,253,2026-09-29,2026-09-24
737.5,376,174,2026-09-29,2026-09-24
740.0,246,338,2026-09-29,2026-09-24
742.5,133,241,2026-09-29,2026-09-24
745.0,202,274,2026-09-29,2026-09-24
747.5,219,304,2026-09-29,2026-09-24
750.0,1032,653,2026-09-29,2026-09-24
755.0,634,382,2026-09-29,2026-09-24
760.0,715,92,2026-09-29,2026-09-24
765.0,752,126,2026-09-29,2026-09-24
770.0,1041,90,2026-09-29,2026-09-24
775.0,707,127,2026-09-29,2026-09-24
780.0,683,52,2026-09-29,2026-09-24
785.0,522,32,2026-09-29,2026-09-24
790.0,578,19,2026-09-29,2026-09-24
795.0,351,69,2026-09-29,2026-09-24
800.0,3050,12,2026-09-29,2026-09-24
805.0,236,1,2026-09-29,2026-09-24
810.0,140,2,2026-09-29,2026-09-24
815.0,269,0,2026-09-29,2026-09-24
820.0,266,15,2026-09-29,2026-09-24
825.0,93,24,2026-09-29,2026-09-24
830.0,222,1,2026-09-29,2026-09-24
835.0,89,0,2026-09-29,2026-09-24
840.0,320,28,2026-09-29,2026-09-24
845.0,140,0,2026-09-29,2026-09-24
850.0,410,2,2026-09-29,2026-09-24
855.0,69,0,2026-09-29,2026-09-24
860.0,97,0,2026-09-29,2026-09-24
865.0,392,0,2026-09-29,2026-09-24
870.0,56,0,2026-09-29,2026-09-24
875.0,48,0,2026-09-29,2026-09-24
880.0,298,0,2026-09-29,2026-09-24
885.0,109,0,2026-09-29,2026-09-24
890.0,85,0,2026-09-29,2026-09-24
895.0,52,0,2026-09-29,2026-09-24
900.0,348,0,2026-09-29,2026-09-24
905.0,9,0,2026-09-29,2026-09-24
910.0,4,0,2026-09-29,2026-09-24
915.0,1,0,2026-09-29,2026-09-24
920.0,1,0,2026-09-29,2026-09-24
925.0,3,0,2026-09-29,2026-09-24
930.0,1,0,2026-09-29,2026-09-24
935.0,1,0,2026-09-29,2026-09-24
940.0,181,0,2026-09-29,2026-09-24
945.0,2,0,2026-09-29,2026-09-24
950.0,48,0,2026-09-29,2026-09-24
955.0,10,0,2026-09-29,2026-09-24
960.0,78,0,2026-09-29,2026-09-24
965.0,15,0,2026-09-29,2026-09-24
970.0,53,0,2026-09-29,2026-09-24
975.0,15,0,2026-09-29,2026-09-24
980.0,8,0,2026-09-29,2026-09-24
985.0,4,0,2026-09-29,2026-09-24
990.0,3,0,2026-09-29,2026-09-24
1000.0,2,0,2026-09-29,2026-09-24
1010.0,0,0,2026-09-29,2026-09-24
1020.0,0,0,2026-09-29,2026-09-24
1030.0,0,0,2026-09-29,2026-09-24
1040.0,0,0,2026-09-29,2026-09-24
1050.0,0,0,2026-09-29,2026-09-24
1060.0,0,0,2026-09-29,2026-09-24
1070.0,0,0,2026-09-29,2026-09-24
1080.0,0,0,2026-09-29,2026-09-24
1090.0,0,0,2026-09-29,2026-09-24
1100.0,0,0,2026-09-29,2026-09-24
1110.0,0,0,2026-09-29,2026-09-24
1120.0,0,0,2026-09-29,2026-09-24
1130.0,0,0,2026-09-29,2026-09-24
1140.0,0,0,2026-09-29,2026-09-24
1150.0,0,0,2026-09-29,2026-09-24
1160.0,0,0,2026-09-29,2026-09-24
1170.0,0,0,2026-09-29,2026-09-24
1180.0,0,0,2026-09-29,2026-09-24
1190.0,0,0,2026-09-29,2026-09-24
1200.0,0,0,2026-09-29,2026-09-24
1210.0,0,0,2026-09-29,2026-09-24
1220.0,0,0,2026-09-29,2026-09-24
1230.0,0,0,2026-09-29,2026-09-24
1240.0,0,0,2026-09-29,2026-09-24
1250.0,0,0,2026-09-29,2026-09-24
1260.0,0,0,2026-09-29,2026-09-24
1270.0,0,0,2026-09-29,2026-09-24
1280.0,0,0,2026-09-29,2026-09-24
1290.0,0,0,2026-09-29,2026-09-24
1300.0,0,0,2026-09-29,2026-09-24
1310.0,0,0,2026-09-29,2026-09-24
1320.0,0,0,2026-09-29,2026-09-24
1330.0,0,0,2026-09-29,2026-09-24
1340.0,0,0,2026-09-29,2026-09-24
1350.0,0,0,2026-09-29,2026-09-24
1360.0,0,0,2026-09-29,2026-09-24
1370.0,0,0,2026-09-29,2026-09-24
1380.0,0,0,2026-09-29,2026-09-24
1390.0,0,0,2026-09-29,2026-09-24
1400.0,0,0,2026-09-29,2026-09-24
1410.0,0,0,2026-09-29,2026-09-24
1420.0,0,0,2026-09-29,2026-09-24
1430.0,0,0,2026-09-29,2026-09-24
1440.0,0,0,2026-09-29,2026-09-24
1450.0,0,0,2026-09-29,2026-09-24
1460.0,0,0,2026-09-29,2026-09-24
1470.0,0,0,2026-09-29,2026-09-24
1480.0,0,0,2026-09-29,2026-09-24
1490.0,11,0,2026-09-29,2026-09-24
478.7,0,174,2026-09-30,2026-09-24
733.5,174,0,2026-09-30,2026-09-24
510.0,0,52,2026-10-01,2026-09-24
515.0,0,1,2026-10-01,2026-09-24
520.0,0,2,2026-10-01,2026-09-24
525.0,0,9,2026-10-01,2026-09-24
530.0,0,55,2026-10-01,2026-09-24
535.0,0,2,2026-10-01,2026-09-24
540.0,0,7,2026-10-01,2026-09-24
545.0,0,1,2026-10-01,2026-09-24
550.0,0,238,2026-10-01,2026-09-24
555.0,0,17,2026-10-01,2026-09-24
560.0,0,422,2026-10-01,2026-09-24
565.0,1,2,2026-10-01,2026-09-24
570.0,4,215,2026-10-01,2026-09-24
575.0,5,48,2026-10-01,2026-09-24
577.5,3,629,2026-10-01,2026-09-24
580.0,3,288,2026-10-01,2026-09-24
582.5,7,19,2026-10-01,2026-09-24
585.0,1,12,2026-10-01,2026-09-24
587.5,2,2,2026-10-01,2026-09-24
590.0,1,3,2026-10-01,2026-09-24
592.5,0,4,2026-10-01,2026-09-24
595.0,1,56,2026-10-01,2026-09-24
597.5,0,12,2026-10-01,2026-09-24
600.0,0,211,2026-10-01,2026-09-24
602.5,1,5,2026-10-01,2026-09-24
605.0,8,31,2026-10-01,2026-09-24
607.5,4,17,2026-10-01,2026-09-24
610.0,5,117,2026-10-01,2026-09-24
612.5,3,10,2026-10-01,2026-09-24
615.0,7,43,2026-10-01,2026-09-24
617.5,7,16,2026-10-01,2026-09-24
620.0,8,46,2026-10-01,2026-09-24
622.5,3,23,2026-10-01,2026-09-24
625.0,5,265,2026-10-01,2026-09-24
627.5,1,14,2026-10-01,2026-09-24
630.0,12,42,2026-10-01,2026-09-24
632.5,5,19,2026-10-01,2026-09-24
635.0,14,31,2026-10-01,2026-09-24
637.5,5,56,2026-10-01,2026-09-24
640.0,12,109,2026-10-01,2026-09-24
642.5,25,9,2026-10-01,2026-09-24
645.0,33,166,2026-10-01,2026-09-24
647.5,1,42,2026-10-01,2026-09-24
650.0,33,639,2026-10-01,2026-09-24
652.5,3,10,2026-10-01,2026-09-24
655.0,47,94,2026-10-01,2026-09-24
657.5,0,239,2026-10-01,2026-09-24
660.0,6,49,2026-10-01,2026-09-24
662.5,3,18,2026-10-01,2026-09-24
665.0,24,70,2026-10-01,2026-09-24
667.5,3,54,2026-10-01,2026-09-24
670.0,154,304,2026-10-01,2026-09-24
672.5,78,56,2026-10-01,2026-09-24
675.0,102,749,2026-10-01,2026-09-24
677.5,48,283,2026-10-01,2026-09-24
680.0,151,622,2026-10-01,2026-09-24
682.5,29,49,2026-10-01,2026-09-24
685.0,91,166,2026-10-01,2026-09-24
687.5,11,51,2026-10-01,2026-09-24
690.0,137,122,2026-10-01,2026-09-24
692.5,14,109,2026-10-01,2026-09-24
695.0,70,134,2026-10-01,2026-09-24
697.5,9,39,2026-10-01,2026-09-24
700.0,218,1391,2026-10-01,2026-09-24
702.5,23,23,2026-10-01,2026-09-24
705.0,94,2695,2026-10-01,2026-09-24
707.5,27,126,2026-10-01,2026-09-24
710.0,67,153,2026-10-01,2026-09-24
712.5,17,82,2026-10-01,2026-09-24
715.0,59,119,2026-10-01,2026-09-24
717.5,19,75,2026-10-01,2026-09-24
720.0,159,834,2026-10-01,2026-09-24
722.5,66,39,2026-10-01,2026-09-24
725.0,125,177,2026-10-01,2026-09-24
727.5,26,25,2026-10-01,2026-09-24
730.0,165,159,2026-10-01,2026-09-24
732.5,72,78,2026-10-01,2026-09-24
735.0,97,122,2026-10-01,2026-09-24
737.5,34,142,2026-10-01,2026-09-24
740.0,227,2439,2026-10-01,2026-09-24
742.5,51,105,2026-10-01,2026-09-24
745.0,215,349,2026-10-01,2026-09-24
747.5,175,173,2026-10-01,2026-09-24
750.0,1862,307,2026-10-01,2026-09-24
755.0,168,104,2026-10-01,2026-09-24
760.0,314,78,2026-10-01,2026-09-24
765.0,306,60,2026-10-01,2026-09-24
770.0,270,0,2026-10-01,2026-09-24
770.0,637,262,2026-10-01,2026-09-24
775.0,206,39,2026-10-01,2026-09-24
780.0,280,58,2026-10-01,2026-09-24
785.0,201,15,2026-10-01,2026-09-24
790.0,240,44,2026-10-01,2026-09-24
795.0,91,57,2026-10-01,2026-09-24
800.0,2470,17,2026-10-01,2026-09-24
805.0,300,6,2026-10-01,2026-09-24
810.0,286,0,2026-10-01,2026-09-24
815.0,58,0,2026-10-01,2026-09-24
820.0,184,0,2026-10-01,2026-09-24
825.0,74,0,2026-10-01,2026-09-24
830.0,230,0,2026-10-01,2026-09-24
835.0,71,0,2026-10-01,2026-09-24
840.0,160,14,2026-10-01,2026-09-24
845.0,38,15,2026-10-01,2026-09-24
850.0,736,5,2026-10-01,2026-09-24
855.0,128,0,2026-10-01,2026-09-24
860.0,51,0,2026-10-01,2026-09-24
865.0,36,0,2026-10-01,2026-09-24
870.0,61,0,2026-10-01,2026-09-24
875.0,48,0,2026-10-01,2026-09-24
880.0,34,0,2026-10-01,2026-09-24
885.0,6,0,2026-10-01,2026-09-24
890.0,16,0,2026-10-01,2026-09-24
895.0,8,0,2026-10-01,2026-09-24
900.0,188,1,2026-10-01,2026-09-24
905.0,27,0,2026-10-01,2026-09-24
910.0,51,0,2026-10-01,2026-09-24
915.0,10,0,2026-10-01,2026-09-24
920.0,71,0,2026-10-01,2026-09-24
925.0,7,0,2026-10-01,2026-09-24
930.0,37,0,2026-10-01,2026-09-24
935.0,15,0,2026-10-01,2026-09-24
940.0,4,0,2026-10-01,2026-09-24
945.0,4,0,2026-10-01,2026-09-24
950.0,8,0,2026-10-01,2026-09-24
955.0,3,0,2026-10-01,2026-09-24
960.0,123,0,2026-10-01,2026-09-24
965.0,6,0,2026-10-01,2026-09-24
970.0,2,0,2026-10-01,2026-09-24
975.0,4,0,2026-10-01,2026-09-24
980.0,6,0,2026-10-01,2026-09-24
985.0,16,0,2026-10-01,2026-09-24
990.0,11,0,2026-10-01,2026-09-24
1000.0,138,0,2026-10-01,2026-09-24
1010.0,14,0,2026-10-01,2026-09-24
1020.0,21,0,2026-10-01,2026-09-24
1030.0,38,0,2026-10-01,2026-09-24
1040.0,16,0,2026-10-01,2026-09-24
1050.0,20,0,2026-10-01,2026-09-24
1060.0,30,0,2026-10-01,2026-09-24
1070.0,28,0,2026-10-01,2026-09-24
1080.0,0,0,2026-10-01,2026-09-24
1090.0,0,0,2026-10-01,2026-09-24
1100.0,1,0,2026-10-01,2026-09-24
1110.0,0,0,2026-10-01,2026-09-24
1120.0,0,0,2026-10-01,2026-09-24
1130.0,0,0,2026-10-01,2026-09-24
1140.0,0,0,2026-10-01,2026-09-24
1150.0,0,0,2026-10-01,2026-09-24
1160.0,0,0,2026-10-01,2026-09-24
1170.0,0,0,2026-10-01,2026-09-24
1180.0,0,0,2026-10-01,2026-09-24
1190.0,0,0,2026-10-01,2026-09-24
1200.0,0,0,2026-10-01,2026-09-24
1210.0,0,0,2026-10-01,2026-09-24
1220.0,0,0,2026-10-01,2026-09-24
1230.0,0,0,2026-10-01,2026-09-24
1240.0,0,0,2026-10-01,2026-09-24
1250.0,0,0,2026-10-01,2026-09-24
1260.0,0,0,2026-10-01,2026-09-24
1270.0,0,0,2026-10-01,2026-09-24
1280.0,0,0,2026-10-01,2026-09-24
1290.0,0,0,2026-10-01,2026-09-24
1300.0,0,0,2026-10-01,2026-09-24
1310.0,0,0,2026-10-01,2026-09-24
1320.0,0,0,2026-10-01,2026-09-24
1330.0,0,0,2026-10-01,2026-09-24
1340.0,0,0,2026-10-01,2026-09-24
1350.0,0,0,2026-10-01,2026-09-24
1360.0,0,0,2026-10-01,2026-09-24
1370.0,0,0,2026-10-01,2026-09-24
1380.0,0,0,2026-10-01,2026-09-24
1390.0,0,0,2026-10-01,2026-09-24
1400.0,0,0,2026-10-01,2026-09-24
1410.0,0,0,2026-10-01,2026-09-24
1420.0,0,0,2026-10-01,2026-09-24
1430.0,0,0,2026-10-01,2026-09-24
1440.0,0,0,2026-10-01,2026-09-24
1450.0,0,0,2026-10-01,2026-09-24
1460.0,0,0,2026-10-01,2026-09-24
1470.0,0,0,2026-10-01,2026-09-24
1480.0,0,0,2026-10-01,2026-09-24
1490.0,15,0,2026-10-01,2026-09-24
770.0,97,0,2026-10-02,2026-09-24
100.0,0,0,2026-10-03,2026-09-24
110.0,0,0,2026-10-03,2026-09-24
120.0,0,0,2026-10-03,2026-09-24
130.0,0,11,2026-10-03,2026-09-24
140.0,0,0,2026-10-03,2026-09-24
150.0,0,1053,2026-10-03,2026-09-24
160.0,0,0,2026-10-03,2026-09-24
170.0,0,0,2026-10-03,2026-09-24
180.0,0,0,2026-10-03,2026-09-24
190.0,0,0,2026-10-03,2026-09-24
200.0,0,12,2026-10-03,2026-09-24
210.0,0,0,2026-10-03,2026-09-24
220.0,2,0,2026-10-03,2026-09-24
230.0,0,0,2026-10-03,2026-09-24
240.0,1,0,2026-10-03,2026-09-24
250.0,0,0,2026-10-03,2026-09-24
260.0,0,0,2026-10-03,2026-09-24
270.0,0,2,2026-10-03,2026-09-24
280.0,0,1,2026-10-03,2026-09-24
290.0,3,0,2026-10-03,2026-09-24
300.0,3,98,2026-10-03,2026-09-24
310.0,0,5,2026-10-03,2026-09-24
320.0,0,3,2026-10-03,2026-09-24
330.0,0,13,2026-10-03,2026-09-24
340.0,0,6,2026-10-03,2026-09-24
350.0,0,153,2026-10-03,2026-09-24
360.0,0,29,2026-10-03,2026-09-24
370.0,0,17,2026-10-03,2026-09-24
380.0,0,21,2026-10-03,2026-09-24
390.0,0,10,2026-10-03,2026-09-24
400.0,3,192,2026-10-03,2026-09-24
405.0,0,25,2026-10-03,2026-09-24
410.0,0,35,2026-10-03,2026-09-24
415.0,1,121,2026-10-03,2026-09-24
420.0,0,13,2026-10-03,2026-09-24
425.0,0,35,2026-10-03,2026-09-24
430.0,0,57,2026-10-03,2026-09-24
435.0,1,38,2026-10-03,2026-09-24
440.0,0,273,2026-10-03,2026-09-24
445.0,0,48,2026-10-03,2026-09-24
450.0,0,85,2026-10-03,2026-09-24
455.0,0,366,2026-10-03,2026-09-24
460.0,0,237,2026-10-03,2026-09-24
465.0,0,278,2026-10-03,2026-09-24
470.0,1,264,2026-10-03,2026-09-24
475.0,1,422,2026-10-03,2026-09-24
480.0,2,213,2026-10-03,2026-09-24
485.0,1,146,2026-10-03,2026-09-24
490.0,13,422,2026-10-03,2026-09-24
495.0,42,200,2026-10-03,2026-09-24
500.0,38,643,2026-10-03,2026-09-24
505.0,13,368,2026-10-03,2026-09-24
510.0,12,314,2026-10-03,2026-09-24
515.0,7,1940,2026-10-03,2026-09-24
520.0,0,133,2026-10-03,2026-09-24
520.0,59,351,2026-10-03,2026-09-24
525.0,15,410,2026-10-03,2026-09-24
530.0,62,536,2026-10-03,2026-09-24
535.0,15,240,2026-10-03,2026-09-24
540.0,3000,3019,2026-10-03,2026-09-24
540.0,79,2059,2026-10-03,2026-09-24
545.0,39,494,2026-10-03,2026-09-24
550.0,158,546,2026-10-03,2026-09-24
555.0,137,286,2026-10-03,2026-09-24
560.0,84,870,2026-10-03,2026-09-24
565.0,271,152,2026-10-03,2026-09-24
570.0,356,210,2026-10-03,2026-09-24
572.5,2,25,2026-10-03,2026-09-24
575.0,191,247,2026-10-03,2026-09-24
577.5,0,0,2026-10-03,2026-09-24
580.0,235,521,2026-10-03,2026-09-24
582.5,0,21,2026-10-03,2026-09-24
585.0,145,449,2026-10-03,2026-09-24
587.5,0,23,2026-10-03,2026-09-24
590.0,261,451,2026-10-03,2026-09-24
592.5,1,6,2026-10-03,2026-09-24
595.0,788,196,2026-10-03,2026-09-24
597.5,3,4,2026-10-03,2026-09-24
600.0,6000,6000,2026-10-03,2026-09-24
600.0,501,2944,2026-10-03,2026-09-24
602.5,1,46,2026-10-03,2026-09-24
605.0,366,1511,2026-10-03,2026-09-24
607.5,20,87,2026-10-03,2026-09-24
610.0,197,228,2026-10-03,2026-09-24
612.5,29,35,2026-10-03,2026-09-24
615.0,1196,1098,2026-10-03,2026-09-24
617.5,27,14,2026-10-03,2026-09-24
620.0,431,927,2026-10-03,2026-09-24
622.5,8,9,2026-10-03,2026-09-24
625.0,213,474,2026-10-03,2026-09-24
627.5,5,50,2026-10-03,2026-09-24
630.0,499,1993,2026-10-03,2026-09-24
632.5,4,132,2026-10-03,2026-09-24
635.0,205,610,2026-10-03,2026-09-24
637.5,18,89,2026-10-03,2026-09-24
640.0,521,323,2026-10-03,2026-09-24
642.5,6,106,2026-10-03,2026-09-24
645.0,133,0,2026-10-03,2026-09-24
645.0,450,391,2026-10-03,2026-09-24
647.5,43,84,2026-10-03,2026-09-24
650.0,1662,1329,2026-10-03,2026-09-24
652.5,13,2003,2026-10-03,2026-09-24
655.0,854,2086,2026-10-03,2026-09-24
657.5,17,64,2026-10-03,2026-09-24
660.0,1078,755,2026-10-03,2026-09-24
662.5,67,90,2026-10-03,2026-09-24
665.0,336,219,2026-10-03,2026-09-24
667.5,182,54,2026-10-03,2026-09-24
670.0,4657,664,2026-10-03,2026-09-24
672.5,67,276,2026-10-03,2026-09-24
675.0,526,636,2026-10-03,2026-09-24
677.5,36,58,2026-10-03,2026-09-24
680.0,1018,809,2026-10-03,2026-09-24
682.5,53,19,2026-10-03,2026-09-24
685.0,332,434,2026-10-03,2026-09-24
687.5,16,52,2026-10-03,2026-09-24
690.0,1009,0,2026-10-03,2026-09-24
690.0,569,577,2026-10-03,2026-09-24
692.5,1007,116,2026-10-03,2026-09-24
695.0,410,184,2026-10-03,2026-09-24
697.5,67,219,2026-10-03,2026-09-24
700.0,1207,2675,2026-10-03,2026-09-24
702.5,29,124,2026-10-03,2026-09-24
705.0,227,194,2026-10-03,2026-09-24
707.5,27,176,2026-10-03,2026-09-24
710.0,373,532,2026-10-03,2026-09-24
712.5,144,171,2026-10-03,2026-09-24
715.0,947,518,2026-10-03,2026-09-24
717.5,74,69,2026-10-03,2026-09-24
720.0,2143,695,2026-10-03,2026-09-24
722.5,72,73,2026-10-03,2026-09-24
725.0,448,650,2026-10-03,2026-09-24
727.5,57,106,2026-10-03,2026-09-24
730.0,658,2033,2026-10-03,2026-09-24
732.5,1064,53,2026-10-03,2026-09-24
735.0,591,268,2026-10-03,2026-09-24
737.5,168,82,2026-10-03,2026-09-24
740.0,3738,1113,2026-10-03,2026-09-24
742.5,135,99,2026-10-03,2026-09-24
745.0,2056,321,2026-10-03,2026-09-24
747.5,215,404,2026-10-03,2026-09-24
750.0,2908,491,2026-10-03,2026-09-24
755.0,799,133,2026-10-03,2026-09-24
760.0,1008,314,2026-10-03,2026-09-24
765.0,445,31,2026-10-03,2026-09-24
770.0,1458,61,2026-10-03,2026-09-24
775.0,617,19,2026-10-03,2026-09-24
780.0,785,15,2026-10-03,2026-09-24
785.0,288,5,2026-10-03,2026-09-24
790.0,558,96,2026-10-03,2026-09-24
795.0,225,6,2026-10-03,2026-09-24
800.0,6312,14,2026-10-03,2026-09-24
805.0,698,17,2026-10-03,2026-09-24
810.0,1351,1,2026-10-03,2026-09-24
815.0,123,0,2026-10-03,2026-09-24
820.0,1795,4,2026-10-03,2026-09-24
825.0,773,5,2026-10-03,2026-09-24
830.0,614,18,2026-10-03,2026-09-24
835.0,202,5,2026-10-03,2026-09-24
840.0,264,0,2026-10-03,2026-09-24
845.0,73,0,2026-10-03,2026-09-24
850.0,1105,18,2026-10-03,2026-09-24
855.0,170,15,2026-10-03,2026-09-24
860.0,437,10,2026-10-03,2026-09-24
865.0,91,0,2026-10-03,2026-09-24
870.0,637,0,2026-10-03,2026-09-24
875.0,102,0,2026-10-03,2026-09-24
880.0,258,0,2026-10-03,2026-09-24
885.0,64,0,2026-10-03,2026-09-24
890.0,156,0,2026-10-03,2026-09-24
895.0,15,0,2026-10-03,2026-09-24
900.0,1432,0,2026-10-03,2026-09-24
905.0,62,0,2026-10-03,2026-09-24
910.0,79,0,2026-10-03,2026-09-24
915.0,57,0,2026-10-03,2026-09-24
920.0,197,0,2026-10-03,2026-09-24
925.0,32,0,2026-10-03,2026-09-24
930.0,115,0,2026-10-03,2026-09-24
935.0,184,0,2026-10-03,2026-09-24
940.0,137,0,2026-10-03,2026-09-24
945.0,116,0,2026-10-03,2026-09-24
950.0,107,0,2026-10-03,2026-09-24
955.0,73,0,2026-10-03,2026-09-24
960.0,255,0,2026-10-03,2026-09-24
965.0,130,0,2026-10-03,2026-09-24
970.0,207,0,2026-10-03,2026-09-24
975.0,83,0,2026-10-03,2026-09-24
980.0,51,0,2026-10-03,2026-09-24
985.0,119,0,2026-10-03,2026-09-24
990.0,250,0,2026-10-03,2026-09-24
995.0,159,0,2026-10-03,2026-09-24
1000.0,439,0,2026-10-03,2026-09-24
1010.0,146,0,2026-10-03,2026-09-24
1020.0,247,0,2026-10-03,2026-09-24
1030.0,170,0,2026-10-03,2026-09-24
1040.0,246,0,2026-10-03,2026-09-24
1050.0,148,0,2026-10-03,2026-09-24
1060.0,56,0,2026-10-03,2026-09-24
1070.0,69,0,2026-10-03,2026-09-24
1080.0,0,0,2026-10-03,2026-09-24
1090.0,0,0,2026-10-03,2026-09-24
1100.0,0,0,2026-10-03,2026-09-24
1110.0,0,0,2026-10-03,2026-09-24
1120.0,0,0,2026-10-03,2026-09-24
1130.0,0,0,2026-10-03,2026-09-24
1140.0,0,0,2026-10-03,2026-09-24
1150.0,0,0,2026-10-03,2026-09-24
1160.0,0,0,2026-10-03,2026-09-24
1170.0,0,0,2026-10-03,2026-09-24
1180.0,0,0,2026-10-03,2026-09-24
1190.0,0,0,2026-10-03,2026-09-24
1200.0,0,0,2026-10-03,2026-09-24
1210.0,0,0,2026-10-03,2026-09-24
1220.0,0,0,2026-10-03,2026-09-24
1230.0,1,0,2026-10-03,2026-09-24
1240.0,0,0,2026-10-03,2026-09-24
1250.0,0,0,2026-10-03,2026-09-24
1260.0,0,0,2026-10-03,2026-09-24
1270.0,0,0,2026-10-03,2026-09-24
1280.0,0,0,2026-10-03,2026-09-24
1290.0,0,0,2026-10-03,2026-09-24
1300.0,0,0,2026-10-03,2026-09-24
1310.0,0,0,2026-10-03,2026-09-24
1320.0,0,0,2026-10-03,2026-09-24
1330.0,0,0,2026-10-03,2026-09-24
1340.0,0,0,2026-10-03,2026-09-24
1350.0,0,0,2026-10-03,2026-09-24
1360.0,0,0,2026-10-03,2026-09-24
1370.0,0,0,2026-10-03,2026-09-24
1380.0,0,0,2026-10-03,2026-09-24
1390.0,0,0,2026-10-03,2026-09-24
1400.0,0,0,2026-10-03,2026-09-24
1410.0,0,0,2026-10-03,2026-09-24
1420.0,0,0,2026-10-03,2026-09-24
1430.0,0,0,2026-10-03,2026-09-24
1440.0,0,0,2026-10-03,2026-09-24
1450.0,0,0,2026-10-03,2026-09-24
1460.0,0,0,2026-10-03,2026-09-24
1470.0,0,0,2026-10-03,2026-09-24
1480.0,100,0,2026-10-03,2026-09-24
1490.0,20,0,2026-10-03,2026-09-24
510.0,0,0,2026-10-06,2026-09-24
515.0,0,9,2026-10-06,2026-09-24
520.0,0,0,2026-10-06,2026-09-24
525.0,0,0,2026-10-06,2026-09-24
530.0,0,11,2026-10-06,2026-09-24
535.0,0,0,2026-10-06,2026-09-24
540.0,0,6,2026-10-06,2026-09-24
545.0,0,0,2026-10-06,2026-09-24
550.0,0,0,2026-10-06,2026-09-24
555.0,0,0,2026-10-06,2026-09-24
560.0,0,0,2026-10-06,2026-09-24
565.0,0,0,2026-10-06,2026-09-24
570.0,0,7,2026-10-06,2026-09-24
575.0,0,0,2026-10-06,2026-09-24
580.0,0,0,2026-10-06,2026-09-24
585.0,0,0,2026-10-06,2026-09-24
590.0,0,7,2026-10-06,2026-09-24
595.0,0,1,2026-10-06,2026-09-24
600.0,0,7,2026-10-06,2026-09-24
605.0,0,2,2026-10-06,2026-09-24
610.0,0,0,2026-10-06,2026-09-24
615.0,1,3,2026-10-06,2026-09-24
620.0,0,5,2026-10-06,2026-09-24
625.0,0,2,2026-10-06,2026-09-24
630.0,0,18,2026-10-06,2026-09-24
635.0,2,8,2026-10-06,2026-09-24
637.5,0,0,2026-10-06,2026-09-24
640.0,0,14,2026-10-06,2026-09-24
642.5,0,5,2026-10-06,2026-09-24
645.0,2,5,2026-10-06,2026-09-24
647.5,0,0,2026-10-06,2026-09-24
650.0,3,31,2026-10-06,2026-09-24
652.5,0,0,2026-10-06,2026-09-24
655.0,0,7,2026-10-06,2026-09-24
657.5,0,0,2026-10-06,2026-09-24
660.0,1,25,2026-10-06,2026-09-24
662.5,0,0,2026-10-06,2026-09-24
665.0,0,4,2026-10-06,2026-09-24
667.5,1,4,2026-10-06,2026-09-24
670.0,5,14,2026-10-06,2026-09-24
672.5,0,0,2026-10-06,2026-09-24
675.0,1,59,2026-10-06,2026-09-24
677.5,0,2,2026-10-06,2026-09-24
680.0,6,37,2026-10-06,2026-09-24
682.5,0,0,2026-10-06,2026-09-24
685.0,5,34,2026-10-06,2026-09-24
687.5,0,0,2026-10-06,2026-09-24
690.0,6,46,2026-10-06,2026-09-24
692.5,0,1,2026-10-06,2026-09-24
695.0,4,45,2026-10-06,2026-09-24
697.5,0,1,2026-10-06,2026-09-24
700.0,34,388,2026-10-06,2026-09-24
702.5,0,63,2026-10-06,2026-09-24
705.0,2,46,2026-10-06,2026-09-24
707.5,1,48,2026-10-06,2026-09-24
710.0,21,88,2026-10-06,2026-09-24
712.5,0,7,2026-10-06,2026-09-24
715.0,9,43,2026-10-06,2026-09-24
717.5,0,2,2026-10-06,2026-09-24
720.0,1653,79,2026-10-06,2026-09-24
722.5,0,10,2026-10-06,2026-09-24
725.0,14,142,2026-10-06,2026-09-24
727.5,0,11,2026-10-06,2026-09-24
730.0,336,338,2026-10-06,2026-09-24
732.5,1,2,2026-10-06,2026-09-24
735.0,109,154,2026-10-06,2026-09-24
737.5,23,63,2026-10-06,2026-09-24
740.0,2648,52,2026-10-06,2026-09-24
742.5,7,9,2026-10-06,2026-09-24
745.0,1648,103,2026-10-06,2026-09-24
747.5,94,203,2026-10-06,2026-09-24
750.0,191,84,2026-10-06,2026-09-24
755.0,53,24,2026-10-06,2026-09-24
760.0,68,17,2026-10-06,2026-09-24
765.0,43,15,2026-10-06,2026-09-24
770.0,112,18,2026-10-06,2026-09-24
775.0,40,0,2026-10-06,2026-09-24
780.0,56,0,2026-10-06,2026-09-24
785.0,24,0,2026-10-06,2026-09-24
790.0,10,0,2026-10-06,2026-09-24
795.0,9,0,2026-10-06,2026-09-24
800.0,196,0,2026-10-06,2026-09-24
805.0,12,11,2026-10-06,2026-09-24
810.0,3,0,2026-10-06,2026-09-24
815.0,11,0,2026-10-06,2026-09-24
820.0,5,0,2026-10-06,2026-09-24
825.0,10,0,2026-10-06,2026-09-24
830.0,11,0,2026-10-06,2026-09-24
835.0,11,0,2026-10-06,2026-09-24
840.0,14,0,2026-10-06,2026-09-24
845.0,23,0,2026-10-06,2026-09-24
850.0,18,1,2026-10-06,2026-09-24
855.0,5,0,2026-10-06,2026-09-24
860.0,5,0,2026-10-06,2026-09-24
865.0,17,0,2026-10-06,2026-09-24
870.0,16,0,2026-10-06,2026-09-24
875.0,21,0,2026-10-06,2026-09-24
880.0,27,0,2026-10-06,2026-09-24
885.0,88,0,2026-10-06,2026-09-24
890.0,3,0,2026-10-06,2026-09-24
895.0,6,0,2026-10-06,2026-09-24
900.0,28,0,2026-10-06,2026-09-24
905.0,0,0,2026-10-06,2026-09-24
910.0,90,0,2026-10-06,2026-09-24
915.0,8,0,2026-10-06,2026-09-24
920.0,2,0,2026-10-06,2026-09-24
925.0,10,0,2026-10-06,2026-09-24
930.0,10,0,2026-10-06,2026-09-24
935.0,1,0,2026-10-06,2026-09-24
940.0,1,0,2026-10-06,2026-09-24
945.0,0,0,2026-10-06,2026-09-24
950.0,0,0,2026-10-06,2026-09-24
955.0,0,0,2026-10-06,2026-09-24
960.0,0,0,2026-10-06,2026-09-24
965.0,0,0,2026-10-06,2026-09-24
970.0,0,0,2026-10-06,2026-09-24
975.0,2,0,2026-10-06,2026-09-24
980.0,0,0,2026-10-06,2026-09-24
985.0,0,0,2026-10-06,2026-09-24
990.0,0,0,2026-10-06,2026-09-24
1000.0,12,0,2026-10-06,2026-09-24
1010.0,0,0,2026-10-06,2026-09-24
1020.0,0,0,2026-10-06,2026-09-24
1030.0,0,0,2026-10-06,2026-09-24
1040.0,0,0,2026-10-06,2026-09-24
1050.0,0,0,2026-10-06,2026-09-24
1060.0,0,0,2026-10-06,2026-09-24
1070.0,1,0,2026-10-06,2026-09-24
1080.0,0,0,2026-10-06,2026-09-24
1090.0,0,0,2026-10-06,2026-09-24
1100.0,0,0,2026-10-06,2026-09-24
1110.0,0,0,2026-10-06,2026-09-24
1120.0,0,0,2026-10-06,2026-09-24
1130.0,0,0,2026-10-06,2026-09-24
1140.0,0,0,2026-10-06,2026-09-24
1150.0,0,0,2026-10-06,2026-09-24
1160.0,0,0,2026-10-06,2026-09-24
1170.0,0,0,2026-10-06,2026-09-24
1180.0,0,0,2026-10-06,2026-09-24
1190.0,0,0,2026-10-06,2026-09-24
1200.0,0,0,2026-10-06,2026-09-24
1210.0,0,0,2026-10-06,2026-09-24
1220.0,0,0,2026-10-06,2026-09-24
1230.0,0,0,2026-10-06,2026-09-24
1240.0,0,0,2026-10-06,2026-09-24
1250.0,0,0,2026-10-06,2026-09-24
1260.0,0,0,2026-10-06,2026-09-24
1270.0,0,0,2026-10-06,2026-09-24
1280.0,0,0,2026-10-06,2026-09-24
1290.0,0,0,2026-10-06,2026-09-24
1300.0,0,0,2026-10-06,2026-09-24
1310.0,0,0,2026-10-06,2026-09-24
1320.0,0,0,2026-10-06,2026-09-24
1330.0,0,0,2026-10-06,2026-09-24
1340.0,0,0,2026-10-06,2026-09-24
1350.0,0,0,2026-10-06,2026-09-24
1360.0,0,0,2026-10-06,2026-09-24
1370.0,0,0,2026-10-06,2026-09-24
1380.0,0,0,2026-10-06,2026-09-24
1390.0,0,0,2026-10-06,2026-09-24
1400.0,0,0,2026-10-06,2026-09-24
1410.0,0,0,2026-10-06,2026-09-24
1420.0,0,0,2026-10-06,2026-09-24
1430.0,0,0,2026-10-06,2026-09-24
1440.0,0,0,2026-10-06,2026-09-24
1450.0,0,0,2026-10-06,2026-09-24
1460.0,0,0,2026-10-06,2026-09-24
1470.0,0,0,2026-10-06,2026-09-24
1480.0,0,0,2026-10-06,2026-09-24
1490.0,0,0,2026-10-06,2026-09-24
691.68,2,0,2026-10-09,2026-09-24
100.0,0,1,2026-10-10,2026-09-24
110.0,0,0,2026-10-10,2026-09-24
120.0,0,0,2026-10-10,2026-09-24
130.0,0,0,2026-10-10,2026-09-24
140.0,0,0,2026-10-10,2026-09-24
150.0,0,0,2026-10-10,2026-09-24
160.0,0,0,2026-10-10,2026-09-24
170.0,0,0,2026-10-10,2026-09-24
180.0,0,0,2026-10-10,2026-09-24
190.0,0,0,2026-10-10,2026-09-24
200.0,0,0,2026-10-10,2026-09-24
210.0,0,0,2026-10-10,2026-09-24
220.0,0,0,2026-10-10,2026-09-24
230.0,0,0,2026-10-10,2026-09-24
240.0,7,0,2026-10-10,2026-09-24
250.0,0,0,2026-10-10,2026-09-24
260.0,0,17,2026-10-10,2026-09-24
270.0,0,3,2026-10-10,2026-09-24
280.0,0,3,2026-10-10,2026-09-24
290.0,0,0,2026-10-10,2026-09-24
300.0,0,1,2026-10-10,2026-09-24
310.0,0,0,2026-10-10,2026-09-24
320.0,0,1,2026-10-10,2026-09-24
330.0,0,1,2026-10-10,2026-09-24
340.0,0,7,2026-10-10,2026-09-24
350.0,0,13,2026-10-10,2026-09-24
360.0,0,9,2026-10-10,2026-09-24
370.0,0,22,2026-10-10,2026-09-24
380.0,0,7,2026-10-10,2026-09-24
390.0,0,6,2026-10-10,2026-09-24
400.0,2,18,2026-10-10,2026-09-24
405.0,0,12,2026-10-10,2026-09-24
410.0,0,11,2026-10-10,2026-09-24
415.0,0,13,2026-10-10,2026-09-24
420.0,0,9,2026-10-10,2026-09-24
425.0,0,15,2026-10-10,2026-09-24
430.0,0,17,2026-10-10,2026-09-24
435.0,0,109,2026-10-10,2026-09-24
440.0,0,52,2026-10-10,2026-09-24
445.0,0,34,2026-10-10,2026-09-24
450.0,0,15,2026-10-10,2026-09-24
455.0,0,7,2026-10-10,2026-09-24
460.0,0,23,2026-10-10,2026-09-24
465.0,0,110,2026-10-10,2026-09-24
470.0,0,38,2026-10-10,2026-09-24
475.0,0,29,2026-10-10,2026-09-24
480.0,0,299,2026-10-10,2026-09-24
485.0,0,264,2026-10-10,2026-09-24
490.0,2,292,2026-10-10,2026-09-24
495.0,0,47,2026-10-10,2026-09-24
500.0,3,1582,2026-10-10,2026-09-24
505.0,0,62,2026-10-10,2026-09-24
510.0,1,163,2026-10-10,2026-09-24
515.0,0,1153,2026-10-10,2026-09-24
520.0,1,70,2026-10-10,2026-09-24
525.0,5,89,2026-10-10,2026-09-24
530.0,1,102,2026-10-10,2026-09-24
535.0,2,73,2026-10-10,2026-09-24
540.0,2,147,2026-10-10,2026-09-24
545.0,13,201,2026-10-10,2026-09-24
550.0,22,320,2026-10-10,2026-09-24
555.0,85,58,2026-10-10,2026-09-24
560.0,21,91,2026-10-10,2026-09-24
565.0,29,3656,2026-10-10,2026-09-24
570.0,76,169,2026-10-10,2026-09-24
575.0,97,81,2026-10-10,2026-09-24
580.0,72,242,2026-10-10,2026-09-24
585.0,81,132,2026-10-10,2026-09-24
590.0,33,195,2026-10-10,2026-09-24
595.0,25,382,2026-10-10,2026-09-24
600.0,5000,5000,2026-10-10,2026-09-24
600.0,43,503,2026-10-10,2026-09-24
605.0,89,364,2026-10-10,2026-09-24
605.34,197,197,2026-10-10,2026-09-24
610.0,115,174,2026-10-10,2026-09-24
615.0,340,112,2026-10-10,2026-09-24
620.0,123,192,2026-10-10,2026-09-24
625.0,60,466,2026-10-10,2026-09-24
630.0,264,163,2026-10-10,2026-09-24
635.0,64,247,2026-10-10,2026-09-24
640.0,210,324,2026-10-10,2026-09-24
645.0,128,458,2026-10-10,2026-09-24
650.0,249,317,2026-10-10,2026-09-24
655.0,142,190,2026-10-10,2026-09-24
657.5,3,12,2026-10-10,2026-09-24
660.0,351,150,2026-10-10,2026-09-24
662.5,6,24,2026-10-10,2026-09-24
665.0,745,187,2026-10-10,2026-09-24
667.5,0,6,2026-10-10,2026-09-24
670.0,455,206,2026-10-10,2026-09-24
672.5,15,45,2026-10-10,2026-09-24
675.0,323,193,2026-10-10,2026-09-24
677.5,8,12,2026-10-10,2026-09-24
680.0,8900,8900,2026-10-10,2026-09-24
680.0,239,211,2026-10-10,2026-09-24
682.5,2,23,2026-10-10,2026-09-24
685.0,417,143,2026-10-10,2026-09-24
687.5,9,116,2026-10-10,2026-09-24
690.0,217,223,2026-10-10,2026-09-24
692.5,7,17,2026-10-10,2026-09-24
695.0,197,55,2026-10-10,2026-09-24
697.5,15,21,2026-10-10,2026-09-24
700.0,5000,5000,2026-10-10,2026-09-24
700.0,621,580,2026-10-10,2026-09-24
702.5,46,303,2026-10-10,2026-09-24
705.0,145,183,2026-10-10,2026-09-24
710.0,5000,5000,2026-10-10,2026-09-24
710.0,264,453,2026-10-10,2026-09-24
715.0,382,153,2026-10-10,2026-09-24
720.0,453,164,2026-10-10,2026-09-24
725.0,328,116,2026-10-10,2026-09-24
730.0,310,231,2026-10-10,2026-09-24
735.0,170,67,2026-10-10,2026-09-24
740.0,425,286,2026-10-10,2026-09-24
745.0,327,89,2026-10-10,2026-09-24
750.0,927,249,2026-10-10,2026-09-24
755.0,792,1132,2026-10-10,2026-09-24
760.0,397,57,2026-10-10,2026-09-24
765.0,240,52,2026-10-10,2026-09-24
770.0,380,0,2026-10-10,2026-09-24
770.0,488,24,2026-10-10,2026-09-24
775.0,224,14,2026-10-10,2026-09-24
780.0,352,13,2026-10-10,2026-09-24
785.0,141,5,2026-10-10,2026-09-24
790.0,236,1,2026-10-10,2026-09-24
795.0,230,2,2026-10-10,2026-09-24
800.0,656,11,2026-10-10,2026-09-24
805.0,69,2,2026-10-10,2026-09-24
810.0,213,1,2026-10-10,2026-09-24
815.0,87,1,2026-10-10,2026-09-24
820.0,205,4,2026-10-10,2026-09-24
825.0,114,0,2026-10-10,2026-09-24
830.0,77,1,2026-10-10,2026-09-24
835.0,204,0,2026-10-10,2026-09-24
840.0,727,0,2026-10-10,2026-09-24
845.0,220,0,2026-10-10,2026-09-24
850.0,307,0,2026-10-10,2026-09-24
855.0,78,1,2026-10-10,2026-09-24
860.0,77,0,2026-10-10,2026-09-24
865.0,68,0,2026-10-10,2026-09-24
870.0,83,0,2026-10-10,2026-09-24
875.0,28,0,2026-10-10,2026-09-24
880.0,460,0,2026-10-10,2026-09-24
885.0,31,0,2026-10-10,2026-09-24
890.0,73,1,2026-10-10,2026-09-24
895.0,94,0,2026-10-10,2026-09-24
900.0,521,0,2026-10-10,2026-09-24
905.0,43,0,2026-10-10,2026-09-24
910.0,150,0,2026-10-10,2026-09-24
915.0,107,0,2026-10-10,2026-09-24
920.0,61,0,2026-10-10,2026-09-24
925.0,130,0,2026-10-10,2026-09-24
930.0,31,0,2026-10-10,2026-09-24
935.0,59,0,2026-10-10,2026-09-24
940.0,31,0,2026-10-10,2026-09-24
945.0,32,0,2026-10-10,2026-09-24
950.0,69,0,2026-10-10,2026-09-24
955.0,122,0,2026-10-10,2026-09-24
960.0,43,0,2026-10-10,2026-09-24
965.0,68,0,2026-10-10,2026-09-24
970.0,54,0,2026-10-10,2026-09-24
975.0,38,3,2026-10-10,2026-09-24
980.0,33,0,2026-10-10,2026-09-24
985.0,43,0,2026-10-10,2026-09-24
990.0,41,0,2026-10-10,2026-09-24
995.0,25,0,2026-10-10,2026-09-24
1000.0,212,0,2026-10-10,2026-09-24
1010.0,122,0,2026-10-10,2026-09-24
1020.0,130,0,2026-10-10,2026-09-24
1030.0,117,0,2026-10-10,2026-09-24
1040.0,138,0,2026-10-10,2026-09-24
1050.0,121,0,2026-10-10,2026-09-24
1060.0,132,0,2026-10-10,2026-09-24
1070.0,200,0,2026-10-10,2026-09-24
1080.0,0,0,2026-10-10,2026-09-24
1090.0,0,0,2026-10-10,2026-09-24
1100.0,0,0,2026-10-10,2026-09-24
1110.0,0,0,2026-10-10,2026-09-24
1120.0,0,0,2026-10-10,2026-09-24
1130.0,0,0,2026-10-10,2026-09-24
1140.0,0,0,2026-10-10,2026-09-24
1150.0,0,0,2026-10-10,2026-09-24
1160.0,0,0,2026-10-10,2026-09-24
1170.0,0,0,2026-10-10,2026-09-24
1180.0,0,0,2026-10-10,2026-09-24
1190.0,0,0,2026-10-10,2026-09-24
1200.0,0,0,2026-10-10,2026-09-24
1210.0,0,0,2026-10-10,2026-09-24
1220.0,0,0,2026-10-10,2026-09-24
1230.0,0,0,2026-10-10,2026-09-24
1240.0,0,0,2026-10-10,2026-09-24
1250.0,0,0,2026-10-10,2026-09-24
1260.0,0,0,2026-10-10,2026-09-24
1270.0,0,0,2026-10-10,2026-09-24
1280.0,0,0,2026-10-10,2026-09-24
1290.0,0,0,2026-10-10,2026-09-24
1300.0,0,0,2026-10-10,2026-09-24
1310.0,0,0,2026-10-10,2026-09-24
1320.0,0,0,2026-10-10,2026-09-24
1330.0,0,0,2026-10-10,2026-09-24
1340.0,0,0,2026-10-10,2026-09-24
1350.0,0,0,2026-10-10,2026-09-24
1360.0,0,0,2026-10-10,2026-09-24
1370.0,0,0,2026-10-10,2026-09-24
1380.0,0,0,2026-10-10,2026-09-24
1390.0,0,0,2026-10-10,2026-09-24
1400.0,0,0,2026-10-10,2026-09-24
1410.0,0,0,2026-10-10,2026-09-24
1420.0,0,0,2026-10-10,2026-09-24
1430.0,0,0,2026-10-10,2026-09-24
1440.0,0,0,2026-10-10,2026-09-24
1450.0,0,0,2026-10-10,2026-09-24
1460.0,0,0,2026-10-10,2026-09-24
1470.0,0,0,2026-10-10,2026-09-24
1480.0,0,0,2026-10-10,2026-09-24
1490.0,0,0,2026-10-10,2026-09-24
270.0,1284,428,2026-10-17,2026-09-24
280.0,2,616,2026-10-17,2026-09-24
290.0,0,1490,2026-10-17,2026-09-24
300.0,305,1680,2026-10-17,2026-09-24
310.0,2,963,2026-10-17,2026-09-24
320.0,8,270,2026-10-17,2026-09-24
330.0,1,829,2026-10-17,2026-09-24
340.0,1,369,2026-10-17,2026-09-24
350.0,10,540,2026-10-17,2026-09-24
360.0,0,302,2026-10-17,2026-09-24
370.0,3,255,2026-10-17,2026-09-24
380.0,16,292,2026-10-17,2026-09-24
390.0,3,450,2026-10-17,2026-09-24
400.0,19,1450,2026-10-17,2026-09-24
405.0,0,72,2026-10-17,2026-09-24
410.0,15,1179,2026-10-17,2026-09-24
415.0,7,232,2026-10-17,2026-09-24
420.0,6,362,2026-10-17,2026-09-24
425.0,1,188,2026-10-17,2026-09-24
430.0,21,530,2026-10-17,2026-09-24
435.0,24,261,2026-10-17,2026-09-24
440.0,29,783,2026-10-17,2026-09-24
445.0,25,105,2026-10-17,2026-09-24
450.0,602,3140,2026-10-17,2026-09-24
455.0,34,651,2026-10-17,2026-09-24
460.0,20,1114,2026-10-17,2026-09-24
465.0,15,647,2026-10-17,2026-09-24
470.0,23,1770,2026-10-17,2026-09-24
475.0,9,589,2026-10-17,2026-09-24
480.0,160,2631,2026-10-17,2026-09-24
485.0,27,2113,2026-10-17,2026-09-24
490.0,64,1424,2026-10-17,2026-09-24
495.0,41,703,2026-10-17,2026-09-24
500.0,521,4338,2026-10-17,2026-09-24
505.0,30,923,2026-10-17,2026-09-24
510.0,50,1649,2026-10-17,2026-09-24
515.0,121,1713,2026-10-17,2026-09-24
520.0,393,2175,2026-10-17,2026-09-24
525.0,165,1737,2026-10-17,2026-09-24
530.0,263,1901,2026-10-17,2026-09-24
535.0,536,738,2026-10-17,2026-09-24
540.0,443,4366,2026-10-17,2026-09-24
545.0,225,725,2026-10-17,2026-09-24
550.0,6000,6000,2026-10-17,2026-09-24
550.0,2639,5974,2026-10-17,2026-09-24
555.0,350,592,2026-10-17,2026-09-24
560.0,1119,2412,2026-10-17,2026-09-24
565.0,606,648,2026-10-17,2026-09-24
570.0,2174,2411,2026-10-17,2026-09-24
570.01,2035,2035,2026-10-17,2026-09-24
575.0,1838,862,2026-10-17,2026-09-24
580.0,500,500,2026-10-17,2026-09-24
580.0,1654,3580,2026-10-17,2026-09-24
585.0,3973,3249,2026-10-17,2026-09-24
590.0,1784,1860,2026-10-17,2026-09-24
595.0,4870,4870,2026-10-17,2026-09-24
595.0,687,658,2026-10-17,2026-09-24
600.0,2543,2495,2026-10-17,2026-09-24
600.0,7581,7640,2026-10-17,2026-09-24
605.0,803,830,2026-10-17,2026-09-24
610.0,1393,1724,2026-10-17,2026-09-24
615.0,1154,1364,2026-10-17,2026-09-24
620.0,4235,2283,2026-10-17,2026-09-24
625.0,1119,1400,2026-10-17,2026-09-24
630.0,3188,1532,2026-10-17,2026-09-24
635.0,728,456,2026-10-17,2026-09-24
640.0,48,0,2026-10-17,2026-09-24
640.0,4438,3303,2026-10-17,2026-09-24
645.0,1000,979,2026-10-17,2026-09-24
650.0,0,0,2026-10-17,2026-09-24
650.0,7696,3182,2026-10-17,2026-09-24
655.0,1625,812,2026-10-17,2026-09-24
657.5,14,99,2026-10-17,2026-09-24
660.0,2536,2172,2026-10-17,2026-09-24
662.5,15,108,2026-10-17,2026-09-24
665.0,250,250,2026-10-17,2026-09-24
665.0,1500,599,2026-10-17,2026-09-24
667.5,28,141,2026-10-17,2026-09-24
670.0,5500,5500,2026-10-17,2026-09-24
670.0,3388,2551,2026-10-17,2026-09-24
672.5,17,103,2026-10-17,2026-09-24
675.0,4800,4800,2026-10-17,2026-09-24
675.0,3612,1497,2026-10-17,2026-09-24
677.5,29,173,2026-10-17,2026-09-24
680.0,2,0,2026-10-17,2026-09-24
680.0,5477,1864,2026-10-17,2026-09-24
682.5,86,184,2026-10-17,2026-09-24
685.0,1203,1340,2026-10-17,2026-09-24
687.5,48,194,2026-10-17,2026-09-24
690.0,3605,719,2026-10-17,2026-09-24
692.5,52,128,2026-10-17,2026-09-24
695.0,2776,680,2026-10-17,2026-09-24
697.5,251,196,2026-10-17,2026-09-24
700.0,12,0,2026-10-17,2026-09-24
700.0,20005,3381,2026-10-17,2026-09-24
702.5,110,253,2026-10-17,2026-09-24
705.0,2117,475,2026-10-17,2026-09-24
710.0,7218,1591,2026-10-17,2026-09-24
715.0,1672,669,2026-10-17,2026-09-24
720.0,3,0,2026-10-17,2026-09-24
720.0,4751,904,2026-10-17,2026-09-24
725.0,3834,1020,2026-10-17,2026-09-24
730.0,4490,536,2026-10-17,2026-09-24
730.12,109,0,2026-10-17,2026-09-24
735.0,36,0,2026-10-17,2026-09-24
735.0,2107,464,2026-10-17,2026-09-24
740.0,600,600,2026-10-17,2026-09-24
740.0,4484,1815,2026-10-17,2026-09-24
745.0,2668,2668,2026-10-17,2026-09-24
745.0,856,514,2026-10-17,2026-09-24
750.0,13388,2316,2026-10-17,2026-09-24
755.0,3391,278,2026-10-17,2026-09-24
760.0,6804,471,2026-10-17,2026-09-24
765.0,13695,181,2026-10-17,2026-09-24
770.0,5817,104,2026-10-17,2026-09-24
775.0,19440,136,2026-10-17,2026-09-24
780.0,6255,105,2026-10-17,2026-09-24
785.0,620,82,2026-10-17,2026-09-24
790.0,3,0,2026-10-17,2026-09-24
790.0,2042,351,2026-10-17,2026-09-24
795.0,515,80,2026-10-17,2026-09-24
800.0,7,0,2026-10-17,2026-09-24
800.0,17134,640,2026-10-17,2026-09-24
805.0,3282,77,2026-10-17,2026-09-24
810.0,3502,63,2026-10-17,2026-09-24
815.0,5561,43,2026-10-17,2026-09-24
820.0,11658,94,2026-10-17,2026-09-24
825.0,5506,44,2026-10-17,2026-09-24
830.0,6982,44,2026-10-17,2026-09-24
835.0,2050,104,2026-10-17,2026-09-24
840.0,1174,122,2026-10-17,2026-09-24
845.0,270,0,2026-10-17,2026-09-24
850.0,3721,4,2026-10-17,2026-09-24
855.0,389,3,2026-10-17,2026-09-24
860.0,3793,1,2026-10-17,2026-09-24
865.0,442,1,2026-10-17,2026-09-24
870.0,1144,0,2026-10-17,2026-09-24
875.0,507,0,2026-10-17,2026-09-24
880.0,579,0,2026-10-17,2026-09-24
885.0,556,0,2026-10-17,2026-09-24
890.0,291,0,2026-10-17,2026-09-24
895.0,194,0,2026-10-17,2026-09-24
900.0,12779,37,2026-10-17,2026-09-24
905.0,420,0,2026-10-17,2026-09-24
910.0,307,8,2026-10-17,2026-09-24
915.0,486,0,2026-10-17,2026-09-24
920.0,287,0,2026-10-17,2026-09-24
925.0,155,0,2026-10-17,2026-09-24
930.0,494,0,2026-10-17,2026-09-24
935.0,80,0,2026-10-17,2026-09-24
940.0,150,0,2026-10-17,2026-09-24
945.0,24,0,2026-10-17,2026-09-24
950.0,1036,3,2026-10-17,2026-09-24
955.0,71,0,2026-10-17,2026-09-24
960.0,108,0,2026-10-17,2026-09-24
965.0,211,0,2026-10-17,2026-09-24
970.0,363,0,2026-10-17,2026-09-24
975.0,112,0,2026-10-17,2026-09-24
980.0,237,0,2026-10-17,2026-09-24
990.0,133,10,2026-10-17,2026-09-24
1000.0,2440,1,2026-10-17,2026-09-24
1010.0,107,0,2026-10-17,2026-09-24
1020.0,169,0,2026-10-17,2026-09-24
1030.0,114,0,2026-10-17,2026-09-24
1040.0,360,0,2026-10-17,2026-09-24
1050.0,737,0,2026-10-17,2026-09-24
1060.0,458,0,2026-10-17,2026-09-24
1070.0,550,0,2026-10-17,2026-09-24
1080.0,451,0,2026-10-17,2026-09-24
1090.0,109,0,2026-10-17,2026-09-24
1100.0,846,0,2026-10-17,2026-09-24
1110.0,366,0,2026-10-17,2026-09-24
1120.0,805,0,2026-10-17,2026-09-24
1130.0,565,0,2026-10-17,2026-09-24
1140.0,372,0,2026-10-17,2026-09-24
1150.0,205,0,2026-10-17,2026-09-24
1160.0,2969,0,2026-10-17,2026-09-24
1170.0,2400,0,2026-10-17,2026-09-24
1180.0,1848,0,2026-10-17,2026-09-24
1190.0,222,0,2026-10-17,2026-09-24
1200.0,2947,0,2026-10-17,2026-09-24
1210.0,2271,0,2026-10-17,2026-09-24
1220.0,3147,0,2026-10-17,2026-09-24
1230.0,1257,0,2026-10-17,2026-09-24
1240.0,2007,0,2026-10-17,2026-09-24
1250.0,525,0,2026-10-17,2026-09-24
1260.0,0,0,2026-10-17,2026-09-24
1270.0,0,0,2026-10-17,2026-09-24
1280.0,0,0,2026-10-17,2026-09-24
1290.0,0,0,2026-10-17,2026-09-24
1300.0,0,0,2026-10-17,2026-09-24
1310.0,0,0,2026-10-17,2026-09-24
1320.0,0,0,2026-10-17,2026-09-24
1330.0,0,0,2026-10-17,2026-09-24
1340.0,0,0,2026-10-17,2026-09-24
1350.0,0,0,2026-10-17,2026-09-24
1360.0,0,0,2026-10-17,2026-09-24
1370.0,0,0,2026-10-17,2026-09-24
1380.0,0,0,2026-10-17,2026-09-24
1390.0,0,0,2026-10-17,2026-09-24
1400.0,1,0,2026-10-17,2026-09-24
1410.0,0,0,2026-10-17,2026-09-24
1420.0,0,0,2026-10-17,2026-09-24
1430.0,0,0,2026-10-17,2026-09-24
1440.0,0,0,2026-10-17,2026-09-24
1450.0,0,0,2026-10-17,2026-09-24
1460.0,0,0,2026-10-17,2026-09-24
1470.0,0,0,2026-10-17,2026-09-24
1480.0,0,0,2026-10-17,2026-09-24
1490.0,27,0,2026-10-17,2026-09-24
100.0,0,4,2026-10-24,2026-09-24
110.0,0,0,2026-10-24,2026-09-24
120.0,0,0,2026-10-24,2026-09-24
130.0,0,0,2026-10-24,2026-09-24
140.0,0,0,2026-10-24,2026-09-24
150.0,0,0,2026-10-24,2026-09-24
160.0,0,0,2026-10-24,2026-09-24
170.0,0,0,2026-10-24,2026-09-24
180.0,0,17,2026-10-24,2026-09-24
190.0,0,0,2026-10-24,2026-09-24
200.0,0,0,2026-10-24,2026-09-24
210.0,0,0,2026-10-24,2026-09-24
220.0,0,0,2026-10-24,2026-09-24
230.0,0,0,2026-10-24,2026-09-24
240.0,0,0,2026-10-24,2026-09-24
250.0,0,0,2026-10-24,2026-09-24
260.0,0,0,2026-10-24,2026-09-24
270.0,0,0,2026-10-24,2026-09-24
280.0,0,0,2026-10-24,2026-09-24
290.0,0,0,2026-10-24,2026-09-24
300.0,0,0,2026-10-24,2026-09-24
310.0,0,0,2026-10-24,2026-09-24
320.0,0,0,2026-10-24,2026-09-24
330.0,0,3,2026-10-24,2026-09-24
340.0,0,0,2026-10-24,2026-09-24
350.0,0,0,2026-10-24,2026-09-24
360.0,0,2,2026-10-24,2026-09-24
370.0,0,2,2026-10-24,2026-09-24
380.0,0,0,2026-10-24,2026-09-24
390.0,0,0,2026-10-24,2026-09-24
400.0,2,3,2026-10-24,2026-09-24
405.0,0,2,2026-10-24,2026-09-24
410.0,0,4,2026-10-24,2026-09-24
415.0,0,4,2026-10-24,2026-09-24
420.0,0,5,2026-10-24,2026-09-24
425.0,1,3,2026-10-24,2026-09-24
430.0,0,5,2026-10-24,2026-09-24
435.0,0,16,2026-10-24,2026-09-24
440.0,0,25,2026-10-24,2026-09-24
445.0,0,42,2026-10-24,2026-09-24
450.0,0,20,2026-10-24,2026-09-24
455.0,0,8,2026-10-24,2026-09-24
460.0,0,32,2026-10-24,2026-09-24
465.0,0,13,2026-10-24,2026-09-24
470.0,0,15,2026-10-24,2026-09-24
475.0,0,6,2026-10-24,2026-09-24
480.0,0,30,2026-10-24,2026-09-24
485.0,0,5,2026-10-24,2026-09-24
490.0,0,10,2026-10-24,2026-09-24
495.0,0,14,2026-10-24,2026-09-24
500.0,2,164,2026-10-24,2026-09-24
505.0,0,15,2026-10-24,2026-09-24
510.0,0,24,2026-10-24,2026-09-24
515.0,0,15,2026-10-24,2026-09-24
520.0,0,74,2026-10-24,2026-09-24
525.0,2,51,2026-10-24,2026-09-24
530.0,0,149,2026-10-24,2026-09-24
535.0,2,88,2026-10-24,2026-09-24
540.0,1,218,2026-10-24,2026-09-24
545.0,3,184,2026-10-24,2026-09-24
550.0,21,347,2026-10-24,2026-09-24
555.0,6,101,2026-10-24,2026-09-24
560.0,5,212,2026-10-24,2026-09-24
565.0,35,111,2026-10-24,2026-09-24
570.0,8,111,2026-10-24,2026-09-24
575.0,12,156,2026-10-24,2026-09-24
580.0,20,156,2026-10-24,2026-09-24
585.0,12,89,2026-10-24,2026-09-24
590.0,10,133,2026-10-24,2026-09-24
595.0,5,320,2026-10-24,2026-09-24
600.0,0,133,2026-10-24,2026-09-24
600.0,106,518,2026-10-24,2026-09-24
605.0,8,171,2026-10-24,2026-09-24
610.0,32,278,2026-10-24,2026-09-24
615.0,24,415,2026-10-24,2026-09-24
620.0,75,457,2026-10-24,2026-09-24
625.0,71,109,2026-10-24,2026-09-24
630.0,467,224,2026-10-24,2026-09-24
635.0,94,208,2026-10-24,2026-09-24
640.0,225,260,2026-10-24,2026-09-24
645.0,151,163,2026-10-24,2026-09-24
650.0,193,393,2026-10-24,2026-09-24
655.0,148,240,2026-10-24,2026-09-24
660.0,452,292,2026-10-24,2026-09-24
665.0,150,230,2026-10-24,2026-09-24
670.0,300,300,2026-10-24,2026-09-24
670.0,279,251,2026-10-24,2026-09-24
675.0,174,268,2026-10-24,2026-09-24
680.0,485,297,2026-10-24,2026-09-24
685.0,98,155,2026-10-24,2026-09-24
690.0,218,168,2026-10-24,2026-09-24
695.0,110,95,2026-10-24,2026-09-24
700.0,1209,1951,2026-10-24,2026-09-24
705.0,124,140,2026-10-24,2026-09-24
710.0,299,120,2026-10-24,2026-09-24
715.0,131,75,2026-10-24,2026-09-24
720.0,357,146,2026-10-24,2026-09-24
725.0,361,359,2026-10-24,2026-09-24
730.0,187,111,2026-10-24,2026-09-24
735.0,226,75,2026-10-24,2026-09-24
740.0,133,0,2026-10-24,2026-09-24
740.0,435,134,2026-10-24,2026-09-24
745.0,167,348,2026-10-24,2026-09-24
750.0,5343,5343,2026-10-24,2026-09-24
750.0,492,283,2026-10-24,2026-09-24
755.0,211,26,2026-10-24,2026-09-24
760.0,983,80,2026-10-24,2026-09-24
765.0,299,10,2026-10-24,2026-09-24
770.0,359,1,2026-10-24,2026-09-24
775.0,450,4,2026-10-24,2026-09-24
780.0,435,1,2026-10-24,2026-09-24
785.0,732,9,2026-10-24,2026-09-24
790.0,199,13,2026-10-24,2026-09-24
795.0,84,0,2026-10-24,2026-09-24
800.0,761,55,2026-10-24,2026-09-24
805.0,77,1,2026-10-24,2026-09-24
810.0,301,1,2026-10-24,2026-09-24
815.0,63,3,2026-10-24,2026-09-24
820.0,288,0,2026-10-24,2026-09-24
825.0,137,0,2026-10-24,2026-09-24
830.0,158,0,2026-10-24,2026-09-24
835.0,102,1,2026-10-24,2026-09-24
840.0,137,0,2026-10-24,2026-09-24
845.0,22,3,2026-10-24,2026-09-24
850.0,406,2,2026-10-24,2026-09-24
855.0,43,0,2026-10-24,2026-09-24
860.0,171,0,2026-10-24,2026-09-24
865.0,166,0,2026-10-24,2026-09-24
870.0,146,0,2026-10-24,2026-09-24
875.0,389,0,2026-10-24,2026-09-24
880.0,91,0,2026-10-24,2026-09-24
885.0,26,0,2026-10-24,2026-09-24
890.0,204,0,2026-10-24,2026-09-24
895.0,49,0,2026-10-24,2026-09-24
900.0,214,1,2026-10-24,2026-09-24
905.0,4,0,2026-10-24,2026-09-24
910.0,123,0,2026-10-24,2026-09-24
915.0,25,0,2026-10-24,2026-09-24
920.0,61,0,2026-10-24,2026-09-24
925.0,27,0,2026-10-24,2026-09-24
930.0,18,0,2026-10-24,2026-09-24
935.0,11,0,2026-10-24,2026-09-24
940.0,3,0,2026-10-24,2026-09-24
945.0,28,0,2026-10-24,2026-09-24
950.0,74,0,2026-10-24,2026-09-24
955.0,22,0,2026-10-24,2026-09-24
960.0,13,0,2026-10-24,2026-09-24
965.0,36,0,2026-10-24,2026-09-24
970.0,19,0,2026-10-24,2026-09-24
975.0,8,0,2026-10-24,2026-09-24
980.0,12,0,2026-10-24,2026-09-24
985.0,13,0,2026-10-24,2026-09-24
990.0,12,0,2026-10-24,2026-09-24
995.0,6,0,2026-10-24,2026-09-24
1000.0,101,0,2026-10-24,2026-09-24
1010.0,8,0,2026-10-24,2026-09-24
1020.0,26,0,2026-10-24,2026-09-24
1030.0,18,0,2026-10-24,2026-09-24
1040.0,8,0,2026-10-24,2026-09-24
1050.0,61,0,2026-10-24,2026-09-24
1060.0,8,1,2026-10-24,2026-09-24
1070.0,30,0,2026-10-24,2026-09-24
1080.0,0,0,2026-10-24,2026-09-24
1090.0,27,0,2026-10-24,2026-09-24
1100.0,0,0,2026-10-24,2026-09-24
1110.0,0,0,2026-10-24,2026-09-24
1120.0,0,0,2026-10-24,2026-09-24
1130.0,0,0,2026-10-24,2026-09-24
1140.0,0,0,2026-10-24,2026-09-24
1150.0,0,0,2026-10-24,2026-09-24
1160.0,0,0,2026-10-24,2026-09-24
1170.0,0,0,2026-10-24,2026-09-24
1180.0,0,0,2026-10-24,2026-09-24
1190.0,10,0,2026-10-24,2026-09-24
1200.0,0,0,2026-10-24,2026-09-24
1210.0,0,0,2026-10-24,2026-09-24
1220.0,0,0,2026-10-24,2026-09-24
1230.0,0,0,2026-10-24,2026-09-24
1240.0,0,0,2026-10-24,2026-09-24
1250.0,0,0,2026-10-24,2026-09-24
1260.0,0,0,2026-10-24,2026-09-24
1270.0,0,0,2026-10-24,2026-09-24
1280.0,0,0,2026-10-24,2026-09-24
1290.0,0,0,2026-10-24,2026-09-24
1300.0,0,0,2026-10-24,2026-09-24
1310.0,0,0,2026-10-24,2026-09-24
1320.0,0,0,2026-10-24,2026-09-24
1330.0,0,0,2026-10-24,2026-09-24
1340.0,0,0,2026-10-24,2026-09-24
1350.0,0,0,2026-10-24,2026-09-24
1360.0,0,0,2026-10-24,2026-09-24
1370.0,0,0,2026-10-24,2026-09-24
1380.0,0,0,2026-10-24,2026-09-24
1390.0,0,0,2026-10-24,2026-09-24
1400.0,0,0,2026-10-24,2026-09-24
1410.0,0,0,2026-10-24,2026-09-24
1420.0,0,0,2026-10-24,2026-09-24
1430.0,0,0,2026-10-24,2026-09-24
1440.0,0,0,2026-10-24,2026-09-24
1450.0,0,0,2026-10-24,2026-09-24
1460.0,0,0,2026-10-24,2026-09-24
1470.0,0,0,2026-10-24,2026-09-24
1480.0,0,0,2026-10-24,2026-09-24
1490.0,0,0,2026-10-24,2026-09-24
5991.75,10,10,2026-10-24,2026-09-24
556.03,1680,1680,2026-10-28,2026-09-24
600.0,4600,4600,2026-10-29,2026-09-24
100.0,1,0,2026-10-31,2026-09-24
110.0,0,0,2026-10-31,2026-09-24
120.0,0,0,2026-10-31,2026-09-24
130.0,0,0,2026-10-31,2026-09-24
140.0,0,0,2026-10-31,2026-09-24
150.0,0,0,2026-10-31,2026-09-24
160.0,0,0,2026-10-31,2026-09-24
170.0,0,0,2026-10-31,2026-09-24
180.0,0,0,2026-10-31,2026-09-24
190.0,0,0,2026-10-31,2026-09-24
200.0,0,0,2026-10-31,2026-09-24
210.0,0,0,2026-10-31,2026-09-24
220.0,0,0,2026-10-31,2026-09-24
230.0,0,0,2026-10-31,2026-09-24
240.0,0,0,2026-10-31,2026-09-24
250.0,0,0,2026-10-31,2026-09-24
260.0,0,0,2026-10-31,2026-09-24
270.0,0,0,2026-10-31,2026-09-24
280.0,0,0,2026-10-31,2026-09-24
290.0,0,0,2026-10-31,2026-09-24
300.0,0,126,2026-10-31,2026-09-24
310.0,5,0,2026-10-31,2026-09-24
320.0,0,0,2026-10-31,2026-09-24
330.0,0,0,2026-10-31,2026-09-24
340.0,0,0,2026-10-31,2026-09-24
350.0,0,6,2026-10-31,2026-09-24
360.0,0,2,2026-10-31,2026-09-24
370.0,0,5,2026-10-31,2026-09-24
380.0,0,14,2026-10-31,2026-09-24
390.0,0,5,2026-10-31,2026-09-24
400.0,0,37,2026-10-31,2026-09-24
410.0,0,1,2026-10-31,2026-09-24
420.0,0,25,2026-10-31,2026-09-24
430.0,0,0,2026-10-31,2026-09-24
440.0,0,8,2026-10-31,2026-09-24
450.0,0,14,2026-10-31,2026-09-24
455.0,0,2,2026-10-31,2026-09-24
460.0,1,19,2026-10-31,2026-09-24
465.0,0,0,2026-10-31,2026-09-24
470.0,0,238,2026-10-31,2026-09-24
475.0,0,4,2026-10-31,2026-09-24
480.0,1,17,2026-10-31,2026-09-24
485.0,0,4,2026-10-31,2026-09-24
490.0,0,14,2026-10-31,2026-09-24
495.0,0,22,2026-10-31,2026-09-24
500.0,22,161,2026-10-31,2026-09-24
505.0,0,21,2026-10-31,2026-09-24
510.0,12,18,2026-10-31,2026-09-24
515.0,0,46,2026-10-31,2026-09-24
520.0,2000,2000,2026-10-31,2026-09-24
520.0,11,143,2026-10-31,2026-09-24
525.0,0,356,2026-10-31,2026-09-24
530.0,1,30,2026-10-31,2026-09-24
535.0,0,366,2026-10-31,2026-09-24
540.0,1,113,2026-10-31,2026-09-24
545.0,1,63,2026-10-31,2026-09-24
550.0,23,265,2026-10-31,2026-09-24
555.0,1,33,2026-10-31,2026-09-24
560.0,8,71,2026-10-31,2026-09-24
565.0,1,61,2026-10-31,2026-09-24
570.0,4,112,2026-10-31,2026-09-24
575.0,4,65,2026-10-31,2026-09-24
580.0,7,226,2026-10-31,2026-09-24
585.0,10,112,2026-10-31,2026-09-24
590.0,12,250,2026-10-31,2026-09-24
595.0,10,127,2026-10-31,2026-09-24
600.0,20,566,2026-10-31,2026-09-24
605.0,10,124,2026-10-31,2026-09-24
610.0,23,215,2026-10-31,2026-09-24
615.0,11,99,2026-10-31,2026-09-24
620.0,99,346,2026-10-31,2026-09-24
625.0,25,267,2026-10-31,2026-09-24
630.0,39,272,2026-10-31,2026-09-24
635.0,65,109,2026-10-31,2026-09-24
640.0,108,129,2026-10-31,2026-09-24
645.0,39,103,2026-10-31,2026-09-24
650.0,718,502,2026-10-31,2026-09-24
655.0,56,131,2026-10-31,2026-09-24
660.0,225,382,2026-10-31,2026-09-24
665.0,55,108,2026-10-31,2026-09-24
670.0,251,195,2026-10-31,2026-09-24
675.0,152,140,2026-10-31,2026-09-24
680.0,305,6278,2026-10-31,2026-09-24
685.0,205,43,2026-10-31,2026-09-24
690.0,211,86,2026-10-31,2026-09-24
695.0,58,147,2026-10-31,2026-09-24
700.0,451,387,2026-10-31,2026-09-24
705.0,75,121,2026-10-31,2026-09-24
710.0,185,116,2026-10-31,2026-09-24
715.0,75,110,2026-10-31,2026-09-24
720.0,263,128,2026-10-31,2026-09-24
725.0,85,42,2026-10-31,2026-09-24
730.0,350,94,2026-10-31,2026-09-24
735.0,90,93,2026-10-31,2026-09-24
740.0,314,93,2026-10-31,2026-09-24
745.0,88,110,2026-10-31,2026-09-24
750.0,738,136,2026-10-31,2026-09-24
755.0,116,28,2026-10-31,2026-09-24
760.0,451,52,2026-10-31,2026-09-24
765.0,83,22,2026-10-31,2026-09-24
770.0,276,16,2026-10-31,2026-09-24
775.0,144,1,2026-10-31,2026-09-24
780.0,149,16,2026-10-31,2026-09-24
785.0,234,1,2026-10-31,2026-09-24
790.0,228,1,2026-10-31,2026-09-24
795.0,247,0,2026-10-31,2026-09-24
800.0,684,355,2026-10-31,2026-09-24
805.0,272,0,2026-10-31,2026-09-24
810.0,201,0,2026-10-31,2026-09-24
815.0,152,0,2026-10-31,2026-09-24
820.0,133,0,2026-10-31,2026-09-24
825.0,61,0,2026-10-31,2026-09-24
830.0,112,1,2026-10-31,2026-09-24
835.0,50,1,2026-10-31,2026-09-24
840.0,189,2,2026-10-31,2026-09-24
845.0,151,0,2026-10-31,2026-09-24
850.0,502,0,2026-10-31,2026-09-24
860.0,117,1,2026-10-31,2026-09-24
870.0,74,0,2026-10-31,2026-09-24
880.0,234,1,2026-10-31,2026-09-24
890.0,71,0,2026-10-31,2026-09-24
900.0,859,24,2026-10-31,2026-09-24
910.0,101,0,2026-10-31,2026-09-24
920.0,34,0,2026-10-31,2026-09-24
930.0,40,0,2026-10-31,2026-09-24
940.0,107,0,2026-10-31,2026-09-24
950.0,55,0,2026-10-31,2026-09-24
960.0,100,0,2026-10-31,2026-09-24
970.0,622,0,2026-10-31,2026-09-24
980.0,103,0,2026-10-31,2026-09-24
990.0,10,0,2026-10-31,2026-09-24
1000.0,170,0,2026-10-31,2026-09-24
1010.0,12,0,2026-10-31,2026-09-24
1020.0,3,0,2026-10-31,2026-09-24
1030.0,3,0,2026-10-31,2026-09-24
1040.0,18,0,2026-10-31,2026-09-24
1050.0,13,0,2026-10-31,2026-09-24
1060.0,4,0,2026-10-31,2026-09-24
1070.0,10,1,2026-10-31,2026-09-24
1080.0,3,0,2026-10-31,2026-09-24
1090.0,2,0,2026-10-31,2026-09-24
1100.0,10,0,2026-10-31,2026-09-24
1110.0,2,0,2026-10-31,2026-09-24
1120.0,3,0,2026-10-31,2026-09-24
1130.0,2,0,2026-10-31,2026-09-24
1140.0,0,0,2026-10-31,2026-09-24
1150.0,1,0,2026-10-31,2026-09-24
1160.0,1,0,2026-10-31,2026-09-24
1170.0,0,0,2026-10-31,2026-09-24
1180.0,0,0,2026-10-31,2026-09-24
1190.0,0,0,2026-10-31,2026-09-24
1200.0,9,0,2026-10-31,2026-09-24
1210.0,0,0,2026-10-31,2026-09-24
1220.0,0,0,2026-10-31,2026-09-24
1230.0,0,0,2026-10-31,2026-09-24
1240.0,4,0,2026-10-31,2026-09-24
1250.0,1,0,2026-10-31,2026-09-24
1260.0,0,0,2026-10-31,2026-09-24
1270.0,1,0,2026-10-31,2026-09-24
1280.0,0,0,2026-10-31,2026-09-24
1290.0,0,0,2026-10-31,2026-09-24
1300.0,0,0,2026-10-31,2026-09-24
1310.0,0,0,2026-10-31,2026-09-24
1320.0,0,0,2026-10-31,2026-09-24
1330.0,0,0,2026-10-31,2026-09-24
1340.0,0,0,2026-10-31,2026-09-24
1350.0,0,0,2026-10-31,2026-09-24
1360.0,0,0,2026-10-31,2026-09-24
1370.0,0,0,2026-10-31,2026-09-24
1380.0,0,0,2026-10-31,2026-09-24
1390.0,0,0,2026-10-31,2026-09-24
1400.0,0,0,2026-10-31,2026-09-24
1410.0,0,0,2026-10-31,2026-09-24
1420.0,0,0,2026-10-31,2026-09-24
1430.0,0,0,2026-10-31,2026-09-24
1440.0,0,0,2026-10-31,2026-09-24
1450.0,0,0,2026-10-31,2026-09-24
1460.0,0,0,2026-10-31,2026-09-24
1470.0,0,0,2026-10-31,2026-09-24
1480.0,0,0,2026-10-31,2026-09-24
1490.0,1,0,2026-10-31,2026-09-24
715.0,124,0,2026-11-06,2026-09-24
730.0,62,0,2026-11-06,2026-09-24
760.0,166,0,2026-11-06,2026-09-24
813.0,25,0,2026-11-06,2026-09-24
665.0,1100,1100,2026-11-07,2026-09-24
670.0,350,350,2026-11-07,2026-09-24
745.0,552,0,2026-11-07,2026-09-24
750.0,11,0,2026-11-07,2026-09-24
805.0,96,0,2026-11-12,2026-09-24
610.0,0,0,2026-11-14,2026-09-24
5.0,0,3803,2026-11-21,2026-09-24
10.0,0,201,2026-11-21,2026-09-24
15.0,0,0,2026-11-21,2026-09-24
20.0,0,20,2026-11-21,2026-09-24
25.0,0,0,2026-11-21,2026-09-24
30.0,0,10,2026-11-21,2026-09-24
35.0,7,0,2026-11-21,2026-09-24
40.0,2,33,2026-11-21,2026-09-24
45.0,15,0,2026-11-21,2026-09-24
50.0,10,43,2026-11-21,2026-09-24
250.0,85,2450,2026-11-21,2026-09-24
260.0,4,198,2026-11-21,2026-09-24
270.0,1,112,2026-11-21,2026-09-24
280.0,1,46,2026-11-21,2026-09-24
290.0,2,180,2026-11-21,2026-09-24
300.0,17,501,2026-11-21,2026-09-24
310.0,3,127,2026-11-21,2026-09-24
320.0,4,41,2026-11-21,2026-09-24
330.0,18,65,2026-11-21,2026-09-24
340.0,6,253,2026-11-21,2026-09-24
350.0,17,416,2026-11-21,2026-09-24
360.0,15,278,2026-11-21,2026-09-24
370.0,3,215,2026-11-21,2026-09-24
380.0,16,148,2026-11-21,2026-09-24
390.0,38,254,2026-11-21,2026-09-24
400.0,50,846,2026-11-21,2026-09-24
405.0,40,184,2026-11-21,2026-09-24
410.0,10,161,2026-11-21,2026-09-24
415.0,17,169,2026-11-21,2026-09-24
420.0,6,1007,2026-11-21,2026-09-24
425.0,41,637,2026-11-21,2026-09-24
430.0,8,241,2026-11-21,2026-09-24
435.0,6,753,2026-11-21,2026-09-24
440.0,34,607,2026-11-21,2026-09-24
445.0,33,359,2026-11-21,2026-09-24
450.0,756,1588,2026-11-21,2026-09-24
455.0,31,384,2026-11-21,2026-09-24
460.0,107,597,2026-11-21,2026-09-24
465.0,49,401,2026-11-21,2026-09-24
470.0,54,1476,2026-11-21,2026-09-24
475.0,38,666,2026-11-21,2026-09-24
480.0,65,2533,2026-11-21,2026-09-24
485.0,36,467,2026-11-21,2026-09-24
490.0,16,852,2026-11-21,2026-09-24
495.0,53,740,2026-11-21,2026-09-24
500.0,355,3575,2026-11-21,2026-09-24
505.0,69,711,2026-11-21,2026-09-24
510.0,679,1262,2026-11-21,2026-09-24
515.0,84,1281,2026-11-21,2026-09-24
520.0,6375,6375,2026-11-21,2026-09-24
520.0,267,1085,2026-11-21,2026-09-24
525.0,44,821,2026-11-21,2026-09-24
530.0,982,2360,2026-11-21,2026-09-24
535.0,193,1218,2026-11-21,2026-09-24
540.0,803,2286,2026-11-21,2026-09-24
545.0,250,841,2026-11-21,2026-09-24
550.0,1430,3047,2026-11-21,2026-09-24
555.0,951,1397,2026-11-21,2026-09-24
560.0,1456,2037,2026-11-21,2026-09-24
565.0,658,974,2026-11-21,2026-09-24
570.0,1039,1561,2026-11-21,2026-09-24
575.0,771,888,2026-11-21,2026-09-24
580.0,778,1952,2026-11-21,2026-09-24
585.0,6538,7436,2026-11-21,2026-09-24
590.0,3239,2931,2026-11-21,2026-09-24
595.0,810,771,2026-11-21,2026-09-24
600.0,450,468,2026-11-21,2026-09-24
600.0,4813,4279,2026-11-21,2026-09-24
605.0,1213,635,2026-11-21,2026-09-24
610.0,1614,990,2026-11-21,2026-09-24
615.0,1035,762,2026-11-21,2026-09-24
620.0,767,1137,2026-11-21,2026-09-24
625.0,889,1251,2026-11-21,2026-09-24
630.0,1186,2008,2026-11-21,2026-09-24
635.0,2365,396,2026-11-21,2026-09-24
640.0,6,0,2026-11-21,2026-09-24
640.0,1466,1350,2026-11-21,2026-09-24
645.0,650,650,2026-11-21,2026-09-24
645.0,498,773,2026-11-21,2026-09-24
650.0,4974,2771,2026-11-21,2026-09-24
655.0,477,355,2026-11-21,2026-09-24
660.0,1950,1950,2026-11-21,2026-09-24
660.0,2993,731,2026-11-21,2026-09-24
665.0,436,255,2026-11-21,2026-09-24
670.0,2067,475,2026-11-21,2026-09-24
675.0,928,397,2026-11-21,2026-09-24
680.0,70,70,2026-11-21,2026-09-24
680.0,1098,1116,2026-11-21,2026-09-24
685.0,894,269,2026-11-21,2026-09-24
690.0,910,402,2026-11-21,2026-09-24
695.0,659,255,2026-11-21,2026-09-24
700.0,14,0,2026-11-21,2026-09-24
700.0,17565,888,2026-11-21,2026-09-24
705.0,715,616,2026-11-21,2026-09-24
710.0,3000,3000,2026-11-21,2026-09-24
710.0,1138,193,2026-11-21,2026-09-24
715.0,772,108,2026-11-21,2026-09-24
720.0,1564,678,2026-11-21,2026-09-24
725.0,1457,227,2026-11-21,2026-09-24
730.0,903,223,2026-11-21,2026-09-24
735.0,834,1042,2026-11-21,2026-09-24
740.0,7,0,2026-11-21,2026-09-24
740.0,1831,466,2026-11-21,2026-09-24
745.0,739,606,2026-11-21,2026-09-24
750.0,7203,256,2026-11-21,2026-09-24
755.0,397,397,2026-11-21,2026-09-24
755.0,4249,142,2026-11-21,2026-09-24
760.0,4747,219,2026-11-21,2026-09-24
765.0,4157,69,2026-11-21,2026-09-24
770.0,5165,57,2026-11-21,2026-09-24
775.0,4640,26,2026-11-21,2026-09-24
780.0,6814,186,2026-11-21,2026-09-24
785.0,299,52,2026-11-21,2026-09-24
790.0,1006,87,2026-11-21,2026-09-24
795.0,922,19,2026-11-21,2026-09-24
800.0,2,0,2026-11-21,2026-09-24
800.0,22732,193,2026-11-21,2026-09-24
805.0,4191,23,2026-11-21,2026-09-24
810.0,6730,1,2026-11-21,2026-09-24
815.0,4161,11,2026-11-21,2026-09-24
820.0,4824,1,2026-11-21,2026-09-24
825.0,4836,0,2026-11-21,2026-09-24
830.0,5238,0,2026-11-21,2026-09-24
835.0,229,1,2026-11-21,2026-09-24
840.0,971,0,2026-11-21,2026-09-24
845.0,377,0,2026-11-21,2026-09-24
850.0,18,0,2026-11-21,2026-09-24
850.0,2198,16,2026-11-21,2026-09-24
855.0,262,0,2026-11-21,2026-09-24
860.0,881,1,2026-11-21,2026-09-24
865.0,214,33,2026-11-21,2026-09-24
870.0,951,21,2026-11-21,2026-09-24
875.0,908,0,2026-11-21,2026-09-24
880.0,329,10,2026-11-21,2026-09-24
885.0,163,0,2026-11-21,2026-09-24
890.0,156,0,2026-11-21,2026-09-24
895.0,65,0,2026-11-21,2026-09-24
900.0,10170,84,2026-11-21,2026-09-24
905.0,185,0,2026-11-21,2026-09-24
910.0,289,0,2026-11-21,2026-09-24
915.0,55,0,2026-11-21,2026-09-24
920.0,260,0,2026-11-21,2026-09-24
925.0,877,0,2026-11-21,2026-09-24
930.0,131,1,2026-11-21,2026-09-24
935.0,133,0,2026-11-21,2026-09-24
940.0,178,27,2026-11-21,2026-09-24
945.0,102,0,2026-11-21,2026-09-24
950.0,2488,1,2026-11-21,2026-09-24
955.0,61,0,2026-11-21,2026-09-24
960.0,192,0,2026-11-21,2026-09-24
965.0,137,0,2026-11-21,2026-09-24
970.0,64,0,2026-11-21,2026-09-24
975.0,53,0,2026-11-21,2026-09-24
980.0,131,0,2026-11-21,2026-09-24
985.0,68,0,2026-11-21,2026-09-24
990.0,217,0,2026-11-21,2026-09-24
995.0,42,0,2026-11-21,2026-09-24
1000.0,1419,10,2026-11-21,2026-09-24
1010.0,166,0,2026-11-21,2026-09-24
1020.0,150,0,2026-11-21,2026-09-24
1030.0,169,0,2026-11-21,2026-09-24
1040.0,64,0,2026-11-21,2026-09-24
1050.0,238,6,2026-11-21,2026-09-24
1060.0,247,0,2026-11-21,2026-09-24
1070.0,110,0,2026-11-21,2026-09-24
1080.0,239,0,2026-11-21,2026-09-24
1090.0,502,0,2026-11-21,2026-09-24
1100.0,1468,0,2026-11-21,2026-09-24
1110.0,120,0,2026-11-21,2026-09-24
1120.0,101,0,2026-11-21,2026-09-24
1130.0,68,0,2026-11-21,2026-09-24
1140.0,130,0,2026-11-21,2026-09-24
1150.0,262,0,2026-11-21,2026-09-24
1160.0,120,0,2026-11-21,2026-09-24
1170.0,113,0,2026-11-21,2026-09-24
1180.0,35,0,2026-11-21,2026-09-24
1190.0,60,0,2026-11-21,2026-09-24
1200.0,1266,0,2026-11-21,2026-09-24
1210.0,135,0,2026-11-21,2026-09-24
1220.0,39,0,2026-11-21,2026-09-24
1230.0,39,0,2026-11-21,2026-09-24
1240.0,59,0,2026-11-21,2026-09-24
1250.0,365,0,2026-11-21,2026-09-24
1260.0,91,0,2026-11-21,2026-09-24
1270.0,69,0,2026-11-21,2026-09-24
1280.0,37,0,2026-11-21,2026-09-24
1290.0,67,0,2026-11-21,2026-09-24
1300.0,185,0,2026-11-21,2026-09-24
1310.0,6,0,2026-11-21,2026-09-24
1320.0,12,0,2026-11-21,2026-09-24
1330.0,22,0,2026-11-21,2026-09-24
1340.0,17,0,2026-11-21,2026-09-24
1350.0,39,0,2026-11-21,2026-09-24
1360.0,35,0,2026-11-21,2026-09-24
1370.0,89,0,2026-11-21,2026-09-24
1380.0,11,0,2026-11-21,2026-09-24
1390.0,18,0,2026-11-21,2026-09-24
1400.0,69,0,2026-11-21,2026-09-24
1410.0,39,0,2026-11-21,2026-09-24
1420.0,70,0,2026-11-21,2026-09-24
1430.0,53,0,2026-11-21,2026-09-24
1440.0,151,0,2026-11-21,2026-09-24
1450.0,245,0,2026-11-21,2026-09-24
1460.0,94,0,2026-11-21,2026-09-24
1470.0,309,0,2026-11-21,2026-09-24
1480.0,6250,0,2026-11-21,2026-09-24
1490.0,1,0,2026-11-21,2026-09-24
750.0,1000,1000,2026-11-28,2026-09-24
696.74,1100,1100,2026-12-01,2026-09-24
696.74,1100,1100,2026-12-02,2026-09-24
696.74,1100,1100,2026-12-03,2026-09-24
845.0,110,0,2026-12-03,2026-09-24
670.0,1000,1000,2026-12-05,2026-09-24
770.0,4,0,2026-12-05,2026-09-24
5.0,0,474,2026-12-19,2026-09-24
10.0,0,118,2026-12-19,2026-09-24
15.0,0,25,2026-12-19,2026-09-24
20.0,2,325,2026-12-19,2026-09-24
25.0,0,10,2026-12-19,2026-09-24
30.0,1,63,2026-12-19,2026-09-24
35.0,0,14,2026-12-19,2026-09-24
40.0,0,17,2026-12-19,2026-09-24
45.0,1,2,2026-12-19,2026-09-24
50.0,6,427,2026-12-19,2026-09-24
55.0,1,41,2026-12-19,2026-09-24
60.0,0,22,2026-12-19,2026-09-24
65.0,0,34,2026-12-19,2026-09-24
70.0,1,28,2026-12-19,2026-09-24
75.0,2,16,2026-12-19,2026-09-24
80.0,2,45,2026-12-19,2026-09-24
85.0,0,246,2026-12-19,2026-09-24
90.0,1,345,2026-12-19,2026-09-24
95.0,2,203,2026-12-19,2026-09-24
100.0,111,446,2026-12-19,2026-09-24
110.0,26,139,2026-12-19,2026-09-24
120.0,30,204,2026-12-19,2026-09-24
130.0,17,321,2026-12-19,2026-09-24
140.0,114,263,2026-12-19,2026-09-24
150.0,126,357,2026-12-19,2026-09-24
160.0,62,417,2026-12-19,2026-09-24
170.0,83,590,2026-12-19,2026-09-24
180.0,187,282,2026-12-19,2026-09-24
190.0,225,220,2026-12-19,2026-09-24
200.0,337,1033,2026-12-19,2026-09-24
210.0,264,460,2026-12-19,2026-09-24
220.0,288,781,2026-12-19,2026-09-24
230.0,157,134,2026-12-19,2026-09-24
240.0,43,295,2026-12-19,2026-09-24
250.0,298,689,2026-12-19,2026-09-24
260.0,824,644,2026-12-19,2026-09-24
270.0,48,308,2026-12-19,2026-09-24
280.0,79,379,2026-12-19,2026-09-24
290.0,66,362,2026-12-19,2026-09-24
300.0,195,1573,2026-12-19,2026-09-24
310.0,94,373,2026-12-19,2026-09-24
320.0,140,577,2026-12-19,2026-09-24
330.0,64,183,2026-12-19,2026-09-24
340.0,122,291,2026-12-19,2026-09-24
350.0,250,1779,2026-12-19,2026-09-24
360.0,139,2589,2026-12-19,2026-09-24
370.0,152,339,2026-12-19,2026-09-24
380.0,57,874,2026-12-19,2026-09-24
390.0,493,480,2026-12-19,2026-09-24
400.0,1594,1792,2026-12-19,2026-09-24
410.0,2614,705,2026-12-19,2026-09-24
413.5,6,0,2026-12-19,2026-09-24
420.0,892,1843,2026-12-19,2026-09-24
430.0,98,541,2026-12-19,2026-09-24
440.0,174,853,2026-12-19,2026-09-24
450.0,903,4708,2026-12-19,2026-09-24
460.0,173,1809,2026-12-19,2026-09-24
470.0,2152,1483,2026-12-19,2026-09-24
480.0,213,1961,2026-12-19,2026-09-24
490.0,0,50,2026-12-19,2026-09-24
490.0,832,1997,2026-12-19,2026-09-24
500.0,1829,7020,2026-12-19,2026-09-24
505.0,0,0,2026-12-19,2026-09-24
510.0,164,3366,2026-12-19,2026-09-24
515.0,0,2,2026-12-19,2026-09-24
520.0,803,1831,2026-12-19,2026-09-24
525.0,0,20,2026-12-19,2026-09-24
530.0,845,3046,2026-12-19,2026-09-24
535.0,0,2,2026-12-19,2026-09-24
540.0,582,1760,2026-12-19,2026-09-24
545.0,0,1,2026-12-19,2026-09-24
550.0,1313,5619,2026-12-19,2026-09-24
555.0,0,14,2026-12-19,2026-09-24
560.0,899,1937,2026-12-19,2026-09-24
565.0,753,641,2026-12-19,2026-09-24
570.0,1232,2838,2026-12-19,2026-09-24
575.0,756,888,2026-12-19,2026-09-24
580.0,1081,1981,2026-12-19,2026-09-24
585.0,348,586,2026-12-19,2026-09-24
590.0,654,2011,2026-12-19,2026-09-24
595.0,398,1064,2026-12-19,2026-09-24
600.0,3510,4293,2026-12-19,2026-09-24
605.0,505,307,2026-12-19,2026-09-24
610.0,986,1175,2026-12-19,2026-09-24
615.0,420,775,2026-12-19,2026-09-24
620.0,0,50,2026-12-19,2026-09-24
620.0,1461,1657,2026-12-19,2026-09-24
625.0,412,390,2026-12-19,2026-09-24
630.0,1242,1640,2026-12-19,2026-09-24
635.0,211,337,2026-12-19,2026-09-24
640.0,1711,1213,2026-12-19,2026-09-24
645.0,567,258,2026-12-19,2026-09-24
650.0,5163,2305,2026-12-19,2026-09-24
655.0,601,239,2026-12-19,2026-09-24
660.0,2307,4985,2026-12-19,2026-09-24
665.0,691,354,2026-12-19,2026-09-24
670.0,1308,2621,2026-12-19,2026-09-24
675.0,357,179,2026-12-19,2026-09-24
680.0,1821,1798,2026-12-19,2026-09-24
685.0,235,133,2026-12-19,2026-09-24
690.0,759,249,2026-12-19,2026-09-24
695.0,334,119,2026-12-19,2026-09-24
700.0,7680,2159,2026-12-19,2026-09-24
705.0,515,410,2026-12-19,2026-09-24
710.0,610,430,2026-12-19,2026-09-24
715.0,317,269,2026-12-19,2026-09-24
720.0,3548,328,2026-12-19,2026-09-24
725.0,881,181,2026-12-19,2026-09-24
730.0,10,0,2026-12-19,2026-09-24
730.0,2394,875,2026-12-19,2026-09-24
735.0,479,223,2026-12-19,2026-09-24
740.0,964,178,2026-12-19,2026-09-24
745.0,522,108,2026-12-19,2026-09-24
750.0,5388,2773,2026-12-19,2026-09-24
755.0,2155,258,2026-12-19,2026-09-24
760.0,2888,376,2026-12-19,2026-09-24
765.0,2143,298,2026-12-19,2026-09-24
770.0,2776,92,2026-12-19,2026-09-24
775.0,2853,51,2026-12-19,2026-09-24
780.0,3618,94,2026-12-19,2026-09-24
785.0,705,22,2026-12-19,2026-09-24
790.0,1789,140,2026-12-19,2026-09-24
795.0,592,40,2026-12-19,2026-09-24
800.0,11892,245,2026-12-19,2026-09-24
805.0,50,0,2026-12-19,2026-09-24
805.0,2031,75,2026-12-19,2026-09-24
810.0,1953,29,2026-12-19,2026-09-24
815.0,2206,8,2026-12-19,2026-09-24
820.0,2415,87,2026-12-19,2026-09-24
825.0,2353,15,2026-12-19,2026-09-24
830.0,3113,13,2026-12-19,2026-09-24
835.0,229,20,2026-12-19,2026-09-24
840.0,1197,27,2026-12-19,2026-09-24
845.0,2463,4,2026-12-19,2026-09-24
850.0,3486,6,2026-12-19,2026-09-24
855.0,108,0,2026-12-19,2026-09-24
860.0,1195,1,2026-12-19,2026-09-24
865.0,5,0,2026-12-19,2026-09-24
870.0,938,6,2026-12-19,2026-09-24
875.0,23,0,2026-12-19,2026-09-24
880.0,898,2,2026-12-19,2026-09-24
885.0,2,0,2026-12-19,2026-09-24
890.0,244,1,2026-12-19,2026-09-24
895.0,10,0,2026-12-19,2026-09-24
900.0,3730,104,2026-12-19,2026-09-24
905.0,1,0,2026-12-19,2026-09-24
910.0,759,0,2026-12-19,2026-09-24
915.0,0,0,2026-12-19,2026-09-24
920.0,528,1,2026-12-19,2026-09-24
925.0,6,0,2026-12-19,2026-09-24
930.0,244,2,2026-12-19,2026-09-24
935.0,11,0,2026-12-19,2026-09-24
940.0,382,5,2026-12-19,2026-09-24
945.0,0,1,2026-12-19,2026-09-24
950.0,1514,1,2026-12-19,2026-09-24
955.0,0,0,2026-12-19,2026-09-24
960.0,248,0,2026-12-19,2026-09-24
965.0,2,0,2026-12-19,2026-09-24
970.0,1666,0,2026-12-19,2026-09-24
975.0,0,0,2026-12-19,2026-09-24
980.0,198,0,2026-12-19,2026-09-24
985.0,0,0,2026-12-19,2026-09-24
990.0,978,0,2026-12-19,2026-09-24
995.0,0,0,2026-12-19,2026-09-24
1000.0,4213,2,2026-12-19,2026-09-24
1020.0,599,0,2026-12-19,2026-09-24
1030.0,1573,0,2026-12-19,2026-09-24
1040.0,191,0,2026-12-19,2026-09-24
1050.0,249,0,2026-12-19,2026-09-24
1060.0,237,0,2026-12-19,2026-09-24
1070.0,218,0,2026-12-19,2026-09-24
1080.0,212,0,2026-12-19,2026-09-24
1090.0,89,0,2026-12-19,2026-09-24
1100.0,1359,0,2026-12-19,2026-09-24
1110.0,173,0,2026-12-19,2026-09-24
1120.0,416,0,2026-12-19,2026-09-24
1130.0,93,0,2026-12-19,2026-09-24
1140.0,180,0,2026-12-19,2026-09-24
1150.0,1721,0,2026-12-19,2026-09-24
1160.0,33,0,2026-12-19,2026-09-24
1170.0,52,0,2026-12-19,2026-09-24
1180.0,224,0,2026-12-19,2026-09-24
1190.0,95,0,2026-12-19,2026-09-24
1200.0,1914,0,2026-12-19,2026-09-24
1210.0,124,0,2026-12-19,2026-09-24
1220.0,145,0,2026-12-19,2026-09-24
1230.0,373,0,2026-12-19,2026-09-24
1240.0,1846,0,2026-12-19,2026-09-24
1250.0,1868,0,2026-12-19,2026-09-24
1260.0,123,0,2026-12-19,2026-09-24
1270.0,185,0,2026-12-19,2026-09-24
1280.0,303,0,2026-12-19,2026-09-24
1290.0,8569,0,2026-12-19,2026-09-24
1300.0,8897,0,2026-12-19,2026-09-24
1310.0,106,0,2026-12-19,2026-09-24
1320.0,89,0,2026-12-19,2026-09-24
1330.0,81,0,2026-12-19,2026-09-24
1340.0,269,0,2026-12-19,2026-09-24
1350.0,410,0,2026-12-19,2026-09-24
1360.0,96,0,2026-12-19,2026-09-24
1370.0,148,0,2026-12-19,2026-09-24
1380.0,64,0,2026-12-19,2026-09-24
1390.0,115,0,2026-12-19,2026-09-24
1400.0,2515,0,2026-12-19,2026-09-24
1410.0,490,0,2026-12-19,2026-09-24
1420.0,816,0,2026-12-19,2026-09-24
1430.0,892,0,2026-12-19,2026-09-24
1440.0,42,0,2026-12-19,2026-09-24
1450.0,62,0,2026-12-19,2026-09-24
1460.0,270,0,2026-12-19,2026-09-24
1470.0,137,0,2026-12-19,2026-09-24
1480.0,2068,0,2026-12-19,2026-09-24
1490.0,112,0,2026-12-19,2026-09-24
5.0,68,3204,2027-01-16,2026-09-24
10.0,0,1,2027-01-16,2026-09-24
15.0,2,4,2027-01-16,2026-09-24
20.0,7,2,2027-01-16,2026-09-24
25.0,0,2,2027-01-16,2026-09-24
30.0,0,4,2027-01-16,2026-09-24
35.0,0,2,2027-01-16,2026-09-24
40.0,0,204,2027-01-16,2026-09-24
45.0,1,7,2027-01-16,2026-09-24
50.0,111,440,2027-01-16,2026-09-24
100.0,126,3066,2027-01-16,2026-09-24
110.0,283,352,2027-01-16,2026-09-24
120.0,11,97,2027-01-16,2026-09-24
130.0,16,98,2027-01-16,2026-09-24
140.0,13,196,2027-01-16,2026-09-24
150.0,16,263,2027-01-16,2026-09-24
160.0,38,176,2027-01-16,2026-09-24
170.0,36,468,2027-01-16,2026-09-24
180.0,191,253,2027-01-16,2026-09-24
190.0,27,176,2027-01-16,2026-09-24
200.0,160,483,2027-01-16,2026-09-24
210.0,56,388,2027-01-16,2026-09-24
220.0,174,1123,2027-01-16,2026-09-24
230.0,55,599,2027-01-16,2026-09-24
240.0,73,378,2027-01-16,2026-09-24
242.5,0,75,2027-01-16,2026-09-24
250.0,86,1046,2027-01-16,2026-09-24
260.0,60,218,2027-01-16,2026-09-24
270.0,281,1033,2027-01-16,2026-09-24
280.0,55,355,2027-01-16,2026-09-24
290.0,168,363,2027-01-16,2026-09-24
300.0,378,1322,2027-01-16,2026-09-24
310.0,22,442,2027-01-16,2026-09-24
320.0,77,795,2027-01-16,2026-09-24
330.0,63,510,2027-01-16,2026-09-24
340.0,40,475,2027-01-16,2026-09-24
350.0,161,1606,2027-01-16,2026-09-24
360.0,91,515,2027-01-16,2026-09-24
370.0,45,1428,2027-01-16,2026-09-24
380.0,54,850,2027-01-16,2026-09-24
390.0,124,1255,2027-01-16,2026-09-24
400.0,514,4253,2027-01-16,2026-09-24
410.0,119,1371,2027-01-16,2026-09-24
420.0,203,1998,2027-01-16,2026-09-24
430.0,127,2885,2027-01-16,2026-09-24
440.0,152,2721,2027-01-16,2026-09-24
450.0,252,7209,2027-01-16,2026-09-24
460.0,141,2857,2027-01-16,2026-09-24
470.0,93,2120,2027-01-16,2026-09-24
480.0,263,2717,2027-01-16,2026-09-24
490.0,350,3462,2027-01-16,2026-09-24
500.0,2424,8102,2027-01-16,2026-09-24
510.0,1981,5197,2027-01-16,2026-09-24
520.0,398,3851,2027-01-16,2026-09-24
530.0,496,3895,2027-01-16,2026-09-24
540.0,834,3501,2027-01-16,2026-09-24
550.0,0,10,2027-01-16,2026-09-24
550.0,1575,6463,2027-01-16,2026-09-24
560.0,1243,3389,2027-01-16,2026-09-24
570.0,935,6746,2027-01-16,2026-09-24
580.0,1185,3704,2027-01-16,2026-09-24
590.0,1356,1785,2027-01-16,2026-09-24
597.6,0,262,2027-01-16,2026-09-24
599.0,280,0,2027-01-16,2026-09-24
600.0,6032,5922,2027-01-16,2026-09-24
610.0,1875,1896,2027-01-16,2026-09-24
620.0,2396,2329,2027-01-16,2026-09-24
630.0,3043,3247,2027-01-16,2026-09-24
640.0,1311,5217,2027-01-16,2026-09-24
650.0,0,26,2027-01-16,2026-09-24
650.0,4792,3423,2027-01-16,2026-09-24
660.0,1000,1007,2027-01-16,2026-09-24
660.0,3388,1667,2027-01-16,2026-09-24
670.0,2603,2363,2027-01-16,2026-09-24
680.0,2591,1152,2027-01-16,2026-09-24
690.0,1129,725,2027-01-16,2026-09-24
700.0,115457,2675,2027-01-16,2026-09-24
700.01,10325,10325,2027-01-16,2026-09-24
710.0,1557,753,2027-01-16,2026-09-24
720.0,0,26,2027-01-16,2026-09-24
720.0,2795,975,2027-01-16,2026-09-24
730.0,3741,477,2027-01-16,2026-09-24
740.0,2500,517,2027-01-16,2026-09-24
750.0,245142,2890,2027-01-16,2026-09-24
760.0,3914,622,2027-01-16,2026-09-24
770.0,10,0,2027-01-16,2026-09-24
770.0,4881,682,2027-01-16,2026-09-24
780.0,3417,376,2027-01-16,2026-09-24
790.0,1775,232,2027-01-16,2026-09-24
800.0,108132,530,2027-01-16,2026-09-24
805.1,262,0,2027-01-16,2026-09-24
810.0,5145,219,2027-01-16,2026-09-24
820.0,3412,83,2027-01-16,2026-09-24
830.0,33308,188,2027-01-16,2026-09-24
840.0,1499,102,2027-01-16,2026-09-24
850.0,6062,197,2027-01-16,2026-09-24
860.0,10,0,2027-01-16,2026-09-24
860.0,1918,27,2027-01-16,2026-09-24
870.0,1093,2,2027-01-16,2026-09-24
880.0,821,1,2027-01-16,2026-09-24
890.0,7,0,2027-01-16,2026-09-24
890.0,1090,3,2027-01-16,2026-09-24
900.0,16790,24,2027-01-16,2026-09-24
910.0,1285,0,2027-01-16,2026-09-24
920.0,3475,0,2027-01-16,2026-09-24
930.0,935,0,2027-01-16,2026-09-24
940.0,1038,0,2027-01-16,2026-09-24
950.0,1648,1,2027-01-16,2026-09-24
960.0,577,0,2027-01-16,2026-09-24
970.0,552,0,2027-01-16,2026-09-24
980.0,541,0,2027-01-16,2026-09-24
990.0,521,0,2027-01-16,2026-09-24
1000.0,6802,6,2027-01-16,2026-09-24
1010.0,482,0,2027-01-16,2026-09-24
1020.0,564,0,2027-01-16,2026-09-24
1030.0,365,1,2027-01-16,2026-09-24
1040.0,301,0,2027-01-16,2026-09-24
1050.0,1031,0,2027-01-16,2026-09-24
1060.0,282,0,2027-01-16,2026-09-24
1070.0,201,0,2027-01-16,2026-09-24
1080.0,430,0,2027-01-16,2026-09-24
1090.0,285,0,2027-01-16,2026-09-24
1100.0,4052,0,2027-01-16,2026-09-24
1110.0,501,0,2027-01-16,2026-09-24
1120.0,348,0,2027-01-16,2026-09-24
1130.0,385,0,2027-01-16,2026-09-24
1140.0,285,0,2027-01-16,2026-09-24
1150.0,4034,0,2027-01-16,2026-09-24
1160.0,671,0,2027-01-16,2026-09-24
1170.0,404,0,2027-01-16,2026-09-24
1180.0,291,0,2027-01-16,2026-09-24
1190.0,668,0,2027-01-16,2026-09-24
1200.0,2270,0,2027-01-16,2026-09-24
1210.0,200,0,2027-01-16,2026-09-24
1220.0,255,0,2027-01-16,2026-09-24
1230.0,154,0,2027-01-16,2026-09-24
1240.0,665,0,2027-01-16,2026-09-24
1250.0,33915,0,2027-01-16,2026-09-24
1260.0,472,0,2027-01-16,2026-09-24
1270.0,912,0,2027-01-16,2026-09-24
1280.0,380,0,2027-01-16,2026-09-24
1290.0,379,0,2027-01-16,2026-09-24
1300.0,1643,0,2027-01-16,2026-09-24
1310.0,113,0,2027-01-16,2026-09-24
1320.0,389,0,2027-01-16,2026-09-24
1330.0,472,0,2027-01-16,2026-09-24
1340.0,160,0,2027-01-16,2026-09-24
1350.0,573,0,2027-01-16,2026-09-24
1360.0,750,0,2027-01-16,2026-09-24
1370.0,161,0,2027-01-16,2026-09-24
1380.0,52,0,2027-01-16,2026-09-24
1390.0,254,0,2027-01-16,2026-09-24
1400.0,1713,0,2027-01-16,2026-09-24
1410.0,347,0,2027-01-16,2026-09-24
1420.0,621,0,2027-01-16,2026-09-24
1430.0,15755,0,2027-01-16,2026-09-24
1440.0,379,0,2027-01-16,2026-09-24
1450.0,186,0,2027-01-16,2026-09-24
1460.0,157,0,2027-01-16,2026-09-24
1470.0,164,0,2027-01-16,2026-09-24
1480.0,2778,0,2027-01-16,2026-09-24
1490.0,557,0,2027-01-16,2026-09-24
490.1,0,132,2027-01-27,2026-09-24
805.1,132,0,2027-01-27,2026-09-24
637.45,0,8,2027-01-30,2026-09-24
776.0,0,0,2027-01-30,2026-09-24
100.0,20,3,2027-02-20,2026-09-24
110.0,0,4,2027-02-20,2026-09-24
120.0,0,11,2027-02-20,2026-09-24
130.0,9,15,2027-02-20,2026-09-24
140.0,0,13,2027-02-20,2026-09-24
150.0,0,24,2027-02-20,2026-09-24
160.0,2,15,2027-02-20,2026-09-24
170.0,0,39,2027-02-20,2026-09-24
180.0,0,36,2027-02-20,2026-09-24
190.0,0,27,2027-02-20,2026-09-24
200.0,51,1006,2027-02-20,2026-09-24
210.0,0,67,2027-02-20,2026-09-24
220.0,0,112,2027-02-20,2026-09-24
230.0,0,39,2027-02-20,2026-09-24
240.0,0,81,2027-02-20,2026-09-24
250.0,6,31,2027-02-20,2026-09-24
260.0,0,14,2027-02-20,2026-09-24
270.0,2,80,2027-02-20,2026-09-24
280.0,5,85,2027-02-20,2026-09-24
290.0,0,77,2027-02-20,2026-09-24
300.0,17,228,2027-02-20,2026-09-24
310.0,0,30,2027-02-20,2026-09-24
320.0,3,47,2027-02-20,2026-09-24
330.0,6,46,2027-02-20,2026-09-24
340.0,9,75,2027-02-20,2026-09-24
350.0,14,174,2027-02-20,2026-09-24
360.0,7,33,2027-02-20,2026-09-24
370.0,2,59,2027-02-20,2026-09-24
380.0,7,137,2027-02-20,2026-09-24
390.0,13,113,2027-02-20,2026-09-24
400.0,13,159,2027-02-20,2026-09-24
410.0,52,307,2027-02-20,2026-09-24
420.0,3,322,2027-02-20,2026-09-24
430.0,5,571,2027-02-20,2026-09-24
440.0,5,569,2027-02-20,2026-09-24
450.0,57,915,2027-02-20,2026-09-24
460.0,77,488,2027-02-20,2026-09-24
470.0,110,657,2027-02-20,2026-09-24
480.0,22,1621,2027-02-20,2026-09-24
490.0,51,659,2027-02-20,2026-09-24
500.0,149,1259,2027-02-20,2026-09-24
510.0,19,666,2027-02-20,2026-09-24
520.0,71,609,2027-02-20,2026-09-24
530.0,74,653,2027-02-20,2026-09-24
540.0,662,764,2027-02-20,2026-09-24
550.0,249,938,2027-02-20,2026-09-24
560.0,201,567,2027-02-20,2026-09-24
570.0,0,2,2027-02-20,2026-09-24
570.0,138,365,2027-02-20,2026-09-24
575.0,0,36,2027-02-20,2026-09-24
580.0,288,1159,2027-02-20,2026-09-24
590.0,700,373,2027-02-20,2026-09-24
600.0,920,466,2027-02-20,2026-09-24
610.0,298,95,2027-02-20,2026-09-24
620.0,148,116,2027-02-20,2026-09-24
630.0,238,82,2027-02-20,2026-09-24
640.0,174,124,2027-02-20,2026-09-24
650.0,3326,349,2027-02-20,2026-09-24
660.0,617,53,2027-02-20,2026-09-24
670.0,644,206,2027-02-20,2026-09-24
680.0,211,53,2027-02-20,2026-09-24
690.0,391,291,2027-02-20,2026-09-24
692.0,36,0,2027-02-20,2026-09-24
700.0,2104,89,2027-02-20,2026-09-24
710.0,260,154,2027-02-20,2026-09-24
720.0,363,63,2027-02-20,2026-09-24
730.0,2,0,2027-02-20,2026-09-24
730.0,545,317,2027-02-20,2026-09-24
740.0,407,41,2027-02-20,2026-09-24
750.0,1085,64,2027-02-20,2026-09-24
760.0,365,155,2027-02-20,2026-09-24
770.0,228,31,2027-02-20,2026-09-24
780.0,385,18,2027-02-20,2026-09-24
790.0,170,4,2027-02-20,2026-09-24
800.0,1573,77,2027-02-20,2026-09-24
810.0,150,2,2027-02-20,2026-09-24
820.0,153,0,2027-02-20,2026-09-24
830.0,183,3,2027-02-20,2026-09-24
840.0,110,1,2027-02-20,2026-09-24
850.0,521,76,2027-02-20,2026-09-24
860.0,249,0,2027-02-20,2026-09-24
870.0,87,0,2027-02-20,2026-09-24
880.0,304,0,2027-02-20,2026-09-24
890.0,49,0,2027-02-20,2026-09-24
900.0,6269,4,2027-02-20,2026-09-24
910.0,74,1,2027-02-20,2026-09-24
920.0,68,0,2027-02-20,2026-09-24
930.0,18,0,2027-02-20,2026-09-24
940.0,50,0,2027-02-20,2026-09-24
950.0,76,0,2027-02-20,2026-09-24
960.0,190,0,2027-02-20,2026-09-24
970.0,47,0,2027-02-20,2026-09-24
980.0,91,1,2027-02-20,2026-09-24
990.0,29,0,2027-02-20,2026-09-24
1000.0,454,1,2027-02-20,2026-09-24
1010.0,76,0,2027-02-20,2026-09-24
1020.0,47,0,2027-02-20,2026-09-24
1030.0,51,0,2027-02-20,2026-09-24
1040.0,12,0,2027-02-20,2026-09-24
1050.0,45,1,2027-02-20,2026-09-24
1060.0,19,0,2027-02-20,2026-09-24
1070.0,163,0,2027-02-20,2026-09-24
1080.0,67,0,2027-02-20,2026-09-24
1090.0,2,0,2027-02-20,2026-09-24
1100.0,558,0,2027-02-20,2026-09-24
1110.0,101,0,2027-02-20,2026-09-24
1120.0,14,0,2027-02-20,2026-09-24
1130.0,23,0,2027-02-20,2026-09-24
1140.0,42,0,2027-02-20,2026-09-24
1150.0,41,0,2027-02-20,2026-09-24
1160.0,31,0,2027-02-20,2026-09-24
1170.0,47,0,2027-02-20,2026-09-24
1180.0,116,0,2027-02-20,2026-09-24
1190.0,645,0,2027-02-20,2026-09-24
1200.0,1,0,2027-02-20,2026-09-24
1210.0,1,0,2027-02-20,2026-09-24
1220.0,0,0,2027-02-20,2026-09-24
1230.0,17,0,2027-02-20,2026-09-24
1240.0,0,0,2027-02-20,2026-09-24
1250.0,12,0,2027-02-20,2026-09-24
1260.0,5,0,2027-02-20,2026-09-24
1270.0,0,0,2027-02-20,2026-09-24
1280.0,0,0,2027-02-20,2026-09-24
1290.0,0,0,2027-02-20,2026-09-24
1300.0,0,0,2027-02-20,2026-09-24
1310.0,0,0,2027-02-20,2026-09-24
1320.0,0,0,2027-02-20,2026-09-24
1330.0,0,0,2027-02-20,2026-09-24
1340.0,0,0,2027-02-20,2026-09-24
1350.0,0,0,2027-02-20,2026-09-24
1360.0,0,0,2027-02-20,2026-09-24
1370.0,20,0,2027-02-20,2026-09-24
1380.0,0,0,2027-02-20,2026-09-24
1390.0,0,0,2027-02-20,2026-09-24
1400.0,5,0,2027-02-20,2026-09-24
1410.0,0,0,2027-02-20,2026-09-24
1420.0,1,0,2027-02-20,2026-09-24
1430.0,0,0,2027-02-20,2026-09-24
1440.0,0,0,2027-02-20,2026-09-24
1450.0,0,0,2027-02-20,2026-09-24
1460.0,0,0,2027-02-20,2026-09-24
1470.0,0,0,2027-02-20,2026-09-24
1480.0,2,0,2027-02-20,2026-09-24
1490.0,39,0,2027-02-20,2026-09-24
490.93,0,40,2027-02-25,2026-09-24
612.0,0,75,2027-03-17,2026-09-24
794.92,75,0,2027-03-17,2026-09-24
5.0,1761,0,2027-03-20,2026-09-24
10.0,11,3002,2027-03-20,2026-09-24
15.0,0,15,2027-03-20,2026-09-24
20.0,0,0,2027-03-20,2026-09-24
25.0,0,0,2027-03-20,2026-09-24
30.0,0,0,2027-03-20,2026-09-24
35.0,0,0,2027-03-20,2026-09-24
40.0,0,0,2027-03-20,2026-09-24
45.0,0,15,2027-03-20,2026-09-24
50.0,0,18,2027-03-20,2026-09-24
100.0,1,77,2027-03-20,2026-09-24
110.0,209,5,2027-03-20,2026-09-24
120.0,0,268,2027-03-20,2026-09-24
130.0,0,22,2027-03-20,2026-09-24
140.0,0,84,2027-03-20,2026-09-24
150.0,1,158,2027-03-20,2026-09-24
160.0,2,77,2027-03-20,2026-09-24
170.0,21,138,2027-03-20,2026-09-24
180.0,1,73,2027-03-20,2026-09-24
190.0,2,30,2027-03-20,2026-09-24
200.0,5,60,2027-03-20,2026-09-24
210.0,1,34,2027-03-20,2026-09-24
220.0,0,186,2027-03-20,2026-09-24
230.0,35,100,2027-03-20,2026-09-24
240.0,51,59,2027-03-20,2026-09-24
250.0,0,204,2027-03-20,2026-09-24
260.0,2,97,2027-03-20,2026-09-24
270.0,23,433,2027-03-20,2026-09-24
280.0,44,73,2027-03-20,2026-09-24
290.0,2,46,2027-03-20,2026-09-24
300.0,21,364,2027-03-20,2026-09-24
310.0,5,43,2027-03-20,2026-09-24
320.0,12,112,2027-03-20,2026-09-24
330.0,16,50,2027-03-20,2026-09-24
340.0,6,277,2027-03-20,2026-09-24
350.0,25,423,2027-03-20,2026-09-24
360.0,24,354,2027-03-20,2026-09-24
370.0,18,428,2027-03-20,2026-09-24
380.0,113,408,2027-03-20,2026-09-24
390.0,73,303,2027-03-20,2026-09-24
400.0,86,1402,2027-03-20,2026-09-24
410.0,30,794,2027-03-20,2026-09-24
420.0,33,2670,2027-03-20,2026-09-24
430.0,162,967,2027-03-20,2026-09-24
440.0,18,545,2027-03-20,2026-09-24
450.0,134,4125,2027-03-20,2026-09-24
460.0,86,2055,2027-03-20,2026-09-24
470.0,36,1325,2027-03-20,2026-09-24
480.0,48,1425,2027-03-20,2026-09-24
490.0,39,1710,2027-03-20,2026-09-24
500.0,495,4497,2027-03-20,2026-09-24
510.0,0,150,2027-03-20,2026-09-24
510.0,54,897,2027-03-20,2026-09-24
520.0,63,1123,2027-03-20,2026-09-24
530.0,157,1090,2027-03-20,2026-09-24
540.0,258,1818,2027-03-20,2026-09-24
550.0,833,4345,2027-03-20,2026-09-24
560.0,319,932,2027-03-20,2026-09-24
565.0,41,382,2027-03-20,2026-09-24
570.0,534,1409,2027-03-20,2026-09-24
575.0,529,333,2027-03-20,2026-09-24
580.0,774,1481,2027-03-20,2026-09-24
585.0,196,337,2027-03-20,2026-09-24
590.0,284,674,2027-03-20,2026-09-24
595.0,258,175,2027-03-20,2026-09-24
600.0,2007,1410,2027-03-20,2026-09-24
605.0,84,249,2027-03-20,2026-09-24
610.0,393,1549,2027-03-20,2026-09-24
615.0,293,175,2027-03-20,2026-09-24
620.0,414,934,2027-03-20,2026-09-24
625.0,125,316,2027-03-20,2026-09-24
630.0,342,629,2027-03-20,2026-09-24
635.0,96,370,2027-03-20,2026-09-24
640.0,393,339,2027-03-20,2026-09-24
645.0,146,226,2027-03-20,2026-09-24
650.0,4545,977,2027-03-20,2026-09-24
655.0,132,187,2027-03-20,2026-09-24
660.0,684,448,2027-03-20,2026-09-24
665.0,205,5124,2027-03-20,2026-09-24
670.0,444,334,2027-03-20,2026-09-24
675.0,325,46,2027-03-20,2026-09-24
680.0,532,335,2027-03-20,2026-09-24
685.0,172,60,2027-03-20,2026-09-24
690.0,450,174,2027-03-20,2026-09-24
695.0,66,73,2027-03-20,2026-09-24
700.0,3377,418,2027-03-20,2026-09-24
705.0,112,54,2027-03-20,2026-09-24
710.0,773,167,2027-03-20,2026-09-24
715.0,488,81,2027-03-20,2026-09-24
720.0,341,189,2027-03-20,2026-09-24
725.0,180,61,2027-03-20,2026-09-24
730.0,547,318,2027-03-20,2026-09-24
735.0,152,53,2027-03-20,2026-09-24
740.0,369,198,2027-03-20,2026-09-24
745.0,223,43,2027-03-20,2026-09-24
750.0,16,0,2027-03-20,2026-09-24
750.0,1396,261,2027-03-20,2026-09-24
755.0,183,54,2027-03-20,2026-09-24
760.0,462,174,2027-03-20,2026-09-24
770.0,431,43,2027-03-20,2026-09-24
780.0,1245,37,2027-03-20,2026-09-24
790.0,349,155,2027-03-20,2026-09-24
800.0,6968,177,2027-03-20,2026-09-24
810.0,623,121,2027-03-20,2026-09-24
820.0,463,6,2027-03-20,2026-09-24
830.0,447,2,2027-03-20,2026-09-24
840.0,325,4,2027-03-20,2026-09-24
850.0,2054,123,2027-03-20,2026-09-24
860.0,628,4,2027-03-20,2026-09-24
870.0,384,4,2027-03-20,2026-09-24
880.0,793,4,2027-03-20,2026-09-24
890.0,188,6,2027-03-20,2026-09-24
900.0,5119,5,2027-03-20,2026-09-24
910.0,537,0,2027-03-20,2026-09-24
920.0,906,0,2027-03-20,2026-09-24
930.0,251,0,2027-03-20,2026-09-24
940.0,1065,0,2027-03-20,2026-09-24
950.0,4129,0,2027-03-20,2026-09-24
960.0,726,0,2027-03-20,2026-09-24
970.0,73,0,2027-03-20,2026-09-24
980.0,634,0,2027-03-20,2026-09-24
990.0,567,0,2027-03-20,2026-09-24
1000.0,2795,0,2027-03-20,2026-09-24
1010.0,106,0,2027-03-20,2026-09-24
1020.0,786,0,2027-03-20,2026-09-24
1030.0,378,0,2027-03-20,2026-09-24
1040.0,1028,0,2027-03-20,2026-09-24
1050.0,149,0,2027-03-20,2026-09-24
1060.0,108,0,2027-03-20,2026-09-24
1070.0,287,0,2027-03-20,2026-09-24
1080.0,67,0,2027-03-20,2026-09-24
1090.0,94,0,2027-03-20,2026-09-24
1100.0,3968,0,2027-03-20,2026-09-24
1110.0,50,0,2027-03-20,2026-09-24
1120.0,73,0,2027-03-20,2026-09-24
1130.0,59,0,2027-03-20,2026-09-24
1140.0,65,0,2027-03-20,2026-09-24
1150.0,86,0,2027-03-20,2026-09-24
1160.0,56,0,2027-03-20,2026-09-24
1170.0,65,0,2027-03-20,2026-09-24
1180.0,101,0,2027-03-20,2026-09-24
1190.0,34,0,2027-03-20,2026-09-24
1200.0,338,0,2027-03-20,2026-09-24
1210.0,396,0,2027-03-20,2026-09-24
1220.0,820,0,2027-03-20,2026-09-24
1230.0,45,0,2027-03-20,2026-09-24
1240.0,453,0,2027-03-20,2026-09-24
1250.0,1279,0,2027-03-20,2026-09-24
1260.0,0,0,2027-03-20,2026-09-24
1270.0,1,0,2027-03-20,2026-09-24
1280.0,0,0,2027-03-20,2026-09-24
1290.0,71,0,2027-03-20,2026-09-24
1300.0,4,0,2027-03-20,2026-09-24
1310.0,0,0,2027-03-20,2026-09-24
1320.0,2,0,2027-03-20,2026-09-24
1330.0,0,0,2027-03-20,2026-09-24
1340.0,1,0,2027-03-20,2026-09-24
1350.0,2,0,2027-03-20,2026-09-24
1360.0,0,0,2027-03-20,2026-09-24
1370.0,1,0,2027-03-20,2026-09-24
1380.0,0,0,2027-03-20,2026-09-24
1390.0,0,0,2027-03-20,2026-09-24
1400.0,18,0,2027-03-20,2026-09-24
1410.0,5,0,2027-03-20,2026-09-24
1420.0,5,0,2027-03-20,2026-09-24
1430.0,0,0,2027-03-20,2026-09-24
1440.0,1,0,2027-03-20,2026-09-24
1450.0,1,0,2027-03-20,2026-09-24
1460.0,1,0,2027-03-20,2026-09-24
1470.0,9,0,2027-03-20,2026-09-24
1480.0,136,0,2027-03-20,2026-09-24
1490.0,198,0,2027-03-20,2026-09-24
492.79,0,35,2027-03-31,2026-09-24
5.0,1164,4,2027-06-18,2026-09-24
10.0,12,1,2027-06-18,2026-09-24
15.0,1,0,2027-06-18,2026-09-24
20.0,1,1,2027-06-18,2026-09-24
25.0,0,0,2027-06-18,2026-09-24
30.0,0,0,2027-06-18,2026-09-24
35.0,0,0,2027-06-18,2026-09-24
40.0,2,0,2027-06-18,2026-09-24
45.0,2,7,2027-06-18,2026-09-24
50.0,95,30,2027-06-18,2026-09-24
260.0,98,474,2027-06-18,2026-09-24
270.0,75,120,2027-06-18,2026-09-24
280.0,31,149,2027-06-18,2026-09-24
290.0,1,277,2027-06-18,2026-09-24
300.0,43,208,2027-06-18,2026-09-24
310.0,37,150,2027-06-18,2026-09-24
320.0,134,202,2027-06-18,2026-09-24
330.0,23,740,2027-06-18,2026-09-24
340.0,29,276,2027-06-18,2026-09-24
350.0,40,478,2027-06-18,2026-09-24
360.0,43,785,2027-06-18,2026-09-24
370.0,87,452,2027-06-18,2026-09-24
380.0,93,698,2027-06-18,2026-09-24
390.0,44,1199,2027-06-18,2026-09-24
400.0,260,1848,2027-06-18,2026-09-24
410.0,17,498,2027-06-18,2026-09-24
420.0,63,4456,2027-06-18,2026-09-24
430.0,170,1006,2027-06-18,2026-09-24
440.0,61,632,2027-06-18,2026-09-24
450.0,167,3724,2027-06-18,2026-09-24
460.0,62,1698,2027-06-18,2026-09-24
470.0,91,1440,2027-06-18,2026-09-24
480.0,281,1417,2027-06-18,2026-09-24
490.0,141,1164,2027-06-18,2026-09-24
500.0,850,5226,2027-06-18,2026-09-24
520.0,568,3786,2027-06-18,2026-09-24
540.0,1566,4345,2027-06-18,2026-09-24
560.0,1029,2424,2027-06-18,2026-09-24
580.0,1012,3372,2027-06-18,2026-09-24
600.0,3992,4386,2027-06-18,2026-09-24
620.0,1960,2556,2027-06-18,2026-09-24
640.0,2230,4856,2027-06-18,2026-09-24
660.0,2213,1613,2027-06-18,2026-09-24
680.0,1843,2187,2027-06-18,2026-09-24
700.0,2959,1712,2027-06-18,2026-09-24
720.0,2100,1094,2027-06-18,2026-09-24
740.0,3426,988,2027-06-18,2026-09-24
760.0,3379,1642,2027-06-18,2026-09-24
780.0,2387,201,2027-06-18,2026-09-24
789.05,54,54,2027-06-18,2026-09-24
800.0,3702,283,2027-06-18,2026-09-24
820.0,1461,73,2027-06-18,2026-09-24
840.0,2192,71,2027-06-18,2026-09-24
860.0,1504,63,2027-06-18,2026-09-24
880.0,3098,29,2027-06-18,2026-09-24
900.0,3461,215,2027-06-18,2026-09-24
920.0,2866,49,2027-06-18,2026-09-24
940.0,795,13,2027-06-18,2026-09-24
960.0,656,18,2027-06-18,2026-09-24
980.0,744,0,2027-06-18,2026-09-24
1000.0,2489,17,2027-06-18,2026-09-24
1020.0,813,0,2027-06-18,2026-09-24
1040.0,690,15,2027-06-18,2026-09-24
1060.0,517,0,2027-06-18,2026-09-24
1080.0,312,0,2027-06-18,2026-09-24
1100.0,494,0,2027-06-18,2026-09-24
1120.0,194,0,2027-06-18,2026-09-24
1140.0,150,0,2027-06-18,2026-09-24
1160.0,436,1,2027-06-18,2026-09-24
1180.0,232,0,2027-06-18,2026-09-24
1200.0,1003,0,2027-06-18,2026-09-24
1220.0,125,0,2027-06-18,2026-09-24
1240.0,360,0,2027-06-18,2026-09-24
1260.0,100,0,2027-06-18,2026-09-24
1280.0,103,0,2027-06-18,2026-09-24
1300.0,182,0,2027-06-18,2026-09-24
1310.0,30,0,2027-06-18,2026-09-24
1320.0,128,0,2027-06-18,2026-09-24
1330.0,48,0,2027-06-18,2026-09-24
1340.0,106,0,2027-06-18,2026-09-24
1350.0,148,0,2027-06-18,2026-09-24
1360.0,94,0,2027-06-18,2026-09-24
1370.0,87,0,2027-06-18,2026-09-24
1380.0,132,0,2027-06-18,2026-09-24
1390.0,81,0,2027-06-18,2026-09-24
1400.0,1191,0,2027-06-18,2026-09-24
1410.0,142,0,2027-06-18,2026-09-24
1420.0,617,0,2027-06-18,2026-09-24
1430.0,72,0,2027-06-18,2026-09-24
1440.0,85,0,2027-06-18,2026-09-24
1450.0,147,0,2027-06-18,2026-09-24
1460.0,320,0,2027-06-18,2026-09-24
1470.0,203,0,2027-06-18,2026-09-24
1480.0,2313,0,2027-06-18,2026-09-24
1490.0,46,0,2027-06-18,2026-09-24
5.0,1661,0,2027-09-18,2026-09-24
10.0,0,0,2027-09-18,2026-09-24
15.0,0,0,2027-09-18,2026-09-24
20.0,1,0,2027-09-18,2026-09-24
25.0,0,0,2027-09-18,2026-09-24
30.0,1,0,2027-09-18,2026-09-24
35.0,0,0,2027-09-18,2026-09-24
40.0,0,0,2027-09-18,2026-09-24
45.0,0,0,2027-09-18,2026-09-24
50.0,4,3,2027-09-18,2026-09-24
60.0,0,6,2027-09-18,2026-09-24
70.0,1,19,2027-09-18,2026-09-24
80.0,0,9,2027-09-18,2026-09-24
90.0,0,25,2027-09-18,2026-09-24
100.0,0,121,2027-09-18,2026-09-24
110.0,450,67,2027-09-18,2026-09-24
120.0,2,5,2027-09-18,2026-09-24
130.0,5,4,2027-09-18,2026-09-24
140.0,2,24,2027-09-18,2026-09-24
150.0,2,64,2027-09-18,2026-09-24
160.0,4,50,2027-09-18,2026-09-24
170.0,4,28,2027-09-18,2026-09-24
180.0,61,37,2027-09-18,2026-09-24
190.0,1,24,2027-09-18,2026-09-24
200.0,62,74,2027-09-18,2026-09-24
210.0,202,5,2027-09-18,2026-09-24
220.0,139,156,2027-09-18,2026-09-24
230.0,117,12,2027-09-18,2026-09-24
240.0,42,112,2027-09-18,2026-09-24
250.0,35,37,2027-09-18,2026-09-24
260.0,46,62,2027-09-18,2026-09-24
270.0,7,399,2027-09-18,2026-09-24
280.0,11,40,2027-09-18,2026-09-24
290.0,12,246,2027-09-18,2026-09-24
300.0,67,48,2027-09-18,2026-09-24
310.0,79,1061,2027-09-18,2026-09-24
320.0,19,79,2027-09-18,2026-09-24
330.0,17,279,2027-09-18,2026-09-24
340.0,36,50,2027-09-18,2026-09-24
350.0,28,203,2027-09-18,2026-09-24
360.0,37,90,2027-09-18,2026-09-24
370.0,12,87,2027-09-18,2026-09-24
380.0,38,180,2027-09-18,2026-09-24
390.0,143,121,2027-09-18,2026-09-24
400.0,170,1005,2027-09-18,2026-09-24
410.0,58,215,2027-09-18,2026-09-24
420.0,38,707,2027-09-18,2026-09-24
430.0,73,672,2027-09-18,2026-09-24
440.0,76,160,2027-09-18,2026-09-24
450.0,178,652,2027-09-18,2026-09-24
460.0,65,1303,2027-09-18,2026-09-24
470.0,104,738,2027-09-18,2026-09-24
480.0,150,431,2027-09-18,2026-09-24
490.0,0,63,2027-09-18,2026-09-24
490.0,25,270,2027-09-18,2026-09-24
500.0,267,1570,2027-09-18,2026-09-24
510.0,39,468,2027-09-18,2026-09-24
520.0,71,540,2027-09-18,2026-09-24
530.0,164,287,2027-09-18,2026-09-24
540.0,147,646,2027-09-18,2026-09-24
550.0,279,1157,2027-09-18,2026-09-24
560.0,105,215,2027-09-18,2026-09-24
570.0,130,393,2027-09-18,2026-09-24
580.0,307,190,2027-09-18,2026-09-24
590.0,80,0,2027-09-18,2026-09-24
590.0,154,229,2027-09-18,2026-09-24
600.0,1590,908,2027-09-18,2026-09-24
610.0,302,278,2027-09-18,2026-09-24
620.0,333,327,2027-09-18,2026-09-24
630.0,1715,148,2027-09-18,2026-09-24
640.0,272,511,2027-09-18,2026-09-24
650.0,650,581,2027-09-18,2026-09-24
660.0,205,119,2027-09-18,2026-09-24
670.0,192,89,2027-09-18,2026-09-24
680.0,338,229,2027-09-18,2026-09-24
690.0,263,154,2027-09-18,2026-09-24
700.0,1209,320,2027-09-18,2026-09-24
710.0,719,95,2027-09-18,2026-09-24
720.0,1004,92,2027-09-18,2026-09-24
730.0,271,148,2027-09-18,2026-09-24
740.0,347,690,2027-09-18,2026-09-24
750.0,63,0,2027-09-18,2026-09-24
750.0,543,38,2027-09-18,2026-09-24
760.0,573,18,2027-09-18,2026-09-24
770.0,227,33,2027-09-18,2026-09-24
780.0,2061,19,2027-09-18,2026-09-24
790.0,154,12,2027-09-18,2026-09-24
800.0,1342,482,2027-09-18,2026-09-24
810.0,302,19,2027-09-18,2026-09-24
820.0,242,5,2027-09-18,2026-09-24
830.0,149,4,2027-09-18,2026-09-24
840.0,118,8,2027-09-18,2026-09-24
850.0,752,8,2027-09-18,2026-09-24
860.0,139,7,2027-09-18,2026-09-24
870.0,474,5,2027-09-18,2026-09-24
880.0,1562,9,2027-09-18,2026-09-24
890.0,117,1,2027-09-18,2026-09-24
900.0,1588,12,2027-09-18,2026-09-24
910.0,170,1,2027-09-18,2026-09-24
920.0,1358,2,2027-09-18,2026-09-24
930.0,248,0,2027-09-18,2026-09-24
940.0,471,3,2027-09-18,2026-09-24
950.0,319,1,2027-09-18,2026-09-24
960.0,156,3,2027-09-18,2026-09-24
970.0,71,0,2027-09-18,2026-09-24
980.0,158,1,2027-09-18,2026-09-24
990.0,91,1,2027-09-18,2026-09-24
1000.0,690,4,2027-09-18,2026-09-24
1010.0,887,0,2027-09-18,2026-09-24
1020.0,50,0,2027-09-18,2026-09-24
1030.0,113,1,2027-09-18,2026-09-24
1040.0,19,0,2027-09-18,2026-09-24
1050.0,90,0,2027-09-18,2026-09-24
1060.0,76,0,2027-09-18,2026-09-24
1070.0,789,1,2027-09-18,2026-09-24
1080.0,482,0,2027-09-18,2026-09-24
1090.0,57,0,2027-09-18,2026-09-24
1100.0,522,0,2027-09-18,2026-09-24
1110.0,19,0,2027-09-18,2026-09-24
1120.0,52,0,2027-09-18,2026-09-24
1130.0,44,0,2027-09-18,2026-09-24
1140.0,13,0,2027-09-18,2026-09-24
1150.0,26,0,2027-09-18,2026-09-24
1160.0,213,1,2027-09-18,2026-09-24
1170.0,21,0,2027-09-18,2026-09-24
1180.0,113,0,2027-09-18,2026-09-24
1190.0,26,1,2027-09-18,2026-09-24
1200.0,106,1,2027-09-18,2026-09-24
1210.0,188,0,2027-09-18,2026-09-24
1220.0,31,1,2027-09-18,2026-09-24
1230.0,20,0,2027-09-18,2026-09-24
1240.0,212,0,2027-09-18,2026-09-24
1250.0,1133,0,2027-09-18,2026-09-24
1260.0,11,0,2027-09-18,2026-09-24
1270.0,33,0,2027-09-18,2026-09-24
1280.0,137,0,2027-09-18,2026-09-24
1290.0,138,0,2027-09-18,2026-09-24
1300.0,233,0,2027-09-18,2026-09-24
1310.0,67,0,2027-09-18,2026-09-24
1320.0,33,0,2027-09-18,2026-09-24
1330.0,30,0,2027-09-18,2026-09-24
1340.0,53,0,2027-09-18,2026-09-24
1350.0,20,0,2027-09-18,2026-09-24
1360.0,18,0,2027-09-18,2026-09-24
1370.0,39,0,2027-09-18,2026-09-24
1380.0,279,0,2027-09-18,2026-09-24
1390.0,42,0,2027-09-18,2026-09-24
1400.0,55,0,2027-09-18,2026-09-24
1410.0,12,0,2027-09-18,2026-09-24
1420.0,32,0,2027-09-18,2026-09-24
1430.0,93,0,2027-09-18,2026-09-24
1440.0,50,0,2027-09-18,2026-09-24
1450.0,191,0,2027-09-18,2026-09-24
1460.0,52,0,2027-09-18,2026-09-24
1470.0,78,0,2027-09-18,2026-09-24
1480.0,188,0,2027-09-18,2026-09-24
1490.0,5,0,2027-09-18,2026-09-24
740.66,538,0,2027-09-28,2026-09-24
5.0,7008,795,2027-12-18,2026-09-24
10.0,375,44,2027-12-18,2026-09-24
15.0,13,41,2027-12-18,2026-09-24
20.0,15,77,2027-12-18,2026-09-24
25.0,1,4,2027-12-18,2026-09-24
30.0,93,3,2027-12-18,2026-09-24
35.0,45,14,2027-12-18,2026-09-24
40.0,64,4,2027-12-18,2026-09-24
45.0,4,4,2027-12-18,2026-09-24
50.0,11,573,2027-12-18,2026-09-24
55.0,2,6,2027-12-18,2026-09-24
60.0,24,8,2027-12-18,2026-09-24
65.0,22,12,2027-12-18,2026-09-24
70.0,1,63,2027-12-18,2026-09-24
75.0,0,30,2027-12-18,2026-09-24
80.0,1,325,2027-12-18,2026-09-24
85.0,62,25,2027-12-18,2026-09-24
90.0,52,14,2027-12-18,2026-09-24
95.0,244,34,2027-12-18,2026-09-24
100.0,839,1140,2027-12-18,2026-09-24
110.0,278,129,2027-12-18,2026-09-24
120.0,144,194,2027-12-18,2026-09-24
130.0,98,91,2027-12-18,2026-09-24
140.0,93,23,2027-12-18,2026-09-24
150.0,55,2480,2027-12-18,2026-09-24
160.0,262,185,2027-12-18,2026-09-24
170.0,258,115,2027-12-18,2026-09-24
180.0,15,89,2027-12-18,2026-09-24
190.0,230,306,2027-12-18,2026-09-24
200.0,257,898,2027-12-18,2026-09-24
210.0,164,509,2027-12-18,2026-09-24
220.0,162,110,2027-12-18,2026-09-24
230.0,83,58,2027-12-18,2026-09-24
240.0,65,54,2027-12-18,2026-09-24
250.0,174,838,2027-12-18,2026-09-24
260.0,38,77,2027-12-18,2026-09-24
270.0,33,255,2027-12-18,2026-09-24
280.0,36,235,2027-12-18,2026-09-24
290.0,49,708,2027-12-18,2026-09-24
300.0,101,447,2027-12-18,2026-09-24
310.0,57,439,2027-12-18,2026-09-24
320.0,197,155,2027-12-18,2026-09-24
330.0,40,80,2027-12-18,2026-09-24
340.0,55,216,2027-12-18,2026-09-24
350.0,141,259,2027-12-18,2026-09-24
360.0,117,151,2027-12-18,2026-09-24
370.0,111,300,2027-12-18,2026-09-24
380.0,81,565,2027-12-18,2026-09-24
390.0,49,238,2027-12-18,2026-09-24
400.0,266,1627,2027-12-18,2026-09-24
410.0,31,357,2027-12-18,2026-09-24
420.0,121,812,2027-12-18,2026-09-24
430.0,98,404,2027-12-18,2026-09-24
440.0,47,758,2027-12-18,2026-09-24
450.0,120,1162,2027-12-18,2026-09-24
460.0,59,771,2027-12-18,2026-09-24
470.0,49,270,2027-12-18,2026-09-24
480.0,120,881,2027-12-18,2026-09-24
490.0,109,722,2027-12-18,2026-09-24
500.0,1562,2301,2027-12-18,2026-09-24
510.0,249,366,2027-12-18,2026-09-24
520.0,272,541,2027-12-18,2026-09-24
530.0,160,644,2027-12-18,2026-09-24
540.0,160,551,2027-12-18,2026-09-24
550.0,837,1428,2027-12-18,2026-09-24
560.0,173,517,2027-12-18,2026-09-24
570.0,0,12,2027-12-18,2026-09-24
570.0,299,730,2027-12-18,2026-09-24
580.0,319,652,2027-12-18,2026-09-24
590.0,289,294,2027-12-18,2026-09-24
600.0,1628,2215,2027-12-18,2026-09-24
610.0,348,572,2027-12-18,2026-09-24
620.0,424,222,2027-12-18,2026-09-24
630.0,227,142,2027-12-18,2026-09-24
640.0,376,529,2027-12-18,2026-09-24
650.0,2747,740,2027-12-18,2026-09-24
660.0,540,258,2027-12-18,2026-09-24
670.0,1246,531,2027-12-18,2026-09-24
680.0,1202,666,2027-12-18,2026-09-24
690.0,434,194,2027-12-18,2026-09-24
700.0,4475,473,2027-12-18,2026-09-24
710.0,403,252,2027-12-18,2026-09-24
720.0,1261,215,2027-12-18,2026-09-24
730.0,519,243,2027-12-18,2026-09-24
740.0,818,254,2027-12-18,2026-09-24
750.0,1006,519,2027-12-18,2026-09-24
760.0,190,228,2027-12-18,2026-09-24
770.0,321,140,2027-12-18,2026-09-24
780.0,644,174,2027-12-18,2026-09-24
790.0,653,38,2027-12-18,2026-09-24
800.0,20,0,2027-12-18,2026-09-24
800.0,2291,120,2027-12-18,2026-09-24
803.0,54,54,2027-12-18,2026-09-24
810.0,451,78,2027-12-18,2026-09-24
820.0,303,36,2027-12-18,2026-09-24
830.0,508,29,2027-12-18,2026-09-24
840.0,267,94,2027-12-18,2026-09-24
850.0,524,75,2027-12-18,2026-09-24
860.0,200,33,2027-12-18,2026-09-24
870.0,182,53,2027-12-18,2026-09-24
880.0,154,8,2027-12-18,2026-09-24
890.0,116,39,2027-12-18,2026-09-24
900.0,2227,245,2027-12-18,2026-09-24
905.7,12,0,2027-12-18,2026-09-24
910.0,535,6,2027-12-18,2026-09-24
920.0,151,23,2027-12-18,2026-09-24
930.0,477,37,2027-12-18,2026-09-24
940.0,234,2,2027-12-18,2026-09-24
950.0,684,84,2027-12-18,2026-09-24
960.0,260,38,2027-12-18,2026-09-24
970.0,123,38,2027-12-18,2026-09-24
980.0,239,2,2027-12-18,2026-09-24
990.0,325,38,2027-12-18,2026-09-24
1000.0,2506,106,2027-12-18,2026-09-24
1010.0,749,2,2027-12-18,2026-09-24
1020.0,74,2,2027-12-18,2026-09-24
1030.0,1398,0,2027-12-18,2026-09-24
1040.0,215,0,2027-12-18,2026-09-24
1050.0,437,0,2027-12-18,2026-09-24
1060.0,258,0,2027-12-18,2026-09-24
1070.0,307,2,2027-12-18,2026-09-24
1080.0,216,3,2027-12-18,2026-09-24
1090.0,321,0,2027-12-18,2026-09-24
1100.0,1810,3,2027-12-18,2026-09-24
1110.0,89,2,2027-12-18,2026-09-24
1120.0,1512,0,2027-12-18,2026-09-24
1130.0,153,1,2027-12-18,2026-09-24
1140.0,43,0,2027-12-18,2026-09-24
1150.0,639,0,2027-12-18,2026-09-24
1160.0,88,0,2027-12-18,2026-09-24
1170.0,119,0,2027-12-18,2026-09-24
1180.0,65,0,2027-12-18,2026-09-24
1190.0,104,0,2027-12-18,2026-09-24
1200.0,804,1,2027-12-18,2026-09-24
1210.0,119,0,2027-12-18,2026-09-24
1220.0,210,0,2027-12-18,2026-09-24
1230.0,280,0,2027-12-18,2026-09-24
1240.0,133,0,2027-12-18,2026-09-24
1250.0,433,0,2027-12-18,2026-09-24
1260.0,109,0,2027-12-18,2026-09-24
1270.0,123,0,2027-12-18,2026-09-24
1280.0,294,0,2027-12-18,2026-09-24
1290.0,278,0,2027-12-18,2026-09-24
1300.0,5250,0,2027-12-18,2026-09-24
1310.0,28,0,2027-12-18,2026-09-24
1320.0,86,0,2027-12-18,2026-09-24
1330.0,8,0,2027-12-18,2026-09-24
1340.0,26,0,2027-12-18,2026-09-24
1350.0,77,0,2027-12-18,2026-09-24
1360.0,33,0,2027-12-18,2026-09-24
1370.0,4,0,2027-12-18,2026-09-24
1380.0,35,0,2027-12-18,2026-09-24
1390.0,10,0,2027-12-18,2026-09-24
1400.0,352,0,2027-12-18,2026-09-24
1410.0,10,0,2027-12-18,2026-09-24
1420.0,20,0,2027-12-18,2026-09-24
1430.0,56,0,2027-12-18,2026-09-24
1440.0,81,0,2027-12-18,2026-09-24
1450.0,864,0,2027-12-18,2026-09-24
1460.0,106,0,2027-12-18,2026-09-24
1470.0,481,0,2027-12-18,2026-09-24
1480.0,411,0,2027-12-18,2026-09-24
1490.0,37,0,2027-12-18,2026-09-24
5.0,1347,126,2028-01-22,2026-09-24
10.0,4,1,2028-01-22,2026-09-24
15.0,0,1,2028-01-22,2026-09-24
20.0,23,46,2028-01-22,2026-09-24
25.0,1,2,2028-01-22,2026-09-24
30.0,2,1,2028-01-22,2026-09-24
35.0,20,102,2028-01-22,2026-09-24
40.0,150,6,2028-01-22,2026-09-24
45.0,140,2,2028-01-22,2026-09-24
50.0,185,210,2028-01-22,2026-09-24
100.0,157,302,2028-01-22,2026-09-24
110.0,62,192,2028-01-22,2026-09-24
120.0,157,198,2028-01-22,2026-09-24
130.0,121,100,2028-01-22,2026-09-24
140.0,114,14,2028-01-22,2026-09-24
150.0,6,2429,2028-01-22,2026-09-24
160.0,141,65,2028-01-22,2026-09-24
170.0,66,84,2028-01-22,2026-09-24
180.0,50,197,2028-01-22,2026-09-24
190.0,18,522,2028-01-22,2026-09-24
200.0,109,788,2028-01-22,2026-09-24
210.0,170,122,2028-01-22,2026-09-24
220.0,107,71,2028-01-22,2026-09-24
230.0,155,27,2028-01-22,2026-09-24
240.0,8,79,2028-01-22,2026-09-24
250.0,127,207,2028-01-22,2026-09-24
260.0,66,112,2028-01-22,2026-09-24
270.0,76,120,2028-01-22,2026-09-24
280.0,37,4068,2028-01-22,2026-09-24
290.0,20,73,2028-01-22,2026-09-24
300.0,4,0,2028-01-22,2026-09-24
300.0,131,2529,2028-01-22,2026-09-24
310.0,75,142,2028-01-22,2026-09-24
320.0,84,161,2028-01-22,2026-09-24
330.0,41,137,2028-01-22,2026-09-24
340.0,141,545,2028-01-22,2026-09-24
350.0,129,1829,2028-01-22,2026-09-24
360.0,83,487,2028-01-22,2026-09-24
370.0,30,2338,2028-01-22,2026-09-24
380.0,95,796,2028-01-22,2026-09-24
390.0,96,428,2028-01-22,2026-09-24
400.0,355,1942,2028-01-22,2026-09-24
410.0,85,409,2028-01-22,2026-09-24
420.0,64,395,2028-01-22,2026-09-24
430.0,63,290,2028-01-22,2026-09-24
440.0,97,1289,2028-01-22,2026-09-24
450.0,209,1404,2028-01-22,2026-09-24
460.0,66,381,2028-01-22,2026-09-24
470.0,44,1291,2028-01-22,2026-09-24
480.0,307,651,2028-01-22,2026-09-24
490.0,70,886,2028-01-22,2026-09-24
500.0,1419,4675,2028-01-22,2026-09-24
510.0,625,546,2028-01-22,2026-09-24
520.0,697,1091,2028-01-22,2026-09-24
530.0,163,682,2028-01-22,2026-09-24
540.0,1720,575,2028-01-22,2026-09-24
550.0,736,2739,2028-01-22,2026-09-24
560.0,220,658,2028-01-22,2026-09-24
570.0,199,726,2028-01-22,2026-09-24
580.0,470,847,2028-01-22,2026-09-24
590.0,374,435,2028-01-22,2026-09-24
593.0,0,36,2028-01-22,2026-09-24
600.0,4,0,2028-01-22,2026-09-24
600.0,2921,2860,2028-01-22,2026-09-24
610.0,621,595,2028-01-22,2026-09-24
620.0,446,539,2028-01-22,2026-09-24
630.0,526,421,2028-01-22,2026-09-24
640.0,570,514,2028-01-22,2026-09-24
650.0,1951,685,2028-01-22,2026-09-24
660.0,657,785,2028-01-22,2026-09-24
670.0,1950,368,2028-01-22,2026-09-24
680.0,1153,529,2028-01-22,2026-09-24
690.0,508,363,2028-01-22,2026-09-24
700.0,3588,2142,2028-01-22,2026-09-24
710.0,298,71,2028-01-22,2026-09-24
720.0,622,479,2028-01-22,2026-09-24
724.0,36,0,2028-01-22,2026-09-24
730.0,387,136,2028-01-22,2026-09-24
740.0,771,203,2028-01-22,2026-09-24
750.0,2195,426,2028-01-22,2026-09-24
760.0,1040,182,2028-01-22,2026-09-24
770.0,353,97,2028-01-22,2026-09-24
780.0,265,86,2028-01-22,2026-09-24
790.0,280,75,2028-01-22,2026-09-24
800.0,3261,1162,2028-01-22,2026-09-24
810.0,456,52,2028-01-22,2026-09-24
820.0,829,79,2028-01-22,2026-09-24
830.0,652,11,2028-01-22,2026-09-24
840.0,410,28,2028-01-22,2026-09-24
850.0,2711,204,2028-01-22,2026-09-24
860.0,697,47,2028-01-22,2026-09-24
870.0,1312,23,2028-01-22,2026-09-24
880.0,186,9,2028-01-22,2026-09-24
890.0,2086,12,2028-01-22,2026-09-24
900.0,2969,225,2028-01-22,2026-09-24
910.0,471,1,2028-01-22,2026-09-24
920.0,736,208,2028-01-22,2026-09-24
930.0,1968,7,2028-01-22,2026-09-24
940.0,525,10,2028-01-22,2026-09-24
950.0,1872,106,2028-01-22,2026-09-24
960.0,1003,18,2028-01-22,2026-09-24
970.0,300,11,2028-01-22,2026-09-24
980.0,611,10,2028-01-22,2026-09-24
990.0,2329,26,2028-01-22,2026-09-24
1000.0,15771,480,2028-01-22,2026-09-24
1010.0,363,4,2028-01-22,2026-09-24
1020.0,4289,10022,2028-01-22,2026-09-24
1030.0,139,2,2028-01-22,2026-09-24
1040.0,395,2,2028-01-22,2026-09-24
1050.0,3474,1,2028-01-22,2026-09-24
1060.0,1036,0,2028-01-22,2026-09-24
1070.0,4152,0,2028-01-22,2026-09-24
1080.0,187,1,2028-01-22,2026-09-24
1090.0,1662,0,2028-01-22,2026-09-24
1100.0,6531,0,2028-01-22,2026-09-24
1100.01,15225,0,2028-01-22,2026-09-24
1110.0,175,1,2028-01-22,2026-09-24
1120.0,134,0,2028-01-22,2026-09-24
1130.0,501,16,2028-01-22,2026-09-24
1140.0,157,2,2028-01-22,2026-09-24
1150.0,185,1,2028-01-22,2026-09-24
1160.0,186,1,2028-01-22,2026-09-24
1170.0,189,15,2028-01-22,2026-09-24
1180.0,99,0,2028-01-22,2026-09-24
1190.0,295,1,2028-01-22,2026-09-24
1200.0,7755,16,2028-01-22,2026-09-24
1210.0,339,0,2028-01-22,2026-09-24
1220.0,150,0,2028-01-22,2026-09-24
1230.0,246,1,2028-01-22,2026-09-24
1240.0,105,0,2028-01-22,2026-09-24
1250.0,389,0,2028-01-22,2026-09-24
1260.0,141,0,2028-01-22,2026-09-24
1270.0,8022,0,2028-01-22,2026-09-24
1280.0,312,0,2028-01-22,2026-09-24
1300.0,2588,0,2028-01-22,2026-09-24
1320.0,268,0,2028-01-22,2026-09-24
1340.0,154,0,2028-01-22,2026-09-24
1350.0,148,0,2028-01-22,2026-09-24
1360.0,186,0,2028-01-22,2026-09-24
1380.0,258,0,2028-01-22,2026-09-24
1400.0,519,2,2028-01-22,2026-09-24
1420.0,138,0,2028-01-22,2026-09-24
1430.0,280,0,2028-01-22,2026-09-24
1440.0,341,0,2028-01-22,2026-09-24
1450.0,273,0,2028-01-22,2026-09-24
1460.0,276,0,2028-01-22,2026-09-24
1470.0,327,0,2028-01-22,2026-09-24
1480.0,385,0,2028-01-22,2026-09-24
1490.0,304,0,2028-01-22,2026-09-24
1500.0,9832,1,2028-01-22,2026-09-24
5.0,694,255,2028-06-17,2026-09-24
10.0,1,0,2028-06-17,2026-09-24
15.0,0,0,2028-06-17,2026-09-24
20.0,1,0,2028-06-17,2026-09-24
25.0,0,0,2028-06-17,2026-09-24
30.0,0,0,2028-06-17,2026-09-24
35.0,0,0,2028-06-17,2026-09-24
40.0,1,0,2028-06-17,2026-09-24
45.0,0,0,2028-06-17,2026-09-24
50.0,0,352,2028-06-17,2026-09-24
55.0,0,103,2028-06-17,2026-09-24
60.0,1,353,2028-06-17,2026-09-24
65.0,1,60,2028-06-17,2026-09-24
70.0,4,55,2028-06-17,2026-09-24
75.0,0,58,2028-06-17,2026-09-24
80.0,0,0,2028-06-17,2026-09-24
85.0,0,3,2028-06-17,2026-09-24
90.0,0,5,2028-06-17,2026-09-24
95.0,0,5,2028-06-17,2026-09-24
100.0,2,75,2028-06-17,2026-09-24
105.0,1,84,2028-06-17,2026-09-24
110.0,0,16,2028-06-17,2026-09-24
115.0,2,0,2028-06-17,2026-09-24
120.0,48,5,2028-06-17,2026-09-24
125.0,3,1,2028-06-17,2026-09-24
130.0,34,1,2028-06-17,2026-09-24
135.0,33,6,2028-06-17,2026-09-24
140.0,3,9,2028-06-17,2026-09-24
145.0,0,1200,2028-06-17,2026-09-24
150.0,22,339,2028-06-17,2026-09-24
155.0,0,971,2028-06-17,2026-09-24
160.0,11,542,2028-06-17,2026-09-24
165.0,22,44,2028-06-17,2026-09-24
170.0,15,4,2028-06-17,2026-09-24
175.0,2,309,2028-06-17,2026-09-24
180.0,11,51,2028-06-17,2026-09-24
185.0,41,11,2028-06-17,2026-09-24
190.0,13,1159,2028-06-17,2026-09-24
195.0,1,322,2028-06-17,2026-09-24
200.0,39,1079,2028-06-17,2026-09-24
205.0,1,630,2028-06-17,2026-09-24
210.0,2,267,2028-06-17,2026-09-24
215.0,5,1161,2028-06-17,2026-09-24
220.0,14,20,2028-06-17,2026-09-24
225.0,12,348,2028-06-17,2026-09-24
230.0,6,1016,2028-06-17,2026-09-24
235.0,15,698,2028-06-17,2026-09-24
240.0,34,296,2028-06-17,2026-09-24
245.0,2,33,2028-06-17,2026-09-24
250.0,18,103,2028-06-17,2026-09-24
255.0,11,22,2028-06-17,2026-09-24
260.0,22,31,2028-06-17,2026-09-24
270.0,21,25,2028-06-17,2026-09-24
280.0,14,32,2028-06-17,2026-09-24
290.0,16,105,2028-06-17,2026-09-24
300.0,37,1882,2028-06-17,2026-09-24
310.0,36,208,2028-06-17,2026-09-24
320.0,52,1206,2028-06-17,2026-09-24
330.0,28,30,2028-06-17,2026-09-24
340.0,55,190,2028-06-17,2026-09-24
350.0,32,185,2028-06-17,2026-09-24
360.0,40,70,2028-06-17,2026-09-24
370.0,21,206,2028-06-17,2026-09-24
380.0,34,67,2028-06-17,2026-09-24
390.0,31,30,2028-06-17,2026-09-24
400.0,284,693,2028-06-17,2026-09-24
410.0,14,251,2028-06-17,2026-09-24
420.0,29,237,2028-06-17,2026-09-24
430.0,43,539,2028-06-17,2026-09-24
440.0,43,58,2028-06-17,2026-09-24
450.0,73,711,2028-06-17,2026-09-24
460.0,23,121,2028-06-17,2026-09-24
470.0,23,324,2028-06-17,2026-09-24
480.0,52,474,2028-06-17,2026-09-24
490.0,25,218,2028-06-17,2026-09-24
500.0,224,1236,2028-06-17,2026-09-24
510.0,46,85,2028-06-17,2026-09-24
520.0,48,178,2028-06-17,2026-09-24
530.0,109,362,2028-06-17,2026-09-24
540.0,123,127,2028-06-17,2026-09-24
550.0,551,1132,2028-06-17,2026-09-24
560.0,89,338,2028-06-17,2026-09-24
570.0,166,320,2028-06-17,2026-09-24
580.0,102,332,2028-06-17,2026-09-24
590.0,115,134,2028-06-17,2026-09-24
600.0,605,402,2028-06-17,2026-09-24
610.0,91,47,2028-06-17,2026-09-24
612.0,0,20,2028-06-17,2026-09-24
620.0,123,52,2028-06-17,2026-09-24
630.0,93,126,2028-06-17,2026-09-24
640.0,116,92,2028-06-17,2026-09-24
650.0,234,134,2028-06-17,2026-09-24
660.0,134,129,2028-06-17,2026-09-24
670.0,685,312,2028-06-17,2026-09-24
680.0,156,50,2028-06-17,2026-09-24
690.0,109,126,2028-06-17,2026-09-24
700.0,1110,160,2028-06-17,2026-09-24
710.0,203,84,2028-06-17,2026-09-24
720.0,391,139,2028-06-17,2026-09-24
730.0,208,138,2028-06-17,2026-09-24
740.0,112,13,2028-06-17,2026-09-24
750.0,195,54,2028-06-17,2026-09-24
760.0,97,6,2028-06-17,2026-09-24
770.0,165,2,2028-06-17,2026-09-24
780.0,98,46,2028-06-17,2026-09-24
790.0,172,52,2028-06-17,2026-09-24
800.0,769,446,2028-06-17,2026-09-24
810.0,128,9,2028-06-17,2026-09-24
820.0,114,5,2028-06-17,2026-09-24
830.0,25,11,2028-06-17,2026-09-24
840.0,787,9,2028-06-17,2026-09-24
850.0,159,0,2028-06-17,2026-09-24
860.0,109,4,2028-06-17,2026-09-24
870.0,424,3,2028-06-17,2026-09-24
880.0,68,1,2028-06-17,2026-09-24
890.0,55,12,2028-06-17,2026-09-24
900.0,262,4,2028-06-17,2026-09-24
910.0,65,1,2028-06-17,2026-09-24
920.0,37,2,2028-06-17,2026-09-24
930.0,27,0,2028-06-17,2026-09-24
940.0,235,53,2028-06-17,2026-09-24
950.0,145,11,2028-06-17,2026-09-24
960.0,36,32,2028-06-17,2026-09-24
970.0,163,1,2028-06-17,2026-09-24
972.4,20,0,2028-06-17,2026-09-24
980.0,79,33,2028-06-17,2026-09-24
990.0,74,1,2028-06-17,2026-09-24
1000.0,741,5,2028-06-17,2026-09-24
1010.0,1095,14,2028-06-17,2026-09-24
1020.0,757,28,2028-06-17,2026-09-24
1030.0,236,1,2028-06-17,2026-09-24
1040.0,113,5,2028-06-17,2026-09-24
1050.0,105,7,2028-06-17,2026-09-24
1060.0,259,2,2028-06-17,2026-09-24
1070.0,84,11,2028-06-17,2026-09-24
1080.0,125,5,2028-06-17,2026-09-24
1090.0,44,16,2028-06-17,2026-09-24
1100.0,222,11,2028-06-17,2026-09-24
1110.0,164,0,2028-06-17,2026-09-24
1120.0,255,1,2028-06-17,2026-09-24
1130.0,186,0,2028-06-17,2026-09-24
1140.0,1282,0,2028-06-17,2026-09-24
1150.0,94,0,2028-06-17,2026-09-24
1160.0,1619,0,2028-06-17,2026-09-24
1170.0,96,0,2028-06-17,2026-09-24
1180.0,81,0,2028-06-17,2026-09-24
1190.0,30,0,2028-06-17,2026-09-24
1200.0,5448,3,2028-06-17,2026-09-24
1210.0,85,4,2028-06-17,2026-09-24
1220.0,68,1,2028-06-17,2026-09-24
1230.0,35,1,2028-06-17,2026-09-24
1240.0,49,0,2028-06-17,2026-09-24
1250.0,64,0,2028-06-17,2026-09-24
1260.0,50,0,2028-06-17,2026-09-24
1270.0,52,10,2028-06-17,2026-09-24
1280.0,52,3,2028-06-17,2026-09-24
1290.0,55,0,2028-06-17,2026-09-24
1300.0,157,0,2028-06-17,2026-09-24
1310.0,63,0,2028-06-17,2026-09-24
1320.0,54,0,2028-06-17,2026-09-24
1330.0,39,0,2028-06-17,2026-09-24
1340.0,51,0,2028-06-17,2026-09-24
1350.0,146,1,2028-06-17,2026-09-24
1360.0,147,0,2028-06-17,2026-09-24
1370.0,67,1,2028-06-17,2026-09-24
1380.0,12,0,2028-06-17,2026-09-24
1390.0,50,0,2028-06-17,2026-09-24
1400.0,1577,0,2028-06-17,2026-09-24
1410.0,1516,0,2028-06-17,2026-09-24
1420.0,169,0,2028-06-17,2026-09-24
1430.0,79,0,2028-06-17,2026-09-24
1440.0,77,0,2028-06-17,2026-09-24
1450.0,151,0,2028-06-17,2026-09-24
1460.0,86,0,2028-06-17,2026-09-24
1470.0,110,0,2028-06-17,2026-09-24
1480.0,307,0,2028-06-17,2026-09-24
1490.0,46,0,2028-06-17,2026-09-24
5.0,3512,50,2028-12-16,2026-09-24
10.0,937,2,2028-12-16,2026-09-24
15.0,14,0,2028-12-16,2026-09-24
20.0,17,0,2028-12-16,2026-09-24
25.0,1,0,2028-12-16,2026-09-24
30.0,1,0,2028-12-16,2026-09-24
35.0,0,0,2028-12-16,2026-09-24
40.0,3,26,2028-12-16,2026-09-24
45.0,4,51,2028-12-16,2026-09-24
50.0,2,362,2028-12-16,2026-09-24
55.0,1,35,2028-12-16,2026-09-24
60.0,2,354,2028-12-16,2026-09-24
65.0,0,74,2028-12-16,2026-09-24
70.0,0,63,2028-12-16,2026-09-24
75.0,2,76,2028-12-16,2026-09-24
80.0,0,108,2028-12-16,2026-09-24
85.0,0,8,2028-12-16,2026-09-24
90.0,8,12,2028-12-16,2026-09-24
95.0,1,12,2028-12-16,2026-09-24
100.0,4,2559,2028-12-16,2026-09-24
105.0,18,9,2028-12-16,2026-09-24
110.0,23,6,2028-12-16,2026-09-24
115.0,6,4,2028-12-16,2026-09-24
120.0,23,8,2028-12-16,2026-09-24
125.0,18,0,2028-12-16,2026-09-24
130.0,5,58,2028-12-16,2026-09-24
135.0,32,21,2028-12-16,2026-09-24
140.0,61,59,2028-12-16,2026-09-24
145.0,14,9,2028-12-16,2026-09-24
150.0,6,131,2028-12-16,2026-09-24
155.0,26,395,2028-12-16,2026-09-24
160.0,18,63,2028-12-16,2026-09-24
165.0,13,13,2028-12-16,2026-09-24
170.0,45,25,2028-12-16,2026-09-24
175.0,41,61,2028-12-16,2026-09-24
180.0,13,61,2028-12-16,2026-09-24
185.0,31,11,2028-12-16,2026-09-24
190.0,22,75,2028-12-16,2026-09-24
195.0,46,773,2028-12-16,2026-09-24
200.0,171,207,2028-12-16,2026-09-24
210.0,36,56,2028-12-16,2026-09-24
220.0,122,47,2028-12-16,2026-09-24
230.0,56,57,2028-12-16,2026-09-24
240.0,163,60,2028-12-16,2026-09-24
250.0,117,142,2028-12-16,2026-09-24
260.0,53,71,2028-12-16,2026-09-24
270.0,64,35,2028-12-16,2026-09-24
280.0,36,63,2028-12-16,2026-09-24
290.0,42,84,2028-12-16,2026-09-24
300.0,954,1107,2028-12-16,2026-09-24
310.0,247,559,2028-12-16,2026-09-24
320.0,55,154,2028-12-16,2026-09-24
330.0,18,190,2028-12-16,2026-09-24
340.0,38,81,2028-12-16,2026-09-24
350.0,112,417,2028-12-16,2026-09-24
360.0,356,379,2028-12-16,2026-09-24
370.0,47,235,2028-12-16,2026-09-24
380.0,87,441,2028-12-16,2026-09-24
390.0,40,57,2028-12-16,2026-09-24
400.0,411,1544,2028-12-16,2026-09-24
410.0,96,341,2028-12-16,2026-09-24
420.0,59,73,2028-12-16,2026-09-24
430.0,56,392,2028-12-16,2026-09-24
440.0,127,356,2028-12-16,2026-09-24
450.0,195,1781,2028-12-16,2026-09-24
460.0,38,186,2028-12-16,2026-09-24
470.0,38,425,2028-12-16,2026-09-24
480.0,59,661,2028-12-16,2026-09-24
490.0,113,507,2028-12-16,2026-09-24
500.0,1246,3504,2028-12-16,2026-09-24
510.0,100,511,2028-12-16,2026-09-24
520.0,130,605,2028-12-16,2026-09-24
530.0,399,437,2028-12-16,2026-09-24
540.0,1177,729,2028-12-16,2026-09-24
550.0,883,1124,2028-12-16,2026-09-24
560.0,328,370,2028-12-16,2026-09-24
570.0,559,412,2028-12-16,2026-09-24
580.0,784,236,2028-12-16,2026-09-24
590.0,566,472,2028-12-16,2026-09-24
600.0,3163,1167,2028-12-16,2026-09-24
610.0,504,270,2028-12-16,2026-09-24
620.0,349,383,2028-12-16,2026-09-24
630.0,221,238,2028-12-16,2026-09-24
640.0,3019,350,2028-12-16,2026-09-24
650.0,2753,771,2028-12-16,2026-09-24
660.0,2413,192,2028-12-16,2026-09-24
670.0,570,638,2028-12-16,2026-09-24
680.0,242,145,2028-12-16,2026-09-24
690.0,380,120,2028-12-16,2026-09-24
700.0,2367,655,2028-12-16,2026-09-24
710.0,966,123,2028-12-16,2026-09-24
720.0,215,56,2028-12-16,2026-09-24
730.0,1572,114,2028-12-16,2026-09-24
740.0,1631,25,2028-12-16,2026-09-24
750.0,592,354,2028-12-16,2026-09-24
760.0,242,111,2028-12-16,2026-09-24
770.0,120,74,2028-12-16,2026-09-24
780.0,309,41,2028-12-16,2026-09-24
790.0,515,57,2028-12-16,2026-09-24
800.0,1645,182,2028-12-16,2026-09-24
810.0,818,57,2028-12-16,2026-09-24
820.0,134,38,2028-12-16,2026-09-24
830.0,239,22,2028-12-16,2026-09-24
840.0,204,20,2028-12-16,2026-09-24
850.0,545,32,2028-12-16,2026-09-24
860.0,261,24,2028-12-16,2026-09-24
870.0,602,47,2028-12-16,2026-09-24
880.0,230,210,2028-12-16,2026-09-24
890.0,81,122,2028-12-16,2026-09-24
900.0,882,212,2028-12-16,2026-09-24
910.0,344,46,2028-12-16,2026-09-24
920.0,310,70,2028-12-16,2026-09-24
930.0,516,2,2028-12-16,2026-09-24
940.0,684,81,2028-12-16,2026-09-24
950.0,362,76,2028-12-16,2026-09-24
960.0,72,5,2028-12-16,2026-09-24
970.0,151,85,2028-12-16,2026-09-24
980.0,88,23,2028-12-16,2026-09-24
990.0,188,24,2028-12-16,2026-09-24
1000.0,2392,118,2028-12-16,2026-09-24
1010.0,98,145,2028-12-16,2026-09-24
1020.0,84,5,2028-12-16,2026-09-24
1030.0,84,130,2028-12-16,2026-09-24
1040.0,57,19,2028-12-16,2026-09-24
1050.0,290,214,2028-12-16,2026-09-24
1060.0,77,14,2028-12-16,2026-09-24
1070.0,19,5,2028-12-16,2026-09-24
1080.0,358,55,2028-12-16,2026-09-24
1090.0,595,21,2028-12-16,2026-09-24
1100.0,2429,124,2028-12-16,2026-09-24
1110.0,344,6,2028-12-16,2026-09-24
1120.0,66,79,2028-12-16,2026-09-24
1130.0,93,4,2028-12-16,2026-09-24
1140.0,1216,0,2028-12-16,2026-09-24
1150.0,180,1,2028-12-16,2026-09-24
1160.0,352,0,2028-12-16,2026-09-24
1170.0,183,0,2028-12-16,2026-09-24
1180.0,519,0,2028-12-16,2026-09-24
1190.0,25,0,2028-12-16,2026-09-24
1200.0,794,4,2028-12-16,2026-09-24
1210.0,72,1,2028-12-16,2026-09-24
1220.0,98,1,2028-12-16,2026-09-24
1230.0,19,20,2028-12-16,2026-09-24
1240.0,26,0,2028-12-16,2026-09-24
1250.0,1044,0,2028-12-16,2026-09-24
1260.0,85,0,2028-12-16,2026-09-24
1270.0,42,1,2028-12-16,2026-09-24
1280.0,143,10,2028-12-16,2026-09-24
1290.0,199,0,2028-12-16,2026-09-24
1300.0,231,1,2028-12-16,2026-09-24
1310.0,2285,0,2028-12-16,2026-09-24
1320.0,25,1,2028-12-16,2026-09-24
1330.0,876,2,2028-12-16,2026-09-24
1340.0,36,0,2028-12-16,2026-09-24
1350.0,200,1,2028-12-16,2026-09-24
1360.0,142,1,2028-12-16,2026-09-24
1370.0,157,10,2028-12-16,2026-09-24
1380.0,142,10,2028-12-16,2026-09-24
1390.0,55,1,2028-12-16,2026-09-24
1400.0,2353,5,2028-12-16,2026-09-24
1410.0,167,0,2028-12-16,2026-09-24
1420.0,70,0,2028-12-16,2026-09-24
1430.0,58,0,2028-12-16,2026-09-24
1440.0,79,0,2028-12-16,2026-09-24
1450.0,1643,0,2028-12-16,2026-09-24
1460.0,1113,0,2028-12-16,2026-09-24
1470.0,268,1,2028-12-16,2026-09-24
1480.0,4715,0,2028-12-16,2026-09-24
1490.0,197,0,2028-12-16,2026-09-24
200.0,5,32,2029-01-20,2026-09-24
220.0,0,0,2029-01-20,2026-09-24
240.0,0,4,2029-01-20,2026-09-24
260.0,1,11,2029-01-20,2026-09-24
280.0,1,15,2029-01-20,2026-09-24
300.0,5,11,2029-01-20,2026-09-24
320.0,1,3,2029-01-20,2026-09-24
340.0,1,16,2029-01-20,2026-09-24
350.0,5,2,2029-01-20,2026-09-24
360.0,1,10,2029-01-20,2026-09-24
370.0,0,2,2029-01-20,2026-09-24
380.0,0,2,2029-01-20,2026-09-24
390.0,1,0,2029-01-20,2026-09-24
400.0,0,75,2029-01-20,2026-09-24
400.0,20,16,2029-01-20,2026-09-24
410.0,0,1,2029-01-20,2026-09-24
420.0,50,6,2029-01-20,2026-09-24
430.0,0,0,2029-01-20,2026-09-24
440.0,0,100,2029-01-20,2026-09-24
440.0,3,4,2029-01-20,2026-09-24
450.0,1,3,2029-01-20,2026-09-24
460.0,10,7,2029-01-20,2026-09-24
470.0,0,0,2029-01-20,2026-09-24
480.0,10,2,2029-01-20,2026-09-24
490.0,1,2,2029-01-20,2026-09-24
500.0,0,50,2029-01-20,2026-09-24
500.0,29,87,2029-01-20,2026-09-24
510.0,0,0,2029-01-20,2026-09-24
520.0,0,4,2029-01-20,2026-09-24
530.0,0,3,2029-01-20,2026-09-24
540.0,2,2,2029-01-20,2026-09-24
550.0,6,11,2029-01-20,2026-09-24
560.0,3278,21,2029-01-20,2026-09-24
570.0,6,7,2029-01-20,2026-09-24
580.0,2,2,2029-01-20,2026-09-24
590.0,6,1,2029-01-20,2026-09-24
593.0,0,12,2029-01-20,2026-09-24
600.0,52,22,2029-01-20,2026-09-24
610.0,1,3,2029-01-20,2026-09-24
620.0,78,26,2029-01-20,2026-09-24
630.0,0,20,2029-01-20,2026-09-24
640.0,11,2,2029-01-20,2026-09-24
650.0,31,8,2029-01-20,2026-09-24
660.0,94,32,2029-01-20,2026-09-24
670.0,35,20,2029-01-20,2026-09-24
680.0,89,4,2029-01-20,2026-09-24
690.0,32,1,2029-01-20,2026-09-24
700.0,66,24,2029-01-20,2026-09-24
710.0,26,36,2029-01-20,2026-09-24
720.0,72,38,2029-01-20,2026-09-24
730.0,42,2,2029-01-20,2026-09-24
740.0,27,6,2029-01-20,2026-09-24
750.0,333,4,2029-01-20,2026-09-24
760.0,23,0,2029-01-20,2026-09-24
770.0,12,0,2029-01-20,2026-09-24
770.0,6,0,2029-01-20,2026-09-24
780.0,8,3,2029-01-20,2026-09-24
790.0,148,0,2029-01-20,2026-09-24
800.0,247,16,2029-01-20,2026-09-24
810.0,34,0,2029-01-20,2026-09-24
820.0,5,10,2029-01-20,2026-09-24
830.0,3,11,2029-01-20,2026-09-24
840.0,20,20,2029-01-20,2026-09-24
850.0,18,0,2029-01-20,2026-09-24
860.0,2,0,2029-01-20,2026-09-24
870.0,4,1,2029-01-20,2026-09-24
880.0,0,12,2029-01-20,2026-09-24
890.0,30,0,2029-01-20,2026-09-24
900.0,78,2,2029-01-20,2026-09-24
910.0,7,0,2029-01-20,2026-09-24
920.0,1,0,2029-01-20,2026-09-24
930.0,0,0,2029-01-20,2026-09-24
940.0,0,0,2029-01-20,2026-09-24
950.0,11,0,2029-01-20,2026-09-24
960.0,31,0,2029-01-20,2026-09-24
980.0,1,0,2029-01-20,2026-09-24
1000.0,58,6,2029-01-20,2026-09-24
1020.0,6,0,2029-01-20,2026-09-24
1040.0,5,0,2029-01-20,2026-09-24
1060.0,2,0,2029-01-20,2026-09-24
1080.0,1,0,2029-01-20,2026-09-24
1100.0,12,1,2029-01-20,2026-09-24
1120.0,103,0,2029-01-20,2026-09-24
1140.0,2,0,2029-01-20,2026-09-24
1160.0,3,0,2029-01-20,2026-09-24
1180.0,1,0,2029-01-20,2026-09-24
1200.0,50,31,2029-01-20,2026-09-24
1220.0,0,0,2029-01-20,2026-09-24
1240.0,0,0,2029-01-20,2026-09-24
1260.0,0,0,2029-01-20,2026-09-24
1280.0,1,0,2029-01-20,2026-09-24
1300.0,14,31,2029-01-20,2026-09-24
1320.0,73,5,2029-01-20,2026-09-24
1330.0,0,0,2029-01-20,2026-09-24
1340.0,0,0,2029-01-20,2026-09-24
1350.0,0,0,2029-01-20,2026-09-24
1360.0,0,0,2029-01-20,2026-09-24
1370.0,0,0,2029-01-20,2026-09-24
1380.0,4,0,2029-01-20,2026-09-24
1390.0,0,0,2029-01-20,2026-09-24
1400.0,0,0,2029-01-20,2026-09-24
1410.0,0,0,2029-01-20,2026-09-24
1420.0,0,0,2029-01-20,2026-09-24
1430.0,0,0,2029-01-20,2026-09-24
1440.0,0,0,2029-01-20,2026-09-24
1450.0,0,0,2029-01-20,2026-09-24
1460.0,15,0,2029-01-20,2026-09-24
1470.0,20,0,2029-01-20,2026-09-24
1480.0,12,1,2029-01-20,2026-09-24
1490.0,44,0,2029-01-20,2026-09-24
605.13,0,18,2029-02-17,2026-09-24
770.0,18,0,2029-02-17,2026-09-24
605.0,0,18,2029-12-22,2026-09-24
620.0,0,18,2029-12-22,2026-09-24
833.35,18,0,2029-12-22,2026-09-24
873.09,20,20,2029-12-22,2026-09-24
889.87,18,0,2029-12-22,2026-09-24
485.0,0,31,2030-01-19,2026-09-24
490.0,0,60,2030-01-19,2026-09-24
593.0,0,36,2030-02-16,2026-09-24
885.0,36,0,2030-02-16,2026-09-24
610.0,0,18,2030-06-22,2026-09-24
943.37,18,0,2030-06-22,2026-09-24
400.0,0,75,2031-01-18,2026-09-24
600.0,0,12,2031-01-18,2026-09-24
964.63,12,0,2031-01-18,2026-09-24
