Strike,Call,Put,Expiry,Date
500.0,0,39,2026-09-17,2026-09-17
505.0,0,293,2026-09-17,2026-09-17
510.0,0,22,2026-09-17,2026-09-17
515.0,0,158,2026-09-17,2026-09-17
520.0,0,32,2026-09-17,2026-09-17
525.0,0,16,2026-09-17,2026-09-17
530.0,0,34,2026-09-17,2026-09-17
535.0,0,19,2026-09-17,2026-09-17
540.0,0,35,2026-09-17,2026-09-17
545.0,0,97,2026-09-17,2026-09-17
550.0,0,53,2026-09-17,2026-09-17
555.0,0,78,2026-09-17,2026-09-17
560.0,0,96,2026-09-17,2026-09-17
565.0,0,62,2026-09-17,2026-09-17
570.0,0,3201,2026-09-17,2026-09-17
575.0,0,280,2026-09-17,2026-09-17
580.0,0,2194,2026-09-17,2026-09-17
582.5,0,35,2026-09-17,2026-09-17
585.0,0,2060,2026-09-17,2026-09-17
587.5,0,1596,2026-09-17,2026-09-17
590.0,0,723,2026-09-17,2026-09-17
592.5,0,319,2026-09-17,2026-09-17
595.0,0,378,2026-09-17,2026-09-17
597.5,0,160,2026-09-17,2026-09-17
600.0,0,859,2026-09-17,2026-09-17
602.5,0,126,2026-09-17,2026-09-17
605.0,0,916,2026-09-17,2026-09-17
607.5,0,429,2026-09-17,2026-09-17
610.0,0,768,2026-09-17,2026-09-17
612.5,0,170,2026-09-17,2026-09-17
615.0,0,3335,2026-09-17,2026-09-17
617.5,0,286,2026-09-17,2026-09-17
620.0,0,632,2026-09-17,2026-09-17
622.5,0,287,2026-09-17,2026-09-17
625.0,0,580,2026-09-17,2026-09-17
627.5,0,213,2026-09-17,2026-09-17
630.0,0,1510,2026-09-17,2026-09-17
632.5,0,381,2026-09-17,2026-09-17
635.0,0,705,2026-09-17,2026-09-17
637.5,0,579,2026-09-17,2026-09-17
640.0,0,2023,2026-09-17,2026-09-17
642.5,0,1050,2026-09-17,2026-09-17
645.0,0,2788,2026-09-17,2026-09-17
647.5,0,611,2026-09-17,2026-09-17
650.0,0,2793,2026-09-17,2026-09-17
652.5,0,723,2026-09-17,2026-09-17
655.0,0,1294,2026-09-17,2026-09-17
657.5,0,646,2026-09-17,2026-09-17
660.0,0,3530,2026-09-17,2026-09-17
662.5,0,1208,2026-09-17,2026-09-17
665.0,0,2269,2026-09-17,2026-09-17
667.5,0,2217,2026-09-17,2026-09-17
670.0,0,4078,2026-09-17,2026-09-17
672.5,0,1041,2026-09-17,2026-09-17
675.0,1026,0,2026-09-17,2026-09-17
677.5,900,0,2026-09-17,2026-09-17
680.0,3356,0,2026-09-17,2026-09-17
682.5,1724,0,2026-09-17,2026-09-17
685.0,4980,0,2026-09-17,2026-09-17
687.5,1199,0,2026-09-17,2026-09-17
690.0,4927,0,2026-09-17,2026-09-17
692.5,1842,0,2026-09-17,2026-09-17
695.0,4084,0,2026-09-17,2026-09-17
697.5,1281,0,2026-09-17,2026-09-17
700.0,8581,0,2026-09-17,2026-09-17
702.5,995,0,2026-09-17,2026-09-17
705.0,2454,0,2026-09-17,2026-09-17
707.5,1054,0,2026-09-17,2026-09-17
710.0,3535,0,2026-09-17,2026-09-17
715.0,896,0,2026-09-17,2026-09-17
720.0,719,0,2026-09-17,2026-09-17
725.0,688,0,2026-09-17,2026-09-17
730.0,929,0,2026-09-17,2026-09-17
735.0,712,0,2026-09-17,2026-09-17
740.0,618,0,2026-09-17,2026-09-17
745.0,495,0,2026-09-17,2026-09-17
750.0,487,0,2026-09-17,2026-09-17
755.0,383,0,2026-09-17,2026-09-17
760.0,458,0,2026-09-17,2026-09-17
765.0,528,0,2026-09-17,2026-09-17
770.0,138,0,2026-09-17,2026-09-17
775.0,6,0,2026-09-17,2026-09-17
780.0,503,0,2026-09-17,2026-09-17
785.0,19,0,2026-09-17,2026-09-17
790.0,1,0,2026-09-17,2026-09-17
795.0,0,0,2026-09-17,2026-09-17
800.0,7,0,2026-09-17,2026-09-17
805.0,0,0,2026-09-17,2026-09-17
810.0,7,0,2026-09-17,2026-09-17
815.0,1,0,2026-09-17,2026-09-17
820.0,1,0,2026-09-17,2026-09-17
825.0,0,0,2026-09-17,2026-09-17
830.0,1,0,2026-09-17,2026-09-17
835.0,1,0,2026-09-17,2026-09-17
840.0,1,0,2026-09-17,2026-09-17
845.0,1,0,2026-09-17,2026-09-17
850.0,0,0,2026-09-17,2026-09-17
855.0,0,0,2026-09-17,2026-09-17
860.0,0,0,2026-09-17,2026-09-17
865.0,0,0,2026-09-17,2026-09-17
870.0,0,0,2026-09-17,2026-09-17
875.0,0,0,2026-09-17,2026-09-17
880.0,0,0,2026-09-17,2026-09-17
885.0,0,0,2026-09-17,2026-09-17
890.0,0,0,2026-09-17,2026-09-17
895.0,1,0,2026-09-17,2026-09-17
900.0,1,0,2026-09-17,2026-09-17
905.0,1,0,2026-09-17,2026-09-17
910.0,1,0,2026-09-17,2026-09-17
915.0,0,0,2026-09-17,2026-09-17
920.0,0,0,2026-09-17,2026-09-17
925.0,0,0,2026-09-17,2026-09-17
930.0,0,0,2026-09-17,2026-09-17
935.0,0,0,2026-09-17,2026-09-17
940.0,0,0,2026-09-17,2026-09-17
945.0,0,0,2026-09-17,2026-09-17
950.0,0,0,2026-09-17,2026-09-17
955.0,0,0,2026-09-17,2026-09-17
960.0,0,0,2026-09-17,2026-09-17
965.0,1,0,2026-09-17,2026-09-17
970.0,1,0,2026-09-17,2026-09-17
975.0,3,0,2026-09-17,2026-09-17
980.0,0,0,2026-09-17,2026-09-17
985.0,2,0,2026-09-17,2026-09-17
5.0,574,3283,2026-09-19,2026-09-17
10.0,24,194,2026-09-19,2026-09-17
15.0,0,501,2026-09-19,2026-09-17
20.0,2,309,2026-09-19,2026-09-17
25.0,1,32,2026-09-19,2026-09-17
30.0,2,37,2026-09-19,2026-09-17
35.0,1,49,2026-09-19,2026-09-17
40.0,0,968,2026-09-19,2026-09-17
45.0,1,840,2026-09-19,2026-09-17
50.0,2,223,2026-09-19,2026-09-17
55.0,0,2665,2026-09-19,2026-09-17
60.0,0,716,2026-09-19,2026-09-17
65.0,2,3304,2026-09-19,2026-09-17
70.0,1,4601,2026-09-19,2026-09-17
75.0,0,3650,2026-09-19,2026-09-17
80.0,0,5465,2026-09-19,2026-09-17
85.0,0,4179,2026-09-19,2026-09-17
90.0,0,5586,2026-09-19,2026-09-17
95.0,5,6808,2026-09-19,2026-09-17
100.0,118,4820,2026-09-19,2026-09-17
120.0,7,5765,2026-09-19,2026-09-17
130.0,2,1858,2026-09-19,2026-09-17
140.0,25,30521,2026-09-19,2026-09-17
280.0,1,1412,2026-09-19,2026-09-17
290.0,9,414,2026-09-19,2026-09-17
300.0,17,3120,2026-09-19,2026-09-17
310.0,15,1558,2026-09-19,2026-09-17
320.0,103,815,2026-09-19,2026-09-17
330.0,34,746,2026-09-19,2026-09-17
340.0,41,1356,2026-09-19,2026-09-17
350.0,138,2063,2026-09-19,2026-09-17
360.0,41,827,2026-09-19,2026-09-17
370.0,30,492,2026-09-19,2026-09-17
375.0,2,199,2026-09-19,2026-09-17
380.0,29,588,2026-09-19,2026-09-17
385.0,2,293,2026-09-19,2026-09-17
390.0,44,2007,2026-09-19,2026-09-17
395.0,20,182,2026-09-19,2026-09-17
400.0,235,2975,2026-09-19,2026-09-17
405.0,2,213,2026-09-19,2026-09-17
410.0,46,1303,2026-09-19,2026-09-17
415.0,21,280,2026-09-19,2026-09-17
420.0,50,868,2026-09-19,2026-09-17
425.0,0,376,2026-09-19,2026-09-17
430.0,68,1814,2026-09-19,2026-09-17
435.0,5,389,2026-09-19,2026-09-17
440.0,76,2658,2026-09-19,2026-09-17
445.0,0,632,2026-09-19,2026-09-17
450.0,654,4956,2026-09-19,2026-09-17
455.0,38,765,2026-09-19,2026-09-17
460.0,61,6366,2026-09-19,2026-09-17
465.0,17,1991,2026-09-19,2026-09-17
470.0,126,3355,2026-09-19,2026-09-17
475.0,25,1744,2026-09-19,2026-09-17
480.0,107,2530,2026-09-19,2026-09-17
485.0,19,1399,2026-09-19,2026-09-17
490.0,137,4292,2026-09-19,2026-09-17
495.0,29,2718,2026-09-19,2026-09-17
500.0,513,9179,2026-09-19,2026-09-17
505.0,215,2102,2026-09-19,2026-09-17
510.0,192,4060,2026-09-19,2026-09-17
515.0,229,1438,2026-09-19,2026-09-17
520.0,349,4970,2026-09-19,2026-09-17
525.0,674,2097,2026-09-19,2026-09-17
527.5,23,143,2026-09-19,2026-09-17
530.0,579,4534,2026-09-19,2026-09-17
532.5,100,154,2026-09-19,2026-09-17
535.0,697,1995,2026-09-19,2026-09-17
537.5,23,212,2026-09-19,2026-09-17
540.0,1241,5559,2026-09-19,2026-09-17
542.5,19,150,2026-09-19,2026-09-17
542.57,0,0,2026-09-19,2026-09-17
545.0,2717,2717,2026-09-19,2026-09-17
545.0,1298,1765,2026-09-19,2026-09-17
547.5,25,167,2026-09-19,2026-09-17
550.0,1700,1764,2026-09-19,2026-09-17
550.0,2465,10923,2026-09-19,2026-09-17
552.5,51,519,2026-09-19,2026-09-17
555.0,926,2260,2026-09-19,2026-09-17
557.5,163,185,2026-09-19,2026-09-17
560.0,1,0,2026-09-19,2026-09-17
560.0,1422,4229,2026-09-19,2026-09-17
562.5,156,364,2026-09-19,2026-09-17
565.0,1406,1101,2026-09-19,2026-09-17
565.01,0,0,2026-09-19,2026-09-17
567.5,296,251,2026-09-19,2026-09-17
570.0,2661,4126,2026-09-19,2026-09-17
572.5,292,374,2026-09-19,2026-09-17
575.0,972,2882,2026-09-19,2026-09-17
577.5,10,61,2026-09-19,2026-09-17
580.0,600,600,2026-09-19,2026-09-17
580.0,2447,3979,2026-09-19,2026-09-17
582.5,14,256,2026-09-19,2026-09-17
585.0,4,0,2026-09-19,2026-09-17
585.0,2842,1339,2026-09-19,2026-09-17
587.5,15,1025,2026-09-19,2026-09-17
590.0,3787,3058,2026-09-19,2026-09-17
592.5,13,174,2026-09-19,2026-09-17
595.0,1668,1964,2026-09-19,2026-09-17
597.5,9,260,2026-09-19,2026-09-17
600.0,3475,3475,2026-09-19,2026-09-17
600.0,9020,9968,2026-09-19,2026-09-17
602.5,52,174,2026-09-19,2026-09-17
605.0,6,0,2026-09-19,2026-09-17
605.0,2617,1976,2026-09-19,2026-09-17
607.5,48,161,2026-09-19,2026-09-17
610.0,3147,4820,2026-09-19,2026-09-17
612.5,29,520,2026-09-19,2026-09-17
615.0,1904,1383,2026-09-19,2026-09-17
617.5,97,266,2026-09-19,2026-09-17
620.0,2600,2600,2026-09-19,2026-09-17
620.0,3915,4376,2026-09-19,2026-09-17
622.5,73,487,2026-09-19,2026-09-17
625.0,3500,3500,2026-09-19,2026-09-17
625.0,2556,2139,2026-09-19,2026-09-17
627.5,121,302,2026-09-19,2026-09-17
630.0,0,0,2026-09-19,2026-09-17
630.0,4032,2391,2026-09-19,2026-09-17
632.5,60,379,2026-09-19,2026-09-17
635.0,1604,1674,2026-09-19,2026-09-17
637.5,113,862,2026-09-19,2026-09-17
640.0,2807,3100,2026-09-19,2026-09-17
642.5,109,498,2026-09-19,2026-09-17
645.0,3129,2928,2026-09-19,2026-09-17
647.5,217,508,2026-09-19,2026-09-17
650.0,1,0,2026-09-19,2026-09-17
650.0,12533,6995,2026-09-19,2026-09-17
652.5,606,873,2026-09-19,2026-09-17
655.0,4021,1278,2026-09-19,2026-09-17
657.5,258,610,2026-09-19,2026-09-17
660.0,3911,2125,2026-09-19,2026-09-17
662.5,448,566,2026-09-19,2026-09-17
665.0,1976,1399,2026-09-19,2026-09-17
667.5,1026,621,2026-09-19,2026-09-17
670.0,12951,4149,2026-09-19,2026-09-17
670.01,10000,0,2026-09-19,2026-09-17
672.5,978,1006,2026-09-19,2026-09-17
675.0,3982,1181,2026-09-19,2026-09-17
677.5,1002,605,2026-09-19,2026-09-17
680.0,9165,1650,2026-09-19,2026-09-17
682.5,1718,257,2026-09-19,2026-09-17
683.09,0,0,2026-09-19,2026-09-17
685.0,3801,358,2026-09-19,2026-09-17
687.5,668,117,2026-09-19,2026-09-17
690.0,36,0,2026-09-19,2026-09-17
690.0,7041,419,2026-09-19,2026-09-17
692.5,491,22,2026-09-19,2026-09-17
695.0,2383,88,2026-09-19,2026-09-17
697.5,1159,2,2026-09-19,2026-09-17
700.0,11711,740,2026-09-19,2026-09-17
702.5,715,6,2026-09-19,2026-09-17
705.0,2,0,2026-09-19,2026-09-17
705.0,7252,21,2026-09-19,2026-09-17
707.5,375,0,2026-09-19,2026-09-17
710.0,0,64,2026-09-19,2026-09-17
710.0,4354,269,2026-09-19,2026-09-17
712.5,554,10,2026-09-19,2026-09-17
715.0,6729,18,2026-09-19,2026-09-17
717.5,867,3,2026-09-19,2026-09-17
720.0,5125,172,2026-09-19,2026-09-17
722.5,504,3,2026-09-19,2026-09-17
725.0,2605,40,2026-09-19,2026-09-17
727.5,273,2,2026-09-19,2026-09-17
730.0,5021,912,2026-09-19,2026-09-17
732.5,554,0,2026-09-19,2026-09-17
735.0,1672,1,2026-09-19,2026-09-17
737.5,84,0,2026-09-19,2026-09-17
740.0,2203,13,2026-09-19,2026-09-17
742.5,45,0,2026-09-19,2026-09-17
745.0,657,1,2026-09-19,2026-09-17
747.5,45,0,2026-09-19,2026-09-17
750.0,0,0,2026-09-19,2026-09-17
750.0,14634,57,2026-09-19,2026-09-17
755.0,1082,0,2026-09-19,2026-09-17
760.0,3362,28,2026-09-19,2026-09-17
765.0,712,0,2026-09-19,2026-09-17
770.0,2716,40,2026-09-19,2026-09-17
775.0,480,0,2026-09-19,2026-09-17
780.0,3912,37,2026-09-19,2026-09-17
785.0,570,0,2026-09-19,2026-09-17
790.0,1610,296,2026-09-19,2026-09-17
795.0,305,0,2026-09-19,2026-09-17
800.0,2,0,2026-09-19,2026-09-17
800.0,5919,15,2026-09-19,2026-09-17
805.0,195,0,2026-09-19,2026-09-17
810.0,831,6,2026-09-19,2026-09-17
815.0,530,0,2026-09-19,2026-09-17
820.0,1425,141,2026-09-19,2026-09-17
825.0,165,0,2026-09-19,2026-09-17
830.0,8,0,2026-09-19,2026-09-17
830.0,698,1,2026-09-19,2026-09-17
835.0,600,0,2026-09-19,2026-09-17
840.0,475,0,2026-09-19,2026-09-17
845.0,93,0,2026-09-19,2026-09-17
850.0,11597,1,2026-09-19,2026-09-17
855.0,567,0,2026-09-19,2026-09-17
860.0,605,0,2026-09-19,2026-09-17
865.0,213,0,2026-09-19,2026-09-17
870.0,500,0,2026-09-19,2026-09-17
875.0,228,0,2026-09-19,2026-09-17
880.0,449,0,2026-09-19,2026-09-17
885.0,59,0,2026-09-19,2026-09-17
890.0,515,0,2026-09-19,2026-09-17
895.0,125,0,2026-09-19,2026-09-17
900.0,4443,0,2026-09-19,2026-09-17
905.0,62,0,2026-09-19,2026-09-17
910.0,381,0,2026-09-19,2026-09-17
915.0,76,0,2026-09-19,2026-09-17
920.0,531,0,2026-09-19,2026-09-17
925.0,37,0,2026-09-19,2026-09-17
930.0,768,0,2026-09-19,2026-09-17
935.0,111,0,2026-09-19,2026-09-17
940.0,582,0,2026-09-19,2026-09-17
945.0,135,0,2026-09-19,2026-09-17
950.0,1890,0,2026-09-19,2026-09-17
955.0,860,0,2026-09-19,2026-09-17
960.0,1492,0,2026-09-19,2026-09-17
965.0,184,0,2026-09-19,2026-09-17
970.0,179,0,2026-09-19,2026-09-17
975.0,658,0,2026-09-19,2026-09-17
980.0,487,0,2026-09-19,2026-09-17
985.0,124,0,2026-09-19,2026-09-17
990.0,1309,0,2026-09-19,2026-09-17
995.0,402,0,2026-09-19,2026-09-17
1000.0,5775,0,2026-09-19,2026-09-17
1010.0,3344,0,2026-09-19,2026-09-17
1020.0,1192,0,2026-09-19,2026-09-17
1030.0,828,0,2026-09-19,2026-09-17
1040.0,64,0,2026-09-19,2026-09-17
1040.0,856,0,2026-09-19,2026-09-17
1050.0,585,0,2026-09-19,2026-09-17
1060.0,1003,0,2026-09-19,2026-09-17
1070.0,893,0,2026-09-19,2026-09-17
1080.0,496,0,2026-09-19,2026-09-17
1090.0,1888,0,2026-09-19,2026-09-17
1100.0,2800,0,2026-09-19,2026-09-17
1110.0,467,0,2026-09-19,2026-09-17
1120.0,432,0,2026-09-19,2026-09-17
1130.0,908,0,2026-09-19,2026-09-17
1140.0,869,0,2026-09-19,2026-09-17
1150.0,948,0,2026-09-19,2026-09-17
1160.0,2875,0,2026-09-19,2026-09-17
1170.0,1163,0,2026-09-19,2026-09-17
1180.0,1106,0,2026-09-19,2026-09-17
1190.0,1722,0,2026-09-19,2026-09-17
1200.0,889,0,2026-09-19,2026-09-17
1210.0,2439,0,2026-09-19,2026-09-17
1220.0,568,0,2026-09-19,2026-09-17
1230.0,60,0,2026-09-19,2026-09-17
1240.0,1421,0,2026-09-19,2026-09-17
1250.0,307,0,2026-09-19,2026-09-17
1260.0,1247,0,2026-09-19,2026-09-17
1270.0,287,0,2026-09-19,2026-09-17
1280.0,731,0,2026-09-19,2026-09-17
1290.0,824,0,2026-09-19,2026-09-17
1300.0,2585,0,2026-09-19,2026-09-17
1310.0,1710,0,2026-09-19,2026-09-17
1320.0,1393,0,2026-09-19,2026-09-17
1330.0,1063,0,2026-09-19,2026-09-17
1340.0,1732,0,2026-09-19,2026-09-17
1350.0,687,0,2026-09-19,2026-09-17
1360.0,265,0,2026-09-19,2026-09-17
1370.0,1053,0,2026-09-19,2026-09-17
1380.0,573,0,2026-09-19,2026-09-17
1390.0,809,0,2026-09-19,2026-09-17
1400.0,851,0,2026-09-19,2026-09-17
1410.0,1792,0,2026-09-19,2026-09-17
1420.0,1893,0,2026-09-19,2026-09-17
1430.0,1670,0,2026-09-19,2026-09-17
1440.0,3070,0,2026-09-19,2026-09-17
1450.0,1834,0,2026-09-19,2026-09-17
1460.0,659,0,2026-09-19,2026-09-17
1470.0,1009,0,2026-09-19,2026-09-17
1480.0,11282,0,2026-09-19,2026-09-17
510.0,0,0,2026-09-22,2026-09-17
515.0,0,0,2026-09-22,2026-09-17
520.0,0,2,2026-09-22,2026-09-17
525.0,0,1,2026-09-22,2026-09-17
530.0,0,3,2026-09-22,2026-09-17
535.0,0,5,2026-09-22,2026-09-17
540.0,15,16,2026-09-22,2026-09-17
545.0,0,10,2026-09-22,2026-09-17
550.0,3,8,2026-09-22,2026-09-17
555.0,10,6,2026-09-22,2026-09-17
557.5,0,16,2026-09-22,2026-09-17
560.0,3,22,2026-09-22,2026-09-17
562.5,1,16,2026-09-22,2026-09-17
565.0,22,28,2026-09-22,2026-09-17
567.5,5,9,2026-09-22,2026-09-17
570.0,17,37,2026-09-22,2026-09-17
572.5,3,8,2026-09-22,2026-09-17
575.0,2,80,2026-09-22,2026-09-17
577.5,1,20,2026-09-22,2026-09-17
580.0,3,17,2026-09-22,2026-09-17
582.5,4,4,2026-09-22,2026-09-17
585.0,6,14,2026-09-22,2026-09-17
587.5,5,2,2026-09-22,2026-09-17
590.0,33,179,2026-09-22,2026-09-17
592.5,8,15,2026-09-22,2026-09-17
595.0,41,90,2026-09-22,2026-09-17
597.5,6,43,2026-09-22,2026-09-17
600.0,63,225,2026-09-22,2026-09-17
602.5,39,22,2026-09-22,2026-09-17
605.0,78,105,2026-09-22,2026-09-17
607.5,14,46,2026-09-22,2026-09-17
610.0,66,265,2026-09-22,2026-09-17
612.5,34,45,2026-09-22,2026-09-17
615.0,16,319,2026-09-22,2026-09-17
617.5,4,82,2026-09-22,2026-09-17
620.0,239,309,2026-09-22,2026-09-17
622.5,9,141,2026-09-22,2026-09-17
625.0,92,356,2026-09-22,2026-09-17
627.5,4,436,2026-09-22,2026-09-17
630.0,56,301,2026-09-22,2026-09-17
632.5,14,48,2026-09-22,2026-09-17
635.0,172,313,2026-09-22,2026-09-17
637.5,24,283,2026-09-22,2026-09-17
640.0,75,717,2026-09-22,2026-09-17
642.5,32,58,2026-09-22,2026-09-17
645.0,322,380,2026-09-22,2026-09-17
647.5,36,95,2026-09-22,2026-09-17
650.0,302,554,2026-09-22,2026-09-17
652.5,132,303,2026-09-22,2026-09-17
655.0,259,235,2026-09-22,2026-09-17
657.5,145,90,2026-09-22,2026-09-17
660.0,365,346,2026-09-22,2026-09-17
662.5,87,118,2026-09-22,2026-09-17
665.0,162,292,2026-09-22,2026-09-17
667.5,64,197,2026-09-22,2026-09-17
670.0,213,365,2026-09-22,2026-09-17
672.5,79,153,2026-09-22,2026-09-17
675.0,564,173,2026-09-22,2026-09-17
677.5,290,222,2026-09-22,2026-09-17
680.0,1019,221,2026-09-22,2026-09-17
682.5,115,41,2026-09-22,2026-09-17
685.0,427,36,2026-09-22,2026-09-17
687.5,57,10,2026-09-22,2026-09-17
690.0,387,35,2026-09-22,2026-09-17
692.5,296,14,2026-09-22,2026-09-17
695.0,196,29,2026-09-22,2026-09-17
697.5,123,21,2026-09-22,2026-09-17
700.0,683,65,2026-09-22,2026-09-17
702.5,150,25,2026-09-22,2026-09-17
705.0,177,0,2026-09-22,2026-09-17
707.5,35,1,2026-09-22,2026-09-17
710.0,230,2,2026-09-22,2026-09-17
712.5,531,1,2026-09-22,2026-09-17
715.0,397,1,2026-09-22,2026-09-17
717.5,149,0,2026-09-22,2026-09-17
720.0,224,3,2026-09-22,2026-09-17
722.5,71,2,2026-09-22,2026-09-17
725.0,170,1,2026-09-22,2026-09-17
727.5,192,10,2026-09-22,2026-09-17
730.0,205,0,2026-09-22,2026-09-17
732.5,42,1,2026-09-22,2026-09-17
735.0,68,0,2026-09-22,2026-09-17
737.5,94,0,2026-09-22,2026-09-17
740.0,431,0,2026-09-22,2026-09-17
742.5,46,0,2026-09-22,2026-09-17
745.0,10,3,2026-09-22,2026-09-17
750.0,59,3,2026-09-22,2026-09-17
755.0,1,1,2026-09-22,2026-09-17
760.0,22,0,2026-09-22,2026-09-17
765.0,3,0,2026-09-22,2026-09-17
770.0,72,0,2026-09-22,2026-09-17
775.0,10,0,2026-09-22,2026-09-17
780.0,6,0,2026-09-22,2026-09-17
785.0,0,0,2026-09-22,2026-09-17
790.0,28,0,2026-09-22,2026-09-17
795.0,12,0,2026-09-22,2026-09-17
800.0,10,0,2026-09-22,2026-09-17
805.0,7,0,2026-09-22,2026-09-17
810.0,2,0,2026-09-22,2026-09-17
815.0,0,0,2026-09-22,2026-09-17
820.0,0,0,2026-09-22,2026-09-17
825.0,5,0,2026-09-22,2026-09-17
830.0,3,0,2026-09-22,2026-09-17
835.0,0,0,2026-09-22,2026-09-17
840.0,0,0,2026-09-22,2026-09-17
845.0,0,0,2026-09-22,2026-09-17
850.0,0,0,2026-09-22,2026-09-17
855.0,0,0,2026-09-22,2026-09-17
860.0,0,0,2026-09-22,2026-09-17
865.0,0,0,2026-09-22,2026-09-17
870.0,0,0,2026-09-22,2026-09-17
875.0,0,0,2026-09-22,2026-09-17
880.0,0,0,2026-09-22,2026-09-17
885.0,0,0,2026-09-22,2026-09-17
890.0,0,0,2026-09-22,2026-09-17
895.0,0,0,2026-09-22,2026-09-17
900.0,0,0,2026-09-22,2026-09-17
905.0,0,0,2026-09-22,2026-09-17
910.0,0,0,2026-09-22,2026-09-17
915.0,0,0,2026-09-22,2026-09-17
920.0,0,0,2026-09-22,2026-09-17
925.0,0,0,2026-09-22,2026-09-17
930.0,0,0,2026-09-22,2026-09-17
935.0,0,0,2026-09-22,2026-09-17
940.0,0,0,2026-09-22,2026-09-17
945.0,0,0,2026-09-22,2026-09-17
950.0,0,0,2026-09-22,2026-09-17
955.0,0,0,2026-09-22,2026-09-17
960.0,0,0,2026-09-22,2026-09-17
965.0,0,0,2026-09-22,2026-09-17
970.0,0,0,2026-09-22,2026-09-17
975.0,0,0,2026-09-22,2026-09-17
980.0,0,0,2026-09-22,2026-09-17
985.0,0,0,2026-09-22,2026-09-17
510.0,0,0,2026-09-24,2026-09-17
515.0,0,0,2026-09-24,2026-09-17
520.0,0,0,2026-09-24,2026-09-17
525.0,0,0,2026-09-24,2026-09-17
530.0,0,1,2026-09-24,2026-09-17
535.0,0,0,2026-09-24,2026-09-17
540.0,0,4,2026-09-24,2026-09-17
545.0,1,2,2026-09-24,2026-09-17
550.0,1,47,2026-09-24,2026-09-17
555.0,0,10,2026-09-24,2026-09-17
560.0,0,52,2026-09-24,2026-09-17
562.5,0,15,2026-09-24,2026-09-17
565.0,19,8,2026-09-24,2026-09-17
567.5,0,0,2026-09-24,2026-09-17
570.0,2,10,2026-09-24,2026-09-17
572.5,1,1,2026-09-24,2026-09-17
575.0,3,4,2026-09-24,2026-09-17
577.5,8,0,2026-09-24,2026-09-17
580.0,3,26,2026-09-24,2026-09-17
582.5,6,7,2026-09-24,2026-09-17
585.0,3,38,2026-09-24,2026-09-17
587.5,7,56,2026-09-24,2026-09-17
590.0,25,80,2026-09-24,2026-09-17
592.5,5,13,2026-09-24,2026-09-17
595.0,33,48,2026-09-24,2026-09-17
597.5,3,51,2026-09-24,2026-09-17
600.0,12,267,2026-09-24,2026-09-17
602.5,15,18,2026-09-24,2026-09-17
605.0,9,16,2026-09-24,2026-09-17
607.5,13,65,2026-09-24,2026-09-17
610.0,18,30,2026-09-24,2026-09-17
612.5,7,16,2026-09-24,2026-09-17
615.0,41,31,2026-09-24,2026-09-17
617.5,37,40,2026-09-24,2026-09-17
620.0,33,54,2026-09-24,2026-09-17
622.5,10,23,2026-09-24,2026-09-17
625.0,25,132,2026-09-24,2026-09-17
627.5,1,22,2026-09-24,2026-09-17
630.0,46,84,2026-09-24,2026-09-17
632.5,20,6,2026-09-24,2026-09-17
635.0,73,97,2026-09-24,2026-09-17
637.5,14,16,2026-09-24,2026-09-17
640.0,73,92,2026-09-24,2026-09-17
642.5,31,9,2026-09-24,2026-09-17
645.0,159,375,2026-09-24,2026-09-17
647.5,28,41,2026-09-24,2026-09-17
650.0,109,177,2026-09-24,2026-09-17
652.5,58,76,2026-09-24,2026-09-17
655.0,170,83,2026-09-24,2026-09-17
657.5,67,18,2026-09-24,2026-09-17
660.0,103,138,2026-09-24,2026-09-17
662.5,42,56,2026-09-24,2026-09-17
665.0,262,116,2026-09-24,2026-09-17
667.5,139,73,2026-09-24,2026-09-17
670.0,297,93,2026-09-24,2026-09-17
672.5,52,45,2026-09-24,2026-09-17
675.0,275,48,2026-09-24,2026-09-17
677.5,63,47,2026-09-24,2026-09-17
680.0,137,98,2026-09-24,2026-09-17
682.5,546,8,2026-09-24,2026-09-17
685.0,177,48,2026-09-24,2026-09-17
687.5,134,4,2026-09-24,2026-09-17
690.0,67,16,2026-09-24,2026-09-17
692.5,32,7,2026-09-24,2026-09-17
695.0,59,1,2026-09-24,2026-09-17
697.5,100,0,2026-09-24,2026-09-17
700.0,253,24,2026-09-24,2026-09-17
702.5,19,0,2026-09-24,2026-09-17
705.0,29,0,2026-09-24,2026-09-17
707.5,9,9,2026-09-24,2026-09-17
710.0,75,0,2026-09-24,2026-09-17
712.5,9,3,2026-09-24,2026-09-17
715.0,8,10,2026-09-24,2026-09-17
717.5,28,0,2026-09-24,2026-09-17
720.0,527,15,2026-09-24,2026-09-17
722.5,3,0,2026-09-24,2026-09-17
725.0,25,1,2026-09-24,2026-09-17
727.5,4,0,2026-09-24,2026-09-17
730.0,31,0,2026-09-24,2026-09-17
732.5,7,0,2026-09-24,2026-09-17
735.0,22,0,2026-09-24,2026-09-17
737.5,1,0,2026-09-24,2026-09-17
740.0,29,0,2026-09-24,2026-09-17
742.5,6,0,2026-09-24,2026-09-17
745.0,3,0,2026-09-24,2026-09-17
750.0,33,0,2026-09-24,2026-09-17
755.0,39,0,2026-09-24,2026-09-17
760.0,96,0,2026-09-24,2026-09-17
765.0,13,0,2026-09-24,2026-09-17
770.0,5,0,2026-09-24,2026-09-17
775.0,2,1,2026-09-24,2026-09-17
780.0,4,1,2026-09-24,2026-09-17
785.0,3,0,2026-09-24,2026-09-17
790.0,0,0,2026-09-24,2026-09-17
795.0,0,0,2026-09-24,2026-09-17
800.0,7,0,2026-09-24,2026-09-17
805.0,0,0,2026-09-24,2026-09-17
810.0,0,0,2026-09-24,2026-09-17
815.0,0,0,2026-09-24,2026-09-17
820.0,0,0,2026-09-24,2026-09-17
825.0,0,0,2026-09-24,2026-09-17
830.0,0,0,2026-09-24,2026-09-17
835.0,0,0,2026-09-24,2026-09-17
840.0,0,0,2026-09-24,2026-09-17
845.0,0,0,2026-09-24,2026-09-17
850.0,0,0,2026-09-24,2026-09-17
855.0,0,0,2026-09-24,2026-09-17
860.0,0,0,2026-09-24,2026-09-17
865.0,0,0,2026-09-24,2026-09-17
870.0,0,0,2026-09-24,2026-09-17
875.0,0,0,2026-09-24,2026-09-17
880.0,0,0,2026-09-24,2026-09-17
885.0,0,0,2026-09-24,2026-09-17
890.0,0,0,2026-09-24,2026-09-17
895.0,0,0,2026-09-24,2026-09-17
900.0,4,0,2026-09-24,2026-09-17
905.0,0,0,2026-09-24,2026-09-17
910.0,0,0,2026-09-24,2026-09-17
915.0,0,0,2026-09-24,2026-09-17
920.0,0,0,2026-09-24,2026-09-17
925.0,0,0,2026-09-24,2026-09-17
930.0,0,0,2026-09-24,2026-09-17
935.0,0,0,2026-09-24,2026-09-17
940.0,0,0,2026-09-24,2026-09-17
945.0,0,0,2026-09-24,2026-09-17
950.0,0,0,2026-09-24,2026-09-17
955.0,0,0,2026-09-24,2026-09-17
960.0,0,0,2026-09-24,2026-09-17
965.0,0,0,2026-09-24,2026-09-17
970.0,0,0,2026-09-24,2026-09-17
975.0,0,0,2026-09-24,2026-09-17
980.0,0,0,2026-09-24,2026-09-17
985.0,0,0,2026-09-24,2026-09-17
100.0,6,0,2026-09-26,2026-09-17
110.0,0,0,2026-09-26,2026-09-17
120.0,0,0,2026-09-26,2026-09-17
130.0,4,2,2026-09-26,2026-09-17
140.0,0,0,2026-09-26,2026-09-17
150.0,0,0,2026-09-26,2026-09-17
160.0,0,0,2026-09-26,2026-09-17
170.0,1,0,2026-09-26,2026-09-17
180.0,0,0,2026-09-26,2026-09-17
190.0,0,0,2026-09-26,2026-09-17
200.0,1,119,2026-09-26,2026-09-17
210.0,0,143,2026-09-26,2026-09-17
220.0,0,38,2026-09-26,2026-09-17
230.0,0,36,2026-09-26,2026-09-17
240.0,0,17,2026-09-26,2026-09-17
250.0,0,46,2026-09-26,2026-09-17
260.0,2,13,2026-09-26,2026-09-17
270.0,0,12,2026-09-26,2026-09-17
280.0,0,0,2026-09-26,2026-09-17
290.0,1,3,2026-09-26,2026-09-17
300.0,2,105,2026-09-26,2026-09-17
310.0,0,38,2026-09-26,2026-09-17
320.0,0,46,2026-09-26,2026-09-17
330.0,0,9,2026-09-26,2026-09-17
340.0,0,17,2026-09-26,2026-09-17
350.0,0,31,2026-09-26,2026-09-17
360.0,0,69,2026-09-26,2026-09-17
370.0,0,17,2026-09-26,2026-09-17
380.0,0,27,2026-09-26,2026-09-17
390.0,0,40,2026-09-26,2026-09-17
400.0,3,45,2026-09-26,2026-09-17
405.0,0,28,2026-09-26,2026-09-17
410.0,0,58,2026-09-26,2026-09-17
415.0,0,84,2026-09-26,2026-09-17
420.0,0,47,2026-09-26,2026-09-17
425.0,0,49,2026-09-26,2026-09-17
430.0,0,38,2026-09-26,2026-09-17
435.0,1,72,2026-09-26,2026-09-17
440.0,31,26,2026-09-26,2026-09-17
445.0,0,138,2026-09-26,2026-09-17
450.0,8,103,2026-09-26,2026-09-17
455.0,0,87,2026-09-26,2026-09-17
460.0,0,37,2026-09-26,2026-09-17
465.0,0,109,2026-09-26,2026-09-17
470.0,11,90,2026-09-26,2026-09-17
475.0,11,222,2026-09-26,2026-09-17
480.0,3,480,2026-09-26,2026-09-17
485.0,10,282,2026-09-26,2026-09-17
490.0,2,285,2026-09-26,2026-09-17
495.0,7,332,2026-09-26,2026-09-17
500.0,18,384,2026-09-26,2026-09-17
505.0,9,262,2026-09-26,2026-09-17
510.0,5,466,2026-09-26,2026-09-17
515.0,7,450,2026-09-26,2026-09-17
520.0,51,6288,2026-09-26,2026-09-17
525.0,23,352,2026-09-26,2026-09-17
530.0,40,825,2026-09-26,2026-09-17
535.0,21,505,2026-09-26,2026-09-17
540.0,142,391,2026-09-26,2026-09-17
545.0,194,215,2026-09-26,2026-09-17
547.5,8,1,2026-09-26,2026-09-17
550.0,332,1865,2026-09-26,2026-09-17
552.5,4,15,2026-09-26,2026-09-17
555.0,142,279,2026-09-26,2026-09-17
557.5,1,6,2026-09-26,2026-09-17
560.0,166,1332,2026-09-26,2026-09-17
562.5,5,59,2026-09-26,2026-09-17
565.0,301,179,2026-09-26,2026-09-17
567.5,3,50,2026-09-26,2026-09-17
570.0,302,332,2026-09-26,2026-09-17
572.5,5,32,2026-09-26,2026-09-17
575.0,390,1120,2026-09-26,2026-09-17
577.5,3,72,2026-09-26,2026-09-17
580.0,565,711,2026-09-26,2026-09-17
582.5,8,35,2026-09-26,2026-09-17
585.0,597,385,2026-09-26,2026-09-17
587.5,4,46,2026-09-26,2026-09-17
590.0,748,655,2026-09-26,2026-09-17
592.5,7,24,2026-09-26,2026-09-17
595.0,427,243,2026-09-26,2026-09-17
597.5,8,97,2026-09-26,2026-09-17
600.0,8000,8000,2026-09-26,2026-09-17
600.0,1727,1276,2026-09-26,2026-09-17
602.5,8,21,2026-09-26,2026-09-17
605.0,770,862,2026-09-26,2026-09-17
607.5,3,52,2026-09-26,2026-09-17
610.0,690,1237,2026-09-26,2026-09-17
612.5,18,39,2026-09-26,2026-09-17
615.0,2029,1233,2026-09-26,2026-09-17
617.5,24,79,2026-09-26,2026-09-17
620.0,1298,769,2026-09-26,2026-09-17
622.5,33,65,2026-09-26,2026-09-17
625.0,1322,458,2026-09-26,2026-09-17
627.5,50,131,2026-09-26,2026-09-17
630.0,411,584,2026-09-26,2026-09-17
632.5,41,64,2026-09-26,2026-09-17
635.0,852,944,2026-09-26,2026-09-17
637.5,25,177,2026-09-26,2026-09-17
640.0,827,5992,2026-09-26,2026-09-17
642.5,42,137,2026-09-26,2026-09-17
645.0,770,1537,2026-09-26,2026-09-17
647.5,2533,228,2026-09-26,2026-09-17
650.0,4614,1973,2026-09-26,2026-09-17
652.5,90,84,2026-09-26,2026-09-17
655.0,1180,297,2026-09-26,2026-09-17
657.5,160,50,2026-09-26,2026-09-17
660.0,2467,494,2026-09-26,2026-09-17
662.5,78,47,2026-09-26,2026-09-17
665.0,729,261,2026-09-26,2026-09-17
667.5,267,98,2026-09-26,2026-09-17
670.0,1440,425,2026-09-26,2026-09-17
672.5,136,124,2026-09-26,2026-09-17
675.0,1462,1464,2026-09-26,2026-09-17
677.5,291,230,2026-09-26,2026-09-17
680.0,1232,364,2026-09-26,2026-09-17
682.5,154,11,2026-09-26,2026-09-17
685.0,975,65,2026-09-26,2026-09-17
687.5,2201,74,2026-09-26,2026-09-17
690.0,856,132,2026-09-26,2026-09-17
692.5,299,3,2026-09-26,2026-09-17
695.0,381,63,2026-09-26,2026-09-17
697.5,139,26,2026-09-26,2026-09-17
700.0,6383,93,2026-09-26,2026-09-17
702.5,277,20,2026-09-26,2026-09-17
705.0,878,12,2026-09-26,2026-09-17
707.5,108,0,2026-09-26,2026-09-17
710.0,393,60,2026-09-26,2026-09-17
712.5,36,0,2026-09-26,2026-09-17
715.0,337,1,2026-09-26,2026-09-17
717.5,24,0,2026-09-26,2026-09-17
720.0,1965,8,2026-09-26,2026-09-17
722.5,69,0,2026-09-26,2026-09-17
725.0,502,6,2026-09-26,2026-09-17
727.5,441,3,2026-09-26,2026-09-17
730.0,668,12,2026-09-26,2026-09-17
732.5,48,0,2026-09-26,2026-09-17
735.0,175,4,2026-09-26,2026-09-17
737.5,34,0,2026-09-26,2026-09-17
740.0,668,4,2026-09-26,2026-09-17
742.5,116,0,2026-09-26,2026-09-17
745.0,190,1,2026-09-26,2026-09-17
747.5,33,0,2026-09-26,2026-09-17
750.0,3392,2,2026-09-26,2026-09-17
755.0,326,0,2026-09-26,2026-09-17
760.0,149,1,2026-09-26,2026-09-17
765.0,135,0,2026-09-26,2026-09-17
770.0,254,5,2026-09-26,2026-09-17
775.0,772,3,2026-09-26,2026-09-17
780.0,108,1,2026-09-26,2026-09-17
785.0,89,0,2026-09-26,2026-09-17
790.0,206,0,2026-09-26,2026-09-17
795.0,185,0,2026-09-26,2026-09-17
800.0,857,0,2026-09-26,2026-09-17
805.0,129,0,2026-09-26,2026-09-17
810.0,136,0,2026-09-26,2026-09-17
815.0,120,0,2026-09-26,2026-09-17
820.0,53,0,2026-09-26,2026-09-17
825.0,47,0,2026-09-26,2026-09-17
830.0,62,0,2026-09-26,2026-09-17
835.0,22,0,2026-09-26,2026-09-17
840.0,95,0,2026-09-26,2026-09-17
845.0,43,0,2026-09-26,2026-09-17
850.0,580,0,2026-09-26,2026-09-17
855.0,743,0,2026-09-26,2026-09-17
860.0,25,0,2026-09-26,2026-09-17
865.0,57,0,2026-09-26,2026-09-17
870.0,168,0,2026-09-26,2026-09-17
875.0,51,0,2026-09-26,2026-09-17
880.0,98,0,2026-09-26,2026-09-17
885.0,57,0,2026-09-26,2026-09-17
890.0,384,0,2026-09-26,2026-09-17
895.0,192,0,2026-09-26,2026-09-17
900.0,220,0,2026-09-26,2026-09-17
905.0,126,0,2026-09-26,2026-09-17
910.0,226,0,2026-09-26,2026-09-17
915.0,247,0,2026-09-26,2026-09-17
920.0,215,0,2026-09-26,2026-09-17
925.0,151,0,2026-09-26,2026-09-17
930.0,124,0,2026-09-26,2026-09-17
935.0,133,0,2026-09-26,2026-09-17
940.0,300,0,2026-09-26,2026-09-17
945.0,208,0,2026-09-26,2026-09-17
950.0,138,0,2026-09-26,2026-09-17
955.0,155,0,2026-09-26,2026-09-17
960.0,195,0,2026-09-26,2026-09-17
965.0,110,0,2026-09-26,2026-09-17
970.0,113,0,2026-09-26,2026-09-17
975.0,105,0,2026-09-26,2026-09-17
980.0,124,0,2026-09-26,2026-09-17
985.0,220,0,2026-09-26,2026-09-17
990.0,145,0,2026-09-26,2026-09-17
995.0,121,0,2026-09-26,2026-09-17
1000.0,184,0,2026-09-26,2026-09-17
1010.0,215,0,2026-09-26,2026-09-17
1020.0,160,0,2026-09-26,2026-09-17
1030.0,174,0,2026-09-26,2026-09-17
1040.0,460,0,2026-09-26,2026-09-17
1050.0,298,0,2026-09-26,2026-09-17
1060.0,197,0,2026-09-26,2026-09-17
1070.0,417,0,2026-09-26,2026-09-17
510.0,0,0,2026-09-29,2026-09-17
515.0,0,0,2026-09-29,2026-09-17
520.0,0,0,2026-09-29,2026-09-17
525.0,0,0,2026-09-29,2026-09-17
530.0,0,0,2026-09-29,2026-09-17
535.0,0,0,2026-09-29,2026-09-17
540.0,0,0,2026-09-29,2026-09-17
545.0,0,0,2026-09-29,2026-09-17
550.0,0,0,2026-09-29,2026-09-17
555.0,0,0,2026-09-29,2026-09-17
560.0,0,0,2026-09-29,2026-09-17
565.0,1,0,2026-09-29,2026-09-17
570.0,1,3,2026-09-29,2026-09-17
575.0,0,0,2026-09-29,2026-09-17
580.0,0,19,2026-09-29,2026-09-17
585.0,0,1,2026-09-29,2026-09-17
590.0,0,19,2026-09-29,2026-09-17
595.0,1,2,2026-09-29,2026-09-17
600.0,0,35,2026-09-29,2026-09-17
605.0,0,15,2026-09-29,2026-09-17
610.0,0,35,2026-09-29,2026-09-17
615.0,0,8,2026-09-29,2026-09-17
620.0,2,22,2026-09-29,2026-09-17
622.5,0,1,2026-09-29,2026-09-17
625.0,3,13,2026-09-29,2026-09-17
627.5,0,1,2026-09-29,2026-09-17
630.0,1,25,2026-09-29,2026-09-17
632.5,0,5,2026-09-29,2026-09-17
635.0,2,105,2026-09-29,2026-09-17
637.5,1,2,2026-09-29,2026-09-17
640.0,11,32,2026-09-29,2026-09-17
642.5,0,16,2026-09-29,2026-09-17
645.0,4,9,2026-09-29,2026-09-17
647.5,0,3,2026-09-29,2026-09-17
650.0,53,48,2026-09-29,2026-09-17
652.5,0,4,2026-09-29,2026-09-17
655.0,22,24,2026-09-29,2026-09-17
657.5,1,18,2026-09-29,2026-09-17
660.0,24,197,2026-09-29,2026-09-17
662.5,58,3,2026-09-29,2026-09-17
665.0,82,124,2026-09-29,2026-09-17
667.5,169,15,2026-09-29,2026-09-17
670.0,91,32,2026-09-29,2026-09-17
672.5,6,16,2026-09-29,2026-09-17
675.0,38,120,2026-09-29,2026-09-17
677.5,39,110,2026-09-29,2026-09-17
680.0,151,79,2026-09-29,2026-09-17
682.5,20,2,2026-09-29,2026-09-17
685.0,106,1,2026-09-29,2026-09-17
687.5,3,0,2026-09-29,2026-09-17
690.0,151,2,2026-09-29,2026-09-17
692.5,6,0,2026-09-29,2026-09-17
695.0,75,0,2026-09-29,2026-09-17
697.5,0,0,2026-09-29,2026-09-17
700.0,113,7,2026-09-29,2026-09-17
705.0,22,3,2026-09-29,2026-09-17
710.0,39,18,2026-09-29,2026-09-17
715.0,7,0,2026-09-29,2026-09-17
720.0,16,1,2026-09-29,2026-09-17
725.0,24,3,2026-09-29,2026-09-17
730.0,7,0,2026-09-29,2026-09-17
735.0,3,1,2026-09-29,2026-09-17
740.0,11,0,2026-09-29,2026-09-17
745.0,11,0,2026-09-29,2026-09-17
750.0,10,0,2026-09-29,2026-09-17
755.0,4,2,2026-09-29,2026-09-17
760.0,2,0,2026-09-29,2026-09-17
765.0,1,0,2026-09-29,2026-09-17
770.0,1,0,2026-09-29,2026-09-17
775.0,0,0,2026-09-29,2026-09-17
780.0,1,0,2026-09-29,2026-09-17
785.0,1,0,2026-09-29,2026-09-17
790.0,0,0,2026-09-29,2026-09-17
795.0,0,0,2026-09-29,2026-09-17
800.0,0,0,2026-09-29,2026-09-17
805.0,0,0,2026-09-29,2026-09-17
810.0,14,0,2026-09-29,2026-09-17
815.0,3,0,2026-09-29,2026-09-17
820.0,4,0,2026-09-29,2026-09-17
825.0,2,0,2026-09-29,2026-09-17
830.0,3,0,2026-09-29,2026-09-17
835.0,10,0,2026-09-29,2026-09-17
840.0,25,0,2026-09-29,2026-09-17
845.0,6,0,2026-09-29,2026-09-17
850.0,2,0,2026-09-29,2026-09-17
855.0,10,0,2026-09-29,2026-09-17
860.0,0,0,2026-09-29,2026-09-17
865.0,1,0,2026-09-29,2026-09-17
870.0,2,0,2026-09-29,2026-09-17
875.0,0,0,2026-09-29,2026-09-17
880.0,0,0,2026-09-29,2026-09-17
885.0,0,0,2026-09-29,2026-09-17
890.0,0,0,2026-09-29,2026-09-17
895.0,0,0,2026-09-29,2026-09-17
900.0,0,0,2026-09-29,2026-09-17
905.0,0,0,2026-09-29,2026-09-17
910.0,0,0,2026-09-29,2026-09-17
915.0,0,0,2026-09-29,2026-09-17
920.0,0,0,2026-09-29,2026-09-17
925.0,0,0,2026-09-29,2026-09-17
930.0,0,0,2026-09-29,2026-09-17
935.0,0,0,2026-09-29,2026-09-17
940.0,0,0,2026-09-29,2026-09-17
945.0,0,0,2026-09-29,2026-09-17
950.0,0,0,2026-09-29,2026-09-17
955.0,0,0,2026-09-29,2026-09-17
960.0,0,0,2026-09-29,2026-09-17
965.0,0,0,2026-09-29,2026-09-17
970.0,0,0,2026-09-29,2026-09-17
975.0,0,0,2026-09-29,2026-09-17
980.0,0,0,2026-09-29,2026-09-17
985.0,0,0,2026-09-29,2026-09-17
478.7,0,174,2026-09-30,2026-09-17
733.5,174,0,2026-09-30,2026-09-17
510.0,0,0,2026-10-01,2026-09-17
515.0,0,0,2026-10-01,2026-09-17
520.0,0,0,2026-10-01,2026-09-17
525.0,0,0,2026-10-01,2026-09-17
530.0,0,0,2026-10-01,2026-09-17
535.0,0,0,2026-10-01,2026-09-17
540.0,0,0,2026-10-01,2026-09-17
545.0,0,0,2026-10-01,2026-09-17
550.0,0,0,2026-10-01,2026-09-17
555.0,0,0,2026-10-01,2026-09-17
560.0,0,0,2026-10-01,2026-09-17
565.0,0,0,2026-10-01,2026-09-17
570.0,0,10,2026-10-01,2026-09-17
575.0,0,1,2026-10-01,2026-09-17
580.0,0,7,2026-10-01,2026-09-17
585.0,1,6,2026-10-01,2026-09-17
590.0,0,0,2026-10-01,2026-09-17
595.0,0,40,2026-10-01,2026-09-17
600.0,0,112,2026-10-01,2026-09-17
605.0,0,13,2026-10-01,2026-09-17
610.0,0,14,2026-10-01,2026-09-17
615.0,4,29,2026-10-01,2026-09-17
620.0,1,37,2026-10-01,2026-09-17
622.5,0,0,2026-10-01,2026-09-17
625.0,0,19,2026-10-01,2026-09-17
627.5,0,3,2026-10-01,2026-09-17
630.0,0,15,2026-10-01,2026-09-17
632.5,0,1,2026-10-01,2026-09-17
635.0,2,3,2026-10-01,2026-09-17
637.5,0,2,2026-10-01,2026-09-17
640.0,2,22,2026-10-01,2026-09-17
642.5,20,0,2026-10-01,2026-09-17
645.0,22,3,2026-10-01,2026-09-17
647.5,0,30,2026-10-01,2026-09-17
650.0,17,58,2026-10-01,2026-09-17
652.5,3,0,2026-10-01,2026-09-17
655.0,22,15,2026-10-01,2026-09-17
657.5,0,0,2026-10-01,2026-09-17
660.0,2,28,2026-10-01,2026-09-17
662.5,0,4,2026-10-01,2026-09-17
665.0,3,37,2026-10-01,2026-09-17
667.5,1,5,2026-10-01,2026-09-17
670.0,113,30,2026-10-01,2026-09-17
672.5,75,6,2026-10-01,2026-09-17
675.0,69,136,2026-10-01,2026-09-17
677.5,9,10,2026-10-01,2026-09-17
680.0,92,163,2026-10-01,2026-09-17
682.5,10,4,2026-10-01,2026-09-17
685.0,7,3,2026-10-01,2026-09-17
687.5,0,0,2026-10-01,2026-09-17
690.0,53,15,2026-10-01,2026-09-17
692.5,3,0,2026-10-01,2026-09-17
695.0,69,10,2026-10-01,2026-09-17
697.5,3,0,2026-10-01,2026-09-17
700.0,84,3,2026-10-01,2026-09-17
705.0,147,4,2026-10-01,2026-09-17
710.0,13,1,2026-10-01,2026-09-17
715.0,3,0,2026-10-01,2026-09-17
720.0,14,10,2026-10-01,2026-09-17
725.0,5,0,2026-10-01,2026-09-17
730.0,1,0,2026-10-01,2026-09-17
735.0,0,0,2026-10-01,2026-09-17
740.0,29,0,2026-10-01,2026-09-17
745.0,3,3,2026-10-01,2026-09-17
750.0,20,0,2026-10-01,2026-09-17
755.0,0,0,2026-10-01,2026-09-17
760.0,1,0,2026-10-01,2026-09-17
765.0,1,0,2026-10-01,2026-09-17
770.0,270,0,2026-10-01,2026-09-17
770.0,1,0,2026-10-01,2026-09-17
775.0,1,0,2026-10-01,2026-09-17
780.0,2,0,2026-10-01,2026-09-17
785.0,0,0,2026-10-01,2026-09-17
790.0,0,0,2026-10-01,2026-09-17
795.0,0,0,2026-10-01,2026-09-17
800.0,11,0,2026-10-01,2026-09-17
805.0,0,0,2026-10-01,2026-09-17
810.0,0,0,2026-10-01,2026-09-17
815.0,0,0,2026-10-01,2026-09-17
820.0,0,0,2026-10-01,2026-09-17
825.0,0,0,2026-10-01,2026-09-17
830.0,0,0,2026-10-01,2026-09-17
835.0,0,0,2026-10-01,2026-09-17
840.0,0,0,2026-10-01,2026-09-17
845.0,0,0,2026-10-01,2026-09-17
850.0,0,0,2026-10-01,2026-09-17
855.0,0,0,2026-10-01,2026-09-17
860.0,0,0,2026-10-01,2026-09-17
865.0,0,0,2026-10-01,2026-09-17
870.0,0,0,2026-10-01,2026-09-17
875.0,5,0,2026-10-01,2026-09-17
880.0,0,0,2026-10-01,2026-09-17
885.0,0,0,2026-10-01,2026-09-17
890.0,0,0,2026-10-01,2026-09-17
895.0,0,0,2026-10-01,2026-09-17
900.0,1,0,2026-10-01,2026-09-17
905.0,1,0,2026-10-01,2026-09-17
910.0,0,0,2026-10-01,2026-09-17
915.0,1,0,2026-10-01,2026-09-17
920.0,1,0,2026-10-01,2026-09-17
925.0,1,0,2026-10-01,2026-09-17
930.0,0,0,2026-10-01,2026-09-17
935.0,3,0,2026-10-01,2026-09-17
940.0,0,0,2026-10-01,2026-09-17
945.0,0,0,2026-10-01,2026-09-17
950.0,2,0,2026-10-01,2026-09-17
955.0,0,0,2026-10-01,2026-09-17
960.0,0,0,2026-10-01,2026-09-17
965.0,0,0,2026-10-01,2026-09-17
970.0,0,0,2026-10-01,2026-09-17
975.0,0,0,2026-10-01,2026-09-17
980.0,0,0,2026-10-01,2026-09-17
985.0,0,0,2026-10-01,2026-09-17
770.0,97,0,2026-10-02,2026-09-17
100.0,4,0,2026-10-03,2026-09-17
110.0,0,0,2026-10-03,2026-09-17
120.0,0,0,2026-10-03,2026-09-17
130.0,0,11,2026-10-03,2026-09-17
140.0,0,0,2026-10-03,2026-09-17
150.0,0,0,2026-10-03,2026-09-17
160.0,0,0,2026-10-03,2026-09-17
170.0,0,0,2026-10-03,2026-09-17
180.0,0,0,2026-10-03,2026-09-17
190.0,0,0,2026-10-03,2026-09-17
200.0,0,12,2026-10-03,2026-09-17
210.0,0,0,2026-10-03,2026-09-17
220.0,0,0,2026-10-03,2026-09-17
230.0,0,0,2026-10-03,2026-09-17
240.0,0,0,2026-10-03,2026-09-17
250.0,0,0,2026-10-03,2026-09-17
260.0,4,0,2026-10-03,2026-09-17
270.0,0,2,2026-10-03,2026-09-17
280.0,0,1,2026-10-03,2026-09-17
290.0,0,0,2026-10-03,2026-09-17
300.0,0,98,2026-10-03,2026-09-17
310.0,0,5,2026-10-03,2026-09-17
320.0,0,3,2026-10-03,2026-09-17
330.0,0,13,2026-10-03,2026-09-17
340.0,0,6,2026-10-03,2026-09-17
350.0,0,151,2026-10-03,2026-09-17
360.0,0,23,2026-10-03,2026-09-17
370.0,0,17,2026-10-03,2026-09-17
380.0,0,21,2026-10-03,2026-09-17
390.0,0,10,2026-10-03,2026-09-17
400.0,3,192,2026-10-03,2026-09-17
405.0,0,25,2026-10-03,2026-09-17
410.0,0,29,2026-10-03,2026-09-17
415.0,1,7,2026-10-03,2026-09-17
420.0,0,14,2026-10-03,2026-09-17
425.0,0,33,2026-10-03,2026-09-17
430.0,0,55,2026-10-03,2026-09-17
435.0,1,25,2026-10-03,2026-09-17
440.0,0,63,2026-10-03,2026-09-17
445.0,0,52,2026-10-03,2026-09-17
450.0,0,92,2026-10-03,2026-09-17
455.0,0,36,2026-10-03,2026-09-17
460.0,0,192,2026-10-03,2026-09-17
465.0,0,43,2026-10-03,2026-09-17
470.0,1,273,2026-10-03,2026-09-17
475.0,1,397,2026-10-03,2026-09-17
480.0,1,213,2026-10-03,2026-09-17
485.0,1,167,2026-10-03,2026-09-17
490.0,13,442,2026-10-03,2026-09-17
495.0,3,196,2026-10-03,2026-09-17
500.0,52,717,2026-10-03,2026-09-17
505.0,13,373,2026-10-03,2026-09-17
510.0,12,212,2026-10-03,2026-09-17
515.0,7,2656,2026-10-03,2026-09-17
520.0,0,133,2026-10-03,2026-09-17
520.0,60,358,2026-10-03,2026-09-17
525.0,15,417,2026-10-03,2026-09-17
530.0,64,473,2026-10-03,2026-09-17
535.0,15,245,2026-10-03,2026-09-17
540.0,3000,3034,2026-10-03,2026-09-17
540.0,81,476,2026-10-03,2026-09-17
545.0,39,539,2026-10-03,2026-09-17
550.0,173,490,2026-10-03,2026-09-17
555.0,140,301,2026-10-03,2026-09-17
560.0,82,381,2026-10-03,2026-09-17
565.0,281,198,2026-10-03,2026-09-17
570.0,346,231,2026-10-03,2026-09-17
575.0,218,210,2026-10-03,2026-09-17
580.0,250,358,2026-10-03,2026-09-17
585.0,117,361,2026-10-03,2026-09-17
590.0,268,222,2026-10-03,2026-09-17
595.0,804,251,2026-10-03,2026-09-17
600.0,6000,6000,2026-10-03,2026-09-17
600.0,478,943,2026-10-03,2026-09-17
605.0,462,333,2026-10-03,2026-09-17
610.0,176,163,2026-10-03,2026-09-17
615.0,1210,246,2026-10-03,2026-09-17
620.0,483,1240,2026-10-03,2026-09-17
625.0,222,145,2026-10-03,2026-09-17
627.5,2,33,2026-10-03,2026-09-17
630.0,514,710,2026-10-03,2026-09-17
632.5,5,19,2026-10-03,2026-09-17
635.0,236,371,2026-10-03,2026-09-17
637.5,3,43,2026-10-03,2026-09-17
640.0,721,166,2026-10-03,2026-09-17
642.5,0,21,2026-10-03,2026-09-17
645.0,133,0,2026-10-03,2026-09-17
645.0,574,287,2026-10-03,2026-09-17
647.5,32,46,2026-10-03,2026-09-17
650.0,1743,274,2026-10-03,2026-09-17
652.5,12,2446,2026-10-03,2026-09-17
655.0,879,2456,2026-10-03,2026-09-17
657.5,46,52,2026-10-03,2026-09-17
660.0,1254,163,2026-10-03,2026-09-17
662.5,55,78,2026-10-03,2026-09-17
665.0,253,145,2026-10-03,2026-09-17
667.5,170,71,2026-10-03,2026-09-17
670.0,4460,156,2026-10-03,2026-09-17
672.5,63,77,2026-10-03,2026-09-17
675.0,248,177,2026-10-03,2026-09-17
680.0,977,209,2026-10-03,2026-09-17
685.0,253,93,2026-10-03,2026-09-17
690.0,1008,0,2026-10-03,2026-09-17
690.0,485,31,2026-10-03,2026-09-17
695.0,126,34,2026-10-03,2026-09-17
700.0,981,30,2026-10-03,2026-09-17
705.0,176,4,2026-10-03,2026-09-17
710.0,283,5,2026-10-03,2026-09-17
715.0,206,2,2026-10-03,2026-09-17
720.0,288,23,2026-10-03,2026-09-17
725.0,382,16,2026-10-03,2026-09-17
730.0,257,11,2026-10-03,2026-09-17
735.0,530,0,2026-10-03,2026-09-17
740.0,298,1,2026-10-03,2026-09-17
745.0,132,1,2026-10-03,2026-09-17
750.0,457,0,2026-10-03,2026-09-17
755.0,65,0,2026-10-03,2026-09-17
760.0,72,10,2026-10-03,2026-09-17
765.0,53,0,2026-10-03,2026-09-17
770.0,80,0,2026-10-03,2026-09-17
775.0,80,0,2026-10-03,2026-09-17
780.0,312,0,2026-10-03,2026-09-17
785.0,76,0,2026-10-03,2026-09-17
790.0,27,0,2026-10-03,2026-09-17
795.0,14,0,2026-10-03,2026-09-17
800.0,187,0,2026-10-03,2026-09-17
805.0,27,0,2026-10-03,2026-09-17
810.0,46,0,2026-10-03,2026-09-17
815.0,56,0,2026-10-03,2026-09-17
820.0,21,0,2026-10-03,2026-09-17
825.0,26,0,2026-10-03,2026-09-17
830.0,139,0,2026-10-03,2026-09-17
835.0,15,0,2026-10-03,2026-09-17
840.0,87,0,2026-10-03,2026-09-17
845.0,18,0,2026-10-03,2026-09-17
850.0,148,0,2026-10-03,2026-09-17
855.0,15,0,2026-10-03,2026-09-17
860.0,109,0,2026-10-03,2026-09-17
865.0,38,0,2026-10-03,2026-09-17
870.0,25,0,2026-10-03,2026-09-17
875.0,43,0,2026-10-03,2026-09-17
880.0,34,0,2026-10-03,2026-09-17
885.0,20,0,2026-10-03,2026-09-17
890.0,16,0,2026-10-03,2026-09-17
895.0,10,0,2026-10-03,2026-09-17
900.0,673,0,2026-10-03,2026-09-17
905.0,38,0,2026-10-03,2026-09-17
910.0,19,0,2026-10-03,2026-09-17
915.0,22,0,2026-10-03,2026-09-17
920.0,57,0,2026-10-03,2026-09-17
925.0,22,0,2026-10-03,2026-09-17
930.0,26,0,2026-10-03,2026-09-17
935.0,257,0,2026-10-03,2026-09-17
940.0,63,0,2026-10-03,2026-09-17
945.0,43,0,2026-10-03,2026-09-17
950.0,49,0,2026-10-03,2026-09-17
955.0,54,0,2026-10-03,2026-09-17
960.0,132,0,2026-10-03,2026-09-17
965.0,104,0,2026-10-03,2026-09-17
970.0,55,0,2026-10-03,2026-09-17
975.0,79,0,2026-10-03,2026-09-17
980.0,44,0,2026-10-03,2026-09-17
985.0,96,0,2026-10-03,2026-09-17
990.0,47,0,2026-10-03,2026-09-17
995.0,44,0,2026-10-03,2026-09-17
1000.0,78,0,2026-10-03,2026-09-17
1010.0,91,0,2026-10-03,2026-09-17
1020.0,105,0,2026-10-03,2026-09-17
1030.0,139,0,2026-10-03,2026-09-17
1040.0,228,0,2026-10-03,2026-09-17
1050.0,161,0,2026-10-03,2026-09-17
1060.0,56,0,2026-10-03,2026-09-17
1070.0,71,0,2026-10-03,2026-09-17
691.68,2,0,2026-10-09,2026-09-17
100.0,0,1,2026-10-10,2026-09-17
110.0,0,0,2026-10-10,2026-09-17
120.0,0,0,2026-10-10,2026-09-17
130.0,0,0,2026-10-10,2026-09-17
140.0,0,0,2026-10-10,2026-09-17
150.0,0,0,2026-10-10,2026-09-17
160.0,0,0,2026-10-10,2026-09-17
170.0,0,0,2026-10-10,2026-09-17
180.0,0,0,2026-10-10,2026-09-17
190.0,0,0,2026-10-10,2026-09-17
200.0,0,0,2026-10-10,2026-09-17
210.0,0,0,2026-10-10,2026-09-17
220.0,0,0,2026-10-10,2026-09-17
230.0,0,0,2026-10-10,2026-09-17
240.0,7,0,2026-10-10,2026-09-17
250.0,0,0,2026-10-10,2026-09-17
260.0,0,17,2026-10-10,2026-09-17
270.0,0,3,2026-10-10,2026-09-17
280.0,0,3,2026-10-10,2026-09-17
290.0,0,0,2026-10-10,2026-09-17
300.0,0,1,2026-10-10,2026-09-17
310.0,0,0,2026-10-10,2026-09-17
320.0,0,1,2026-10-10,2026-09-17
330.0,0,1,2026-10-10,2026-09-17
340.0,0,7,2026-10-10,2026-09-17
350.0,0,13,2026-10-10,2026-09-17
360.0,0,9,2026-10-10,2026-09-17
370.0,0,22,2026-10-10,2026-09-17
380.0,0,7,2026-10-10,2026-09-17
390.0,0,6,2026-10-10,2026-09-17
400.0,2,8,2026-10-10,2026-09-17
405.0,0,12,2026-10-10,2026-09-17
410.0,0,13,2026-10-10,2026-09-17
415.0,0,13,2026-10-10,2026-09-17
420.0,0,9,2026-10-10,2026-09-17
425.0,0,15,2026-10-10,2026-09-17
430.0,0,17,2026-10-10,2026-09-17
435.0,0,44,2026-10-10,2026-09-17
440.0,0,46,2026-10-10,2026-09-17
445.0,0,23,2026-10-10,2026-09-17
450.0,0,13,2026-10-10,2026-09-17
455.0,0,6,2026-10-10,2026-09-17
460.0,0,18,2026-10-10,2026-09-17
465.0,0,12,2026-10-10,2026-09-17
470.0,0,47,2026-10-10,2026-09-17
475.0,0,29,2026-10-10,2026-09-17
480.0,0,250,2026-10-10,2026-09-17
485.0,0,262,2026-10-10,2026-09-17
490.0,2,291,2026-10-10,2026-09-17
495.0,0,42,2026-10-10,2026-09-17
500.0,3,1702,2026-10-10,2026-09-17
505.0,0,13,2026-10-10,2026-09-17
510.0,0,162,2026-10-10,2026-09-17
515.0,0,1154,2026-10-10,2026-09-17
520.0,1,73,2026-10-10,2026-09-17
525.0,5,98,2026-10-10,2026-09-17
530.0,2,105,2026-10-10,2026-09-17
535.0,2,87,2026-10-10,2026-09-17
540.0,2,153,2026-10-10,2026-09-17
545.0,13,144,2026-10-10,2026-09-17
550.0,22,239,2026-10-10,2026-09-17
555.0,85,58,2026-10-10,2026-09-17
560.0,21,106,2026-10-10,2026-09-17
565.0,29,91,2026-10-10,2026-09-17
570.0,76,131,2026-10-10,2026-09-17
575.0,97,73,2026-10-10,2026-09-17
580.0,86,285,2026-10-10,2026-09-17
585.0,83,109,2026-10-10,2026-09-17
590.0,32,151,2026-10-10,2026-09-17
595.0,27,391,2026-10-10,2026-09-17
600.0,5000,5000,2026-10-10,2026-09-17
600.0,53,439,2026-10-10,2026-09-17
605.0,85,387,2026-10-10,2026-09-17
605.34,197,197,2026-10-10,2026-09-17
610.0,89,167,2026-10-10,2026-09-17
615.0,324,71,2026-10-10,2026-09-17
620.0,126,148,2026-10-10,2026-09-17
625.0,43,181,2026-10-10,2026-09-17
630.0,175,84,2026-10-10,2026-09-17
635.0,74,87,2026-10-10,2026-09-17
640.0,203,130,2026-10-10,2026-09-17
645.0,154,161,2026-10-10,2026-09-17
650.0,264,128,2026-10-10,2026-09-17
655.0,175,119,2026-10-10,2026-09-17
660.0,369,64,2026-10-10,2026-09-17
665.0,899,65,2026-10-10,2026-09-17
670.0,850,134,2026-10-10,2026-09-17
675.0,342,120,2026-10-10,2026-09-17
680.0,169,145,2026-10-10,2026-09-17
685.0,314,12,2026-10-10,2026-09-17
690.0,266,33,2026-10-10,2026-09-17
695.0,169,5,2026-10-10,2026-09-17
700.0,654,52,2026-10-10,2026-09-17
705.0,132,18,2026-10-10,2026-09-17
710.0,239,32,2026-10-10,2026-09-17
715.0,436,10,2026-10-10,2026-09-17
720.0,364,2,2026-10-10,2026-09-17
725.0,367,39,2026-10-10,2026-09-17
730.0,174,9,2026-10-10,2026-09-17
735.0,48,4,2026-10-10,2026-09-17
740.0,145,1,2026-10-10,2026-09-17
745.0,64,1,2026-10-10,2026-09-17
750.0,244,0,2026-10-10,2026-09-17
755.0,34,0,2026-10-10,2026-09-17
760.0,107,0,2026-10-10,2026-09-17
765.0,64,0,2026-10-10,2026-09-17
770.0,380,0,2026-10-10,2026-09-17
770.0,93,0,2026-10-10,2026-09-17
775.0,25,0,2026-10-10,2026-09-17
780.0,18,1,2026-10-10,2026-09-17
785.0,43,1,2026-10-10,2026-09-17
790.0,40,0,2026-10-10,2026-09-17
795.0,18,0,2026-10-10,2026-09-17
800.0,107,0,2026-10-10,2026-09-17
805.0,22,0,2026-10-10,2026-09-17
810.0,71,0,2026-10-10,2026-09-17
815.0,59,0,2026-10-10,2026-09-17
820.0,89,0,2026-10-10,2026-09-17
825.0,14,0,2026-10-10,2026-09-17
830.0,19,0,2026-10-10,2026-09-17
835.0,33,0,2026-10-10,2026-09-17
840.0,29,0,2026-10-10,2026-09-17
845.0,60,0,2026-10-10,2026-09-17
850.0,43,0,2026-10-10,2026-09-17
855.0,10,0,2026-10-10,2026-09-17
860.0,13,0,2026-10-10,2026-09-17
865.0,13,0,2026-10-10,2026-09-17
870.0,34,0,2026-10-10,2026-09-17
875.0,22,0,2026-10-10,2026-09-17
880.0,63,0,2026-10-10,2026-09-17
885.0,18,0,2026-10-10,2026-09-17
890.0,19,0,2026-10-10,2026-09-17
895.0,25,0,2026-10-10,2026-09-17
900.0,9,0,2026-10-10,2026-09-17
905.0,17,0,2026-10-10,2026-09-17
910.0,89,0,2026-10-10,2026-09-17
915.0,95,0,2026-10-10,2026-09-17
920.0,27,0,2026-10-10,2026-09-17
925.0,83,0,2026-10-10,2026-09-17
930.0,25,0,2026-10-10,2026-09-17
935.0,20,0,2026-10-10,2026-09-17
940.0,25,0,2026-10-10,2026-09-17
945.0,33,0,2026-10-10,2026-09-17
950.0,16,0,2026-10-10,2026-09-17
955.0,129,0,2026-10-10,2026-09-17
960.0,25,0,2026-10-10,2026-09-17
965.0,19,0,2026-10-10,2026-09-17
970.0,24,0,2026-10-10,2026-09-17
975.0,28,0,2026-10-10,2026-09-17
980.0,23,0,2026-10-10,2026-09-17
985.0,22,0,2026-10-10,2026-09-17
990.0,25,0,2026-10-10,2026-09-17
995.0,25,0,2026-10-10,2026-09-17
1000.0,26,0,2026-10-10,2026-09-17
1010.0,129,0,2026-10-10,2026-09-17
1020.0,95,0,2026-10-10,2026-09-17
1030.0,76,0,2026-10-10,2026-09-17
1040.0,126,0,2026-10-10,2026-09-17
1050.0,126,0,2026-10-10,2026-09-17
1060.0,115,0,2026-10-10,2026-09-17
1070.0,143,0,2026-10-10,2026-09-17
270.0,916,419,2026-10-17,2026-09-17
280.0,2,254,2026-10-17,2026-09-17
290.0,0,918,2026-10-17,2026-09-17
300.0,305,1052,2026-10-17,2026-09-17
310.0,2,935,2026-10-17,2026-09-17
320.0,8,211,2026-10-17,2026-09-17
330.0,1,677,2026-10-17,2026-09-17
340.0,0,254,2026-10-17,2026-09-17
350.0,10,535,2026-10-17,2026-09-17
360.0,0,300,2026-10-17,2026-09-17
370.0,3,186,2026-10-17,2026-09-17
380.0,16,292,2026-10-17,2026-09-17
390.0,3,547,2026-10-17,2026-09-17
400.0,24,928,2026-10-17,2026-09-17
405.0,0,73,2026-10-17,2026-09-17
410.0,16,1176,2026-10-17,2026-09-17
415.0,7,232,2026-10-17,2026-09-17
420.0,6,371,2026-10-17,2026-09-17
425.0,1,166,2026-10-17,2026-09-17
430.0,21,398,2026-10-17,2026-09-17
435.0,24,142,2026-10-17,2026-09-17
440.0,30,725,2026-10-17,2026-09-17
445.0,27,73,2026-10-17,2026-09-17
450.0,704,3089,2026-10-17,2026-09-17
455.0,34,396,2026-10-17,2026-09-17
460.0,20,1042,2026-10-17,2026-09-17
465.0,15,623,2026-10-17,2026-09-17
470.0,25,1382,2026-10-17,2026-09-17
475.0,9,553,2026-10-17,2026-09-17
480.0,163,2355,2026-10-17,2026-09-17
485.0,27,2308,2026-10-17,2026-09-17
490.0,53,1455,2026-10-17,2026-09-17
495.0,41,736,2026-10-17,2026-09-17
500.0,528,4450,2026-10-17,2026-09-17
505.0,30,1020,2026-10-17,2026-09-17
510.0,50,1763,2026-10-17,2026-09-17
515.0,121,1841,2026-10-17,2026-09-17
520.0,396,2341,2026-10-17,2026-09-17
525.0,165,1794,2026-10-17,2026-09-17
530.0,350,2084,2026-10-17,2026-09-17
535.0,538,911,2026-10-17,2026-09-17
540.0,463,4371,2026-10-17,2026-09-17
545.0,222,748,2026-10-17,2026-09-17
550.0,6000,6000,2026-10-17,2026-09-17
550.0,2653,6089,2026-10-17,2026-09-17
555.0,352,645,2026-10-17,2026-09-17
560.0,1168,2557,2026-10-17,2026-09-17
565.0,615,703,2026-10-17,2026-09-17
570.0,2205,2563,2026-10-17,2026-09-17
570.01,2035,2035,2026-10-17,2026-09-17
575.0,1854,810,2026-10-17,2026-09-17
580.0,500,500,2026-10-17,2026-09-17
580.0,1668,3661,2026-10-17,2026-09-17
585.0,3990,3198,2026-10-17,2026-09-17
590.0,1902,2105,2026-10-17,2026-09-17
595.0,4870,4870,2026-10-17,2026-09-17
595.0,1106,575,2026-10-17,2026-09-17
600.0,2543,2495,2026-10-17,2026-09-17
600.0,8517,6729,2026-10-17,2026-09-17
605.0,796,669,2026-10-17,2026-09-17
610.0,1521,1569,2026-10-17,2026-09-17
615.0,1187,868,2026-10-17,2026-09-17
620.0,4567,2398,2026-10-17,2026-09-17
625.0,1175,882,2026-10-17,2026-09-17
630.0,3350,1120,2026-10-17,2026-09-17
635.0,778,304,2026-10-17,2026-09-17
640.0,48,0,2026-10-17,2026-09-17
640.0,4891,1856,2026-10-17,2026-09-17
645.0,660,525,2026-10-17,2026-09-17
650.0,0,0,2026-10-17,2026-09-17
650.0,11975,1898,2026-10-17,2026-09-17
655.0,1721,328,2026-10-17,2026-09-17
660.0,2711,1022,2026-10-17,2026-09-17
665.0,250,250,2026-10-17,2026-09-17
665.0,1616,253,2026-10-17,2026-09-17
670.0,5500,5500,2026-10-17,2026-09-17
670.0,3428,604,2026-10-17,2026-09-17
675.0,3816,530,2026-10-17,2026-09-17
680.0,1,0,2026-10-17,2026-09-17
680.0,4827,438,2026-10-17,2026-09-17
685.0,1351,114,2026-10-17,2026-09-17
690.0,3734,173,2026-10-17,2026-09-17
695.0,2791,84,2026-10-17,2026-09-17
700.0,12,0,2026-10-17,2026-09-17
700.0,25730,836,2026-10-17,2026-09-17
705.0,2193,20,2026-10-17,2026-09-17
710.0,12560,103,2026-10-17,2026-09-17
715.0,1750,31,2026-10-17,2026-09-17
720.0,3703,272,2026-10-17,2026-09-17
725.0,3162,69,2026-10-17,2026-09-17
730.0,3489,54,2026-10-17,2026-09-17
730.12,109,0,2026-10-17,2026-09-17
735.0,36,0,2026-10-17,2026-09-17
735.0,2312,10,2026-10-17,2026-09-17
740.0,2478,4,2026-10-17,2026-09-17
745.0,359,0,2026-10-17,2026-09-17
750.0,14261,140,2026-10-17,2026-09-17
755.0,3065,0,2026-10-17,2026-09-17
760.0,5347,171,2026-10-17,2026-09-17
765.0,9765,0,2026-10-17,2026-09-17
770.0,3511,0,2026-10-17,2026-09-17
775.0,4877,0,2026-10-17,2026-09-17
780.0,5877,0,2026-10-17,2026-09-17
785.0,266,0,2026-10-17,2026-09-17
790.0,3,0,2026-10-17,2026-09-17
790.0,2030,45,2026-10-17,2026-09-17
795.0,192,15,2026-10-17,2026-09-17
800.0,7,0,2026-10-17,2026-09-17
800.0,8604,173,2026-10-17,2026-09-17
805.0,2962,0,2026-10-17,2026-09-17
810.0,3040,15,2026-10-17,2026-09-17
815.0,4781,0,2026-10-17,2026-09-17
820.0,2958,1,2026-10-17,2026-09-17
825.0,4715,0,2026-10-17,2026-09-17
830.0,6700,0,2026-10-17,2026-09-17
835.0,57,56,2026-10-17,2026-09-17
840.0,859,0,2026-10-17,2026-09-17
845.0,158,0,2026-10-17,2026-09-17
850.0,2327,0,2026-10-17,2026-09-17
855.0,119,1,2026-10-17,2026-09-17
860.0,954,1,2026-10-17,2026-09-17
865.0,47,0,2026-10-17,2026-09-17
870.0,999,0,2026-10-17,2026-09-17
875.0,191,0,2026-10-17,2026-09-17
880.0,306,0,2026-10-17,2026-09-17
885.0,510,0,2026-10-17,2026-09-17
890.0,204,0,2026-10-17,2026-09-17
895.0,24,0,2026-10-17,2026-09-17
900.0,3570,0,2026-10-17,2026-09-17
905.0,25,0,2026-10-17,2026-09-17
910.0,217,0,2026-10-17,2026-09-17
915.0,53,0,2026-10-17,2026-09-17
920.0,100,0,2026-10-17,2026-09-17
925.0,18,0,2026-10-17,2026-09-17
930.0,327,0,2026-10-17,2026-09-17
935.0,6,0,2026-10-17,2026-09-17
940.0,162,0,2026-10-17,2026-09-17
945.0,4,0,2026-10-17,2026-09-17
950.0,677,0,2026-10-17,2026-09-17
955.0,20,0,2026-10-17,2026-09-17
960.0,81,0,2026-10-17,2026-09-17
965.0,194,0,2026-10-17,2026-09-17
970.0,218,0,2026-10-17,2026-09-17
975.0,52,0,2026-10-17,2026-09-17
980.0,178,0,2026-10-17,2026-09-17
990.0,131,0,2026-10-17,2026-09-17
1000.0,862,1,2026-10-17,2026-09-17
1010.0,67,0,2026-10-17,2026-09-17
1020.0,37,0,2026-10-17,2026-09-17
1030.0,68,0,2026-10-17,2026-09-17
1040.0,317,0,2026-10-17,2026-09-17
1050.0,345,0,2026-10-17,2026-09-17
1060.0,803,0,2026-10-17,2026-09-17
1070.0,611,0,2026-10-17,2026-09-17
1080.0,448,0,2026-10-17,2026-09-17
1090.0,113,0,2026-10-17,2026-09-17
1100.0,620,0,2026-10-17,2026-09-17
1110.0,319,0,2026-10-17,2026-09-17
1120.0,573,0,2026-10-17,2026-09-17
1130.0,540,0,2026-10-17,2026-09-17
1140.0,332,0,2026-10-17,2026-09-17
1150.0,201,0,2026-10-17,2026-09-17
1160.0,3174,0,2026-10-17,2026-09-17
1170.0,2340,0,2026-10-17,2026-09-17
1180.0,1845,0,2026-10-17,2026-09-17
1190.0,220,0,2026-10-17,2026-09-17
1200.0,2990,0,2026-10-17,2026-09-17
1210.0,1979,0,2026-10-17,2026-09-17
1220.0,3153,0,2026-10-17,2026-09-17
1230.0,1193,0,2026-10-17,2026-09-17
1240.0,2095,0,2026-10-17,2026-09-17
1250.0,525,0,2026-10-17,2026-09-17
100.0,0,0,2026-10-24,2026-09-17
110.0,0,0,2026-10-24,2026-09-17
120.0,0,0,2026-10-24,2026-09-17
130.0,0,0,2026-10-24,2026-09-17
140.0,0,0,2026-10-24,2026-09-17
150.0,0,0,2026-10-24,2026-09-17
160.0,0,0,2026-10-24,2026-09-17
170.0,0,0,2026-10-24,2026-09-17
180.0,0,0,2026-10-24,2026-09-17
190.0,0,0,2026-10-24,2026-09-17
200.0,0,0,2026-10-24,2026-09-17
210.0,0,0,2026-10-24,2026-09-17
220.0,0,0,2026-10-24,2026-09-17
230.0,0,0,2026-10-24,2026-09-17
240.0,0,0,2026-10-24,2026-09-17
250.0,0,0,2026-10-24,2026-09-17
260.0,0,0,2026-10-24,2026-09-17
270.0,0,0,2026-10-24,2026-09-17
280.0,0,0,2026-10-24,2026-09-17
290.0,0,0,2026-10-24,2026-09-17
300.0,0,0,2026-10-24,2026-09-17
310.0,0,0,2026-10-24,2026-09-17
320.0,0,0,2026-10-24,2026-09-17
330.0,0,1,2026-10-24,2026-09-17
340.0,0,0,2026-10-24,2026-09-17
350.0,0,0,2026-10-24,2026-09-17
360.0,0,2,2026-10-24,2026-09-17
370.0,0,2,2026-10-24,2026-09-17
380.0,0,0,2026-10-24,2026-09-17
390.0,0,0,2026-10-24,2026-09-17
400.0,1,1,2026-10-24,2026-09-17
405.0,0,2,2026-10-24,2026-09-17
410.0,0,4,2026-10-24,2026-09-17
415.0,0,0,2026-10-24,2026-09-17
420.0,0,0,2026-10-24,2026-09-17
425.0,1,0,2026-10-24,2026-09-17
430.0,0,0,2026-10-24,2026-09-17
435.0,0,15,2026-10-24,2026-09-17
440.0,0,13,2026-10-24,2026-09-17
445.0,0,11,2026-10-24,2026-09-17
450.0,0,11,2026-10-24,2026-09-17
455.0,0,6,2026-10-24,2026-09-17
460.0,0,0,2026-10-24,2026-09-17
465.0,0,0,2026-10-24,2026-09-17
470.0,0,11,2026-10-24,2026-09-17
475.0,1,2,2026-10-24,2026-09-17
480.0,1,20,2026-10-24,2026-09-17
485.0,0,3,2026-10-24,2026-09-17
490.0,0,11,2026-10-24,2026-09-17
495.0,0,5,2026-10-24,2026-09-17
500.0,1,206,2026-10-24,2026-09-17
505.0,0,14,2026-10-24,2026-09-17
510.0,0,23,2026-10-24,2026-09-17
515.0,0,12,2026-10-24,2026-09-17
520.0,0,60,2026-10-24,2026-09-17
525.0,2,38,2026-10-24,2026-09-17
530.0,0,53,2026-10-24,2026-09-17
535.0,2,79,2026-10-24,2026-09-17
540.0,1,318,2026-10-24,2026-09-17
545.0,3,203,2026-10-24,2026-09-17
550.0,12,284,2026-10-24,2026-09-17
555.0,6,130,2026-10-24,2026-09-17
560.0,5,247,2026-10-24,2026-09-17
565.0,36,116,2026-10-24,2026-09-17
570.0,9,77,2026-10-24,2026-09-17
575.0,13,121,2026-10-24,2026-09-17
580.0,5,118,2026-10-24,2026-09-17
585.0,12,78,2026-10-24,2026-09-17
590.0,10,130,2026-10-24,2026-09-17
595.0,5,328,2026-10-24,2026-09-17
600.0,0,133,2026-10-24,2026-09-17
600.0,74,241,2026-10-24,2026-09-17
605.0,4,135,2026-10-24,2026-09-17
610.0,30,67,2026-10-24,2026-09-17
615.0,23,135,2026-10-24,2026-09-17
620.0,78,170,2026-10-24,2026-09-17
625.0,78,60,2026-10-24,2026-09-17
630.0,478,163,2026-10-24,2026-09-17
635.0,89,53,2026-10-24,2026-09-17
640.0,99,107,2026-10-24,2026-09-17
645.0,146,74,2026-10-24,2026-09-17
650.0,261,97,2026-10-24,2026-09-17
655.0,141,57,2026-10-24,2026-09-17
660.0,448,60,2026-10-24,2026-09-17
665.0,104,109,2026-10-24,2026-09-17
670.0,300,300,2026-10-24,2026-09-17
670.0,228,125,2026-10-24,2026-09-17
675.0,185,86,2026-10-24,2026-09-17
680.0,553,101,2026-10-24,2026-09-17
685.0,76,45,2026-10-24,2026-09-17
690.0,173,15,2026-10-24,2026-09-17
695.0,91,28,2026-10-24,2026-09-17
700.0,576,21,2026-10-24,2026-09-17
705.0,93,39,2026-10-24,2026-09-17
710.0,308,5,2026-10-24,2026-09-17
715.0,67,3,2026-10-24,2026-09-17
720.0,245,7,2026-10-24,2026-09-17
725.0,308,4,2026-10-24,2026-09-17
730.0,122,1,2026-10-24,2026-09-17
735.0,58,0,2026-10-24,2026-09-17
740.0,133,0,2026-10-24,2026-09-17
740.0,134,0,2026-10-24,2026-09-17
745.0,85,1,2026-10-24,2026-09-17
750.0,461,0,2026-10-24,2026-09-17
755.0,64,0,2026-10-24,2026-09-17
760.0,414,0,2026-10-24,2026-09-17
765.0,79,0,2026-10-24,2026-09-17
770.0,107,0,2026-10-24,2026-09-17
775.0,111,0,2026-10-24,2026-09-17
780.0,167,0,2026-10-24,2026-09-17
785.0,45,0,2026-10-24,2026-09-17
790.0,57,0,2026-10-24,2026-09-17
795.0,33,0,2026-10-24,2026-09-17
800.0,116,1,2026-10-24,2026-09-17
805.0,9,0,2026-10-24,2026-09-17
810.0,14,0,2026-10-24,2026-09-17
815.0,9,0,2026-10-24,2026-09-17
820.0,38,0,2026-10-24,2026-09-17
825.0,2,0,2026-10-24,2026-09-17
830.0,37,0,2026-10-24,2026-09-17
835.0,16,0,2026-10-24,2026-09-17
840.0,15,0,2026-10-24,2026-09-17
845.0,6,0,2026-10-24,2026-09-17
850.0,25,0,2026-10-24,2026-09-17
855.0,13,0,2026-10-24,2026-09-17
860.0,15,0,2026-10-24,2026-09-17
865.0,0,0,2026-10-24,2026-09-17
870.0,3,0,2026-10-24,2026-09-17
875.0,51,0,2026-10-24,2026-09-17
880.0,6,0,2026-10-24,2026-09-17
885.0,0,0,2026-10-24,2026-09-17
890.0,199,0,2026-10-24,2026-09-17
895.0,0,0,2026-10-24,2026-09-17
900.0,10,0,2026-10-24,2026-09-17
905.0,0,0,2026-10-24,2026-09-17
910.0,0,0,2026-10-24,2026-09-17
915.0,3,0,2026-10-24,2026-09-17
920.0,2,0,2026-10-24,2026-09-17
925.0,0,0,2026-10-24,2026-09-17
930.0,0,0,2026-10-24,2026-09-17
935.0,0,0,2026-10-24,2026-09-17
940.0,0,0,2026-10-24,2026-09-17
945.0,3,0,2026-10-24,2026-09-17
950.0,3,0,2026-10-24,2026-09-17
955.0,2,0,2026-10-24,2026-09-17
960.0,2,0,2026-10-24,2026-09-17
965.0,0,0,2026-10-24,2026-09-17
970.0,0,0,2026-10-24,2026-09-17
975.0,3,0,2026-10-24,2026-09-17
980.0,4,0,2026-10-24,2026-09-17
985.0,0,0,2026-10-24,2026-09-17
990.0,0,0,2026-10-24,2026-09-17
995.0,0,0,2026-10-24,2026-09-17
1000.0,40,0,2026-10-24,2026-09-17
1010.0,0,0,2026-10-24,2026-09-17
1020.0,24,0,2026-10-24,2026-09-17
1030.0,9,0,2026-10-24,2026-09-17
1040.0,5,0,2026-10-24,2026-09-17
1050.0,16,0,2026-10-24,2026-09-17
1060.0,1,0,2026-10-24,2026-09-17
1070.0,21,0,2026-10-24,2026-09-17
556.03,1680,1680,2026-10-28,2026-09-17
600.0,4600,4600,2026-10-29,2026-09-17
100.0,0,0,2026-10-31,2026-09-17
110.0,0,0,2026-10-31,2026-09-17
120.0,0,0,2026-10-31,2026-09-17
130.0,0,0,2026-10-31,2026-09-17
140.0,0,0,2026-10-31,2026-09-17
150.0,0,0,2026-10-31,2026-09-17
160.0,0,0,2026-10-31,2026-09-17
170.0,0,0,2026-10-31,2026-09-17
180.0,0,0,2026-10-31,2026-09-17
190.0,0,0,2026-10-31,2026-09-17
200.0,0,0,2026-10-31,2026-09-17
210.0,0,0,2026-10-31,2026-09-17
220.0,0,0,2026-10-31,2026-09-17
230.0,0,0,2026-10-31,2026-09-17
240.0,0,0,2026-10-31,2026-09-17
250.0,0,0,2026-10-31,2026-09-17
260.0,0,0,2026-10-31,2026-09-17
270.0,0,0,2026-10-31,2026-09-17
280.0,0,0,2026-10-31,2026-09-17
290.0,0,0,2026-10-31,2026-09-17
300.0,0,126,2026-10-31,2026-09-17
310.0,0,0,2026-10-31,2026-09-17
320.0,0,0,2026-10-31,2026-09-17
330.0,0,0,2026-10-31,2026-09-17
340.0,0,0,2026-10-31,2026-09-17
350.0,0,0,2026-10-31,2026-09-17
360.0,0,0,2026-10-31,2026-09-17
370.0,0,0,2026-10-31,2026-09-17
380.0,0,2,2026-10-31,2026-09-17
390.0,0,0,2026-10-31,2026-09-17
400.0,0,1,2026-10-31,2026-09-17
410.0,0,0,2026-10-31,2026-09-17
420.0,0,0,2026-10-31,2026-09-17
430.0,0,0,2026-10-31,2026-09-17
440.0,0,5,2026-10-31,2026-09-17
450.0,0,4,2026-10-31,2026-09-17
455.0,0,2,2026-10-31,2026-09-17
460.0,1,2,2026-10-31,2026-09-17
465.0,0,0,2026-10-31,2026-09-17
470.0,0,236,2026-10-31,2026-09-17
475.0,0,3,2026-10-31,2026-09-17
480.0,1,3,2026-10-31,2026-09-17
485.0,0,1,2026-10-31,2026-09-17
490.0,0,0,2026-10-31,2026-09-17
495.0,0,7,2026-10-31,2026-09-17
500.0,22,135,2026-10-31,2026-09-17
505.0,0,2,2026-10-31,2026-09-17
510.0,12,4,2026-10-31,2026-09-17
515.0,0,42,2026-10-31,2026-09-17
520.0,2000,2000,2026-10-31,2026-09-17
520.0,11,68,2026-10-31,2026-09-17
525.0,0,264,2026-10-31,2026-09-17
530.0,1,17,2026-10-31,2026-09-17
535.0,0,362,2026-10-31,2026-09-17
540.0,0,74,2026-10-31,2026-09-17
545.0,1,41,2026-10-31,2026-09-17
550.0,1,119,2026-10-31,2026-09-17
555.0,1,30,2026-10-31,2026-09-17
560.0,5,115,2026-10-31,2026-09-17
565.0,1,58,2026-10-31,2026-09-17
570.0,4,78,2026-10-31,2026-09-17
575.0,1,49,2026-10-31,2026-09-17
580.0,3,100,2026-10-31,2026-09-17
585.0,2,58,2026-10-31,2026-09-17
590.0,7,209,2026-10-31,2026-09-17
595.0,6,51,2026-10-31,2026-09-17
600.0,13,291,2026-10-31,2026-09-17
605.0,6,63,2026-10-31,2026-09-17
610.0,11,50,2026-10-31,2026-09-17
615.0,4,25,2026-10-31,2026-09-17
620.0,19,128,2026-10-31,2026-09-17
625.0,13,52,2026-10-31,2026-09-17
630.0,43,98,2026-10-31,2026-09-17
635.0,3,19,2026-10-31,2026-09-17
640.0,41,38,2026-10-31,2026-09-17
645.0,16,20,2026-10-31,2026-09-17
650.0,76,138,2026-10-31,2026-09-17
655.0,47,26,2026-10-31,2026-09-17
660.0,77,70,2026-10-31,2026-09-17
665.0,56,35,2026-10-31,2026-09-17
670.0,85,25,2026-10-31,2026-09-17
675.0,94,30,2026-10-31,2026-09-17
680.0,249,77,2026-10-31,2026-09-17
685.0,48,6,2026-10-31,2026-09-17
690.0,122,45,2026-10-31,2026-09-17
695.0,43,8,2026-10-31,2026-09-17
700.0,252,57,2026-10-31,2026-09-17
705.0,23,0,2026-10-31,2026-09-17
710.0,84,17,2026-10-31,2026-09-17
715.0,29,3,2026-10-31,2026-09-17
720.0,225,0,2026-10-31,2026-09-17
725.0,44,1,2026-10-31,2026-09-17
730.0,72,24,2026-10-31,2026-09-17
735.0,26,1,2026-10-31,2026-09-17
740.0,53,8,2026-10-31,2026-09-17
745.0,14,0,2026-10-31,2026-09-17
750.0,86,16,2026-10-31,2026-09-17
755.0,22,1,2026-10-31,2026-09-17
760.0,47,1,2026-10-31,2026-09-17
765.0,11,0,2026-10-31,2026-09-17
770.0,56,0,2026-10-31,2026-09-17
775.0,20,0,2026-10-31,2026-09-17
780.0,59,0,2026-10-31,2026-09-17
785.0,18,0,2026-10-31,2026-09-17
790.0,64,0,2026-10-31,2026-09-17
795.0,5,0,2026-10-31,2026-09-17
800.0,291,0,2026-10-31,2026-09-17
805.0,17,0,2026-10-31,2026-09-17
810.0,18,0,2026-10-31,2026-09-17
815.0,38,0,2026-10-31,2026-09-17
820.0,5,0,2026-10-31,2026-09-17
825.0,2,0,2026-10-31,2026-09-17
830.0,2,0,2026-10-31,2026-09-17
835.0,1,0,2026-10-31,2026-09-17
840.0,11,0,2026-10-31,2026-09-17
845.0,5,0,2026-10-31,2026-09-17
850.0,2,0,2026-10-31,2026-09-17
860.0,1,0,2026-10-31,2026-09-17
870.0,3,0,2026-10-31,2026-09-17
880.0,0,0,2026-10-31,2026-09-17
890.0,16,0,2026-10-31,2026-09-17
900.0,106,0,2026-10-31,2026-09-17
910.0,2,0,2026-10-31,2026-09-17
920.0,1,0,2026-10-31,2026-09-17
930.0,1,0,2026-10-31,2026-09-17
940.0,0,0,2026-10-31,2026-09-17
950.0,2,0,2026-10-31,2026-09-17
960.0,3,0,2026-10-31,2026-09-17
970.0,1,0,2026-10-31,2026-09-17
980.0,1,0,2026-10-31,2026-09-17
990.0,3,0,2026-10-31,2026-09-17
1000.0,3,0,2026-10-31,2026-09-17
1010.0,2,0,2026-10-31,2026-09-17
1020.0,2,0,2026-10-31,2026-09-17
1030.0,0,0,2026-10-31,2026-09-17
1040.0,6,0,2026-10-31,2026-09-17
1050.0,0,0,2026-10-31,2026-09-17
1060.0,0,0,2026-10-31,2026-09-17
1070.0,2,0,2026-10-31,2026-09-17
715.0,124,0,2026-11-06,2026-09-17
730.0,62,0,2026-11-06,2026-09-17
760.0,166,0,2026-11-06,2026-09-17
813.0,25,0,2026-11-06,2026-09-17
670.0,350,350,2026-11-07,2026-09-17
745.0,554,0,2026-11-07,2026-09-17
750.0,11,0,2026-11-07,2026-09-17
805.0,96,0,2026-11-12,2026-09-17
610.0,0,0,2026-11-14,2026-09-17
5.0,1364,3803,2026-11-21,2026-09-17
10.0,13,201,2026-11-21,2026-09-17
15.0,2,0,2026-11-21,2026-09-17
20.0,13,20,2026-11-21,2026-09-17
25.0,13,0,2026-11-21,2026-09-17
30.0,15,2,2026-11-21,2026-09-17
35.0,7,0,2026-11-21,2026-09-17
40.0,2,30,2026-11-21,2026-09-17
45.0,6,0,2026-11-21,2026-09-17
50.0,5,42,2026-11-21,2026-09-17
250.0,85,2448,2026-11-21,2026-09-17
260.0,4,187,2026-11-21,2026-09-17
270.0,1,115,2026-11-21,2026-09-17
280.0,0,48,2026-11-21,2026-09-17
290.0,2,167,2026-11-21,2026-09-17
300.0,17,500,2026-11-21,2026-09-17
310.0,3,110,2026-11-21,2026-09-17
320.0,4,45,2026-11-21,2026-09-17
330.0,18,66,2026-11-21,2026-09-17
340.0,8,197,2026-11-21,2026-09-17
350.0,17,417,2026-11-21,2026-09-17
360.0,15,277,2026-11-21,2026-09-17
370.0,3,225,2026-11-21,2026-09-17
380.0,16,157,2026-11-21,2026-09-17
390.0,38,256,2026-11-21,2026-09-17
400.0,49,845,2026-11-21,2026-09-17
405.0,40,184,2026-11-21,2026-09-17
410.0,10,155,2026-11-21,2026-09-17
415.0,16,167,2026-11-21,2026-09-17
420.0,6,1001,2026-11-21,2026-09-17
425.0,41,634,2026-11-21,2026-09-17
430.0,8,240,2026-11-21,2026-09-17
435.0,6,778,2026-11-21,2026-09-17
440.0,35,710,2026-11-21,2026-09-17
445.0,30,367,2026-11-21,2026-09-17
450.0,132,1734,2026-11-21,2026-09-17
455.0,31,369,2026-11-21,2026-09-17
460.0,107,619,2026-11-21,2026-09-17
465.0,49,435,2026-11-21,2026-09-17
470.0,55,1464,2026-11-21,2026-09-17
475.0,38,692,2026-11-21,2026-09-17
480.0,66,2714,2026-11-21,2026-09-17
485.0,36,480,2026-11-21,2026-09-17
490.0,16,878,2026-11-21,2026-09-17
495.0,53,787,2026-11-21,2026-09-17
500.0,319,3660,2026-11-21,2026-09-17
505.0,74,715,2026-11-21,2026-09-17
510.0,680,1325,2026-11-21,2026-09-17
515.0,84,1343,2026-11-21,2026-09-17
520.0,6375,6375,2026-11-21,2026-09-17
520.0,278,1144,2026-11-21,2026-09-17
525.0,44,837,2026-11-21,2026-09-17
530.0,987,2419,2026-11-21,2026-09-17
535.0,204,1368,2026-11-21,2026-09-17
540.0,815,2265,2026-11-21,2026-09-17
545.0,250,869,2026-11-21,2026-09-17
550.0,1462,2954,2026-11-21,2026-09-17
555.0,966,1363,2026-11-21,2026-09-17
560.0,1455,1912,2026-11-21,2026-09-17
565.0,748,643,2026-11-21,2026-09-17
570.0,1094,1538,2026-11-21,2026-09-17
575.0,825,882,2026-11-21,2026-09-17
580.0,877,1934,2026-11-21,2026-09-17
585.0,6549,7362,2026-11-21,2026-09-17
590.0,3309,2910,2026-11-21,2026-09-17
595.0,822,749,2026-11-21,2026-09-17
600.0,450,468,2026-11-21,2026-09-17
600.0,5244,3642,2026-11-21,2026-09-17
605.0,1232,442,2026-11-21,2026-09-17
610.0,1539,824,2026-11-21,2026-09-17
615.0,1040,329,2026-11-21,2026-09-17
620.0,801,1087,2026-11-21,2026-09-17
625.0,1102,824,2026-11-21,2026-09-17
630.0,1234,1355,2026-11-21,2026-09-17
635.0,2416,346,2026-11-21,2026-09-17
640.0,6,0,2026-11-21,2026-09-17
640.0,1454,1346,2026-11-21,2026-09-17
645.0,650,650,2026-11-21,2026-09-17
645.0,499,677,2026-11-21,2026-09-17
650.0,5188,2509,2026-11-21,2026-09-17
655.0,452,280,2026-11-21,2026-09-17
660.0,1950,1950,2026-11-21,2026-09-17
660.0,3013,618,2026-11-21,2026-09-17
665.0,451,160,2026-11-21,2026-09-17
670.0,2063,218,2026-11-21,2026-09-17
675.0,961,196,2026-11-21,2026-09-17
680.0,1151,498,2026-11-21,2026-09-17
685.0,915,193,2026-11-21,2026-09-17
690.0,909,175,2026-11-21,2026-09-17
695.0,624,122,2026-11-21,2026-09-17
700.0,14,0,2026-11-21,2026-09-17
700.0,17338,329,2026-11-21,2026-09-17
705.0,691,48,2026-11-21,2026-09-17
710.0,1457,22,2026-11-21,2026-09-17
715.0,754,42,2026-11-21,2026-09-17
720.0,1825,60,2026-11-21,2026-09-17
725.0,1368,47,2026-11-21,2026-09-17
730.0,626,53,2026-11-21,2026-09-17
735.0,614,106,2026-11-21,2026-09-17
740.0,7,0,2026-11-21,2026-09-17
740.0,1759,85,2026-11-21,2026-09-17
745.0,375,52,2026-11-21,2026-09-17
750.0,7433,39,2026-11-21,2026-09-17
755.0,4111,31,2026-11-21,2026-09-17
760.0,4459,31,2026-11-21,2026-09-17
765.0,4012,21,2026-11-21,2026-09-17
770.0,5122,24,2026-11-21,2026-09-17
775.0,4433,16,2026-11-21,2026-09-17
780.0,6520,64,2026-11-21,2026-09-17
785.0,209,25,2026-11-21,2026-09-17
790.0,904,91,2026-11-21,2026-09-17
795.0,761,1,2026-11-21,2026-09-17
800.0,2,0,2026-11-21,2026-09-17
800.0,21168,112,2026-11-21,2026-09-17
805.0,4077,4,2026-11-21,2026-09-17
810.0,6535,0,2026-11-21,2026-09-17
815.0,4054,10,2026-11-21,2026-09-17
820.0,4560,0,2026-11-21,2026-09-17
825.0,4748,0,2026-11-21,2026-09-17
830.0,5026,0,2026-11-21,2026-09-17
835.0,177,1,2026-11-21,2026-09-17
840.0,819,0,2026-11-21,2026-09-17
845.0,145,0,2026-11-21,2026-09-17
850.0,18,0,2026-11-21,2026-09-17
850.0,1878,6,2026-11-21,2026-09-17
855.0,226,0,2026-11-21,2026-09-17
860.0,800,1,2026-11-21,2026-09-17
865.0,184,0,2026-11-21,2026-09-17
870.0,794,0,2026-11-21,2026-09-17
875.0,1231,0,2026-11-21,2026-09-17
880.0,263,0,2026-11-21,2026-09-17
885.0,105,0,2026-11-21,2026-09-17
890.0,113,0,2026-11-21,2026-09-17
895.0,46,0,2026-11-21,2026-09-17
900.0,2695,0,2026-11-21,2026-09-17
905.0,74,0,2026-11-21,2026-09-17
910.0,199,0,2026-11-21,2026-09-17
915.0,36,0,2026-11-21,2026-09-17
920.0,119,0,2026-11-21,2026-09-17
925.0,116,0,2026-11-21,2026-09-17
930.0,120,0,2026-11-21,2026-09-17
935.0,103,0,2026-11-21,2026-09-17
940.0,141,0,2026-11-21,2026-09-17
945.0,60,0,2026-11-21,2026-09-17
950.0,2092,0,2026-11-21,2026-09-17
955.0,58,0,2026-11-21,2026-09-17
960.0,187,0,2026-11-21,2026-09-17
965.0,130,0,2026-11-21,2026-09-17
970.0,55,0,2026-11-21,2026-09-17
975.0,46,0,2026-11-21,2026-09-17
980.0,103,0,2026-11-21,2026-09-17
985.0,60,0,2026-11-21,2026-09-17
990.0,209,0,2026-11-21,2026-09-17
1000.0,1411,0,2026-11-21,2026-09-17
1010.0,144,0,2026-11-21,2026-09-17
1020.0,137,0,2026-11-21,2026-09-17
1030.0,152,0,2026-11-21,2026-09-17
1040.0,69,0,2026-11-21,2026-09-17
1050.0,243,0,2026-11-21,2026-09-17
1060.0,239,0,2026-11-21,2026-09-17
1070.0,76,0,2026-11-21,2026-09-17
1080.0,234,0,2026-11-21,2026-09-17
1090.0,33,0,2026-11-21,2026-09-17
1100.0,1521,0,2026-11-21,2026-09-17
1110.0,119,0,2026-11-21,2026-09-17
1120.0,88,0,2026-11-21,2026-09-17
1130.0,50,0,2026-11-21,2026-09-17
1140.0,101,0,2026-11-21,2026-09-17
1150.0,258,0,2026-11-21,2026-09-17
1160.0,120,0,2026-11-21,2026-09-17
1170.0,50,0,2026-11-21,2026-09-17
1180.0,34,0,2026-11-21,2026-09-17
1190.0,55,0,2026-11-21,2026-09-17
1200.0,1216,0,2026-11-21,2026-09-17
1210.0,106,0,2026-11-21,2026-09-17
1220.0,35,0,2026-11-21,2026-09-17
1230.0,31,0,2026-11-21,2026-09-17
1240.0,53,0,2026-11-21,2026-09-17
1250.0,338,0,2026-11-21,2026-09-17
1260.0,87,0,2026-11-21,2026-09-17
1270.0,68,0,2026-11-21,2026-09-17
1280.0,36,0,2026-11-21,2026-09-17
1290.0,67,0,2026-11-21,2026-09-17
1300.0,176,0,2026-11-21,2026-09-17
1310.0,5,0,2026-11-21,2026-09-17
1320.0,17,0,2026-11-21,2026-09-17
1330.0,24,0,2026-11-21,2026-09-17
1340.0,16,0,2026-11-21,2026-09-17
1350.0,38,0,2026-11-21,2026-09-17
1360.0,33,0,2026-11-21,2026-09-17
1370.0,89,0,2026-11-21,2026-09-17
1380.0,11,0,2026-11-21,2026-09-17
1390.0,16,0,2026-11-21,2026-09-17
1400.0,67,0,2026-11-21,2026-09-17
1410.0,38,0,2026-11-21,2026-09-17
1420.0,71,0,2026-11-21,2026-09-17
1430.0,24,0,2026-11-21,2026-09-17
1440.0,76,0,2026-11-21,2026-09-17
1450.0,108,0,2026-11-21,2026-09-17
1460.0,80,0,2026-11-21,2026-09-17
1470.0,282,0,2026-11-21,2026-09-17
1480.0,4803,0,2026-11-21,2026-09-17
696.74,1100,1100,2026-12-01,2026-09-17
696.74,1100,1100,2026-12-02,2026-09-17
696.74,1100,1100,2026-12-03,2026-09-17
670.0,1000,1000,2026-12-05,2026-09-17
770.0,4,0,2026-12-05,2026-09-17
5.0,3555,474,2026-12-19,2026-09-17
10.0,54,131,2026-12-19,2026-09-17
15.0,1,25,2026-12-19,2026-09-17
20.0,6,325,2026-12-19,2026-09-17
25.0,1,10,2026-12-19,2026-09-17
30.0,1,63,2026-12-19,2026-09-17
35.0,0,14,2026-12-19,2026-09-17
40.0,0,17,2026-12-19,2026-09-17
45.0,1,2,2026-12-19,2026-09-17
50.0,6,427,2026-12-19,2026-09-17
55.0,1,41,2026-12-19,2026-09-17
60.0,0,22,2026-12-19,2026-09-17
65.0,0,34,2026-12-19,2026-09-17
70.0,1,28,2026-12-19,2026-09-17
75.0,2,16,2026-12-19,2026-09-17
80.0,2,45,2026-12-19,2026-09-17
85.0,0,246,2026-12-19,2026-09-17
90.0,0,299,2026-12-19,2026-09-17
95.0,2,203,2026-12-19,2026-09-17
100.0,111,443,2026-12-19,2026-09-17
110.0,26,139,2026-12-19,2026-09-17
120.0,30,204,2026-12-19,2026-09-17
130.0,18,321,2026-12-19,2026-09-17
140.0,114,263,2026-12-19,2026-09-17
150.0,126,357,2026-12-19,2026-09-17
160.0,62,403,2026-12-19,2026-09-17
170.0,83,590,2026-12-19,2026-09-17
180.0,187,189,2026-12-19,2026-09-17
190.0,225,221,2026-12-19,2026-09-17
200.0,337,1024,2026-12-19,2026-09-17
210.0,263,461,2026-12-19,2026-09-17
220.0,288,255,2026-12-19,2026-09-17
230.0,159,136,2026-12-19,2026-09-17
240.0,43,292,2026-12-19,2026-09-17
250.0,298,690,2026-12-19,2026-09-17
260.0,827,645,2026-12-19,2026-09-17
270.0,48,311,2026-12-19,2026-09-17
280.0,79,378,2026-12-19,2026-09-17
290.0,72,362,2026-12-19,2026-09-17
300.0,203,1574,2026-12-19,2026-09-17
310.0,94,365,2026-12-19,2026-09-17
320.0,140,565,2026-12-19,2026-09-17
330.0,64,180,2026-12-19,2026-09-17
340.0,126,293,2026-12-19,2026-09-17
350.0,251,1786,2026-12-19,2026-09-17
360.0,141,2578,2026-12-19,2026-09-17
370.0,152,337,2026-12-19,2026-09-17
380.0,56,882,2026-12-19,2026-09-17
390.0,493,523,2026-12-19,2026-09-17
400.0,1587,2133,2026-12-19,2026-09-17
410.0,2618,779,2026-12-19,2026-09-17
420.0,893,1902,2026-12-19,2026-09-17
430.0,103,651,2026-12-19,2026-09-17
440.0,175,895,2026-12-19,2026-09-17
450.0,906,4979,2026-12-19,2026-09-17
460.0,174,1849,2026-12-19,2026-09-17
470.0,2157,1436,2026-12-19,2026-09-17
480.0,217,2154,2026-12-19,2026-09-17
490.0,0,50,2026-12-19,2026-09-17
490.0,833,2034,2026-12-19,2026-09-17
500.0,1853,7287,2026-12-19,2026-09-17
510.0,174,3305,2026-12-19,2026-09-17
520.0,1010,1816,2026-12-19,2026-09-17
530.0,958,3140,2026-12-19,2026-09-17
540.0,597,1786,2026-12-19,2026-09-17
550.0,1356,4526,2026-12-19,2026-09-17
560.0,903,1926,2026-12-19,2026-09-17
565.0,756,598,2026-12-19,2026-09-17
570.0,1199,2788,2026-12-19,2026-09-17
575.0,763,935,2026-12-19,2026-09-17
580.0,1205,1848,2026-12-19,2026-09-17
585.0,397,548,2026-12-19,2026-09-17
590.0,683,1908,2026-12-19,2026-09-17
595.0,379,920,2026-12-19,2026-09-17
600.0,3952,4149,2026-12-19,2026-09-17
605.0,512,271,2026-12-19,2026-09-17
610.0,1072,1252,2026-12-19,2026-09-17
615.0,435,618,2026-12-19,2026-09-17
620.0,0,50,2026-12-19,2026-09-17
620.0,1498,1440,2026-12-19,2026-09-17
625.0,412,179,2026-12-19,2026-09-17
630.0,1336,1554,2026-12-19,2026-09-17
635.0,188,304,2026-12-19,2026-09-17
640.0,1762,1190,2026-12-19,2026-09-17
645.0,590,207,2026-12-19,2026-09-17
650.0,5557,1586,2026-12-19,2026-09-17
655.0,617,191,2026-12-19,2026-09-17
660.0,2420,1894,2026-12-19,2026-09-17
665.0,680,176,2026-12-19,2026-09-17
670.0,1677,597,2026-12-19,2026-09-17
675.0,411,106,2026-12-19,2026-09-17
680.0,2066,1734,2026-12-19,2026-09-17
685.0,273,45,2026-12-19,2026-09-17
690.0,790,207,2026-12-19,2026-09-17
695.0,263,61,2026-12-19,2026-09-17
700.0,8306,857,2026-12-19,2026-09-17
705.0,515,364,2026-12-19,2026-09-17
710.0,603,264,2026-12-19,2026-09-17
715.0,306,213,2026-12-19,2026-09-17
720.0,3643,299,2026-12-19,2026-09-17
725.0,838,118,2026-12-19,2026-09-17
730.0,10,0,2026-12-19,2026-09-17
730.0,2018,101,2026-12-19,2026-09-17
735.0,460,181,2026-12-19,2026-09-17
740.0,912,136,2026-12-19,2026-09-17
745.0,457,79,2026-12-19,2026-09-17
750.0,5103,865,2026-12-19,2026-09-17
755.0,2090,80,2026-12-19,2026-09-17
760.0,2795,350,2026-12-19,2026-09-17
765.0,2116,36,2026-12-19,2026-09-17
770.0,2455,51,2026-12-19,2026-09-17
775.0,2907,35,2026-12-19,2026-09-17
780.0,3522,47,2026-12-19,2026-09-17
785.0,636,22,2026-12-19,2026-09-17
790.0,2147,139,2026-12-19,2026-09-17
795.0,553,40,2026-12-19,2026-09-17
800.0,11574,208,2026-12-19,2026-09-17
805.0,50,0,2026-12-19,2026-09-17
805.0,1973,73,2026-12-19,2026-09-17
810.0,1912,22,2026-12-19,2026-09-17
815.0,2157,7,2026-12-19,2026-09-17
820.0,2348,87,2026-12-19,2026-09-17
825.0,2372,8,2026-12-19,2026-09-17
830.0,3019,13,2026-12-19,2026-09-17
835.0,182,20,2026-12-19,2026-09-17
840.0,1018,27,2026-12-19,2026-09-17
845.0,1920,4,2026-12-19,2026-09-17
850.0,2459,0,2026-12-19,2026-09-17
860.0,1110,1,2026-12-19,2026-09-17
870.0,962,1,2026-12-19,2026-09-17
880.0,323,1,2026-12-19,2026-09-17
890.0,159,0,2026-12-19,2026-09-17
900.0,1559,101,2026-12-19,2026-09-17
910.0,577,0,2026-12-19,2026-09-17
920.0,497,0,2026-12-19,2026-09-17
930.0,245,1,2026-12-19,2026-09-17
940.0,370,5,2026-12-19,2026-09-17
950.0,1276,0,2026-12-19,2026-09-17
960.0,228,0,2026-12-19,2026-09-17
970.0,2123,0,2026-12-19,2026-09-17
980.0,185,0,2026-12-19,2026-09-17
990.0,1419,0,2026-12-19,2026-09-17
1000.0,3859,1,2026-12-19,2026-09-17
1020.0,582,0,2026-12-19,2026-09-17
1030.0,2415,0,2026-12-19,2026-09-17
1040.0,130,0,2026-12-19,2026-09-17
1050.0,228,0,2026-12-19,2026-09-17
1060.0,210,0,2026-12-19,2026-09-17
1070.0,200,0,2026-12-19,2026-09-17
1080.0,166,0,2026-12-19,2026-09-17
1090.0,72,0,2026-12-19,2026-09-17
1100.0,1256,0,2026-12-19,2026-09-17
1110.0,162,0,2026-12-19,2026-09-17
1120.0,415,0,2026-12-19,2026-09-17
1130.0,100,0,2026-12-19,2026-09-17
1140.0,175,0,2026-12-19,2026-09-17
1150.0,1691,0,2026-12-19,2026-09-17
1160.0,40,0,2026-12-19,2026-09-17
1170.0,54,0,2026-12-19,2026-09-17
1180.0,224,0,2026-12-19,2026-09-17
1190.0,82,0,2026-12-19,2026-09-17
1200.0,476,0,2026-12-19,2026-09-17
1210.0,46,0,2026-12-19,2026-09-17
1220.0,101,0,2026-12-19,2026-09-17
1230.0,376,0,2026-12-19,2026-09-17
1240.0,1842,0,2026-12-19,2026-09-17
1250.0,1835,0,2026-12-19,2026-09-17
1260.0,124,0,2026-12-19,2026-09-17
1270.0,204,0,2026-12-19,2026-09-17
1280.0,305,0,2026-12-19,2026-09-17
1290.0,8565,0,2026-12-19,2026-09-17
1300.0,9159,0,2026-12-19,2026-09-17
1310.0,112,0,2026-12-19,2026-09-17
1320.0,85,0,2026-12-19,2026-09-17
1330.0,84,0,2026-12-19,2026-09-17
1340.0,296,0,2026-12-19,2026-09-17
1350.0,135,0,2026-12-19,2026-09-17
1360.0,95,0,2026-12-19,2026-09-17
1370.0,147,0,2026-12-19,2026-09-17
1380.0,65,0,2026-12-19,2026-09-17
1390.0,112,0,2026-12-19,2026-09-17
1400.0,2515,0,2026-12-19,2026-09-17
1410.0,174,0,2026-12-19,2026-09-17
1420.0,816,0,2026-12-19,2026-09-17
1430.0,966,0,2026-12-19,2026-09-17
1440.0,44,0,2026-12-19,2026-09-17
1450.0,62,0,2026-12-19,2026-09-17
1460.0,270,0,2026-12-19,2026-09-17
1470.0,137,0,2026-12-19,2026-09-17
1480.0,1680,0,2026-12-19,2026-09-17
5.0,769,3204,2027-01-16,2026-09-17
10.0,270,1,2027-01-16,2026-09-17
15.0,2,4,2027-01-16,2026-09-17
20.0,8,2,2027-01-16,2026-09-17
25.0,0,2,2027-01-16,2026-09-17
30.0,0,4,2027-01-16,2026-09-17
35.0,0,2,2027-01-16,2026-09-17
40.0,0,204,2027-01-16,2026-09-17
45.0,1,7,2027-01-16,2026-09-17
50.0,54,440,2027-01-16,2026-09-17
100.0,126,3066,2027-01-16,2026-09-17
110.0,283,355,2027-01-16,2026-09-17
120.0,11,99,2027-01-16,2026-09-17
130.0,16,79,2027-01-16,2026-09-17
140.0,13,195,2027-01-16,2026-09-17
150.0,16,257,2027-01-16,2026-09-17
160.0,38,169,2027-01-16,2026-09-17
170.0,36,468,2027-01-16,2026-09-17
180.0,204,248,2027-01-16,2026-09-17
190.0,27,176,2027-01-16,2026-09-17
200.0,161,482,2027-01-16,2026-09-17
210.0,56,387,2027-01-16,2026-09-17
220.0,174,1124,2027-01-16,2026-09-17
230.0,55,601,2027-01-16,2026-09-17
240.0,73,373,2027-01-16,2026-09-17
242.5,0,75,2027-01-16,2026-09-17
250.0,86,1048,2027-01-16,2026-09-17
260.0,60,212,2027-01-16,2026-09-17
270.0,281,1034,2027-01-16,2026-09-17
280.0,55,353,2027-01-16,2026-09-17
290.0,168,346,2027-01-16,2026-09-17
300.0,381,1329,2027-01-16,2026-09-17
310.0,27,409,2027-01-16,2026-09-17
320.0,77,797,2027-01-16,2026-09-17
330.0,65,513,2027-01-16,2026-09-17
340.0,40,458,2027-01-16,2026-09-17
350.0,162,1353,2027-01-16,2026-09-17
360.0,81,518,2027-01-16,2026-09-17
370.0,46,1427,2027-01-16,2026-09-17
380.0,55,853,2027-01-16,2026-09-17
390.0,124,1258,2027-01-16,2026-09-17
400.0,517,4094,2027-01-16,2026-09-17
410.0,119,1372,2027-01-16,2026-09-17
420.0,209,2142,2027-01-16,2026-09-17
430.0,127,2906,2027-01-16,2026-09-17
440.0,155,2769,2027-01-16,2026-09-17
450.0,254,7292,2027-01-16,2026-09-17
460.0,142,2889,2027-01-16,2026-09-17
470.0,92,2146,2027-01-16,2026-09-17
480.0,268,3004,2027-01-16,2026-09-17
490.0,352,3308,2027-01-16,2026-09-17
500.0,3899,8411,2027-01-16,2026-09-17
510.0,2585,5025,2027-01-16,2026-09-17
520.0,467,3877,2027-01-16,2026-09-17
530.0,581,3725,2027-01-16,2026-09-17
540.0,871,3328,2027-01-16,2026-09-17
550.0,0,10,2027-01-16,2026-09-17
550.0,1574,6228,2027-01-16,2026-09-17
560.0,1278,3208,2027-01-16,2026-09-17
570.0,971,5727,2027-01-16,2026-09-17
580.0,1253,3661,2027-01-16,2026-09-17
590.0,1367,1771,2027-01-16,2026-09-17
597.6,0,262,2027-01-16,2026-09-17
599.0,280,0,2027-01-16,2026-09-17
600.0,6366,6189,2027-01-16,2026-09-17
610.0,1892,1952,2027-01-16,2026-09-17
620.0,2459,2175,2027-01-16,2026-09-17
630.0,3151,3054,2027-01-16,2026-09-17
640.0,1411,2085,2027-01-16,2026-09-17
650.0,0,26,2027-01-16,2026-09-17
650.0,5064,3278,2027-01-16,2026-09-17
660.0,1000,1007,2027-01-16,2026-09-17
660.0,3498,1628,2027-01-16,2026-09-17
670.0,2593,2290,2027-01-16,2026-09-17
680.0,2670,883,2027-01-16,2026-09-17
690.0,1193,413,2027-01-16,2026-09-17
700.0,116809,2381,2027-01-16,2026-09-17
700.01,10325,10325,2027-01-16,2026-09-17
710.0,1614,817,2027-01-16,2026-09-17
720.0,0,26,2027-01-16,2026-09-17
720.0,3103,868,2027-01-16,2026-09-17
730.0,3740,478,2027-01-16,2026-09-17
740.0,2337,308,2027-01-16,2026-09-17
750.0,245568,585,2027-01-16,2026-09-17
760.0,3349,547,2027-01-16,2026-09-17
770.0,10,0,2027-01-16,2026-09-17
770.0,4635,646,2027-01-16,2026-09-17
780.0,3175,331,2027-01-16,2026-09-17
790.0,1698,232,2027-01-16,2026-09-17
800.0,107574,488,2027-01-16,2026-09-17
805.1,262,0,2027-01-16,2026-09-17
810.0,4596,219,2027-01-16,2026-09-17
820.0,3251,79,2027-01-16,2026-09-17
830.0,33457,71,2027-01-16,2026-09-17
840.0,1451,112,2027-01-16,2026-09-17
850.0,5805,124,2027-01-16,2026-09-17
860.0,10,0,2027-01-16,2026-09-17
860.0,1920,27,2027-01-16,2026-09-17
870.0,738,1,2027-01-16,2026-09-17
880.0,797,1,2027-01-16,2026-09-17
890.0,7,0,2027-01-16,2026-09-17
890.0,988,3,2027-01-16,2026-09-17
900.0,17889,11,2027-01-16,2026-09-17
910.0,1266,0,2027-01-16,2026-09-17
920.0,1399,0,2027-01-16,2026-09-17
930.0,928,0,2027-01-16,2026-09-17
940.0,1010,0,2027-01-16,2026-09-17
950.0,1351,0,2027-01-16,2026-09-17
960.0,564,0,2027-01-16,2026-09-17
970.0,547,0,2027-01-16,2026-09-17
980.0,382,0,2027-01-16,2026-09-17
990.0,505,0,2027-01-16,2026-09-17
1000.0,7297,0,2027-01-16,2026-09-17
1010.0,479,0,2027-01-16,2026-09-17
1020.0,528,0,2027-01-16,2026-09-17
1030.0,357,0,2027-01-16,2026-09-17
1040.0,287,0,2027-01-16,2026-09-17
1050.0,1033,0,2027-01-16,2026-09-17
1060.0,274,0,2027-01-16,2026-09-17
1070.0,152,0,2027-01-16,2026-09-17
1080.0,448,0,2027-01-16,2026-09-17
1090.0,289,0,2027-01-16,2026-09-17
1100.0,4206,0,2027-01-16,2026-09-17
1110.0,437,0,2027-01-16,2026-09-17
1120.0,270,0,2027-01-16,2026-09-17
1130.0,417,0,2027-01-16,2026-09-17
1140.0,280,0,2027-01-16,2026-09-17
1150.0,3695,0,2027-01-16,2026-09-17
1160.0,276,0,2027-01-16,2026-09-17
1170.0,143,0,2027-01-16,2026-09-17
1180.0,293,0,2027-01-16,2026-09-17
1190.0,687,0,2027-01-16,2026-09-17
1200.0,2184,0,2027-01-16,2026-09-17
1210.0,180,0,2027-01-16,2026-09-17
1220.0,114,0,2027-01-16,2026-09-17
1230.0,90,0,2027-01-16,2026-09-17
1240.0,721,0,2027-01-16,2026-09-17
1250.0,38329,0,2027-01-16,2026-09-17
1260.0,480,0,2027-01-16,2026-09-17
1270.0,860,0,2027-01-16,2026-09-17
1280.0,326,0,2027-01-16,2026-09-17
1290.0,324,0,2027-01-16,2026-09-17
1300.0,1536,0,2027-01-16,2026-09-17
1310.0,115,0,2027-01-16,2026-09-17
1320.0,381,0,2027-01-16,2026-09-17
1330.0,403,0,2027-01-16,2026-09-17
1340.0,171,0,2027-01-16,2026-09-17
1350.0,577,0,2027-01-16,2026-09-17
1360.0,746,0,2027-01-16,2026-09-17
1370.0,117,0,2027-01-16,2026-09-17
1380.0,48,0,2027-01-16,2026-09-17
1390.0,138,0,2027-01-16,2026-09-17
1400.0,1655,0,2027-01-16,2026-09-17
1410.0,289,0,2027-01-16,2026-09-17
1420.0,713,0,2027-01-16,2026-09-17
1430.0,45708,0,2027-01-16,2026-09-17
1440.0,58,0,2027-01-16,2026-09-17
1450.0,178,0,2027-01-16,2026-09-17
1460.0,158,0,2027-01-16,2026-09-17
1470.0,168,0,2027-01-16,2026-09-17
1480.0,3085,0,2027-01-16,2026-09-17
490.1,0,132,2027-01-27,2026-09-17
805.1,132,0,2027-01-27,2026-09-17
637.45,0,8,2027-01-30,2026-09-17
776.0,0,0,2027-01-30,2026-09-17
100.0,20,3,2027-02-20,2026-09-17
110.0,0,4,2027-02-20,2026-09-17
120.0,0,9,2027-02-20,2026-09-17
130.0,9,15,2027-02-20,2026-09-17
140.0,0,13,2027-02-20,2026-09-17
150.0,0,24,2027-02-20,2026-09-17
160.0,2,14,2027-02-20,2026-09-17
170.0,0,42,2027-02-20,2026-09-17
180.0,0,33,2027-02-20,2026-09-17
190.0,0,23,2027-02-20,2026-09-17
200.0,51,1005,2027-02-20,2026-09-17
210.0,0,67,2027-02-20,2026-09-17
220.0,0,110,2027-02-20,2026-09-17
230.0,0,40,2027-02-20,2026-09-17
240.0,0,81,2027-02-20,2026-09-17
250.0,6,31,2027-02-20,2026-09-17
260.0,0,14,2027-02-20,2026-09-17
270.0,2,80,2027-02-20,2026-09-17
280.0,4,53,2027-02-20,2026-09-17
290.0,0,59,2027-02-20,2026-09-17
300.0,15,228,2027-02-20,2026-09-17
310.0,0,30,2027-02-20,2026-09-17
320.0,3,47,2027-02-20,2026-09-17
330.0,6,41,2027-02-20,2026-09-17
340.0,9,85,2027-02-20,2026-09-17
350.0,14,175,2027-02-20,2026-09-17
360.0,7,34,2027-02-20,2026-09-17
370.0,2,71,2027-02-20,2026-09-17
380.0,7,120,2027-02-20,2026-09-17
390.0,13,113,2027-02-20,2026-09-17
400.0,12,149,2027-02-20,2026-09-17
410.0,52,314,2027-02-20,2026-09-17
420.0,3,337,2027-02-20,2026-09-17
430.0,5,583,2027-02-20,2026-09-17
440.0,5,490,2027-02-20,2026-09-17
450.0,23,962,2027-02-20,2026-09-17
460.0,77,434,2027-02-20,2026-09-17
470.0,110,664,2027-02-20,2026-09-17
480.0,22,1637,2027-02-20,2026-09-17
490.0,52,652,2027-02-20,2026-09-17
500.0,148,1229,2027-02-20,2026-09-17
510.0,21,678,2027-02-20,2026-09-17
520.0,41,605,2027-02-20,2026-09-17
530.0,69,665,2027-02-20,2026-09-17
540.0,672,764,2027-02-20,2026-09-17
550.0,267,928,2027-02-20,2026-09-17
560.0,215,546,2027-02-20,2026-09-17
570.0,0,2,2027-02-20,2026-09-17
570.0,143,332,2027-02-20,2026-09-17
575.0,0,36,2027-02-20,2026-09-17
580.0,298,1138,2027-02-20,2026-09-17
590.0,701,349,2027-02-20,2026-09-17
600.0,941,450,2027-02-20,2026-09-17
610.0,289,88,2027-02-20,2026-09-17
620.0,149,94,2027-02-20,2026-09-17
630.0,245,52,2027-02-20,2026-09-17
640.0,186,68,2027-02-20,2026-09-17
650.0,3346,228,2027-02-20,2026-09-17
660.0,639,57,2027-02-20,2026-09-17
670.0,260,164,2027-02-20,2026-09-17
680.0,229,37,2027-02-20,2026-09-17
690.0,373,23,2027-02-20,2026-09-17
692.0,36,0,2027-02-20,2026-09-17
700.0,2095,55,2027-02-20,2026-09-17
710.0,264,22,2027-02-20,2026-09-17
720.0,292,13,2027-02-20,2026-09-17
730.0,2,0,2027-02-20,2026-09-17
730.0,451,23,2027-02-20,2026-09-17
740.0,184,16,2027-02-20,2026-09-17
750.0,890,4,2027-02-20,2026-09-17
760.0,212,3,2027-02-20,2026-09-17
770.0,236,26,2027-02-20,2026-09-17
780.0,159,18,2027-02-20,2026-09-17
790.0,155,3,2027-02-20,2026-09-17
800.0,1204,74,2027-02-20,2026-09-17
810.0,100,2,2027-02-20,2026-09-17
820.0,72,0,2027-02-20,2026-09-17
830.0,151,3,2027-02-20,2026-09-17
840.0,64,0,2027-02-20,2026-09-17
850.0,230,38,2027-02-20,2026-09-17
860.0,230,0,2027-02-20,2026-09-17
870.0,70,0,2027-02-20,2026-09-17
880.0,203,0,2027-02-20,2026-09-17
890.0,48,0,2027-02-20,2026-09-17
900.0,6216,3,2027-02-20,2026-09-17
910.0,56,0,2027-02-20,2026-09-17
920.0,40,0,2027-02-20,2026-09-17
930.0,18,0,2027-02-20,2026-09-17
940.0,45,0,2027-02-20,2026-09-17
950.0,74,0,2027-02-20,2026-09-17
960.0,188,0,2027-02-20,2026-09-17
970.0,12,0,2027-02-20,2026-09-17
980.0,83,1,2027-02-20,2026-09-17
990.0,23,0,2027-02-20,2026-09-17
1000.0,372,0,2027-02-20,2026-09-17
1010.0,82,0,2027-02-20,2026-09-17
1020.0,46,0,2027-02-20,2026-09-17
1030.0,12,0,2027-02-20,2026-09-17
1040.0,2,0,2027-02-20,2026-09-17
1050.0,28,0,2027-02-20,2026-09-17
1060.0,13,0,2027-02-20,2026-09-17
1070.0,155,0,2027-02-20,2026-09-17
1080.0,69,0,2027-02-20,2026-09-17
1090.0,0,0,2027-02-20,2026-09-17
1100.0,541,0,2027-02-20,2026-09-17
1110.0,33,0,2027-02-20,2026-09-17
1120.0,9,0,2027-02-20,2026-09-17
1130.0,20,0,2027-02-20,2026-09-17
1140.0,11,0,2027-02-20,2026-09-17
1150.0,38,0,2027-02-20,2026-09-17
1160.0,31,0,2027-02-20,2026-09-17
1170.0,42,0,2027-02-20,2026-09-17
1180.0,125,0,2027-02-20,2026-09-17
1190.0,606,0,2027-02-20,2026-09-17
490.93,0,40,2027-02-25,2026-09-17
612.0,0,75,2027-03-17,2026-09-17
794.92,75,0,2027-03-17,2026-09-17
5.0,1463,0,2027-03-20,2026-09-17
10.0,11,1,2027-03-20,2026-09-17
15.0,0,0,2027-03-20,2026-09-17
20.0,0,0,2027-03-20,2026-09-17
25.0,0,0,2027-03-20,2026-09-17
30.0,0,0,2027-03-20,2026-09-17
35.0,0,0,2027-03-20,2026-09-17
40.0,0,0,2027-03-20,2026-09-17
45.0,0,15,2027-03-20,2026-09-17
50.0,0,18,2027-03-20,2026-09-17
100.0,1,78,2027-03-20,2026-09-17
110.0,449,5,2027-03-20,2026-09-17
120.0,0,264,2027-03-20,2026-09-17
130.0,0,22,2027-03-20,2026-09-17
140.0,0,84,2027-03-20,2026-09-17
150.0,1,155,2027-03-20,2026-09-17
160.0,2,77,2027-03-20,2026-09-17
170.0,13,137,2027-03-20,2026-09-17
180.0,0,72,2027-03-20,2026-09-17
190.0,0,21,2027-03-20,2026-09-17
200.0,6,60,2027-03-20,2026-09-17
210.0,1,36,2027-03-20,2026-09-17
220.0,0,150,2027-03-20,2026-09-17
230.0,35,100,2027-03-20,2026-09-17
240.0,51,59,2027-03-20,2026-09-17
250.0,0,204,2027-03-20,2026-09-17
260.0,2,87,2027-03-20,2026-09-17
270.0,23,68,2027-03-20,2026-09-17
280.0,44,57,2027-03-20,2026-09-17
290.0,2,61,2027-03-20,2026-09-17
300.0,21,368,2027-03-20,2026-09-17
310.0,5,43,2027-03-20,2026-09-17
320.0,13,61,2027-03-20,2026-09-17
330.0,16,20,2027-03-20,2026-09-17
340.0,7,271,2027-03-20,2026-09-17
350.0,25,419,2027-03-20,2026-09-17
360.0,24,366,2027-03-20,2026-09-17
370.0,18,434,2027-03-20,2026-09-17
380.0,113,410,2027-03-20,2026-09-17
390.0,73,304,2027-03-20,2026-09-17
400.0,97,1388,2027-03-20,2026-09-17
410.0,29,765,2027-03-20,2026-09-17
420.0,33,2702,2027-03-20,2026-09-17
430.0,163,947,2027-03-20,2026-09-17
440.0,19,532,2027-03-20,2026-09-17
450.0,137,4064,2027-03-20,2026-09-17
460.0,86,2055,2027-03-20,2026-09-17
470.0,36,1410,2027-03-20,2026-09-17
480.0,47,1581,2027-03-20,2026-09-17
490.0,38,1642,2027-03-20,2026-09-17
500.0,512,4583,2027-03-20,2026-09-17
510.0,0,150,2027-03-20,2026-09-17
510.0,56,900,2027-03-20,2026-09-17
520.0,72,1065,2027-03-20,2026-09-17
530.0,165,1139,2027-03-20,2026-09-17
540.0,264,1778,2027-03-20,2026-09-17
550.0,847,4313,2027-03-20,2026-09-17
560.0,298,855,2027-03-20,2026-09-17
565.0,45,265,2027-03-20,2026-09-17
570.0,536,1436,2027-03-20,2026-09-17
575.0,532,355,2027-03-20,2026-09-17
580.0,796,1489,2027-03-20,2026-09-17
585.0,196,215,2027-03-20,2026-09-17
590.0,300,641,2027-03-20,2026-09-17
595.0,258,154,2027-03-20,2026-09-17
600.0,2131,1279,2027-03-20,2026-09-17
605.0,86,107,2027-03-20,2026-09-17
610.0,459,1487,2027-03-20,2026-09-17
615.0,249,43,2027-03-20,2026-09-17
620.0,421,913,2027-03-20,2026-09-17
625.0,128,79,2027-03-20,2026-09-17
630.0,366,594,2027-03-20,2026-09-17
635.0,99,285,2027-03-20,2026-09-17
640.0,411,433,2027-03-20,2026-09-17
645.0,137,171,2027-03-20,2026-09-17
650.0,4626,881,2027-03-20,2026-09-17
655.0,131,168,2027-03-20,2026-09-17
660.0,698,451,2027-03-20,2026-09-17
665.0,177,55,2027-03-20,2026-09-17
670.0,360,287,2027-03-20,2026-09-17
675.0,305,29,2027-03-20,2026-09-17
680.0,557,288,2027-03-20,2026-09-17
685.0,172,30,2027-03-20,2026-09-17
690.0,467,164,2027-03-20,2026-09-17
695.0,63,35,2027-03-20,2026-09-17
700.0,4484,230,2027-03-20,2026-09-17
705.0,83,19,2027-03-20,2026-09-17
710.0,758,130,2027-03-20,2026-09-17
715.0,475,5,2027-03-20,2026-09-17
720.0,337,138,2027-03-20,2026-09-17
725.0,157,6,2027-03-20,2026-09-17
730.0,528,34,2027-03-20,2026-09-17
735.0,122,2,2027-03-20,2026-09-17
740.0,305,27,2027-03-20,2026-09-17
745.0,194,1,2027-03-20,2026-09-17
750.0,16,0,2027-03-20,2026-09-17
750.0,1303,56,2027-03-20,2026-09-17
755.0,42,0,2027-03-20,2026-09-17
760.0,408,31,2027-03-20,2026-09-17
770.0,374,29,2027-03-20,2026-09-17
780.0,1186,24,2027-03-20,2026-09-17
790.0,327,67,2027-03-20,2026-09-17
800.0,6881,138,2027-03-20,2026-09-17
810.0,445,121,2027-03-20,2026-09-17
820.0,442,5,2027-03-20,2026-09-17
830.0,428,0,2027-03-20,2026-09-17
840.0,273,3,2027-03-20,2026-09-17
850.0,1905,121,2027-03-20,2026-09-17
860.0,614,4,2027-03-20,2026-09-17
870.0,179,4,2027-03-20,2026-09-17
880.0,787,4,2027-03-20,2026-09-17
890.0,156,6,2027-03-20,2026-09-17
900.0,3151,5,2027-03-20,2026-09-17
910.0,405,0,2027-03-20,2026-09-17
920.0,891,0,2027-03-20,2026-09-17
930.0,193,0,2027-03-20,2026-09-17
940.0,998,0,2027-03-20,2026-09-17
950.0,4143,0,2027-03-20,2026-09-17
960.0,728,0,2027-03-20,2026-09-17
970.0,69,0,2027-03-20,2026-09-17
980.0,628,0,2027-03-20,2026-09-17
990.0,485,0,2027-03-20,2026-09-17
1000.0,2822,0,2027-03-20,2026-09-17
1010.0,96,0,2027-03-20,2026-09-17
1020.0,756,0,2027-03-20,2026-09-17
1030.0,348,0,2027-03-20,2026-09-17
1040.0,996,0,2027-03-20,2026-09-17
1050.0,210,0,2027-03-20,2026-09-17
1060.0,100,0,2027-03-20,2026-09-17
1070.0,199,0,2027-03-20,2026-09-17
1080.0,48,0,2027-03-20,2026-09-17
1090.0,79,0,2027-03-20,2026-09-17
1100.0,278,0,2027-03-20,2026-09-17
1110.0,53,0,2027-03-20,2026-09-17
1120.0,72,0,2027-03-20,2026-09-17
1130.0,66,0,2027-03-20,2026-09-17
1140.0,65,0,2027-03-20,2026-09-17
1150.0,77,0,2027-03-20,2026-09-17
1160.0,56,0,2027-03-20,2026-09-17
1170.0,37,0,2027-03-20,2026-09-17
1180.0,86,0,2027-03-20,2026-09-17
1190.0,38,0,2027-03-20,2026-09-17
1200.0,274,0,2027-03-20,2026-09-17
1210.0,396,0,2027-03-20,2026-09-17
1220.0,855,0,2027-03-20,2026-09-17
1230.0,55,0,2027-03-20,2026-09-17
1240.0,456,0,2027-03-20,2026-09-17
1250.0,1272,0,2027-03-20,2026-09-17
492.79,0,35,2027-03-31,2026-09-17
5.0,1237,4,2027-06-18,2026-09-17
10.0,12,1,2027-06-18,2026-09-17
15.0,1,0,2027-06-18,2026-09-17
20.0,1,1,2027-06-18,2026-09-17
25.0,0,0,2027-06-18,2026-09-17
30.0,0,0,2027-06-18,2026-09-17
35.0,0,0,2027-06-18,2026-09-17
40.0,2,0,2027-06-18,2026-09-17
45.0,2,7,2027-06-18,2026-09-17
50.0,95,29,2027-06-18,2026-09-17
260.0,91,491,2027-06-18,2026-09-17
270.0,75,120,2027-06-18,2026-09-17
280.0,31,149,2027-06-18,2026-09-17
290.0,1,266,2027-06-18,2026-09-17
300.0,42,234,2027-06-18,2026-09-17
310.0,37,91,2027-06-18,2026-09-17
320.0,133,203,2027-06-18,2026-09-17
330.0,23,740,2027-06-18,2026-09-17
340.0,29,274,2027-06-18,2026-09-17
350.0,43,483,2027-06-18,2026-09-17
360.0,42,788,2027-06-18,2026-09-17
370.0,87,446,2027-06-18,2026-09-17
380.0,94,690,2027-06-18,2026-09-17
390.0,44,1191,2027-06-18,2026-09-17
400.0,268,1830,2027-06-18,2026-09-17
410.0,18,498,2027-06-18,2026-09-17
420.0,66,4506,2027-06-18,2026-09-17
430.0,176,1006,2027-06-18,2026-09-17
440.0,70,631,2027-06-18,2026-09-17
450.0,172,3755,2027-06-18,2026-09-17
460.0,71,1784,2027-06-18,2026-09-17
470.0,96,1417,2027-06-18,2026-09-17
480.0,313,1535,2027-06-18,2026-09-17
490.0,139,1246,2027-06-18,2026-09-17
500.0,946,4289,2027-06-18,2026-09-17
520.0,614,2513,2027-06-18,2026-09-17
540.0,1603,4343,2027-06-18,2026-09-17
560.0,1095,2420,2027-06-18,2026-09-17
580.0,1076,3232,2027-06-18,2026-09-17
600.0,4063,4244,2027-06-18,2026-09-17
620.0,2154,2503,2027-06-18,2026-09-17
640.0,2352,2375,2027-06-18,2026-09-17
660.0,2474,862,2027-06-18,2026-09-17
680.0,1794,1364,2027-06-18,2026-09-17
700.0,3158,1650,2027-06-18,2026-09-17
720.0,2036,1020,2027-06-18,2026-09-17
740.0,3202,369,2027-06-18,2026-09-17
760.0,3125,377,2027-06-18,2026-09-17
780.0,2308,198,2027-06-18,2026-09-17
789.05,54,54,2027-06-18,2026-09-17
800.0,3816,218,2027-06-18,2026-09-17
820.0,591,72,2027-06-18,2026-09-17
840.0,1902,67,2027-06-18,2026-09-17
860.0,1421,58,2027-06-18,2026-09-17
880.0,3103,29,2027-06-18,2026-09-17
900.0,3475,115,2027-06-18,2026-09-17
920.0,2866,49,2027-06-18,2026-09-17
940.0,797,13,2027-06-18,2026-09-17
960.0,642,18,2027-06-18,2026-09-17
980.0,710,0,2027-06-18,2026-09-17
1000.0,2450,0,2027-06-18,2026-09-17
1020.0,819,0,2027-06-18,2026-09-17
1040.0,678,0,2027-06-18,2026-09-17
1060.0,666,0,2027-06-18,2026-09-17
1080.0,306,0,2027-06-18,2026-09-17
1100.0,304,0,2027-06-18,2026-09-17
1120.0,192,0,2027-06-18,2026-09-17
1140.0,150,0,2027-06-18,2026-09-17
1160.0,318,0,2027-06-18,2026-09-17
1180.0,224,0,2027-06-18,2026-09-17
1200.0,973,0,2027-06-18,2026-09-17
1220.0,129,0,2027-06-18,2026-09-17
1240.0,350,0,2027-06-18,2026-09-17
1260.0,92,0,2027-06-18,2026-09-17
1280.0,113,0,2027-06-18,2026-09-17
1300.0,183,0,2027-06-18,2026-09-17
1310.0,26,0,2027-06-18,2026-09-17
1320.0,126,0,2027-06-18,2026-09-17
1330.0,48,0,2027-06-18,2026-09-17
1340.0,106,0,2027-06-18,2026-09-17
1350.0,153,0,2027-06-18,2026-09-17
1360.0,96,0,2027-06-18,2026-09-17
1370.0,87,0,2027-06-18,2026-09-17
1380.0,133,0,2027-06-18,2026-09-17
1390.0,81,0,2027-06-18,2026-09-17
1400.0,1278,0,2027-06-18,2026-09-17
1410.0,128,0,2027-06-18,2026-09-17
1420.0,633,0,2027-06-18,2026-09-17
1430.0,73,0,2027-06-18,2026-09-17
1440.0,90,0,2027-06-18,2026-09-17
1450.0,153,0,2027-06-18,2026-09-17
1460.0,393,0,2027-06-18,2026-09-17
1470.0,200,0,2027-06-18,2026-09-17
1480.0,2348,0,2027-06-18,2026-09-17
5.0,1663,0,2027-09-18,2026-09-17
10.0,0,0,2027-09-18,2026-09-17
15.0,0,0,2027-09-18,2026-09-17
20.0,0,0,2027-09-18,2026-09-17
25.0,0,0,2027-09-18,2026-09-17
30.0,1,0,2027-09-18,2026-09-17
35.0,0,0,2027-09-18,2026-09-17
40.0,0,0,2027-09-18,2026-09-17
45.0,0,0,2027-09-18,2026-09-17
50.0,4,3,2027-09-18,2026-09-17
60.0,0,6,2027-09-18,2026-09-17
70.0,1,19,2027-09-18,2026-09-17
80.0,0,10,2027-09-18,2026-09-17
90.0,0,25,2027-09-18,2026-09-17
100.0,0,120,2027-09-18,2026-09-17
110.0,3,65,2027-09-18,2026-09-17
120.0,1,1,2027-09-18,2026-09-17
130.0,5,0,2027-09-18,2026-09-17
140.0,2,25,2027-09-18,2026-09-17
150.0,2,65,2027-09-18,2026-09-17
160.0,4,50,2027-09-18,2026-09-17
170.0,4,28,2027-09-18,2026-09-17
180.0,61,37,2027-09-18,2026-09-17
190.0,1,24,2027-09-18,2026-09-17
200.0,60,74,2027-09-18,2026-09-17
210.0,202,5,2027-09-18,2026-09-17
220.0,139,155,2027-09-18,2026-09-17
230.0,117,12,2027-09-18,2026-09-17
240.0,42,112,2027-09-18,2026-09-17
250.0,35,38,2027-09-18,2026-09-17
260.0,46,53,2027-09-18,2026-09-17
270.0,7,399,2027-09-18,2026-09-17
280.0,11,39,2027-09-18,2026-09-17
290.0,12,246,2027-09-18,2026-09-17
300.0,67,48,2027-09-18,2026-09-17
310.0,75,1061,2027-09-18,2026-09-17
320.0,17,78,2027-09-18,2026-09-17
330.0,15,354,2027-09-18,2026-09-17
340.0,37,50,2027-09-18,2026-09-17
350.0,29,201,2027-09-18,2026-09-17
360.0,37,90,2027-09-18,2026-09-17
370.0,12,86,2027-09-18,2026-09-17
380.0,37,185,2027-09-18,2026-09-17
390.0,142,121,2027-09-18,2026-09-17
400.0,170,1010,2027-09-18,2026-09-17
410.0,59,173,2027-09-18,2026-09-17
420.0,39,723,2027-09-18,2026-09-17
430.0,74,690,2027-09-18,2026-09-17
440.0,76,161,2027-09-18,2026-09-17
450.0,181,707,2027-09-18,2026-09-17
460.0,64,1281,2027-09-18,2026-09-17
470.0,105,681,2027-09-18,2026-09-17
480.0,151,418,2027-09-18,2026-09-17
490.0,0,63,2027-09-18,2026-09-17
490.0,24,272,2027-09-18,2026-09-17
500.0,287,1486,2027-09-18,2026-09-17
510.0,39,427,2027-09-18,2026-09-17
520.0,85,492,2027-09-18,2026-09-17
530.0,168,274,2027-09-18,2026-09-17
540.0,164,655,2027-09-18,2026-09-17
550.0,334,1056,2027-09-18,2026-09-17
560.0,125,273,2027-09-18,2026-09-17
570.0,138,347,2027-09-18,2026-09-17
580.0,313,176,2027-09-18,2026-09-17
590.0,80,0,2027-09-18,2026-09-17
590.0,161,230,2027-09-18,2026-09-17
600.0,1638,1213,2027-09-18,2026-09-17
610.0,311,275,2027-09-18,2026-09-17
620.0,359,281,2027-09-18,2026-09-17
630.0,1747,155,2027-09-18,2026-09-17
640.0,291,512,2027-09-18,2026-09-17
650.0,679,463,2027-09-18,2026-09-17
660.0,239,134,2027-09-18,2026-09-17
670.0,210,85,2027-09-18,2026-09-17
680.0,336,270,2027-09-18,2026-09-17
690.0,350,153,2027-09-18,2026-09-17
700.0,1187,291,2027-09-18,2026-09-17
710.0,717,94,2027-09-18,2026-09-17
720.0,1013,102,2027-09-18,2026-09-17
730.0,154,127,2027-09-18,2026-09-17
740.0,304,45,2027-09-18,2026-09-17
750.0,63,0,2027-09-18,2026-09-17
750.0,542,23,2027-09-18,2026-09-17
760.0,522,15,2027-09-18,2026-09-17
770.0,659,33,2027-09-18,2026-09-17
780.0,2053,18,2027-09-18,2026-09-17
790.0,124,6,2027-09-18,2026-09-17
800.0,1301,433,2027-09-18,2026-09-17
810.0,253,2,2027-09-18,2026-09-17
820.0,120,7,2027-09-18,2026-09-17
830.0,143,3,2027-09-18,2026-09-17
840.0,101,9,2027-09-18,2026-09-17
850.0,547,4,2027-09-18,2026-09-17
860.0,124,7,2027-09-18,2026-09-17
870.0,305,5,2027-09-18,2026-09-17
880.0,1556,9,2027-09-18,2026-09-17
890.0,114,1,2027-09-18,2026-09-17
900.0,1615,8,2027-09-18,2026-09-17
910.0,135,1,2027-09-18,2026-09-17
920.0,1362,2,2027-09-18,2026-09-17
930.0,244,0,2027-09-18,2026-09-17
940.0,472,2,2027-09-18,2026-09-17
950.0,194,1,2027-09-18,2026-09-17
960.0,88,3,2027-09-18,2026-09-17
970.0,68,0,2027-09-18,2026-09-17
980.0,151,1,2027-09-18,2026-09-17
990.0,76,1,2027-09-18,2026-09-17
1000.0,495,4,2027-09-18,2026-09-17
1010.0,885,0,2027-09-18,2026-09-17
1020.0,47,0,2027-09-18,2026-09-17
1030.0,116,1,2027-09-18,2026-09-17
1040.0,18,0,2027-09-18,2026-09-17
1050.0,89,0,2027-09-18,2026-09-17
1060.0,76,0,2027-09-18,2026-09-17
1070.0,789,0,2027-09-18,2026-09-17
1080.0,481,0,2027-09-18,2026-09-17
1090.0,57,0,2027-09-18,2026-09-17
1100.0,142,0,2027-09-18,2026-09-17
1110.0,20,0,2027-09-18,2026-09-17
1120.0,51,0,2027-09-18,2026-09-17
1130.0,49,0,2027-09-18,2026-09-17
1140.0,6,0,2027-09-18,2026-09-17
1150.0,26,0,2027-09-18,2026-09-17
1160.0,213,0,2027-09-18,2026-09-17
1170.0,21,0,2027-09-18,2026-09-17
1180.0,111,0,2027-09-18,2026-09-17
1190.0,26,0,2027-09-18,2026-09-17
1200.0,82,0,2027-09-18,2026-09-17
1210.0,189,0,2027-09-18,2026-09-17
1220.0,26,0,2027-09-18,2026-09-17
1230.0,20,0,2027-09-18,2026-09-17
1240.0,211,0,2027-09-18,2026-09-17
1250.0,447,0,2027-09-18,2026-09-17
1260.0,11,0,2027-09-18,2026-09-17
1270.0,24,0,2027-09-18,2026-09-17
1280.0,104,0,2027-09-18,2026-09-17
1290.0,138,0,2027-09-18,2026-09-17
1300.0,226,0,2027-09-18,2026-09-17
1310.0,67,0,2027-09-18,2026-09-17
1320.0,17,0,2027-09-18,2026-09-17
1330.0,30,0,2027-09-18,2026-09-17
1340.0,53,0,2027-09-18,2026-09-17
1350.0,26,0,2027-09-18,2026-09-17
1360.0,18,0,2027-09-18,2026-09-17
1370.0,39,0,2027-09-18,2026-09-17
1380.0,211,0,2027-09-18,2026-09-17
1390.0,41,0,2027-09-18,2026-09-17
1400.0,56,0,2027-09-18,2026-09-17
1410.0,12,0,2027-09-18,2026-09-17
1420.0,31,0,2027-09-18,2026-09-17
1430.0,93,0,2027-09-18,2026-09-17
1440.0,50,0,2027-09-18,2026-09-17
1450.0,187,0,2027-09-18,2026-09-17
1460.0,91,0,2027-09-18,2026-09-17
1470.0,78,0,2027-09-18,2026-09-17
1480.0,195,0,2027-09-18,2026-09-17
5.0,7368,795,2027-12-18,2026-09-17
10.0,375,53,2027-12-18,2026-09-17
15.0,13,41,2027-12-18,2026-09-17
20.0,15,77,2027-12-18,2026-09-17
25.0,1,4,2027-12-18,2026-09-17
30.0,93,3,2027-12-18,2026-09-17
35.0,45,14,2027-12-18,2026-09-17
40.0,64,4,2027-12-18,2026-09-17
45.0,4,4,2027-12-18,2026-09-17
50.0,11,573,2027-12-18,2026-09-17
55.0,2,6,2027-12-18,2026-09-17
60.0,24,8,2027-12-18,2026-09-17
65.0,22,12,2027-12-18,2026-09-17
70.0,1,62,2027-12-18,2026-09-17
75.0,0,30,2027-12-18,2026-09-17
80.0,1,325,2027-12-18,2026-09-17
85.0,62,19,2027-12-18,2026-09-17
90.0,52,12,2027-12-18,2026-09-17
95.0,244,34,2027-12-18,2026-09-17
100.0,839,1137,2027-12-18,2026-09-17
110.0,278,129,2027-12-18,2026-09-17
120.0,143,188,2027-12-18,2026-09-17
130.0,97,88,2027-12-18,2026-09-17
140.0,93,23,2027-12-18,2026-09-17
150.0,55,2480,2027-12-18,2026-09-17
160.0,262,185,2027-12-18,2026-09-17
170.0,258,114,2027-12-18,2026-09-17
180.0,15,79,2027-12-18,2026-09-17
190.0,104,306,2027-12-18,2026-09-17
200.0,155,900,2027-12-18,2026-09-17
210.0,21,508,2027-12-18,2026-09-17
220.0,128,111,2027-12-18,2026-09-17
230.0,83,58,2027-12-18,2026-09-17
240.0,65,54,2027-12-18,2026-09-17
250.0,160,838,2027-12-18,2026-09-17
260.0,38,77,2027-12-18,2026-09-17
270.0,28,255,2027-12-18,2026-09-17
280.0,36,235,2027-12-18,2026-09-17
290.0,48,1133,2027-12-18,2026-09-17
300.0,103,436,2027-12-18,2026-09-17
310.0,57,391,2027-12-18,2026-09-17
320.0,202,155,2027-12-18,2026-09-17
330.0,40,80,2027-12-18,2026-09-17
340.0,56,216,2027-12-18,2026-09-17
350.0,141,264,2027-12-18,2026-09-17
360.0,115,135,2027-12-18,2026-09-17
370.0,111,300,2027-12-18,2026-09-17
380.0,81,565,2027-12-18,2026-09-17
390.0,49,238,2027-12-18,2026-09-17
400.0,270,1170,2027-12-18,2026-09-17
410.0,29,361,2027-12-18,2026-09-17
420.0,121,832,2027-12-18,2026-09-17
430.0,97,404,2027-12-18,2026-09-17
440.0,49,758,2027-12-18,2026-09-17
450.0,121,1228,2027-12-18,2026-09-17
460.0,59,769,2027-12-18,2026-09-17
470.0,51,268,2027-12-18,2026-09-17
480.0,122,872,2027-12-18,2026-09-17
490.0,110,733,2027-12-18,2026-09-17
500.0,1594,2287,2027-12-18,2026-09-17
510.0,252,357,2027-12-18,2026-09-17
520.0,280,538,2027-12-18,2026-09-17
530.0,163,649,2027-12-18,2026-09-17
540.0,161,544,2027-12-18,2026-09-17
550.0,868,1469,2027-12-18,2026-09-17
560.0,183,509,2027-12-18,2026-09-17
570.0,0,12,2027-12-18,2026-09-17
570.0,299,736,2027-12-18,2026-09-17
580.0,335,650,2027-12-18,2026-09-17
590.0,297,295,2027-12-18,2026-09-17
600.0,1720,2236,2027-12-18,2026-09-17
610.0,351,563,2027-12-18,2026-09-17
620.0,433,238,2027-12-18,2026-09-17
630.0,231,138,2027-12-18,2026-09-17
640.0,371,517,2027-12-18,2026-09-17
650.0,2808,713,2027-12-18,2026-09-17
660.0,553,252,2027-12-18,2026-09-17
670.0,1249,537,2027-12-18,2026-09-17
680.0,1766,662,2027-12-18,2026-09-17
690.0,440,181,2027-12-18,2026-09-17
700.0,4584,499,2027-12-18,2026-09-17
710.0,402,251,2027-12-18,2026-09-17
720.0,1203,212,2027-12-18,2026-09-17
730.0,512,261,2027-12-18,2026-09-17
740.0,827,215,2027-12-18,2026-09-17
750.0,831,516,2027-12-18,2026-09-17
760.0,182,204,2027-12-18,2026-09-17
770.0,307,140,2027-12-18,2026-09-17
780.0,1087,200,2027-12-18,2026-09-17
790.0,653,33,2027-12-18,2026-09-17
800.0,20,0,2027-12-18,2026-09-17
800.0,2097,109,2027-12-18,2026-09-17
803.0,54,54,2027-12-18,2026-09-17
810.0,446,95,2027-12-18,2026-09-17
820.0,303,36,2027-12-18,2026-09-17
830.0,344,29,2027-12-18,2026-09-17
840.0,263,94,2027-12-18,2026-09-17
850.0,294,75,2027-12-18,2026-09-17
860.0,195,34,2027-12-18,2026-09-17
870.0,179,53,2027-12-18,2026-09-17
880.0,144,8,2027-12-18,2026-09-17
890.0,110,39,2027-12-18,2026-09-17
900.0,2534,47,2027-12-18,2026-09-17
905.7,12,0,2027-12-18,2026-09-17
910.0,533,6,2027-12-18,2026-09-17
920.0,152,23,2027-12-18,2026-09-17
930.0,471,37,2027-12-18,2026-09-17
940.0,235,2,2027-12-18,2026-09-17
950.0,640,74,2027-12-18,2026-09-17
960.0,266,38,2027-12-18,2026-09-17
970.0,122,38,2027-12-18,2026-09-17
980.0,241,2,2027-12-18,2026-09-17
990.0,293,38,2027-12-18,2026-09-17
1000.0,3006,106,2027-12-18,2026-09-17
1010.0,749,1,2027-12-18,2026-09-17
1020.0,74,2,2027-12-18,2026-09-17
1030.0,1397,0,2027-12-18,2026-09-17
1040.0,217,0,2027-12-18,2026-09-17
1050.0,402,0,2027-12-18,2026-09-17
1060.0,257,0,2027-12-18,2026-09-17
1070.0,307,2,2027-12-18,2026-09-17
1080.0,216,3,2027-12-18,2026-09-17
1090.0,320,0,2027-12-18,2026-09-17
1100.0,1581,1,2027-12-18,2026-09-17
1110.0,90,2,2027-12-18,2026-09-17
1120.0,1510,0,2027-12-18,2026-09-17
1130.0,152,1,2027-12-18,2026-09-17
1140.0,41,0,2027-12-18,2026-09-17
1150.0,527,0,2027-12-18,2026-09-17
1160.0,85,0,2027-12-18,2026-09-17
1170.0,112,0,2027-12-18,2026-09-17
1180.0,65,0,2027-12-18,2026-09-17
1190.0,103,0,2027-12-18,2026-09-17
1200.0,793,1,2027-12-18,2026-09-17
1210.0,114,0,2027-12-18,2026-09-17
1220.0,210,0,2027-12-18,2026-09-17
1230.0,279,0,2027-12-18,2026-09-17
1240.0,131,0,2027-12-18,2026-09-17
1250.0,429,0,2027-12-18,2026-09-17
1260.0,111,0,2027-12-18,2026-09-17
1270.0,123,0,2027-12-18,2026-09-17
1280.0,298,0,2027-12-18,2026-09-17
1290.0,278,0,2027-12-18,2026-09-17
1300.0,5469,0,2027-12-18,2026-09-17
1310.0,28,0,2027-12-18,2026-09-17
1320.0,85,0,2027-12-18,2026-09-17
1330.0,7,0,2027-12-18,2026-09-17
1340.0,26,0,2027-12-18,2026-09-17
1350.0,60,0,2027-12-18,2026-09-17
1360.0,33,0,2027-12-18,2026-09-17
1370.0,4,0,2027-12-18,2026-09-17
1380.0,30,0,2027-12-18,2026-09-17
1390.0,19,0,2027-12-18,2026-09-17
1400.0,280,0,2027-12-18,2026-09-17
1410.0,10,0,2027-12-18,2026-09-17
1420.0,20,0,2027-12-18,2026-09-17
1430.0,60,0,2027-12-18,2026-09-17
1440.0,81,0,2027-12-18,2026-09-17
1450.0,859,0,2027-12-18,2026-09-17
1460.0,106,0,2027-12-18,2026-09-17
1470.0,480,0,2027-12-18,2026-09-17
1480.0,434,0,2027-12-18,2026-09-17
5.0,1623,126,2028-01-22,2026-09-17
10.0,5,1,2028-01-22,2026-09-17
15.0,0,1,2028-01-22,2026-09-17
20.0,23,46,2028-01-22,2026-09-17
25.0,1,2,2028-01-22,2026-09-17
30.0,2,1,2028-01-22,2026-09-17
35.0,20,102,2028-01-22,2026-09-17
40.0,150,6,2028-01-22,2026-09-17
45.0,140,2,2028-01-22,2026-09-17
50.0,185,210,2028-01-22,2026-09-17
100.0,157,274,2028-01-22,2026-09-17
110.0,62,191,2028-01-22,2026-09-17
120.0,157,199,2028-01-22,2026-09-17
130.0,121,95,2028-01-22,2026-09-17
140.0,114,14,2028-01-22,2026-09-17
150.0,6,2429,2028-01-22,2026-09-17
160.0,141,65,2028-01-22,2026-09-17
170.0,66,84,2028-01-22,2026-09-17
180.0,50,197,2028-01-22,2026-09-17
190.0,18,522,2028-01-22,2026-09-17
200.0,107,761,2028-01-22,2026-09-17
210.0,170,122,2028-01-22,2026-09-17
220.0,107,71,2028-01-22,2026-09-17
230.0,155,27,2028-01-22,2026-09-17
240.0,8,79,2028-01-22,2026-09-17
250.0,127,199,2028-01-22,2026-09-17
260.0,66,112,2028-01-22,2026-09-17
270.0,76,120,2028-01-22,2026-09-17
280.0,37,4071,2028-01-22,2026-09-17
290.0,20,81,2028-01-22,2026-09-17
300.0,4,0,2028-01-22,2026-09-17
300.0,132,2522,2028-01-22,2026-09-17
310.0,75,55,2028-01-22,2026-09-17
320.0,84,161,2028-01-22,2026-09-17
330.0,41,137,2028-01-22,2026-09-17
340.0,141,545,2028-01-22,2026-09-17
350.0,130,1839,2028-01-22,2026-09-17
360.0,83,487,2028-01-22,2026-09-17
370.0,30,2460,2028-01-22,2026-09-17
380.0,94,775,2028-01-22,2026-09-17
390.0,96,426,2028-01-22,2026-09-17
400.0,373,2128,2028-01-22,2026-09-17
410.0,87,410,2028-01-22,2026-09-17
420.0,63,394,2028-01-22,2026-09-17
430.0,63,295,2028-01-22,2026-09-17
440.0,102,1272,2028-01-22,2026-09-17
450.0,215,1394,2028-01-22,2026-09-17
460.0,67,383,2028-01-22,2026-09-17
470.0,46,682,2028-01-22,2026-09-17
480.0,308,657,2028-01-22,2026-09-17
490.0,71,882,2028-01-22,2026-09-17
500.0,1465,4679,2028-01-22,2026-09-17
510.0,632,555,2028-01-22,2026-09-17
520.0,707,1085,2028-01-22,2026-09-17
530.0,166,685,2028-01-22,2026-09-17
540.0,1740,576,2028-01-22,2026-09-17
550.0,804,2761,2028-01-22,2026-09-17
560.0,235,660,2028-01-22,2026-09-17
570.0,235,711,2028-01-22,2026-09-17
580.0,473,845,2028-01-22,2026-09-17
590.0,399,431,2028-01-22,2026-09-17
593.0,0,36,2028-01-22,2026-09-17
600.0,3084,2830,2028-01-22,2026-09-17
610.0,645,598,2028-01-22,2026-09-17
620.0,467,489,2028-01-22,2026-09-17
630.0,556,393,2028-01-22,2026-09-17
640.0,631,512,2028-01-22,2026-09-17
650.0,2024,695,2028-01-22,2026-09-17
660.0,755,749,2028-01-22,2026-09-17
670.0,1919,365,2028-01-22,2026-09-17
680.0,1211,523,2028-01-22,2026-09-17
690.0,473,369,2028-01-22,2026-09-17
700.0,3856,2138,2028-01-22,2026-09-17
710.0,320,72,2028-01-22,2026-09-17
720.0,674,440,2028-01-22,2026-09-17
724.0,36,0,2028-01-22,2026-09-17
730.0,387,127,2028-01-22,2026-09-17
740.0,621,165,2028-01-22,2026-09-17
750.0,2309,408,2028-01-22,2026-09-17
760.0,1020,114,2028-01-22,2026-09-17
770.0,352,97,2028-01-22,2026-09-17
780.0,267,82,2028-01-22,2026-09-17
790.0,298,75,2028-01-22,2026-09-17
800.0,3272,864,2028-01-22,2026-09-17
810.0,449,49,2028-01-22,2026-09-17
820.0,828,28,2028-01-22,2026-09-17
830.0,635,10,2028-01-22,2026-09-17
840.0,409,28,2028-01-22,2026-09-17
850.0,2765,151,2028-01-22,2026-09-17
860.0,691,9,2028-01-22,2026-09-17
870.0,1296,23,2028-01-22,2026-09-17
880.0,172,9,2028-01-22,2026-09-17
890.0,2016,13,2028-01-22,2026-09-17
900.0,2871,190,2028-01-22,2026-09-17
910.0,466,1,2028-01-22,2026-09-17
920.0,713,213,2028-01-22,2026-09-17
930.0,1968,7,2028-01-22,2026-09-17
940.0,510,10,2028-01-22,2026-09-17
950.0,1870,106,2028-01-22,2026-09-17
960.0,1004,18,2028-01-22,2026-09-17
970.0,261,11,2028-01-22,2026-09-17
980.0,606,10,2028-01-22,2026-09-17
990.0,2328,26,2028-01-22,2026-09-17
1000.0,16257,183,2028-01-22,2026-09-17
1010.0,339,4,2028-01-22,2026-09-17
1020.0,4295,10021,2028-01-22,2026-09-17
1030.0,135,1,2028-01-22,2026-09-17
1040.0,401,1,2028-01-22,2026-09-17
1050.0,3495,1,2028-01-22,2026-09-17
1060.0,1036,0,2028-01-22,2026-09-17
1070.0,4241,0,2028-01-22,2026-09-17
1080.0,187,0,2028-01-22,2026-09-17
1090.0,1671,0,2028-01-22,2026-09-17
1100.0,4522,0,2028-01-22,2026-09-17
1100.01,15225,0,2028-01-22,2026-09-17
1110.0,179,1,2028-01-22,2026-09-17
1120.0,129,0,2028-01-22,2026-09-17
1130.0,496,1,2028-01-22,2026-09-17
1140.0,156,2,2028-01-22,2026-09-17
1150.0,190,1,2028-01-22,2026-09-17
1160.0,186,0,2028-01-22,2026-09-17
1170.0,193,1,2028-01-22,2026-09-17
1180.0,128,0,2028-01-22,2026-09-17
1190.0,295,0,2028-01-22,2026-09-17
1200.0,7679,0,2028-01-22,2026-09-17
1210.0,337,0,2028-01-22,2026-09-17
1220.0,150,0,2028-01-22,2026-09-17
1230.0,246,0,2028-01-22,2026-09-17
1240.0,109,0,2028-01-22,2026-09-17
1250.0,360,0,2028-01-22,2026-09-17
1260.0,121,0,2028-01-22,2026-09-17
1270.0,8058,0,2028-01-22,2026-09-17
1280.0,317,0,2028-01-22,2026-09-17
1300.0,2588,0,2028-01-22,2026-09-17
1320.0,295,0,2028-01-22,2026-09-17
1340.0,155,0,2028-01-22,2026-09-17
1350.0,131,0,2028-01-22,2026-09-17
1360.0,183,0,2028-01-22,2026-09-17
1380.0,259,0,2028-01-22,2026-09-17
1400.0,417,0,2028-01-22,2026-09-17
1420.0,140,0,2028-01-22,2026-09-17
1430.0,285,0,2028-01-22,2026-09-17
1440.0,85,0,2028-01-22,2026-09-17
1450.0,239,0,2028-01-22,2026-09-17
1460.0,248,0,2028-01-22,2026-09-17
1470.0,327,0,2028-01-22,2026-09-17
1480.0,385,0,2028-01-22,2026-09-17
1490.0,306,0,2028-01-22,2026-09-17
1500.0,10207,0,2028-01-22,2026-09-17
5.0,485,254,2028-06-17,2026-09-17
10.0,1,0,2028-06-17,2026-09-17
15.0,0,0,2028-06-17,2026-09-17
20.0,1,0,2028-06-17,2026-09-17
25.0,0,0,2028-06-17,2026-09-17
30.0,0,0,2028-06-17,2026-09-17
35.0,0,0,2028-06-17,2026-09-17
40.0,1,0,2028-06-17,2026-09-17
45.0,0,0,2028-06-17,2026-09-17
50.0,0,100,2028-06-17,2026-09-17
55.0,0,103,2028-06-17,2026-09-17
60.0,1,101,2028-06-17,2026-09-17
65.0,1,60,2028-06-17,2026-09-17
70.0,4,55,2028-06-17,2026-09-17
75.0,0,58,2028-06-17,2026-09-17
80.0,0,0,2028-06-17,2026-09-17
85.0,0,3,2028-06-17,2026-09-17
90.0,0,5,2028-06-17,2026-09-17
95.0,0,5,2028-06-17,2026-09-17
100.0,2,75,2028-06-17,2026-09-17
105.0,1,81,2028-06-17,2026-09-17
110.0,0,16,2028-06-17,2026-09-17
115.0,2,0,2028-06-17,2026-09-17
120.0,48,5,2028-06-17,2026-09-17
125.0,3,1,2028-06-17,2026-09-17
130.0,34,1,2028-06-17,2026-09-17
135.0,33,6,2028-06-17,2026-09-17
140.0,3,9,2028-06-17,2026-09-17
145.0,0,1198,2028-06-17,2026-09-17
150.0,22,339,2028-06-17,2026-09-17
155.0,0,971,2028-06-17,2026-09-17
160.0,11,542,2028-06-17,2026-09-17
165.0,22,44,2028-06-17,2026-09-17
170.0,15,4,2028-06-17,2026-09-17
175.0,2,309,2028-06-17,2026-09-17
180.0,11,51,2028-06-17,2026-09-17
185.0,41,11,2028-06-17,2026-09-17
190.0,13,1156,2028-06-17,2026-09-17
195.0,1,322,2028-06-17,2026-09-17
200.0,7,1079,2028-06-17,2026-09-17
205.0,1,624,2028-06-17,2026-09-17
210.0,2,267,2028-06-17,2026-09-17
215.0,5,1159,2028-06-17,2026-09-17
220.0,14,11,2028-06-17,2026-09-17
225.0,12,349,2028-06-17,2026-09-17
230.0,2,1016,2028-06-17,2026-09-17
235.0,15,701,2028-06-17,2026-09-17
240.0,34,296,2028-06-17,2026-09-17
245.0,2,33,2028-06-17,2026-09-17
250.0,18,108,2028-06-17,2026-09-17
255.0,11,22,2028-06-17,2026-09-17
260.0,22,33,2028-06-17,2026-09-17
270.0,21,25,2028-06-17,2026-09-17
280.0,14,33,2028-06-17,2026-09-17
290.0,16,105,2028-06-17,2026-09-17
300.0,37,1894,2028-06-17,2026-09-17
310.0,36,205,2028-06-17,2026-09-17
320.0,52,79,2028-06-17,2026-09-17
330.0,27,30,2028-06-17,2026-09-17
340.0,55,191,2028-06-17,2026-09-17
350.0,32,183,2028-06-17,2026-09-17
360.0,40,70,2028-06-17,2026-09-17
370.0,21,206,2028-06-17,2026-09-17
380.0,35,66,2028-06-17,2026-09-17
390.0,31,31,2028-06-17,2026-09-17
400.0,283,700,2028-06-17,2026-09-17
410.0,14,251,2028-06-17,2026-09-17
420.0,29,236,2028-06-17,2026-09-17
430.0,45,537,2028-06-17,2026-09-17
440.0,43,57,2028-06-17,2026-09-17
450.0,73,710,2028-06-17,2026-09-17
460.0,23,122,2028-06-17,2026-09-17
470.0,24,330,2028-06-17,2026-09-17
480.0,52,459,2028-06-17,2026-09-17
490.0,27,220,2028-06-17,2026-09-17
500.0,229,1230,2028-06-17,2026-09-17
510.0,52,67,2028-06-17,2026-09-17
520.0,50,172,2028-06-17,2026-09-17
530.0,113,347,2028-06-17,2026-09-17
540.0,132,136,2028-06-17,2026-09-17
550.0,551,1104,2028-06-17,2026-09-17
560.0,92,336,2028-06-17,2026-09-17
570.0,168,319,2028-06-17,2026-09-17
580.0,105,337,2028-06-17,2026-09-17
590.0,126,39,2028-06-17,2026-09-17
600.0,631,434,2028-06-17,2026-09-17
610.0,90,47,2028-06-17,2026-09-17
612.0,0,20,2028-06-17,2026-09-17
620.0,124,66,2028-06-17,2026-09-17
630.0,94,126,2028-06-17,2026-09-17
640.0,117,92,2028-06-17,2026-09-17
650.0,262,132,2028-06-17,2026-09-17
660.0,136,111,2028-06-17,2026-09-17
670.0,685,216,2028-06-17,2026-09-17
680.0,159,49,2028-06-17,2026-09-17
690.0,105,95,2028-06-17,2026-09-17
700.0,1384,159,2028-06-17,2026-09-17
710.0,201,47,2028-06-17,2026-09-17
720.0,389,141,2028-06-17,2026-09-17
730.0,213,124,2028-06-17,2026-09-17
740.0,92,10,2028-06-17,2026-09-17
750.0,209,33,2028-06-17,2026-09-17
760.0,83,6,2028-06-17,2026-09-17
770.0,147,2,2028-06-17,2026-09-17
780.0,91,45,2028-06-17,2026-09-17
790.0,160,22,2028-06-17,2026-09-17
800.0,754,117,2028-06-17,2026-09-17
810.0,66,9,2028-06-17,2026-09-17
820.0,107,3,2028-06-17,2026-09-17
830.0,23,11,2028-06-17,2026-09-17
840.0,781,9,2028-06-17,2026-09-17
850.0,156,0,2028-06-17,2026-09-17
860.0,107,4,2028-06-17,2026-09-17
870.0,430,3,2028-06-17,2026-09-17
880.0,78,1,2028-06-17,2026-09-17
890.0,55,12,2028-06-17,2026-09-17
900.0,256,5,2028-06-17,2026-09-17
910.0,65,1,2028-06-17,2026-09-17
920.0,36,2,2028-06-17,2026-09-17
930.0,27,0,2028-06-17,2026-09-17
940.0,235,52,2028-06-17,2026-09-17
950.0,146,12,2028-06-17,2026-09-17
960.0,35,32,2028-06-17,2026-09-17
970.0,165,1,2028-06-17,2026-09-17
972.4,20,0,2028-06-17,2026-09-17
980.0,81,32,2028-06-17,2026-09-17
990.0,73,1,2028-06-17,2026-09-17
1000.0,770,5,2028-06-17,2026-09-17
1010.0,1097,4,2028-06-17,2026-09-17
1020.0,758,18,2028-06-17,2026-09-17
1030.0,236,1,2028-06-17,2026-09-17
1040.0,117,5,2028-06-17,2026-09-17
1050.0,103,7,2028-06-17,2026-09-17
1060.0,261,2,2028-06-17,2026-09-17
1070.0,84,10,2028-06-17,2026-09-17
1080.0,125,3,2028-06-17,2026-09-17
1090.0,46,1,2028-06-17,2026-09-17
1100.0,162,2,2028-06-17,2026-09-17
1110.0,164,0,2028-06-17,2026-09-17
1120.0,255,0,2028-06-17,2026-09-17
1130.0,181,0,2028-06-17,2026-09-17
1140.0,1282,0,2028-06-17,2026-09-17
1150.0,94,0,2028-06-17,2026-09-17
1160.0,1608,0,2028-06-17,2026-09-17
1170.0,96,0,2028-06-17,2026-09-17
1180.0,82,0,2028-06-17,2026-09-17
1190.0,31,0,2028-06-17,2026-09-17
1200.0,5465,0,2028-06-17,2026-09-17
1210.0,85,1,2028-06-17,2026-09-17
1220.0,68,0,2028-06-17,2026-09-17
1230.0,34,1,2028-06-17,2026-09-17
1240.0,49,0,2028-06-17,2026-09-17
1250.0,64,0,2028-06-17,2026-09-17
1260.0,50,0,2028-06-17,2026-09-17
1270.0,50,0,2028-06-17,2026-09-17
1280.0,52,0,2028-06-17,2026-09-17
1290.0,51,0,2028-06-17,2026-09-17
1300.0,156,0,2028-06-17,2026-09-17
1310.0,63,0,2028-06-17,2026-09-17
1320.0,56,0,2028-06-17,2026-09-17
1330.0,39,0,2028-06-17,2026-09-17
1340.0,51,0,2028-06-17,2026-09-17
1350.0,145,0,2028-06-17,2026-09-17
1360.0,30,0,2028-06-17,2026-09-17
1370.0,65,0,2028-06-17,2026-09-17
1380.0,12,0,2028-06-17,2026-09-17
1390.0,50,0,2028-06-17,2026-09-17
1400.0,1568,0,2028-06-17,2026-09-17
1410.0,1510,0,2028-06-17,2026-09-17
1420.0,112,0,2028-06-17,2026-09-17
1430.0,79,0,2028-06-17,2026-09-17
1440.0,17,0,2028-06-17,2026-09-17
1450.0,40,0,2028-06-17,2026-09-17
1460.0,78,0,2028-06-17,2026-09-17
1470.0,151,0,2028-06-17,2026-09-17
1480.0,490,0,2028-06-17,2026-09-17
5.0,2859,50,2028-12-16,2026-09-17
10.0,974,2,2028-12-16,2026-09-17
15.0,15,0,2028-12-16,2026-09-17
20.0,16,0,2028-12-16,2026-09-17
25.0,1,0,2028-12-16,2026-09-17
30.0,1,0,2028-12-16,2026-09-17
35.0,0,0,2028-12-16,2026-09-17
40.0,3,26,2028-12-16,2026-09-17
45.0,4,51,2028-12-16,2026-09-17
50.0,2,136,2028-12-16,2026-09-17
55.0,1,35,2028-12-16,2026-09-17
60.0,1,108,2028-12-16,2026-09-17
65.0,0,74,2028-12-16,2026-09-17
70.0,0,63,2028-12-16,2026-09-17
75.0,2,76,2028-12-16,2026-09-17
80.0,0,108,2028-12-16,2026-09-17
85.0,0,8,2028-12-16,2026-09-17
90.0,8,12,2028-12-16,2026-09-17
95.0,1,13,2028-12-16,2026-09-17
100.0,4,2570,2028-12-16,2026-09-17
105.0,18,9,2028-12-16,2026-09-17
110.0,23,6,2028-12-16,2026-09-17
115.0,6,4,2028-12-16,2026-09-17
120.0,23,8,2028-12-16,2026-09-17
125.0,18,0,2028-12-16,2026-09-17
130.0,5,58,2028-12-16,2026-09-17
135.0,32,21,2028-12-16,2026-09-17
140.0,61,61,2028-12-16,2026-09-17
145.0,14,9,2028-12-16,2026-09-17
150.0,6,131,2028-12-16,2026-09-17
155.0,22,398,2028-12-16,2026-09-17
160.0,18,63,2028-12-16,2026-09-17
165.0,13,13,2028-12-16,2026-09-17
170.0,45,25,2028-12-16,2026-09-17
175.0,41,61,2028-12-16,2026-09-17
180.0,13,61,2028-12-16,2026-09-17
185.0,31,11,2028-12-16,2026-09-17
190.0,22,74,2028-12-16,2026-09-17
195.0,46,771,2028-12-16,2026-09-17
200.0,171,203,2028-12-16,2026-09-17
210.0,36,56,2028-12-16,2026-09-17
220.0,123,51,2028-12-16,2026-09-17
230.0,56,59,2028-12-16,2026-09-17
240.0,163,55,2028-12-16,2026-09-17
250.0,117,139,2028-12-16,2026-09-17
260.0,53,70,2028-12-16,2026-09-17
270.0,64,31,2028-12-16,2026-09-17
280.0,36,59,2028-12-16,2026-09-17
290.0,42,83,2028-12-16,2026-09-17
300.0,916,1092,2028-12-16,2026-09-17
310.0,247,99,2028-12-16,2026-09-17
320.0,55,154,2028-12-16,2026-09-17
330.0,19,190,2028-12-16,2026-09-17
340.0,38,80,2028-12-16,2026-09-17
350.0,113,402,2028-12-16,2026-09-17
360.0,356,379,2028-12-16,2026-09-17
370.0,47,233,2028-12-16,2026-09-17
380.0,87,445,2028-12-16,2026-09-17
390.0,41,57,2028-12-16,2026-09-17
400.0,409,1553,2028-12-16,2026-09-17
410.0,99,350,2028-12-16,2026-09-17
420.0,59,73,2028-12-16,2026-09-17
430.0,57,392,2028-12-16,2026-09-17
440.0,128,359,2028-12-16,2026-09-17
450.0,200,1785,2028-12-16,2026-09-17
460.0,39,182,2028-12-16,2026-09-17
470.0,38,299,2028-12-16,2026-09-17
480.0,69,615,2028-12-16,2026-09-17
490.0,114,525,2028-12-16,2026-09-17
500.0,1332,3571,2028-12-16,2026-09-17
510.0,101,511,2028-12-16,2026-09-17
520.0,133,606,2028-12-16,2026-09-17
530.0,413,490,2028-12-16,2026-09-17
540.0,2957,731,2028-12-16,2026-09-17
550.0,972,1149,2028-12-16,2026-09-17
560.0,341,382,2028-12-16,2026-09-17
570.0,561,413,2028-12-16,2026-09-17
580.0,800,221,2028-12-16,2026-09-17
590.0,571,473,2028-12-16,2026-09-17
600.0,3222,1201,2028-12-16,2026-09-17
610.0,517,281,2028-12-16,2026-09-17
620.0,355,379,2028-12-16,2026-09-17
630.0,225,246,2028-12-16,2026-09-17
640.0,3065,365,2028-12-16,2026-09-17
650.0,2928,751,2028-12-16,2026-09-17
660.0,2433,181,2028-12-16,2026-09-17
670.0,577,663,2028-12-16,2026-09-17
680.0,308,158,2028-12-16,2026-09-17
690.0,391,119,2028-12-16,2026-09-17
700.0,2373,665,2028-12-16,2026-09-17
710.0,943,123,2028-12-16,2026-09-17
720.0,179,56,2028-12-16,2026-09-17
730.0,1551,116,2028-12-16,2026-09-17
740.0,1631,24,2028-12-16,2026-09-17
750.0,578,216,2028-12-16,2026-09-17
760.0,223,98,2028-12-16,2026-09-17
770.0,146,73,2028-12-16,2026-09-17
780.0,333,41,2028-12-16,2026-09-17
790.0,511,57,2028-12-16,2026-09-17
800.0,1640,149,2028-12-16,2026-09-17
810.0,707,24,2028-12-16,2026-09-17
820.0,133,43,2028-12-16,2026-09-17
830.0,271,23,2028-12-16,2026-09-17
840.0,215,5,2028-12-16,2026-09-17
850.0,541,29,2028-12-16,2026-09-17
860.0,260,25,2028-12-16,2026-09-17
870.0,528,47,2028-12-16,2026-09-17
880.0,227,201,2028-12-16,2026-09-17
890.0,74,122,2028-12-16,2026-09-17
900.0,860,212,2028-12-16,2026-09-17
910.0,344,46,2028-12-16,2026-09-17
920.0,308,70,2028-12-16,2026-09-17
930.0,516,2,2028-12-16,2026-09-17
940.0,784,81,2028-12-16,2026-09-17
950.0,353,75,2028-12-16,2026-09-17
960.0,60,5,2028-12-16,2026-09-17
970.0,151,85,2028-12-16,2026-09-17
980.0,82,22,2028-12-16,2026-09-17
990.0,181,23,2028-12-16,2026-09-17
1000.0,2077,125,2028-12-16,2026-09-17
1010.0,100,145,2028-12-16,2026-09-17
1020.0,83,5,2028-12-16,2026-09-17
1030.0,86,130,2028-12-16,2026-09-17
1040.0,57,19,2028-12-16,2026-09-17
1050.0,284,215,2028-12-16,2026-09-17
1060.0,75,14,2028-12-16,2026-09-17
1070.0,19,4,2028-12-16,2026-09-17
1080.0,358,44,2028-12-16,2026-09-17
1090.0,597,10,2028-12-16,2026-09-17
1100.0,2368,113,2028-12-16,2026-09-17
1110.0,344,6,2028-12-16,2026-09-17
1120.0,64,79,2028-12-16,2026-09-17
1130.0,92,4,2028-12-16,2026-09-17
1140.0,1221,0,2028-12-16,2026-09-17
1150.0,184,1,2028-12-16,2026-09-17
1160.0,352,0,2028-12-16,2026-09-17
1170.0,183,0,2028-12-16,2026-09-17
1180.0,518,0,2028-12-16,2026-09-17
1190.0,26,0,2028-12-16,2026-09-17
1200.0,776,3,2028-12-16,2026-09-17
1210.0,64,0,2028-12-16,2026-09-17
1220.0,90,0,2028-12-16,2026-09-17
1230.0,10,0,2028-12-16,2026-09-17
1240.0,17,0,2028-12-16,2026-09-17
1250.0,1044,0,2028-12-16,2026-09-17
1260.0,76,0,2028-12-16,2026-09-17
1270.0,34,0,2028-12-16,2026-09-17
1280.0,134,0,2028-12-16,2026-09-17
1290.0,128,0,2028-12-16,2026-09-17
1300.0,201,0,2028-12-16,2026-09-17
1310.0,2285,0,2028-12-16,2026-09-17
1320.0,25,0,2028-12-16,2026-09-17
1330.0,876,0,2028-12-16,2026-09-17
1340.0,36,0,2028-12-16,2026-09-17
1350.0,200,0,2028-12-16,2026-09-17
1360.0,142,0,2028-12-16,2026-09-17
1370.0,155,0,2028-12-16,2026-09-17
1380.0,142,0,2028-12-16,2026-09-17
1390.0,54,0,2028-12-16,2026-09-17
1400.0,2298,0,2028-12-16,2026-09-17
1410.0,167,0,2028-12-16,2026-09-17
1420.0,65,0,2028-12-16,2026-09-17
1430.0,53,0,2028-12-16,2026-09-17
1440.0,80,0,2028-12-16,2026-09-17
1450.0,1636,0,2028-12-16,2026-09-17
1460.0,1154,0,2028-12-16,2026-09-17
1470.0,269,0,2028-12-16,2026-09-17
1480.0,4781,0,2028-12-16,2026-09-17
200.0,0,2,2029-01-20,2026-09-17
220.0,0,0,2029-01-20,2026-09-17
240.0,0,2,2029-01-20,2026-09-17
260.0,0,0,2029-01-20,2026-09-17
280.0,0,3,2029-01-20,2026-09-17
300.0,4,3,2029-01-20,2026-09-17
320.0,0,3,2029-01-20,2026-09-17
340.0,1,5,2029-01-20,2026-09-17
360.0,0,7,2029-01-20,2026-09-17
370.0,0,0,2029-01-20,2026-09-17
380.0,0,2,2029-01-20,2026-09-17
390.0,1,0,2029-01-20,2026-09-17
400.0,0,75,2029-01-20,2026-09-17
400.0,2,3,2029-01-20,2026-09-17
410.0,0,0,2029-01-20,2026-09-17
420.0,0,3,2029-01-20,2026-09-17
430.0,0,0,2029-01-20,2026-09-17
440.0,0,100,2029-01-20,2026-09-17
440.0,0,0,2029-01-20,2026-09-17
450.0,0,0,2029-01-20,2026-09-17
460.0,0,2,2029-01-20,2026-09-17
470.0,1,0,2029-01-20,2026-09-17
480.0,0,1,2029-01-20,2026-09-17
490.0,0,0,2029-01-20,2026-09-17
500.0,0,50,2029-01-20,2026-09-17
500.0,2,2,2029-01-20,2026-09-17
510.0,0,0,2029-01-20,2026-09-17
520.0,0,0,2029-01-20,2026-09-17
530.0,0,0,2029-01-20,2026-09-17
540.0,0,0,2029-01-20,2026-09-17
550.0,0,0,2029-01-20,2026-09-17
560.0,400,17,2029-01-20,2026-09-17
570.0,0,0,2029-01-20,2026-09-17
580.0,0,0,2029-01-20,2026-09-17
590.0,4,0,2029-01-20,2026-09-17
593.0,0,12,2029-01-20,2026-09-17
600.0,12,2,2029-01-20,2026-09-17
610.0,0,8,2029-01-20,2026-09-17
620.0,1,3,2029-01-20,2026-09-17
630.0,0,0,2029-01-20,2026-09-17
640.0,0,0,2029-01-20,2026-09-17
650.0,2,3,2029-01-20,2026-09-17
660.0,4,2,2029-01-20,2026-09-17
670.0,34,1,2029-01-20,2026-09-17
680.0,27,2,2029-01-20,2026-09-17
690.0,21,0,2029-01-20,2026-09-17
700.0,13,1,2029-01-20,2026-09-17
710.0,4,0,2029-01-20,2026-09-17
720.0,1,3,2029-01-20,2026-09-17
730.0,1,0,2029-01-20,2026-09-17
740.0,8,0,2029-01-20,2026-09-17
750.0,13,0,2029-01-20,2026-09-17
760.0,0,0,2029-01-20,2026-09-17
770.0,12,0,2029-01-20,2026-09-17
770.0,0,0,2029-01-20,2026-09-17
780.0,1,0,2029-01-20,2026-09-17
790.0,0,0,2029-01-20,2026-09-17
800.0,7,0,2029-01-20,2026-09-17
810.0,1,0,2029-01-20,2026-09-17
820.0,0,0,2029-01-20,2026-09-17
830.0,1,0,2029-01-20,2026-09-17
840.0,0,0,2029-01-20,2026-09-17
850.0,2,0,2029-01-20,2026-09-17
860.0,0,0,2029-01-20,2026-09-17
870.0,0,0,2029-01-20,2026-09-17
880.0,0,0,2029-01-20,2026-09-17
890.0,0,0,2029-01-20,2026-09-17
900.0,5,0,2029-01-20,2026-09-17
910.0,0,0,2029-01-20,2026-09-17
920.0,0,0,2029-01-20,2026-09-17
930.0,0,0,2029-01-20,2026-09-17
940.0,0,0,2029-01-20,2026-09-17
950.0,1,0,2029-01-20,2026-09-17
960.0,0,0,2029-01-20,2026-09-17
980.0,0,0,2029-01-20,2026-09-17
1000.0,12,0,2029-01-20,2026-09-17
1020.0,0,0,2029-01-20,2026-09-17
1040.0,0,0,2029-01-20,2026-09-17
1060.0,0,0,2029-01-20,2026-09-17
1080.0,0,0,2029-01-20,2026-09-17
1100.0,0,0,2029-01-20,2026-09-17
1120.0,55,0,2029-01-20,2026-09-17
1140.0,0,0,2029-01-20,2026-09-17
1160.0,0,0,2029-01-20,2026-09-17
1180.0,0,0,2029-01-20,2026-09-17
1200.0,0,0,2029-01-20,2026-09-17
1220.0,0,0,2029-01-20,2026-09-17
1240.0,0,0,2029-01-20,2026-09-17
1260.0,0,0,2029-01-20,2026-09-17
1280.0,0,0,2029-01-20,2026-09-17
1300.0,3,0,2029-01-20,2026-09-17
1320.0,4,0,2029-01-20,2026-09-17
605.13,0,36,2029-02-17,2026-09-17
770.0,36,0,2029-02-17,2026-09-17
605.0,0,36,2029-12-22,2026-09-17
873.09,20,20,2029-12-22,2026-09-17
889.87,36,0,2029-12-22,2026-09-17
485.0,0,31,2030-01-19,2026-09-17
490.0,0,60,2030-01-19,2026-09-17
593.0,0,36,2030-02-16,2026-09-17
885.0,36,0,2030-02-16,2026-09-17
400.0,0,75,2031-01-18,2026-09-17
600.0,0,12,2031-01-18,2026-09-17
964.63,12,0,2031-01-18,2026-09-17
