Strike,Call,Put,Expiry,Date
100.0,0,0,2026-09-26,2026-09-28
110.0,0,0,2026-09-26,2026-09-28
120.0,0,0,2026-09-26,2026-09-28
130.0,0,1029,2026-09-26,2026-09-28
140.0,0,1010,2026-09-26,2026-09-28
150.0,0,1000,2026-09-26,2026-09-28
160.0,0,0,2026-09-26,2026-09-28
170.0,0,0,2026-09-26,2026-09-28
180.0,0,0,2026-09-26,2026-09-28
190.0,0,0,2026-09-26,2026-09-28
200.0,0,129,2026-09-26,2026-09-28
210.0,0,143,2026-09-26,2026-09-28
220.0,0,38,2026-09-26,2026-09-28
230.0,0,36,2026-09-26,2026-09-28
240.0,0,19,2026-09-26,2026-09-28
250.0,0,46,2026-09-26,2026-09-28
260.0,0,72,2026-09-26,2026-09-28
270.0,0,15,2026-09-26,2026-09-28
280.0,0,0,2026-09-26,2026-09-28
290.0,0,3,2026-09-26,2026-09-28
300.0,0,149,2026-09-26,2026-09-28
310.0,0,38,2026-09-26,2026-09-28
320.0,0,98,2026-09-26,2026-09-28
330.0,0,21,2026-09-26,2026-09-28
340.0,0,17,2026-09-26,2026-09-28
350.0,0,645,2026-09-26,2026-09-28
360.0,0,69,2026-09-26,2026-09-28
370.0,0,770,2026-09-26,2026-09-28
380.0,0,147,2026-09-26,2026-09-28
390.0,0,154,2026-09-26,2026-09-28
400.0,0,245,2026-09-26,2026-09-28
405.0,0,164,2026-09-26,2026-09-28
410.0,0,251,2026-09-26,2026-09-28
415.0,0,334,2026-09-26,2026-09-28
420.0,0,112,2026-09-26,2026-09-28
425.0,0,136,2026-09-26,2026-09-28
430.0,0,102,2026-09-26,2026-09-28
435.0,0,83,2026-09-26,2026-09-28
440.0,0,139,2026-09-26,2026-09-28
445.0,0,319,2026-09-26,2026-09-28
450.0,0,420,2026-09-26,2026-09-28
455.0,0,212,2026-09-26,2026-09-28
460.0,0,213,2026-09-26,2026-09-28
465.0,0,208,2026-09-26,2026-09-28
470.0,0,192,2026-09-26,2026-09-28
475.0,0,306,2026-09-26,2026-09-28
480.0,0,559,2026-09-26,2026-09-28
485.0,0,400,2026-09-26,2026-09-28
490.0,0,360,2026-09-26,2026-09-28
495.0,0,341,2026-09-26,2026-09-28
500.0,0,428,2026-09-26,2026-09-28
505.0,0,322,2026-09-26,2026-09-28
510.0,0,587,2026-09-26,2026-09-28
515.0,0,552,2026-09-26,2026-09-28
520.0,0,4975,2026-09-26,2026-09-28
525.0,0,457,2026-09-26,2026-09-28
530.0,0,1286,2026-09-26,2026-09-28
535.0,0,837,2026-09-26,2026-09-28
540.0,0,944,2026-09-26,2026-09-28
545.0,0,685,2026-09-26,2026-09-28
547.5,0,517,2026-09-26,2026-09-28
550.0,0,2078,2026-09-26,2026-09-28
552.5,0,975,2026-09-26,2026-09-28
555.0,0,286,2026-09-26,2026-09-28
557.5,0,281,2026-09-26,2026-09-28
560.0,0,2934,2026-09-26,2026-09-28
562.5,0,155,2026-09-26,2026-09-28
565.0,0,808,2026-09-26,2026-09-28
567.5,0,1024,2026-09-26,2026-09-28
570.0,0,718,2026-09-26,2026-09-28
572.5,0,137,2026-09-26,2026-09-28
575.0,0,1244,2026-09-26,2026-09-28
577.5,0,321,2026-09-26,2026-09-28
580.0,0,880,2026-09-26,2026-09-28
582.5,0,41,2026-09-26,2026-09-28
585.0,0,581,2026-09-26,2026-09-28
587.5,0,169,2026-09-26,2026-09-28
590.0,0,719,2026-09-26,2026-09-28
592.5,0,101,2026-09-26,2026-09-28
595.0,0,400,2026-09-26,2026-09-28
597.5,0,210,2026-09-26,2026-09-28
600.0,0,0,2026-09-26,2026-09-28
600.0,0,1863,2026-09-26,2026-09-28
602.5,0,98,2026-09-26,2026-09-28
605.0,0,990,2026-09-26,2026-09-28
607.5,0,284,2026-09-26,2026-09-28
610.0,0,1988,2026-09-26,2026-09-28
612.5,0,610,2026-09-26,2026-09-28
615.0,0,1044,2026-09-26,2026-09-28
617.5,0,213,2026-09-26,2026-09-28
620.0,0,1149,2026-09-26,2026-09-28
622.5,0,201,2026-09-26,2026-09-28
625.0,0,1116,2026-09-26,2026-09-28
627.5,0,235,2026-09-26,2026-09-28
630.0,0,1124,2026-09-26,2026-09-28
632.5,0,404,2026-09-26,2026-09-28
635.0,0,987,2026-09-26,2026-09-28
637.5,0,395,2026-09-26,2026-09-28
640.0,0,5833,2026-09-26,2026-09-28
642.5,0,214,2026-09-26,2026-09-28
645.0,0,745,2026-09-26,2026-09-28
647.5,0,374,2026-09-26,2026-09-28
650.0,0,6230,2026-09-26,2026-09-28
652.5,0,257,2026-09-26,2026-09-28
655.0,0,770,2026-09-26,2026-09-28
657.5,0,490,2026-09-26,2026-09-28
660.0,0,1582,2026-09-26,2026-09-28
662.5,0,728,2026-09-26,2026-09-28
665.0,0,1062,2026-09-26,2026-09-28
667.5,0,568,2026-09-26,2026-09-28
670.0,0,2901,2026-09-26,2026-09-28
672.5,0,2071,2026-09-26,2026-09-28
675.0,0,1707,2026-09-26,2026-09-28
677.5,0,668,2026-09-26,2026-09-28
680.0,0,1773,2026-09-26,2026-09-28
682.5,0,1126,2026-09-26,2026-09-28
685.0,0,1399,2026-09-26,2026-09-28
687.5,0,583,2026-09-26,2026-09-28
690.0,0,1672,2026-09-26,2026-09-28
692.5,0,550,2026-09-26,2026-09-28
695.0,0,1284,2026-09-26,2026-09-28
697.5,0,511,2026-09-26,2026-09-28
700.0,0,6287,2026-09-26,2026-09-28
702.5,0,2427,2026-09-26,2026-09-28
705.0,0,2545,2026-09-26,2026-09-28
707.5,0,513,2026-09-26,2026-09-28
710.0,0,3010,2026-09-26,2026-09-28
712.5,0,663,2026-09-26,2026-09-28
715.0,0,3120,2026-09-26,2026-09-28
717.5,0,805,2026-09-26,2026-09-28
720.0,0,2574,2026-09-26,2026-09-28
722.5,0,1543,2026-09-26,2026-09-28
725.0,0,4843,2026-09-26,2026-09-28
727.5,0,3124,2026-09-26,2026-09-28
730.0,0,4837,2026-09-26,2026-09-28
732.5,0,1830,2026-09-26,2026-09-28
735.0,0,3834,2026-09-26,2026-09-28
737.5,0,1647,2026-09-26,2026-09-28
740.0,0,5127,2026-09-26,2026-09-28
742.5,0,1477,2026-09-26,2026-09-28
745.0,0,3262,2026-09-26,2026-09-28
747.5,0,4283,2026-09-26,2026-09-28
750.0,435,3002,2026-09-26,2026-09-28
755.0,5932,0,2026-09-26,2026-09-28
760.0,6493,0,2026-09-26,2026-09-28
765.0,7999,0,2026-09-26,2026-09-28
770.0,8395,0,2026-09-26,2026-09-28
775.0,8344,0,2026-09-26,2026-09-28
780.0,6608,0,2026-09-26,2026-09-28
785.0,3893,0,2026-09-26,2026-09-28
790.0,3368,0,2026-09-26,2026-09-28
795.0,1547,0,2026-09-26,2026-09-28
800.0,13273,0,2026-09-26,2026-09-28
805.0,2174,0,2026-09-26,2026-09-28
810.0,3863,0,2026-09-26,2026-09-28
815.0,2004,0,2026-09-26,2026-09-28
820.0,3489,0,2026-09-26,2026-09-28
825.0,3312,0,2026-09-26,2026-09-28
830.0,2,0,2026-09-26,2026-09-28
830.0,2248,0,2026-09-26,2026-09-28
835.0,1977,0,2026-09-26,2026-09-28
840.0,1394,0,2026-09-26,2026-09-28
845.0,2345,0,2026-09-26,2026-09-28
850.0,3737,0,2026-09-26,2026-09-28
855.0,1576,0,2026-09-26,2026-09-28
860.0,1165,0,2026-09-26,2026-09-28
865.0,974,0,2026-09-26,2026-09-28
870.0,946,0,2026-09-26,2026-09-28
875.0,2585,0,2026-09-26,2026-09-28
880.0,3183,0,2026-09-26,2026-09-28
885.0,454,0,2026-09-26,2026-09-28
890.0,652,0,2026-09-26,2026-09-28
895.0,382,0,2026-09-26,2026-09-28
900.0,4062,0,2026-09-26,2026-09-28
905.0,334,0,2026-09-26,2026-09-28
910.0,326,0,2026-09-26,2026-09-28
915.0,232,0,2026-09-26,2026-09-28
920.0,765,0,2026-09-26,2026-09-28
925.0,302,0,2026-09-26,2026-09-28
930.0,636,0,2026-09-26,2026-09-28
935.0,272,0,2026-09-26,2026-09-28
940.0,513,0,2026-09-26,2026-09-28
945.0,203,0,2026-09-26,2026-09-28
950.0,216,0,2026-09-26,2026-09-28
955.0,290,0,2026-09-26,2026-09-28
960.0,243,0,2026-09-26,2026-09-28
965.0,321,0,2026-09-26,2026-09-28
970.0,226,0,2026-09-26,2026-09-28
975.0,325,0,2026-09-26,2026-09-28
980.0,746,0,2026-09-26,2026-09-28
985.0,343,0,2026-09-26,2026-09-28
990.0,394,0,2026-09-26,2026-09-28
995.0,205,0,2026-09-26,2026-09-28
1000.0,1482,0,2026-09-26,2026-09-28
1010.0,467,0,2026-09-26,2026-09-28
1020.0,559,0,2026-09-26,2026-09-28
1030.0,217,0,2026-09-26,2026-09-28
1040.0,457,0,2026-09-26,2026-09-28
1050.0,447,0,2026-09-26,2026-09-28
1060.0,209,0,2026-09-26,2026-09-28
1070.0,469,0,2026-09-26,2026-09-28
1080.0,0,0,2026-09-26,2026-09-28
1090.0,0,0,2026-09-26,2026-09-28
1100.0,0,0,2026-09-26,2026-09-28
1110.0,0,0,2026-09-26,2026-09-28
1120.0,0,0,2026-09-26,2026-09-28
1130.0,0,0,2026-09-26,2026-09-28
1140.0,0,0,2026-09-26,2026-09-28
1150.0,0,0,2026-09-26,2026-09-28
1160.0,0,0,2026-09-26,2026-09-28
1170.0,0,0,2026-09-26,2026-09-28
1180.0,0,0,2026-09-26,2026-09-28
1190.0,0,0,2026-09-26,2026-09-28
1200.0,0,0,2026-09-26,2026-09-28
1210.0,205,0,2026-09-26,2026-09-28
1220.0,9,0,2026-09-26,2026-09-28
1230.0,0,0,2026-09-26,2026-09-28
1240.0,0,0,2026-09-26,2026-09-28
1250.0,5,0,2026-09-26,2026-09-28
1260.0,0,0,2026-09-26,2026-09-28
1270.0,4,0,2026-09-26,2026-09-28
1280.0,56,0,2026-09-26,2026-09-28
1290.0,138,0,2026-09-26,2026-09-28
1300.0,6,0,2026-09-26,2026-09-28
1310.0,0,0,2026-09-26,2026-09-28
1320.0,0,0,2026-09-26,2026-09-28
1330.0,0,0,2026-09-26,2026-09-28
1340.0,0,0,2026-09-26,2026-09-28
1350.0,0,0,2026-09-26,2026-09-28
1360.0,0,0,2026-09-26,2026-09-28
1370.0,0,0,2026-09-26,2026-09-28
1380.0,0,0,2026-09-26,2026-09-28
1390.0,0,0,2026-09-26,2026-09-28
1400.0,0,0,2026-09-26,2026-09-28
1410.0,0,0,2026-09-26,2026-09-28
1420.0,0,0,2026-09-26,2026-09-28
1430.0,2,0,2026-09-26,2026-09-28
1440.0,3,0,2026-09-26,2026-09-28
1450.0,0,0,2026-09-26,2026-09-28
1460.0,0,0,2026-09-26,2026-09-28
1470.0,0,0,2026-09-26,2026-09-28
1480.0,0,0,2026-09-26,2026-09-28
1490.0,3,0,2026-09-26,2026-09-28
510.0,0,11,2026-09-29,2026-09-28
515.0,0,48,2026-09-29,2026-09-28
520.0,0,44,2026-09-29,2026-09-28
525.0,0,3,2026-09-29,2026-09-28
530.0,0,6,2026-09-29,2026-09-28
535.0,0,5,2026-09-29,2026-09-28
540.0,0,5,2026-09-29,2026-09-28
545.0,0,36,2026-09-29,2026-09-28
550.0,0,6,2026-09-29,2026-09-28
555.0,0,16,2026-09-29,2026-09-28
560.0,4,4,2026-09-29,2026-09-28
565.0,26,105,2026-09-29,2026-09-28
570.0,2,6,2026-09-29,2026-09-28
575.0,4,25,2026-09-29,2026-09-28
580.0,26,31,2026-09-29,2026-09-28
585.0,6,24,2026-09-29,2026-09-28
587.5,9,29,2026-09-29,2026-09-28
590.0,9,38,2026-09-29,2026-09-28
592.5,3,28,2026-09-29,2026-09-28
595.0,10,18,2026-09-29,2026-09-28
597.5,3,12,2026-09-29,2026-09-28
600.0,13,76,2026-09-29,2026-09-28
602.5,0,20,2026-09-29,2026-09-28
605.0,2,5,2026-09-29,2026-09-28
607.5,1,10,2026-09-29,2026-09-28
610.0,1,80,2026-09-29,2026-09-28
612.5,0,8,2026-09-29,2026-09-28
615.0,3,19,2026-09-29,2026-09-28
617.5,4,15,2026-09-29,2026-09-28
620.0,2,46,2026-09-29,2026-09-28
622.5,2,25,2026-09-29,2026-09-28
625.0,8,25,2026-09-29,2026-09-28
627.5,1,68,2026-09-29,2026-09-28
630.0,2,73,2026-09-29,2026-09-28
632.5,0,9,2026-09-29,2026-09-28
635.0,19,165,2026-09-29,2026-09-28
637.5,0,23,2026-09-29,2026-09-28
640.0,9,68,2026-09-29,2026-09-28
642.5,2,149,2026-09-29,2026-09-28
645.0,10,74,2026-09-29,2026-09-28
647.5,5,18,2026-09-29,2026-09-28
650.0,88,903,2026-09-29,2026-09-28
652.5,5,13,2026-09-29,2026-09-28
655.0,25,630,2026-09-29,2026-09-28
657.5,6,55,2026-09-29,2026-09-28
660.0,27,289,2026-09-29,2026-09-28
662.5,36,88,2026-09-29,2026-09-28
665.0,64,220,2026-09-29,2026-09-28
667.5,184,69,2026-09-29,2026-09-28
670.0,145,266,2026-09-29,2026-09-28
672.5,177,123,2026-09-29,2026-09-28
675.0,114,244,2026-09-29,2026-09-28
677.5,50,568,2026-09-29,2026-09-28
680.0,204,442,2026-09-29,2026-09-28
682.5,50,272,2026-09-29,2026-09-28
685.0,111,302,2026-09-29,2026-09-28
687.5,38,42,2026-09-29,2026-09-28
690.0,190,290,2026-09-29,2026-09-28
692.5,40,396,2026-09-29,2026-09-28
695.0,96,260,2026-09-29,2026-09-28
697.5,74,265,2026-09-29,2026-09-28
700.0,357,2227,2026-09-29,2026-09-28
702.5,50,238,2026-09-29,2026-09-28
705.0,147,568,2026-09-29,2026-09-28
707.5,51,184,2026-09-29,2026-09-28
710.0,121,2473,2026-09-29,2026-09-28
712.5,54,286,2026-09-29,2026-09-28
715.0,62,2125,2026-09-29,2026-09-28
717.5,46,537,2026-09-29,2026-09-28
720.0,191,1717,2026-09-29,2026-09-28
722.5,46,1241,2026-09-29,2026-09-28
725.0,306,1548,2026-09-29,2026-09-28
727.5,87,1069,2026-09-29,2026-09-28
730.0,177,1228,2026-09-29,2026-09-28
732.5,71,522,2026-09-29,2026-09-28
735.0,132,560,2026-09-29,2026-09-28
737.5,390,300,2026-09-29,2026-09-28
740.0,320,838,2026-09-29,2026-09-28
742.5,280,477,2026-09-29,2026-09-28
745.0,1093,738,2026-09-29,2026-09-28
747.5,594,1915,2026-09-29,2026-09-28
750.0,2722,4467,2026-09-29,2026-09-28
755.0,1803,4211,2026-09-29,2026-09-28
760.0,2086,1535,2026-09-29,2026-09-28
765.0,1989,466,2026-09-29,2026-09-28
770.0,1937,615,2026-09-29,2026-09-28
775.0,1110,286,2026-09-29,2026-09-28
780.0,2874,206,2026-09-29,2026-09-28
785.0,1274,83,2026-09-29,2026-09-28
790.0,1180,51,2026-09-29,2026-09-28
795.0,900,70,2026-09-29,2026-09-28
800.0,8722,25,2026-09-29,2026-09-28
805.0,1101,4,2026-09-29,2026-09-28
810.0,580,0,2026-09-29,2026-09-28
815.0,1208,0,2026-09-29,2026-09-28
820.0,1121,60,2026-09-29,2026-09-28
825.0,284,0,2026-09-29,2026-09-28
830.0,437,0,2026-09-29,2026-09-28
835.0,661,0,2026-09-29,2026-09-28
840.0,593,0,2026-09-29,2026-09-28
845.0,515,0,2026-09-29,2026-09-28
850.0,1210,0,2026-09-29,2026-09-28
855.0,221,0,2026-09-29,2026-09-28
860.0,133,2,2026-09-29,2026-09-28
865.0,522,0,2026-09-29,2026-09-28
870.0,85,0,2026-09-29,2026-09-28
875.0,66,0,2026-09-29,2026-09-28
880.0,394,0,2026-09-29,2026-09-28
885.0,153,0,2026-09-29,2026-09-28
890.0,89,0,2026-09-29,2026-09-28
895.0,128,0,2026-09-29,2026-09-28
900.0,1586,0,2026-09-29,2026-09-28
905.0,21,0,2026-09-29,2026-09-28
910.0,4,0,2026-09-29,2026-09-28
915.0,7,0,2026-09-29,2026-09-28
920.0,14,0,2026-09-29,2026-09-28
925.0,120,0,2026-09-29,2026-09-28
930.0,3,0,2026-09-29,2026-09-28
935.0,8,0,2026-09-29,2026-09-28
940.0,184,0,2026-09-29,2026-09-28
945.0,2,0,2026-09-29,2026-09-28
950.0,68,0,2026-09-29,2026-09-28
955.0,19,0,2026-09-29,2026-09-28
960.0,78,0,2026-09-29,2026-09-28
965.0,26,0,2026-09-29,2026-09-28
970.0,104,0,2026-09-29,2026-09-28
975.0,63,0,2026-09-29,2026-09-28
980.0,8,0,2026-09-29,2026-09-28
985.0,4,0,2026-09-29,2026-09-28
990.0,3,0,2026-09-29,2026-09-28
1000.0,2,0,2026-09-29,2026-09-28
1010.0,0,0,2026-09-29,2026-09-28
1020.0,0,0,2026-09-29,2026-09-28
1030.0,0,0,2026-09-29,2026-09-28
1040.0,0,0,2026-09-29,2026-09-28
1050.0,0,0,2026-09-29,2026-09-28
1060.0,0,0,2026-09-29,2026-09-28
1070.0,0,0,2026-09-29,2026-09-28
1080.0,0,0,2026-09-29,2026-09-28
1090.0,0,0,2026-09-29,2026-09-28
1100.0,0,0,2026-09-29,2026-09-28
1110.0,0,0,2026-09-29,2026-09-28
1120.0,0,0,2026-09-29,2026-09-28
1130.0,0,0,2026-09-29,2026-09-28
1140.0,0,0,2026-09-29,2026-09-28
1150.0,0,0,2026-09-29,2026-09-28
1160.0,0,0,2026-09-29,2026-09-28
1170.0,0,0,2026-09-29,2026-09-28
1180.0,0,0,2026-09-29,2026-09-28
1190.0,0,0,2026-09-29,2026-09-28
1200.0,1,0,2026-09-29,2026-09-28
1210.0,0,0,2026-09-29,2026-09-28
1220.0,0,0,2026-09-29,2026-09-28
1230.0,0,0,2026-09-29,2026-09-28
1240.0,0,0,2026-09-29,2026-09-28
1250.0,0,0,2026-09-29,2026-09-28
1260.0,0,0,2026-09-29,2026-09-28
1270.0,0,0,2026-09-29,2026-09-28
1280.0,0,0,2026-09-29,2026-09-28
1290.0,0,0,2026-09-29,2026-09-28
1300.0,1,0,2026-09-29,2026-09-28
1310.0,0,0,2026-09-29,2026-09-28
1320.0,0,0,2026-09-29,2026-09-28
1330.0,0,0,2026-09-29,2026-09-28
1340.0,0,0,2026-09-29,2026-09-28
1350.0,0,0,2026-09-29,2026-09-28
1360.0,0,0,2026-09-29,2026-09-28
1370.0,0,0,2026-09-29,2026-09-28
1380.0,0,0,2026-09-29,2026-09-28
1390.0,0,0,2026-09-29,2026-09-28
1400.0,0,0,2026-09-29,2026-09-28
1410.0,0,0,2026-09-29,2026-09-28
1420.0,0,0,2026-09-29,2026-09-28
1430.0,0,0,2026-09-29,2026-09-28
1440.0,0,0,2026-09-29,2026-09-28
1450.0,0,0,2026-09-29,2026-09-28
1460.0,0,0,2026-09-29,2026-09-28
1470.0,0,0,2026-09-29,2026-09-28
1480.0,1,0,2026-09-29,2026-09-28
1490.0,12,0,2026-09-29,2026-09-28
478.7,0,174,2026-09-30,2026-09-28
733.5,174,0,2026-09-30,2026-09-28
510.0,0,52,2026-10-01,2026-09-28
515.0,0,1,2026-10-01,2026-09-28
520.0,0,2,2026-10-01,2026-09-28
525.0,0,10,2026-10-01,2026-09-28
530.0,0,55,2026-10-01,2026-09-28
535.0,0,2,2026-10-01,2026-09-28
540.0,0,7,2026-10-01,2026-09-28
545.0,0,1,2026-10-01,2026-09-28
550.0,0,240,2026-10-01,2026-09-28
555.0,0,26,2026-10-01,2026-09-28
560.0,3,422,2026-10-01,2026-09-28
565.0,1,11,2026-10-01,2026-09-28
570.0,30,216,2026-10-01,2026-09-28
575.0,25,46,2026-10-01,2026-09-28
577.5,3,830,2026-10-01,2026-09-28
580.0,3,677,2026-10-01,2026-09-28
582.5,6,217,2026-10-01,2026-09-28
585.0,1,11,2026-10-01,2026-09-28
587.5,2,4,2026-10-01,2026-09-28
590.0,10,7,2026-10-01,2026-09-28
592.5,0,13,2026-10-01,2026-09-28
595.0,1,65,2026-10-01,2026-09-28
597.5,1,18,2026-10-01,2026-09-28
600.0,15,208,2026-10-01,2026-09-28
602.5,1,20,2026-10-01,2026-09-28
605.0,9,30,2026-10-01,2026-09-28
607.5,4,78,2026-10-01,2026-09-28
610.0,5,117,2026-10-01,2026-09-28
612.5,3,22,2026-10-01,2026-09-28
615.0,7,47,2026-10-01,2026-09-28
617.5,7,21,2026-10-01,2026-09-28
620.0,7,46,2026-10-01,2026-09-28
622.5,3,26,2026-10-01,2026-09-28
625.0,5,272,2026-10-01,2026-09-28
627.5,1,19,2026-10-01,2026-09-28
630.0,12,46,2026-10-01,2026-09-28
632.5,4,26,2026-10-01,2026-09-28
635.0,13,32,2026-10-01,2026-09-28
637.5,18,65,2026-10-01,2026-09-28
640.0,12,123,2026-10-01,2026-09-28
642.5,25,7,2026-10-01,2026-09-28
645.0,33,180,2026-10-01,2026-09-28
647.5,2,55,2026-10-01,2026-09-28
650.0,35,637,2026-10-01,2026-09-28
652.5,3,12,2026-10-01,2026-09-28
655.0,46,90,2026-10-01,2026-09-28
657.5,0,282,2026-10-01,2026-09-28
660.0,7,54,2026-10-01,2026-09-28
662.5,3,40,2026-10-01,2026-09-28
665.0,30,68,2026-10-01,2026-09-28
667.5,3,61,2026-10-01,2026-09-28
670.0,145,600,2026-10-01,2026-09-28
672.5,77,56,2026-10-01,2026-09-28
675.0,83,788,2026-10-01,2026-09-28
677.5,54,311,2026-10-01,2026-09-28
680.0,137,603,2026-10-01,2026-09-28
682.5,28,66,2026-10-01,2026-09-28
685.0,70,813,2026-10-01,2026-09-28
687.5,11,89,2026-10-01,2026-09-28
690.0,148,318,2026-10-01,2026-09-28
692.5,13,178,2026-10-01,2026-09-28
695.0,72,437,2026-10-01,2026-09-28
697.5,8,199,2026-10-01,2026-09-28
700.0,246,2942,2026-10-01,2026-09-28
702.5,24,144,2026-10-01,2026-09-28
705.0,98,2969,2026-10-01,2026-09-28
707.5,28,230,2026-10-01,2026-09-28
710.0,68,801,2026-10-01,2026-09-28
712.5,19,164,2026-10-01,2026-09-28
715.0,54,250,2026-10-01,2026-09-28
717.5,26,150,2026-10-01,2026-09-28
720.0,160,1404,2026-10-01,2026-09-28
722.5,68,115,2026-10-01,2026-09-28
725.0,176,470,2026-10-01,2026-09-28
727.5,39,118,2026-10-01,2026-09-28
730.0,335,450,2026-10-01,2026-09-28
732.5,96,221,2026-10-01,2026-09-28
735.0,111,252,2026-10-01,2026-09-28
737.5,41,236,2026-10-01,2026-09-28
740.0,270,2803,2026-10-01,2026-09-28
742.5,108,586,2026-10-01,2026-09-28
745.0,266,436,2026-10-01,2026-09-28
747.5,324,404,2026-10-01,2026-09-28
750.0,2567,438,2026-10-01,2026-09-28
755.0,1575,382,2026-10-01,2026-09-28
760.0,830,309,2026-10-01,2026-09-28
765.0,403,420,2026-10-01,2026-09-28
770.0,270,0,2026-10-01,2026-09-28
770.0,1299,1047,2026-10-01,2026-09-28
775.0,439,248,2026-10-01,2026-09-28
780.0,704,162,2026-10-01,2026-09-28
785.0,556,34,2026-10-01,2026-09-28
790.0,562,107,2026-10-01,2026-09-28
795.0,327,72,2026-10-01,2026-09-28
800.0,5496,21,2026-10-01,2026-09-28
805.0,624,12,2026-10-01,2026-09-28
810.0,621,17,2026-10-01,2026-09-28
815.0,480,1,2026-10-01,2026-09-28
820.0,904,11,2026-10-01,2026-09-28
825.0,792,1,2026-10-01,2026-09-28
830.0,264,3,2026-10-01,2026-09-28
835.0,442,1,2026-10-01,2026-09-28
840.0,1183,15,2026-10-01,2026-09-28
845.0,76,16,2026-10-01,2026-09-28
850.0,1617,5,2026-10-01,2026-09-28
855.0,185,0,2026-10-01,2026-09-28
860.0,162,0,2026-10-01,2026-09-28
865.0,135,0,2026-10-01,2026-09-28
870.0,198,0,2026-10-01,2026-09-28
875.0,119,0,2026-10-01,2026-09-28
880.0,148,0,2026-10-01,2026-09-28
885.0,102,0,2026-10-01,2026-09-28
890.0,102,0,2026-10-01,2026-09-28
895.0,65,0,2026-10-01,2026-09-28
900.0,213,0,2026-10-01,2026-09-28
905.0,33,0,2026-10-01,2026-09-28
910.0,34,0,2026-10-01,2026-09-28
915.0,17,0,2026-10-01,2026-09-28
920.0,69,0,2026-10-01,2026-09-28
925.0,33,0,2026-10-01,2026-09-28
930.0,105,0,2026-10-01,2026-09-28
935.0,25,0,2026-10-01,2026-09-28
940.0,8,0,2026-10-01,2026-09-28
945.0,12,0,2026-10-01,2026-09-28
950.0,15,0,2026-10-01,2026-09-28
955.0,9,0,2026-10-01,2026-09-28
960.0,114,0,2026-10-01,2026-09-28
965.0,7,0,2026-10-01,2026-09-28
970.0,2,0,2026-10-01,2026-09-28
975.0,6,0,2026-10-01,2026-09-28
980.0,13,0,2026-10-01,2026-09-28
985.0,28,0,2026-10-01,2026-09-28
990.0,13,0,2026-10-01,2026-09-28
1000.0,139,0,2026-10-01,2026-09-28
1010.0,15,0,2026-10-01,2026-09-28
1020.0,20,0,2026-10-01,2026-09-28
1030.0,38,0,2026-10-01,2026-09-28
1040.0,16,0,2026-10-01,2026-09-28
1050.0,20,0,2026-10-01,2026-09-28
1060.0,30,0,2026-10-01,2026-09-28
1070.0,28,0,2026-10-01,2026-09-28
1080.0,0,0,2026-10-01,2026-09-28
1090.0,0,0,2026-10-01,2026-09-28
1100.0,1,0,2026-10-01,2026-09-28
1110.0,0,0,2026-10-01,2026-09-28
1120.0,0,0,2026-10-01,2026-09-28
1130.0,0,0,2026-10-01,2026-09-28
1140.0,0,0,2026-10-01,2026-09-28
1150.0,0,0,2026-10-01,2026-09-28
1160.0,0,0,2026-10-01,2026-09-28
1170.0,0,0,2026-10-01,2026-09-28
1180.0,0,0,2026-10-01,2026-09-28
1190.0,0,0,2026-10-01,2026-09-28
1200.0,0,0,2026-10-01,2026-09-28
1210.0,0,0,2026-10-01,2026-09-28
1220.0,0,0,2026-10-01,2026-09-28
1230.0,0,0,2026-10-01,2026-09-28
1240.0,0,0,2026-10-01,2026-09-28
1250.0,0,0,2026-10-01,2026-09-28
1260.0,0,0,2026-10-01,2026-09-28
1270.0,0,0,2026-10-01,2026-09-28
1280.0,0,0,2026-10-01,2026-09-28
1290.0,0,0,2026-10-01,2026-09-28
1300.0,0,0,2026-10-01,2026-09-28
1310.0,0,0,2026-10-01,2026-09-28
1320.0,0,0,2026-10-01,2026-09-28
1330.0,0,0,2026-10-01,2026-09-28
1340.0,0,0,2026-10-01,2026-09-28
1350.0,0,0,2026-10-01,2026-09-28
1360.0,0,0,2026-10-01,2026-09-28
1370.0,0,0,2026-10-01,2026-09-28
1380.0,0,0,2026-10-01,2026-09-28
1390.0,0,0,2026-10-01,2026-09-28
1400.0,0,0,2026-10-01,2026-09-28
1410.0,0,0,2026-10-01,2026-09-28
1420.0,0,0,2026-10-01,2026-09-28
1430.0,0,0,2026-10-01,2026-09-28
1440.0,0,0,2026-10-01,2026-09-28
1450.0,0,0,2026-10-01,2026-09-28
1460.0,0,0,2026-10-01,2026-09-28
1470.0,0,0,2026-10-01,2026-09-28
1480.0,0,0,2026-10-01,2026-09-28
1490.0,31,0,2026-10-01,2026-09-28
770.0,97,0,2026-10-02,2026-09-28
100.0,8,0,2026-10-03,2026-09-28
110.0,10,0,2026-10-03,2026-09-28
120.0,12,0,2026-10-03,2026-09-28
130.0,7,11,2026-10-03,2026-09-28
140.0,1,0,2026-10-03,2026-09-28
150.0,3,1053,2026-10-03,2026-09-28
160.0,1,0,2026-10-03,2026-09-28
170.0,8,0,2026-10-03,2026-09-28
180.0,2,1000,2026-10-03,2026-09-28
190.0,1,104,2026-10-03,2026-09-28
200.0,8,34,2026-10-03,2026-09-28
210.0,11,0,2026-10-03,2026-09-28
220.0,14,0,2026-10-03,2026-09-28
230.0,7,0,2026-10-03,2026-09-28
240.0,1,0,2026-10-03,2026-09-28
250.0,3,0,2026-10-03,2026-09-28
260.0,1,0,2026-10-03,2026-09-28
270.0,8,2,2026-10-03,2026-09-28
280.0,2,1,2026-10-03,2026-09-28
290.0,3,0,2026-10-03,2026-09-28
300.0,3,98,2026-10-03,2026-09-28
310.0,1,5,2026-10-03,2026-09-28
320.0,0,3,2026-10-03,2026-09-28
330.0,0,13,2026-10-03,2026-09-28
340.0,0,6,2026-10-03,2026-09-28
350.0,0,263,2026-10-03,2026-09-28
360.0,0,130,2026-10-03,2026-09-28
370.0,0,17,2026-10-03,2026-09-28
380.0,0,85,2026-10-03,2026-09-28
390.0,0,10,2026-10-03,2026-09-28
400.0,3,233,2026-10-03,2026-09-28
405.0,0,25,2026-10-03,2026-09-28
410.0,0,35,2026-10-03,2026-09-28
415.0,1,121,2026-10-03,2026-09-28
420.0,0,79,2026-10-03,2026-09-28
425.0,0,35,2026-10-03,2026-09-28
430.0,0,57,2026-10-03,2026-09-28
435.0,1,38,2026-10-03,2026-09-28
440.0,0,286,2026-10-03,2026-09-28
445.0,0,48,2026-10-03,2026-09-28
450.0,0,74,2026-10-03,2026-09-28
455.0,0,880,2026-10-03,2026-09-28
460.0,0,237,2026-10-03,2026-09-28
465.0,0,355,2026-10-03,2026-09-28
470.0,1,267,2026-10-03,2026-09-28
475.0,1,448,2026-10-03,2026-09-28
480.0,2,233,2026-10-03,2026-09-28
485.0,1,146,2026-10-03,2026-09-28
490.0,13,421,2026-10-03,2026-09-28
495.0,42,206,2026-10-03,2026-09-28
500.0,38,634,2026-10-03,2026-09-28
505.0,13,369,2026-10-03,2026-09-28
510.0,12,316,2026-10-03,2026-09-28
515.0,7,2004,2026-10-03,2026-09-28
520.0,0,133,2026-10-03,2026-09-28
520.0,59,376,2026-10-03,2026-09-28
525.0,15,419,2026-10-03,2026-09-28
530.0,62,553,2026-10-03,2026-09-28
535.0,15,238,2026-10-03,2026-09-28
540.0,3000,3019,2026-10-03,2026-09-28
540.0,79,2061,2026-10-03,2026-09-28
545.0,41,483,2026-10-03,2026-09-28
550.0,160,543,2026-10-03,2026-09-28
555.0,137,311,2026-10-03,2026-09-28
560.0,84,965,2026-10-03,2026-09-28
565.0,270,1028,2026-10-03,2026-09-28
570.0,358,375,2026-10-03,2026-09-28
572.5,1,28,2026-10-03,2026-09-28
575.0,191,236,2026-10-03,2026-09-28
577.5,1,2,2026-10-03,2026-09-28
580.0,235,540,2026-10-03,2026-09-28
582.5,2,56,2026-10-03,2026-09-28
585.0,145,479,2026-10-03,2026-09-28
587.5,0,60,2026-10-03,2026-09-28
590.0,263,490,2026-10-03,2026-09-28
592.5,1,38,2026-10-03,2026-09-28
595.0,787,246,2026-10-03,2026-09-28
597.5,3,38,2026-10-03,2026-09-28
600.0,6000,6000,2026-10-03,2026-09-28
600.0,496,5877,2026-10-03,2026-09-28
602.5,7,66,2026-10-03,2026-09-28
605.0,366,1369,2026-10-03,2026-09-28
607.5,20,97,2026-10-03,2026-09-28
610.0,205,367,2026-10-03,2026-09-28
612.5,29,35,2026-10-03,2026-09-28
615.0,1186,498,2026-10-03,2026-09-28
617.5,33,216,2026-10-03,2026-09-28
620.0,458,945,2026-10-03,2026-09-28
622.5,10,11,2026-10-03,2026-09-28
625.0,201,560,2026-10-03,2026-09-28
627.5,11,51,2026-10-03,2026-09-28
630.0,464,2303,2026-10-03,2026-09-28
632.5,63,140,2026-10-03,2026-09-28
635.0,206,817,2026-10-03,2026-09-28
637.5,23,98,2026-10-03,2026-09-28
640.0,532,864,2026-10-03,2026-09-28
642.5,6,115,2026-10-03,2026-09-28
645.0,133,0,2026-10-03,2026-09-28
645.0,424,388,2026-10-03,2026-09-28
647.5,54,96,2026-10-03,2026-09-28
650.0,1499,2391,2026-10-03,2026-09-28
652.5,16,1866,2026-10-03,2026-09-28
655.0,853,2045,2026-10-03,2026-09-28
657.5,15,66,2026-10-03,2026-09-28
660.0,986,834,2026-10-03,2026-09-28
662.5,69,122,2026-10-03,2026-09-28
665.0,338,294,2026-10-03,2026-09-28
667.5,183,68,2026-10-03,2026-09-28
670.0,4655,1608,2026-10-03,2026-09-28
672.5,66,378,2026-10-03,2026-09-28
675.0,524,1056,2026-10-03,2026-09-28
677.5,33,763,2026-10-03,2026-09-28
680.0,991,1231,2026-10-03,2026-09-28
682.5,49,191,2026-10-03,2026-09-28
685.0,322,516,2026-10-03,2026-09-28
687.5,16,482,2026-10-03,2026-09-28
690.0,1008,0,2026-10-03,2026-09-28
690.0,559,703,2026-10-03,2026-09-28
692.5,1009,165,2026-10-03,2026-09-28
695.0,411,527,2026-10-03,2026-09-28
697.5,65,331,2026-10-03,2026-09-28
700.0,1312,4249,2026-10-03,2026-09-28
702.5,45,170,2026-10-03,2026-09-28
705.0,253,377,2026-10-03,2026-09-28
707.5,30,194,2026-10-03,2026-09-28
710.0,1416,1178,2026-10-03,2026-09-28
712.5,143,227,2026-10-03,2026-09-28
715.0,757,1076,2026-10-03,2026-09-28
717.5,81,159,2026-10-03,2026-09-28
720.0,2200,2645,2026-10-03,2026-09-28
722.5,99,244,2026-10-03,2026-09-28
725.0,616,1184,2026-10-03,2026-09-28
727.5,89,338,2026-10-03,2026-09-28
730.0,873,2189,2026-10-03,2026-09-28
732.5,1083,262,2026-10-03,2026-09-28
735.0,697,685,2026-10-03,2026-09-28
737.5,202,206,2026-10-03,2026-09-28
740.0,3925,1736,2026-10-03,2026-09-28
742.5,144,161,2026-10-03,2026-09-28
745.0,2173,659,2026-10-03,2026-09-28
747.5,213,495,2026-10-03,2026-09-28
750.0,4119,1667,2026-10-03,2026-09-28
752.5,786,353,2026-10-03,2026-09-28
755.0,1753,560,2026-10-03,2026-09-28
757.5,874,425,2026-10-03,2026-09-28
760.0,1477,1898,2026-10-03,2026-09-28
765.0,2114,486,2026-10-03,2026-09-28
770.0,2775,479,2026-10-03,2026-09-28
775.0,1581,225,2026-10-03,2026-09-28
780.0,1234,196,2026-10-03,2026-09-28
785.0,2438,61,2026-10-03,2026-09-28
790.0,1568,139,2026-10-03,2026-09-28
795.0,481,77,2026-10-03,2026-09-28
800.0,15505,100,2026-10-03,2026-09-28
805.0,910,19,2026-10-03,2026-09-28
810.0,1635,11,2026-10-03,2026-09-28
815.0,1770,4,2026-10-03,2026-09-28
820.0,2598,33,2026-10-03,2026-09-28
825.0,776,5,2026-10-03,2026-09-28
830.0,966,27,2026-10-03,2026-09-28
835.0,344,5,2026-10-03,2026-09-28
840.0,528,2,2026-10-03,2026-09-28
845.0,228,2,2026-10-03,2026-09-28
850.0,1824,20,2026-10-03,2026-09-28
855.0,234,15,2026-10-03,2026-09-28
860.0,799,10,2026-10-03,2026-09-28
865.0,520,10,2026-10-03,2026-09-28
870.0,812,0,2026-10-03,2026-09-28
875.0,171,0,2026-10-03,2026-09-28
880.0,644,0,2026-10-03,2026-09-28
885.0,473,0,2026-10-03,2026-09-28
890.0,373,0,2026-10-03,2026-09-28
895.0,92,0,2026-10-03,2026-09-28
900.0,1562,0,2026-10-03,2026-09-28
905.0,218,0,2026-10-03,2026-09-28
910.0,121,0,2026-10-03,2026-09-28
915.0,92,0,2026-10-03,2026-09-28
920.0,1104,0,2026-10-03,2026-09-28
925.0,115,0,2026-10-03,2026-09-28
930.0,507,0,2026-10-03,2026-09-28
935.0,343,0,2026-10-03,2026-09-28
940.0,151,0,2026-10-03,2026-09-28
945.0,306,0,2026-10-03,2026-09-28
950.0,1153,0,2026-10-03,2026-09-28
955.0,827,0,2026-10-03,2026-09-28
960.0,187,0,2026-10-03,2026-09-28
965.0,129,0,2026-10-03,2026-09-28
970.0,297,0,2026-10-03,2026-09-28
975.0,740,0,2026-10-03,2026-09-28
980.0,111,0,2026-10-03,2026-09-28
985.0,123,0,2026-10-03,2026-09-28
990.0,281,0,2026-10-03,2026-09-28
995.0,154,0,2026-10-03,2026-09-28
1000.0,681,0,2026-10-03,2026-09-28
1010.0,142,0,2026-10-03,2026-09-28
1020.0,250,0,2026-10-03,2026-09-28
1030.0,173,0,2026-10-03,2026-09-28
1040.0,248,0,2026-10-03,2026-09-28
1050.0,149,0,2026-10-03,2026-09-28
1060.0,394,0,2026-10-03,2026-09-28
1070.0,73,0,2026-10-03,2026-09-28
1080.0,2,0,2026-10-03,2026-09-28
1090.0,0,0,2026-10-03,2026-09-28
1100.0,0,0,2026-10-03,2026-09-28
1110.0,0,0,2026-10-03,2026-09-28
1120.0,0,0,2026-10-03,2026-09-28
1130.0,0,0,2026-10-03,2026-09-28
1140.0,0,0,2026-10-03,2026-09-28
1150.0,0,0,2026-10-03,2026-09-28
1160.0,0,0,2026-10-03,2026-09-28
1170.0,0,0,2026-10-03,2026-09-28
1180.0,0,0,2026-10-03,2026-09-28
1190.0,0,0,2026-10-03,2026-09-28
1200.0,106,0,2026-10-03,2026-09-28
1210.0,0,0,2026-10-03,2026-09-28
1220.0,0,0,2026-10-03,2026-09-28
1230.0,1,0,2026-10-03,2026-09-28
1240.0,0,0,2026-10-03,2026-09-28
1250.0,0,0,2026-10-03,2026-09-28
1260.0,0,0,2026-10-03,2026-09-28
1270.0,0,0,2026-10-03,2026-09-28
1280.0,0,0,2026-10-03,2026-09-28
1290.0,0,0,2026-10-03,2026-09-28
1300.0,0,0,2026-10-03,2026-09-28
1310.0,0,0,2026-10-03,2026-09-28
1320.0,0,0,2026-10-03,2026-09-28
1330.0,0,0,2026-10-03,2026-09-28
1340.0,0,0,2026-10-03,2026-09-28
1350.0,0,0,2026-10-03,2026-09-28
1360.0,0,0,2026-10-03,2026-09-28
1370.0,0,0,2026-10-03,2026-09-28
1380.0,0,0,2026-10-03,2026-09-28
1390.0,0,0,2026-10-03,2026-09-28
1400.0,0,0,2026-10-03,2026-09-28
1410.0,0,0,2026-10-03,2026-09-28
1420.0,0,0,2026-10-03,2026-09-28
1430.0,0,0,2026-10-03,2026-09-28
1440.0,0,0,2026-10-03,2026-09-28
1450.0,0,0,2026-10-03,2026-09-28
1460.0,0,0,2026-10-03,2026-09-28
1470.0,0,0,2026-10-03,2026-09-28
1480.0,100,0,2026-10-03,2026-09-28
1490.0,21,0,2026-10-03,2026-09-28
510.0,0,0,2026-10-06,2026-09-28
515.0,0,9,2026-10-06,2026-09-28
520.0,0,1,2026-10-06,2026-09-28
525.0,0,0,2026-10-06,2026-09-28
530.0,0,11,2026-10-06,2026-09-28
535.0,0,0,2026-10-06,2026-09-28
540.0,0,6,2026-10-06,2026-09-28
545.0,0,0,2026-10-06,2026-09-28
550.0,0,0,2026-10-06,2026-09-28
555.0,0,0,2026-10-06,2026-09-28
560.0,0,0,2026-10-06,2026-09-28
565.0,0,0,2026-10-06,2026-09-28
570.0,0,7,2026-10-06,2026-09-28
575.0,0,0,2026-10-06,2026-09-28
580.0,0,10,2026-10-06,2026-09-28
585.0,0,0,2026-10-06,2026-09-28
590.0,0,8,2026-10-06,2026-09-28
595.0,0,1,2026-10-06,2026-09-28
600.0,50,10,2026-10-06,2026-09-28
605.0,0,2,2026-10-06,2026-09-28
610.0,2,0,2026-10-06,2026-09-28
615.0,2,2,2026-10-06,2026-09-28
620.0,0,8,2026-10-06,2026-09-28
625.0,1,12,2026-10-06,2026-09-28
630.0,1,19,2026-10-06,2026-09-28
635.0,2,8,2026-10-06,2026-09-28
637.5,0,23,2026-10-06,2026-09-28
640.0,0,36,2026-10-06,2026-09-28
642.5,5,7,2026-10-06,2026-09-28
645.0,4,9,2026-10-06,2026-09-28
647.5,5,8,2026-10-06,2026-09-28
650.0,5,48,2026-10-06,2026-09-28
652.5,5,4,2026-10-06,2026-09-28
655.0,2,47,2026-10-06,2026-09-28
657.5,8,7,2026-10-06,2026-09-28
660.0,1,30,2026-10-06,2026-09-28
662.5,0,6,2026-10-06,2026-09-28
665.0,0,12,2026-10-06,2026-09-28
667.5,1,17,2026-10-06,2026-09-28
670.0,6,35,2026-10-06,2026-09-28
672.5,0,11,2026-10-06,2026-09-28
675.0,1,88,2026-10-06,2026-09-28
677.5,0,4,2026-10-06,2026-09-28
680.0,6,57,2026-10-06,2026-09-28
682.5,14,85,2026-10-06,2026-09-28
685.0,5,46,2026-10-06,2026-09-28
687.5,0,44,2026-10-06,2026-09-28
690.0,6,96,2026-10-06,2026-09-28
692.5,2,25,2026-10-06,2026-09-28
695.0,4,66,2026-10-06,2026-09-28
697.5,0,3,2026-10-06,2026-09-28
700.0,38,449,2026-10-06,2026-09-28
702.5,0,35,2026-10-06,2026-09-28
705.0,2,63,2026-10-06,2026-09-28
707.5,1,52,2026-10-06,2026-09-28
710.0,41,99,2026-10-06,2026-09-28
712.5,0,12,2026-10-06,2026-09-28
715.0,6,68,2026-10-06,2026-09-28
717.5,15,66,2026-10-06,2026-09-28
720.0,1670,285,2026-10-06,2026-09-28
722.5,2,9,2026-10-06,2026-09-28
725.0,17,153,2026-10-06,2026-09-28
727.5,5,41,2026-10-06,2026-09-28
730.0,342,421,2026-10-06,2026-09-28
732.5,1,34,2026-10-06,2026-09-28
735.0,168,192,2026-10-06,2026-09-28
737.5,23,66,2026-10-06,2026-09-28
740.0,2649,75,2026-10-06,2026-09-28
742.5,47,38,2026-10-06,2026-09-28
745.0,1655,149,2026-10-06,2026-09-28
747.5,133,233,2026-10-06,2026-09-28
750.0,333,271,2026-10-06,2026-09-28
755.0,199,104,2026-10-06,2026-09-28
760.0,202,49,2026-10-06,2026-09-28
765.0,141,205,2026-10-06,2026-09-28
770.0,177,51,2026-10-06,2026-09-28
775.0,207,74,2026-10-06,2026-09-28
780.0,141,19,2026-10-06,2026-09-28
785.0,67,7,2026-10-06,2026-09-28
790.0,55,7,2026-10-06,2026-09-28
795.0,32,1,2026-10-06,2026-09-28
800.0,372,1,2026-10-06,2026-09-28
805.0,46,11,2026-10-06,2026-09-28
810.0,22,0,2026-10-06,2026-09-28
815.0,29,0,2026-10-06,2026-09-28
820.0,37,15,2026-10-06,2026-09-28
825.0,26,0,2026-10-06,2026-09-28
830.0,30,0,2026-10-06,2026-09-28
835.0,33,1,2026-10-06,2026-09-28
840.0,30,0,2026-10-06,2026-09-28
845.0,60,0,2026-10-06,2026-09-28
850.0,120,1,2026-10-06,2026-09-28
855.0,14,0,2026-10-06,2026-09-28
860.0,25,1,2026-10-06,2026-09-28
865.0,25,0,2026-10-06,2026-09-28
870.0,55,0,2026-10-06,2026-09-28
875.0,31,0,2026-10-06,2026-09-28
880.0,47,0,2026-10-06,2026-09-28
885.0,149,0,2026-10-06,2026-09-28
890.0,7,0,2026-10-06,2026-09-28
895.0,21,0,2026-10-06,2026-09-28
900.0,56,0,2026-10-06,2026-09-28
905.0,0,0,2026-10-06,2026-09-28
910.0,80,0,2026-10-06,2026-09-28
915.0,16,0,2026-10-06,2026-09-28
920.0,11,0,2026-10-06,2026-09-28
925.0,12,0,2026-10-06,2026-09-28
930.0,11,0,2026-10-06,2026-09-28
935.0,6,0,2026-10-06,2026-09-28
940.0,9,0,2026-10-06,2026-09-28
945.0,0,0,2026-10-06,2026-09-28
950.0,4,0,2026-10-06,2026-09-28
955.0,1,0,2026-10-06,2026-09-28
960.0,0,0,2026-10-06,2026-09-28
965.0,0,0,2026-10-06,2026-09-28
970.0,0,0,2026-10-06,2026-09-28
975.0,2,0,2026-10-06,2026-09-28
980.0,0,0,2026-10-06,2026-09-28
985.0,0,0,2026-10-06,2026-09-28
990.0,0,0,2026-10-06,2026-09-28
1000.0,84,0,2026-10-06,2026-09-28
1010.0,0,0,2026-10-06,2026-09-28
1020.0,0,0,2026-10-06,2026-09-28
1030.0,0,0,2026-10-06,2026-09-28
1040.0,0,0,2026-10-06,2026-09-28
1050.0,1,0,2026-10-06,2026-09-28
1060.0,0,0,2026-10-06,2026-09-28
1070.0,1,0,2026-10-06,2026-09-28
1080.0,0,0,2026-10-06,2026-09-28
1090.0,0,0,2026-10-06,2026-09-28
1100.0,0,0,2026-10-06,2026-09-28
1110.0,0,0,2026-10-06,2026-09-28
1120.0,0,0,2026-10-06,2026-09-28
1130.0,0,0,2026-10-06,2026-09-28
1140.0,0,0,2026-10-06,2026-09-28
1150.0,0,0,2026-10-06,2026-09-28
1160.0,0,0,2026-10-06,2026-09-28
1170.0,0,0,2026-10-06,2026-09-28
1180.0,0,0,2026-10-06,2026-09-28
1190.0,0,0,2026-10-06,2026-09-28
1200.0,0,0,2026-10-06,2026-09-28
1210.0,0,0,2026-10-06,2026-09-28
1220.0,0,0,2026-10-06,2026-09-28
1230.0,0,0,2026-10-06,2026-09-28
1240.0,0,0,2026-10-06,2026-09-28
1250.0,0,0,2026-10-06,2026-09-28
1260.0,0,0,2026-10-06,2026-09-28
1270.0,0,0,2026-10-06,2026-09-28
1280.0,0,0,2026-10-06,2026-09-28
1290.0,0,0,2026-10-06,2026-09-28
1300.0,0,0,2026-10-06,2026-09-28
1310.0,0,0,2026-10-06,2026-09-28
1320.0,0,0,2026-10-06,2026-09-28
1330.0,0,0,2026-10-06,2026-09-28
1340.0,0,0,2026-10-06,2026-09-28
1350.0,0,0,2026-10-06,2026-09-28
1360.0,0,0,2026-10-06,2026-09-28
1370.0,0,0,2026-10-06,2026-09-28
1380.0,0,0,2026-10-06,2026-09-28
1390.0,0,0,2026-10-06,2026-09-28
1400.0,0,0,2026-10-06,2026-09-28
1410.0,0,0,2026-10-06,2026-09-28
1420.0,0,0,2026-10-06,2026-09-28
1430.0,0,0,2026-10-06,2026-09-28
1440.0,0,0,2026-10-06,2026-09-28
1450.0,0,0,2026-10-06,2026-09-28
1460.0,0,0,2026-10-06,2026-09-28
1470.0,0,0,2026-10-06,2026-09-28
1480.0,0,0,2026-10-06,2026-09-28
1490.0,0,0,2026-10-06,2026-09-28
510.0,0,0,2026-10-08,2026-09-28
515.0,0,0,2026-10-08,2026-09-28
520.0,0,0,2026-10-08,2026-09-28
525.0,0,0,2026-10-08,2026-09-28
530.0,0,0,2026-10-08,2026-09-28
535.0,0,0,2026-10-08,2026-09-28
540.0,0,0,2026-10-08,2026-09-28
545.0,0,0,2026-10-08,2026-09-28
550.0,0,0,2026-10-08,2026-09-28
555.0,0,0,2026-10-08,2026-09-28
560.0,0,0,2026-10-08,2026-09-28
565.0,0,0,2026-10-08,2026-09-28
570.0,0,0,2026-10-08,2026-09-28
575.0,0,0,2026-10-08,2026-09-28
580.0,0,0,2026-10-08,2026-09-28
585.0,0,0,2026-10-08,2026-09-28
590.0,0,0,2026-10-08,2026-09-28
595.0,0,0,2026-10-08,2026-09-28
600.0,0,0,2026-10-08,2026-09-28
605.0,0,0,2026-10-08,2026-09-28
610.0,0,0,2026-10-08,2026-09-28
615.0,0,0,2026-10-08,2026-09-28
620.0,0,0,2026-10-08,2026-09-28
625.0,0,0,2026-10-08,2026-09-28
630.0,0,0,2026-10-08,2026-09-28
635.0,0,0,2026-10-08,2026-09-28
640.0,0,0,2026-10-08,2026-09-28
645.0,0,0,2026-10-08,2026-09-28
650.0,1,12,2026-10-08,2026-09-28
655.0,0,10,2026-10-08,2026-09-28
660.0,1,0,2026-10-08,2026-09-28
665.0,1,0,2026-10-08,2026-09-28
670.0,0,10,2026-10-08,2026-09-28
675.0,0,0,2026-10-08,2026-09-28
680.0,5,32,2026-10-08,2026-09-28
685.0,0,2,2026-10-08,2026-09-28
690.0,18,2,2026-10-08,2026-09-28
695.0,0,18,2026-10-08,2026-09-28
700.0,2,88,2026-10-08,2026-09-28
705.0,3,7,2026-10-08,2026-09-28
710.0,3,14,2026-10-08,2026-09-28
715.0,1,18,2026-10-08,2026-09-28
720.0,24,18,2026-10-08,2026-09-28
722.5,0,0,2026-10-08,2026-09-28
725.0,1,4,2026-10-08,2026-09-28
727.5,0,0,2026-10-08,2026-09-28
730.0,1,6,2026-10-08,2026-09-28
732.5,1,0,2026-10-08,2026-09-28
735.0,8,1,2026-10-08,2026-09-28
737.5,0,20,2026-10-08,2026-09-28
740.0,25,43,2026-10-08,2026-09-28
742.5,0,17,2026-10-08,2026-09-28
745.0,13,5,2026-10-08,2026-09-28
747.5,6,1,2026-10-08,2026-09-28
750.0,44,35,2026-10-08,2026-09-28
755.0,30,13,2026-10-08,2026-09-28
760.0,13,10,2026-10-08,2026-09-28
765.0,31,25,2026-10-08,2026-09-28
770.0,48,14,2026-10-08,2026-09-28
775.0,19,8,2026-10-08,2026-09-28
780.0,22,15,2026-10-08,2026-09-28
785.0,10,0,2026-10-08,2026-09-28
790.0,8,2,2026-10-08,2026-09-28
795.0,2,0,2026-10-08,2026-09-28
800.0,106,19,2026-10-08,2026-09-28
805.0,13,0,2026-10-08,2026-09-28
810.0,9,0,2026-10-08,2026-09-28
815.0,0,0,2026-10-08,2026-09-28
820.0,6,0,2026-10-08,2026-09-28
825.0,3,0,2026-10-08,2026-09-28
830.0,1,0,2026-10-08,2026-09-28
835.0,0,0,2026-10-08,2026-09-28
840.0,213,0,2026-10-08,2026-09-28
845.0,0,0,2026-10-08,2026-09-28
850.0,42,0,2026-10-08,2026-09-28
855.0,0,0,2026-10-08,2026-09-28
860.0,0,1,2026-10-08,2026-09-28
865.0,0,0,2026-10-08,2026-09-28
870.0,1,0,2026-10-08,2026-09-28
875.0,0,0,2026-10-08,2026-09-28
880.0,18,0,2026-10-08,2026-09-28
885.0,0,0,2026-10-08,2026-09-28
890.0,0,0,2026-10-08,2026-09-28
895.0,0,0,2026-10-08,2026-09-28
900.0,0,0,2026-10-08,2026-09-28
905.0,0,0,2026-10-08,2026-09-28
910.0,0,0,2026-10-08,2026-09-28
915.0,0,0,2026-10-08,2026-09-28
920.0,0,0,2026-10-08,2026-09-28
925.0,0,0,2026-10-08,2026-09-28
930.0,0,0,2026-10-08,2026-09-28
935.0,0,0,2026-10-08,2026-09-28
940.0,0,0,2026-10-08,2026-09-28
945.0,0,0,2026-10-08,2026-09-28
950.0,0,0,2026-10-08,2026-09-28
955.0,0,0,2026-10-08,2026-09-28
960.0,0,0,2026-10-08,2026-09-28
965.0,0,0,2026-10-08,2026-09-28
970.0,0,0,2026-10-08,2026-09-28
975.0,0,0,2026-10-08,2026-09-28
980.0,0,0,2026-10-08,2026-09-28
985.0,0,0,2026-10-08,2026-09-28
990.0,0,0,2026-10-08,2026-09-28
1000.0,0,0,2026-10-08,2026-09-28
1010.0,0,0,2026-10-08,2026-09-28
1020.0,0,0,2026-10-08,2026-09-28
1030.0,0,0,2026-10-08,2026-09-28
1040.0,0,0,2026-10-08,2026-09-28
1050.0,0,0,2026-10-08,2026-09-28
1060.0,0,0,2026-10-08,2026-09-28
1070.0,0,0,2026-10-08,2026-09-28
1080.0,0,0,2026-10-08,2026-09-28
1090.0,0,0,2026-10-08,2026-09-28
1100.0,0,0,2026-10-08,2026-09-28
1110.0,0,0,2026-10-08,2026-09-28
1120.0,0,0,2026-10-08,2026-09-28
1130.0,0,0,2026-10-08,2026-09-28
1140.0,0,0,2026-10-08,2026-09-28
1150.0,0,0,2026-10-08,2026-09-28
1160.0,0,0,2026-10-08,2026-09-28
1170.0,0,0,2026-10-08,2026-09-28
1180.0,0,0,2026-10-08,2026-09-28
1190.0,0,0,2026-10-08,2026-09-28
1200.0,0,0,2026-10-08,2026-09-28
1210.0,0,0,2026-10-08,2026-09-28
1220.0,0,0,2026-10-08,2026-09-28
1230.0,0,0,2026-10-08,2026-09-28
1240.0,0,0,2026-10-08,2026-09-28
1250.0,0,0,2026-10-08,2026-09-28
1260.0,0,0,2026-10-08,2026-09-28
1270.0,0,0,2026-10-08,2026-09-28
1280.0,0,0,2026-10-08,2026-09-28
1290.0,0,0,2026-10-08,2026-09-28
1300.0,0,0,2026-10-08,2026-09-28
1310.0,0,0,2026-10-08,2026-09-28
1320.0,0,0,2026-10-08,2026-09-28
1330.0,0,0,2026-10-08,2026-09-28
1340.0,0,0,2026-10-08,2026-09-28
1350.0,0,0,2026-10-08,2026-09-28
1360.0,0,0,2026-10-08,2026-09-28
1370.0,0,0,2026-10-08,2026-09-28
1380.0,0,0,2026-10-08,2026-09-28
1390.0,0,0,2026-10-08,2026-09-28
1400.0,0,0,2026-10-08,2026-09-28
1410.0,0,0,2026-10-08,2026-09-28
1420.0,0,0,2026-10-08,2026-09-28
1430.0,0,0,2026-10-08,2026-09-28
1440.0,0,0,2026-10-08,2026-09-28
1450.0,0,0,2026-10-08,2026-09-28
1460.0,0,0,2026-10-08,2026-09-28
1470.0,0,0,2026-10-08,2026-09-28
1480.0,0,0,2026-10-08,2026-09-28
1490.0,0,0,2026-10-08,2026-09-28
691.68,2,0,2026-10-09,2026-09-28
100.0,0,1,2026-10-10,2026-09-28
110.0,0,0,2026-10-10,2026-09-28
120.0,0,0,2026-10-10,2026-09-28
130.0,0,0,2026-10-10,2026-09-28
140.0,0,0,2026-10-10,2026-09-28
150.0,0,0,2026-10-10,2026-09-28
160.0,0,0,2026-10-10,2026-09-28
170.0,0,0,2026-10-10,2026-09-28
180.0,0,0,2026-10-10,2026-09-28
190.0,0,0,2026-10-10,2026-09-28
200.0,0,0,2026-10-10,2026-09-28
210.0,0,0,2026-10-10,2026-09-28
220.0,0,0,2026-10-10,2026-09-28
230.0,0,0,2026-10-10,2026-09-28
240.0,7,0,2026-10-10,2026-09-28
250.0,0,0,2026-10-10,2026-09-28
260.0,1,17,2026-10-10,2026-09-28
270.0,0,3,2026-10-10,2026-09-28
280.0,0,3,2026-10-10,2026-09-28
290.0,0,0,2026-10-10,2026-09-28
300.0,0,15,2026-10-10,2026-09-28
310.0,0,4,2026-10-10,2026-09-28
320.0,0,1,2026-10-10,2026-09-28
330.0,0,1,2026-10-10,2026-09-28
340.0,0,7,2026-10-10,2026-09-28
350.0,0,13,2026-10-10,2026-09-28
360.0,0,9,2026-10-10,2026-09-28
370.0,0,24,2026-10-10,2026-09-28
380.0,0,7,2026-10-10,2026-09-28
390.0,0,6,2026-10-10,2026-09-28
400.0,2,22,2026-10-10,2026-09-28
405.0,0,12,2026-10-10,2026-09-28
410.0,0,11,2026-10-10,2026-09-28
415.0,0,13,2026-10-10,2026-09-28
420.0,0,9,2026-10-10,2026-09-28
425.0,0,15,2026-10-10,2026-09-28
430.0,0,17,2026-10-10,2026-09-28
435.0,0,114,2026-10-10,2026-09-28
440.0,0,53,2026-10-10,2026-09-28
445.0,0,34,2026-10-10,2026-09-28
450.0,0,17,2026-10-10,2026-09-28
455.0,0,7,2026-10-10,2026-09-28
460.0,0,23,2026-10-10,2026-09-28
465.0,0,110,2026-10-10,2026-09-28
470.0,0,39,2026-10-10,2026-09-28
475.0,0,19,2026-10-10,2026-09-28
480.0,0,301,2026-10-10,2026-09-28
485.0,0,265,2026-10-10,2026-09-28
490.0,2,291,2026-10-10,2026-09-28
495.0,0,47,2026-10-10,2026-09-28
500.0,3,1431,2026-10-10,2026-09-28
505.0,0,60,2026-10-10,2026-09-28
510.0,1,159,2026-10-10,2026-09-28
515.0,0,1155,2026-10-10,2026-09-28
520.0,1,91,2026-10-10,2026-09-28
525.0,5,85,2026-10-10,2026-09-28
530.0,1,103,2026-10-10,2026-09-28
535.0,2,71,2026-10-10,2026-09-28
540.0,2,139,2026-10-10,2026-09-28
545.0,13,218,2026-10-10,2026-09-28
550.0,30,346,2026-10-10,2026-09-28
555.0,85,57,2026-10-10,2026-09-28
560.0,21,84,2026-10-10,2026-09-28
565.0,29,3646,2026-10-10,2026-09-28
570.0,77,198,2026-10-10,2026-09-28
575.0,97,93,2026-10-10,2026-09-28
580.0,76,238,2026-10-10,2026-09-28
585.0,90,130,2026-10-10,2026-09-28
590.0,28,191,2026-10-10,2026-09-28
595.0,26,376,2026-10-10,2026-09-28
600.0,5000,5000,2026-10-10,2026-09-28
600.0,43,599,2026-10-10,2026-09-28
605.0,89,371,2026-10-10,2026-09-28
605.34,197,197,2026-10-10,2026-09-28
610.0,111,230,2026-10-10,2026-09-28
615.0,337,107,2026-10-10,2026-09-28
620.0,117,216,2026-10-10,2026-09-28
625.0,45,443,2026-10-10,2026-09-28
630.0,260,159,2026-10-10,2026-09-28
635.0,65,233,2026-10-10,2026-09-28
640.0,210,317,2026-10-10,2026-09-28
645.0,127,504,2026-10-10,2026-09-28
650.0,236,461,2026-10-10,2026-09-28
655.0,137,208,2026-10-10,2026-09-28
657.5,1,21,2026-10-10,2026-09-28
660.0,350,245,2026-10-10,2026-09-28
662.5,7,24,2026-10-10,2026-09-28
665.0,747,214,2026-10-10,2026-09-28
667.5,0,7,2026-10-10,2026-09-28
670.0,437,238,2026-10-10,2026-09-28
672.5,15,46,2026-10-10,2026-09-28
675.0,320,233,2026-10-10,2026-09-28
677.5,8,241,2026-10-10,2026-09-28
680.0,8900,8900,2026-10-10,2026-09-28
680.0,281,409,2026-10-10,2026-09-28
682.5,26,54,2026-10-10,2026-09-28
685.0,418,95,2026-10-10,2026-09-28
687.5,14,122,2026-10-10,2026-09-28
690.0,208,271,2026-10-10,2026-09-28
692.5,11,43,2026-10-10,2026-09-28
695.0,191,107,2026-10-10,2026-09-28
697.5,15,102,2026-10-10,2026-09-28
700.0,5000,5000,2026-10-10,2026-09-28
700.0,560,890,2026-10-10,2026-09-28
702.5,46,337,2026-10-10,2026-09-28
705.0,144,235,2026-10-10,2026-09-28
710.0,5000,5000,2026-10-10,2026-09-28
710.0,201,481,2026-10-10,2026-09-28
715.0,350,184,2026-10-10,2026-09-28
720.0,471,318,2026-10-10,2026-09-28
725.0,331,179,2026-10-10,2026-09-28
730.0,314,725,2026-10-10,2026-09-28
735.0,176,147,2026-10-10,2026-09-28
737.5,3,18,2026-10-10,2026-09-28
740.0,442,312,2026-10-10,2026-09-28
742.5,50,2,2026-10-10,2026-09-28
745.0,160,119,2026-10-10,2026-09-28
747.5,23,66,2026-10-10,2026-09-28
750.0,2462,2367,2026-10-10,2026-09-28
752.5,63,65,2026-10-10,2026-09-28
755.0,907,1293,2026-10-10,2026-09-28
757.5,58,97,2026-10-10,2026-09-28
760.0,578,156,2026-10-10,2026-09-28
765.0,470,181,2026-10-10,2026-09-28
770.0,3380,3000,2026-10-10,2026-09-28
770.0,559,143,2026-10-10,2026-09-28
775.0,314,133,2026-10-10,2026-09-28
780.0,721,113,2026-10-10,2026-09-28
785.0,400,13,2026-10-10,2026-09-28
790.0,334,11,2026-10-10,2026-09-28
795.0,324,15,2026-10-10,2026-09-28
800.0,8000,8000,2026-10-10,2026-09-28
800.0,917,17,2026-10-10,2026-09-28
805.0,189,23,2026-10-10,2026-09-28
810.0,259,2,2026-10-10,2026-09-28
815.0,109,1,2026-10-10,2026-09-28
820.0,350,5,2026-10-10,2026-09-28
825.0,201,0,2026-10-10,2026-09-28
830.0,116,2,2026-10-10,2026-09-28
835.0,169,0,2026-10-10,2026-09-28
840.0,736,0,2026-10-10,2026-09-28
845.0,230,0,2026-10-10,2026-09-28
850.0,515,1,2026-10-10,2026-09-28
855.0,91,1,2026-10-10,2026-09-28
860.0,124,0,2026-10-10,2026-09-28
865.0,204,0,2026-10-10,2026-09-28
870.0,96,2,2026-10-10,2026-09-28
875.0,39,0,2026-10-10,2026-09-28
880.0,558,0,2026-10-10,2026-09-28
885.0,52,0,2026-10-10,2026-09-28
890.0,69,1,2026-10-10,2026-09-28
895.0,105,0,2026-10-10,2026-09-28
900.0,1171,0,2026-10-10,2026-09-28
905.0,54,0,2026-10-10,2026-09-28
910.0,166,0,2026-10-10,2026-09-28
915.0,319,0,2026-10-10,2026-09-28
920.0,59,0,2026-10-10,2026-09-28
925.0,134,0,2026-10-10,2026-09-28
930.0,41,0,2026-10-10,2026-09-28
935.0,159,0,2026-10-10,2026-09-28
940.0,44,0,2026-10-10,2026-09-28
945.0,33,0,2026-10-10,2026-09-28
950.0,174,0,2026-10-10,2026-09-28
955.0,121,0,2026-10-10,2026-09-28
960.0,349,0,2026-10-10,2026-09-28
965.0,75,0,2026-10-10,2026-09-28
970.0,52,0,2026-10-10,2026-09-28
975.0,39,0,2026-10-10,2026-09-28
980.0,35,0,2026-10-10,2026-09-28
985.0,41,0,2026-10-10,2026-09-28
990.0,53,0,2026-10-10,2026-09-28
995.0,29,0,2026-10-10,2026-09-28
1000.0,530,0,2026-10-10,2026-09-28
1010.0,130,0,2026-10-10,2026-09-28
1020.0,136,0,2026-10-10,2026-09-28
1030.0,114,0,2026-10-10,2026-09-28
1040.0,131,0,2026-10-10,2026-09-28
1050.0,122,0,2026-10-10,2026-09-28
1060.0,211,0,2026-10-10,2026-09-28
1070.0,211,0,2026-10-10,2026-09-28
1080.0,0,0,2026-10-10,2026-09-28
1090.0,0,0,2026-10-10,2026-09-28
1100.0,0,0,2026-10-10,2026-09-28
1110.0,0,0,2026-10-10,2026-09-28
1120.0,0,0,2026-10-10,2026-09-28
1130.0,0,0,2026-10-10,2026-09-28
1140.0,0,0,2026-10-10,2026-09-28
1150.0,0,0,2026-10-10,2026-09-28
1160.0,0,0,2026-10-10,2026-09-28
1170.0,0,0,2026-10-10,2026-09-28
1180.0,0,0,2026-10-10,2026-09-28
1190.0,0,0,2026-10-10,2026-09-28
1200.0,0,0,2026-10-10,2026-09-28
1210.0,0,0,2026-10-10,2026-09-28
1220.0,0,0,2026-10-10,2026-09-28
1230.0,0,0,2026-10-10,2026-09-28
1240.0,0,0,2026-10-10,2026-09-28
1250.0,0,0,2026-10-10,2026-09-28
1260.0,0,0,2026-10-10,2026-09-28
1270.0,0,0,2026-10-10,2026-09-28
1280.0,0,0,2026-10-10,2026-09-28
1290.0,0,0,2026-10-10,2026-09-28
1300.0,0,0,2026-10-10,2026-09-28
1310.0,0,0,2026-10-10,2026-09-28
1320.0,0,0,2026-10-10,2026-09-28
1330.0,0,0,2026-10-10,2026-09-28
1340.0,0,0,2026-10-10,2026-09-28
1350.0,0,0,2026-10-10,2026-09-28
1360.0,0,0,2026-10-10,2026-09-28
1370.0,0,0,2026-10-10,2026-09-28
1380.0,0,0,2026-10-10,2026-09-28
1390.0,0,0,2026-10-10,2026-09-28
1400.0,0,0,2026-10-10,2026-09-28
1410.0,0,0,2026-10-10,2026-09-28
1420.0,0,0,2026-10-10,2026-09-28
1430.0,0,0,2026-10-10,2026-09-28
1440.0,0,0,2026-10-10,2026-09-28
1450.0,0,0,2026-10-10,2026-09-28
1460.0,0,0,2026-10-10,2026-09-28
1470.0,0,0,2026-10-10,2026-09-28
1480.0,0,0,2026-10-10,2026-09-28
1490.0,0,0,2026-10-10,2026-09-28
270.0,1302,428,2026-10-17,2026-09-28
280.0,2,650,2026-10-17,2026-09-28
290.0,0,1525,2026-10-17,2026-09-28
300.0,305,1713,2026-10-17,2026-09-28
310.0,2,965,2026-10-17,2026-09-28
320.0,7,270,2026-10-17,2026-09-28
330.0,1,827,2026-10-17,2026-09-28
340.0,1,369,2026-10-17,2026-09-28
350.0,10,541,2026-10-17,2026-09-28
360.0,0,301,2026-10-17,2026-09-28
370.0,3,268,2026-10-17,2026-09-28
380.0,16,291,2026-10-17,2026-09-28
390.0,3,446,2026-10-17,2026-09-28
400.0,18,1453,2026-10-17,2026-09-28
405.0,0,72,2026-10-17,2026-09-28
410.0,15,1179,2026-10-17,2026-09-28
415.0,7,232,2026-10-17,2026-09-28
420.0,6,361,2026-10-17,2026-09-28
425.0,1,188,2026-10-17,2026-09-28
430.0,21,535,2026-10-17,2026-09-28
435.0,24,278,2026-10-17,2026-09-28
440.0,29,763,2026-10-17,2026-09-28
445.0,25,105,2026-10-17,2026-09-28
450.0,601,3135,2026-10-17,2026-09-28
455.0,34,660,2026-10-17,2026-09-28
460.0,20,1130,2026-10-17,2026-09-28
465.0,15,641,2026-10-17,2026-09-28
470.0,23,1775,2026-10-17,2026-09-28
475.0,9,592,2026-10-17,2026-09-28
480.0,160,2649,2026-10-17,2026-09-28
485.0,27,1998,2026-10-17,2026-09-28
490.0,65,1429,2026-10-17,2026-09-28
495.0,41,595,2026-10-17,2026-09-28
500.0,500,4558,2026-10-17,2026-09-28
505.0,30,913,2026-10-17,2026-09-28
510.0,50,1659,2026-10-17,2026-09-28
515.0,121,1706,2026-10-17,2026-09-28
520.0,393,2113,2026-10-17,2026-09-28
525.0,164,1723,2026-10-17,2026-09-28
530.0,260,1903,2026-10-17,2026-09-28
535.0,536,660,2026-10-17,2026-09-28
540.0,376,4271,2026-10-17,2026-09-28
545.0,225,703,2026-10-17,2026-09-28
550.0,6000,6000,2026-10-17,2026-09-28
550.0,2635,5783,2026-10-17,2026-09-28
555.0,349,558,2026-10-17,2026-09-28
560.0,1117,2411,2026-10-17,2026-09-28
565.0,607,656,2026-10-17,2026-09-28
570.0,2174,2416,2026-10-17,2026-09-28
570.01,2035,2035,2026-10-17,2026-09-28
575.0,1836,732,2026-10-17,2026-09-28
580.0,500,500,2026-10-17,2026-09-28
580.0,1626,3780,2026-10-17,2026-09-28
585.0,3953,3242,2026-10-17,2026-09-28
590.0,1782,1820,2026-10-17,2026-09-28
595.0,4870,4870,2026-10-17,2026-09-28
595.0,688,655,2026-10-17,2026-09-28
600.0,2543,2495,2026-10-17,2026-09-28
600.0,7554,6685,2026-10-17,2026-09-28
605.0,799,728,2026-10-17,2026-09-28
610.0,1384,2028,2026-10-17,2026-09-28
615.0,1096,1316,2026-10-17,2026-09-28
620.0,3873,2219,2026-10-17,2026-09-28
625.0,1116,1485,2026-10-17,2026-09-28
630.0,3162,1454,2026-10-17,2026-09-28
635.0,726,732,2026-10-17,2026-09-28
640.0,48,0,2026-10-17,2026-09-28
640.0,4209,3256,2026-10-17,2026-09-28
645.0,994,1516,2026-10-17,2026-09-28
650.0,0,0,2026-10-17,2026-09-28
650.0,7601,3161,2026-10-17,2026-09-28
655.0,1561,826,2026-10-17,2026-09-28
657.5,33,147,2026-10-17,2026-09-28
660.0,2439,2278,2026-10-17,2026-09-28
662.5,15,160,2026-10-17,2026-09-28
665.0,250,250,2026-10-17,2026-09-28
665.0,1202,695,2026-10-17,2026-09-28
667.5,28,185,2026-10-17,2026-09-28
670.0,5500,5500,2026-10-17,2026-09-28
670.0,3244,2991,2026-10-17,2026-09-28
672.5,20,116,2026-10-17,2026-09-28
675.0,4800,4800,2026-10-17,2026-09-28
675.0,3043,1549,2026-10-17,2026-09-28
677.5,29,180,2026-10-17,2026-09-28
680.0,2,0,2026-10-17,2026-09-28
680.0,4868,2133,2026-10-17,2026-09-28
682.5,75,187,2026-10-17,2026-09-28
685.0,1162,1674,2026-10-17,2026-09-28
687.5,47,253,2026-10-17,2026-09-28
690.0,3119,980,2026-10-17,2026-09-28
692.5,82,274,2026-10-17,2026-09-28
695.0,2760,815,2026-10-17,2026-09-28
697.5,251,226,2026-10-17,2026-09-28
700.0,2942,2930,2026-10-17,2026-09-28
700.0,22924,6980,2026-10-17,2026-09-28
702.5,96,339,2026-10-17,2026-09-28
705.0,1729,602,2026-10-17,2026-09-28
710.0,6521,1090,2026-10-17,2026-09-28
715.0,1423,914,2026-10-17,2026-09-28
720.0,3,0,2026-10-17,2026-09-28
720.0,4461,1254,2026-10-17,2026-09-28
725.0,3429,1106,2026-10-17,2026-09-28
730.0,4466,789,2026-10-17,2026-09-28
730.12,109,0,2026-10-17,2026-09-28
735.0,36,0,2026-10-17,2026-09-28
735.0,2055,656,2026-10-17,2026-09-28
740.0,600,600,2026-10-17,2026-09-28
740.0,4313,2434,2026-10-17,2026-09-28
745.0,2668,2668,2026-10-17,2026-09-28
745.0,809,923,2026-10-17,2026-09-28
750.0,16379,3168,2026-10-17,2026-09-28
755.0,662,662,2026-10-17,2026-09-28
755.0,3482,443,2026-10-17,2026-09-28
760.0,6493,2499,2026-10-17,2026-09-28
765.0,9950,1987,2026-10-17,2026-09-28
770.0,5829,532,2026-10-17,2026-09-28
775.0,10196,482,2026-10-17,2026-09-28
780.0,6516,508,2026-10-17,2026-09-28
785.0,1108,136,2026-10-17,2026-09-28
790.0,3,0,2026-10-17,2026-09-28
790.0,2157,423,2026-10-17,2026-09-28
795.0,571,158,2026-10-17,2026-09-28
800.0,7,0,2026-10-17,2026-09-28
800.0,16453,758,2026-10-17,2026-09-28
805.0,3334,89,2026-10-17,2026-09-28
810.0,3684,91,2026-10-17,2026-09-28
815.0,5703,69,2026-10-17,2026-09-28
820.0,9594,93,2026-10-17,2026-09-28
825.0,20668,54,2026-10-17,2026-09-28
830.0,7066,47,2026-10-17,2026-09-28
835.0,2105,104,2026-10-17,2026-09-28
840.0,1272,132,2026-10-17,2026-09-28
845.0,275,2,2026-10-17,2026-09-28
850.0,4553,5,2026-10-17,2026-09-28
855.0,406,3,2026-10-17,2026-09-28
860.0,3669,1,2026-10-17,2026-09-28
865.0,454,1,2026-10-17,2026-09-28
870.0,1502,0,2026-10-17,2026-09-28
875.0,639,14,2026-10-17,2026-09-28
880.0,679,1,2026-10-17,2026-09-28
885.0,677,0,2026-10-17,2026-09-28
890.0,424,0,2026-10-17,2026-09-28
895.0,207,0,2026-10-17,2026-09-28
900.0,18802,157,2026-10-17,2026-09-28
905.0,442,0,2026-10-17,2026-09-28
910.0,4127,8,2026-10-17,2026-09-28
915.0,507,24,2026-10-17,2026-09-28
920.0,413,5,2026-10-17,2026-09-28
925.0,191,0,2026-10-17,2026-09-28
930.0,516,0,2026-10-17,2026-09-28
935.0,123,0,2026-10-17,2026-09-28
940.0,201,0,2026-10-17,2026-09-28
945.0,64,0,2026-10-17,2026-09-28
950.0,1076,1,2026-10-17,2026-09-28
955.0,136,0,2026-10-17,2026-09-28
960.0,141,0,2026-10-17,2026-09-28
965.0,238,0,2026-10-17,2026-09-28
970.0,381,0,2026-10-17,2026-09-28
975.0,198,0,2026-10-17,2026-09-28
980.0,363,0,2026-10-17,2026-09-28
990.0,129,0,2026-10-17,2026-09-28
1000.0,2204,1,2026-10-17,2026-09-28
1010.0,121,0,2026-10-17,2026-09-28
1020.0,146,0,2026-10-17,2026-09-28
1030.0,122,0,2026-10-17,2026-09-28
1040.0,365,0,2026-10-17,2026-09-28
1050.0,416,0,2026-10-17,2026-09-28
1060.0,516,0,2026-10-17,2026-09-28
1070.0,517,0,2026-10-17,2026-09-28
1080.0,529,0,2026-10-17,2026-09-28
1090.0,127,0,2026-10-17,2026-09-28
1100.0,855,0,2026-10-17,2026-09-28
1110.0,354,0,2026-10-17,2026-09-28
1120.0,820,0,2026-10-17,2026-09-28
1130.0,564,0,2026-10-17,2026-09-28
1140.0,640,0,2026-10-17,2026-09-28
1150.0,207,0,2026-10-17,2026-09-28
1160.0,2926,0,2026-10-17,2026-09-28
1170.0,2419,0,2026-10-17,2026-09-28
1180.0,1451,0,2026-10-17,2026-09-28
1190.0,227,0,2026-10-17,2026-09-28
1200.0,2446,0,2026-10-17,2026-09-28
1210.0,2409,0,2026-10-17,2026-09-28
1220.0,3110,0,2026-10-17,2026-09-28
1230.0,1114,0,2026-10-17,2026-09-28
1240.0,1812,0,2026-10-17,2026-09-28
1250.0,539,0,2026-10-17,2026-09-28
1260.0,0,0,2026-10-17,2026-09-28
1270.0,0,0,2026-10-17,2026-09-28
1280.0,0,0,2026-10-17,2026-09-28
1290.0,0,0,2026-10-17,2026-09-28
1300.0,0,0,2026-10-17,2026-09-28
1310.0,0,0,2026-10-17,2026-09-28
1320.0,0,0,2026-10-17,2026-09-28
1330.0,0,0,2026-10-17,2026-09-28
1340.0,0,0,2026-10-17,2026-09-28
1350.0,0,0,2026-10-17,2026-09-28
1360.0,0,0,2026-10-17,2026-09-28
1370.0,0,0,2026-10-17,2026-09-28
1380.0,0,0,2026-10-17,2026-09-28
1390.0,0,0,2026-10-17,2026-09-28
1400.0,67,0,2026-10-17,2026-09-28
1410.0,0,0,2026-10-17,2026-09-28
1420.0,0,0,2026-10-17,2026-09-28
1430.0,0,0,2026-10-17,2026-09-28
1440.0,0,0,2026-10-17,2026-09-28
1450.0,0,0,2026-10-17,2026-09-28
1460.0,0,0,2026-10-17,2026-09-28
1470.0,0,0,2026-10-17,2026-09-28
1480.0,0,0,2026-10-17,2026-09-28
1490.0,55,0,2026-10-17,2026-09-28
100.0,0,4,2026-10-24,2026-09-28
110.0,0,0,2026-10-24,2026-09-28
120.0,0,0,2026-10-24,2026-09-28
130.0,0,0,2026-10-24,2026-09-28
140.0,0,0,2026-10-24,2026-09-28
150.0,0,0,2026-10-24,2026-09-28
160.0,0,0,2026-10-24,2026-09-28
170.0,0,0,2026-10-24,2026-09-28
180.0,0,18,2026-10-24,2026-09-28
190.0,0,0,2026-10-24,2026-09-28
200.0,0,0,2026-10-24,2026-09-28
210.0,0,0,2026-10-24,2026-09-28
220.0,0,0,2026-10-24,2026-09-28
230.0,0,0,2026-10-24,2026-09-28
240.0,0,0,2026-10-24,2026-09-28
250.0,0,0,2026-10-24,2026-09-28
260.0,0,0,2026-10-24,2026-09-28
270.0,0,0,2026-10-24,2026-09-28
280.0,0,0,2026-10-24,2026-09-28
290.0,0,0,2026-10-24,2026-09-28
300.0,0,0,2026-10-24,2026-09-28
310.0,0,0,2026-10-24,2026-09-28
320.0,0,1,2026-10-24,2026-09-28
330.0,0,3,2026-10-24,2026-09-28
340.0,0,0,2026-10-24,2026-09-28
350.0,0,1,2026-10-24,2026-09-28
360.0,0,2,2026-10-24,2026-09-28
370.0,0,2,2026-10-24,2026-09-28
380.0,0,0,2026-10-24,2026-09-28
390.0,0,0,2026-10-24,2026-09-28
400.0,2,3,2026-10-24,2026-09-28
405.0,0,2,2026-10-24,2026-09-28
410.0,0,4,2026-10-24,2026-09-28
415.0,0,4,2026-10-24,2026-09-28
420.0,0,5,2026-10-24,2026-09-28
425.0,1,3,2026-10-24,2026-09-28
430.0,0,5,2026-10-24,2026-09-28
435.0,1,16,2026-10-24,2026-09-28
440.0,0,27,2026-10-24,2026-09-28
445.0,0,43,2026-10-24,2026-09-28
450.0,0,20,2026-10-24,2026-09-28
455.0,0,8,2026-10-24,2026-09-28
460.0,0,32,2026-10-24,2026-09-28
465.0,0,14,2026-10-24,2026-09-28
470.0,0,17,2026-10-24,2026-09-28
475.0,0,8,2026-10-24,2026-09-28
480.0,0,24,2026-10-24,2026-09-28
485.0,0,6,2026-10-24,2026-09-28
490.0,0,12,2026-10-24,2026-09-28
495.0,0,18,2026-10-24,2026-09-28
500.0,2,161,2026-10-24,2026-09-28
505.0,1,16,2026-10-24,2026-09-28
510.0,0,24,2026-10-24,2026-09-28
515.0,0,16,2026-10-24,2026-09-28
520.0,0,67,2026-10-24,2026-09-28
525.0,2,49,2026-10-24,2026-09-28
530.0,0,160,2026-10-24,2026-09-28
535.0,2,87,2026-10-24,2026-09-28
540.0,2,218,2026-10-24,2026-09-28
545.0,3,184,2026-10-24,2026-09-28
550.0,16,276,2026-10-24,2026-09-28
555.0,6,95,2026-10-24,2026-09-28
560.0,5,220,2026-10-24,2026-09-28
565.0,28,126,2026-10-24,2026-09-28
570.0,8,116,2026-10-24,2026-09-28
575.0,12,218,2026-10-24,2026-09-28
580.0,21,214,2026-10-24,2026-09-28
585.0,11,88,2026-10-24,2026-09-28
590.0,10,130,2026-10-24,2026-09-28
595.0,11,318,2026-10-24,2026-09-28
600.0,0,133,2026-10-24,2026-09-28
600.0,107,658,2026-10-24,2026-09-28
605.0,8,205,2026-10-24,2026-09-28
610.0,31,295,2026-10-24,2026-09-28
615.0,27,552,2026-10-24,2026-09-28
620.0,71,491,2026-10-24,2026-09-28
625.0,71,143,2026-10-24,2026-09-28
630.0,458,259,2026-10-24,2026-09-28
635.0,95,197,2026-10-24,2026-09-28
640.0,223,264,2026-10-24,2026-09-28
645.0,149,273,2026-10-24,2026-09-28
650.0,194,558,2026-10-24,2026-09-28
655.0,160,332,2026-10-24,2026-09-28
660.0,454,404,2026-10-24,2026-09-28
665.0,123,250,2026-10-24,2026-09-28
670.0,300,300,2026-10-24,2026-09-28
670.0,276,354,2026-10-24,2026-09-28
675.0,171,301,2026-10-24,2026-09-28
680.0,479,395,2026-10-24,2026-09-28
685.0,97,199,2026-10-24,2026-09-28
690.0,203,247,2026-10-24,2026-09-28
695.0,117,270,2026-10-24,2026-09-28
700.0,1177,2433,2026-10-24,2026-09-28
705.0,126,194,2026-10-24,2026-09-28
710.0,277,169,2026-10-24,2026-09-28
715.0,118,97,2026-10-24,2026-09-28
720.0,355,151,2026-10-24,2026-09-28
725.0,340,385,2026-10-24,2026-09-28
730.0,192,128,2026-10-24,2026-09-28
735.0,219,107,2026-10-24,2026-09-28
740.0,133,0,2026-10-24,2026-09-28
740.0,419,133,2026-10-24,2026-09-28
745.0,239,392,2026-10-24,2026-09-28
750.0,7443,7443,2026-10-24,2026-09-28
750.0,544,366,2026-10-24,2026-09-28
755.0,233,67,2026-10-24,2026-09-28
760.0,974,175,2026-10-24,2026-09-28
765.0,362,60,2026-10-24,2026-09-28
770.0,455,89,2026-10-24,2026-09-28
775.0,494,79,2026-10-24,2026-09-28
780.0,555,126,2026-10-24,2026-09-28
785.0,723,12,2026-10-24,2026-09-28
790.0,207,24,2026-10-24,2026-09-28
795.0,88,0,2026-10-24,2026-09-28
800.0,1007,67,2026-10-24,2026-09-28
805.0,89,1,2026-10-24,2026-09-28
810.0,397,4,2026-10-24,2026-09-28
815.0,62,3,2026-10-24,2026-09-28
820.0,512,0,2026-10-24,2026-09-28
825.0,224,0,2026-10-24,2026-09-28
830.0,238,0,2026-10-24,2026-09-28
835.0,123,7,2026-10-24,2026-09-28
840.0,177,0,2026-10-24,2026-09-28
845.0,51,3,2026-10-24,2026-09-28
850.0,463,3,2026-10-24,2026-09-28
855.0,65,2,2026-10-24,2026-09-28
860.0,184,1,2026-10-24,2026-09-28
865.0,171,0,2026-10-24,2026-09-28
870.0,165,0,2026-10-24,2026-09-28
875.0,351,0,2026-10-24,2026-09-28
880.0,129,0,2026-10-24,2026-09-28
885.0,52,0,2026-10-24,2026-09-28
890.0,229,1,2026-10-24,2026-09-28
895.0,74,4,2026-10-24,2026-09-28
900.0,437,8,2026-10-24,2026-09-28
905.0,21,0,2026-10-24,2026-09-28
910.0,200,0,2026-10-24,2026-09-28
915.0,31,0,2026-10-24,2026-09-28
920.0,100,0,2026-10-24,2026-09-28
925.0,29,0,2026-10-24,2026-09-28
930.0,50,0,2026-10-24,2026-09-28
935.0,21,0,2026-10-24,2026-09-28
940.0,5,0,2026-10-24,2026-09-28
945.0,28,0,2026-10-24,2026-09-28
950.0,110,0,2026-10-24,2026-09-28
955.0,24,0,2026-10-24,2026-09-28
960.0,21,0,2026-10-24,2026-09-28
965.0,40,0,2026-10-24,2026-09-28
970.0,26,0,2026-10-24,2026-09-28
975.0,7,0,2026-10-24,2026-09-28
980.0,12,0,2026-10-24,2026-09-28
985.0,11,0,2026-10-24,2026-09-28
990.0,12,0,2026-10-24,2026-09-28
995.0,8,0,2026-10-24,2026-09-28
1000.0,210,0,2026-10-24,2026-09-28
1010.0,37,0,2026-10-24,2026-09-28
1020.0,40,0,2026-10-24,2026-09-28
1030.0,18,0,2026-10-24,2026-09-28
1040.0,8,0,2026-10-24,2026-09-28
1050.0,261,0,2026-10-24,2026-09-28
1060.0,10,1,2026-10-24,2026-09-28
1070.0,107,0,2026-10-24,2026-09-28
1080.0,0,0,2026-10-24,2026-09-28
1090.0,27,0,2026-10-24,2026-09-28
1100.0,3,0,2026-10-24,2026-09-28
1110.0,0,0,2026-10-24,2026-09-28
1120.0,0,0,2026-10-24,2026-09-28
1130.0,0,0,2026-10-24,2026-09-28
1140.0,1,0,2026-10-24,2026-09-28
1150.0,0,0,2026-10-24,2026-09-28
1160.0,1,0,2026-10-24,2026-09-28
1170.0,0,0,2026-10-24,2026-09-28
1180.0,0,0,2026-10-24,2026-09-28
1190.0,12,0,2026-10-24,2026-09-28
1200.0,0,0,2026-10-24,2026-09-28
1210.0,0,0,2026-10-24,2026-09-28
1220.0,0,0,2026-10-24,2026-09-28
1230.0,0,0,2026-10-24,2026-09-28
1240.0,0,0,2026-10-24,2026-09-28
1250.0,0,0,2026-10-24,2026-09-28
1260.0,0,0,2026-10-24,2026-09-28
1270.0,0,0,2026-10-24,2026-09-28
1280.0,0,0,2026-10-24,2026-09-28
1290.0,0,0,2026-10-24,2026-09-28
1300.0,0,0,2026-10-24,2026-09-28
1310.0,0,0,2026-10-24,2026-09-28
1320.0,0,0,2026-10-24,2026-09-28
1330.0,0,0,2026-10-24,2026-09-28
1340.0,0,0,2026-10-24,2026-09-28
1350.0,0,0,2026-10-24,2026-09-28
1360.0,0,0,2026-10-24,2026-09-28
1370.0,0,0,2026-10-24,2026-09-28
1380.0,0,0,2026-10-24,2026-09-28
1390.0,0,0,2026-10-24,2026-09-28
1400.0,0,0,2026-10-24,2026-09-28
1410.0,0,0,2026-10-24,2026-09-28
1420.0,0,0,2026-10-24,2026-09-28
1430.0,0,0,2026-10-24,2026-09-28
1440.0,0,0,2026-10-24,2026-09-28
1450.0,0,0,2026-10-24,2026-09-28
1460.0,0,0,2026-10-24,2026-09-28
1470.0,0,0,2026-10-24,2026-09-28
1480.0,0,0,2026-10-24,2026-09-28
1490.0,0,0,2026-10-24,2026-09-28
5991.75,10,10,2026-10-24,2026-09-28
556.03,1680,1680,2026-10-28,2026-09-28
600.0,4600,4600,2026-10-29,2026-09-28
100.0,1,0,2026-10-31,2026-09-28
110.0,0,0,2026-10-31,2026-09-28
120.0,0,0,2026-10-31,2026-09-28
130.0,0,0,2026-10-31,2026-09-28
140.0,0,0,2026-10-31,2026-09-28
150.0,0,0,2026-10-31,2026-09-28
160.0,0,0,2026-10-31,2026-09-28
170.0,0,0,2026-10-31,2026-09-28
180.0,0,0,2026-10-31,2026-09-28
190.0,0,0,2026-10-31,2026-09-28
200.0,0,0,2026-10-31,2026-09-28
210.0,0,0,2026-10-31,2026-09-28
220.0,0,0,2026-10-31,2026-09-28
230.0,0,0,2026-10-31,2026-09-28
240.0,0,0,2026-10-31,2026-09-28
250.0,0,0,2026-10-31,2026-09-28
260.0,0,0,2026-10-31,2026-09-28
270.0,0,0,2026-10-31,2026-09-28
280.0,0,0,2026-10-31,2026-09-28
290.0,0,0,2026-10-31,2026-09-28
300.0,0,126,2026-10-31,2026-09-28
310.0,5,0,2026-10-31,2026-09-28
320.0,0,0,2026-10-31,2026-09-28
330.0,0,0,2026-10-31,2026-09-28
340.0,0,0,2026-10-31,2026-09-28
350.0,0,8,2026-10-31,2026-09-28
360.0,0,10,2026-10-31,2026-09-28
370.0,0,4,2026-10-31,2026-09-28
380.0,0,11,2026-10-31,2026-09-28
390.0,0,5,2026-10-31,2026-09-28
400.0,0,83,2026-10-31,2026-09-28
410.0,0,4,2026-10-31,2026-09-28
420.0,0,25,2026-10-31,2026-09-28
430.0,0,29,2026-10-31,2026-09-28
440.0,0,7,2026-10-31,2026-09-28
450.0,0,14,2026-10-31,2026-09-28
455.0,0,2,2026-10-31,2026-09-28
460.0,1,20,2026-10-31,2026-09-28
465.0,0,5,2026-10-31,2026-09-28
470.0,0,247,2026-10-31,2026-09-28
475.0,0,15,2026-10-31,2026-09-28
480.0,1,17,2026-10-31,2026-09-28
485.0,0,4,2026-10-31,2026-09-28
490.0,0,23,2026-10-31,2026-09-28
495.0,0,24,2026-10-31,2026-09-28
500.0,22,169,2026-10-31,2026-09-28
505.0,0,24,2026-10-31,2026-09-28
510.0,12,20,2026-10-31,2026-09-28
515.0,0,46,2026-10-31,2026-09-28
520.0,2000,2000,2026-10-31,2026-09-28
520.0,11,124,2026-10-31,2026-09-28
525.0,0,344,2026-10-31,2026-09-28
530.0,1,33,2026-10-31,2026-09-28
535.0,0,366,2026-10-31,2026-09-28
540.0,1,146,2026-10-31,2026-09-28
545.0,1,81,2026-10-31,2026-09-28
550.0,13,284,2026-10-31,2026-09-28
555.0,2,55,2026-10-31,2026-09-28
560.0,9,78,2026-10-31,2026-09-28
565.0,1,70,2026-10-31,2026-09-28
570.0,4,129,2026-10-31,2026-09-28
575.0,4,88,2026-10-31,2026-09-28
580.0,7,223,2026-10-31,2026-09-28
585.0,10,205,2026-10-31,2026-09-28
590.0,14,257,2026-10-31,2026-09-28
595.0,11,128,2026-10-31,2026-09-28
600.0,25,615,2026-10-31,2026-09-28
605.0,13,133,2026-10-31,2026-09-28
610.0,25,196,2026-10-31,2026-09-28
615.0,24,114,2026-10-31,2026-09-28
620.0,106,322,2026-10-31,2026-09-28
625.0,28,259,2026-10-31,2026-09-28
630.0,42,450,2026-10-31,2026-09-28
635.0,65,198,2026-10-31,2026-09-28
640.0,104,316,2026-10-31,2026-09-28
645.0,34,143,2026-10-31,2026-09-28
650.0,727,850,2026-10-31,2026-09-28
655.0,60,596,2026-10-31,2026-09-28
660.0,237,689,2026-10-31,2026-09-28
665.0,84,209,2026-10-31,2026-09-28
670.0,263,1048,2026-10-31,2026-09-28
675.0,161,198,2026-10-31,2026-09-28
680.0,303,6422,2026-10-31,2026-09-28
685.0,204,103,2026-10-31,2026-09-28
690.0,240,163,2026-10-31,2026-09-28
695.0,57,199,2026-10-31,2026-09-28
700.0,421,737,2026-10-31,2026-09-28
705.0,73,136,2026-10-31,2026-09-28
710.0,215,176,2026-10-31,2026-09-28
715.0,70,132,2026-10-31,2026-09-28
720.0,259,182,2026-10-31,2026-09-28
725.0,102,98,2026-10-31,2026-09-28
730.0,561,264,2026-10-31,2026-09-28
735.0,167,132,2026-10-31,2026-09-28
740.0,606,111,2026-10-31,2026-09-28
745.0,95,140,2026-10-31,2026-09-28
750.0,1077,182,2026-10-31,2026-09-28
755.0,179,41,2026-10-31,2026-09-28
760.0,531,99,2026-10-31,2026-09-28
765.0,207,76,2026-10-31,2026-09-28
770.0,371,65,2026-10-31,2026-09-28
775.0,213,20,2026-10-31,2026-09-28
780.0,224,24,2026-10-31,2026-09-28
785.0,254,2,2026-10-31,2026-09-28
790.0,267,21,2026-10-31,2026-09-28
795.0,244,5,2026-10-31,2026-09-28
800.0,1301,397,2026-10-31,2026-09-28
805.0,332,0,2026-10-31,2026-09-28
810.0,245,2,2026-10-31,2026-09-28
815.0,159,0,2026-10-31,2026-09-28
820.0,177,2,2026-10-31,2026-09-28
825.0,194,0,2026-10-31,2026-09-28
830.0,127,2,2026-10-31,2026-09-28
835.0,77,6,2026-10-31,2026-09-28
840.0,363,2,2026-10-31,2026-09-28
845.0,224,0,2026-10-31,2026-09-28
850.0,682,1,2026-10-31,2026-09-28
860.0,150,2,2026-10-31,2026-09-28
870.0,145,0,2026-10-31,2026-09-28
880.0,276,1,2026-10-31,2026-09-28
890.0,139,0,2026-10-31,2026-09-28
900.0,2442,24,2026-10-31,2026-09-28
910.0,127,0,2026-10-31,2026-09-28
920.0,73,0,2026-10-31,2026-09-28
930.0,58,0,2026-10-31,2026-09-28
940.0,109,0,2026-10-31,2026-09-28
950.0,173,0,2026-10-31,2026-09-28
960.0,131,0,2026-10-31,2026-09-28
970.0,627,0,2026-10-31,2026-09-28
980.0,103,0,2026-10-31,2026-09-28
990.0,16,0,2026-10-31,2026-09-28
1000.0,198,0,2026-10-31,2026-09-28
1010.0,12,0,2026-10-31,2026-09-28
1020.0,15,0,2026-10-31,2026-09-28
1030.0,11,0,2026-10-31,2026-09-28
1040.0,26,0,2026-10-31,2026-09-28
1050.0,17,0,2026-10-31,2026-09-28
1060.0,14,0,2026-10-31,2026-09-28
1070.0,13,1,2026-10-31,2026-09-28
1080.0,4,0,2026-10-31,2026-09-28
1090.0,6,0,2026-10-31,2026-09-28
1100.0,25,0,2026-10-31,2026-09-28
1110.0,11,0,2026-10-31,2026-09-28
1120.0,3,0,2026-10-31,2026-09-28
1130.0,4,0,2026-10-31,2026-09-28
1140.0,3,0,2026-10-31,2026-09-28
1150.0,6,1,2026-10-31,2026-09-28
1160.0,1,0,2026-10-31,2026-09-28
1170.0,27,0,2026-10-31,2026-09-28
1180.0,1,0,2026-10-31,2026-09-28
1190.0,5,0,2026-10-31,2026-09-28
1200.0,60,0,2026-10-31,2026-09-28
1210.0,2,0,2026-10-31,2026-09-28
1220.0,1,0,2026-10-31,2026-09-28
1230.0,0,0,2026-10-31,2026-09-28
1240.0,4,0,2026-10-31,2026-09-28
1250.0,1,0,2026-10-31,2026-09-28
1260.0,0,0,2026-10-31,2026-09-28
1270.0,12,0,2026-10-31,2026-09-28
1280.0,2,0,2026-10-31,2026-09-28
1290.0,0,0,2026-10-31,2026-09-28
1300.0,88,0,2026-10-31,2026-09-28
1310.0,0,0,2026-10-31,2026-09-28
1320.0,1,0,2026-10-31,2026-09-28
1330.0,0,0,2026-10-31,2026-09-28
1340.0,0,0,2026-10-31,2026-09-28
1350.0,0,0,2026-10-31,2026-09-28
1360.0,0,0,2026-10-31,2026-09-28
1370.0,0,0,2026-10-31,2026-09-28
1380.0,0,0,2026-10-31,2026-09-28
1390.0,0,0,2026-10-31,2026-09-28
1400.0,0,0,2026-10-31,2026-09-28
1410.0,0,0,2026-10-31,2026-09-28
1420.0,0,0,2026-10-31,2026-09-28
1430.0,0,0,2026-10-31,2026-09-28
1440.0,0,0,2026-10-31,2026-09-28
1450.0,0,0,2026-10-31,2026-09-28
1460.0,0,0,2026-10-31,2026-09-28
1470.0,0,0,2026-10-31,2026-09-28
1480.0,0,0,2026-10-31,2026-09-28
1490.0,1,0,2026-10-31,2026-09-28
715.0,124,0,2026-11-06,2026-09-28
730.0,62,0,2026-11-06,2026-09-28
760.0,166,0,2026-11-06,2026-09-28
813.0,25,0,2026-11-06,2026-09-28
100.0,0,0,2026-11-07,2026-09-28
110.0,0,0,2026-11-07,2026-09-28
120.0,0,0,2026-11-07,2026-09-28
130.0,0,0,2026-11-07,2026-09-28
140.0,0,0,2026-11-07,2026-09-28
150.0,0,0,2026-11-07,2026-09-28
160.0,0,0,2026-11-07,2026-09-28
170.0,0,0,2026-11-07,2026-09-28
180.0,0,0,2026-11-07,2026-09-28
190.0,0,0,2026-11-07,2026-09-28
200.0,0,0,2026-11-07,2026-09-28
210.0,0,0,2026-11-07,2026-09-28
220.0,0,0,2026-11-07,2026-09-28
230.0,0,0,2026-11-07,2026-09-28
240.0,0,0,2026-11-07,2026-09-28
250.0,0,0,2026-11-07,2026-09-28
260.0,0,0,2026-11-07,2026-09-28
270.0,0,0,2026-11-07,2026-09-28
280.0,0,0,2026-11-07,2026-09-28
290.0,0,0,2026-11-07,2026-09-28
300.0,0,0,2026-11-07,2026-09-28
310.0,0,0,2026-11-07,2026-09-28
320.0,0,0,2026-11-07,2026-09-28
330.0,0,0,2026-11-07,2026-09-28
340.0,0,0,2026-11-07,2026-09-28
350.0,0,0,2026-11-07,2026-09-28
360.0,1,0,2026-11-07,2026-09-28
370.0,0,0,2026-11-07,2026-09-28
380.0,0,0,2026-11-07,2026-09-28
390.0,0,0,2026-11-07,2026-09-28
400.0,0,4,2026-11-07,2026-09-28
410.0,0,0,2026-11-07,2026-09-28
420.0,0,0,2026-11-07,2026-09-28
430.0,0,0,2026-11-07,2026-09-28
440.0,0,0,2026-11-07,2026-09-28
450.0,0,0,2026-11-07,2026-09-28
455.0,0,0,2026-11-07,2026-09-28
460.0,0,0,2026-11-07,2026-09-28
465.0,0,0,2026-11-07,2026-09-28
470.0,0,0,2026-11-07,2026-09-28
475.0,0,0,2026-11-07,2026-09-28
480.0,0,0,2026-11-07,2026-09-28
485.0,0,0,2026-11-07,2026-09-28
490.0,0,0,2026-11-07,2026-09-28
495.0,0,0,2026-11-07,2026-09-28
500.0,0,3,2026-11-07,2026-09-28
505.0,0,1,2026-11-07,2026-09-28
510.0,0,0,2026-11-07,2026-09-28
515.0,0,0,2026-11-07,2026-09-28
520.0,0,0,2026-11-07,2026-09-28
525.0,0,0,2026-11-07,2026-09-28
530.0,0,0,2026-11-07,2026-09-28
535.0,0,0,2026-11-07,2026-09-28
540.0,0,9,2026-11-07,2026-09-28
545.0,0,9,2026-11-07,2026-09-28
550.0,2,0,2026-11-07,2026-09-28
555.0,0,0,2026-11-07,2026-09-28
560.0,0,3,2026-11-07,2026-09-28
565.0,0,2,2026-11-07,2026-09-28
570.0,0,0,2026-11-07,2026-09-28
575.0,0,0,2026-11-07,2026-09-28
580.0,0,1,2026-11-07,2026-09-28
585.0,0,1,2026-11-07,2026-09-28
590.0,0,0,2026-11-07,2026-09-28
595.0,5,1,2026-11-07,2026-09-28
600.0,21,7,2026-11-07,2026-09-28
605.0,0,14,2026-11-07,2026-09-28
610.0,0,20,2026-11-07,2026-09-28
615.0,0,1,2026-11-07,2026-09-28
620.0,4,41,2026-11-07,2026-09-28
625.0,0,0,2026-11-07,2026-09-28
630.0,1,11,2026-11-07,2026-09-28
635.0,5,3,2026-11-07,2026-09-28
640.0,0,210,2026-11-07,2026-09-28
645.0,5,16,2026-11-07,2026-09-28
650.0,6,232,2026-11-07,2026-09-28
655.0,0,10,2026-11-07,2026-09-28
660.0,3,21,2026-11-07,2026-09-28
665.0,1100,1100,2026-11-07,2026-09-28
665.0,2,8,2026-11-07,2026-09-28
670.0,350,350,2026-11-07,2026-09-28
670.0,0,15,2026-11-07,2026-09-28
675.0,0,6,2026-11-07,2026-09-28
680.0,0,59,2026-11-07,2026-09-28
685.0,1,12,2026-11-07,2026-09-28
690.0,0,19,2026-11-07,2026-09-28
695.0,0,15,2026-11-07,2026-09-28
700.0,13,37,2026-11-07,2026-09-28
705.0,14,12,2026-11-07,2026-09-28
710.0,2,26,2026-11-07,2026-09-28
715.0,0,43,2026-11-07,2026-09-28
720.0,5,8,2026-11-07,2026-09-28
725.0,1,2,2026-11-07,2026-09-28
730.0,15,42,2026-11-07,2026-09-28
735.0,21,22,2026-11-07,2026-09-28
740.0,35,23,2026-11-07,2026-09-28
745.0,551,0,2026-11-07,2026-09-28
745.0,10,18,2026-11-07,2026-09-28
750.0,11,0,2026-11-07,2026-09-28
750.0,300,63,2026-11-07,2026-09-28
755.0,12,4,2026-11-07,2026-09-28
760.0,21,69,2026-11-07,2026-09-28
765.0,24,13,2026-11-07,2026-09-28
770.0,9,32,2026-11-07,2026-09-28
775.0,41,6,2026-11-07,2026-09-28
780.0,34,8,2026-11-07,2026-09-28
785.0,53,6,2026-11-07,2026-09-28
790.0,7,1,2026-11-07,2026-09-28
795.0,28,6,2026-11-07,2026-09-28
800.0,206,2,2026-11-07,2026-09-28
805.0,3,10,2026-11-07,2026-09-28
810.0,17,1,2026-11-07,2026-09-28
815.0,7,0,2026-11-07,2026-09-28
820.0,92,0,2026-11-07,2026-09-28
825.0,3,16,2026-11-07,2026-09-28
830.0,7,0,2026-11-07,2026-09-28
835.0,0,0,2026-11-07,2026-09-28
840.0,1,0,2026-11-07,2026-09-28
845.0,0,0,2026-11-07,2026-09-28
850.0,11,0,2026-11-07,2026-09-28
860.0,0,0,2026-11-07,2026-09-28
870.0,11,1,2026-11-07,2026-09-28
880.0,8,0,2026-11-07,2026-09-28
890.0,0,0,2026-11-07,2026-09-28
900.0,6,0,2026-11-07,2026-09-28
910.0,0,0,2026-11-07,2026-09-28
920.0,0,0,2026-11-07,2026-09-28
930.0,0,0,2026-11-07,2026-09-28
940.0,2,0,2026-11-07,2026-09-28
950.0,18,0,2026-11-07,2026-09-28
960.0,2,0,2026-11-07,2026-09-28
970.0,0,0,2026-11-07,2026-09-28
980.0,0,0,2026-11-07,2026-09-28
990.0,3,0,2026-11-07,2026-09-28
1000.0,8,0,2026-11-07,2026-09-28
1010.0,0,0,2026-11-07,2026-09-28
1020.0,0,0,2026-11-07,2026-09-28
1030.0,0,0,2026-11-07,2026-09-28
1040.0,0,0,2026-11-07,2026-09-28
1050.0,0,0,2026-11-07,2026-09-28
1060.0,0,0,2026-11-07,2026-09-28
1070.0,0,0,2026-11-07,2026-09-28
1080.0,0,0,2026-11-07,2026-09-28
1090.0,0,0,2026-11-07,2026-09-28
1100.0,0,0,2026-11-07,2026-09-28
1110.0,0,0,2026-11-07,2026-09-28
1120.0,0,0,2026-11-07,2026-09-28
1130.0,0,0,2026-11-07,2026-09-28
1140.0,0,0,2026-11-07,2026-09-28
1150.0,0,0,2026-11-07,2026-09-28
1160.0,0,0,2026-11-07,2026-09-28
1170.0,0,0,2026-11-07,2026-09-28
1180.0,0,0,2026-11-07,2026-09-28
1190.0,0,0,2026-11-07,2026-09-28
1200.0,0,0,2026-11-07,2026-09-28
1210.0,0,0,2026-11-07,2026-09-28
1220.0,0,0,2026-11-07,2026-09-28
1230.0,0,0,2026-11-07,2026-09-28
1240.0,0,0,2026-11-07,2026-09-28
1250.0,0,0,2026-11-07,2026-09-28
1260.0,0,0,2026-11-07,2026-09-28
1270.0,0,0,2026-11-07,2026-09-28
1280.0,0,0,2026-11-07,2026-09-28
1290.0,0,0,2026-11-07,2026-09-28
1300.0,0,0,2026-11-07,2026-09-28
1310.0,0,0,2026-11-07,2026-09-28
1320.0,0,0,2026-11-07,2026-09-28
1330.0,0,0,2026-11-07,2026-09-28
1340.0,0,0,2026-11-07,2026-09-28
1350.0,0,0,2026-11-07,2026-09-28
1360.0,0,0,2026-11-07,2026-09-28
1370.0,0,0,2026-11-07,2026-09-28
1380.0,0,0,2026-11-07,2026-09-28
1390.0,0,0,2026-11-07,2026-09-28
1400.0,0,0,2026-11-07,2026-09-28
1410.0,0,0,2026-11-07,2026-09-28
1420.0,0,0,2026-11-07,2026-09-28
1430.0,0,0,2026-11-07,2026-09-28
1440.0,0,0,2026-11-07,2026-09-28
1450.0,0,0,2026-11-07,2026-09-28
1460.0,0,0,2026-11-07,2026-09-28
1470.0,0,0,2026-11-07,2026-09-28
1480.0,0,0,2026-11-07,2026-09-28
1490.0,0,0,2026-11-07,2026-09-28
805.0,96,0,2026-11-12,2026-09-28
850.52,214,214,2026-11-12,2026-09-28
610.0,0,0,2026-11-14,2026-09-28
5.0,10,3803,2026-11-21,2026-09-28
10.0,0,201,2026-11-21,2026-09-28
15.0,0,0,2026-11-21,2026-09-28
20.0,0,20,2026-11-21,2026-09-28
25.0,0,0,2026-11-21,2026-09-28
30.0,0,10,2026-11-21,2026-09-28
35.0,7,0,2026-11-21,2026-09-28
40.0,2,33,2026-11-21,2026-09-28
45.0,12,0,2026-11-21,2026-09-28
50.0,10,43,2026-11-21,2026-09-28
250.0,85,2450,2026-11-21,2026-09-28
260.0,4,198,2026-11-21,2026-09-28
270.0,1,112,2026-11-21,2026-09-28
280.0,1,46,2026-11-21,2026-09-28
290.0,2,180,2026-11-21,2026-09-28
300.0,17,497,2026-11-21,2026-09-28
310.0,3,124,2026-11-21,2026-09-28
320.0,5,45,2026-11-21,2026-09-28
330.0,22,115,2026-11-21,2026-09-28
340.0,6,250,2026-11-21,2026-09-28
350.0,17,413,2026-11-21,2026-09-28
360.0,15,280,2026-11-21,2026-09-28
370.0,3,216,2026-11-21,2026-09-28
380.0,16,140,2026-11-21,2026-09-28
390.0,38,254,2026-11-21,2026-09-28
400.0,50,845,2026-11-21,2026-09-28
405.0,40,183,2026-11-21,2026-09-28
410.0,10,173,2026-11-21,2026-09-28
415.0,16,180,2026-11-21,2026-09-28
420.0,6,1008,2026-11-21,2026-09-28
425.0,41,630,2026-11-21,2026-09-28
430.0,8,240,2026-11-21,2026-09-28
435.0,6,742,2026-11-21,2026-09-28
440.0,34,606,2026-11-21,2026-09-28
445.0,33,356,2026-11-21,2026-09-28
450.0,756,1599,2026-11-21,2026-09-28
455.0,31,383,2026-11-21,2026-09-28
460.0,108,598,2026-11-21,2026-09-28
465.0,49,401,2026-11-21,2026-09-28
470.0,54,1461,2026-11-21,2026-09-28
475.0,38,650,2026-11-21,2026-09-28
480.0,65,2524,2026-11-21,2026-09-28
485.0,36,474,2026-11-21,2026-09-28
490.0,16,903,2026-11-21,2026-09-28
495.0,53,751,2026-11-21,2026-09-28
500.0,336,3516,2026-11-21,2026-09-28
505.0,69,690,2026-11-21,2026-09-28
510.0,679,1245,2026-11-21,2026-09-28
515.0,69,1247,2026-11-21,2026-09-28
520.0,6375,6375,2026-11-21,2026-09-28
520.0,247,1082,2026-11-21,2026-09-28
525.0,44,809,2026-11-21,2026-09-28
530.0,962,2348,2026-11-21,2026-09-28
535.0,193,1193,2026-11-21,2026-09-28
540.0,799,2269,2026-11-21,2026-09-28
545.0,240,845,2026-11-21,2026-09-28
550.0,1424,3097,2026-11-21,2026-09-28
555.0,942,1399,2026-11-21,2026-09-28
560.0,1448,2052,2026-11-21,2026-09-28
565.0,582,975,2026-11-21,2026-09-28
570.0,1033,1514,2026-11-21,2026-09-28
575.0,764,927,2026-11-21,2026-09-28
580.0,770,1573,2026-11-21,2026-09-28
585.0,6532,7218,2026-11-21,2026-09-28
590.0,3231,3091,2026-11-21,2026-09-28
595.0,798,776,2026-11-21,2026-09-28
600.0,450,468,2026-11-21,2026-09-28
600.0,4768,4407,2026-11-21,2026-09-28
605.0,1213,856,2026-11-21,2026-09-28
610.0,1616,1349,2026-11-21,2026-09-28
615.0,1024,804,2026-11-21,2026-09-28
620.0,764,1148,2026-11-21,2026-09-28
625.0,888,1422,2026-11-21,2026-09-28
630.0,1181,2044,2026-11-21,2026-09-28
635.0,2364,434,2026-11-21,2026-09-28
640.0,6,0,2026-11-21,2026-09-28
640.0,1458,1393,2026-11-21,2026-09-28
645.0,650,650,2026-11-21,2026-09-28
645.0,495,941,2026-11-21,2026-09-28
650.0,4917,3422,2026-11-21,2026-09-28
655.0,482,431,2026-11-21,2026-09-28
660.0,1950,1950,2026-11-21,2026-09-28
660.0,2995,1062,2026-11-21,2026-09-28
665.0,430,673,2026-11-21,2026-09-28
670.0,2051,1533,2026-11-21,2026-09-28
675.0,925,864,2026-11-21,2026-09-28
680.0,70,70,2026-11-21,2026-09-28
680.0,1074,1299,2026-11-21,2026-09-28
685.0,903,1531,2026-11-21,2026-09-28
690.0,878,428,2026-11-21,2026-09-28
695.0,715,413,2026-11-21,2026-09-28
700.0,14,0,2026-11-21,2026-09-28
700.0,17593,1215,2026-11-21,2026-09-28
705.0,710,671,2026-11-21,2026-09-28
710.0,3000,3000,2026-11-21,2026-09-28
710.0,1141,248,2026-11-21,2026-09-28
715.0,779,154,2026-11-21,2026-09-28
720.0,1590,617,2026-11-21,2026-09-28
725.0,1471,271,2026-11-21,2026-09-28
730.0,913,567,2026-11-21,2026-09-28
735.0,755,1099,2026-11-21,2026-09-28
740.0,7,0,2026-11-21,2026-09-28
740.0,1825,670,2026-11-21,2026-09-28
745.0,734,624,2026-11-21,2026-09-28
750.0,7289,2577,2026-11-21,2026-09-28
755.0,397,397,2026-11-21,2026-09-28
755.0,4265,158,2026-11-21,2026-09-28
760.0,4852,336,2026-11-21,2026-09-28
765.0,4187,609,2026-11-21,2026-09-28
770.0,5329,1176,2026-11-21,2026-09-28
775.0,4946,83,2026-11-21,2026-09-28
780.0,193,193,2026-11-21,2026-09-28
780.0,6818,215,2026-11-21,2026-09-28
785.0,308,59,2026-11-21,2026-09-28
790.0,1028,105,2026-11-21,2026-09-28
795.0,1122,27,2026-11-21,2026-09-28
800.0,2,0,2026-11-21,2026-09-28
800.0,22936,318,2026-11-21,2026-09-28
805.0,4250,28,2026-11-21,2026-09-28
810.0,6687,6,2026-11-21,2026-09-28
815.0,4209,11,2026-11-21,2026-09-28
820.0,4903,14,2026-11-21,2026-09-28
825.0,4929,0,2026-11-21,2026-09-28
830.0,5630,1,2026-11-21,2026-09-28
835.0,323,1,2026-11-21,2026-09-28
840.0,1198,1,2026-11-21,2026-09-28
845.0,384,0,2026-11-21,2026-09-28
850.0,18,0,2026-11-21,2026-09-28
850.0,2318,16,2026-11-21,2026-09-28
855.0,270,0,2026-11-21,2026-09-28
860.0,950,2,2026-11-21,2026-09-28
865.0,226,15,2026-11-21,2026-09-28
870.0,1293,21,2026-11-21,2026-09-28
875.0,956,0,2026-11-21,2026-09-28
880.0,358,11,2026-11-21,2026-09-28
885.0,193,0,2026-11-21,2026-09-28
890.0,194,33,2026-11-21,2026-09-28
895.0,72,10,2026-11-21,2026-09-28
900.0,20980,70,2026-11-21,2026-09-28
905.0,241,0,2026-11-21,2026-09-28
910.0,426,0,2026-11-21,2026-09-28
915.0,80,0,2026-11-21,2026-09-28
920.0,365,0,2026-11-21,2026-09-28
925.0,839,0,2026-11-21,2026-09-28
930.0,163,1,2026-11-21,2026-09-28
935.0,140,0,2026-11-21,2026-09-28
940.0,181,27,2026-11-21,2026-09-28
945.0,124,0,2026-11-21,2026-09-28
950.0,2566,1,2026-11-21,2026-09-28
955.0,71,0,2026-11-21,2026-09-28
960.0,295,1,2026-11-21,2026-09-28
965.0,138,0,2026-11-21,2026-09-28
970.0,94,0,2026-11-21,2026-09-28
975.0,50,0,2026-11-21,2026-09-28
980.0,133,1,2026-11-21,2026-09-28
985.0,70,0,2026-11-21,2026-09-28
990.0,224,0,2026-11-21,2026-09-28
995.0,46,0,2026-11-21,2026-09-28
1000.0,1575,10,2026-11-21,2026-09-28
1010.0,171,0,2026-11-21,2026-09-28
1020.0,168,110,2026-11-21,2026-09-28
1030.0,168,0,2026-11-21,2026-09-28
1040.0,70,5,2026-11-21,2026-09-28
1050.0,302,8,2026-11-21,2026-09-28
1060.0,253,0,2026-11-21,2026-09-28
1070.0,112,8,2026-11-21,2026-09-28
1080.0,287,0,2026-11-21,2026-09-28
1090.0,489,0,2026-11-21,2026-09-28
1100.0,1393,0,2026-11-21,2026-09-28
1110.0,121,0,2026-11-21,2026-09-28
1120.0,107,0,2026-11-21,2026-09-28
1130.0,66,0,2026-11-21,2026-09-28
1140.0,130,0,2026-11-21,2026-09-28
1150.0,294,0,2026-11-21,2026-09-28
1160.0,119,0,2026-11-21,2026-09-28
1170.0,117,0,2026-11-21,2026-09-28
1180.0,36,0,2026-11-21,2026-09-28
1190.0,60,0,2026-11-21,2026-09-28
1200.0,1279,0,2026-11-21,2026-09-28
1210.0,422,0,2026-11-21,2026-09-28
1220.0,41,0,2026-11-21,2026-09-28
1230.0,37,0,2026-11-21,2026-09-28
1240.0,59,0,2026-11-21,2026-09-28
1250.0,322,0,2026-11-21,2026-09-28
1260.0,91,0,2026-11-21,2026-09-28
1270.0,64,0,2026-11-21,2026-09-28
1280.0,39,0,2026-11-21,2026-09-28
1290.0,67,0,2026-11-21,2026-09-28
1300.0,187,0,2026-11-21,2026-09-28
1310.0,6,0,2026-11-21,2026-09-28
1320.0,12,0,2026-11-21,2026-09-28
1330.0,22,0,2026-11-21,2026-09-28
1340.0,17,0,2026-11-21,2026-09-28
1350.0,56,0,2026-11-21,2026-09-28
1360.0,35,0,2026-11-21,2026-09-28
1370.0,89,0,2026-11-21,2026-09-28
1380.0,11,0,2026-11-21,2026-09-28
1390.0,20,0,2026-11-21,2026-09-28
1400.0,72,0,2026-11-21,2026-09-28
1410.0,39,0,2026-11-21,2026-09-28
1420.0,70,0,2026-11-21,2026-09-28
1430.0,55,0,2026-11-21,2026-09-28
1440.0,142,0,2026-11-21,2026-09-28
1450.0,245,0,2026-11-21,2026-09-28
1460.0,93,0,2026-11-21,2026-09-28
1470.0,309,0,2026-11-21,2026-09-28
1480.0,6238,0,2026-11-21,2026-09-28
1490.0,51,0,2026-11-21,2026-09-28
750.0,1000,1000,2026-11-28,2026-09-28
696.74,1100,1100,2026-12-01,2026-09-28
696.74,1100,1100,2026-12-02,2026-09-28
696.74,1100,1100,2026-12-03,2026-09-28
845.0,135,0,2026-12-03,2026-09-28
670.0,1000,1000,2026-12-05,2026-09-28
770.0,4,0,2026-12-05,2026-09-28
5.0,0,474,2026-12-19,2026-09-28
10.0,0,118,2026-12-19,2026-09-28
15.0,0,25,2026-12-19,2026-09-28
20.0,2,325,2026-12-19,2026-09-28
25.0,0,10,2026-12-19,2026-09-28
30.0,1,63,2026-12-19,2026-09-28
35.0,0,14,2026-12-19,2026-09-28
40.0,0,17,2026-12-19,2026-09-28
45.0,1,2,2026-12-19,2026-09-28
50.0,6,427,2026-12-19,2026-09-28
55.0,1,41,2026-12-19,2026-09-28
60.0,0,22,2026-12-19,2026-09-28
65.0,0,34,2026-12-19,2026-09-28
70.0,1,28,2026-12-19,2026-09-28
75.0,2,16,2026-12-19,2026-09-28
80.0,2,45,2026-12-19,2026-09-28
85.0,0,246,2026-12-19,2026-09-28
90.0,0,345,2026-12-19,2026-09-28
95.0,2,203,2026-12-19,2026-09-28
100.0,111,446,2026-12-19,2026-09-28
110.0,26,139,2026-12-19,2026-09-28
120.0,30,204,2026-12-19,2026-09-28
130.0,17,321,2026-12-19,2026-09-28
140.0,114,263,2026-12-19,2026-09-28
150.0,126,357,2026-12-19,2026-09-28
160.0,62,417,2026-12-19,2026-09-28
170.0,83,590,2026-12-19,2026-09-28
180.0,187,326,2026-12-19,2026-09-28
190.0,225,220,2026-12-19,2026-09-28
200.0,337,1033,2026-12-19,2026-09-28
210.0,264,475,2026-12-19,2026-09-28
220.0,288,941,2026-12-19,2026-09-28
230.0,157,137,2026-12-19,2026-09-28
240.0,43,283,2026-12-19,2026-09-28
250.0,298,687,2026-12-19,2026-09-28
260.0,824,644,2026-12-19,2026-09-28
270.0,48,308,2026-12-19,2026-09-28
280.0,79,375,2026-12-19,2026-09-28
290.0,66,363,2026-12-19,2026-09-28
300.0,195,1362,2026-12-19,2026-09-28
310.0,94,423,2026-12-19,2026-09-28
320.0,140,577,2026-12-19,2026-09-28
330.0,61,182,2026-12-19,2026-09-28
340.0,122,292,2026-12-19,2026-09-28
350.0,250,1771,2026-12-19,2026-09-28
360.0,139,2589,2026-12-19,2026-09-28
370.0,152,339,2026-12-19,2026-09-28
380.0,57,680,2026-12-19,2026-09-28
390.0,493,487,2026-12-19,2026-09-28
400.0,1594,1812,2026-12-19,2026-09-28
410.0,2614,692,2026-12-19,2026-09-28
413.5,6,0,2026-12-19,2026-09-28
420.0,892,1855,2026-12-19,2026-09-28
430.0,98,540,2026-12-19,2026-09-28
440.0,174,839,2026-12-19,2026-09-28
450.0,902,4721,2026-12-19,2026-09-28
460.0,173,1826,2026-12-19,2026-09-28
470.0,2149,1488,2026-12-19,2026-09-28
480.0,213,1959,2026-12-19,2026-09-28
490.0,0,50,2026-12-19,2026-09-28
490.0,830,1994,2026-12-19,2026-09-28
500.0,1824,6846,2026-12-19,2026-09-28
505.0,2,38,2026-12-19,2026-09-28
510.0,164,3368,2026-12-19,2026-09-28
515.0,0,4,2026-12-19,2026-09-28
520.0,802,1861,2026-12-19,2026-09-28
525.0,15,23,2026-12-19,2026-09-28
530.0,881,3027,2026-12-19,2026-09-28
535.0,0,3,2026-12-19,2026-09-28
540.0,581,1725,2026-12-19,2026-09-28
545.0,2,13,2026-12-19,2026-09-28
550.0,1311,5555,2026-12-19,2026-09-28
555.0,0,22,2026-12-19,2026-09-28
560.0,892,1916,2026-12-19,2026-09-28
565.0,753,611,2026-12-19,2026-09-28
570.0,1228,2730,2026-12-19,2026-09-28
575.0,746,940,2026-12-19,2026-09-28
580.0,1080,2034,2026-12-19,2026-09-28
585.0,348,593,2026-12-19,2026-09-28
590.0,654,2186,2026-12-19,2026-09-28
595.0,395,1083,2026-12-19,2026-09-28
600.0,3442,4384,2026-12-19,2026-09-28
605.0,471,357,2026-12-19,2026-09-28
610.0,923,1184,2026-12-19,2026-09-28
615.0,317,771,2026-12-19,2026-09-28
620.0,0,50,2026-12-19,2026-09-28
620.0,1655,1667,2026-12-19,2026-09-28
625.0,414,434,2026-12-19,2026-09-28
630.0,1221,1645,2026-12-19,2026-09-28
635.0,211,313,2026-12-19,2026-09-28
640.0,1714,1286,2026-12-19,2026-09-28
645.0,562,262,2026-12-19,2026-09-28
650.0,5137,2355,2026-12-19,2026-09-28
655.0,594,236,2026-12-19,2026-09-28
660.0,2299,5070,2026-12-19,2026-09-28
665.0,679,610,2026-12-19,2026-09-28
670.0,1316,1658,2026-12-19,2026-09-28
675.0,369,190,2026-12-19,2026-09-28
680.0,1842,1834,2026-12-19,2026-09-28
685.0,229,141,2026-12-19,2026-09-28
690.0,758,623,2026-12-19,2026-09-28
695.0,301,156,2026-12-19,2026-09-28
700.0,7518,2345,2026-12-19,2026-09-28
705.0,514,411,2026-12-19,2026-09-28
710.0,620,461,2026-12-19,2026-09-28
715.0,291,280,2026-12-19,2026-09-28
720.0,3485,378,2026-12-19,2026-09-28
725.0,873,256,2026-12-19,2026-09-28
730.0,10,0,2026-12-19,2026-09-28
730.0,2163,1859,2026-12-19,2026-09-28
735.0,477,222,2026-12-19,2026-09-28
740.0,942,168,2026-12-19,2026-09-28
745.0,527,156,2026-12-19,2026-09-28
750.0,5759,2057,2026-12-19,2026-09-28
755.0,2176,305,2026-12-19,2026-09-28
760.0,3057,405,2026-12-19,2026-09-28
765.0,2186,295,2026-12-19,2026-09-28
770.0,3487,128,2026-12-19,2026-09-28
775.0,2882,65,2026-12-19,2026-09-28
780.0,3736,106,2026-12-19,2026-09-28
785.0,715,46,2026-12-19,2026-09-28
790.0,1677,179,2026-12-19,2026-09-28
795.0,633,49,2026-12-19,2026-09-28
800.0,11964,289,2026-12-19,2026-09-28
805.0,50,0,2026-12-19,2026-09-28
805.0,2011,91,2026-12-19,2026-09-28
810.0,1973,26,2026-12-19,2026-09-28
815.0,2217,10,2026-12-19,2026-09-28
820.0,3409,88,2026-12-19,2026-09-28
825.0,2520,14,2026-12-19,2026-09-28
830.0,3176,13,2026-12-19,2026-09-28
835.0,259,21,2026-12-19,2026-09-28
840.0,1218,27,2026-12-19,2026-09-28
845.0,2468,4,2026-12-19,2026-09-28
850.0,3765,46,2026-12-19,2026-09-28
855.0,21,1,2026-12-19,2026-09-28
860.0,1811,1,2026-12-19,2026-09-28
865.0,529,1,2026-12-19,2026-09-28
870.0,937,6,2026-12-19,2026-09-28
875.0,35,12,2026-12-19,2026-09-28
880.0,894,12,2026-12-19,2026-09-28
885.0,6,0,2026-12-19,2026-09-28
890.0,247,2,2026-12-19,2026-09-28
895.0,18,0,2026-12-19,2026-09-28
900.0,3772,112,2026-12-19,2026-09-28
905.0,17,0,2026-12-19,2026-09-28
910.0,757,0,2026-12-19,2026-09-28
915.0,14,0,2026-12-19,2026-09-28
920.0,567,1,2026-12-19,2026-09-28
925.0,24,0,2026-12-19,2026-09-28
930.0,251,2,2026-12-19,2026-09-28
935.0,13,0,2026-12-19,2026-09-28
940.0,459,5,2026-12-19,2026-09-28
945.0,7,1,2026-12-19,2026-09-28
950.0,1562,1,2026-12-19,2026-09-28
955.0,4,0,2026-12-19,2026-09-28
960.0,265,0,2026-12-19,2026-09-28
965.0,8,0,2026-12-19,2026-09-28
970.0,1665,1,2026-12-19,2026-09-28
975.0,4,0,2026-12-19,2026-09-28
980.0,208,0,2026-12-19,2026-09-28
985.0,2,0,2026-12-19,2026-09-28
990.0,975,0,2026-12-19,2026-09-28
995.0,4,0,2026-12-19,2026-09-28
1000.0,4852,3,2026-12-19,2026-09-28
1020.0,613,0,2026-12-19,2026-09-28
1030.0,1581,0,2026-12-19,2026-09-28
1040.0,193,0,2026-12-19,2026-09-28
1050.0,291,0,2026-12-19,2026-09-28
1060.0,241,0,2026-12-19,2026-09-28
1070.0,274,0,2026-12-19,2026-09-28
1080.0,215,0,2026-12-19,2026-09-28
1090.0,89,0,2026-12-19,2026-09-28
1100.0,1371,0,2026-12-19,2026-09-28
1110.0,175,0,2026-12-19,2026-09-28
1120.0,417,0,2026-12-19,2026-09-28
1130.0,93,0,2026-12-19,2026-09-28
1140.0,183,0,2026-12-19,2026-09-28
1150.0,1744,0,2026-12-19,2026-09-28
1160.0,33,0,2026-12-19,2026-09-28
1170.0,51,0,2026-12-19,2026-09-28
1180.0,250,0,2026-12-19,2026-09-28
1190.0,94,0,2026-12-19,2026-09-28
1200.0,1957,0,2026-12-19,2026-09-28
1210.0,124,0,2026-12-19,2026-09-28
1220.0,150,0,2026-12-19,2026-09-28
1230.0,373,0,2026-12-19,2026-09-28
1240.0,1846,0,2026-12-19,2026-09-28
1250.0,2023,0,2026-12-19,2026-09-28
1260.0,123,0,2026-12-19,2026-09-28
1270.0,189,0,2026-12-19,2026-09-28
1280.0,305,0,2026-12-19,2026-09-28
1290.0,8568,0,2026-12-19,2026-09-28
1300.0,8894,0,2026-12-19,2026-09-28
1310.0,110,0,2026-12-19,2026-09-28
1320.0,89,0,2026-12-19,2026-09-28
1330.0,81,0,2026-12-19,2026-09-28
1340.0,269,0,2026-12-19,2026-09-28
1350.0,410,0,2026-12-19,2026-09-28
1360.0,96,0,2026-12-19,2026-09-28
1370.0,148,0,2026-12-19,2026-09-28
1380.0,65,0,2026-12-19,2026-09-28
1390.0,114,0,2026-12-19,2026-09-28
1400.0,2508,0,2026-12-19,2026-09-28
1410.0,490,0,2026-12-19,2026-09-28
1420.0,791,0,2026-12-19,2026-09-28
1430.0,904,0,2026-12-19,2026-09-28
1440.0,43,0,2026-12-19,2026-09-28
1450.0,62,0,2026-12-19,2026-09-28
1460.0,271,0,2026-12-19,2026-09-28
1470.0,137,0,2026-12-19,2026-09-28
1480.0,2058,0,2026-12-19,2026-09-28
1490.0,128,0,2026-12-19,2026-09-28
860.0,237,0,2027-01-07,2026-09-28
5.0,68,3204,2027-01-16,2026-09-28
10.0,1,1,2027-01-16,2026-09-28
15.0,2,4,2027-01-16,2026-09-28
20.0,7,2,2027-01-16,2026-09-28
25.0,0,2,2027-01-16,2026-09-28
30.0,0,4,2027-01-16,2026-09-28
35.0,0,2,2027-01-16,2026-09-28
40.0,0,204,2027-01-16,2026-09-28
45.0,1,7,2027-01-16,2026-09-28
50.0,111,440,2027-01-16,2026-09-28
100.0,126,3068,2027-01-16,2026-09-28
110.0,283,363,2027-01-16,2026-09-28
120.0,11,100,2027-01-16,2026-09-28
130.0,16,106,2027-01-16,2026-09-28
140.0,13,207,2027-01-16,2026-09-28
150.0,16,292,2027-01-16,2026-09-28
160.0,38,178,2027-01-16,2026-09-28
170.0,36,468,2027-01-16,2026-09-28
180.0,191,253,2027-01-16,2026-09-28
190.0,27,176,2027-01-16,2026-09-28
200.0,160,483,2027-01-16,2026-09-28
210.0,56,387,2027-01-16,2026-09-28
220.0,174,1124,2027-01-16,2026-09-28
230.0,55,601,2027-01-16,2026-09-28
240.0,73,379,2027-01-16,2026-09-28
242.5,0,75,2027-01-16,2026-09-28
250.0,86,1046,2027-01-16,2026-09-28
260.0,58,220,2027-01-16,2026-09-28
270.0,281,1033,2027-01-16,2026-09-28
280.0,55,355,2027-01-16,2026-09-28
290.0,168,363,2027-01-16,2026-09-28
300.0,376,1305,2027-01-16,2026-09-28
310.0,22,442,2027-01-16,2026-09-28
320.0,77,792,2027-01-16,2026-09-28
330.0,63,511,2027-01-16,2026-09-28
340.0,40,475,2027-01-16,2026-09-28
350.0,161,1606,2027-01-16,2026-09-28
360.0,86,515,2027-01-16,2026-09-28
370.0,45,1436,2027-01-16,2026-09-28
380.0,54,850,2027-01-16,2026-09-28
390.0,124,1265,2027-01-16,2026-09-28
400.0,506,4339,2027-01-16,2026-09-28
410.0,119,1318,2027-01-16,2026-09-28
420.0,200,1732,2027-01-16,2026-09-28
430.0,126,2830,2027-01-16,2026-09-28
440.0,152,2634,2027-01-16,2026-09-28
450.0,252,7215,2027-01-16,2026-09-28
460.0,141,2860,2027-01-16,2026-09-28
470.0,91,2118,2027-01-16,2026-09-28
480.0,261,2702,2027-01-16,2026-09-28
490.0,350,3315,2027-01-16,2026-09-28
500.0,2090,8075,2027-01-16,2026-09-28
510.0,1625,5164,2027-01-16,2026-09-28
520.0,398,3809,2027-01-16,2026-09-28
530.0,472,4116,2027-01-16,2026-09-28
540.0,821,3648,2027-01-16,2026-09-28
550.0,0,10,2027-01-16,2026-09-28
550.0,1572,6134,2027-01-16,2026-09-28
560.0,1209,3493,2027-01-16,2026-09-28
570.0,931,6810,2027-01-16,2026-09-28
580.0,1145,3698,2027-01-16,2026-09-28
590.0,1355,1750,2027-01-16,2026-09-28
597.6,0,262,2027-01-16,2026-09-28
599.0,280,0,2027-01-16,2026-09-28
600.0,6007,6000,2027-01-16,2026-09-28
610.0,1864,2400,2027-01-16,2026-09-28
620.0,2381,2323,2027-01-16,2026-09-28
630.0,2983,3235,2027-01-16,2026-09-28
640.0,1280,5329,2027-01-16,2026-09-28
650.0,0,26,2027-01-16,2026-09-28
650.0,4742,3676,2027-01-16,2026-09-28
660.0,1000,1007,2027-01-16,2026-09-28
660.0,3339,1657,2027-01-16,2026-09-28
670.0,2536,2407,2027-01-16,2026-09-28
680.0,2519,1358,2027-01-16,2026-09-28
690.0,1108,756,2027-01-16,2026-09-28
700.0,115298,3631,2027-01-16,2026-09-28
700.01,10325,10325,2027-01-16,2026-09-28
710.0,1535,912,2027-01-16,2026-09-28
720.0,0,26,2027-01-16,2026-09-28
720.0,2738,1399,2027-01-16,2026-09-28
730.0,3733,488,2027-01-16,2026-09-28
740.0,2516,600,2027-01-16,2026-09-28
750.0,244869,4062,2027-01-16,2026-09-28
760.0,4008,686,2027-01-16,2026-09-28
770.0,10,0,2027-01-16,2026-09-28
770.0,4823,750,2027-01-16,2026-09-28
780.0,3637,709,2027-01-16,2026-09-28
790.0,1913,239,2027-01-16,2026-09-28
800.0,108118,611,2027-01-16,2026-09-28
805.1,262,0,2027-01-16,2026-09-28
810.0,5138,231,2027-01-16,2026-09-28
820.0,3542,85,2027-01-16,2026-09-28
830.0,33376,193,2027-01-16,2026-09-28
840.0,1726,129,2027-01-16,2026-09-28
850.0,6050,198,2027-01-16,2026-09-28
860.0,10,0,2027-01-16,2026-09-28
860.0,2210,27,2027-01-16,2026-09-28
870.0,1130,2,2027-01-16,2026-09-28
880.0,841,1,2027-01-16,2026-09-28
890.0,7,0,2027-01-16,2026-09-28
890.0,1316,3,2027-01-16,2026-09-28
900.0,11664,28,2027-01-16,2026-09-28
910.0,1301,1,2027-01-16,2026-09-28
920.0,2999,1,2027-01-16,2026-09-28
930.0,898,0,2027-01-16,2026-09-28
940.0,1088,0,2027-01-16,2026-09-28
950.0,1708,1,2027-01-16,2026-09-28
960.0,575,0,2027-01-16,2026-09-28
970.0,560,0,2027-01-16,2026-09-28
980.0,553,0,2027-01-16,2026-09-28
990.0,535,0,2027-01-16,2026-09-28
1000.0,6901,18,2027-01-16,2026-09-28
1010.0,475,0,2027-01-16,2026-09-28
1020.0,570,20,2027-01-16,2026-09-28
1030.0,451,1,2027-01-16,2026-09-28
1040.0,291,0,2027-01-16,2026-09-28
1050.0,957,0,2027-01-16,2026-09-28
1060.0,340,0,2027-01-16,2026-09-28
1070.0,478,0,2027-01-16,2026-09-28
1080.0,456,0,2027-01-16,2026-09-28
1090.0,461,0,2027-01-16,2026-09-28
1100.0,4296,30,2027-01-16,2026-09-28
1110.0,495,0,2027-01-16,2026-09-28
1120.0,336,0,2027-01-16,2026-09-28
1130.0,385,0,2027-01-16,2026-09-28
1140.0,293,0,2027-01-16,2026-09-28
1150.0,6034,0,2027-01-16,2026-09-28
1160.0,672,0,2027-01-16,2026-09-28
1170.0,448,0,2027-01-16,2026-09-28
1180.0,291,0,2027-01-16,2026-09-28
1190.0,643,0,2027-01-16,2026-09-28
1200.0,2226,0,2027-01-16,2026-09-28
1210.0,200,0,2027-01-16,2026-09-28
1220.0,317,0,2027-01-16,2026-09-28
1230.0,138,0,2027-01-16,2026-09-28
1240.0,659,0,2027-01-16,2026-09-28
1250.0,33794,0,2027-01-16,2026-09-28
1260.0,473,0,2027-01-16,2026-09-28
1270.0,911,0,2027-01-16,2026-09-28
1280.0,379,0,2027-01-16,2026-09-28
1290.0,379,0,2027-01-16,2026-09-28
1300.0,1610,0,2027-01-16,2026-09-28
1310.0,111,0,2027-01-16,2026-09-28
1320.0,388,0,2027-01-16,2026-09-28
1330.0,475,0,2027-01-16,2026-09-28
1340.0,160,0,2027-01-16,2026-09-28
1350.0,532,0,2027-01-16,2026-09-28
1360.0,759,0,2027-01-16,2026-09-28
1370.0,162,0,2027-01-16,2026-09-28
1380.0,130,0,2027-01-16,2026-09-28
1390.0,254,0,2027-01-16,2026-09-28
1400.0,1701,0,2027-01-16,2026-09-28
1410.0,347,0,2027-01-16,2026-09-28
1420.0,625,0,2027-01-16,2026-09-28
1430.0,15844,0,2027-01-16,2026-09-28
1440.0,379,0,2027-01-16,2026-09-28
1450.0,200,0,2027-01-16,2026-09-28
1460.0,157,0,2027-01-16,2026-09-28
1470.0,164,0,2027-01-16,2026-09-28
1480.0,2769,0,2027-01-16,2026-09-28
1490.0,924,0,2027-01-16,2026-09-28
490.1,0,132,2027-01-27,2026-09-28
805.1,132,0,2027-01-27,2026-09-28
637.45,0,8,2027-01-30,2026-09-28
776.0,0,0,2027-01-30,2026-09-28
100.0,20,3,2027-02-20,2026-09-28
110.0,0,4,2027-02-20,2026-09-28
120.0,0,11,2027-02-20,2026-09-28
130.0,9,14,2027-02-20,2026-09-28
140.0,0,13,2027-02-20,2026-09-28
150.0,0,24,2027-02-20,2026-09-28
160.0,2,15,2027-02-20,2026-09-28
170.0,0,38,2027-02-20,2026-09-28
180.0,0,39,2027-02-20,2026-09-28
190.0,0,31,2027-02-20,2026-09-28
200.0,51,1006,2027-02-20,2026-09-28
210.0,0,72,2027-02-20,2026-09-28
220.0,0,112,2027-02-20,2026-09-28
230.0,0,42,2027-02-20,2026-09-28
240.0,0,88,2027-02-20,2026-09-28
250.0,6,34,2027-02-20,2026-09-28
260.0,1,48,2027-02-20,2026-09-28
270.0,2,80,2027-02-20,2026-09-28
280.0,5,85,2027-02-20,2026-09-28
290.0,0,77,2027-02-20,2026-09-28
300.0,17,228,2027-02-20,2026-09-28
310.0,0,30,2027-02-20,2026-09-28
320.0,3,46,2027-02-20,2026-09-28
330.0,6,46,2027-02-20,2026-09-28
340.0,9,87,2027-02-20,2026-09-28
350.0,14,174,2027-02-20,2026-09-28
360.0,7,44,2027-02-20,2026-09-28
370.0,2,59,2027-02-20,2026-09-28
380.0,7,136,2027-02-20,2026-09-28
390.0,13,113,2027-02-20,2026-09-28
400.0,14,159,2027-02-20,2026-09-28
410.0,52,306,2027-02-20,2026-09-28
420.0,3,325,2027-02-20,2026-09-28
430.0,5,572,2027-02-20,2026-09-28
440.0,6,568,2027-02-20,2026-09-28
450.0,57,919,2027-02-20,2026-09-28
460.0,77,481,2027-02-20,2026-09-28
470.0,110,650,2027-02-20,2026-09-28
480.0,22,1611,2027-02-20,2026-09-28
490.0,51,659,2027-02-20,2026-09-28
500.0,141,1217,2027-02-20,2026-09-28
510.0,19,665,2027-02-20,2026-09-28
520.0,71,623,2027-02-20,2026-09-28
530.0,74,669,2027-02-20,2026-09-28
540.0,662,767,2027-02-20,2026-09-28
550.0,241,957,2027-02-20,2026-09-28
560.0,201,568,2027-02-20,2026-09-28
570.0,0,2,2027-02-20,2026-09-28
570.0,137,362,2027-02-20,2026-09-28
575.0,0,36,2027-02-20,2026-09-28
580.0,287,1197,2027-02-20,2026-09-28
590.0,699,381,2027-02-20,2026-09-28
600.0,1046,511,2027-02-20,2026-09-28
610.0,292,96,2027-02-20,2026-09-28
620.0,146,123,2027-02-20,2026-09-28
630.0,237,82,2027-02-20,2026-09-28
640.0,174,181,2027-02-20,2026-09-28
650.0,3332,378,2027-02-20,2026-09-28
660.0,295,85,2027-02-20,2026-09-28
670.0,654,203,2027-02-20,2026-09-28
680.0,208,61,2027-02-20,2026-09-28
690.0,390,329,2027-02-20,2026-09-28
692.0,36,0,2027-02-20,2026-09-28
700.0,2104,190,2027-02-20,2026-09-28
710.0,250,176,2027-02-20,2026-09-28
720.0,358,67,2027-02-20,2026-09-28
730.0,2,0,2027-02-20,2026-09-28
730.0,557,328,2027-02-20,2026-09-28
740.0,410,55,2027-02-20,2026-09-28
750.0,1070,369,2027-02-20,2026-09-28
760.0,356,160,2027-02-20,2026-09-28
770.0,249,39,2027-02-20,2026-09-28
780.0,738,22,2027-02-20,2026-09-28
790.0,184,20,2027-02-20,2026-09-28
800.0,1464,90,2027-02-20,2026-09-28
810.0,169,3,2027-02-20,2026-09-28
820.0,284,0,2027-02-20,2026-09-28
830.0,203,4,2027-02-20,2026-09-28
840.0,137,1,2027-02-20,2026-09-28
850.0,627,86,2027-02-20,2026-09-28
860.0,260,0,2027-02-20,2026-09-28
870.0,100,0,2027-02-20,2026-09-28
880.0,308,0,2027-02-20,2026-09-28
890.0,56,0,2027-02-20,2026-09-28
900.0,6366,26,2027-02-20,2026-09-28
910.0,94,1,2027-02-20,2026-09-28
920.0,83,0,2027-02-20,2026-09-28
930.0,71,1,2027-02-20,2026-09-28
940.0,108,0,2027-02-20,2026-09-28
950.0,104,0,2027-02-20,2026-09-28
960.0,305,0,2027-02-20,2026-09-28
970.0,60,0,2027-02-20,2026-09-28
980.0,98,1,2027-02-20,2026-09-28
990.0,190,0,2027-02-20,2026-09-28
1000.0,847,1,2027-02-20,2026-09-28
1010.0,78,0,2027-02-20,2026-09-28
1020.0,45,0,2027-02-20,2026-09-28
1030.0,62,0,2027-02-20,2026-09-28
1040.0,12,0,2027-02-20,2026-09-28
1050.0,52,1,2027-02-20,2026-09-28
1060.0,22,0,2027-02-20,2026-09-28
1070.0,163,0,2027-02-20,2026-09-28
1080.0,67,0,2027-02-20,2026-09-28
1090.0,2,0,2027-02-20,2026-09-28
1100.0,469,0,2027-02-20,2026-09-28
1110.0,101,0,2027-02-20,2026-09-28
1120.0,30,0,2027-02-20,2026-09-28
1130.0,25,0,2027-02-20,2026-09-28
1140.0,41,0,2027-02-20,2026-09-28
1150.0,79,0,2027-02-20,2026-09-28
1160.0,31,0,2027-02-20,2026-09-28
1170.0,47,0,2027-02-20,2026-09-28
1180.0,128,0,2027-02-20,2026-09-28
1190.0,468,0,2027-02-20,2026-09-28
1200.0,3,0,2027-02-20,2026-09-28
1210.0,21,0,2027-02-20,2026-09-28
1220.0,0,0,2027-02-20,2026-09-28
1230.0,18,0,2027-02-20,2026-09-28
1240.0,27,0,2027-02-20,2026-09-28
1250.0,398,0,2027-02-20,2026-09-28
1260.0,5,0,2027-02-20,2026-09-28
1270.0,0,0,2027-02-20,2026-09-28
1280.0,20,0,2027-02-20,2026-09-28
1290.0,0,0,2027-02-20,2026-09-28
1300.0,0,0,2027-02-20,2026-09-28
1310.0,0,0,2027-02-20,2026-09-28
1320.0,0,0,2027-02-20,2026-09-28
1330.0,0,0,2027-02-20,2026-09-28
1340.0,0,0,2027-02-20,2026-09-28
1350.0,0,0,2027-02-20,2026-09-28
1360.0,0,0,2027-02-20,2026-09-28
1370.0,20,0,2027-02-20,2026-09-28
1380.0,0,0,2027-02-20,2026-09-28
1390.0,0,0,2027-02-20,2026-09-28
1400.0,81,0,2027-02-20,2026-09-28
1410.0,0,0,2027-02-20,2026-09-28
1420.0,1,0,2027-02-20,2026-09-28
1430.0,0,0,2027-02-20,2026-09-28
1440.0,0,0,2027-02-20,2026-09-28
1450.0,0,0,2027-02-20,2026-09-28
1460.0,0,0,2027-02-20,2026-09-28
1470.0,0,0,2027-02-20,2026-09-28
1480.0,2,0,2027-02-20,2026-09-28
1490.0,47,0,2027-02-20,2026-09-28
490.93,0,40,2027-02-25,2026-09-28
612.0,0,75,2027-03-17,2026-09-28
794.92,75,0,2027-03-17,2026-09-28
5.0,1761,0,2027-03-20,2026-09-28
10.0,11,3002,2027-03-20,2026-09-28
15.0,0,15,2027-03-20,2026-09-28
20.0,0,0,2027-03-20,2026-09-28
25.0,0,0,2027-03-20,2026-09-28
30.0,0,0,2027-03-20,2026-09-28
35.0,0,0,2027-03-20,2026-09-28
40.0,10,0,2027-03-20,2026-09-28
45.0,0,15,2027-03-20,2026-09-28
50.0,0,18,2027-03-20,2026-09-28
100.0,1,79,2027-03-20,2026-09-28
110.0,209,6,2027-03-20,2026-09-28
120.0,0,272,2027-03-20,2026-09-28
130.0,0,23,2027-03-20,2026-09-28
140.0,0,84,2027-03-20,2026-09-28
150.0,1,158,2027-03-20,2026-09-28
160.0,2,77,2027-03-20,2026-09-28
170.0,21,140,2027-03-20,2026-09-28
180.0,1,74,2027-03-20,2026-09-28
190.0,2,31,2027-03-20,2026-09-28
200.0,5,67,2027-03-20,2026-09-28
210.0,1,35,2027-03-20,2026-09-28
220.0,0,186,2027-03-20,2026-09-28
230.0,35,102,2027-03-20,2026-09-28
240.0,51,59,2027-03-20,2026-09-28
250.0,0,204,2027-03-20,2026-09-28
260.0,2,97,2027-03-20,2026-09-28
270.0,23,441,2027-03-20,2026-09-28
280.0,44,73,2027-03-20,2026-09-28
290.0,2,46,2027-03-20,2026-09-28
300.0,21,364,2027-03-20,2026-09-28
310.0,5,43,2027-03-20,2026-09-28
320.0,12,115,2027-03-20,2026-09-28
330.0,16,49,2027-03-20,2026-09-28
340.0,6,277,2027-03-20,2026-09-28
350.0,25,420,2027-03-20,2026-09-28
360.0,24,347,2027-03-20,2026-09-28
370.0,18,427,2027-03-20,2026-09-28
380.0,113,408,2027-03-20,2026-09-28
390.0,73,303,2027-03-20,2026-09-28
400.0,84,1388,2027-03-20,2026-09-28
410.0,30,806,2027-03-20,2026-09-28
420.0,33,2668,2027-03-20,2026-09-28
430.0,162,968,2027-03-20,2026-09-28
440.0,18,543,2027-03-20,2026-09-28
450.0,138,4139,2027-03-20,2026-09-28
460.0,86,2038,2027-03-20,2026-09-28
470.0,36,1322,2027-03-20,2026-09-28
480.0,47,1412,2027-03-20,2026-09-28
490.0,39,1722,2027-03-20,2026-09-28
500.0,455,4461,2027-03-20,2026-09-28
510.0,0,150,2027-03-20,2026-09-28
510.0,55,885,2027-03-20,2026-09-28
520.0,62,1095,2027-03-20,2026-09-28
530.0,153,1104,2027-03-20,2026-09-28
540.0,258,1803,2027-03-20,2026-09-28
550.0,830,4334,2027-03-20,2026-09-28
560.0,317,941,2027-03-20,2026-09-28
565.0,41,346,2027-03-20,2026-09-28
570.0,532,1420,2027-03-20,2026-09-28
575.0,529,269,2027-03-20,2026-09-28
580.0,761,1481,2027-03-20,2026-09-28
585.0,196,327,2027-03-20,2026-09-28
590.0,285,539,2027-03-20,2026-09-28
595.0,258,293,2027-03-20,2026-09-28
600.0,2002,1633,2027-03-20,2026-09-28
605.0,84,257,2027-03-20,2026-09-28
610.0,394,1700,2027-03-20,2026-09-28
615.0,294,208,2027-03-20,2026-09-28
620.0,414,967,2027-03-20,2026-09-28
625.0,125,377,2027-03-20,2026-09-28
630.0,334,634,2027-03-20,2026-09-28
635.0,96,376,2027-03-20,2026-09-28
640.0,371,390,2027-03-20,2026-09-28
645.0,148,231,2027-03-20,2026-09-28
650.0,4502,1184,2027-03-20,2026-09-28
655.0,133,238,2027-03-20,2026-09-28
660.0,678,581,2027-03-20,2026-09-28
665.0,206,5124,2027-03-20,2026-09-28
670.0,444,396,2027-03-20,2026-09-28
675.0,314,132,2027-03-20,2026-09-28
680.0,661,499,2027-03-20,2026-09-28
685.0,172,178,2027-03-20,2026-09-28
690.0,451,227,2027-03-20,2026-09-28
695.0,62,181,2027-03-20,2026-09-28
700.0,3338,492,2027-03-20,2026-09-28
705.0,108,75,2027-03-20,2026-09-28
710.0,765,189,2027-03-20,2026-09-28
715.0,487,350,2027-03-20,2026-09-28
720.0,340,210,2027-03-20,2026-09-28
725.0,141,100,2027-03-20,2026-09-28
730.0,548,357,2027-03-20,2026-09-28
735.0,156,63,2027-03-20,2026-09-28
740.0,375,219,2027-03-20,2026-09-28
745.0,238,55,2027-03-20,2026-09-28
750.0,16,0,2027-03-20,2026-09-28
750.0,1249,252,2027-03-20,2026-09-28
755.0,163,67,2027-03-20,2026-09-28
760.0,454,218,2027-03-20,2026-09-28
770.0,426,93,2027-03-20,2026-09-28
780.0,1325,116,2027-03-20,2026-09-28
790.0,376,176,2027-03-20,2026-09-28
800.0,6986,282,2027-03-20,2026-09-28
810.0,641,160,2027-03-20,2026-09-28
820.0,473,11,2027-03-20,2026-09-28
830.0,468,2,2027-03-20,2026-09-28
840.0,326,4,2027-03-20,2026-09-28
850.0,2183,124,2027-03-20,2026-09-28
860.0,674,4,2027-03-20,2026-09-28
870.0,400,4,2027-03-20,2026-09-28
880.0,813,4,2027-03-20,2026-09-28
890.0,197,6,2027-03-20,2026-09-28
900.0,5187,7,2027-03-20,2026-09-28
910.0,548,0,2027-03-20,2026-09-28
920.0,829,0,2027-03-20,2026-09-28
930.0,285,0,2027-03-20,2026-09-28
940.0,1310,0,2027-03-20,2026-09-28
950.0,4264,0,2027-03-20,2026-09-28
960.0,727,0,2027-03-20,2026-09-28
970.0,114,0,2027-03-20,2026-09-28
980.0,635,0,2027-03-20,2026-09-28
990.0,611,0,2027-03-20,2026-09-28
1000.0,2959,2,2027-03-20,2026-09-28
1010.0,138,0,2027-03-20,2026-09-28
1020.0,1204,1,2027-03-20,2026-09-28
1030.0,381,0,2027-03-20,2026-09-28
1040.0,1030,0,2027-03-20,2026-09-28
1050.0,164,0,2027-03-20,2026-09-28
1060.0,110,0,2027-03-20,2026-09-28
1070.0,280,0,2027-03-20,2026-09-28
1080.0,588,0,2027-03-20,2026-09-28
1090.0,947,0,2027-03-20,2026-09-28
1100.0,3971,0,2027-03-20,2026-09-28
1110.0,51,0,2027-03-20,2026-09-28
1120.0,74,0,2027-03-20,2026-09-28
1130.0,59,0,2027-03-20,2026-09-28
1140.0,64,0,2027-03-20,2026-09-28
1150.0,85,0,2027-03-20,2026-09-28
1160.0,56,0,2027-03-20,2026-09-28
1170.0,65,0,2027-03-20,2026-09-28
1180.0,102,0,2027-03-20,2026-09-28
1190.0,54,0,2027-03-20,2026-09-28
1200.0,382,0,2027-03-20,2026-09-28
1210.0,396,0,2027-03-20,2026-09-28
1220.0,825,0,2027-03-20,2026-09-28
1230.0,45,0,2027-03-20,2026-09-28
1240.0,454,0,2027-03-20,2026-09-28
1250.0,1239,0,2027-03-20,2026-09-28
1260.0,51,0,2027-03-20,2026-09-28
1270.0,1,0,2027-03-20,2026-09-28
1280.0,0,0,2027-03-20,2026-09-28
1290.0,71,0,2027-03-20,2026-09-28
1300.0,13,0,2027-03-20,2026-09-28
1310.0,0,0,2027-03-20,2026-09-28
1320.0,3,0,2027-03-20,2026-09-28
1330.0,0,0,2027-03-20,2026-09-28
1340.0,3,0,2027-03-20,2026-09-28
1350.0,3,0,2027-03-20,2026-09-28
1360.0,1,0,2027-03-20,2026-09-28
1370.0,11,0,2027-03-20,2026-09-28
1380.0,11,0,2027-03-20,2026-09-28
1390.0,1,0,2027-03-20,2026-09-28
1400.0,63,0,2027-03-20,2026-09-28
1410.0,5,0,2027-03-20,2026-09-28
1420.0,6,0,2027-03-20,2026-09-28
1430.0,0,0,2027-03-20,2026-09-28
1440.0,28,0,2027-03-20,2026-09-28
1450.0,1,0,2027-03-20,2026-09-28
1460.0,2,0,2027-03-20,2026-09-28
1470.0,19,0,2027-03-20,2026-09-28
1480.0,147,0,2027-03-20,2026-09-28
1490.0,266,0,2027-03-20,2026-09-28
492.79,0,35,2027-03-31,2026-09-28
5.0,1161,4,2027-06-18,2026-09-28
10.0,12,1,2027-06-18,2026-09-28
15.0,1,0,2027-06-18,2026-09-28
20.0,1,1,2027-06-18,2026-09-28
25.0,0,0,2027-06-18,2026-09-28
30.0,0,0,2027-06-18,2026-09-28
35.0,0,0,2027-06-18,2026-09-28
40.0,2,0,2027-06-18,2026-09-28
45.0,2,7,2027-06-18,2026-09-28
50.0,95,30,2027-06-18,2026-09-28
260.0,98,475,2027-06-18,2026-09-28
270.0,75,122,2027-06-18,2026-09-28
280.0,31,149,2027-06-18,2026-09-28
290.0,1,277,2027-06-18,2026-09-28
300.0,43,208,2027-06-18,2026-09-28
310.0,37,205,2027-06-18,2026-09-28
320.0,134,203,2027-06-18,2026-09-28
330.0,23,745,2027-06-18,2026-09-28
340.0,29,273,2027-06-18,2026-09-28
350.0,40,469,2027-06-18,2026-09-28
360.0,43,775,2027-06-18,2026-09-28
370.0,89,451,2027-06-18,2026-09-28
380.0,92,699,2027-06-18,2026-09-28
390.0,44,1192,2027-06-18,2026-09-28
400.0,259,1855,2027-06-18,2026-09-28
410.0,19,497,2027-06-18,2026-09-28
420.0,63,4446,2027-06-18,2026-09-28
430.0,172,1006,2027-06-18,2026-09-28
440.0,62,631,2027-06-18,2026-09-28
450.0,160,3653,2027-06-18,2026-09-28
460.0,61,1698,2027-06-18,2026-09-28
470.0,90,1446,2027-06-18,2026-09-28
480.0,276,1416,2027-06-18,2026-09-28
490.0,141,1161,2027-06-18,2026-09-28
500.0,836,5217,2027-06-18,2026-09-28
520.0,564,3782,2027-06-18,2026-09-28
540.0,1558,4370,2027-06-18,2026-09-28
560.0,1013,2430,2027-06-18,2026-09-28
580.0,997,3354,2027-06-18,2026-09-28
600.0,3973,4395,2027-06-18,2026-09-28
620.0,1944,2527,2027-06-18,2026-09-28
640.0,2123,4883,2027-06-18,2026-09-28
660.0,2176,1774,2027-06-18,2026-09-28
680.0,1801,2213,2027-06-18,2026-09-28
700.0,2881,1807,2027-06-18,2026-09-28
720.0,2060,1097,2027-06-18,2026-09-28
740.0,3356,1010,2027-06-18,2026-09-28
760.0,3425,1649,2027-06-18,2026-09-28
780.0,2442,225,2027-06-18,2026-09-28
789.05,54,54,2027-06-18,2026-09-28
800.0,3629,278,2027-06-18,2026-09-28
820.0,1535,74,2027-06-18,2026-09-28
840.0,2230,136,2027-06-18,2026-09-28
860.0,1567,191,2027-06-18,2026-09-28
880.0,3104,29,2027-06-18,2026-09-28
900.0,3465,219,2027-06-18,2026-09-28
920.0,3126,49,2027-06-18,2026-09-28
940.0,797,13,2027-06-18,2026-09-28
960.0,669,18,2027-06-18,2026-09-28
980.0,751,0,2027-06-18,2026-09-28
1000.0,2534,17,2027-06-18,2026-09-28
1020.0,873,0,2027-06-18,2026-09-28
1040.0,686,15,2027-06-18,2026-09-28
1060.0,512,0,2027-06-18,2026-09-28
1080.0,304,0,2027-06-18,2026-09-28
1100.0,518,0,2027-06-18,2026-09-28
1120.0,226,0,2027-06-18,2026-09-28
1140.0,151,0,2027-06-18,2026-09-28
1160.0,364,1,2027-06-18,2026-09-28
1180.0,230,0,2027-06-18,2026-09-28
1200.0,1066,1,2027-06-18,2026-09-28
1220.0,474,1,2027-06-18,2026-09-28
1240.0,358,0,2027-06-18,2026-09-28
1260.0,100,0,2027-06-18,2026-09-28
1280.0,102,0,2027-06-18,2026-09-28
1300.0,164,0,2027-06-18,2026-09-28
1310.0,30,0,2027-06-18,2026-09-28
1320.0,128,0,2027-06-18,2026-09-28
1330.0,48,0,2027-06-18,2026-09-28
1340.0,104,0,2027-06-18,2026-09-28
1350.0,150,0,2027-06-18,2026-09-28
1360.0,96,0,2027-06-18,2026-09-28
1370.0,89,0,2027-06-18,2026-09-28
1380.0,145,0,2027-06-18,2026-09-28
1390.0,81,0,2027-06-18,2026-09-28
1400.0,1171,0,2027-06-18,2026-09-28
1410.0,157,0,2027-06-18,2026-09-28
1420.0,646,0,2027-06-18,2026-09-28
1430.0,72,0,2027-06-18,2026-09-28
1440.0,85,0,2027-06-18,2026-09-28
1450.0,147,0,2027-06-18,2026-09-28
1460.0,344,0,2027-06-18,2026-09-28
1470.0,201,0,2027-06-18,2026-09-28
1480.0,2307,0,2027-06-18,2026-09-28
1490.0,125,0,2027-06-18,2026-09-28
5.0,1661,0,2027-09-18,2026-09-28
10.0,0,0,2027-09-18,2026-09-28
15.0,0,0,2027-09-18,2026-09-28
20.0,1,0,2027-09-18,2026-09-28
25.0,0,0,2027-09-18,2026-09-28
30.0,1,0,2027-09-18,2026-09-28
35.0,0,0,2027-09-18,2026-09-28
40.0,0,0,2027-09-18,2026-09-28
45.0,0,0,2027-09-18,2026-09-28
50.0,4,3,2027-09-18,2026-09-28
60.0,0,6,2027-09-18,2026-09-28
70.0,1,19,2027-09-18,2026-09-28
80.0,0,9,2027-09-18,2026-09-28
90.0,0,25,2027-09-18,2026-09-28
100.0,0,122,2027-09-18,2026-09-28
110.0,450,67,2027-09-18,2026-09-28
120.0,2,6,2027-09-18,2026-09-28
130.0,5,4,2027-09-18,2026-09-28
140.0,2,26,2027-09-18,2026-09-28
150.0,2,64,2027-09-18,2026-09-28
160.0,4,50,2027-09-18,2026-09-28
170.0,4,28,2027-09-18,2026-09-28
180.0,61,63,2027-09-18,2026-09-28
190.0,1,24,2027-09-18,2026-09-28
200.0,62,74,2027-09-18,2026-09-28
210.0,202,6,2027-09-18,2026-09-28
220.0,139,198,2027-09-18,2026-09-28
230.0,117,12,2027-09-18,2026-09-28
240.0,42,118,2027-09-18,2026-09-28
250.0,35,40,2027-09-18,2026-09-28
260.0,46,62,2027-09-18,2026-09-28
270.0,7,399,2027-09-18,2026-09-28
280.0,11,40,2027-09-18,2026-09-28
290.0,12,246,2027-09-18,2026-09-28
300.0,68,52,2027-09-18,2026-09-28
310.0,79,1068,2027-09-18,2026-09-28
320.0,19,79,2027-09-18,2026-09-28
330.0,17,254,2027-09-18,2026-09-28
340.0,36,50,2027-09-18,2026-09-28
350.0,29,201,2027-09-18,2026-09-28
360.0,34,90,2027-09-18,2026-09-28
370.0,12,86,2027-09-18,2026-09-28
380.0,38,178,2027-09-18,2026-09-28
390.0,143,121,2027-09-18,2026-09-28
400.0,170,1004,2027-09-18,2026-09-28
410.0,58,264,2027-09-18,2026-09-28
420.0,36,691,2027-09-18,2026-09-28
430.0,73,675,2027-09-18,2026-09-28
440.0,75,161,2027-09-18,2026-09-28
450.0,180,647,2027-09-18,2026-09-28
460.0,65,1281,2027-09-18,2026-09-28
470.0,105,738,2027-09-18,2026-09-28
480.0,148,434,2027-09-18,2026-09-28
490.0,0,63,2027-09-18,2026-09-28
490.0,25,272,2027-09-18,2026-09-28
500.0,259,1572,2027-09-18,2026-09-28
510.0,39,468,2027-09-18,2026-09-28
520.0,72,530,2027-09-18,2026-09-28
530.0,164,300,2027-09-18,2026-09-28
540.0,147,642,2027-09-18,2026-09-28
550.0,277,1546,2027-09-18,2026-09-28
560.0,99,215,2027-09-18,2026-09-28
570.0,126,392,2027-09-18,2026-09-28
580.0,303,191,2027-09-18,2026-09-28
590.0,80,0,2027-09-18,2026-09-28
590.0,149,230,2027-09-18,2026-09-28
600.0,1584,931,2027-09-18,2026-09-28
610.0,302,276,2027-09-18,2026-09-28
620.0,333,326,2027-09-18,2026-09-28
630.0,1726,148,2027-09-18,2026-09-28
640.0,271,509,2027-09-18,2026-09-28
650.0,645,649,2027-09-18,2026-09-28
660.0,196,121,2027-09-18,2026-09-28
670.0,197,90,2027-09-18,2026-09-28
680.0,339,230,2027-09-18,2026-09-28
690.0,264,155,2027-09-18,2026-09-28
700.0,1178,325,2027-09-18,2026-09-28
710.0,712,93,2027-09-18,2026-09-28
720.0,1000,93,2027-09-18,2026-09-28
730.0,272,150,2027-09-18,2026-09-28
740.0,364,694,2027-09-18,2026-09-28
750.0,63,0,2027-09-18,2026-09-28
750.0,542,117,2027-09-18,2026-09-28
760.0,602,21,2027-09-18,2026-09-28
770.0,232,34,2027-09-18,2026-09-28
780.0,2056,20,2027-09-18,2026-09-28
790.0,161,14,2027-09-18,2026-09-28
800.0,1352,490,2027-09-18,2026-09-28
810.0,312,20,2027-09-18,2026-09-28
820.0,267,6,2027-09-18,2026-09-28
830.0,157,52,2027-09-18,2026-09-28
840.0,256,24,2027-09-18,2026-09-28
850.0,766,8,2027-09-18,2026-09-28
860.0,146,8,2027-09-18,2026-09-28
870.0,476,5,2027-09-18,2026-09-28
880.0,1561,9,2027-09-18,2026-09-28
890.0,125,1,2027-09-18,2026-09-28
900.0,1616,8,2027-09-18,2026-09-28
910.0,175,1,2027-09-18,2026-09-28
920.0,1420,2,2027-09-18,2026-09-28
930.0,261,1,2027-09-18,2026-09-28
940.0,481,3,2027-09-18,2026-09-28
950.0,495,1,2027-09-18,2026-09-28
960.0,160,3,2027-09-18,2026-09-28
970.0,73,0,2027-09-18,2026-09-28
980.0,158,1,2027-09-18,2026-09-28
990.0,91,1,2027-09-18,2026-09-28
1000.0,735,4,2027-09-18,2026-09-28
1010.0,888,0,2027-09-18,2026-09-28
1020.0,53,0,2027-09-18,2026-09-28
1030.0,113,1,2027-09-18,2026-09-28
1040.0,19,0,2027-09-18,2026-09-28
1050.0,90,0,2027-09-18,2026-09-28
1060.0,76,0,2027-09-18,2026-09-28
1070.0,789,1,2027-09-18,2026-09-28
1080.0,490,0,2027-09-18,2026-09-28
1090.0,57,0,2027-09-18,2026-09-28
1100.0,541,0,2027-09-18,2026-09-28
1110.0,19,0,2027-09-18,2026-09-28
1120.0,53,0,2027-09-18,2026-09-28
1130.0,44,0,2027-09-18,2026-09-28
1140.0,15,0,2027-09-18,2026-09-28
1150.0,27,0,2027-09-18,2026-09-28
1160.0,213,1,2027-09-18,2026-09-28
1170.0,21,0,2027-09-18,2026-09-28
1180.0,112,0,2027-09-18,2026-09-28
1190.0,27,1,2027-09-18,2026-09-28
1200.0,105,1,2027-09-18,2026-09-28
1210.0,188,0,2027-09-18,2026-09-28
1220.0,31,2,2027-09-18,2026-09-28
1230.0,24,1,2027-09-18,2026-09-28
1240.0,210,0,2027-09-18,2026-09-28
1250.0,1120,1,2027-09-18,2026-09-28
1260.0,11,0,2027-09-18,2026-09-28
1270.0,30,0,2027-09-18,2026-09-28
1280.0,138,0,2027-09-18,2026-09-28
1290.0,138,0,2027-09-18,2026-09-28
1300.0,233,0,2027-09-18,2026-09-28
1310.0,67,0,2027-09-18,2026-09-28
1320.0,33,0,2027-09-18,2026-09-28
1330.0,30,0,2027-09-18,2026-09-28
1340.0,52,0,2027-09-18,2026-09-28
1350.0,20,0,2027-09-18,2026-09-28
1360.0,18,0,2027-09-18,2026-09-28
1370.0,39,0,2027-09-18,2026-09-28
1380.0,279,0,2027-09-18,2026-09-28
1390.0,42,0,2027-09-18,2026-09-28
1400.0,56,0,2027-09-18,2026-09-28
1410.0,12,0,2027-09-18,2026-09-28
1420.0,32,0,2027-09-18,2026-09-28
1430.0,93,0,2027-09-18,2026-09-28
1440.0,51,0,2027-09-18,2026-09-28
1450.0,191,0,2027-09-18,2026-09-28
1460.0,52,0,2027-09-18,2026-09-28
1470.0,78,0,2027-09-18,2026-09-28
1480.0,168,0,2027-09-18,2026-09-28
1490.0,107,0,2027-09-18,2026-09-28
740.66,538,0,2027-09-28,2026-09-28
5.0,7004,795,2027-12-18,2026-09-28
10.0,375,44,2027-12-18,2026-09-28
15.0,13,41,2027-12-18,2026-09-28
20.0,15,77,2027-12-18,2026-09-28
25.0,1,4,2027-12-18,2026-09-28
30.0,93,3,2027-12-18,2026-09-28
35.0,45,14,2027-12-18,2026-09-28
40.0,64,4,2027-12-18,2026-09-28
45.0,4,4,2027-12-18,2026-09-28
50.0,11,573,2027-12-18,2026-09-28
55.0,2,6,2027-12-18,2026-09-28
60.0,24,9,2027-12-18,2026-09-28
65.0,22,12,2027-12-18,2026-09-28
70.0,1,63,2027-12-18,2026-09-28
75.0,0,30,2027-12-18,2026-09-28
80.0,1,325,2027-12-18,2026-09-28
85.0,62,27,2027-12-18,2026-09-28
90.0,52,14,2027-12-18,2026-09-28
95.0,244,38,2027-12-18,2026-09-28
100.0,839,1142,2027-12-18,2026-09-28
110.0,278,129,2027-12-18,2026-09-28
120.0,144,195,2027-12-18,2026-09-28
130.0,98,91,2027-12-18,2026-09-28
140.0,93,23,2027-12-18,2026-09-28
150.0,55,2480,2027-12-18,2026-09-28
160.0,262,185,2027-12-18,2026-09-28
170.0,258,115,2027-12-18,2026-09-28
180.0,14,89,2027-12-18,2026-09-28
190.0,230,306,2027-12-18,2026-09-28
200.0,254,897,2027-12-18,2026-09-28
210.0,164,509,2027-12-18,2026-09-28
220.0,162,115,2027-12-18,2026-09-28
230.0,83,58,2027-12-18,2026-09-28
240.0,65,54,2027-12-18,2026-09-28
250.0,174,839,2027-12-18,2026-09-28
260.0,38,77,2027-12-18,2026-09-28
270.0,33,255,2027-12-18,2026-09-28
280.0,36,235,2027-12-18,2026-09-28
290.0,49,708,2027-12-18,2026-09-28
300.0,101,450,2027-12-18,2026-09-28
310.0,57,439,2027-12-18,2026-09-28
320.0,197,155,2027-12-18,2026-09-28
330.0,40,80,2027-12-18,2026-09-28
340.0,55,216,2027-12-18,2026-09-28
350.0,141,259,2027-12-18,2026-09-28
360.0,117,151,2027-12-18,2026-09-28
370.0,111,298,2027-12-18,2026-09-28
380.0,81,565,2027-12-18,2026-09-28
390.0,49,237,2027-12-18,2026-09-28
400.0,261,1628,2027-12-18,2026-09-28
410.0,31,358,2027-12-18,2026-09-28
420.0,121,813,2027-12-18,2026-09-28
430.0,98,406,2027-12-18,2026-09-28
440.0,47,771,2027-12-18,2026-09-28
450.0,120,1149,2027-12-18,2026-09-28
460.0,58,774,2027-12-18,2026-09-28
470.0,49,270,2027-12-18,2026-09-28
480.0,120,859,2027-12-18,2026-09-28
490.0,109,724,2027-12-18,2026-09-28
500.0,1610,2288,2027-12-18,2026-09-28
510.0,247,375,2027-12-18,2026-09-28
520.0,272,542,2027-12-18,2026-09-28
530.0,160,640,2027-12-18,2026-09-28
540.0,156,548,2027-12-18,2026-09-28
550.0,836,1426,2027-12-18,2026-09-28
560.0,174,519,2027-12-18,2026-09-28
570.0,0,12,2027-12-18,2026-09-28
570.0,299,727,2027-12-18,2026-09-28
580.0,317,648,2027-12-18,2026-09-28
590.0,289,297,2027-12-18,2026-09-28
600.0,1620,2317,2027-12-18,2026-09-28
610.0,337,571,2027-12-18,2026-09-28
620.0,423,219,2027-12-18,2026-09-28
630.0,224,146,2027-12-18,2026-09-28
640.0,377,528,2027-12-18,2026-09-28
650.0,2738,744,2027-12-18,2026-09-28
660.0,536,251,2027-12-18,2026-09-28
670.0,1248,534,2027-12-18,2026-09-28
680.0,1400,666,2027-12-18,2026-09-28
690.0,430,193,2027-12-18,2026-09-28
700.0,4466,458,2027-12-18,2026-09-28
710.0,403,253,2027-12-18,2026-09-28
720.0,1257,216,2027-12-18,2026-09-28
730.0,517,243,2027-12-18,2026-09-28
740.0,817,255,2027-12-18,2026-09-28
750.0,880,542,2027-12-18,2026-09-28
760.0,202,228,2027-12-18,2026-09-28
770.0,321,149,2027-12-18,2026-09-28
780.0,751,163,2027-12-18,2026-09-28
790.0,655,40,2027-12-18,2026-09-28
800.0,20,0,2027-12-18,2026-09-28
800.0,2023,117,2027-12-18,2026-09-28
803.0,54,54,2027-12-18,2026-09-28
810.0,458,78,2027-12-18,2026-09-28
820.0,303,79,2027-12-18,2026-09-28
830.0,509,146,2027-12-18,2026-09-28
840.0,298,94,2027-12-18,2026-09-28
850.0,550,75,2027-12-18,2026-09-28
860.0,197,34,2027-12-18,2026-09-28
870.0,183,53,2027-12-18,2026-09-28
880.0,157,8,2027-12-18,2026-09-28
890.0,117,40,2027-12-18,2026-09-28
900.0,2259,245,2027-12-18,2026-09-28
905.7,12,0,2027-12-18,2026-09-28
910.0,718,6,2027-12-18,2026-09-28
920.0,153,23,2027-12-18,2026-09-28
930.0,485,37,2027-12-18,2026-09-28
940.0,241,2,2027-12-18,2026-09-28
950.0,698,85,2027-12-18,2026-09-28
960.0,261,38,2027-12-18,2026-09-28
970.0,123,38,2027-12-18,2026-09-28
980.0,239,2,2027-12-18,2026-09-28
990.0,324,38,2027-12-18,2026-09-28
1000.0,2525,108,2027-12-18,2026-09-28
1010.0,749,2,2027-12-18,2026-09-28
1020.0,74,2,2027-12-18,2026-09-28
1030.0,1396,0,2027-12-18,2026-09-28
1040.0,214,0,2027-12-18,2026-09-28
1050.0,428,0,2027-12-18,2026-09-28
1060.0,256,1,2027-12-18,2026-09-28
1070.0,308,2,2027-12-18,2026-09-28
1080.0,216,3,2027-12-18,2026-09-28
1090.0,326,0,2027-12-18,2026-09-28
1100.0,1800,4,2027-12-18,2026-09-28
1110.0,91,2,2027-12-18,2026-09-28
1120.0,1512,0,2027-12-18,2026-09-28
1130.0,153,1,2027-12-18,2026-09-28
1140.0,43,0,2027-12-18,2026-09-28
1150.0,639,0,2027-12-18,2026-09-28
1160.0,88,0,2027-12-18,2026-09-28
1170.0,119,0,2027-12-18,2026-09-28
1180.0,65,0,2027-12-18,2026-09-28
1190.0,104,0,2027-12-18,2026-09-28
1200.0,811,1,2027-12-18,2026-09-28
1210.0,119,0,2027-12-18,2026-09-28
1220.0,210,0,2027-12-18,2026-09-28
1230.0,280,0,2027-12-18,2026-09-28
1240.0,133,0,2027-12-18,2026-09-28
1250.0,430,0,2027-12-18,2026-09-28
1260.0,109,0,2027-12-18,2026-09-28
1270.0,123,0,2027-12-18,2026-09-28
1280.0,294,0,2027-12-18,2026-09-28
1290.0,278,0,2027-12-18,2026-09-28
1300.0,5063,0,2027-12-18,2026-09-28
1310.0,25,0,2027-12-18,2026-09-28
1320.0,86,0,2027-12-18,2026-09-28
1330.0,7,0,2027-12-18,2026-09-28
1340.0,26,0,2027-12-18,2026-09-28
1350.0,77,0,2027-12-18,2026-09-28
1360.0,31,0,2027-12-18,2026-09-28
1370.0,4,0,2027-12-18,2026-09-28
1380.0,35,0,2027-12-18,2026-09-28
1390.0,10,0,2027-12-18,2026-09-28
1400.0,354,0,2027-12-18,2026-09-28
1410.0,11,0,2027-12-18,2026-09-28
1420.0,20,0,2027-12-18,2026-09-28
1430.0,56,0,2027-12-18,2026-09-28
1440.0,81,0,2027-12-18,2026-09-28
1450.0,862,0,2027-12-18,2026-09-28
1460.0,106,0,2027-12-18,2026-09-28
1470.0,481,0,2027-12-18,2026-09-28
1480.0,411,0,2027-12-18,2026-09-28
1490.0,46,0,2027-12-18,2026-09-28
5.0,1378,126,2028-01-22,2026-09-28
10.0,3,1,2028-01-22,2026-09-28
15.0,0,1,2028-01-22,2026-09-28
20.0,23,46,2028-01-22,2026-09-28
25.0,1,2,2028-01-22,2026-09-28
30.0,2,1,2028-01-22,2026-09-28
35.0,20,102,2028-01-22,2026-09-28
40.0,150,6,2028-01-22,2026-09-28
45.0,140,2,2028-01-22,2026-09-28
50.0,185,210,2028-01-22,2026-09-28
100.0,157,303,2028-01-22,2026-09-28
110.0,62,192,2028-01-22,2026-09-28
120.0,157,199,2028-01-22,2026-09-28
130.0,121,100,2028-01-22,2026-09-28
140.0,114,14,2028-01-22,2026-09-28
150.0,6,2429,2028-01-22,2026-09-28
160.0,141,65,2028-01-22,2026-09-28
170.0,66,84,2028-01-22,2026-09-28
180.0,50,199,2028-01-22,2026-09-28
190.0,18,526,2028-01-22,2026-09-28
200.0,115,791,2028-01-22,2026-09-28
210.0,170,127,2028-01-22,2026-09-28
220.0,107,122,2028-01-22,2026-09-28
230.0,155,27,2028-01-22,2026-09-28
240.0,8,79,2028-01-22,2026-09-28
250.0,127,210,2028-01-22,2026-09-28
260.0,66,112,2028-01-22,2026-09-28
270.0,76,116,2028-01-22,2026-09-28
280.0,37,4068,2028-01-22,2026-09-28
290.0,20,73,2028-01-22,2026-09-28
300.0,4,0,2028-01-22,2026-09-28
300.0,128,2527,2028-01-22,2026-09-28
310.0,75,142,2028-01-22,2026-09-28
320.0,84,161,2028-01-22,2026-09-28
330.0,41,139,2028-01-22,2026-09-28
340.0,141,545,2028-01-22,2026-09-28
350.0,121,1832,2028-01-22,2026-09-28
360.0,81,488,2028-01-22,2026-09-28
370.0,30,2338,2028-01-22,2026-09-28
380.0,95,796,2028-01-22,2026-09-28
390.0,96,421,2028-01-22,2026-09-28
400.0,352,1945,2028-01-22,2026-09-28
410.0,90,409,2028-01-22,2026-09-28
420.0,63,395,2028-01-22,2026-09-28
430.0,63,291,2028-01-22,2026-09-28
440.0,97,1260,2028-01-22,2026-09-28
450.0,207,1400,2028-01-22,2026-09-28
460.0,63,375,2028-01-22,2026-09-28
470.0,43,1293,2028-01-22,2026-09-28
480.0,300,639,2028-01-22,2026-09-28
490.0,70,883,2028-01-22,2026-09-28
500.0,1414,4478,2028-01-22,2026-09-28
510.0,622,545,2028-01-22,2026-09-28
520.0,694,1100,2028-01-22,2026-09-28
530.0,256,686,2028-01-22,2026-09-28
540.0,1716,576,2028-01-22,2026-09-28
550.0,726,2735,2028-01-22,2026-09-28
560.0,218,657,2028-01-22,2026-09-28
570.0,193,725,2028-01-22,2026-09-28
580.0,468,870,2028-01-22,2026-09-28
590.0,372,435,2028-01-22,2026-09-28
593.0,0,36,2028-01-22,2026-09-28
600.0,4,0,2028-01-22,2026-09-28
600.0,2882,2903,2028-01-22,2026-09-28
610.0,621,596,2028-01-22,2026-09-28
620.0,439,542,2028-01-22,2026-09-28
630.0,520,425,2028-01-22,2026-09-28
640.0,569,534,2028-01-22,2026-09-28
650.0,1950,707,2028-01-22,2026-09-28
660.0,649,830,2028-01-22,2026-09-28
670.0,1137,365,2028-01-22,2026-09-28
680.0,1148,527,2028-01-22,2026-09-28
690.0,509,367,2028-01-22,2026-09-28
700.0,3707,2164,2028-01-22,2026-09-28
710.0,278,119,2028-01-22,2026-09-28
720.0,622,709,2028-01-22,2026-09-28
724.0,36,0,2028-01-22,2026-09-28
730.0,386,138,2028-01-22,2026-09-28
740.0,795,555,2028-01-22,2026-09-28
750.0,2151,474,2028-01-22,2026-09-28
760.0,1138,188,2028-01-22,2026-09-28
770.0,372,85,2028-01-22,2026-09-28
780.0,264,87,2028-01-22,2026-09-28
790.0,314,75,2028-01-22,2026-09-28
800.0,3275,1180,2028-01-22,2026-09-28
810.0,454,52,2028-01-22,2026-09-28
820.0,836,79,2028-01-22,2026-09-28
830.0,655,16,2028-01-22,2026-09-28
840.0,416,28,2028-01-22,2026-09-28
850.0,2696,204,2028-01-22,2026-09-28
860.0,717,58,2028-01-22,2026-09-28
870.0,1322,23,2028-01-22,2026-09-28
880.0,195,9,2028-01-22,2026-09-28
890.0,2095,12,2028-01-22,2026-09-28
900.0,2934,337,2028-01-22,2026-09-28
910.0,485,1,2028-01-22,2026-09-28
920.0,754,208,2028-01-22,2026-09-28
930.0,1982,7,2028-01-22,2026-09-28
940.0,529,10,2028-01-22,2026-09-28
950.0,1903,106,2028-01-22,2026-09-28
960.0,1007,18,2028-01-22,2026-09-28
970.0,300,11,2028-01-22,2026-09-28
980.0,612,9,2028-01-22,2026-09-28
990.0,2291,27,2028-01-22,2026-09-28
1000.0,16009,480,2028-01-22,2026-09-28
1010.0,369,4,2028-01-22,2026-09-28
1020.0,4288,8066,2028-01-22,2026-09-28
1030.0,139,3,2028-01-22,2026-09-28
1040.0,406,2,2028-01-22,2026-09-28
1050.0,3339,1,2028-01-22,2026-09-28
1060.0,1036,0,2028-01-22,2026-09-28
1070.0,4182,0,2028-01-22,2026-09-28
1080.0,187,1,2028-01-22,2026-09-28
1090.0,1695,0,2028-01-22,2026-09-28
1100.0,6786,0,2028-01-22,2026-09-28
1100.01,15225,0,2028-01-22,2026-09-28
1110.0,174,1,2028-01-22,2026-09-28
1120.0,134,0,2028-01-22,2026-09-28
1130.0,502,16,2028-01-22,2026-09-28
1140.0,159,2,2028-01-22,2026-09-28
1150.0,263,1,2028-01-22,2026-09-28
1160.0,189,1,2028-01-22,2026-09-28
1170.0,187,15,2028-01-22,2026-09-28
1180.0,100,0,2028-01-22,2026-09-28
1190.0,294,1,2028-01-22,2026-09-28
1200.0,7750,18,2028-01-22,2026-09-28
1210.0,339,0,2028-01-22,2026-09-28
1220.0,151,0,2028-01-22,2026-09-28
1230.0,246,1,2028-01-22,2026-09-28
1240.0,105,0,2028-01-22,2026-09-28
1250.0,388,0,2028-01-22,2026-09-28
1260.0,140,0,2028-01-22,2026-09-28
1270.0,7866,0,2028-01-22,2026-09-28
1280.0,312,0,2028-01-22,2026-09-28
1300.0,2586,0,2028-01-22,2026-09-28
1320.0,268,0,2028-01-22,2026-09-28
1340.0,154,0,2028-01-22,2026-09-28
1350.0,325,0,2028-01-22,2026-09-28
1360.0,186,0,2028-01-22,2026-09-28
1380.0,258,0,2028-01-22,2026-09-28
1400.0,510,1,2028-01-22,2026-09-28
1420.0,137,0,2028-01-22,2026-09-28
1430.0,280,0,2028-01-22,2026-09-28
1440.0,337,0,2028-01-22,2026-09-28
1450.0,273,0,2028-01-22,2026-09-28
1460.0,276,0,2028-01-22,2026-09-28
1470.0,327,0,2028-01-22,2026-09-28
1480.0,385,0,2028-01-22,2026-09-28
1490.0,304,0,2028-01-22,2026-09-28
1500.0,9859,1,2028-01-22,2026-09-28
5.0,694,255,2028-06-17,2026-09-28
10.0,1,0,2028-06-17,2026-09-28
15.0,0,0,2028-06-17,2026-09-28
20.0,1,0,2028-06-17,2026-09-28
25.0,0,0,2028-06-17,2026-09-28
30.0,0,0,2028-06-17,2026-09-28
35.0,0,0,2028-06-17,2026-09-28
40.0,1,0,2028-06-17,2026-09-28
45.0,0,0,2028-06-17,2026-09-28
50.0,0,352,2028-06-17,2026-09-28
55.0,0,103,2028-06-17,2026-09-28
60.0,1,353,2028-06-17,2026-09-28
65.0,1,60,2028-06-17,2026-09-28
70.0,4,55,2028-06-17,2026-09-28
75.0,0,58,2028-06-17,2026-09-28
80.0,0,0,2028-06-17,2026-09-28
85.0,0,3,2028-06-17,2026-09-28
90.0,0,5,2028-06-17,2026-09-28
95.0,0,5,2028-06-17,2026-09-28
100.0,2,75,2028-06-17,2026-09-28
105.0,1,84,2028-06-17,2026-09-28
110.0,0,16,2028-06-17,2026-09-28
115.0,2,0,2028-06-17,2026-09-28
120.0,48,5,2028-06-17,2026-09-28
125.0,3,1,2028-06-17,2026-09-28
130.0,34,1,2028-06-17,2026-09-28
135.0,33,6,2028-06-17,2026-09-28
140.0,3,9,2028-06-17,2026-09-28
145.0,0,1203,2028-06-17,2026-09-28
150.0,22,339,2028-06-17,2026-09-28
155.0,0,971,2028-06-17,2026-09-28
160.0,11,542,2028-06-17,2026-09-28
165.0,22,44,2028-06-17,2026-09-28
170.0,15,4,2028-06-17,2026-09-28
175.0,2,318,2028-06-17,2026-09-28
180.0,11,51,2028-06-17,2026-09-28
185.0,41,12,2028-06-17,2026-09-28
190.0,13,1162,2028-06-17,2026-09-28
195.0,1,322,2028-06-17,2026-09-28
200.0,90,1079,2028-06-17,2026-09-28
205.0,1,630,2028-06-17,2026-09-28
210.0,2,267,2028-06-17,2026-09-28
215.0,5,1164,2028-06-17,2026-09-28
220.0,14,20,2028-06-17,2026-09-28
225.0,12,348,2028-06-17,2026-09-28
230.0,6,1016,2028-06-17,2026-09-28
235.0,15,698,2028-06-17,2026-09-28
240.0,34,296,2028-06-17,2026-09-28
245.0,2,33,2028-06-17,2026-09-28
250.0,18,103,2028-06-17,2026-09-28
255.0,11,22,2028-06-17,2026-09-28
260.0,22,31,2028-06-17,2026-09-28
270.0,21,25,2028-06-17,2026-09-28
280.0,14,32,2028-06-17,2026-09-28
290.0,16,105,2028-06-17,2026-09-28
300.0,37,1882,2028-06-17,2026-09-28
310.0,36,208,2028-06-17,2026-09-28
320.0,53,1210,2028-06-17,2026-09-28
330.0,28,30,2028-06-17,2026-09-28
340.0,55,190,2028-06-17,2026-09-28
350.0,31,175,2028-06-17,2026-09-28
360.0,40,71,2028-06-17,2026-09-28
370.0,21,206,2028-06-17,2026-09-28
380.0,34,67,2028-06-17,2026-09-28
390.0,31,30,2028-06-17,2026-09-28
400.0,284,691,2028-06-17,2026-09-28
410.0,14,251,2028-06-17,2026-09-28
420.0,29,236,2028-06-17,2026-09-28
430.0,43,538,2028-06-17,2026-09-28
440.0,43,58,2028-06-17,2026-09-28
450.0,73,709,2028-06-17,2026-09-28
460.0,23,121,2028-06-17,2026-09-28
470.0,23,323,2028-06-17,2026-09-28
480.0,32,475,2028-06-17,2026-09-28
490.0,25,219,2028-06-17,2026-09-28
500.0,223,1182,2028-06-17,2026-09-28
510.0,46,85,2028-06-17,2026-09-28
520.0,48,180,2028-06-17,2026-09-28
530.0,109,359,2028-06-17,2026-09-28
540.0,123,127,2028-06-17,2026-09-28
550.0,547,1132,2028-06-17,2026-09-28
560.0,89,337,2028-06-17,2026-09-28
570.0,166,358,2028-06-17,2026-09-28
580.0,98,330,2028-06-17,2026-09-28
590.0,113,144,2028-06-17,2026-09-28
600.0,594,400,2028-06-17,2026-09-28
610.0,91,58,2028-06-17,2026-09-28
612.0,0,20,2028-06-17,2026-09-28
620.0,119,55,2028-06-17,2026-09-28
630.0,93,136,2028-06-17,2026-09-28
640.0,115,153,2028-06-17,2026-09-28
650.0,234,136,2028-06-17,2026-09-28
660.0,128,129,2028-06-17,2026-09-28
670.0,685,312,2028-06-17,2026-09-28
680.0,154,50,2028-06-17,2026-09-28
690.0,114,126,2028-06-17,2026-09-28
700.0,1106,168,2028-06-17,2026-09-28
710.0,203,102,2028-06-17,2026-09-28
720.0,390,139,2028-06-17,2026-09-28
730.0,204,139,2028-06-17,2026-09-28
740.0,112,12,2028-06-17,2026-09-28
750.0,217,53,2028-06-17,2026-09-28
760.0,107,51,2028-06-17,2026-09-28
770.0,167,2,2028-06-17,2026-09-28
780.0,101,46,2028-06-17,2026-09-28
790.0,182,52,2028-06-17,2026-09-28
800.0,784,472,2028-06-17,2026-09-28
810.0,129,9,2028-06-17,2026-09-28
820.0,114,5,2028-06-17,2026-09-28
830.0,26,11,2028-06-17,2026-09-28
840.0,791,10,2028-06-17,2026-09-28
850.0,165,2,2028-06-17,2026-09-28
860.0,109,4,2028-06-17,2026-09-28
870.0,424,3,2028-06-17,2026-09-28
880.0,68,1,2028-06-17,2026-09-28
890.0,54,12,2028-06-17,2026-09-28
900.0,272,4,2028-06-17,2026-09-28
910.0,65,1,2028-06-17,2026-09-28
920.0,37,2,2028-06-17,2026-09-28
930.0,27,0,2028-06-17,2026-09-28
940.0,236,53,2028-06-17,2026-09-28
950.0,153,11,2028-06-17,2026-09-28
960.0,37,32,2028-06-17,2026-09-28
970.0,163,1,2028-06-17,2026-09-28
972.4,20,0,2028-06-17,2026-09-28
980.0,79,33,2028-06-17,2026-09-28
990.0,74,1,2028-06-17,2026-09-28
1000.0,741,5,2028-06-17,2026-09-28
1010.0,1096,14,2028-06-17,2026-09-28
1020.0,757,28,2028-06-17,2026-09-28
1030.0,236,1,2028-06-17,2026-09-28
1040.0,115,5,2028-06-17,2026-09-28
1050.0,105,7,2028-06-17,2026-09-28
1060.0,268,2,2028-06-17,2026-09-28
1070.0,85,11,2028-06-17,2026-09-28
1080.0,125,5,2028-06-17,2026-09-28
1090.0,43,16,2028-06-17,2026-09-28
1100.0,222,11,2028-06-17,2026-09-28
1110.0,164,0,2028-06-17,2026-09-28
1120.0,255,1,2028-06-17,2026-09-28
1130.0,186,0,2028-06-17,2026-09-28
1140.0,1283,0,2028-06-17,2026-09-28
1150.0,94,0,2028-06-17,2026-09-28
1160.0,1619,0,2028-06-17,2026-09-28
1170.0,96,0,2028-06-17,2026-09-28
1180.0,81,0,2028-06-17,2026-09-28
1190.0,30,0,2028-06-17,2026-09-28
1200.0,5438,3,2028-06-17,2026-09-28
1210.0,85,4,2028-06-17,2026-09-28
1220.0,68,1,2028-06-17,2026-09-28
1230.0,35,1,2028-06-17,2026-09-28
1240.0,49,0,2028-06-17,2026-09-28
1250.0,65,0,2028-06-17,2026-09-28
1260.0,50,0,2028-06-17,2026-09-28
1270.0,63,10,2028-06-17,2026-09-28
1280.0,52,3,2028-06-17,2026-09-28
1290.0,55,0,2028-06-17,2026-09-28
1300.0,158,0,2028-06-17,2026-09-28
1310.0,63,0,2028-06-17,2026-09-28
1320.0,54,0,2028-06-17,2026-09-28
1330.0,39,0,2028-06-17,2026-09-28
1340.0,51,0,2028-06-17,2026-09-28
1350.0,146,1,2028-06-17,2026-09-28
1360.0,147,0,2028-06-17,2026-09-28
1370.0,67,1,2028-06-17,2026-09-28
1380.0,15,0,2028-06-17,2026-09-28
1390.0,50,0,2028-06-17,2026-09-28
1400.0,1483,0,2028-06-17,2026-09-28
1410.0,1516,0,2028-06-17,2026-09-28
1420.0,171,0,2028-06-17,2026-09-28
1430.0,81,0,2028-06-17,2026-09-28
1440.0,78,0,2028-06-17,2026-09-28
1450.0,154,0,2028-06-17,2026-09-28
1460.0,87,0,2028-06-17,2026-09-28
1470.0,114,0,2028-06-17,2026-09-28
1480.0,310,0,2028-06-17,2026-09-28
1490.0,165,0,2028-06-17,2026-09-28
5.0,3957,50,2028-12-16,2026-09-28
10.0,937,2,2028-12-16,2026-09-28
15.0,14,0,2028-12-16,2026-09-28
20.0,17,0,2028-12-16,2026-09-28
25.0,1,0,2028-12-16,2026-09-28
30.0,1,0,2028-12-16,2026-09-28
35.0,0,0,2028-12-16,2026-09-28
40.0,3,26,2028-12-16,2026-09-28
45.0,4,51,2028-12-16,2026-09-28
50.0,2,362,2028-12-16,2026-09-28
55.0,1,35,2028-12-16,2026-09-28
60.0,2,354,2028-12-16,2026-09-28
65.0,0,74,2028-12-16,2026-09-28
70.0,0,62,2028-12-16,2026-09-28
75.0,2,76,2028-12-16,2026-09-28
80.0,0,108,2028-12-16,2026-09-28
85.0,0,8,2028-12-16,2026-09-28
90.0,8,12,2028-12-16,2026-09-28
95.0,1,12,2028-12-16,2026-09-28
100.0,4,2559,2028-12-16,2026-09-28
105.0,18,9,2028-12-16,2026-09-28
110.0,23,6,2028-12-16,2026-09-28
115.0,6,4,2028-12-16,2026-09-28
120.0,23,8,2028-12-16,2026-09-28
125.0,18,0,2028-12-16,2026-09-28
130.0,5,58,2028-12-16,2026-09-28
135.0,32,21,2028-12-16,2026-09-28
140.0,61,59,2028-12-16,2026-09-28
145.0,14,10,2028-12-16,2026-09-28
150.0,6,131,2028-12-16,2026-09-28
155.0,26,396,2028-12-16,2026-09-28
160.0,18,63,2028-12-16,2026-09-28
165.0,13,13,2028-12-16,2026-09-28
170.0,45,25,2028-12-16,2026-09-28
175.0,41,66,2028-12-16,2026-09-28
180.0,13,61,2028-12-16,2026-09-28
185.0,31,11,2028-12-16,2026-09-28
190.0,25,75,2028-12-16,2026-09-28
195.0,46,774,2028-12-16,2026-09-28
200.0,171,207,2028-12-16,2026-09-28
210.0,39,56,2028-12-16,2026-09-28
220.0,122,47,2028-12-16,2026-09-28
230.0,56,54,2028-12-16,2026-09-28
240.0,163,60,2028-12-16,2026-09-28
250.0,116,154,2028-12-16,2026-09-28
260.0,53,81,2028-12-16,2026-09-28
270.0,64,39,2028-12-16,2026-09-28
280.0,36,60,2028-12-16,2026-09-28
290.0,42,84,2028-12-16,2026-09-28
300.0,973,1271,2028-12-16,2026-09-28
310.0,247,560,2028-12-16,2026-09-28
320.0,55,154,2028-12-16,2026-09-28
330.0,18,190,2028-12-16,2026-09-28
340.0,38,81,2028-12-16,2026-09-28
350.0,112,413,2028-12-16,2026-09-28
360.0,356,378,2028-12-16,2026-09-28
370.0,45,234,2028-12-16,2026-09-28
380.0,84,441,2028-12-16,2026-09-28
390.0,40,60,2028-12-16,2026-09-28
400.0,410,1531,2028-12-16,2026-09-28
410.0,96,341,2028-12-16,2026-09-28
420.0,55,73,2028-12-16,2026-09-28
430.0,56,383,2028-12-16,2026-09-28
440.0,127,356,2028-12-16,2026-09-28
450.0,196,1782,2028-12-16,2026-09-28
460.0,37,186,2028-12-16,2026-09-28
470.0,36,425,2028-12-16,2026-09-28
480.0,59,651,2028-12-16,2026-09-28
490.0,113,504,2028-12-16,2026-09-28
500.0,1304,3408,2028-12-16,2026-09-28
510.0,100,503,2028-12-16,2026-09-28
520.0,131,607,2028-12-16,2026-09-28
530.0,393,436,2028-12-16,2026-09-28
540.0,1174,730,2028-12-16,2026-09-28
550.0,877,1127,2028-12-16,2026-09-28
560.0,329,363,2028-12-16,2026-09-28
570.0,557,410,2028-12-16,2026-09-28
580.0,797,234,2028-12-16,2026-09-28
590.0,566,472,2028-12-16,2026-09-28
600.0,3146,1173,2028-12-16,2026-09-28
610.0,506,277,2028-12-16,2026-09-28
620.0,347,386,2028-12-16,2026-09-28
630.0,221,238,2028-12-16,2026-09-28
640.0,3019,302,2028-12-16,2026-09-28
650.0,2750,876,2028-12-16,2026-09-28
660.0,2412,193,2028-12-16,2026-09-28
670.0,570,628,2028-12-16,2026-09-28
680.0,239,162,2028-12-16,2026-09-28
690.0,374,120,2028-12-16,2026-09-28
700.0,2354,655,2028-12-16,2026-09-28
710.0,959,122,2028-12-16,2026-09-28
720.0,215,46,2028-12-16,2026-09-28
730.0,1571,115,2028-12-16,2026-09-28
740.0,1586,31,2028-12-16,2026-09-28
750.0,603,364,2028-12-16,2026-09-28
760.0,244,115,2028-12-16,2026-09-28
770.0,123,75,2028-12-16,2026-09-28
780.0,297,50,2028-12-16,2026-09-28
790.0,525,57,2028-12-16,2026-09-28
800.0,1659,183,2028-12-16,2026-09-28
810.0,818,57,2028-12-16,2026-09-28
820.0,133,25,2028-12-16,2026-09-28
830.0,240,22,2028-12-16,2026-09-28
840.0,199,20,2028-12-16,2026-09-28
850.0,542,32,2028-12-16,2026-09-28
860.0,259,24,2028-12-16,2026-09-28
870.0,572,47,2028-12-16,2026-09-28
880.0,247,210,2028-12-16,2026-09-28
890.0,81,122,2028-12-16,2026-09-28
900.0,887,212,2028-12-16,2026-09-28
910.0,348,46,2028-12-16,2026-09-28
920.0,313,70,2028-12-16,2026-09-28
930.0,517,2,2028-12-16,2026-09-28
940.0,684,81,2028-12-16,2026-09-28
950.0,380,76,2028-12-16,2026-09-28
960.0,75,5,2028-12-16,2026-09-28
970.0,151,85,2028-12-16,2026-09-28
980.0,88,23,2028-12-16,2026-09-28
990.0,191,24,2028-12-16,2026-09-28
1000.0,2359,118,2028-12-16,2026-09-28
1010.0,102,145,2028-12-16,2026-09-28
1020.0,83,5,2028-12-16,2026-09-28
1030.0,84,130,2028-12-16,2026-09-28
1040.0,59,19,2028-12-16,2026-09-28
1050.0,293,214,2028-12-16,2026-09-28
1060.0,87,14,2028-12-16,2026-09-28
1070.0,19,5,2028-12-16,2026-09-28
1080.0,358,55,2028-12-16,2026-09-28
1090.0,595,21,2028-12-16,2026-09-28
1100.0,2431,128,2028-12-16,2026-09-28
1110.0,344,6,2028-12-16,2026-09-28
1120.0,66,79,2028-12-16,2026-09-28
1130.0,93,4,2028-12-16,2026-09-28
1140.0,1216,0,2028-12-16,2026-09-28
1150.0,180,1,2028-12-16,2026-09-28
1160.0,352,0,2028-12-16,2026-09-28
1170.0,183,0,2028-12-16,2026-09-28
1180.0,519,0,2028-12-16,2026-09-28
1190.0,29,0,2028-12-16,2026-09-28
1200.0,797,2,2028-12-16,2026-09-28
1210.0,54,1,2028-12-16,2026-09-28
1220.0,98,1,2028-12-16,2026-09-28
1230.0,19,20,2028-12-16,2026-09-28
1240.0,26,0,2028-12-16,2026-09-28
1250.0,1042,0,2028-12-16,2026-09-28
1260.0,85,0,2028-12-16,2026-09-28
1270.0,42,1,2028-12-16,2026-09-28
1280.0,143,10,2028-12-16,2026-09-28
1290.0,199,0,2028-12-16,2026-09-28
1300.0,236,1,2028-12-16,2026-09-28
1310.0,2284,0,2028-12-16,2026-09-28
1320.0,25,1,2028-12-16,2026-09-28
1330.0,876,2,2028-12-16,2026-09-28
1340.0,36,0,2028-12-16,2026-09-28
1350.0,202,1,2028-12-16,2026-09-28
1360.0,142,1,2028-12-16,2026-09-28
1370.0,157,10,2028-12-16,2026-09-28
1380.0,141,10,2028-12-16,2026-09-28
1390.0,55,1,2028-12-16,2026-09-28
1400.0,2376,5,2028-12-16,2026-09-28
1410.0,167,0,2028-12-16,2026-09-28
1420.0,70,1,2028-12-16,2026-09-28
1430.0,61,0,2028-12-16,2026-09-28
1440.0,78,0,2028-12-16,2026-09-28
1450.0,1643,0,2028-12-16,2026-09-28
1460.0,1113,0,2028-12-16,2026-09-28
1470.0,268,1,2028-12-16,2026-09-28
1480.0,4675,0,2028-12-16,2026-09-28
1490.0,203,2,2028-12-16,2026-09-28
200.0,5,58,2029-01-20,2026-09-28
220.0,0,0,2029-01-20,2026-09-28
240.0,2,9,2029-01-20,2026-09-28
260.0,1,15,2029-01-20,2026-09-28
280.0,1,16,2029-01-20,2026-09-28
300.0,5,29,2029-01-20,2026-09-28
320.0,1,5,2029-01-20,2026-09-28
340.0,4,16,2029-01-20,2026-09-28
350.0,5,2,2029-01-20,2026-09-28
360.0,6,10,2029-01-20,2026-09-28
370.0,2,2,2029-01-20,2026-09-28
380.0,8,2,2029-01-20,2026-09-28
390.0,1,0,2029-01-20,2026-09-28
400.0,0,75,2029-01-20,2026-09-28
400.0,59,16,2029-01-20,2026-09-28
410.0,0,1,2029-01-20,2026-09-28
420.0,50,5,2029-01-20,2026-09-28
430.0,0,1,2029-01-20,2026-09-28
440.0,0,100,2029-01-20,2026-09-28
440.0,3,4,2029-01-20,2026-09-28
450.0,5,3,2029-01-20,2026-09-28
460.0,10,7,2029-01-20,2026-09-28
470.0,0,0,2029-01-20,2026-09-28
480.0,10,5,2029-01-20,2026-09-28
490.0,1,2,2029-01-20,2026-09-28
500.0,0,50,2029-01-20,2026-09-28
500.0,64,79,2029-01-20,2026-09-28
510.0,14,0,2029-01-20,2026-09-28
520.0,1,4,2029-01-20,2026-09-28
530.0,0,3,2029-01-20,2026-09-28
540.0,2,2,2029-01-20,2026-09-28
550.0,6,13,2029-01-20,2026-09-28
560.0,3278,21,2029-01-20,2026-09-28
570.0,6,7,2029-01-20,2026-09-28
580.0,10,6,2029-01-20,2026-09-28
590.0,7,3,2029-01-20,2026-09-28
593.0,0,12,2029-01-20,2026-09-28
600.0,56,44,2029-01-20,2026-09-28
610.0,54,3,2029-01-20,2026-09-28
620.0,79,16,2029-01-20,2026-09-28
630.0,50,19,2029-01-20,2026-09-28
640.0,11,6,2029-01-20,2026-09-28
650.0,42,34,2029-01-20,2026-09-28
660.0,94,34,2029-01-20,2026-09-28
670.0,30,21,2029-01-20,2026-09-28
680.0,89,5,2029-01-20,2026-09-28
690.0,40,63,2029-01-20,2026-09-28
700.0,68,45,2029-01-20,2026-09-28
710.0,37,37,2029-01-20,2026-09-28
720.0,63,40,2029-01-20,2026-09-28
730.0,48,18,2029-01-20,2026-09-28
740.0,29,16,2029-01-20,2026-09-28
750.0,465,21,2029-01-20,2026-09-28
760.0,25,8,2029-01-20,2026-09-28
770.0,12,0,2029-01-20,2026-09-28
770.0,17,5,2029-01-20,2026-09-28
780.0,48,9,2029-01-20,2026-09-28
790.0,159,0,2029-01-20,2026-09-28
800.0,283,23,2029-01-20,2026-09-28
810.0,44,16,2029-01-20,2026-09-28
820.0,16,10,2029-01-20,2026-09-28
830.0,4,11,2029-01-20,2026-09-28
840.0,22,42,2029-01-20,2026-09-28
850.0,19,0,2029-01-20,2026-09-28
860.0,2,0,2029-01-20,2026-09-28
870.0,4,1,2029-01-20,2026-09-28
880.0,5,12,2029-01-20,2026-09-28
890.0,30,0,2029-01-20,2026-09-28
900.0,159,2,2029-01-20,2026-09-28
910.0,10,0,2029-01-20,2026-09-28
920.0,3,0,2029-01-20,2026-09-28
930.0,0,8,2029-01-20,2026-09-28
940.0,0,0,2029-01-20,2026-09-28
950.0,11,0,2029-01-20,2026-09-28
960.0,32,0,2029-01-20,2026-09-28
980.0,2,0,2029-01-20,2026-09-28
1000.0,110,7,2029-01-20,2026-09-28
1020.0,8,8,2029-01-20,2026-09-28
1040.0,5,0,2029-01-20,2026-09-28
1060.0,2,8,2029-01-20,2026-09-28
1080.0,1,0,2029-01-20,2026-09-28
1100.0,21,1,2029-01-20,2026-09-28
1120.0,104,0,2029-01-20,2026-09-28
1140.0,4,0,2029-01-20,2026-09-28
1160.0,3,0,2029-01-20,2026-09-28
1180.0,1,0,2029-01-20,2026-09-28
1200.0,61,31,2029-01-20,2026-09-28
1220.0,1,0,2029-01-20,2026-09-28
1240.0,0,0,2029-01-20,2026-09-28
1260.0,3,0,2029-01-20,2026-09-28
1280.0,2,0,2029-01-20,2026-09-28
1300.0,14,31,2029-01-20,2026-09-28
1320.0,75,5,2029-01-20,2026-09-28
1330.0,0,0,2029-01-20,2026-09-28
1340.0,25,0,2029-01-20,2026-09-28
1350.0,15,25,2029-01-20,2026-09-28
1360.0,0,0,2029-01-20,2026-09-28
1370.0,1,0,2029-01-20,2026-09-28
1380.0,3,0,2029-01-20,2026-09-28
1390.0,0,0,2029-01-20,2026-09-28
1400.0,2,3,2029-01-20,2026-09-28
1410.0,0,0,2029-01-20,2026-09-28
1420.0,0,0,2029-01-20,2026-09-28
1430.0,1,0,2029-01-20,2026-09-28
1440.0,1,0,2029-01-20,2026-09-28
1450.0,2,25,2029-01-20,2026-09-28
1460.0,15,0,2029-01-20,2026-09-28
1470.0,20,0,2029-01-20,2026-09-28
1480.0,12,1,2029-01-20,2026-09-28
1490.0,150,0,2029-01-20,2026-09-28
605.13,0,18,2029-02-17,2026-09-28
770.0,18,0,2029-02-17,2026-09-28
605.0,0,18,2029-12-22,2026-09-28
620.0,0,18,2029-12-22,2026-09-28
833.35,18,0,2029-12-22,2026-09-28
873.09,20,20,2029-12-22,2026-09-28
889.87,18,0,2029-12-22,2026-09-28
485.0,0,31,2030-01-19,2026-09-28
490.0,0,60,2030-01-19,2026-09-28
593.0,0,36,2030-02-16,2026-09-28
885.0,36,0,2030-02-16,2026-09-28
610.0,0,18,2030-06-22,2026-09-28
943.37,18,0,2030-06-22,2026-09-28
400.0,0,75,2031-01-18,2026-09-28
600.0,0,12,2031-01-18,2026-09-28
964.63,12,0,2031-01-18,2026-09-28
