Strike,Call,Put,Expiry,Date
770.0,200,0,2026-09-23,2026-09-23
510.0,29,3,2026-09-24,2026-09-23
515.0,24,0,2026-09-24,2026-09-23
520.0,26,0,2026-09-24,2026-09-23
525.0,22,4,2026-09-24,2026-09-23
530.0,18,19,2026-09-24,2026-09-23
535.0,13,62,2026-09-24,2026-09-23
540.0,20,28,2026-09-24,2026-09-23
545.0,29,38,2026-09-24,2026-09-23
550.0,16,597,2026-09-24,2026-09-23
555.0,6,44,2026-09-24,2026-09-23
560.0,31,53,2026-09-24,2026-09-23
562.5,31,18,2026-09-24,2026-09-23
565.0,42,15,2026-09-24,2026-09-23
567.5,39,21,2026-09-24,2026-09-23
570.0,29,58,2026-09-24,2026-09-23
572.5,31,3,2026-09-24,2026-09-23
575.0,33,186,2026-09-24,2026-09-23
577.5,9,6,2026-09-24,2026-09-23
580.0,5,58,2026-09-24,2026-09-23
582.5,5,9,2026-09-24,2026-09-23
585.0,16,41,2026-09-24,2026-09-23
587.5,13,59,2026-09-24,2026-09-23
590.0,18,133,2026-09-24,2026-09-23
592.5,18,16,2026-09-24,2026-09-23
595.0,3,50,2026-09-24,2026-09-23
597.5,27,53,2026-09-24,2026-09-23
600.0,30,442,2026-09-24,2026-09-23
602.5,3,30,2026-09-24,2026-09-23
605.0,6,72,2026-09-24,2026-09-23
607.5,3,120,2026-09-24,2026-09-23
610.0,2,628,2026-09-24,2026-09-23
612.5,9,58,2026-09-24,2026-09-23
615.0,39,71,2026-09-24,2026-09-23
617.5,51,72,2026-09-24,2026-09-23
620.0,24,196,2026-09-24,2026-09-23
622.5,13,126,2026-09-24,2026-09-23
625.0,26,306,2026-09-24,2026-09-23
627.5,21,110,2026-09-24,2026-09-23
630.0,39,175,2026-09-24,2026-09-23
632.5,15,315,2026-09-24,2026-09-23
635.0,63,345,2026-09-24,2026-09-23
637.5,4,67,2026-09-24,2026-09-23
640.0,69,280,2026-09-24,2026-09-23
642.5,33,244,2026-09-24,2026-09-23
645.0,155,762,2026-09-24,2026-09-23
647.5,64,736,2026-09-24,2026-09-23
650.0,104,870,2026-09-24,2026-09-23
652.5,44,163,2026-09-24,2026-09-23
655.0,276,427,2026-09-24,2026-09-23
657.5,84,172,2026-09-24,2026-09-23
660.0,92,686,2026-09-24,2026-09-23
662.5,63,435,2026-09-24,2026-09-23
665.0,314,526,2026-09-24,2026-09-23
667.5,153,449,2026-09-24,2026-09-23
670.0,529,1944,2026-09-24,2026-09-23
672.5,279,401,2026-09-24,2026-09-23
675.0,504,837,2026-09-24,2026-09-23
677.5,227,683,2026-09-24,2026-09-23
680.0,354,1933,2026-09-24,2026-09-23
682.5,698,388,2026-09-24,2026-09-23
685.0,1368,1722,2026-09-24,2026-09-23
687.5,1082,572,2026-09-24,2026-09-23
690.0,474,1856,2026-09-24,2026-09-23
692.5,485,452,2026-09-24,2026-09-23
695.0,357,1174,2026-09-24,2026-09-23
697.5,326,1503,2026-09-24,2026-09-23
700.0,821,5025,2026-09-24,2026-09-23
702.5,123,915,2026-09-24,2026-09-23
705.0,373,2747,2026-09-24,2026-09-23
707.5,275,716,2026-09-24,2026-09-23
710.0,587,2054,2026-09-24,2026-09-23
712.5,755,1831,2026-09-24,2026-09-23
715.0,827,2804,2026-09-24,2026-09-23
717.5,640,1192,2026-09-24,2026-09-23
720.0,1119,2679,2026-09-24,2026-09-23
722.5,648,1138,2026-09-24,2026-09-23
725.0,905,3028,2026-09-24,2026-09-23
727.5,329,1131,2026-09-24,2026-09-23
730.0,1722,2171,2026-09-24,2026-09-23
732.5,702,565,2026-09-24,2026-09-23
735.0,974,900,2026-09-24,2026-09-23
737.5,782,975,2026-09-24,2026-09-23
740.0,2787,1949,2026-09-24,2026-09-23
742.5,1010,760,2026-09-24,2026-09-23
745.0,2804,1642,2026-09-24,2026-09-23
747.5,1147,1348,2026-09-24,2026-09-23
750.0,3636,1469,2026-09-24,2026-09-23
755.0,2113,308,2026-09-24,2026-09-23
760.0,3527,154,2026-09-24,2026-09-23
765.0,2669,85,2026-09-24,2026-09-23
770.0,5994,231,2026-09-24,2026-09-23
775.0,1932,57,2026-09-24,2026-09-23
780.0,5043,31,2026-09-24,2026-09-23
785.0,1956,34,2026-09-24,2026-09-23
790.0,4618,14,2026-09-24,2026-09-23
795.0,1622,2,2026-09-24,2026-09-23
800.0,10075,43,2026-09-24,2026-09-23
805.0,1178,8,2026-09-24,2026-09-23
810.0,2007,0,2026-09-24,2026-09-23
815.0,1568,0,2026-09-24,2026-09-23
820.0,799,5,2026-09-24,2026-09-23
825.0,1005,0,2026-09-24,2026-09-23
830.0,419,0,2026-09-24,2026-09-23
835.0,277,0,2026-09-24,2026-09-23
840.0,929,0,2026-09-24,2026-09-23
845.0,478,0,2026-09-24,2026-09-23
850.0,1051,0,2026-09-24,2026-09-23
855.0,444,0,2026-09-24,2026-09-23
860.0,666,0,2026-09-24,2026-09-23
865.0,141,0,2026-09-24,2026-09-23
870.0,264,0,2026-09-24,2026-09-23
875.0,166,0,2026-09-24,2026-09-23
880.0,812,0,2026-09-24,2026-09-23
885.0,228,0,2026-09-24,2026-09-23
890.0,86,0,2026-09-24,2026-09-23
895.0,59,0,2026-09-24,2026-09-23
900.0,250,0,2026-09-24,2026-09-23
905.0,17,0,2026-09-24,2026-09-23
910.0,73,0,2026-09-24,2026-09-23
915.0,21,0,2026-09-24,2026-09-23
920.0,210,0,2026-09-24,2026-09-23
925.0,128,0,2026-09-24,2026-09-23
930.0,142,0,2026-09-24,2026-09-23
935.0,4,0,2026-09-24,2026-09-23
940.0,22,0,2026-09-24,2026-09-23
945.0,11,0,2026-09-24,2026-09-23
950.0,4,0,2026-09-24,2026-09-23
955.0,3,0,2026-09-24,2026-09-23
960.0,29,0,2026-09-24,2026-09-23
965.0,1,0,2026-09-24,2026-09-23
970.0,0,0,2026-09-24,2026-09-23
975.0,0,0,2026-09-24,2026-09-23
980.0,0,0,2026-09-24,2026-09-23
985.0,22,0,2026-09-24,2026-09-23
990.0,0,0,2026-09-24,2026-09-23
1000.0,0,0,2026-09-24,2026-09-23
1010.0,20,0,2026-09-24,2026-09-23
1020.0,1,0,2026-09-24,2026-09-23
1030.0,0,0,2026-09-24,2026-09-23
1040.0,0,0,2026-09-24,2026-09-23
1050.0,0,0,2026-09-24,2026-09-23
1060.0,0,0,2026-09-24,2026-09-23
1070.0,0,0,2026-09-24,2026-09-23
1080.0,0,0,2026-09-24,2026-09-23
1090.0,0,0,2026-09-24,2026-09-23
1100.0,0,0,2026-09-24,2026-09-23
1110.0,0,0,2026-09-24,2026-09-23
1120.0,0,0,2026-09-24,2026-09-23
1130.0,0,0,2026-09-24,2026-09-23
1140.0,0,0,2026-09-24,2026-09-23
1150.0,0,0,2026-09-24,2026-09-23
1160.0,0,0,2026-09-24,2026-09-23
1170.0,1,0,2026-09-24,2026-09-23
1180.0,0,0,2026-09-24,2026-09-23
1190.0,0,0,2026-09-24,2026-09-23
1200.0,0,0,2026-09-24,2026-09-23
1210.0,0,0,2026-09-24,2026-09-23
1220.0,0,0,2026-09-24,2026-09-23
1230.0,0,0,2026-09-24,2026-09-23
1240.0,1,0,2026-09-24,2026-09-23
1250.0,0,0,2026-09-24,2026-09-23
1260.0,0,0,2026-09-24,2026-09-23
1270.0,0,0,2026-09-24,2026-09-23
1280.0,0,0,2026-09-24,2026-09-23
1290.0,0,0,2026-09-24,2026-09-23
1300.0,0,0,2026-09-24,2026-09-23
1310.0,0,0,2026-09-24,2026-09-23
1320.0,0,0,2026-09-24,2026-09-23
1330.0,0,0,2026-09-24,2026-09-23
1340.0,0,0,2026-09-24,2026-09-23
1350.0,0,0,2026-09-24,2026-09-23
1360.0,0,0,2026-09-24,2026-09-23
1370.0,0,0,2026-09-24,2026-09-23
1380.0,0,0,2026-09-24,2026-09-23
1390.0,0,0,2026-09-24,2026-09-23
1400.0,0,0,2026-09-24,2026-09-23
1410.0,0,0,2026-09-24,2026-09-23
1420.0,0,0,2026-09-24,2026-09-23
1430.0,0,0,2026-09-24,2026-09-23
1440.0,0,0,2026-09-24,2026-09-23
1450.0,0,0,2026-09-24,2026-09-23
1460.0,0,0,2026-09-24,2026-09-23
1470.0,1,0,2026-09-24,2026-09-23
1480.0,33,0,2026-09-24,2026-09-23
1490.0,0,0,2026-09-24,2026-09-23
100.0,0,0,2026-09-26,2026-09-23
110.0,0,0,2026-09-26,2026-09-23
120.0,0,0,2026-09-26,2026-09-23
130.0,0,1002,2026-09-26,2026-09-23
140.0,0,1000,2026-09-26,2026-09-23
150.0,0,1000,2026-09-26,2026-09-23
160.0,0,0,2026-09-26,2026-09-23
170.0,0,0,2026-09-26,2026-09-23
180.0,0,0,2026-09-26,2026-09-23
190.0,0,0,2026-09-26,2026-09-23
200.0,0,129,2026-09-26,2026-09-23
210.0,0,143,2026-09-26,2026-09-23
220.0,0,38,2026-09-26,2026-09-23
230.0,0,36,2026-09-26,2026-09-23
240.0,0,19,2026-09-26,2026-09-23
250.0,0,46,2026-09-26,2026-09-23
260.0,0,71,2026-09-26,2026-09-23
270.0,0,12,2026-09-26,2026-09-23
280.0,0,0,2026-09-26,2026-09-23
290.0,0,3,2026-09-26,2026-09-23
300.0,0,145,2026-09-26,2026-09-23
310.0,0,38,2026-09-26,2026-09-23
320.0,0,98,2026-09-26,2026-09-23
330.0,0,19,2026-09-26,2026-09-23
340.0,0,17,2026-09-26,2026-09-23
350.0,0,634,2026-09-26,2026-09-23
360.0,0,70,2026-09-26,2026-09-23
370.0,0,765,2026-09-26,2026-09-23
380.0,0,138,2026-09-26,2026-09-23
390.0,0,154,2026-09-26,2026-09-23
400.0,1,245,2026-09-26,2026-09-23
405.0,0,164,2026-09-26,2026-09-23
410.0,0,251,2026-09-26,2026-09-23
415.0,0,334,2026-09-26,2026-09-23
420.0,0,112,2026-09-26,2026-09-23
425.0,0,134,2026-09-26,2026-09-23
430.0,0,55,2026-09-26,2026-09-23
435.0,0,83,2026-09-26,2026-09-23
440.0,31,72,2026-09-26,2026-09-23
445.0,0,316,2026-09-26,2026-09-23
450.0,27,309,2026-09-26,2026-09-23
455.0,0,119,2026-09-26,2026-09-23
460.0,0,82,2026-09-26,2026-09-23
465.0,0,207,2026-09-26,2026-09-23
470.0,0,194,2026-09-26,2026-09-23
475.0,0,307,2026-09-26,2026-09-23
480.0,0,561,2026-09-26,2026-09-23
485.0,0,302,2026-09-26,2026-09-23
490.0,0,315,2026-09-26,2026-09-23
495.0,0,341,2026-09-26,2026-09-23
500.0,6,391,2026-09-26,2026-09-23
505.0,1,294,2026-09-26,2026-09-23
510.0,0,545,2026-09-26,2026-09-23
515.0,3,532,2026-09-26,2026-09-23
520.0,5,4945,2026-09-26,2026-09-23
525.0,3,390,2026-09-26,2026-09-23
530.0,16,955,2026-09-26,2026-09-23
535.0,10,547,2026-09-26,2026-09-23
540.0,60,445,2026-09-26,2026-09-23
545.0,127,281,2026-09-26,2026-09-23
547.5,8,55,2026-09-26,2026-09-23
550.0,169,1691,2026-09-26,2026-09-23
552.5,5,128,2026-09-26,2026-09-23
555.0,14,260,2026-09-26,2026-09-23
557.5,3,18,2026-09-26,2026-09-23
560.0,31,2144,2026-09-26,2026-09-23
562.5,5,67,2026-09-26,2026-09-23
565.0,320,608,2026-09-26,2026-09-23
567.5,3,952,2026-09-26,2026-09-23
570.0,320,724,2026-09-26,2026-09-23
572.5,5,40,2026-09-26,2026-09-23
575.0,275,1240,2026-09-26,2026-09-23
577.5,4,258,2026-09-26,2026-09-23
580.0,558,834,2026-09-26,2026-09-23
582.5,10,38,2026-09-26,2026-09-23
585.0,592,582,2026-09-26,2026-09-23
587.5,14,61,2026-09-26,2026-09-23
590.0,738,710,2026-09-26,2026-09-23
592.5,28,44,2026-09-26,2026-09-23
595.0,409,399,2026-09-26,2026-09-23
597.5,11,159,2026-09-26,2026-09-23
600.0,8000,8000,2026-09-26,2026-09-23
600.0,1641,1746,2026-09-26,2026-09-23
602.5,16,59,2026-09-26,2026-09-23
605.0,601,944,2026-09-26,2026-09-23
607.5,5,126,2026-09-26,2026-09-23
610.0,699,1990,2026-09-26,2026-09-23
612.5,59,517,2026-09-26,2026-09-23
615.0,866,995,2026-09-26,2026-09-23
617.5,25,189,2026-09-26,2026-09-23
620.0,1208,1074,2026-09-26,2026-09-23
622.5,28,170,2026-09-26,2026-09-23
625.0,1136,1239,2026-09-26,2026-09-23
627.5,88,248,2026-09-26,2026-09-23
630.0,300,803,2026-09-26,2026-09-23
632.5,109,186,2026-09-26,2026-09-23
635.0,800,743,2026-09-26,2026-09-23
637.5,36,390,2026-09-26,2026-09-23
640.0,707,5719,2026-09-26,2026-09-23
642.5,30,212,2026-09-26,2026-09-23
645.0,646,808,2026-09-26,2026-09-23
647.5,2544,264,2026-09-26,2026-09-23
650.0,4093,6012,2026-09-26,2026-09-23
652.5,86,295,2026-09-26,2026-09-23
655.0,884,700,2026-09-26,2026-09-23
657.5,159,274,2026-09-26,2026-09-23
660.0,2383,1170,2026-09-26,2026-09-23
662.5,62,586,2026-09-26,2026-09-23
665.0,622,966,2026-09-26,2026-09-23
667.5,287,407,2026-09-26,2026-09-23
670.0,1431,2058,2026-09-26,2026-09-23
672.5,349,1934,2026-09-26,2026-09-23
675.0,2029,1547,2026-09-26,2026-09-23
677.5,457,632,2026-09-26,2026-09-23
680.0,1912,1503,2026-09-26,2026-09-23
682.5,171,785,2026-09-26,2026-09-23
685.0,1798,1193,2026-09-26,2026-09-23
687.5,2218,607,2026-09-26,2026-09-23
690.0,2665,1341,2026-09-26,2026-09-23
692.5,1011,524,2026-09-26,2026-09-23
695.0,699,2023,2026-09-26,2026-09-23
697.5,365,326,2026-09-26,2026-09-23
700.0,4591,4508,2026-09-26,2026-09-23
702.5,2536,2463,2026-09-26,2026-09-23
705.0,3380,1145,2026-09-26,2026-09-23
707.5,214,285,2026-09-26,2026-09-23
710.0,2040,2421,2026-09-26,2026-09-23
712.5,475,222,2026-09-26,2026-09-23
715.0,876,2930,2026-09-26,2026-09-23
717.5,1635,602,2026-09-26,2026-09-23
720.0,2840,1787,2026-09-26,2026-09-23
722.5,829,995,2026-09-26,2026-09-23
725.0,1559,2835,2026-09-26,2026-09-23
727.5,1059,633,2026-09-26,2026-09-23
730.0,2100,1600,2026-09-26,2026-09-23
732.5,435,214,2026-09-26,2026-09-23
735.0,1326,1759,2026-09-26,2026-09-23
737.5,428,276,2026-09-26,2026-09-23
740.0,3814,1808,2026-09-26,2026-09-23
742.5,1251,220,2026-09-26,2026-09-23
745.0,1996,444,2026-09-26,2026-09-23
747.5,881,2765,2026-09-26,2026-09-23
750.0,9745,1779,2026-09-26,2026-09-23
755.0,1674,672,2026-09-26,2026-09-23
760.0,3240,570,2026-09-26,2026-09-23
765.0,5697,99,2026-09-26,2026-09-23
770.0,2954,99,2026-09-26,2026-09-23
775.0,5883,52,2026-09-26,2026-09-23
780.0,1772,26,2026-09-26,2026-09-23
785.0,1795,57,2026-09-26,2026-09-23
790.0,1169,168,2026-09-26,2026-09-23
795.0,554,6,2026-09-26,2026-09-23
800.0,5482,151,2026-09-26,2026-09-23
805.0,668,5,2026-09-26,2026-09-23
810.0,1529,5,2026-09-26,2026-09-23
815.0,796,1,2026-09-26,2026-09-23
820.0,1477,11,2026-09-26,2026-09-23
825.0,1344,0,2026-09-26,2026-09-23
830.0,2,0,2026-09-26,2026-09-23
830.0,814,15,2026-09-26,2026-09-23
835.0,433,0,2026-09-26,2026-09-23
840.0,321,14,2026-09-26,2026-09-23
845.0,923,0,2026-09-26,2026-09-23
850.0,2728,1,2026-09-26,2026-09-23
855.0,1091,0,2026-09-26,2026-09-23
860.0,462,0,2026-09-26,2026-09-23
865.0,569,1,2026-09-26,2026-09-23
870.0,677,0,2026-09-26,2026-09-23
875.0,272,0,2026-09-26,2026-09-23
880.0,3079,0,2026-09-26,2026-09-23
885.0,92,0,2026-09-26,2026-09-23
890.0,592,0,2026-09-26,2026-09-23
895.0,233,0,2026-09-26,2026-09-23
900.0,1183,0,2026-09-26,2026-09-23
905.0,323,0,2026-09-26,2026-09-23
910.0,271,0,2026-09-26,2026-09-23
915.0,216,0,2026-09-26,2026-09-23
920.0,601,0,2026-09-26,2026-09-23
925.0,253,0,2026-09-26,2026-09-23
930.0,421,0,2026-09-26,2026-09-23
935.0,244,0,2026-09-26,2026-09-23
940.0,451,0,2026-09-26,2026-09-23
945.0,212,0,2026-09-26,2026-09-23
950.0,173,0,2026-09-26,2026-09-23
955.0,136,0,2026-09-26,2026-09-23
960.0,189,0,2026-09-26,2026-09-23
965.0,132,0,2026-09-26,2026-09-23
970.0,186,0,2026-09-26,2026-09-23
975.0,187,0,2026-09-26,2026-09-23
980.0,338,0,2026-09-26,2026-09-23
985.0,266,0,2026-09-26,2026-09-23
990.0,195,0,2026-09-26,2026-09-23
995.0,187,0,2026-09-26,2026-09-23
1000.0,1284,0,2026-09-26,2026-09-23
1010.0,463,0,2026-09-26,2026-09-23
1020.0,559,0,2026-09-26,2026-09-23
1030.0,217,0,2026-09-26,2026-09-23
1040.0,458,0,2026-09-26,2026-09-23
1050.0,316,0,2026-09-26,2026-09-23
1060.0,209,0,2026-09-26,2026-09-23
1070.0,467,0,2026-09-26,2026-09-23
1080.0,0,0,2026-09-26,2026-09-23
1090.0,0,0,2026-09-26,2026-09-23
1100.0,0,0,2026-09-26,2026-09-23
1110.0,0,0,2026-09-26,2026-09-23
1120.0,0,0,2026-09-26,2026-09-23
1130.0,0,0,2026-09-26,2026-09-23
1140.0,0,0,2026-09-26,2026-09-23
1150.0,0,0,2026-09-26,2026-09-23
1160.0,0,0,2026-09-26,2026-09-23
1170.0,0,0,2026-09-26,2026-09-23
1180.0,0,0,2026-09-26,2026-09-23
1190.0,0,0,2026-09-26,2026-09-23
1200.0,0,0,2026-09-26,2026-09-23
1210.0,0,0,2026-09-26,2026-09-23
1220.0,9,0,2026-09-26,2026-09-23
1230.0,0,0,2026-09-26,2026-09-23
1240.0,0,0,2026-09-26,2026-09-23
1250.0,5,0,2026-09-26,2026-09-23
1260.0,0,0,2026-09-26,2026-09-23
1270.0,0,0,2026-09-26,2026-09-23
1280.0,0,0,2026-09-26,2026-09-23
1290.0,0,0,2026-09-26,2026-09-23
1300.0,6,0,2026-09-26,2026-09-23
1310.0,0,0,2026-09-26,2026-09-23
1320.0,0,0,2026-09-26,2026-09-23
1330.0,0,0,2026-09-26,2026-09-23
1340.0,0,0,2026-09-26,2026-09-23
1350.0,0,0,2026-09-26,2026-09-23
1360.0,0,0,2026-09-26,2026-09-23
1370.0,0,0,2026-09-26,2026-09-23
1380.0,0,0,2026-09-26,2026-09-23
1390.0,0,0,2026-09-26,2026-09-23
1400.0,0,0,2026-09-26,2026-09-23
1410.0,0,0,2026-09-26,2026-09-23
1420.0,0,0,2026-09-26,2026-09-23
1430.0,0,0,2026-09-26,2026-09-23
1440.0,0,0,2026-09-26,2026-09-23
1450.0,0,0,2026-09-26,2026-09-23
1460.0,0,0,2026-09-26,2026-09-23
1470.0,0,0,2026-09-26,2026-09-23
1480.0,0,0,2026-09-26,2026-09-23
1490.0,3,0,2026-09-26,2026-09-23
510.0,0,10,2026-09-29,2026-09-23
515.0,0,8,2026-09-29,2026-09-23
520.0,0,1,2026-09-29,2026-09-23
525.0,0,2,2026-09-29,2026-09-23
530.0,0,5,2026-09-29,2026-09-23
535.0,0,5,2026-09-29,2026-09-23
540.0,0,5,2026-09-29,2026-09-23
545.0,0,37,2026-09-29,2026-09-23
550.0,0,6,2026-09-29,2026-09-23
555.0,0,16,2026-09-29,2026-09-23
560.0,0,4,2026-09-29,2026-09-23
565.0,1,105,2026-09-29,2026-09-23
570.0,2,7,2026-09-29,2026-09-23
575.0,3,12,2026-09-29,2026-09-23
580.0,26,24,2026-09-29,2026-09-23
585.0,5,17,2026-09-29,2026-09-23
587.5,0,8,2026-09-29,2026-09-23
590.0,11,35,2026-09-29,2026-09-23
592.5,3,2,2026-09-29,2026-09-23
595.0,9,15,2026-09-29,2026-09-23
597.5,3,2,2026-09-29,2026-09-23
600.0,16,56,2026-09-29,2026-09-23
602.5,0,1,2026-09-29,2026-09-23
605.0,2,4,2026-09-29,2026-09-23
607.5,0,6,2026-09-29,2026-09-23
610.0,0,57,2026-09-29,2026-09-23
612.5,0,6,2026-09-29,2026-09-23
615.0,2,17,2026-09-29,2026-09-23
617.5,5,12,2026-09-29,2026-09-23
620.0,2,38,2026-09-29,2026-09-23
622.5,2,25,2026-09-29,2026-09-23
625.0,7,24,2026-09-29,2026-09-23
627.5,1,78,2026-09-29,2026-09-23
630.0,2,105,2026-09-29,2026-09-23
632.5,0,11,2026-09-29,2026-09-23
635.0,3,165,2026-09-29,2026-09-23
637.5,0,20,2026-09-29,2026-09-23
640.0,8,67,2026-09-29,2026-09-23
642.5,0,133,2026-09-29,2026-09-23
645.0,7,33,2026-09-29,2026-09-23
647.5,6,14,2026-09-29,2026-09-23
650.0,88,199,2026-09-29,2026-09-23
652.5,4,14,2026-09-29,2026-09-23
655.0,24,263,2026-09-29,2026-09-23
657.5,10,58,2026-09-29,2026-09-23
660.0,27,265,2026-09-29,2026-09-23
662.5,40,59,2026-09-29,2026-09-23
665.0,68,208,2026-09-29,2026-09-23
667.5,184,58,2026-09-29,2026-09-23
670.0,151,238,2026-09-29,2026-09-23
672.5,142,82,2026-09-29,2026-09-23
675.0,118,247,2026-09-29,2026-09-23
677.5,42,238,2026-09-29,2026-09-23
680.0,196,387,2026-09-29,2026-09-23
682.5,35,229,2026-09-29,2026-09-23
685.0,119,321,2026-09-29,2026-09-23
687.5,26,30,2026-09-29,2026-09-23
690.0,171,172,2026-09-29,2026-09-23
692.5,29,40,2026-09-29,2026-09-23
695.0,101,163,2026-09-29,2026-09-23
697.5,64,252,2026-09-29,2026-09-23
700.0,270,1030,2026-09-29,2026-09-23
702.5,47,128,2026-09-29,2026-09-23
705.0,170,136,2026-09-29,2026-09-23
707.5,48,79,2026-09-29,2026-09-23
710.0,131,1026,2026-09-29,2026-09-23
712.5,59,74,2026-09-29,2026-09-23
715.0,73,228,2026-09-29,2026-09-23
717.5,58,186,2026-09-29,2026-09-23
720.0,157,165,2026-09-29,2026-09-23
722.5,43,59,2026-09-29,2026-09-23
725.0,283,226,2026-09-29,2026-09-23
727.5,84,66,2026-09-29,2026-09-23
730.0,136,163,2026-09-29,2026-09-23
732.5,35,149,2026-09-29,2026-09-23
735.0,91,139,2026-09-29,2026-09-23
737.5,402,96,2026-09-29,2026-09-23
740.0,218,126,2026-09-29,2026-09-23
742.5,129,187,2026-09-29,2026-09-23
745.0,193,127,2026-09-29,2026-09-23
747.5,131,125,2026-09-29,2026-09-23
750.0,645,148,2026-09-29,2026-09-23
755.0,391,60,2026-09-29,2026-09-23
760.0,492,29,2026-09-29,2026-09-23
765.0,660,41,2026-09-29,2026-09-23
770.0,791,32,2026-09-29,2026-09-23
775.0,193,36,2026-09-29,2026-09-23
780.0,492,9,2026-09-29,2026-09-23
785.0,115,1,2026-09-29,2026-09-23
790.0,500,11,2026-09-29,2026-09-23
795.0,123,12,2026-09-29,2026-09-23
800.0,1321,1,2026-09-29,2026-09-23
805.0,91,0,2026-09-29,2026-09-23
810.0,118,2,2026-09-29,2026-09-23
815.0,92,0,2026-09-29,2026-09-23
820.0,259,5,2026-09-29,2026-09-23
825.0,54,0,2026-09-29,2026-09-23
830.0,81,1,2026-09-29,2026-09-23
835.0,56,0,2026-09-29,2026-09-23
840.0,275,14,2026-09-29,2026-09-23
845.0,41,0,2026-09-29,2026-09-23
850.0,368,2,2026-09-29,2026-09-23
855.0,55,0,2026-09-29,2026-09-23
860.0,27,0,2026-09-29,2026-09-23
865.0,423,0,2026-09-29,2026-09-23
870.0,31,0,2026-09-29,2026-09-23
875.0,46,0,2026-09-29,2026-09-23
880.0,318,0,2026-09-29,2026-09-23
885.0,22,0,2026-09-29,2026-09-23
890.0,90,0,2026-09-29,2026-09-23
895.0,51,0,2026-09-29,2026-09-23
900.0,128,0,2026-09-29,2026-09-23
905.0,1,0,2026-09-29,2026-09-23
910.0,3,0,2026-09-29,2026-09-23
915.0,0,0,2026-09-29,2026-09-23
920.0,1,0,2026-09-29,2026-09-23
925.0,3,0,2026-09-29,2026-09-23
930.0,1,0,2026-09-29,2026-09-23
935.0,0,0,2026-09-29,2026-09-23
940.0,179,0,2026-09-29,2026-09-23
945.0,0,0,2026-09-29,2026-09-23
950.0,3,0,2026-09-29,2026-09-23
955.0,7,0,2026-09-29,2026-09-23
960.0,18,0,2026-09-29,2026-09-23
965.0,12,0,2026-09-29,2026-09-23
970.0,6,0,2026-09-29,2026-09-23
975.0,3,0,2026-09-29,2026-09-23
980.0,7,0,2026-09-29,2026-09-23
985.0,4,0,2026-09-29,2026-09-23
990.0,4,0,2026-09-29,2026-09-23
1000.0,2,0,2026-09-29,2026-09-23
1010.0,0,0,2026-09-29,2026-09-23
1020.0,0,0,2026-09-29,2026-09-23
1030.0,0,0,2026-09-29,2026-09-23
1040.0,0,0,2026-09-29,2026-09-23
1050.0,0,0,2026-09-29,2026-09-23
1060.0,0,0,2026-09-29,2026-09-23
1070.0,0,0,2026-09-29,2026-09-23
1080.0,0,0,2026-09-29,2026-09-23
1090.0,0,0,2026-09-29,2026-09-23
1100.0,0,0,2026-09-29,2026-09-23
1110.0,0,0,2026-09-29,2026-09-23
1120.0,0,0,2026-09-29,2026-09-23
1130.0,0,0,2026-09-29,2026-09-23
1140.0,0,0,2026-09-29,2026-09-23
1150.0,0,0,2026-09-29,2026-09-23
1160.0,0,0,2026-09-29,2026-09-23
1170.0,0,0,2026-09-29,2026-09-23
1180.0,0,0,2026-09-29,2026-09-23
1190.0,0,0,2026-09-29,2026-09-23
1200.0,0,0,2026-09-29,2026-09-23
1210.0,0,0,2026-09-29,2026-09-23
1220.0,0,0,2026-09-29,2026-09-23
1230.0,0,0,2026-09-29,2026-09-23
1240.0,0,0,2026-09-29,2026-09-23
1250.0,0,0,2026-09-29,2026-09-23
1260.0,0,0,2026-09-29,2026-09-23
1270.0,0,0,2026-09-29,2026-09-23
1280.0,0,0,2026-09-29,2026-09-23
1290.0,0,0,2026-09-29,2026-09-23
1300.0,0,0,2026-09-29,2026-09-23
1310.0,0,0,2026-09-29,2026-09-23
1320.0,0,0,2026-09-29,2026-09-23
1330.0,0,0,2026-09-29,2026-09-23
1340.0,0,0,2026-09-29,2026-09-23
1350.0,0,0,2026-09-29,2026-09-23
1360.0,0,0,2026-09-29,2026-09-23
1370.0,0,0,2026-09-29,2026-09-23
1380.0,0,0,2026-09-29,2026-09-23
1390.0,0,0,2026-09-29,2026-09-23
1400.0,0,0,2026-09-29,2026-09-23
1410.0,0,0,2026-09-29,2026-09-23
1420.0,0,0,2026-09-29,2026-09-23
1430.0,0,0,2026-09-29,2026-09-23
1440.0,0,0,2026-09-29,2026-09-23
1450.0,0,0,2026-09-29,2026-09-23
1460.0,0,0,2026-09-29,2026-09-23
1470.0,0,0,2026-09-29,2026-09-23
1480.0,0,0,2026-09-29,2026-09-23
1490.0,10,0,2026-09-29,2026-09-23
478.7,0,174,2026-09-30,2026-09-23
733.5,174,0,2026-09-30,2026-09-23
510.0,0,52,2026-10-01,2026-09-23
515.0,0,1,2026-10-01,2026-09-23
520.0,0,2,2026-10-01,2026-09-23
525.0,0,9,2026-10-01,2026-09-23
530.0,0,55,2026-10-01,2026-09-23
535.0,0,2,2026-10-01,2026-09-23
540.0,0,2,2026-10-01,2026-09-23
545.0,0,0,2026-10-01,2026-09-23
550.0,0,21,2026-10-01,2026-09-23
555.0,0,8,2026-10-01,2026-09-23
560.0,0,25,2026-10-01,2026-09-23
565.0,1,3,2026-10-01,2026-09-23
570.0,4,10,2026-10-01,2026-09-23
575.0,5,7,2026-10-01,2026-09-23
577.5,3,4,2026-10-01,2026-09-23
580.0,3,15,2026-10-01,2026-09-23
582.5,6,2,2026-10-01,2026-09-23
585.0,1,12,2026-10-01,2026-09-23
587.5,2,0,2026-10-01,2026-09-23
590.0,1,4,2026-10-01,2026-09-23
592.5,0,3,2026-10-01,2026-09-23
595.0,1,57,2026-10-01,2026-09-23
597.5,0,14,2026-10-01,2026-09-23
600.0,0,211,2026-10-01,2026-09-23
602.5,1,2,2026-10-01,2026-09-23
605.0,8,31,2026-10-01,2026-09-23
607.5,4,18,2026-10-01,2026-09-23
610.0,5,117,2026-10-01,2026-09-23
612.5,3,11,2026-10-01,2026-09-23
615.0,7,46,2026-10-01,2026-09-23
617.5,7,16,2026-10-01,2026-09-23
620.0,8,48,2026-10-01,2026-09-23
622.5,2,14,2026-10-01,2026-09-23
625.0,5,265,2026-10-01,2026-09-23
627.5,1,15,2026-10-01,2026-09-23
630.0,8,42,2026-10-01,2026-09-23
632.5,4,15,2026-10-01,2026-09-23
635.0,6,33,2026-10-01,2026-09-23
637.5,4,57,2026-10-01,2026-09-23
640.0,7,110,2026-10-01,2026-09-23
642.5,20,5,2026-10-01,2026-09-23
645.0,37,181,2026-10-01,2026-09-23
647.5,1,21,2026-10-01,2026-09-23
650.0,33,604,2026-10-01,2026-09-23
652.5,3,9,2026-10-01,2026-09-23
655.0,47,98,2026-10-01,2026-09-23
657.5,0,275,2026-10-01,2026-09-23
660.0,6,51,2026-10-01,2026-09-23
662.5,4,12,2026-10-01,2026-09-23
665.0,24,46,2026-10-01,2026-09-23
667.5,3,24,2026-10-01,2026-09-23
670.0,157,284,2026-10-01,2026-09-23
672.5,81,55,2026-10-01,2026-09-23
675.0,102,187,2026-10-01,2026-09-23
677.5,48,44,2026-10-01,2026-09-23
680.0,135,448,2026-10-01,2026-09-23
682.5,21,43,2026-10-01,2026-09-23
685.0,59,151,2026-10-01,2026-09-23
687.5,11,42,2026-10-01,2026-09-23
690.0,139,109,2026-10-01,2026-09-23
692.5,14,21,2026-10-01,2026-09-23
695.0,71,63,2026-10-01,2026-09-23
697.5,9,40,2026-10-01,2026-09-23
700.0,211,365,2026-10-01,2026-09-23
702.5,23,16,2026-10-01,2026-09-23
705.0,99,78,2026-10-01,2026-09-23
707.5,13,100,2026-10-01,2026-09-23
710.0,46,127,2026-10-01,2026-09-23
712.5,8,33,2026-10-01,2026-09-23
715.0,53,88,2026-10-01,2026-09-23
717.5,16,17,2026-10-01,2026-09-23
720.0,156,453,2026-10-01,2026-09-23
722.5,68,18,2026-10-01,2026-09-23
725.0,77,54,2026-10-01,2026-09-23
727.5,17,14,2026-10-01,2026-09-23
730.0,69,115,2026-10-01,2026-09-23
732.5,24,22,2026-10-01,2026-09-23
735.0,107,120,2026-10-01,2026-09-23
737.5,19,34,2026-10-01,2026-09-23
740.0,195,121,2026-10-01,2026-09-23
742.5,57,42,2026-10-01,2026-09-23
745.0,158,109,2026-10-01,2026-09-23
747.5,115,26,2026-10-01,2026-09-23
750.0,1796,130,2026-10-01,2026-09-23
755.0,91,35,2026-10-01,2026-09-23
760.0,272,16,2026-10-01,2026-09-23
765.0,256,1,2026-10-01,2026-09-23
770.0,270,0,2026-10-01,2026-09-23
770.0,450,251,2026-10-01,2026-09-23
775.0,183,16,2026-10-01,2026-09-23
780.0,160,1,2026-10-01,2026-09-23
785.0,169,2,2026-10-01,2026-09-23
790.0,244,5,2026-10-01,2026-09-23
795.0,61,0,2026-10-01,2026-09-23
800.0,6460,1,2026-10-01,2026-09-23
805.0,94,0,2026-10-01,2026-09-23
810.0,85,0,2026-10-01,2026-09-23
815.0,45,0,2026-10-01,2026-09-23
820.0,80,0,2026-10-01,2026-09-23
825.0,42,0,2026-10-01,2026-09-23
830.0,207,0,2026-10-01,2026-09-23
835.0,30,0,2026-10-01,2026-09-23
840.0,97,0,2026-10-01,2026-09-23
845.0,8,1,2026-10-01,2026-09-23
850.0,655,0,2026-10-01,2026-09-23
855.0,82,0,2026-10-01,2026-09-23
860.0,16,0,2026-10-01,2026-09-23
865.0,3,0,2026-10-01,2026-09-23
870.0,15,0,2026-10-01,2026-09-23
875.0,16,0,2026-10-01,2026-09-23
880.0,18,0,2026-10-01,2026-09-23
885.0,4,0,2026-10-01,2026-09-23
890.0,18,0,2026-10-01,2026-09-23
895.0,2,0,2026-10-01,2026-09-23
900.0,187,0,2026-10-01,2026-09-23
905.0,3,0,2026-10-01,2026-09-23
910.0,1,0,2026-10-01,2026-09-23
915.0,7,0,2026-10-01,2026-09-23
920.0,70,0,2026-10-01,2026-09-23
925.0,6,0,2026-10-01,2026-09-23
930.0,32,0,2026-10-01,2026-09-23
935.0,13,0,2026-10-01,2026-09-23
940.0,0,0,2026-10-01,2026-09-23
945.0,0,0,2026-10-01,2026-09-23
950.0,4,0,2026-10-01,2026-09-23
955.0,1,0,2026-10-01,2026-09-23
960.0,103,0,2026-10-01,2026-09-23
965.0,4,0,2026-10-01,2026-09-23
970.0,1,0,2026-10-01,2026-09-23
975.0,1,0,2026-10-01,2026-09-23
980.0,3,0,2026-10-01,2026-09-23
985.0,10,0,2026-10-01,2026-09-23
990.0,5,0,2026-10-01,2026-09-23
1000.0,16,0,2026-10-01,2026-09-23
1010.0,87,0,2026-10-01,2026-09-23
1020.0,6,0,2026-10-01,2026-09-23
1030.0,31,0,2026-10-01,2026-09-23
1040.0,12,0,2026-10-01,2026-09-23
1050.0,13,0,2026-10-01,2026-09-23
1060.0,2,0,2026-10-01,2026-09-23
1070.0,0,0,2026-10-01,2026-09-23
1080.0,0,0,2026-10-01,2026-09-23
1090.0,0,0,2026-10-01,2026-09-23
1100.0,0,0,2026-10-01,2026-09-23
1110.0,0,0,2026-10-01,2026-09-23
1120.0,0,0,2026-10-01,2026-09-23
1130.0,0,0,2026-10-01,2026-09-23
1140.0,0,0,2026-10-01,2026-09-23
1150.0,0,0,2026-10-01,2026-09-23
1160.0,0,0,2026-10-01,2026-09-23
1170.0,0,0,2026-10-01,2026-09-23
1180.0,0,0,2026-10-01,2026-09-23
1190.0,0,0,2026-10-01,2026-09-23
1200.0,0,0,2026-10-01,2026-09-23
1210.0,0,0,2026-10-01,2026-09-23
1220.0,0,0,2026-10-01,2026-09-23
1230.0,0,0,2026-10-01,2026-09-23
1240.0,0,0,2026-10-01,2026-09-23
1250.0,0,0,2026-10-01,2026-09-23
1260.0,0,0,2026-10-01,2026-09-23
1270.0,0,0,2026-10-01,2026-09-23
1280.0,0,0,2026-10-01,2026-09-23
1290.0,0,0,2026-10-01,2026-09-23
1300.0,0,0,2026-10-01,2026-09-23
1310.0,0,0,2026-10-01,2026-09-23
1320.0,0,0,2026-10-01,2026-09-23
1330.0,0,0,2026-10-01,2026-09-23
1340.0,0,0,2026-10-01,2026-09-23
1350.0,0,0,2026-10-01,2026-09-23
1360.0,0,0,2026-10-01,2026-09-23
1370.0,0,0,2026-10-01,2026-09-23
1380.0,0,0,2026-10-01,2026-09-23
1390.0,0,0,2026-10-01,2026-09-23
1400.0,0,0,2026-10-01,2026-09-23
1410.0,0,0,2026-10-01,2026-09-23
1420.0,0,0,2026-10-01,2026-09-23
1430.0,0,0,2026-10-01,2026-09-23
1440.0,0,0,2026-10-01,2026-09-23
1450.0,0,0,2026-10-01,2026-09-23
1460.0,0,0,2026-10-01,2026-09-23
1470.0,0,0,2026-10-01,2026-09-23
1480.0,0,0,2026-10-01,2026-09-23
1490.0,5,0,2026-10-01,2026-09-23
770.0,97,0,2026-10-02,2026-09-23
100.0,0,0,2026-10-03,2026-09-23
110.0,0,0,2026-10-03,2026-09-23
120.0,0,0,2026-10-03,2026-09-23
130.0,0,11,2026-10-03,2026-09-23
140.0,0,0,2026-10-03,2026-09-23
150.0,0,1053,2026-10-03,2026-09-23
160.0,0,0,2026-10-03,2026-09-23
170.0,0,0,2026-10-03,2026-09-23
180.0,0,0,2026-10-03,2026-09-23
190.0,0,0,2026-10-03,2026-09-23
200.0,0,12,2026-10-03,2026-09-23
210.0,0,0,2026-10-03,2026-09-23
220.0,2,0,2026-10-03,2026-09-23
230.0,0,0,2026-10-03,2026-09-23
240.0,1,0,2026-10-03,2026-09-23
250.0,0,0,2026-10-03,2026-09-23
260.0,0,0,2026-10-03,2026-09-23
270.0,0,2,2026-10-03,2026-09-23
280.0,0,1,2026-10-03,2026-09-23
290.0,3,0,2026-10-03,2026-09-23
300.0,3,98,2026-10-03,2026-09-23
310.0,0,5,2026-10-03,2026-09-23
320.0,0,3,2026-10-03,2026-09-23
330.0,0,13,2026-10-03,2026-09-23
340.0,0,6,2026-10-03,2026-09-23
350.0,0,153,2026-10-03,2026-09-23
360.0,0,29,2026-10-03,2026-09-23
370.0,0,17,2026-10-03,2026-09-23
380.0,0,21,2026-10-03,2026-09-23
390.0,0,10,2026-10-03,2026-09-23
400.0,3,192,2026-10-03,2026-09-23
405.0,0,25,2026-10-03,2026-09-23
410.0,0,35,2026-10-03,2026-09-23
415.0,1,121,2026-10-03,2026-09-23
420.0,0,13,2026-10-03,2026-09-23
425.0,0,35,2026-10-03,2026-09-23
430.0,0,57,2026-10-03,2026-09-23
435.0,1,38,2026-10-03,2026-09-23
440.0,0,183,2026-10-03,2026-09-23
445.0,0,48,2026-10-03,2026-09-23
450.0,0,82,2026-10-03,2026-09-23
455.0,0,288,2026-10-03,2026-09-23
460.0,0,232,2026-10-03,2026-09-23
465.0,0,60,2026-10-03,2026-09-23
470.0,1,266,2026-10-03,2026-09-23
475.0,1,407,2026-10-03,2026-09-23
480.0,2,213,2026-10-03,2026-09-23
485.0,1,146,2026-10-03,2026-09-23
490.0,13,422,2026-10-03,2026-09-23
495.0,42,199,2026-10-03,2026-09-23
500.0,39,619,2026-10-03,2026-09-23
505.0,13,368,2026-10-03,2026-09-23
510.0,12,323,2026-10-03,2026-09-23
515.0,7,1940,2026-10-03,2026-09-23
520.0,0,133,2026-10-03,2026-09-23
520.0,59,351,2026-10-03,2026-09-23
525.0,15,408,2026-10-03,2026-09-23
530.0,62,463,2026-10-03,2026-09-23
535.0,15,240,2026-10-03,2026-09-23
540.0,3000,3019,2026-10-03,2026-09-23
540.0,79,2064,2026-10-03,2026-09-23
545.0,39,494,2026-10-03,2026-09-23
550.0,158,534,2026-10-03,2026-09-23
555.0,137,286,2026-10-03,2026-09-23
560.0,84,870,2026-10-03,2026-09-23
565.0,272,151,2026-10-03,2026-09-23
570.0,350,232,2026-10-03,2026-09-23
572.5,2,25,2026-10-03,2026-09-23
575.0,191,215,2026-10-03,2026-09-23
577.5,0,0,2026-10-03,2026-09-23
580.0,235,463,2026-10-03,2026-09-23
582.5,0,1,2026-10-03,2026-09-23
585.0,145,549,2026-10-03,2026-09-23
587.5,0,22,2026-10-03,2026-09-23
590.0,262,445,2026-10-03,2026-09-23
592.5,1,6,2026-10-03,2026-09-23
595.0,788,249,2026-10-03,2026-09-23
597.5,3,4,2026-10-03,2026-09-23
600.0,6000,6000,2026-10-03,2026-09-23
600.0,514,2025,2026-10-03,2026-09-23
602.5,1,5,2026-10-03,2026-09-23
605.0,368,1038,2026-10-03,2026-09-23
607.5,20,87,2026-10-03,2026-09-23
610.0,191,229,2026-10-03,2026-09-23
612.5,1,35,2026-10-03,2026-09-23
615.0,1201,1100,2026-10-03,2026-09-23
617.5,29,23,2026-10-03,2026-09-23
620.0,432,901,2026-10-03,2026-09-23
622.5,6,6,2026-10-03,2026-09-23
625.0,216,328,2026-10-03,2026-09-23
627.5,5,47,2026-10-03,2026-09-23
630.0,494,935,2026-10-03,2026-09-23
632.5,3,125,2026-10-03,2026-09-23
635.0,213,606,2026-10-03,2026-09-23
637.5,18,70,2026-10-03,2026-09-23
640.0,521,324,2026-10-03,2026-09-23
642.5,6,84,2026-10-03,2026-09-23
645.0,133,0,2026-10-03,2026-09-23
645.0,458,405,2026-10-03,2026-09-23
647.5,33,80,2026-10-03,2026-09-23
650.0,1670,1165,2026-10-03,2026-09-23
652.5,13,2026,2026-10-03,2026-09-23
655.0,857,1931,2026-10-03,2026-09-23
657.5,17,61,2026-10-03,2026-09-23
660.0,1085,735,2026-10-03,2026-09-23
662.5,66,85,2026-10-03,2026-09-23
665.0,339,212,2026-10-03,2026-09-23
667.5,183,55,2026-10-03,2026-09-23
670.0,4658,501,2026-10-03,2026-09-23
672.5,67,111,2026-10-03,2026-09-23
675.0,547,477,2026-10-03,2026-09-23
677.5,36,60,2026-10-03,2026-09-23
680.0,1023,690,2026-10-03,2026-09-23
682.5,48,19,2026-10-03,2026-09-23
685.0,327,422,2026-10-03,2026-09-23
687.5,16,12,2026-10-03,2026-09-23
690.0,1009,0,2026-10-03,2026-09-23
690.0,580,452,2026-10-03,2026-09-23
692.5,1006,55,2026-10-03,2026-09-23
695.0,399,164,2026-10-03,2026-09-23
697.5,66,161,2026-10-03,2026-09-23
700.0,1223,1157,2026-10-03,2026-09-23
702.5,20,60,2026-10-03,2026-09-23
705.0,237,157,2026-10-03,2026-09-23
707.5,27,146,2026-10-03,2026-09-23
710.0,374,480,2026-10-03,2026-09-23
712.5,144,174,2026-10-03,2026-09-23
715.0,1025,226,2026-10-03,2026-09-23
717.5,74,69,2026-10-03,2026-09-23
720.0,2141,296,2026-10-03,2026-09-23
722.5,73,72,2026-10-03,2026-09-23
725.0,388,370,2026-10-03,2026-09-23
727.5,64,124,2026-10-03,2026-09-23
730.0,668,1843,2026-10-03,2026-09-23
732.5,1094,49,2026-10-03,2026-09-23
735.0,605,266,2026-10-03,2026-09-23
737.5,175,88,2026-10-03,2026-09-23
740.0,3254,514,2026-10-03,2026-09-23
742.5,158,82,2026-10-03,2026-09-23
745.0,2021,199,2026-10-03,2026-09-23
747.5,109,278,2026-10-03,2026-09-23
750.0,2419,337,2026-10-03,2026-09-23
755.0,587,38,2026-10-03,2026-09-23
760.0,524,135,2026-10-03,2026-09-23
765.0,237,27,2026-10-03,2026-09-23
770.0,1328,46,2026-10-03,2026-09-23
775.0,563,6,2026-10-03,2026-09-23
780.0,649,12,2026-10-03,2026-09-23
785.0,197,5,2026-10-03,2026-09-23
790.0,391,30,2026-10-03,2026-09-23
795.0,112,6,2026-10-03,2026-09-23
800.0,5708,10,2026-10-03,2026-09-23
805.0,670,1,2026-10-03,2026-09-23
810.0,1175,1,2026-10-03,2026-09-23
815.0,104,0,2026-10-03,2026-09-23
820.0,1225,4,2026-10-03,2026-09-23
825.0,601,5,2026-10-03,2026-09-23
830.0,408,18,2026-10-03,2026-09-23
835.0,158,5,2026-10-03,2026-09-23
840.0,210,0,2026-10-03,2026-09-23
845.0,50,0,2026-10-03,2026-09-23
850.0,771,8,2026-10-03,2026-09-23
855.0,80,2,2026-10-03,2026-09-23
860.0,305,0,2026-10-03,2026-09-23
865.0,78,0,2026-10-03,2026-09-23
870.0,608,0,2026-10-03,2026-09-23
875.0,78,0,2026-10-03,2026-09-23
880.0,240,0,2026-10-03,2026-09-23
885.0,37,0,2026-10-03,2026-09-23
890.0,95,0,2026-10-03,2026-09-23
895.0,13,0,2026-10-03,2026-09-23
900.0,1200,0,2026-10-03,2026-09-23
905.0,48,0,2026-10-03,2026-09-23
910.0,82,0,2026-10-03,2026-09-23
915.0,56,0,2026-10-03,2026-09-23
920.0,98,0,2026-10-03,2026-09-23
925.0,32,0,2026-10-03,2026-09-23
930.0,116,0,2026-10-03,2026-09-23
935.0,181,0,2026-10-03,2026-09-23
940.0,131,0,2026-10-03,2026-09-23
945.0,109,0,2026-10-03,2026-09-23
950.0,56,0,2026-10-03,2026-09-23
955.0,74,0,2026-10-03,2026-09-23
960.0,253,0,2026-10-03,2026-09-23
965.0,132,0,2026-10-03,2026-09-23
970.0,207,0,2026-10-03,2026-09-23
975.0,82,0,2026-10-03,2026-09-23
980.0,49,0,2026-10-03,2026-09-23
985.0,118,0,2026-10-03,2026-09-23
990.0,253,0,2026-10-03,2026-09-23
995.0,226,0,2026-10-03,2026-09-23
1000.0,391,0,2026-10-03,2026-09-23
1010.0,154,0,2026-10-03,2026-09-23
1020.0,239,0,2026-10-03,2026-09-23
1030.0,169,0,2026-10-03,2026-09-23
1040.0,242,0,2026-10-03,2026-09-23
1050.0,148,0,2026-10-03,2026-09-23
1060.0,56,0,2026-10-03,2026-09-23
1070.0,72,0,2026-10-03,2026-09-23
1080.0,0,0,2026-10-03,2026-09-23
1090.0,0,0,2026-10-03,2026-09-23
1100.0,0,0,2026-10-03,2026-09-23
1110.0,0,0,2026-10-03,2026-09-23
1120.0,0,0,2026-10-03,2026-09-23
1130.0,0,0,2026-10-03,2026-09-23
1140.0,0,0,2026-10-03,2026-09-23
1150.0,0,0,2026-10-03,2026-09-23
1160.0,0,0,2026-10-03,2026-09-23
1170.0,0,0,2026-10-03,2026-09-23
1180.0,0,0,2026-10-03,2026-09-23
1190.0,0,0,2026-10-03,2026-09-23
1200.0,0,0,2026-10-03,2026-09-23
1210.0,0,0,2026-10-03,2026-09-23
1220.0,0,0,2026-10-03,2026-09-23
1230.0,1,0,2026-10-03,2026-09-23
1240.0,0,0,2026-10-03,2026-09-23
1250.0,0,0,2026-10-03,2026-09-23
1260.0,0,0,2026-10-03,2026-09-23
1270.0,0,0,2026-10-03,2026-09-23
1280.0,0,0,2026-10-03,2026-09-23
1290.0,0,0,2026-10-03,2026-09-23
1300.0,0,0,2026-10-03,2026-09-23
1310.0,0,0,2026-10-03,2026-09-23
1320.0,0,0,2026-10-03,2026-09-23
1330.0,0,0,2026-10-03,2026-09-23
1340.0,0,0,2026-10-03,2026-09-23
1350.0,0,0,2026-10-03,2026-09-23
1360.0,0,0,2026-10-03,2026-09-23
1370.0,0,0,2026-10-03,2026-09-23
1380.0,0,0,2026-10-03,2026-09-23
1390.0,0,0,2026-10-03,2026-09-23
1400.0,0,0,2026-10-03,2026-09-23
1410.0,0,0,2026-10-03,2026-09-23
1420.0,0,0,2026-10-03,2026-09-23
1430.0,0,0,2026-10-03,2026-09-23
1440.0,0,0,2026-10-03,2026-09-23
1450.0,0,0,2026-10-03,2026-09-23
1460.0,0,0,2026-10-03,2026-09-23
1470.0,0,0,2026-10-03,2026-09-23
1480.0,0,0,2026-10-03,2026-09-23
1490.0,10,0,2026-10-03,2026-09-23
510.0,0,0,2026-10-06,2026-09-23
515.0,0,2,2026-10-06,2026-09-23
520.0,0,0,2026-10-06,2026-09-23
525.0,0,0,2026-10-06,2026-09-23
530.0,0,11,2026-10-06,2026-09-23
535.0,0,0,2026-10-06,2026-09-23
540.0,0,6,2026-10-06,2026-09-23
545.0,0,0,2026-10-06,2026-09-23
550.0,0,0,2026-10-06,2026-09-23
555.0,0,0,2026-10-06,2026-09-23
560.0,0,0,2026-10-06,2026-09-23
565.0,0,0,2026-10-06,2026-09-23
570.0,0,0,2026-10-06,2026-09-23
575.0,0,0,2026-10-06,2026-09-23
580.0,0,0,2026-10-06,2026-09-23
585.0,0,0,2026-10-06,2026-09-23
590.0,0,2,2026-10-06,2026-09-23
595.0,0,1,2026-10-06,2026-09-23
600.0,0,6,2026-10-06,2026-09-23
605.0,0,2,2026-10-06,2026-09-23
610.0,0,0,2026-10-06,2026-09-23
615.0,0,2,2026-10-06,2026-09-23
620.0,0,5,2026-10-06,2026-09-23
625.0,0,2,2026-10-06,2026-09-23
630.0,0,17,2026-10-06,2026-09-23
635.0,2,2,2026-10-06,2026-09-23
640.0,0,14,2026-10-06,2026-09-23
645.0,2,3,2026-10-06,2026-09-23
650.0,2,36,2026-10-06,2026-09-23
655.0,0,7,2026-10-06,2026-09-23
660.0,1,29,2026-10-06,2026-09-23
665.0,0,4,2026-10-06,2026-09-23
670.0,5,12,2026-10-06,2026-09-23
675.0,1,59,2026-10-06,2026-09-23
680.0,5,34,2026-10-06,2026-09-23
685.0,5,20,2026-10-06,2026-09-23
690.0,5,16,2026-10-06,2026-09-23
692.5,0,1,2026-10-06,2026-09-23
695.0,4,29,2026-10-06,2026-09-23
697.5,0,0,2026-10-06,2026-09-23
700.0,27,369,2026-10-06,2026-09-23
702.5,0,2,2026-10-06,2026-09-23
705.0,2,40,2026-10-06,2026-09-23
707.5,0,47,2026-10-06,2026-09-23
710.0,22,81,2026-10-06,2026-09-23
712.5,0,0,2026-10-06,2026-09-23
715.0,9,28,2026-10-06,2026-09-23
717.5,0,0,2026-10-06,2026-09-23
720.0,1654,33,2026-10-06,2026-09-23
722.5,0,0,2026-10-06,2026-09-23
725.0,13,141,2026-10-06,2026-09-23
727.5,0,1,2026-10-06,2026-09-23
730.0,335,339,2026-10-06,2026-09-23
732.5,0,1,2026-10-06,2026-09-23
735.0,107,151,2026-10-06,2026-09-23
737.5,22,89,2026-10-06,2026-09-23
740.0,2735,28,2026-10-06,2026-09-23
742.5,7,24,2026-10-06,2026-09-23
745.0,1642,28,2026-10-06,2026-09-23
747.5,24,180,2026-10-06,2026-09-23
750.0,97,28,2026-10-06,2026-09-23
755.0,32,4,2026-10-06,2026-09-23
760.0,45,0,2026-10-06,2026-09-23
765.0,3,2,2026-10-06,2026-09-23
770.0,51,12,2026-10-06,2026-09-23
775.0,6,0,2026-10-06,2026-09-23
780.0,12,0,2026-10-06,2026-09-23
785.0,11,0,2026-10-06,2026-09-23
790.0,7,0,2026-10-06,2026-09-23
795.0,3,0,2026-10-06,2026-09-23
800.0,111,0,2026-10-06,2026-09-23
805.0,10,7,2026-10-06,2026-09-23
810.0,0,0,2026-10-06,2026-09-23
815.0,1,0,2026-10-06,2026-09-23
820.0,0,0,2026-10-06,2026-09-23
825.0,9,0,2026-10-06,2026-09-23
830.0,3,0,2026-10-06,2026-09-23
835.0,1,0,2026-10-06,2026-09-23
840.0,5,0,2026-10-06,2026-09-23
845.0,2,0,2026-10-06,2026-09-23
850.0,11,0,2026-10-06,2026-09-23
855.0,5,0,2026-10-06,2026-09-23
860.0,5,0,2026-10-06,2026-09-23
865.0,4,0,2026-10-06,2026-09-23
870.0,1,0,2026-10-06,2026-09-23
875.0,0,0,2026-10-06,2026-09-23
880.0,7,0,2026-10-06,2026-09-23
885.0,0,0,2026-10-06,2026-09-23
890.0,0,0,2026-10-06,2026-09-23
895.0,2,0,2026-10-06,2026-09-23
900.0,3,0,2026-10-06,2026-09-23
905.0,0,0,2026-10-06,2026-09-23
910.0,15,0,2026-10-06,2026-09-23
915.0,0,0,2026-10-06,2026-09-23
920.0,1,0,2026-10-06,2026-09-23
925.0,2,0,2026-10-06,2026-09-23
930.0,2,0,2026-10-06,2026-09-23
935.0,0,0,2026-10-06,2026-09-23
940.0,0,0,2026-10-06,2026-09-23
945.0,0,0,2026-10-06,2026-09-23
950.0,0,0,2026-10-06,2026-09-23
955.0,0,0,2026-10-06,2026-09-23
960.0,0,0,2026-10-06,2026-09-23
965.0,0,0,2026-10-06,2026-09-23
970.0,0,0,2026-10-06,2026-09-23
975.0,0,0,2026-10-06,2026-09-23
980.0,0,0,2026-10-06,2026-09-23
985.0,0,0,2026-10-06,2026-09-23
990.0,0,0,2026-10-06,2026-09-23
1000.0,11,0,2026-10-06,2026-09-23
1010.0,0,0,2026-10-06,2026-09-23
1020.0,0,0,2026-10-06,2026-09-23
1030.0,0,0,2026-10-06,2026-09-23
1040.0,0,0,2026-10-06,2026-09-23
1050.0,0,0,2026-10-06,2026-09-23
1060.0,0,0,2026-10-06,2026-09-23
1070.0,0,0,2026-10-06,2026-09-23
1080.0,0,0,2026-10-06,2026-09-23
1090.0,0,0,2026-10-06,2026-09-23
1100.0,0,0,2026-10-06,2026-09-23
1110.0,0,0,2026-10-06,2026-09-23
1120.0,0,0,2026-10-06,2026-09-23
1130.0,0,0,2026-10-06,2026-09-23
1140.0,0,0,2026-10-06,2026-09-23
1150.0,0,0,2026-10-06,2026-09-23
1160.0,0,0,2026-10-06,2026-09-23
1170.0,0,0,2026-10-06,2026-09-23
1180.0,0,0,2026-10-06,2026-09-23
1190.0,0,0,2026-10-06,2026-09-23
1200.0,0,0,2026-10-06,2026-09-23
1210.0,0,0,2026-10-06,2026-09-23
1220.0,0,0,2026-10-06,2026-09-23
1230.0,0,0,2026-10-06,2026-09-23
1240.0,0,0,2026-10-06,2026-09-23
1250.0,0,0,2026-10-06,2026-09-23
1260.0,0,0,2026-10-06,2026-09-23
1270.0,0,0,2026-10-06,2026-09-23
1280.0,0,0,2026-10-06,2026-09-23
1290.0,0,0,2026-10-06,2026-09-23
1300.0,0,0,2026-10-06,2026-09-23
1310.0,0,0,2026-10-06,2026-09-23
1320.0,0,0,2026-10-06,2026-09-23
1330.0,0,0,2026-10-06,2026-09-23
1340.0,0,0,2026-10-06,2026-09-23
1350.0,0,0,2026-10-06,2026-09-23
1360.0,0,0,2026-10-06,2026-09-23
1370.0,0,0,2026-10-06,2026-09-23
1380.0,0,0,2026-10-06,2026-09-23
1390.0,0,0,2026-10-06,2026-09-23
1400.0,0,0,2026-10-06,2026-09-23
1410.0,0,0,2026-10-06,2026-09-23
1420.0,0,0,2026-10-06,2026-09-23
1430.0,0,0,2026-10-06,2026-09-23
1440.0,0,0,2026-10-06,2026-09-23
1450.0,0,0,2026-10-06,2026-09-23
1460.0,0,0,2026-10-06,2026-09-23
1470.0,0,0,2026-10-06,2026-09-23
1480.0,0,0,2026-10-06,2026-09-23
1490.0,0,0,2026-10-06,2026-09-23
691.68,2,0,2026-10-09,2026-09-23
100.0,0,1,2026-10-10,2026-09-23
110.0,0,0,2026-10-10,2026-09-23
120.0,0,0,2026-10-10,2026-09-23
130.0,0,0,2026-10-10,2026-09-23
140.0,0,0,2026-10-10,2026-09-23
150.0,0,0,2026-10-10,2026-09-23
160.0,0,0,2026-10-10,2026-09-23
170.0,0,0,2026-10-10,2026-09-23
180.0,0,0,2026-10-10,2026-09-23
190.0,0,0,2026-10-10,2026-09-23
200.0,0,0,2026-10-10,2026-09-23
210.0,0,0,2026-10-10,2026-09-23
220.0,0,0,2026-10-10,2026-09-23
230.0,0,0,2026-10-10,2026-09-23
240.0,7,0,2026-10-10,2026-09-23
250.0,0,0,2026-10-10,2026-09-23
260.0,0,17,2026-10-10,2026-09-23
270.0,0,3,2026-10-10,2026-09-23
280.0,0,3,2026-10-10,2026-09-23
290.0,0,0,2026-10-10,2026-09-23
300.0,0,1,2026-10-10,2026-09-23
310.0,0,0,2026-10-10,2026-09-23
320.0,0,1,2026-10-10,2026-09-23
330.0,0,1,2026-10-10,2026-09-23
340.0,0,7,2026-10-10,2026-09-23
350.0,0,13,2026-10-10,2026-09-23
360.0,0,9,2026-10-10,2026-09-23
370.0,0,22,2026-10-10,2026-09-23
380.0,0,7,2026-10-10,2026-09-23
390.0,0,6,2026-10-10,2026-09-23
400.0,2,18,2026-10-10,2026-09-23
405.0,0,12,2026-10-10,2026-09-23
410.0,0,13,2026-10-10,2026-09-23
415.0,0,13,2026-10-10,2026-09-23
420.0,0,9,2026-10-10,2026-09-23
425.0,0,15,2026-10-10,2026-09-23
430.0,0,17,2026-10-10,2026-09-23
435.0,0,111,2026-10-10,2026-09-23
440.0,0,52,2026-10-10,2026-09-23
445.0,0,34,2026-10-10,2026-09-23
450.0,0,15,2026-10-10,2026-09-23
455.0,0,7,2026-10-10,2026-09-23
460.0,0,23,2026-10-10,2026-09-23
465.0,0,110,2026-10-10,2026-09-23
470.0,0,39,2026-10-10,2026-09-23
475.0,0,29,2026-10-10,2026-09-23
480.0,0,299,2026-10-10,2026-09-23
485.0,0,264,2026-10-10,2026-09-23
490.0,2,292,2026-10-10,2026-09-23
495.0,0,43,2026-10-10,2026-09-23
500.0,3,1578,2026-10-10,2026-09-23
505.0,0,62,2026-10-10,2026-09-23
510.0,1,163,2026-10-10,2026-09-23
515.0,0,1153,2026-10-10,2026-09-23
520.0,1,68,2026-10-10,2026-09-23
525.0,5,91,2026-10-10,2026-09-23
530.0,1,89,2026-10-10,2026-09-23
535.0,2,73,2026-10-10,2026-09-23
540.0,2,148,2026-10-10,2026-09-23
545.0,13,201,2026-10-10,2026-09-23
550.0,22,313,2026-10-10,2026-09-23
555.0,85,54,2026-10-10,2026-09-23
560.0,22,90,2026-10-10,2026-09-23
565.0,29,3661,2026-10-10,2026-09-23
570.0,76,180,2026-10-10,2026-09-23
575.0,97,76,2026-10-10,2026-09-23
580.0,72,236,2026-10-10,2026-09-23
585.0,81,125,2026-10-10,2026-09-23
590.0,34,188,2026-10-10,2026-09-23
595.0,26,383,2026-10-10,2026-09-23
600.0,5000,5000,2026-10-10,2026-09-23
600.0,46,524,2026-10-10,2026-09-23
605.0,90,365,2026-10-10,2026-09-23
605.34,197,197,2026-10-10,2026-09-23
610.0,118,168,2026-10-10,2026-09-23
615.0,342,109,2026-10-10,2026-09-23
620.0,124,187,2026-10-10,2026-09-23
625.0,56,457,2026-10-10,2026-09-23
630.0,265,150,2026-10-10,2026-09-23
635.0,68,180,2026-10-10,2026-09-23
640.0,210,318,2026-10-10,2026-09-23
645.0,128,452,2026-10-10,2026-09-23
650.0,250,242,2026-10-10,2026-09-23
655.0,143,189,2026-10-10,2026-09-23
657.5,2,8,2026-10-10,2026-09-23
660.0,351,131,2026-10-10,2026-09-23
662.5,5,24,2026-10-10,2026-09-23
665.0,749,173,2026-10-10,2026-09-23
667.5,0,2,2026-10-10,2026-09-23
670.0,459,159,2026-10-10,2026-09-23
672.5,15,22,2026-10-10,2026-09-23
675.0,323,190,2026-10-10,2026-09-23
677.5,7,7,2026-10-10,2026-09-23
680.0,8900,8900,2026-10-10,2026-09-23
680.0,244,196,2026-10-10,2026-09-23
682.5,2,22,2026-10-10,2026-09-23
685.0,418,134,2026-10-10,2026-09-23
687.5,8,111,2026-10-10,2026-09-23
690.0,229,191,2026-10-10,2026-09-23
692.5,6,11,2026-10-10,2026-09-23
695.0,196,46,2026-10-10,2026-09-23
697.5,15,18,2026-10-10,2026-09-23
700.0,5000,5000,2026-10-10,2026-09-23
700.0,618,472,2026-10-10,2026-09-23
702.5,38,279,2026-10-10,2026-09-23
705.0,150,193,2026-10-10,2026-09-23
710.0,5000,5000,2026-10-10,2026-09-23
710.0,266,374,2026-10-10,2026-09-23
715.0,403,142,2026-10-10,2026-09-23
720.0,464,144,2026-10-10,2026-09-23
725.0,304,110,2026-10-10,2026-09-23
730.0,231,224,2026-10-10,2026-09-23
735.0,129,58,2026-10-10,2026-09-23
740.0,269,142,2026-10-10,2026-09-23
745.0,169,79,2026-10-10,2026-09-23
750.0,776,144,2026-10-10,2026-09-23
755.0,128,43,2026-10-10,2026-09-23
760.0,284,46,2026-10-10,2026-09-23
765.0,188,52,2026-10-10,2026-09-23
770.0,380,0,2026-10-10,2026-09-23
770.0,379,20,2026-10-10,2026-09-23
775.0,149,11,2026-10-10,2026-09-23
780.0,220,13,2026-10-10,2026-09-23
785.0,121,5,2026-10-10,2026-09-23
790.0,232,1,2026-10-10,2026-09-23
795.0,222,2,2026-10-10,2026-09-23
800.0,489,11,2026-10-10,2026-09-23
805.0,60,2,2026-10-10,2026-09-23
810.0,193,1,2026-10-10,2026-09-23
815.0,64,1,2026-10-10,2026-09-23
820.0,164,3,2026-10-10,2026-09-23
825.0,85,0,2026-10-10,2026-09-23
830.0,46,1,2026-10-10,2026-09-23
835.0,147,0,2026-10-10,2026-09-23
840.0,101,0,2026-10-10,2026-09-23
845.0,264,0,2026-10-10,2026-09-23
850.0,278,0,2026-10-10,2026-09-23
855.0,68,1,2026-10-10,2026-09-23
860.0,61,0,2026-10-10,2026-09-23
865.0,54,0,2026-10-10,2026-09-23
870.0,57,0,2026-10-10,2026-09-23
875.0,33,0,2026-10-10,2026-09-23
880.0,58,0,2026-10-10,2026-09-23
885.0,29,0,2026-10-10,2026-09-23
890.0,81,1,2026-10-10,2026-09-23
895.0,83,0,2026-10-10,2026-09-23
900.0,423,0,2026-10-10,2026-09-23
905.0,31,0,2026-10-10,2026-09-23
910.0,118,0,2026-10-10,2026-09-23
915.0,99,0,2026-10-10,2026-09-23
920.0,31,0,2026-10-10,2026-09-23
925.0,141,0,2026-10-10,2026-09-23
930.0,28,0,2026-10-10,2026-09-23
935.0,52,0,2026-10-10,2026-09-23
940.0,38,0,2026-10-10,2026-09-23
945.0,35,0,2026-10-10,2026-09-23
950.0,42,0,2026-10-10,2026-09-23
955.0,120,0,2026-10-10,2026-09-23
960.0,43,0,2026-10-10,2026-09-23
965.0,66,0,2026-10-10,2026-09-23
970.0,49,0,2026-10-10,2026-09-23
975.0,36,0,2026-10-10,2026-09-23
980.0,29,0,2026-10-10,2026-09-23
985.0,43,0,2026-10-10,2026-09-23
990.0,56,0,2026-10-10,2026-09-23
995.0,26,0,2026-10-10,2026-09-23
1000.0,36,0,2026-10-10,2026-09-23
1010.0,121,0,2026-10-10,2026-09-23
1020.0,105,0,2026-10-10,2026-09-23
1030.0,117,0,2026-10-10,2026-09-23
1040.0,138,0,2026-10-10,2026-09-23
1050.0,124,0,2026-10-10,2026-09-23
1060.0,132,0,2026-10-10,2026-09-23
1070.0,199,0,2026-10-10,2026-09-23
1080.0,0,0,2026-10-10,2026-09-23
1090.0,0,0,2026-10-10,2026-09-23
1100.0,0,0,2026-10-10,2026-09-23
1110.0,0,0,2026-10-10,2026-09-23
1120.0,0,0,2026-10-10,2026-09-23
1130.0,0,0,2026-10-10,2026-09-23
1140.0,0,0,2026-10-10,2026-09-23
1150.0,0,0,2026-10-10,2026-09-23
1160.0,0,0,2026-10-10,2026-09-23
1170.0,0,0,2026-10-10,2026-09-23
1180.0,0,0,2026-10-10,2026-09-23
1190.0,0,0,2026-10-10,2026-09-23
1200.0,0,0,2026-10-10,2026-09-23
1210.0,0,0,2026-10-10,2026-09-23
1220.0,0,0,2026-10-10,2026-09-23
1230.0,0,0,2026-10-10,2026-09-23
1240.0,0,0,2026-10-10,2026-09-23
1250.0,0,0,2026-10-10,2026-09-23
1260.0,0,0,2026-10-10,2026-09-23
1270.0,0,0,2026-10-10,2026-09-23
1280.0,0,0,2026-10-10,2026-09-23
1290.0,0,0,2026-10-10,2026-09-23
1300.0,0,0,2026-10-10,2026-09-23
1310.0,0,0,2026-10-10,2026-09-23
1320.0,0,0,2026-10-10,2026-09-23
1330.0,0,0,2026-10-10,2026-09-23
1340.0,0,0,2026-10-10,2026-09-23
1350.0,0,0,2026-10-10,2026-09-23
1360.0,0,0,2026-10-10,2026-09-23
1370.0,0,0,2026-10-10,2026-09-23
1380.0,0,0,2026-10-10,2026-09-23
1390.0,0,0,2026-10-10,2026-09-23
1400.0,0,0,2026-10-10,2026-09-23
1410.0,0,0,2026-10-10,2026-09-23
1420.0,0,0,2026-10-10,2026-09-23
1430.0,0,0,2026-10-10,2026-09-23
1440.0,0,0,2026-10-10,2026-09-23
1450.0,0,0,2026-10-10,2026-09-23
1460.0,0,0,2026-10-10,2026-09-23
1470.0,0,0,2026-10-10,2026-09-23
1480.0,0,0,2026-10-10,2026-09-23
1490.0,0,0,2026-10-10,2026-09-23
270.0,1247,428,2026-10-17,2026-09-23
280.0,2,616,2026-10-17,2026-09-23
290.0,0,1487,2026-10-17,2026-09-23
300.0,305,1680,2026-10-17,2026-09-23
310.0,2,961,2026-10-17,2026-09-23
320.0,8,270,2026-10-17,2026-09-23
330.0,1,829,2026-10-17,2026-09-23
340.0,1,369,2026-10-17,2026-09-23
350.0,10,540,2026-10-17,2026-09-23
360.0,0,301,2026-10-17,2026-09-23
370.0,3,222,2026-10-17,2026-09-23
380.0,16,292,2026-10-17,2026-09-23
390.0,3,450,2026-10-17,2026-09-23
400.0,19,1390,2026-10-17,2026-09-23
405.0,0,72,2026-10-17,2026-09-23
410.0,15,1179,2026-10-17,2026-09-23
415.0,7,232,2026-10-17,2026-09-23
420.0,6,362,2026-10-17,2026-09-23
425.0,1,188,2026-10-17,2026-09-23
430.0,21,529,2026-10-17,2026-09-23
435.0,24,151,2026-10-17,2026-09-23
440.0,29,767,2026-10-17,2026-09-23
445.0,25,105,2026-10-17,2026-09-23
450.0,602,3025,2026-10-17,2026-09-23
455.0,34,593,2026-10-17,2026-09-23
460.0,20,1066,2026-10-17,2026-09-23
465.0,15,609,2026-10-17,2026-09-23
470.0,23,1768,2026-10-17,2026-09-23
475.0,9,542,2026-10-17,2026-09-23
480.0,161,2320,2026-10-17,2026-09-23
485.0,27,2113,2026-10-17,2026-09-23
490.0,64,1424,2026-10-17,2026-09-23
495.0,41,715,2026-10-17,2026-09-23
500.0,524,4343,2026-10-17,2026-09-23
505.0,30,923,2026-10-17,2026-09-23
510.0,50,1651,2026-10-17,2026-09-23
515.0,121,1711,2026-10-17,2026-09-23
520.0,393,2180,2026-10-17,2026-09-23
525.0,165,1738,2026-10-17,2026-09-23
530.0,263,2032,2026-10-17,2026-09-23
535.0,537,755,2026-10-17,2026-09-23
540.0,444,4379,2026-10-17,2026-09-23
545.0,215,735,2026-10-17,2026-09-23
550.0,6000,6000,2026-10-17,2026-09-23
550.0,2629,6001,2026-10-17,2026-09-23
555.0,350,596,2026-10-17,2026-09-23
560.0,1119,2414,2026-10-17,2026-09-23
565.0,607,653,2026-10-17,2026-09-23
570.0,2176,2475,2026-10-17,2026-09-23
570.01,2035,2035,2026-10-17,2026-09-23
575.0,1840,878,2026-10-17,2026-09-23
580.0,500,500,2026-10-17,2026-09-23
580.0,1658,3599,2026-10-17,2026-09-23
585.0,3973,3291,2026-10-17,2026-09-23
590.0,1789,1920,2026-10-17,2026-09-23
595.0,4870,4870,2026-10-17,2026-09-23
595.0,687,683,2026-10-17,2026-09-23
600.0,2543,2495,2026-10-17,2026-09-23
600.0,7638,7154,2026-10-17,2026-09-23
605.0,806,841,2026-10-17,2026-09-23
610.0,1396,1764,2026-10-17,2026-09-23
615.0,1155,1272,2026-10-17,2026-09-23
620.0,4288,2257,2026-10-17,2026-09-23
625.0,1142,1302,2026-10-17,2026-09-23
630.0,3207,1545,2026-10-17,2026-09-23
635.0,751,470,2026-10-17,2026-09-23
640.0,48,0,2026-10-17,2026-09-23
640.0,4461,2691,2026-10-17,2026-09-23
645.0,1010,893,2026-10-17,2026-09-23
650.0,0,0,2026-10-17,2026-09-23
650.0,7744,2701,2026-10-17,2026-09-23
655.0,1624,833,2026-10-17,2026-09-23
657.5,14,36,2026-10-17,2026-09-23
660.0,2573,2014,2026-10-17,2026-09-23
662.5,15,82,2026-10-17,2026-09-23
665.0,250,250,2026-10-17,2026-09-23
665.0,1563,530,2026-10-17,2026-09-23
667.5,8,139,2026-10-17,2026-09-23
670.0,5500,5500,2026-10-17,2026-09-23
670.0,3472,1823,2026-10-17,2026-09-23
672.5,15,86,2026-10-17,2026-09-23
675.0,4800,4800,2026-10-17,2026-09-23
675.0,3631,1367,2026-10-17,2026-09-23
677.5,31,154,2026-10-17,2026-09-23
680.0,2,0,2026-10-17,2026-09-23
680.0,5497,1165,2026-10-17,2026-09-23
682.5,86,131,2026-10-17,2026-09-23
685.0,1226,753,2026-10-17,2026-09-23
687.5,45,185,2026-10-17,2026-09-23
690.0,3612,532,2026-10-17,2026-09-23
692.5,32,125,2026-10-17,2026-09-23
695.0,2819,539,2026-10-17,2026-09-23
697.5,167,128,2026-10-17,2026-09-23
700.0,12,0,2026-10-17,2026-09-23
700.0,23095,2975,2026-10-17,2026-09-23
702.5,101,198,2026-10-17,2026-09-23
705.0,2161,493,2026-10-17,2026-09-23
710.0,7239,1456,2026-10-17,2026-09-23
715.0,1637,597,2026-10-17,2026-09-23
720.0,3,0,2026-10-17,2026-09-23
720.0,4275,789,2026-10-17,2026-09-23
725.0,3809,933,2026-10-17,2026-09-23
730.0,3929,513,2026-10-17,2026-09-23
730.12,109,0,2026-10-17,2026-09-23
735.0,36,0,2026-10-17,2026-09-23
735.0,2137,436,2026-10-17,2026-09-23
740.0,600,600,2026-10-17,2026-09-23
740.0,4996,1256,2026-10-17,2026-09-23
745.0,1675,1675,2026-10-17,2026-09-23
745.0,722,423,2026-10-17,2026-09-23
750.0,14126,1589,2026-10-17,2026-09-23
755.0,3256,120,2026-10-17,2026-09-23
760.0,7032,320,2026-10-17,2026-09-23
765.0,15032,41,2026-10-17,2026-09-23
770.0,5765,78,2026-10-17,2026-09-23
775.0,19445,44,2026-10-17,2026-09-23
780.0,6250,31,2026-10-17,2026-09-23
785.0,472,31,2026-10-17,2026-09-23
790.0,3,0,2026-10-17,2026-09-23
790.0,2146,74,2026-10-17,2026-09-23
795.0,470,36,2026-10-17,2026-09-23
800.0,7,0,2026-10-17,2026-09-23
800.0,15623,517,2026-10-17,2026-09-23
805.0,3081,22,2026-10-17,2026-09-23
810.0,3284,31,2026-10-17,2026-09-23
815.0,5393,22,2026-10-17,2026-09-23
820.0,11284,45,2026-10-17,2026-09-23
825.0,5244,23,2026-10-17,2026-09-23
830.0,6944,37,2026-10-17,2026-09-23
835.0,2029,81,2026-10-17,2026-09-23
840.0,1163,0,2026-10-17,2026-09-23
845.0,185,0,2026-10-17,2026-09-23
850.0,3638,4,2026-10-17,2026-09-23
855.0,346,3,2026-10-17,2026-09-23
860.0,1263,1,2026-10-17,2026-09-23
865.0,438,0,2026-10-17,2026-09-23
870.0,1110,0,2026-10-17,2026-09-23
875.0,424,0,2026-10-17,2026-09-23
880.0,553,0,2026-10-17,2026-09-23
885.0,530,0,2026-10-17,2026-09-23
890.0,229,0,2026-10-17,2026-09-23
895.0,74,0,2026-10-17,2026-09-23
900.0,4415,5,2026-10-17,2026-09-23
905.0,95,0,2026-10-17,2026-09-23
910.0,225,0,2026-10-17,2026-09-23
915.0,151,0,2026-10-17,2026-09-23
920.0,157,0,2026-10-17,2026-09-23
925.0,119,0,2026-10-17,2026-09-23
930.0,432,0,2026-10-17,2026-09-23
935.0,68,0,2026-10-17,2026-09-23
940.0,156,0,2026-10-17,2026-09-23
945.0,25,0,2026-10-17,2026-09-23
950.0,682,1,2026-10-17,2026-09-23
955.0,68,0,2026-10-17,2026-09-23
960.0,99,0,2026-10-17,2026-09-23
965.0,199,0,2026-10-17,2026-09-23
970.0,530,0,2026-10-17,2026-09-23
975.0,67,0,2026-10-17,2026-09-23
980.0,231,0,2026-10-17,2026-09-23
990.0,134,0,2026-10-17,2026-09-23
1000.0,2267,1,2026-10-17,2026-09-23
1010.0,57,0,2026-10-17,2026-09-23
1020.0,64,0,2026-10-17,2026-09-23
1030.0,117,0,2026-10-17,2026-09-23
1040.0,380,0,2026-10-17,2026-09-23
1050.0,831,0,2026-10-17,2026-09-23
1060.0,436,0,2026-10-17,2026-09-23
1070.0,550,0,2026-10-17,2026-09-23
1080.0,451,0,2026-10-17,2026-09-23
1090.0,122,0,2026-10-17,2026-09-23
1100.0,767,0,2026-10-17,2026-09-23
1110.0,364,0,2026-10-17,2026-09-23
1120.0,765,0,2026-10-17,2026-09-23
1130.0,561,0,2026-10-17,2026-09-23
1140.0,355,0,2026-10-17,2026-09-23
1150.0,201,0,2026-10-17,2026-09-23
1160.0,3030,0,2026-10-17,2026-09-23
1170.0,2394,0,2026-10-17,2026-09-23
1180.0,1868,0,2026-10-17,2026-09-23
1190.0,221,0,2026-10-17,2026-09-23
1200.0,3219,0,2026-10-17,2026-09-23
1210.0,2081,0,2026-10-17,2026-09-23
1220.0,3148,0,2026-10-17,2026-09-23
1230.0,1286,0,2026-10-17,2026-09-23
1240.0,2065,0,2026-10-17,2026-09-23
1250.0,525,0,2026-10-17,2026-09-23
1260.0,0,0,2026-10-17,2026-09-23
1270.0,0,0,2026-10-17,2026-09-23
1280.0,0,0,2026-10-17,2026-09-23
1290.0,0,0,2026-10-17,2026-09-23
1300.0,0,0,2026-10-17,2026-09-23
1310.0,0,0,2026-10-17,2026-09-23
1320.0,0,0,2026-10-17,2026-09-23
1330.0,0,0,2026-10-17,2026-09-23
1340.0,0,0,2026-10-17,2026-09-23
1350.0,0,0,2026-10-17,2026-09-23
1360.0,0,0,2026-10-17,2026-09-23
1370.0,0,0,2026-10-17,2026-09-23
1380.0,0,0,2026-10-17,2026-09-23
1390.0,0,0,2026-10-17,2026-09-23
1400.0,0,0,2026-10-17,2026-09-23
1410.0,0,0,2026-10-17,2026-09-23
1420.0,0,0,2026-10-17,2026-09-23
1430.0,0,0,2026-10-17,2026-09-23
1440.0,0,0,2026-10-17,2026-09-23
1450.0,0,0,2026-10-17,2026-09-23
1460.0,0,0,2026-10-17,2026-09-23
1470.0,0,0,2026-10-17,2026-09-23
1480.0,0,0,2026-10-17,2026-09-23
1490.0,19,0,2026-10-17,2026-09-23
100.0,0,4,2026-10-24,2026-09-23
110.0,0,0,2026-10-24,2026-09-23
120.0,0,0,2026-10-24,2026-09-23
130.0,0,0,2026-10-24,2026-09-23
140.0,0,0,2026-10-24,2026-09-23
150.0,0,0,2026-10-24,2026-09-23
160.0,0,0,2026-10-24,2026-09-23
170.0,0,0,2026-10-24,2026-09-23
180.0,0,13,2026-10-24,2026-09-23
190.0,0,0,2026-10-24,2026-09-23
200.0,0,0,2026-10-24,2026-09-23
210.0,0,0,2026-10-24,2026-09-23
220.0,0,0,2026-10-24,2026-09-23
230.0,0,0,2026-10-24,2026-09-23
240.0,0,0,2026-10-24,2026-09-23
250.0,0,0,2026-10-24,2026-09-23
260.0,0,0,2026-10-24,2026-09-23
270.0,0,0,2026-10-24,2026-09-23
280.0,0,0,2026-10-24,2026-09-23
290.0,0,0,2026-10-24,2026-09-23
300.0,0,0,2026-10-24,2026-09-23
310.0,0,0,2026-10-24,2026-09-23
320.0,0,0,2026-10-24,2026-09-23
330.0,0,3,2026-10-24,2026-09-23
340.0,0,0,2026-10-24,2026-09-23
350.0,0,0,2026-10-24,2026-09-23
360.0,0,2,2026-10-24,2026-09-23
370.0,0,2,2026-10-24,2026-09-23
380.0,0,0,2026-10-24,2026-09-23
390.0,0,0,2026-10-24,2026-09-23
400.0,2,3,2026-10-24,2026-09-23
405.0,0,2,2026-10-24,2026-09-23
410.0,0,4,2026-10-24,2026-09-23
415.0,0,4,2026-10-24,2026-09-23
420.0,0,5,2026-10-24,2026-09-23
425.0,1,3,2026-10-24,2026-09-23
430.0,0,7,2026-10-24,2026-09-23
435.0,0,16,2026-10-24,2026-09-23
440.0,0,25,2026-10-24,2026-09-23
445.0,0,42,2026-10-24,2026-09-23
450.0,0,19,2026-10-24,2026-09-23
455.0,0,8,2026-10-24,2026-09-23
460.0,0,29,2026-10-24,2026-09-23
465.0,0,11,2026-10-24,2026-09-23
470.0,0,14,2026-10-24,2026-09-23
475.0,1,3,2026-10-24,2026-09-23
480.0,1,24,2026-10-24,2026-09-23
485.0,0,4,2026-10-24,2026-09-23
490.0,0,11,2026-10-24,2026-09-23
495.0,0,14,2026-10-24,2026-09-23
500.0,2,161,2026-10-24,2026-09-23
505.0,0,15,2026-10-24,2026-09-23
510.0,0,24,2026-10-24,2026-09-23
515.0,0,15,2026-10-24,2026-09-23
520.0,0,63,2026-10-24,2026-09-23
525.0,2,51,2026-10-24,2026-09-23
530.0,0,149,2026-10-24,2026-09-23
535.0,2,84,2026-10-24,2026-09-23
540.0,1,240,2026-10-24,2026-09-23
545.0,3,192,2026-10-24,2026-09-23
550.0,21,368,2026-10-24,2026-09-23
555.0,6,97,2026-10-24,2026-09-23
560.0,5,211,2026-10-24,2026-09-23
565.0,37,122,2026-10-24,2026-09-23
570.0,6,106,2026-10-24,2026-09-23
575.0,12,141,2026-10-24,2026-09-23
580.0,11,157,2026-10-24,2026-09-23
585.0,12,86,2026-10-24,2026-09-23
590.0,11,128,2026-10-24,2026-09-23
595.0,5,335,2026-10-24,2026-09-23
600.0,0,133,2026-10-24,2026-09-23
600.0,106,509,2026-10-24,2026-09-23
605.0,8,169,2026-10-24,2026-09-23
610.0,32,272,2026-10-24,2026-09-23
615.0,23,410,2026-10-24,2026-09-23
620.0,78,452,2026-10-24,2026-09-23
625.0,73,134,2026-10-24,2026-09-23
630.0,471,205,2026-10-24,2026-09-23
635.0,81,203,2026-10-24,2026-09-23
640.0,209,223,2026-10-24,2026-09-23
645.0,149,104,2026-10-24,2026-09-23
650.0,196,390,2026-10-24,2026-09-23
655.0,148,230,2026-10-24,2026-09-23
660.0,452,287,2026-10-24,2026-09-23
665.0,150,207,2026-10-24,2026-09-23
670.0,300,300,2026-10-24,2026-09-23
670.0,284,237,2026-10-24,2026-09-23
675.0,234,249,2026-10-24,2026-09-23
680.0,480,236,2026-10-24,2026-09-23
685.0,99,132,2026-10-24,2026-09-23
690.0,218,149,2026-10-24,2026-09-23
695.0,107,81,2026-10-24,2026-09-23
700.0,1190,1846,2026-10-24,2026-09-23
705.0,124,126,2026-10-24,2026-09-23
710.0,301,106,2026-10-24,2026-09-23
715.0,132,57,2026-10-24,2026-09-23
720.0,478,100,2026-10-24,2026-09-23
725.0,356,352,2026-10-24,2026-09-23
730.0,198,70,2026-10-24,2026-09-23
735.0,235,44,2026-10-24,2026-09-23
740.0,133,0,2026-10-24,2026-09-23
740.0,372,125,2026-10-24,2026-09-23
745.0,141,61,2026-10-24,2026-09-23
750.0,5343,5343,2026-10-24,2026-09-23
750.0,498,188,2026-10-24,2026-09-23
755.0,168,10,2026-10-24,2026-09-23
760.0,983,16,2026-10-24,2026-09-23
765.0,265,3,2026-10-24,2026-09-23
770.0,408,0,2026-10-24,2026-09-23
775.0,468,3,2026-10-24,2026-09-23
780.0,382,0,2026-10-24,2026-09-23
785.0,719,9,2026-10-24,2026-09-23
790.0,183,13,2026-10-24,2026-09-23
795.0,78,0,2026-10-24,2026-09-23
800.0,816,25,2026-10-24,2026-09-23
805.0,59,0,2026-10-24,2026-09-23
810.0,143,0,2026-10-24,2026-09-23
815.0,47,3,2026-10-24,2026-09-23
820.0,192,0,2026-10-24,2026-09-23
825.0,97,0,2026-10-24,2026-09-23
830.0,143,0,2026-10-24,2026-09-23
835.0,104,0,2026-10-24,2026-09-23
840.0,117,0,2026-10-24,2026-09-23
845.0,22,3,2026-10-24,2026-09-23
850.0,167,2,2026-10-24,2026-09-23
855.0,34,0,2026-10-24,2026-09-23
860.0,89,0,2026-10-24,2026-09-23
865.0,172,0,2026-10-24,2026-09-23
870.0,119,0,2026-10-24,2026-09-23
875.0,367,0,2026-10-24,2026-09-23
880.0,60,0,2026-10-24,2026-09-23
885.0,20,0,2026-10-24,2026-09-23
890.0,194,0,2026-10-24,2026-09-23
895.0,39,0,2026-10-24,2026-09-23
900.0,136,1,2026-10-24,2026-09-23
905.0,4,0,2026-10-24,2026-09-23
910.0,107,0,2026-10-24,2026-09-23
915.0,23,0,2026-10-24,2026-09-23
920.0,61,0,2026-10-24,2026-09-23
925.0,26,0,2026-10-24,2026-09-23
930.0,20,0,2026-10-24,2026-09-23
935.0,9,0,2026-10-24,2026-09-23
940.0,3,0,2026-10-24,2026-09-23
945.0,28,0,2026-10-24,2026-09-23
950.0,43,0,2026-10-24,2026-09-23
955.0,12,0,2026-10-24,2026-09-23
960.0,11,0,2026-10-24,2026-09-23
965.0,8,0,2026-10-24,2026-09-23
970.0,13,0,2026-10-24,2026-09-23
975.0,5,0,2026-10-24,2026-09-23
980.0,12,0,2026-10-24,2026-09-23
985.0,13,0,2026-10-24,2026-09-23
990.0,4,0,2026-10-24,2026-09-23
995.0,4,0,2026-10-24,2026-09-23
1000.0,46,0,2026-10-24,2026-09-23
1010.0,8,0,2026-10-24,2026-09-23
1020.0,26,0,2026-10-24,2026-09-23
1030.0,9,0,2026-10-24,2026-09-23
1040.0,8,0,2026-10-24,2026-09-23
1050.0,49,0,2026-10-24,2026-09-23
1060.0,8,1,2026-10-24,2026-09-23
1070.0,30,0,2026-10-24,2026-09-23
1080.0,1,0,2026-10-24,2026-09-23
1090.0,27,0,2026-10-24,2026-09-23
1100.0,0,0,2026-10-24,2026-09-23
1110.0,0,0,2026-10-24,2026-09-23
1120.0,0,0,2026-10-24,2026-09-23
1130.0,0,0,2026-10-24,2026-09-23
1140.0,0,0,2026-10-24,2026-09-23
1150.0,0,0,2026-10-24,2026-09-23
1160.0,0,0,2026-10-24,2026-09-23
1170.0,0,0,2026-10-24,2026-09-23
1180.0,0,0,2026-10-24,2026-09-23
1190.0,10,0,2026-10-24,2026-09-23
1200.0,0,0,2026-10-24,2026-09-23
1210.0,0,0,2026-10-24,2026-09-23
1220.0,0,0,2026-10-24,2026-09-23
1230.0,0,0,2026-10-24,2026-09-23
1240.0,0,0,2026-10-24,2026-09-23
1250.0,0,0,2026-10-24,2026-09-23
1260.0,0,0,2026-10-24,2026-09-23
1270.0,0,0,2026-10-24,2026-09-23
1280.0,0,0,2026-10-24,2026-09-23
1290.0,0,0,2026-10-24,2026-09-23
1300.0,0,0,2026-10-24,2026-09-23
1310.0,0,0,2026-10-24,2026-09-23
1320.0,0,0,2026-10-24,2026-09-23
1330.0,0,0,2026-10-24,2026-09-23
1340.0,0,0,2026-10-24,2026-09-23
1350.0,0,0,2026-10-24,2026-09-23
1360.0,0,0,2026-10-24,2026-09-23
1370.0,0,0,2026-10-24,2026-09-23
1380.0,0,0,2026-10-24,2026-09-23
1390.0,0,0,2026-10-24,2026-09-23
1400.0,0,0,2026-10-24,2026-09-23
1410.0,0,0,2026-10-24,2026-09-23
1420.0,0,0,2026-10-24,2026-09-23
1430.0,0,0,2026-10-24,2026-09-23
1440.0,0,0,2026-10-24,2026-09-23
1450.0,0,0,2026-10-24,2026-09-23
1460.0,0,0,2026-10-24,2026-09-23
1470.0,0,0,2026-10-24,2026-09-23
1480.0,0,0,2026-10-24,2026-09-23
1490.0,0,0,2026-10-24,2026-09-23
5991.75,10,10,2026-10-24,2026-09-23
556.03,1680,1680,2026-10-28,2026-09-23
600.0,4600,4600,2026-10-29,2026-09-23
100.0,1,0,2026-10-31,2026-09-23
110.0,0,0,2026-10-31,2026-09-23
120.0,0,0,2026-10-31,2026-09-23
130.0,0,0,2026-10-31,2026-09-23
140.0,0,0,2026-10-31,2026-09-23
150.0,0,0,2026-10-31,2026-09-23
160.0,0,0,2026-10-31,2026-09-23
170.0,0,0,2026-10-31,2026-09-23
180.0,0,0,2026-10-31,2026-09-23
190.0,0,0,2026-10-31,2026-09-23
200.0,0,0,2026-10-31,2026-09-23
210.0,0,0,2026-10-31,2026-09-23
220.0,0,0,2026-10-31,2026-09-23
230.0,0,0,2026-10-31,2026-09-23
240.0,0,0,2026-10-31,2026-09-23
250.0,0,0,2026-10-31,2026-09-23
260.0,0,0,2026-10-31,2026-09-23
270.0,0,0,2026-10-31,2026-09-23
280.0,0,0,2026-10-31,2026-09-23
290.0,0,0,2026-10-31,2026-09-23
300.0,0,126,2026-10-31,2026-09-23
310.0,5,0,2026-10-31,2026-09-23
320.0,0,0,2026-10-31,2026-09-23
330.0,0,0,2026-10-31,2026-09-23
340.0,0,0,2026-10-31,2026-09-23
350.0,0,6,2026-10-31,2026-09-23
360.0,0,1,2026-10-31,2026-09-23
370.0,0,6,2026-10-31,2026-09-23
380.0,0,14,2026-10-31,2026-09-23
390.0,0,5,2026-10-31,2026-09-23
400.0,0,37,2026-10-31,2026-09-23
410.0,0,1,2026-10-31,2026-09-23
420.0,0,25,2026-10-31,2026-09-23
430.0,0,0,2026-10-31,2026-09-23
440.0,0,8,2026-10-31,2026-09-23
450.0,0,15,2026-10-31,2026-09-23
455.0,0,2,2026-10-31,2026-09-23
460.0,1,17,2026-10-31,2026-09-23
465.0,0,0,2026-10-31,2026-09-23
470.0,0,237,2026-10-31,2026-09-23
475.0,0,4,2026-10-31,2026-09-23
480.0,1,16,2026-10-31,2026-09-23
485.0,0,4,2026-10-31,2026-09-23
490.0,0,14,2026-10-31,2026-09-23
495.0,0,22,2026-10-31,2026-09-23
500.0,22,149,2026-10-31,2026-09-23
505.0,0,21,2026-10-31,2026-09-23
510.0,12,18,2026-10-31,2026-09-23
515.0,0,46,2026-10-31,2026-09-23
520.0,2000,2000,2026-10-31,2026-09-23
520.0,11,145,2026-10-31,2026-09-23
525.0,0,357,2026-10-31,2026-09-23
530.0,1,23,2026-10-31,2026-09-23
535.0,0,365,2026-10-31,2026-09-23
540.0,1,112,2026-10-31,2026-09-23
545.0,1,64,2026-10-31,2026-09-23
550.0,25,266,2026-10-31,2026-09-23
555.0,1,31,2026-10-31,2026-09-23
560.0,6,113,2026-10-31,2026-09-23
565.0,1,61,2026-10-31,2026-09-23
570.0,4,111,2026-10-31,2026-09-23
575.0,4,65,2026-10-31,2026-09-23
580.0,9,218,2026-10-31,2026-09-23
585.0,7,110,2026-10-31,2026-09-23
590.0,8,250,2026-10-31,2026-09-23
595.0,10,149,2026-10-31,2026-09-23
600.0,14,474,2026-10-31,2026-09-23
605.0,10,123,2026-10-31,2026-09-23
610.0,20,222,2026-10-31,2026-09-23
615.0,7,106,2026-10-31,2026-09-23
620.0,99,320,2026-10-31,2026-09-23
625.0,20,221,2026-10-31,2026-09-23
630.0,40,236,2026-10-31,2026-09-23
635.0,65,71,2026-10-31,2026-09-23
640.0,108,121,2026-10-31,2026-09-23
645.0,21,87,2026-10-31,2026-09-23
650.0,716,414,2026-10-31,2026-09-23
655.0,56,117,2026-10-31,2026-09-23
660.0,227,285,2026-10-31,2026-09-23
665.0,55,106,2026-10-31,2026-09-23
670.0,243,125,2026-10-31,2026-09-23
675.0,149,109,2026-10-31,2026-09-23
680.0,299,6205,2026-10-31,2026-09-23
685.0,199,20,2026-10-31,2026-09-23
690.0,214,75,2026-10-31,2026-09-23
695.0,55,25,2026-10-31,2026-09-23
700.0,456,325,2026-10-31,2026-09-23
705.0,63,107,2026-10-31,2026-09-23
710.0,185,102,2026-10-31,2026-09-23
715.0,77,50,2026-10-31,2026-09-23
720.0,244,118,2026-10-31,2026-09-23
725.0,85,31,2026-10-31,2026-09-23
730.0,361,100,2026-10-31,2026-09-23
735.0,86,88,2026-10-31,2026-09-23
740.0,312,79,2026-10-31,2026-09-23
745.0,71,54,2026-10-31,2026-09-23
750.0,496,107,2026-10-31,2026-09-23
755.0,96,13,2026-10-31,2026-09-23
760.0,373,14,2026-10-31,2026-09-23
765.0,65,5,2026-10-31,2026-09-23
770.0,243,5,2026-10-31,2026-09-23
775.0,127,0,2026-10-31,2026-09-23
780.0,144,0,2026-10-31,2026-09-23
785.0,230,1,2026-10-31,2026-09-23
790.0,205,0,2026-10-31,2026-09-23
795.0,230,0,2026-10-31,2026-09-23
800.0,589,351,2026-10-31,2026-09-23
805.0,157,0,2026-10-31,2026-09-23
810.0,202,0,2026-10-31,2026-09-23
815.0,144,0,2026-10-31,2026-09-23
820.0,129,0,2026-10-31,2026-09-23
825.0,46,0,2026-10-31,2026-09-23
830.0,95,1,2026-10-31,2026-09-23
835.0,42,0,2026-10-31,2026-09-23
840.0,108,1,2026-10-31,2026-09-23
845.0,112,0,2026-10-31,2026-09-23
850.0,409,0,2026-10-31,2026-09-23
860.0,107,1,2026-10-31,2026-09-23
870.0,67,0,2026-10-31,2026-09-23
880.0,204,1,2026-10-31,2026-09-23
890.0,58,0,2026-10-31,2026-09-23
900.0,320,24,2026-10-31,2026-09-23
910.0,59,0,2026-10-31,2026-09-23
920.0,28,0,2026-10-31,2026-09-23
930.0,26,0,2026-10-31,2026-09-23
940.0,104,0,2026-10-31,2026-09-23
950.0,48,0,2026-10-31,2026-09-23
960.0,34,0,2026-10-31,2026-09-23
970.0,622,0,2026-10-31,2026-09-23
980.0,13,0,2026-10-31,2026-09-23
990.0,10,0,2026-10-31,2026-09-23
1000.0,173,0,2026-10-31,2026-09-23
1010.0,13,0,2026-10-31,2026-09-23
1020.0,3,0,2026-10-31,2026-09-23
1030.0,2,0,2026-10-31,2026-09-23
1040.0,8,0,2026-10-31,2026-09-23
1050.0,12,0,2026-10-31,2026-09-23
1060.0,4,0,2026-10-31,2026-09-23
1070.0,11,1,2026-10-31,2026-09-23
1080.0,0,0,2026-10-31,2026-09-23
1090.0,2,0,2026-10-31,2026-09-23
1100.0,3,0,2026-10-31,2026-09-23
1110.0,1,0,2026-10-31,2026-09-23
1120.0,0,0,2026-10-31,2026-09-23
1130.0,1,0,2026-10-31,2026-09-23
1140.0,0,0,2026-10-31,2026-09-23
1150.0,1,0,2026-10-31,2026-09-23
1160.0,1,0,2026-10-31,2026-09-23
1170.0,0,0,2026-10-31,2026-09-23
1180.0,0,0,2026-10-31,2026-09-23
1190.0,0,0,2026-10-31,2026-09-23
1200.0,0,0,2026-10-31,2026-09-23
1210.0,0,0,2026-10-31,2026-09-23
1220.0,0,0,2026-10-31,2026-09-23
1230.0,0,0,2026-10-31,2026-09-23
1240.0,0,0,2026-10-31,2026-09-23
1250.0,0,0,2026-10-31,2026-09-23
1260.0,0,0,2026-10-31,2026-09-23
1270.0,0,0,2026-10-31,2026-09-23
1280.0,0,0,2026-10-31,2026-09-23
1290.0,0,0,2026-10-31,2026-09-23
1300.0,0,0,2026-10-31,2026-09-23
1310.0,0,0,2026-10-31,2026-09-23
1320.0,0,0,2026-10-31,2026-09-23
1330.0,0,0,2026-10-31,2026-09-23
1340.0,0,0,2026-10-31,2026-09-23
1350.0,0,0,2026-10-31,2026-09-23
1360.0,0,0,2026-10-31,2026-09-23
1370.0,0,0,2026-10-31,2026-09-23
1380.0,0,0,2026-10-31,2026-09-23
1390.0,0,0,2026-10-31,2026-09-23
1400.0,0,0,2026-10-31,2026-09-23
1410.0,0,0,2026-10-31,2026-09-23
1420.0,0,0,2026-10-31,2026-09-23
1430.0,0,0,2026-10-31,2026-09-23
1440.0,0,0,2026-10-31,2026-09-23
1450.0,0,0,2026-10-31,2026-09-23
1460.0,0,0,2026-10-31,2026-09-23
1470.0,0,0,2026-10-31,2026-09-23
1480.0,0,0,2026-10-31,2026-09-23
1490.0,0,0,2026-10-31,2026-09-23
715.0,124,0,2026-11-06,2026-09-23
730.0,62,0,2026-11-06,2026-09-23
760.0,166,0,2026-11-06,2026-09-23
813.0,25,0,2026-11-06,2026-09-23
665.0,1100,1100,2026-11-07,2026-09-23
670.0,350,350,2026-11-07,2026-09-23
745.0,552,0,2026-11-07,2026-09-23
750.0,11,0,2026-11-07,2026-09-23
805.0,96,0,2026-11-12,2026-09-23
610.0,0,0,2026-11-14,2026-09-23
5.0,0,3803,2026-11-21,2026-09-23
10.0,0,201,2026-11-21,2026-09-23
15.0,0,0,2026-11-21,2026-09-23
20.0,0,20,2026-11-21,2026-09-23
25.0,0,0,2026-11-21,2026-09-23
30.0,0,10,2026-11-21,2026-09-23
35.0,7,0,2026-11-21,2026-09-23
40.0,2,33,2026-11-21,2026-09-23
45.0,15,0,2026-11-21,2026-09-23
50.0,10,43,2026-11-21,2026-09-23
250.0,85,2448,2026-11-21,2026-09-23
260.0,4,196,2026-11-21,2026-09-23
270.0,1,112,2026-11-21,2026-09-23
280.0,1,46,2026-11-21,2026-09-23
290.0,2,165,2026-11-21,2026-09-23
300.0,17,502,2026-11-21,2026-09-23
310.0,3,127,2026-11-21,2026-09-23
320.0,4,41,2026-11-21,2026-09-23
330.0,18,65,2026-11-21,2026-09-23
340.0,6,252,2026-11-21,2026-09-23
350.0,17,415,2026-11-21,2026-09-23
360.0,15,277,2026-11-21,2026-09-23
370.0,3,210,2026-11-21,2026-09-23
380.0,16,146,2026-11-21,2026-09-23
390.0,38,254,2026-11-21,2026-09-23
400.0,50,848,2026-11-21,2026-09-23
405.0,40,184,2026-11-21,2026-09-23
410.0,10,161,2026-11-21,2026-09-23
415.0,16,168,2026-11-21,2026-09-23
420.0,6,1008,2026-11-21,2026-09-23
425.0,41,640,2026-11-21,2026-09-23
430.0,8,240,2026-11-21,2026-09-23
435.0,6,753,2026-11-21,2026-09-23
440.0,34,609,2026-11-21,2026-09-23
445.0,33,359,2026-11-21,2026-09-23
450.0,756,1584,2026-11-21,2026-09-23
455.0,31,385,2026-11-21,2026-09-23
460.0,107,609,2026-11-21,2026-09-23
465.0,49,411,2026-11-21,2026-09-23
470.0,54,1479,2026-11-21,2026-09-23
475.0,38,674,2026-11-21,2026-09-23
480.0,65,2589,2026-11-21,2026-09-23
485.0,36,470,2026-11-21,2026-09-23
490.0,16,876,2026-11-21,2026-09-23
495.0,53,757,2026-11-21,2026-09-23
500.0,345,3626,2026-11-21,2026-09-23
505.0,69,734,2026-11-21,2026-09-23
510.0,679,1286,2026-11-21,2026-09-23
515.0,84,1349,2026-11-21,2026-09-23
520.0,6375,6375,2026-11-21,2026-09-23
520.0,267,1095,2026-11-21,2026-09-23
525.0,44,829,2026-11-21,2026-09-23
530.0,982,2371,2026-11-21,2026-09-23
535.0,194,1328,2026-11-21,2026-09-23
540.0,815,2304,2026-11-21,2026-09-23
545.0,250,844,2026-11-21,2026-09-23
550.0,1432,3046,2026-11-21,2026-09-23
555.0,951,1399,2026-11-21,2026-09-23
560.0,1461,2018,2026-11-21,2026-09-23
565.0,745,705,2026-11-21,2026-09-23
570.0,1046,1564,2026-11-21,2026-09-23
575.0,772,893,2026-11-21,2026-09-23
580.0,880,1943,2026-11-21,2026-09-23
585.0,6545,7404,2026-11-21,2026-09-23
590.0,3241,2929,2026-11-21,2026-09-23
595.0,811,761,2026-11-21,2026-09-23
600.0,450,468,2026-11-21,2026-09-23
600.0,4850,4220,2026-11-21,2026-09-23
605.0,1217,638,2026-11-21,2026-09-23
610.0,1613,963,2026-11-21,2026-09-23
615.0,1037,746,2026-11-21,2026-09-23
620.0,807,1201,2026-11-21,2026-09-23
625.0,947,1208,2026-11-21,2026-09-23
630.0,1186,2027,2026-11-21,2026-09-23
635.0,2366,375,2026-11-21,2026-09-23
640.0,6,0,2026-11-21,2026-09-23
640.0,1463,1379,2026-11-21,2026-09-23
645.0,650,650,2026-11-21,2026-09-23
645.0,499,715,2026-11-21,2026-09-23
650.0,4982,2566,2026-11-21,2026-09-23
655.0,484,330,2026-11-21,2026-09-23
660.0,1950,1950,2026-11-21,2026-09-23
660.0,2989,723,2026-11-21,2026-09-23
665.0,436,178,2026-11-21,2026-09-23
670.0,2066,455,2026-11-21,2026-09-23
675.0,933,299,2026-11-21,2026-09-23
680.0,70,70,2026-11-21,2026-09-23
680.0,1095,990,2026-11-21,2026-09-23
685.0,914,245,2026-11-21,2026-09-23
690.0,932,351,2026-11-21,2026-09-23
695.0,659,242,2026-11-21,2026-09-23
700.0,14,0,2026-11-21,2026-09-23
700.0,17562,895,2026-11-21,2026-09-23
705.0,715,150,2026-11-21,2026-09-23
710.0,3000,3000,2026-11-21,2026-09-23
710.0,1342,120,2026-11-21,2026-09-23
715.0,778,102,2026-11-21,2026-09-23
720.0,1569,557,2026-11-21,2026-09-23
725.0,1457,219,2026-11-21,2026-09-23
730.0,914,120,2026-11-21,2026-09-23
735.0,828,143,2026-11-21,2026-09-23
740.0,7,0,2026-11-21,2026-09-23
740.0,1868,428,2026-11-21,2026-09-23
745.0,739,509,2026-11-21,2026-09-23
750.0,7179,179,2026-11-21,2026-09-23
755.0,4319,61,2026-11-21,2026-09-23
760.0,4588,145,2026-11-21,2026-09-23
765.0,4085,51,2026-11-21,2026-09-23
770.0,5053,37,2026-11-21,2026-09-23
775.0,4618,19,2026-11-21,2026-09-23
780.0,6842,62,2026-11-21,2026-09-23
785.0,294,51,2026-11-21,2026-09-23
790.0,1034,87,2026-11-21,2026-09-23
795.0,930,18,2026-11-21,2026-09-23
800.0,2,0,2026-11-21,2026-09-23
800.0,22426,127,2026-11-21,2026-09-23
805.0,4161,22,2026-11-21,2026-09-23
810.0,6738,1,2026-11-21,2026-09-23
815.0,4086,11,2026-11-21,2026-09-23
820.0,4773,0,2026-11-21,2026-09-23
825.0,4704,0,2026-11-21,2026-09-23
830.0,5221,0,2026-11-21,2026-09-23
835.0,203,1,2026-11-21,2026-09-23
840.0,953,0,2026-11-21,2026-09-23
845.0,366,0,2026-11-21,2026-09-23
850.0,18,0,2026-11-21,2026-09-23
850.0,2115,8,2026-11-21,2026-09-23
855.0,243,0,2026-11-21,2026-09-23
860.0,857,1,2026-11-21,2026-09-23
865.0,210,0,2026-11-21,2026-09-23
870.0,937,34,2026-11-21,2026-09-23
875.0,831,0,2026-11-21,2026-09-23
880.0,330,0,2026-11-21,2026-09-23
885.0,155,0,2026-11-21,2026-09-23
890.0,155,0,2026-11-21,2026-09-23
895.0,66,0,2026-11-21,2026-09-23
900.0,10136,84,2026-11-21,2026-09-23
905.0,167,0,2026-11-21,2026-09-23
910.0,203,0,2026-11-21,2026-09-23
915.0,55,0,2026-11-21,2026-09-23
920.0,244,0,2026-11-21,2026-09-23
925.0,891,0,2026-11-21,2026-09-23
930.0,136,1,2026-11-21,2026-09-23
935.0,123,0,2026-11-21,2026-09-23
940.0,178,2,2026-11-21,2026-09-23
945.0,98,0,2026-11-21,2026-09-23
950.0,2171,1,2026-11-21,2026-09-23
955.0,66,0,2026-11-21,2026-09-23
960.0,187,0,2026-11-21,2026-09-23
965.0,134,0,2026-11-21,2026-09-23
970.0,62,0,2026-11-21,2026-09-23
975.0,52,0,2026-11-21,2026-09-23
980.0,119,0,2026-11-21,2026-09-23
985.0,67,0,2026-11-21,2026-09-23
990.0,216,0,2026-11-21,2026-09-23
995.0,29,0,2026-11-21,2026-09-23
1000.0,1245,0,2026-11-21,2026-09-23
1010.0,164,0,2026-11-21,2026-09-23
1020.0,145,0,2026-11-21,2026-09-23
1030.0,155,0,2026-11-21,2026-09-23
1040.0,66,0,2026-11-21,2026-09-23
1050.0,219,5,2026-11-21,2026-09-23
1060.0,249,0,2026-11-21,2026-09-23
1070.0,110,0,2026-11-21,2026-09-23
1080.0,239,0,2026-11-21,2026-09-23
1090.0,502,0,2026-11-21,2026-09-23
1100.0,1491,0,2026-11-21,2026-09-23
1110.0,120,0,2026-11-21,2026-09-23
1120.0,93,0,2026-11-21,2026-09-23
1130.0,70,0,2026-11-21,2026-09-23
1140.0,122,0,2026-11-21,2026-09-23
1150.0,262,0,2026-11-21,2026-09-23
1160.0,120,0,2026-11-21,2026-09-23
1170.0,114,0,2026-11-21,2026-09-23
1180.0,35,0,2026-11-21,2026-09-23
1190.0,61,0,2026-11-21,2026-09-23
1200.0,1232,0,2026-11-21,2026-09-23
1210.0,112,0,2026-11-21,2026-09-23
1220.0,39,0,2026-11-21,2026-09-23
1230.0,40,0,2026-11-21,2026-09-23
1240.0,57,0,2026-11-21,2026-09-23
1250.0,363,0,2026-11-21,2026-09-23
1260.0,88,0,2026-11-21,2026-09-23
1270.0,69,0,2026-11-21,2026-09-23
1280.0,34,0,2026-11-21,2026-09-23
1290.0,67,0,2026-11-21,2026-09-23
1300.0,177,0,2026-11-21,2026-09-23
1310.0,6,0,2026-11-21,2026-09-23
1320.0,18,0,2026-11-21,2026-09-23
1330.0,22,0,2026-11-21,2026-09-23
1340.0,16,0,2026-11-21,2026-09-23
1350.0,39,0,2026-11-21,2026-09-23
1360.0,35,0,2026-11-21,2026-09-23
1370.0,89,0,2026-11-21,2026-09-23
1380.0,11,0,2026-11-21,2026-09-23
1390.0,18,0,2026-11-21,2026-09-23
1400.0,69,0,2026-11-21,2026-09-23
1410.0,39,0,2026-11-21,2026-09-23
1420.0,71,0,2026-11-21,2026-09-23
1430.0,30,0,2026-11-21,2026-09-23
1440.0,151,0,2026-11-21,2026-09-23
1450.0,110,0,2026-11-21,2026-09-23
1460.0,80,0,2026-11-21,2026-09-23
1470.0,291,0,2026-11-21,2026-09-23
1480.0,6261,0,2026-11-21,2026-09-23
1490.0,1,0,2026-11-21,2026-09-23
696.74,1100,1100,2026-12-01,2026-09-23
696.74,1100,1100,2026-12-02,2026-09-23
696.74,1100,1100,2026-12-03,2026-09-23
670.0,1000,1000,2026-12-05,2026-09-23
770.0,4,0,2026-12-05,2026-09-23
5.0,0,474,2026-12-19,2026-09-23
10.0,0,118,2026-12-19,2026-09-23
15.0,0,25,2026-12-19,2026-09-23
20.0,2,325,2026-12-19,2026-09-23
25.0,0,10,2026-12-19,2026-09-23
30.0,1,63,2026-12-19,2026-09-23
35.0,0,14,2026-12-19,2026-09-23
40.0,0,17,2026-12-19,2026-09-23
45.0,1,2,2026-12-19,2026-09-23
50.0,6,427,2026-12-19,2026-09-23
55.0,1,41,2026-12-19,2026-09-23
60.0,0,22,2026-12-19,2026-09-23
65.0,0,34,2026-12-19,2026-09-23
70.0,1,28,2026-12-19,2026-09-23
75.0,2,16,2026-12-19,2026-09-23
80.0,2,45,2026-12-19,2026-09-23
85.0,0,246,2026-12-19,2026-09-23
90.0,0,344,2026-12-19,2026-09-23
95.0,2,203,2026-12-19,2026-09-23
100.0,111,446,2026-12-19,2026-09-23
110.0,26,139,2026-12-19,2026-09-23
120.0,30,204,2026-12-19,2026-09-23
130.0,17,321,2026-12-19,2026-09-23
140.0,114,263,2026-12-19,2026-09-23
150.0,126,357,2026-12-19,2026-09-23
160.0,62,403,2026-12-19,2026-09-23
170.0,83,590,2026-12-19,2026-09-23
180.0,187,225,2026-12-19,2026-09-23
190.0,225,220,2026-12-19,2026-09-23
200.0,337,1033,2026-12-19,2026-09-23
210.0,264,460,2026-12-19,2026-09-23
220.0,288,604,2026-12-19,2026-09-23
230.0,157,135,2026-12-19,2026-09-23
240.0,43,295,2026-12-19,2026-09-23
250.0,298,689,2026-12-19,2026-09-23
260.0,824,643,2026-12-19,2026-09-23
270.0,48,309,2026-12-19,2026-09-23
280.0,79,379,2026-12-19,2026-09-23
290.0,66,362,2026-12-19,2026-09-23
300.0,195,1575,2026-12-19,2026-09-23
310.0,94,373,2026-12-19,2026-09-23
320.0,140,579,2026-12-19,2026-09-23
330.0,64,180,2026-12-19,2026-09-23
340.0,122,291,2026-12-19,2026-09-23
350.0,250,1780,2026-12-19,2026-09-23
360.0,139,2589,2026-12-19,2026-09-23
370.0,152,339,2026-12-19,2026-09-23
380.0,57,875,2026-12-19,2026-09-23
390.0,493,480,2026-12-19,2026-09-23
400.0,1594,1798,2026-12-19,2026-09-23
410.0,2614,701,2026-12-19,2026-09-23
413.5,6,0,2026-12-19,2026-09-23
420.0,892,1837,2026-12-19,2026-09-23
430.0,98,543,2026-12-19,2026-09-23
440.0,174,842,2026-12-19,2026-09-23
450.0,903,4842,2026-12-19,2026-09-23
460.0,173,1809,2026-12-19,2026-09-23
470.0,2154,1485,2026-12-19,2026-09-23
480.0,213,1967,2026-12-19,2026-09-23
490.0,0,50,2026-12-19,2026-09-23
490.0,832,2006,2026-12-19,2026-09-23
500.0,1831,7014,2026-12-19,2026-09-23
510.0,164,3367,2026-12-19,2026-09-23
520.0,803,1832,2026-12-19,2026-09-23
530.0,845,3052,2026-12-19,2026-09-23
540.0,583,1843,2026-12-19,2026-09-23
550.0,1331,5590,2026-12-19,2026-09-23
560.0,899,1927,2026-12-19,2026-09-23
565.0,753,645,2026-12-19,2026-09-23
570.0,1232,2832,2026-12-19,2026-09-23
575.0,756,887,2026-12-19,2026-09-23
580.0,1091,1965,2026-12-19,2026-09-23
585.0,352,591,2026-12-19,2026-09-23
590.0,669,2003,2026-12-19,2026-09-23
595.0,399,985,2026-12-19,2026-09-23
600.0,3511,4299,2026-12-19,2026-09-23
605.0,503,299,2026-12-19,2026-09-23
610.0,1041,1161,2026-12-19,2026-09-23
615.0,419,771,2026-12-19,2026-09-23
620.0,0,50,2026-12-19,2026-09-23
620.0,1517,1665,2026-12-19,2026-09-23
625.0,411,231,2026-12-19,2026-09-23
630.0,1254,1637,2026-12-19,2026-09-23
635.0,211,343,2026-12-19,2026-09-23
640.0,1718,1219,2026-12-19,2026-09-23
645.0,572,239,2026-12-19,2026-09-23
650.0,5179,1832,2026-12-19,2026-09-23
655.0,592,223,2026-12-19,2026-09-23
660.0,2301,5027,2026-12-19,2026-09-23
665.0,682,354,2026-12-19,2026-09-23
670.0,1309,2589,2026-12-19,2026-09-23
675.0,379,162,2026-12-19,2026-09-23
680.0,1826,1787,2026-12-19,2026-09-23
685.0,244,115,2026-12-19,2026-09-23
690.0,747,236,2026-12-19,2026-09-23
695.0,300,117,2026-12-19,2026-09-23
700.0,7746,1934,2026-12-19,2026-09-23
705.0,517,393,2026-12-19,2026-09-23
710.0,614,367,2026-12-19,2026-09-23
715.0,322,266,2026-12-19,2026-09-23
720.0,3499,328,2026-12-19,2026-09-23
725.0,871,171,2026-12-19,2026-09-23
730.0,10,0,2026-12-19,2026-09-23
730.0,2405,860,2026-12-19,2026-09-23
735.0,476,217,2026-12-19,2026-09-23
740.0,965,168,2026-12-19,2026-09-23
745.0,510,84,2026-12-19,2026-09-23
750.0,5239,2729,2026-12-19,2026-09-23
755.0,2148,118,2026-12-19,2026-09-23
760.0,2875,356,2026-12-19,2026-09-23
765.0,2130,263,2026-12-19,2026-09-23
770.0,2896,77,2026-12-19,2026-09-23
775.0,2851,41,2026-12-19,2026-09-23
780.0,3627,84,2026-12-19,2026-09-23
785.0,681,22,2026-12-19,2026-09-23
790.0,1751,140,2026-12-19,2026-09-23
795.0,566,40,2026-12-19,2026-09-23
800.0,12071,234,2026-12-19,2026-09-23
805.0,50,0,2026-12-19,2026-09-23
805.0,2052,73,2026-12-19,2026-09-23
810.0,1965,29,2026-12-19,2026-09-23
815.0,2187,8,2026-12-19,2026-09-23
820.0,2402,87,2026-12-19,2026-09-23
825.0,2352,14,2026-12-19,2026-09-23
830.0,3088,13,2026-12-19,2026-09-23
835.0,203,20,2026-12-19,2026-09-23
840.0,1198,27,2026-12-19,2026-09-23
845.0,2433,4,2026-12-19,2026-09-23
850.0,3174,0,2026-12-19,2026-09-23
860.0,1180,1,2026-12-19,2026-09-23
870.0,1046,6,2026-12-19,2026-09-23
880.0,911,2,2026-12-19,2026-09-23
890.0,244,1,2026-12-19,2026-09-23
900.0,3581,104,2026-12-19,2026-09-23
910.0,758,0,2026-12-19,2026-09-23
920.0,523,1,2026-12-19,2026-09-23
930.0,244,2,2026-12-19,2026-09-23
940.0,382,5,2026-12-19,2026-09-23
950.0,1512,1,2026-12-19,2026-09-23
960.0,248,0,2026-12-19,2026-09-23
970.0,1665,0,2026-12-19,2026-09-23
980.0,199,0,2026-12-19,2026-09-23
990.0,977,0,2026-12-19,2026-09-23
1000.0,4190,2,2026-12-19,2026-09-23
1020.0,600,0,2026-12-19,2026-09-23
1030.0,1574,0,2026-12-19,2026-09-23
1040.0,191,0,2026-12-19,2026-09-23
1050.0,233,0,2026-12-19,2026-09-23
1060.0,237,0,2026-12-19,2026-09-23
1070.0,200,0,2026-12-19,2026-09-23
1080.0,207,0,2026-12-19,2026-09-23
1090.0,72,0,2026-12-19,2026-09-23
1100.0,1307,0,2026-12-19,2026-09-23
1110.0,159,0,2026-12-19,2026-09-23
1120.0,420,0,2026-12-19,2026-09-23
1130.0,113,0,2026-12-19,2026-09-23
1140.0,180,0,2026-12-19,2026-09-23
1150.0,1702,0,2026-12-19,2026-09-23
1160.0,31,0,2026-12-19,2026-09-23
1170.0,52,0,2026-12-19,2026-09-23
1180.0,224,0,2026-12-19,2026-09-23
1190.0,93,0,2026-12-19,2026-09-23
1200.0,1903,0,2026-12-19,2026-09-23
1210.0,47,0,2026-12-19,2026-09-23
1220.0,150,0,2026-12-19,2026-09-23
1230.0,373,0,2026-12-19,2026-09-23
1240.0,1844,0,2026-12-19,2026-09-23
1250.0,1883,0,2026-12-19,2026-09-23
1260.0,123,0,2026-12-19,2026-09-23
1270.0,200,0,2026-12-19,2026-09-23
1280.0,304,0,2026-12-19,2026-09-23
1290.0,8569,0,2026-12-19,2026-09-23
1300.0,8911,0,2026-12-19,2026-09-23
1310.0,107,0,2026-12-19,2026-09-23
1320.0,85,0,2026-12-19,2026-09-23
1330.0,81,0,2026-12-19,2026-09-23
1340.0,294,0,2026-12-19,2026-09-23
1350.0,410,0,2026-12-19,2026-09-23
1360.0,96,0,2026-12-19,2026-09-23
1370.0,148,0,2026-12-19,2026-09-23
1380.0,64,0,2026-12-19,2026-09-23
1390.0,115,0,2026-12-19,2026-09-23
1400.0,2516,0,2026-12-19,2026-09-23
1410.0,490,0,2026-12-19,2026-09-23
1420.0,816,0,2026-12-19,2026-09-23
1430.0,896,0,2026-12-19,2026-09-23
1440.0,44,0,2026-12-19,2026-09-23
1450.0,62,0,2026-12-19,2026-09-23
1460.0,270,0,2026-12-19,2026-09-23
1470.0,137,0,2026-12-19,2026-09-23
1480.0,2012,0,2026-12-19,2026-09-23
1490.0,71,0,2026-12-19,2026-09-23
5.0,68,3204,2027-01-16,2026-09-23
10.0,0,1,2027-01-16,2026-09-23
15.0,2,4,2027-01-16,2026-09-23
20.0,7,2,2027-01-16,2026-09-23
25.0,0,2,2027-01-16,2026-09-23
30.0,0,4,2027-01-16,2026-09-23
35.0,0,2,2027-01-16,2026-09-23
40.0,0,204,2027-01-16,2026-09-23
45.0,1,7,2027-01-16,2026-09-23
50.0,111,440,2027-01-16,2026-09-23
100.0,126,3066,2027-01-16,2026-09-23
110.0,283,353,2027-01-16,2026-09-23
120.0,11,98,2027-01-16,2026-09-23
130.0,16,87,2027-01-16,2026-09-23
140.0,13,198,2027-01-16,2026-09-23
150.0,16,262,2027-01-16,2026-09-23
160.0,38,173,2027-01-16,2026-09-23
170.0,36,468,2027-01-16,2026-09-23
180.0,191,253,2027-01-16,2026-09-23
190.0,27,176,2027-01-16,2026-09-23
200.0,160,483,2027-01-16,2026-09-23
210.0,56,387,2027-01-16,2026-09-23
220.0,174,1122,2027-01-16,2026-09-23
230.0,55,601,2027-01-16,2026-09-23
240.0,73,375,2027-01-16,2026-09-23
242.5,0,75,2027-01-16,2026-09-23
250.0,86,1049,2027-01-16,2026-09-23
260.0,60,209,2027-01-16,2026-09-23
270.0,281,1033,2027-01-16,2026-09-23
280.0,55,354,2027-01-16,2026-09-23
290.0,168,347,2027-01-16,2026-09-23
300.0,378,1322,2027-01-16,2026-09-23
310.0,22,441,2027-01-16,2026-09-23
320.0,77,797,2027-01-16,2026-09-23
330.0,63,511,2027-01-16,2026-09-23
340.0,40,458,2027-01-16,2026-09-23
350.0,161,1591,2027-01-16,2026-09-23
360.0,91,514,2027-01-16,2026-09-23
370.0,45,1428,2027-01-16,2026-09-23
380.0,54,850,2027-01-16,2026-09-23
390.0,124,1257,2027-01-16,2026-09-23
400.0,515,4254,2027-01-16,2026-09-23
410.0,119,1371,2027-01-16,2026-09-23
420.0,203,1990,2027-01-16,2026-09-23
430.0,127,2886,2027-01-16,2026-09-23
440.0,152,2721,2027-01-16,2026-09-23
450.0,254,7203,2027-01-16,2026-09-23
460.0,141,2868,2027-01-16,2026-09-23
470.0,93,2147,2027-01-16,2026-09-23
480.0,263,2735,2027-01-16,2026-09-23
490.0,350,3360,2027-01-16,2026-09-23
500.0,2436,8102,2027-01-16,2026-09-23
510.0,1982,5196,2027-01-16,2026-09-23
520.0,399,3894,2027-01-16,2026-09-23
530.0,496,3771,2027-01-16,2026-09-23
540.0,835,3503,2027-01-16,2026-09-23
550.0,0,10,2027-01-16,2026-09-23
550.0,1579,6351,2027-01-16,2026-09-23
560.0,1247,3392,2027-01-16,2026-09-23
570.0,934,6365,2027-01-16,2026-09-23
580.0,1194,3778,2027-01-16,2026-09-23
590.0,1363,1813,2027-01-16,2026-09-23
597.6,0,262,2027-01-16,2026-09-23
599.0,280,0,2027-01-16,2026-09-23
600.0,6047,6192,2027-01-16,2026-09-23
610.0,1877,1936,2027-01-16,2026-09-23
620.0,2397,2327,2027-01-16,2026-09-23
630.0,3045,3251,2027-01-16,2026-09-23
640.0,1335,2210,2027-01-16,2026-09-23
650.0,0,26,2027-01-16,2026-09-23
650.0,4828,3405,2027-01-16,2026-09-23
660.0,1000,1007,2027-01-16,2026-09-23
660.0,3399,1661,2027-01-16,2026-09-23
670.0,2609,2368,2027-01-16,2026-09-23
680.0,2642,1018,2027-01-16,2026-09-23
690.0,1125,649,2027-01-16,2026-09-23
700.0,115713,2662,2027-01-16,2026-09-23
700.01,10325,10325,2027-01-16,2026-09-23
710.0,1552,813,2027-01-16,2026-09-23
720.0,0,26,2027-01-16,2026-09-23
720.0,2940,947,2027-01-16,2026-09-23
730.0,3745,478,2027-01-16,2026-09-23
740.0,2478,490,2027-01-16,2026-09-23
750.0,245254,929,2027-01-16,2026-09-23
760.0,3470,571,2027-01-16,2026-09-23
770.0,10,0,2027-01-16,2026-09-23
770.0,4736,678,2027-01-16,2026-09-23
780.0,3415,381,2027-01-16,2026-09-23
790.0,1760,233,2027-01-16,2026-09-23
800.0,108260,529,2027-01-16,2026-09-23
805.1,262,0,2027-01-16,2026-09-23
810.0,4853,219,2027-01-16,2026-09-23
820.0,3411,83,2027-01-16,2026-09-23
830.0,33272,103,2027-01-16,2026-09-23
840.0,1482,102,2027-01-16,2026-09-23
850.0,5911,149,2027-01-16,2026-09-23
860.0,10,0,2027-01-16,2026-09-23
860.0,1902,27,2027-01-16,2026-09-23
870.0,1091,2,2027-01-16,2026-09-23
880.0,810,1,2027-01-16,2026-09-23
890.0,7,0,2027-01-16,2026-09-23
890.0,1106,3,2027-01-16,2026-09-23
900.0,16766,24,2027-01-16,2026-09-23
910.0,1282,0,2027-01-16,2026-09-23
920.0,3438,0,2027-01-16,2026-09-23
930.0,936,0,2027-01-16,2026-09-23
940.0,1041,0,2027-01-16,2026-09-23
950.0,1623,1,2027-01-16,2026-09-23
960.0,578,0,2027-01-16,2026-09-23
970.0,546,0,2027-01-16,2026-09-23
980.0,563,0,2027-01-16,2026-09-23
990.0,514,0,2027-01-16,2026-09-23
1000.0,6847,4,2027-01-16,2026-09-23
1010.0,479,0,2027-01-16,2026-09-23
1020.0,562,0,2027-01-16,2026-09-23
1030.0,358,1,2027-01-16,2026-09-23
1040.0,289,0,2027-01-16,2026-09-23
1050.0,1061,0,2027-01-16,2026-09-23
1060.0,272,0,2027-01-16,2026-09-23
1070.0,197,0,2027-01-16,2026-09-23
1080.0,421,0,2027-01-16,2026-09-23
1090.0,285,0,2027-01-16,2026-09-23
1100.0,4051,0,2027-01-16,2026-09-23
1110.0,500,0,2027-01-16,2026-09-23
1120.0,348,0,2027-01-16,2026-09-23
1130.0,385,0,2027-01-16,2026-09-23
1140.0,285,0,2027-01-16,2026-09-23
1150.0,4036,0,2027-01-16,2026-09-23
1160.0,671,0,2027-01-16,2026-09-23
1170.0,401,0,2027-01-16,2026-09-23
1180.0,291,0,2027-01-16,2026-09-23
1190.0,689,0,2027-01-16,2026-09-23
1200.0,2379,0,2027-01-16,2026-09-23
1210.0,181,0,2027-01-16,2026-09-23
1220.0,261,0,2027-01-16,2026-09-23
1230.0,142,0,2027-01-16,2026-09-23
1240.0,663,0,2027-01-16,2026-09-23
1250.0,37056,0,2027-01-16,2026-09-23
1260.0,472,0,2027-01-16,2026-09-23
1270.0,886,0,2027-01-16,2026-09-23
1280.0,322,0,2027-01-16,2026-09-23
1290.0,347,0,2027-01-16,2026-09-23
1300.0,1682,0,2027-01-16,2026-09-23
1310.0,113,0,2027-01-16,2026-09-23
1320.0,390,0,2027-01-16,2026-09-23
1330.0,379,0,2027-01-16,2026-09-23
1340.0,164,0,2027-01-16,2026-09-23
1350.0,573,0,2027-01-16,2026-09-23
1360.0,747,0,2027-01-16,2026-09-23
1370.0,158,0,2027-01-16,2026-09-23
1380.0,52,0,2027-01-16,2026-09-23
1390.0,254,0,2027-01-16,2026-09-23
1400.0,1729,0,2027-01-16,2026-09-23
1410.0,352,0,2027-01-16,2026-09-23
1420.0,623,0,2027-01-16,2026-09-23
1430.0,20432,0,2027-01-16,2026-09-23
1440.0,383,0,2027-01-16,2026-09-23
1450.0,181,0,2027-01-16,2026-09-23
1460.0,157,0,2027-01-16,2026-09-23
1470.0,166,0,2027-01-16,2026-09-23
1480.0,3330,0,2027-01-16,2026-09-23
1490.0,66,0,2027-01-16,2026-09-23
490.1,0,132,2027-01-27,2026-09-23
805.1,132,0,2027-01-27,2026-09-23
637.45,0,8,2027-01-30,2026-09-23
776.0,0,0,2027-01-30,2026-09-23
100.0,20,3,2027-02-20,2026-09-23
110.0,0,4,2027-02-20,2026-09-23
120.0,0,11,2027-02-20,2026-09-23
130.0,9,15,2027-02-20,2026-09-23
140.0,0,13,2027-02-20,2026-09-23
150.0,0,24,2027-02-20,2026-09-23
160.0,2,15,2027-02-20,2026-09-23
170.0,0,40,2027-02-20,2026-09-23
180.0,0,32,2027-02-20,2026-09-23
190.0,0,23,2027-02-20,2026-09-23
200.0,51,1005,2027-02-20,2026-09-23
210.0,0,67,2027-02-20,2026-09-23
220.0,0,112,2027-02-20,2026-09-23
230.0,0,39,2027-02-20,2026-09-23
240.0,0,81,2027-02-20,2026-09-23
250.0,6,31,2027-02-20,2026-09-23
260.0,0,14,2027-02-20,2026-09-23
270.0,2,80,2027-02-20,2026-09-23
280.0,4,85,2027-02-20,2026-09-23
290.0,0,77,2027-02-20,2026-09-23
300.0,17,228,2027-02-20,2026-09-23
310.0,0,30,2027-02-20,2026-09-23
320.0,3,47,2027-02-20,2026-09-23
330.0,6,39,2027-02-20,2026-09-23
340.0,9,75,2027-02-20,2026-09-23
350.0,14,175,2027-02-20,2026-09-23
360.0,7,33,2027-02-20,2026-09-23
370.0,2,60,2027-02-20,2026-09-23
380.0,7,137,2027-02-20,2026-09-23
390.0,13,113,2027-02-20,2026-09-23
400.0,13,160,2027-02-20,2026-09-23
410.0,52,404,2027-02-20,2026-09-23
420.0,3,327,2027-02-20,2026-09-23
430.0,5,579,2027-02-20,2026-09-23
440.0,5,575,2027-02-20,2026-09-23
450.0,57,915,2027-02-20,2026-09-23
460.0,77,489,2027-02-20,2026-09-23
470.0,110,662,2027-02-20,2026-09-23
480.0,22,1624,2027-02-20,2026-09-23
490.0,51,659,2027-02-20,2026-09-23
500.0,150,1262,2027-02-20,2026-09-23
510.0,20,666,2027-02-20,2026-09-23
520.0,72,608,2027-02-20,2026-09-23
530.0,74,654,2027-02-20,2026-09-23
540.0,667,764,2027-02-20,2026-09-23
550.0,261,888,2027-02-20,2026-09-23
560.0,208,566,2027-02-20,2026-09-23
570.0,0,2,2027-02-20,2026-09-23
570.0,139,369,2027-02-20,2026-09-23
575.0,0,36,2027-02-20,2026-09-23
580.0,288,1158,2027-02-20,2026-09-23
590.0,698,372,2027-02-20,2026-09-23
600.0,922,463,2027-02-20,2026-09-23
610.0,287,95,2027-02-20,2026-09-23
620.0,148,115,2027-02-20,2026-09-23
630.0,239,83,2027-02-20,2026-09-23
640.0,174,122,2027-02-20,2026-09-23
650.0,3331,336,2027-02-20,2026-09-23
660.0,617,52,2027-02-20,2026-09-23
670.0,644,178,2027-02-20,2026-09-23
680.0,219,52,2027-02-20,2026-09-23
690.0,390,256,2027-02-20,2026-09-23
692.0,36,0,2027-02-20,2026-09-23
700.0,2185,75,2027-02-20,2026-09-23
710.0,280,55,2027-02-20,2026-09-23
720.0,364,59,2027-02-20,2026-09-23
730.0,2,0,2027-02-20,2026-09-23
730.0,539,316,2027-02-20,2026-09-23
740.0,377,38,2027-02-20,2026-09-23
750.0,1067,57,2027-02-20,2026-09-23
760.0,366,23,2027-02-20,2026-09-23
770.0,232,30,2027-02-20,2026-09-23
780.0,366,18,2027-02-20,2026-09-23
790.0,170,3,2027-02-20,2026-09-23
800.0,1449,77,2027-02-20,2026-09-23
810.0,146,2,2027-02-20,2026-09-23
820.0,147,0,2027-02-20,2026-09-23
830.0,164,3,2027-02-20,2026-09-23
840.0,102,1,2027-02-20,2026-09-23
850.0,516,58,2027-02-20,2026-09-23
860.0,248,0,2027-02-20,2026-09-23
870.0,85,0,2027-02-20,2026-09-23
880.0,303,0,2027-02-20,2026-09-23
890.0,48,0,2027-02-20,2026-09-23
900.0,6277,4,2027-02-20,2026-09-23
910.0,75,1,2027-02-20,2026-09-23
920.0,58,0,2027-02-20,2026-09-23
930.0,18,0,2027-02-20,2026-09-23
940.0,47,0,2027-02-20,2026-09-23
950.0,82,0,2027-02-20,2026-09-23
960.0,189,0,2027-02-20,2026-09-23
970.0,43,0,2027-02-20,2026-09-23
980.0,90,1,2027-02-20,2026-09-23
990.0,29,0,2027-02-20,2026-09-23
1000.0,478,1,2027-02-20,2026-09-23
1010.0,75,0,2027-02-20,2026-09-23
1020.0,48,0,2027-02-20,2026-09-23
1030.0,51,0,2027-02-20,2026-09-23
1040.0,12,0,2027-02-20,2026-09-23
1050.0,51,1,2027-02-20,2026-09-23
1060.0,19,0,2027-02-20,2026-09-23
1070.0,163,0,2027-02-20,2026-09-23
1080.0,67,0,2027-02-20,2026-09-23
1090.0,2,0,2027-02-20,2026-09-23
1100.0,558,0,2027-02-20,2026-09-23
1110.0,101,0,2027-02-20,2026-09-23
1120.0,14,0,2027-02-20,2026-09-23
1130.0,23,0,2027-02-20,2026-09-23
1140.0,41,0,2027-02-20,2026-09-23
1150.0,41,0,2027-02-20,2026-09-23
1160.0,31,0,2027-02-20,2026-09-23
1170.0,47,0,2027-02-20,2026-09-23
1180.0,111,0,2027-02-20,2026-09-23
1190.0,646,0,2027-02-20,2026-09-23
1200.0,0,0,2027-02-20,2026-09-23
1210.0,1,0,2027-02-20,2026-09-23
1220.0,0,0,2027-02-20,2026-09-23
1230.0,11,0,2027-02-20,2026-09-23
1240.0,0,0,2027-02-20,2026-09-23
1250.0,0,0,2027-02-20,2026-09-23
1260.0,5,0,2027-02-20,2026-09-23
1270.0,0,0,2027-02-20,2026-09-23
1280.0,0,0,2027-02-20,2026-09-23
1290.0,0,0,2027-02-20,2026-09-23
1300.0,0,0,2027-02-20,2026-09-23
1310.0,0,0,2027-02-20,2026-09-23
1320.0,0,0,2027-02-20,2026-09-23
1330.0,0,0,2027-02-20,2026-09-23
1340.0,0,0,2027-02-20,2026-09-23
1350.0,0,0,2027-02-20,2026-09-23
1360.0,0,0,2027-02-20,2026-09-23
1370.0,0,0,2027-02-20,2026-09-23
1380.0,0,0,2027-02-20,2026-09-23
1390.0,0,0,2027-02-20,2026-09-23
1400.0,0,0,2027-02-20,2026-09-23
1410.0,0,0,2027-02-20,2026-09-23
1420.0,0,0,2027-02-20,2026-09-23
1430.0,0,0,2027-02-20,2026-09-23
1440.0,0,0,2027-02-20,2026-09-23
1450.0,0,0,2027-02-20,2026-09-23
1460.0,0,0,2027-02-20,2026-09-23
1470.0,0,0,2027-02-20,2026-09-23
1480.0,0,0,2027-02-20,2026-09-23
1490.0,1,0,2027-02-20,2026-09-23
490.93,0,40,2027-02-25,2026-09-23
612.0,0,75,2027-03-17,2026-09-23
794.92,75,0,2027-03-17,2026-09-23
5.0,1669,0,2027-03-20,2026-09-23
10.0,11,3002,2027-03-20,2026-09-23
15.0,0,15,2027-03-20,2026-09-23
20.0,0,0,2027-03-20,2026-09-23
25.0,0,0,2027-03-20,2026-09-23
30.0,0,0,2027-03-20,2026-09-23
35.0,0,0,2027-03-20,2026-09-23
40.0,0,0,2027-03-20,2026-09-23
45.0,0,15,2027-03-20,2026-09-23
50.0,0,18,2027-03-20,2026-09-23
100.0,1,78,2027-03-20,2026-09-23
110.0,209,5,2027-03-20,2026-09-23
120.0,0,268,2027-03-20,2026-09-23
130.0,0,22,2027-03-20,2026-09-23
140.0,0,84,2027-03-20,2026-09-23
150.0,1,158,2027-03-20,2026-09-23
160.0,2,77,2027-03-20,2026-09-23
170.0,21,137,2027-03-20,2026-09-23
180.0,1,71,2027-03-20,2026-09-23
190.0,2,23,2027-03-20,2026-09-23
200.0,5,61,2027-03-20,2026-09-23
210.0,1,35,2027-03-20,2026-09-23
220.0,0,150,2027-03-20,2026-09-23
230.0,35,99,2027-03-20,2026-09-23
240.0,51,59,2027-03-20,2026-09-23
250.0,0,204,2027-03-20,2026-09-23
260.0,2,97,2027-03-20,2026-09-23
270.0,23,112,2027-03-20,2026-09-23
280.0,44,61,2027-03-20,2026-09-23
290.0,2,46,2027-03-20,2026-09-23
300.0,21,365,2027-03-20,2026-09-23
310.0,5,43,2027-03-20,2026-09-23
320.0,12,111,2027-03-20,2026-09-23
330.0,16,48,2027-03-20,2026-09-23
340.0,6,273,2027-03-20,2026-09-23
350.0,25,422,2027-03-20,2026-09-23
360.0,24,354,2027-03-20,2026-09-23
370.0,18,428,2027-03-20,2026-09-23
380.0,113,408,2027-03-20,2026-09-23
390.0,73,303,2027-03-20,2026-09-23
400.0,86,1400,2027-03-20,2026-09-23
410.0,30,768,2027-03-20,2026-09-23
420.0,33,2669,2027-03-20,2026-09-23
430.0,162,948,2027-03-20,2026-09-23
440.0,18,547,2027-03-20,2026-09-23
450.0,135,4122,2027-03-20,2026-09-23
460.0,86,2056,2027-03-20,2026-09-23
470.0,36,1325,2027-03-20,2026-09-23
480.0,48,1428,2027-03-20,2026-09-23
490.0,39,1710,2027-03-20,2026-09-23
500.0,496,4519,2027-03-20,2026-09-23
510.0,0,150,2027-03-20,2026-09-23
510.0,54,909,2027-03-20,2026-09-23
520.0,64,1121,2027-03-20,2026-09-23
530.0,158,1024,2027-03-20,2026-09-23
540.0,258,1784,2027-03-20,2026-09-23
550.0,833,4378,2027-03-20,2026-09-23
560.0,290,931,2027-03-20,2026-09-23
565.0,41,381,2027-03-20,2026-09-23
570.0,534,1409,2027-03-20,2026-09-23
575.0,529,331,2027-03-20,2026-09-23
580.0,779,1480,2027-03-20,2026-09-23
585.0,196,344,2027-03-20,2026-09-23
590.0,283,672,2027-03-20,2026-09-23
595.0,258,171,2027-03-20,2026-09-23
600.0,2017,1414,2027-03-20,2026-09-23
605.0,84,135,2027-03-20,2026-09-23
610.0,410,1548,2027-03-20,2026-09-23
615.0,249,174,2027-03-20,2026-09-23
620.0,414,875,2027-03-20,2026-09-23
625.0,125,233,2027-03-20,2026-09-23
630.0,342,624,2027-03-20,2026-09-23
635.0,95,367,2027-03-20,2026-09-23
640.0,404,333,2027-03-20,2026-09-23
645.0,147,226,2027-03-20,2026-09-23
650.0,4540,840,2027-03-20,2026-09-23
655.0,134,236,2027-03-20,2026-09-23
660.0,685,448,2027-03-20,2026-09-23
665.0,206,5122,2027-03-20,2026-09-23
670.0,445,332,2027-03-20,2026-09-23
675.0,324,47,2027-03-20,2026-09-23
680.0,532,332,2027-03-20,2026-09-23
685.0,174,52,2027-03-20,2026-09-23
690.0,450,172,2027-03-20,2026-09-23
695.0,66,70,2027-03-20,2026-09-23
700.0,3433,374,2027-03-20,2026-09-23
705.0,84,53,2027-03-20,2026-09-23
710.0,774,166,2027-03-20,2026-09-23
715.0,488,78,2027-03-20,2026-09-23
720.0,347,155,2027-03-20,2026-09-23
725.0,177,29,2027-03-20,2026-09-23
730.0,541,63,2027-03-20,2026-09-23
735.0,151,51,2027-03-20,2026-09-23
740.0,362,195,2027-03-20,2026-09-23
745.0,222,18,2027-03-20,2026-09-23
750.0,16,0,2027-03-20,2026-09-23
750.0,1420,149,2027-03-20,2026-09-23
755.0,148,49,2027-03-20,2026-09-23
760.0,444,52,2027-03-20,2026-09-23
770.0,425,42,2027-03-20,2026-09-23
780.0,1242,37,2027-03-20,2026-09-23
790.0,337,154,2027-03-20,2026-09-23
800.0,6902,178,2027-03-20,2026-09-23
810.0,615,118,2027-03-20,2026-09-23
820.0,455,6,2027-03-20,2026-09-23
830.0,449,0,2027-03-20,2026-09-23
840.0,333,4,2027-03-20,2026-09-23
850.0,2034,122,2027-03-20,2026-09-23
860.0,626,4,2027-03-20,2026-09-23
870.0,374,4,2027-03-20,2026-09-23
880.0,762,4,2027-03-20,2026-09-23
890.0,183,6,2027-03-20,2026-09-23
900.0,5080,5,2027-03-20,2026-09-23
910.0,524,0,2027-03-20,2026-09-23
920.0,895,0,2027-03-20,2026-09-23
930.0,247,0,2027-03-20,2026-09-23
940.0,1046,0,2027-03-20,2026-09-23
950.0,4116,0,2027-03-20,2026-09-23
960.0,726,0,2027-03-20,2026-09-23
970.0,74,0,2027-03-20,2026-09-23
980.0,632,0,2027-03-20,2026-09-23
990.0,503,0,2027-03-20,2026-09-23
1000.0,2833,0,2027-03-20,2026-09-23
1010.0,104,0,2027-03-20,2026-09-23
1020.0,774,0,2027-03-20,2026-09-23
1030.0,361,0,2027-03-20,2026-09-23
1040.0,1028,0,2027-03-20,2026-09-23
1050.0,123,0,2027-03-20,2026-09-23
1060.0,109,0,2027-03-20,2026-09-23
1070.0,287,0,2027-03-20,2026-09-23
1080.0,64,0,2027-03-20,2026-09-23
1090.0,80,0,2027-03-20,2026-09-23
1100.0,3965,0,2027-03-20,2026-09-23
1110.0,55,0,2027-03-20,2026-09-23
1120.0,73,0,2027-03-20,2026-09-23
1130.0,60,0,2027-03-20,2026-09-23
1140.0,64,0,2027-03-20,2026-09-23
1150.0,76,0,2027-03-20,2026-09-23
1160.0,56,0,2027-03-20,2026-09-23
1170.0,65,0,2027-03-20,2026-09-23
1180.0,101,0,2027-03-20,2026-09-23
1190.0,34,0,2027-03-20,2026-09-23
1200.0,338,0,2027-03-20,2026-09-23
1210.0,396,0,2027-03-20,2026-09-23
1220.0,846,0,2027-03-20,2026-09-23
1230.0,45,0,2027-03-20,2026-09-23
1240.0,453,0,2027-03-20,2026-09-23
1250.0,1282,0,2027-03-20,2026-09-23
1260.0,0,0,2027-03-20,2026-09-23
1270.0,1,0,2027-03-20,2026-09-23
1280.0,0,0,2027-03-20,2026-09-23
1290.0,4,0,2027-03-20,2026-09-23
1300.0,2,0,2027-03-20,2026-09-23
1310.0,0,0,2027-03-20,2026-09-23
1320.0,2,0,2027-03-20,2026-09-23
1330.0,0,0,2027-03-20,2026-09-23
1340.0,1,0,2027-03-20,2026-09-23
1350.0,0,0,2027-03-20,2026-09-23
1360.0,0,0,2027-03-20,2026-09-23
1370.0,1,0,2027-03-20,2026-09-23
1380.0,0,0,2027-03-20,2026-09-23
1390.0,0,0,2027-03-20,2026-09-23
1400.0,15,0,2027-03-20,2026-09-23
1410.0,0,0,2027-03-20,2026-09-23
1420.0,5,0,2027-03-20,2026-09-23
1430.0,0,0,2027-03-20,2026-09-23
1440.0,0,0,2027-03-20,2026-09-23
1450.0,0,0,2027-03-20,2026-09-23
1460.0,0,0,2027-03-20,2026-09-23
1470.0,5,0,2027-03-20,2026-09-23
1480.0,131,0,2027-03-20,2026-09-23
1490.0,191,0,2027-03-20,2026-09-23
492.79,0,35,2027-03-31,2026-09-23
5.0,1164,4,2027-06-18,2026-09-23
10.0,12,1,2027-06-18,2026-09-23
15.0,1,0,2027-06-18,2026-09-23
20.0,1,1,2027-06-18,2026-09-23
25.0,0,0,2027-06-18,2026-09-23
30.0,0,0,2027-06-18,2026-09-23
35.0,0,0,2027-06-18,2026-09-23
40.0,2,0,2027-06-18,2026-09-23
45.0,2,7,2027-06-18,2026-09-23
50.0,95,30,2027-06-18,2026-09-23
260.0,96,461,2027-06-18,2026-09-23
270.0,75,120,2027-06-18,2026-09-23
280.0,31,149,2027-06-18,2026-09-23
290.0,1,266,2027-06-18,2026-09-23
300.0,43,202,2027-06-18,2026-09-23
310.0,37,150,2027-06-18,2026-09-23
320.0,134,202,2027-06-18,2026-09-23
330.0,23,740,2027-06-18,2026-09-23
340.0,29,274,2027-06-18,2026-09-23
350.0,40,479,2027-06-18,2026-09-23
360.0,43,785,2027-06-18,2026-09-23
370.0,87,448,2027-06-18,2026-09-23
380.0,93,696,2027-06-18,2026-09-23
390.0,44,1198,2027-06-18,2026-09-23
400.0,262,1838,2027-06-18,2026-09-23
410.0,17,498,2027-06-18,2026-09-23
420.0,64,4457,2027-06-18,2026-09-23
430.0,170,1006,2027-06-18,2026-09-23
440.0,61,629,2027-06-18,2026-09-23
450.0,167,3743,2027-06-18,2026-09-23
460.0,62,1694,2027-06-18,2026-09-23
470.0,91,1438,2027-06-18,2026-09-23
480.0,282,1470,2027-06-18,2026-09-23
490.0,141,1168,2027-06-18,2026-09-23
500.0,854,5132,2027-06-18,2026-09-23
520.0,571,2809,2027-06-18,2026-09-23
540.0,1568,4342,2027-06-18,2026-09-23
560.0,1034,2484,2027-06-18,2026-09-23
580.0,1014,3368,2027-06-18,2026-09-23
600.0,4011,4375,2027-06-18,2026-09-23
620.0,1973,2566,2027-06-18,2026-09-23
640.0,2243,2981,2027-06-18,2026-09-23
660.0,2214,1627,2027-06-18,2026-09-23
680.0,1839,2182,2027-06-18,2026-09-23
700.0,2986,1703,2027-06-18,2026-09-23
720.0,2107,1088,2027-06-18,2026-09-23
740.0,3431,980,2027-06-18,2026-09-23
760.0,3370,667,2027-06-18,2026-09-23
780.0,2383,205,2027-06-18,2026-09-23
789.05,54,54,2027-06-18,2026-09-23
800.0,3667,283,2027-06-18,2026-09-23
820.0,768,72,2027-06-18,2026-09-23
840.0,2176,71,2027-06-18,2026-09-23
860.0,1465,63,2027-06-18,2026-09-23
880.0,3096,29,2027-06-18,2026-09-23
900.0,3453,215,2027-06-18,2026-09-23
920.0,2863,49,2027-06-18,2026-09-23
940.0,786,13,2027-06-18,2026-09-23
960.0,651,18,2027-06-18,2026-09-23
980.0,743,0,2027-06-18,2026-09-23
1000.0,2464,17,2027-06-18,2026-09-23
1020.0,813,0,2027-06-18,2026-09-23
1040.0,679,15,2027-06-18,2026-09-23
1060.0,518,0,2027-06-18,2026-09-23
1080.0,312,0,2027-06-18,2026-09-23
1100.0,487,0,2027-06-18,2026-09-23
1120.0,199,0,2027-06-18,2026-09-23
1140.0,151,0,2027-06-18,2026-09-23
1160.0,439,1,2027-06-18,2026-09-23
1180.0,224,0,2027-06-18,2026-09-23
1200.0,986,0,2027-06-18,2026-09-23
1220.0,125,0,2027-06-18,2026-09-23
1240.0,358,0,2027-06-18,2026-09-23
1260.0,91,0,2027-06-18,2026-09-23
1280.0,103,0,2027-06-18,2026-09-23
1300.0,182,0,2027-06-18,2026-09-23
1310.0,30,0,2027-06-18,2026-09-23
1320.0,128,0,2027-06-18,2026-09-23
1330.0,48,0,2027-06-18,2026-09-23
1340.0,106,0,2027-06-18,2026-09-23
1350.0,148,0,2027-06-18,2026-09-23
1360.0,94,0,2027-06-18,2026-09-23
1370.0,87,0,2027-06-18,2026-09-23
1380.0,132,0,2027-06-18,2026-09-23
1390.0,82,0,2027-06-18,2026-09-23
1400.0,1194,0,2027-06-18,2026-09-23
1410.0,142,0,2027-06-18,2026-09-23
1420.0,617,0,2027-06-18,2026-09-23
1430.0,72,0,2027-06-18,2026-09-23
1440.0,85,0,2027-06-18,2026-09-23
1450.0,148,0,2027-06-18,2026-09-23
1460.0,318,0,2027-06-18,2026-09-23
1470.0,201,0,2027-06-18,2026-09-23
1480.0,2293,0,2027-06-18,2026-09-23
1490.0,15,0,2027-06-18,2026-09-23
5.0,1661,0,2027-09-18,2026-09-23
10.0,0,0,2027-09-18,2026-09-23
15.0,0,0,2027-09-18,2026-09-23
20.0,1,0,2027-09-18,2026-09-23
25.0,0,0,2027-09-18,2026-09-23
30.0,1,0,2027-09-18,2026-09-23
35.0,0,0,2027-09-18,2026-09-23
40.0,0,0,2027-09-18,2026-09-23
45.0,0,0,2027-09-18,2026-09-23
50.0,4,3,2027-09-18,2026-09-23
60.0,0,6,2027-09-18,2026-09-23
70.0,1,19,2027-09-18,2026-09-23
80.0,0,9,2027-09-18,2026-09-23
90.0,0,25,2027-09-18,2026-09-23
100.0,0,120,2027-09-18,2026-09-23
110.0,450,67,2027-09-18,2026-09-23
120.0,2,3,2027-09-18,2026-09-23
130.0,5,2,2027-09-18,2026-09-23
140.0,2,25,2027-09-18,2026-09-23
150.0,2,64,2027-09-18,2026-09-23
160.0,4,50,2027-09-18,2026-09-23
170.0,4,28,2027-09-18,2026-09-23
180.0,61,37,2027-09-18,2026-09-23
190.0,1,24,2027-09-18,2026-09-23
200.0,62,74,2027-09-18,2026-09-23
210.0,202,5,2027-09-18,2026-09-23
220.0,139,156,2027-09-18,2026-09-23
230.0,117,12,2027-09-18,2026-09-23
240.0,42,112,2027-09-18,2026-09-23
250.0,35,37,2027-09-18,2026-09-23
260.0,46,62,2027-09-18,2026-09-23
270.0,7,399,2027-09-18,2026-09-23
280.0,11,40,2027-09-18,2026-09-23
290.0,12,246,2027-09-18,2026-09-23
300.0,67,48,2027-09-18,2026-09-23
310.0,79,1061,2027-09-18,2026-09-23
320.0,19,79,2027-09-18,2026-09-23
330.0,17,279,2027-09-18,2026-09-23
340.0,36,50,2027-09-18,2026-09-23
350.0,28,203,2027-09-18,2026-09-23
360.0,37,90,2027-09-18,2026-09-23
370.0,12,86,2027-09-18,2026-09-23
380.0,37,183,2027-09-18,2026-09-23
390.0,143,121,2027-09-18,2026-09-23
400.0,170,1005,2027-09-18,2026-09-23
410.0,58,216,2027-09-18,2026-09-23
420.0,38,709,2027-09-18,2026-09-23
430.0,73,669,2027-09-18,2026-09-23
440.0,76,159,2027-09-18,2026-09-23
450.0,179,652,2027-09-18,2026-09-23
460.0,65,1303,2027-09-18,2026-09-23
470.0,104,738,2027-09-18,2026-09-23
480.0,150,429,2027-09-18,2026-09-23
490.0,0,63,2027-09-18,2026-09-23
490.0,25,270,2027-09-18,2026-09-23
500.0,268,1576,2027-09-18,2026-09-23
510.0,39,468,2027-09-18,2026-09-23
520.0,74,541,2027-09-18,2026-09-23
530.0,165,286,2027-09-18,2026-09-23
540.0,150,647,2027-09-18,2026-09-23
550.0,279,1159,2027-09-18,2026-09-23
560.0,110,217,2027-09-18,2026-09-23
570.0,130,391,2027-09-18,2026-09-23
580.0,308,183,2027-09-18,2026-09-23
590.0,80,0,2027-09-18,2026-09-23
590.0,152,229,2027-09-18,2026-09-23
600.0,1596,937,2027-09-18,2026-09-23
610.0,302,278,2027-09-18,2026-09-23
620.0,333,300,2027-09-18,2026-09-23
630.0,1718,147,2027-09-18,2026-09-23
640.0,274,510,2027-09-18,2026-09-23
650.0,661,572,2027-09-18,2026-09-23
660.0,206,119,2027-09-18,2026-09-23
670.0,198,88,2027-09-18,2026-09-23
680.0,331,227,2027-09-18,2026-09-23
690.0,264,153,2027-09-18,2026-09-23
700.0,1219,318,2027-09-18,2026-09-23
710.0,717,95,2027-09-18,2026-09-23
720.0,1006,92,2027-09-18,2026-09-23
730.0,271,149,2027-09-18,2026-09-23
740.0,346,683,2027-09-18,2026-09-23
750.0,63,0,2027-09-18,2026-09-23
750.0,531,35,2027-09-18,2026-09-23
760.0,567,16,2027-09-18,2026-09-23
770.0,234,34,2027-09-18,2026-09-23
780.0,2052,19,2027-09-18,2026-09-23
790.0,155,7,2027-09-18,2026-09-23
800.0,1333,479,2027-09-18,2026-09-23
810.0,301,15,2027-09-18,2026-09-23
820.0,136,8,2027-09-18,2026-09-23
830.0,148,4,2027-09-18,2026-09-23
840.0,115,8,2027-09-18,2026-09-23
850.0,745,4,2027-09-18,2026-09-23
860.0,126,7,2027-09-18,2026-09-23
870.0,472,5,2027-09-18,2026-09-23
880.0,1557,9,2027-09-18,2026-09-23
890.0,118,1,2027-09-18,2026-09-23
900.0,1567,8,2027-09-18,2026-09-23
910.0,160,1,2027-09-18,2026-09-23
920.0,1358,2,2027-09-18,2026-09-23
930.0,246,0,2027-09-18,2026-09-23
940.0,471,3,2027-09-18,2026-09-23
950.0,305,1,2027-09-18,2026-09-23
960.0,147,3,2027-09-18,2026-09-23
970.0,69,0,2027-09-18,2026-09-23
980.0,157,1,2027-09-18,2026-09-23
990.0,85,1,2027-09-18,2026-09-23
1000.0,679,4,2027-09-18,2026-09-23
1010.0,885,0,2027-09-18,2026-09-23
1020.0,50,0,2027-09-18,2026-09-23
1030.0,113,1,2027-09-18,2026-09-23
1040.0,19,0,2027-09-18,2026-09-23
1050.0,91,0,2027-09-18,2026-09-23
1060.0,76,0,2027-09-18,2026-09-23
1070.0,789,1,2027-09-18,2026-09-23
1080.0,482,0,2027-09-18,2026-09-23
1090.0,57,0,2027-09-18,2026-09-23
1100.0,522,0,2027-09-18,2026-09-23
1110.0,19,0,2027-09-18,2026-09-23
1120.0,52,0,2027-09-18,2026-09-23
1130.0,48,0,2027-09-18,2026-09-23
1140.0,13,0,2027-09-18,2026-09-23
1150.0,26,0,2027-09-18,2026-09-23
1160.0,213,1,2027-09-18,2026-09-23
1170.0,21,0,2027-09-18,2026-09-23
1180.0,113,0,2027-09-18,2026-09-23
1190.0,26,1,2027-09-18,2026-09-23
1200.0,93,2,2027-09-18,2026-09-23
1210.0,189,0,2027-09-18,2026-09-23
1220.0,29,1,2027-09-18,2026-09-23
1230.0,20,0,2027-09-18,2026-09-23
1240.0,212,0,2027-09-18,2026-09-23
1250.0,1098,0,2027-09-18,2026-09-23
1260.0,11,0,2027-09-18,2026-09-23
1270.0,24,0,2027-09-18,2026-09-23
1280.0,171,0,2027-09-18,2026-09-23
1290.0,138,0,2027-09-18,2026-09-23
1300.0,233,0,2027-09-18,2026-09-23
1310.0,67,0,2027-09-18,2026-09-23
1320.0,33,0,2027-09-18,2026-09-23
1330.0,30,0,2027-09-18,2026-09-23
1340.0,53,0,2027-09-18,2026-09-23
1350.0,20,0,2027-09-18,2026-09-23
1360.0,18,0,2027-09-18,2026-09-23
1370.0,39,0,2027-09-18,2026-09-23
1380.0,279,0,2027-09-18,2026-09-23
1390.0,42,0,2027-09-18,2026-09-23
1400.0,55,0,2027-09-18,2026-09-23
1410.0,12,0,2027-09-18,2026-09-23
1420.0,32,0,2027-09-18,2026-09-23
1430.0,93,0,2027-09-18,2026-09-23
1440.0,50,0,2027-09-18,2026-09-23
1450.0,191,0,2027-09-18,2026-09-23
1460.0,52,0,2027-09-18,2026-09-23
1470.0,78,0,2027-09-18,2026-09-23
1480.0,189,0,2027-09-18,2026-09-23
1490.0,0,0,2027-09-18,2026-09-23
740.66,538,0,2027-09-28,2026-09-23
5.0,7008,795,2027-12-18,2026-09-23
10.0,375,44,2027-12-18,2026-09-23
15.0,13,41,2027-12-18,2026-09-23
20.0,15,77,2027-12-18,2026-09-23
25.0,1,4,2027-12-18,2026-09-23
30.0,93,3,2027-12-18,2026-09-23
35.0,45,14,2027-12-18,2026-09-23
40.0,64,4,2027-12-18,2026-09-23
45.0,4,4,2027-12-18,2026-09-23
50.0,11,573,2027-12-18,2026-09-23
55.0,2,6,2027-12-18,2026-09-23
60.0,24,8,2027-12-18,2026-09-23
65.0,22,12,2027-12-18,2026-09-23
70.0,1,63,2027-12-18,2026-09-23
75.0,0,30,2027-12-18,2026-09-23
80.0,1,325,2027-12-18,2026-09-23
85.0,62,22,2027-12-18,2026-09-23
90.0,52,13,2027-12-18,2026-09-23
95.0,244,34,2027-12-18,2026-09-23
100.0,839,1140,2027-12-18,2026-09-23
110.0,278,129,2027-12-18,2026-09-23
120.0,144,194,2027-12-18,2026-09-23
130.0,98,91,2027-12-18,2026-09-23
140.0,93,23,2027-12-18,2026-09-23
150.0,55,2480,2027-12-18,2026-09-23
160.0,262,185,2027-12-18,2026-09-23
170.0,258,115,2027-12-18,2026-09-23
180.0,15,89,2027-12-18,2026-09-23
190.0,230,306,2027-12-18,2026-09-23
200.0,257,898,2027-12-18,2026-09-23
210.0,164,509,2027-12-18,2026-09-23
220.0,162,110,2027-12-18,2026-09-23
230.0,83,58,2027-12-18,2026-09-23
240.0,65,54,2027-12-18,2026-09-23
250.0,174,838,2027-12-18,2026-09-23
260.0,38,77,2027-12-18,2026-09-23
270.0,33,255,2027-12-18,2026-09-23
280.0,36,235,2027-12-18,2026-09-23
290.0,49,798,2027-12-18,2026-09-23
300.0,102,447,2027-12-18,2026-09-23
310.0,57,478,2027-12-18,2026-09-23
320.0,197,155,2027-12-18,2026-09-23
330.0,40,80,2027-12-18,2026-09-23
340.0,55,211,2027-12-18,2026-09-23
350.0,141,264,2027-12-18,2026-09-23
360.0,117,151,2027-12-18,2026-09-23
370.0,111,300,2027-12-18,2026-09-23
380.0,81,565,2027-12-18,2026-09-23
390.0,49,238,2027-12-18,2026-09-23
400.0,266,1628,2027-12-18,2026-09-23
410.0,31,358,2027-12-18,2026-09-23
420.0,121,817,2027-12-18,2026-09-23
430.0,98,404,2027-12-18,2026-09-23
440.0,47,759,2027-12-18,2026-09-23
450.0,120,1162,2027-12-18,2026-09-23
460.0,59,770,2027-12-18,2026-09-23
470.0,49,270,2027-12-18,2026-09-23
480.0,120,874,2027-12-18,2026-09-23
490.0,109,732,2027-12-18,2026-09-23
500.0,1561,2319,2027-12-18,2026-09-23
510.0,249,356,2027-12-18,2026-09-23
520.0,272,536,2027-12-18,2026-09-23
530.0,160,644,2027-12-18,2026-09-23
540.0,160,550,2027-12-18,2026-09-23
550.0,841,1430,2027-12-18,2026-09-23
560.0,173,517,2027-12-18,2026-09-23
570.0,0,12,2027-12-18,2026-09-23
570.0,299,728,2027-12-18,2026-09-23
580.0,328,652,2027-12-18,2026-09-23
590.0,290,295,2027-12-18,2026-09-23
600.0,1630,2215,2027-12-18,2026-09-23
610.0,349,572,2027-12-18,2026-09-23
620.0,426,222,2027-12-18,2026-09-23
630.0,227,141,2027-12-18,2026-09-23
640.0,376,539,2027-12-18,2026-09-23
650.0,2752,734,2027-12-18,2026-09-23
660.0,547,258,2027-12-18,2026-09-23
670.0,1247,531,2027-12-18,2026-09-23
680.0,1486,666,2027-12-18,2026-09-23
690.0,435,193,2027-12-18,2026-09-23
700.0,4479,469,2027-12-18,2026-09-23
710.0,401,252,2027-12-18,2026-09-23
720.0,1250,214,2027-12-18,2026-09-23
730.0,517,280,2027-12-18,2026-09-23
740.0,818,216,2027-12-18,2026-09-23
750.0,1015,529,2027-12-18,2026-09-23
760.0,194,229,2027-12-18,2026-09-23
770.0,321,140,2027-12-18,2026-09-23
780.0,873,174,2027-12-18,2026-09-23
790.0,654,36,2027-12-18,2026-09-23
800.0,20,0,2027-12-18,2026-09-23
800.0,2070,120,2027-12-18,2026-09-23
803.0,54,54,2027-12-18,2026-09-23
810.0,450,78,2027-12-18,2026-09-23
820.0,303,36,2027-12-18,2026-09-23
830.0,507,29,2027-12-18,2026-09-23
840.0,266,94,2027-12-18,2026-09-23
850.0,516,75,2027-12-18,2026-09-23
860.0,199,34,2027-12-18,2026-09-23
870.0,181,53,2027-12-18,2026-09-23
880.0,152,8,2027-12-18,2026-09-23
890.0,115,39,2027-12-18,2026-09-23
900.0,2266,235,2027-12-18,2026-09-23
905.7,12,0,2027-12-18,2026-09-23
910.0,533,6,2027-12-18,2026-09-23
920.0,149,23,2027-12-18,2026-09-23
930.0,476,37,2027-12-18,2026-09-23
940.0,234,2,2027-12-18,2026-09-23
950.0,684,74,2027-12-18,2026-09-23
960.0,260,38,2027-12-18,2026-09-23
970.0,122,38,2027-12-18,2026-09-23
980.0,240,2,2027-12-18,2026-09-23
990.0,325,38,2027-12-18,2026-09-23
1000.0,3047,106,2027-12-18,2026-09-23
1010.0,749,1,2027-12-18,2026-09-23
1020.0,74,2,2027-12-18,2026-09-23
1030.0,1397,0,2027-12-18,2026-09-23
1040.0,216,0,2027-12-18,2026-09-23
1050.0,439,0,2027-12-18,2026-09-23
1060.0,258,0,2027-12-18,2026-09-23
1070.0,307,2,2027-12-18,2026-09-23
1080.0,216,3,2027-12-18,2026-09-23
1090.0,319,0,2027-12-18,2026-09-23
1100.0,1810,2,2027-12-18,2026-09-23
1110.0,90,2,2027-12-18,2026-09-23
1120.0,1512,0,2027-12-18,2026-09-23
1130.0,153,1,2027-12-18,2026-09-23
1140.0,43,0,2027-12-18,2026-09-23
1150.0,522,0,2027-12-18,2026-09-23
1160.0,90,0,2027-12-18,2026-09-23
1170.0,117,0,2027-12-18,2026-09-23
1180.0,65,0,2027-12-18,2026-09-23
1190.0,102,0,2027-12-18,2026-09-23
1200.0,800,1,2027-12-18,2026-09-23
1210.0,114,0,2027-12-18,2026-09-23
1220.0,210,0,2027-12-18,2026-09-23
1230.0,280,0,2027-12-18,2026-09-23
1240.0,133,0,2027-12-18,2026-09-23
1250.0,432,0,2027-12-18,2026-09-23
1260.0,111,0,2027-12-18,2026-09-23
1270.0,123,0,2027-12-18,2026-09-23
1280.0,294,0,2027-12-18,2026-09-23
1290.0,278,0,2027-12-18,2026-09-23
1300.0,5268,0,2027-12-18,2026-09-23
1310.0,28,0,2027-12-18,2026-09-23
1320.0,85,0,2027-12-18,2026-09-23
1330.0,7,0,2027-12-18,2026-09-23
1340.0,26,0,2027-12-18,2026-09-23
1350.0,77,0,2027-12-18,2026-09-23
1360.0,33,0,2027-12-18,2026-09-23
1370.0,4,0,2027-12-18,2026-09-23
1380.0,35,0,2027-12-18,2026-09-23
1390.0,10,0,2027-12-18,2026-09-23
1400.0,302,0,2027-12-18,2026-09-23
1410.0,10,0,2027-12-18,2026-09-23
1420.0,20,0,2027-12-18,2026-09-23
1430.0,55,0,2027-12-18,2026-09-23
1440.0,81,0,2027-12-18,2026-09-23
1450.0,864,0,2027-12-18,2026-09-23
1460.0,106,0,2027-12-18,2026-09-23
1470.0,481,0,2027-12-18,2026-09-23
1480.0,412,0,2027-12-18,2026-09-23
1490.0,17,0,2027-12-18,2026-09-23
5.0,1347,126,2028-01-22,2026-09-23
10.0,3,1,2028-01-22,2026-09-23
15.0,0,1,2028-01-22,2026-09-23
20.0,23,46,2028-01-22,2026-09-23
25.0,1,2,2028-01-22,2026-09-23
30.0,2,1,2028-01-22,2026-09-23
35.0,20,102,2028-01-22,2026-09-23
40.0,150,6,2028-01-22,2026-09-23
45.0,140,2,2028-01-22,2026-09-23
50.0,185,210,2028-01-22,2026-09-23
100.0,157,302,2028-01-22,2026-09-23
110.0,62,192,2028-01-22,2026-09-23
120.0,157,198,2028-01-22,2026-09-23
130.0,121,100,2028-01-22,2026-09-23
140.0,114,14,2028-01-22,2026-09-23
150.0,6,2429,2028-01-22,2026-09-23
160.0,141,65,2028-01-22,2026-09-23
170.0,66,84,2028-01-22,2026-09-23
180.0,50,197,2028-01-22,2026-09-23
190.0,18,522,2028-01-22,2026-09-23
200.0,107,783,2028-01-22,2026-09-23
210.0,170,122,2028-01-22,2026-09-23
220.0,107,71,2028-01-22,2026-09-23
230.0,155,27,2028-01-22,2026-09-23
240.0,8,79,2028-01-22,2026-09-23
250.0,127,201,2028-01-22,2026-09-23
260.0,66,112,2028-01-22,2026-09-23
270.0,76,120,2028-01-22,2026-09-23
280.0,37,4069,2028-01-22,2026-09-23
290.0,20,73,2028-01-22,2026-09-23
300.0,4,0,2028-01-22,2026-09-23
300.0,131,2527,2028-01-22,2026-09-23
310.0,75,142,2028-01-22,2026-09-23
320.0,84,161,2028-01-22,2026-09-23
330.0,41,137,2028-01-22,2026-09-23
340.0,141,545,2028-01-22,2026-09-23
350.0,129,1834,2028-01-22,2026-09-23
360.0,83,487,2028-01-22,2026-09-23
370.0,30,2338,2028-01-22,2026-09-23
380.0,95,796,2028-01-22,2026-09-23
390.0,96,426,2028-01-22,2026-09-23
400.0,356,1962,2028-01-22,2026-09-23
410.0,85,409,2028-01-22,2026-09-23
420.0,63,395,2028-01-22,2026-09-23
430.0,63,290,2028-01-22,2026-09-23
440.0,97,1289,2028-01-22,2026-09-23
450.0,210,1407,2028-01-22,2026-09-23
460.0,66,381,2028-01-22,2026-09-23
470.0,44,1290,2028-01-22,2026-09-23
480.0,307,652,2028-01-22,2026-09-23
490.0,70,886,2028-01-22,2026-09-23
500.0,1422,4680,2028-01-22,2026-09-23
510.0,626,547,2028-01-22,2026-09-23
520.0,698,1091,2028-01-22,2026-09-23
530.0,164,682,2028-01-22,2026-09-23
540.0,1721,576,2028-01-22,2026-09-23
550.0,737,2747,2028-01-22,2026-09-23
560.0,220,660,2028-01-22,2026-09-23
570.0,200,726,2028-01-22,2026-09-23
580.0,462,848,2028-01-22,2026-09-23
590.0,381,434,2028-01-22,2026-09-23
593.0,0,36,2028-01-22,2026-09-23
600.0,4,0,2028-01-22,2026-09-23
600.0,2958,2890,2028-01-22,2026-09-23
610.0,626,595,2028-01-22,2026-09-23
620.0,447,539,2028-01-22,2026-09-23
630.0,528,421,2028-01-22,2026-09-23
640.0,611,512,2028-01-22,2026-09-23
650.0,1991,668,2028-01-22,2026-09-23
660.0,657,785,2028-01-22,2026-09-23
670.0,1950,367,2028-01-22,2026-09-23
680.0,1180,529,2028-01-22,2026-09-23
690.0,511,361,2028-01-22,2026-09-23
700.0,3721,2143,2028-01-22,2026-09-23
710.0,298,71,2028-01-22,2026-09-23
720.0,653,480,2028-01-22,2026-09-23
724.0,36,0,2028-01-22,2026-09-23
730.0,388,136,2028-01-22,2026-09-23
740.0,767,196,2028-01-22,2026-09-23
750.0,2191,427,2028-01-22,2026-09-23
760.0,1009,164,2028-01-22,2026-09-23
770.0,359,97,2028-01-22,2026-09-23
780.0,265,86,2028-01-22,2026-09-23
790.0,275,75,2028-01-22,2026-09-23
800.0,3262,1161,2028-01-22,2026-09-23
810.0,456,51,2028-01-22,2026-09-23
820.0,829,79,2028-01-22,2026-09-23
830.0,653,11,2028-01-22,2026-09-23
840.0,408,28,2028-01-22,2026-09-23
850.0,2754,204,2028-01-22,2026-09-23
860.0,694,9,2028-01-22,2026-09-23
870.0,1309,23,2028-01-22,2026-09-23
880.0,180,9,2028-01-22,2026-09-23
890.0,2079,12,2028-01-22,2026-09-23
900.0,2891,205,2028-01-22,2026-09-23
910.0,471,1,2028-01-22,2026-09-23
920.0,714,208,2028-01-22,2026-09-23
930.0,1961,7,2028-01-22,2026-09-23
940.0,524,10,2028-01-22,2026-09-23
950.0,1868,106,2028-01-22,2026-09-23
960.0,1002,18,2028-01-22,2026-09-23
970.0,265,11,2028-01-22,2026-09-23
980.0,611,10,2028-01-22,2026-09-23
990.0,2327,26,2028-01-22,2026-09-23
1000.0,15751,481,2028-01-22,2026-09-23
1010.0,362,4,2028-01-22,2026-09-23
1020.0,4287,10022,2028-01-22,2026-09-23
1030.0,139,2,2028-01-22,2026-09-23
1040.0,402,2,2028-01-22,2026-09-23
1050.0,3474,1,2028-01-22,2026-09-23
1060.0,1036,0,2028-01-22,2026-09-23
1070.0,4152,0,2028-01-22,2026-09-23
1080.0,187,0,2028-01-22,2026-09-23
1090.0,1662,0,2028-01-22,2026-09-23
1100.0,6544,0,2028-01-22,2026-09-23
1100.01,15225,0,2028-01-22,2026-09-23
1110.0,175,1,2028-01-22,2026-09-23
1120.0,134,0,2028-01-22,2026-09-23
1130.0,501,16,2028-01-22,2026-09-23
1140.0,157,2,2028-01-22,2026-09-23
1150.0,185,1,2028-01-22,2026-09-23
1160.0,186,1,2028-01-22,2026-09-23
1170.0,189,15,2028-01-22,2026-09-23
1180.0,136,0,2028-01-22,2026-09-23
1190.0,295,1,2028-01-22,2026-09-23
1200.0,7741,16,2028-01-22,2026-09-23
1210.0,339,0,2028-01-22,2026-09-23
1220.0,150,0,2028-01-22,2026-09-23
1230.0,246,0,2028-01-22,2026-09-23
1240.0,105,0,2028-01-22,2026-09-23
1250.0,359,0,2028-01-22,2026-09-23
1260.0,121,0,2028-01-22,2026-09-23
1270.0,8032,0,2028-01-22,2026-09-23
1280.0,312,0,2028-01-22,2026-09-23
1300.0,2585,0,2028-01-22,2026-09-23
1320.0,289,0,2028-01-22,2026-09-23
1340.0,154,0,2028-01-22,2026-09-23
1350.0,131,0,2028-01-22,2026-09-23
1360.0,186,0,2028-01-22,2026-09-23
1380.0,258,0,2028-01-22,2026-09-23
1400.0,447,0,2028-01-22,2026-09-23
1420.0,138,0,2028-01-22,2026-09-23
1430.0,280,0,2028-01-22,2026-09-23
1440.0,347,0,2028-01-22,2026-09-23
1450.0,273,0,2028-01-22,2026-09-23
1460.0,276,0,2028-01-22,2026-09-23
1470.0,327,0,2028-01-22,2026-09-23
1480.0,385,0,2028-01-22,2026-09-23
1490.0,304,0,2028-01-22,2026-09-23
1500.0,10007,1,2028-01-22,2026-09-23
5.0,650,255,2028-06-17,2026-09-23
10.0,1,0,2028-06-17,2026-09-23
15.0,0,0,2028-06-17,2026-09-23
20.0,1,0,2028-06-17,2026-09-23
25.0,0,0,2028-06-17,2026-09-23
30.0,0,0,2028-06-17,2026-09-23
35.0,0,0,2028-06-17,2026-09-23
40.0,1,0,2028-06-17,2026-09-23
45.0,0,0,2028-06-17,2026-09-23
50.0,0,352,2028-06-17,2026-09-23
55.0,0,103,2028-06-17,2026-09-23
60.0,1,353,2028-06-17,2026-09-23
65.0,1,60,2028-06-17,2026-09-23
70.0,4,55,2028-06-17,2026-09-23
75.0,0,58,2028-06-17,2026-09-23
80.0,0,0,2028-06-17,2026-09-23
85.0,0,3,2028-06-17,2026-09-23
90.0,0,5,2028-06-17,2026-09-23
95.0,0,5,2028-06-17,2026-09-23
100.0,2,75,2028-06-17,2026-09-23
105.0,1,84,2028-06-17,2026-09-23
110.0,0,16,2028-06-17,2026-09-23
115.0,2,0,2028-06-17,2026-09-23
120.0,48,5,2028-06-17,2026-09-23
125.0,3,1,2028-06-17,2026-09-23
130.0,34,1,2028-06-17,2026-09-23
135.0,33,6,2028-06-17,2026-09-23
140.0,3,9,2028-06-17,2026-09-23
145.0,0,1199,2028-06-17,2026-09-23
150.0,22,339,2028-06-17,2026-09-23
155.0,0,971,2028-06-17,2026-09-23
160.0,11,542,2028-06-17,2026-09-23
165.0,22,44,2028-06-17,2026-09-23
170.0,15,4,2028-06-17,2026-09-23
175.0,2,309,2028-06-17,2026-09-23
180.0,11,51,2028-06-17,2026-09-23
185.0,41,11,2028-06-17,2026-09-23
190.0,13,1158,2028-06-17,2026-09-23
195.0,1,322,2028-06-17,2026-09-23
200.0,39,1079,2028-06-17,2026-09-23
205.0,1,624,2028-06-17,2026-09-23
210.0,2,267,2028-06-17,2026-09-23
215.0,5,1160,2028-06-17,2026-09-23
220.0,14,21,2028-06-17,2026-09-23
225.0,12,348,2028-06-17,2026-09-23
230.0,6,1016,2028-06-17,2026-09-23
235.0,15,698,2028-06-17,2026-09-23
240.0,34,296,2028-06-17,2026-09-23
245.0,2,33,2028-06-17,2026-09-23
250.0,18,104,2028-06-17,2026-09-23
255.0,11,22,2028-06-17,2026-09-23
260.0,22,31,2028-06-17,2026-09-23
270.0,21,25,2028-06-17,2026-09-23
280.0,14,32,2028-06-17,2026-09-23
290.0,16,105,2028-06-17,2026-09-23
300.0,37,1882,2028-06-17,2026-09-23
310.0,36,207,2028-06-17,2026-09-23
320.0,52,750,2028-06-17,2026-09-23
330.0,28,30,2028-06-17,2026-09-23
340.0,55,190,2028-06-17,2026-09-23
350.0,32,185,2028-06-17,2026-09-23
360.0,40,70,2028-06-17,2026-09-23
370.0,21,206,2028-06-17,2026-09-23
380.0,34,67,2028-06-17,2026-09-23
390.0,31,30,2028-06-17,2026-09-23
400.0,284,694,2028-06-17,2026-09-23
410.0,14,251,2028-06-17,2026-09-23
420.0,29,238,2028-06-17,2026-09-23
430.0,44,539,2028-06-17,2026-09-23
440.0,43,57,2028-06-17,2026-09-23
450.0,74,710,2028-06-17,2026-09-23
460.0,23,122,2028-06-17,2026-09-23
470.0,24,326,2028-06-17,2026-09-23
480.0,52,474,2028-06-17,2026-09-23
490.0,25,217,2028-06-17,2026-09-23
500.0,224,1233,2028-06-17,2026-09-23
510.0,47,68,2028-06-17,2026-09-23
520.0,48,178,2028-06-17,2026-09-23
530.0,109,362,2028-06-17,2026-09-23
540.0,124,127,2028-06-17,2026-09-23
550.0,551,1134,2028-06-17,2026-09-23
560.0,89,338,2028-06-17,2026-09-23
570.0,166,320,2028-06-17,2026-09-23
580.0,102,340,2028-06-17,2026-09-23
590.0,117,134,2028-06-17,2026-09-23
600.0,612,403,2028-06-17,2026-09-23
610.0,91,47,2028-06-17,2026-09-23
612.0,0,20,2028-06-17,2026-09-23
620.0,125,85,2028-06-17,2026-09-23
630.0,93,126,2028-06-17,2026-09-23
640.0,116,92,2028-06-17,2026-09-23
650.0,234,137,2028-06-17,2026-09-23
660.0,135,112,2028-06-17,2026-09-23
670.0,685,312,2028-06-17,2026-09-23
680.0,157,50,2028-06-17,2026-09-23
690.0,109,126,2028-06-17,2026-09-23
700.0,1112,160,2028-06-17,2026-09-23
710.0,203,84,2028-06-17,2026-09-23
720.0,388,139,2028-06-17,2026-09-23
730.0,205,138,2028-06-17,2026-09-23
740.0,112,10,2028-06-17,2026-09-23
750.0,246,54,2028-06-17,2026-09-23
760.0,85,6,2028-06-17,2026-09-23
770.0,156,2,2028-06-17,2026-09-23
780.0,98,45,2028-06-17,2026-09-23
790.0,165,52,2028-06-17,2026-09-23
800.0,809,446,2028-06-17,2026-09-23
810.0,127,9,2028-06-17,2026-09-23
820.0,111,5,2028-06-17,2026-09-23
830.0,25,11,2028-06-17,2026-09-23
840.0,787,9,2028-06-17,2026-09-23
850.0,159,0,2028-06-17,2026-09-23
860.0,107,4,2028-06-17,2026-09-23
870.0,425,3,2028-06-17,2026-09-23
880.0,68,1,2028-06-17,2026-09-23
890.0,55,12,2028-06-17,2026-09-23
900.0,261,4,2028-06-17,2026-09-23
910.0,65,1,2028-06-17,2026-09-23
920.0,37,2,2028-06-17,2026-09-23
930.0,27,0,2028-06-17,2026-09-23
940.0,235,52,2028-06-17,2026-09-23
950.0,145,11,2028-06-17,2026-09-23
960.0,36,32,2028-06-17,2026-09-23
970.0,163,1,2028-06-17,2026-09-23
972.4,20,0,2028-06-17,2026-09-23
980.0,77,32,2028-06-17,2026-09-23
990.0,74,1,2028-06-17,2026-09-23
1000.0,744,5,2028-06-17,2026-09-23
1010.0,1095,4,2028-06-17,2026-09-23
1020.0,757,18,2028-06-17,2026-09-23
1030.0,236,1,2028-06-17,2026-09-23
1040.0,118,5,2028-06-17,2026-09-23
1050.0,105,7,2028-06-17,2026-09-23
1060.0,259,2,2028-06-17,2026-09-23
1070.0,84,10,2028-06-17,2026-09-23
1080.0,125,3,2028-06-17,2026-09-23
1090.0,44,10,2028-06-17,2026-09-23
1100.0,220,11,2028-06-17,2026-09-23
1110.0,164,0,2028-06-17,2026-09-23
1120.0,255,0,2028-06-17,2026-09-23
1130.0,186,0,2028-06-17,2026-09-23
1140.0,1282,0,2028-06-17,2026-09-23
1150.0,94,0,2028-06-17,2026-09-23
1160.0,1617,0,2028-06-17,2026-09-23
1170.0,96,0,2028-06-17,2026-09-23
1180.0,81,0,2028-06-17,2026-09-23
1190.0,30,0,2028-06-17,2026-09-23
1200.0,5448,2,2028-06-17,2026-09-23
1210.0,85,2,2028-06-17,2026-09-23
1220.0,68,0,2028-06-17,2026-09-23
1230.0,35,1,2028-06-17,2026-09-23
1240.0,49,0,2028-06-17,2026-09-23
1250.0,64,0,2028-06-17,2026-09-23
1260.0,50,0,2028-06-17,2026-09-23
1270.0,50,0,2028-06-17,2026-09-23
1280.0,52,0,2028-06-17,2026-09-23
1290.0,51,0,2028-06-17,2026-09-23
1300.0,157,0,2028-06-17,2026-09-23
1310.0,63,0,2028-06-17,2026-09-23
1320.0,54,0,2028-06-17,2026-09-23
1330.0,39,0,2028-06-17,2026-09-23
1340.0,51,0,2028-06-17,2026-09-23
1350.0,146,0,2028-06-17,2026-09-23
1360.0,30,0,2028-06-17,2026-09-23
1370.0,65,0,2028-06-17,2026-09-23
1380.0,12,0,2028-06-17,2026-09-23
1390.0,50,0,2028-06-17,2026-09-23
1400.0,1574,0,2028-06-17,2026-09-23
1410.0,1510,0,2028-06-17,2026-09-23
1420.0,169,0,2028-06-17,2026-09-23
1430.0,79,0,2028-06-17,2026-09-23
1440.0,33,0,2028-06-17,2026-09-23
1450.0,130,0,2028-06-17,2026-09-23
1460.0,86,0,2028-06-17,2026-09-23
1470.0,108,0,2028-06-17,2026-09-23
1480.0,246,0,2028-06-17,2026-09-23
1490.0,7,0,2028-06-17,2026-09-23
5.0,3239,50,2028-12-16,2026-09-23
10.0,937,2,2028-12-16,2026-09-23
15.0,14,0,2028-12-16,2026-09-23
20.0,16,0,2028-12-16,2026-09-23
25.0,1,0,2028-12-16,2026-09-23
30.0,1,0,2028-12-16,2026-09-23
35.0,0,0,2028-12-16,2026-09-23
40.0,3,26,2028-12-16,2026-09-23
45.0,4,51,2028-12-16,2026-09-23
50.0,2,362,2028-12-16,2026-09-23
55.0,1,35,2028-12-16,2026-09-23
60.0,2,354,2028-12-16,2026-09-23
65.0,0,74,2028-12-16,2026-09-23
70.0,0,63,2028-12-16,2026-09-23
75.0,2,76,2028-12-16,2026-09-23
80.0,0,108,2028-12-16,2026-09-23
85.0,0,8,2028-12-16,2026-09-23
90.0,8,12,2028-12-16,2026-09-23
95.0,1,12,2028-12-16,2026-09-23
100.0,4,2560,2028-12-16,2026-09-23
105.0,18,9,2028-12-16,2026-09-23
110.0,23,6,2028-12-16,2026-09-23
115.0,6,4,2028-12-16,2026-09-23
120.0,23,8,2028-12-16,2026-09-23
125.0,18,0,2028-12-16,2026-09-23
130.0,5,58,2028-12-16,2026-09-23
135.0,32,21,2028-12-16,2026-09-23
140.0,61,59,2028-12-16,2026-09-23
145.0,14,9,2028-12-16,2026-09-23
150.0,6,131,2028-12-16,2026-09-23
155.0,22,395,2028-12-16,2026-09-23
160.0,18,63,2028-12-16,2026-09-23
165.0,13,13,2028-12-16,2026-09-23
170.0,45,25,2028-12-16,2026-09-23
175.0,41,61,2028-12-16,2026-09-23
180.0,13,61,2028-12-16,2026-09-23
185.0,31,11,2028-12-16,2026-09-23
190.0,22,75,2028-12-16,2026-09-23
195.0,46,771,2028-12-16,2026-09-23
200.0,171,207,2028-12-16,2026-09-23
210.0,36,56,2028-12-16,2026-09-23
220.0,122,51,2028-12-16,2026-09-23
230.0,56,57,2028-12-16,2026-09-23
240.0,163,59,2028-12-16,2026-09-23
250.0,117,141,2028-12-16,2026-09-23
260.0,53,71,2028-12-16,2026-09-23
270.0,64,35,2028-12-16,2026-09-23
280.0,36,63,2028-12-16,2026-09-23
290.0,42,84,2028-12-16,2026-09-23
300.0,926,1092,2028-12-16,2026-09-23
310.0,247,99,2028-12-16,2026-09-23
320.0,55,154,2028-12-16,2026-09-23
330.0,18,190,2028-12-16,2026-09-23
340.0,38,80,2028-12-16,2026-09-23
350.0,112,419,2028-12-16,2026-09-23
360.0,356,379,2028-12-16,2026-09-23
370.0,47,235,2028-12-16,2026-09-23
380.0,87,441,2028-12-16,2026-09-23
390.0,40,57,2028-12-16,2026-09-23
400.0,413,1543,2028-12-16,2026-09-23
410.0,99,341,2028-12-16,2026-09-23
420.0,59,72,2028-12-16,2026-09-23
430.0,56,392,2028-12-16,2026-09-23
440.0,127,356,2028-12-16,2026-09-23
450.0,195,1782,2028-12-16,2026-09-23
460.0,38,186,2028-12-16,2026-09-23
470.0,38,425,2028-12-16,2026-09-23
480.0,59,661,2028-12-16,2026-09-23
490.0,113,506,2028-12-16,2026-09-23
500.0,1246,3505,2028-12-16,2026-09-23
510.0,100,511,2028-12-16,2026-09-23
520.0,130,606,2028-12-16,2026-09-23
530.0,402,440,2028-12-16,2026-09-23
540.0,1186,729,2028-12-16,2026-09-23
550.0,913,1137,2028-12-16,2026-09-23
560.0,327,375,2028-12-16,2026-09-23
570.0,559,412,2028-12-16,2026-09-23
580.0,786,219,2028-12-16,2026-09-23
590.0,566,472,2028-12-16,2026-09-23
600.0,3182,1167,2028-12-16,2026-09-23
610.0,505,270,2028-12-16,2026-09-23
620.0,349,383,2028-12-16,2026-09-23
630.0,221,239,2028-12-16,2026-09-23
640.0,3020,350,2028-12-16,2026-09-23
650.0,2761,772,2028-12-16,2026-09-23
660.0,2415,192,2028-12-16,2026-09-23
670.0,570,638,2028-12-16,2026-09-23
680.0,243,145,2028-12-16,2026-09-23
690.0,379,120,2028-12-16,2026-09-23
700.0,2372,657,2028-12-16,2026-09-23
710.0,966,123,2028-12-16,2026-09-23
720.0,235,54,2028-12-16,2026-09-23
730.0,1550,114,2028-12-16,2026-09-23
740.0,1638,25,2028-12-16,2026-09-23
750.0,592,235,2028-12-16,2026-09-23
760.0,224,110,2028-12-16,2026-09-23
770.0,121,73,2028-12-16,2026-09-23
780.0,313,41,2028-12-16,2026-09-23
790.0,516,57,2028-12-16,2026-09-23
800.0,1649,202,2028-12-16,2026-09-23
810.0,773,57,2028-12-16,2026-09-23
820.0,133,46,2028-12-16,2026-09-23
830.0,275,22,2028-12-16,2026-09-23
840.0,204,20,2028-12-16,2026-09-23
850.0,543,29,2028-12-16,2026-09-23
860.0,261,24,2028-12-16,2026-09-23
870.0,602,47,2028-12-16,2026-09-23
880.0,228,210,2028-12-16,2026-09-23
890.0,80,122,2028-12-16,2026-09-23
900.0,882,212,2028-12-16,2026-09-23
910.0,344,46,2028-12-16,2026-09-23
920.0,310,70,2028-12-16,2026-09-23
930.0,516,2,2028-12-16,2026-09-23
940.0,684,81,2028-12-16,2026-09-23
950.0,362,76,2028-12-16,2026-09-23
960.0,60,5,2028-12-16,2026-09-23
970.0,151,85,2028-12-16,2026-09-23
980.0,88,22,2028-12-16,2026-09-23
990.0,188,23,2028-12-16,2026-09-23
1000.0,2365,118,2028-12-16,2026-09-23
1010.0,98,145,2028-12-16,2026-09-23
1020.0,83,5,2028-12-16,2026-09-23
1030.0,84,130,2028-12-16,2026-09-23
1040.0,57,19,2028-12-16,2026-09-23
1050.0,291,215,2028-12-16,2026-09-23
1060.0,73,14,2028-12-16,2026-09-23
1070.0,19,4,2028-12-16,2026-09-23
1080.0,357,44,2028-12-16,2026-09-23
1090.0,595,10,2028-12-16,2026-09-23
1100.0,2428,114,2028-12-16,2026-09-23
1110.0,344,6,2028-12-16,2026-09-23
1120.0,65,79,2028-12-16,2026-09-23
1130.0,93,4,2028-12-16,2026-09-23
1140.0,1221,0,2028-12-16,2026-09-23
1150.0,185,1,2028-12-16,2026-09-23
1160.0,352,0,2028-12-16,2026-09-23
1170.0,183,0,2028-12-16,2026-09-23
1180.0,519,0,2028-12-16,2026-09-23
1190.0,25,0,2028-12-16,2026-09-23
1200.0,805,4,2028-12-16,2026-09-23
1210.0,64,0,2028-12-16,2026-09-23
1220.0,96,0,2028-12-16,2026-09-23
1230.0,10,0,2028-12-16,2026-09-23
1240.0,17,0,2028-12-16,2026-09-23
1250.0,1045,0,2028-12-16,2026-09-23
1260.0,76,0,2028-12-16,2026-09-23
1270.0,33,0,2028-12-16,2026-09-23
1280.0,134,0,2028-12-16,2026-09-23
1290.0,190,0,2028-12-16,2026-09-23
1300.0,226,0,2028-12-16,2026-09-23
1310.0,2285,0,2028-12-16,2026-09-23
1320.0,25,0,2028-12-16,2026-09-23
1330.0,876,0,2028-12-16,2026-09-23
1340.0,36,0,2028-12-16,2026-09-23
1350.0,200,0,2028-12-16,2026-09-23
1360.0,142,0,2028-12-16,2026-09-23
1370.0,155,0,2028-12-16,2026-09-23
1380.0,142,0,2028-12-16,2026-09-23
1390.0,55,0,2028-12-16,2026-09-23
1400.0,2352,0,2028-12-16,2026-09-23
1410.0,167,0,2028-12-16,2026-09-23
1420.0,70,0,2028-12-16,2026-09-23
1430.0,59,0,2028-12-16,2026-09-23
1440.0,79,0,2028-12-16,2026-09-23
1450.0,1637,0,2028-12-16,2026-09-23
1460.0,1113,0,2028-12-16,2026-09-23
1470.0,268,0,2028-12-16,2026-09-23
1480.0,4698,0,2028-12-16,2026-09-23
1490.0,95,0,2028-12-16,2026-09-23
200.0,5,27,2029-01-20,2026-09-23
220.0,0,0,2029-01-20,2026-09-23
240.0,0,4,2029-01-20,2026-09-23
260.0,1,11,2029-01-20,2026-09-23
280.0,1,4,2029-01-20,2026-09-23
300.0,5,11,2029-01-20,2026-09-23
320.0,1,3,2029-01-20,2026-09-23
340.0,1,16,2029-01-20,2026-09-23
350.0,5,0,2029-01-20,2026-09-23
360.0,1,10,2029-01-20,2026-09-23
370.0,0,2,2029-01-20,2026-09-23
380.0,0,2,2029-01-20,2026-09-23
390.0,1,0,2029-01-20,2026-09-23
400.0,0,75,2029-01-20,2026-09-23
400.0,21,16,2029-01-20,2026-09-23
410.0,0,0,2029-01-20,2026-09-23
420.0,0,6,2029-01-20,2026-09-23
430.0,0,0,2029-01-20,2026-09-23
440.0,0,100,2029-01-20,2026-09-23
440.0,3,2,2029-01-20,2026-09-23
450.0,1,3,2029-01-20,2026-09-23
460.0,10,7,2029-01-20,2026-09-23
470.0,0,0,2029-01-20,2026-09-23
480.0,10,1,2029-01-20,2026-09-23
490.0,1,2,2029-01-20,2026-09-23
500.0,0,50,2029-01-20,2026-09-23
500.0,8,66,2029-01-20,2026-09-23
510.0,0,0,2029-01-20,2026-09-23
520.0,0,4,2029-01-20,2026-09-23
530.0,0,3,2029-01-20,2026-09-23
540.0,2,2,2029-01-20,2026-09-23
550.0,6,8,2029-01-20,2026-09-23
560.0,3278,22,2029-01-20,2026-09-23
570.0,0,7,2029-01-20,2026-09-23
580.0,2,2,2029-01-20,2026-09-23
590.0,6,1,2029-01-20,2026-09-23
593.0,0,12,2029-01-20,2026-09-23
600.0,46,22,2029-01-20,2026-09-23
610.0,1,3,2029-01-20,2026-09-23
620.0,26,53,2029-01-20,2026-09-23
630.0,0,19,2029-01-20,2026-09-23
640.0,11,2,2029-01-20,2026-09-23
650.0,31,8,2029-01-20,2026-09-23
660.0,94,30,2029-01-20,2026-09-23
670.0,35,20,2029-01-20,2026-09-23
680.0,87,4,2029-01-20,2026-09-23
690.0,32,0,2029-01-20,2026-09-23
700.0,50,22,2029-01-20,2026-09-23
710.0,25,36,2029-01-20,2026-09-23
720.0,71,37,2029-01-20,2026-09-23
730.0,42,2,2029-01-20,2026-09-23
740.0,26,1,2029-01-20,2026-09-23
750.0,75,4,2029-01-20,2026-09-23
760.0,23,0,2029-01-20,2026-09-23
770.0,12,0,2029-01-20,2026-09-23
770.0,10,0,2029-01-20,2026-09-23
780.0,4,2,2029-01-20,2026-09-23
790.0,145,0,2029-01-20,2026-09-23
800.0,246,16,2029-01-20,2026-09-23
810.0,34,0,2029-01-20,2026-09-23
820.0,5,0,2029-01-20,2026-09-23
830.0,2,0,2029-01-20,2026-09-23
840.0,18,20,2029-01-20,2026-09-23
850.0,17,0,2029-01-20,2026-09-23
860.0,1,0,2029-01-20,2026-09-23
870.0,2,1,2029-01-20,2026-09-23
880.0,0,12,2029-01-20,2026-09-23
890.0,30,0,2029-01-20,2026-09-23
900.0,74,1,2029-01-20,2026-09-23
910.0,5,0,2029-01-20,2026-09-23
920.0,1,0,2029-01-20,2026-09-23
930.0,0,0,2029-01-20,2026-09-23
940.0,0,0,2029-01-20,2026-09-23
950.0,9,0,2029-01-20,2026-09-23
960.0,31,0,2029-01-20,2026-09-23
980.0,1,0,2029-01-20,2026-09-23
1000.0,53,1,2029-01-20,2026-09-23
1020.0,6,0,2029-01-20,2026-09-23
1040.0,5,0,2029-01-20,2026-09-23
1060.0,3,0,2029-01-20,2026-09-23
1080.0,1,0,2029-01-20,2026-09-23
1100.0,11,1,2029-01-20,2026-09-23
1120.0,103,0,2029-01-20,2026-09-23
1140.0,1,0,2029-01-20,2026-09-23
1160.0,2,0,2029-01-20,2026-09-23
1180.0,0,0,2029-01-20,2026-09-23
1200.0,42,31,2029-01-20,2026-09-23
1220.0,0,0,2029-01-20,2026-09-23
1240.0,0,0,2029-01-20,2026-09-23
1260.0,0,0,2029-01-20,2026-09-23
1280.0,1,0,2029-01-20,2026-09-23
1300.0,14,31,2029-01-20,2026-09-23
1320.0,72,5,2029-01-20,2026-09-23
1330.0,0,0,2029-01-20,2026-09-23
1340.0,0,0,2029-01-20,2026-09-23
1350.0,0,0,2029-01-20,2026-09-23
1360.0,0,0,2029-01-20,2026-09-23
1370.0,0,0,2029-01-20,2026-09-23
1380.0,0,0,2029-01-20,2026-09-23
1390.0,0,0,2029-01-20,2026-09-23
1400.0,0,0,2029-01-20,2026-09-23
1410.0,0,0,2029-01-20,2026-09-23
1420.0,0,0,2029-01-20,2026-09-23
1430.0,0,0,2029-01-20,2026-09-23
1440.0,0,0,2029-01-20,2026-09-23
1450.0,0,0,2029-01-20,2026-09-23
1460.0,0,0,2029-01-20,2026-09-23
1470.0,0,0,2029-01-20,2026-09-23
1480.0,2,0,2029-01-20,2026-09-23
1490.0,33,0,2029-01-20,2026-09-23
605.13,0,18,2029-02-17,2026-09-23
770.0,18,0,2029-02-17,2026-09-23
605.0,0,18,2029-12-22,2026-09-23
620.0,0,18,2029-12-22,2026-09-23
833.35,18,0,2029-12-22,2026-09-23
873.09,20,20,2029-12-22,2026-09-23
889.87,18,0,2029-12-22,2026-09-23
485.0,0,31,2030-01-19,2026-09-23
490.0,0,60,2030-01-19,2026-09-23
593.0,0,36,2030-02-16,2026-09-23
885.0,36,0,2030-02-16,2026-09-23
610.0,0,18,2030-06-22,2026-09-23
943.37,18,0,2030-06-22,2026-09-23
400.0,0,75,2031-01-18,2026-09-23
600.0,0,12,2031-01-18,2026-09-23
964.63,12,0,2031-01-18,2026-09-23
