Strike,Call,Put,Expiry,Date
100.0,0,0,2026-09-26,2026-09-25
110.0,0,0,2026-09-26,2026-09-25
120.0,0,0,2026-09-26,2026-09-25
130.0,0,1029,2026-09-26,2026-09-25
140.0,0,1010,2026-09-26,2026-09-25
150.0,0,1000,2026-09-26,2026-09-25
160.0,0,0,2026-09-26,2026-09-25
170.0,0,0,2026-09-26,2026-09-25
180.0,0,0,2026-09-26,2026-09-25
190.0,0,0,2026-09-26,2026-09-25
200.0,3,129,2026-09-26,2026-09-25
210.0,0,143,2026-09-26,2026-09-25
220.0,0,38,2026-09-26,2026-09-25
230.0,0,36,2026-09-26,2026-09-25
240.0,0,19,2026-09-26,2026-09-25
250.0,0,46,2026-09-26,2026-09-25
260.0,0,71,2026-09-26,2026-09-25
270.0,0,12,2026-09-26,2026-09-25
280.0,0,0,2026-09-26,2026-09-25
290.0,0,3,2026-09-26,2026-09-25
300.0,0,148,2026-09-26,2026-09-25
310.0,0,38,2026-09-26,2026-09-25
320.0,0,98,2026-09-26,2026-09-25
330.0,0,21,2026-09-26,2026-09-25
340.0,0,17,2026-09-26,2026-09-25
350.0,0,634,2026-09-26,2026-09-25
360.0,0,70,2026-09-26,2026-09-25
370.0,0,765,2026-09-26,2026-09-25
380.0,0,138,2026-09-26,2026-09-25
390.0,0,154,2026-09-26,2026-09-25
400.0,1,245,2026-09-26,2026-09-25
405.0,5,164,2026-09-26,2026-09-25
410.0,4,251,2026-09-26,2026-09-25
415.0,3,334,2026-09-26,2026-09-25
420.0,3,112,2026-09-26,2026-09-25
425.0,3,136,2026-09-26,2026-09-25
430.0,9,102,2026-09-26,2026-09-25
435.0,7,83,2026-09-26,2026-09-25
440.0,21,139,2026-09-26,2026-09-25
445.0,8,316,2026-09-26,2026-09-25
450.0,33,420,2026-09-26,2026-09-25
455.0,8,212,2026-09-26,2026-09-25
460.0,4,213,2026-09-26,2026-09-25
465.0,6,208,2026-09-26,2026-09-25
470.0,6,192,2026-09-26,2026-09-25
475.0,6,307,2026-09-26,2026-09-25
480.0,6,580,2026-09-26,2026-09-25
485.0,1,420,2026-09-26,2026-09-25
490.0,3,360,2026-09-26,2026-09-25
495.0,3,341,2026-09-26,2026-09-25
500.0,4,433,2026-09-26,2026-09-25
505.0,5,323,2026-09-26,2026-09-25
510.0,7,587,2026-09-26,2026-09-25
515.0,8,552,2026-09-26,2026-09-25
520.0,5,4985,2026-09-26,2026-09-25
525.0,5,464,2026-09-26,2026-09-25
530.0,17,1301,2026-09-26,2026-09-25
535.0,10,837,2026-09-26,2026-09-25
540.0,60,944,2026-09-26,2026-09-25
545.0,130,685,2026-09-26,2026-09-25
547.5,5,517,2026-09-26,2026-09-25
550.0,169,2068,2026-09-26,2026-09-25
552.5,5,975,2026-09-26,2026-09-25
555.0,16,286,2026-09-26,2026-09-25
557.5,6,281,2026-09-26,2026-09-25
560.0,32,2936,2026-09-26,2026-09-25
562.5,5,155,2026-09-26,2026-09-25
565.0,294,809,2026-09-26,2026-09-25
567.5,2,1024,2026-09-26,2026-09-25
570.0,282,745,2026-09-26,2026-09-25
572.5,5,140,2026-09-26,2026-09-25
575.0,278,1245,2026-09-26,2026-09-25
577.5,4,321,2026-09-26,2026-09-25
580.0,556,882,2026-09-26,2026-09-25
582.5,9,41,2026-09-26,2026-09-25
585.0,592,581,2026-09-26,2026-09-25
587.5,15,175,2026-09-26,2026-09-25
590.0,729,720,2026-09-26,2026-09-25
592.5,28,101,2026-09-26,2026-09-25
595.0,403,401,2026-09-26,2026-09-25
597.5,30,210,2026-09-26,2026-09-25
600.0,8000,8000,2026-09-26,2026-09-25
600.0,1608,1880,2026-09-26,2026-09-25
602.5,13,98,2026-09-26,2026-09-25
605.0,601,991,2026-09-26,2026-09-25
607.5,5,285,2026-09-26,2026-09-25
610.0,657,1991,2026-09-26,2026-09-25
612.5,59,616,2026-09-26,2026-09-25
615.0,786,1047,2026-09-26,2026-09-25
617.5,36,212,2026-09-26,2026-09-25
620.0,1197,1236,2026-09-26,2026-09-25
622.5,28,200,2026-09-26,2026-09-25
625.0,1134,1122,2026-09-26,2026-09-25
627.5,98,238,2026-09-26,2026-09-25
630.0,273,1130,2026-09-26,2026-09-25
632.5,90,404,2026-09-26,2026-09-25
635.0,798,1025,2026-09-26,2026-09-25
637.5,36,395,2026-09-26,2026-09-25
640.0,634,5871,2026-09-26,2026-09-25
642.5,29,214,2026-09-26,2026-09-25
645.0,634,750,2026-09-26,2026-09-25
647.5,2522,353,2026-09-26,2026-09-25
650.0,4028,6248,2026-09-26,2026-09-25
652.5,77,281,2026-09-26,2026-09-25
655.0,761,770,2026-09-26,2026-09-25
657.5,157,472,2026-09-26,2026-09-25
660.0,2315,1542,2026-09-26,2026-09-25
662.5,64,593,2026-09-26,2026-09-25
665.0,602,949,2026-09-26,2026-09-25
667.5,270,502,2026-09-26,2026-09-25
670.0,1344,2830,2026-09-26,2026-09-25
672.5,318,1963,2026-09-26,2026-09-25
675.0,1899,1827,2026-09-26,2026-09-25
677.5,388,717,2026-09-26,2026-09-25
680.0,1774,1845,2026-09-26,2026-09-25
682.5,173,959,2026-09-26,2026-09-25
685.0,1571,1331,2026-09-26,2026-09-25
687.5,2213,588,2026-09-26,2026-09-25
690.0,2490,1794,2026-09-26,2026-09-25
692.5,1003,536,2026-09-26,2026-09-25
695.0,448,1497,2026-09-26,2026-09-25
697.5,358,468,2026-09-26,2026-09-25
700.0,4269,6558,2026-09-26,2026-09-25
702.5,2488,2498,2026-09-26,2026-09-25
705.0,3286,2863,2026-09-26,2026-09-25
707.5,214,476,2026-09-26,2026-09-25
710.0,1893,4127,2026-09-26,2026-09-25
712.5,463,717,2026-09-26,2026-09-25
715.0,808,3351,2026-09-26,2026-09-25
717.5,1626,802,2026-09-26,2026-09-25
720.0,2605,3385,2026-09-26,2026-09-25
722.5,853,1429,2026-09-26,2026-09-25
725.0,1329,5351,2026-09-26,2026-09-25
727.5,904,3259,2026-09-26,2026-09-25
730.0,1900,5182,2026-09-26,2026-09-25
732.5,364,2754,2026-09-26,2026-09-25
735.0,1321,3040,2026-09-26,2026-09-25
737.5,406,967,2026-09-26,2026-09-25
740.0,3049,4698,2026-09-26,2026-09-25
742.5,1284,1050,2026-09-26,2026-09-25
745.0,2820,3123,2026-09-26,2026-09-25
747.5,1575,3894,2026-09-26,2026-09-25
750.0,10460,9221,2026-09-26,2026-09-25
755.0,1968,2303,2026-09-26,2026-09-25
760.0,3013,2774,2026-09-26,2026-09-25
765.0,6448,1863,2026-09-26,2026-09-25
770.0,2898,1969,2026-09-26,2026-09-25
775.0,6578,1388,2026-09-26,2026-09-25
780.0,5362,807,2026-09-26,2026-09-25
785.0,3109,263,2026-09-26,2026-09-25
790.0,3162,230,2026-09-26,2026-09-25
795.0,1844,35,2026-09-26,2026-09-25
800.0,12662,201,2026-09-26,2026-09-25
805.0,2490,54,2026-09-26,2026-09-25
810.0,3925,43,2026-09-26,2026-09-25
815.0,2660,11,2026-09-26,2026-09-25
820.0,3975,355,2026-09-26,2026-09-25
825.0,3067,2,2026-09-26,2026-09-25
830.0,2,0,2026-09-26,2026-09-25
830.0,2307,15,2026-09-26,2026-09-25
835.0,2234,5,2026-09-26,2026-09-25
840.0,1536,6,2026-09-26,2026-09-25
845.0,2454,0,2026-09-26,2026-09-25
850.0,3793,7,2026-09-26,2026-09-25
855.0,1614,0,2026-09-26,2026-09-25
860.0,1243,2,2026-09-26,2026-09-25
865.0,996,0,2026-09-26,2026-09-25
870.0,946,0,2026-09-26,2026-09-25
875.0,2656,0,2026-09-26,2026-09-25
880.0,3194,0,2026-09-26,2026-09-25
885.0,449,0,2026-09-26,2026-09-25
890.0,643,0,2026-09-26,2026-09-25
895.0,382,0,2026-09-26,2026-09-25
900.0,4068,0,2026-09-26,2026-09-25
905.0,334,0,2026-09-26,2026-09-25
910.0,327,0,2026-09-26,2026-09-25
915.0,232,0,2026-09-26,2026-09-25
920.0,751,0,2026-09-26,2026-09-25
925.0,302,0,2026-09-26,2026-09-25
930.0,636,0,2026-09-26,2026-09-25
935.0,272,0,2026-09-26,2026-09-25
940.0,514,0,2026-09-26,2026-09-25
945.0,203,0,2026-09-26,2026-09-25
950.0,216,0,2026-09-26,2026-09-25
955.0,290,0,2026-09-26,2026-09-25
960.0,243,0,2026-09-26,2026-09-25
965.0,321,0,2026-09-26,2026-09-25
970.0,226,0,2026-09-26,2026-09-25
975.0,325,0,2026-09-26,2026-09-25
980.0,746,0,2026-09-26,2026-09-25
985.0,343,0,2026-09-26,2026-09-25
990.0,394,0,2026-09-26,2026-09-25
995.0,205,0,2026-09-26,2026-09-25
1000.0,1482,0,2026-09-26,2026-09-25
1010.0,467,0,2026-09-26,2026-09-25
1020.0,559,0,2026-09-26,2026-09-25
1030.0,217,0,2026-09-26,2026-09-25
1040.0,457,0,2026-09-26,2026-09-25
1050.0,447,0,2026-09-26,2026-09-25
1060.0,209,0,2026-09-26,2026-09-25
1070.0,469,0,2026-09-26,2026-09-25
1080.0,0,0,2026-09-26,2026-09-25
1090.0,0,0,2026-09-26,2026-09-25
1100.0,0,0,2026-09-26,2026-09-25
1110.0,0,0,2026-09-26,2026-09-25
1120.0,0,0,2026-09-26,2026-09-25
1130.0,0,0,2026-09-26,2026-09-25
1140.0,0,0,2026-09-26,2026-09-25
1150.0,0,0,2026-09-26,2026-09-25
1160.0,0,0,2026-09-26,2026-09-25
1170.0,0,0,2026-09-26,2026-09-25
1180.0,0,0,2026-09-26,2026-09-25
1190.0,0,0,2026-09-26,2026-09-25
1200.0,0,0,2026-09-26,2026-09-25
1210.0,200,0,2026-09-26,2026-09-25
1220.0,9,0,2026-09-26,2026-09-25
1230.0,0,0,2026-09-26,2026-09-25
1240.0,0,0,2026-09-26,2026-09-25
1250.0,5,0,2026-09-26,2026-09-25
1260.0,0,0,2026-09-26,2026-09-25
1270.0,4,0,2026-09-26,2026-09-25
1280.0,56,0,2026-09-26,2026-09-25
1290.0,138,0,2026-09-26,2026-09-25
1300.0,6,0,2026-09-26,2026-09-25
1310.0,0,0,2026-09-26,2026-09-25
1320.0,0,0,2026-09-26,2026-09-25
1330.0,0,0,2026-09-26,2026-09-25
1340.0,0,0,2026-09-26,2026-09-25
1350.0,0,0,2026-09-26,2026-09-25
1360.0,0,0,2026-09-26,2026-09-25
1370.0,0,0,2026-09-26,2026-09-25
1380.0,0,0,2026-09-26,2026-09-25
1390.0,0,0,2026-09-26,2026-09-25
1400.0,0,0,2026-09-26,2026-09-25
1410.0,0,0,2026-09-26,2026-09-25
1420.0,0,0,2026-09-26,2026-09-25
1430.0,2,0,2026-09-26,2026-09-25
1440.0,3,0,2026-09-26,2026-09-25
1450.0,0,0,2026-09-26,2026-09-25
1460.0,0,0,2026-09-26,2026-09-25
1470.0,0,0,2026-09-26,2026-09-25
1480.0,0,0,2026-09-26,2026-09-25
1490.0,3,0,2026-09-26,2026-09-25
510.0,0,10,2026-09-29,2026-09-25
515.0,0,7,2026-09-29,2026-09-25
520.0,0,1,2026-09-29,2026-09-25
525.0,0,2,2026-09-29,2026-09-25
530.0,0,5,2026-09-29,2026-09-25
535.0,0,5,2026-09-29,2026-09-25
540.0,0,5,2026-09-29,2026-09-25
545.0,0,36,2026-09-29,2026-09-25
550.0,0,6,2026-09-29,2026-09-25
555.0,0,16,2026-09-29,2026-09-25
560.0,4,4,2026-09-29,2026-09-25
565.0,27,105,2026-09-29,2026-09-25
570.0,21,6,2026-09-29,2026-09-25
575.0,4,25,2026-09-29,2026-09-25
580.0,26,27,2026-09-29,2026-09-25
585.0,6,18,2026-09-29,2026-09-25
587.5,9,15,2026-09-29,2026-09-25
590.0,9,38,2026-09-29,2026-09-25
592.5,3,5,2026-09-29,2026-09-25
595.0,10,18,2026-09-29,2026-09-25
597.5,3,11,2026-09-29,2026-09-25
600.0,12,66,2026-09-29,2026-09-25
602.5,0,20,2026-09-29,2026-09-25
605.0,2,5,2026-09-29,2026-09-25
607.5,0,10,2026-09-29,2026-09-25
610.0,1,82,2026-09-29,2026-09-25
612.5,0,7,2026-09-29,2026-09-25
615.0,2,19,2026-09-29,2026-09-25
617.5,4,15,2026-09-29,2026-09-25
620.0,2,43,2026-09-29,2026-09-25
622.5,2,25,2026-09-29,2026-09-25
625.0,7,24,2026-09-29,2026-09-25
627.5,1,67,2026-09-29,2026-09-25
630.0,2,103,2026-09-29,2026-09-25
632.5,0,10,2026-09-29,2026-09-25
635.0,19,164,2026-09-29,2026-09-25
637.5,0,24,2026-09-29,2026-09-25
640.0,8,70,2026-09-29,2026-09-25
642.5,0,149,2026-09-29,2026-09-25
645.0,8,54,2026-09-29,2026-09-25
647.5,5,14,2026-09-29,2026-09-25
650.0,81,233,2026-09-29,2026-09-25
652.5,5,11,2026-09-29,2026-09-25
655.0,25,269,2026-09-29,2026-09-25
657.5,6,56,2026-09-29,2026-09-25
660.0,28,290,2026-09-29,2026-09-25
662.5,36,95,2026-09-29,2026-09-25
665.0,65,216,2026-09-29,2026-09-25
667.5,184,73,2026-09-29,2026-09-25
670.0,148,274,2026-09-29,2026-09-25
672.5,182,128,2026-09-29,2026-09-25
675.0,120,242,2026-09-29,2026-09-25
677.5,60,441,2026-09-29,2026-09-25
680.0,204,433,2026-09-29,2026-09-25
682.5,50,265,2026-09-29,2026-09-25
685.0,114,413,2026-09-29,2026-09-25
687.5,35,47,2026-09-29,2026-09-25
690.0,176,272,2026-09-29,2026-09-25
692.5,36,387,2026-09-29,2026-09-25
695.0,100,232,2026-09-29,2026-09-25
697.5,73,248,2026-09-29,2026-09-25
700.0,344,1628,2026-09-29,2026-09-25
702.5,49,217,2026-09-29,2026-09-25
705.0,152,385,2026-09-29,2026-09-25
707.5,49,159,2026-09-29,2026-09-25
710.0,112,2573,2026-09-29,2026-09-25
712.5,55,158,2026-09-29,2026-09-25
715.0,62,563,2026-09-29,2026-09-25
717.5,50,228,2026-09-29,2026-09-25
720.0,154,469,2026-09-29,2026-09-25
722.5,44,674,2026-09-29,2026-09-25
725.0,307,1117,2026-09-29,2026-09-25
727.5,87,550,2026-09-29,2026-09-25
730.0,142,945,2026-09-29,2026-09-25
732.5,44,182,2026-09-29,2026-09-25
735.0,90,397,2026-09-29,2026-09-25
737.5,355,245,2026-09-29,2026-09-25
740.0,222,636,2026-09-29,2026-09-25
742.5,232,289,2026-09-29,2026-09-25
745.0,203,498,2026-09-29,2026-09-25
747.5,563,620,2026-09-29,2026-09-25
750.0,1064,1231,2026-09-29,2026-09-25
755.0,577,684,2026-09-29,2026-09-25
760.0,1065,1272,2026-09-29,2026-09-25
765.0,1069,496,2026-09-29,2026-09-25
770.0,1346,721,2026-09-29,2026-09-25
775.0,917,352,2026-09-29,2026-09-25
780.0,1675,195,2026-09-29,2026-09-25
785.0,669,42,2026-09-29,2026-09-25
790.0,613,22,2026-09-29,2026-09-25
795.0,468,71,2026-09-29,2026-09-25
800.0,4489,24,2026-09-29,2026-09-25
805.0,434,5,2026-09-29,2026-09-25
810.0,309,4,2026-09-29,2026-09-25
815.0,614,0,2026-09-29,2026-09-25
820.0,1009,37,2026-09-29,2026-09-25
825.0,300,29,2026-09-29,2026-09-25
830.0,357,13,2026-09-29,2026-09-25
835.0,623,0,2026-09-29,2026-09-25
840.0,561,29,2026-09-29,2026-09-25
845.0,542,0,2026-09-29,2026-09-25
850.0,813,2,2026-09-29,2026-09-25
855.0,173,0,2026-09-29,2026-09-25
860.0,128,0,2026-09-29,2026-09-25
865.0,486,0,2026-09-29,2026-09-25
870.0,70,0,2026-09-29,2026-09-25
875.0,61,0,2026-09-29,2026-09-25
880.0,384,0,2026-09-29,2026-09-25
885.0,147,0,2026-09-29,2026-09-25
890.0,90,0,2026-09-29,2026-09-25
895.0,119,0,2026-09-29,2026-09-25
900.0,502,0,2026-09-29,2026-09-25
905.0,11,0,2026-09-29,2026-09-25
910.0,4,0,2026-09-29,2026-09-25
915.0,3,0,2026-09-29,2026-09-25
920.0,7,0,2026-09-29,2026-09-25
925.0,5,0,2026-09-29,2026-09-25
930.0,3,0,2026-09-29,2026-09-25
935.0,7,0,2026-09-29,2026-09-25
940.0,184,0,2026-09-29,2026-09-25
945.0,2,0,2026-09-29,2026-09-25
950.0,68,0,2026-09-29,2026-09-25
955.0,18,0,2026-09-29,2026-09-25
960.0,78,0,2026-09-29,2026-09-25
965.0,26,0,2026-09-29,2026-09-25
970.0,54,0,2026-09-29,2026-09-25
975.0,15,0,2026-09-29,2026-09-25
980.0,8,0,2026-09-29,2026-09-25
985.0,4,0,2026-09-29,2026-09-25
990.0,3,0,2026-09-29,2026-09-25
1000.0,2,0,2026-09-29,2026-09-25
1010.0,0,0,2026-09-29,2026-09-25
1020.0,0,0,2026-09-29,2026-09-25
1030.0,0,0,2026-09-29,2026-09-25
1040.0,0,0,2026-09-29,2026-09-25
1050.0,0,0,2026-09-29,2026-09-25
1060.0,0,0,2026-09-29,2026-09-25
1070.0,0,0,2026-09-29,2026-09-25
1080.0,0,0,2026-09-29,2026-09-25
1090.0,0,0,2026-09-29,2026-09-25
1100.0,0,0,2026-09-29,2026-09-25
1110.0,0,0,2026-09-29,2026-09-25
1120.0,0,0,2026-09-29,2026-09-25
1130.0,0,0,2026-09-29,2026-09-25
1140.0,0,0,2026-09-29,2026-09-25
1150.0,0,0,2026-09-29,2026-09-25
1160.0,0,0,2026-09-29,2026-09-25
1170.0,0,0,2026-09-29,2026-09-25
1180.0,0,0,2026-09-29,2026-09-25
1190.0,0,0,2026-09-29,2026-09-25
1200.0,0,0,2026-09-29,2026-09-25
1210.0,0,0,2026-09-29,2026-09-25
1220.0,0,0,2026-09-29,2026-09-25
1230.0,0,0,2026-09-29,2026-09-25
1240.0,0,0,2026-09-29,2026-09-25
1250.0,0,0,2026-09-29,2026-09-25
1260.0,0,0,2026-09-29,2026-09-25
1270.0,0,0,2026-09-29,2026-09-25
1280.0,0,0,2026-09-29,2026-09-25
1290.0,0,0,2026-09-29,2026-09-25
1300.0,1,0,2026-09-29,2026-09-25
1310.0,0,0,2026-09-29,2026-09-25
1320.0,0,0,2026-09-29,2026-09-25
1330.0,0,0,2026-09-29,2026-09-25
1340.0,0,0,2026-09-29,2026-09-25
1350.0,0,0,2026-09-29,2026-09-25
1360.0,0,0,2026-09-29,2026-09-25
1370.0,0,0,2026-09-29,2026-09-25
1380.0,0,0,2026-09-29,2026-09-25
1390.0,0,0,2026-09-29,2026-09-25
1400.0,0,0,2026-09-29,2026-09-25
1410.0,0,0,2026-09-29,2026-09-25
1420.0,0,0,2026-09-29,2026-09-25
1430.0,0,0,2026-09-29,2026-09-25
1440.0,0,0,2026-09-29,2026-09-25
1450.0,0,0,2026-09-29,2026-09-25
1460.0,0,0,2026-09-29,2026-09-25
1470.0,0,0,2026-09-29,2026-09-25
1480.0,1,0,2026-09-29,2026-09-25
1490.0,12,0,2026-09-29,2026-09-25
478.7,0,174,2026-09-30,2026-09-25
733.5,174,0,2026-09-30,2026-09-25
510.0,0,52,2026-10-01,2026-09-25
515.0,0,1,2026-10-01,2026-09-25
520.0,0,2,2026-10-01,2026-09-25
525.0,0,9,2026-10-01,2026-09-25
530.0,0,55,2026-10-01,2026-09-25
535.0,0,2,2026-10-01,2026-09-25
540.0,0,7,2026-10-01,2026-09-25
545.0,0,1,2026-10-01,2026-09-25
550.0,0,238,2026-10-01,2026-09-25
555.0,0,24,2026-10-01,2026-09-25
560.0,0,422,2026-10-01,2026-09-25
565.0,1,9,2026-10-01,2026-09-25
570.0,4,216,2026-10-01,2026-09-25
575.0,5,46,2026-10-01,2026-09-25
577.5,3,824,2026-10-01,2026-09-25
580.0,3,676,2026-10-01,2026-09-25
582.5,6,216,2026-10-01,2026-09-25
585.0,1,10,2026-10-01,2026-09-25
587.5,2,3,2026-10-01,2026-09-25
590.0,3,3,2026-10-01,2026-09-25
592.5,0,6,2026-10-01,2026-09-25
595.0,1,56,2026-10-01,2026-09-25
597.5,0,15,2026-10-01,2026-09-25
600.0,15,230,2026-10-01,2026-09-25
602.5,1,15,2026-10-01,2026-09-25
605.0,9,31,2026-10-01,2026-09-25
607.5,4,75,2026-10-01,2026-09-25
610.0,5,117,2026-10-01,2026-09-25
612.5,3,11,2026-10-01,2026-09-25
615.0,7,44,2026-10-01,2026-09-25
617.5,7,16,2026-10-01,2026-09-25
620.0,8,46,2026-10-01,2026-09-25
622.5,3,28,2026-10-01,2026-09-25
625.0,6,271,2026-10-01,2026-09-25
627.5,1,16,2026-10-01,2026-09-25
630.0,12,45,2026-10-01,2026-09-25
632.5,5,26,2026-10-01,2026-09-25
635.0,14,31,2026-10-01,2026-09-25
637.5,5,65,2026-10-01,2026-09-25
640.0,12,109,2026-10-01,2026-09-25
642.5,25,8,2026-10-01,2026-09-25
645.0,33,157,2026-10-01,2026-09-25
647.5,1,54,2026-10-01,2026-09-25
650.0,32,655,2026-10-01,2026-09-25
652.5,3,10,2026-10-01,2026-09-25
655.0,46,88,2026-10-01,2026-09-25
657.5,0,283,2026-10-01,2026-09-25
660.0,7,53,2026-10-01,2026-09-25
662.5,3,20,2026-10-01,2026-09-25
665.0,29,69,2026-10-01,2026-09-25
667.5,3,59,2026-10-01,2026-09-25
670.0,146,524,2026-10-01,2026-09-25
672.5,78,56,2026-10-01,2026-09-25
675.0,85,788,2026-10-01,2026-09-25
677.5,48,284,2026-10-01,2026-09-25
680.0,136,602,2026-10-01,2026-09-25
682.5,29,52,2026-10-01,2026-09-25
685.0,70,768,2026-10-01,2026-09-25
687.5,11,85,2026-10-01,2026-09-25
690.0,147,172,2026-10-01,2026-09-25
692.5,13,122,2026-10-01,2026-09-25
695.0,72,126,2026-10-01,2026-09-25
697.5,8,105,2026-10-01,2026-09-25
700.0,247,2925,2026-10-01,2026-09-25
702.5,23,83,2026-10-01,2026-09-25
705.0,93,2892,2026-10-01,2026-09-25
707.5,28,141,2026-10-01,2026-09-25
710.0,70,171,2026-10-01,2026-09-25
712.5,16,93,2026-10-01,2026-09-25
715.0,54,250,2026-10-01,2026-09-25
717.5,20,80,2026-10-01,2026-09-25
720.0,160,1445,2026-10-01,2026-09-25
722.5,66,73,2026-10-01,2026-09-25
725.0,121,223,2026-10-01,2026-09-25
727.5,30,73,2026-10-01,2026-09-25
730.0,173,354,2026-10-01,2026-09-25
732.5,74,150,2026-10-01,2026-09-25
735.0,112,196,2026-10-01,2026-09-25
737.5,33,265,2026-10-01,2026-09-25
740.0,223,2252,2026-10-01,2026-09-25
742.5,71,547,2026-10-01,2026-09-25
745.0,229,437,2026-10-01,2026-09-25
747.5,157,207,2026-10-01,2026-09-25
750.0,1843,348,2026-10-01,2026-09-25
755.0,218,316,2026-10-01,2026-09-25
760.0,306,367,2026-10-01,2026-09-25
765.0,305,463,2026-10-01,2026-09-25
770.0,270,0,2026-10-01,2026-09-25
770.0,838,1041,2026-10-01,2026-09-25
775.0,270,244,2026-10-01,2026-09-25
780.0,389,181,2026-10-01,2026-09-25
785.0,384,34,2026-10-01,2026-09-25
790.0,306,111,2026-10-01,2026-09-25
795.0,196,71,2026-10-01,2026-09-25
800.0,7495,20,2026-10-01,2026-09-25
805.0,368,6,2026-10-01,2026-09-25
810.0,336,3,2026-10-01,2026-09-25
815.0,81,1,2026-10-01,2026-09-25
820.0,434,1,2026-10-01,2026-09-25
825.0,510,1,2026-10-01,2026-09-25
830.0,262,3,2026-10-01,2026-09-25
835.0,453,1,2026-10-01,2026-09-25
840.0,405,15,2026-10-01,2026-09-25
845.0,78,16,2026-10-01,2026-09-25
850.0,1314,5,2026-10-01,2026-09-25
855.0,178,0,2026-10-01,2026-09-25
860.0,130,0,2026-10-01,2026-09-25
865.0,86,1,2026-10-01,2026-09-25
870.0,134,0,2026-10-01,2026-09-25
875.0,109,0,2026-10-01,2026-09-25
880.0,140,0,2026-10-01,2026-09-25
885.0,53,0,2026-10-01,2026-09-25
890.0,52,0,2026-10-01,2026-09-25
895.0,10,0,2026-10-01,2026-09-25
900.0,199,1,2026-10-01,2026-09-25
905.0,28,0,2026-10-01,2026-09-25
910.0,53,0,2026-10-01,2026-09-25
915.0,10,0,2026-10-01,2026-09-25
920.0,70,0,2026-10-01,2026-09-25
925.0,11,0,2026-10-01,2026-09-25
930.0,39,0,2026-10-01,2026-09-25
935.0,15,0,2026-10-01,2026-09-25
940.0,4,0,2026-10-01,2026-09-25
945.0,4,0,2026-10-01,2026-09-25
950.0,13,0,2026-10-01,2026-09-25
955.0,6,0,2026-10-01,2026-09-25
960.0,113,0,2026-10-01,2026-09-25
965.0,7,0,2026-10-01,2026-09-25
970.0,2,0,2026-10-01,2026-09-25
975.0,6,0,2026-10-01,2026-09-25
980.0,9,0,2026-10-01,2026-09-25
985.0,32,0,2026-10-01,2026-09-25
990.0,13,0,2026-10-01,2026-09-25
1000.0,139,0,2026-10-01,2026-09-25
1010.0,15,0,2026-10-01,2026-09-25
1020.0,20,0,2026-10-01,2026-09-25
1030.0,38,0,2026-10-01,2026-09-25
1040.0,16,0,2026-10-01,2026-09-25
1050.0,20,0,2026-10-01,2026-09-25
1060.0,30,0,2026-10-01,2026-09-25
1070.0,28,0,2026-10-01,2026-09-25
1080.0,0,0,2026-10-01,2026-09-25
1090.0,0,0,2026-10-01,2026-09-25
1100.0,1,0,2026-10-01,2026-09-25
1110.0,0,0,2026-10-01,2026-09-25
1120.0,0,0,2026-10-01,2026-09-25
1130.0,0,0,2026-10-01,2026-09-25
1140.0,0,0,2026-10-01,2026-09-25
1150.0,0,0,2026-10-01,2026-09-25
1160.0,0,0,2026-10-01,2026-09-25
1170.0,0,0,2026-10-01,2026-09-25
1180.0,0,0,2026-10-01,2026-09-25
1190.0,0,0,2026-10-01,2026-09-25
1200.0,0,0,2026-10-01,2026-09-25
1210.0,0,0,2026-10-01,2026-09-25
1220.0,0,0,2026-10-01,2026-09-25
1230.0,0,0,2026-10-01,2026-09-25
1240.0,0,0,2026-10-01,2026-09-25
1250.0,0,0,2026-10-01,2026-09-25
1260.0,0,0,2026-10-01,2026-09-25
1270.0,0,0,2026-10-01,2026-09-25
1280.0,0,0,2026-10-01,2026-09-25
1290.0,0,0,2026-10-01,2026-09-25
1300.0,0,0,2026-10-01,2026-09-25
1310.0,0,0,2026-10-01,2026-09-25
1320.0,0,0,2026-10-01,2026-09-25
1330.0,0,0,2026-10-01,2026-09-25
1340.0,0,0,2026-10-01,2026-09-25
1350.0,0,0,2026-10-01,2026-09-25
1360.0,0,0,2026-10-01,2026-09-25
1370.0,0,0,2026-10-01,2026-09-25
1380.0,0,0,2026-10-01,2026-09-25
1390.0,0,0,2026-10-01,2026-09-25
1400.0,0,0,2026-10-01,2026-09-25
1410.0,0,0,2026-10-01,2026-09-25
1420.0,0,0,2026-10-01,2026-09-25
1430.0,0,0,2026-10-01,2026-09-25
1440.0,0,0,2026-10-01,2026-09-25
1450.0,0,0,2026-10-01,2026-09-25
1460.0,0,0,2026-10-01,2026-09-25
1470.0,0,0,2026-10-01,2026-09-25
1480.0,0,0,2026-10-01,2026-09-25
1490.0,20,0,2026-10-01,2026-09-25
770.0,97,0,2026-10-02,2026-09-25
100.0,0,0,2026-10-03,2026-09-25
110.0,0,0,2026-10-03,2026-09-25
120.0,0,0,2026-10-03,2026-09-25
130.0,0,11,2026-10-03,2026-09-25
140.0,0,0,2026-10-03,2026-09-25
150.0,0,1053,2026-10-03,2026-09-25
160.0,0,0,2026-10-03,2026-09-25
170.0,0,0,2026-10-03,2026-09-25
180.0,0,0,2026-10-03,2026-09-25
190.0,0,104,2026-10-03,2026-09-25
200.0,0,34,2026-10-03,2026-09-25
210.0,0,0,2026-10-03,2026-09-25
220.0,2,0,2026-10-03,2026-09-25
230.0,0,0,2026-10-03,2026-09-25
240.0,1,0,2026-10-03,2026-09-25
250.0,0,0,2026-10-03,2026-09-25
260.0,0,0,2026-10-03,2026-09-25
270.0,0,2,2026-10-03,2026-09-25
280.0,0,1,2026-10-03,2026-09-25
290.0,3,0,2026-10-03,2026-09-25
300.0,3,98,2026-10-03,2026-09-25
310.0,0,5,2026-10-03,2026-09-25
320.0,0,3,2026-10-03,2026-09-25
330.0,0,13,2026-10-03,2026-09-25
340.0,0,6,2026-10-03,2026-09-25
350.0,0,263,2026-10-03,2026-09-25
360.0,0,85,2026-10-03,2026-09-25
370.0,0,17,2026-10-03,2026-09-25
380.0,0,45,2026-10-03,2026-09-25
390.0,0,10,2026-10-03,2026-09-25
400.0,3,192,2026-10-03,2026-09-25
405.0,0,25,2026-10-03,2026-09-25
410.0,0,35,2026-10-03,2026-09-25
415.0,1,121,2026-10-03,2026-09-25
420.0,0,13,2026-10-03,2026-09-25
425.0,0,35,2026-10-03,2026-09-25
430.0,0,57,2026-10-03,2026-09-25
435.0,1,38,2026-10-03,2026-09-25
440.0,0,283,2026-10-03,2026-09-25
445.0,0,48,2026-10-03,2026-09-25
450.0,0,85,2026-10-03,2026-09-25
455.0,0,392,2026-10-03,2026-09-25
460.0,0,237,2026-10-03,2026-09-25
465.0,0,280,2026-10-03,2026-09-25
470.0,1,268,2026-10-03,2026-09-25
475.0,1,427,2026-10-03,2026-09-25
480.0,2,230,2026-10-03,2026-09-25
485.0,1,146,2026-10-03,2026-09-25
490.0,13,415,2026-10-03,2026-09-25
495.0,42,206,2026-10-03,2026-09-25
500.0,38,634,2026-10-03,2026-09-25
505.0,13,369,2026-10-03,2026-09-25
510.0,12,316,2026-10-03,2026-09-25
515.0,7,1944,2026-10-03,2026-09-25
520.0,0,133,2026-10-03,2026-09-25
520.0,59,355,2026-10-03,2026-09-25
525.0,15,410,2026-10-03,2026-09-25
530.0,62,543,2026-10-03,2026-09-25
535.0,15,238,2026-10-03,2026-09-25
540.0,3000,3019,2026-10-03,2026-09-25
540.0,79,2060,2026-10-03,2026-09-25
545.0,39,495,2026-10-03,2026-09-25
550.0,158,534,2026-10-03,2026-09-25
555.0,137,296,2026-10-03,2026-09-25
560.0,84,868,2026-10-03,2026-09-25
565.0,270,242,2026-10-03,2026-09-25
570.0,356,378,2026-10-03,2026-09-25
572.5,2,24,2026-10-03,2026-09-25
575.0,191,238,2026-10-03,2026-09-25
577.5,1,0,2026-10-03,2026-09-25
580.0,234,514,2026-10-03,2026-09-25
582.5,0,20,2026-10-03,2026-09-25
585.0,145,444,2026-10-03,2026-09-25
587.5,0,23,2026-10-03,2026-09-25
590.0,261,449,2026-10-03,2026-09-25
592.5,1,6,2026-10-03,2026-09-25
595.0,789,196,2026-10-03,2026-09-25
597.5,3,4,2026-10-03,2026-09-25
600.0,6000,6000,2026-10-03,2026-09-25
600.0,497,2819,2026-10-03,2026-09-25
602.5,3,47,2026-10-03,2026-09-25
605.0,366,1514,2026-10-03,2026-09-25
607.5,20,97,2026-10-03,2026-09-25
610.0,197,248,2026-10-03,2026-09-25
612.5,29,35,2026-10-03,2026-09-25
615.0,1188,895,2026-10-03,2026-09-25
617.5,27,15,2026-10-03,2026-09-25
620.0,426,909,2026-10-03,2026-09-25
622.5,8,10,2026-10-03,2026-09-25
625.0,211,506,2026-10-03,2026-09-25
627.5,5,52,2026-10-03,2026-09-25
630.0,476,2168,2026-10-03,2026-09-25
632.5,14,141,2026-10-03,2026-09-25
635.0,205,659,2026-10-03,2026-09-25
637.5,18,86,2026-10-03,2026-09-25
640.0,513,535,2026-10-03,2026-09-25
642.5,6,114,2026-10-03,2026-09-25
645.0,133,0,2026-10-03,2026-09-25
645.0,435,387,2026-10-03,2026-09-25
647.5,54,86,2026-10-03,2026-09-25
650.0,1464,1591,2026-10-03,2026-09-25
652.5,14,1907,2026-10-03,2026-09-25
655.0,851,2048,2026-10-03,2026-09-25
657.5,17,67,2026-10-03,2026-09-25
660.0,1055,766,2026-10-03,2026-09-25
662.5,67,120,2026-10-03,2026-09-25
665.0,339,240,2026-10-03,2026-09-25
667.5,182,53,2026-10-03,2026-09-25
670.0,4653,618,2026-10-03,2026-09-25
672.5,67,332,2026-10-03,2026-09-25
675.0,523,880,2026-10-03,2026-09-25
677.5,36,64,2026-10-03,2026-09-25
680.0,1006,954,2026-10-03,2026-09-25
682.5,50,24,2026-10-03,2026-09-25
685.0,326,444,2026-10-03,2026-09-25
687.5,16,432,2026-10-03,2026-09-25
690.0,1008,0,2026-10-03,2026-09-25
690.0,580,662,2026-10-03,2026-09-25
692.5,1007,136,2026-10-03,2026-09-25
695.0,412,250,2026-10-03,2026-09-25
697.5,66,242,2026-10-03,2026-09-25
700.0,1176,3433,2026-10-03,2026-09-25
702.5,29,144,2026-10-03,2026-09-25
705.0,280,276,2026-10-03,2026-09-25
707.5,28,184,2026-10-03,2026-09-25
710.0,360,630,2026-10-03,2026-09-25
712.5,140,165,2026-10-03,2026-09-25
715.0,911,663,2026-10-03,2026-09-25
717.5,76,89,2026-10-03,2026-09-25
720.0,2181,1403,2026-10-03,2026-09-25
722.5,71,245,2026-10-03,2026-09-25
725.0,430,951,2026-10-03,2026-09-25
727.5,59,216,2026-10-03,2026-09-25
730.0,753,1686,2026-10-03,2026-09-25
732.5,1069,104,2026-10-03,2026-09-25
735.0,659,311,2026-10-03,2026-09-25
737.5,173,107,2026-10-03,2026-09-25
740.0,3759,1614,2026-10-03,2026-09-25
742.5,112,127,2026-10-03,2026-09-25
745.0,1922,617,2026-10-03,2026-09-25
747.5,204,436,2026-10-03,2026-09-25
750.0,2863,1408,2026-10-03,2026-09-25
752.5,40,95,2026-10-03,2026-09-25
755.0,1059,586,2026-10-03,2026-09-25
757.5,99,377,2026-10-03,2026-09-25
760.0,641,1882,2026-10-03,2026-09-25
765.0,761,398,2026-10-03,2026-09-25
770.0,1697,532,2026-10-03,2026-09-25
775.0,699,166,2026-10-03,2026-09-25
780.0,960,134,2026-10-03,2026-09-25
785.0,350,15,2026-10-03,2026-09-25
790.0,1070,148,2026-10-03,2026-09-25
795.0,324,51,2026-10-03,2026-09-25
800.0,7554,86,2026-10-03,2026-09-25
805.0,959,19,2026-10-03,2026-09-25
810.0,1565,11,2026-10-03,2026-09-25
815.0,271,1,2026-10-03,2026-09-25
820.0,1994,30,2026-10-03,2026-09-25
825.0,772,5,2026-10-03,2026-09-25
830.0,711,27,2026-10-03,2026-09-25
835.0,229,5,2026-10-03,2026-09-25
840.0,497,0,2026-10-03,2026-09-25
845.0,224,2,2026-10-03,2026-09-25
850.0,2655,20,2026-10-03,2026-09-25
855.0,237,15,2026-10-03,2026-09-25
860.0,445,10,2026-10-03,2026-09-25
865.0,502,10,2026-10-03,2026-09-25
870.0,890,0,2026-10-03,2026-09-25
875.0,144,0,2026-10-03,2026-09-25
880.0,337,0,2026-10-03,2026-09-25
885.0,100,0,2026-10-03,2026-09-25
890.0,215,0,2026-10-03,2026-09-25
895.0,78,0,2026-10-03,2026-09-25
900.0,3305,9,2026-10-03,2026-09-25
905.0,248,0,2026-10-03,2026-09-25
910.0,103,0,2026-10-03,2026-09-25
915.0,79,0,2026-10-03,2026-09-25
920.0,1101,0,2026-10-03,2026-09-25
925.0,115,0,2026-10-03,2026-09-25
930.0,113,0,2026-10-03,2026-09-25
935.0,249,0,2026-10-03,2026-09-25
940.0,160,0,2026-10-03,2026-09-25
945.0,111,0,2026-10-03,2026-09-25
950.0,998,0,2026-10-03,2026-09-25
955.0,79,0,2026-10-03,2026-09-25
960.0,162,0,2026-10-03,2026-09-25
965.0,99,0,2026-10-03,2026-09-25
970.0,196,0,2026-10-03,2026-09-25
975.0,85,0,2026-10-03,2026-09-25
980.0,82,0,2026-10-03,2026-09-25
985.0,117,0,2026-10-03,2026-09-25
990.0,250,0,2026-10-03,2026-09-25
995.0,159,0,2026-10-03,2026-09-25
1000.0,461,0,2026-10-03,2026-09-25
1010.0,141,0,2026-10-03,2026-09-25
1020.0,242,0,2026-10-03,2026-09-25
1030.0,171,0,2026-10-03,2026-09-25
1040.0,242,0,2026-10-03,2026-09-25
1050.0,148,0,2026-10-03,2026-09-25
1060.0,56,0,2026-10-03,2026-09-25
1070.0,69,0,2026-10-03,2026-09-25
1080.0,0,0,2026-10-03,2026-09-25
1090.0,0,0,2026-10-03,2026-09-25
1100.0,0,0,2026-10-03,2026-09-25
1110.0,0,0,2026-10-03,2026-09-25
1120.0,0,0,2026-10-03,2026-09-25
1130.0,0,0,2026-10-03,2026-09-25
1140.0,0,0,2026-10-03,2026-09-25
1150.0,0,0,2026-10-03,2026-09-25
1160.0,0,0,2026-10-03,2026-09-25
1170.0,0,0,2026-10-03,2026-09-25
1180.0,0,0,2026-10-03,2026-09-25
1190.0,0,0,2026-10-03,2026-09-25
1200.0,106,0,2026-10-03,2026-09-25
1210.0,0,0,2026-10-03,2026-09-25
1220.0,0,0,2026-10-03,2026-09-25
1230.0,1,0,2026-10-03,2026-09-25
1240.0,0,0,2026-10-03,2026-09-25
1250.0,0,0,2026-10-03,2026-09-25
1260.0,0,0,2026-10-03,2026-09-25
1270.0,0,0,2026-10-03,2026-09-25
1280.0,0,0,2026-10-03,2026-09-25
1290.0,0,0,2026-10-03,2026-09-25
1300.0,0,0,2026-10-03,2026-09-25
1310.0,0,0,2026-10-03,2026-09-25
1320.0,0,0,2026-10-03,2026-09-25
1330.0,0,0,2026-10-03,2026-09-25
1340.0,0,0,2026-10-03,2026-09-25
1350.0,0,0,2026-10-03,2026-09-25
1360.0,0,0,2026-10-03,2026-09-25
1370.0,0,0,2026-10-03,2026-09-25
1380.0,0,0,2026-10-03,2026-09-25
1390.0,0,0,2026-10-03,2026-09-25
1400.0,0,0,2026-10-03,2026-09-25
1410.0,0,0,2026-10-03,2026-09-25
1420.0,0,0,2026-10-03,2026-09-25
1430.0,0,0,2026-10-03,2026-09-25
1440.0,0,0,2026-10-03,2026-09-25
1450.0,0,0,2026-10-03,2026-09-25
1460.0,0,0,2026-10-03,2026-09-25
1470.0,0,0,2026-10-03,2026-09-25
1480.0,100,0,2026-10-03,2026-09-25
1490.0,20,0,2026-10-03,2026-09-25
510.0,0,0,2026-10-06,2026-09-25
515.0,0,9,2026-10-06,2026-09-25
520.0,0,0,2026-10-06,2026-09-25
525.0,0,0,2026-10-06,2026-09-25
530.0,0,11,2026-10-06,2026-09-25
535.0,0,0,2026-10-06,2026-09-25
540.0,0,6,2026-10-06,2026-09-25
545.0,0,0,2026-10-06,2026-09-25
550.0,0,0,2026-10-06,2026-09-25
555.0,0,0,2026-10-06,2026-09-25
560.0,0,0,2026-10-06,2026-09-25
565.0,0,0,2026-10-06,2026-09-25
570.0,0,7,2026-10-06,2026-09-25
575.0,0,0,2026-10-06,2026-09-25
580.0,0,10,2026-10-06,2026-09-25
585.0,0,0,2026-10-06,2026-09-25
590.0,0,8,2026-10-06,2026-09-25
595.0,0,1,2026-10-06,2026-09-25
600.0,0,8,2026-10-06,2026-09-25
605.0,0,2,2026-10-06,2026-09-25
610.0,2,0,2026-10-06,2026-09-25
615.0,2,3,2026-10-06,2026-09-25
620.0,0,6,2026-10-06,2026-09-25
625.0,1,2,2026-10-06,2026-09-25
630.0,1,19,2026-10-06,2026-09-25
635.0,2,8,2026-10-06,2026-09-25
637.5,0,23,2026-10-06,2026-09-25
640.0,0,36,2026-10-06,2026-09-25
642.5,0,5,2026-10-06,2026-09-25
645.0,2,7,2026-10-06,2026-09-25
647.5,2,4,2026-10-06,2026-09-25
650.0,3,40,2026-10-06,2026-09-25
652.5,3,5,2026-10-06,2026-09-25
655.0,0,9,2026-10-06,2026-09-25
657.5,2,2,2026-10-06,2026-09-25
660.0,1,27,2026-10-06,2026-09-25
662.5,0,3,2026-10-06,2026-09-25
665.0,0,10,2026-10-06,2026-09-25
667.5,1,14,2026-10-06,2026-09-25
670.0,4,35,2026-10-06,2026-09-25
672.5,0,11,2026-10-06,2026-09-25
675.0,1,72,2026-10-06,2026-09-25
677.5,0,3,2026-10-06,2026-09-25
680.0,6,42,2026-10-06,2026-09-25
682.5,0,15,2026-10-06,2026-09-25
685.0,5,42,2026-10-06,2026-09-25
687.5,0,18,2026-10-06,2026-09-25
690.0,6,128,2026-10-06,2026-09-25
692.5,0,21,2026-10-06,2026-09-25
695.0,4,82,2026-10-06,2026-09-25
697.5,0,3,2026-10-06,2026-09-25
700.0,38,424,2026-10-06,2026-09-25
702.5,0,50,2026-10-06,2026-09-25
705.0,2,57,2026-10-06,2026-09-25
707.5,1,52,2026-10-06,2026-09-25
710.0,41,100,2026-10-06,2026-09-25
712.5,0,10,2026-10-06,2026-09-25
715.0,5,47,2026-10-06,2026-09-25
717.5,1,5,2026-10-06,2026-09-25
720.0,1653,277,2026-10-06,2026-09-25
722.5,1,7,2026-10-06,2026-09-25
725.0,13,143,2026-10-06,2026-09-25
727.5,1,30,2026-10-06,2026-09-25
730.0,336,351,2026-10-06,2026-09-25
732.5,1,5,2026-10-06,2026-09-25
735.0,109,182,2026-10-06,2026-09-25
737.5,23,66,2026-10-06,2026-09-25
740.0,2647,74,2026-10-06,2026-09-25
742.5,6,18,2026-10-06,2026-09-25
745.0,1643,115,2026-10-06,2026-09-25
747.5,86,192,2026-10-06,2026-09-25
750.0,215,158,2026-10-06,2026-09-25
755.0,47,55,2026-10-06,2026-09-25
760.0,94,48,2026-10-06,2026-09-25
765.0,130,276,2026-10-06,2026-09-25
770.0,121,60,2026-10-06,2026-09-25
775.0,87,86,2026-10-06,2026-09-25
780.0,76,24,2026-10-06,2026-09-25
785.0,41,6,2026-10-06,2026-09-25
790.0,32,7,2026-10-06,2026-09-25
795.0,13,1,2026-10-06,2026-09-25
800.0,239,1,2026-10-06,2026-09-25
805.0,30,11,2026-10-06,2026-09-25
810.0,22,0,2026-10-06,2026-09-25
815.0,24,0,2026-10-06,2026-09-25
820.0,10,15,2026-10-06,2026-09-25
825.0,15,0,2026-10-06,2026-09-25
830.0,15,0,2026-10-06,2026-09-25
835.0,18,1,2026-10-06,2026-09-25
840.0,27,0,2026-10-06,2026-09-25
845.0,40,0,2026-10-06,2026-09-25
850.0,70,1,2026-10-06,2026-09-25
855.0,18,0,2026-10-06,2026-09-25
860.0,13,1,2026-10-06,2026-09-25
865.0,26,0,2026-10-06,2026-09-25
870.0,50,0,2026-10-06,2026-09-25
875.0,26,0,2026-10-06,2026-09-25
880.0,30,0,2026-10-06,2026-09-25
885.0,145,0,2026-10-06,2026-09-25
890.0,6,0,2026-10-06,2026-09-25
895.0,16,0,2026-10-06,2026-09-25
900.0,48,2,2026-10-06,2026-09-25
905.0,0,0,2026-10-06,2026-09-25
910.0,88,0,2026-10-06,2026-09-25
915.0,16,0,2026-10-06,2026-09-25
920.0,11,0,2026-10-06,2026-09-25
925.0,12,0,2026-10-06,2026-09-25
930.0,11,0,2026-10-06,2026-09-25
935.0,6,0,2026-10-06,2026-09-25
940.0,9,0,2026-10-06,2026-09-25
945.0,0,0,2026-10-06,2026-09-25
950.0,4,0,2026-10-06,2026-09-25
955.0,1,0,2026-10-06,2026-09-25
960.0,0,0,2026-10-06,2026-09-25
965.0,0,0,2026-10-06,2026-09-25
970.0,0,0,2026-10-06,2026-09-25
975.0,2,0,2026-10-06,2026-09-25
980.0,0,0,2026-10-06,2026-09-25
985.0,0,0,2026-10-06,2026-09-25
990.0,0,0,2026-10-06,2026-09-25
1000.0,68,0,2026-10-06,2026-09-25
1010.0,0,0,2026-10-06,2026-09-25
1020.0,0,0,2026-10-06,2026-09-25
1030.0,0,0,2026-10-06,2026-09-25
1040.0,0,0,2026-10-06,2026-09-25
1050.0,1,0,2026-10-06,2026-09-25
1060.0,0,0,2026-10-06,2026-09-25
1070.0,1,0,2026-10-06,2026-09-25
1080.0,0,0,2026-10-06,2026-09-25
1090.0,0,0,2026-10-06,2026-09-25
1100.0,0,0,2026-10-06,2026-09-25
1110.0,0,0,2026-10-06,2026-09-25
1120.0,0,0,2026-10-06,2026-09-25
1130.0,0,0,2026-10-06,2026-09-25
1140.0,0,0,2026-10-06,2026-09-25
1150.0,0,0,2026-10-06,2026-09-25
1160.0,0,0,2026-10-06,2026-09-25
1170.0,0,0,2026-10-06,2026-09-25
1180.0,0,0,2026-10-06,2026-09-25
1190.0,0,0,2026-10-06,2026-09-25
1200.0,0,0,2026-10-06,2026-09-25
1210.0,0,0,2026-10-06,2026-09-25
1220.0,0,0,2026-10-06,2026-09-25
1230.0,0,0,2026-10-06,2026-09-25
1240.0,0,0,2026-10-06,2026-09-25
1250.0,0,0,2026-10-06,2026-09-25
1260.0,0,0,2026-10-06,2026-09-25
1270.0,0,0,2026-10-06,2026-09-25
1280.0,0,0,2026-10-06,2026-09-25
1290.0,0,0,2026-10-06,2026-09-25
1300.0,0,0,2026-10-06,2026-09-25
1310.0,0,0,2026-10-06,2026-09-25
1320.0,0,0,2026-10-06,2026-09-25
1330.0,0,0,2026-10-06,2026-09-25
1340.0,0,0,2026-10-06,2026-09-25
1350.0,0,0,2026-10-06,2026-09-25
1360.0,0,0,2026-10-06,2026-09-25
1370.0,0,0,2026-10-06,2026-09-25
1380.0,0,0,2026-10-06,2026-09-25
1390.0,0,0,2026-10-06,2026-09-25
1400.0,0,0,2026-10-06,2026-09-25
1410.0,0,0,2026-10-06,2026-09-25
1420.0,0,0,2026-10-06,2026-09-25
1430.0,0,0,2026-10-06,2026-09-25
1440.0,0,0,2026-10-06,2026-09-25
1450.0,0,0,2026-10-06,2026-09-25
1460.0,0,0,2026-10-06,2026-09-25
1470.0,0,0,2026-10-06,2026-09-25
1480.0,0,0,2026-10-06,2026-09-25
1490.0,0,0,2026-10-06,2026-09-25
650.0,1,0,2026-10-08,2026-09-25
660.0,1,0,2026-10-08,2026-09-25
670.0,0,0,2026-10-08,2026-09-25
680.0,1,30,2026-10-08,2026-09-25
690.0,20,0,2026-10-08,2026-09-25
700.0,1,28,2026-10-08,2026-09-25
710.0,1,7,2026-10-08,2026-09-25
720.0,0,9,2026-10-08,2026-09-25
725.0,0,0,2026-10-08,2026-09-25
730.0,1,5,2026-10-08,2026-09-25
735.0,5,0,2026-10-08,2026-09-25
740.0,27,22,2026-10-08,2026-09-25
745.0,0,4,2026-10-08,2026-09-25
750.0,7,24,2026-10-08,2026-09-25
755.0,8,11,2026-10-08,2026-09-25
760.0,3,13,2026-10-08,2026-09-25
765.0,9,25,2026-10-08,2026-09-25
770.0,45,9,2026-10-08,2026-09-25
775.0,4,10,2026-10-08,2026-09-25
780.0,10,19,2026-10-08,2026-09-25
790.0,6,3,2026-10-08,2026-09-25
800.0,38,20,2026-10-08,2026-09-25
810.0,4,0,2026-10-08,2026-09-25
820.0,6,0,2026-10-08,2026-09-25
830.0,1,0,2026-10-08,2026-09-25
840.0,108,0,2026-10-08,2026-09-25
850.0,18,0,2026-10-08,2026-09-25
860.0,0,1,2026-10-08,2026-09-25
870.0,1,0,2026-10-08,2026-09-25
880.0,11,0,2026-10-08,2026-09-25
691.68,2,0,2026-10-09,2026-09-25
100.0,0,1,2026-10-10,2026-09-25
110.0,0,0,2026-10-10,2026-09-25
120.0,0,0,2026-10-10,2026-09-25
130.0,0,0,2026-10-10,2026-09-25
140.0,0,0,2026-10-10,2026-09-25
150.0,0,0,2026-10-10,2026-09-25
160.0,0,0,2026-10-10,2026-09-25
170.0,0,0,2026-10-10,2026-09-25
180.0,0,0,2026-10-10,2026-09-25
190.0,0,0,2026-10-10,2026-09-25
200.0,0,0,2026-10-10,2026-09-25
210.0,0,0,2026-10-10,2026-09-25
220.0,0,0,2026-10-10,2026-09-25
230.0,0,0,2026-10-10,2026-09-25
240.0,7,0,2026-10-10,2026-09-25
250.0,0,0,2026-10-10,2026-09-25
260.0,1,17,2026-10-10,2026-09-25
270.0,0,3,2026-10-10,2026-09-25
280.0,0,3,2026-10-10,2026-09-25
290.0,0,0,2026-10-10,2026-09-25
300.0,0,6,2026-10-10,2026-09-25
310.0,0,0,2026-10-10,2026-09-25
320.0,0,1,2026-10-10,2026-09-25
330.0,0,1,2026-10-10,2026-09-25
340.0,0,7,2026-10-10,2026-09-25
350.0,0,13,2026-10-10,2026-09-25
360.0,0,9,2026-10-10,2026-09-25
370.0,0,24,2026-10-10,2026-09-25
380.0,0,7,2026-10-10,2026-09-25
390.0,0,6,2026-10-10,2026-09-25
400.0,2,20,2026-10-10,2026-09-25
405.0,0,12,2026-10-10,2026-09-25
410.0,0,11,2026-10-10,2026-09-25
415.0,0,13,2026-10-10,2026-09-25
420.0,0,9,2026-10-10,2026-09-25
425.0,0,15,2026-10-10,2026-09-25
430.0,0,17,2026-10-10,2026-09-25
435.0,0,108,2026-10-10,2026-09-25
440.0,0,53,2026-10-10,2026-09-25
445.0,0,34,2026-10-10,2026-09-25
450.0,0,15,2026-10-10,2026-09-25
455.0,0,7,2026-10-10,2026-09-25
460.0,0,23,2026-10-10,2026-09-25
465.0,0,110,2026-10-10,2026-09-25
470.0,0,38,2026-10-10,2026-09-25
475.0,0,29,2026-10-10,2026-09-25
480.0,0,301,2026-10-10,2026-09-25
485.0,0,264,2026-10-10,2026-09-25
490.0,2,292,2026-10-10,2026-09-25
495.0,0,47,2026-10-10,2026-09-25
500.0,3,1422,2026-10-10,2026-09-25
505.0,0,61,2026-10-10,2026-09-25
510.0,1,159,2026-10-10,2026-09-25
515.0,0,1152,2026-10-10,2026-09-25
520.0,1,89,2026-10-10,2026-09-25
525.0,5,84,2026-10-10,2026-09-25
530.0,1,103,2026-10-10,2026-09-25
535.0,2,73,2026-10-10,2026-09-25
540.0,2,139,2026-10-10,2026-09-25
545.0,13,212,2026-10-10,2026-09-25
550.0,22,338,2026-10-10,2026-09-25
555.0,85,57,2026-10-10,2026-09-25
560.0,21,85,2026-10-10,2026-09-25
565.0,29,3645,2026-10-10,2026-09-25
570.0,76,197,2026-10-10,2026-09-25
575.0,97,93,2026-10-10,2026-09-25
580.0,73,240,2026-10-10,2026-09-25
585.0,81,132,2026-10-10,2026-09-25
590.0,33,192,2026-10-10,2026-09-25
595.0,25,382,2026-10-10,2026-09-25
600.0,5000,5000,2026-10-10,2026-09-25
600.0,43,552,2026-10-10,2026-09-25
605.0,89,354,2026-10-10,2026-09-25
605.34,197,197,2026-10-10,2026-09-25
610.0,111,163,2026-10-10,2026-09-25
615.0,338,108,2026-10-10,2026-09-25
620.0,121,197,2026-10-10,2026-09-25
625.0,48,446,2026-10-10,2026-09-25
630.0,265,163,2026-10-10,2026-09-25
635.0,65,242,2026-10-10,2026-09-25
640.0,210,335,2026-10-10,2026-09-25
645.0,128,332,2026-10-10,2026-09-25
650.0,238,352,2026-10-10,2026-09-25
655.0,137,193,2026-10-10,2026-09-25
657.5,3,18,2026-10-10,2026-09-25
660.0,349,162,2026-10-10,2026-09-25
662.5,7,25,2026-10-10,2026-09-25
665.0,745,212,2026-10-10,2026-09-25
667.5,0,7,2026-10-10,2026-09-25
670.0,446,224,2026-10-10,2026-09-25
672.5,15,46,2026-10-10,2026-09-25
675.0,318,205,2026-10-10,2026-09-25
677.5,8,11,2026-10-10,2026-09-25
680.0,8900,8900,2026-10-10,2026-09-25
680.0,276,210,2026-10-10,2026-09-25
682.5,21,25,2026-10-10,2026-09-25
685.0,413,98,2026-10-10,2026-09-25
687.5,9,120,2026-10-10,2026-09-25
690.0,211,269,2026-10-10,2026-09-25
692.5,7,27,2026-10-10,2026-09-25
695.0,192,82,2026-10-10,2026-09-25
697.5,15,100,2026-10-10,2026-09-25
700.0,5000,5000,2026-10-10,2026-09-25
700.0,622,820,2026-10-10,2026-09-25
702.5,46,303,2026-10-10,2026-09-25
705.0,144,201,2026-10-10,2026-09-25
710.0,5000,5000,2026-10-10,2026-09-25
710.0,263,410,2026-10-10,2026-09-25
715.0,383,161,2026-10-10,2026-09-25
720.0,458,277,2026-10-10,2026-09-25
725.0,328,131,2026-10-10,2026-09-25
730.0,313,319,2026-10-10,2026-09-25
735.0,174,89,2026-10-10,2026-09-25
737.5,1,0,2026-10-10,2026-09-25
740.0,442,405,2026-10-10,2026-09-25
742.5,1,0,2026-10-10,2026-09-25
745.0,157,118,2026-10-10,2026-09-25
747.5,4,76,2026-10-10,2026-09-25
750.0,2324,472,2026-10-10,2026-09-25
752.5,10,73,2026-10-10,2026-09-25
755.0,787,1298,2026-10-10,2026-09-25
757.5,9,35,2026-10-10,2026-09-25
760.0,453,209,2026-10-10,2026-09-25
765.0,426,186,2026-10-10,2026-09-25
770.0,380,0,2026-10-10,2026-09-25
770.0,531,147,2026-10-10,2026-09-25
775.0,270,140,2026-10-10,2026-09-25
780.0,631,113,2026-10-10,2026-09-25
785.0,389,13,2026-10-10,2026-09-25
790.0,266,10,2026-10-10,2026-09-25
795.0,259,10,2026-10-10,2026-09-25
800.0,775,13,2026-10-10,2026-09-25
805.0,184,22,2026-10-10,2026-09-25
810.0,244,2,2026-10-10,2026-09-25
815.0,100,1,2026-10-10,2026-09-25
820.0,283,6,2026-10-10,2026-09-25
825.0,160,0,2026-10-10,2026-09-25
830.0,88,2,2026-10-10,2026-09-25
835.0,174,0,2026-10-10,2026-09-25
840.0,708,0,2026-10-10,2026-09-25
845.0,230,0,2026-10-10,2026-09-25
850.0,336,1,2026-10-10,2026-09-25
855.0,82,1,2026-10-10,2026-09-25
860.0,103,0,2026-10-10,2026-09-25
865.0,98,0,2026-10-10,2026-09-25
870.0,117,2,2026-10-10,2026-09-25
875.0,42,0,2026-10-10,2026-09-25
880.0,498,0,2026-10-10,2026-09-25
885.0,39,0,2026-10-10,2026-09-25
890.0,73,1,2026-10-10,2026-09-25
895.0,104,0,2026-10-10,2026-09-25
900.0,1001,0,2026-10-10,2026-09-25
905.0,43,0,2026-10-10,2026-09-25
910.0,167,0,2026-10-10,2026-09-25
915.0,154,0,2026-10-10,2026-09-25
920.0,57,0,2026-10-10,2026-09-25
925.0,131,0,2026-10-10,2026-09-25
930.0,46,0,2026-10-10,2026-09-25
935.0,159,0,2026-10-10,2026-09-25
940.0,36,0,2026-10-10,2026-09-25
945.0,32,0,2026-10-10,2026-09-25
950.0,180,0,2026-10-10,2026-09-25
955.0,121,0,2026-10-10,2026-09-25
960.0,350,0,2026-10-10,2026-09-25
965.0,75,0,2026-10-10,2026-09-25
970.0,51,0,2026-10-10,2026-09-25
975.0,39,0,2026-10-10,2026-09-25
980.0,35,0,2026-10-10,2026-09-25
985.0,40,0,2026-10-10,2026-09-25
990.0,53,0,2026-10-10,2026-09-25
995.0,25,0,2026-10-10,2026-09-25
1000.0,230,0,2026-10-10,2026-09-25
1010.0,115,0,2026-10-10,2026-09-25
1020.0,132,0,2026-10-10,2026-09-25
1030.0,111,0,2026-10-10,2026-09-25
1040.0,131,0,2026-10-10,2026-09-25
1050.0,119,0,2026-10-10,2026-09-25
1060.0,209,0,2026-10-10,2026-09-25
1070.0,199,0,2026-10-10,2026-09-25
1080.0,0,0,2026-10-10,2026-09-25
1090.0,0,0,2026-10-10,2026-09-25
1100.0,0,0,2026-10-10,2026-09-25
1110.0,0,0,2026-10-10,2026-09-25
1120.0,0,0,2026-10-10,2026-09-25
1130.0,0,0,2026-10-10,2026-09-25
1140.0,0,0,2026-10-10,2026-09-25
1150.0,0,0,2026-10-10,2026-09-25
1160.0,0,0,2026-10-10,2026-09-25
1170.0,0,0,2026-10-10,2026-09-25
1180.0,0,0,2026-10-10,2026-09-25
1190.0,0,0,2026-10-10,2026-09-25
1200.0,0,0,2026-10-10,2026-09-25
1210.0,0,0,2026-10-10,2026-09-25
1220.0,0,0,2026-10-10,2026-09-25
1230.0,0,0,2026-10-10,2026-09-25
1240.0,0,0,2026-10-10,2026-09-25
1250.0,0,0,2026-10-10,2026-09-25
1260.0,0,0,2026-10-10,2026-09-25
1270.0,0,0,2026-10-10,2026-09-25
1280.0,0,0,2026-10-10,2026-09-25
1290.0,0,0,2026-10-10,2026-09-25
1300.0,0,0,2026-10-10,2026-09-25
1310.0,0,0,2026-10-10,2026-09-25
1320.0,0,0,2026-10-10,2026-09-25
1330.0,0,0,2026-10-10,2026-09-25
1340.0,0,0,2026-10-10,2026-09-25
1350.0,0,0,2026-10-10,2026-09-25
1360.0,0,0,2026-10-10,2026-09-25
1370.0,0,0,2026-10-10,2026-09-25
1380.0,0,0,2026-10-10,2026-09-25
1390.0,0,0,2026-10-10,2026-09-25
1400.0,0,0,2026-10-10,2026-09-25
1410.0,0,0,2026-10-10,2026-09-25
1420.0,0,0,2026-10-10,2026-09-25
1430.0,0,0,2026-10-10,2026-09-25
1440.0,0,0,2026-10-10,2026-09-25
1450.0,0,0,2026-10-10,2026-09-25
1460.0,0,0,2026-10-10,2026-09-25
1470.0,0,0,2026-10-10,2026-09-25
1480.0,0,0,2026-10-10,2026-09-25
1490.0,0,0,2026-10-10,2026-09-25
270.0,1302,428,2026-10-17,2026-09-25
280.0,2,618,2026-10-17,2026-09-25
290.0,0,1490,2026-10-17,2026-09-25
300.0,305,1680,2026-10-17,2026-09-25
310.0,2,963,2026-10-17,2026-09-25
320.0,8,270,2026-10-17,2026-09-25
330.0,1,827,2026-10-17,2026-09-25
340.0,1,369,2026-10-17,2026-09-25
350.0,10,541,2026-10-17,2026-09-25
360.0,0,301,2026-10-17,2026-09-25
370.0,3,269,2026-10-17,2026-09-25
380.0,16,292,2026-10-17,2026-09-25
390.0,3,448,2026-10-17,2026-09-25
400.0,18,1451,2026-10-17,2026-09-25
405.0,0,72,2026-10-17,2026-09-25
410.0,15,1179,2026-10-17,2026-09-25
415.0,7,232,2026-10-17,2026-09-25
420.0,6,362,2026-10-17,2026-09-25
425.0,1,188,2026-10-17,2026-09-25
430.0,21,530,2026-10-17,2026-09-25
435.0,24,274,2026-10-17,2026-09-25
440.0,29,763,2026-10-17,2026-09-25
445.0,25,105,2026-10-17,2026-09-25
450.0,601,3135,2026-10-17,2026-09-25
455.0,34,659,2026-10-17,2026-09-25
460.0,20,1120,2026-10-17,2026-09-25
465.0,15,646,2026-10-17,2026-09-25
470.0,23,1769,2026-10-17,2026-09-25
475.0,9,591,2026-10-17,2026-09-25
480.0,160,2640,2026-10-17,2026-09-25
485.0,27,1996,2026-10-17,2026-09-25
490.0,65,1422,2026-10-17,2026-09-25
495.0,41,703,2026-10-17,2026-09-25
500.0,500,4548,2026-10-17,2026-09-25
505.0,30,922,2026-10-17,2026-09-25
510.0,50,1652,2026-10-17,2026-09-25
515.0,121,1707,2026-10-17,2026-09-25
520.0,393,2159,2026-10-17,2026-09-25
525.0,164,1725,2026-10-17,2026-09-25
530.0,260,1904,2026-10-17,2026-09-25
535.0,536,740,2026-10-17,2026-09-25
540.0,443,4279,2026-10-17,2026-09-25
545.0,225,721,2026-10-17,2026-09-25
550.0,6000,6000,2026-10-17,2026-09-25
550.0,2638,5859,2026-10-17,2026-09-25
555.0,350,559,2026-10-17,2026-09-25
560.0,1120,2404,2026-10-17,2026-09-25
565.0,607,646,2026-10-17,2026-09-25
570.0,2174,2390,2026-10-17,2026-09-25
570.01,2035,2035,2026-10-17,2026-09-25
575.0,1838,853,2026-10-17,2026-09-25
580.0,500,500,2026-10-17,2026-09-25
580.0,1626,3735,2026-10-17,2026-09-25
585.0,3952,3248,2026-10-17,2026-09-25
590.0,1782,1826,2026-10-17,2026-09-25
595.0,4870,4870,2026-10-17,2026-09-25
595.0,687,656,2026-10-17,2026-09-25
600.0,2543,2495,2026-10-17,2026-09-25
600.0,7562,6883,2026-10-17,2026-09-25
605.0,798,750,2026-10-17,2026-09-25
610.0,1397,2046,2026-10-17,2026-09-25
615.0,1099,1340,2026-10-17,2026-09-25
620.0,4169,2242,2026-10-17,2026-09-25
625.0,1119,1450,2026-10-17,2026-09-25
630.0,3184,1471,2026-10-17,2026-09-25
635.0,726,486,2026-10-17,2026-09-25
640.0,48,0,2026-10-17,2026-09-25
640.0,4241,3269,2026-10-17,2026-09-25
645.0,1000,1033,2026-10-17,2026-09-25
650.0,0,0,2026-10-17,2026-09-25
650.0,7608,3127,2026-10-17,2026-09-25
655.0,1625,801,2026-10-17,2026-09-25
657.5,14,103,2026-10-17,2026-09-25
660.0,2509,2015,2026-10-17,2026-09-25
662.5,15,110,2026-10-17,2026-09-25
665.0,250,250,2026-10-17,2026-09-25
665.0,1206,778,2026-10-17,2026-09-25
667.5,28,168,2026-10-17,2026-09-25
670.0,5500,5500,2026-10-17,2026-09-25
670.0,3279,2648,2026-10-17,2026-09-25
672.5,17,105,2026-10-17,2026-09-25
675.0,4800,4800,2026-10-17,2026-09-25
675.0,3149,1543,2026-10-17,2026-09-25
677.5,29,169,2026-10-17,2026-09-25
680.0,2,0,2026-10-17,2026-09-25
680.0,5030,2000,2026-10-17,2026-09-25
682.5,86,183,2026-10-17,2026-09-25
685.0,1162,1718,2026-10-17,2026-09-25
687.5,47,189,2026-10-17,2026-09-25
690.0,3143,739,2026-10-17,2026-09-25
692.5,66,217,2026-10-17,2026-09-25
695.0,2768,725,2026-10-17,2026-09-25
697.5,251,213,2026-10-17,2026-09-25
700.0,662,650,2026-10-17,2026-09-25
700.0,22964,6315,2026-10-17,2026-09-25
702.5,109,279,2026-10-17,2026-09-25
705.0,1780,555,2026-10-17,2026-09-25
710.0,6535,996,2026-10-17,2026-09-25
715.0,1422,945,2026-10-17,2026-09-25
720.0,3,0,2026-10-17,2026-09-25
720.0,4474,1169,2026-10-17,2026-09-25
725.0,3439,1143,2026-10-17,2026-09-25
730.0,4478,714,2026-10-17,2026-09-25
730.12,109,0,2026-10-17,2026-09-25
735.0,36,0,2026-10-17,2026-09-25
735.0,2088,628,2026-10-17,2026-09-25
740.0,600,600,2026-10-17,2026-09-25
740.0,4299,2679,2026-10-17,2026-09-25
745.0,2668,2668,2026-10-17,2026-09-25
745.0,814,422,2026-10-17,2026-09-25
750.0,16446,2664,2026-10-17,2026-09-25
755.0,3329,328,2026-10-17,2026-09-25
760.0,6428,1645,2026-10-17,2026-09-25
765.0,9965,1873,2026-10-17,2026-09-25
770.0,5900,465,2026-10-17,2026-09-25
775.0,20701,359,2026-10-17,2026-09-25
780.0,6453,361,2026-10-17,2026-09-25
785.0,982,124,2026-10-17,2026-09-25
790.0,3,0,2026-10-17,2026-09-25
790.0,2368,356,2026-10-17,2026-09-25
795.0,536,109,2026-10-17,2026-09-25
800.0,7,0,2026-10-17,2026-09-25
800.0,15833,718,2026-10-17,2026-09-25
805.0,3344,79,2026-10-17,2026-09-25
810.0,3657,70,2026-10-17,2026-09-25
815.0,5581,44,2026-10-17,2026-09-25
820.0,9793,92,2026-10-17,2026-09-25
825.0,20711,59,2026-10-17,2026-09-25
830.0,7116,47,2026-10-17,2026-09-25
835.0,2230,104,2026-10-17,2026-09-25
840.0,1259,132,2026-10-17,2026-09-25
845.0,298,1,2026-10-17,2026-09-25
850.0,4017,4,2026-10-17,2026-09-25
855.0,421,3,2026-10-17,2026-09-25
860.0,3667,1,2026-10-17,2026-09-25
865.0,450,1,2026-10-17,2026-09-25
870.0,1442,0,2026-10-17,2026-09-25
875.0,664,0,2026-10-17,2026-09-25
880.0,600,1,2026-10-17,2026-09-25
885.0,623,0,2026-10-17,2026-09-25
890.0,344,0,2026-10-17,2026-09-25
895.0,202,0,2026-10-17,2026-09-25
900.0,26269,59,2026-10-17,2026-09-25
905.0,453,0,2026-10-17,2026-09-25
910.0,333,8,2026-10-17,2026-09-25
915.0,505,14,2026-10-17,2026-09-25
920.0,330,5,2026-10-17,2026-09-25
925.0,180,0,2026-10-17,2026-09-25
930.0,514,0,2026-10-17,2026-09-25
935.0,92,0,2026-10-17,2026-09-25
940.0,153,0,2026-10-17,2026-09-25
945.0,57,0,2026-10-17,2026-09-25
950.0,1064,3,2026-10-17,2026-09-25
955.0,70,0,2026-10-17,2026-09-25
960.0,122,0,2026-10-17,2026-09-25
965.0,233,0,2026-10-17,2026-09-25
970.0,382,0,2026-10-17,2026-09-25
975.0,121,0,2026-10-17,2026-09-25
980.0,240,0,2026-10-17,2026-09-25
990.0,132,0,2026-10-17,2026-09-25
1000.0,2151,1,2026-10-17,2026-09-25
1010.0,130,0,2026-10-17,2026-09-25
1020.0,148,0,2026-10-17,2026-09-25
1030.0,102,0,2026-10-17,2026-09-25
1040.0,359,0,2026-10-17,2026-09-25
1050.0,398,0,2026-10-17,2026-09-25
1060.0,515,0,2026-10-17,2026-09-25
1070.0,508,0,2026-10-17,2026-09-25
1080.0,449,0,2026-10-17,2026-09-25
1090.0,114,0,2026-10-17,2026-09-25
1100.0,855,0,2026-10-17,2026-09-25
1110.0,353,0,2026-10-17,2026-09-25
1120.0,819,0,2026-10-17,2026-09-25
1130.0,564,0,2026-10-17,2026-09-25
1140.0,359,0,2026-10-17,2026-09-25
1150.0,205,0,2026-10-17,2026-09-25
1160.0,2939,0,2026-10-17,2026-09-25
1170.0,2421,0,2026-10-17,2026-09-25
1180.0,1446,0,2026-10-17,2026-09-25
1190.0,227,0,2026-10-17,2026-09-25
1200.0,2962,0,2026-10-17,2026-09-25
1210.0,2309,0,2026-10-17,2026-09-25
1220.0,2991,0,2026-10-17,2026-09-25
1230.0,1114,0,2026-10-17,2026-09-25
1240.0,1757,0,2026-10-17,2026-09-25
1250.0,539,0,2026-10-17,2026-09-25
1260.0,0,0,2026-10-17,2026-09-25
1270.0,0,0,2026-10-17,2026-09-25
1280.0,0,0,2026-10-17,2026-09-25
1290.0,0,0,2026-10-17,2026-09-25
1300.0,0,0,2026-10-17,2026-09-25
1310.0,0,0,2026-10-17,2026-09-25
1320.0,0,0,2026-10-17,2026-09-25
1330.0,0,0,2026-10-17,2026-09-25
1340.0,0,0,2026-10-17,2026-09-25
1350.0,0,0,2026-10-17,2026-09-25
1360.0,0,0,2026-10-17,2026-09-25
1370.0,0,0,2026-10-17,2026-09-25
1380.0,0,0,2026-10-17,2026-09-25
1390.0,0,0,2026-10-17,2026-09-25
1400.0,62,0,2026-10-17,2026-09-25
1410.0,0,0,2026-10-17,2026-09-25
1420.0,0,0,2026-10-17,2026-09-25
1430.0,0,0,2026-10-17,2026-09-25
1440.0,0,0,2026-10-17,2026-09-25
1450.0,0,0,2026-10-17,2026-09-25
1460.0,0,0,2026-10-17,2026-09-25
1470.0,0,0,2026-10-17,2026-09-25
1480.0,0,0,2026-10-17,2026-09-25
1490.0,55,0,2026-10-17,2026-09-25
100.0,0,4,2026-10-24,2026-09-25
110.0,0,0,2026-10-24,2026-09-25
120.0,0,0,2026-10-24,2026-09-25
130.0,0,0,2026-10-24,2026-09-25
140.0,0,0,2026-10-24,2026-09-25
150.0,0,0,2026-10-24,2026-09-25
160.0,0,0,2026-10-24,2026-09-25
170.0,0,0,2026-10-24,2026-09-25
180.0,0,18,2026-10-24,2026-09-25
190.0,0,0,2026-10-24,2026-09-25
200.0,0,0,2026-10-24,2026-09-25
210.0,0,0,2026-10-24,2026-09-25
220.0,0,0,2026-10-24,2026-09-25
230.0,0,0,2026-10-24,2026-09-25
240.0,0,0,2026-10-24,2026-09-25
250.0,0,0,2026-10-24,2026-09-25
260.0,0,0,2026-10-24,2026-09-25
270.0,0,0,2026-10-24,2026-09-25
280.0,0,0,2026-10-24,2026-09-25
290.0,0,0,2026-10-24,2026-09-25
300.0,0,0,2026-10-24,2026-09-25
310.0,0,0,2026-10-24,2026-09-25
320.0,0,0,2026-10-24,2026-09-25
330.0,0,3,2026-10-24,2026-09-25
340.0,0,0,2026-10-24,2026-09-25
350.0,0,1,2026-10-24,2026-09-25
360.0,0,2,2026-10-24,2026-09-25
370.0,0,2,2026-10-24,2026-09-25
380.0,0,0,2026-10-24,2026-09-25
390.0,0,0,2026-10-24,2026-09-25
400.0,2,3,2026-10-24,2026-09-25
405.0,0,2,2026-10-24,2026-09-25
410.0,0,4,2026-10-24,2026-09-25
415.0,0,4,2026-10-24,2026-09-25
420.0,0,5,2026-10-24,2026-09-25
425.0,1,3,2026-10-24,2026-09-25
430.0,0,5,2026-10-24,2026-09-25
435.0,1,16,2026-10-24,2026-09-25
440.0,0,25,2026-10-24,2026-09-25
445.0,0,42,2026-10-24,2026-09-25
450.0,0,20,2026-10-24,2026-09-25
455.0,0,8,2026-10-24,2026-09-25
460.0,0,32,2026-10-24,2026-09-25
465.0,0,14,2026-10-24,2026-09-25
470.0,0,17,2026-10-24,2026-09-25
475.0,0,8,2026-10-24,2026-09-25
480.0,0,24,2026-10-24,2026-09-25
485.0,0,6,2026-10-24,2026-09-25
490.0,0,12,2026-10-24,2026-09-25
495.0,0,18,2026-10-24,2026-09-25
500.0,2,161,2026-10-24,2026-09-25
505.0,0,16,2026-10-24,2026-09-25
510.0,0,24,2026-10-24,2026-09-25
515.0,0,16,2026-10-24,2026-09-25
520.0,0,73,2026-10-24,2026-09-25
525.0,2,49,2026-10-24,2026-09-25
530.0,0,150,2026-10-24,2026-09-25
535.0,2,88,2026-10-24,2026-09-25
540.0,2,218,2026-10-24,2026-09-25
545.0,3,184,2026-10-24,2026-09-25
550.0,16,274,2026-10-24,2026-09-25
555.0,6,95,2026-10-24,2026-09-25
560.0,5,218,2026-10-24,2026-09-25
565.0,35,120,2026-10-24,2026-09-25
570.0,8,105,2026-10-24,2026-09-25
575.0,12,213,2026-10-24,2026-09-25
580.0,20,172,2026-10-24,2026-09-25
585.0,11,89,2026-10-24,2026-09-25
590.0,10,128,2026-10-24,2026-09-25
595.0,5,325,2026-10-24,2026-09-25
600.0,0,133,2026-10-24,2026-09-25
600.0,107,600,2026-10-24,2026-09-25
605.0,8,183,2026-10-24,2026-09-25
610.0,32,284,2026-10-24,2026-09-25
615.0,24,549,2026-10-24,2026-09-25
620.0,75,469,2026-10-24,2026-09-25
625.0,71,111,2026-10-24,2026-09-25
630.0,469,223,2026-10-24,2026-09-25
635.0,94,189,2026-10-24,2026-09-25
640.0,226,272,2026-10-24,2026-09-25
645.0,150,379,2026-10-24,2026-09-25
650.0,196,566,2026-10-24,2026-09-25
655.0,149,266,2026-10-24,2026-09-25
660.0,452,355,2026-10-24,2026-09-25
665.0,149,237,2026-10-24,2026-09-25
670.0,300,300,2026-10-24,2026-09-25
670.0,278,325,2026-10-24,2026-09-25
675.0,171,283,2026-10-24,2026-09-25
680.0,457,364,2026-10-24,2026-09-25
685.0,96,164,2026-10-24,2026-09-25
690.0,220,209,2026-10-24,2026-09-25
695.0,117,152,2026-10-24,2026-09-25
700.0,1205,2068,2026-10-24,2026-09-25
705.0,127,173,2026-10-24,2026-09-25
710.0,297,140,2026-10-24,2026-09-25
715.0,119,84,2026-10-24,2026-09-25
720.0,357,152,2026-10-24,2026-09-25
725.0,339,374,2026-10-24,2026-09-25
730.0,184,128,2026-10-24,2026-09-25
735.0,222,90,2026-10-24,2026-09-25
740.0,133,0,2026-10-24,2026-09-25
740.0,415,136,2026-10-24,2026-09-25
745.0,151,377,2026-10-24,2026-09-25
750.0,5343,5343,2026-10-24,2026-09-25
750.0,484,438,2026-10-24,2026-09-25
755.0,197,87,2026-10-24,2026-09-25
760.0,967,186,2026-10-24,2026-09-25
765.0,328,80,2026-10-24,2026-09-25
770.0,450,117,2026-10-24,2026-09-25
775.0,486,105,2026-10-24,2026-09-25
780.0,548,138,2026-10-24,2026-09-25
785.0,739,12,2026-10-24,2026-09-25
790.0,206,14,2026-10-24,2026-09-25
795.0,89,0,2026-10-24,2026-09-25
800.0,926,59,2026-10-24,2026-09-25
805.0,91,1,2026-10-24,2026-09-25
810.0,314,5,2026-10-24,2026-09-25
815.0,61,3,2026-10-24,2026-09-25
820.0,484,0,2026-10-24,2026-09-25
825.0,220,0,2026-10-24,2026-09-25
830.0,202,0,2026-10-24,2026-09-25
835.0,110,1,2026-10-24,2026-09-25
840.0,178,0,2026-10-24,2026-09-25
845.0,44,3,2026-10-24,2026-09-25
850.0,457,3,2026-10-24,2026-09-25
855.0,59,2,2026-10-24,2026-09-25
860.0,186,1,2026-10-24,2026-09-25
865.0,171,0,2026-10-24,2026-09-25
870.0,167,0,2026-10-24,2026-09-25
875.0,349,0,2026-10-24,2026-09-25
880.0,117,0,2026-10-24,2026-09-25
885.0,26,0,2026-10-24,2026-09-25
890.0,209,1,2026-10-24,2026-09-25
895.0,59,4,2026-10-24,2026-09-25
900.0,290,8,2026-10-24,2026-09-25
905.0,19,0,2026-10-24,2026-09-25
910.0,203,0,2026-10-24,2026-09-25
915.0,31,0,2026-10-24,2026-09-25
920.0,101,0,2026-10-24,2026-09-25
925.0,29,0,2026-10-24,2026-09-25
930.0,51,0,2026-10-24,2026-09-25
935.0,21,0,2026-10-24,2026-09-25
940.0,5,0,2026-10-24,2026-09-25
945.0,28,0,2026-10-24,2026-09-25
950.0,85,0,2026-10-24,2026-09-25
955.0,23,0,2026-10-24,2026-09-25
960.0,15,0,2026-10-24,2026-09-25
965.0,40,0,2026-10-24,2026-09-25
970.0,26,0,2026-10-24,2026-09-25
975.0,8,0,2026-10-24,2026-09-25
980.0,12,0,2026-10-24,2026-09-25
985.0,12,0,2026-10-24,2026-09-25
990.0,10,0,2026-10-24,2026-09-25
995.0,8,0,2026-10-24,2026-09-25
1000.0,203,0,2026-10-24,2026-09-25
1010.0,37,0,2026-10-24,2026-09-25
1020.0,30,0,2026-10-24,2026-09-25
1030.0,18,0,2026-10-24,2026-09-25
1040.0,8,0,2026-10-24,2026-09-25
1050.0,139,0,2026-10-24,2026-09-25
1060.0,10,1,2026-10-24,2026-09-25
1070.0,31,0,2026-10-24,2026-09-25
1080.0,0,0,2026-10-24,2026-09-25
1090.0,27,0,2026-10-24,2026-09-25
1100.0,3,0,2026-10-24,2026-09-25
1110.0,0,0,2026-10-24,2026-09-25
1120.0,0,0,2026-10-24,2026-09-25
1130.0,0,0,2026-10-24,2026-09-25
1140.0,1,0,2026-10-24,2026-09-25
1150.0,0,0,2026-10-24,2026-09-25
1160.0,1,0,2026-10-24,2026-09-25
1170.0,0,0,2026-10-24,2026-09-25
1180.0,0,0,2026-10-24,2026-09-25
1190.0,10,0,2026-10-24,2026-09-25
1200.0,0,0,2026-10-24,2026-09-25
1210.0,0,0,2026-10-24,2026-09-25
1220.0,0,0,2026-10-24,2026-09-25
1230.0,0,0,2026-10-24,2026-09-25
1240.0,0,0,2026-10-24,2026-09-25
1250.0,0,0,2026-10-24,2026-09-25
1260.0,0,0,2026-10-24,2026-09-25
1270.0,0,0,2026-10-24,2026-09-25
1280.0,0,0,2026-10-24,2026-09-25
1290.0,0,0,2026-10-24,2026-09-25
1300.0,0,0,2026-10-24,2026-09-25
1310.0,0,0,2026-10-24,2026-09-25
1320.0,0,0,2026-10-24,2026-09-25
1330.0,0,0,2026-10-24,2026-09-25
1340.0,0,0,2026-10-24,2026-09-25
1350.0,0,0,2026-10-24,2026-09-25
1360.0,0,0,2026-10-24,2026-09-25
1370.0,0,0,2026-10-24,2026-09-25
1380.0,0,0,2026-10-24,2026-09-25
1390.0,0,0,2026-10-24,2026-09-25
1400.0,0,0,2026-10-24,2026-09-25
1410.0,0,0,2026-10-24,2026-09-25
1420.0,0,0,2026-10-24,2026-09-25
1430.0,0,0,2026-10-24,2026-09-25
1440.0,0,0,2026-10-24,2026-09-25
1450.0,0,0,2026-10-24,2026-09-25
1460.0,0,0,2026-10-24,2026-09-25
1470.0,0,0,2026-10-24,2026-09-25
1480.0,0,0,2026-10-24,2026-09-25
1490.0,0,0,2026-10-24,2026-09-25
5991.75,10,10,2026-10-24,2026-09-25
556.03,1680,1680,2026-10-28,2026-09-25
600.0,4600,4600,2026-10-29,2026-09-25
100.0,1,0,2026-10-31,2026-09-25
110.0,0,0,2026-10-31,2026-09-25
120.0,0,0,2026-10-31,2026-09-25
130.0,0,0,2026-10-31,2026-09-25
140.0,0,0,2026-10-31,2026-09-25
150.0,0,0,2026-10-31,2026-09-25
160.0,0,0,2026-10-31,2026-09-25
170.0,0,0,2026-10-31,2026-09-25
180.0,0,0,2026-10-31,2026-09-25
190.0,0,0,2026-10-31,2026-09-25
200.0,0,0,2026-10-31,2026-09-25
210.0,0,0,2026-10-31,2026-09-25
220.0,0,0,2026-10-31,2026-09-25
230.0,0,0,2026-10-31,2026-09-25
240.0,0,0,2026-10-31,2026-09-25
250.0,0,0,2026-10-31,2026-09-25
260.0,0,0,2026-10-31,2026-09-25
270.0,0,0,2026-10-31,2026-09-25
280.0,0,0,2026-10-31,2026-09-25
290.0,0,0,2026-10-31,2026-09-25
300.0,0,126,2026-10-31,2026-09-25
310.0,5,0,2026-10-31,2026-09-25
320.0,0,0,2026-10-31,2026-09-25
330.0,0,0,2026-10-31,2026-09-25
340.0,0,0,2026-10-31,2026-09-25
350.0,0,7,2026-10-31,2026-09-25
360.0,0,9,2026-10-31,2026-09-25
370.0,0,4,2026-10-31,2026-09-25
380.0,0,11,2026-10-31,2026-09-25
390.0,0,5,2026-10-31,2026-09-25
400.0,0,55,2026-10-31,2026-09-25
410.0,0,4,2026-10-31,2026-09-25
420.0,0,25,2026-10-31,2026-09-25
430.0,0,2,2026-10-31,2026-09-25
440.0,0,7,2026-10-31,2026-09-25
450.0,0,15,2026-10-31,2026-09-25
455.0,0,2,2026-10-31,2026-09-25
460.0,1,20,2026-10-31,2026-09-25
465.0,0,5,2026-10-31,2026-09-25
470.0,0,242,2026-10-31,2026-09-25
475.0,0,4,2026-10-31,2026-09-25
480.0,1,17,2026-10-31,2026-09-25
485.0,0,4,2026-10-31,2026-09-25
490.0,0,14,2026-10-31,2026-09-25
495.0,0,21,2026-10-31,2026-09-25
500.0,22,166,2026-10-31,2026-09-25
505.0,0,24,2026-10-31,2026-09-25
510.0,12,19,2026-10-31,2026-09-25
515.0,0,46,2026-10-31,2026-09-25
520.0,2000,2000,2026-10-31,2026-09-25
520.0,11,142,2026-10-31,2026-09-25
525.0,0,356,2026-10-31,2026-09-25
530.0,1,31,2026-10-31,2026-09-25
535.0,0,363,2026-10-31,2026-09-25
540.0,1,117,2026-10-31,2026-09-25
545.0,1,64,2026-10-31,2026-09-25
550.0,23,281,2026-10-31,2026-09-25
555.0,1,40,2026-10-31,2026-09-25
560.0,8,77,2026-10-31,2026-09-25
565.0,1,72,2026-10-31,2026-09-25
570.0,4,114,2026-10-31,2026-09-25
575.0,4,66,2026-10-31,2026-09-25
580.0,7,215,2026-10-31,2026-09-25
585.0,10,100,2026-10-31,2026-09-25
590.0,12,217,2026-10-31,2026-09-25
595.0,10,123,2026-10-31,2026-09-25
600.0,24,578,2026-10-31,2026-09-25
605.0,10,121,2026-10-31,2026-09-25
610.0,25,189,2026-10-31,2026-09-25
615.0,11,112,2026-10-31,2026-09-25
620.0,104,302,2026-10-31,2026-09-25
625.0,24,227,2026-10-31,2026-09-25
630.0,40,302,2026-10-31,2026-09-25
635.0,66,164,2026-10-31,2026-09-25
640.0,102,226,2026-10-31,2026-09-25
645.0,37,102,2026-10-31,2026-09-25
650.0,719,541,2026-10-31,2026-09-25
655.0,61,588,2026-10-31,2026-09-25
660.0,215,642,2026-10-31,2026-09-25
665.0,85,149,2026-10-31,2026-09-25
670.0,253,972,2026-10-31,2026-09-25
675.0,152,150,2026-10-31,2026-09-25
680.0,302,6303,2026-10-31,2026-09-25
685.0,206,72,2026-10-31,2026-09-25
690.0,229,126,2026-10-31,2026-09-25
695.0,58,160,2026-10-31,2026-09-25
700.0,423,625,2026-10-31,2026-09-25
705.0,74,122,2026-10-31,2026-09-25
710.0,211,137,2026-10-31,2026-09-25
715.0,62,118,2026-10-31,2026-09-25
720.0,255,159,2026-10-31,2026-09-25
725.0,87,46,2026-10-31,2026-09-25
730.0,349,165,2026-10-31,2026-09-25
735.0,88,116,2026-10-31,2026-09-25
740.0,311,97,2026-10-31,2026-09-25
745.0,85,127,2026-10-31,2026-09-25
750.0,799,176,2026-10-31,2026-09-25
755.0,91,32,2026-10-31,2026-09-25
760.0,471,81,2026-10-31,2026-09-25
765.0,103,75,2026-10-31,2026-09-25
770.0,332,66,2026-10-31,2026-09-25
775.0,194,28,2026-10-31,2026-09-25
780.0,161,26,2026-10-31,2026-09-25
785.0,239,2,2026-10-31,2026-09-25
790.0,263,14,2026-10-31,2026-09-25
795.0,242,2,2026-10-31,2026-09-25
800.0,1181,376,2026-10-31,2026-09-25
805.0,311,0,2026-10-31,2026-09-25
810.0,242,2,2026-10-31,2026-09-25
815.0,153,0,2026-10-31,2026-09-25
820.0,154,2,2026-10-31,2026-09-25
825.0,97,0,2026-10-31,2026-09-25
830.0,124,1,2026-10-31,2026-09-25
835.0,79,1,2026-10-31,2026-09-25
840.0,348,2,2026-10-31,2026-09-25
845.0,212,0,2026-10-31,2026-09-25
850.0,908,0,2026-10-31,2026-09-25
860.0,160,2,2026-10-31,2026-09-25
870.0,96,0,2026-10-31,2026-09-25
880.0,277,1,2026-10-31,2026-09-25
890.0,100,0,2026-10-31,2026-09-25
900.0,1024,24,2026-10-31,2026-09-25
910.0,129,0,2026-10-31,2026-09-25
920.0,80,0,2026-10-31,2026-09-25
930.0,58,0,2026-10-31,2026-09-25
940.0,105,0,2026-10-31,2026-09-25
950.0,175,0,2026-10-31,2026-09-25
960.0,133,0,2026-10-31,2026-09-25
970.0,627,0,2026-10-31,2026-09-25
980.0,108,0,2026-10-31,2026-09-25
990.0,16,0,2026-10-31,2026-09-25
1000.0,194,0,2026-10-31,2026-09-25
1010.0,12,0,2026-10-31,2026-09-25
1020.0,14,0,2026-10-31,2026-09-25
1030.0,7,0,2026-10-31,2026-09-25
1040.0,18,0,2026-10-31,2026-09-25
1050.0,13,0,2026-10-31,2026-09-25
1060.0,13,0,2026-10-31,2026-09-25
1070.0,11,1,2026-10-31,2026-09-25
1080.0,4,0,2026-10-31,2026-09-25
1090.0,5,0,2026-10-31,2026-09-25
1100.0,16,0,2026-10-31,2026-09-25
1110.0,11,0,2026-10-31,2026-09-25
1120.0,3,0,2026-10-31,2026-09-25
1130.0,3,0,2026-10-31,2026-09-25
1140.0,3,0,2026-10-31,2026-09-25
1150.0,3,0,2026-10-31,2026-09-25
1160.0,1,0,2026-10-31,2026-09-25
1170.0,0,0,2026-10-31,2026-09-25
1180.0,1,0,2026-10-31,2026-09-25
1190.0,0,0,2026-10-31,2026-09-25
1200.0,20,0,2026-10-31,2026-09-25
1210.0,2,9,2026-10-31,2026-09-25
1220.0,1,0,2026-10-31,2026-09-25
1230.0,0,0,2026-10-31,2026-09-25
1240.0,4,0,2026-10-31,2026-09-25
1250.0,1,0,2026-10-31,2026-09-25
1260.0,0,0,2026-10-31,2026-09-25
1270.0,3,0,2026-10-31,2026-09-25
1280.0,2,0,2026-10-31,2026-09-25
1290.0,0,0,2026-10-31,2026-09-25
1300.0,0,0,2026-10-31,2026-09-25
1310.0,0,0,2026-10-31,2026-09-25
1320.0,1,0,2026-10-31,2026-09-25
1330.0,0,0,2026-10-31,2026-09-25
1340.0,0,0,2026-10-31,2026-09-25
1350.0,0,0,2026-10-31,2026-09-25
1360.0,0,0,2026-10-31,2026-09-25
1370.0,0,0,2026-10-31,2026-09-25
1380.0,0,0,2026-10-31,2026-09-25
1390.0,0,0,2026-10-31,2026-09-25
1400.0,0,0,2026-10-31,2026-09-25
1410.0,0,0,2026-10-31,2026-09-25
1420.0,0,0,2026-10-31,2026-09-25
1430.0,0,0,2026-10-31,2026-09-25
1440.0,0,0,2026-10-31,2026-09-25
1450.0,0,0,2026-10-31,2026-09-25
1460.0,0,0,2026-10-31,2026-09-25
1470.0,0,0,2026-10-31,2026-09-25
1480.0,0,0,2026-10-31,2026-09-25
1490.0,1,0,2026-10-31,2026-09-25
715.0,124,0,2026-11-06,2026-09-25
730.0,62,0,2026-11-06,2026-09-25
760.0,166,0,2026-11-06,2026-09-25
813.0,25,0,2026-11-06,2026-09-25
665.0,1100,1100,2026-11-07,2026-09-25
670.0,350,350,2026-11-07,2026-09-25
680.0,0,36,2026-11-07,2026-09-25
685.0,1,1,2026-11-07,2026-09-25
690.0,0,8,2026-11-07,2026-09-25
695.0,0,6,2026-11-07,2026-09-25
700.0,3,19,2026-11-07,2026-09-25
705.0,8,11,2026-11-07,2026-09-25
710.0,1,7,2026-11-07,2026-09-25
715.0,0,44,2026-11-07,2026-09-25
720.0,4,6,2026-11-07,2026-09-25
725.0,0,0,2026-11-07,2026-09-25
730.0,3,23,2026-11-07,2026-09-25
735.0,20,11,2026-11-07,2026-09-25
740.0,0,11,2026-11-07,2026-09-25
745.0,551,0,2026-11-07,2026-09-25
745.0,3,5,2026-11-07,2026-09-25
750.0,11,0,2026-11-07,2026-09-25
750.0,11,7,2026-11-07,2026-09-25
755.0,1,1,2026-11-07,2026-09-25
760.0,15,68,2026-11-07,2026-09-25
765.0,17,13,2026-11-07,2026-09-25
770.0,7,16,2026-11-07,2026-09-25
775.0,30,2,2026-11-07,2026-09-25
780.0,4,5,2026-11-07,2026-09-25
785.0,11,0,2026-11-07,2026-09-25
790.0,5,1,2026-11-07,2026-09-25
795.0,19,3,2026-11-07,2026-09-25
800.0,39,1,2026-11-07,2026-09-25
805.0,0,1,2026-11-07,2026-09-25
810.0,9,1,2026-11-07,2026-09-25
815.0,7,0,2026-11-07,2026-09-25
820.0,65,0,2026-11-07,2026-09-25
805.0,96,0,2026-11-12,2026-09-25
850.52,214,214,2026-11-12,2026-09-25
610.0,0,0,2026-11-14,2026-09-25
5.0,0,3803,2026-11-21,2026-09-25
10.0,0,201,2026-11-21,2026-09-25
15.0,0,0,2026-11-21,2026-09-25
20.0,0,20,2026-11-21,2026-09-25
25.0,0,0,2026-11-21,2026-09-25
30.0,0,10,2026-11-21,2026-09-25
35.0,7,0,2026-11-21,2026-09-25
40.0,2,33,2026-11-21,2026-09-25
45.0,12,0,2026-11-21,2026-09-25
50.0,10,43,2026-11-21,2026-09-25
250.0,85,2450,2026-11-21,2026-09-25
260.0,4,195,2026-11-21,2026-09-25
270.0,1,112,2026-11-21,2026-09-25
280.0,1,46,2026-11-21,2026-09-25
290.0,2,180,2026-11-21,2026-09-25
300.0,17,500,2026-11-21,2026-09-25
310.0,3,124,2026-11-21,2026-09-25
320.0,4,40,2026-11-21,2026-09-25
330.0,22,68,2026-11-21,2026-09-25
340.0,6,252,2026-11-21,2026-09-25
350.0,17,413,2026-11-21,2026-09-25
360.0,15,279,2026-11-21,2026-09-25
370.0,3,216,2026-11-21,2026-09-25
380.0,16,146,2026-11-21,2026-09-25
390.0,38,255,2026-11-21,2026-09-25
400.0,50,847,2026-11-21,2026-09-25
405.0,40,183,2026-11-21,2026-09-25
410.0,10,161,2026-11-21,2026-09-25
415.0,16,168,2026-11-21,2026-09-25
420.0,6,1007,2026-11-21,2026-09-25
425.0,41,635,2026-11-21,2026-09-25
430.0,8,240,2026-11-21,2026-09-25
435.0,6,752,2026-11-21,2026-09-25
440.0,34,606,2026-11-21,2026-09-25
445.0,33,358,2026-11-21,2026-09-25
450.0,756,1600,2026-11-21,2026-09-25
455.0,31,383,2026-11-21,2026-09-25
460.0,107,593,2026-11-21,2026-09-25
465.0,49,401,2026-11-21,2026-09-25
470.0,54,1458,2026-11-21,2026-09-25
475.0,38,658,2026-11-21,2026-09-25
480.0,65,2527,2026-11-21,2026-09-25
485.0,36,466,2026-11-21,2026-09-25
490.0,16,902,2026-11-21,2026-09-25
495.0,53,741,2026-11-21,2026-09-25
500.0,355,3556,2026-11-21,2026-09-25
505.0,69,705,2026-11-21,2026-09-25
510.0,679,1252,2026-11-21,2026-09-25
515.0,69,1277,2026-11-21,2026-09-25
520.0,6375,6375,2026-11-21,2026-09-25
520.0,247,1079,2026-11-21,2026-09-25
525.0,44,814,2026-11-21,2026-09-25
530.0,982,2343,2026-11-21,2026-09-25
535.0,193,1197,2026-11-21,2026-09-25
540.0,798,2272,2026-11-21,2026-09-25
545.0,240,843,2026-11-21,2026-09-25
550.0,1429,3077,2026-11-21,2026-09-25
555.0,951,1399,2026-11-21,2026-09-25
560.0,1448,2069,2026-11-21,2026-09-25
565.0,582,950,2026-11-21,2026-09-25
570.0,1035,1588,2026-11-21,2026-09-25
575.0,764,917,2026-11-21,2026-09-25
580.0,769,1919,2026-11-21,2026-09-25
585.0,6539,7444,2026-11-21,2026-09-25
590.0,3229,2932,2026-11-21,2026-09-25
595.0,800,766,2026-11-21,2026-09-25
600.0,450,468,2026-11-21,2026-09-25
600.0,4795,4491,2026-11-21,2026-09-25
605.0,1213,621,2026-11-21,2026-09-25
610.0,1616,1189,2026-11-21,2026-09-25
615.0,1026,771,2026-11-21,2026-09-25
620.0,763,1136,2026-11-21,2026-09-25
625.0,888,1287,2026-11-21,2026-09-25
630.0,1185,2000,2026-11-21,2026-09-25
635.0,2366,399,2026-11-21,2026-09-25
640.0,6,0,2026-11-21,2026-09-25
640.0,1459,1378,2026-11-21,2026-09-25
645.0,650,650,2026-11-21,2026-09-25
645.0,495,819,2026-11-21,2026-09-25
650.0,4932,3357,2026-11-21,2026-09-25
655.0,479,396,2026-11-21,2026-09-25
660.0,1950,1950,2026-11-21,2026-09-25
660.0,2989,809,2026-11-21,2026-09-25
665.0,434,652,2026-11-21,2026-09-25
670.0,2054,1477,2026-11-21,2026-09-25
675.0,928,851,2026-11-21,2026-09-25
680.0,70,70,2026-11-21,2026-09-25
680.0,1077,1178,2026-11-21,2026-09-25
685.0,904,334,2026-11-21,2026-09-25
690.0,879,425,2026-11-21,2026-09-25
695.0,713,399,2026-11-21,2026-09-25
700.0,14,0,2026-11-21,2026-09-25
700.0,17533,1090,2026-11-21,2026-09-25
705.0,716,712,2026-11-21,2026-09-25
710.0,3000,3000,2026-11-21,2026-09-25
710.0,1139,267,2026-11-21,2026-09-25
715.0,762,136,2026-11-21,2026-09-25
720.0,1612,726,2026-11-21,2026-09-25
725.0,1403,256,2026-11-21,2026-09-25
730.0,908,547,2026-11-21,2026-09-25
735.0,758,1096,2026-11-21,2026-09-25
740.0,7,0,2026-11-21,2026-09-25
740.0,1820,652,2026-11-21,2026-09-25
745.0,693,632,2026-11-21,2026-09-25
750.0,7159,1981,2026-11-21,2026-09-25
755.0,397,397,2026-11-21,2026-09-25
755.0,4226,158,2026-11-21,2026-09-25
760.0,4722,238,2026-11-21,2026-09-25
765.0,4178,184,2026-11-21,2026-09-25
770.0,5208,462,2026-11-21,2026-09-25
775.0,5072,97,2026-11-21,2026-09-25
780.0,6800,218,2026-11-21,2026-09-25
785.0,302,57,2026-11-21,2026-09-25
790.0,1013,93,2026-11-21,2026-09-25
795.0,943,27,2026-11-21,2026-09-25
800.0,2,0,2026-11-21,2026-09-25
800.0,22957,206,2026-11-21,2026-09-25
805.0,4268,29,2026-11-21,2026-09-25
810.0,6690,6,2026-11-21,2026-09-25
815.0,4183,21,2026-11-21,2026-09-25
820.0,4878,14,2026-11-21,2026-09-25
825.0,4858,0,2026-11-21,2026-09-25
830.0,5630,1,2026-11-21,2026-09-25
835.0,255,1,2026-11-21,2026-09-25
840.0,1076,1,2026-11-21,2026-09-25
845.0,384,0,2026-11-21,2026-09-25
850.0,18,0,2026-11-21,2026-09-25
850.0,2337,16,2026-11-21,2026-09-25
855.0,265,0,2026-11-21,2026-09-25
860.0,948,3,2026-11-21,2026-09-25
865.0,223,15,2026-11-21,2026-09-25
870.0,976,21,2026-11-21,2026-09-25
875.0,941,0,2026-11-21,2026-09-25
880.0,382,11,2026-11-21,2026-09-25
885.0,193,0,2026-11-21,2026-09-25
890.0,185,33,2026-11-21,2026-09-25
895.0,72,10,2026-11-21,2026-09-25
900.0,16137,84,2026-11-21,2026-09-25
905.0,199,0,2026-11-21,2026-09-25
910.0,444,0,2026-11-21,2026-09-25
915.0,75,0,2026-11-21,2026-09-25
920.0,348,0,2026-11-21,2026-09-25
925.0,849,0,2026-11-21,2026-09-25
930.0,164,1,2026-11-21,2026-09-25
935.0,136,0,2026-11-21,2026-09-25
940.0,183,27,2026-11-21,2026-09-25
945.0,110,0,2026-11-21,2026-09-25
950.0,2562,1,2026-11-21,2026-09-25
955.0,70,0,2026-11-21,2026-09-25
960.0,298,1,2026-11-21,2026-09-25
965.0,126,0,2026-11-21,2026-09-25
970.0,73,0,2026-11-21,2026-09-25
975.0,56,0,2026-11-21,2026-09-25
980.0,133,1,2026-11-21,2026-09-25
985.0,70,0,2026-11-21,2026-09-25
990.0,221,0,2026-11-21,2026-09-25
995.0,44,0,2026-11-21,2026-09-25
1000.0,1467,10,2026-11-21,2026-09-25
1010.0,170,0,2026-11-21,2026-09-25
1020.0,168,110,2026-11-21,2026-09-25
1030.0,170,0,2026-11-21,2026-09-25
1040.0,70,5,2026-11-21,2026-09-25
1050.0,310,10,2026-11-21,2026-09-25
1060.0,248,0,2026-11-21,2026-09-25
1070.0,110,10,2026-11-21,2026-09-25
1080.0,241,0,2026-11-21,2026-09-25
1090.0,505,0,2026-11-21,2026-09-25
1100.0,1455,60,2026-11-21,2026-09-25
1110.0,119,0,2026-11-21,2026-09-25
1120.0,95,0,2026-11-21,2026-09-25
1130.0,63,0,2026-11-21,2026-09-25
1140.0,130,0,2026-11-21,2026-09-25
1150.0,262,0,2026-11-21,2026-09-25
1160.0,119,0,2026-11-21,2026-09-25
1170.0,117,0,2026-11-21,2026-09-25
1180.0,37,0,2026-11-21,2026-09-25
1190.0,60,0,2026-11-21,2026-09-25
1200.0,1281,0,2026-11-21,2026-09-25
1210.0,420,0,2026-11-21,2026-09-25
1220.0,40,0,2026-11-21,2026-09-25
1230.0,37,0,2026-11-21,2026-09-25
1240.0,58,0,2026-11-21,2026-09-25
1250.0,361,0,2026-11-21,2026-09-25
1260.0,91,0,2026-11-21,2026-09-25
1270.0,64,0,2026-11-21,2026-09-25
1280.0,39,0,2026-11-21,2026-09-25
1290.0,67,0,2026-11-21,2026-09-25
1300.0,186,0,2026-11-21,2026-09-25
1310.0,6,0,2026-11-21,2026-09-25
1320.0,12,0,2026-11-21,2026-09-25
1330.0,22,0,2026-11-21,2026-09-25
1340.0,17,0,2026-11-21,2026-09-25
1350.0,56,0,2026-11-21,2026-09-25
1360.0,35,0,2026-11-21,2026-09-25
1370.0,89,0,2026-11-21,2026-09-25
1380.0,11,0,2026-11-21,2026-09-25
1390.0,20,0,2026-11-21,2026-09-25
1400.0,72,0,2026-11-21,2026-09-25
1410.0,39,0,2026-11-21,2026-09-25
1420.0,70,0,2026-11-21,2026-09-25
1430.0,55,0,2026-11-21,2026-09-25
1440.0,141,0,2026-11-21,2026-09-25
1450.0,245,0,2026-11-21,2026-09-25
1460.0,93,0,2026-11-21,2026-09-25
1470.0,309,0,2026-11-21,2026-09-25
1480.0,6224,0,2026-11-21,2026-09-25
1490.0,1,0,2026-11-21,2026-09-25
750.0,1000,1000,2026-11-28,2026-09-25
696.74,1100,1100,2026-12-01,2026-09-25
696.74,1100,1100,2026-12-02,2026-09-25
696.74,1100,1100,2026-12-03,2026-09-25
845.0,110,0,2026-12-03,2026-09-25
670.0,1000,1000,2026-12-05,2026-09-25
770.0,4,0,2026-12-05,2026-09-25
5.0,0,474,2026-12-19,2026-09-25
10.0,0,118,2026-12-19,2026-09-25
15.0,0,25,2026-12-19,2026-09-25
20.0,2,325,2026-12-19,2026-09-25
25.0,0,10,2026-12-19,2026-09-25
30.0,1,63,2026-12-19,2026-09-25
35.0,0,14,2026-12-19,2026-09-25
40.0,0,17,2026-12-19,2026-09-25
45.0,1,2,2026-12-19,2026-09-25
50.0,6,427,2026-12-19,2026-09-25
55.0,1,41,2026-12-19,2026-09-25
60.0,0,22,2026-12-19,2026-09-25
65.0,0,34,2026-12-19,2026-09-25
70.0,1,28,2026-12-19,2026-09-25
75.0,2,16,2026-12-19,2026-09-25
80.0,2,45,2026-12-19,2026-09-25
85.0,0,246,2026-12-19,2026-09-25
90.0,0,345,2026-12-19,2026-09-25
95.0,2,203,2026-12-19,2026-09-25
100.0,111,446,2026-12-19,2026-09-25
110.0,26,139,2026-12-19,2026-09-25
120.0,30,204,2026-12-19,2026-09-25
130.0,17,321,2026-12-19,2026-09-25
140.0,114,263,2026-12-19,2026-09-25
150.0,126,357,2026-12-19,2026-09-25
160.0,62,417,2026-12-19,2026-09-25
170.0,83,590,2026-12-19,2026-09-25
180.0,187,282,2026-12-19,2026-09-25
190.0,225,220,2026-12-19,2026-09-25
200.0,337,1033,2026-12-19,2026-09-25
210.0,264,460,2026-12-19,2026-09-25
220.0,288,941,2026-12-19,2026-09-25
230.0,157,137,2026-12-19,2026-09-25
240.0,43,283,2026-12-19,2026-09-25
250.0,298,687,2026-12-19,2026-09-25
260.0,824,644,2026-12-19,2026-09-25
270.0,48,307,2026-12-19,2026-09-25
280.0,79,376,2026-12-19,2026-09-25
290.0,66,361,2026-12-19,2026-09-25
300.0,195,1573,2026-12-19,2026-09-25
310.0,94,423,2026-12-19,2026-09-25
320.0,140,577,2026-12-19,2026-09-25
330.0,61,182,2026-12-19,2026-09-25
340.0,122,291,2026-12-19,2026-09-25
350.0,250,1771,2026-12-19,2026-09-25
360.0,139,2589,2026-12-19,2026-09-25
370.0,152,339,2026-12-19,2026-09-25
380.0,57,875,2026-12-19,2026-09-25
390.0,493,480,2026-12-19,2026-09-25
400.0,1594,1794,2026-12-19,2026-09-25
410.0,2614,694,2026-12-19,2026-09-25
413.5,6,0,2026-12-19,2026-09-25
420.0,892,1850,2026-12-19,2026-09-25
430.0,98,540,2026-12-19,2026-09-25
440.0,174,838,2026-12-19,2026-09-25
450.0,902,4689,2026-12-19,2026-09-25
460.0,173,1820,2026-12-19,2026-09-25
470.0,2150,1482,2026-12-19,2026-09-25
480.0,213,1960,2026-12-19,2026-09-25
490.0,0,50,2026-12-19,2026-09-25
490.0,831,1989,2026-12-19,2026-09-25
500.0,1828,6815,2026-12-19,2026-09-25
505.0,2,30,2026-12-19,2026-09-25
510.0,164,3372,2026-12-19,2026-09-25
515.0,0,3,2026-12-19,2026-09-25
520.0,802,1851,2026-12-19,2026-09-25
525.0,15,20,2026-12-19,2026-09-25
530.0,881,3034,2026-12-19,2026-09-25
535.0,0,3,2026-12-19,2026-09-25
540.0,582,1754,2026-12-19,2026-09-25
545.0,0,12,2026-12-19,2026-09-25
550.0,1311,5562,2026-12-19,2026-09-25
555.0,0,18,2026-12-19,2026-09-25
560.0,893,1912,2026-12-19,2026-09-25
565.0,753,612,2026-12-19,2026-09-25
570.0,1229,2826,2026-12-19,2026-09-25
575.0,746,907,2026-12-19,2026-09-25
580.0,1081,1992,2026-12-19,2026-09-25
585.0,349,590,2026-12-19,2026-09-25
590.0,654,1972,2026-12-19,2026-09-25
595.0,395,1069,2026-12-19,2026-09-25
600.0,3475,4365,2026-12-19,2026-09-25
605.0,470,342,2026-12-19,2026-09-25
610.0,928,1190,2026-12-19,2026-09-25
615.0,319,776,2026-12-19,2026-09-25
620.0,0,50,2026-12-19,2026-09-25
620.0,1660,1662,2026-12-19,2026-09-25
625.0,414,428,2026-12-19,2026-09-25
630.0,1224,1634,2026-12-19,2026-09-25
635.0,209,309,2026-12-19,2026-09-25
640.0,1714,1220,2026-12-19,2026-09-25
645.0,562,258,2026-12-19,2026-09-25
650.0,5151,2333,2026-12-19,2026-09-25
655.0,598,237,2026-12-19,2026-09-25
660.0,2294,5071,2026-12-19,2026-09-25
665.0,688,387,2026-12-19,2026-09-25
670.0,1305,1638,2026-12-19,2026-09-25
675.0,356,184,2026-12-19,2026-09-25
680.0,1843,1828,2026-12-19,2026-09-25
685.0,230,138,2026-12-19,2026-09-25
690.0,753,615,2026-12-19,2026-09-25
695.0,301,134,2026-12-19,2026-09-25
700.0,7457,2240,2026-12-19,2026-09-25
705.0,514,412,2026-12-19,2026-09-25
710.0,610,451,2026-12-19,2026-09-25
715.0,291,278,2026-12-19,2026-09-25
720.0,3499,361,2026-12-19,2026-09-25
725.0,880,261,2026-12-19,2026-09-25
730.0,10,0,2026-12-19,2026-09-25
730.0,2160,1850,2026-12-19,2026-09-25
735.0,474,203,2026-12-19,2026-09-25
740.0,951,179,2026-12-19,2026-09-25
745.0,517,118,2026-12-19,2026-09-25
750.0,5584,1671,2026-12-19,2026-09-25
755.0,2154,270,2026-12-19,2026-09-25
760.0,2976,374,2026-12-19,2026-09-25
765.0,2170,321,2026-12-19,2026-09-25
770.0,3465,141,2026-12-19,2026-09-25
775.0,2872,75,2026-12-19,2026-09-25
780.0,3685,107,2026-12-19,2026-09-25
785.0,709,26,2026-12-19,2026-09-25
790.0,1666,145,2026-12-19,2026-09-25
795.0,621,41,2026-12-19,2026-09-25
800.0,11993,281,2026-12-19,2026-09-25
805.0,50,0,2026-12-19,2026-09-25
805.0,2028,82,2026-12-19,2026-09-25
810.0,1974,21,2026-12-19,2026-09-25
815.0,2215,10,2026-12-19,2026-09-25
820.0,3466,88,2026-12-19,2026-09-25
825.0,2528,14,2026-12-19,2026-09-25
830.0,3144,14,2026-12-19,2026-09-25
835.0,251,21,2026-12-19,2026-09-25
840.0,1210,27,2026-12-19,2026-09-25
845.0,2470,4,2026-12-19,2026-09-25
850.0,3608,42,2026-12-19,2026-09-25
855.0,19,0,2026-12-19,2026-09-25
860.0,1810,1,2026-12-19,2026-09-25
865.0,522,1,2026-12-19,2026-09-25
870.0,942,6,2026-12-19,2026-09-25
875.0,33,2,2026-12-19,2026-09-25
880.0,892,2,2026-12-19,2026-09-25
885.0,6,0,2026-12-19,2026-09-25
890.0,245,2,2026-12-19,2026-09-25
895.0,16,0,2026-12-19,2026-09-25
900.0,3742,110,2026-12-19,2026-09-25
905.0,14,0,2026-12-19,2026-09-25
910.0,762,0,2026-12-19,2026-09-25
915.0,13,0,2026-12-19,2026-09-25
920.0,560,1,2026-12-19,2026-09-25
925.0,17,0,2026-12-19,2026-09-25
930.0,250,2,2026-12-19,2026-09-25
935.0,13,0,2026-12-19,2026-09-25
940.0,517,5,2026-12-19,2026-09-25
945.0,5,1,2026-12-19,2026-09-25
950.0,1552,1,2026-12-19,2026-09-25
955.0,3,0,2026-12-19,2026-09-25
960.0,265,0,2026-12-19,2026-09-25
965.0,5,0,2026-12-19,2026-09-25
970.0,1665,1,2026-12-19,2026-09-25
975.0,1,0,2026-12-19,2026-09-25
980.0,206,0,2026-12-19,2026-09-25
985.0,2,0,2026-12-19,2026-09-25
990.0,976,0,2026-12-19,2026-09-25
995.0,5,0,2026-12-19,2026-09-25
1000.0,4741,3,2026-12-19,2026-09-25
1020.0,608,0,2026-12-19,2026-09-25
1030.0,1576,0,2026-12-19,2026-09-25
1040.0,193,0,2026-12-19,2026-09-25
1050.0,290,0,2026-12-19,2026-09-25
1060.0,238,0,2026-12-19,2026-09-25
1070.0,218,0,2026-12-19,2026-09-25
1080.0,213,0,2026-12-19,2026-09-25
1090.0,89,0,2026-12-19,2026-09-25
1100.0,1371,0,2026-12-19,2026-09-25
1110.0,173,0,2026-12-19,2026-09-25
1120.0,417,0,2026-12-19,2026-09-25
1130.0,97,0,2026-12-19,2026-09-25
1140.0,180,0,2026-12-19,2026-09-25
1150.0,1738,0,2026-12-19,2026-09-25
1160.0,33,0,2026-12-19,2026-09-25
1170.0,51,0,2026-12-19,2026-09-25
1180.0,223,0,2026-12-19,2026-09-25
1190.0,94,0,2026-12-19,2026-09-25
1200.0,1939,0,2026-12-19,2026-09-25
1210.0,124,0,2026-12-19,2026-09-25
1220.0,148,0,2026-12-19,2026-09-25
1230.0,373,0,2026-12-19,2026-09-25
1240.0,1846,0,2026-12-19,2026-09-25
1250.0,2022,0,2026-12-19,2026-09-25
1260.0,123,0,2026-12-19,2026-09-25
1270.0,184,0,2026-12-19,2026-09-25
1280.0,300,0,2026-12-19,2026-09-25
1290.0,8569,0,2026-12-19,2026-09-25
1300.0,8894,0,2026-12-19,2026-09-25
1310.0,110,0,2026-12-19,2026-09-25
1320.0,89,0,2026-12-19,2026-09-25
1330.0,81,0,2026-12-19,2026-09-25
1340.0,269,0,2026-12-19,2026-09-25
1350.0,410,0,2026-12-19,2026-09-25
1360.0,96,0,2026-12-19,2026-09-25
1370.0,148,0,2026-12-19,2026-09-25
1380.0,65,0,2026-12-19,2026-09-25
1390.0,114,0,2026-12-19,2026-09-25
1400.0,2509,0,2026-12-19,2026-09-25
1410.0,490,0,2026-12-19,2026-09-25
1420.0,791,0,2026-12-19,2026-09-25
1430.0,890,0,2026-12-19,2026-09-25
1440.0,42,0,2026-12-19,2026-09-25
1450.0,62,0,2026-12-19,2026-09-25
1460.0,270,0,2026-12-19,2026-09-25
1470.0,137,0,2026-12-19,2026-09-25
1480.0,2072,0,2026-12-19,2026-09-25
1490.0,118,0,2026-12-19,2026-09-25
5.0,68,3204,2027-01-16,2026-09-25
10.0,1,1,2027-01-16,2026-09-25
15.0,2,4,2027-01-16,2026-09-25
20.0,7,2,2027-01-16,2026-09-25
25.0,0,2,2027-01-16,2026-09-25
30.0,0,4,2027-01-16,2026-09-25
35.0,0,2,2027-01-16,2026-09-25
40.0,0,204,2027-01-16,2026-09-25
45.0,1,7,2027-01-16,2026-09-25
50.0,111,440,2027-01-16,2026-09-25
100.0,126,3066,2027-01-16,2026-09-25
110.0,283,362,2027-01-16,2026-09-25
120.0,11,97,2027-01-16,2026-09-25
130.0,16,99,2027-01-16,2026-09-25
140.0,13,199,2027-01-16,2026-09-25
150.0,16,277,2027-01-16,2026-09-25
160.0,38,178,2027-01-16,2026-09-25
170.0,36,468,2027-01-16,2026-09-25
180.0,191,253,2027-01-16,2026-09-25
190.0,27,176,2027-01-16,2026-09-25
200.0,160,483,2027-01-16,2026-09-25
210.0,56,389,2027-01-16,2026-09-25
220.0,174,1124,2027-01-16,2026-09-25
230.0,55,601,2027-01-16,2026-09-25
240.0,73,378,2027-01-16,2026-09-25
242.5,0,75,2027-01-16,2026-09-25
250.0,86,1046,2027-01-16,2026-09-25
260.0,59,220,2027-01-16,2026-09-25
270.0,281,1033,2027-01-16,2026-09-25
280.0,55,355,2027-01-16,2026-09-25
290.0,168,363,2027-01-16,2026-09-25
300.0,378,1310,2027-01-16,2026-09-25
310.0,22,442,2027-01-16,2026-09-25
320.0,77,793,2027-01-16,2026-09-25
330.0,63,511,2027-01-16,2026-09-25
340.0,40,475,2027-01-16,2026-09-25
350.0,161,1607,2027-01-16,2026-09-25
360.0,86,515,2027-01-16,2026-09-25
370.0,45,1438,2027-01-16,2026-09-25
380.0,54,850,2027-01-16,2026-09-25
390.0,124,1253,2027-01-16,2026-09-25
400.0,507,4302,2027-01-16,2026-09-25
410.0,119,1318,2027-01-16,2026-09-25
420.0,200,1781,2027-01-16,2026-09-25
430.0,127,2870,2027-01-16,2026-09-25
440.0,152,2635,2027-01-16,2026-09-25
450.0,252,7234,2027-01-16,2026-09-25
460.0,141,2856,2027-01-16,2026-09-25
470.0,91,2120,2027-01-16,2026-09-25
480.0,261,2706,2027-01-16,2026-09-25
490.0,350,3312,2027-01-16,2026-09-25
500.0,2227,8194,2027-01-16,2026-09-25
510.0,1819,5186,2027-01-16,2026-09-25
520.0,397,3837,2027-01-16,2026-09-25
530.0,485,4015,2027-01-16,2026-09-25
540.0,822,3594,2027-01-16,2026-09-25
550.0,0,10,2027-01-16,2026-09-25
550.0,1572,6340,2027-01-16,2026-09-25
560.0,1239,3517,2027-01-16,2026-09-25
570.0,932,6789,2027-01-16,2026-09-25
580.0,1158,3691,2027-01-16,2026-09-25
590.0,1355,1787,2027-01-16,2026-09-25
597.6,0,262,2027-01-16,2026-09-25
599.0,280,0,2027-01-16,2026-09-25
600.0,6010,5935,2027-01-16,2026-09-25
610.0,1864,1915,2027-01-16,2026-09-25
620.0,2371,2332,2027-01-16,2026-09-25
630.0,3019,3236,2027-01-16,2026-09-25
640.0,1279,5314,2027-01-16,2026-09-25
650.0,0,26,2027-01-16,2026-09-25
650.0,4746,3252,2027-01-16,2026-09-25
660.0,1000,1007,2027-01-16,2026-09-25
660.0,3340,1655,2027-01-16,2026-09-25
670.0,2565,2392,2027-01-16,2026-09-25
680.0,2522,1342,2027-01-16,2026-09-25
690.0,1093,753,2027-01-16,2026-09-25
700.0,115456,3088,2027-01-16,2026-09-25
700.01,10325,10325,2027-01-16,2026-09-25
710.0,1536,904,2027-01-16,2026-09-25
720.0,0,26,2027-01-16,2026-09-25
720.0,2738,1046,2027-01-16,2026-09-25
730.0,3730,492,2027-01-16,2026-09-25
740.0,2489,568,2027-01-16,2026-09-25
750.0,244859,3817,2027-01-16,2026-09-25
760.0,3991,701,2027-01-16,2026-09-25
770.0,10,0,2027-01-16,2026-09-25
770.0,4810,760,2027-01-16,2026-09-25
780.0,3477,427,2027-01-16,2026-09-25
790.0,1874,239,2027-01-16,2026-09-25
800.0,107886,596,2027-01-16,2026-09-25
805.1,262,0,2027-01-16,2026-09-25
810.0,5135,221,2027-01-16,2026-09-25
820.0,3480,85,2027-01-16,2026-09-25
830.0,33388,193,2027-01-16,2026-09-25
840.0,1514,129,2027-01-16,2026-09-25
850.0,5894,199,2027-01-16,2026-09-25
860.0,10,0,2027-01-16,2026-09-25
860.0,1980,27,2027-01-16,2026-09-25
870.0,1103,2,2027-01-16,2026-09-25
880.0,824,1,2027-01-16,2026-09-25
890.0,7,0,2027-01-16,2026-09-25
890.0,1313,3,2027-01-16,2026-09-25
900.0,11462,28,2027-01-16,2026-09-25
910.0,1300,1,2027-01-16,2026-09-25
920.0,3477,1,2027-01-16,2026-09-25
930.0,937,0,2027-01-16,2026-09-25
940.0,1070,0,2027-01-16,2026-09-25
950.0,1647,1,2027-01-16,2026-09-25
960.0,577,0,2027-01-16,2026-09-25
970.0,552,0,2027-01-16,2026-09-25
980.0,545,0,2027-01-16,2026-09-25
990.0,534,0,2027-01-16,2026-09-25
1000.0,6860,17,2027-01-16,2026-09-25
1010.0,492,0,2027-01-16,2026-09-25
1020.0,562,0,2027-01-16,2026-09-25
1030.0,442,1,2027-01-16,2026-09-25
1040.0,291,0,2027-01-16,2026-09-25
1050.0,1052,0,2027-01-16,2026-09-25
1060.0,401,0,2027-01-16,2026-09-25
1070.0,490,0,2027-01-16,2026-09-25
1080.0,472,0,2027-01-16,2026-09-25
1090.0,455,0,2027-01-16,2026-09-25
1100.0,4050,0,2027-01-16,2026-09-25
1110.0,495,0,2027-01-16,2026-09-25
1120.0,338,0,2027-01-16,2026-09-25
1130.0,385,0,2027-01-16,2026-09-25
1140.0,293,0,2027-01-16,2026-09-25
1150.0,6134,0,2027-01-16,2026-09-25
1160.0,672,0,2027-01-16,2026-09-25
1170.0,444,0,2027-01-16,2026-09-25
1180.0,291,0,2027-01-16,2026-09-25
1190.0,643,0,2027-01-16,2026-09-25
1200.0,2302,0,2027-01-16,2026-09-25
1210.0,200,0,2027-01-16,2026-09-25
1220.0,253,0,2027-01-16,2026-09-25
1230.0,154,0,2027-01-16,2026-09-25
1240.0,665,0,2027-01-16,2026-09-25
1250.0,33838,0,2027-01-16,2026-09-25
1260.0,473,0,2027-01-16,2026-09-25
1270.0,911,0,2027-01-16,2026-09-25
1280.0,379,0,2027-01-16,2026-09-25
1290.0,379,0,2027-01-16,2026-09-25
1300.0,1642,0,2027-01-16,2026-09-25
1310.0,113,0,2027-01-16,2026-09-25
1320.0,387,0,2027-01-16,2026-09-25
1330.0,475,0,2027-01-16,2026-09-25
1340.0,160,0,2027-01-16,2026-09-25
1350.0,531,0,2027-01-16,2026-09-25
1360.0,749,0,2027-01-16,2026-09-25
1370.0,161,0,2027-01-16,2026-09-25
1380.0,113,0,2027-01-16,2026-09-25
1390.0,254,0,2027-01-16,2026-09-25
1400.0,1696,0,2027-01-16,2026-09-25
1410.0,347,0,2027-01-16,2026-09-25
1420.0,625,0,2027-01-16,2026-09-25
1430.0,15735,0,2027-01-16,2026-09-25
1440.0,379,0,2027-01-16,2026-09-25
1450.0,199,0,2027-01-16,2026-09-25
1460.0,157,0,2027-01-16,2026-09-25
1470.0,164,0,2027-01-16,2026-09-25
1480.0,2784,0,2027-01-16,2026-09-25
1490.0,712,0,2027-01-16,2026-09-25
490.1,0,132,2027-01-27,2026-09-25
805.1,132,0,2027-01-27,2026-09-25
637.45,0,8,2027-01-30,2026-09-25
776.0,0,0,2027-01-30,2026-09-25
100.0,20,3,2027-02-20,2026-09-25
110.0,0,4,2027-02-20,2026-09-25
120.0,0,11,2027-02-20,2026-09-25
130.0,9,15,2027-02-20,2026-09-25
140.0,0,13,2027-02-20,2026-09-25
150.0,0,24,2027-02-20,2026-09-25
160.0,2,15,2027-02-20,2026-09-25
170.0,0,38,2027-02-20,2026-09-25
180.0,0,38,2027-02-20,2026-09-25
190.0,0,30,2027-02-20,2026-09-25
200.0,51,1006,2027-02-20,2026-09-25
210.0,0,70,2027-02-20,2026-09-25
220.0,0,112,2027-02-20,2026-09-25
230.0,0,42,2027-02-20,2026-09-25
240.0,0,88,2027-02-20,2026-09-25
250.0,6,34,2027-02-20,2026-09-25
260.0,1,12,2027-02-20,2026-09-25
270.0,2,80,2027-02-20,2026-09-25
280.0,5,85,2027-02-20,2026-09-25
290.0,0,77,2027-02-20,2026-09-25
300.0,17,228,2027-02-20,2026-09-25
310.0,0,30,2027-02-20,2026-09-25
320.0,3,47,2027-02-20,2026-09-25
330.0,6,46,2027-02-20,2026-09-25
340.0,9,76,2027-02-20,2026-09-25
350.0,14,174,2027-02-20,2026-09-25
360.0,7,33,2027-02-20,2026-09-25
370.0,2,59,2027-02-20,2026-09-25
380.0,7,136,2027-02-20,2026-09-25
390.0,13,113,2027-02-20,2026-09-25
400.0,14,159,2027-02-20,2026-09-25
410.0,52,306,2027-02-20,2026-09-25
420.0,3,322,2027-02-20,2026-09-25
430.0,5,571,2027-02-20,2026-09-25
440.0,6,568,2027-02-20,2026-09-25
450.0,57,919,2027-02-20,2026-09-25
460.0,77,482,2027-02-20,2026-09-25
470.0,110,651,2027-02-20,2026-09-25
480.0,22,1619,2027-02-20,2026-09-25
490.0,51,659,2027-02-20,2026-09-25
500.0,141,1214,2027-02-20,2026-09-25
510.0,19,666,2027-02-20,2026-09-25
520.0,71,624,2027-02-20,2026-09-25
530.0,74,665,2027-02-20,2026-09-25
540.0,662,766,2027-02-20,2026-09-25
550.0,247,948,2027-02-20,2026-09-25
560.0,201,567,2027-02-20,2026-09-25
570.0,0,2,2027-02-20,2026-09-25
570.0,139,364,2027-02-20,2026-09-25
575.0,0,36,2027-02-20,2026-09-25
580.0,287,1167,2027-02-20,2026-09-25
590.0,699,371,2027-02-20,2026-09-25
600.0,921,464,2027-02-20,2026-09-25
610.0,298,95,2027-02-20,2026-09-25
620.0,148,122,2027-02-20,2026-09-25
630.0,237,83,2027-02-20,2026-09-25
640.0,174,173,2027-02-20,2026-09-25
650.0,3333,364,2027-02-20,2026-09-25
660.0,304,80,2027-02-20,2026-09-25
670.0,644,212,2027-02-20,2026-09-25
680.0,210,59,2027-02-20,2026-09-25
690.0,390,316,2027-02-20,2026-09-25
692.0,36,0,2027-02-20,2026-09-25
700.0,2119,164,2027-02-20,2026-09-25
710.0,250,172,2027-02-20,2026-09-25
720.0,360,67,2027-02-20,2026-09-25
730.0,2,0,2027-02-20,2026-09-25
730.0,558,327,2027-02-20,2026-09-25
740.0,398,58,2027-02-20,2026-09-25
750.0,1062,160,2027-02-20,2026-09-25
760.0,352,161,2027-02-20,2026-09-25
770.0,246,35,2027-02-20,2026-09-25
780.0,739,23,2027-02-20,2026-09-25
790.0,182,20,2027-02-20,2026-09-25
800.0,1594,80,2027-02-20,2026-09-25
810.0,162,3,2027-02-20,2026-09-25
820.0,283,0,2027-02-20,2026-09-25
830.0,203,4,2027-02-20,2026-09-25
840.0,132,1,2027-02-20,2026-09-25
850.0,597,86,2027-02-20,2026-09-25
860.0,272,0,2027-02-20,2026-09-25
870.0,94,0,2027-02-20,2026-09-25
880.0,309,0,2027-02-20,2026-09-25
890.0,55,0,2027-02-20,2026-09-25
900.0,6297,4,2027-02-20,2026-09-25
910.0,92,1,2027-02-20,2026-09-25
920.0,75,0,2027-02-20,2026-09-25
930.0,66,1,2027-02-20,2026-09-25
940.0,57,0,2027-02-20,2026-09-25
950.0,93,0,2027-02-20,2026-09-25
960.0,282,0,2027-02-20,2026-09-25
970.0,58,0,2027-02-20,2026-09-25
980.0,96,1,2027-02-20,2026-09-25
990.0,530,0,2027-02-20,2026-09-25
1000.0,1467,1,2027-02-20,2026-09-25
1010.0,78,0,2027-02-20,2026-09-25
1020.0,45,0,2027-02-20,2026-09-25
1030.0,62,0,2027-02-20,2026-09-25
1040.0,12,0,2027-02-20,2026-09-25
1050.0,45,1,2027-02-20,2026-09-25
1060.0,19,0,2027-02-20,2026-09-25
1070.0,163,0,2027-02-20,2026-09-25
1080.0,67,0,2027-02-20,2026-09-25
1090.0,2,0,2027-02-20,2026-09-25
1100.0,468,0,2027-02-20,2026-09-25
1110.0,101,0,2027-02-20,2026-09-25
1120.0,16,0,2027-02-20,2026-09-25
1130.0,24,0,2027-02-20,2026-09-25
1140.0,43,0,2027-02-20,2026-09-25
1150.0,41,0,2027-02-20,2026-09-25
1160.0,31,0,2027-02-20,2026-09-25
1170.0,47,0,2027-02-20,2026-09-25
1180.0,128,0,2027-02-20,2026-09-25
1190.0,468,0,2027-02-20,2026-09-25
1200.0,3,0,2027-02-20,2026-09-25
1210.0,21,0,2027-02-20,2026-09-25
1220.0,0,0,2027-02-20,2026-09-25
1230.0,17,0,2027-02-20,2026-09-25
1240.0,26,0,2027-02-20,2026-09-25
1250.0,405,0,2027-02-20,2026-09-25
1260.0,5,0,2027-02-20,2026-09-25
1270.0,0,0,2027-02-20,2026-09-25
1280.0,20,0,2027-02-20,2026-09-25
1290.0,0,0,2027-02-20,2026-09-25
1300.0,0,0,2027-02-20,2026-09-25
1310.0,0,0,2027-02-20,2026-09-25
1320.0,0,0,2027-02-20,2026-09-25
1330.0,0,0,2027-02-20,2026-09-25
1340.0,0,0,2027-02-20,2026-09-25
1350.0,0,0,2027-02-20,2026-09-25
1360.0,0,0,2027-02-20,2026-09-25
1370.0,20,0,2027-02-20,2026-09-25
1380.0,0,0,2027-02-20,2026-09-25
1390.0,0,0,2027-02-20,2026-09-25
1400.0,81,0,2027-02-20,2026-09-25
1410.0,0,0,2027-02-20,2026-09-25
1420.0,1,0,2027-02-20,2026-09-25
1430.0,0,0,2027-02-20,2026-09-25
1440.0,0,0,2027-02-20,2026-09-25
1450.0,0,0,2027-02-20,2026-09-25
1460.0,0,0,2027-02-20,2026-09-25
1470.0,0,0,2027-02-20,2026-09-25
1480.0,2,0,2027-02-20,2026-09-25
1490.0,46,0,2027-02-20,2026-09-25
490.93,0,40,2027-02-25,2026-09-25
612.0,0,75,2027-03-17,2026-09-25
794.92,75,0,2027-03-17,2026-09-25
5.0,1761,0,2027-03-20,2026-09-25
10.0,11,3002,2027-03-20,2026-09-25
15.0,0,15,2027-03-20,2026-09-25
20.0,0,0,2027-03-20,2026-09-25
25.0,0,0,2027-03-20,2026-09-25
30.0,0,0,2027-03-20,2026-09-25
35.0,0,0,2027-03-20,2026-09-25
40.0,0,0,2027-03-20,2026-09-25
45.0,0,15,2027-03-20,2026-09-25
50.0,0,18,2027-03-20,2026-09-25
100.0,1,77,2027-03-20,2026-09-25
110.0,209,5,2027-03-20,2026-09-25
120.0,0,268,2027-03-20,2026-09-25
130.0,0,22,2027-03-20,2026-09-25
140.0,0,84,2027-03-20,2026-09-25
150.0,1,158,2027-03-20,2026-09-25
160.0,2,77,2027-03-20,2026-09-25
170.0,21,138,2027-03-20,2026-09-25
180.0,1,73,2027-03-20,2026-09-25
190.0,2,31,2027-03-20,2026-09-25
200.0,5,60,2027-03-20,2026-09-25
210.0,1,34,2027-03-20,2026-09-25
220.0,0,187,2027-03-20,2026-09-25
230.0,35,102,2027-03-20,2026-09-25
240.0,51,59,2027-03-20,2026-09-25
250.0,0,204,2027-03-20,2026-09-25
260.0,2,97,2027-03-20,2026-09-25
270.0,23,433,2027-03-20,2026-09-25
280.0,44,73,2027-03-20,2026-09-25
290.0,2,46,2027-03-20,2026-09-25
300.0,21,364,2027-03-20,2026-09-25
310.0,5,43,2027-03-20,2026-09-25
320.0,12,112,2027-03-20,2026-09-25
330.0,16,50,2027-03-20,2026-09-25
340.0,6,277,2027-03-20,2026-09-25
350.0,25,417,2027-03-20,2026-09-25
360.0,24,345,2027-03-20,2026-09-25
370.0,18,427,2027-03-20,2026-09-25
380.0,113,408,2027-03-20,2026-09-25
390.0,73,303,2027-03-20,2026-09-25
400.0,84,1398,2027-03-20,2026-09-25
410.0,30,800,2027-03-20,2026-09-25
420.0,33,2668,2027-03-20,2026-09-25
430.0,162,967,2027-03-20,2026-09-25
440.0,18,543,2027-03-20,2026-09-25
450.0,138,4128,2027-03-20,2026-09-25
460.0,86,2043,2027-03-20,2026-09-25
470.0,36,1323,2027-03-20,2026-09-25
480.0,47,1410,2027-03-20,2026-09-25
490.0,39,1698,2027-03-20,2026-09-25
500.0,458,4478,2027-03-20,2026-09-25
510.0,0,150,2027-03-20,2026-09-25
510.0,55,885,2027-03-20,2026-09-25
520.0,62,1097,2027-03-20,2026-09-25
530.0,154,1101,2027-03-20,2026-09-25
540.0,258,1806,2027-03-20,2026-09-25
550.0,830,4306,2027-03-20,2026-09-25
560.0,318,940,2027-03-20,2026-09-25
565.0,41,345,2027-03-20,2026-09-25
570.0,532,1419,2027-03-20,2026-09-25
575.0,529,268,2027-03-20,2026-09-25
580.0,762,1477,2027-03-20,2026-09-25
585.0,196,265,2027-03-20,2026-09-25
590.0,286,479,2027-03-20,2026-09-25
595.0,258,175,2027-03-20,2026-09-25
600.0,2002,1554,2027-03-20,2026-09-25
605.0,84,248,2027-03-20,2026-09-25
610.0,393,1650,2027-03-20,2026-09-25
615.0,293,175,2027-03-20,2026-09-25
620.0,415,951,2027-03-20,2026-09-25
625.0,125,314,2027-03-20,2026-09-25
630.0,336,635,2027-03-20,2026-09-25
635.0,96,371,2027-03-20,2026-09-25
640.0,371,345,2027-03-20,2026-09-25
645.0,146,226,2027-03-20,2026-09-25
650.0,4502,1115,2027-03-20,2026-09-25
655.0,133,186,2027-03-20,2026-09-25
660.0,679,571,2027-03-20,2026-09-25
665.0,206,5124,2027-03-20,2026-09-25
670.0,444,378,2027-03-20,2026-09-25
675.0,326,75,2027-03-20,2026-09-25
680.0,592,497,2027-03-20,2026-09-25
685.0,172,174,2027-03-20,2026-09-25
690.0,449,177,2027-03-20,2026-09-25
695.0,66,181,2027-03-20,2026-09-25
700.0,3334,471,2027-03-20,2026-09-25
705.0,110,59,2027-03-20,2026-09-25
710.0,768,169,2027-03-20,2026-09-25
715.0,487,106,2027-03-20,2026-09-25
720.0,342,209,2027-03-20,2026-09-25
725.0,142,70,2027-03-20,2026-09-25
730.0,545,341,2027-03-20,2026-09-25
735.0,153,57,2027-03-20,2026-09-25
740.0,370,218,2027-03-20,2026-09-25
745.0,222,49,2027-03-20,2026-09-25
750.0,16,0,2027-03-20,2026-09-25
750.0,1407,291,2027-03-20,2026-09-25
755.0,163,64,2027-03-20,2026-09-25
760.0,460,206,2027-03-20,2026-09-25
770.0,429,75,2027-03-20,2026-09-25
780.0,1273,69,2027-03-20,2026-09-25
790.0,363,175,2027-03-20,2026-09-25
800.0,6976,284,2027-03-20,2026-09-25
810.0,638,160,2027-03-20,2026-09-25
820.0,474,10,2027-03-20,2026-09-25
830.0,469,2,2027-03-20,2026-09-25
840.0,326,4,2027-03-20,2026-09-25
850.0,2187,124,2027-03-20,2026-09-25
860.0,652,4,2027-03-20,2026-09-25
870.0,422,4,2027-03-20,2026-09-25
880.0,809,4,2027-03-20,2026-09-25
890.0,193,6,2027-03-20,2026-09-25
900.0,5178,7,2027-03-20,2026-09-25
910.0,543,0,2027-03-20,2026-09-25
920.0,907,0,2027-03-20,2026-09-25
930.0,283,0,2027-03-20,2026-09-25
940.0,1264,0,2027-03-20,2026-09-25
950.0,4151,0,2027-03-20,2026-09-25
960.0,727,0,2027-03-20,2026-09-25
970.0,76,0,2027-03-20,2026-09-25
980.0,635,0,2027-03-20,2026-09-25
990.0,580,0,2027-03-20,2026-09-25
1000.0,2838,1,2027-03-20,2026-09-25
1010.0,140,0,2027-03-20,2026-09-25
1020.0,1201,1,2027-03-20,2026-09-25
1030.0,378,0,2027-03-20,2026-09-25
1040.0,1029,0,2027-03-20,2026-09-25
1050.0,153,0,2027-03-20,2026-09-25
1060.0,109,0,2027-03-20,2026-09-25
1070.0,285,0,2027-03-20,2026-09-25
1080.0,370,0,2027-03-20,2026-09-25
1090.0,227,0,2027-03-20,2026-09-25
1100.0,3967,0,2027-03-20,2026-09-25
1110.0,50,0,2027-03-20,2026-09-25
1120.0,75,0,2027-03-20,2026-09-25
1130.0,59,0,2027-03-20,2026-09-25
1140.0,65,0,2027-03-20,2026-09-25
1150.0,86,0,2027-03-20,2026-09-25
1160.0,56,0,2027-03-20,2026-09-25
1170.0,65,0,2027-03-20,2026-09-25
1180.0,100,0,2027-03-20,2026-09-25
1190.0,34,0,2027-03-20,2026-09-25
1200.0,354,0,2027-03-20,2026-09-25
1210.0,396,0,2027-03-20,2026-09-25
1220.0,823,0,2027-03-20,2026-09-25
1230.0,45,0,2027-03-20,2026-09-25
1240.0,454,0,2027-03-20,2026-09-25
1250.0,1236,0,2027-03-20,2026-09-25
1260.0,0,0,2027-03-20,2026-09-25
1270.0,1,0,2027-03-20,2026-09-25
1280.0,0,0,2027-03-20,2026-09-25
1290.0,71,0,2027-03-20,2026-09-25
1300.0,5,0,2027-03-20,2026-09-25
1310.0,0,0,2027-03-20,2026-09-25
1320.0,3,0,2027-03-20,2026-09-25
1330.0,0,0,2027-03-20,2026-09-25
1340.0,3,0,2027-03-20,2026-09-25
1350.0,3,0,2027-03-20,2026-09-25
1360.0,1,0,2027-03-20,2026-09-25
1370.0,1,0,2027-03-20,2026-09-25
1380.0,11,0,2027-03-20,2026-09-25
1390.0,1,0,2027-03-20,2026-09-25
1400.0,22,0,2027-03-20,2026-09-25
1410.0,5,0,2027-03-20,2026-09-25
1420.0,7,0,2027-03-20,2026-09-25
1430.0,0,0,2027-03-20,2026-09-25
1440.0,37,0,2027-03-20,2026-09-25
1450.0,1,0,2027-03-20,2026-09-25
1460.0,2,0,2027-03-20,2026-09-25
1470.0,19,0,2027-03-20,2026-09-25
1480.0,147,0,2027-03-20,2026-09-25
1490.0,251,0,2027-03-20,2026-09-25
492.79,0,35,2027-03-31,2026-09-25
5.0,1164,4,2027-06-18,2026-09-25
10.0,12,1,2027-06-18,2026-09-25
15.0,1,0,2027-06-18,2026-09-25
20.0,1,1,2027-06-18,2026-09-25
25.0,0,0,2027-06-18,2026-09-25
30.0,0,0,2027-06-18,2026-09-25
35.0,0,0,2027-06-18,2026-09-25
40.0,2,0,2027-06-18,2026-09-25
45.0,2,7,2027-06-18,2026-09-25
50.0,95,30,2027-06-18,2026-09-25
260.0,98,476,2027-06-18,2026-09-25
270.0,75,121,2027-06-18,2026-09-25
280.0,31,149,2027-06-18,2026-09-25
290.0,1,277,2027-06-18,2026-09-25
300.0,43,208,2027-06-18,2026-09-25
310.0,37,150,2027-06-18,2026-09-25
320.0,134,203,2027-06-18,2026-09-25
330.0,23,740,2027-06-18,2026-09-25
340.0,29,278,2027-06-18,2026-09-25
350.0,40,477,2027-06-18,2026-09-25
360.0,43,785,2027-06-18,2026-09-25
370.0,89,452,2027-06-18,2026-09-25
380.0,92,699,2027-06-18,2026-09-25
390.0,44,1198,2027-06-18,2026-09-25
400.0,260,1851,2027-06-18,2026-09-25
410.0,17,498,2027-06-18,2026-09-25
420.0,63,4448,2027-06-18,2026-09-25
430.0,170,1006,2027-06-18,2026-09-25
440.0,62,632,2027-06-18,2026-09-25
450.0,160,3666,2027-06-18,2026-09-25
460.0,62,1698,2027-06-18,2026-09-25
470.0,91,1464,2027-06-18,2026-09-25
480.0,278,1415,2027-06-18,2026-09-25
490.0,141,1160,2027-06-18,2026-09-25
500.0,840,5213,2027-06-18,2026-09-25
520.0,564,3775,2027-06-18,2026-09-25
540.0,1561,4348,2027-06-18,2026-09-25
560.0,1012,2419,2027-06-18,2026-09-25
580.0,1007,3337,2027-06-18,2026-09-25
600.0,3975,4381,2027-06-18,2026-09-25
620.0,1946,2508,2027-06-18,2026-09-25
640.0,2213,4879,2027-06-18,2026-09-25
660.0,2172,1722,2027-06-18,2026-09-25
680.0,1841,2196,2027-06-18,2026-09-25
700.0,2898,1789,2027-06-18,2026-09-25
720.0,2059,1097,2027-06-18,2026-09-25
740.0,3379,1020,2027-06-18,2026-09-25
760.0,3405,1652,2027-06-18,2026-09-25
780.0,2419,228,2027-06-18,2026-09-25
789.05,54,54,2027-06-18,2026-09-25
800.0,3707,365,2027-06-18,2026-09-25
820.0,1497,73,2027-06-18,2026-09-25
840.0,2230,136,2027-06-18,2026-09-25
860.0,1553,191,2027-06-18,2026-09-25
880.0,3097,29,2027-06-18,2026-09-25
900.0,3443,219,2027-06-18,2026-09-25
920.0,3115,49,2027-06-18,2026-09-25
940.0,794,13,2027-06-18,2026-09-25
960.0,667,18,2027-06-18,2026-09-25
980.0,743,0,2027-06-18,2026-09-25
1000.0,2612,17,2027-06-18,2026-09-25
1020.0,819,0,2027-06-18,2026-09-25
1040.0,687,15,2027-06-18,2026-09-25
1060.0,515,0,2027-06-18,2026-09-25
1080.0,304,0,2027-06-18,2026-09-25
1100.0,512,0,2027-06-18,2026-09-25
1120.0,226,0,2027-06-18,2026-09-25
1140.0,151,0,2027-06-18,2026-09-25
1160.0,365,1,2027-06-18,2026-09-25
1180.0,232,0,2027-06-18,2026-09-25
1200.0,1135,1,2027-06-18,2026-09-25
1220.0,474,1,2027-06-18,2026-09-25
1240.0,358,0,2027-06-18,2026-09-25
1260.0,100,0,2027-06-18,2026-09-25
1280.0,102,0,2027-06-18,2026-09-25
1300.0,189,0,2027-06-18,2026-09-25
1310.0,30,0,2027-06-18,2026-09-25
1320.0,128,0,2027-06-18,2026-09-25
1330.0,48,0,2027-06-18,2026-09-25
1340.0,104,0,2027-06-18,2026-09-25
1350.0,150,0,2027-06-18,2026-09-25
1360.0,96,0,2027-06-18,2026-09-25
1370.0,89,0,2027-06-18,2026-09-25
1380.0,145,0,2027-06-18,2026-09-25
1390.0,81,0,2027-06-18,2026-09-25
1400.0,1182,0,2027-06-18,2026-09-25
1410.0,157,0,2027-06-18,2026-09-25
1420.0,630,0,2027-06-18,2026-09-25
1430.0,72,0,2027-06-18,2026-09-25
1440.0,85,0,2027-06-18,2026-09-25
1450.0,147,0,2027-06-18,2026-09-25
1460.0,320,0,2027-06-18,2026-09-25
1470.0,203,0,2027-06-18,2026-09-25
1480.0,2320,0,2027-06-18,2026-09-25
1490.0,101,0,2027-06-18,2026-09-25
5.0,1661,0,2027-09-18,2026-09-25
10.0,0,0,2027-09-18,2026-09-25
15.0,0,0,2027-09-18,2026-09-25
20.0,1,0,2027-09-18,2026-09-25
25.0,0,0,2027-09-18,2026-09-25
30.0,1,0,2027-09-18,2026-09-25
35.0,0,0,2027-09-18,2026-09-25
40.0,0,0,2027-09-18,2026-09-25
45.0,0,0,2027-09-18,2026-09-25
50.0,4,3,2027-09-18,2026-09-25
60.0,0,6,2027-09-18,2026-09-25
70.0,1,19,2027-09-18,2026-09-25
80.0,0,9,2027-09-18,2026-09-25
90.0,0,25,2027-09-18,2026-09-25
100.0,0,121,2027-09-18,2026-09-25
110.0,450,67,2027-09-18,2026-09-25
120.0,2,6,2027-09-18,2026-09-25
130.0,5,5,2027-09-18,2026-09-25
140.0,2,25,2027-09-18,2026-09-25
150.0,2,64,2027-09-18,2026-09-25
160.0,4,50,2027-09-18,2026-09-25
170.0,4,28,2027-09-18,2026-09-25
180.0,61,37,2027-09-18,2026-09-25
190.0,1,24,2027-09-18,2026-09-25
200.0,62,74,2027-09-18,2026-09-25
210.0,202,5,2027-09-18,2026-09-25
220.0,139,156,2027-09-18,2026-09-25
230.0,117,12,2027-09-18,2026-09-25
240.0,42,112,2027-09-18,2026-09-25
250.0,35,35,2027-09-18,2026-09-25
260.0,46,62,2027-09-18,2026-09-25
270.0,7,399,2027-09-18,2026-09-25
280.0,11,40,2027-09-18,2026-09-25
290.0,12,246,2027-09-18,2026-09-25
300.0,68,48,2027-09-18,2026-09-25
310.0,79,1061,2027-09-18,2026-09-25
320.0,19,79,2027-09-18,2026-09-25
330.0,17,280,2027-09-18,2026-09-25
340.0,36,50,2027-09-18,2026-09-25
350.0,28,203,2027-09-18,2026-09-25
360.0,34,90,2027-09-18,2026-09-25
370.0,12,86,2027-09-18,2026-09-25
380.0,38,180,2027-09-18,2026-09-25
390.0,143,121,2027-09-18,2026-09-25
400.0,170,1005,2027-09-18,2026-09-25
410.0,58,216,2027-09-18,2026-09-25
420.0,38,690,2027-09-18,2026-09-25
430.0,73,675,2027-09-18,2026-09-25
440.0,76,161,2027-09-18,2026-09-25
450.0,180,647,2027-09-18,2026-09-25
460.0,65,1281,2027-09-18,2026-09-25
470.0,105,738,2027-09-18,2026-09-25
480.0,150,432,2027-09-18,2026-09-25
490.0,0,63,2027-09-18,2026-09-25
490.0,25,268,2027-09-18,2026-09-25
500.0,258,1575,2027-09-18,2026-09-25
510.0,39,468,2027-09-18,2026-09-25
520.0,71,539,2027-09-18,2026-09-25
530.0,164,296,2027-09-18,2026-09-25
540.0,147,642,2027-09-18,2026-09-25
550.0,278,1156,2027-09-18,2026-09-25
560.0,100,215,2027-09-18,2026-09-25
570.0,129,392,2027-09-18,2026-09-25
580.0,303,187,2027-09-18,2026-09-25
590.0,80,0,2027-09-18,2026-09-25
590.0,154,227,2027-09-18,2026-09-25
600.0,1585,909,2027-09-18,2026-09-25
610.0,302,276,2027-09-18,2026-09-25
620.0,334,295,2027-09-18,2026-09-25
630.0,1726,148,2027-09-18,2026-09-25
640.0,271,509,2027-09-18,2026-09-25
650.0,644,652,2027-09-18,2026-09-25
660.0,202,117,2027-09-18,2026-09-25
670.0,192,90,2027-09-18,2026-09-25
680.0,337,230,2027-09-18,2026-09-25
690.0,263,155,2027-09-18,2026-09-25
700.0,1186,290,2027-09-18,2026-09-25
710.0,721,112,2027-09-18,2026-09-25
720.0,1001,92,2027-09-18,2026-09-25
730.0,272,149,2027-09-18,2026-09-25
740.0,346,695,2027-09-18,2026-09-25
750.0,63,0,2027-09-18,2026-09-25
750.0,539,112,2027-09-18,2026-09-25
760.0,601,21,2027-09-18,2026-09-25
770.0,234,34,2027-09-18,2026-09-25
780.0,2054,19,2027-09-18,2026-09-25
790.0,156,16,2027-09-18,2026-09-25
800.0,1346,490,2027-09-18,2026-09-25
810.0,312,21,2027-09-18,2026-09-25
820.0,267,5,2027-09-18,2026-09-25
830.0,150,60,2027-09-18,2026-09-25
840.0,257,24,2027-09-18,2026-09-25
850.0,764,8,2027-09-18,2026-09-25
860.0,146,8,2027-09-18,2026-09-25
870.0,474,5,2027-09-18,2026-09-25
880.0,1561,9,2027-09-18,2026-09-25
890.0,120,1,2027-09-18,2026-09-25
900.0,1612,8,2027-09-18,2026-09-25
910.0,172,1,2027-09-18,2026-09-25
920.0,1420,2,2027-09-18,2026-09-25
930.0,259,1,2027-09-18,2026-09-25
940.0,481,3,2027-09-18,2026-09-25
950.0,321,1,2027-09-18,2026-09-25
960.0,159,3,2027-09-18,2026-09-25
970.0,73,0,2027-09-18,2026-09-25
980.0,158,1,2027-09-18,2026-09-25
990.0,91,1,2027-09-18,2026-09-25
1000.0,689,4,2027-09-18,2026-09-25
1010.0,887,0,2027-09-18,2026-09-25
1020.0,51,0,2027-09-18,2026-09-25
1030.0,113,1,2027-09-18,2026-09-25
1040.0,19,0,2027-09-18,2026-09-25
1050.0,90,0,2027-09-18,2026-09-25
1060.0,76,0,2027-09-18,2026-09-25
1070.0,789,1,2027-09-18,2026-09-25
1080.0,482,0,2027-09-18,2026-09-25
1090.0,57,0,2027-09-18,2026-09-25
1100.0,525,0,2027-09-18,2026-09-25
1110.0,19,0,2027-09-18,2026-09-25
1120.0,53,0,2027-09-18,2026-09-25
1130.0,44,0,2027-09-18,2026-09-25
1140.0,15,0,2027-09-18,2026-09-25
1150.0,26,0,2027-09-18,2026-09-25
1160.0,213,1,2027-09-18,2026-09-25
1170.0,21,0,2027-09-18,2026-09-25
1180.0,112,0,2027-09-18,2026-09-25
1190.0,27,1,2027-09-18,2026-09-25
1200.0,104,1,2027-09-18,2026-09-25
1210.0,188,0,2027-09-18,2026-09-25
1220.0,31,2,2027-09-18,2026-09-25
1230.0,24,1,2027-09-18,2026-09-25
1240.0,212,0,2027-09-18,2026-09-25
1250.0,1134,1,2027-09-18,2026-09-25
1260.0,11,0,2027-09-18,2026-09-25
1270.0,33,0,2027-09-18,2026-09-25
1280.0,138,0,2027-09-18,2026-09-25
1290.0,138,0,2027-09-18,2026-09-25
1300.0,233,0,2027-09-18,2026-09-25
1310.0,67,0,2027-09-18,2026-09-25
1320.0,33,0,2027-09-18,2026-09-25
1330.0,30,0,2027-09-18,2026-09-25
1340.0,52,0,2027-09-18,2026-09-25
1350.0,20,0,2027-09-18,2026-09-25
1360.0,18,0,2027-09-18,2026-09-25
1370.0,39,0,2027-09-18,2026-09-25
1380.0,279,0,2027-09-18,2026-09-25
1390.0,42,0,2027-09-18,2026-09-25
1400.0,56,0,2027-09-18,2026-09-25
1410.0,12,0,2027-09-18,2026-09-25
1420.0,32,0,2027-09-18,2026-09-25
1430.0,93,0,2027-09-18,2026-09-25
1440.0,50,0,2027-09-18,2026-09-25
1450.0,191,0,2027-09-18,2026-09-25
1460.0,52,0,2027-09-18,2026-09-25
1470.0,78,0,2027-09-18,2026-09-25
1480.0,190,0,2027-09-18,2026-09-25
1490.0,107,0,2027-09-18,2026-09-25
740.66,538,0,2027-09-28,2026-09-25
5.0,7004,795,2027-12-18,2026-09-25
10.0,375,44,2027-12-18,2026-09-25
15.0,13,41,2027-12-18,2026-09-25
20.0,15,77,2027-12-18,2026-09-25
25.0,1,4,2027-12-18,2026-09-25
30.0,93,3,2027-12-18,2026-09-25
35.0,45,14,2027-12-18,2026-09-25
40.0,64,4,2027-12-18,2026-09-25
45.0,4,4,2027-12-18,2026-09-25
50.0,11,573,2027-12-18,2026-09-25
55.0,2,6,2027-12-18,2026-09-25
60.0,24,8,2027-12-18,2026-09-25
65.0,22,12,2027-12-18,2026-09-25
70.0,1,63,2027-12-18,2026-09-25
75.0,0,30,2027-12-18,2026-09-25
80.0,1,325,2027-12-18,2026-09-25
85.0,62,25,2027-12-18,2026-09-25
90.0,52,14,2027-12-18,2026-09-25
95.0,244,38,2027-12-18,2026-09-25
100.0,839,1140,2027-12-18,2026-09-25
110.0,278,129,2027-12-18,2026-09-25
120.0,144,194,2027-12-18,2026-09-25
130.0,98,91,2027-12-18,2026-09-25
140.0,93,23,2027-12-18,2026-09-25
150.0,55,2480,2027-12-18,2026-09-25
160.0,262,185,2027-12-18,2026-09-25
170.0,258,115,2027-12-18,2026-09-25
180.0,14,89,2027-12-18,2026-09-25
190.0,230,306,2027-12-18,2026-09-25
200.0,254,897,2027-12-18,2026-09-25
210.0,164,509,2027-12-18,2026-09-25
220.0,162,110,2027-12-18,2026-09-25
230.0,83,58,2027-12-18,2026-09-25
240.0,65,54,2027-12-18,2026-09-25
250.0,174,839,2027-12-18,2026-09-25
260.0,38,77,2027-12-18,2026-09-25
270.0,33,255,2027-12-18,2026-09-25
280.0,36,235,2027-12-18,2026-09-25
290.0,49,708,2027-12-18,2026-09-25
300.0,101,450,2027-12-18,2026-09-25
310.0,57,439,2027-12-18,2026-09-25
320.0,197,155,2027-12-18,2026-09-25
330.0,40,80,2027-12-18,2026-09-25
340.0,55,216,2027-12-18,2026-09-25
350.0,141,259,2027-12-18,2026-09-25
360.0,117,151,2027-12-18,2026-09-25
370.0,111,298,2027-12-18,2026-09-25
380.0,81,565,2027-12-18,2026-09-25
390.0,49,238,2027-12-18,2026-09-25
400.0,263,1626,2027-12-18,2026-09-25
410.0,31,358,2027-12-18,2026-09-25
420.0,121,811,2027-12-18,2026-09-25
430.0,98,406,2027-12-18,2026-09-25
440.0,47,760,2027-12-18,2026-09-25
450.0,120,1151,2027-12-18,2026-09-25
460.0,58,771,2027-12-18,2026-09-25
470.0,49,270,2027-12-18,2026-09-25
480.0,120,858,2027-12-18,2026-09-25
490.0,109,722,2027-12-18,2026-09-25
500.0,1611,2304,2027-12-18,2026-09-25
510.0,247,374,2027-12-18,2026-09-25
520.0,272,541,2027-12-18,2026-09-25
530.0,160,640,2027-12-18,2026-09-25
540.0,157,548,2027-12-18,2026-09-25
550.0,836,1424,2027-12-18,2026-09-25
560.0,173,517,2027-12-18,2026-09-25
570.0,0,12,2027-12-18,2026-09-25
570.0,299,730,2027-12-18,2026-09-25
580.0,318,648,2027-12-18,2026-09-25
590.0,289,296,2027-12-18,2026-09-25
600.0,1624,2296,2027-12-18,2026-09-25
610.0,337,571,2027-12-18,2026-09-25
620.0,423,221,2027-12-18,2026-09-25
630.0,224,145,2027-12-18,2026-09-25
640.0,376,530,2027-12-18,2026-09-25
650.0,2735,738,2027-12-18,2026-09-25
660.0,536,249,2027-12-18,2026-09-25
670.0,1248,534,2027-12-18,2026-09-25
680.0,1400,666,2027-12-18,2026-09-25
690.0,433,193,2027-12-18,2026-09-25
700.0,4473,486,2027-12-18,2026-09-25
710.0,403,252,2027-12-18,2026-09-25
720.0,1257,216,2027-12-18,2026-09-25
730.0,519,243,2027-12-18,2026-09-25
740.0,817,255,2027-12-18,2026-09-25
750.0,867,521,2027-12-18,2026-09-25
760.0,183,228,2027-12-18,2026-09-25
770.0,321,151,2027-12-18,2026-09-25
780.0,745,174,2027-12-18,2026-09-25
790.0,655,40,2027-12-18,2026-09-25
800.0,20,0,2027-12-18,2026-09-25
800.0,2126,128,2027-12-18,2026-09-25
803.0,54,54,2027-12-18,2026-09-25
810.0,455,78,2027-12-18,2026-09-25
820.0,306,76,2027-12-18,2026-09-25
830.0,507,29,2027-12-18,2026-09-25
840.0,298,94,2027-12-18,2026-09-25
850.0,524,75,2027-12-18,2026-09-25
860.0,200,34,2027-12-18,2026-09-25
870.0,183,53,2027-12-18,2026-09-25
880.0,157,8,2027-12-18,2026-09-25
890.0,116,40,2027-12-18,2026-09-25
900.0,2259,244,2027-12-18,2026-09-25
905.7,12,0,2027-12-18,2026-09-25
910.0,712,6,2027-12-18,2026-09-25
920.0,153,23,2027-12-18,2026-09-25
930.0,481,37,2027-12-18,2026-09-25
940.0,241,2,2027-12-18,2026-09-25
950.0,685,85,2027-12-18,2026-09-25
960.0,260,38,2027-12-18,2026-09-25
970.0,123,38,2027-12-18,2026-09-25
980.0,239,2,2027-12-18,2026-09-25
990.0,324,38,2027-12-18,2026-09-25
1000.0,2533,108,2027-12-18,2026-09-25
1010.0,749,2,2027-12-18,2026-09-25
1020.0,74,2,2027-12-18,2026-09-25
1030.0,1398,0,2027-12-18,2026-09-25
1040.0,215,0,2027-12-18,2026-09-25
1050.0,437,0,2027-12-18,2026-09-25
1060.0,258,0,2027-12-18,2026-09-25
1070.0,307,2,2027-12-18,2026-09-25
1080.0,216,3,2027-12-18,2026-09-25
1090.0,326,0,2027-12-18,2026-09-25
1100.0,1801,3,2027-12-18,2026-09-25
1110.0,91,2,2027-12-18,2026-09-25
1120.0,1512,0,2027-12-18,2026-09-25
1130.0,153,1,2027-12-18,2026-09-25
1140.0,43,0,2027-12-18,2026-09-25
1150.0,638,0,2027-12-18,2026-09-25
1160.0,88,0,2027-12-18,2026-09-25
1170.0,119,0,2027-12-18,2026-09-25
1180.0,65,0,2027-12-18,2026-09-25
1190.0,104,0,2027-12-18,2026-09-25
1200.0,798,1,2027-12-18,2026-09-25
1210.0,119,0,2027-12-18,2026-09-25
1220.0,210,0,2027-12-18,2026-09-25
1230.0,280,0,2027-12-18,2026-09-25
1240.0,133,0,2027-12-18,2026-09-25
1250.0,431,0,2027-12-18,2026-09-25
1260.0,109,0,2027-12-18,2026-09-25
1270.0,123,0,2027-12-18,2026-09-25
1280.0,294,0,2027-12-18,2026-09-25
1290.0,278,0,2027-12-18,2026-09-25
1300.0,5072,0,2027-12-18,2026-09-25
1310.0,28,0,2027-12-18,2026-09-25
1320.0,86,0,2027-12-18,2026-09-25
1330.0,8,0,2027-12-18,2026-09-25
1340.0,26,0,2027-12-18,2026-09-25
1350.0,77,0,2027-12-18,2026-09-25
1360.0,33,0,2027-12-18,2026-09-25
1370.0,4,0,2027-12-18,2026-09-25
1380.0,35,0,2027-12-18,2026-09-25
1390.0,10,0,2027-12-18,2026-09-25
1400.0,353,0,2027-12-18,2026-09-25
1410.0,11,0,2027-12-18,2026-09-25
1420.0,20,0,2027-12-18,2026-09-25
1430.0,56,0,2027-12-18,2026-09-25
1440.0,81,0,2027-12-18,2026-09-25
1450.0,863,0,2027-12-18,2026-09-25
1460.0,106,0,2027-12-18,2026-09-25
1470.0,481,0,2027-12-18,2026-09-25
1480.0,411,0,2027-12-18,2026-09-25
1490.0,47,0,2027-12-18,2026-09-25
5.0,1378,126,2028-01-22,2026-09-25
10.0,3,1,2028-01-22,2026-09-25
15.0,0,1,2028-01-22,2026-09-25
20.0,23,46,2028-01-22,2026-09-25
25.0,1,2,2028-01-22,2026-09-25
30.0,2,1,2028-01-22,2026-09-25
35.0,20,102,2028-01-22,2026-09-25
40.0,150,6,2028-01-22,2026-09-25
45.0,140,2,2028-01-22,2026-09-25
50.0,185,210,2028-01-22,2026-09-25
100.0,157,302,2028-01-22,2026-09-25
110.0,62,192,2028-01-22,2026-09-25
120.0,157,198,2028-01-22,2026-09-25
130.0,121,100,2028-01-22,2026-09-25
140.0,114,14,2028-01-22,2026-09-25
150.0,6,2429,2028-01-22,2026-09-25
160.0,141,65,2028-01-22,2026-09-25
170.0,66,84,2028-01-22,2026-09-25
180.0,50,199,2028-01-22,2026-09-25
190.0,18,522,2028-01-22,2026-09-25
200.0,115,789,2028-01-22,2026-09-25
210.0,170,124,2028-01-22,2026-09-25
220.0,107,121,2028-01-22,2026-09-25
230.0,155,27,2028-01-22,2026-09-25
240.0,8,79,2028-01-22,2026-09-25
250.0,127,210,2028-01-22,2026-09-25
260.0,66,112,2028-01-22,2026-09-25
270.0,76,120,2028-01-22,2026-09-25
280.0,37,4068,2028-01-22,2026-09-25
290.0,20,73,2028-01-22,2026-09-25
300.0,4,0,2028-01-22,2026-09-25
300.0,128,2530,2028-01-22,2026-09-25
310.0,75,142,2028-01-22,2026-09-25
320.0,84,161,2028-01-22,2026-09-25
330.0,41,137,2028-01-22,2026-09-25
340.0,141,545,2028-01-22,2026-09-25
350.0,121,1832,2028-01-22,2026-09-25
360.0,81,488,2028-01-22,2026-09-25
370.0,30,2338,2028-01-22,2026-09-25
380.0,95,796,2028-01-22,2026-09-25
390.0,96,421,2028-01-22,2026-09-25
400.0,352,1942,2028-01-22,2026-09-25
410.0,90,409,2028-01-22,2026-09-25
420.0,63,395,2028-01-22,2026-09-25
430.0,63,291,2028-01-22,2026-09-25
440.0,97,1289,2028-01-22,2026-09-25
450.0,207,1389,2028-01-22,2026-09-25
460.0,63,376,2028-01-22,2026-09-25
470.0,43,1288,2028-01-22,2026-09-25
480.0,306,649,2028-01-22,2026-09-25
490.0,70,883,2028-01-22,2026-09-25
500.0,1417,4688,2028-01-22,2026-09-25
510.0,622,545,2028-01-22,2026-09-25
520.0,695,1091,2028-01-22,2026-09-25
530.0,162,682,2028-01-22,2026-09-25
540.0,1715,574,2028-01-22,2026-09-25
550.0,728,2731,2028-01-22,2026-09-25
560.0,218,655,2028-01-22,2026-09-25
570.0,196,725,2028-01-22,2026-09-25
580.0,468,849,2028-01-22,2026-09-25
590.0,373,435,2028-01-22,2026-09-25
593.0,0,36,2028-01-22,2026-09-25
600.0,4,0,2028-01-22,2026-09-25
600.0,2895,2850,2028-01-22,2026-09-25
610.0,621,596,2028-01-22,2026-09-25
620.0,438,540,2028-01-22,2026-09-25
630.0,520,422,2028-01-22,2026-09-25
640.0,569,515,2028-01-22,2026-09-25
650.0,1965,697,2028-01-22,2026-09-25
660.0,649,776,2028-01-22,2026-09-25
670.0,1136,365,2028-01-22,2026-09-25
680.0,1148,527,2028-01-22,2026-09-25
690.0,508,367,2028-01-22,2026-09-25
700.0,4341,2140,2028-01-22,2026-09-25
710.0,278,119,2028-01-22,2026-09-25
720.0,621,708,2028-01-22,2026-09-25
724.0,36,0,2028-01-22,2026-09-25
730.0,387,137,2028-01-22,2026-09-25
740.0,770,210,2028-01-22,2026-09-25
750.0,2142,464,2028-01-22,2026-09-25
760.0,1040,189,2028-01-22,2026-09-25
770.0,368,98,2028-01-22,2026-09-25
780.0,263,88,2028-01-22,2026-09-25
790.0,313,75,2028-01-22,2026-09-25
800.0,3256,1180,2028-01-22,2026-09-25
810.0,454,52,2028-01-22,2026-09-25
820.0,835,79,2028-01-22,2026-09-25
830.0,655,16,2028-01-22,2026-09-25
840.0,416,28,2028-01-22,2026-09-25
850.0,2699,204,2028-01-22,2026-09-25
860.0,707,58,2028-01-22,2026-09-25
870.0,1322,23,2028-01-22,2026-09-25
880.0,198,9,2028-01-22,2026-09-25
890.0,2095,12,2028-01-22,2026-09-25
900.0,2944,337,2028-01-22,2026-09-25
910.0,485,1,2028-01-22,2026-09-25
920.0,747,208,2028-01-22,2026-09-25
930.0,1982,7,2028-01-22,2026-09-25
940.0,529,10,2028-01-22,2026-09-25
950.0,1895,106,2028-01-22,2026-09-25
960.0,1007,18,2028-01-22,2026-09-25
970.0,305,11,2028-01-22,2026-09-25
980.0,612,9,2028-01-22,2026-09-25
990.0,2286,27,2028-01-22,2026-09-25
1000.0,15992,480,2028-01-22,2026-09-25
1010.0,369,4,2028-01-22,2026-09-25
1020.0,4288,10022,2028-01-22,2026-09-25
1030.0,139,3,2028-01-22,2026-09-25
1040.0,406,2,2028-01-22,2026-09-25
1050.0,3432,1,2028-01-22,2026-09-25
1060.0,1036,0,2028-01-22,2026-09-25
1070.0,4182,0,2028-01-22,2026-09-25
1080.0,187,1,2028-01-22,2026-09-25
1090.0,1695,0,2028-01-22,2026-09-25
1100.0,6758,0,2028-01-22,2026-09-25
1100.01,15225,0,2028-01-22,2026-09-25
1110.0,175,1,2028-01-22,2026-09-25
1120.0,134,0,2028-01-22,2026-09-25
1130.0,502,16,2028-01-22,2026-09-25
1140.0,159,2,2028-01-22,2026-09-25
1150.0,230,1,2028-01-22,2026-09-25
1160.0,189,1,2028-01-22,2026-09-25
1170.0,187,15,2028-01-22,2026-09-25
1180.0,100,0,2028-01-22,2026-09-25
1190.0,294,1,2028-01-22,2026-09-25
1200.0,7751,18,2028-01-22,2026-09-25
1210.0,339,0,2028-01-22,2026-09-25
1220.0,151,0,2028-01-22,2026-09-25
1230.0,246,1,2028-01-22,2026-09-25
1240.0,105,0,2028-01-22,2026-09-25
1250.0,388,0,2028-01-22,2026-09-25
1260.0,140,0,2028-01-22,2026-09-25
1270.0,7866,0,2028-01-22,2026-09-25
1280.0,312,0,2028-01-22,2026-09-25
1300.0,2588,0,2028-01-22,2026-09-25
1320.0,268,0,2028-01-22,2026-09-25
1340.0,154,0,2028-01-22,2026-09-25
1350.0,288,0,2028-01-22,2026-09-25
1360.0,186,0,2028-01-22,2026-09-25
1380.0,258,0,2028-01-22,2026-09-25
1400.0,518,2,2028-01-22,2026-09-25
1420.0,137,0,2028-01-22,2026-09-25
1430.0,280,0,2028-01-22,2026-09-25
1440.0,342,0,2028-01-22,2026-09-25
1450.0,273,0,2028-01-22,2026-09-25
1460.0,276,0,2028-01-22,2026-09-25
1470.0,327,0,2028-01-22,2026-09-25
1480.0,385,0,2028-01-22,2026-09-25
1490.0,304,0,2028-01-22,2026-09-25
1500.0,9833,1,2028-01-22,2026-09-25
5.0,694,255,2028-06-17,2026-09-25
10.0,1,0,2028-06-17,2026-09-25
15.0,0,0,2028-06-17,2026-09-25
20.0,1,0,2028-06-17,2026-09-25
25.0,0,0,2028-06-17,2026-09-25
30.0,0,0,2028-06-17,2026-09-25
35.0,0,0,2028-06-17,2026-09-25
40.0,1,0,2028-06-17,2026-09-25
45.0,0,0,2028-06-17,2026-09-25
50.0,0,352,2028-06-17,2026-09-25
55.0,0,103,2028-06-17,2026-09-25
60.0,1,353,2028-06-17,2026-09-25
65.0,1,60,2028-06-17,2026-09-25
70.0,4,55,2028-06-17,2026-09-25
75.0,0,58,2028-06-17,2026-09-25
80.0,0,0,2028-06-17,2026-09-25
85.0,0,3,2028-06-17,2026-09-25
90.0,0,5,2028-06-17,2026-09-25
95.0,0,5,2028-06-17,2026-09-25
100.0,2,75,2028-06-17,2026-09-25
105.0,1,84,2028-06-17,2026-09-25
110.0,0,16,2028-06-17,2026-09-25
115.0,2,0,2028-06-17,2026-09-25
120.0,48,5,2028-06-17,2026-09-25
125.0,3,1,2028-06-17,2026-09-25
130.0,34,1,2028-06-17,2026-09-25
135.0,33,6,2028-06-17,2026-09-25
140.0,3,9,2028-06-17,2026-09-25
145.0,0,1203,2028-06-17,2026-09-25
150.0,22,339,2028-06-17,2026-09-25
155.0,0,971,2028-06-17,2026-09-25
160.0,11,542,2028-06-17,2026-09-25
165.0,22,44,2028-06-17,2026-09-25
170.0,15,4,2028-06-17,2026-09-25
175.0,2,314,2028-06-17,2026-09-25
180.0,11,51,2028-06-17,2026-09-25
185.0,41,12,2028-06-17,2026-09-25
190.0,13,1162,2028-06-17,2026-09-25
195.0,1,322,2028-06-17,2026-09-25
200.0,70,1079,2028-06-17,2026-09-25
205.0,1,630,2028-06-17,2026-09-25
210.0,2,267,2028-06-17,2026-09-25
215.0,5,1164,2028-06-17,2026-09-25
220.0,14,20,2028-06-17,2026-09-25
225.0,12,348,2028-06-17,2026-09-25
230.0,6,1016,2028-06-17,2026-09-25
235.0,15,698,2028-06-17,2026-09-25
240.0,34,296,2028-06-17,2026-09-25
245.0,2,33,2028-06-17,2026-09-25
250.0,18,103,2028-06-17,2026-09-25
255.0,11,22,2028-06-17,2026-09-25
260.0,22,31,2028-06-17,2026-09-25
270.0,21,25,2028-06-17,2026-09-25
280.0,14,32,2028-06-17,2026-09-25
290.0,16,105,2028-06-17,2026-09-25
300.0,37,1880,2028-06-17,2026-09-25
310.0,36,208,2028-06-17,2026-09-25
320.0,52,1208,2028-06-17,2026-09-25
330.0,28,30,2028-06-17,2026-09-25
340.0,55,190,2028-06-17,2026-09-25
350.0,32,185,2028-06-17,2026-09-25
360.0,40,70,2028-06-17,2026-09-25
370.0,21,206,2028-06-17,2026-09-25
380.0,34,67,2028-06-17,2026-09-25
390.0,31,30,2028-06-17,2026-09-25
400.0,284,692,2028-06-17,2026-09-25
410.0,14,251,2028-06-17,2026-09-25
420.0,29,236,2028-06-17,2026-09-25
430.0,43,539,2028-06-17,2026-09-25
440.0,43,58,2028-06-17,2026-09-25
450.0,73,710,2028-06-17,2026-09-25
460.0,23,121,2028-06-17,2026-09-25
470.0,23,323,2028-06-17,2026-09-25
480.0,32,475,2028-06-17,2026-09-25
490.0,25,219,2028-06-17,2026-09-25
500.0,224,1179,2028-06-17,2026-09-25
510.0,46,85,2028-06-17,2026-09-25
520.0,48,180,2028-06-17,2026-09-25
530.0,109,360,2028-06-17,2026-09-25
540.0,123,127,2028-06-17,2026-09-25
550.0,551,1131,2028-06-17,2026-09-25
560.0,89,338,2028-06-17,2026-09-25
570.0,166,320,2028-06-17,2026-09-25
580.0,102,330,2028-06-17,2026-09-25
590.0,114,134,2028-06-17,2026-09-25
600.0,600,401,2028-06-17,2026-09-25
610.0,91,47,2028-06-17,2026-09-25
612.0,0,20,2028-06-17,2026-09-25
620.0,119,52,2028-06-17,2026-09-25
630.0,93,126,2028-06-17,2026-09-25
640.0,116,92,2028-06-17,2026-09-25
650.0,234,134,2028-06-17,2026-09-25
660.0,128,129,2028-06-17,2026-09-25
670.0,685,312,2028-06-17,2026-09-25
680.0,154,50,2028-06-17,2026-09-25
690.0,115,126,2028-06-17,2026-09-25
700.0,1105,168,2028-06-17,2026-09-25
710.0,203,102,2028-06-17,2026-09-25
720.0,389,139,2028-06-17,2026-09-25
730.0,202,139,2028-06-17,2026-09-25
740.0,111,13,2028-06-17,2026-09-25
750.0,194,54,2028-06-17,2026-09-25
760.0,101,51,2028-06-17,2026-09-25
770.0,167,2,2028-06-17,2026-09-25
780.0,99,46,2028-06-17,2026-09-25
790.0,171,52,2028-06-17,2026-09-25
800.0,763,457,2028-06-17,2026-09-25
810.0,128,9,2028-06-17,2026-09-25
820.0,114,5,2028-06-17,2026-09-25
830.0,26,11,2028-06-17,2026-09-25
840.0,793,10,2028-06-17,2026-09-25
850.0,160,2,2028-06-17,2026-09-25
860.0,109,4,2028-06-17,2026-09-25
870.0,424,3,2028-06-17,2026-09-25
880.0,68,1,2028-06-17,2026-09-25
890.0,55,12,2028-06-17,2026-09-25
900.0,272,4,2028-06-17,2026-09-25
910.0,65,1,2028-06-17,2026-09-25
920.0,37,2,2028-06-17,2026-09-25
930.0,27,0,2028-06-17,2026-09-25
940.0,236,53,2028-06-17,2026-09-25
950.0,145,11,2028-06-17,2026-09-25
960.0,36,32,2028-06-17,2026-09-25
970.0,163,1,2028-06-17,2026-09-25
972.4,20,0,2028-06-17,2026-09-25
980.0,79,33,2028-06-17,2026-09-25
990.0,74,1,2028-06-17,2026-09-25
1000.0,739,5,2028-06-17,2026-09-25
1010.0,1096,14,2028-06-17,2026-09-25
1020.0,757,28,2028-06-17,2026-09-25
1030.0,236,1,2028-06-17,2026-09-25
1040.0,115,5,2028-06-17,2026-09-25
1050.0,105,7,2028-06-17,2026-09-25
1060.0,259,2,2028-06-17,2026-09-25
1070.0,85,11,2028-06-17,2026-09-25
1080.0,125,5,2028-06-17,2026-09-25
1090.0,43,16,2028-06-17,2026-09-25
1100.0,222,11,2028-06-17,2026-09-25
1110.0,164,0,2028-06-17,2026-09-25
1120.0,255,1,2028-06-17,2026-09-25
1130.0,186,0,2028-06-17,2026-09-25
1140.0,1282,0,2028-06-17,2026-09-25
1150.0,94,0,2028-06-17,2026-09-25
1160.0,1619,0,2028-06-17,2026-09-25
1170.0,96,0,2028-06-17,2026-09-25
1180.0,81,0,2028-06-17,2026-09-25
1190.0,30,0,2028-06-17,2026-09-25
1200.0,5438,3,2028-06-17,2026-09-25
1210.0,85,4,2028-06-17,2026-09-25
1220.0,68,1,2028-06-17,2026-09-25
1230.0,35,1,2028-06-17,2026-09-25
1240.0,49,0,2028-06-17,2026-09-25
1250.0,65,0,2028-06-17,2026-09-25
1260.0,50,0,2028-06-17,2026-09-25
1270.0,62,10,2028-06-17,2026-09-25
1280.0,52,3,2028-06-17,2026-09-25
1290.0,55,0,2028-06-17,2026-09-25
1300.0,158,0,2028-06-17,2026-09-25
1310.0,63,0,2028-06-17,2026-09-25
1320.0,54,0,2028-06-17,2026-09-25
1330.0,39,0,2028-06-17,2026-09-25
1340.0,51,0,2028-06-17,2026-09-25
1350.0,146,1,2028-06-17,2026-09-25
1360.0,147,0,2028-06-17,2026-09-25
1370.0,67,1,2028-06-17,2026-09-25
1380.0,15,0,2028-06-17,2026-09-25
1390.0,50,0,2028-06-17,2026-09-25
1400.0,1492,0,2028-06-17,2026-09-25
1410.0,1516,0,2028-06-17,2026-09-25
1420.0,171,0,2028-06-17,2026-09-25
1430.0,81,0,2028-06-17,2026-09-25
1440.0,78,0,2028-06-17,2026-09-25
1450.0,154,0,2028-06-17,2026-09-25
1460.0,87,0,2028-06-17,2026-09-25
1470.0,114,0,2028-06-17,2026-09-25
1480.0,312,0,2028-06-17,2026-09-25
1490.0,170,0,2028-06-17,2026-09-25
5.0,3946,50,2028-12-16,2026-09-25
10.0,937,2,2028-12-16,2026-09-25
15.0,14,0,2028-12-16,2026-09-25
20.0,17,0,2028-12-16,2026-09-25
25.0,1,0,2028-12-16,2026-09-25
30.0,1,0,2028-12-16,2026-09-25
35.0,0,0,2028-12-16,2026-09-25
40.0,3,26,2028-12-16,2026-09-25
45.0,4,51,2028-12-16,2026-09-25
50.0,2,362,2028-12-16,2026-09-25
55.0,1,35,2028-12-16,2026-09-25
60.0,2,354,2028-12-16,2026-09-25
65.0,0,74,2028-12-16,2026-09-25
70.0,0,62,2028-12-16,2026-09-25
75.0,2,76,2028-12-16,2026-09-25
80.0,0,108,2028-12-16,2026-09-25
85.0,0,8,2028-12-16,2026-09-25
90.0,8,12,2028-12-16,2026-09-25
95.0,1,12,2028-12-16,2026-09-25
100.0,4,2559,2028-12-16,2026-09-25
105.0,18,9,2028-12-16,2026-09-25
110.0,23,6,2028-12-16,2026-09-25
115.0,6,4,2028-12-16,2026-09-25
120.0,23,8,2028-12-16,2026-09-25
125.0,18,0,2028-12-16,2026-09-25
130.0,5,58,2028-12-16,2026-09-25
135.0,32,21,2028-12-16,2026-09-25
140.0,61,59,2028-12-16,2026-09-25
145.0,14,9,2028-12-16,2026-09-25
150.0,6,131,2028-12-16,2026-09-25
155.0,26,395,2028-12-16,2026-09-25
160.0,18,63,2028-12-16,2026-09-25
165.0,13,13,2028-12-16,2026-09-25
170.0,45,25,2028-12-16,2026-09-25
175.0,41,61,2028-12-16,2026-09-25
180.0,13,61,2028-12-16,2026-09-25
185.0,31,11,2028-12-16,2026-09-25
190.0,25,75,2028-12-16,2026-09-25
195.0,46,773,2028-12-16,2026-09-25
200.0,171,207,2028-12-16,2026-09-25
210.0,39,56,2028-12-16,2026-09-25
220.0,122,47,2028-12-16,2026-09-25
230.0,56,56,2028-12-16,2026-09-25
240.0,163,60,2028-12-16,2026-09-25
250.0,116,152,2028-12-16,2026-09-25
260.0,53,81,2028-12-16,2026-09-25
270.0,64,39,2028-12-16,2026-09-25
280.0,36,61,2028-12-16,2026-09-25
290.0,42,84,2028-12-16,2026-09-25
300.0,963,1267,2028-12-16,2026-09-25
310.0,247,559,2028-12-16,2026-09-25
320.0,55,154,2028-12-16,2026-09-25
330.0,18,190,2028-12-16,2026-09-25
340.0,38,81,2028-12-16,2026-09-25
350.0,112,416,2028-12-16,2026-09-25
360.0,356,379,2028-12-16,2026-09-25
370.0,47,234,2028-12-16,2026-09-25
380.0,87,441,2028-12-16,2026-09-25
390.0,40,56,2028-12-16,2026-09-25
400.0,411,1542,2028-12-16,2026-09-25
410.0,96,340,2028-12-16,2026-09-25
420.0,59,73,2028-12-16,2026-09-25
430.0,56,383,2028-12-16,2026-09-25
440.0,127,356,2028-12-16,2026-09-25
450.0,195,1782,2028-12-16,2026-09-25
460.0,38,186,2028-12-16,2026-09-25
470.0,36,425,2028-12-16,2026-09-25
480.0,59,650,2028-12-16,2026-09-25
490.0,113,506,2028-12-16,2026-09-25
500.0,1244,3458,2028-12-16,2026-09-25
510.0,100,503,2028-12-16,2026-09-25
520.0,131,609,2028-12-16,2026-09-25
530.0,398,436,2028-12-16,2026-09-25
540.0,1174,730,2028-12-16,2026-09-25
550.0,879,1118,2028-12-16,2026-09-25
560.0,328,363,2028-12-16,2026-09-25
570.0,557,410,2028-12-16,2026-09-25
580.0,780,235,2028-12-16,2026-09-25
590.0,566,472,2028-12-16,2026-09-25
600.0,3153,1160,2028-12-16,2026-09-25
610.0,505,277,2028-12-16,2026-09-25
620.0,347,382,2028-12-16,2026-09-25
630.0,221,238,2028-12-16,2026-09-25
640.0,3019,300,2028-12-16,2026-09-25
650.0,2750,770,2028-12-16,2026-09-25
660.0,2413,192,2028-12-16,2026-09-25
670.0,567,628,2028-12-16,2026-09-25
680.0,240,144,2028-12-16,2026-09-25
690.0,374,120,2028-12-16,2026-09-25
700.0,2354,652,2028-12-16,2026-09-25
710.0,963,123,2028-12-16,2026-09-25
720.0,215,45,2028-12-16,2026-09-25
730.0,1571,115,2028-12-16,2026-09-25
740.0,1671,25,2028-12-16,2026-09-25
750.0,599,365,2028-12-16,2026-09-25
760.0,244,115,2028-12-16,2026-09-25
770.0,123,75,2028-12-16,2026-09-25
780.0,298,41,2028-12-16,2026-09-25
790.0,526,57,2028-12-16,2026-09-25
800.0,1660,183,2028-12-16,2026-09-25
810.0,818,57,2028-12-16,2026-09-25
820.0,134,25,2028-12-16,2026-09-25
830.0,240,22,2028-12-16,2026-09-25
840.0,199,20,2028-12-16,2026-09-25
850.0,542,32,2028-12-16,2026-09-25
860.0,257,24,2028-12-16,2026-09-25
870.0,572,47,2028-12-16,2026-09-25
880.0,229,210,2028-12-16,2026-09-25
890.0,81,122,2028-12-16,2026-09-25
900.0,887,212,2028-12-16,2026-09-25
910.0,347,46,2028-12-16,2026-09-25
920.0,310,70,2028-12-16,2026-09-25
930.0,516,2,2028-12-16,2026-09-25
940.0,684,81,2028-12-16,2026-09-25
950.0,379,76,2028-12-16,2026-09-25
960.0,73,4,2028-12-16,2026-09-25
970.0,151,85,2028-12-16,2026-09-25
980.0,88,23,2028-12-16,2026-09-25
990.0,188,24,2028-12-16,2026-09-25
1000.0,2397,118,2028-12-16,2026-09-25
1010.0,102,145,2028-12-16,2026-09-25
1020.0,84,5,2028-12-16,2026-09-25
1030.0,84,130,2028-12-16,2026-09-25
1040.0,58,19,2028-12-16,2026-09-25
1050.0,290,214,2028-12-16,2026-09-25
1060.0,80,14,2028-12-16,2026-09-25
1070.0,19,5,2028-12-16,2026-09-25
1080.0,360,55,2028-12-16,2026-09-25
1090.0,595,21,2028-12-16,2026-09-25
1100.0,2432,128,2028-12-16,2026-09-25
1110.0,344,6,2028-12-16,2026-09-25
1120.0,66,79,2028-12-16,2026-09-25
1130.0,93,4,2028-12-16,2026-09-25
1140.0,1216,0,2028-12-16,2026-09-25
1150.0,180,1,2028-12-16,2026-09-25
1160.0,352,0,2028-12-16,2026-09-25
1170.0,183,0,2028-12-16,2026-09-25
1180.0,519,0,2028-12-16,2026-09-25
1190.0,29,0,2028-12-16,2026-09-25
1200.0,793,4,2028-12-16,2026-09-25
1210.0,54,1,2028-12-16,2026-09-25
1220.0,98,1,2028-12-16,2026-09-25
1230.0,19,20,2028-12-16,2026-09-25
1240.0,26,0,2028-12-16,2026-09-25
1250.0,1042,0,2028-12-16,2026-09-25
1260.0,85,0,2028-12-16,2026-09-25
1270.0,42,1,2028-12-16,2026-09-25
1280.0,143,10,2028-12-16,2026-09-25
1290.0,199,0,2028-12-16,2026-09-25
1300.0,236,1,2028-12-16,2026-09-25
1310.0,2284,0,2028-12-16,2026-09-25
1320.0,25,1,2028-12-16,2026-09-25
1330.0,876,2,2028-12-16,2026-09-25
1340.0,36,0,2028-12-16,2026-09-25
1350.0,202,1,2028-12-16,2026-09-25
1360.0,142,1,2028-12-16,2026-09-25
1370.0,157,10,2028-12-16,2026-09-25
1380.0,141,10,2028-12-16,2026-09-25
1390.0,55,1,2028-12-16,2026-09-25
1400.0,2377,5,2028-12-16,2026-09-25
1410.0,167,0,2028-12-16,2026-09-25
1420.0,70,1,2028-12-16,2026-09-25
1430.0,59,0,2028-12-16,2026-09-25
1440.0,78,0,2028-12-16,2026-09-25
1450.0,1643,0,2028-12-16,2026-09-25
1460.0,1113,0,2028-12-16,2026-09-25
1470.0,268,1,2028-12-16,2026-09-25
1480.0,4669,0,2028-12-16,2026-09-25
1490.0,201,0,2028-12-16,2026-09-25
200.0,5,53,2029-01-20,2026-09-25
220.0,0,0,2029-01-20,2026-09-25
240.0,2,4,2029-01-20,2026-09-25
260.0,1,12,2029-01-20,2026-09-25
280.0,1,16,2029-01-20,2026-09-25
300.0,5,12,2029-01-20,2026-09-25
320.0,1,5,2029-01-20,2026-09-25
340.0,3,16,2029-01-20,2026-09-25
350.0,5,2,2029-01-20,2026-09-25
360.0,6,10,2029-01-20,2026-09-25
370.0,0,2,2029-01-20,2026-09-25
380.0,0,2,2029-01-20,2026-09-25
390.0,1,0,2029-01-20,2026-09-25
400.0,0,75,2029-01-20,2026-09-25
400.0,19,16,2029-01-20,2026-09-25
410.0,0,1,2029-01-20,2026-09-25
420.0,50,5,2029-01-20,2026-09-25
430.0,0,1,2029-01-20,2026-09-25
440.0,0,100,2029-01-20,2026-09-25
440.0,3,4,2029-01-20,2026-09-25
450.0,2,3,2029-01-20,2026-09-25
460.0,10,7,2029-01-20,2026-09-25
470.0,0,0,2029-01-20,2026-09-25
480.0,10,5,2029-01-20,2026-09-25
490.0,1,2,2029-01-20,2026-09-25
500.0,0,50,2029-01-20,2026-09-25
500.0,57,72,2029-01-20,2026-09-25
510.0,0,0,2029-01-20,2026-09-25
520.0,1,4,2029-01-20,2026-09-25
530.0,0,3,2029-01-20,2026-09-25
540.0,2,2,2029-01-20,2026-09-25
550.0,6,13,2029-01-20,2026-09-25
560.0,3278,21,2029-01-20,2026-09-25
570.0,6,7,2029-01-20,2026-09-25
580.0,10,4,2029-01-20,2026-09-25
590.0,6,1,2029-01-20,2026-09-25
593.0,0,12,2029-01-20,2026-09-25
600.0,54,22,2029-01-20,2026-09-25
610.0,1,3,2029-01-20,2026-09-25
620.0,78,22,2029-01-20,2026-09-25
630.0,0,16,2029-01-20,2026-09-25
640.0,11,6,2029-01-20,2026-09-25
650.0,31,19,2029-01-20,2026-09-25
660.0,94,33,2029-01-20,2026-09-25
670.0,39,20,2029-01-20,2026-09-25
680.0,89,5,2029-01-20,2026-09-25
690.0,39,19,2029-01-20,2026-09-25
700.0,67,37,2029-01-20,2026-09-25
710.0,32,37,2029-01-20,2026-09-25
720.0,61,38,2029-01-20,2026-09-25
730.0,47,15,2029-01-20,2026-09-25
740.0,29,8,2029-01-20,2026-09-25
750.0,383,9,2029-01-20,2026-09-25
760.0,25,8,2029-01-20,2026-09-25
770.0,12,0,2029-01-20,2026-09-25
770.0,7,5,2029-01-20,2026-09-25
780.0,45,9,2029-01-20,2026-09-25
790.0,163,0,2029-01-20,2026-09-25
800.0,271,21,2029-01-20,2026-09-25
810.0,44,16,2029-01-20,2026-09-25
820.0,16,10,2029-01-20,2026-09-25
830.0,4,33,2029-01-20,2026-09-25
840.0,20,20,2029-01-20,2026-09-25
850.0,18,0,2029-01-20,2026-09-25
860.0,2,0,2029-01-20,2026-09-25
870.0,4,1,2029-01-20,2026-09-25
880.0,5,12,2029-01-20,2026-09-25
890.0,30,0,2029-01-20,2026-09-25
900.0,81,2,2029-01-20,2026-09-25
910.0,9,0,2029-01-20,2026-09-25
920.0,3,0,2029-01-20,2026-09-25
930.0,0,0,2029-01-20,2026-09-25
940.0,0,0,2029-01-20,2026-09-25
950.0,12,0,2029-01-20,2026-09-25
960.0,32,0,2029-01-20,2026-09-25
980.0,1,0,2029-01-20,2026-09-25
1000.0,117,7,2029-01-20,2026-09-25
1020.0,8,0,2029-01-20,2026-09-25
1040.0,5,0,2029-01-20,2026-09-25
1060.0,2,0,2029-01-20,2026-09-25
1080.0,1,0,2029-01-20,2026-09-25
1100.0,19,1,2029-01-20,2026-09-25
1120.0,104,0,2029-01-20,2026-09-25
1140.0,4,0,2029-01-20,2026-09-25
1160.0,3,0,2029-01-20,2026-09-25
1180.0,1,0,2029-01-20,2026-09-25
1200.0,61,31,2029-01-20,2026-09-25
1220.0,1,0,2029-01-20,2026-09-25
1240.0,0,0,2029-01-20,2026-09-25
1260.0,2,0,2029-01-20,2026-09-25
1280.0,1,0,2029-01-20,2026-09-25
1300.0,14,31,2029-01-20,2026-09-25
1320.0,75,5,2029-01-20,2026-09-25
1330.0,0,0,2029-01-20,2026-09-25
1340.0,0,0,2029-01-20,2026-09-25
1350.0,25,0,2029-01-20,2026-09-25
1360.0,0,0,2029-01-20,2026-09-25
1370.0,0,0,2029-01-20,2026-09-25
1380.0,4,0,2029-01-20,2026-09-25
1390.0,0,0,2029-01-20,2026-09-25
1400.0,1,0,2029-01-20,2026-09-25
1410.0,0,0,2029-01-20,2026-09-25
1420.0,0,0,2029-01-20,2026-09-25
1430.0,0,0,2029-01-20,2026-09-25
1440.0,1,0,2029-01-20,2026-09-25
1450.0,2,0,2029-01-20,2026-09-25
1460.0,15,0,2029-01-20,2026-09-25
1470.0,20,0,2029-01-20,2026-09-25
1480.0,12,1,2029-01-20,2026-09-25
1490.0,131,0,2029-01-20,2026-09-25
605.13,0,18,2029-02-17,2026-09-25
770.0,18,0,2029-02-17,2026-09-25
605.0,0,18,2029-12-22,2026-09-25
620.0,0,18,2029-12-22,2026-09-25
833.35,18,0,2029-12-22,2026-09-25
873.09,20,20,2029-12-22,2026-09-25
889.87,18,0,2029-12-22,2026-09-25
485.0,0,31,2030-01-19,2026-09-25
490.0,0,60,2030-01-19,2026-09-25
593.0,0,36,2030-02-16,2026-09-25
885.0,36,0,2030-02-16,2026-09-25
610.0,0,18,2030-06-22,2026-09-25
943.37,18,0,2030-06-22,2026-09-25
400.0,0,75,2031-01-18,2026-09-25
600.0,0,12,2031-01-18,2026-09-25
964.63,12,0,2031-01-18,2026-09-25
