Strike,Call,Put,Expiry,Date
5.0,187,427,2026-09-19,2026-09-18
10.0,8,3,2026-09-19,2026-09-18
15.0,44,162,2026-09-19,2026-09-18
20.0,8,35,2026-09-19,2026-09-18
25.0,14,19,2026-09-19,2026-09-18
30.0,0,622,2026-09-19,2026-09-18
35.0,0,1185,2026-09-19,2026-09-18
40.0,0,1526,2026-09-19,2026-09-18
45.0,0,10126,2026-09-19,2026-09-18
50.0,94,3636,2026-09-19,2026-09-18
55.0,75,308,2026-09-19,2026-09-18
60.0,14,1239,2026-09-19,2026-09-18
65.0,20,951,2026-09-19,2026-09-18
70.0,18,651,2026-09-19,2026-09-18
75.0,49,1700,2026-09-19,2026-09-18
80.0,377,603,2026-09-19,2026-09-18
85.0,421,2959,2026-09-19,2026-09-18
90.0,288,2237,2026-09-19,2026-09-18
95.0,191,673,2026-09-19,2026-09-18
100.0,87,2390,2026-09-19,2026-09-18
105.0,94,799,2026-09-19,2026-09-18
110.0,172,1244,2026-09-19,2026-09-18
115.0,244,685,2026-09-19,2026-09-18
120.0,540,816,2026-09-19,2026-09-18
125.0,196,593,2026-09-19,2026-09-18
130.0,1142,1704,2026-09-19,2026-09-18
135.0,173,1693,2026-09-19,2026-09-18
140.0,236,3712,2026-09-19,2026-09-18
145.0,125,910,2026-09-19,2026-09-18
150.0,293,3127,2026-09-19,2026-09-18
155.0,161,492,2026-09-19,2026-09-18
160.0,163,1387,2026-09-19,2026-09-18
165.0,154,907,2026-09-19,2026-09-18
170.0,190,868,2026-09-19,2026-09-18
175.0,122,537,2026-09-19,2026-09-18
180.0,338,3157,2026-09-19,2026-09-18
185.0,1043,1914,2026-09-19,2026-09-18
190.0,529,2621,2026-09-19,2026-09-18
195.0,996,1569,2026-09-19,2026-09-18
200.0,546,7695,2026-09-19,2026-09-18
210.0,133,1848,2026-09-19,2026-09-18
220.0,183,2723,2026-09-19,2026-09-18
230.0,307,4586,2026-09-19,2026-09-18
240.0,376,1488,2026-09-19,2026-09-18
250.0,599,5481,2026-09-19,2026-09-18
260.0,302,5659,2026-09-19,2026-09-18
270.0,200,2092,2026-09-19,2026-09-18
280.0,214,1652,2026-09-19,2026-09-18
290.0,150,3346,2026-09-19,2026-09-18
300.0,548,7059,2026-09-19,2026-09-18
310.0,253,1697,2026-09-19,2026-09-18
320.0,845,2128,2026-09-19,2026-09-18
330.0,336,3784,2026-09-19,2026-09-18
340.0,309,1783,2026-09-19,2026-09-18
350.0,606,4180,2026-09-19,2026-09-18
360.0,756,2046,2026-09-19,2026-09-18
370.0,718,2840,2026-09-19,2026-09-18
380.0,504,4807,2026-09-19,2026-09-18
390.0,357,2263,2026-09-19,2026-09-18
400.0,2120,16122,2026-09-19,2026-09-18
410.0,1327,2630,2026-09-19,2026-09-18
420.0,524,1975,2026-09-19,2026-09-18
430.0,582,1660,2026-09-19,2026-09-18
440.0,811,1696,2026-09-19,2026-09-18
450.0,1388,3963,2026-09-19,2026-09-18
460.0,415,5217,2026-09-19,2026-09-18
470.0,220,3853,2026-09-19,2026-09-18
480.0,665,981,2026-09-19,2026-09-18
490.0,456,622,2026-09-19,2026-09-18
500.0,3526,9619,2026-09-19,2026-09-18
510.0,296,393,2026-09-19,2026-09-18
520.0,858,1647,2026-09-19,2026-09-18
530.0,411,490,2026-09-19,2026-09-18
540.0,293,675,2026-09-19,2026-09-18
550.0,1836,2355,2026-09-19,2026-09-18
560.0,712,8684,2026-09-19,2026-09-18
570.0,768,1409,2026-09-19,2026-09-18
580.0,392,725,2026-09-19,2026-09-18
590.0,438,1627,2026-09-19,2026-09-18
600.0,2481,30426,2026-09-19,2026-09-18
610.0,271,1403,2026-09-19,2026-09-18
620.0,657,1119,2026-09-19,2026-09-18
630.0,197,3391,2026-09-19,2026-09-18
640.0,284,1682,2026-09-19,2026-09-18
650.0,823,4627,2026-09-19,2026-09-18
660.0,411,1673,2026-09-19,2026-09-18
670.0,713,920,2026-09-19,2026-09-18
680.0,727,4393,2026-09-19,2026-09-18
680.01,5000,0,2026-09-19,2026-09-18
690.0,380,1329,2026-09-19,2026-09-18
700.0,2891,8671,2026-09-19,2026-09-18
705.0,9,3,2026-09-19,2026-09-18
710.0,342,880,2026-09-19,2026-09-18
715.0,1,5,2026-09-19,2026-09-18
720.0,226,1181,2026-09-19,2026-09-18
725.0,0,151,2026-09-19,2026-09-18
730.0,342,1134,2026-09-19,2026-09-18
735.0,0,162,2026-09-19,2026-09-18
740.0,1427,1102,2026-09-19,2026-09-18
745.0,5,71,2026-09-19,2026-09-18
750.0,1396,6558,2026-09-19,2026-09-18
755.0,0,40,2026-09-19,2026-09-18
760.0,354,2006,2026-09-19,2026-09-18
765.0,0,147,2026-09-19,2026-09-18
770.0,336,1552,2026-09-19,2026-09-18
775.0,0,145,2026-09-19,2026-09-18
780.0,690,2567,2026-09-19,2026-09-18
785.0,1,5,2026-09-19,2026-09-18
790.0,402,1481,2026-09-19,2026-09-18
795.0,0,170,2026-09-19,2026-09-18
800.0,3237,10826,2026-09-19,2026-09-18
805.0,0,115,2026-09-19,2026-09-18
810.0,1240,1240,2026-09-19,2026-09-18
810.0,628,2200,2026-09-19,2026-09-18
815.0,4,312,2026-09-19,2026-09-18
820.0,683,2112,2026-09-19,2026-09-18
825.0,8,612,2026-09-19,2026-09-18
830.0,3540,3540,2026-09-19,2026-09-18
830.0,375,4600,2026-09-19,2026-09-18
835.0,6,528,2026-09-19,2026-09-18
840.0,363,2223,2026-09-19,2026-09-18
845.0,11,295,2026-09-19,2026-09-18
850.0,1599,6552,2026-09-19,2026-09-18
855.0,45,665,2026-09-19,2026-09-18
860.0,470,2448,2026-09-19,2026-09-18
865.0,35,603,2026-09-19,2026-09-18
870.0,676,2689,2026-09-19,2026-09-18
875.0,117,1378,2026-09-19,2026-09-18
880.0,1136,1136,2026-09-19,2026-09-18
880.0,1343,2050,2026-09-19,2026-09-18
885.0,54,550,2026-09-19,2026-09-18
890.0,881,2291,2026-09-19,2026-09-18
895.0,154,1182,2026-09-19,2026-09-18
900.0,1950,1999,2026-09-19,2026-09-18
900.0,4101,7281,2026-09-19,2026-09-18
905.0,266,1120,2026-09-19,2026-09-18
910.0,3807,2461,2026-09-19,2026-09-18
915.0,319,1287,2026-09-19,2026-09-18
920.0,600,600,2026-09-19,2026-09-18
920.0,2092,5167,2026-09-19,2026-09-18
925.0,772,1984,2026-09-19,2026-09-18
930.0,1789,3319,2026-09-19,2026-09-18
935.0,248,248,2026-09-19,2026-09-18
935.0,671,2055,2026-09-19,2026-09-18
940.0,1325,3970,2026-09-19,2026-09-18
942.5,328,504,2026-09-19,2026-09-18
945.0,610,670,2026-09-19,2026-09-18
950.0,4035,4035,2026-09-19,2026-09-18
950.0,4119,5157,2026-09-19,2026-09-18
952.5,207,423,2026-09-19,2026-09-18
955.0,752,886,2026-09-19,2026-09-18
957.5,189,1890,2026-09-19,2026-09-18
960.0,999,999,2026-09-19,2026-09-18
960.0,2942,2605,2026-09-19,2026-09-18
965.0,1029,1323,2026-09-19,2026-09-18
970.0,150,150,2026-09-19,2026-09-18
970.0,2148,1829,2026-09-19,2026-09-18
975.0,4671,2162,2026-09-19,2026-09-18
980.0,7800,7800,2026-09-19,2026-09-18
980.0,3858,1990,2026-09-19,2026-09-18
985.0,2077,603,2026-09-19,2026-09-18
990.0,5596,991,2026-09-19,2026-09-18
995.0,4740,287,2026-09-19,2026-09-18
1000.0,2500,2500,2026-09-19,2026-09-18
1000.0,16069,2663,2026-09-19,2026-09-18
1005.0,5426,447,2026-09-19,2026-09-18
1010.0,894,894,2026-09-19,2026-09-18
1010.0,3578,612,2026-09-19,2026-09-18
1015.0,525,525,2026-09-19,2026-09-18
1015.0,1423,206,2026-09-19,2026-09-18
1020.0,6163,514,2026-09-19,2026-09-18
1025.0,2292,52,2026-09-19,2026-09-18
1030.0,3212,627,2026-09-19,2026-09-18
1035.0,1034,24,2026-09-19,2026-09-18
1040.0,3570,134,2026-09-19,2026-09-18
1045.0,1030,19,2026-09-19,2026-09-18
1050.0,1250,1250,2026-09-19,2026-09-18
1050.0,8394,659,2026-09-19,2026-09-18
1055.0,660,29,2026-09-19,2026-09-18
1060.0,2134,227,2026-09-19,2026-09-18
1065.0,580,4,2026-09-19,2026-09-18
1070.0,1190,4,2026-09-19,2026-09-18
1075.0,1092,1,2026-09-19,2026-09-18
1080.0,1698,4,2026-09-19,2026-09-18
1085.0,377,0,2026-09-19,2026-09-18
1090.0,2066,33,2026-09-19,2026-09-18
1095.0,383,0,2026-09-19,2026-09-18
1100.0,180,150,2026-09-19,2026-09-18
1100.0,11206,14,2026-09-19,2026-09-18
1105.0,161,0,2026-09-19,2026-09-18
1110.0,1084,8,2026-09-19,2026-09-18
1115.0,395,0,2026-09-19,2026-09-18
1120.0,1236,22,2026-09-19,2026-09-18
1125.0,659,0,2026-09-19,2026-09-18
1130.0,1171,8,2026-09-19,2026-09-18
1135.0,364,0,2026-09-19,2026-09-18
1140.0,619,17,2026-09-19,2026-09-18
1145.0,54,1,2026-09-19,2026-09-18
1150.0,6470,13,2026-09-19,2026-09-18
1155.0,146,0,2026-09-19,2026-09-18
1160.0,571,5,2026-09-19,2026-09-18
1165.0,43,0,2026-09-19,2026-09-18
1170.0,777,0,2026-09-19,2026-09-18
1175.0,64,0,2026-09-19,2026-09-18
1180.0,1278,2,2026-09-19,2026-09-18
1185.0,80,0,2026-09-19,2026-09-18
1190.0,384,3,2026-09-19,2026-09-18
1195.0,69,0,2026-09-19,2026-09-18
1200.0,10,0,2026-09-19,2026-09-18
1200.0,7234,10,2026-09-19,2026-09-18
1205.0,85,0,2026-09-19,2026-09-18
1210.0,648,5,2026-09-19,2026-09-18
1215.0,55,0,2026-09-19,2026-09-18
1220.0,1224,3,2026-09-19,2026-09-18
1225.0,74,0,2026-09-19,2026-09-18
1230.0,1089,0,2026-09-19,2026-09-18
1235.0,73,0,2026-09-19,2026-09-18
1240.0,934,1,2026-09-19,2026-09-18
1245.0,12,0,2026-09-19,2026-09-18
1250.0,3078,5,2026-09-19,2026-09-18
1255.0,11,0,2026-09-19,2026-09-18
1260.0,678,0,2026-09-19,2026-09-18
1270.0,1818,0,2026-09-19,2026-09-18
1280.0,645,0,2026-09-19,2026-09-18
1290.0,457,1,2026-09-19,2026-09-18
1300.0,7513,0,2026-09-19,2026-09-18
1310.0,260,0,2026-09-19,2026-09-18
1320.0,20,0,2026-09-19,2026-09-18
1320.0,429,0,2026-09-19,2026-09-18
1330.0,10,0,2026-09-19,2026-09-18
1330.0,463,0,2026-09-19,2026-09-18
1340.0,234,0,2026-09-19,2026-09-18
1350.0,1437,0,2026-09-19,2026-09-18
1360.0,346,0,2026-09-19,2026-09-18
1370.0,255,0,2026-09-19,2026-09-18
1380.0,505,0,2026-09-19,2026-09-18
1390.0,401,0,2026-09-19,2026-09-18
1400.0,2571,0,2026-09-19,2026-09-18
1410.0,343,0,2026-09-19,2026-09-18
1420.0,504,0,2026-09-19,2026-09-18
1430.0,590,0,2026-09-19,2026-09-18
1440.0,768,0,2026-09-19,2026-09-18
1450.0,1744,0,2026-09-19,2026-09-18
1460.0,20,0,2026-09-19,2026-09-18
1460.0,575,0,2026-09-19,2026-09-18
1470.0,435,0,2026-09-19,2026-09-18
1480.0,437,0,2026-09-19,2026-09-18
1490.0,322,0,2026-09-19,2026-09-18
1500.0,9289,0,2026-09-19,2026-09-18
1510.0,325,0,2026-09-19,2026-09-18
1520.0,631,0,2026-09-19,2026-09-18
1530.0,217,0,2026-09-19,2026-09-18
1540.0,467,0,2026-09-19,2026-09-18
1550.0,707,0,2026-09-19,2026-09-18
1560.0,205,0,2026-09-19,2026-09-18
1570.0,197,0,2026-09-19,2026-09-18
1580.0,760,0,2026-09-19,2026-09-18
1590.0,198,0,2026-09-19,2026-09-18
1600.0,2371,0,2026-09-19,2026-09-18
1610.0,233,0,2026-09-19,2026-09-18
1620.0,309,0,2026-09-19,2026-09-18
1630.0,659,0,2026-09-19,2026-09-18
1640.0,346,0,2026-09-19,2026-09-18
1650.0,495,0,2026-09-19,2026-09-18
1660.0,319,0,2026-09-19,2026-09-18
1670.0,117,0,2026-09-19,2026-09-18
1680.0,115,0,2026-09-19,2026-09-18
1690.0,130,0,2026-09-19,2026-09-18
1700.0,895,0,2026-09-19,2026-09-18
1710.0,232,0,2026-09-19,2026-09-18
1720.0,198,0,2026-09-19,2026-09-18
1730.0,168,0,2026-09-19,2026-09-18
1740.0,73,0,2026-09-19,2026-09-18
1750.0,304,0,2026-09-19,2026-09-18
1760.0,270,0,2026-09-19,2026-09-18
1770.0,274,0,2026-09-19,2026-09-18
1780.0,166,0,2026-09-19,2026-09-18
1790.0,216,0,2026-09-19,2026-09-18
1800.0,1195,0,2026-09-19,2026-09-18
1810.0,175,0,2026-09-19,2026-09-18
1820.0,390,0,2026-09-19,2026-09-18
1830.0,396,0,2026-09-19,2026-09-18
1840.0,118,0,2026-09-19,2026-09-18
1850.0,222,0,2026-09-19,2026-09-18
1860.0,292,0,2026-09-19,2026-09-18
1870.0,447,0,2026-09-19,2026-09-18
1880.0,67,0,2026-09-19,2026-09-18
1890.0,120,0,2026-09-19,2026-09-18
1900.0,594,0,2026-09-19,2026-09-18
1910.0,546,0,2026-09-19,2026-09-18
1920.0,321,0,2026-09-19,2026-09-18
1930.0,267,0,2026-09-19,2026-09-18
1940.0,116,0,2026-09-19,2026-09-18
1950.0,336,0,2026-09-19,2026-09-18
1960.0,193,0,2026-09-19,2026-09-18
1970.0,251,0,2026-09-19,2026-09-18
1980.0,310,0,2026-09-19,2026-09-18
1990.0,836,0,2026-09-19,2026-09-18
2000.0,2784,0,2026-09-19,2026-09-18
2010.0,175,0,2026-09-19,2026-09-18
2020.0,206,0,2026-09-19,2026-09-18
2030.0,584,0,2026-09-19,2026-09-18
2040.0,191,0,2026-09-19,2026-09-18
2050.0,356,0,2026-09-19,2026-09-18
2060.0,506,0,2026-09-19,2026-09-18
2070.0,410,0,2026-09-19,2026-09-18
2080.0,138,0,2026-09-19,2026-09-18
2090.0,167,0,2026-09-19,2026-09-18
2100.0,341,0,2026-09-19,2026-09-18
2110.0,124,0,2026-09-19,2026-09-18
2120.0,77,0,2026-09-19,2026-09-18
2130.0,126,0,2026-09-19,2026-09-18
2140.0,194,0,2026-09-19,2026-09-18
2150.0,150,0,2026-09-19,2026-09-18
2160.0,137,0,2026-09-19,2026-09-18
2170.0,1156,0,2026-09-19,2026-09-18
2180.0,245,0,2026-09-19,2026-09-18
2190.0,318,0,2026-09-19,2026-09-18
2200.0,751,0,2026-09-19,2026-09-18
2210.0,227,0,2026-09-19,2026-09-18
2220.0,397,0,2026-09-19,2026-09-18
2230.0,200,0,2026-09-19,2026-09-18
2240.0,63,0,2026-09-19,2026-09-18
2250.0,174,0,2026-09-19,2026-09-18
2260.0,191,0,2026-09-19,2026-09-18
2270.0,161,0,2026-09-19,2026-09-18
2280.0,135,0,2026-09-19,2026-09-18
2290.0,482,0,2026-09-19,2026-09-18
2300.0,180,0,2026-09-19,2026-09-18
2310.0,175,0,2026-09-19,2026-09-18
2320.0,136,0,2026-09-19,2026-09-18
2330.0,232,0,2026-09-19,2026-09-18
2340.0,180,0,2026-09-19,2026-09-18
2350.0,192,0,2026-09-19,2026-09-18
2360.0,243,0,2026-09-19,2026-09-18
2370.0,214,0,2026-09-19,2026-09-18
2380.0,182,0,2026-09-19,2026-09-18
2390.0,238,0,2026-09-19,2026-09-18
2400.0,566,0,2026-09-19,2026-09-18
2410.0,246,0,2026-09-19,2026-09-18
2420.0,347,0,2026-09-19,2026-09-18
2440.0,307,0,2026-09-19,2026-09-18
2460.0,261,0,2026-09-19,2026-09-18
2480.0,1169,0,2026-09-19,2026-09-18
2500.0,8465,0,2026-09-19,2026-09-18
700.0,1,4,2026-09-22,2026-09-18
705.0,0,19,2026-09-22,2026-09-18
710.0,0,6,2026-09-22,2026-09-18
715.0,0,9,2026-09-22,2026-09-18
720.0,0,5,2026-09-22,2026-09-18
725.0,0,73,2026-09-22,2026-09-18
730.0,0,36,2026-09-22,2026-09-18
735.0,0,3,2026-09-22,2026-09-18
740.0,0,1,2026-09-22,2026-09-18
745.0,0,1,2026-09-22,2026-09-18
750.0,0,24,2026-09-22,2026-09-18
755.0,0,34,2026-09-22,2026-09-18
760.0,0,36,2026-09-22,2026-09-18
765.0,0,1,2026-09-22,2026-09-18
770.0,0,5,2026-09-22,2026-09-18
775.0,0,7,2026-09-22,2026-09-18
780.0,0,3,2026-09-22,2026-09-18
785.0,0,9,2026-09-22,2026-09-18
790.0,0,4,2026-09-22,2026-09-18
795.0,0,21,2026-09-22,2026-09-18
800.0,0,73,2026-09-22,2026-09-18
805.0,0,138,2026-09-22,2026-09-18
810.0,0,440,2026-09-22,2026-09-18
815.0,0,238,2026-09-22,2026-09-18
820.0,3,137,2026-09-22,2026-09-18
825.0,10,205,2026-09-22,2026-09-18
830.0,0,128,2026-09-22,2026-09-18
835.0,0,443,2026-09-22,2026-09-18
840.0,0,232,2026-09-22,2026-09-18
845.0,0,347,2026-09-22,2026-09-18
850.0,7,1057,2026-09-22,2026-09-18
855.0,1,45,2026-09-22,2026-09-18
860.0,1,132,2026-09-22,2026-09-18
865.0,7,92,2026-09-22,2026-09-18
870.0,13,134,2026-09-22,2026-09-18
875.0,18,86,2026-09-22,2026-09-18
880.0,24,408,2026-09-22,2026-09-18
885.0,13,107,2026-09-22,2026-09-18
890.0,21,184,2026-09-22,2026-09-18
895.0,25,1438,2026-09-22,2026-09-18
900.0,80,1118,2026-09-22,2026-09-18
905.0,117,507,2026-09-22,2026-09-18
910.0,120,597,2026-09-22,2026-09-18
915.0,154,310,2026-09-22,2026-09-18
920.0,256,592,2026-09-22,2026-09-18
925.0,125,423,2026-09-22,2026-09-18
930.0,814,654,2026-09-22,2026-09-18
935.0,237,150,2026-09-22,2026-09-18
940.0,163,2010,2026-09-22,2026-09-18
945.0,136,1085,2026-09-22,2026-09-18
950.0,1989,233,2026-09-22,2026-09-18
955.0,63,99,2026-09-22,2026-09-18
960.0,572,212,2026-09-22,2026-09-18
965.0,242,167,2026-09-22,2026-09-18
970.0,330,140,2026-09-22,2026-09-18
975.0,1071,249,2026-09-22,2026-09-18
980.0,961,216,2026-09-22,2026-09-18
985.0,364,79,2026-09-22,2026-09-18
990.0,252,60,2026-09-22,2026-09-18
995.0,176,52,2026-09-22,2026-09-18
1000.0,1207,97,2026-09-22,2026-09-18
1005.0,172,43,2026-09-22,2026-09-18
1010.0,293,25,2026-09-22,2026-09-18
1015.0,213,24,2026-09-22,2026-09-18
1020.0,443,26,2026-09-22,2026-09-18
1025.0,2097,29,2026-09-22,2026-09-18
1030.0,660,44,2026-09-22,2026-09-18
1035.0,1495,22,2026-09-22,2026-09-18
1040.0,241,35,2026-09-22,2026-09-18
1045.0,573,14,2026-09-22,2026-09-18
1050.0,494,2,2026-09-22,2026-09-18
1055.0,97,10,2026-09-22,2026-09-18
1060.0,136,10,2026-09-22,2026-09-18
1065.0,90,10,2026-09-22,2026-09-18
1070.0,180,10,2026-09-22,2026-09-18
1075.0,96,4,2026-09-22,2026-09-18
1080.0,134,0,2026-09-22,2026-09-18
1085.0,91,0,2026-09-22,2026-09-18
1090.0,42,0,2026-09-22,2026-09-18
1095.0,36,0,2026-09-22,2026-09-18
1100.0,600,0,2026-09-22,2026-09-18
1105.0,38,0,2026-09-22,2026-09-18
1110.0,123,0,2026-09-22,2026-09-18
1115.0,53,0,2026-09-22,2026-09-18
1120.0,114,0,2026-09-22,2026-09-18
1125.0,71,0,2026-09-22,2026-09-18
1130.0,68,0,2026-09-22,2026-09-18
1135.0,35,0,2026-09-22,2026-09-18
1140.0,35,0,2026-09-22,2026-09-18
1145.0,9,0,2026-09-22,2026-09-18
1150.0,102,0,2026-09-22,2026-09-18
1155.0,78,0,2026-09-22,2026-09-18
1160.0,33,0,2026-09-22,2026-09-18
1165.0,73,0,2026-09-22,2026-09-18
1170.0,3,0,2026-09-22,2026-09-18
1175.0,7,0,2026-09-22,2026-09-18
1180.0,52,0,2026-09-22,2026-09-18
1185.0,90,0,2026-09-22,2026-09-18
1190.0,9,0,2026-09-22,2026-09-18
1195.0,8,0,2026-09-22,2026-09-18
1200.0,417,0,2026-09-22,2026-09-18
1205.0,6,0,2026-09-22,2026-09-18
1210.0,13,0,2026-09-22,2026-09-18
1215.0,19,0,2026-09-22,2026-09-18
1220.0,25,0,2026-09-22,2026-09-18
1225.0,16,0,2026-09-22,2026-09-18
1230.0,28,0,2026-09-22,2026-09-18
1235.0,30,0,2026-09-22,2026-09-18
1240.0,531,0,2026-09-22,2026-09-18
1245.0,11,0,2026-09-22,2026-09-18
1250.0,47,0,2026-09-22,2026-09-18
1255.0,10,0,2026-09-22,2026-09-18
1260.0,30,0,2026-09-22,2026-09-18
1270.0,14,0,2026-09-22,2026-09-18
1280.0,10,0,2026-09-22,2026-09-18
1290.0,12,0,2026-09-22,2026-09-18
1300.0,61,0,2026-09-22,2026-09-18
1310.0,38,0,2026-09-22,2026-09-18
1320.0,4,0,2026-09-22,2026-09-18
1330.0,0,0,2026-09-22,2026-09-18
1340.0,0,0,2026-09-22,2026-09-18
1350.0,4,0,2026-09-22,2026-09-18
1360.0,0,0,2026-09-22,2026-09-18
1370.0,0,0,2026-09-22,2026-09-18
1380.0,0,0,2026-09-22,2026-09-18
1390.0,0,0,2026-09-22,2026-09-18
1400.0,1,0,2026-09-22,2026-09-18
600.0,0,19,2026-09-24,2026-09-18
605.0,0,9,2026-09-24,2026-09-18
610.0,0,16,2026-09-24,2026-09-18
615.0,0,3,2026-09-24,2026-09-18
620.0,0,15,2026-09-24,2026-09-18
625.0,0,13,2026-09-24,2026-09-18
630.0,0,11,2026-09-24,2026-09-18
635.0,0,25,2026-09-24,2026-09-18
640.0,0,10,2026-09-24,2026-09-18
645.0,0,1,2026-09-24,2026-09-18
650.0,0,45,2026-09-24,2026-09-18
655.0,0,1,2026-09-24,2026-09-18
660.0,0,11,2026-09-24,2026-09-18
665.0,0,4,2026-09-24,2026-09-18
670.0,0,1,2026-09-24,2026-09-18
675.0,0,4,2026-09-24,2026-09-18
680.0,0,2,2026-09-24,2026-09-18
685.0,0,4,2026-09-24,2026-09-18
690.0,0,8,2026-09-24,2026-09-18
695.0,0,3,2026-09-24,2026-09-18
700.0,1,3,2026-09-24,2026-09-18
705.0,0,4,2026-09-24,2026-09-18
710.0,0,1,2026-09-24,2026-09-18
715.0,0,2,2026-09-24,2026-09-18
720.0,0,3,2026-09-24,2026-09-18
725.0,0,2,2026-09-24,2026-09-18
730.0,2,1,2026-09-24,2026-09-18
735.0,0,1,2026-09-24,2026-09-18
740.0,0,18,2026-09-24,2026-09-18
745.0,0,1,2026-09-24,2026-09-18
750.0,0,0,2026-09-24,2026-09-18
755.0,0,1,2026-09-24,2026-09-18
760.0,0,0,2026-09-24,2026-09-18
765.0,0,0,2026-09-24,2026-09-18
770.0,0,0,2026-09-24,2026-09-18
775.0,0,2,2026-09-24,2026-09-18
780.0,0,1,2026-09-24,2026-09-18
785.0,0,0,2026-09-24,2026-09-18
790.0,0,0,2026-09-24,2026-09-18
795.0,0,1,2026-09-24,2026-09-18
800.0,0,6,2026-09-24,2026-09-18
805.0,0,4,2026-09-24,2026-09-18
810.0,0,0,2026-09-24,2026-09-18
815.0,0,1,2026-09-24,2026-09-18
820.0,0,12,2026-09-24,2026-09-18
825.0,0,2,2026-09-24,2026-09-18
830.0,0,1,2026-09-24,2026-09-18
835.0,0,0,2026-09-24,2026-09-18
840.0,0,0,2026-09-24,2026-09-18
845.0,0,6,2026-09-24,2026-09-18
850.0,1,67,2026-09-24,2026-09-18
855.0,0,5,2026-09-24,2026-09-18
860.0,0,7,2026-09-24,2026-09-18
865.0,1,117,2026-09-24,2026-09-18
870.0,1,41,2026-09-24,2026-09-18
875.0,3,33,2026-09-24,2026-09-18
880.0,10,165,2026-09-24,2026-09-18
885.0,6,38,2026-09-24,2026-09-18
890.0,1,74,2026-09-24,2026-09-18
895.0,7,40,2026-09-24,2026-09-18
900.0,14,118,2026-09-24,2026-09-18
905.0,108,25,2026-09-24,2026-09-18
910.0,6,39,2026-09-24,2026-09-18
915.0,9,91,2026-09-24,2026-09-18
920.0,27,69,2026-09-24,2026-09-18
925.0,58,133,2026-09-24,2026-09-18
930.0,153,360,2026-09-24,2026-09-18
935.0,53,91,2026-09-24,2026-09-18
940.0,65,426,2026-09-24,2026-09-18
945.0,24,85,2026-09-24,2026-09-18
950.0,86,188,2026-09-24,2026-09-18
955.0,30,25,2026-09-24,2026-09-18
960.0,188,62,2026-09-24,2026-09-18
965.0,263,39,2026-09-24,2026-09-18
970.0,108,32,2026-09-24,2026-09-18
975.0,270,130,2026-09-24,2026-09-18
980.0,149,90,2026-09-24,2026-09-18
985.0,100,23,2026-09-24,2026-09-18
990.0,100,7,2026-09-24,2026-09-18
995.0,88,11,2026-09-24,2026-09-18
1000.0,437,9,2026-09-24,2026-09-18
1005.0,66,3,2026-09-24,2026-09-18
1010.0,106,2,2026-09-24,2026-09-18
1015.0,482,0,2026-09-24,2026-09-18
1020.0,211,0,2026-09-24,2026-09-18
1025.0,139,6,2026-09-24,2026-09-18
1030.0,49,2,2026-09-24,2026-09-18
1035.0,69,0,2026-09-24,2026-09-18
1040.0,25,0,2026-09-24,2026-09-18
1045.0,17,0,2026-09-24,2026-09-18
1050.0,138,4,2026-09-24,2026-09-18
1055.0,40,0,2026-09-24,2026-09-18
1060.0,100,0,2026-09-24,2026-09-18
1065.0,72,0,2026-09-24,2026-09-18
1070.0,65,0,2026-09-24,2026-09-18
1075.0,13,0,2026-09-24,2026-09-18
1080.0,180,0,2026-09-24,2026-09-18
1085.0,17,0,2026-09-24,2026-09-18
1090.0,19,0,2026-09-24,2026-09-18
1095.0,132,0,2026-09-24,2026-09-18
1100.0,47,4,2026-09-24,2026-09-18
1105.0,20,0,2026-09-24,2026-09-18
1110.0,5,0,2026-09-24,2026-09-18
1115.0,0,0,2026-09-24,2026-09-18
1120.0,7,0,2026-09-24,2026-09-18
1125.0,5,0,2026-09-24,2026-09-18
1130.0,6,0,2026-09-24,2026-09-18
1135.0,0,0,2026-09-24,2026-09-18
1140.0,2,0,2026-09-24,2026-09-18
1145.0,37,0,2026-09-24,2026-09-18
1150.0,8,0,2026-09-24,2026-09-18
1155.0,4,0,2026-09-24,2026-09-18
1160.0,0,0,2026-09-24,2026-09-18
1165.0,2,0,2026-09-24,2026-09-18
1170.0,1,0,2026-09-24,2026-09-18
1180.0,0,0,2026-09-24,2026-09-18
1190.0,0,0,2026-09-24,2026-09-18
1200.0,1,0,2026-09-24,2026-09-18
1210.0,0,0,2026-09-24,2026-09-18
1220.0,2,0,2026-09-24,2026-09-18
1230.0,2,0,2026-09-24,2026-09-18
1240.0,0,0,2026-09-24,2026-09-18
1250.0,7,0,2026-09-24,2026-09-18
1260.0,0,0,2026-09-24,2026-09-18
1270.0,0,0,2026-09-24,2026-09-18
1280.0,0,0,2026-09-24,2026-09-18
1290.0,0,0,2026-09-24,2026-09-18
1300.0,0,0,2026-09-24,2026-09-18
1310.0,0,0,2026-09-24,2026-09-18
1320.0,0,0,2026-09-24,2026-09-18
1330.0,0,0,2026-09-24,2026-09-18
1340.0,1,0,2026-09-24,2026-09-18
1350.0,5,0,2026-09-24,2026-09-18
1360.0,9,0,2026-09-24,2026-09-18
1370.0,2,0,2026-09-24,2026-09-18
1380.0,5,0,2026-09-24,2026-09-18
1390.0,7,0,2026-09-24,2026-09-18
1400.0,9,0,2026-09-24,2026-09-18
394.6,0,0,2026-09-25,2026-09-18
1180.03,365,365,2026-09-25,2026-09-18
100.0,0,8,2026-09-26,2026-09-18
105.0,0,0,2026-09-26,2026-09-18
110.0,0,0,2026-09-26,2026-09-18
115.0,0,1,2026-09-26,2026-09-18
120.0,0,0,2026-09-26,2026-09-18
125.0,0,0,2026-09-26,2026-09-18
130.0,0,1,2026-09-26,2026-09-18
135.0,0,0,2026-09-26,2026-09-18
140.0,1,0,2026-09-26,2026-09-18
145.0,0,2,2026-09-26,2026-09-18
150.0,0,0,2026-09-26,2026-09-18
155.0,1,1,2026-09-26,2026-09-18
160.0,0,1,2026-09-26,2026-09-18
165.0,0,1,2026-09-26,2026-09-18
170.0,0,2,2026-09-26,2026-09-18
175.0,0,0,2026-09-26,2026-09-18
180.0,0,0,2026-09-26,2026-09-18
185.0,1,0,2026-09-26,2026-09-18
190.0,0,1,2026-09-26,2026-09-18
195.0,0,0,2026-09-26,2026-09-18
200.0,0,1,2026-09-26,2026-09-18
205.0,0,0,2026-09-26,2026-09-18
210.0,0,0,2026-09-26,2026-09-18
215.0,0,0,2026-09-26,2026-09-18
220.0,6,1,2026-09-26,2026-09-18
225.0,0,74,2026-09-26,2026-09-18
230.0,0,1692,2026-09-26,2026-09-18
235.0,0,119,2026-09-26,2026-09-18
240.0,0,142,2026-09-26,2026-09-18
245.0,0,133,2026-09-26,2026-09-18
250.0,0,81,2026-09-26,2026-09-18
255.0,0,43,2026-09-26,2026-09-18
260.0,0,456,2026-09-26,2026-09-18
265.0,0,327,2026-09-26,2026-09-18
270.0,0,365,2026-09-26,2026-09-18
275.0,3,61,2026-09-26,2026-09-18
280.0,1,88,2026-09-26,2026-09-18
285.0,0,160,2026-09-26,2026-09-18
290.0,1,183,2026-09-26,2026-09-18
295.0,0,265,2026-09-26,2026-09-18
300.0,0,797,2026-09-26,2026-09-18
305.0,0,157,2026-09-26,2026-09-18
310.0,0,61,2026-09-26,2026-09-18
315.0,0,118,2026-09-26,2026-09-18
320.0,1,122,2026-09-26,2026-09-18
325.0,1,327,2026-09-26,2026-09-18
330.0,0,125,2026-09-26,2026-09-18
335.0,0,425,2026-09-26,2026-09-18
340.0,0,60,2026-09-26,2026-09-18
345.0,0,63,2026-09-26,2026-09-18
350.0,0,347,2026-09-26,2026-09-18
355.0,0,51,2026-09-26,2026-09-18
360.0,1,73,2026-09-26,2026-09-18
365.0,0,1529,2026-09-26,2026-09-18
370.0,0,41,2026-09-26,2026-09-18
375.0,0,51,2026-09-26,2026-09-18
380.0,17,182,2026-09-26,2026-09-18
385.0,1,68,2026-09-26,2026-09-18
390.0,2,134,2026-09-26,2026-09-18
395.0,0,52,2026-09-26,2026-09-18
400.0,0,72,2026-09-26,2026-09-18
405.0,5,36,2026-09-26,2026-09-18
410.0,0,64,2026-09-26,2026-09-18
415.0,2,279,2026-09-26,2026-09-18
420.0,0,62,2026-09-26,2026-09-18
425.0,0,46,2026-09-26,2026-09-18
430.0,0,28,2026-09-26,2026-09-18
435.0,0,71,2026-09-26,2026-09-18
440.0,1,55,2026-09-26,2026-09-18
445.0,0,56,2026-09-26,2026-09-18
450.0,1,86,2026-09-26,2026-09-18
455.0,0,65,2026-09-26,2026-09-18
460.0,1,33,2026-09-26,2026-09-18
465.0,0,17,2026-09-26,2026-09-18
470.0,0,55,2026-09-26,2026-09-18
475.0,0,26,2026-09-26,2026-09-18
480.0,3,172,2026-09-26,2026-09-18
485.0,0,71,2026-09-26,2026-09-18
490.0,0,43,2026-09-26,2026-09-18
495.0,1,34,2026-09-26,2026-09-18
500.0,37,213,2026-09-26,2026-09-18
505.0,2,29,2026-09-26,2026-09-18
510.0,0,111,2026-09-26,2026-09-18
515.0,0,79,2026-09-26,2026-09-18
520.0,0,57,2026-09-26,2026-09-18
525.0,0,43,2026-09-26,2026-09-18
530.0,0,72,2026-09-26,2026-09-18
535.0,1,126,2026-09-26,2026-09-18
540.0,6,249,2026-09-26,2026-09-18
545.0,0,355,2026-09-26,2026-09-18
550.0,1,1632,2026-09-26,2026-09-18
555.0,0,7561,2026-09-26,2026-09-18
560.0,1,267,2026-09-26,2026-09-18
565.0,0,19,2026-09-26,2026-09-18
570.0,0,31,2026-09-26,2026-09-18
575.0,0,121,2026-09-26,2026-09-18
580.0,5,52,2026-09-26,2026-09-18
585.0,4,41,2026-09-26,2026-09-18
590.0,0,152,2026-09-26,2026-09-18
595.0,4,8125,2026-09-26,2026-09-18
600.0,3,571,2026-09-26,2026-09-18
605.0,4,234,2026-09-26,2026-09-18
610.0,3,449,2026-09-26,2026-09-18
615.0,4,395,2026-09-26,2026-09-18
620.0,4,292,2026-09-26,2026-09-18
625.0,5,113,2026-09-26,2026-09-18
630.0,6,253,2026-09-26,2026-09-18
635.0,5,57,2026-09-26,2026-09-18
640.0,2,191,2026-09-26,2026-09-18
645.0,0,348,2026-09-26,2026-09-18
650.0,10,647,2026-09-26,2026-09-18
655.0,3,18,2026-09-26,2026-09-18
660.0,0,56,2026-09-26,2026-09-18
665.0,2,58,2026-09-26,2026-09-18
670.0,10,98,2026-09-26,2026-09-18
675.0,0,183,2026-09-26,2026-09-18
680.0,2,263,2026-09-26,2026-09-18
685.0,2,499,2026-09-26,2026-09-18
690.0,0,210,2026-09-26,2026-09-18
695.0,5,87,2026-09-26,2026-09-18
700.0,39,3509,2026-09-26,2026-09-18
705.0,1,104,2026-09-26,2026-09-18
710.0,3,165,2026-09-26,2026-09-18
715.0,3,289,2026-09-26,2026-09-18
720.0,8,1160,2026-09-26,2026-09-18
725.0,5,747,2026-09-26,2026-09-18
730.0,24,866,2026-09-26,2026-09-18
735.0,10,177,2026-09-26,2026-09-18
740.0,13,500,2026-09-26,2026-09-18
745.0,10,153,2026-09-26,2026-09-18
750.0,47,2201,2026-09-26,2026-09-18
755.0,7,155,2026-09-26,2026-09-18
760.0,39,231,2026-09-26,2026-09-18
765.0,75,130,2026-09-26,2026-09-18
770.0,6,367,2026-09-26,2026-09-18
775.0,21,309,2026-09-26,2026-09-18
780.0,9,361,2026-09-26,2026-09-18
785.0,3,150,2026-09-26,2026-09-18
790.0,5,642,2026-09-26,2026-09-18
795.0,17,242,2026-09-26,2026-09-18
800.0,3274,1845,2026-09-26,2026-09-18
805.0,109,368,2026-09-26,2026-09-18
810.0,22,1114,2026-09-26,2026-09-18
815.0,17,487,2026-09-26,2026-09-18
820.0,9,1344,2026-09-26,2026-09-18
825.0,26,396,2026-09-26,2026-09-18
830.0,10,1299,2026-09-26,2026-09-18
835.0,11,379,2026-09-26,2026-09-18
840.0,41,791,2026-09-26,2026-09-18
845.0,17,270,2026-09-26,2026-09-18
850.0,275,3053,2026-09-26,2026-09-18
855.0,41,414,2026-09-26,2026-09-18
860.0,58,831,2026-09-26,2026-09-18
865.0,64,275,2026-09-26,2026-09-18
870.0,214,496,2026-09-26,2026-09-18
875.0,38,547,2026-09-26,2026-09-18
880.0,49,1402,2026-09-26,2026-09-18
885.0,36,618,2026-09-26,2026-09-18
890.0,2000,2000,2026-09-26,2026-09-18
890.0,67,915,2026-09-26,2026-09-18
895.0,53,980,2026-09-26,2026-09-18
900.0,1062,3086,2026-09-26,2026-09-18
901.0,2500,2500,2026-09-26,2026-09-18
905.0,106,621,2026-09-26,2026-09-18
910.0,400,1424,2026-09-26,2026-09-18
915.0,307,543,2026-09-26,2026-09-18
920.0,130,130,2026-09-26,2026-09-18
920.0,318,1271,2026-09-26,2026-09-18
925.0,506,464,2026-09-26,2026-09-18
930.0,1009,2039,2026-09-26,2026-09-18
935.0,436,329,2026-09-26,2026-09-18
940.0,576,1183,2026-09-26,2026-09-18
945.0,360,171,2026-09-26,2026-09-18
950.0,3286,1872,2026-09-26,2026-09-18
952.5,77,28,2026-09-26,2026-09-18
955.0,769,153,2026-09-26,2026-09-18
957.5,117,34,2026-09-26,2026-09-18
960.0,1252,696,2026-09-26,2026-09-18
965.0,317,135,2026-09-26,2026-09-18
970.0,368,2368,2026-09-26,2026-09-18
975.0,572,361,2026-09-26,2026-09-18
980.0,1348,439,2026-09-26,2026-09-18
985.0,438,137,2026-09-26,2026-09-18
990.0,703,334,2026-09-26,2026-09-18
995.0,249,148,2026-09-26,2026-09-18
1000.0,3719,714,2026-09-26,2026-09-18
1005.0,387,136,2026-09-26,2026-09-18
1010.0,1474,59,2026-09-26,2026-09-18
1015.0,315,125,2026-09-26,2026-09-18
1017.5,56,1,2026-09-26,2026-09-18
1020.0,1213,121,2026-09-26,2026-09-18
1022.5,100,17,2026-09-26,2026-09-18
1025.0,1683,89,2026-09-26,2026-09-18
1027.5,120,21,2026-09-26,2026-09-18
1030.0,684,253,2026-09-26,2026-09-18
1032.5,23,1,2026-09-26,2026-09-18
1035.0,304,86,2026-09-26,2026-09-18
1037.5,34,0,2026-09-26,2026-09-18
1040.0,406,29,2026-09-26,2026-09-18
1045.0,438,20,2026-09-26,2026-09-18
1050.0,2248,194,2026-09-26,2026-09-18
1055.0,535,53,2026-09-26,2026-09-18
1060.0,445,23,2026-09-26,2026-09-18
1065.0,219,5,2026-09-26,2026-09-18
1070.0,441,67,2026-09-26,2026-09-18
1075.0,524,21,2026-09-26,2026-09-18
1080.0,728,34,2026-09-26,2026-09-18
1085.0,391,10,2026-09-26,2026-09-18
1090.0,244,24,2026-09-26,2026-09-18
1095.0,162,173,2026-09-26,2026-09-18
1100.0,2814,51,2026-09-26,2026-09-18
1105.0,239,14,2026-09-26,2026-09-18
1110.0,304,15,2026-09-26,2026-09-18
1115.0,140,31,2026-09-26,2026-09-18
1120.0,282,232,2026-09-26,2026-09-18
1125.0,124,10,2026-09-26,2026-09-18
1130.0,218,204,2026-09-26,2026-09-18
1135.0,166,7,2026-09-26,2026-09-18
1140.0,1347,8,2026-09-26,2026-09-18
1145.0,26,0,2026-09-26,2026-09-18
1150.0,1917,116,2026-09-26,2026-09-18
1155.0,24,0,2026-09-26,2026-09-18
1160.0,916,7,2026-09-26,2026-09-18
1165.0,35,0,2026-09-26,2026-09-18
1170.0,197,12,2026-09-26,2026-09-18
1175.0,26,0,2026-09-26,2026-09-18
1180.0,380,3,2026-09-26,2026-09-18
1185.0,55,0,2026-09-26,2026-09-18
1190.0,280,3,2026-09-26,2026-09-18
1195.0,20,0,2026-09-26,2026-09-18
1200.0,2643,22,2026-09-26,2026-09-18
1205.0,16,0,2026-09-26,2026-09-18
1210.0,940,0,2026-09-26,2026-09-18
1215.0,9,0,2026-09-26,2026-09-18
1220.0,1282,0,2026-09-26,2026-09-18
1225.0,402,0,2026-09-26,2026-09-18
1230.0,632,0,2026-09-26,2026-09-18
1235.0,31,0,2026-09-26,2026-09-18
1240.0,654,0,2026-09-26,2026-09-18
1245.0,5,0,2026-09-26,2026-09-18
1250.0,2232,0,2026-09-26,2026-09-18
1255.0,15,0,2026-09-26,2026-09-18
1260.0,638,0,2026-09-26,2026-09-18
1265.0,64,0,2026-09-26,2026-09-18
1270.0,358,0,2026-09-26,2026-09-18
1275.0,12,0,2026-09-26,2026-09-18
1280.0,165,0,2026-09-26,2026-09-18
1285.0,7,0,2026-09-26,2026-09-18
1290.0,226,0,2026-09-26,2026-09-18
1295.0,59,0,2026-09-26,2026-09-18
1300.0,1722,0,2026-09-26,2026-09-18
1305.0,68,0,2026-09-26,2026-09-18
1310.0,20,0,2026-09-26,2026-09-18
1310.0,283,0,2026-09-26,2026-09-18
1315.0,4,0,2026-09-26,2026-09-18
1320.0,137,0,2026-09-26,2026-09-18
1325.0,23,0,2026-09-26,2026-09-18
1330.0,57,0,2026-09-26,2026-09-18
1335.0,204,0,2026-09-26,2026-09-18
1340.0,76,0,2026-09-26,2026-09-18
1345.0,2,0,2026-09-26,2026-09-18
1350.0,255,0,2026-09-26,2026-09-18
1360.0,60,0,2026-09-26,2026-09-18
1370.0,148,0,2026-09-26,2026-09-18
1380.0,52,0,2026-09-26,2026-09-18
1390.0,81,0,2026-09-26,2026-09-18
1400.0,530,0,2026-09-26,2026-09-18
1410.0,74,0,2026-09-26,2026-09-18
1420.0,20,0,2026-09-26,2026-09-18
1420.0,140,0,2026-09-26,2026-09-18
1430.0,122,0,2026-09-26,2026-09-18
1440.0,79,0,2026-09-26,2026-09-18
1450.0,83,0,2026-09-26,2026-09-18
1460.0,82,0,2026-09-26,2026-09-18
1470.0,40,0,2026-09-26,2026-09-18
1480.0,216,0,2026-09-26,2026-09-18
1490.0,76,0,2026-09-26,2026-09-18
1500.0,1147,0,2026-09-26,2026-09-18
1510.0,109,0,2026-09-26,2026-09-18
1520.0,80,0,2026-09-26,2026-09-18
1530.0,41,0,2026-09-26,2026-09-18
1540.0,69,0,2026-09-26,2026-09-18
1550.0,350,0,2026-09-26,2026-09-18
1560.0,78,0,2026-09-26,2026-09-18
1570.0,10,0,2026-09-26,2026-09-18
1580.0,12,0,2026-09-26,2026-09-18
1590.0,15,0,2026-09-26,2026-09-18
1600.0,543,0,2026-09-26,2026-09-18
1610.0,19,0,2026-09-26,2026-09-18
1620.0,75,0,2026-09-26,2026-09-18
1630.0,11,0,2026-09-26,2026-09-18
1640.0,25,0,2026-09-26,2026-09-18
1650.0,24,0,2026-09-26,2026-09-18
1660.0,29,0,2026-09-26,2026-09-18
1670.0,123,0,2026-09-26,2026-09-18
1680.0,91,0,2026-09-26,2026-09-18
1690.0,46,0,2026-09-26,2026-09-18
1700.0,97,0,2026-09-26,2026-09-18
1710.0,25,0,2026-09-26,2026-09-18
1720.0,58,0,2026-09-26,2026-09-18
1730.0,884,0,2026-09-26,2026-09-18
600.0,0,1,2026-09-29,2026-09-18
610.0,0,2,2026-09-29,2026-09-18
620.0,0,0,2026-09-29,2026-09-18
630.0,0,0,2026-09-29,2026-09-18
640.0,0,0,2026-09-29,2026-09-18
650.0,0,2,2026-09-29,2026-09-18
660.0,1,1,2026-09-29,2026-09-18
670.0,0,5,2026-09-29,2026-09-18
680.0,0,6,2026-09-29,2026-09-18
690.0,0,9,2026-09-29,2026-09-18
700.0,1,1,2026-09-29,2026-09-18
710.0,0,1,2026-09-29,2026-09-18
720.0,0,1,2026-09-29,2026-09-18
730.0,0,4,2026-09-29,2026-09-18
740.0,0,5,2026-09-29,2026-09-18
750.0,0,7,2026-09-29,2026-09-18
760.0,0,2,2026-09-29,2026-09-18
770.0,0,6,2026-09-29,2026-09-18
780.0,0,13,2026-09-29,2026-09-18
790.0,3,5,2026-09-29,2026-09-18
800.0,11,67,2026-09-29,2026-09-18
810.0,1,9,2026-09-29,2026-09-18
820.0,0,68,2026-09-29,2026-09-18
830.0,1,24,2026-09-29,2026-09-18
840.0,0,33,2026-09-29,2026-09-18
850.0,46,54,2026-09-29,2026-09-18
860.0,1,32,2026-09-29,2026-09-18
865.0,0,19,2026-09-29,2026-09-18
870.0,8,27,2026-09-29,2026-09-18
875.0,20,14,2026-09-29,2026-09-18
880.0,0,18,2026-09-29,2026-09-18
885.0,2,35,2026-09-29,2026-09-18
890.0,4,23,2026-09-29,2026-09-18
895.0,3,18,2026-09-29,2026-09-18
900.0,694,86,2026-09-29,2026-09-18
905.0,36,101,2026-09-29,2026-09-18
910.0,354,49,2026-09-29,2026-09-18
915.0,17,37,2026-09-29,2026-09-18
920.0,72,160,2026-09-29,2026-09-18
925.0,65,44,2026-09-29,2026-09-18
930.0,250,274,2026-09-29,2026-09-18
935.0,229,25,2026-09-29,2026-09-18
940.0,25,13,2026-09-29,2026-09-18
945.0,58,15,2026-09-29,2026-09-18
950.0,1161,80,2026-09-29,2026-09-18
955.0,64,34,2026-09-29,2026-09-18
960.0,126,52,2026-09-29,2026-09-18
965.0,29,4,2026-09-29,2026-09-18
970.0,63,17,2026-09-29,2026-09-18
975.0,109,29,2026-09-29,2026-09-18
980.0,217,32,2026-09-29,2026-09-18
985.0,25,11,2026-09-29,2026-09-18
990.0,75,22,2026-09-29,2026-09-18
995.0,19,5,2026-09-29,2026-09-18
1000.0,1675,16,2026-09-29,2026-09-18
1005.0,105,0,2026-09-29,2026-09-18
1010.0,61,10,2026-09-29,2026-09-18
1015.0,25,0,2026-09-29,2026-09-18
1020.0,71,17,2026-09-29,2026-09-18
1025.0,63,0,2026-09-29,2026-09-18
1030.0,169,11,2026-09-29,2026-09-18
1035.0,54,0,2026-09-29,2026-09-18
1040.0,74,1,2026-09-29,2026-09-18
1045.0,19,0,2026-09-29,2026-09-18
1050.0,258,2,2026-09-29,2026-09-18
1055.0,43,0,2026-09-29,2026-09-18
1060.0,66,9,2026-09-29,2026-09-18
1065.0,58,0,2026-09-29,2026-09-18
1070.0,35,0,2026-09-29,2026-09-18
1075.0,30,0,2026-09-29,2026-09-18
1080.0,48,0,2026-09-29,2026-09-18
1085.0,24,0,2026-09-29,2026-09-18
1090.0,24,0,2026-09-29,2026-09-18
1095.0,5,0,2026-09-29,2026-09-18
1100.0,209,2,2026-09-29,2026-09-18
1105.0,10,0,2026-09-29,2026-09-18
1110.0,31,1,2026-09-29,2026-09-18
1115.0,19,0,2026-09-29,2026-09-18
1120.0,6,0,2026-09-29,2026-09-18
1125.0,16,0,2026-09-29,2026-09-18
1130.0,16,0,2026-09-29,2026-09-18
1135.0,3,0,2026-09-29,2026-09-18
1140.0,5,0,2026-09-29,2026-09-18
1145.0,0,0,2026-09-29,2026-09-18
1150.0,82,0,2026-09-29,2026-09-18
1155.0,1,0,2026-09-29,2026-09-18
1160.0,2,0,2026-09-29,2026-09-18
1165.0,2,0,2026-09-29,2026-09-18
1170.0,5,0,2026-09-29,2026-09-18
1180.0,8,0,2026-09-29,2026-09-18
1190.0,5,0,2026-09-29,2026-09-18
1200.0,222,0,2026-09-29,2026-09-18
1210.0,1,0,2026-09-29,2026-09-18
1220.0,4,0,2026-09-29,2026-09-18
1230.0,11,0,2026-09-29,2026-09-18
1240.0,106,0,2026-09-29,2026-09-18
1250.0,3,0,2026-09-29,2026-09-18
1260.0,2,0,2026-09-29,2026-09-18
1270.0,6,0,2026-09-29,2026-09-18
1280.0,1,0,2026-09-29,2026-09-18
1290.0,1,0,2026-09-29,2026-09-18
1300.0,3,0,2026-09-29,2026-09-18
1310.0,2,0,2026-09-29,2026-09-18
1320.0,1,0,2026-09-29,2026-09-18
1330.0,0,0,2026-09-29,2026-09-18
1340.0,0,0,2026-09-29,2026-09-18
1350.0,6,0,2026-09-29,2026-09-18
1360.0,2,0,2026-09-29,2026-09-18
1370.0,3,0,2026-09-29,2026-09-18
1380.0,1,0,2026-09-29,2026-09-18
1390.0,5,0,2026-09-29,2026-09-18
1400.0,3,0,2026-09-29,2026-09-18
756.0,0,7,2026-10-01,2026-09-18
1215.0,7,0,2026-10-01,2026-09-18
100.0,4,8,2026-10-03,2026-09-18
105.0,0,0,2026-10-03,2026-09-18
110.0,0,0,2026-10-03,2026-09-18
115.0,0,4,2026-10-03,2026-09-18
120.0,3,0,2026-10-03,2026-09-18
125.0,0,0,2026-10-03,2026-09-18
130.0,4,1,2026-10-03,2026-09-18
135.0,0,2,2026-10-03,2026-09-18
140.0,0,0,2026-10-03,2026-09-18
145.0,0,0,2026-10-03,2026-09-18
150.0,0,2,2026-10-03,2026-09-18
155.0,0,0,2026-10-03,2026-09-18
160.0,0,0,2026-10-03,2026-09-18
165.0,0,0,2026-10-03,2026-09-18
170.0,0,0,2026-10-03,2026-09-18
175.0,0,5,2026-10-03,2026-09-18
180.0,0,0,2026-10-03,2026-09-18
185.0,0,0,2026-10-03,2026-09-18
190.0,1,0,2026-10-03,2026-09-18
195.0,0,0,2026-10-03,2026-09-18
200.0,11,102,2026-10-03,2026-09-18
205.0,0,52,2026-10-03,2026-09-18
210.0,0,453,2026-10-03,2026-09-18
215.0,0,142,2026-10-03,2026-09-18
220.0,0,3,2026-10-03,2026-09-18
225.0,0,15,2026-10-03,2026-09-18
230.0,0,70,2026-10-03,2026-09-18
235.0,0,67,2026-10-03,2026-09-18
240.0,0,107,2026-10-03,2026-09-18
245.0,0,61,2026-10-03,2026-09-18
250.0,0,26,2026-10-03,2026-09-18
255.0,0,59,2026-10-03,2026-09-18
260.0,0,30,2026-10-03,2026-09-18
265.0,0,47,2026-10-03,2026-09-18
270.0,0,71,2026-10-03,2026-09-18
275.0,0,92,2026-10-03,2026-09-18
280.0,0,83,2026-10-03,2026-09-18
285.0,0,143,2026-10-03,2026-09-18
290.0,0,177,2026-10-03,2026-09-18
295.0,0,227,2026-10-03,2026-09-18
300.0,1,92,2026-10-03,2026-09-18
305.0,0,1190,2026-10-03,2026-09-18
310.0,0,235,2026-10-03,2026-09-18
315.0,0,100,2026-10-03,2026-09-18
320.0,0,163,2026-10-03,2026-09-18
325.0,0,86,2026-10-03,2026-09-18
330.0,0,173,2026-10-03,2026-09-18
335.0,0,76,2026-10-03,2026-09-18
340.0,0,375,2026-10-03,2026-09-18
345.0,0,88,2026-10-03,2026-09-18
350.0,0,216,2026-10-03,2026-09-18
355.0,0,66,2026-10-03,2026-09-18
360.0,0,177,2026-10-03,2026-09-18
365.0,0,61,2026-10-03,2026-09-18
370.0,1,56,2026-10-03,2026-09-18
375.0,0,78,2026-10-03,2026-09-18
380.0,1,107,2026-10-03,2026-09-18
385.0,0,42,2026-10-03,2026-09-18
390.0,1,79,2026-10-03,2026-09-18
395.0,0,35,2026-10-03,2026-09-18
400.0,1,28,2026-10-03,2026-09-18
405.0,1,48,2026-10-03,2026-09-18
410.0,0,44,2026-10-03,2026-09-18
415.0,0,40,2026-10-03,2026-09-18
420.0,0,26,2026-10-03,2026-09-18
425.0,0,22,2026-10-03,2026-09-18
430.0,3,17,2026-10-03,2026-09-18
435.0,0,23,2026-10-03,2026-09-18
440.0,10,24,2026-10-03,2026-09-18
445.0,0,19,2026-10-03,2026-09-18
450.0,0,258,2026-10-03,2026-09-18
455.0,0,18,2026-10-03,2026-09-18
460.0,0,28,2026-10-03,2026-09-18
465.0,0,78,2026-10-03,2026-09-18
470.0,4,42,2026-10-03,2026-09-18
475.0,1,29,2026-10-03,2026-09-18
480.0,1,24,2026-10-03,2026-09-18
485.0,0,146,2026-10-03,2026-09-18
490.0,4,101,2026-10-03,2026-09-18
495.0,3,72,2026-10-03,2026-09-18
500.0,39,1291,2026-10-03,2026-09-18
505.0,26,165,2026-10-03,2026-09-18
510.0,15,90,2026-10-03,2026-09-18
515.0,0,76,2026-10-03,2026-09-18
520.0,8,23,2026-10-03,2026-09-18
525.0,0,64,2026-10-03,2026-09-18
530.0,2,20,2026-10-03,2026-09-18
535.0,0,18,2026-10-03,2026-09-18
540.0,10,73,2026-10-03,2026-09-18
545.0,2,9,2026-10-03,2026-09-18
550.0,2,77,2026-10-03,2026-09-18
555.0,1,45,2026-10-03,2026-09-18
560.0,0,5,2026-10-03,2026-09-18
565.0,0,19,2026-10-03,2026-09-18
570.0,1,16,2026-10-03,2026-09-18
575.0,0,248,2026-10-03,2026-09-18
580.0,1,131,2026-10-03,2026-09-18
585.0,1,513,2026-10-03,2026-09-18
590.0,4,125,2026-10-03,2026-09-18
595.0,0,127,2026-10-03,2026-09-18
600.0,8,611,2026-10-03,2026-09-18
605.0,0,41,2026-10-03,2026-09-18
610.0,2,25,2026-10-03,2026-09-18
615.0,0,42,2026-10-03,2026-09-18
620.0,3,185,2026-10-03,2026-09-18
625.0,1,42,2026-10-03,2026-09-18
630.0,1,46,2026-10-03,2026-09-18
635.0,3,32,2026-10-03,2026-09-18
640.0,0,67,2026-10-03,2026-09-18
645.0,0,42,2026-10-03,2026-09-18
650.0,36,548,2026-10-03,2026-09-18
655.0,0,60,2026-10-03,2026-09-18
660.0,1,83,2026-10-03,2026-09-18
665.0,0,2376,2026-10-03,2026-09-18
670.0,0,175,2026-10-03,2026-09-18
675.0,1,51,2026-10-03,2026-09-18
680.0,1,296,2026-10-03,2026-09-18
685.0,6,1039,2026-10-03,2026-09-18
690.0,0,165,2026-10-03,2026-09-18
695.0,2,133,2026-10-03,2026-09-18
700.0,13,450,2026-10-03,2026-09-18
705.0,12,35,2026-10-03,2026-09-18
710.0,1,153,2026-10-03,2026-09-18
715.0,0,144,2026-10-03,2026-09-18
720.0,2,220,2026-10-03,2026-09-18
725.0,8,132,2026-10-03,2026-09-18
730.0,0,245,2026-10-03,2026-09-18
735.0,0,164,2026-10-03,2026-09-18
740.0,3,223,2026-10-03,2026-09-18
745.0,1,95,2026-10-03,2026-09-18
750.0,347,961,2026-10-03,2026-09-18
755.0,0,106,2026-10-03,2026-09-18
760.0,1,218,2026-10-03,2026-09-18
765.0,2,139,2026-10-03,2026-09-18
770.0,1,237,2026-10-03,2026-09-18
775.0,7,159,2026-10-03,2026-09-18
780.0,18,345,2026-10-03,2026-09-18
785.0,5,74,2026-10-03,2026-09-18
790.0,5,304,2026-10-03,2026-09-18
795.0,9,255,2026-10-03,2026-09-18
800.0,2402,1235,2026-10-03,2026-09-18
805.0,6,106,2026-10-03,2026-09-18
810.0,1032,133,2026-10-03,2026-09-18
815.0,80,127,2026-10-03,2026-09-18
820.0,261,469,2026-10-03,2026-09-18
825.0,23,201,2026-10-03,2026-09-18
830.0,59,1114,2026-10-03,2026-09-18
835.0,4,201,2026-10-03,2026-09-18
840.0,28,200,2026-10-03,2026-09-18
845.0,138,84,2026-10-03,2026-09-18
850.0,284,861,2026-10-03,2026-09-18
855.0,25,171,2026-10-03,2026-09-18
860.0,13,812,2026-10-03,2026-09-18
865.0,133,138,2026-10-03,2026-09-18
870.0,27,210,2026-10-03,2026-09-18
875.0,79,288,2026-10-03,2026-09-18
880.0,68,454,2026-10-03,2026-09-18
885.0,29,232,2026-10-03,2026-09-18
890.0,66,754,2026-10-03,2026-09-18
895.0,80,175,2026-10-03,2026-09-18
900.0,1529,1978,2026-10-03,2026-09-18
905.0,72,247,2026-10-03,2026-09-18
910.0,1287,303,2026-10-03,2026-09-18
915.0,128,218,2026-10-03,2026-09-18
920.0,830,597,2026-10-03,2026-09-18
925.0,613,568,2026-10-03,2026-09-18
930.0,553,1263,2026-10-03,2026-09-18
935.0,260,153,2026-10-03,2026-09-18
940.0,474,348,2026-10-03,2026-09-18
945.0,132,68,2026-10-03,2026-09-18
950.0,1600,1600,2026-10-03,2026-09-18
950.0,1181,698,2026-10-03,2026-09-18
952.5,7,7,2026-10-03,2026-09-18
955.0,216,99,2026-10-03,2026-09-18
957.5,29,43,2026-10-03,2026-09-18
960.0,722,310,2026-10-03,2026-09-18
965.0,188,87,2026-10-03,2026-09-18
970.0,1392,313,2026-10-03,2026-09-18
975.0,273,291,2026-10-03,2026-09-18
980.0,1739,805,2026-10-03,2026-09-18
985.0,401,261,2026-10-03,2026-09-18
990.0,618,131,2026-10-03,2026-09-18
995.0,305,110,2026-10-03,2026-09-18
1000.0,150,150,2026-10-03,2026-09-18
1000.0,11602,467,2026-10-03,2026-09-18
1005.0,177,104,2026-10-03,2026-09-18
1010.0,545,221,2026-10-03,2026-09-18
1015.0,587,31,2026-10-03,2026-09-18
1020.0,844,281,2026-10-03,2026-09-18
1025.0,465,32,2026-10-03,2026-09-18
1030.0,608,39,2026-10-03,2026-09-18
1035.0,462,27,2026-10-03,2026-09-18
1040.0,559,28,2026-10-03,2026-09-18
1045.0,73,94,2026-10-03,2026-09-18
1050.0,1378,82,2026-10-03,2026-09-18
1055.0,82,20,2026-10-03,2026-09-18
1060.0,578,26,2026-10-03,2026-09-18
1065.0,80,22,2026-10-03,2026-09-18
1070.0,97,217,2026-10-03,2026-09-18
1075.0,198,15,2026-10-03,2026-09-18
1080.0,674,202,2026-10-03,2026-09-18
1085.0,282,152,2026-10-03,2026-09-18
1090.0,274,44,2026-10-03,2026-09-18
1095.0,110,15,2026-10-03,2026-09-18
1100.0,3602,145,2026-10-03,2026-09-18
1105.0,125,17,2026-10-03,2026-09-18
1110.0,1100,16,2026-10-03,2026-09-18
1115.0,97,6,2026-10-03,2026-09-18
1120.0,272,28,2026-10-03,2026-09-18
1125.0,273,17,2026-10-03,2026-09-18
1130.0,138,13,2026-10-03,2026-09-18
1135.0,247,24,2026-10-03,2026-09-18
1140.0,151,22,2026-10-03,2026-09-18
1150.0,1126,256,2026-10-03,2026-09-18
1160.0,95,14,2026-10-03,2026-09-18
1170.0,240,18,2026-10-03,2026-09-18
1180.0,358,12,2026-10-03,2026-09-18
1190.0,220,2,2026-10-03,2026-09-18
1200.0,1897,102,2026-10-03,2026-09-18
1210.0,233,0,2026-10-03,2026-09-18
1220.0,291,5,2026-10-03,2026-09-18
1230.0,205,1,2026-10-03,2026-09-18
1240.0,148,6,2026-10-03,2026-09-18
1250.0,558,7,2026-10-03,2026-09-18
1260.0,1340,1,2026-10-03,2026-09-18
1270.0,177,3,2026-10-03,2026-09-18
1280.0,122,13,2026-10-03,2026-09-18
1290.0,107,14,2026-10-03,2026-09-18
1300.0,20,0,2026-10-03,2026-09-18
1300.0,789,1,2026-10-03,2026-09-18
1310.0,108,0,2026-10-03,2026-09-18
1320.0,117,0,2026-10-03,2026-09-18
1330.0,106,0,2026-10-03,2026-09-18
1340.0,82,0,2026-10-03,2026-09-18
1350.0,243,0,2026-10-03,2026-09-18
1360.0,109,0,2026-10-03,2026-09-18
1370.0,291,0,2026-10-03,2026-09-18
1380.0,126,0,2026-10-03,2026-09-18
1390.0,49,0,2026-10-03,2026-09-18
1400.0,656,0,2026-10-03,2026-09-18
1410.0,20,0,2026-10-03,2026-09-18
1410.0,129,0,2026-10-03,2026-09-18
1420.0,36,0,2026-10-03,2026-09-18
1430.0,102,0,2026-10-03,2026-09-18
1440.0,84,0,2026-10-03,2026-09-18
1450.0,166,0,2026-10-03,2026-09-18
1460.0,81,0,2026-10-03,2026-09-18
1470.0,79,0,2026-10-03,2026-09-18
1480.0,37,0,2026-10-03,2026-09-18
1490.0,69,0,2026-10-03,2026-09-18
1500.0,583,0,2026-10-03,2026-09-18
1510.0,326,0,2026-10-03,2026-09-18
1520.0,162,0,2026-10-03,2026-09-18
1530.0,29,0,2026-10-03,2026-09-18
1540.0,57,0,2026-10-03,2026-09-18
1550.0,118,0,2026-10-03,2026-09-18
1560.0,116,0,2026-10-03,2026-09-18
1570.0,27,0,2026-10-03,2026-09-18
1580.0,38,0,2026-10-03,2026-09-18
1590.0,28,0,2026-10-03,2026-09-18
1600.0,96,0,2026-10-03,2026-09-18
1610.0,12,0,2026-10-03,2026-09-18
1620.0,9,0,2026-10-03,2026-09-18
1630.0,12,0,2026-10-03,2026-09-18
1640.0,8,0,2026-10-03,2026-09-18
1650.0,20,0,2026-10-03,2026-09-18
1660.0,11,0,2026-10-03,2026-09-18
1670.0,24,0,2026-10-03,2026-09-18
1680.0,11,0,2026-10-03,2026-09-18
1690.0,18,0,2026-10-03,2026-09-18
1700.0,747,0,2026-10-03,2026-09-18
1710.0,75,0,2026-10-03,2026-09-18
1720.0,103,0,2026-10-03,2026-09-18
1730.0,383,0,2026-10-03,2026-09-18
940.0,2600,2600,2026-10-07,2026-09-18
1080.0,29,0,2026-10-09,2026-09-18
1284.21,1,0,2026-10-09,2026-09-18
100.0,0,0,2026-10-10,2026-09-18
105.0,0,0,2026-10-10,2026-09-18
110.0,0,0,2026-10-10,2026-09-18
115.0,0,0,2026-10-10,2026-09-18
120.0,0,0,2026-10-10,2026-09-18
125.0,0,0,2026-10-10,2026-09-18
130.0,0,0,2026-10-10,2026-09-18
135.0,0,0,2026-10-10,2026-09-18
140.0,0,0,2026-10-10,2026-09-18
145.0,0,0,2026-10-10,2026-09-18
150.0,0,0,2026-10-10,2026-09-18
155.0,0,0,2026-10-10,2026-09-18
160.0,0,0,2026-10-10,2026-09-18
165.0,0,0,2026-10-10,2026-09-18
170.0,0,0,2026-10-10,2026-09-18
175.0,0,0,2026-10-10,2026-09-18
180.0,0,0,2026-10-10,2026-09-18
185.0,0,0,2026-10-10,2026-09-18
190.0,0,0,2026-10-10,2026-09-18
195.0,0,0,2026-10-10,2026-09-18
200.0,0,3,2026-10-10,2026-09-18
205.0,0,2,2026-10-10,2026-09-18
210.0,0,2,2026-10-10,2026-09-18
215.0,0,1,2026-10-10,2026-09-18
220.0,0,4,2026-10-10,2026-09-18
225.0,0,10,2026-10-10,2026-09-18
230.0,0,19,2026-10-10,2026-09-18
235.0,0,7,2026-10-10,2026-09-18
240.0,0,13,2026-10-10,2026-09-18
245.0,5,23,2026-10-10,2026-09-18
250.0,0,23,2026-10-10,2026-09-18
255.0,0,36,2026-10-10,2026-09-18
260.0,1,19,2026-10-10,2026-09-18
265.0,0,73,2026-10-10,2026-09-18
270.0,0,35,2026-10-10,2026-09-18
275.0,0,54,2026-10-10,2026-09-18
280.0,0,128,2026-10-10,2026-09-18
285.0,0,316,2026-10-10,2026-09-18
290.0,0,161,2026-10-10,2026-09-18
295.0,0,59,2026-10-10,2026-09-18
300.0,0,289,2026-10-10,2026-09-18
305.0,0,22,2026-10-10,2026-09-18
310.0,0,45,2026-10-10,2026-09-18
315.0,0,29,2026-10-10,2026-09-18
320.0,0,1528,2026-10-10,2026-09-18
325.0,0,32,2026-10-10,2026-09-18
330.0,0,89,2026-10-10,2026-09-18
335.0,0,11,2026-10-10,2026-09-18
340.0,0,2230,2026-10-10,2026-09-18
345.0,0,12,2026-10-10,2026-09-18
350.0,0,202,2026-10-10,2026-09-18
355.0,0,15,2026-10-10,2026-09-18
360.0,0,1033,2026-10-10,2026-09-18
365.0,0,22,2026-10-10,2026-09-18
370.0,0,7,2026-10-10,2026-09-18
375.0,0,18,2026-10-10,2026-09-18
380.0,0,16,2026-10-10,2026-09-18
385.0,0,11,2026-10-10,2026-09-18
390.0,0,6,2026-10-10,2026-09-18
395.0,0,10,2026-10-10,2026-09-18
400.0,0,10,2026-10-10,2026-09-18
405.0,0,18,2026-10-10,2026-09-18
410.0,0,16,2026-10-10,2026-09-18
415.0,0,7,2026-10-10,2026-09-18
420.0,0,7,2026-10-10,2026-09-18
425.0,0,16,2026-10-10,2026-09-18
430.0,10,22,2026-10-10,2026-09-18
435.0,0,12,2026-10-10,2026-09-18
440.0,0,27,2026-10-10,2026-09-18
445.0,0,16,2026-10-10,2026-09-18
450.0,1,31,2026-10-10,2026-09-18
455.0,0,6,2026-10-10,2026-09-18
460.0,0,15,2026-10-10,2026-09-18
465.0,0,44,2026-10-10,2026-09-18
470.0,0,16,2026-10-10,2026-09-18
475.0,0,23,2026-10-10,2026-09-18
480.0,0,20,2026-10-10,2026-09-18
485.0,0,9,2026-10-10,2026-09-18
490.0,0,29,2026-10-10,2026-09-18
495.0,0,17,2026-10-10,2026-09-18
500.0,148,25,2026-10-10,2026-09-18
505.0,0,8,2026-10-10,2026-09-18
510.0,2,9,2026-10-10,2026-09-18
515.0,0,4,2026-10-10,2026-09-18
520.0,0,11,2026-10-10,2026-09-18
525.0,0,32,2026-10-10,2026-09-18
530.0,0,5,2026-10-10,2026-09-18
535.0,0,23,2026-10-10,2026-09-18
540.0,0,26,2026-10-10,2026-09-18
545.0,0,7,2026-10-10,2026-09-18
550.0,6,75,2026-10-10,2026-09-18
555.0,0,4,2026-10-10,2026-09-18
560.0,0,0,2026-10-10,2026-09-18
565.0,3,4,2026-10-10,2026-09-18
570.0,0,22,2026-10-10,2026-09-18
575.0,0,14,2026-10-10,2026-09-18
580.0,0,5,2026-10-10,2026-09-18
585.0,0,2,2026-10-10,2026-09-18
590.0,0,12,2026-10-10,2026-09-18
595.0,4,20,2026-10-10,2026-09-18
600.0,0,173,2026-10-10,2026-09-18
605.0,1,15,2026-10-10,2026-09-18
610.0,0,15,2026-10-10,2026-09-18
615.0,1,24,2026-10-10,2026-09-18
620.0,0,58,2026-10-10,2026-09-18
625.0,1,4,2026-10-10,2026-09-18
630.0,1,23,2026-10-10,2026-09-18
635.0,0,8,2026-10-10,2026-09-18
640.0,0,20,2026-10-10,2026-09-18
645.0,0,2,2026-10-10,2026-09-18
650.0,2,93,2026-10-10,2026-09-18
655.0,10,9,2026-10-10,2026-09-18
660.0,3,38,2026-10-10,2026-09-18
665.0,1,4,2026-10-10,2026-09-18
670.0,1,36,2026-10-10,2026-09-18
675.0,0,28,2026-10-10,2026-09-18
680.0,1,56,2026-10-10,2026-09-18
685.0,0,50,2026-10-10,2026-09-18
690.0,5,63,2026-10-10,2026-09-18
695.0,5,58,2026-10-10,2026-09-18
700.0,51,148,2026-10-10,2026-09-18
705.0,0,10,2026-10-10,2026-09-18
710.0,1,34,2026-10-10,2026-09-18
715.0,0,47,2026-10-10,2026-09-18
720.0,0,41,2026-10-10,2026-09-18
725.0,0,48,2026-10-10,2026-09-18
730.0,0,48,2026-10-10,2026-09-18
735.0,0,65,2026-10-10,2026-09-18
740.0,3,63,2026-10-10,2026-09-18
745.0,5,35,2026-10-10,2026-09-18
750.0,3,203,2026-10-10,2026-09-18
755.0,1,24,2026-10-10,2026-09-18
760.0,3,56,2026-10-10,2026-09-18
765.0,5,106,2026-10-10,2026-09-18
770.0,5,66,2026-10-10,2026-09-18
775.0,8,73,2026-10-10,2026-09-18
780.0,4,198,2026-10-10,2026-09-18
785.0,1,136,2026-10-10,2026-09-18
790.0,2,195,2026-10-10,2026-09-18
795.0,5,246,2026-10-10,2026-09-18
800.0,127,503,2026-10-10,2026-09-18
805.0,2,30,2026-10-10,2026-09-18
810.0,15,880,2026-10-10,2026-09-18
815.0,16,68,2026-10-10,2026-09-18
820.0,93,168,2026-10-10,2026-09-18
825.0,8,71,2026-10-10,2026-09-18
830.0,53,94,2026-10-10,2026-09-18
835.0,5,43,2026-10-10,2026-09-18
840.0,9,80,2026-10-10,2026-09-18
845.0,1,78,2026-10-10,2026-09-18
850.0,65,489,2026-10-10,2026-09-18
855.0,2,51,2026-10-10,2026-09-18
860.0,17,140,2026-10-10,2026-09-18
865.0,16,88,2026-10-10,2026-09-18
870.0,33,192,2026-10-10,2026-09-18
875.0,11,39,2026-10-10,2026-09-18
880.0,54,87,2026-10-10,2026-09-18
885.0,16,61,2026-10-10,2026-09-18
890.0,82,215,2026-10-10,2026-09-18
895.0,2,57,2026-10-10,2026-09-18
900.0,92,432,2026-10-10,2026-09-18
905.0,35,116,2026-10-10,2026-09-18
910.0,102,60,2026-10-10,2026-09-18
915.0,18,78,2026-10-10,2026-09-18
920.0,463,345,2026-10-10,2026-09-18
925.0,80,150,2026-10-10,2026-09-18
930.0,633,918,2026-10-10,2026-09-18
935.0,27,77,2026-10-10,2026-09-18
940.0,203,137,2026-10-10,2026-09-18
945.0,92,89,2026-10-10,2026-09-18
950.0,535,378,2026-10-10,2026-09-18
955.0,73,54,2026-10-10,2026-09-18
960.0,390,37,2026-10-10,2026-09-18
965.0,36,38,2026-10-10,2026-09-18
970.0,159,77,2026-10-10,2026-09-18
975.0,285,79,2026-10-10,2026-09-18
980.0,467,746,2026-10-10,2026-09-18
985.0,79,61,2026-10-10,2026-09-18
990.0,307,111,2026-10-10,2026-09-18
995.0,98,75,2026-10-10,2026-09-18
1000.0,952,340,2026-10-10,2026-09-18
1005.0,204,41,2026-10-10,2026-09-18
1010.0,93,63,2026-10-10,2026-09-18
1015.0,414,41,2026-10-10,2026-09-18
1020.0,190,31,2026-10-10,2026-09-18
1025.0,72,166,2026-10-10,2026-09-18
1030.0,228,29,2026-10-10,2026-09-18
1035.0,87,118,2026-10-10,2026-09-18
1040.0,231,14,2026-10-10,2026-09-18
1045.0,32,13,2026-10-10,2026-09-18
1050.0,545,24,2026-10-10,2026-09-18
1055.0,37,0,2026-10-10,2026-09-18
1060.0,241,66,2026-10-10,2026-09-18
1065.0,61,13,2026-10-10,2026-09-18
1070.0,318,199,2026-10-10,2026-09-18
1075.0,35,13,2026-10-10,2026-09-18
1080.0,198,229,2026-10-10,2026-09-18
1085.0,32,1,2026-10-10,2026-09-18
1090.0,42,15,2026-10-10,2026-09-18
1095.0,97,5,2026-10-10,2026-09-18
1100.0,551,199,2026-10-10,2026-09-18
1105.0,31,35,2026-10-10,2026-09-18
1110.0,440,31,2026-10-10,2026-09-18
1115.0,37,14,2026-10-10,2026-09-18
1120.0,133,211,2026-10-10,2026-09-18
1125.0,51,19,2026-10-10,2026-09-18
1130.0,29,8,2026-10-10,2026-09-18
1135.0,61,9,2026-10-10,2026-09-18
1140.0,62,34,2026-10-10,2026-09-18
1150.0,297,169,2026-10-10,2026-09-18
1160.0,37,7,2026-10-10,2026-09-18
1170.0,52,0,2026-10-10,2026-09-18
1180.0,94,0,2026-10-10,2026-09-18
1190.0,166,1,2026-10-10,2026-09-18
1200.0,451,5,2026-10-10,2026-09-18
1210.0,149,1,2026-10-10,2026-09-18
1220.0,75,1,2026-10-10,2026-09-18
1230.0,125,0,2026-10-10,2026-09-18
1240.0,254,1,2026-10-10,2026-09-18
1250.0,170,2,2026-10-10,2026-09-18
1260.0,166,6,2026-10-10,2026-09-18
1270.0,49,3,2026-10-10,2026-09-18
1280.0,71,2,2026-10-10,2026-09-18
1290.0,50,5,2026-10-10,2026-09-18
1300.0,350,9,2026-10-10,2026-09-18
1310.0,18,15,2026-10-10,2026-09-18
1320.0,30,5,2026-10-10,2026-09-18
1330.0,18,0,2026-10-10,2026-09-18
1340.0,23,0,2026-10-10,2026-09-18
1350.0,176,1,2026-10-10,2026-09-18
1360.0,11,0,2026-10-10,2026-09-18
1370.0,9,0,2026-10-10,2026-09-18
1380.0,14,1,2026-10-10,2026-09-18
1390.0,41,0,2026-10-10,2026-09-18
1400.0,217,0,2026-10-10,2026-09-18
1410.0,14,2,2026-10-10,2026-09-18
1420.0,20,0,2026-10-10,2026-09-18
1430.0,48,0,2026-10-10,2026-09-18
1440.0,154,0,2026-10-10,2026-09-18
1450.0,44,0,2026-10-10,2026-09-18
1460.0,99,0,2026-10-10,2026-09-18
1470.0,8,0,2026-10-10,2026-09-18
1480.0,8,0,2026-10-10,2026-09-18
1490.0,5,0,2026-10-10,2026-09-18
1500.0,195,0,2026-10-10,2026-09-18
1510.0,61,0,2026-10-10,2026-09-18
1520.0,8,0,2026-10-10,2026-09-18
1530.0,100,0,2026-10-10,2026-09-18
1540.0,6,0,2026-10-10,2026-09-18
1550.0,6,0,2026-10-10,2026-09-18
1560.0,7,0,2026-10-10,2026-09-18
1570.0,7,0,2026-10-10,2026-09-18
1580.0,47,0,2026-10-10,2026-09-18
1590.0,10,0,2026-10-10,2026-09-18
1600.0,22,0,2026-10-10,2026-09-18
1610.0,2,0,2026-10-10,2026-09-18
1620.0,6,0,2026-10-10,2026-09-18
1630.0,3,0,2026-10-10,2026-09-18
1640.0,33,0,2026-10-10,2026-09-18
1650.0,17,0,2026-10-10,2026-09-18
1660.0,16,0,2026-10-10,2026-09-18
1670.0,14,0,2026-10-10,2026-09-18
1680.0,4,0,2026-10-10,2026-09-18
1690.0,4,0,2026-10-10,2026-09-18
1700.0,38,0,2026-10-10,2026-09-18
1710.0,2,0,2026-10-10,2026-09-18
1720.0,1,0,2026-10-10,2026-09-18
1730.0,405,0,2026-10-10,2026-09-18
611.0,0,2230,2026-10-13,2026-09-18
5.0,595,121,2026-10-17,2026-09-18
10.0,5,85,2026-10-17,2026-09-18
15.0,10,180,2026-10-17,2026-09-18
20.0,18,238,2026-10-17,2026-09-18
25.0,55,331,2026-10-17,2026-09-18
30.0,35,365,2026-10-17,2026-09-18
35.0,5,769,2026-10-17,2026-09-18
40.0,6,699,2026-10-17,2026-09-18
45.0,21,613,2026-10-17,2026-09-18
50.0,31,1383,2026-10-17,2026-09-18
55.0,0,5013,2026-10-17,2026-09-18
60.0,5,14591,2026-10-17,2026-09-18
185.0,14,218,2026-10-17,2026-09-18
190.0,7,136,2026-10-17,2026-09-18
195.0,4,1727,2026-10-17,2026-09-18
200.0,46,1869,2026-10-17,2026-09-18
210.0,67,1010,2026-10-17,2026-09-18
220.0,21,1885,2026-10-17,2026-09-18
230.0,6,2692,2026-10-17,2026-09-18
240.0,25,607,2026-10-17,2026-09-18
250.0,529,727,2026-10-17,2026-09-18
260.0,59,2341,2026-10-17,2026-09-18
270.0,67,651,2026-10-17,2026-09-18
280.0,317,750,2026-10-17,2026-09-18
290.0,261,617,2026-10-17,2026-09-18
300.0,240,2115,2026-10-17,2026-09-18
310.0,444,422,2026-10-17,2026-09-18
320.0,228,2662,2026-10-17,2026-09-18
330.0,35,2011,2026-10-17,2026-09-18
340.0,289,4570,2026-10-17,2026-09-18
350.0,315,892,2026-10-17,2026-09-18
360.0,182,2853,2026-10-17,2026-09-18
370.0,122,953,2026-10-17,2026-09-18
380.0,146,2165,2026-10-17,2026-09-18
390.0,92,560,2026-10-17,2026-09-18
400.0,735,2347,2026-10-17,2026-09-18
410.0,306,818,2026-10-17,2026-09-18
420.0,342,869,2026-10-17,2026-09-18
430.0,136,472,2026-10-17,2026-09-18
440.0,169,386,2026-10-17,2026-09-18
450.0,715,3240,2026-10-17,2026-09-18
460.0,442,948,2026-10-17,2026-09-18
470.0,617,660,2026-10-17,2026-09-18
480.0,445,723,2026-10-17,2026-09-18
490.0,212,736,2026-10-17,2026-09-18
500.0,714,3393,2026-10-17,2026-09-18
510.0,292,400,2026-10-17,2026-09-18
520.0,353,1036,2026-10-17,2026-09-18
530.0,568,1152,2026-10-17,2026-09-18
540.0,502,1202,2026-10-17,2026-09-18
550.0,7,222,2026-10-17,2026-09-18
560.0,729,956,2026-10-17,2026-09-18
570.0,0,196,2026-10-17,2026-09-18
580.0,193,1825,2026-10-17,2026-09-18
590.0,0,205,2026-10-17,2026-09-18
600.0,1514,4757,2026-10-17,2026-09-18
610.0,3,146,2026-10-17,2026-09-18
620.0,774,1805,2026-10-17,2026-09-18
630.0,2,1576,2026-10-17,2026-09-18
640.0,1710,4320,2026-10-17,2026-09-18
650.0,2,746,2026-10-17,2026-09-18
660.0,333,1827,2026-10-17,2026-09-18
670.0,13,420,2026-10-17,2026-09-18
680.0,420,2298,2026-10-17,2026-09-18
690.0,13,940,2026-10-17,2026-09-18
700.0,1215,8255,2026-10-17,2026-09-18
710.0,10,275,2026-10-17,2026-09-18
720.0,568,916,2026-10-17,2026-09-18
730.0,15,705,2026-10-17,2026-09-18
740.0,751,1987,2026-10-17,2026-09-18
750.0,33,4317,2026-10-17,2026-09-18
760.0,420,3020,2026-10-17,2026-09-18
770.0,125,601,2026-10-17,2026-09-18
775.0,0,9,2026-10-17,2026-09-18
780.0,1403,1956,2026-10-17,2026-09-18
790.0,156,543,2026-10-17,2026-09-18
800.0,1449,6607,2026-10-17,2026-09-18
810.0,1423,648,2026-10-17,2026-09-18
820.0,619,2319,2026-10-17,2026-09-18
830.0,40,401,2026-10-17,2026-09-18
840.0,1624,2139,2026-10-17,2026-09-18
850.0,150,2859,2026-10-17,2026-09-18
860.0,868,1952,2026-10-17,2026-09-18
870.0,2500,2500,2026-10-17,2026-09-18
870.0,57,4565,2026-10-17,2026-09-18
875.0,2000,2000,2026-10-17,2026-09-18
880.0,400,1658,2026-10-17,2026-09-18
890.0,106,645,2026-10-17,2026-09-18
900.0,4751,6483,2026-10-17,2026-09-18
910.0,1950,1221,2026-10-17,2026-09-18
920.0,1086,1086,2026-10-17,2026-09-18
920.0,975,2688,2026-10-17,2026-09-18
930.0,200,200,2026-10-17,2026-09-18
930.0,764,985,2026-10-17,2026-09-18
935.0,250,250,2026-10-17,2026-09-18
940.0,714,2012,2026-10-17,2026-09-18
950.0,3000,3000,2026-10-17,2026-09-18
950.0,4144,2077,2026-10-17,2026-09-18
960.0,1041,2336,2026-10-17,2026-09-18
970.0,1050,4465,2026-10-17,2026-09-18
980.0,6507,7131,2026-10-17,2026-09-18
985.0,3320,3320,2026-10-17,2026-09-18
990.0,1081,984,2026-10-17,2026-09-18
1000.0,600,600,2026-10-17,2026-09-18
1000.0,11343,4215,2026-10-17,2026-09-18
1010.0,835,246,2026-10-17,2026-09-18
1020.0,923,359,2026-10-17,2026-09-18
1030.0,548,325,2026-10-17,2026-09-18
1040.0,522,427,2026-10-17,2026-09-18
1050.0,4163,575,2026-10-17,2026-09-18
1060.0,472,186,2026-10-17,2026-09-18
1070.0,620,193,2026-10-17,2026-09-18
1080.0,593,288,2026-10-17,2026-09-18
1090.0,960,302,2026-10-17,2026-09-18
1100.0,9,0,2026-10-17,2026-09-18
1100.0,6124,3873,2026-10-17,2026-09-18
1110.0,613,90,2026-10-17,2026-09-18
1120.0,513,150,2026-10-17,2026-09-18
1130.0,424,107,2026-10-17,2026-09-18
1140.0,629,172,2026-10-17,2026-09-18
1150.0,9,0,2026-10-17,2026-09-18
1150.0,3110,92,2026-10-17,2026-09-18
1160.0,603,212,2026-10-17,2026-09-18
1170.0,466,173,2026-10-17,2026-09-18
1180.0,431,57,2026-10-17,2026-09-18
1190.0,473,71,2026-10-17,2026-09-18
1200.0,7021,465,2026-10-17,2026-09-18
1210.0,684,41,2026-10-17,2026-09-18
1220.0,1239,34,2026-10-17,2026-09-18
1230.0,407,12,2026-10-17,2026-09-18
1240.0,407,39,2026-10-17,2026-09-18
1250.0,1946,363,2026-10-17,2026-09-18
1260.0,436,98,2026-10-17,2026-09-18
1270.0,504,84,2026-10-17,2026-09-18
1280.0,423,49,2026-10-17,2026-09-18
1290.0,373,65,2026-10-17,2026-09-18
1300.0,3261,92,2026-10-17,2026-09-18
1310.0,353,43,2026-10-17,2026-09-18
1320.0,479,68,2026-10-17,2026-09-18
1330.0,20,0,2026-10-17,2026-09-18
1330.0,820,12,2026-10-17,2026-09-18
1340.0,248,45,2026-10-17,2026-09-18
1350.0,782,175,2026-10-17,2026-09-18
1360.0,477,27,2026-10-17,2026-09-18
1370.0,172,36,2026-10-17,2026-09-18
1380.0,217,27,2026-10-17,2026-09-18
1390.0,338,13,2026-10-17,2026-09-18
1400.0,3731,32,2026-10-17,2026-09-18
1410.0,226,90,2026-10-17,2026-09-18
1420.0,371,7,2026-10-17,2026-09-18
1430.0,556,20,2026-10-17,2026-09-18
1440.0,207,0,2026-10-17,2026-09-18
1450.0,1205,17,2026-10-17,2026-09-18
1460.0,20,0,2026-10-17,2026-09-18
1460.0,338,0,2026-10-17,2026-09-18
1470.0,387,0,2026-10-17,2026-09-18
1480.0,274,0,2026-10-17,2026-09-18
1490.0,337,0,2026-10-17,2026-09-18
1500.0,5420,0,2026-10-17,2026-09-18
1510.0,624,0,2026-10-17,2026-09-18
1520.0,414,0,2026-10-17,2026-09-18
1530.0,272,0,2026-10-17,2026-09-18
1540.0,310,0,2026-10-17,2026-09-18
1550.0,555,0,2026-10-17,2026-09-18
1560.0,136,0,2026-10-17,2026-09-18
1570.0,300,0,2026-10-17,2026-09-18
1580.0,268,0,2026-10-17,2026-09-18
1590.0,256,0,2026-10-17,2026-09-18
1600.0,1936,0,2026-10-17,2026-09-18
1610.0,289,0,2026-10-17,2026-09-18
1620.0,194,0,2026-10-17,2026-09-18
1630.0,323,0,2026-10-17,2026-09-18
1640.0,88,0,2026-10-17,2026-09-18
1650.0,197,0,2026-10-17,2026-09-18
1660.0,725,0,2026-10-17,2026-09-18
1670.0,251,0,2026-10-17,2026-09-18
1680.0,329,0,2026-10-17,2026-09-18
1690.0,838,0,2026-10-17,2026-09-18
1700.0,1317,0,2026-10-17,2026-09-18
1710.0,161,0,2026-10-17,2026-09-18
1720.0,146,0,2026-10-17,2026-09-18
1730.0,272,0,2026-10-17,2026-09-18
1740.0,286,0,2026-10-17,2026-09-18
1750.0,231,0,2026-10-17,2026-09-18
1760.0,288,0,2026-10-17,2026-09-18
1770.0,441,0,2026-10-17,2026-09-18
1780.0,206,0,2026-10-17,2026-09-18
1790.0,418,0,2026-10-17,2026-09-18
1800.0,916,0,2026-10-17,2026-09-18
1810.0,505,0,2026-10-17,2026-09-18
1820.0,1085,0,2026-10-17,2026-09-18
1830.0,1483,0,2026-10-17,2026-09-18
1840.0,488,0,2026-10-17,2026-09-18
1850.0,763,0,2026-10-17,2026-09-18
1860.0,230,0,2026-10-17,2026-09-18
1870.0,252,0,2026-10-17,2026-09-18
1880.0,294,0,2026-10-17,2026-09-18
1890.0,391,0,2026-10-17,2026-09-18
1900.0,827,0,2026-10-17,2026-09-18
1910.0,1042,0,2026-10-17,2026-09-18
1920.0,196,0,2026-10-17,2026-09-18
1930.0,405,0,2026-10-17,2026-09-18
1940.0,246,0,2026-10-17,2026-09-18
1950.0,414,0,2026-10-17,2026-09-18
1960.0,420,0,2026-10-17,2026-09-18
1970.0,90,0,2026-10-17,2026-09-18
1980.0,163,0,2026-10-17,2026-09-18
1990.0,116,0,2026-10-17,2026-09-18
2000.0,2390,0,2026-10-17,2026-09-18
2010.0,75,0,2026-10-17,2026-09-18
2020.0,73,0,2026-10-17,2026-09-18
2030.0,252,0,2026-10-17,2026-09-18
2040.0,30,0,2026-10-17,2026-09-18
2050.0,256,0,2026-10-17,2026-09-18
2060.0,269,0,2026-10-17,2026-09-18
2070.0,96,0,2026-10-17,2026-09-18
2080.0,315,0,2026-10-17,2026-09-18
2090.0,260,0,2026-10-17,2026-09-18
2100.0,294,0,2026-10-17,2026-09-18
2110.0,134,0,2026-10-17,2026-09-18
2120.0,194,0,2026-10-17,2026-09-18
2130.0,103,0,2026-10-17,2026-09-18
2140.0,80,0,2026-10-17,2026-09-18
2150.0,212,0,2026-10-17,2026-09-18
2160.0,85,0,2026-10-17,2026-09-18
2170.0,316,0,2026-10-17,2026-09-18
2180.0,62,0,2026-10-17,2026-09-18
2190.0,81,0,2026-10-17,2026-09-18
2200.0,257,0,2026-10-17,2026-09-18
2210.0,52,0,2026-10-17,2026-09-18
2220.0,157,0,2026-10-17,2026-09-18
2230.0,36,0,2026-10-17,2026-09-18
2240.0,28,0,2026-10-17,2026-09-18
2250.0,151,0,2026-10-17,2026-09-18
2260.0,110,0,2026-10-17,2026-09-18
2270.0,125,0,2026-10-17,2026-09-18
2280.0,94,0,2026-10-17,2026-09-18
2290.0,437,0,2026-10-17,2026-09-18
2300.0,395,0,2026-10-17,2026-09-18
2310.0,95,0,2026-10-17,2026-09-18
2320.0,195,0,2026-10-17,2026-09-18
2330.0,136,0,2026-10-17,2026-09-18
2340.0,99,0,2026-10-17,2026-09-18
2350.0,42,0,2026-10-17,2026-09-18
2360.0,201,0,2026-10-17,2026-09-18
2370.0,167,0,2026-10-17,2026-09-18
2380.0,74,0,2026-10-17,2026-09-18
2390.0,160,0,2026-10-17,2026-09-18
2400.0,281,0,2026-10-17,2026-09-18
2410.0,151,0,2026-10-17,2026-09-18
2420.0,697,0,2026-10-17,2026-09-18
2440.0,94,0,2026-10-17,2026-09-18
2460.0,169,0,2026-10-17,2026-09-18
2480.0,214,0,2026-10-17,2026-09-18
2500.0,3338,0,2026-10-17,2026-09-18
999.03,1144,1144,2026-10-21,2026-09-18
100.0,2,0,2026-10-24,2026-09-18
105.0,0,0,2026-10-24,2026-09-18
110.0,0,0,2026-10-24,2026-09-18
115.0,0,0,2026-10-24,2026-09-18
120.0,0,0,2026-10-24,2026-09-18
125.0,0,0,2026-10-24,2026-09-18
130.0,0,0,2026-10-24,2026-09-18
135.0,0,0,2026-10-24,2026-09-18
140.0,0,0,2026-10-24,2026-09-18
145.0,0,6,2026-10-24,2026-09-18
150.0,0,0,2026-10-24,2026-09-18
155.0,0,0,2026-10-24,2026-09-18
160.0,0,0,2026-10-24,2026-09-18
165.0,0,0,2026-10-24,2026-09-18
170.0,0,0,2026-10-24,2026-09-18
175.0,0,0,2026-10-24,2026-09-18
180.0,0,0,2026-10-24,2026-09-18
185.0,0,5,2026-10-24,2026-09-18
190.0,0,11,2026-10-24,2026-09-18
195.0,0,8,2026-10-24,2026-09-18
200.0,0,25,2026-10-24,2026-09-18
205.0,0,8,2026-10-24,2026-09-18
210.0,0,29,2026-10-24,2026-09-18
215.0,0,28,2026-10-24,2026-09-18
220.0,0,34,2026-10-24,2026-09-18
225.0,0,28,2026-10-24,2026-09-18
230.0,0,20,2026-10-24,2026-09-18
235.0,0,31,2026-10-24,2026-09-18
240.0,0,43,2026-10-24,2026-09-18
245.0,0,43,2026-10-24,2026-09-18
250.0,0,28,2026-10-24,2026-09-18
255.0,0,14,2026-10-24,2026-09-18
260.0,0,19,2026-10-24,2026-09-18
265.0,0,13,2026-10-24,2026-09-18
270.0,0,6,2026-10-24,2026-09-18
275.0,3,11,2026-10-24,2026-09-18
280.0,0,13,2026-10-24,2026-09-18
285.0,0,10,2026-10-24,2026-09-18
290.0,0,11,2026-10-24,2026-09-18
295.0,0,16,2026-10-24,2026-09-18
300.0,0,9,2026-10-24,2026-09-18
305.0,0,20,2026-10-24,2026-09-18
310.0,0,33,2026-10-24,2026-09-18
315.0,0,11,2026-10-24,2026-09-18
320.0,0,25,2026-10-24,2026-09-18
325.0,0,14,2026-10-24,2026-09-18
330.0,0,15,2026-10-24,2026-09-18
335.0,0,16,2026-10-24,2026-09-18
340.0,0,34,2026-10-24,2026-09-18
345.0,0,8,2026-10-24,2026-09-18
350.0,0,6,2026-10-24,2026-09-18
355.0,0,9,2026-10-24,2026-09-18
360.0,0,6,2026-10-24,2026-09-18
365.0,0,12,2026-10-24,2026-09-18
370.0,0,11,2026-10-24,2026-09-18
375.0,0,12,2026-10-24,2026-09-18
380.0,0,4,2026-10-24,2026-09-18
385.0,0,20,2026-10-24,2026-09-18
390.0,1,6,2026-10-24,2026-09-18
395.0,0,1,2026-10-24,2026-09-18
400.0,0,7,2026-10-24,2026-09-18
405.0,6,2,2026-10-24,2026-09-18
410.0,1,3,2026-10-24,2026-09-18
415.0,0,1,2026-10-24,2026-09-18
420.0,0,3,2026-10-24,2026-09-18
425.0,0,1,2026-10-24,2026-09-18
430.0,0,1,2026-10-24,2026-09-18
435.0,0,0,2026-10-24,2026-09-18
440.0,3,0,2026-10-24,2026-09-18
445.0,0,0,2026-10-24,2026-09-18
450.0,1,2,2026-10-24,2026-09-18
455.0,0,0,2026-10-24,2026-09-18
460.0,0,2,2026-10-24,2026-09-18
465.0,0,0,2026-10-24,2026-09-18
470.0,0,0,2026-10-24,2026-09-18
475.0,1,1,2026-10-24,2026-09-18
480.0,0,1,2026-10-24,2026-09-18
485.0,0,1,2026-10-24,2026-09-18
490.0,2,3,2026-10-24,2026-09-18
495.0,0,14,2026-10-24,2026-09-18
500.0,0,48,2026-10-24,2026-09-18
505.0,0,35,2026-10-24,2026-09-18
510.0,1,1,2026-10-24,2026-09-18
515.0,0,0,2026-10-24,2026-09-18
520.0,0,1,2026-10-24,2026-09-18
525.0,0,2,2026-10-24,2026-09-18
530.0,0,0,2026-10-24,2026-09-18
535.0,1,7,2026-10-24,2026-09-18
540.0,0,24,2026-10-24,2026-09-18
545.0,0,0,2026-10-24,2026-09-18
550.0,0,4,2026-10-24,2026-09-18
555.0,0,0,2026-10-24,2026-09-18
560.0,0,0,2026-10-24,2026-09-18
565.0,0,0,2026-10-24,2026-09-18
570.0,0,20,2026-10-24,2026-09-18
575.0,0,0,2026-10-24,2026-09-18
580.0,1,8,2026-10-24,2026-09-18
585.0,0,0,2026-10-24,2026-09-18
590.0,1,1,2026-10-24,2026-09-18
595.0,0,22,2026-10-24,2026-09-18
600.0,1,15,2026-10-24,2026-09-18
605.0,0,1,2026-10-24,2026-09-18
610.0,0,0,2026-10-24,2026-09-18
615.0,0,2,2026-10-24,2026-09-18
620.0,4,54,2026-10-24,2026-09-18
625.0,0,11,2026-10-24,2026-09-18
630.0,0,0,2026-10-24,2026-09-18
635.0,0,1,2026-10-24,2026-09-18
640.0,0,20,2026-10-24,2026-09-18
645.0,0,0,2026-10-24,2026-09-18
650.0,0,84,2026-10-24,2026-09-18
655.0,1,149,2026-10-24,2026-09-18
660.0,0,12,2026-10-24,2026-09-18
665.0,0,4,2026-10-24,2026-09-18
670.0,0,23,2026-10-24,2026-09-18
675.0,2,59,2026-10-24,2026-09-18
680.0,0,56,2026-10-24,2026-09-18
685.0,0,51,2026-10-24,2026-09-18
690.0,2,72,2026-10-24,2026-09-18
695.0,1,22,2026-10-24,2026-09-18
700.0,2,113,2026-10-24,2026-09-18
705.0,0,21,2026-10-24,2026-09-18
710.0,0,48,2026-10-24,2026-09-18
715.0,2,66,2026-10-24,2026-09-18
720.0,0,41,2026-10-24,2026-09-18
725.0,0,36,2026-10-24,2026-09-18
730.0,1,200,2026-10-24,2026-09-18
735.0,0,9,2026-10-24,2026-09-18
740.0,0,75,2026-10-24,2026-09-18
745.0,2,61,2026-10-24,2026-09-18
750.0,5,240,2026-10-24,2026-09-18
755.0,6,90,2026-10-24,2026-09-18
760.0,1,54,2026-10-24,2026-09-18
765.0,5,35,2026-10-24,2026-09-18
770.0,0,72,2026-10-24,2026-09-18
775.0,2,86,2026-10-24,2026-09-18
780.0,3,43,2026-10-24,2026-09-18
785.0,0,49,2026-10-24,2026-09-18
790.0,13,54,2026-10-24,2026-09-18
795.0,10,22,2026-10-24,2026-09-18
800.0,382,318,2026-10-24,2026-09-18
805.0,0,47,2026-10-24,2026-09-18
810.0,0,199,2026-10-24,2026-09-18
815.0,1,41,2026-10-24,2026-09-18
820.0,2,102,2026-10-24,2026-09-18
825.0,3,54,2026-10-24,2026-09-18
830.0,5,124,2026-10-24,2026-09-18
835.0,1,105,2026-10-24,2026-09-18
840.0,51,49,2026-10-24,2026-09-18
845.0,0,102,2026-10-24,2026-09-18
850.0,1,798,2026-10-24,2026-09-18
855.0,1,30,2026-10-24,2026-09-18
860.0,1,120,2026-10-24,2026-09-18
865.0,0,26,2026-10-24,2026-09-18
870.0,1,129,2026-10-24,2026-09-18
875.0,11,52,2026-10-24,2026-09-18
880.0,10,175,2026-10-24,2026-09-18
885.0,1,46,2026-10-24,2026-09-18
890.0,19,66,2026-10-24,2026-09-18
895.0,27,114,2026-10-24,2026-09-18
900.0,270,187,2026-10-24,2026-09-18
905.0,12,48,2026-10-24,2026-09-18
910.0,9,25,2026-10-24,2026-09-18
915.0,8,24,2026-10-24,2026-09-18
920.0,1500,1500,2026-10-24,2026-09-18
920.0,60,33,2026-10-24,2026-09-18
925.0,68,38,2026-10-24,2026-09-18
930.0,63,99,2026-10-24,2026-09-18
935.0,65,53,2026-10-24,2026-09-18
940.0,50,56,2026-10-24,2026-09-18
945.0,20,7,2026-10-24,2026-09-18
950.0,47,274,2026-10-24,2026-09-18
955.0,58,25,2026-10-24,2026-09-18
960.0,56,28,2026-10-24,2026-09-18
965.0,4,36,2026-10-24,2026-09-18
970.0,68,72,2026-10-24,2026-09-18
975.0,72,28,2026-10-24,2026-09-18
980.0,67,22,2026-10-24,2026-09-18
985.0,41,26,2026-10-24,2026-09-18
990.0,65,19,2026-10-24,2026-09-18
995.0,34,35,2026-10-24,2026-09-18
1000.0,173,184,2026-10-24,2026-09-18
1005.0,16,7,2026-10-24,2026-09-18
1010.0,104,9,2026-10-24,2026-09-18
1015.0,36,21,2026-10-24,2026-09-18
1020.0,60,136,2026-10-24,2026-09-18
1025.0,22,14,2026-10-24,2026-09-18
1030.0,39,12,2026-10-24,2026-09-18
1035.0,15,1,2026-10-24,2026-09-18
1040.0,24,14,2026-10-24,2026-09-18
1045.0,4,1,2026-10-24,2026-09-18
1050.0,107,5,2026-10-24,2026-09-18
1055.0,34,5,2026-10-24,2026-09-18
1060.0,90,14,2026-10-24,2026-09-18
1065.0,11,0,2026-10-24,2026-09-18
1070.0,20,4,2026-10-24,2026-09-18
1075.0,7,0,2026-10-24,2026-09-18
1080.0,32,3,2026-10-24,2026-09-18
1085.0,18,0,2026-10-24,2026-09-18
1090.0,19,1,2026-10-24,2026-09-18
1095.0,4,2,2026-10-24,2026-09-18
1100.0,155,62,2026-10-24,2026-09-18
1105.0,157,7,2026-10-24,2026-09-18
1110.0,16,0,2026-10-24,2026-09-18
1115.0,14,0,2026-10-24,2026-09-18
1120.0,56,0,2026-10-24,2026-09-18
1125.0,14,0,2026-10-24,2026-09-18
1130.0,13,2,2026-10-24,2026-09-18
1135.0,20,1,2026-10-24,2026-09-18
1140.0,32,0,2026-10-24,2026-09-18
1150.0,136,4,2026-10-24,2026-09-18
1160.0,26,11,2026-10-24,2026-09-18
1170.0,46,12,2026-10-24,2026-09-18
1180.0,34,19,2026-10-24,2026-09-18
1190.0,18,15,2026-10-24,2026-09-18
1200.0,133,23,2026-10-24,2026-09-18
1210.0,47,14,2026-10-24,2026-09-18
1220.0,83,8,2026-10-24,2026-09-18
1230.0,63,38,2026-10-24,2026-09-18
1240.0,22,6,2026-10-24,2026-09-18
1250.0,72,0,2026-10-24,2026-09-18
1260.0,151,0,2026-10-24,2026-09-18
1270.0,39,4,2026-10-24,2026-09-18
1280.0,21,2,2026-10-24,2026-09-18
1290.0,111,0,2026-10-24,2026-09-18
1300.0,257,1,2026-10-24,2026-09-18
1310.0,31,0,2026-10-24,2026-09-18
1320.0,12,0,2026-10-24,2026-09-18
1330.0,46,0,2026-10-24,2026-09-18
1340.0,112,0,2026-10-24,2026-09-18
1350.0,25,0,2026-10-24,2026-09-18
1360.0,42,0,2026-10-24,2026-09-18
1370.0,17,0,2026-10-24,2026-09-18
1380.0,67,0,2026-10-24,2026-09-18
1390.0,7,0,2026-10-24,2026-09-18
1400.0,25,1,2026-10-24,2026-09-18
1410.0,4,0,2026-10-24,2026-09-18
1420.0,9,0,2026-10-24,2026-09-18
1430.0,9,0,2026-10-24,2026-09-18
1440.0,6,0,2026-10-24,2026-09-18
1450.0,132,0,2026-10-24,2026-09-18
1460.0,2,0,2026-10-24,2026-09-18
1470.0,19,0,2026-10-24,2026-09-18
1480.0,6,0,2026-10-24,2026-09-18
1490.0,264,0,2026-10-24,2026-09-18
1500.0,92,0,2026-10-24,2026-09-18
1510.0,17,0,2026-10-24,2026-09-18
1520.0,11,0,2026-10-24,2026-09-18
1530.0,15,0,2026-10-24,2026-09-18
1540.0,11,0,2026-10-24,2026-09-18
1550.0,11,0,2026-10-24,2026-09-18
1560.0,1,0,2026-10-24,2026-09-18
1570.0,0,0,2026-10-24,2026-09-18
1580.0,3,0,2026-10-24,2026-09-18
1590.0,21,0,2026-10-24,2026-09-18
1600.0,15,0,2026-10-24,2026-09-18
1610.0,1,0,2026-10-24,2026-09-18
1620.0,3,0,2026-10-24,2026-09-18
1630.0,9,0,2026-10-24,2026-09-18
1640.0,12,0,2026-10-24,2026-09-18
1650.0,10,0,2026-10-24,2026-09-18
1660.0,13,0,2026-10-24,2026-09-18
1670.0,4,0,2026-10-24,2026-09-18
1680.0,2,0,2026-10-24,2026-09-18
1690.0,2,0,2026-10-24,2026-09-18
1700.0,2,0,2026-10-24,2026-09-18
1710.0,5,0,2026-10-24,2026-09-18
1720.0,2,0,2026-10-24,2026-09-18
1730.0,19,0,2026-10-24,2026-09-18
1100.0,29,0,2026-10-29,2026-09-18
200.0,0,16,2026-10-31,2026-09-18
210.0,0,13,2026-10-31,2026-09-18
220.0,0,12,2026-10-31,2026-09-18
230.0,0,8,2026-10-31,2026-09-18
240.0,0,15,2026-10-31,2026-09-18
250.0,0,33,2026-10-31,2026-09-18
260.0,0,12,2026-10-31,2026-09-18
270.0,0,11,2026-10-31,2026-09-18
280.0,2,21,2026-10-31,2026-09-18
290.0,0,23,2026-10-31,2026-09-18
300.0,20,20,2026-10-31,2026-09-18
310.0,0,10,2026-10-31,2026-09-18
320.0,0,9,2026-10-31,2026-09-18
330.0,0,10,2026-10-31,2026-09-18
340.0,0,9,2026-10-31,2026-09-18
350.0,6,9,2026-10-31,2026-09-18
360.0,0,40,2026-10-31,2026-09-18
370.0,25,9,2026-10-31,2026-09-18
380.0,0,19,2026-10-31,2026-09-18
390.0,0,23,2026-10-31,2026-09-18
400.0,0,21,2026-10-31,2026-09-18
410.0,0,4,2026-10-31,2026-09-18
420.0,3,2,2026-10-31,2026-09-18
430.0,10,1,2026-10-31,2026-09-18
440.0,0,3,2026-10-31,2026-09-18
450.0,0,0,2026-10-31,2026-09-18
460.0,38,0,2026-10-31,2026-09-18
470.0,0,0,2026-10-31,2026-09-18
480.0,0,4,2026-10-31,2026-09-18
490.0,0,2,2026-10-31,2026-09-18
500.0,1,0,2026-10-31,2026-09-18
510.0,1,10,2026-10-31,2026-09-18
520.0,0,12,2026-10-31,2026-09-18
530.0,1,20,2026-10-31,2026-09-18
540.0,0,7,2026-10-31,2026-09-18
550.0,0,8,2026-10-31,2026-09-18
560.0,0,0,2026-10-31,2026-09-18
570.0,0,1,2026-10-31,2026-09-18
580.0,0,4,2026-10-31,2026-09-18
590.0,0,3,2026-10-31,2026-09-18
600.0,0,79,2026-10-31,2026-09-18
610.0,0,2,2026-10-31,2026-09-18
620.0,0,29,2026-10-31,2026-09-18
630.0,0,8,2026-10-31,2026-09-18
640.0,0,6,2026-10-31,2026-09-18
650.0,3,36,2026-10-31,2026-09-18
660.0,2,20,2026-10-31,2026-09-18
670.0,0,17,2026-10-31,2026-09-18
680.0,1,11,2026-10-31,2026-09-18
690.0,1,7,2026-10-31,2026-09-18
700.0,86,83,2026-10-31,2026-09-18
710.0,3,31,2026-10-31,2026-09-18
720.0,3,141,2026-10-31,2026-09-18
730.0,21,64,2026-10-31,2026-09-18
740.0,0,24,2026-10-31,2026-09-18
750.0,100,79,2026-10-31,2026-09-18
760.0,1,29,2026-10-31,2026-09-18
770.0,26,77,2026-10-31,2026-09-18
780.0,9,53,2026-10-31,2026-09-18
790.0,1,39,2026-10-31,2026-09-18
795.0,1,43,2026-10-31,2026-09-18
800.0,52,220,2026-10-31,2026-09-18
805.0,0,67,2026-10-31,2026-09-18
810.0,10,21,2026-10-31,2026-09-18
815.0,18,9,2026-10-31,2026-09-18
820.0,3,23,2026-10-31,2026-09-18
825.0,103,41,2026-10-31,2026-09-18
830.0,2,46,2026-10-31,2026-09-18
835.0,2,52,2026-10-31,2026-09-18
840.0,3,76,2026-10-31,2026-09-18
845.0,2,13,2026-10-31,2026-09-18
850.0,6,469,2026-10-31,2026-09-18
855.0,1,27,2026-10-31,2026-09-18
860.0,12,40,2026-10-31,2026-09-18
865.0,44,68,2026-10-31,2026-09-18
870.0,4,20,2026-10-31,2026-09-18
875.0,1,23,2026-10-31,2026-09-18
880.0,77,90,2026-10-31,2026-09-18
885.0,4,19,2026-10-31,2026-09-18
890.0,3,52,2026-10-31,2026-09-18
895.0,3,17,2026-10-31,2026-09-18
900.0,349,355,2026-10-31,2026-09-18
905.0,412,17,2026-10-31,2026-09-18
910.0,204,49,2026-10-31,2026-09-18
915.0,18,37,2026-10-31,2026-09-18
920.0,88,232,2026-10-31,2026-09-18
925.0,98,20,2026-10-31,2026-09-18
930.0,34,74,2026-10-31,2026-09-18
935.0,3,20,2026-10-31,2026-09-18
940.0,131,14,2026-10-31,2026-09-18
945.0,39,2,2026-10-31,2026-09-18
950.0,270,21,2026-10-31,2026-09-18
955.0,36,37,2026-10-31,2026-09-18
960.0,25,14,2026-10-31,2026-09-18
965.0,13,14,2026-10-31,2026-09-18
970.0,58,21,2026-10-31,2026-09-18
975.0,31,104,2026-10-31,2026-09-18
980.0,50,21,2026-10-31,2026-09-18
985.0,37,23,2026-10-31,2026-09-18
990.0,29,3,2026-10-31,2026-09-18
995.0,60,6,2026-10-31,2026-09-18
1000.0,282,28,2026-10-31,2026-09-18
1005.0,50,4,2026-10-31,2026-09-18
1010.0,17,3,2026-10-31,2026-09-18
1015.0,9,1,2026-10-31,2026-09-18
1020.0,23,3,2026-10-31,2026-09-18
1025.0,55,2,2026-10-31,2026-09-18
1030.0,17,3,2026-10-31,2026-09-18
1035.0,32,6,2026-10-31,2026-09-18
1040.0,32,5,2026-10-31,2026-09-18
1045.0,23,2,2026-10-31,2026-09-18
1050.0,600,600,2026-10-31,2026-09-18
1050.0,88,7,2026-10-31,2026-09-18
1055.0,14,2,2026-10-31,2026-09-18
1060.0,33,0,2026-10-31,2026-09-18
1065.0,11,2,2026-10-31,2026-09-18
1070.0,43,4,2026-10-31,2026-09-18
1075.0,25,1,2026-10-31,2026-09-18
1080.0,50,2,2026-10-31,2026-09-18
1085.0,19,0,2026-10-31,2026-09-18
1090.0,117,1,2026-10-31,2026-09-18
1095.0,39,2,2026-10-31,2026-09-18
1100.0,151,0,2026-10-31,2026-09-18
1105.0,10,0,2026-10-31,2026-09-18
1110.0,20,1,2026-10-31,2026-09-18
1115.0,8,1,2026-10-31,2026-09-18
1120.0,89,2,2026-10-31,2026-09-18
1125.0,63,3,2026-10-31,2026-09-18
1130.0,23,1,2026-10-31,2026-09-18
1135.0,25,1,2026-10-31,2026-09-18
1140.0,5,0,2026-10-31,2026-09-18
1140.0,28,1,2026-10-31,2026-09-18
1150.0,47,0,2026-10-31,2026-09-18
1160.0,19,2,2026-10-31,2026-09-18
1170.0,14,2,2026-10-31,2026-09-18
1180.0,5,0,2026-10-31,2026-09-18
1190.0,15,0,2026-10-31,2026-09-18
1200.0,128,3,2026-10-31,2026-09-18
1210.0,15,1,2026-10-31,2026-09-18
1220.0,9,1,2026-10-31,2026-09-18
1230.0,53,0,2026-10-31,2026-09-18
1240.0,9,1,2026-10-31,2026-09-18
1250.0,19,3,2026-10-31,2026-09-18
1260.0,33,0,2026-10-31,2026-09-18
1270.0,39,1,2026-10-31,2026-09-18
1280.0,79,0,2026-10-31,2026-09-18
1290.0,2,0,2026-10-31,2026-09-18
1300.0,33,1,2026-10-31,2026-09-18
1310.0,8,0,2026-10-31,2026-09-18
1320.0,37,0,2026-10-31,2026-09-18
1330.0,4,0,2026-10-31,2026-09-18
1340.0,4,2,2026-10-31,2026-09-18
1350.0,13,1,2026-10-31,2026-09-18
1360.0,2,0,2026-10-31,2026-09-18
1370.0,26,0,2026-10-31,2026-09-18
1380.0,1,0,2026-10-31,2026-09-18
1390.0,2,0,2026-10-31,2026-09-18
1400.0,46,0,2026-10-31,2026-09-18
1410.0,3,0,2026-10-31,2026-09-18
1420.0,1,0,2026-10-31,2026-09-18
1430.0,0,0,2026-10-31,2026-09-18
1440.0,0,0,2026-10-31,2026-09-18
1450.0,9,0,2026-10-31,2026-09-18
1460.0,0,0,2026-10-31,2026-09-18
1470.0,1,0,2026-10-31,2026-09-18
1480.0,0,0,2026-10-31,2026-09-18
1490.0,0,0,2026-10-31,2026-09-18
1500.0,8,0,2026-10-31,2026-09-18
1510.0,42,0,2026-10-31,2026-09-18
1520.0,0,0,2026-10-31,2026-09-18
1530.0,0,0,2026-10-31,2026-09-18
1540.0,0,0,2026-10-31,2026-09-18
1550.0,9,0,2026-10-31,2026-09-18
1560.0,0,0,2026-10-31,2026-09-18
1570.0,1,0,2026-10-31,2026-09-18
1580.0,1,0,2026-10-31,2026-09-18
1590.0,0,0,2026-10-31,2026-09-18
1600.0,8,0,2026-10-31,2026-09-18
1610.0,11,0,2026-10-31,2026-09-18
1620.0,0,0,2026-10-31,2026-09-18
1630.0,0,0,2026-10-31,2026-09-18
1640.0,1,0,2026-10-31,2026-09-18
1650.0,0,0,2026-10-31,2026-09-18
1660.0,1,0,2026-10-31,2026-09-18
1670.0,2,0,2026-10-31,2026-09-18
1680.0,0,0,2026-10-31,2026-09-18
1690.0,0,0,2026-10-31,2026-09-18
1700.0,2,0,2026-10-31,2026-09-18
1710.0,1,0,2026-10-31,2026-09-18
1720.0,7,0,2026-10-31,2026-09-18
1730.0,224,0,2026-10-31,2026-09-18
1250.0,29,0,2026-11-05,2026-09-18
1340.0,9,0,2026-11-05,2026-09-18
1100.0,300,300,2026-11-07,2026-09-18
5.0,1,87,2026-11-21,2026-09-18
10.0,0,49,2026-11-21,2026-09-18
15.0,0,638,2026-11-21,2026-09-18
20.0,1,165,2026-11-21,2026-09-18
25.0,0,141,2026-11-21,2026-09-18
30.0,1,52,2026-11-21,2026-09-18
35.0,9,815,2026-11-21,2026-09-18
40.0,13,47,2026-11-21,2026-09-18
45.0,2,88,2026-11-21,2026-09-18
50.0,5,52,2026-11-21,2026-09-18
55.0,8,194,2026-11-21,2026-09-18
60.0,12,285,2026-11-21,2026-09-18
65.0,3,560,2026-11-21,2026-09-18
70.0,1,895,2026-11-21,2026-09-18
75.0,11,52,2026-11-21,2026-09-18
80.0,4,56,2026-11-21,2026-09-18
85.0,1,36,2026-11-21,2026-09-18
90.0,12,158,2026-11-21,2026-09-18
95.0,5,724,2026-11-21,2026-09-18
100.0,40,982,2026-11-21,2026-09-18
105.0,2,170,2026-11-21,2026-09-18
110.0,48,381,2026-11-21,2026-09-18
115.0,5,185,2026-11-21,2026-09-18
120.0,17,96,2026-11-21,2026-09-18
125.0,3,467,2026-11-21,2026-09-18
130.0,14,133,2026-11-21,2026-09-18
135.0,10,4114,2026-11-21,2026-09-18
140.0,20,53,2026-11-21,2026-09-18
145.0,4,214,2026-11-21,2026-09-18
150.0,3,700,2026-11-21,2026-09-18
155.0,19,104,2026-11-21,2026-09-18
160.0,29,240,2026-11-21,2026-09-18
165.0,29,83,2026-11-21,2026-09-18
170.0,9,76,2026-11-21,2026-09-18
175.0,19,233,2026-11-21,2026-09-18
180.0,24,125,2026-11-21,2026-09-18
185.0,9,147,2026-11-21,2026-09-18
190.0,6,306,2026-11-21,2026-09-18
195.0,116,2746,2026-11-21,2026-09-18
200.0,75,1879,2026-11-21,2026-09-18
210.0,39,195,2026-11-21,2026-09-18
220.0,36,416,2026-11-21,2026-09-18
230.0,79,1701,2026-11-21,2026-09-18
240.0,16,762,2026-11-21,2026-09-18
250.0,100,1079,2026-11-21,2026-09-18
260.0,142,1566,2026-11-21,2026-09-18
270.0,32,570,2026-11-21,2026-09-18
280.0,211,1272,2026-11-21,2026-09-18
290.0,47,1784,2026-11-21,2026-09-18
300.0,201,1931,2026-11-21,2026-09-18
310.0,13,404,2026-11-21,2026-09-18
320.0,88,578,2026-11-21,2026-09-18
330.0,200,679,2026-11-21,2026-09-18
340.0,445,224,2026-11-21,2026-09-18
350.0,169,2868,2026-11-21,2026-09-18
360.0,118,4672,2026-11-21,2026-09-18
370.0,85,721,2026-11-21,2026-09-18
380.0,770,6337,2026-11-21,2026-09-18
390.0,193,450,2026-11-21,2026-09-18
400.0,385,1709,2026-11-21,2026-09-18
410.0,204,534,2026-11-21,2026-09-18
420.0,485,915,2026-11-21,2026-09-18
430.0,809,1034,2026-11-21,2026-09-18
440.0,1204,655,2026-11-21,2026-09-18
450.0,787,1142,2026-11-21,2026-09-18
460.0,385,904,2026-11-21,2026-09-18
470.0,213,243,2026-11-21,2026-09-18
480.0,281,460,2026-11-21,2026-09-18
490.0,324,622,2026-11-21,2026-09-18
500.0,1096,3261,2026-11-21,2026-09-18
510.0,174,194,2026-11-21,2026-09-18
520.0,219,962,2026-11-21,2026-09-18
530.0,307,492,2026-11-21,2026-09-18
540.0,297,1499,2026-11-21,2026-09-18
550.0,232,1601,2026-11-21,2026-09-18
560.0,218,270,2026-11-21,2026-09-18
570.0,1205,3836,2026-11-21,2026-09-18
580.0,117,1143,2026-11-21,2026-09-18
590.0,369,674,2026-11-21,2026-09-18
600.0,511,3981,2026-11-21,2026-09-18
610.0,159,1010,2026-11-21,2026-09-18
620.0,369,2523,2026-11-21,2026-09-18
630.0,193,1117,2026-11-21,2026-09-18
640.0,303,893,2026-11-21,2026-09-18
650.0,745,2044,2026-11-21,2026-09-18
660.0,310,1449,2026-11-21,2026-09-18
670.0,276,861,2026-11-21,2026-09-18
680.0,152,880,2026-11-21,2026-09-18
700.0,985,2808,2026-11-21,2026-09-18
710.0,227,243,2026-11-21,2026-09-18
720.0,256,543,2026-11-21,2026-09-18
730.0,381,721,2026-11-21,2026-09-18
740.0,340,2015,2026-11-21,2026-09-18
750.0,451,2271,2026-11-21,2026-09-18
760.0,476,787,2026-11-21,2026-09-18
770.0,342,403,2026-11-21,2026-09-18
780.0,296,1484,2026-11-21,2026-09-18
790.0,289,468,2026-11-21,2026-09-18
800.0,1789,2658,2026-11-21,2026-09-18
810.0,732,683,2026-11-21,2026-09-18
820.0,763,863,2026-11-21,2026-09-18
830.0,531,472,2026-11-21,2026-09-18
840.0,477,660,2026-11-21,2026-09-18
850.0,688,1329,2026-11-21,2026-09-18
860.0,343,737,2026-11-21,2026-09-18
870.0,345,591,2026-11-21,2026-09-18
880.0,523,757,2026-11-21,2026-09-18
890.0,226,460,2026-11-21,2026-09-18
900.0,2235,1706,2026-11-21,2026-09-18
910.0,7111,1076,2026-11-21,2026-09-18
920.0,713,1467,2026-11-21,2026-09-18
930.0,586,945,2026-11-21,2026-09-18
940.0,650,650,2026-11-21,2026-09-18
940.0,367,488,2026-11-21,2026-09-18
950.0,1080,1108,2026-11-21,2026-09-18
960.0,401,399,2026-11-21,2026-09-18
970.0,456,405,2026-11-21,2026-09-18
980.0,410,712,2026-11-21,2026-09-18
990.0,292,396,2026-11-21,2026-09-18
1000.0,1000,1000,2026-11-21,2026-09-18
1000.0,2988,1230,2026-11-21,2026-09-18
1010.0,849,259,2026-11-21,2026-09-18
1020.0,665,309,2026-11-21,2026-09-18
1030.0,546,230,2026-11-21,2026-09-18
1040.0,403,268,2026-11-21,2026-09-18
1050.0,8382,100,2026-11-21,2026-09-18
1060.0,415,112,2026-11-21,2026-09-18
1070.0,383,127,2026-11-21,2026-09-18
1080.0,553,120,2026-11-21,2026-09-18
1090.0,286,259,2026-11-21,2026-09-18
1100.0,800,800,2026-11-21,2026-09-18
1100.0,2641,383,2026-11-21,2026-09-18
1110.0,320,88,2026-11-21,2026-09-18
1120.0,676,65,2026-11-21,2026-09-18
1130.0,206,36,2026-11-21,2026-09-18
1140.0,642,61,2026-11-21,2026-09-18
1150.0,873,241,2026-11-21,2026-09-18
1160.0,419,83,2026-11-21,2026-09-18
1170.0,423,35,2026-11-21,2026-09-18
1180.0,301,25,2026-11-21,2026-09-18
1190.0,931,42,2026-11-21,2026-09-18
1200.0,1804,211,2026-11-21,2026-09-18
1210.0,875,118,2026-11-21,2026-09-18
1220.0,245,38,2026-11-21,2026-09-18
1230.0,415,31,2026-11-21,2026-09-18
1240.0,165,14,2026-11-21,2026-09-18
1250.0,1703,42,2026-11-21,2026-09-18
1260.0,332,57,2026-11-21,2026-09-18
1270.0,416,58,2026-11-21,2026-09-18
1280.0,357,83,2026-11-21,2026-09-18
1290.0,371,43,2026-11-21,2026-09-18
1300.0,3320,1095,2026-11-21,2026-09-18
1310.0,559,55,2026-11-21,2026-09-18
1320.0,299,70,2026-11-21,2026-09-18
1330.0,449,37,2026-11-21,2026-09-18
1340.0,218,63,2026-11-21,2026-09-18
1350.0,8133,18,2026-11-21,2026-09-18
1360.0,192,30,2026-11-21,2026-09-18
1370.0,180,50,2026-11-21,2026-09-18
1380.0,413,33,2026-11-21,2026-09-18
1390.0,85,7,2026-11-21,2026-09-18
1400.0,857,7,2026-11-21,2026-09-18
1410.0,307,15,2026-11-21,2026-09-18
1420.0,236,3,2026-11-21,2026-09-18
1430.0,88,302,2026-11-21,2026-09-18
1440.0,292,13,2026-11-21,2026-09-18
1450.0,219,7,2026-11-21,2026-09-18
1460.0,131,2,2026-11-21,2026-09-18
1470.0,350,12,2026-11-21,2026-09-18
1480.0,446,10,2026-11-21,2026-09-18
1490.0,247,3,2026-11-21,2026-09-18
1500.0,1868,26,2026-11-21,2026-09-18
1510.0,490,2,2026-11-21,2026-09-18
1520.0,916,20,2026-11-21,2026-09-18
1530.0,811,1,2026-11-21,2026-09-18
1540.0,259,13,2026-11-21,2026-09-18
1550.0,245,13,2026-11-21,2026-09-18
1560.0,299,5,2026-11-21,2026-09-18
1570.0,149,0,2026-11-21,2026-09-18
1580.0,93,10,2026-11-21,2026-09-18
1590.0,451,2,2026-11-21,2026-09-18
1600.0,557,13,2026-11-21,2026-09-18
1610.0,426,6,2026-11-21,2026-09-18
1620.0,133,0,2026-11-21,2026-09-18
1630.0,437,0,2026-11-21,2026-09-18
1640.0,93,0,2026-11-21,2026-09-18
1650.0,220,5,2026-11-21,2026-09-18
1660.0,61,0,2026-11-21,2026-09-18
1670.0,123,0,2026-11-21,2026-09-18
1680.0,180,0,2026-11-21,2026-09-18
1690.0,171,0,2026-11-21,2026-09-18
1700.0,289,66,2026-11-21,2026-09-18
1710.0,165,0,2026-11-21,2026-09-18
1720.0,235,0,2026-11-21,2026-09-18
1730.0,134,0,2026-11-21,2026-09-18
1740.0,247,0,2026-11-21,2026-09-18
1750.0,193,0,2026-11-21,2026-09-18
1760.0,48,0,2026-11-21,2026-09-18
1770.0,186,0,2026-11-21,2026-09-18
1780.0,212,0,2026-11-21,2026-09-18
1790.0,196,0,2026-11-21,2026-09-18
1800.0,1739,0,2026-11-21,2026-09-18
1810.0,89,0,2026-11-21,2026-09-18
1820.0,584,0,2026-11-21,2026-09-18
1830.0,361,0,2026-11-21,2026-09-18
1840.0,354,0,2026-11-21,2026-09-18
1850.0,417,0,2026-11-21,2026-09-18
1860.0,166,0,2026-11-21,2026-09-18
1870.0,202,0,2026-11-21,2026-09-18
1880.0,462,0,2026-11-21,2026-09-18
1890.0,211,0,2026-11-21,2026-09-18
1900.0,334,0,2026-11-21,2026-09-18
1910.0,712,0,2026-11-21,2026-09-18
1920.0,152,0,2026-11-21,2026-09-18
1930.0,233,0,2026-11-21,2026-09-18
1940.0,170,0,2026-11-21,2026-09-18
1950.0,266,0,2026-11-21,2026-09-18
1960.0,343,0,2026-11-21,2026-09-18
1970.0,216,0,2026-11-21,2026-09-18
1980.0,57,0,2026-11-21,2026-09-18
1990.0,171,0,2026-11-21,2026-09-18
2000.0,640,0,2026-11-21,2026-09-18
2010.0,172,0,2026-11-21,2026-09-18
2020.0,224,0,2026-11-21,2026-09-18
2030.0,304,0,2026-11-21,2026-09-18
2040.0,234,0,2026-11-21,2026-09-18
2050.0,183,0,2026-11-21,2026-09-18
2060.0,236,0,2026-11-21,2026-09-18
2070.0,246,0,2026-11-21,2026-09-18
2080.0,144,0,2026-11-21,2026-09-18
2090.0,126,0,2026-11-21,2026-09-18
2100.0,309,0,2026-11-21,2026-09-18
2110.0,274,0,2026-11-21,2026-09-18
2120.0,148,0,2026-11-21,2026-09-18
2130.0,154,0,2026-11-21,2026-09-18
2140.0,454,0,2026-11-21,2026-09-18
2150.0,245,0,2026-11-21,2026-09-18
2160.0,56,0,2026-11-21,2026-09-18
2170.0,251,0,2026-11-21,2026-09-18
2180.0,174,0,2026-11-21,2026-09-18
2190.0,134,0,2026-11-21,2026-09-18
2200.0,60,0,2026-11-21,2026-09-18
2210.0,8,0,2026-11-21,2026-09-18
2220.0,26,0,2026-11-21,2026-09-18
2230.0,34,0,2026-11-21,2026-09-18
2240.0,66,0,2026-11-21,2026-09-18
2250.0,43,0,2026-11-21,2026-09-18
2260.0,76,0,2026-11-21,2026-09-18
2270.0,85,0,2026-11-21,2026-09-18
2280.0,141,0,2026-11-21,2026-09-18
2290.0,815,0,2026-11-21,2026-09-18
2300.0,99,0,2026-11-21,2026-09-18
2310.0,39,0,2026-11-21,2026-09-18
2320.0,21,0,2026-11-21,2026-09-18
2330.0,34,0,2026-11-21,2026-09-18
2340.0,51,0,2026-11-21,2026-09-18
2350.0,104,0,2026-11-21,2026-09-18
2360.0,21,0,2026-11-21,2026-09-18
2370.0,135,0,2026-11-21,2026-09-18
2380.0,45,0,2026-11-21,2026-09-18
2390.0,207,0,2026-11-21,2026-09-18
2400.0,92,0,2026-11-21,2026-09-18
2410.0,192,0,2026-11-21,2026-09-18
2420.0,188,0,2026-11-21,2026-09-18
2440.0,144,0,2026-11-21,2026-09-18
2460.0,102,0,2026-11-21,2026-09-18
2480.0,413,0,2026-11-21,2026-09-18
2500.0,1092,0,2026-11-21,2026-09-18
5.0,20,75,2026-12-19,2026-09-18
10.0,21,141,2026-12-19,2026-09-18
15.0,31,99,2026-12-19,2026-09-18
20.0,10,27,2026-12-19,2026-09-18
25.0,38,37,2026-12-19,2026-09-18
30.0,0,4531,2026-12-19,2026-09-18
35.0,36,3354,2026-12-19,2026-09-18
40.0,42,1247,2026-12-19,2026-09-18
45.0,94,3016,2026-12-19,2026-09-18
47.5,162,2278,2026-12-19,2026-09-18
50.0,238,1147,2026-12-19,2026-09-18
55.0,102,3872,2026-12-19,2026-09-18
60.0,88,4335,2026-12-19,2026-09-18
65.0,157,1277,2026-12-19,2026-09-18
70.0,270,4345,2026-12-19,2026-09-18
75.0,267,3348,2026-12-19,2026-09-18
80.0,314,4321,2026-12-19,2026-09-18
85.0,470,5145,2026-12-19,2026-09-18
87.5,185,2896,2026-12-19,2026-09-18
90.0,1012,3990,2026-12-19,2026-09-18
92.5,153,362,2026-12-19,2026-09-18
95.0,618,1195,2026-12-19,2026-09-18
97.5,163,165,2026-12-19,2026-09-18
100.0,781,2664,2026-12-19,2026-09-18
105.0,395,1054,2026-12-19,2026-09-18
110.0,924,1230,2026-12-19,2026-09-18
115.0,88,1214,2026-12-19,2026-09-18
120.0,425,1093,2026-12-19,2026-09-18
125.0,502,2182,2026-12-19,2026-09-18
130.0,426,1340,2026-12-19,2026-09-18
135.0,177,414,2026-12-19,2026-09-18
140.0,1238,916,2026-12-19,2026-09-18
145.0,249,250,2026-12-19,2026-09-18
150.0,504,1258,2026-12-19,2026-09-18
155.0,192,316,2026-12-19,2026-09-18
160.0,676,1123,2026-12-19,2026-09-18
165.0,860,449,2026-12-19,2026-09-18
170.0,434,821,2026-12-19,2026-09-18
175.0,338,362,2026-12-19,2026-09-18
180.0,750,780,2026-12-19,2026-09-18
185.0,167,342,2026-12-19,2026-09-18
190.0,874,1458,2026-12-19,2026-09-18
195.0,135,1038,2026-12-19,2026-09-18
200.0,0,0,2026-12-19,2026-09-18
200.0,1426,2236,2026-12-19,2026-09-18
210.0,734,2690,2026-12-19,2026-09-18
220.0,2073,1889,2026-12-19,2026-09-18
230.0,600,979,2026-12-19,2026-09-18
240.0,898,1612,2026-12-19,2026-09-18
250.0,1072,2250,2026-12-19,2026-09-18
260.0,526,460,2026-12-19,2026-09-18
270.0,675,1797,2026-12-19,2026-09-18
280.0,2159,3229,2026-12-19,2026-09-18
290.0,250,625,2026-12-19,2026-09-18
300.0,1264,2947,2026-12-19,2026-09-18
310.0,447,2704,2026-12-19,2026-09-18
320.0,402,441,2026-12-19,2026-09-18
330.0,998,754,2026-12-19,2026-09-18
340.0,1449,759,2026-12-19,2026-09-18
350.0,654,2412,2026-12-19,2026-09-18
360.0,485,10935,2026-12-19,2026-09-18
370.0,199,5421,2026-12-19,2026-09-18
380.0,795,6679,2026-12-19,2026-09-18
390.0,490,2339,2026-12-19,2026-09-18
400.0,832,5470,2026-12-19,2026-09-18
410.0,365,1122,2026-12-19,2026-09-18
420.0,1471,4002,2026-12-19,2026-09-18
430.0,203,614,2026-12-19,2026-09-18
440.0,247,1115,2026-12-19,2026-09-18
450.0,1235,2563,2026-12-19,2026-09-18
460.0,711,418,2026-12-19,2026-09-18
470.0,467,662,2026-12-19,2026-09-18
480.0,784,1592,2026-12-19,2026-09-18
490.0,577,3203,2026-12-19,2026-09-18
500.0,1468,4667,2026-12-19,2026-09-18
510.0,718,410,2026-12-19,2026-09-18
520.0,869,1868,2026-12-19,2026-09-18
530.0,205,1268,2026-12-19,2026-09-18
540.0,292,2317,2026-12-19,2026-09-18
550.0,679,4248,2026-12-19,2026-09-18
560.0,170,695,2026-12-19,2026-09-18
570.0,580,391,2026-12-19,2026-09-18
580.0,2976,3800,2026-12-19,2026-09-18
590.0,375,658,2026-12-19,2026-09-18
600.0,1421,5259,2026-12-19,2026-09-18
610.0,429,884,2026-12-19,2026-09-18
620.0,913,929,2026-12-19,2026-09-18
630.0,201,623,2026-12-19,2026-09-18
640.0,358,1381,2026-12-19,2026-09-18
650.0,723,3201,2026-12-19,2026-09-18
660.0,317,801,2026-12-19,2026-09-18
670.0,337,395,2026-12-19,2026-09-18
680.0,392,530,2026-12-19,2026-09-18
690.0,396,360,2026-12-19,2026-09-18
700.0,4456,4021,2026-12-19,2026-09-18
710.0,533,1196,2026-12-19,2026-09-18
720.0,324,532,2026-12-19,2026-09-18
730.0,279,607,2026-12-19,2026-09-18
740.0,908,511,2026-12-19,2026-09-18
750.0,601,2864,2026-12-19,2026-09-18
760.0,291,1240,2026-12-19,2026-09-18
770.0,434,507,2026-12-19,2026-09-18
780.0,637,521,2026-12-19,2026-09-18
790.0,243,824,2026-12-19,2026-09-18
800.0,3846,4595,2026-12-19,2026-09-18
810.0,593,488,2026-12-19,2026-09-18
820.0,416,1443,2026-12-19,2026-09-18
830.0,677,467,2026-12-19,2026-09-18
840.0,823,1513,2026-12-19,2026-09-18
850.0,1177,1760,2026-12-19,2026-09-18
860.0,638,767,2026-12-19,2026-09-18
870.0,426,886,2026-12-19,2026-09-18
880.0,634,1045,2026-12-19,2026-09-18
890.0,592,643,2026-12-19,2026-09-18
900.0,2356,2175,2026-12-19,2026-09-18
910.0,1295,695,2026-12-19,2026-09-18
920.0,1641,664,2026-12-19,2026-09-18
930.0,138,138,2026-12-19,2026-09-18
930.0,618,1497,2026-12-19,2026-09-18
940.0,473,722,2026-12-19,2026-09-18
950.0,1206,1060,2026-12-19,2026-09-18
960.0,476,694,2026-12-19,2026-09-18
970.0,531,249,2026-12-19,2026-09-18
980.0,565,662,2026-12-19,2026-09-18
990.0,315,358,2026-12-19,2026-09-18
1000.0,2856,1227,2026-12-19,2026-09-18
1010.0,539,360,2026-12-19,2026-09-18
1020.0,743,163,2026-12-19,2026-09-18
1030.0,410,192,2026-12-19,2026-09-18
1040.0,237,97,2026-12-19,2026-09-18
1050.0,1323,194,2026-12-19,2026-09-18
1060.0,605,172,2026-12-19,2026-09-18
1070.0,417,144,2026-12-19,2026-09-18
1080.0,397,171,2026-12-19,2026-09-18
1090.0,286,211,2026-12-19,2026-09-18
1100.0,2230,339,2026-12-19,2026-09-18
1110.0,1305,141,2026-12-19,2026-09-18
1120.0,438,87,2026-12-19,2026-09-18
1130.0,374,50,2026-12-19,2026-09-18
1140.0,358,69,2026-12-19,2026-09-18
1150.0,993,294,2026-12-19,2026-09-18
1160.0,310,67,2026-12-19,2026-09-18
1170.0,462,73,2026-12-19,2026-09-18
1180.0,616,158,2026-12-19,2026-09-18
1190.0,196,91,2026-12-19,2026-09-18
1200.0,3342,748,2026-12-19,2026-09-18
1210.0,311,38,2026-12-19,2026-09-18
1220.0,616,36,2026-12-19,2026-09-18
1230.0,277,15,2026-12-19,2026-09-18
1240.0,303,11,2026-12-19,2026-09-18
1250.0,1177,48,2026-12-19,2026-09-18
1260.0,617,21,2026-12-19,2026-09-18
1270.0,576,111,2026-12-19,2026-09-18
1280.0,343,84,2026-12-19,2026-09-18
1290.0,244,75,2026-12-19,2026-09-18
1300.0,2293,104,2026-12-19,2026-09-18
1310.0,506,9,2026-12-19,2026-09-18
1320.0,556,115,2026-12-19,2026-09-18
1330.0,1105,57,2026-12-19,2026-09-18
1340.0,702,113,2026-12-19,2026-09-18
1350.0,676,111,2026-12-19,2026-09-18
1360.0,463,68,2026-12-19,2026-09-18
1370.0,224,9,2026-12-19,2026-09-18
1380.0,291,24,2026-12-19,2026-09-18
1390.0,487,27,2026-12-19,2026-09-18
1400.0,2084,47,2026-12-19,2026-09-18
1410.0,211,6,2026-12-19,2026-09-18
1420.0,643,15,2026-12-19,2026-09-18
1430.0,117,9,2026-12-19,2026-09-18
1440.0,273,11,2026-12-19,2026-09-18
1450.0,629,7,2026-12-19,2026-09-18
1460.0,612,6,2026-12-19,2026-09-18
1470.0,160,6,2026-12-19,2026-09-18
1480.0,418,5,2026-12-19,2026-09-18
1490.0,208,32,2026-12-19,2026-09-18
1500.0,1816,69,2026-12-19,2026-09-18
1510.0,454,13,2026-12-19,2026-09-18
1520.0,474,1,2026-12-19,2026-09-18
1530.0,295,68,2026-12-19,2026-09-18
1540.0,648,2,2026-12-19,2026-09-18
1550.0,630,70,2026-12-19,2026-09-18
1560.0,241,7,2026-12-19,2026-09-18
1570.0,322,0,2026-12-19,2026-09-18
1580.0,177,1,2026-12-19,2026-09-18
1590.0,164,0,2026-12-19,2026-09-18
1600.0,1666,20,2026-12-19,2026-09-18
1610.0,1002,17,2026-12-19,2026-09-18
1620.0,642,72,2026-12-19,2026-09-18
1630.0,611,11,2026-12-19,2026-09-18
1640.0,181,41,2026-12-19,2026-09-18
1650.0,222,0,2026-12-19,2026-09-18
1660.0,185,5,2026-12-19,2026-09-18
1670.0,212,0,2026-12-19,2026-09-18
1680.0,242,3,2026-12-19,2026-09-18
1690.0,156,1,2026-12-19,2026-09-18
1700.0,472,5,2026-12-19,2026-09-18
1710.0,220,2,2026-12-19,2026-09-18
1720.0,50,1,2026-12-19,2026-09-18
1730.0,230,0,2026-12-19,2026-09-18
1740.0,178,0,2026-12-19,2026-09-18
1750.0,481,2,2026-12-19,2026-09-18
1760.0,189,0,2026-12-19,2026-09-18
1770.0,183,0,2026-12-19,2026-09-18
1780.0,92,0,2026-12-19,2026-09-18
1790.0,249,0,2026-12-19,2026-09-18
1800.0,498,0,2026-12-19,2026-09-18
1810.0,260,0,2026-12-19,2026-09-18
1820.0,906,2,2026-12-19,2026-09-18
1830.0,1225,0,2026-12-19,2026-09-18
1840.0,287,0,2026-12-19,2026-09-18
1850.0,92,0,2026-12-19,2026-09-18
1860.0,466,0,2026-12-19,2026-09-18
1870.0,291,0,2026-12-19,2026-09-18
1880.0,288,0,2026-12-19,2026-09-18
1890.0,196,0,2026-12-19,2026-09-18
1900.0,478,0,2026-12-19,2026-09-18
1910.0,393,0,2026-12-19,2026-09-18
1920.0,256,0,2026-12-19,2026-09-18
1930.0,661,0,2026-12-19,2026-09-18
1940.0,435,0,2026-12-19,2026-09-18
1950.0,283,0,2026-12-19,2026-09-18
1960.0,243,0,2026-12-19,2026-09-18
1970.0,655,0,2026-12-19,2026-09-18
1980.0,339,0,2026-12-19,2026-09-18
1990.0,251,0,2026-12-19,2026-09-18
2000.0,970,0,2026-12-19,2026-09-18
2010.0,80,0,2026-12-19,2026-09-18
2020.0,167,0,2026-12-19,2026-09-18
2030.0,146,0,2026-12-19,2026-09-18
2040.0,215,0,2026-12-19,2026-09-18
2050.0,90,0,2026-12-19,2026-09-18
2060.0,60,0,2026-12-19,2026-09-18
2070.0,314,0,2026-12-19,2026-09-18
2080.0,142,0,2026-12-19,2026-09-18
2090.0,364,0,2026-12-19,2026-09-18
2100.0,709,0,2026-12-19,2026-09-18
2110.0,167,0,2026-12-19,2026-09-18
2120.0,216,0,2026-12-19,2026-09-18
2130.0,143,0,2026-12-19,2026-09-18
2140.0,247,0,2026-12-19,2026-09-18
2150.0,166,0,2026-12-19,2026-09-18
2160.0,356,0,2026-12-19,2026-09-18
2170.0,688,0,2026-12-19,2026-09-18
2180.0,94,0,2026-12-19,2026-09-18
2190.0,198,0,2026-12-19,2026-09-18
2200.0,672,0,2026-12-19,2026-09-18
2210.0,34,0,2026-12-19,2026-09-18
2220.0,205,0,2026-12-19,2026-09-18
2230.0,80,0,2026-12-19,2026-09-18
2240.0,37,0,2026-12-19,2026-09-18
2250.0,168,0,2026-12-19,2026-09-18
2260.0,207,0,2026-12-19,2026-09-18
2270.0,177,0,2026-12-19,2026-09-18
2280.0,138,0,2026-12-19,2026-09-18
2290.0,124,0,2026-12-19,2026-09-18
2300.0,74,0,2026-12-19,2026-09-18
2310.0,83,0,2026-12-19,2026-09-18
2320.0,75,0,2026-12-19,2026-09-18
2330.0,36,0,2026-12-19,2026-09-18
2340.0,159,0,2026-12-19,2026-09-18
2350.0,57,0,2026-12-19,2026-09-18
2360.0,295,0,2026-12-19,2026-09-18
2370.0,230,0,2026-12-19,2026-09-18
2380.0,74,0,2026-12-19,2026-09-18
2390.0,154,0,2026-12-19,2026-09-18
2400.0,191,0,2026-12-19,2026-09-18
2410.0,138,0,2026-12-19,2026-09-18
2420.0,468,0,2026-12-19,2026-09-18
2440.0,148,0,2026-12-19,2026-09-18
2460.0,251,0,2026-12-19,2026-09-18
2480.0,197,0,2026-12-19,2026-09-18
2500.0,3210,0,2026-12-19,2026-09-18
289.62,0,55,2026-12-31,2026-09-18
505.0,16450,16450,2027-01-15,2026-09-18
1030.04,13000,13000,2027-01-15,2026-09-18
35.0,108,2229,2027-01-16,2026-09-18
40.0,116,4089,2027-01-16,2026-09-18
45.0,178,3492,2027-01-16,2026-09-18
50.0,331,2247,2027-01-16,2026-09-18
55.0,103,3023,2027-01-16,2026-09-18
60.0,233,6064,2027-01-16,2026-09-18
65.0,71,3001,2027-01-16,2026-09-18
70.0,350,5703,2027-01-16,2026-09-18
75.0,335,6548,2027-01-16,2026-09-18
80.0,1724,7925,2027-01-16,2026-09-18
85.0,1284,3108,2027-01-16,2026-09-18
86.0,28,0,2027-01-16,2026-09-18
90.0,4464,4202,2027-01-16,2026-09-18
95.0,587,2446,2027-01-16,2026-09-18
100.0,657,2869,2027-01-16,2026-09-18
105.0,393,1357,2027-01-16,2026-09-18
110.0,1828,4035,2027-01-16,2026-09-18
115.0,366,1639,2027-01-16,2026-09-18
120.0,600,1926,2027-01-16,2026-09-18
125.0,404,1248,2027-01-16,2026-09-18
130.0,632,6026,2027-01-16,2026-09-18
135.0,472,724,2027-01-16,2026-09-18
140.0,2515,930,2027-01-16,2026-09-18
145.0,368,581,2027-01-16,2026-09-18
150.0,2085,3865,2027-01-16,2026-09-18
155.0,358,343,2027-01-16,2026-09-18
160.0,2296,2773,2027-01-16,2026-09-18
165.0,873,299,2027-01-16,2026-09-18
170.0,893,1025,2027-01-16,2026-09-18
175.0,679,646,2027-01-16,2026-09-18
180.0,797,1438,2027-01-16,2026-09-18
185.0,315,411,2027-01-16,2026-09-18
190.0,1291,634,2027-01-16,2026-09-18
195.0,998,457,2027-01-16,2026-09-18
200.0,1417,3451,2027-01-16,2026-09-18
210.0,541,793,2027-01-16,2026-09-18
220.0,3672,1458,2027-01-16,2026-09-18
225.0,0,20,2027-01-16,2026-09-18
230.0,959,1736,2027-01-16,2026-09-18
240.0,999,1872,2027-01-16,2026-09-18
250.0,531,3847,2027-01-16,2026-09-18
260.0,417,1692,2027-01-16,2026-09-18
270.0,426,1484,2027-01-16,2026-09-18
280.0,250,1606,2027-01-16,2026-09-18
290.0,344,936,2027-01-16,2026-09-18
300.0,0,0,2027-01-16,2026-09-18
300.0,1359,7879,2027-01-16,2026-09-18
310.0,755,948,2027-01-16,2026-09-18
320.0,1959,2818,2027-01-16,2026-09-18
330.0,1554,2132,2027-01-16,2026-09-18
340.0,0,0,2027-01-16,2026-09-18
340.0,750,1884,2027-01-16,2026-09-18
350.0,9,0,2027-01-16,2026-09-18
350.0,2271,3734,2027-01-16,2026-09-18
360.0,0,0,2027-01-16,2026-09-18
360.0,607,4319,2027-01-16,2026-09-18
370.0,0,0,2027-01-16,2026-09-18
370.0,345,1490,2027-01-16,2026-09-18
380.0,708,2084,2027-01-16,2026-09-18
390.0,407,2035,2027-01-16,2026-09-18
400.0,10,0,2027-01-16,2026-09-18
400.0,1633,4419,2027-01-16,2026-09-18
410.0,571,926,2027-01-16,2026-09-18
420.0,762,1011,2027-01-16,2026-09-18
430.0,8,0,2027-01-16,2026-09-18
430.0,960,2553,2027-01-16,2026-09-18
440.0,0,0,2027-01-16,2026-09-18
440.0,972,1392,2027-01-16,2026-09-18
450.0,0,0,2027-01-16,2026-09-18
450.0,3981,3272,2027-01-16,2026-09-18
460.0,713,1390,2027-01-16,2026-09-18
470.0,527,1721,2027-01-16,2026-09-18
480.0,1474,1306,2027-01-16,2026-09-18
490.0,1337,1391,2027-01-16,2026-09-18
500.0,0,0,2027-01-16,2026-09-18
500.0,5843,4109,2027-01-16,2026-09-18
505.0,16450,16450,2027-01-16,2026-09-18
510.0,1134,887,2027-01-16,2026-09-18
520.0,1370,990,2027-01-16,2026-09-18
530.0,610,953,2027-01-16,2026-09-18
539.38,20,0,2027-01-16,2026-09-18
540.0,598,739,2027-01-16,2026-09-18
550.0,10,0,2027-01-16,2026-09-18
550.0,3539,4909,2027-01-16,2026-09-18
560.0,540,522,2027-01-16,2026-09-18
570.0,599,477,2027-01-16,2026-09-18
580.0,1370,848,2027-01-16,2026-09-18
590.0,406,926,2027-01-16,2026-09-18
600.0,24,0,2027-01-16,2026-09-18
600.0,4856,3481,2027-01-16,2026-09-18
610.0,10,0,2027-01-16,2026-09-18
610.0,948,814,2027-01-16,2026-09-18
620.0,1178,1851,2027-01-16,2026-09-18
630.0,1568,517,2027-01-16,2026-09-18
640.0,0,0,2027-01-16,2026-09-18
640.0,555,701,2027-01-16,2026-09-18
650.0,3492,3196,2027-01-16,2026-09-18
660.0,1327,659,2027-01-16,2026-09-18
670.0,258,384,2027-01-16,2026-09-18
680.0,1333,726,2027-01-16,2026-09-18
690.0,1443,969,2027-01-16,2026-09-18
700.0,14,0,2027-01-16,2026-09-18
700.0,4501,6440,2027-01-16,2026-09-18
710.0,1221,694,2027-01-16,2026-09-18
720.0,0,0,2027-01-16,2026-09-18
720.0,1141,2252,2027-01-16,2026-09-18
730.0,328,612,2027-01-16,2026-09-18
740.0,3981,345,2027-01-16,2026-09-18
750.0,3755,3598,2027-01-16,2026-09-18
760.0,410,536,2027-01-16,2026-09-18
770.0,5,0,2027-01-16,2026-09-18
770.0,477,541,2027-01-16,2026-09-18
780.0,780,1273,2027-01-16,2026-09-18
790.0,853,675,2027-01-16,2026-09-18
800.0,4637,5029,2027-01-16,2026-09-18
810.0,504,379,2027-01-16,2026-09-18
820.0,594,546,2027-01-16,2026-09-18
830.0,982,2202,2027-01-16,2026-09-18
840.0,1338,744,2027-01-16,2026-09-18
850.0,3135,3647,2027-01-16,2026-09-18
851.0,650,650,2027-01-16,2026-09-18
860.0,561,605,2027-01-16,2026-09-18
870.0,617,1649,2027-01-16,2026-09-18
880.0,5,0,2027-01-16,2026-09-18
880.0,650,786,2027-01-16,2026-09-18
890.0,542,835,2027-01-16,2026-09-18
900.0,10,0,2027-01-16,2026-09-18
900.0,5905,2865,2027-01-16,2026-09-18
910.0,0,0,2027-01-16,2026-09-18
910.0,2056,362,2027-01-16,2026-09-18
920.0,709,1010,2027-01-16,2026-09-18
930.0,833,844,2027-01-16,2026-09-18
940.0,617,534,2027-01-16,2026-09-18
950.0,4162,2203,2027-01-16,2026-09-18
960.0,514,405,2027-01-16,2026-09-18
970.0,452,349,2027-01-16,2026-09-18
980.0,826,554,2027-01-16,2026-09-18
990.0,258,410,2027-01-16,2026-09-18
1000.0,0,0,2027-01-16,2026-09-18
1000.0,7561,4776,2027-01-16,2026-09-18
1010.0,0,0,2027-01-16,2026-09-18
1010.0,536,421,2027-01-16,2026-09-18
1020.0,717,287,2027-01-16,2026-09-18
1030.0,640,527,2027-01-16,2026-09-18
1040.0,767,234,2027-01-16,2026-09-18
1050.0,2861,429,2027-01-16,2026-09-18
1060.0,727,618,2027-01-16,2026-09-18
1070.0,405,148,2027-01-16,2026-09-18
1080.0,803,158,2027-01-16,2026-09-18
1090.0,791,109,2027-01-16,2026-09-18
1100.0,1008,1000,2027-01-16,2026-09-18
1100.0,3779,1443,2027-01-16,2026-09-18
1110.0,294,114,2027-01-16,2026-09-18
1120.0,366,182,2027-01-16,2026-09-18
1130.0,246,114,2027-01-16,2026-09-18
1140.0,429,78,2027-01-16,2026-09-18
1150.0,3641,184,2027-01-16,2026-09-18
1160.0,500,46,2027-01-16,2026-09-18
1170.0,453,132,2027-01-16,2026-09-18
1180.0,842,58,2027-01-16,2026-09-18
1190.0,402,131,2027-01-16,2026-09-18
1200.0,2,0,2027-01-16,2026-09-18
1200.0,5521,1630,2027-01-16,2026-09-18
1210.0,403,61,2027-01-16,2026-09-18
1220.0,840,49,2027-01-16,2026-09-18
1230.0,335,19,2027-01-16,2026-09-18
1240.0,495,444,2027-01-16,2026-09-18
1250.0,2441,48,2027-01-16,2026-09-18
1260.0,480,70,2027-01-16,2026-09-18
1270.0,148,50,2027-01-16,2026-09-18
1280.0,675,96,2027-01-16,2026-09-18
1290.0,348,24,2027-01-16,2026-09-18
1300.0,7452,149,2027-01-16,2026-09-18
1310.0,354,23,2027-01-16,2026-09-18
1320.0,546,46,2027-01-16,2026-09-18
1330.0,184,72,2027-01-16,2026-09-18
1340.0,1591,28,2027-01-16,2026-09-18
1350.0,2110,20,2027-01-16,2026-09-18
1360.0,928,46,2027-01-16,2026-09-18
1370.0,335,20,2027-01-16,2026-09-18
1380.0,849,79,2027-01-16,2026-09-18
1390.0,463,65,2027-01-16,2026-09-18
1400.0,4993,280,2027-01-16,2026-09-18
1410.0,460,89,2027-01-16,2026-09-18
1420.0,676,40,2027-01-16,2026-09-18
1430.0,228,14,2027-01-16,2026-09-18
1440.0,506,71,2027-01-16,2026-09-18
1450.0,376,67,2027-01-16,2026-09-18
1460.0,254,25,2027-01-16,2026-09-18
1470.0,392,57,2027-01-16,2026-09-18
1480.0,822,157,2027-01-16,2026-09-18
1490.0,424,13,2027-01-16,2026-09-18
1500.0,10,0,2027-01-16,2026-09-18
1500.0,5526,421,2027-01-16,2026-09-18
1503.0,5,0,2027-01-16,2026-09-18
1510.0,277,10,2027-01-16,2026-09-18
1520.0,250,7,2027-01-16,2026-09-18
1530.0,209,2,2027-01-16,2026-09-18
1540.0,628,11,2027-01-16,2026-09-18
1550.0,746,3,2027-01-16,2026-09-18
1560.0,428,3,2027-01-16,2026-09-18
1570.0,534,2,2027-01-16,2026-09-18
1580.0,419,1,2027-01-16,2026-09-18
1590.0,404,2,2027-01-16,2026-09-18
1600.0,2714,23,2027-01-16,2026-09-18
1610.0,588,4,2027-01-16,2026-09-18
1620.0,480,6,2027-01-16,2026-09-18
1630.0,840,91,2027-01-16,2026-09-18
1640.0,189,25,2027-01-16,2026-09-18
1650.0,364,2,2027-01-16,2026-09-18
1660.0,309,6,2027-01-16,2026-09-18
1670.0,513,4,2027-01-16,2026-09-18
1680.0,254,14,2027-01-16,2026-09-18
1690.0,315,9,2027-01-16,2026-09-18
1700.0,1383,27,2027-01-16,2026-09-18
1710.0,384,6,2027-01-16,2026-09-18
1720.0,179,7,2027-01-16,2026-09-18
1730.0,210,1,2027-01-16,2026-09-18
1740.0,196,2,2027-01-16,2026-09-18
1750.0,946,5,2027-01-16,2026-09-18
1760.0,254,40,2027-01-16,2026-09-18
1770.0,311,1,2027-01-16,2026-09-18
1780.0,254,1,2027-01-16,2026-09-18
1790.0,313,7,2027-01-16,2026-09-18
1800.0,1959,1,2027-01-16,2026-09-18
1810.0,616,3,2027-01-16,2026-09-18
1820.0,257,0,2027-01-16,2026-09-18
1830.0,1148,42,2027-01-16,2026-09-18
1840.0,152,7,2027-01-16,2026-09-18
1850.0,394,1,2027-01-16,2026-09-18
1860.0,109,5,2027-01-16,2026-09-18
1870.0,96,0,2027-01-16,2026-09-18
1880.0,129,0,2027-01-16,2026-09-18
1890.0,79,0,2027-01-16,2026-09-18
1900.0,1400,5,2027-01-16,2026-09-18
1910.0,690,1,2027-01-16,2026-09-18
1920.0,263,0,2027-01-16,2026-09-18
1930.0,116,0,2027-01-16,2026-09-18
1940.0,141,0,2027-01-16,2026-09-18
1950.0,869,0,2027-01-16,2026-09-18
1960.0,195,0,2027-01-16,2026-09-18
1970.0,127,0,2027-01-16,2026-09-18
1980.0,417,0,2027-01-16,2026-09-18
1990.0,186,0,2027-01-16,2026-09-18
2000.0,2555,0,2027-01-16,2026-09-18
2010.0,149,0,2027-01-16,2026-09-18
2020.0,325,0,2027-01-16,2026-09-18
2030.0,175,0,2027-01-16,2026-09-18
2040.0,66,0,2027-01-16,2026-09-18
2050.0,824,0,2027-01-16,2026-09-18
2060.0,250,0,2027-01-16,2026-09-18
2070.0,144,0,2027-01-16,2026-09-18
2080.0,211,0,2027-01-16,2026-09-18
2090.0,241,0,2027-01-16,2026-09-18
2100.0,505,0,2027-01-16,2026-09-18
2110.0,144,0,2027-01-16,2026-09-18
2120.0,143,0,2027-01-16,2026-09-18
2130.0,85,0,2027-01-16,2026-09-18
2140.0,35,0,2027-01-16,2026-09-18
2150.0,1335,0,2027-01-16,2026-09-18
2160.0,176,0,2027-01-16,2026-09-18
2170.0,1514,0,2027-01-16,2026-09-18
2180.0,76,0,2027-01-16,2026-09-18
2190.0,101,0,2027-01-16,2026-09-18
2200.0,457,0,2027-01-16,2026-09-18
2210.0,140,0,2027-01-16,2026-09-18
2220.0,96,0,2027-01-16,2026-09-18
2230.0,53,0,2027-01-16,2026-09-18
2240.0,46,0,2027-01-16,2026-09-18
2250.0,235,0,2027-01-16,2026-09-18
2260.0,103,0,2027-01-16,2026-09-18
2270.0,177,0,2027-01-16,2026-09-18
2280.0,83,0,2027-01-16,2026-09-18
2290.0,158,0,2027-01-16,2026-09-18
2300.0,116,0,2027-01-16,2026-09-18
2310.0,98,0,2027-01-16,2026-09-18
2320.0,159,0,2027-01-16,2026-09-18
2330.0,32,0,2027-01-16,2026-09-18
2340.0,125,0,2027-01-16,2026-09-18
2350.0,120,0,2027-01-16,2026-09-18
2360.0,159,0,2027-01-16,2026-09-18
2370.0,175,0,2027-01-16,2026-09-18
2380.0,154,0,2027-01-16,2026-09-18
2390.0,232,0,2027-01-16,2026-09-18
2400.0,847,0,2027-01-16,2026-09-18
2410.0,145,0,2027-01-16,2026-09-18
2420.0,387,0,2027-01-16,2026-09-18
2440.0,272,0,2027-01-16,2026-09-18
2460.0,155,0,2027-01-16,2026-09-18
2480.0,269,0,2027-01-16,2026-09-18
2500.0,3985,0,2027-01-16,2026-09-18
50.0,1,50,2027-02-20,2026-09-18
55.0,1,50,2027-02-20,2026-09-18
60.0,0,302,2027-02-20,2026-09-18
65.0,0,1,2027-02-20,2026-09-18
70.0,0,0,2027-02-20,2026-09-18
75.0,0,201,2027-02-20,2026-09-18
80.0,0,202,2027-02-20,2026-09-18
85.0,0,407,2027-02-20,2026-09-18
90.0,0,1425,2027-02-20,2026-09-18
95.0,0,501,2027-02-20,2026-09-18
100.0,0,793,2027-02-20,2026-09-18
105.0,1,300,2027-02-20,2026-09-18
110.0,1,349,2027-02-20,2026-09-18
115.0,0,604,2027-02-20,2026-09-18
120.0,0,722,2027-02-20,2026-09-18
125.0,0,438,2027-02-20,2026-09-18
130.0,1,4066,2027-02-20,2026-09-18
135.0,1,698,2027-02-20,2026-09-18
140.0,0,156,2027-02-20,2026-09-18
145.0,0,10,2027-02-20,2026-09-18
150.0,0,61,2027-02-20,2026-09-18
155.0,0,7,2027-02-20,2026-09-18
160.0,0,0,2027-02-20,2026-09-18
165.0,0,2,2027-02-20,2026-09-18
170.0,0,5,2027-02-20,2026-09-18
175.0,47,3,2027-02-20,2026-09-18
180.0,0,86,2027-02-20,2026-09-18
185.0,1,14,2027-02-20,2026-09-18
190.0,1,8,2027-02-20,2026-09-18
195.0,0,18,2027-02-20,2026-09-18
200.0,0,79,2027-02-20,2026-09-18
210.0,0,160,2027-02-20,2026-09-18
220.0,0,28,2027-02-20,2026-09-18
230.0,1,132,2027-02-20,2026-09-18
240.0,0,43,2027-02-20,2026-09-18
250.0,1,56,2027-02-20,2026-09-18
260.0,0,214,2027-02-20,2026-09-18
270.0,3,166,2027-02-20,2026-09-18
280.0,0,29,2027-02-20,2026-09-18
290.0,1,23,2027-02-20,2026-09-18
300.0,31,80,2027-02-20,2026-09-18
310.0,9,18,2027-02-20,2026-09-18
320.0,5,16,2027-02-20,2026-09-18
330.0,1,108,2027-02-20,2026-09-18
340.0,1,30,2027-02-20,2026-09-18
350.0,21,349,2027-02-20,2026-09-18
360.0,0,2,2027-02-20,2026-09-18
360.0,5,123,2027-02-20,2026-09-18
370.0,2,65,2027-02-20,2026-09-18
380.0,10,166,2027-02-20,2026-09-18
390.0,0,123,2027-02-20,2026-09-18
400.0,55,540,2027-02-20,2026-09-18
410.0,5,75,2027-02-20,2026-09-18
420.0,2,203,2027-02-20,2026-09-18
430.0,3,230,2027-02-20,2026-09-18
440.0,5,104,2027-02-20,2026-09-18
450.0,9,1173,2027-02-20,2026-09-18
460.0,12,189,2027-02-20,2026-09-18
470.0,2,178,2027-02-20,2026-09-18
480.0,3,177,2027-02-20,2026-09-18
490.0,2,0,2027-02-20,2026-09-18
490.0,2,327,2027-02-20,2026-09-18
500.0,94,1073,2027-02-20,2026-09-18
510.0,9,182,2027-02-20,2026-09-18
520.0,80,149,2027-02-20,2026-09-18
530.0,6,515,2027-02-20,2026-09-18
540.0,26,279,2027-02-20,2026-09-18
550.0,7,751,2027-02-20,2026-09-18
560.0,11,316,2027-02-20,2026-09-18
570.0,18,740,2027-02-20,2026-09-18
580.0,25,79,2027-02-20,2026-09-18
590.0,18,179,2027-02-20,2026-09-18
600.0,30,1305,2027-02-20,2026-09-18
610.0,11,103,2027-02-20,2026-09-18
620.0,33,522,2027-02-20,2026-09-18
630.0,54,129,2027-02-20,2026-09-18
640.0,55,123,2027-02-20,2026-09-18
650.0,24,715,2027-02-20,2026-09-18
660.0,2,246,2027-02-20,2026-09-18
670.0,4,406,2027-02-20,2026-09-18
680.0,4,274,2027-02-20,2026-09-18
690.0,27,223,2027-02-20,2026-09-18
700.0,92,1414,2027-02-20,2026-09-18
710.0,30,476,2027-02-20,2026-09-18
720.0,12,467,2027-02-20,2026-09-18
730.0,8,240,2027-02-20,2026-09-18
740.0,37,173,2027-02-20,2026-09-18
750.0,66,1004,2027-02-20,2026-09-18
760.0,50,438,2027-02-20,2026-09-18
770.0,281,194,2027-02-20,2026-09-18
780.0,119,294,2027-02-20,2026-09-18
790.0,31,657,2027-02-20,2026-09-18
800.0,101,906,2027-02-20,2026-09-18
810.0,88,154,2027-02-20,2026-09-18
820.0,259,319,2027-02-20,2026-09-18
830.0,370,325,2027-02-20,2026-09-18
840.0,72,781,2027-02-20,2026-09-18
850.0,736,1435,2027-02-20,2026-09-18
860.0,221,357,2027-02-20,2026-09-18
870.0,144,367,2027-02-20,2026-09-18
880.0,90,201,2027-02-20,2026-09-18
890.0,138,166,2027-02-20,2026-09-18
900.0,395,1456,2027-02-20,2026-09-18
910.0,431,249,2027-02-20,2026-09-18
920.0,299,195,2027-02-20,2026-09-18
930.0,161,189,2027-02-20,2026-09-18
940.0,391,154,2027-02-20,2026-09-18
950.0,6500,6500,2027-02-20,2026-09-18
950.0,421,170,2027-02-20,2026-09-18
960.0,585,97,2027-02-20,2026-09-18
970.0,241,112,2027-02-20,2026-09-18
980.0,222,107,2027-02-20,2026-09-18
990.0,45,382,2027-02-20,2026-09-18
1000.0,532,212,2027-02-20,2026-09-18
1010.0,195,93,2027-02-20,2026-09-18
1020.0,238,78,2027-02-20,2026-09-18
1030.0,143,92,2027-02-20,2026-09-18
1040.0,109,67,2027-02-20,2026-09-18
1050.0,94,93,2027-02-20,2026-09-18
1060.0,70,95,2027-02-20,2026-09-18
1070.0,173,134,2027-02-20,2026-09-18
1080.0,100,105,2027-02-20,2026-09-18
1090.0,80,52,2027-02-20,2026-09-18
1100.0,541,50,2027-02-20,2026-09-18
1110.0,196,19,2027-02-20,2026-09-18
1120.0,172,75,2027-02-20,2026-09-18
1130.0,184,45,2027-02-20,2026-09-18
1140.0,130,5,2027-02-20,2026-09-18
1150.0,119,41,2027-02-20,2026-09-18
1160.0,165,5,2027-02-20,2026-09-18
1170.0,149,45,2027-02-20,2026-09-18
1180.0,239,36,2027-02-20,2026-09-18
1190.0,181,31,2027-02-20,2026-09-18
1200.0,1336,37,2027-02-20,2026-09-18
1210.0,111,5,2027-02-20,2026-09-18
1220.0,149,2,2027-02-20,2026-09-18
1230.0,132,5,2027-02-20,2026-09-18
1240.0,87,3,2027-02-20,2026-09-18
1250.0,631,3,2027-02-20,2026-09-18
1260.0,230,1,2027-02-20,2026-09-18
1270.0,203,0,2027-02-20,2026-09-18
1280.0,180,64,2027-02-20,2026-09-18
1290.0,194,3,2027-02-20,2026-09-18
1300.0,264,75,2027-02-20,2026-09-18
1310.0,314,2,2027-02-20,2026-09-18
1320.0,169,0,2027-02-20,2026-09-18
1330.0,191,2,2027-02-20,2026-09-18
1340.0,78,0,2027-02-20,2026-09-18
1350.0,237,1,2027-02-20,2026-09-18
1360.0,460,2,2027-02-20,2026-09-18
1370.0,106,8,2027-02-20,2026-09-18
1380.0,134,6,2027-02-20,2026-09-18
1390.0,91,1,2027-02-20,2026-09-18
1400.0,399,71,2027-02-20,2026-09-18
1410.0,78,3,2027-02-20,2026-09-18
1420.0,111,0,2027-02-20,2026-09-18
1430.0,53,1,2027-02-20,2026-09-18
1440.0,457,0,2027-02-20,2026-09-18
1450.0,174,2,2027-02-20,2026-09-18
1460.0,160,2,2027-02-20,2026-09-18
1470.0,180,4,2027-02-20,2026-09-18
1480.0,262,105,2027-02-20,2026-09-18
1490.0,169,2,2027-02-20,2026-09-18
1500.0,777,90,2027-02-20,2026-09-18
1510.0,63,15,2027-02-20,2026-09-18
1520.0,428,0,2027-02-20,2026-09-18
1530.0,267,1,2027-02-20,2026-09-18
1540.0,207,0,2027-02-20,2026-09-18
1550.0,208,0,2027-02-20,2026-09-18
1560.0,75,0,2027-02-20,2026-09-18
1570.0,442,0,2027-02-20,2026-09-18
1580.0,236,0,2027-02-20,2026-09-18
1590.0,128,0,2027-02-20,2026-09-18
1600.0,251,0,2027-02-20,2026-09-18
1610.0,80,26,2027-02-20,2026-09-18
1620.0,197,0,2027-02-20,2026-09-18
1630.0,517,0,2027-02-20,2026-09-18
1640.0,189,1,2027-02-20,2026-09-18
1650.0,226,0,2027-02-20,2026-09-18
1660.0,115,7,2027-02-20,2026-09-18
1670.0,136,0,2027-02-20,2026-09-18
1680.0,145,0,2027-02-20,2026-09-18
1690.0,33,0,2027-02-20,2026-09-18
1700.0,425,4,2027-02-20,2026-09-18
1710.0,115,1,2027-02-20,2026-09-18
1720.0,208,1,2027-02-20,2026-09-18
1730.0,348,0,2027-02-20,2026-09-18
1740.0,197,0,2027-02-20,2026-09-18
1750.0,151,1,2027-02-20,2026-09-18
1760.0,30,0,2027-02-20,2026-09-18
1770.0,48,0,2027-02-20,2026-09-18
1780.0,354,0,2027-02-20,2026-09-18
1790.0,178,0,2027-02-20,2026-09-18
1800.0,210,0,2027-02-20,2026-09-18
1810.0,22,0,2027-02-20,2026-09-18
1820.0,158,0,2027-02-20,2026-09-18
1830.0,237,0,2027-02-20,2026-09-18
1840.0,21,0,2027-02-20,2026-09-18
1850.0,251,0,2027-02-20,2026-09-18
1860.0,160,0,2027-02-20,2026-09-18
1870.0,129,0,2027-02-20,2026-09-18
1880.0,62,0,2027-02-20,2026-09-18
1890.0,645,0,2027-02-20,2026-09-18
1900.0,87,21,2027-02-20,2026-09-18
1910.0,53,0,2027-02-20,2026-09-18
1920.0,68,0,2027-02-20,2026-09-18
1930.0,123,0,2027-02-20,2026-09-18
1940.0,99,0,2027-02-20,2026-09-18
1950.0,1064,0,2027-02-20,2026-09-18
1960.0,123,0,2027-02-20,2026-09-18
1970.0,192,0,2027-02-20,2026-09-18
1980.0,79,0,2027-02-20,2026-09-18
1990.0,148,0,2027-02-20,2026-09-18
2000.0,243,1,2027-02-20,2026-09-18
2010.0,45,0,2027-02-20,2026-09-18
2020.0,321,0,2027-02-20,2026-09-18
2030.0,265,0,2027-02-20,2026-09-18
2040.0,270,0,2027-02-20,2026-09-18
2050.0,267,0,2027-02-20,2026-09-18
2060.0,314,0,2027-02-20,2026-09-18
2070.0,206,0,2027-02-20,2026-09-18
2080.0,221,0,2027-02-20,2026-09-18
2090.0,354,0,2027-02-20,2026-09-18
2100.0,239,0,2027-02-20,2026-09-18
2110.0,495,0,2027-02-20,2026-09-18
2120.0,420,0,2027-02-20,2026-09-18
5.0,627,845,2027-03-20,2026-09-18
10.0,115,121,2027-03-20,2026-09-18
15.0,12,162,2027-03-20,2026-09-18
20.0,0,26,2027-03-20,2026-09-18
25.0,0,10,2027-03-20,2026-09-18
30.0,0,0,2027-03-20,2026-09-18
35.0,0,7,2027-03-20,2026-09-18
40.0,1,1160,2027-03-20,2026-09-18
45.0,0,430,2027-03-20,2026-09-18
50.0,13,20,2027-03-20,2026-09-18
55.0,1,80,2027-03-20,2026-09-18
60.0,3,59,2027-03-20,2026-09-18
65.0,1,47,2027-03-20,2026-09-18
70.0,1,22,2027-03-20,2026-09-18
75.0,0,19,2027-03-20,2026-09-18
80.0,0,50,2027-03-20,2026-09-18
85.0,16,35,2027-03-20,2026-09-18
90.0,40,47,2027-03-20,2026-09-18
95.0,61,58,2027-03-20,2026-09-18
100.0,61,81,2027-03-20,2026-09-18
105.0,11,66,2027-03-20,2026-09-18
110.0,10,721,2027-03-20,2026-09-18
115.0,2,200,2027-03-20,2026-09-18
120.0,20,132,2027-03-20,2026-09-18
125.0,24,717,2027-03-20,2026-09-18
130.0,4,125,2027-03-20,2026-09-18
135.0,7,164,2027-03-20,2026-09-18
140.0,10,54,2027-03-20,2026-09-18
145.0,5,75,2027-03-20,2026-09-18
150.0,147,718,2027-03-20,2026-09-18
155.0,2,96,2027-03-20,2026-09-18
160.0,6,117,2027-03-20,2026-09-18
165.0,11,35,2027-03-20,2026-09-18
170.0,11,133,2027-03-20,2026-09-18
175.0,1,141,2027-03-20,2026-09-18
180.0,10,187,2027-03-20,2026-09-18
185.0,16,484,2027-03-20,2026-09-18
190.0,13,194,2027-03-20,2026-09-18
195.0,9,1615,2027-03-20,2026-09-18
200.0,48,311,2027-03-20,2026-09-18
210.0,71,319,2027-03-20,2026-09-18
220.0,93,382,2027-03-20,2026-09-18
230.0,62,492,2027-03-20,2026-09-18
240.0,24,824,2027-03-20,2026-09-18
250.0,89,1411,2027-03-20,2026-09-18
260.0,135,955,2027-03-20,2026-09-18
270.0,19,584,2027-03-20,2026-09-18
280.0,45,180,2027-03-20,2026-09-18
290.0,163,733,2027-03-20,2026-09-18
300.0,152,1243,2027-03-20,2026-09-18
310.0,98,943,2027-03-20,2026-09-18
320.0,50,387,2027-03-20,2026-09-18
330.0,66,519,2027-03-20,2026-09-18
340.0,81,1651,2027-03-20,2026-09-18
350.0,270,1269,2027-03-20,2026-09-18
360.0,259,375,2027-03-20,2026-09-18
370.0,186,292,2027-03-20,2026-09-18
380.0,443,192,2027-03-20,2026-09-18
390.0,490,529,2027-03-20,2026-09-18
400.0,434,2629,2027-03-20,2026-09-18
410.0,80,232,2027-03-20,2026-09-18
420.0,134,875,2027-03-20,2026-09-18
430.0,343,683,2027-03-20,2026-09-18
440.0,106,369,2027-03-20,2026-09-18
450.0,533,1712,2027-03-20,2026-09-18
460.0,166,1728,2027-03-20,2026-09-18
470.0,159,1251,2027-03-20,2026-09-18
480.0,261,377,2027-03-20,2026-09-18
490.0,156,362,2027-03-20,2026-09-18
500.0,703,1691,2027-03-20,2026-09-18
510.0,215,284,2027-03-20,2026-09-18
520.0,3494,603,2027-03-20,2026-09-18
530.0,343,348,2027-03-20,2026-09-18
540.0,298,219,2027-03-20,2026-09-18
550.0,815,709,2027-03-20,2026-09-18
560.0,321,1627,2027-03-20,2026-09-18
570.0,180,437,2027-03-20,2026-09-18
580.0,183,933,2027-03-20,2026-09-18
590.0,185,344,2027-03-20,2026-09-18
600.0,973,1756,2027-03-20,2026-09-18
610.0,170,386,2027-03-20,2026-09-18
620.0,234,426,2027-03-20,2026-09-18
630.0,123,1535,2027-03-20,2026-09-18
640.0,170,866,2027-03-20,2026-09-18
650.0,1012,2460,2027-03-20,2026-09-18
660.0,288,1671,2027-03-20,2026-09-18
670.0,674,546,2027-03-20,2026-09-18
680.0,190,562,2027-03-20,2026-09-18
690.0,218,621,2027-03-20,2026-09-18
700.0,667,3785,2027-03-20,2026-09-18
710.0,603,213,2027-03-20,2026-09-18
720.0,1337,333,2027-03-20,2026-09-18
730.0,143,846,2027-03-20,2026-09-18
740.0,562,415,2027-03-20,2026-09-18
750.0,506,2598,2027-03-20,2026-09-18
760.0,0,20,2027-03-20,2026-09-18
760.0,123,792,2027-03-20,2026-09-18
770.0,523,647,2027-03-20,2026-09-18
780.0,185,493,2027-03-20,2026-09-18
790.0,127,806,2027-03-20,2026-09-18
800.0,1826,4570,2027-03-20,2026-09-18
810.0,251,533,2027-03-20,2026-09-18
820.0,175,1236,2027-03-20,2026-09-18
830.0,561,353,2027-03-20,2026-09-18
840.0,209,447,2027-03-20,2026-09-18
850.0,801,2076,2027-03-20,2026-09-18
860.0,183,827,2027-03-20,2026-09-18
870.0,401,412,2027-03-20,2026-09-18
880.0,508,567,2027-03-20,2026-09-18
890.0,209,209,2027-03-20,2026-09-18
900.0,1206,2779,2027-03-20,2026-09-18
910.0,231,436,2027-03-20,2026-09-18
920.0,1064,163,2027-03-20,2026-09-18
930.0,128,137,2027-03-20,2026-09-18
940.0,310,335,2027-03-20,2026-09-18
950.0,1000,1000,2027-03-20,2026-09-18
950.0,855,485,2027-03-20,2026-09-18
960.0,754,238,2027-03-20,2026-09-18
970.0,636,130,2027-03-20,2026-09-18
980.0,303,66,2027-03-20,2026-09-18
990.0,303,206,2027-03-20,2026-09-18
1000.0,2050,957,2027-03-20,2026-09-18
1010.0,619,93,2027-03-20,2026-09-18
1020.0,755,192,2027-03-20,2026-09-18
1030.0,577,77,2027-03-20,2026-09-18
1040.0,322,273,2027-03-20,2026-09-18
1050.0,653,478,2027-03-20,2026-09-18
1060.0,492,222,2027-03-20,2026-09-18
1070.0,183,254,2027-03-20,2026-09-18
1080.0,558,220,2027-03-20,2026-09-18
1090.0,287,86,2027-03-20,2026-09-18
1100.0,10,0,2027-03-20,2026-09-18
1100.0,965,278,2027-03-20,2026-09-18
1110.0,327,92,2027-03-20,2026-09-18
1120.0,245,45,2027-03-20,2026-09-18
1130.0,231,74,2027-03-20,2026-09-18
1140.0,164,87,2027-03-20,2026-09-18
1150.0,1091,105,2027-03-20,2026-09-18
1160.0,175,36,2027-03-20,2026-09-18
1170.0,65,231,2027-03-20,2026-09-18
1180.0,399,68,2027-03-20,2026-09-18
1190.0,162,52,2027-03-20,2026-09-18
1200.0,1736,433,2027-03-20,2026-09-18
1210.0,174,40,2027-03-20,2026-09-18
1220.0,577,41,2027-03-20,2026-09-18
1230.0,86,15,2027-03-20,2026-09-18
1240.0,551,38,2027-03-20,2026-09-18
1250.0,399,299,2027-03-20,2026-09-18
1260.0,338,17,2027-03-20,2026-09-18
1270.0,236,42,2027-03-20,2026-09-18
1280.0,592,35,2027-03-20,2026-09-18
1290.0,65,10,2027-03-20,2026-09-18
1300.0,1888,26,2027-03-20,2026-09-18
1310.0,539,41,2027-03-20,2026-09-18
1320.0,487,15,2027-03-20,2026-09-18
1330.0,130,48,2027-03-20,2026-09-18
1340.0,448,89,2027-03-20,2026-09-18
1350.0,826,67,2027-03-20,2026-09-18
1360.0,717,14,2027-03-20,2026-09-18
1370.0,261,40,2027-03-20,2026-09-18
1380.0,10,0,2027-03-20,2026-09-18
1380.0,128,13,2027-03-20,2026-09-18
1390.0,0,0,2027-03-20,2026-09-18
1390.0,318,9,2027-03-20,2026-09-18
1400.0,10,0,2027-03-20,2026-09-18
1400.0,2742,17,2027-03-20,2026-09-18
1410.0,20,0,2027-03-20,2026-09-18
1410.0,344,22,2027-03-20,2026-09-18
1420.0,581,18,2027-03-20,2026-09-18
1430.0,247,44,2027-03-20,2026-09-18
1440.0,10,0,2027-03-20,2026-09-18
1440.0,237,14,2027-03-20,2026-09-18
1450.0,176,39,2027-03-20,2026-09-18
1460.0,213,28,2027-03-20,2026-09-18
1470.0,99,45,2027-03-20,2026-09-18
1480.0,398,13,2027-03-20,2026-09-18
1490.0,412,11,2027-03-20,2026-09-18
1500.0,1795,114,2027-03-20,2026-09-18
1510.0,529,12,2027-03-20,2026-09-18
1520.0,206,3,2027-03-20,2026-09-18
1530.0,556,30,2027-03-20,2026-09-18
1540.0,256,49,2027-03-20,2026-09-18
1550.0,133,65,2027-03-20,2026-09-18
1560.0,372,8,2027-03-20,2026-09-18
1570.0,195,6,2027-03-20,2026-09-18
1580.0,252,32,2027-03-20,2026-09-18
1590.0,586,38,2027-03-20,2026-09-18
1600.0,0,0,2027-03-20,2026-09-18
1600.0,562,13,2027-03-20,2026-09-18
1610.0,98,8,2027-03-20,2026-09-18
1620.0,334,74,2027-03-20,2026-09-18
1630.0,661,85,2027-03-20,2026-09-18
1640.0,166,1,2027-03-20,2026-09-18
1650.0,124,21,2027-03-20,2026-09-18
1660.0,700,22,2027-03-20,2026-09-18
1670.0,195,7,2027-03-20,2026-09-18
1680.0,342,3,2027-03-20,2026-09-18
1690.0,248,3,2027-03-20,2026-09-18
1700.0,429,2,2027-03-20,2026-09-18
1710.0,138,19,2027-03-20,2026-09-18
1720.0,287,4,2027-03-20,2026-09-18
1730.0,150,1,2027-03-20,2026-09-18
1740.0,251,3,2027-03-20,2026-09-18
1750.0,251,20,2027-03-20,2026-09-18
1760.0,371,2,2027-03-20,2026-09-18
1770.0,342,0,2027-03-20,2026-09-18
1780.0,140,4,2027-03-20,2026-09-18
1790.0,207,23,2027-03-20,2026-09-18
1800.0,570,28,2027-03-20,2026-09-18
1810.0,172,25,2027-03-20,2026-09-18
1820.0,122,0,2027-03-20,2026-09-18
1830.0,268,101,2027-03-20,2026-09-18
1840.0,28,0,2027-03-20,2026-09-18
1850.0,68,132,2027-03-20,2026-09-18
1860.0,178,5,2027-03-20,2026-09-18
1870.0,66,30,2027-03-20,2026-09-18
1880.0,103,23,2027-03-20,2026-09-18
1890.0,319,2,2027-03-20,2026-09-18
1900.0,650,8,2027-03-20,2026-09-18
1910.0,400,48,2027-03-20,2026-09-18
1920.0,108,4,2027-03-20,2026-09-18
1930.0,80,1,2027-03-20,2026-09-18
1940.0,134,0,2027-03-20,2026-09-18
1950.0,267,14,2027-03-20,2026-09-18
1960.0,220,0,2027-03-20,2026-09-18
1970.0,127,2,2027-03-20,2026-09-18
1980.0,223,0,2027-03-20,2026-09-18
1990.0,94,1,2027-03-20,2026-09-18
2000.0,852,8,2027-03-20,2026-09-18
2010.0,70,3,2027-03-20,2026-09-18
2020.0,139,0,2027-03-20,2026-09-18
2030.0,48,0,2027-03-20,2026-09-18
2040.0,91,0,2027-03-20,2026-09-18
2050.0,141,0,2027-03-20,2026-09-18
2060.0,64,1,2027-03-20,2026-09-18
2070.0,121,2,2027-03-20,2026-09-18
2080.0,239,0,2027-03-20,2026-09-18
2090.0,188,2,2027-03-20,2026-09-18
2100.0,248,0,2027-03-20,2026-09-18
2110.0,37,0,2027-03-20,2026-09-18
2120.0,135,0,2027-03-20,2026-09-18
2130.0,89,0,2027-03-20,2026-09-18
2140.0,114,0,2027-03-20,2026-09-18
2150.0,268,0,2027-03-20,2026-09-18
2160.0,150,0,2027-03-20,2026-09-18
2170.0,462,0,2027-03-20,2026-09-18
2180.0,277,0,2027-03-20,2026-09-18
2190.0,189,0,2027-03-20,2026-09-18
2200.0,249,0,2027-03-20,2026-09-18
2210.0,17,0,2027-03-20,2026-09-18
2220.0,122,0,2027-03-20,2026-09-18
2230.0,75,0,2027-03-20,2026-09-18
2240.0,158,0,2027-03-20,2026-09-18
2250.0,199,0,2027-03-20,2026-09-18
2260.0,145,0,2027-03-20,2026-09-18
2270.0,45,0,2027-03-20,2026-09-18
2280.0,121,0,2027-03-20,2026-09-18
2290.0,54,0,2027-03-20,2026-09-18
2300.0,39,0,2027-03-20,2026-09-18
2310.0,34,0,2027-03-20,2026-09-18
2320.0,54,0,2027-03-20,2026-09-18
2330.0,24,0,2027-03-20,2026-09-18
2340.0,158,0,2027-03-20,2026-09-18
2350.0,182,0,2027-03-20,2026-09-18
2360.0,69,0,2027-03-20,2026-09-18
2370.0,81,0,2027-03-20,2026-09-18
2380.0,82,0,2027-03-20,2026-09-18
2390.0,294,0,2027-03-20,2026-09-18
2400.0,786,0,2027-03-20,2026-09-18
2410.0,336,0,2027-03-20,2026-09-18
2420.0,177,0,2027-03-20,2026-09-18
2440.0,80,0,2027-03-20,2026-09-18
2460.0,129,0,2027-03-20,2026-09-18
2480.0,242,0,2027-03-20,2026-09-18
2500.0,3326,0,2027-03-20,2026-09-18
305.67,0,25,2027-03-26,2026-09-18
284.37,0,55,2027-03-31,2026-09-18
470.0,3,286,2027-04-17,2026-09-18
480.0,0,211,2027-04-17,2026-09-18
490.0,0,0,2027-04-17,2026-09-18
490.0,1,854,2027-04-17,2026-09-18
500.0,5,255,2027-04-17,2026-09-18
520.0,1,121,2027-04-17,2026-09-18
540.0,1,537,2027-04-17,2026-09-18
560.0,3,162,2027-04-17,2026-09-18
580.0,1,202,2027-04-17,2026-09-18
600.0,9,446,2027-04-17,2026-09-18
620.0,2,221,2027-04-17,2026-09-18
640.0,3,395,2027-04-17,2026-09-18
660.0,2,555,2027-04-17,2026-09-18
680.0,20,290,2027-04-17,2026-09-18
700.0,37,165,2027-04-17,2026-09-18
720.0,4,279,2027-04-17,2026-09-18
740.0,2,392,2027-04-17,2026-09-18
760.0,0,595,2027-04-17,2026-09-18
780.0,57,399,2027-04-17,2026-09-18
790.0,3,547,2027-04-17,2026-09-18
800.0,245,1488,2027-04-17,2026-09-18
810.0,6,256,2027-04-17,2026-09-18
820.0,13,121,2027-04-17,2026-09-18
830.0,76,248,2027-04-17,2026-09-18
840.0,72,113,2027-04-17,2026-09-18
850.0,99,229,2027-04-17,2026-09-18
860.0,20,344,2027-04-17,2026-09-18
870.0,23,74,2027-04-17,2026-09-18
880.0,223,204,2027-04-17,2026-09-18
890.0,33,91,2027-04-17,2026-09-18
900.0,94,203,2027-04-17,2026-09-18
910.0,293,50,2027-04-17,2026-09-18
920.0,155,44,2027-04-17,2026-09-18
930.0,218,249,2027-04-17,2026-09-18
940.0,61,97,2027-04-17,2026-09-18
950.0,192,78,2027-04-17,2026-09-18
960.0,73,19,2027-04-17,2026-09-18
970.0,65,43,2027-04-17,2026-09-18
980.0,32,46,2027-04-17,2026-09-18
990.0,95,123,2027-04-17,2026-09-18
1000.0,290,117,2027-04-17,2026-09-18
1010.0,76,104,2027-04-17,2026-09-18
1020.0,301,18,2027-04-17,2026-09-18
1030.0,40,157,2027-04-17,2026-09-18
1040.0,20,327,2027-04-17,2026-09-18
1050.0,48,79,2027-04-17,2026-09-18
1060.0,200,170,2027-04-17,2026-09-18
1070.0,52,45,2027-04-17,2026-09-18
1080.0,32,15,2027-04-17,2026-09-18
1100.0,0,0,2027-04-17,2026-09-18
1100.0,362,102,2027-04-17,2026-09-18
1120.0,50,51,2027-04-17,2026-09-18
1140.0,97,4,2027-04-17,2026-09-18
1160.0,803,5,2027-04-17,2026-09-18
1180.0,37,8,2027-04-17,2026-09-18
1200.0,112,55,2027-04-17,2026-09-18
1220.0,136,100,2027-04-17,2026-09-18
1240.0,46,8,2027-04-17,2026-09-18
1260.0,47,5,2027-04-17,2026-09-18
1280.0,180,7,2027-04-17,2026-09-18
1300.0,457,3,2027-04-17,2026-09-18
1320.0,103,5,2027-04-17,2026-09-18
1340.0,223,50,2027-04-17,2026-09-18
1360.0,79,0,2027-04-17,2026-09-18
1380.0,31,1,2027-04-17,2026-09-18
1400.0,127,2,2027-04-17,2026-09-18
1420.0,46,1,2027-04-17,2026-09-18
1440.0,181,0,2027-04-17,2026-09-18
1460.0,583,0,2027-04-17,2026-09-18
1480.0,110,0,2027-04-17,2026-09-18
5.0,1610,0,2027-06-18,2026-09-18
10.0,5,1,2027-06-18,2026-09-18
15.0,28,3,2027-06-18,2026-09-18
20.0,0,11,2027-06-18,2026-09-18
25.0,6,30,2027-06-18,2026-09-18
30.0,1,2,2027-06-18,2026-09-18
35.0,32,2522,2027-06-18,2026-09-18
40.0,5,968,2027-06-18,2026-09-18
45.0,80,1235,2027-06-18,2026-09-18
50.0,55,84,2027-06-18,2026-09-18
55.0,68,577,2027-06-18,2026-09-18
60.0,117,1084,2027-06-18,2026-09-18
65.0,113,343,2027-06-18,2026-09-18
70.0,156,5075,2027-06-18,2026-09-18
75.0,116,747,2027-06-18,2026-09-18
80.0,245,400,2027-06-18,2026-09-18
85.0,153,1285,2027-06-18,2026-09-18
90.0,123,1784,2027-06-18,2026-09-18
95.0,134,966,2027-06-18,2026-09-18
100.0,305,364,2027-06-18,2026-09-18
105.0,252,243,2027-06-18,2026-09-18
110.0,266,558,2027-06-18,2026-09-18
115.0,196,288,2027-06-18,2026-09-18
120.0,429,348,2027-06-18,2026-09-18
125.0,143,150,2027-06-18,2026-09-18
130.0,462,535,2027-06-18,2026-09-18
135.0,287,96,2027-06-18,2026-09-18
140.0,2680,173,2027-06-18,2026-09-18
145.0,86,182,2027-06-18,2026-09-18
150.0,209,1394,2027-06-18,2026-09-18
155.0,172,162,2027-06-18,2026-09-18
160.0,111,339,2027-06-18,2026-09-18
165.0,185,218,2027-06-18,2026-09-18
170.0,132,263,2027-06-18,2026-09-18
175.0,118,219,2027-06-18,2026-09-18
180.0,115,321,2027-06-18,2026-09-18
185.0,225,124,2027-06-18,2026-09-18
190.0,122,99,2027-06-18,2026-09-18
195.0,89,111,2027-06-18,2026-09-18
200.0,405,1017,2027-06-18,2026-09-18
210.0,172,260,2027-06-18,2026-09-18
220.0,138,433,2027-06-18,2026-09-18
230.0,223,627,2027-06-18,2026-09-18
240.0,149,1018,2027-06-18,2026-09-18
250.0,429,2732,2027-06-18,2026-09-18
260.0,3855,316,2027-06-18,2026-09-18
270.0,94,608,2027-06-18,2026-09-18
280.0,70,552,2027-06-18,2026-09-18
290.0,662,633,2027-06-18,2026-09-18
300.0,624,3707,2027-06-18,2026-09-18
310.0,144,463,2027-06-18,2026-09-18
320.0,145,145,2027-06-18,2026-09-18
330.0,308,636,2027-06-18,2026-09-18
340.0,296,361,2027-06-18,2026-09-18
350.0,425,932,2027-06-18,2026-09-18
360.0,153,676,2027-06-18,2026-09-18
370.0,123,461,2027-06-18,2026-09-18
380.0,495,582,2027-06-18,2026-09-18
390.0,265,577,2027-06-18,2026-09-18
400.0,1126,4139,2027-06-18,2026-09-18
410.0,286,642,2027-06-18,2026-09-18
420.0,329,535,2027-06-18,2026-09-18
430.0,370,403,2027-06-18,2026-09-18
440.0,288,522,2027-06-18,2026-09-18
450.0,386,1283,2027-06-18,2026-09-18
460.0,163,285,2027-06-18,2026-09-18
470.0,737,826,2027-06-18,2026-09-18
480.0,432,370,2027-06-18,2026-09-18
490.0,301,695,2027-06-18,2026-09-18
500.0,1430,1891,2027-06-18,2026-09-18
510.0,675,633,2027-06-18,2026-09-18
520.0,267,217,2027-06-18,2026-09-18
530.0,30,0,2027-06-18,2026-09-18
530.0,368,337,2027-06-18,2026-09-18
540.0,1948,688,2027-06-18,2026-09-18
550.0,746,2144,2027-06-18,2026-09-18
560.0,465,596,2027-06-18,2026-09-18
570.0,266,274,2027-06-18,2026-09-18
580.0,363,940,2027-06-18,2026-09-18
590.0,221,1010,2027-06-18,2026-09-18
600.0,1203,4542,2027-06-18,2026-09-18
610.0,416,434,2027-06-18,2026-09-18
620.0,183,935,2027-06-18,2026-09-18
630.0,501,405,2027-06-18,2026-09-18
640.0,447,1180,2027-06-18,2026-09-18
650.0,1038,2055,2027-06-18,2026-09-18
660.0,265,287,2027-06-18,2026-09-18
670.0,273,340,2027-06-18,2026-09-18
680.0,400,487,2027-06-18,2026-09-18
690.0,2263,398,2027-06-18,2026-09-18
700.0,2460,2558,2027-06-18,2026-09-18
710.0,279,252,2027-06-18,2026-09-18
720.0,939,1194,2027-06-18,2026-09-18
730.0,441,519,2027-06-18,2026-09-18
740.0,2752,426,2027-06-18,2026-09-18
750.0,1679,3051,2027-06-18,2026-09-18
760.0,595,428,2027-06-18,2026-09-18
770.0,225,341,2027-06-18,2026-09-18
780.0,468,1899,2027-06-18,2026-09-18
790.0,1235,329,2027-06-18,2026-09-18
800.0,0,290,2027-06-18,2026-09-18
800.0,1870,3111,2027-06-18,2026-09-18
810.0,170,411,2027-06-18,2026-09-18
820.0,393,301,2027-06-18,2026-09-18
830.0,632,446,2027-06-18,2026-09-18
840.0,268,737,2027-06-18,2026-09-18
850.0,823,1473,2027-06-18,2026-09-18
860.0,288,267,2027-06-18,2026-09-18
870.0,1299,980,2027-06-18,2026-09-18
880.0,675,618,2027-06-18,2026-09-18
890.0,2080,302,2027-06-18,2026-09-18
900.0,3001,3145,2027-06-18,2026-09-18
910.0,1688,425,2027-06-18,2026-09-18
920.0,383,236,2027-06-18,2026-09-18
930.0,557,613,2027-06-18,2026-09-18
940.0,336,258,2027-06-18,2026-09-18
950.0,1317,1061,2027-06-18,2026-09-18
960.0,359,384,2027-06-18,2026-09-18
970.0,265,481,2027-06-18,2026-09-18
980.0,383,136,2027-06-18,2026-09-18
990.0,210,101,2027-06-18,2026-09-18
1000.0,2512,1139,2027-06-18,2026-09-18
1010.0,217,125,2027-06-18,2026-09-18
1020.0,291,69,2027-06-18,2026-09-18
1030.0,167,147,2027-06-18,2026-09-18
1040.0,219,83,2027-06-18,2026-09-18
1050.0,613,518,2027-06-18,2026-09-18
1060.0,769,687,2027-06-18,2026-09-18
1070.0,245,83,2027-06-18,2026-09-18
1080.0,465,115,2027-06-18,2026-09-18
1090.0,356,108,2027-06-18,2026-09-18
1100.0,1858,609,2027-06-18,2026-09-18
1110.0,251,63,2027-06-18,2026-09-18
1120.0,165,102,2027-06-18,2026-09-18
1130.0,95,53,2027-06-18,2026-09-18
1140.0,210,119,2027-06-18,2026-09-18
1150.0,635,50,2027-06-18,2026-09-18
1160.0,339,33,2027-06-18,2026-09-18
1170.0,186,111,2027-06-18,2026-09-18
1180.0,321,97,2027-06-18,2026-09-18
1190.0,62,56,2027-06-18,2026-09-18
1200.0,2009,65,2027-06-18,2026-09-18
1210.0,1434,31,2027-06-18,2026-09-18
1220.0,183,47,2027-06-18,2026-09-18
1230.0,79,27,2027-06-18,2026-09-18
1240.0,225,105,2027-06-18,2026-09-18
1250.0,11,0,2027-06-18,2026-09-18
1250.0,845,518,2027-06-18,2026-09-18
1260.0,173,39,2027-06-18,2026-09-18
1270.0,100,27,2027-06-18,2026-09-18
1280.0,101,89,2027-06-18,2026-09-18
1290.0,535,111,2027-06-18,2026-09-18
1300.0,1273,247,2027-06-18,2026-09-18
1310.0,58,37,2027-06-18,2026-09-18
1320.0,168,81,2027-06-18,2026-09-18
1330.0,88,88,2027-06-18,2026-09-18
1340.0,265,59,2027-06-18,2026-09-18
1350.0,602,571,2027-06-18,2026-09-18
1360.0,315,50,2027-06-18,2026-09-18
1370.0,141,28,2027-06-18,2026-09-18
1380.0,294,65,2027-06-18,2026-09-18
1390.0,134,96,2027-06-18,2026-09-18
1400.0,1096,173,2027-06-18,2026-09-18
1410.0,379,141,2027-06-18,2026-09-18
1420.0,330,157,2027-06-18,2026-09-18
1430.0,428,81,2027-06-18,2026-09-18
1440.0,277,161,2027-06-18,2026-09-18
1450.0,402,79,2027-06-18,2026-09-18
1460.0,493,117,2027-06-18,2026-09-18
1470.0,302,19,2027-06-18,2026-09-18
1480.0,302,50,2027-06-18,2026-09-18
1490.0,163,38,2027-06-18,2026-09-18
1500.0,2222,111,2027-06-18,2026-09-18
1510.0,180,11,2027-06-18,2026-09-18
1520.0,538,35,2027-06-18,2026-09-18
1530.0,187,36,2027-06-18,2026-09-18
1540.0,163,28,2027-06-18,2026-09-18
1550.0,118,13,2027-06-18,2026-09-18
1560.0,351,13,2027-06-18,2026-09-18
1570.0,530,12,2027-06-18,2026-09-18
1580.0,111,31,2027-06-18,2026-09-18
1590.0,417,10,2027-06-18,2026-09-18
1600.0,1724,68,2027-06-18,2026-09-18
1610.0,272,10,2027-06-18,2026-09-18
1620.0,478,30,2027-06-18,2026-09-18
1630.0,214,77,2027-06-18,2026-09-18
1640.0,300,20,2027-06-18,2026-09-18
1650.0,277,28,2027-06-18,2026-09-18
1660.0,587,17,2027-06-18,2026-09-18
1670.0,147,82,2027-06-18,2026-09-18
1680.0,102,6,2027-06-18,2026-09-18
1690.0,227,35,2027-06-18,2026-09-18
1700.0,330,83,2027-06-18,2026-09-18
1710.0,297,27,2027-06-18,2026-09-18
1720.0,442,23,2027-06-18,2026-09-18
1730.0,181,17,2027-06-18,2026-09-18
1740.0,174,26,2027-06-18,2026-09-18
1750.0,264,16,2027-06-18,2026-09-18
1760.0,108,48,2027-06-18,2026-09-18
1770.0,171,18,2027-06-18,2026-09-18
1775.0,290,0,2027-06-18,2026-09-18
1780.0,303,52,2027-06-18,2026-09-18
1790.0,225,11,2027-06-18,2026-09-18
1800.0,1697,30,2027-06-18,2026-09-18
1810.0,156,7,2027-06-18,2026-09-18
1820.0,205,1,2027-06-18,2026-09-18
1830.0,384,2,2027-06-18,2026-09-18
1840.0,211,3,2027-06-18,2026-09-18
1850.0,173,20,2027-06-18,2026-09-18
1860.0,220,19,2027-06-18,2026-09-18
1870.0,163,0,2027-06-18,2026-09-18
1880.0,359,25,2027-06-18,2026-09-18
1890.0,293,0,2027-06-18,2026-09-18
1900.0,775,7,2027-06-18,2026-09-18
1910.0,524,204,2027-06-18,2026-09-18
1920.0,293,1,2027-06-18,2026-09-18
1930.0,530,1,2027-06-18,2026-09-18
1940.0,385,7,2027-06-18,2026-09-18
1950.0,133,0,2027-06-18,2026-09-18
1960.0,475,0,2027-06-18,2026-09-18
1970.0,122,1,2027-06-18,2026-09-18
1980.0,93,5,2027-06-18,2026-09-18
1990.0,38,1,2027-06-18,2026-09-18
2000.0,1668,4,2027-06-18,2026-09-18
2010.0,87,31,2027-06-18,2026-09-18
2020.0,248,1,2027-06-18,2026-09-18
2030.0,46,2,2027-06-18,2026-09-18
2040.0,68,10,2027-06-18,2026-09-18
2050.0,64,6,2027-06-18,2026-09-18
2060.0,109,10,2027-06-18,2026-09-18
2070.0,16,7,2027-06-18,2026-09-18
2080.0,51,10,2027-06-18,2026-09-18
2090.0,61,7,2027-06-18,2026-09-18
2100.0,333,34,2027-06-18,2026-09-18
2110.0,109,3,2027-06-18,2026-09-18
2120.0,30,0,2027-06-18,2026-09-18
2130.0,59,0,2027-06-18,2026-09-18
2140.0,208,47,2027-06-18,2026-09-18
2150.0,276,4,2027-06-18,2026-09-18
2160.0,307,0,2027-06-18,2026-09-18
2170.0,337,2,2027-06-18,2026-09-18
2180.0,66,2,2027-06-18,2026-09-18
2190.0,201,5,2027-06-18,2026-09-18
2200.0,87,18,2027-06-18,2026-09-18
2210.0,118,0,2027-06-18,2026-09-18
2220.0,111,5,2027-06-18,2026-09-18
2230.0,204,1,2027-06-18,2026-09-18
2240.0,18,0,2027-06-18,2026-09-18
2250.0,102,1,2027-06-18,2026-09-18
2260.0,52,0,2027-06-18,2026-09-18
2270.0,237,0,2027-06-18,2026-09-18
2280.0,34,0,2027-06-18,2026-09-18
2290.0,759,6,2027-06-18,2026-09-18
2300.0,160,0,2027-06-18,2026-09-18
2310.0,207,0,2027-06-18,2026-09-18
2320.0,306,0,2027-06-18,2026-09-18
2330.0,128,0,2027-06-18,2026-09-18
2340.0,206,0,2027-06-18,2026-09-18
2350.0,122,1,2027-06-18,2026-09-18
2360.0,176,0,2027-06-18,2026-09-18
2370.0,294,0,2027-06-18,2026-09-18
2380.0,311,0,2027-06-18,2026-09-18
2390.0,493,0,2027-06-18,2026-09-18
2400.0,147,0,2027-06-18,2026-09-18
2410.0,489,0,2027-06-18,2026-09-18
2420.0,297,0,2027-06-18,2026-09-18
2440.0,318,0,2027-06-18,2026-09-18
2460.0,549,0,2027-06-18,2026-09-18
2480.0,297,1,2027-06-18,2026-09-18
2500.0,2961,0,2027-06-18,2026-09-18
5.0,4412,107,2027-09-18,2026-09-18
10.0,584,0,2027-09-18,2026-09-18
15.0,0,2,2027-09-18,2026-09-18
20.0,0,3,2027-09-18,2026-09-18
25.0,0,4,2027-09-18,2026-09-18
30.0,0,3,2027-09-18,2026-09-18
40.0,0,12,2027-09-18,2026-09-18
50.0,1,35,2027-09-18,2026-09-18
60.0,0,82,2027-09-18,2026-09-18
70.0,1,129,2027-09-18,2026-09-18
80.0,0,85,2027-09-18,2026-09-18
90.0,12,208,2027-09-18,2026-09-18
100.0,25,620,2027-09-18,2026-09-18
110.0,5,134,2027-09-18,2026-09-18
120.0,1,747,2027-09-18,2026-09-18
130.0,5,145,2027-09-18,2026-09-18
140.0,4,550,2027-09-18,2026-09-18
150.0,5,344,2027-09-18,2026-09-18
160.0,14,434,2027-09-18,2026-09-18
170.0,128,176,2027-09-18,2026-09-18
180.0,4,38,2027-09-18,2026-09-18
185.0,2,10,2027-09-18,2026-09-18
190.0,158,216,2027-09-18,2026-09-18
195.0,3,208,2027-09-18,2026-09-18
200.0,12,130,2027-09-18,2026-09-18
210.0,6,24,2027-09-18,2026-09-18
220.0,8,118,2027-09-18,2026-09-18
230.0,8,61,2027-09-18,2026-09-18
240.0,5,181,2027-09-18,2026-09-18
250.0,48,294,2027-09-18,2026-09-18
260.0,31,217,2027-09-18,2026-09-18
270.0,7,82,2027-09-18,2026-09-18
280.0,48,85,2027-09-18,2026-09-18
290.0,8,561,2027-09-18,2026-09-18
300.0,100,256,2027-09-18,2026-09-18
310.0,33,120,2027-09-18,2026-09-18
320.0,27,94,2027-09-18,2026-09-18
330.0,30,50,2027-09-18,2026-09-18
340.0,16,113,2027-09-18,2026-09-18
350.0,114,225,2027-09-18,2026-09-18
360.0,17,52,2027-09-18,2026-09-18
370.0,32,122,2027-09-18,2026-09-18
380.0,12,110,2027-09-18,2026-09-18
390.0,56,72,2027-09-18,2026-09-18
400.0,89,343,2027-09-18,2026-09-18
410.0,21,119,2027-09-18,2026-09-18
420.0,48,31,2027-09-18,2026-09-18
430.0,244,93,2027-09-18,2026-09-18
440.0,103,81,2027-09-18,2026-09-18
450.0,81,188,2027-09-18,2026-09-18
460.0,17,79,2027-09-18,2026-09-18
470.0,45,90,2027-09-18,2026-09-18
480.0,63,202,2027-09-18,2026-09-18
490.0,47,129,2027-09-18,2026-09-18
500.0,308,609,2027-09-18,2026-09-18
510.0,168,91,2027-09-18,2026-09-18
520.0,10,254,2027-09-18,2026-09-18
530.0,58,185,2027-09-18,2026-09-18
540.0,27,105,2027-09-18,2026-09-18
550.0,168,441,2027-09-18,2026-09-18
560.0,153,209,2027-09-18,2026-09-18
570.0,276,138,2027-09-18,2026-09-18
580.0,65,292,2027-09-18,2026-09-18
590.0,22,157,2027-09-18,2026-09-18
600.0,611,1111,2027-09-18,2026-09-18
610.0,78,234,2027-09-18,2026-09-18
620.0,65,89,2027-09-18,2026-09-18
630.0,105,394,2027-09-18,2026-09-18
640.0,92,209,2027-09-18,2026-09-18
650.0,133,1332,2027-09-18,2026-09-18
660.0,278,171,2027-09-18,2026-09-18
670.0,120,224,2027-09-18,2026-09-18
680.0,123,196,2027-09-18,2026-09-18
690.0,93,222,2027-09-18,2026-09-18
700.0,651,499,2027-09-18,2026-09-18
710.0,53,154,2027-09-18,2026-09-18
720.0,108,46,2027-09-18,2026-09-18
730.0,103,154,2027-09-18,2026-09-18
740.0,65,156,2027-09-18,2026-09-18
750.0,385,337,2027-09-18,2026-09-18
760.0,64,589,2027-09-18,2026-09-18
770.0,259,195,2027-09-18,2026-09-18
780.0,94,411,2027-09-18,2026-09-18
790.0,70,80,2027-09-18,2026-09-18
800.0,561,498,2027-09-18,2026-09-18
810.0,170,79,2027-09-18,2026-09-18
820.0,150,478,2027-09-18,2026-09-18
830.0,245,264,2027-09-18,2026-09-18
840.0,91,213,2027-09-18,2026-09-18
850.0,313,507,2027-09-18,2026-09-18
860.0,223,116,2027-09-18,2026-09-18
870.0,269,198,2027-09-18,2026-09-18
880.0,492,376,2027-09-18,2026-09-18
890.0,440,133,2027-09-18,2026-09-18
900.0,840,967,2027-09-18,2026-09-18
920.0,155,225,2027-09-18,2026-09-18
930.0,476,131,2027-09-18,2026-09-18
940.0,467,245,2027-09-18,2026-09-18
950.0,311,83,2027-09-18,2026-09-18
960.0,409,71,2027-09-18,2026-09-18
970.0,352,72,2027-09-18,2026-09-18
980.0,115,97,2027-09-18,2026-09-18
990.0,242,74,2027-09-18,2026-09-18
1000.0,866,209,2027-09-18,2026-09-18
1010.0,108,63,2027-09-18,2026-09-18
1020.0,160,56,2027-09-18,2026-09-18
1030.0,81,78,2027-09-18,2026-09-18
1040.0,91,93,2027-09-18,2026-09-18
1050.0,165,44,2027-09-18,2026-09-18
1060.0,155,39,2027-09-18,2026-09-18
1070.0,227,78,2027-09-18,2026-09-18
1080.0,78,58,2027-09-18,2026-09-18
1090.0,74,105,2027-09-18,2026-09-18
1100.0,500,513,2027-09-18,2026-09-18
1110.0,316,23,2027-09-18,2026-09-18
1120.0,130,19,2027-09-18,2026-09-18
1130.0,233,37,2027-09-18,2026-09-18
1140.0,50,62,2027-09-18,2026-09-18
1150.0,367,46,2027-09-18,2026-09-18
1160.0,76,21,2027-09-18,2026-09-18
1170.0,259,39,2027-09-18,2026-09-18
1180.0,52,12,2027-09-18,2026-09-18
1190.0,44,16,2027-09-18,2026-09-18
1200.0,552,526,2027-09-18,2026-09-18
1210.0,344,13,2027-09-18,2026-09-18
1220.0,564,54,2027-09-18,2026-09-18
1230.0,94,301,2027-09-18,2026-09-18
1240.0,539,169,2027-09-18,2026-09-18
1250.0,187,309,2027-09-18,2026-09-18
1260.0,369,38,2027-09-18,2026-09-18
1270.0,468,5,2027-09-18,2026-09-18
1280.0,43,442,2027-09-18,2026-09-18
1290.0,89,15,2027-09-18,2026-09-18
1300.0,198,127,2027-09-18,2026-09-18
1310.0,140,11,2027-09-18,2026-09-18
1320.0,487,154,2027-09-18,2026-09-18
1330.0,80,2,2027-09-18,2026-09-18
1340.0,72,3,2027-09-18,2026-09-18
1350.0,95,11,2027-09-18,2026-09-18
1360.0,152,63,2027-09-18,2026-09-18
1370.0,50,300,2027-09-18,2026-09-18
1380.0,33,4,2027-09-18,2026-09-18
1390.0,50,4,2027-09-18,2026-09-18
1400.0,749,86,2027-09-18,2026-09-18
1410.0,52,3,2027-09-18,2026-09-18
1420.0,645,32,2027-09-18,2026-09-18
1430.0,48,77,2027-09-18,2026-09-18
1440.0,102,11,2027-09-18,2026-09-18
1450.0,105,19,2027-09-18,2026-09-18
1460.0,113,66,2027-09-18,2026-09-18
1470.0,25,1,2027-09-18,2026-09-18
1480.0,122,444,2027-09-18,2026-09-18
1490.0,241,1,2027-09-18,2026-09-18
1500.0,332,287,2027-09-18,2026-09-18
1510.0,197,7,2027-09-18,2026-09-18
1520.0,311,3,2027-09-18,2026-09-18
1530.0,437,7,2027-09-18,2026-09-18
1540.0,188,33,2027-09-18,2026-09-18
1550.0,365,29,2027-09-18,2026-09-18
1560.0,457,8,2027-09-18,2026-09-18
1570.0,103,12,2027-09-18,2026-09-18
1580.0,298,101,2027-09-18,2026-09-18
1590.0,185,4,2027-09-18,2026-09-18
1600.0,209,47,2027-09-18,2026-09-18
1610.0,278,14,2027-09-18,2026-09-18
1620.0,892,90,2027-09-18,2026-09-18
1630.0,480,118,2027-09-18,2026-09-18
1640.0,136,1,2027-09-18,2026-09-18
1650.0,270,1,2027-09-18,2026-09-18
1660.0,786,16,2027-09-18,2026-09-18
1670.0,176,2,2027-09-18,2026-09-18
1680.0,187,2,2027-09-18,2026-09-18
1690.0,70,7,2027-09-18,2026-09-18
1700.0,93,255,2027-09-18,2026-09-18
1710.0,269,3,2027-09-18,2026-09-18
1720.0,142,12,2027-09-18,2026-09-18
1730.0,232,4,2027-09-18,2026-09-18
1740.0,405,7,2027-09-18,2026-09-18
1750.0,121,25,2027-09-18,2026-09-18
1760.0,144,6,2027-09-18,2026-09-18
1770.0,68,4,2027-09-18,2026-09-18
1780.0,362,7,2027-09-18,2026-09-18
1790.0,556,11,2027-09-18,2026-09-18
1800.0,425,4,2027-09-18,2026-09-18
1810.0,190,4,2027-09-18,2026-09-18
1820.0,156,3,2027-09-18,2026-09-18
1830.0,170,74,2027-09-18,2026-09-18
1840.0,178,5,2027-09-18,2026-09-18
1850.0,35,1,2027-09-18,2026-09-18
1860.0,96,1,2027-09-18,2026-09-18
1870.0,119,0,2027-09-18,2026-09-18
1880.0,157,4,2027-09-18,2026-09-18
1890.0,219,13,2027-09-18,2026-09-18
1900.0,351,31,2027-09-18,2026-09-18
1910.0,56,7,2027-09-18,2026-09-18
1920.0,18,0,2027-09-18,2026-09-18
1930.0,47,0,2027-09-18,2026-09-18
1940.0,53,0,2027-09-18,2026-09-18
1950.0,65,1,2027-09-18,2026-09-18
1960.0,14,0,2027-09-18,2026-09-18
1970.0,72,43,2027-09-18,2026-09-18
1980.0,200,40,2027-09-18,2026-09-18
1990.0,106,3,2027-09-18,2026-09-18
2000.0,619,4,2027-09-18,2026-09-18
2010.0,692,2,2027-09-18,2026-09-18
2020.0,81,0,2027-09-18,2026-09-18
2030.0,52,1,2027-09-18,2026-09-18
2040.0,21,0,2027-09-18,2026-09-18
2050.0,58,3,2027-09-18,2026-09-18
2060.0,18,1,2027-09-18,2026-09-18
2070.0,83,0,2027-09-18,2026-09-18
2080.0,45,6,2027-09-18,2026-09-18
2090.0,54,2,2027-09-18,2026-09-18
2100.0,71,24,2027-09-18,2026-09-18
2110.0,200,0,2027-09-18,2026-09-18
2120.0,33,0,2027-09-18,2026-09-18
2130.0,37,0,2027-09-18,2026-09-18
2140.0,54,1,2027-09-18,2026-09-18
2150.0,68,0,2027-09-18,2026-09-18
2160.0,35,2,2027-09-18,2026-09-18
2170.0,371,7,2027-09-18,2026-09-18
2180.0,2,2,2027-09-18,2026-09-18
2190.0,69,3,2027-09-18,2026-09-18
2200.0,69,5,2027-09-18,2026-09-18
2210.0,66,0,2027-09-18,2026-09-18
2220.0,51,5,2027-09-18,2026-09-18
2230.0,11,0,2027-09-18,2026-09-18
2240.0,121,1,2027-09-18,2026-09-18
2250.0,78,1,2027-09-18,2026-09-18
2260.0,133,1,2027-09-18,2026-09-18
2270.0,65,0,2027-09-18,2026-09-18
2280.0,14,1,2027-09-18,2026-09-18
2290.0,35,2,2027-09-18,2026-09-18
2300.0,28,1,2027-09-18,2026-09-18
2310.0,41,1,2027-09-18,2026-09-18
2320.0,80,2,2027-09-18,2026-09-18
2330.0,126,0,2027-09-18,2026-09-18
2340.0,122,0,2027-09-18,2026-09-18
2350.0,59,2,2027-09-18,2026-09-18
2360.0,88,2,2027-09-18,2026-09-18
2370.0,50,6,2027-09-18,2026-09-18
2380.0,139,3,2027-09-18,2026-09-18
2390.0,172,0,2027-09-18,2026-09-18
2400.0,251,0,2027-09-18,2026-09-18
2410.0,284,0,2027-09-18,2026-09-18
2420.0,342,5,2027-09-18,2026-09-18
2440.0,635,0,2027-09-18,2026-09-18
2460.0,640,0,2027-09-18,2026-09-18
2480.0,1157,3,2027-09-18,2026-09-18
2500.0,1046,0,2027-09-18,2026-09-18
5.0,6243,1247,2027-12-18,2026-09-18
10.0,7,3,2027-12-18,2026-09-18
15.0,2,9,2027-12-18,2026-09-18
20.0,4,17,2027-12-18,2026-09-18
25.0,2202,1202,2027-12-18,2026-09-18
30.0,62,458,2027-12-18,2026-09-18
35.0,70,467,2027-12-18,2026-09-18
40.0,112,5497,2027-12-18,2026-09-18
45.0,113,399,2027-12-18,2026-09-18
50.0,154,853,2027-12-18,2026-09-18
55.0,189,1613,2027-12-18,2026-09-18
60.0,849,1145,2027-12-18,2026-09-18
65.0,136,1710,2027-12-18,2026-09-18
70.0,149,2239,2027-12-18,2026-09-18
75.0,506,1296,2027-12-18,2026-09-18
80.0,216,897,2027-12-18,2026-09-18
85.0,172,353,2027-12-18,2026-09-18
90.0,308,251,2027-12-18,2026-09-18
95.0,156,230,2027-12-18,2026-09-18
100.0,317,639,2027-12-18,2026-09-18
105.0,144,283,2027-12-18,2026-09-18
110.0,303,539,2027-12-18,2026-09-18
115.0,300,150,2027-12-18,2026-09-18
120.0,221,174,2027-12-18,2026-09-18
125.0,271,289,2027-12-18,2026-09-18
130.0,254,278,2027-12-18,2026-09-18
135.0,210,257,2027-12-18,2026-09-18
140.0,133,322,2027-12-18,2026-09-18
145.0,197,117,2027-12-18,2026-09-18
150.0,475,334,2027-12-18,2026-09-18
155.0,83,69,2027-12-18,2026-09-18
160.0,185,136,2027-12-18,2026-09-18
165.0,155,70,2027-12-18,2026-09-18
170.0,521,733,2027-12-18,2026-09-18
175.0,98,82,2027-12-18,2026-09-18
180.0,78,378,2027-12-18,2026-09-18
185.0,37,241,2027-12-18,2026-09-18
190.0,1360,670,2027-12-18,2026-09-18
195.0,231,46,2027-12-18,2026-09-18
200.0,383,415,2027-12-18,2026-09-18
210.0,299,243,2027-12-18,2026-09-18
220.0,160,116,2027-12-18,2026-09-18
230.0,240,165,2027-12-18,2026-09-18
240.0,130,119,2027-12-18,2026-09-18
250.0,50,0,2027-12-18,2026-09-18
250.0,94,232,2027-12-18,2026-09-18
260.0,144,189,2027-12-18,2026-09-18
270.0,89,86,2027-12-18,2026-09-18
280.0,196,434,2027-12-18,2026-09-18
290.0,165,775,2027-12-18,2026-09-18
300.0,302,357,2027-12-18,2026-09-18
310.0,171,99,2027-12-18,2026-09-18
320.0,124,143,2027-12-18,2026-09-18
330.0,213,239,2027-12-18,2026-09-18
340.0,120,104,2027-12-18,2026-09-18
350.0,92,87,2027-12-18,2026-09-18
360.0,87,165,2027-12-18,2026-09-18
370.0,89,221,2027-12-18,2026-09-18
380.0,177,137,2027-12-18,2026-09-18
390.0,134,136,2027-12-18,2026-09-18
400.0,797,731,2027-12-18,2026-09-18
410.0,159,195,2027-12-18,2026-09-18
420.0,121,149,2027-12-18,2026-09-18
430.0,398,288,2027-12-18,2026-09-18
440.0,68,209,2027-12-18,2026-09-18
450.0,360,190,2027-12-18,2026-09-18
460.0,88,39,2027-12-18,2026-09-18
470.0,579,85,2027-12-18,2026-09-18
480.0,124,112,2027-12-18,2026-09-18
490.0,254,355,2027-12-18,2026-09-18
500.0,519,702,2027-12-18,2026-09-18
510.0,192,135,2027-12-18,2026-09-18
520.0,263,92,2027-12-18,2026-09-18
530.0,270,63,2027-12-18,2026-09-18
540.0,74,61,2027-12-18,2026-09-18
550.0,382,203,2027-12-18,2026-09-18
560.0,246,86,2027-12-18,2026-09-18
570.0,149,82,2027-12-18,2026-09-18
580.0,291,91,2027-12-18,2026-09-18
590.0,142,99,2027-12-18,2026-09-18
600.0,471,289,2027-12-18,2026-09-18
610.0,85,92,2027-12-18,2026-09-18
620.0,146,70,2027-12-18,2026-09-18
630.0,543,179,2027-12-18,2026-09-18
640.0,289,169,2027-12-18,2026-09-18
650.0,591,779,2027-12-18,2026-09-18
660.0,95,182,2027-12-18,2026-09-18
670.0,74,36,2027-12-18,2026-09-18
680.0,377,417,2027-12-18,2026-09-18
690.0,386,83,2027-12-18,2026-09-18
700.0,795,1161,2027-12-18,2026-09-18
710.0,138,270,2027-12-18,2026-09-18
720.0,303,321,2027-12-18,2026-09-18
730.0,332,55,2027-12-18,2026-09-18
740.0,376,39,2027-12-18,2026-09-18
750.0,424,235,2027-12-18,2026-09-18
760.0,231,149,2027-12-18,2026-09-18
770.0,132,158,2027-12-18,2026-09-18
780.0,189,253,2027-12-18,2026-09-18
790.0,227,48,2027-12-18,2026-09-18
800.0,1018,630,2027-12-18,2026-09-18
810.0,212,228,2027-12-18,2026-09-18
820.0,235,143,2027-12-18,2026-09-18
830.0,146,242,2027-12-18,2026-09-18
840.0,198,634,2027-12-18,2026-09-18
850.0,229,449,2027-12-18,2026-09-18
860.0,238,217,2027-12-18,2026-09-18
870.0,320,64,2027-12-18,2026-09-18
880.0,505,255,2027-12-18,2026-09-18
890.0,658,260,2027-12-18,2026-09-18
900.0,864,514,2027-12-18,2026-09-18
910.0,1340,24,2027-12-18,2026-09-18
920.0,202,103,2027-12-18,2026-09-18
930.0,146,414,2027-12-18,2026-09-18
940.0,202,41,2027-12-18,2026-09-18
950.0,701,364,2027-12-18,2026-09-18
960.0,282,153,2027-12-18,2026-09-18
970.0,485,50,2027-12-18,2026-09-18
980.0,186,78,2027-12-18,2026-09-18
990.0,61,83,2027-12-18,2026-09-18
1000.0,639,1119,2027-12-18,2026-09-18
1010.0,146,28,2027-12-18,2026-09-18
1020.0,403,44,2027-12-18,2026-09-18
1030.0,166,74,2027-12-18,2026-09-18
1040.0,394,52,2027-12-18,2026-09-18
1050.0,418,30,2027-12-18,2026-09-18
1060.0,358,27,2027-12-18,2026-09-18
1070.0,548,38,2027-12-18,2026-09-18
1080.0,208,139,2027-12-18,2026-09-18
1090.0,269,195,2027-12-18,2026-09-18
1100.0,1144,312,2027-12-18,2026-09-18
1110.0,468,50,2027-12-18,2026-09-18
1120.0,228,83,2027-12-18,2026-09-18
1130.0,483,32,2027-12-18,2026-09-18
1140.0,167,8,2027-12-18,2026-09-18
1150.0,111,15,2027-12-18,2026-09-18
1160.0,133,22,2027-12-18,2026-09-18
1170.0,429,29,2027-12-18,2026-09-18
1180.0,289,48,2027-12-18,2026-09-18
1200.0,612,305,2027-12-18,2026-09-18
1220.0,343,159,2027-12-18,2026-09-18
1240.0,305,76,2027-12-18,2026-09-18
1260.0,784,425,2027-12-18,2026-09-18
1280.0,954,254,2027-12-18,2026-09-18
1300.0,878,249,2027-12-18,2026-09-18
1320.0,562,267,2027-12-18,2026-09-18
1340.0,392,29,2027-12-18,2026-09-18
1360.0,535,52,2027-12-18,2026-09-18
1380.0,403,66,2027-12-18,2026-09-18
1400.0,494,284,2027-12-18,2026-09-18
1420.0,568,147,2027-12-18,2026-09-18
1440.0,436,57,2027-12-18,2026-09-18
1460.0,341,269,2027-12-18,2026-09-18
1480.0,685,194,2027-12-18,2026-09-18
1490.0,244,73,2027-12-18,2026-09-18
1500.0,1715,239,2027-12-18,2026-09-18
1510.0,181,3,2027-12-18,2026-09-18
1520.0,211,50,2027-12-18,2026-09-18
1530.0,90,7,2027-12-18,2026-09-18
1540.0,87,11,2027-12-18,2026-09-18
1550.0,229,6,2027-12-18,2026-09-18
1560.0,60,39,2027-12-18,2026-09-18
1570.0,134,22,2027-12-18,2026-09-18
1580.0,119,112,2027-12-18,2026-09-18
1590.0,215,24,2027-12-18,2026-09-18
1600.0,612,52,2027-12-18,2026-09-18
1610.0,145,24,2027-12-18,2026-09-18
1620.0,228,5,2027-12-18,2026-09-18
1630.0,690,280,2027-12-18,2026-09-18
1640.0,104,48,2027-12-18,2026-09-18
1650.0,51,5,2027-12-18,2026-09-18
1660.0,72,7,2027-12-18,2026-09-18
1670.0,136,12,2027-12-18,2026-09-18
1680.0,353,7,2027-12-18,2026-09-18
1690.0,250,3,2027-12-18,2026-09-18
1700.0,1343,51,2027-12-18,2026-09-18
1710.0,155,11,2027-12-18,2026-09-18
1720.0,65,23,2027-12-18,2026-09-18
1730.0,108,1,2027-12-18,2026-09-18
1740.0,166,8,2027-12-18,2026-09-18
1750.0,256,4,2027-12-18,2026-09-18
1760.0,233,3,2027-12-18,2026-09-18
1770.0,116,14,2027-12-18,2026-09-18
1780.0,563,10,2027-12-18,2026-09-18
1790.0,246,26,2027-12-18,2026-09-18
1800.0,1121,81,2027-12-18,2026-09-18
1810.0,480,41,2027-12-18,2026-09-18
1820.0,537,15,2027-12-18,2026-09-18
1830.0,826,23,2027-12-18,2026-09-18
1840.0,170,5,2027-12-18,2026-09-18
1850.0,107,13,2027-12-18,2026-09-18
1860.0,91,8,2027-12-18,2026-09-18
1870.0,29,0,2027-12-18,2026-09-18
1880.0,347,125,2027-12-18,2026-09-18
1890.0,144,1,2027-12-18,2026-09-18
1900.0,348,201,2027-12-18,2026-09-18
1910.0,276,2,2027-12-18,2026-09-18
1920.0,229,11,2027-12-18,2026-09-18
1930.0,225,2,2027-12-18,2026-09-18
1940.0,81,1,2027-12-18,2026-09-18
1950.0,33,4,2027-12-18,2026-09-18
1960.0,140,1,2027-12-18,2026-09-18
1970.0,79,2,2027-12-18,2026-09-18
1980.0,543,15,2027-12-18,2026-09-18
1990.0,173,5,2027-12-18,2026-09-18
2000.0,848,131,2027-12-18,2026-09-18
2010.0,109,1,2027-12-18,2026-09-18
2020.0,160,4,2027-12-18,2026-09-18
2030.0,83,10,2027-12-18,2026-09-18
2040.0,59,4,2027-12-18,2026-09-18
2050.0,53,6,2027-12-18,2026-09-18
2060.0,38,20,2027-12-18,2026-09-18
2070.0,18,2,2027-12-18,2026-09-18
2080.0,27,120,2027-12-18,2026-09-18
2090.0,95,4,2027-12-18,2026-09-18
2100.0,137,47,2027-12-18,2026-09-18
2110.0,45,46,2027-12-18,2026-09-18
2120.0,208,5,2027-12-18,2026-09-18
2130.0,126,4,2027-12-18,2026-09-18
2140.0,31,6,2027-12-18,2026-09-18
2150.0,42,20,2027-12-18,2026-09-18
2160.0,141,26,2027-12-18,2026-09-18
2170.0,1032,38,2027-12-18,2026-09-18
2180.0,119,3,2027-12-18,2026-09-18
2190.0,142,31,2027-12-18,2026-09-18
2200.0,224,2,2027-12-18,2026-09-18
2210.0,14,6,2027-12-18,2026-09-18
2220.0,132,7,2027-12-18,2026-09-18
2230.0,117,11,2027-12-18,2026-09-18
2240.0,22,1,2027-12-18,2026-09-18
2250.0,20,22,2027-12-18,2026-09-18
2260.0,45,0,2027-12-18,2026-09-18
2270.0,20,4,2027-12-18,2026-09-18
2280.0,19,0,2027-12-18,2026-09-18
2290.0,696,9,2027-12-18,2026-09-18
2300.0,100,9,2027-12-18,2026-09-18
2310.0,36,1,2027-12-18,2026-09-18
2320.0,112,7,2027-12-18,2026-09-18
2330.0,123,2,2027-12-18,2026-09-18
2340.0,125,6,2027-12-18,2026-09-18
2350.0,102,1,2027-12-18,2026-09-18
2360.0,302,7,2027-12-18,2026-09-18
2370.0,47,5,2027-12-18,2026-09-18
2380.0,92,3,2027-12-18,2026-09-18
2390.0,269,9,2027-12-18,2026-09-18
2400.0,273,26,2027-12-18,2026-09-18
2410.0,275,22,2027-12-18,2026-09-18
2420.0,226,19,2027-12-18,2026-09-18
2440.0,229,97,2027-12-18,2026-09-18
2460.0,305,31,2027-12-18,2026-09-18
2480.0,510,62,2027-12-18,2026-09-18
2500.0,1923,115,2027-12-18,2026-09-18
5.0,1429,896,2028-01-22,2026-09-18
10.0,154,23,2028-01-22,2026-09-18
15.0,2,26,2028-01-22,2026-09-18
20.0,10,30,2028-01-22,2026-09-18
25.0,0,50,2028-01-22,2026-09-18
30.0,0,61,2028-01-22,2026-09-18
35.0,56,605,2028-01-22,2026-09-18
40.0,91,288,2028-01-22,2026-09-18
45.0,22,476,2028-01-22,2026-09-18
50.0,4,957,2028-01-22,2026-09-18
55.0,4,78,2028-01-22,2026-09-18
60.0,26,801,2028-01-22,2026-09-18
65.0,1,47,2028-01-22,2026-09-18
70.0,164,269,2028-01-22,2026-09-18
75.0,16,278,2028-01-22,2026-09-18
80.0,31,130,2028-01-22,2026-09-18
85.0,14,65,2028-01-22,2026-09-18
90.0,22,258,2028-01-22,2026-09-18
95.0,26,256,2028-01-22,2026-09-18
100.0,121,2320,2028-01-22,2026-09-18
105.0,32,224,2028-01-22,2026-09-18
110.0,53,355,2028-01-22,2026-09-18
115.0,31,268,2028-01-22,2026-09-18
120.0,97,498,2028-01-22,2026-09-18
125.0,33,178,2028-01-22,2026-09-18
130.0,121,379,2028-01-22,2026-09-18
135.0,85,60,2028-01-22,2026-09-18
140.0,100,180,2028-01-22,2026-09-18
145.0,42,34,2028-01-22,2026-09-18
150.0,262,141,2028-01-22,2026-09-18
155.0,79,385,2028-01-22,2026-09-18
160.0,77,744,2028-01-22,2026-09-18
165.0,207,173,2028-01-22,2026-09-18
170.0,216,307,2028-01-22,2026-09-18
175.0,99,246,2028-01-22,2026-09-18
180.0,93,223,2028-01-22,2026-09-18
185.0,70,424,2028-01-22,2026-09-18
190.0,244,206,2028-01-22,2026-09-18
195.0,107,476,2028-01-22,2026-09-18
200.0,2371,3910,2028-01-22,2026-09-18
210.0,166,324,2028-01-22,2026-09-18
220.0,255,553,2028-01-22,2026-09-18
230.0,546,350,2028-01-22,2026-09-18
240.0,304,466,2028-01-22,2026-09-18
250.0,0,10,2028-01-22,2026-09-18
250.0,421,951,2028-01-22,2026-09-18
260.0,487,308,2028-01-22,2026-09-18
270.0,177,643,2028-01-22,2026-09-18
280.0,407,697,2028-01-22,2026-09-18
290.0,177,589,2028-01-22,2026-09-18
300.0,809,2086,2028-01-22,2026-09-18
310.0,340,406,2028-01-22,2026-09-18
320.0,206,1426,2028-01-22,2026-09-18
330.0,1422,1041,2028-01-22,2026-09-18
340.0,304,393,2028-01-22,2026-09-18
350.0,825,511,2028-01-22,2026-09-18
360.0,357,92,2028-01-22,2026-09-18
370.0,461,230,2028-01-22,2026-09-18
380.0,332,217,2028-01-22,2026-09-18
390.0,125,99,2028-01-22,2026-09-18
400.0,573,593,2028-01-22,2026-09-18
410.0,334,245,2028-01-22,2026-09-18
420.0,109,237,2028-01-22,2026-09-18
430.0,187,516,2028-01-22,2026-09-18
440.0,256,140,2028-01-22,2026-09-18
450.0,412,810,2028-01-22,2026-09-18
460.0,152,189,2028-01-22,2026-09-18
470.0,138,1133,2028-01-22,2026-09-18
480.0,198,779,2028-01-22,2026-09-18
490.0,344,252,2028-01-22,2026-09-18
500.0,1909,3003,2028-01-22,2026-09-18
510.0,193,77,2028-01-22,2026-09-18
520.0,486,674,2028-01-22,2026-09-18
530.0,82,100,2028-01-22,2026-09-18
540.0,609,175,2028-01-22,2026-09-18
550.0,469,594,2028-01-22,2026-09-18
560.0,351,471,2028-01-22,2026-09-18
570.0,174,146,2028-01-22,2026-09-18
580.0,76,313,2028-01-22,2026-09-18
590.0,140,147,2028-01-22,2026-09-18
600.0,1153,1743,2028-01-22,2026-09-18
610.0,207,104,2028-01-22,2026-09-18
620.0,204,162,2028-01-22,2026-09-18
630.0,65,214,2028-01-22,2026-09-18
640.0,158,319,2028-01-22,2026-09-18
650.0,381,249,2028-01-22,2026-09-18
660.0,92,150,2028-01-22,2026-09-18
670.0,305,315,2028-01-22,2026-09-18
680.0,373,263,2028-01-22,2026-09-18
690.0,390,126,2028-01-22,2026-09-18
700.0,1193,1224,2028-01-22,2026-09-18
710.0,198,181,2028-01-22,2026-09-18
720.0,975,147,2028-01-22,2026-09-18
730.0,642,353,2028-01-22,2026-09-18
740.0,210,287,2028-01-22,2026-09-18
750.0,598,1377,2028-01-22,2026-09-18
760.0,0,20,2028-01-22,2026-09-18
760.0,487,115,2028-01-22,2026-09-18
770.0,107,161,2028-01-22,2026-09-18
780.0,325,368,2028-01-22,2026-09-18
790.0,216,364,2028-01-22,2026-09-18
800.0,756,2291,2028-01-22,2026-09-18
810.0,630,48,2028-01-22,2026-09-18
820.0,791,239,2028-01-22,2026-09-18
830.0,246,112,2028-01-22,2026-09-18
840.0,169,482,2028-01-22,2026-09-18
850.0,503,879,2028-01-22,2026-09-18
860.0,166,95,2028-01-22,2026-09-18
870.0,304,130,2028-01-22,2026-09-18
880.0,435,207,2028-01-22,2026-09-18
890.0,586,333,2028-01-22,2026-09-18
900.0,3355,1498,2028-01-22,2026-09-18
910.0,2090,152,2028-01-22,2026-09-18
920.0,166,423,2028-01-22,2026-09-18
930.0,150,124,2028-01-22,2026-09-18
940.0,427,669,2028-01-22,2026-09-18
950.0,791,472,2028-01-22,2026-09-18
960.0,80,283,2028-01-22,2026-09-18
970.0,229,52,2028-01-22,2026-09-18
980.0,504,163,2028-01-22,2026-09-18
990.0,325,165,2028-01-22,2026-09-18
1000.0,1170,605,2028-01-22,2026-09-18
1010.0,237,189,2028-01-22,2026-09-18
1020.0,286,90,2028-01-22,2026-09-18
1030.0,265,69,2028-01-22,2026-09-18
1040.0,419,99,2028-01-22,2026-09-18
1050.0,384,305,2028-01-22,2026-09-18
1060.0,443,92,2028-01-22,2026-09-18
1070.0,101,50,2028-01-22,2026-09-18
1080.0,494,194,2028-01-22,2026-09-18
1090.0,367,183,2028-01-22,2026-09-18
1100.0,1926,1163,2028-01-22,2026-09-18
1110.0,212,31,2028-01-22,2026-09-18
1120.0,163,96,2028-01-22,2026-09-18
1130.0,101,70,2028-01-22,2026-09-18
1140.0,424,62,2028-01-22,2026-09-18
1150.0,148,90,2028-01-22,2026-09-18
1160.0,95,56,2028-01-22,2026-09-18
1170.0,297,42,2028-01-22,2026-09-18
1180.0,350,14,2028-01-22,2026-09-18
1190.0,114,17,2028-01-22,2026-09-18
1200.0,2013,1601,2028-01-22,2026-09-18
1210.0,488,101,2028-01-22,2026-09-18
1220.0,188,38,2028-01-22,2026-09-18
1230.0,239,48,2028-01-22,2026-09-18
1240.0,137,43,2028-01-22,2026-09-18
1250.0,359,886,2028-01-22,2026-09-18
1260.0,1201,134,2028-01-22,2026-09-18
1270.0,203,10,2028-01-22,2026-09-18
1280.0,3130,937,2028-01-22,2026-09-18
1290.0,387,95,2028-01-22,2026-09-18
1300.0,1006,362,2028-01-22,2026-09-18
1310.0,224,582,2028-01-22,2026-09-18
1320.0,638,36,2028-01-22,2026-09-18
1330.0,207,3,2028-01-22,2026-09-18
1340.0,451,7,2028-01-22,2026-09-18
1350.0,613,226,2028-01-22,2026-09-18
1360.0,397,13,2028-01-22,2026-09-18
1370.0,135,19,2028-01-22,2026-09-18
1380.0,170,19,2028-01-22,2026-09-18
1390.0,50,313,2028-01-22,2026-09-18
1400.0,1847,352,2028-01-22,2026-09-18
1410.0,82,5,2028-01-22,2026-09-18
1420.0,507,16,2028-01-22,2026-09-18
1430.0,108,12,2028-01-22,2026-09-18
1440.0,187,2,2028-01-22,2026-09-18
1450.0,285,13,2028-01-22,2026-09-18
1460.0,115,96,2028-01-22,2026-09-18
1470.0,66,26,2028-01-22,2026-09-18
1480.0,3321,950,2028-01-22,2026-09-18
1490.0,267,49,2028-01-22,2026-09-18
1500.0,1275,338,2028-01-22,2026-09-18
1510.0,667,17,2028-01-22,2026-09-18
1520.0,639,64,2028-01-22,2026-09-18
1530.0,310,8,2028-01-22,2026-09-18
1540.0,111,24,2028-01-22,2026-09-18
1550.0,513,16,2028-01-22,2026-09-18
1560.0,304,280,2028-01-22,2026-09-18
1570.0,561,8,2028-01-22,2026-09-18
1580.0,348,191,2028-01-22,2026-09-18
1590.0,281,90,2028-01-22,2026-09-18
1600.0,783,187,2028-01-22,2026-09-18
1610.0,550,2,2028-01-22,2026-09-18
1620.0,234,567,2028-01-22,2026-09-18
1630.0,1115,66,2028-01-22,2026-09-18
1640.0,45,2,2028-01-22,2026-09-18
1650.0,48,44,2028-01-22,2026-09-18
1660.0,74,10,2028-01-22,2026-09-18
1670.0,299,10,2028-01-22,2026-09-18
1680.0,835,4,2028-01-22,2026-09-18
1690.0,130,100,2028-01-22,2026-09-18
1700.0,496,51,2028-01-22,2026-09-18
1710.0,130,2,2028-01-22,2026-09-18
1720.0,380,2,2028-01-22,2026-09-18
1730.0,53,3,2028-01-22,2026-09-18
1740.0,0,0,2028-01-22,2026-09-18
1740.0,59,22,2028-01-22,2026-09-18
1750.0,139,77,2028-01-22,2026-09-18
1760.0,20,0,2028-01-22,2026-09-18
1760.0,224,23,2028-01-22,2026-09-18
1770.0,25,4,2028-01-22,2026-09-18
1780.0,50,265,2028-01-22,2026-09-18
1790.0,238,195,2028-01-22,2026-09-18
1800.0,720,36,2028-01-22,2026-09-18
1805.0,3,0,2028-01-22,2026-09-18
1810.0,231,267,2028-01-22,2026-09-18
1820.0,1640,40,2028-01-22,2026-09-18
1830.0,1751,65,2028-01-22,2026-09-18
1835.0,50,0,2028-01-22,2026-09-18
1840.0,82,0,2028-01-22,2026-09-18
1847.0,5,0,2028-01-22,2026-09-18
1850.0,423,1,2028-01-22,2026-09-18
1860.0,60,14,2028-01-22,2026-09-18
1870.0,136,0,2028-01-22,2026-09-18
1880.0,50,18,2028-01-22,2026-09-18
1890.0,124,23,2028-01-22,2026-09-18
1900.0,372,156,2028-01-22,2026-09-18
1910.0,570,2,2028-01-22,2026-09-18
1920.0,77,20,2028-01-22,2026-09-18
1930.0,208,3,2028-01-22,2026-09-18
1940.0,70,3,2028-01-22,2026-09-18
1950.0,373,7,2028-01-22,2026-09-18
1960.0,546,1,2028-01-22,2026-09-18
1970.0,379,21,2028-01-22,2026-09-18
1980.0,41,11,2028-01-22,2026-09-18
1990.0,548,13,2028-01-22,2026-09-18
2000.0,1907,28,2028-01-22,2026-09-18
2070.0,235,23,2028-01-22,2026-09-18
2080.0,286,24,2028-01-22,2026-09-18
2090.0,268,194,2028-01-22,2026-09-18
2100.0,287,155,2028-01-22,2026-09-18
2110.0,95,1,2028-01-22,2026-09-18
2120.0,173,1,2028-01-22,2026-09-18
2130.0,75,23,2028-01-22,2026-09-18
2140.0,154,23,2028-01-22,2026-09-18
2150.0,149,51,2028-01-22,2026-09-18
2160.0,66,18,2028-01-22,2026-09-18
2170.0,98,26,2028-01-22,2026-09-18
2180.0,19,0,2028-01-22,2026-09-18
2190.0,54,0,2028-01-22,2026-09-18
2200.0,334,1,2028-01-22,2026-09-18
2210.0,60,0,2028-01-22,2026-09-18
2220.0,98,16,2028-01-22,2026-09-18
2230.0,4,1,2028-01-22,2026-09-18
2240.0,21,14,2028-01-22,2026-09-18
2250.0,49,4,2028-01-22,2026-09-18
2260.0,11,5,2028-01-22,2026-09-18
2270.0,111,0,2028-01-22,2026-09-18
2280.0,12,5,2028-01-22,2026-09-18
2290.0,97,189,2028-01-22,2026-09-18
2300.0,192,11,2028-01-22,2026-09-18
2310.0,105,1,2028-01-22,2026-09-18
2320.0,14,0,2028-01-22,2026-09-18
2330.0,62,2,2028-01-22,2026-09-18
2340.0,50,0,2028-01-22,2026-09-18
2350.0,440,3,2028-01-22,2026-09-18
2360.0,75,0,2028-01-22,2026-09-18
2370.0,42,1,2028-01-22,2026-09-18
2380.0,600,16,2028-01-22,2026-09-18
2390.0,442,4,2028-01-22,2026-09-18
2400.0,814,16,2028-01-22,2026-09-18
2410.0,210,2,2028-01-22,2026-09-18
2420.0,553,76,2028-01-22,2026-09-18
2440.0,324,17,2028-01-22,2026-09-18
2460.0,661,16,2028-01-22,2026-09-18
2480.0,951,21,2028-01-22,2026-09-18
2500.0,3238,130,2028-01-22,2026-09-18
5.0,619,55,2028-06-17,2026-09-18
10.0,7,3,2028-06-17,2026-09-18
15.0,0,3,2028-06-17,2026-09-18
20.0,1,10,2028-06-17,2026-09-18
25.0,19,28,2028-06-17,2026-09-18
30.0,1,33,2028-06-17,2026-09-18
35.0,1,9,2028-06-17,2026-09-18
40.0,0,35,2028-06-17,2026-09-18
45.0,0,4,2028-06-17,2026-09-18
50.0,0,169,2028-06-17,2026-09-18
55.0,0,36,2028-06-17,2026-09-18
60.0,0,28,2028-06-17,2026-09-18
65.0,0,25,2028-06-17,2026-09-18
70.0,0,32,2028-06-17,2026-09-18
75.0,0,478,2028-06-17,2026-09-18
80.0,19,291,2028-06-17,2026-09-18
85.0,0,233,2028-06-17,2026-09-18
90.0,1,871,2028-06-17,2026-09-18
95.0,0,314,2028-06-17,2026-09-18
100.0,13,1412,2028-06-17,2026-09-18
105.0,8,833,2028-06-17,2026-09-18
110.0,1,1649,2028-06-17,2026-09-18
115.0,0,306,2028-06-17,2026-09-18
120.0,2,520,2028-06-17,2026-09-18
125.0,1,225,2028-06-17,2026-09-18
130.0,7,929,2028-06-17,2026-09-18
135.0,3,510,2028-06-17,2026-09-18
140.0,5,648,2028-06-17,2026-09-18
145.0,1,49,2028-06-17,2026-09-18
150.0,5,21,2028-06-17,2026-09-18
155.0,16,79,2028-06-17,2026-09-18
160.0,4,221,2028-06-17,2026-09-18
165.0,2,23,2028-06-17,2026-09-18
170.0,3,713,2028-06-17,2026-09-18
175.0,3,51,2028-06-17,2026-09-18
180.0,8,34,2028-06-17,2026-09-18
185.0,18,16,2028-06-17,2026-09-18
190.0,8,38,2028-06-17,2026-09-18
195.0,5,87,2028-06-17,2026-09-18
200.0,108,180,2028-06-17,2026-09-18
210.0,21,38,2028-06-17,2026-09-18
220.0,157,64,2028-06-17,2026-09-18
230.0,1,91,2028-06-17,2026-09-18
240.0,12,60,2028-06-17,2026-09-18
250.0,26,86,2028-06-17,2026-09-18
260.0,7,20,2028-06-17,2026-09-18
270.0,11,273,2028-06-17,2026-09-18
280.0,1,26,2028-06-17,2026-09-18
290.0,7,8,2028-06-17,2026-09-18
300.0,29,113,2028-06-17,2026-09-18
310.0,7,58,2028-06-17,2026-09-18
320.0,14,144,2028-06-17,2026-09-18
330.0,4,124,2028-06-17,2026-09-18
340.0,6,69,2028-06-17,2026-09-18
350.0,30,353,2028-06-17,2026-09-18
360.0,9,39,2028-06-17,2026-09-18
370.0,16,64,2028-06-17,2026-09-18
380.0,12,29,2028-06-17,2026-09-18
390.0,40,79,2028-06-17,2026-09-18
400.0,102,85,2028-06-17,2026-09-18
410.0,31,10,2028-06-17,2026-09-18
420.0,22,83,2028-06-17,2026-09-18
430.0,7,18,2028-06-17,2026-09-18
440.0,31,57,2028-06-17,2026-09-18
450.0,43,165,2028-06-17,2026-09-18
460.0,98,76,2028-06-17,2026-09-18
470.0,48,34,2028-06-17,2026-09-18
480.0,40,57,2028-06-17,2026-09-18
490.0,91,72,2028-06-17,2026-09-18
500.0,116,485,2028-06-17,2026-09-18
510.0,22,116,2028-06-17,2026-09-18
520.0,119,100,2028-06-17,2026-09-18
530.0,83,40,2028-06-17,2026-09-18
540.0,96,104,2028-06-17,2026-09-18
550.0,100,34,2028-06-17,2026-09-18
560.0,314,106,2028-06-17,2026-09-18
570.0,84,47,2028-06-17,2026-09-18
580.0,105,81,2028-06-17,2026-09-18
590.0,81,49,2028-06-17,2026-09-18
600.0,256,320,2028-06-17,2026-09-18
610.0,17,28,2028-06-17,2026-09-18
620.0,32,34,2028-06-17,2026-09-18
630.0,152,67,2028-06-17,2026-09-18
640.0,330,143,2028-06-17,2026-09-18
650.0,106,137,2028-06-17,2026-09-18
660.0,38,37,2028-06-17,2026-09-18
670.0,39,40,2028-06-17,2026-09-18
680.0,16,84,2028-06-17,2026-09-18
690.0,116,71,2028-06-17,2026-09-18
700.0,151,527,2028-06-17,2026-09-18
710.0,21,101,2028-06-17,2026-09-18
720.0,136,45,2028-06-17,2026-09-18
730.0,46,320,2028-06-17,2026-09-18
740.0,47,36,2028-06-17,2026-09-18
750.0,286,291,2028-06-17,2026-09-18
760.0,66,36,2028-06-17,2026-09-18
770.0,39,65,2028-06-17,2026-09-18
780.0,150,165,2028-06-17,2026-09-18
790.0,240,139,2028-06-17,2026-09-18
800.0,346,439,2028-06-17,2026-09-18
810.0,114,119,2028-06-17,2026-09-18
820.0,28,616,2028-06-17,2026-09-18
830.0,128,336,2028-06-17,2026-09-18
840.0,78,175,2028-06-17,2026-09-18
850.0,69,442,2028-06-17,2026-09-18
860.0,74,151,2028-06-17,2026-09-18
870.0,45,78,2028-06-17,2026-09-18
880.0,53,175,2028-06-17,2026-09-18
890.0,139,76,2028-06-17,2026-09-18
900.0,361,267,2028-06-17,2026-09-18
910.0,64,218,2028-06-17,2026-09-18
920.0,171,35,2028-06-17,2026-09-18
930.0,96,100,2028-06-17,2026-09-18
940.0,79,61,2028-06-17,2026-09-18
950.0,116,145,2028-06-17,2026-09-18
960.0,323,78,2028-06-17,2026-09-18
970.0,225,98,2028-06-17,2026-09-18
980.0,156,49,2028-06-17,2026-09-18
990.0,118,99,2028-06-17,2026-09-18
1000.0,660,242,2028-06-17,2026-09-18
1010.0,220,226,2028-06-17,2026-09-18
1020.0,94,245,2028-06-17,2026-09-18
1030.0,347,326,2028-06-17,2026-09-18
1040.0,89,513,2028-06-17,2026-09-18
1050.0,29,520,2028-06-17,2026-09-18
1060.0,110,385,2028-06-17,2026-09-18
1070.0,84,425,2028-06-17,2026-09-18
1080.0,161,116,2028-06-17,2026-09-18
1090.0,173,125,2028-06-17,2026-09-18
1100.0,84,202,2028-06-17,2026-09-18
1110.0,31,23,2028-06-17,2026-09-18
1120.0,150,35,2028-06-17,2026-09-18
1130.0,28,94,2028-06-17,2026-09-18
1140.0,44,26,2028-06-17,2026-09-18
1150.0,356,43,2028-06-17,2026-09-18
1160.0,12,14,2028-06-17,2026-09-18
1170.0,206,24,2028-06-17,2026-09-18
1180.0,344,125,2028-06-17,2026-09-18
1190.0,12,164,2028-06-17,2026-09-18
1200.0,524,304,2028-06-17,2026-09-18
1210.0,25,41,2028-06-17,2026-09-18
1220.0,454,23,2028-06-17,2026-09-18
1230.0,77,37,2028-06-17,2026-09-18
1240.0,103,35,2028-06-17,2026-09-18
1250.0,86,76,2028-06-17,2026-09-18
1260.0,203,153,2028-06-17,2026-09-18
1270.0,163,120,2028-06-17,2026-09-18
1280.0,361,412,2028-06-17,2026-09-18
1290.0,68,311,2028-06-17,2026-09-18
1300.0,571,120,2028-06-17,2026-09-18
1310.0,185,70,2028-06-17,2026-09-18
1320.0,261,114,2028-06-17,2026-09-18
1330.0,112,60,2028-06-17,2026-09-18
1340.0,255,34,2028-06-17,2026-09-18
1350.0,139,45,2028-06-17,2026-09-18
1360.0,221,22,2028-06-17,2026-09-18
1370.0,110,24,2028-06-17,2026-09-18
1380.0,22,214,2028-06-17,2026-09-18
1390.0,111,6,2028-06-17,2026-09-18
1400.0,619,104,2028-06-17,2026-09-18
1410.0,50,35,2028-06-17,2026-09-18
1420.0,209,24,2028-06-17,2026-09-18
1430.0,101,8,2028-06-17,2026-09-18
1440.0,137,27,2028-06-17,2026-09-18
1450.0,22,12,2028-06-17,2026-09-18
1460.0,181,29,2028-06-17,2026-09-18
1470.0,384,15,2028-06-17,2026-09-18
1480.0,262,97,2028-06-17,2026-09-18
1490.0,79,16,2028-06-17,2026-09-18
1500.0,715,76,2028-06-17,2026-09-18
1510.0,63,35,2028-06-17,2026-09-18
1520.0,230,8,2028-06-17,2026-09-18
1530.0,69,68,2028-06-17,2026-09-18
1540.0,28,36,2028-06-17,2026-09-18
1550.0,90,31,2028-06-17,2026-09-18
1560.0,57,18,2028-06-17,2026-09-18
1570.0,86,2,2028-06-17,2026-09-18
1580.0,12,29,2028-06-17,2026-09-18
1590.0,239,85,2028-06-17,2026-09-18
1600.0,165,165,2028-06-17,2026-09-18
1610.0,95,31,2028-06-17,2026-09-18
1620.0,172,87,2028-06-17,2026-09-18
1630.0,222,73,2028-06-17,2026-09-18
1640.0,54,2,2028-06-17,2026-09-18
1650.0,51,47,2028-06-17,2026-09-18
1660.0,35,1,2028-06-17,2026-09-18
1670.0,23,7,2028-06-17,2026-09-18
1680.0,96,15,2028-06-17,2026-09-18
1690.0,65,4,2028-06-17,2026-09-18
1700.0,508,85,2028-06-17,2026-09-18
1710.0,46,20,2028-06-17,2026-09-18
1720.0,38,16,2028-06-17,2026-09-18
1730.0,428,15,2028-06-17,2026-09-18
1740.0,278,9,2028-06-17,2026-09-18
1750.0,136,31,2028-06-17,2026-09-18
1760.0,146,6,2028-06-17,2026-09-18
1770.0,161,14,2028-06-17,2026-09-18
1780.0,174,4,2028-06-17,2026-09-18
1790.0,127,174,2028-06-17,2026-09-18
1800.0,208,116,2028-06-17,2026-09-18
1810.0,633,12,2028-06-17,2026-09-18
1820.0,152,35,2028-06-17,2026-09-18
1830.0,148,15,2028-06-17,2026-09-18
1840.0,143,143,2028-06-17,2026-09-18
1850.0,108,4,2028-06-17,2026-09-18
1860.0,204,2,2028-06-17,2026-09-18
1870.0,106,2,2028-06-17,2026-09-18
1880.0,70,2,2028-06-17,2026-09-18
1890.0,68,2,2028-06-17,2026-09-18
1900.0,124,9,2028-06-17,2026-09-18
1910.0,71,5,2028-06-17,2026-09-18
1920.0,167,1,2028-06-17,2026-09-18
1930.0,43,17,2028-06-17,2026-09-18
1940.0,71,12,2028-06-17,2026-09-18
1950.0,791,29,2028-06-17,2026-09-18
1960.0,85,4,2028-06-17,2026-09-18
1970.0,34,0,2028-06-17,2026-09-18
1980.0,100,6,2028-06-17,2026-09-18
1990.0,108,44,2028-06-17,2026-09-18
2000.0,163,61,2028-06-17,2026-09-18
2010.0,172,8,2028-06-17,2026-09-18
2020.0,94,6,2028-06-17,2026-09-18
2030.0,265,2,2028-06-17,2026-09-18
2040.0,55,4,2028-06-17,2026-09-18
2050.0,19,53,2028-06-17,2026-09-18
2060.0,109,2,2028-06-17,2026-09-18
2070.0,48,2,2028-06-17,2026-09-18
2080.0,163,14,2028-06-17,2026-09-18
2090.0,113,0,2028-06-17,2026-09-18
2100.0,287,26,2028-06-17,2026-09-18
2110.0,25,3,2028-06-17,2026-09-18
2120.0,127,6,2028-06-17,2026-09-18
2130.0,89,2,2028-06-17,2026-09-18
2140.0,122,3,2028-06-17,2026-09-18
2150.0,33,21,2028-06-17,2026-09-18
2160.0,72,7,2028-06-17,2026-09-18
2170.0,104,11,2028-06-17,2026-09-18
2180.0,13,2,2028-06-17,2026-09-18
2190.0,56,0,2028-06-17,2026-09-18
2200.0,337,7,2028-06-17,2026-09-18
2210.0,182,0,2028-06-17,2026-09-18
2220.0,102,13,2028-06-17,2026-09-18
2230.0,51,9,2028-06-17,2026-09-18
2240.0,90,142,2028-06-17,2026-09-18
2250.0,59,25,2028-06-17,2026-09-18
2260.0,42,1,2028-06-17,2026-09-18
2270.0,63,3,2028-06-17,2026-09-18
2280.0,18,1,2028-06-17,2026-09-18
2290.0,45,2,2028-06-17,2026-09-18
2300.0,161,7,2028-06-17,2026-09-18
2310.0,52,4,2028-06-17,2026-09-18
2320.0,110,21,2028-06-17,2026-09-18
2330.0,56,7,2028-06-17,2026-09-18
2340.0,17,2,2028-06-17,2026-09-18
2350.0,21,51,2028-06-17,2026-09-18
2360.0,46,12,2028-06-17,2026-09-18
2370.0,257,26,2028-06-17,2026-09-18
2380.0,81,133,2028-06-17,2026-09-18
2390.0,145,2,2028-06-17,2026-09-18
2400.0,264,27,2028-06-17,2026-09-18
2410.0,170,10,2028-06-17,2026-09-18
2420.0,198,18,2028-06-17,2026-09-18
2440.0,174,6,2028-06-17,2026-09-18
2460.0,488,45,2028-06-17,2026-09-18
2480.0,898,54,2028-06-17,2026-09-18
2500.0,2408,75,2028-06-17,2026-09-18
5.0,1605,960,2028-12-16,2026-09-18
10.0,106,76,2028-12-16,2026-09-18
15.0,7,124,2028-12-16,2026-09-18
20.0,3,57,2028-12-16,2026-09-18
25.0,43,2012,2028-12-16,2026-09-18
30.0,9,110,2028-12-16,2026-09-18
35.0,5,346,2028-12-16,2026-09-18
40.0,2,1111,2028-12-16,2026-09-18
45.0,2,1107,2028-12-16,2026-09-18
50.0,57,1815,2028-12-16,2026-09-18
55.0,24,114,2028-12-16,2026-09-18
60.0,17,217,2028-12-16,2026-09-18
65.0,1,135,2028-12-16,2026-09-18
70.0,126,43,2028-12-16,2026-09-18
75.0,23,121,2028-12-16,2026-09-18
80.0,50,143,2028-12-16,2026-09-18
85.0,38,911,2028-12-16,2026-09-18
90.0,29,223,2028-12-16,2026-09-18
95.0,48,163,2028-12-16,2026-09-18
100.0,250,1178,2028-12-16,2026-09-18
105.0,19,482,2028-12-16,2026-09-18
110.0,44,491,2028-12-16,2026-09-18
115.0,33,413,2028-12-16,2026-09-18
120.0,50,477,2028-12-16,2026-09-18
125.0,40,520,2028-12-16,2026-09-18
130.0,51,488,2028-12-16,2026-09-18
135.0,14,802,2028-12-16,2026-09-18
140.0,2760,216,2028-12-16,2026-09-18
145.0,68,28,2028-12-16,2026-09-18
150.0,195,519,2028-12-16,2026-09-18
160.0,49,1086,2028-12-16,2026-09-18
165.0,70,185,2028-12-16,2026-09-18
170.0,74,416,2028-12-16,2026-09-18
175.0,55,45,2028-12-16,2026-09-18
180.0,131,143,2028-12-16,2026-09-18
185.0,62,120,2028-12-16,2026-09-18
190.0,49,149,2028-12-16,2026-09-18
195.0,43,78,2028-12-16,2026-09-18
200.0,598,1036,2028-12-16,2026-09-18
210.0,83,127,2028-12-16,2026-09-18
220.0,65,222,2028-12-16,2026-09-18
230.0,112,540,2028-12-16,2026-09-18
240.0,233,180,2028-12-16,2026-09-18
250.0,453,382,2028-12-16,2026-09-18
260.0,86,435,2028-12-16,2026-09-18
270.0,51,242,2028-12-16,2026-09-18
280.0,66,553,2028-12-16,2026-09-18
290.0,95,268,2028-12-16,2026-09-18
300.0,371,1850,2028-12-16,2026-09-18
310.0,247,244,2028-12-16,2026-09-18
320.0,192,264,2028-12-16,2026-09-18
330.0,165,126,2028-12-16,2026-09-18
340.0,181,304,2028-12-16,2026-09-18
350.0,1723,311,2028-12-16,2026-09-18
360.0,574,334,2028-12-16,2026-09-18
370.0,228,330,2028-12-16,2026-09-18
380.0,353,548,2028-12-16,2026-09-18
390.0,264,254,2028-12-16,2026-09-18
400.0,1257,1674,2028-12-16,2026-09-18
410.0,131,212,2028-12-16,2026-09-18
420.0,306,405,2028-12-16,2026-09-18
430.0,181,191,2028-12-16,2026-09-18
440.0,161,317,2028-12-16,2026-09-18
450.0,428,499,2028-12-16,2026-09-18
460.0,171,196,2028-12-16,2026-09-18
470.0,116,108,2028-12-16,2026-09-18
480.0,156,479,2028-12-16,2026-09-18
490.0,362,203,2028-12-16,2026-09-18
500.0,842,1689,2028-12-16,2026-09-18
510.0,145,160,2028-12-16,2026-09-18
520.0,164,86,2028-12-16,2026-09-18
530.0,215,84,2028-12-16,2026-09-18
540.0,75,215,2028-12-16,2026-09-18
550.0,266,547,2028-12-16,2026-09-18
560.0,102,182,2028-12-16,2026-09-18
570.0,144,229,2028-12-16,2026-09-18
580.0,109,134,2028-12-16,2026-09-18
590.0,199,322,2028-12-16,2026-09-18
600.0,520,991,2028-12-16,2026-09-18
610.0,104,331,2028-12-16,2026-09-18
620.0,202,115,2028-12-16,2026-09-18
630.0,199,75,2028-12-16,2026-09-18
640.0,84,238,2028-12-16,2026-09-18
650.0,320,540,2028-12-16,2026-09-18
660.0,118,328,2028-12-16,2026-09-18
670.0,137,142,2028-12-16,2026-09-18
680.0,207,266,2028-12-16,2026-09-18
690.0,134,267,2028-12-16,2026-09-18
700.0,1719,1311,2028-12-16,2026-09-18
710.0,695,172,2028-12-16,2026-09-18
720.0,692,153,2028-12-16,2026-09-18
730.0,441,95,2028-12-16,2026-09-18
740.0,487,132,2028-12-16,2026-09-18
750.0,1835,406,2028-12-16,2026-09-18
760.0,951,506,2028-12-16,2026-09-18
780.0,193,353,2028-12-16,2026-09-18
790.0,313,104,2028-12-16,2026-09-18
800.0,937,689,2028-12-16,2026-09-18
810.0,444,96,2028-12-16,2026-09-18
820.0,234,126,2028-12-16,2026-09-18
830.0,127,129,2028-12-16,2026-09-18
840.0,405,106,2028-12-16,2026-09-18
850.0,1085,570,2028-12-16,2026-09-18
860.0,264,311,2028-12-16,2026-09-18
870.0,289,513,2028-12-16,2026-09-18
880.0,286,646,2028-12-16,2026-09-18
890.0,172,366,2028-12-16,2026-09-18
900.0,0,125,2028-12-16,2026-09-18
900.0,1572,1206,2028-12-16,2026-09-18
910.0,1747,232,2028-12-16,2026-09-18
920.0,308,190,2028-12-16,2026-09-18
930.0,380,316,2028-12-16,2026-09-18
940.0,175,150,2028-12-16,2026-09-18
950.0,663,486,2028-12-16,2026-09-18
960.0,254,221,2028-12-16,2026-09-18
970.0,232,207,2028-12-16,2026-09-18
980.0,229,140,2028-12-16,2026-09-18
990.0,269,412,2028-12-16,2026-09-18
1000.0,1538,707,2028-12-16,2026-09-18
1010.0,451,346,2028-12-16,2026-09-18
1020.0,302,285,2028-12-16,2026-09-18
1030.0,176,330,2028-12-16,2026-09-18
1040.0,217,171,2028-12-16,2026-09-18
1050.0,487,236,2028-12-16,2026-09-18
1060.0,637,401,2028-12-16,2026-09-18
1070.0,127,470,2028-12-16,2026-09-18
1080.0,360,1041,2028-12-16,2026-09-18
1090.0,237,262,2028-12-16,2026-09-18
1100.0,803,646,2028-12-16,2026-09-18
1110.0,241,261,2028-12-16,2026-09-18
1120.0,136,229,2028-12-16,2026-09-18
1130.0,42,142,2028-12-16,2026-09-18
1140.0,138,139,2028-12-16,2026-09-18
1150.0,389,414,2028-12-16,2026-09-18
1160.0,72,154,2028-12-16,2026-09-18
1170.0,171,149,2028-12-16,2026-09-18
1180.0,1903,171,2028-12-16,2026-09-18
1190.0,217,211,2028-12-16,2026-09-18
1200.0,1547,776,2028-12-16,2026-09-18
1210.0,140,129,2028-12-16,2026-09-18
1220.0,313,238,2028-12-16,2026-09-18
1230.0,162,94,2028-12-16,2026-09-18
1240.0,396,244,2028-12-16,2026-09-18
1250.0,594,85,2028-12-16,2026-09-18
1260.0,217,311,2028-12-16,2026-09-18
1270.0,225,271,2028-12-16,2026-09-18
1280.0,451,389,2028-12-16,2026-09-18
1290.0,139,107,2028-12-16,2026-09-18
1300.0,1030,362,2028-12-16,2026-09-18
1310.0,64,89,2028-12-16,2026-09-18
1320.0,96,200,2028-12-16,2026-09-18
1330.0,34,195,2028-12-16,2026-09-18
1340.0,98,149,2028-12-16,2026-09-18
1350.0,287,220,2028-12-16,2026-09-18
1360.0,79,79,2028-12-16,2026-09-18
1370.0,23,145,2028-12-16,2026-09-18
1380.0,342,196,2028-12-16,2026-09-18
1390.0,214,120,2028-12-16,2026-09-18
1400.0,2332,825,2028-12-16,2026-09-18
1410.0,137,191,2028-12-16,2026-09-18
1420.0,713,306,2028-12-16,2026-09-18
1430.0,61,102,2028-12-16,2026-09-18
1440.0,383,346,2028-12-16,2026-09-18
1450.0,265,187,2028-12-16,2026-09-18
1460.0,75,100,2028-12-16,2026-09-18
1470.0,174,151,2028-12-16,2026-09-18
1480.0,433,404,2028-12-16,2026-09-18
1490.0,70,243,2028-12-16,2026-09-18
1500.0,2473,522,2028-12-16,2026-09-18
1510.0,160,27,2028-12-16,2026-09-18
1520.0,77,130,2028-12-16,2026-09-18
1530.0,144,131,2028-12-16,2026-09-18
1540.0,314,185,2028-12-16,2026-09-18
1550.0,262,39,2028-12-16,2026-09-18
1560.0,164,85,2028-12-16,2026-09-18
1570.0,43,22,2028-12-16,2026-09-18
1580.0,63,120,2028-12-16,2026-09-18
1590.0,82,43,2028-12-16,2026-09-18
1600.0,506,739,2028-12-16,2026-09-18
1610.0,52,70,2028-12-16,2026-09-18
1620.0,535,300,2028-12-16,2026-09-18
1630.0,761,44,2028-12-16,2026-09-18
1640.0,21,10,2028-12-16,2026-09-18
1650.0,123,68,2028-12-16,2026-09-18
1660.0,80,18,2028-12-16,2026-09-18
1670.0,16,17,2028-12-16,2026-09-18
1680.0,282,129,2028-12-16,2026-09-18
1690.0,56,53,2028-12-16,2026-09-18
1700.0,1437,717,2028-12-16,2026-09-18
1710.0,82,215,2028-12-16,2026-09-18
1720.0,331,59,2028-12-16,2026-09-18
1730.0,43,110,2028-12-16,2026-09-18
1740.0,332,208,2028-12-16,2026-09-18
1750.0,189,243,2028-12-16,2026-09-18
1760.0,167,69,2028-12-16,2026-09-18
1770.0,112,29,2028-12-16,2026-09-18
1780.0,50,111,2028-12-16,2026-09-18
1790.0,61,113,2028-12-16,2026-09-18
1800.0,452,321,2028-12-16,2026-09-18
1810.0,126,234,2028-12-16,2026-09-18
1820.0,148,61,2028-12-16,2026-09-18
1830.0,121,67,2028-12-16,2026-09-18
1840.0,66,10,2028-12-16,2026-09-18
1850.0,75,50,2028-12-16,2026-09-18
1860.0,58,37,2028-12-16,2026-09-18
1870.0,28,17,2028-12-16,2026-09-18
1880.0,117,342,2028-12-16,2026-09-18
1890.0,117,245,2028-12-16,2026-09-18
1900.0,201,509,2028-12-16,2026-09-18
1910.0,76,24,2028-12-16,2026-09-18
1920.0,20,11,2028-12-16,2026-09-18
1930.0,85,26,2028-12-16,2026-09-18
1940.0,25,6,2028-12-16,2026-09-18
1950.0,180,10,2028-12-16,2026-09-18
1960.0,75,6,2028-12-16,2026-09-18
1970.0,392,24,2028-12-16,2026-09-18
1980.0,231,316,2028-12-16,2026-09-18
1990.0,62,216,2028-12-16,2026-09-18
2000.0,125,0,2028-12-16,2026-09-18
2000.0,743,262,2028-12-16,2026-09-18
2010.0,75,107,2028-12-16,2026-09-18
2020.0,62,2,2028-12-16,2026-09-18
2030.0,17,1,2028-12-16,2026-09-18
2040.0,421,48,2028-12-16,2026-09-18
2050.0,182,12,2028-12-16,2026-09-18
2060.0,21,35,2028-12-16,2026-09-18
2070.0,31,4,2028-12-16,2026-09-18
2080.0,29,108,2028-12-16,2026-09-18
2090.0,64,22,2028-12-16,2026-09-18
2100.0,150,137,2028-12-16,2026-09-18
2110.0,92,267,2028-12-16,2026-09-18
2120.0,45,12,2028-12-16,2026-09-18
2130.0,23,12,2028-12-16,2026-09-18
2140.0,115,21,2028-12-16,2026-09-18
2150.0,82,113,2028-12-16,2026-09-18
2160.0,87,127,2028-12-16,2026-09-18
2170.0,685,20,2028-12-16,2026-09-18
2180.0,132,27,2028-12-16,2026-09-18
2190.0,110,10,2028-12-16,2026-09-18
2200.0,542,237,2028-12-16,2026-09-18
2210.0,70,32,2028-12-16,2026-09-18
2220.0,309,29,2028-12-16,2026-09-18
2230.0,25,14,2028-12-16,2026-09-18
2240.0,139,78,2028-12-16,2026-09-18
2250.0,76,12,2028-12-16,2026-09-18
2260.0,164,55,2028-12-16,2026-09-18
2270.0,19,14,2028-12-16,2026-09-18
2280.0,25,4,2028-12-16,2026-09-18
2290.0,85,23,2028-12-16,2026-09-18
2300.0,176,36,2028-12-16,2026-09-18
2310.0,102,6,2028-12-16,2026-09-18
2320.0,38,10,2028-12-16,2026-09-18
2330.0,11,33,2028-12-16,2026-09-18
2340.0,25,53,2028-12-16,2026-09-18
2350.0,58,66,2028-12-16,2026-09-18
2360.0,76,19,2028-12-16,2026-09-18
2370.0,80,53,2028-12-16,2026-09-18
2380.0,54,318,2028-12-16,2026-09-18
2390.0,152,239,2028-12-16,2026-09-18
2400.0,421,132,2028-12-16,2026-09-18
2410.0,34,98,2028-12-16,2026-09-18
2420.0,465,18,2028-12-16,2026-09-18
2440.0,91,58,2028-12-16,2026-09-18
2460.0,114,63,2028-12-16,2026-09-18
2480.0,408,125,2028-12-16,2026-09-18
2500.0,3247,411,2028-12-16,2026-09-18
5.0,0,0,2029-01-20,2026-09-18
10.0,0,0,2029-01-20,2026-09-18
15.0,0,0,2029-01-20,2026-09-18
20.0,0,0,2029-01-20,2026-09-18
25.0,0,0,2029-01-20,2026-09-18
30.0,0,0,2029-01-20,2026-09-18
35.0,0,0,2029-01-20,2026-09-18
40.0,0,0,2029-01-20,2026-09-18
45.0,0,0,2029-01-20,2026-09-18
50.0,0,0,2029-01-20,2026-09-18
55.0,0,0,2029-01-20,2026-09-18
60.0,0,0,2029-01-20,2026-09-18
65.0,0,0,2029-01-20,2026-09-18
70.0,0,0,2029-01-20,2026-09-18
75.0,0,0,2029-01-20,2026-09-18
80.0,0,0,2029-01-20,2026-09-18
85.0,0,0,2029-01-20,2026-09-18
90.0,0,0,2029-01-20,2026-09-18
95.0,0,0,2029-01-20,2026-09-18
100.0,0,10,2029-01-20,2026-09-18
105.0,0,197,2029-01-20,2026-09-18
110.0,0,1,2029-01-20,2026-09-18
115.0,0,0,2029-01-20,2026-09-18
120.0,0,0,2029-01-20,2026-09-18
125.0,0,0,2029-01-20,2026-09-18
130.0,0,0,2029-01-20,2026-09-18
135.0,0,0,2029-01-20,2026-09-18
140.0,0,0,2029-01-20,2026-09-18
145.0,0,0,2029-01-20,2026-09-18
150.0,0,2,2029-01-20,2026-09-18
160.0,0,0,2029-01-20,2026-09-18
165.0,0,0,2029-01-20,2026-09-18
170.0,0,0,2029-01-20,2026-09-18
175.0,0,1,2029-01-20,2026-09-18
180.0,0,0,2029-01-20,2026-09-18
185.0,0,0,2029-01-20,2026-09-18
190.0,0,1,2029-01-20,2026-09-18
195.0,0,0,2029-01-20,2026-09-18
200.0,5,20,2029-01-20,2026-09-18
210.0,0,0,2029-01-20,2026-09-18
220.0,0,0,2029-01-20,2026-09-18
230.0,0,0,2029-01-20,2026-09-18
240.0,0,0,2029-01-20,2026-09-18
250.0,0,1,2029-01-20,2026-09-18
260.0,0,0,2029-01-20,2026-09-18
270.0,0,0,2029-01-20,2026-09-18
280.0,0,0,2029-01-20,2026-09-18
290.0,0,10,2029-01-20,2026-09-18
300.0,0,0,2029-01-20,2026-09-18
310.0,0,0,2029-01-20,2026-09-18
320.0,0,0,2029-01-20,2026-09-18
330.0,0,1,2029-01-20,2026-09-18
340.0,1,0,2029-01-20,2026-09-18
350.0,0,1,2029-01-20,2026-09-18
360.0,0,0,2029-01-20,2026-09-18
370.0,0,0,2029-01-20,2026-09-18
380.0,1,0,2029-01-20,2026-09-18
390.0,0,0,2029-01-20,2026-09-18
400.0,2,0,2029-01-20,2026-09-18
410.0,0,0,2029-01-20,2026-09-18
420.0,0,0,2029-01-20,2026-09-18
430.0,0,1,2029-01-20,2026-09-18
440.0,0,4,2029-01-20,2026-09-18
450.0,0,12,2029-01-20,2026-09-18
460.0,0,4,2029-01-20,2026-09-18
470.0,1,2,2029-01-20,2026-09-18
480.0,0,1,2029-01-20,2026-09-18
490.0,0,1,2029-01-20,2026-09-18
500.0,0,8,2029-01-20,2026-09-18
510.0,0,0,2029-01-20,2026-09-18
520.0,0,4,2029-01-20,2026-09-18
530.0,0,0,2029-01-20,2026-09-18
540.0,0,0,2029-01-20,2026-09-18
550.0,0,0,2029-01-20,2026-09-18
560.0,0,0,2029-01-20,2026-09-18
570.0,0,0,2029-01-20,2026-09-18
580.0,1,1,2029-01-20,2026-09-18
590.0,0,0,2029-01-20,2026-09-18
600.0,1,6,2029-01-20,2026-09-18
610.0,0,0,2029-01-20,2026-09-18
620.0,0,0,2029-01-20,2026-09-18
630.0,0,0,2029-01-20,2026-09-18
640.0,0,0,2029-01-20,2026-09-18
650.0,0,0,2029-01-20,2026-09-18
660.0,0,0,2029-01-20,2026-09-18
670.0,0,0,2029-01-20,2026-09-18
680.0,1,0,2029-01-20,2026-09-18
690.0,1,4,2029-01-20,2026-09-18
700.0,2,7,2029-01-20,2026-09-18
710.0,0,0,2029-01-20,2026-09-18
720.0,10,0,2029-01-20,2026-09-18
730.0,1,0,2029-01-20,2026-09-18
740.0,1,1,2029-01-20,2026-09-18
750.0,1,6,2029-01-20,2026-09-18
760.0,1,3,2029-01-20,2026-09-18
770.0,0,0,2029-01-20,2026-09-18
780.0,0,0,2029-01-20,2026-09-18
790.0,0,0,2029-01-20,2026-09-18
800.0,6,2,2029-01-20,2026-09-18
810.0,0,3,2029-01-20,2026-09-18
820.0,0,5,2029-01-20,2026-09-18
830.0,8,22,2029-01-20,2026-09-18
840.0,1,28,2029-01-20,2026-09-18
850.0,19,4,2029-01-20,2026-09-18
860.0,5,9,2029-01-20,2026-09-18
870.0,2,9,2029-01-20,2026-09-18
880.0,4,1,2029-01-20,2026-09-18
890.0,1,0,2029-01-20,2026-09-18
900.0,36,108,2029-01-20,2026-09-18
910.0,2,1,2029-01-20,2026-09-18
920.0,11,1,2029-01-20,2026-09-18
930.0,23,2,2029-01-20,2026-09-18
940.0,7,3,2029-01-20,2026-09-18
950.0,14,3,2029-01-20,2026-09-18
960.0,0,0,2029-01-20,2026-09-18
970.0,2,0,2029-01-20,2026-09-18
980.0,14,3,2029-01-20,2026-09-18
990.0,1,3,2029-01-20,2026-09-18
1000.0,27,8,2029-01-20,2026-09-18
1010.0,1,0,2029-01-20,2026-09-18
1020.0,2,0,2029-01-20,2026-09-18
1030.0,26,29,2029-01-20,2026-09-18
1040.0,0,5,2029-01-20,2026-09-18
1050.0,9,38,2029-01-20,2026-09-18
1060.0,0,1,2029-01-20,2026-09-18
1070.0,0,0,2029-01-20,2026-09-18
1080.0,1,1,2029-01-20,2026-09-18
1090.0,3,1,2029-01-20,2026-09-18
1100.0,32,67,2029-01-20,2026-09-18
1110.0,2,0,2029-01-20,2026-09-18
1120.0,0,0,2029-01-20,2026-09-18
1130.0,28,41,2029-01-20,2026-09-18
1140.0,0,0,2029-01-20,2026-09-18
1150.0,2,2,2029-01-20,2026-09-18
1160.0,2,0,2029-01-20,2026-09-18
1170.0,1,0,2029-01-20,2026-09-18
1180.0,0,1,2029-01-20,2026-09-18
1190.0,0,0,2029-01-20,2026-09-18
1200.0,12,2,2029-01-20,2026-09-18
1210.0,4,0,2029-01-20,2026-09-18
1220.0,5,0,2029-01-20,2026-09-18
1230.0,1,0,2029-01-20,2026-09-18
1240.0,0,0,2029-01-20,2026-09-18
1250.0,10,37,2029-01-20,2026-09-18
1260.0,0,0,2029-01-20,2026-09-18
1270.0,0,0,2029-01-20,2026-09-18
1280.0,0,0,2029-01-20,2026-09-18
1290.0,0,1,2029-01-20,2026-09-18
1300.0,8,47,2029-01-20,2026-09-18
1310.0,0,0,2029-01-20,2026-09-18
1320.0,0,0,2029-01-20,2026-09-18
1330.0,0,1,2029-01-20,2026-09-18
1340.0,0,0,2029-01-20,2026-09-18
1350.0,1,0,2029-01-20,2026-09-18
1360.0,0,0,2029-01-20,2026-09-18
1370.0,1,0,2029-01-20,2026-09-18
1380.0,0,0,2029-01-20,2026-09-18
1390.0,0,0,2029-01-20,2026-09-18
1400.0,33,1,2029-01-20,2026-09-18
1410.0,0,0,2029-01-20,2026-09-18
1420.0,0,0,2029-01-20,2026-09-18
1430.0,0,0,2029-01-20,2026-09-18
1440.0,3,1,2029-01-20,2026-09-18
1450.0,56,0,2029-01-20,2026-09-18
1460.0,1,0,2029-01-20,2026-09-18
1470.0,2,0,2029-01-20,2026-09-18
1480.0,0,0,2029-01-20,2026-09-18
1490.0,0,0,2029-01-20,2026-09-18
1500.0,1,46,2029-01-20,2026-09-18
1510.0,1,0,2029-01-20,2026-09-18
1520.0,0,0,2029-01-20,2026-09-18
1530.0,0,0,2029-01-20,2026-09-18
1540.0,2,47,2029-01-20,2026-09-18
1550.0,1,0,2029-01-20,2026-09-18
1560.0,0,0,2029-01-20,2026-09-18
1570.0,0,0,2029-01-20,2026-09-18
1580.0,0,0,2029-01-20,2026-09-18
1590.0,0,0,2029-01-20,2026-09-18
1600.0,17,0,2029-01-20,2026-09-18
1610.0,0,0,2029-01-20,2026-09-18
1620.0,11,0,2029-01-20,2026-09-18
1630.0,0,0,2029-01-20,2026-09-18
1640.0,12,0,2029-01-20,2026-09-18
1650.0,2,0,2029-01-20,2026-09-18
1660.0,31,0,2029-01-20,2026-09-18
1670.0,0,0,2029-01-20,2026-09-18
1680.0,0,0,2029-01-20,2026-09-18
1690.0,0,0,2029-01-20,2026-09-18
1700.0,0,0,2029-01-20,2026-09-18
1710.0,0,0,2029-01-20,2026-09-18
1720.0,1,0,2029-01-20,2026-09-18
1730.0,0,0,2029-01-20,2026-09-18
1740.0,1,47,2029-01-20,2026-09-18
1750.0,0,4,2029-01-20,2026-09-18
1760.0,0,4,2029-01-20,2026-09-18
1770.0,0,0,2029-01-20,2026-09-18
1780.0,1,0,2029-01-20,2026-09-18
1790.0,1,0,2029-01-20,2026-09-18
1800.0,2,0,2029-01-20,2026-09-18
1810.0,13,0,2029-01-20,2026-09-18
1820.0,8,0,2029-01-20,2026-09-18
1840.0,17,1,2029-01-20,2026-09-18
