Strike,Call,Put,Expiry,Date
750.0,0,730,2026-09-17,2026-09-17
755.0,0,32,2026-09-17,2026-09-17
760.0,0,18,2026-09-17,2026-09-17
765.0,0,15,2026-09-17,2026-09-17
770.0,0,21,2026-09-17,2026-09-17
775.0,0,10,2026-09-17,2026-09-17
780.0,0,365,2026-09-17,2026-09-17
785.0,0,352,2026-09-17,2026-09-17
790.0,0,144,2026-09-17,2026-09-17
795.0,0,41,2026-09-17,2026-09-17
800.0,0,194,2026-09-17,2026-09-17
805.0,0,47,2026-09-17,2026-09-17
810.0,0,73,2026-09-17,2026-09-17
815.0,0,52,2026-09-17,2026-09-17
820.0,0,53,2026-09-17,2026-09-17
825.0,0,45,2026-09-17,2026-09-17
830.0,0,158,2026-09-17,2026-09-17
835.0,0,110,2026-09-17,2026-09-17
840.0,0,218,2026-09-17,2026-09-17
845.0,0,1613,2026-09-17,2026-09-17
850.0,0,1822,2026-09-17,2026-09-17
855.0,0,196,2026-09-17,2026-09-17
860.0,0,1416,2026-09-17,2026-09-17
865.0,0,1219,2026-09-17,2026-09-17
870.0,0,1120,2026-09-17,2026-09-17
875.0,0,1021,2026-09-17,2026-09-17
880.0,0,1612,2026-09-17,2026-09-17
885.0,0,682,2026-09-17,2026-09-17
890.0,0,2585,2026-09-17,2026-09-17
895.0,0,783,2026-09-17,2026-09-17
900.0,0,5749,2026-09-17,2026-09-17
905.0,0,1722,2026-09-17,2026-09-17
910.0,0,2971,2026-09-17,2026-09-17
915.0,0,2144,2026-09-17,2026-09-17
920.0,0,1171,2026-09-17,2026-09-17
925.0,17,1524,2026-09-17,2026-09-17
930.0,2036,2,2026-09-17,2026-09-17
935.0,1455,0,2026-09-17,2026-09-17
940.0,2790,0,2026-09-17,2026-09-17
945.0,2375,0,2026-09-17,2026-09-17
950.0,8035,0,2026-09-17,2026-09-17
955.0,2222,0,2026-09-17,2026-09-17
960.0,3523,0,2026-09-17,2026-09-17
965.0,1918,0,2026-09-17,2026-09-17
970.0,2423,0,2026-09-17,2026-09-17
975.0,1225,0,2026-09-17,2026-09-17
980.0,2271,0,2026-09-17,2026-09-17
985.0,1116,0,2026-09-17,2026-09-17
990.0,1190,0,2026-09-17,2026-09-17
995.0,970,0,2026-09-17,2026-09-17
1000.0,3862,0,2026-09-17,2026-09-17
1005.0,3119,0,2026-09-17,2026-09-17
1010.0,577,0,2026-09-17,2026-09-17
1015.0,382,0,2026-09-17,2026-09-17
1020.0,507,0,2026-09-17,2026-09-17
1025.0,228,0,2026-09-17,2026-09-17
1030.0,1362,0,2026-09-17,2026-09-17
1035.0,153,0,2026-09-17,2026-09-17
1040.0,500,0,2026-09-17,2026-09-17
1045.0,127,0,2026-09-17,2026-09-17
1050.0,1108,0,2026-09-17,2026-09-17
1055.0,60,0,2026-09-17,2026-09-17
1060.0,404,0,2026-09-17,2026-09-17
1065.0,55,0,2026-09-17,2026-09-17
1070.0,497,0,2026-09-17,2026-09-17
1075.0,507,0,2026-09-17,2026-09-17
1080.0,236,0,2026-09-17,2026-09-17
1085.0,140,0,2026-09-17,2026-09-17
1090.0,195,0,2026-09-17,2026-09-17
1095.0,53,0,2026-09-17,2026-09-17
1100.0,851,0,2026-09-17,2026-09-17
1105.0,306,0,2026-09-17,2026-09-17
1110.0,499,0,2026-09-17,2026-09-17
1115.0,19,0,2026-09-17,2026-09-17
1120.0,227,0,2026-09-17,2026-09-17
1125.0,429,0,2026-09-17,2026-09-17
1130.0,159,0,2026-09-17,2026-09-17
1135.0,598,0,2026-09-17,2026-09-17
1140.0,93,0,2026-09-17,2026-09-17
1145.0,346,0,2026-09-17,2026-09-17
1150.0,346,0,2026-09-17,2026-09-17
1155.0,28,0,2026-09-17,2026-09-17
1160.0,65,0,2026-09-17,2026-09-17
1165.0,7,0,2026-09-17,2026-09-17
1170.0,58,0,2026-09-17,2026-09-17
1175.0,21,0,2026-09-17,2026-09-17
1180.0,27,0,2026-09-17,2026-09-17
1185.0,12,0,2026-09-17,2026-09-17
1190.0,29,0,2026-09-17,2026-09-17
1195.0,69,0,2026-09-17,2026-09-17
1200.0,650,0,2026-09-17,2026-09-17
1205.0,6,0,2026-09-17,2026-09-17
1210.0,21,0,2026-09-17,2026-09-17
1215.0,0,0,2026-09-17,2026-09-17
1220.0,17,0,2026-09-17,2026-09-17
1230.0,41,0,2026-09-17,2026-09-17
1240.0,8,0,2026-09-17,2026-09-17
1250.0,168,0,2026-09-17,2026-09-17
1260.0,15,0,2026-09-17,2026-09-17
1270.0,14,0,2026-09-17,2026-09-17
1280.0,13,0,2026-09-17,2026-09-17
1290.0,2,0,2026-09-17,2026-09-17
1300.0,17,0,2026-09-17,2026-09-17
1310.0,39,0,2026-09-17,2026-09-17
1320.0,60,0,2026-09-17,2026-09-17
1330.0,82,0,2026-09-17,2026-09-17
1340.0,29,0,2026-09-17,2026-09-17
1350.0,72,0,2026-09-17,2026-09-17
1360.0,17,0,2026-09-17,2026-09-17
1370.0,12,0,2026-09-17,2026-09-17
1380.0,3,0,2026-09-17,2026-09-17
1390.0,5,0,2026-09-17,2026-09-17
1400.0,13,0,2026-09-17,2026-09-17
1410.0,5,0,2026-09-17,2026-09-17
1420.0,2,0,2026-09-17,2026-09-17
1430.0,4,0,2026-09-17,2026-09-17
1440.0,1,0,2026-09-17,2026-09-17
1450.0,7,0,2026-09-17,2026-09-17
1460.0,5,0,2026-09-17,2026-09-17
1470.0,1,0,2026-09-17,2026-09-17
1480.0,2,0,2026-09-17,2026-09-17
1490.0,8,0,2026-09-17,2026-09-17
1500.0,316,0,2026-09-17,2026-09-17
5.0,184,427,2026-09-19,2026-09-17
10.0,95,3,2026-09-19,2026-09-17
15.0,87,162,2026-09-19,2026-09-17
20.0,27,35,2026-09-19,2026-09-17
25.0,22,19,2026-09-19,2026-09-17
30.0,3,622,2026-09-19,2026-09-17
35.0,1,1185,2026-09-19,2026-09-17
40.0,0,1526,2026-09-19,2026-09-17
45.0,7,10124,2026-09-19,2026-09-17
50.0,94,3636,2026-09-19,2026-09-17
55.0,75,308,2026-09-19,2026-09-17
60.0,14,1239,2026-09-19,2026-09-17
65.0,20,951,2026-09-19,2026-09-17
70.0,18,651,2026-09-19,2026-09-17
75.0,49,1700,2026-09-19,2026-09-17
80.0,380,603,2026-09-19,2026-09-17
85.0,421,2959,2026-09-19,2026-09-17
90.0,288,2237,2026-09-19,2026-09-17
95.0,191,673,2026-09-19,2026-09-17
100.0,99,2390,2026-09-19,2026-09-17
105.0,94,799,2026-09-19,2026-09-17
110.0,172,1244,2026-09-19,2026-09-17
115.0,244,683,2026-09-19,2026-09-17
120.0,540,816,2026-09-19,2026-09-17
125.0,196,593,2026-09-19,2026-09-17
130.0,1142,1704,2026-09-19,2026-09-17
135.0,179,1688,2026-09-19,2026-09-17
140.0,250,3712,2026-09-19,2026-09-17
145.0,126,910,2026-09-19,2026-09-17
150.0,442,3127,2026-09-19,2026-09-17
155.0,181,492,2026-09-19,2026-09-17
160.0,164,1387,2026-09-19,2026-09-17
165.0,189,907,2026-09-19,2026-09-17
170.0,196,868,2026-09-19,2026-09-17
175.0,136,537,2026-09-19,2026-09-17
180.0,343,3157,2026-09-19,2026-09-17
185.0,1122,1914,2026-09-19,2026-09-17
190.0,530,2621,2026-09-19,2026-09-17
195.0,996,1564,2026-09-19,2026-09-17
200.0,554,7695,2026-09-19,2026-09-17
210.0,133,1848,2026-09-19,2026-09-17
220.0,185,2723,2026-09-19,2026-09-17
230.0,308,4586,2026-09-19,2026-09-17
240.0,376,1488,2026-09-19,2026-09-17
250.0,599,5481,2026-09-19,2026-09-17
260.0,302,5651,2026-09-19,2026-09-17
270.0,203,2092,2026-09-19,2026-09-17
280.0,214,1652,2026-09-19,2026-09-17
290.0,150,3346,2026-09-19,2026-09-17
300.0,548,7059,2026-09-19,2026-09-17
310.0,253,1697,2026-09-19,2026-09-17
320.0,845,2128,2026-09-19,2026-09-17
330.0,338,3784,2026-09-19,2026-09-17
340.0,312,1783,2026-09-19,2026-09-17
350.0,606,4180,2026-09-19,2026-09-17
360.0,772,2046,2026-09-19,2026-09-17
370.0,718,2840,2026-09-19,2026-09-17
380.0,519,4807,2026-09-19,2026-09-17
390.0,357,2263,2026-09-19,2026-09-17
400.0,2123,16122,2026-09-19,2026-09-17
410.0,1327,2630,2026-09-19,2026-09-17
420.0,526,1975,2026-09-19,2026-09-17
430.0,584,1660,2026-09-19,2026-09-17
440.0,821,1691,2026-09-19,2026-09-17
450.0,1389,3966,2026-09-19,2026-09-17
460.0,415,5217,2026-09-19,2026-09-17
470.0,220,3853,2026-09-19,2026-09-17
480.0,670,981,2026-09-19,2026-09-17
490.0,460,622,2026-09-19,2026-09-17
500.0,3591,9619,2026-09-19,2026-09-17
510.0,296,393,2026-09-19,2026-09-17
520.0,865,1648,2026-09-19,2026-09-17
530.0,412,490,2026-09-19,2026-09-17
540.0,299,675,2026-09-19,2026-09-17
550.0,1840,2355,2026-09-19,2026-09-17
560.0,712,8684,2026-09-19,2026-09-17
570.0,768,1409,2026-09-19,2026-09-17
580.0,390,743,2026-09-19,2026-09-17
590.0,438,1627,2026-09-19,2026-09-17
600.0,2508,29287,2026-09-19,2026-09-17
610.0,271,1407,2026-09-19,2026-09-17
620.0,658,1124,2026-09-19,2026-09-17
630.0,200,3395,2026-09-19,2026-09-17
640.0,284,1678,2026-09-19,2026-09-17
650.0,835,4817,2026-09-19,2026-09-17
660.0,413,1613,2026-09-19,2026-09-17
670.0,715,922,2026-09-19,2026-09-17
680.0,727,4478,2026-09-19,2026-09-17
680.01,5000,0,2026-09-19,2026-09-17
690.0,380,1344,2026-09-19,2026-09-17
700.0,2905,8791,2026-09-19,2026-09-17
705.0,0,3,2026-09-19,2026-09-17
710.0,339,880,2026-09-19,2026-09-17
715.0,0,3,2026-09-19,2026-09-17
720.0,226,1180,2026-09-19,2026-09-17
725.0,0,103,2026-09-19,2026-09-17
730.0,337,1140,2026-09-19,2026-09-17
735.0,0,167,2026-09-19,2026-09-17
740.0,1427,1112,2026-09-19,2026-09-17
745.0,5,32,2026-09-19,2026-09-17
750.0,1425,6546,2026-09-19,2026-09-17
755.0,0,12,2026-09-19,2026-09-17
760.0,358,1998,2026-09-19,2026-09-17
765.0,0,145,2026-09-19,2026-09-17
770.0,340,1555,2026-09-19,2026-09-17
775.0,0,143,2026-09-19,2026-09-17
780.0,693,2568,2026-09-19,2026-09-17
785.0,1,4,2026-09-19,2026-09-17
790.0,407,1629,2026-09-19,2026-09-17
795.0,0,75,2026-09-19,2026-09-17
800.0,3296,11277,2026-09-19,2026-09-17
805.0,0,25,2026-09-19,2026-09-17
810.0,1240,1240,2026-09-19,2026-09-17
810.0,629,2249,2026-09-19,2026-09-17
815.0,4,334,2026-09-19,2026-09-17
820.0,692,2157,2026-09-19,2026-09-17
825.0,8,526,2026-09-19,2026-09-17
830.0,3540,3540,2026-09-19,2026-09-17
830.0,378,4879,2026-09-19,2026-09-17
835.0,6,295,2026-09-19,2026-09-17
840.0,377,2234,2026-09-19,2026-09-17
845.0,11,364,2026-09-19,2026-09-17
850.0,1574,7177,2026-09-19,2026-09-17
855.0,45,759,2026-09-19,2026-09-17
860.0,475,2632,2026-09-19,2026-09-17
865.0,35,667,2026-09-19,2026-09-17
870.0,675,2912,2026-09-19,2026-09-17
875.0,114,1106,2026-09-19,2026-09-17
880.0,1136,1136,2026-09-19,2026-09-17
880.0,1362,2429,2026-09-19,2026-09-17
885.0,49,585,2026-09-19,2026-09-17
890.0,950,2389,2026-09-19,2026-09-17
895.0,152,619,2026-09-19,2026-09-17
900.0,950,1000,2026-09-19,2026-09-17
900.0,4356,7462,2026-09-19,2026-09-17
905.0,362,1200,2026-09-19,2026-09-17
910.0,3873,2380,2026-09-19,2026-09-17
915.0,355,1338,2026-09-19,2026-09-17
920.0,600,600,2026-09-19,2026-09-17
920.0,2291,4529,2026-09-19,2026-09-17
925.0,992,1674,2026-09-19,2026-09-17
930.0,2233,2763,2026-09-19,2026-09-17
935.0,248,248,2026-09-19,2026-09-17
935.0,987,1484,2026-09-19,2026-09-17
940.0,1597,2648,2026-09-19,2026-09-17
942.5,365,353,2026-09-19,2026-09-17
945.0,756,523,2026-09-19,2026-09-17
950.0,4035,4035,2026-09-19,2026-09-17
950.0,5081,3494,2026-09-19,2026-09-17
952.5,248,303,2026-09-19,2026-09-17
955.0,912,340,2026-09-19,2026-09-17
957.5,300,55,2026-09-19,2026-09-17
960.0,999,999,2026-09-19,2026-09-17
960.0,3072,1296,2026-09-19,2026-09-17
965.0,916,570,2026-09-19,2026-09-17
970.0,150,150,2026-09-19,2026-09-17
970.0,1887,1048,2026-09-19,2026-09-17
975.0,4339,831,2026-09-19,2026-09-17
980.0,7800,7800,2026-09-19,2026-09-17
980.0,3073,1076,2026-09-19,2026-09-17
985.0,1214,351,2026-09-19,2026-09-17
990.0,3467,1090,2026-09-19,2026-09-17
995.0,1230,265,2026-09-19,2026-09-17
1000.0,2500,2500,2026-09-19,2026-09-17
1000.0,13350,2764,2026-09-19,2026-09-17
1005.0,3801,448,2026-09-19,2026-09-17
1010.0,894,894,2026-09-19,2026-09-17
1010.0,2142,571,2026-09-19,2026-09-17
1015.0,525,525,2026-09-19,2026-09-17
1015.0,932,221,2026-09-19,2026-09-17
1020.0,5093,527,2026-09-19,2026-09-17
1025.0,1091,57,2026-09-19,2026-09-17
1030.0,2104,635,2026-09-19,2026-09-17
1035.0,466,23,2026-09-19,2026-09-17
1040.0,3289,155,2026-09-19,2026-09-17
1045.0,659,16,2026-09-19,2026-09-17
1050.0,1250,1250,2026-09-19,2026-09-17
1050.0,6685,753,2026-09-19,2026-09-17
1055.0,181,31,2026-09-19,2026-09-17
1060.0,2013,254,2026-09-19,2026-09-17
1065.0,363,15,2026-09-19,2026-09-17
1070.0,1084,5,2026-09-19,2026-09-17
1075.0,918,2,2026-09-19,2026-09-17
1080.0,1652,29,2026-09-19,2026-09-17
1085.0,331,0,2026-09-19,2026-09-17
1090.0,2032,33,2026-09-19,2026-09-17
1095.0,391,0,2026-09-19,2026-09-17
1100.0,180,150,2026-09-19,2026-09-17
1100.0,11557,13,2026-09-19,2026-09-17
1105.0,153,0,2026-09-19,2026-09-17
1110.0,1294,13,2026-09-19,2026-09-17
1115.0,356,0,2026-09-19,2026-09-17
1120.0,1458,22,2026-09-19,2026-09-17
1125.0,495,0,2026-09-19,2026-09-17
1130.0,1143,14,2026-09-19,2026-09-17
1135.0,113,0,2026-09-19,2026-09-17
1140.0,634,17,2026-09-19,2026-09-17
1145.0,51,0,2026-09-19,2026-09-17
1150.0,6519,2,2026-09-19,2026-09-17
1155.0,82,0,2026-09-19,2026-09-17
1160.0,510,5,2026-09-19,2026-09-17
1165.0,45,0,2026-09-19,2026-09-17
1170.0,773,0,2026-09-19,2026-09-17
1175.0,64,0,2026-09-19,2026-09-17
1180.0,1290,2,2026-09-19,2026-09-17
1185.0,69,0,2026-09-19,2026-09-17
1190.0,369,3,2026-09-19,2026-09-17
1195.0,51,0,2026-09-19,2026-09-17
1200.0,10,0,2026-09-19,2026-09-17
1200.0,7675,10,2026-09-19,2026-09-17
1205.0,26,0,2026-09-19,2026-09-17
1210.0,640,5,2026-09-19,2026-09-17
1215.0,34,0,2026-09-19,2026-09-17
1220.0,1201,3,2026-09-19,2026-09-17
1225.0,66,0,2026-09-19,2026-09-17
1230.0,1090,0,2026-09-19,2026-09-17
1235.0,68,0,2026-09-19,2026-09-17
1240.0,935,1,2026-09-19,2026-09-17
1245.0,12,0,2026-09-19,2026-09-17
1250.0,2985,4,2026-09-19,2026-09-17
1255.0,11,0,2026-09-19,2026-09-17
1260.0,683,0,2026-09-19,2026-09-17
1270.0,1808,0,2026-09-19,2026-09-17
1280.0,645,0,2026-09-19,2026-09-17
1290.0,458,1,2026-09-19,2026-09-17
1300.0,7625,0,2026-09-19,2026-09-17
1310.0,260,0,2026-09-19,2026-09-17
1320.0,20,0,2026-09-19,2026-09-17
1320.0,429,0,2026-09-19,2026-09-17
1330.0,10,0,2026-09-19,2026-09-17
1330.0,466,0,2026-09-19,2026-09-17
1340.0,234,0,2026-09-19,2026-09-17
1350.0,1429,0,2026-09-19,2026-09-17
1360.0,347,0,2026-09-19,2026-09-17
1370.0,255,0,2026-09-19,2026-09-17
1380.0,505,0,2026-09-19,2026-09-17
1390.0,401,0,2026-09-19,2026-09-17
1400.0,2549,0,2026-09-19,2026-09-17
1410.0,343,0,2026-09-19,2026-09-17
1420.0,504,0,2026-09-19,2026-09-17
1430.0,590,0,2026-09-19,2026-09-17
1440.0,768,0,2026-09-19,2026-09-17
1450.0,1745,0,2026-09-19,2026-09-17
1460.0,20,0,2026-09-19,2026-09-17
1460.0,575,0,2026-09-19,2026-09-17
1470.0,435,0,2026-09-19,2026-09-17
1480.0,437,0,2026-09-19,2026-09-17
1490.0,322,0,2026-09-19,2026-09-17
1500.0,9123,0,2026-09-19,2026-09-17
1510.0,326,0,2026-09-19,2026-09-17
1520.0,634,0,2026-09-19,2026-09-17
1530.0,217,0,2026-09-19,2026-09-17
1540.0,467,0,2026-09-19,2026-09-17
1550.0,707,0,2026-09-19,2026-09-17
1560.0,205,0,2026-09-19,2026-09-17
1570.0,197,0,2026-09-19,2026-09-17
1580.0,760,0,2026-09-19,2026-09-17
1590.0,198,0,2026-09-19,2026-09-17
1600.0,2371,0,2026-09-19,2026-09-17
1610.0,233,0,2026-09-19,2026-09-17
1620.0,309,0,2026-09-19,2026-09-17
1630.0,659,0,2026-09-19,2026-09-17
1640.0,346,0,2026-09-19,2026-09-17
1650.0,495,0,2026-09-19,2026-09-17
1660.0,319,0,2026-09-19,2026-09-17
1670.0,117,0,2026-09-19,2026-09-17
1680.0,115,0,2026-09-19,2026-09-17
1690.0,130,0,2026-09-19,2026-09-17
1700.0,898,0,2026-09-19,2026-09-17
1710.0,232,0,2026-09-19,2026-09-17
1720.0,198,0,2026-09-19,2026-09-17
1730.0,168,0,2026-09-19,2026-09-17
1740.0,73,0,2026-09-19,2026-09-17
1750.0,304,0,2026-09-19,2026-09-17
1760.0,270,0,2026-09-19,2026-09-17
1770.0,274,0,2026-09-19,2026-09-17
1780.0,166,0,2026-09-19,2026-09-17
1790.0,216,1,2026-09-19,2026-09-17
1800.0,1195,0,2026-09-19,2026-09-17
1810.0,175,0,2026-09-19,2026-09-17
1820.0,390,0,2026-09-19,2026-09-17
1830.0,396,0,2026-09-19,2026-09-17
1840.0,118,0,2026-09-19,2026-09-17
1850.0,222,0,2026-09-19,2026-09-17
1860.0,292,0,2026-09-19,2026-09-17
1870.0,447,0,2026-09-19,2026-09-17
1880.0,67,0,2026-09-19,2026-09-17
1890.0,120,0,2026-09-19,2026-09-17
1900.0,594,0,2026-09-19,2026-09-17
1910.0,546,0,2026-09-19,2026-09-17
1920.0,321,0,2026-09-19,2026-09-17
1930.0,267,0,2026-09-19,2026-09-17
1940.0,116,0,2026-09-19,2026-09-17
1950.0,336,0,2026-09-19,2026-09-17
1960.0,192,0,2026-09-19,2026-09-17
1970.0,251,0,2026-09-19,2026-09-17
1980.0,310,0,2026-09-19,2026-09-17
1990.0,836,0,2026-09-19,2026-09-17
2000.0,2784,12,2026-09-19,2026-09-17
2010.0,175,0,2026-09-19,2026-09-17
2020.0,206,0,2026-09-19,2026-09-17
2030.0,584,0,2026-09-19,2026-09-17
2040.0,191,1,2026-09-19,2026-09-17
2050.0,356,0,2026-09-19,2026-09-17
2060.0,506,0,2026-09-19,2026-09-17
2070.0,410,0,2026-09-19,2026-09-17
2080.0,138,0,2026-09-19,2026-09-17
2090.0,167,0,2026-09-19,2026-09-17
2100.0,341,0,2026-09-19,2026-09-17
2110.0,124,0,2026-09-19,2026-09-17
2120.0,77,0,2026-09-19,2026-09-17
2130.0,126,0,2026-09-19,2026-09-17
2140.0,194,0,2026-09-19,2026-09-17
2150.0,150,0,2026-09-19,2026-09-17
2160.0,137,0,2026-09-19,2026-09-17
2170.0,1156,0,2026-09-19,2026-09-17
2180.0,245,0,2026-09-19,2026-09-17
2190.0,318,0,2026-09-19,2026-09-17
2200.0,751,0,2026-09-19,2026-09-17
2210.0,227,0,2026-09-19,2026-09-17
2220.0,397,0,2026-09-19,2026-09-17
2230.0,200,0,2026-09-19,2026-09-17
2240.0,63,0,2026-09-19,2026-09-17
2250.0,174,0,2026-09-19,2026-09-17
2260.0,191,0,2026-09-19,2026-09-17
2270.0,161,0,2026-09-19,2026-09-17
2280.0,135,0,2026-09-19,2026-09-17
2290.0,482,0,2026-09-19,2026-09-17
2300.0,180,0,2026-09-19,2026-09-17
2310.0,175,0,2026-09-19,2026-09-17
2320.0,136,0,2026-09-19,2026-09-17
2330.0,232,0,2026-09-19,2026-09-17
2340.0,180,0,2026-09-19,2026-09-17
2350.0,192,0,2026-09-19,2026-09-17
2360.0,243,0,2026-09-19,2026-09-17
2370.0,214,0,2026-09-19,2026-09-17
2380.0,182,0,2026-09-19,2026-09-17
2390.0,238,0,2026-09-19,2026-09-17
2400.0,566,0,2026-09-19,2026-09-17
2410.0,246,0,2026-09-19,2026-09-17
2420.0,347,0,2026-09-19,2026-09-17
2440.0,307,0,2026-09-19,2026-09-17
2460.0,261,0,2026-09-19,2026-09-17
2480.0,1169,0,2026-09-19,2026-09-17
2500.0,8465,0,2026-09-19,2026-09-17
700.0,1,3,2026-09-22,2026-09-17
705.0,0,1,2026-09-22,2026-09-17
710.0,0,1,2026-09-22,2026-09-17
715.0,0,2,2026-09-22,2026-09-17
720.0,0,4,2026-09-22,2026-09-17
725.0,0,3,2026-09-22,2026-09-17
730.0,0,7,2026-09-22,2026-09-17
735.0,0,1,2026-09-22,2026-09-17
740.0,0,0,2026-09-22,2026-09-17
745.0,0,0,2026-09-22,2026-09-17
750.0,0,1,2026-09-22,2026-09-17
755.0,0,13,2026-09-22,2026-09-17
760.0,0,37,2026-09-22,2026-09-17
765.0,0,0,2026-09-22,2026-09-17
770.0,0,3,2026-09-22,2026-09-17
775.0,0,6,2026-09-22,2026-09-17
780.0,0,3,2026-09-22,2026-09-17
785.0,0,9,2026-09-22,2026-09-17
790.0,0,3,2026-09-22,2026-09-17
795.0,0,21,2026-09-22,2026-09-17
800.0,0,65,2026-09-22,2026-09-17
805.0,0,128,2026-09-22,2026-09-17
810.0,0,420,2026-09-22,2026-09-17
815.0,0,240,2026-09-22,2026-09-17
820.0,3,148,2026-09-22,2026-09-17
825.0,10,197,2026-09-22,2026-09-17
830.0,0,128,2026-09-22,2026-09-17
835.0,0,418,2026-09-22,2026-09-17
840.0,0,251,2026-09-22,2026-09-17
845.0,0,359,2026-09-22,2026-09-17
850.0,7,1050,2026-09-22,2026-09-17
855.0,1,70,2026-09-22,2026-09-17
860.0,1,125,2026-09-22,2026-09-17
865.0,7,98,2026-09-22,2026-09-17
870.0,14,138,2026-09-22,2026-09-17
875.0,18,129,2026-09-22,2026-09-17
880.0,25,335,2026-09-22,2026-09-17
885.0,13,109,2026-09-22,2026-09-17
890.0,22,114,2026-09-22,2026-09-17
895.0,25,1435,2026-09-22,2026-09-17
900.0,82,662,2026-09-22,2026-09-17
905.0,109,500,2026-09-22,2026-09-17
910.0,122,145,2026-09-22,2026-09-17
915.0,164,221,2026-09-22,2026-09-17
920.0,304,476,2026-09-22,2026-09-17
925.0,183,409,2026-09-22,2026-09-17
930.0,882,668,2026-09-22,2026-09-17
935.0,272,128,2026-09-22,2026-09-17
940.0,187,167,2026-09-22,2026-09-17
945.0,152,72,2026-09-22,2026-09-17
950.0,1925,85,2026-09-22,2026-09-17
955.0,70,53,2026-09-22,2026-09-17
960.0,508,139,2026-09-22,2026-09-17
965.0,223,91,2026-09-22,2026-09-17
970.0,222,55,2026-09-22,2026-09-17
975.0,960,51,2026-09-22,2026-09-17
980.0,281,135,2026-09-22,2026-09-17
985.0,225,29,2026-09-22,2026-09-17
990.0,166,39,2026-09-22,2026-09-17
995.0,131,30,2026-09-22,2026-09-17
1000.0,708,68,2026-09-22,2026-09-17
1005.0,109,42,2026-09-22,2026-09-17
1010.0,95,20,2026-09-22,2026-09-17
1015.0,169,24,2026-09-22,2026-09-17
1020.0,122,26,2026-09-22,2026-09-17
1025.0,107,28,2026-09-22,2026-09-17
1030.0,181,44,2026-09-22,2026-09-17
1035.0,167,20,2026-09-22,2026-09-17
1040.0,77,35,2026-09-22,2026-09-17
1045.0,117,14,2026-09-22,2026-09-17
1050.0,212,0,2026-09-22,2026-09-17
1055.0,100,0,2026-09-22,2026-09-17
1060.0,45,0,2026-09-22,2026-09-17
1065.0,45,0,2026-09-22,2026-09-17
1070.0,121,0,2026-09-22,2026-09-17
1075.0,68,4,2026-09-22,2026-09-17
1080.0,26,0,2026-09-22,2026-09-17
1085.0,23,0,2026-09-22,2026-09-17
1090.0,9,0,2026-09-22,2026-09-17
1095.0,25,0,2026-09-22,2026-09-17
1100.0,262,0,2026-09-22,2026-09-17
1105.0,30,0,2026-09-22,2026-09-17
1110.0,117,0,2026-09-22,2026-09-17
1115.0,6,0,2026-09-22,2026-09-17
1120.0,44,0,2026-09-22,2026-09-17
1125.0,51,0,2026-09-22,2026-09-17
1130.0,61,0,2026-09-22,2026-09-17
1135.0,34,0,2026-09-22,2026-09-17
1140.0,31,0,2026-09-22,2026-09-17
1145.0,9,0,2026-09-22,2026-09-17
1150.0,85,0,2026-09-22,2026-09-17
1155.0,76,0,2026-09-22,2026-09-17
1160.0,32,0,2026-09-22,2026-09-17
1165.0,72,0,2026-09-22,2026-09-17
1170.0,3,0,2026-09-22,2026-09-17
1175.0,10,0,2026-09-22,2026-09-17
1180.0,51,0,2026-09-22,2026-09-17
1185.0,90,0,2026-09-22,2026-09-17
1190.0,7,0,2026-09-22,2026-09-17
1195.0,3,0,2026-09-22,2026-09-17
1200.0,83,0,2026-09-22,2026-09-17
1205.0,4,0,2026-09-22,2026-09-17
1210.0,12,0,2026-09-22,2026-09-17
1215.0,6,0,2026-09-22,2026-09-17
1220.0,8,0,2026-09-22,2026-09-17
1225.0,15,0,2026-09-22,2026-09-17
1230.0,27,0,2026-09-22,2026-09-17
1235.0,28,0,2026-09-22,2026-09-17
1240.0,518,0,2026-09-22,2026-09-17
1245.0,10,0,2026-09-22,2026-09-17
1250.0,36,0,2026-09-22,2026-09-17
1255.0,7,0,2026-09-22,2026-09-17
1260.0,30,0,2026-09-22,2026-09-17
1270.0,9,0,2026-09-22,2026-09-17
1280.0,9,0,2026-09-22,2026-09-17
1290.0,13,0,2026-09-22,2026-09-17
1300.0,49,0,2026-09-22,2026-09-17
1310.0,32,0,2026-09-22,2026-09-17
1320.0,2,0,2026-09-22,2026-09-17
1330.0,0,0,2026-09-22,2026-09-17
1340.0,0,0,2026-09-22,2026-09-17
1350.0,0,0,2026-09-22,2026-09-17
1360.0,0,0,2026-09-22,2026-09-17
1370.0,0,0,2026-09-22,2026-09-17
1380.0,0,0,2026-09-22,2026-09-17
1390.0,0,0,2026-09-22,2026-09-17
1400.0,1,0,2026-09-22,2026-09-17
865.0,1,125,2026-09-24,2026-09-17
870.0,1,27,2026-09-24,2026-09-17
875.0,3,23,2026-09-24,2026-09-17
880.0,11,61,2026-09-24,2026-09-17
885.0,6,27,2026-09-24,2026-09-17
890.0,1,52,2026-09-24,2026-09-17
895.0,7,23,2026-09-24,2026-09-17
900.0,15,55,2026-09-24,2026-09-17
905.0,8,24,2026-09-24,2026-09-17
910.0,7,24,2026-09-24,2026-09-17
915.0,14,29,2026-09-24,2026-09-17
920.0,31,41,2026-09-24,2026-09-17
925.0,63,76,2026-09-24,2026-09-17
930.0,168,96,2026-09-24,2026-09-17
935.0,63,87,2026-09-24,2026-09-17
940.0,69,10,2026-09-24,2026-09-17
945.0,27,69,2026-09-24,2026-09-17
950.0,89,32,2026-09-24,2026-09-17
955.0,16,21,2026-09-24,2026-09-17
960.0,173,11,2026-09-24,2026-09-17
965.0,39,24,2026-09-24,2026-09-17
970.0,108,10,2026-09-24,2026-09-17
975.0,108,4,2026-09-24,2026-09-17
980.0,37,2,2026-09-24,2026-09-17
985.0,17,2,2026-09-24,2026-09-17
990.0,62,3,2026-09-24,2026-09-17
995.0,38,1,2026-09-24,2026-09-17
1000.0,338,5,2026-09-24,2026-09-17
1005.0,29,3,2026-09-24,2026-09-17
1010.0,44,0,2026-09-24,2026-09-17
1015.0,453,0,2026-09-24,2026-09-17
1020.0,150,0,2026-09-24,2026-09-17
1025.0,51,0,2026-09-24,2026-09-17
1030.0,19,0,2026-09-24,2026-09-17
1035.0,5,0,2026-09-24,2026-09-17
1040.0,7,0,2026-09-24,2026-09-17
1045.0,3,0,2026-09-24,2026-09-17
1050.0,42,3,2026-09-24,2026-09-17
1055.0,8,0,2026-09-24,2026-09-17
1060.0,2,0,2026-09-24,2026-09-17
1065.0,2,0,2026-09-24,2026-09-17
1070.0,42,0,2026-09-24,2026-09-17
1075.0,2,0,2026-09-24,2026-09-17
1080.0,139,0,2026-09-24,2026-09-17
1085.0,6,0,2026-09-24,2026-09-17
1090.0,2,0,2026-09-24,2026-09-17
1095.0,129,0,2026-09-24,2026-09-17
1100.0,8,4,2026-09-24,2026-09-17
1105.0,1,0,2026-09-24,2026-09-17
1110.0,1,0,2026-09-24,2026-09-17
1115.0,0,0,2026-09-24,2026-09-17
1120.0,6,0,2026-09-24,2026-09-17
1125.0,2,0,2026-09-24,2026-09-17
1130.0,1,0,2026-09-24,2026-09-17
1135.0,0,0,2026-09-24,2026-09-17
1140.0,1,0,2026-09-24,2026-09-17
1145.0,0,0,2026-09-24,2026-09-17
1150.0,1,0,2026-09-24,2026-09-17
1155.0,1,0,2026-09-24,2026-09-17
1160.0,0,0,2026-09-24,2026-09-17
1165.0,1,0,2026-09-24,2026-09-17
1170.0,0,0,2026-09-24,2026-09-17
1180.0,0,0,2026-09-24,2026-09-17
1190.0,0,0,2026-09-24,2026-09-17
1200.0,0,0,2026-09-24,2026-09-17
1210.0,0,0,2026-09-24,2026-09-17
1220.0,0,0,2026-09-24,2026-09-17
1230.0,0,0,2026-09-24,2026-09-17
1240.0,0,0,2026-09-24,2026-09-17
1250.0,1,0,2026-09-24,2026-09-17
1260.0,0,0,2026-09-24,2026-09-17
1270.0,0,0,2026-09-24,2026-09-17
1280.0,0,0,2026-09-24,2026-09-17
1290.0,0,0,2026-09-24,2026-09-17
1300.0,0,0,2026-09-24,2026-09-17
1310.0,0,0,2026-09-24,2026-09-17
1320.0,0,0,2026-09-24,2026-09-17
1330.0,0,0,2026-09-24,2026-09-17
1340.0,1,0,2026-09-24,2026-09-17
1350.0,4,0,2026-09-24,2026-09-17
1360.0,3,0,2026-09-24,2026-09-17
1370.0,1,0,2026-09-24,2026-09-17
1380.0,3,0,2026-09-24,2026-09-17
1390.0,7,0,2026-09-24,2026-09-17
1400.0,7,0,2026-09-24,2026-09-17
394.6,0,0,2026-09-25,2026-09-17
1180.03,365,365,2026-09-25,2026-09-17
100.0,0,6,2026-09-26,2026-09-17
105.0,0,0,2026-09-26,2026-09-17
110.0,0,0,2026-09-26,2026-09-17
115.0,0,1,2026-09-26,2026-09-17
120.0,0,0,2026-09-26,2026-09-17
125.0,0,0,2026-09-26,2026-09-17
130.0,0,1,2026-09-26,2026-09-17
135.0,0,0,2026-09-26,2026-09-17
140.0,1,0,2026-09-26,2026-09-17
145.0,0,2,2026-09-26,2026-09-17
150.0,0,0,2026-09-26,2026-09-17
155.0,1,1,2026-09-26,2026-09-17
160.0,0,1,2026-09-26,2026-09-17
165.0,0,1,2026-09-26,2026-09-17
170.0,0,2,2026-09-26,2026-09-17
175.0,0,0,2026-09-26,2026-09-17
180.0,0,0,2026-09-26,2026-09-17
185.0,1,0,2026-09-26,2026-09-17
190.0,0,1,2026-09-26,2026-09-17
195.0,0,0,2026-09-26,2026-09-17
200.0,0,1,2026-09-26,2026-09-17
205.0,0,0,2026-09-26,2026-09-17
210.0,0,0,2026-09-26,2026-09-17
215.0,0,0,2026-09-26,2026-09-17
220.0,6,1,2026-09-26,2026-09-17
225.0,0,74,2026-09-26,2026-09-17
230.0,0,1692,2026-09-26,2026-09-17
235.0,0,119,2026-09-26,2026-09-17
240.0,0,142,2026-09-26,2026-09-17
245.0,0,133,2026-09-26,2026-09-17
250.0,0,81,2026-09-26,2026-09-17
255.0,0,43,2026-09-26,2026-09-17
260.0,0,447,2026-09-26,2026-09-17
265.0,0,327,2026-09-26,2026-09-17
270.0,0,365,2026-09-26,2026-09-17
275.0,3,61,2026-09-26,2026-09-17
280.0,1,88,2026-09-26,2026-09-17
285.0,0,160,2026-09-26,2026-09-17
290.0,1,183,2026-09-26,2026-09-17
295.0,0,265,2026-09-26,2026-09-17
300.0,0,797,2026-09-26,2026-09-17
305.0,0,157,2026-09-26,2026-09-17
310.0,0,61,2026-09-26,2026-09-17
315.0,0,118,2026-09-26,2026-09-17
320.0,1,122,2026-09-26,2026-09-17
325.0,1,327,2026-09-26,2026-09-17
330.0,0,125,2026-09-26,2026-09-17
335.0,0,425,2026-09-26,2026-09-17
340.0,0,60,2026-09-26,2026-09-17
345.0,0,63,2026-09-26,2026-09-17
350.0,0,347,2026-09-26,2026-09-17
355.0,0,51,2026-09-26,2026-09-17
360.0,1,73,2026-09-26,2026-09-17
365.0,0,1529,2026-09-26,2026-09-17
370.0,0,41,2026-09-26,2026-09-17
375.0,0,51,2026-09-26,2026-09-17
380.0,2,182,2026-09-26,2026-09-17
385.0,1,67,2026-09-26,2026-09-17
390.0,2,134,2026-09-26,2026-09-17
395.0,0,52,2026-09-26,2026-09-17
400.0,0,72,2026-09-26,2026-09-17
405.0,5,36,2026-09-26,2026-09-17
410.0,0,64,2026-09-26,2026-09-17
415.0,2,260,2026-09-26,2026-09-17
420.0,0,62,2026-09-26,2026-09-17
425.0,0,46,2026-09-26,2026-09-17
430.0,0,28,2026-09-26,2026-09-17
435.0,0,71,2026-09-26,2026-09-17
440.0,1,55,2026-09-26,2026-09-17
445.0,0,56,2026-09-26,2026-09-17
450.0,0,85,2026-09-26,2026-09-17
455.0,0,65,2026-09-26,2026-09-17
460.0,0,33,2026-09-26,2026-09-17
465.0,0,17,2026-09-26,2026-09-17
470.0,0,54,2026-09-26,2026-09-17
475.0,0,25,2026-09-26,2026-09-17
480.0,3,172,2026-09-26,2026-09-17
485.0,0,70,2026-09-26,2026-09-17
490.0,0,41,2026-09-26,2026-09-17
495.0,1,33,2026-09-26,2026-09-17
500.0,12,200,2026-09-26,2026-09-17
505.0,2,29,2026-09-26,2026-09-17
510.0,0,111,2026-09-26,2026-09-17
515.0,0,78,2026-09-26,2026-09-17
520.0,0,48,2026-09-26,2026-09-17
525.0,0,43,2026-09-26,2026-09-17
530.0,0,72,2026-09-26,2026-09-17
535.0,1,67,2026-09-26,2026-09-17
540.0,6,249,2026-09-26,2026-09-17
545.0,0,353,2026-09-26,2026-09-17
550.0,1,1635,2026-09-26,2026-09-17
555.0,0,169,2026-09-26,2026-09-17
560.0,1,264,2026-09-26,2026-09-17
565.0,0,16,2026-09-26,2026-09-17
570.0,0,24,2026-09-26,2026-09-17
575.0,0,121,2026-09-26,2026-09-17
580.0,5,52,2026-09-26,2026-09-17
585.0,4,38,2026-09-26,2026-09-17
590.0,0,150,2026-09-26,2026-09-17
595.0,4,8122,2026-09-26,2026-09-17
600.0,3,551,2026-09-26,2026-09-17
605.0,4,185,2026-09-26,2026-09-17
610.0,3,418,2026-09-26,2026-09-17
615.0,4,112,2026-09-26,2026-09-17
620.0,4,282,2026-09-26,2026-09-17
625.0,5,111,2026-09-26,2026-09-17
630.0,6,242,2026-09-26,2026-09-17
635.0,5,52,2026-09-26,2026-09-17
640.0,2,209,2026-09-26,2026-09-17
645.0,0,348,2026-09-26,2026-09-17
650.0,10,639,2026-09-26,2026-09-17
655.0,3,18,2026-09-26,2026-09-17
660.0,0,54,2026-09-26,2026-09-17
665.0,2,53,2026-09-26,2026-09-17
670.0,10,130,2026-09-26,2026-09-17
675.0,0,185,2026-09-26,2026-09-17
680.0,2,269,2026-09-26,2026-09-17
685.0,2,890,2026-09-26,2026-09-17
690.0,0,214,2026-09-26,2026-09-17
695.0,5,89,2026-09-26,2026-09-17
700.0,39,3515,2026-09-26,2026-09-17
705.0,1,105,2026-09-26,2026-09-17
710.0,3,169,2026-09-26,2026-09-17
715.0,3,296,2026-09-26,2026-09-17
720.0,8,1176,2026-09-26,2026-09-17
725.0,5,751,2026-09-26,2026-09-17
730.0,24,879,2026-09-26,2026-09-17
735.0,10,223,2026-09-26,2026-09-17
740.0,13,515,2026-09-26,2026-09-17
745.0,10,153,2026-09-26,2026-09-17
750.0,45,2211,2026-09-26,2026-09-17
755.0,7,157,2026-09-26,2026-09-17
760.0,37,240,2026-09-26,2026-09-17
765.0,75,141,2026-09-26,2026-09-17
770.0,6,309,2026-09-26,2026-09-17
775.0,21,326,2026-09-26,2026-09-17
780.0,9,375,2026-09-26,2026-09-17
785.0,3,115,2026-09-26,2026-09-17
790.0,5,377,2026-09-26,2026-09-17
795.0,17,222,2026-09-26,2026-09-17
800.0,3405,1875,2026-09-26,2026-09-17
805.0,109,208,2026-09-26,2026-09-17
810.0,22,1012,2026-09-26,2026-09-17
815.0,17,394,2026-09-26,2026-09-17
820.0,9,1020,2026-09-26,2026-09-17
825.0,27,382,2026-09-26,2026-09-17
830.0,11,1307,2026-09-26,2026-09-17
835.0,11,396,2026-09-26,2026-09-17
840.0,35,855,2026-09-26,2026-09-17
845.0,17,313,2026-09-26,2026-09-17
850.0,281,3020,2026-09-26,2026-09-17
855.0,41,433,2026-09-26,2026-09-17
860.0,63,854,2026-09-26,2026-09-17
865.0,64,308,2026-09-26,2026-09-17
870.0,218,478,2026-09-26,2026-09-17
875.0,43,528,2026-09-26,2026-09-17
880.0,51,1407,2026-09-26,2026-09-17
885.0,35,604,2026-09-26,2026-09-17
890.0,2000,2000,2026-09-26,2026-09-17
890.0,65,851,2026-09-26,2026-09-17
895.0,53,979,2026-09-26,2026-09-17
900.0,1074,3000,2026-09-26,2026-09-17
901.0,2500,2500,2026-09-26,2026-09-17
905.0,105,526,2026-09-26,2026-09-17
910.0,375,1307,2026-09-26,2026-09-17
915.0,330,498,2026-09-26,2026-09-17
920.0,130,130,2026-09-26,2026-09-17
920.0,397,1133,2026-09-26,2026-09-17
925.0,583,376,2026-09-26,2026-09-17
930.0,1007,1710,2026-09-26,2026-09-17
935.0,481,319,2026-09-26,2026-09-17
940.0,613,763,2026-09-26,2026-09-17
945.0,433,153,2026-09-26,2026-09-17
950.0,3428,1733,2026-09-26,2026-09-17
952.5,81,20,2026-09-26,2026-09-17
955.0,845,144,2026-09-26,2026-09-17
957.5,126,9,2026-09-26,2026-09-17
960.0,1254,568,2026-09-26,2026-09-17
965.0,287,131,2026-09-26,2026-09-17
970.0,352,344,2026-09-26,2026-09-17
975.0,383,162,2026-09-26,2026-09-17
980.0,1089,358,2026-09-26,2026-09-17
985.0,454,127,2026-09-26,2026-09-17
990.0,693,323,2026-09-26,2026-09-17
995.0,250,146,2026-09-26,2026-09-17
1000.0,3715,643,2026-09-26,2026-09-17
1005.0,359,136,2026-09-26,2026-09-17
1010.0,1302,54,2026-09-26,2026-09-17
1015.0,293,125,2026-09-26,2026-09-17
1017.5,56,2,2026-09-26,2026-09-17
1020.0,991,127,2026-09-26,2026-09-17
1022.5,90,17,2026-09-26,2026-09-17
1025.0,1513,93,2026-09-26,2026-09-17
1027.5,118,20,2026-09-26,2026-09-17
1030.0,698,230,2026-09-26,2026-09-17
1032.5,13,1,2026-09-26,2026-09-17
1035.0,228,78,2026-09-26,2026-09-17
1037.5,19,0,2026-09-26,2026-09-17
1040.0,298,27,2026-09-26,2026-09-17
1045.0,339,18,2026-09-26,2026-09-17
1050.0,2187,122,2026-09-26,2026-09-17
1055.0,492,56,2026-09-26,2026-09-17
1060.0,314,19,2026-09-26,2026-09-17
1065.0,206,0,2026-09-26,2026-09-17
1070.0,222,63,2026-09-26,2026-09-17
1075.0,474,21,2026-09-26,2026-09-17
1080.0,499,30,2026-09-26,2026-09-17
1085.0,383,10,2026-09-26,2026-09-17
1090.0,213,24,2026-09-26,2026-09-17
1095.0,152,173,2026-09-26,2026-09-17
1100.0,2522,55,2026-09-26,2026-09-17
1105.0,213,14,2026-09-26,2026-09-17
1110.0,260,15,2026-09-26,2026-09-17
1115.0,100,31,2026-09-26,2026-09-17
1120.0,241,232,2026-09-26,2026-09-17
1125.0,119,10,2026-09-26,2026-09-17
1130.0,138,205,2026-09-26,2026-09-17
1135.0,113,7,2026-09-26,2026-09-17
1140.0,1233,11,2026-09-26,2026-09-17
1145.0,20,0,2026-09-26,2026-09-17
1150.0,1763,215,2026-09-26,2026-09-17
1155.0,11,0,2026-09-26,2026-09-17
1160.0,725,7,2026-09-26,2026-09-17
1165.0,32,0,2026-09-26,2026-09-17
1170.0,178,12,2026-09-26,2026-09-17
1175.0,33,0,2026-09-26,2026-09-17
1180.0,373,3,2026-09-26,2026-09-17
1185.0,60,0,2026-09-26,2026-09-17
1190.0,143,3,2026-09-26,2026-09-17
1195.0,19,0,2026-09-26,2026-09-17
1200.0,2037,22,2026-09-26,2026-09-17
1205.0,8,0,2026-09-26,2026-09-17
1210.0,444,0,2026-09-26,2026-09-17
1215.0,9,0,2026-09-26,2026-09-17
1220.0,353,0,2026-09-26,2026-09-17
1225.0,3,0,2026-09-26,2026-09-17
1230.0,518,0,2026-09-26,2026-09-17
1235.0,28,0,2026-09-26,2026-09-17
1240.0,368,0,2026-09-26,2026-09-17
1245.0,5,0,2026-09-26,2026-09-17
1250.0,1340,0,2026-09-26,2026-09-17
1255.0,14,0,2026-09-26,2026-09-17
1260.0,958,0,2026-09-26,2026-09-17
1265.0,66,0,2026-09-26,2026-09-17
1270.0,107,0,2026-09-26,2026-09-17
1275.0,12,0,2026-09-26,2026-09-17
1280.0,166,0,2026-09-26,2026-09-17
1285.0,7,0,2026-09-26,2026-09-17
1290.0,221,0,2026-09-26,2026-09-17
1295.0,58,0,2026-09-26,2026-09-17
1300.0,1763,0,2026-09-26,2026-09-17
1305.0,67,0,2026-09-26,2026-09-17
1310.0,20,0,2026-09-26,2026-09-17
1310.0,268,0,2026-09-26,2026-09-17
1315.0,4,0,2026-09-26,2026-09-17
1320.0,116,0,2026-09-26,2026-09-17
1325.0,22,0,2026-09-26,2026-09-17
1330.0,60,0,2026-09-26,2026-09-17
1335.0,203,0,2026-09-26,2026-09-17
1340.0,76,0,2026-09-26,2026-09-17
1345.0,2,0,2026-09-26,2026-09-17
1350.0,253,0,2026-09-26,2026-09-17
1360.0,60,0,2026-09-26,2026-09-17
1370.0,148,0,2026-09-26,2026-09-17
1380.0,50,0,2026-09-26,2026-09-17
1390.0,78,0,2026-09-26,2026-09-17
1400.0,476,0,2026-09-26,2026-09-17
1410.0,73,0,2026-09-26,2026-09-17
1420.0,20,0,2026-09-26,2026-09-17
1420.0,121,0,2026-09-26,2026-09-17
1430.0,118,0,2026-09-26,2026-09-17
1440.0,79,0,2026-09-26,2026-09-17
1450.0,78,0,2026-09-26,2026-09-17
1460.0,73,0,2026-09-26,2026-09-17
1470.0,41,0,2026-09-26,2026-09-17
1480.0,217,0,2026-09-26,2026-09-17
1490.0,98,0,2026-09-26,2026-09-17
1500.0,1151,0,2026-09-26,2026-09-17
1510.0,97,0,2026-09-26,2026-09-17
1520.0,80,0,2026-09-26,2026-09-17
1530.0,48,0,2026-09-26,2026-09-17
1540.0,66,0,2026-09-26,2026-09-17
1550.0,341,0,2026-09-26,2026-09-17
1560.0,59,0,2026-09-26,2026-09-17
1570.0,10,0,2026-09-26,2026-09-17
1580.0,12,0,2026-09-26,2026-09-17
1590.0,16,0,2026-09-26,2026-09-17
1600.0,535,0,2026-09-26,2026-09-17
1610.0,19,0,2026-09-26,2026-09-17
1620.0,75,0,2026-09-26,2026-09-17
1630.0,9,0,2026-09-26,2026-09-17
1640.0,24,0,2026-09-26,2026-09-17
1650.0,22,0,2026-09-26,2026-09-17
1660.0,29,0,2026-09-26,2026-09-17
1670.0,123,0,2026-09-26,2026-09-17
1680.0,88,0,2026-09-26,2026-09-17
1690.0,46,0,2026-09-26,2026-09-17
1700.0,91,0,2026-09-26,2026-09-17
1710.0,25,0,2026-09-26,2026-09-17
1720.0,58,0,2026-09-26,2026-09-17
1730.0,800,0,2026-09-26,2026-09-17
600.0,0,1,2026-09-29,2026-09-17
610.0,0,2,2026-09-29,2026-09-17
620.0,0,0,2026-09-29,2026-09-17
630.0,0,0,2026-09-29,2026-09-17
640.0,0,0,2026-09-29,2026-09-17
650.0,0,2,2026-09-29,2026-09-17
660.0,1,1,2026-09-29,2026-09-17
670.0,0,5,2026-09-29,2026-09-17
680.0,0,1,2026-09-29,2026-09-17
690.0,0,9,2026-09-29,2026-09-17
700.0,1,1,2026-09-29,2026-09-17
710.0,0,1,2026-09-29,2026-09-17
720.0,0,1,2026-09-29,2026-09-17
730.0,0,0,2026-09-29,2026-09-17
740.0,0,3,2026-09-29,2026-09-17
750.0,0,7,2026-09-29,2026-09-17
760.0,0,2,2026-09-29,2026-09-17
770.0,0,6,2026-09-29,2026-09-17
780.0,0,6,2026-09-29,2026-09-17
790.0,0,5,2026-09-29,2026-09-17
800.0,1,53,2026-09-29,2026-09-17
810.0,0,7,2026-09-29,2026-09-17
820.0,0,64,2026-09-29,2026-09-17
830.0,0,20,2026-09-29,2026-09-17
840.0,0,36,2026-09-29,2026-09-17
850.0,14,56,2026-09-29,2026-09-17
860.0,1,31,2026-09-29,2026-09-17
865.0,0,15,2026-09-29,2026-09-17
870.0,1,24,2026-09-29,2026-09-17
875.0,0,9,2026-09-29,2026-09-17
880.0,0,3,2026-09-29,2026-09-17
885.0,2,25,2026-09-29,2026-09-17
890.0,3,11,2026-09-29,2026-09-17
895.0,3,9,2026-09-29,2026-09-17
900.0,719,64,2026-09-29,2026-09-17
905.0,36,113,2026-09-29,2026-09-17
910.0,346,40,2026-09-29,2026-09-17
915.0,22,18,2026-09-29,2026-09-17
920.0,83,139,2026-09-29,2026-09-17
925.0,88,41,2026-09-29,2026-09-17
930.0,264,272,2026-09-29,2026-09-17
935.0,233,14,2026-09-29,2026-09-17
940.0,40,9,2026-09-29,2026-09-17
945.0,34,6,2026-09-29,2026-09-17
950.0,1167,29,2026-09-29,2026-09-17
955.0,65,10,2026-09-29,2026-09-17
960.0,27,30,2026-09-29,2026-09-17
965.0,25,3,2026-09-29,2026-09-17
970.0,63,6,2026-09-29,2026-09-17
975.0,67,7,2026-09-29,2026-09-17
980.0,40,4,2026-09-29,2026-09-17
985.0,14,2,2026-09-29,2026-09-17
990.0,21,19,2026-09-29,2026-09-17
995.0,9,4,2026-09-29,2026-09-17
1000.0,1639,9,2026-09-29,2026-09-17
1005.0,82,0,2026-09-29,2026-09-17
1010.0,35,10,2026-09-29,2026-09-17
1015.0,9,0,2026-09-29,2026-09-17
1020.0,67,16,2026-09-29,2026-09-17
1025.0,51,0,2026-09-29,2026-09-17
1030.0,136,11,2026-09-29,2026-09-17
1035.0,9,0,2026-09-29,2026-09-17
1040.0,50,0,2026-09-29,2026-09-17
1045.0,8,0,2026-09-29,2026-09-17
1050.0,164,0,2026-09-29,2026-09-17
1055.0,18,0,2026-09-29,2026-09-17
1060.0,9,0,2026-09-29,2026-09-17
1065.0,49,0,2026-09-29,2026-09-17
1070.0,18,0,2026-09-29,2026-09-17
1075.0,13,0,2026-09-29,2026-09-17
1080.0,3,0,2026-09-29,2026-09-17
1085.0,11,0,2026-09-29,2026-09-17
1090.0,8,0,2026-09-29,2026-09-17
1095.0,2,0,2026-09-29,2026-09-17
1100.0,121,0,2026-09-29,2026-09-17
1105.0,3,0,2026-09-29,2026-09-17
1110.0,4,0,2026-09-29,2026-09-17
1115.0,17,0,2026-09-29,2026-09-17
1120.0,4,0,2026-09-29,2026-09-17
1125.0,0,0,2026-09-29,2026-09-17
1130.0,0,0,2026-09-29,2026-09-17
1135.0,1,0,2026-09-29,2026-09-17
1140.0,0,0,2026-09-29,2026-09-17
1145.0,0,0,2026-09-29,2026-09-17
1150.0,6,0,2026-09-29,2026-09-17
1155.0,1,0,2026-09-29,2026-09-17
1160.0,1,0,2026-09-29,2026-09-17
1165.0,1,0,2026-09-29,2026-09-17
1170.0,1,0,2026-09-29,2026-09-17
1180.0,2,0,2026-09-29,2026-09-17
1190.0,5,0,2026-09-29,2026-09-17
1200.0,113,0,2026-09-29,2026-09-17
1210.0,0,0,2026-09-29,2026-09-17
1220.0,2,0,2026-09-29,2026-09-17
1230.0,0,0,2026-09-29,2026-09-17
1240.0,205,0,2026-09-29,2026-09-17
1250.0,0,0,2026-09-29,2026-09-17
1260.0,0,0,2026-09-29,2026-09-17
1270.0,0,0,2026-09-29,2026-09-17
1280.0,0,0,2026-09-29,2026-09-17
1290.0,0,0,2026-09-29,2026-09-17
1300.0,0,0,2026-09-29,2026-09-17
1310.0,0,0,2026-09-29,2026-09-17
1320.0,0,0,2026-09-29,2026-09-17
1330.0,0,0,2026-09-29,2026-09-17
1340.0,0,0,2026-09-29,2026-09-17
1350.0,4,0,2026-09-29,2026-09-17
1360.0,1,0,2026-09-29,2026-09-17
1370.0,3,0,2026-09-29,2026-09-17
1380.0,0,0,2026-09-29,2026-09-17
1390.0,3,0,2026-09-29,2026-09-17
1400.0,1,0,2026-09-29,2026-09-17
756.0,0,7,2026-10-01,2026-09-17
1215.0,7,0,2026-10-01,2026-09-17
100.0,4,8,2026-10-03,2026-09-17
105.0,0,0,2026-10-03,2026-09-17
110.0,0,0,2026-10-03,2026-09-17
115.0,0,4,2026-10-03,2026-09-17
120.0,3,0,2026-10-03,2026-09-17
125.0,0,0,2026-10-03,2026-09-17
130.0,4,1,2026-10-03,2026-09-17
135.0,0,2,2026-10-03,2026-09-17
140.0,0,0,2026-10-03,2026-09-17
145.0,0,0,2026-10-03,2026-09-17
150.0,0,2,2026-10-03,2026-09-17
155.0,0,0,2026-10-03,2026-09-17
160.0,0,0,2026-10-03,2026-09-17
165.0,0,0,2026-10-03,2026-09-17
170.0,0,0,2026-10-03,2026-09-17
175.0,0,5,2026-10-03,2026-09-17
180.0,0,0,2026-10-03,2026-09-17
185.0,0,0,2026-10-03,2026-09-17
190.0,1,0,2026-10-03,2026-09-17
195.0,0,0,2026-10-03,2026-09-17
200.0,11,102,2026-10-03,2026-09-17
205.0,0,52,2026-10-03,2026-09-17
210.0,0,452,2026-10-03,2026-09-17
215.0,0,142,2026-10-03,2026-09-17
220.0,0,3,2026-10-03,2026-09-17
225.0,0,15,2026-10-03,2026-09-17
230.0,0,70,2026-10-03,2026-09-17
235.0,0,67,2026-10-03,2026-09-17
240.0,0,107,2026-10-03,2026-09-17
245.0,0,61,2026-10-03,2026-09-17
250.0,0,26,2026-10-03,2026-09-17
255.0,0,59,2026-10-03,2026-09-17
260.0,0,30,2026-10-03,2026-09-17
265.0,0,47,2026-10-03,2026-09-17
270.0,0,71,2026-10-03,2026-09-17
275.0,0,92,2026-10-03,2026-09-17
280.0,0,83,2026-10-03,2026-09-17
285.0,0,143,2026-10-03,2026-09-17
290.0,0,177,2026-10-03,2026-09-17
295.0,0,227,2026-10-03,2026-09-17
300.0,1,91,2026-10-03,2026-09-17
305.0,0,1190,2026-10-03,2026-09-17
310.0,0,235,2026-10-03,2026-09-17
315.0,0,100,2026-10-03,2026-09-17
320.0,0,163,2026-10-03,2026-09-17
325.0,0,87,2026-10-03,2026-09-17
330.0,0,172,2026-10-03,2026-09-17
335.0,0,77,2026-10-03,2026-09-17
340.0,0,376,2026-10-03,2026-09-17
345.0,0,82,2026-10-03,2026-09-17
350.0,0,216,2026-10-03,2026-09-17
355.0,0,65,2026-10-03,2026-09-17
360.0,0,171,2026-10-03,2026-09-17
365.0,0,60,2026-10-03,2026-09-17
370.0,1,54,2026-10-03,2026-09-17
375.0,0,78,2026-10-03,2026-09-17
380.0,1,107,2026-10-03,2026-09-17
385.0,0,39,2026-10-03,2026-09-17
390.0,1,77,2026-10-03,2026-09-17
395.0,0,32,2026-10-03,2026-09-17
400.0,1,26,2026-10-03,2026-09-17
405.0,1,47,2026-10-03,2026-09-17
410.0,0,45,2026-10-03,2026-09-17
415.0,0,34,2026-10-03,2026-09-17
420.0,0,25,2026-10-03,2026-09-17
425.0,0,22,2026-10-03,2026-09-17
430.0,3,15,2026-10-03,2026-09-17
435.0,0,19,2026-10-03,2026-09-17
440.0,0,22,2026-10-03,2026-09-17
445.0,0,18,2026-10-03,2026-09-17
450.0,0,260,2026-10-03,2026-09-17
455.0,0,12,2026-10-03,2026-09-17
460.0,0,30,2026-10-03,2026-09-17
465.0,0,73,2026-10-03,2026-09-17
470.0,4,42,2026-10-03,2026-09-17
475.0,1,29,2026-10-03,2026-09-17
480.0,0,24,2026-10-03,2026-09-17
485.0,0,146,2026-10-03,2026-09-17
490.0,0,101,2026-10-03,2026-09-17
495.0,3,72,2026-10-03,2026-09-17
500.0,39,1284,2026-10-03,2026-09-17
505.0,26,165,2026-10-03,2026-09-17
510.0,15,90,2026-10-03,2026-09-17
515.0,0,76,2026-10-03,2026-09-17
520.0,8,23,2026-10-03,2026-09-17
525.0,0,63,2026-10-03,2026-09-17
530.0,2,19,2026-10-03,2026-09-17
535.0,0,17,2026-10-03,2026-09-17
540.0,10,72,2026-10-03,2026-09-17
545.0,2,10,2026-10-03,2026-09-17
550.0,2,78,2026-10-03,2026-09-17
555.0,1,46,2026-10-03,2026-09-17
560.0,0,4,2026-10-03,2026-09-17
565.0,0,17,2026-10-03,2026-09-17
570.0,1,17,2026-10-03,2026-09-17
575.0,0,248,2026-10-03,2026-09-17
580.0,1,131,2026-10-03,2026-09-17
585.0,1,513,2026-10-03,2026-09-17
590.0,4,125,2026-10-03,2026-09-17
595.0,0,127,2026-10-03,2026-09-17
600.0,8,626,2026-10-03,2026-09-17
605.0,0,42,2026-10-03,2026-09-17
610.0,2,25,2026-10-03,2026-09-17
615.0,0,42,2026-10-03,2026-09-17
620.0,3,185,2026-10-03,2026-09-17
625.0,1,40,2026-10-03,2026-09-17
630.0,1,41,2026-10-03,2026-09-17
635.0,3,21,2026-10-03,2026-09-17
640.0,0,67,2026-10-03,2026-09-17
645.0,0,41,2026-10-03,2026-09-17
650.0,36,505,2026-10-03,2026-09-17
655.0,0,60,2026-10-03,2026-09-17
660.0,1,81,2026-10-03,2026-09-17
665.0,0,2378,2026-10-03,2026-09-17
670.0,0,218,2026-10-03,2026-09-17
675.0,1,51,2026-10-03,2026-09-17
680.0,0,351,2026-10-03,2026-09-17
685.0,6,1769,2026-10-03,2026-09-17
690.0,0,173,2026-10-03,2026-09-17
695.0,2,135,2026-10-03,2026-09-17
700.0,13,388,2026-10-03,2026-09-17
705.0,12,34,2026-10-03,2026-09-17
710.0,1,171,2026-10-03,2026-09-17
715.0,0,146,2026-10-03,2026-09-17
720.0,2,166,2026-10-03,2026-09-17
725.0,7,129,2026-10-03,2026-09-17
730.0,0,239,2026-10-03,2026-09-17
735.0,0,166,2026-10-03,2026-09-17
740.0,3,210,2026-10-03,2026-09-17
745.0,1,106,2026-10-03,2026-09-17
750.0,349,1051,2026-10-03,2026-09-17
755.0,0,106,2026-10-03,2026-09-17
760.0,0,198,2026-10-03,2026-09-17
765.0,2,119,2026-10-03,2026-09-17
770.0,1,265,2026-10-03,2026-09-17
775.0,7,161,2026-10-03,2026-09-17
780.0,18,361,2026-10-03,2026-09-17
785.0,0,75,2026-10-03,2026-09-17
790.0,5,278,2026-10-03,2026-09-17
795.0,9,254,2026-10-03,2026-09-17
800.0,2394,1288,2026-10-03,2026-09-17
805.0,6,76,2026-10-03,2026-09-17
810.0,1032,128,2026-10-03,2026-09-17
815.0,81,184,2026-10-03,2026-09-17
820.0,260,453,2026-10-03,2026-09-17
825.0,29,193,2026-10-03,2026-09-17
830.0,59,1128,2026-10-03,2026-09-17
835.0,5,202,2026-10-03,2026-09-17
840.0,29,197,2026-10-03,2026-09-17
845.0,139,85,2026-10-03,2026-09-17
850.0,298,829,2026-10-03,2026-09-17
855.0,25,169,2026-10-03,2026-09-17
860.0,12,250,2026-10-03,2026-09-17
865.0,133,128,2026-10-03,2026-09-17
870.0,26,216,2026-10-03,2026-09-17
875.0,78,274,2026-10-03,2026-09-17
880.0,67,465,2026-10-03,2026-09-17
885.0,28,213,2026-10-03,2026-09-17
890.0,66,758,2026-10-03,2026-09-17
895.0,65,168,2026-10-03,2026-09-17
900.0,1343,1676,2026-10-03,2026-09-17
905.0,95,238,2026-10-03,2026-09-17
910.0,1319,273,2026-10-03,2026-09-17
915.0,136,227,2026-10-03,2026-09-17
920.0,826,627,2026-10-03,2026-09-17
925.0,644,600,2026-10-03,2026-09-17
930.0,622,1288,2026-10-03,2026-09-17
935.0,293,148,2026-10-03,2026-09-17
940.0,481,328,2026-10-03,2026-09-17
945.0,139,66,2026-10-03,2026-09-17
950.0,1600,1600,2026-10-03,2026-09-17
950.0,1164,638,2026-10-03,2026-09-17
952.5,7,5,2026-10-03,2026-09-17
955.0,222,96,2026-10-03,2026-09-17
957.5,29,35,2026-10-03,2026-09-17
960.0,673,295,2026-10-03,2026-09-17
965.0,171,82,2026-10-03,2026-09-17
970.0,300,310,2026-10-03,2026-09-17
975.0,207,240,2026-10-03,2026-09-17
980.0,781,708,2026-10-03,2026-09-17
985.0,395,262,2026-10-03,2026-09-17
990.0,536,95,2026-10-03,2026-09-17
995.0,277,93,2026-10-03,2026-09-17
1000.0,150,150,2026-10-03,2026-09-17
1000.0,3267,432,2026-10-03,2026-09-17
1005.0,156,104,2026-10-03,2026-09-17
1010.0,549,31,2026-10-03,2026-09-17
1015.0,533,31,2026-10-03,2026-09-17
1020.0,483,123,2026-10-03,2026-09-17
1025.0,416,32,2026-10-03,2026-09-17
1030.0,590,48,2026-10-03,2026-09-17
1035.0,419,61,2026-10-03,2026-09-17
1040.0,661,28,2026-10-03,2026-09-17
1045.0,47,94,2026-10-03,2026-09-17
1050.0,1131,82,2026-10-03,2026-09-17
1055.0,73,20,2026-10-03,2026-09-17
1060.0,722,26,2026-10-03,2026-09-17
1065.0,77,22,2026-10-03,2026-09-17
1070.0,95,217,2026-10-03,2026-09-17
1075.0,177,15,2026-10-03,2026-09-17
1080.0,475,202,2026-10-03,2026-09-17
1085.0,232,152,2026-10-03,2026-09-17
1090.0,247,44,2026-10-03,2026-09-17
1095.0,99,15,2026-10-03,2026-09-17
1100.0,5727,109,2026-10-03,2026-09-17
1105.0,122,17,2026-10-03,2026-09-17
1110.0,1168,16,2026-10-03,2026-09-17
1115.0,94,6,2026-10-03,2026-09-17
1120.0,262,28,2026-10-03,2026-09-17
1125.0,265,17,2026-10-03,2026-09-17
1130.0,125,12,2026-10-03,2026-09-17
1135.0,240,24,2026-10-03,2026-09-17
1140.0,140,22,2026-10-03,2026-09-17
1150.0,899,20,2026-10-03,2026-09-17
1160.0,74,14,2026-10-03,2026-09-17
1170.0,186,18,2026-10-03,2026-09-17
1180.0,337,12,2026-10-03,2026-09-17
1190.0,124,2,2026-10-03,2026-09-17
1200.0,1704,112,2026-10-03,2026-09-17
1210.0,246,0,2026-10-03,2026-09-17
1220.0,298,5,2026-10-03,2026-09-17
1230.0,281,1,2026-10-03,2026-09-17
1240.0,146,5,2026-10-03,2026-09-17
1250.0,578,7,2026-10-03,2026-09-17
1260.0,1943,1,2026-10-03,2026-09-17
1270.0,184,3,2026-10-03,2026-09-17
1280.0,107,13,2026-10-03,2026-09-17
1290.0,80,14,2026-10-03,2026-09-17
1300.0,20,0,2026-10-03,2026-09-17
1300.0,591,1,2026-10-03,2026-09-17
1310.0,106,0,2026-10-03,2026-09-17
1320.0,110,0,2026-10-03,2026-09-17
1330.0,103,0,2026-10-03,2026-09-17
1340.0,70,0,2026-10-03,2026-09-17
1350.0,262,0,2026-10-03,2026-09-17
1360.0,115,0,2026-10-03,2026-09-17
1370.0,289,0,2026-10-03,2026-09-17
1380.0,127,0,2026-10-03,2026-09-17
1390.0,44,0,2026-10-03,2026-09-17
1400.0,715,0,2026-10-03,2026-09-17
1410.0,20,0,2026-10-03,2026-09-17
1410.0,106,0,2026-10-03,2026-09-17
1420.0,35,0,2026-10-03,2026-09-17
1430.0,99,0,2026-10-03,2026-09-17
1440.0,88,0,2026-10-03,2026-09-17
1450.0,172,0,2026-10-03,2026-09-17
1460.0,24,0,2026-10-03,2026-09-17
1470.0,75,0,2026-10-03,2026-09-17
1480.0,29,0,2026-10-03,2026-09-17
1490.0,69,0,2026-10-03,2026-09-17
1500.0,562,0,2026-10-03,2026-09-17
1510.0,320,0,2026-10-03,2026-09-17
1520.0,163,0,2026-10-03,2026-09-17
1530.0,29,0,2026-10-03,2026-09-17
1540.0,54,0,2026-10-03,2026-09-17
1550.0,41,0,2026-10-03,2026-09-17
1560.0,112,0,2026-10-03,2026-09-17
1570.0,22,0,2026-10-03,2026-09-17
1580.0,32,0,2026-10-03,2026-09-17
1590.0,27,0,2026-10-03,2026-09-17
1600.0,93,0,2026-10-03,2026-09-17
1610.0,10,0,2026-10-03,2026-09-17
1620.0,9,0,2026-10-03,2026-09-17
1630.0,13,0,2026-10-03,2026-09-17
1640.0,8,0,2026-10-03,2026-09-17
1650.0,19,0,2026-10-03,2026-09-17
1660.0,9,0,2026-10-03,2026-09-17
1670.0,25,0,2026-10-03,2026-09-17
1680.0,13,0,2026-10-03,2026-09-17
1690.0,18,0,2026-10-03,2026-09-17
1700.0,732,0,2026-10-03,2026-09-17
1710.0,14,0,2026-10-03,2026-09-17
1720.0,91,0,2026-10-03,2026-09-17
1730.0,378,0,2026-10-03,2026-09-17
940.0,2600,2600,2026-10-07,2026-09-17
1080.0,29,0,2026-10-09,2026-09-17
1284.21,1,0,2026-10-09,2026-09-17
100.0,0,0,2026-10-10,2026-09-17
105.0,0,0,2026-10-10,2026-09-17
110.0,0,0,2026-10-10,2026-09-17
115.0,0,0,2026-10-10,2026-09-17
120.0,0,0,2026-10-10,2026-09-17
125.0,0,0,2026-10-10,2026-09-17
130.0,0,0,2026-10-10,2026-09-17
135.0,0,0,2026-10-10,2026-09-17
140.0,0,0,2026-10-10,2026-09-17
145.0,0,0,2026-10-10,2026-09-17
150.0,0,0,2026-10-10,2026-09-17
155.0,0,0,2026-10-10,2026-09-17
160.0,0,0,2026-10-10,2026-09-17
165.0,0,0,2026-10-10,2026-09-17
170.0,0,0,2026-10-10,2026-09-17
175.0,0,0,2026-10-10,2026-09-17
180.0,0,0,2026-10-10,2026-09-17
185.0,0,0,2026-10-10,2026-09-17
190.0,0,0,2026-10-10,2026-09-17
195.0,0,0,2026-10-10,2026-09-17
200.0,0,3,2026-10-10,2026-09-17
205.0,0,2,2026-10-10,2026-09-17
210.0,0,2,2026-10-10,2026-09-17
215.0,0,1,2026-10-10,2026-09-17
220.0,0,4,2026-10-10,2026-09-17
225.0,0,10,2026-10-10,2026-09-17
230.0,0,19,2026-10-10,2026-09-17
235.0,0,7,2026-10-10,2026-09-17
240.0,0,13,2026-10-10,2026-09-17
245.0,5,23,2026-10-10,2026-09-17
250.0,0,23,2026-10-10,2026-09-17
255.0,0,36,2026-10-10,2026-09-17
260.0,1,19,2026-10-10,2026-09-17
265.0,0,73,2026-10-10,2026-09-17
270.0,0,37,2026-10-10,2026-09-17
275.0,0,53,2026-10-10,2026-09-17
280.0,0,130,2026-10-10,2026-09-17
285.0,0,314,2026-10-10,2026-09-17
290.0,0,161,2026-10-10,2026-09-17
295.0,0,61,2026-10-10,2026-09-17
300.0,0,289,2026-10-10,2026-09-17
305.0,0,22,2026-10-10,2026-09-17
310.0,0,40,2026-10-10,2026-09-17
315.0,0,21,2026-10-10,2026-09-17
320.0,0,1526,2026-10-10,2026-09-17
325.0,0,32,2026-10-10,2026-09-17
330.0,0,78,2026-10-10,2026-09-17
335.0,0,9,2026-10-10,2026-09-17
340.0,0,2224,2026-10-10,2026-09-17
345.0,0,12,2026-10-10,2026-09-17
350.0,0,202,2026-10-10,2026-09-17
355.0,0,16,2026-10-10,2026-09-17
360.0,0,1032,2026-10-10,2026-09-17
365.0,0,17,2026-10-10,2026-09-17
370.0,0,7,2026-10-10,2026-09-17
375.0,0,17,2026-10-10,2026-09-17
380.0,0,13,2026-10-10,2026-09-17
385.0,0,9,2026-10-10,2026-09-17
390.0,0,6,2026-10-10,2026-09-17
395.0,0,10,2026-10-10,2026-09-17
400.0,0,10,2026-10-10,2026-09-17
405.0,0,18,2026-10-10,2026-09-17
410.0,0,15,2026-10-10,2026-09-17
415.0,0,7,2026-10-10,2026-09-17
420.0,0,6,2026-10-10,2026-09-17
425.0,0,14,2026-10-10,2026-09-17
430.0,10,20,2026-10-10,2026-09-17
435.0,0,13,2026-10-10,2026-09-17
440.0,0,21,2026-10-10,2026-09-17
445.0,0,8,2026-10-10,2026-09-17
450.0,1,31,2026-10-10,2026-09-17
455.0,0,6,2026-10-10,2026-09-17
460.0,0,15,2026-10-10,2026-09-17
465.0,0,43,2026-10-10,2026-09-17
470.0,0,16,2026-10-10,2026-09-17
475.0,0,25,2026-10-10,2026-09-17
480.0,0,20,2026-10-10,2026-09-17
485.0,0,10,2026-10-10,2026-09-17
490.0,0,29,2026-10-10,2026-09-17
495.0,0,16,2026-10-10,2026-09-17
500.0,147,25,2026-10-10,2026-09-17
505.0,0,8,2026-10-10,2026-09-17
510.0,2,8,2026-10-10,2026-09-17
515.0,0,4,2026-10-10,2026-09-17
520.0,0,10,2026-10-10,2026-09-17
525.0,0,26,2026-10-10,2026-09-17
530.0,0,5,2026-10-10,2026-09-17
535.0,0,17,2026-10-10,2026-09-17
540.0,0,28,2026-10-10,2026-09-17
545.0,0,7,2026-10-10,2026-09-17
550.0,6,75,2026-10-10,2026-09-17
555.0,0,4,2026-10-10,2026-09-17
560.0,0,0,2026-10-10,2026-09-17
565.0,3,4,2026-10-10,2026-09-17
570.0,0,24,2026-10-10,2026-09-17
575.0,0,14,2026-10-10,2026-09-17
580.0,0,7,2026-10-10,2026-09-17
585.0,0,2,2026-10-10,2026-09-17
590.0,0,12,2026-10-10,2026-09-17
595.0,4,19,2026-10-10,2026-09-17
600.0,0,78,2026-10-10,2026-09-17
605.0,1,12,2026-10-10,2026-09-17
610.0,0,12,2026-10-10,2026-09-17
615.0,1,24,2026-10-10,2026-09-17
620.0,0,58,2026-10-10,2026-09-17
625.0,1,3,2026-10-10,2026-09-17
630.0,1,24,2026-10-10,2026-09-17
635.0,0,7,2026-10-10,2026-09-17
640.0,0,16,2026-10-10,2026-09-17
645.0,0,2,2026-10-10,2026-09-17
650.0,2,96,2026-10-10,2026-09-17
655.0,10,8,2026-10-10,2026-09-17
660.0,3,40,2026-10-10,2026-09-17
665.0,1,4,2026-10-10,2026-09-17
670.0,1,36,2026-10-10,2026-09-17
675.0,0,28,2026-10-10,2026-09-17
680.0,1,56,2026-10-10,2026-09-17
685.0,0,49,2026-10-10,2026-09-17
690.0,5,65,2026-10-10,2026-09-17
695.0,5,54,2026-10-10,2026-09-17
700.0,51,157,2026-10-10,2026-09-17
705.0,0,14,2026-10-10,2026-09-17
710.0,1,36,2026-10-10,2026-09-17
715.0,0,39,2026-10-10,2026-09-17
720.0,0,42,2026-10-10,2026-09-17
725.0,0,32,2026-10-10,2026-09-17
730.0,0,29,2026-10-10,2026-09-17
735.0,0,56,2026-10-10,2026-09-17
740.0,3,66,2026-10-10,2026-09-17
745.0,5,48,2026-10-10,2026-09-17
750.0,3,358,2026-10-10,2026-09-17
755.0,1,24,2026-10-10,2026-09-17
760.0,3,61,2026-10-10,2026-09-17
765.0,5,96,2026-10-10,2026-09-17
770.0,5,55,2026-10-10,2026-09-17
775.0,8,66,2026-10-10,2026-09-17
780.0,4,204,2026-10-10,2026-09-17
785.0,1,140,2026-10-10,2026-09-17
790.0,2,190,2026-10-10,2026-09-17
795.0,5,245,2026-10-10,2026-09-17
800.0,128,579,2026-10-10,2026-09-17
805.0,2,36,2026-10-10,2026-09-17
810.0,15,582,2026-10-10,2026-09-17
815.0,16,66,2026-10-10,2026-09-17
820.0,93,139,2026-10-10,2026-09-17
825.0,8,99,2026-10-10,2026-09-17
830.0,50,85,2026-10-10,2026-09-17
835.0,5,53,2026-10-10,2026-09-17
840.0,9,86,2026-10-10,2026-09-17
845.0,0,77,2026-10-10,2026-09-17
850.0,63,497,2026-10-10,2026-09-17
855.0,2,52,2026-10-10,2026-09-17
860.0,15,133,2026-10-10,2026-09-17
865.0,19,89,2026-10-10,2026-09-17
870.0,33,202,2026-10-10,2026-09-17
875.0,11,52,2026-10-10,2026-09-17
880.0,54,95,2026-10-10,2026-09-17
885.0,16,52,2026-10-10,2026-09-17
890.0,83,197,2026-10-10,2026-09-17
895.0,2,56,2026-10-10,2026-09-17
900.0,89,418,2026-10-10,2026-09-17
905.0,37,121,2026-10-10,2026-09-17
910.0,110,61,2026-10-10,2026-09-17
915.0,19,79,2026-10-10,2026-09-17
920.0,391,297,2026-10-10,2026-09-17
925.0,84,174,2026-10-10,2026-09-17
930.0,621,953,2026-10-10,2026-09-17
935.0,31,77,2026-10-10,2026-09-17
940.0,150,143,2026-10-10,2026-09-17
945.0,104,93,2026-10-10,2026-09-17
950.0,494,364,2026-10-10,2026-09-17
955.0,72,62,2026-10-10,2026-09-17
960.0,368,36,2026-10-10,2026-09-17
965.0,35,35,2026-10-10,2026-09-17
970.0,95,74,2026-10-10,2026-09-17
975.0,149,72,2026-10-10,2026-09-17
980.0,456,745,2026-10-10,2026-09-17
985.0,74,59,2026-10-10,2026-09-17
990.0,299,99,2026-10-10,2026-09-17
995.0,133,69,2026-10-10,2026-09-17
1000.0,921,320,2026-10-10,2026-09-17
1005.0,184,37,2026-10-10,2026-09-17
1010.0,91,63,2026-10-10,2026-09-17
1015.0,414,41,2026-10-10,2026-09-17
1020.0,172,32,2026-10-10,2026-09-17
1025.0,71,164,2026-10-10,2026-09-17
1030.0,178,30,2026-10-10,2026-09-17
1035.0,73,118,2026-10-10,2026-09-17
1040.0,174,12,2026-10-10,2026-09-17
1045.0,38,13,2026-10-10,2026-09-17
1050.0,427,24,2026-10-10,2026-09-17
1055.0,36,0,2026-10-10,2026-09-17
1060.0,235,66,2026-10-10,2026-09-17
1065.0,60,12,2026-10-10,2026-09-17
1070.0,76,199,2026-10-10,2026-09-17
1075.0,34,13,2026-10-10,2026-09-17
1080.0,188,229,2026-10-10,2026-09-17
1085.0,34,1,2026-10-10,2026-09-17
1090.0,39,15,2026-10-10,2026-09-17
1095.0,98,5,2026-10-10,2026-09-17
1100.0,559,199,2026-10-10,2026-09-17
1105.0,26,35,2026-10-10,2026-09-17
1110.0,463,22,2026-10-10,2026-09-17
1115.0,36,14,2026-10-10,2026-09-17
1120.0,108,211,2026-10-10,2026-09-17
1125.0,50,19,2026-10-10,2026-09-17
1130.0,23,8,2026-10-10,2026-09-17
1135.0,61,9,2026-10-10,2026-09-17
1140.0,72,34,2026-10-10,2026-09-17
1150.0,547,168,2026-10-10,2026-09-17
1160.0,37,7,2026-10-10,2026-09-17
1170.0,38,0,2026-10-10,2026-09-17
1180.0,95,0,2026-10-10,2026-09-17
1190.0,165,1,2026-10-10,2026-09-17
1200.0,370,3,2026-10-10,2026-09-17
1210.0,147,1,2026-10-10,2026-09-17
1220.0,74,1,2026-10-10,2026-09-17
1230.0,127,0,2026-10-10,2026-09-17
1240.0,251,1,2026-10-10,2026-09-17
1250.0,129,2,2026-10-10,2026-09-17
1260.0,140,6,2026-10-10,2026-09-17
1270.0,49,3,2026-10-10,2026-09-17
1280.0,69,2,2026-10-10,2026-09-17
1290.0,50,5,2026-10-10,2026-09-17
1300.0,343,9,2026-10-10,2026-09-17
1310.0,9,15,2026-10-10,2026-09-17
1320.0,25,5,2026-10-10,2026-09-17
1330.0,15,0,2026-10-10,2026-09-17
1340.0,23,0,2026-10-10,2026-09-17
1350.0,167,1,2026-10-10,2026-09-17
1360.0,11,0,2026-10-10,2026-09-17
1370.0,8,0,2026-10-10,2026-09-17
1380.0,12,1,2026-10-10,2026-09-17
1390.0,40,0,2026-10-10,2026-09-17
1400.0,85,0,2026-10-10,2026-09-17
1410.0,9,2,2026-10-10,2026-09-17
1420.0,17,0,2026-10-10,2026-09-17
1430.0,48,0,2026-10-10,2026-09-17
1440.0,159,0,2026-10-10,2026-09-17
1450.0,44,0,2026-10-10,2026-09-17
1460.0,99,0,2026-10-10,2026-09-17
1470.0,9,0,2026-10-10,2026-09-17
1480.0,7,0,2026-10-10,2026-09-17
1490.0,3,0,2026-10-10,2026-09-17
1500.0,147,0,2026-10-10,2026-09-17
1510.0,36,0,2026-10-10,2026-09-17
1520.0,7,0,2026-10-10,2026-09-17
1530.0,99,0,2026-10-10,2026-09-17
1540.0,5,0,2026-10-10,2026-09-17
1550.0,4,0,2026-10-10,2026-09-17
1560.0,4,0,2026-10-10,2026-09-17
1570.0,6,0,2026-10-10,2026-09-17
1580.0,44,0,2026-10-10,2026-09-17
1590.0,7,0,2026-10-10,2026-09-17
1600.0,21,0,2026-10-10,2026-09-17
1610.0,2,0,2026-10-10,2026-09-17
1620.0,4,0,2026-10-10,2026-09-17
1630.0,2,0,2026-10-10,2026-09-17
1640.0,25,0,2026-10-10,2026-09-17
1650.0,10,0,2026-10-10,2026-09-17
1660.0,11,0,2026-10-10,2026-09-17
1670.0,14,0,2026-10-10,2026-09-17
1680.0,4,0,2026-10-10,2026-09-17
1690.0,4,0,2026-10-10,2026-09-17
1700.0,38,0,2026-10-10,2026-09-17
1710.0,2,0,2026-10-10,2026-09-17
1720.0,1,0,2026-10-10,2026-09-17
1730.0,425,0,2026-10-10,2026-09-17
611.0,0,2230,2026-10-13,2026-09-17
5.0,595,121,2026-10-17,2026-09-17
10.0,5,85,2026-10-17,2026-09-17
15.0,10,180,2026-10-17,2026-09-17
20.0,18,238,2026-10-17,2026-09-17
25.0,55,331,2026-10-17,2026-09-17
30.0,35,365,2026-10-17,2026-09-17
35.0,5,769,2026-10-17,2026-09-17
40.0,6,699,2026-10-17,2026-09-17
45.0,21,613,2026-10-17,2026-09-17
50.0,31,1383,2026-10-17,2026-09-17
55.0,0,5013,2026-10-17,2026-09-17
60.0,5,14591,2026-10-17,2026-09-17
185.0,14,218,2026-10-17,2026-09-17
190.0,7,136,2026-10-17,2026-09-17
195.0,4,1727,2026-10-17,2026-09-17
200.0,46,1869,2026-10-17,2026-09-17
210.0,67,1010,2026-10-17,2026-09-17
220.0,21,1885,2026-10-17,2026-09-17
230.0,6,2689,2026-10-17,2026-09-17
240.0,25,605,2026-10-17,2026-09-17
250.0,529,728,2026-10-17,2026-09-17
260.0,59,2342,2026-10-17,2026-09-17
270.0,67,651,2026-10-17,2026-09-17
280.0,317,752,2026-10-17,2026-09-17
290.0,261,615,2026-10-17,2026-09-17
300.0,240,2112,2026-10-17,2026-09-17
310.0,444,422,2026-10-17,2026-09-17
320.0,228,2662,2026-10-17,2026-09-17
330.0,35,2010,2026-10-17,2026-09-17
340.0,289,4570,2026-10-17,2026-09-17
350.0,314,891,2026-10-17,2026-09-17
360.0,182,2852,2026-10-17,2026-09-17
370.0,122,953,2026-10-17,2026-09-17
380.0,146,2165,2026-10-17,2026-09-17
390.0,92,561,2026-10-17,2026-09-17
400.0,735,2362,2026-10-17,2026-09-17
410.0,306,818,2026-10-17,2026-09-17
420.0,342,871,2026-10-17,2026-09-17
430.0,136,471,2026-10-17,2026-09-17
440.0,169,385,2026-10-17,2026-09-17
450.0,715,3239,2026-10-17,2026-09-17
460.0,442,948,2026-10-17,2026-09-17
470.0,617,661,2026-10-17,2026-09-17
480.0,445,724,2026-10-17,2026-09-17
490.0,212,737,2026-10-17,2026-09-17
500.0,708,3388,2026-10-17,2026-09-17
510.0,292,386,2026-10-17,2026-09-17
520.0,353,1036,2026-10-17,2026-09-17
530.0,568,1151,2026-10-17,2026-09-17
540.0,502,1202,2026-10-17,2026-09-17
550.0,3,222,2026-10-17,2026-09-17
560.0,729,981,2026-10-17,2026-09-17
570.0,0,186,2026-10-17,2026-09-17
580.0,192,1824,2026-10-17,2026-09-17
590.0,0,198,2026-10-17,2026-09-17
600.0,1519,4720,2026-10-17,2026-09-17
610.0,3,128,2026-10-17,2026-09-17
620.0,774,1836,2026-10-17,2026-09-17
630.0,1,1582,2026-10-17,2026-09-17
640.0,1710,4323,2026-10-17,2026-09-17
650.0,2,763,2026-10-17,2026-09-17
660.0,333,1845,2026-10-17,2026-09-17
670.0,13,421,2026-10-17,2026-09-17
680.0,420,2304,2026-10-17,2026-09-17
690.0,3,205,2026-10-17,2026-09-17
700.0,1222,8166,2026-10-17,2026-09-17
710.0,10,265,2026-10-17,2026-09-17
720.0,554,927,2026-10-17,2026-09-17
730.0,15,721,2026-10-17,2026-09-17
740.0,752,2002,2026-10-17,2026-09-17
750.0,25,4077,2026-10-17,2026-09-17
760.0,417,3050,2026-10-17,2026-09-17
770.0,125,627,2026-10-17,2026-09-17
775.0,0,9,2026-10-17,2026-09-17
780.0,1405,2038,2026-10-17,2026-09-17
790.0,156,559,2026-10-17,2026-09-17
800.0,1465,6621,2026-10-17,2026-09-17
810.0,1424,614,2026-10-17,2026-09-17
820.0,619,2311,2026-10-17,2026-09-17
830.0,41,401,2026-10-17,2026-09-17
840.0,1634,2233,2026-10-17,2026-09-17
850.0,150,2701,2026-10-17,2026-09-17
860.0,866,1869,2026-10-17,2026-09-17
870.0,2500,2500,2026-10-17,2026-09-17
870.0,56,640,2026-10-17,2026-09-17
875.0,2000,2000,2026-10-17,2026-09-17
880.0,399,1681,2026-10-17,2026-09-17
890.0,111,635,2026-10-17,2026-09-17
900.0,4772,6433,2026-10-17,2026-09-17
910.0,1956,1201,2026-10-17,2026-09-17
920.0,1086,1086,2026-10-17,2026-09-17
920.0,1010,2695,2026-10-17,2026-09-17
930.0,200,200,2026-10-17,2026-09-17
930.0,837,972,2026-10-17,2026-09-17
935.0,250,250,2026-10-17,2026-09-17
940.0,713,2001,2026-10-17,2026-09-17
950.0,3000,3000,2026-10-17,2026-09-17
950.0,4177,2081,2026-10-17,2026-09-17
960.0,868,2147,2026-10-17,2026-09-17
970.0,1032,836,2026-10-17,2026-09-17
980.0,6340,6755,2026-10-17,2026-09-17
985.0,3320,3320,2026-10-17,2026-09-17
990.0,1065,990,2026-10-17,2026-09-17
1000.0,600,600,2026-10-17,2026-09-17
1000.0,11560,4189,2026-10-17,2026-09-17
1010.0,812,245,2026-10-17,2026-09-17
1020.0,909,359,2026-10-17,2026-09-17
1030.0,544,324,2026-10-17,2026-09-17
1040.0,576,426,2026-10-17,2026-09-17
1050.0,3994,568,2026-10-17,2026-09-17
1060.0,434,186,2026-10-17,2026-09-17
1070.0,617,194,2026-10-17,2026-09-17
1080.0,585,305,2026-10-17,2026-09-17
1090.0,940,302,2026-10-17,2026-09-17
1100.0,9,0,2026-10-17,2026-09-17
1100.0,6178,3837,2026-10-17,2026-09-17
1110.0,596,90,2026-10-17,2026-09-17
1120.0,486,150,2026-10-17,2026-09-17
1130.0,323,107,2026-10-17,2026-09-17
1140.0,629,172,2026-10-17,2026-09-17
1150.0,9,0,2026-10-17,2026-09-17
1150.0,3028,92,2026-10-17,2026-09-17
1160.0,584,212,2026-10-17,2026-09-17
1170.0,461,173,2026-10-17,2026-09-17
1180.0,442,57,2026-10-17,2026-09-17
1190.0,470,71,2026-10-17,2026-09-17
1200.0,7134,367,2026-10-17,2026-09-17
1210.0,666,41,2026-10-17,2026-09-17
1220.0,1221,34,2026-10-17,2026-09-17
1230.0,387,12,2026-10-17,2026-09-17
1240.0,346,39,2026-10-17,2026-09-17
1250.0,1982,363,2026-10-17,2026-09-17
1260.0,435,98,2026-10-17,2026-09-17
1270.0,529,84,2026-10-17,2026-09-17
1280.0,417,49,2026-10-17,2026-09-17
1290.0,353,65,2026-10-17,2026-09-17
1300.0,3134,92,2026-10-17,2026-09-17
1310.0,344,43,2026-10-17,2026-09-17
1320.0,480,68,2026-10-17,2026-09-17
1330.0,819,12,2026-10-17,2026-09-17
1340.0,237,45,2026-10-17,2026-09-17
1350.0,804,175,2026-10-17,2026-09-17
1360.0,472,27,2026-10-17,2026-09-17
1370.0,167,36,2026-10-17,2026-09-17
1380.0,232,27,2026-10-17,2026-09-17
1390.0,339,13,2026-10-17,2026-09-17
1400.0,3570,32,2026-10-17,2026-09-17
1410.0,226,90,2026-10-17,2026-09-17
1420.0,371,7,2026-10-17,2026-09-17
1430.0,556,20,2026-10-17,2026-09-17
1440.0,198,0,2026-10-17,2026-09-17
1450.0,1209,13,2026-10-17,2026-09-17
1460.0,337,0,2026-10-17,2026-09-17
1470.0,387,0,2026-10-17,2026-09-17
1480.0,274,0,2026-10-17,2026-09-17
1490.0,338,0,2026-10-17,2026-09-17
1500.0,5405,0,2026-10-17,2026-09-17
1510.0,625,0,2026-10-17,2026-09-17
1520.0,414,0,2026-10-17,2026-09-17
1530.0,272,0,2026-10-17,2026-09-17
1540.0,310,0,2026-10-17,2026-09-17
1550.0,555,0,2026-10-17,2026-09-17
1560.0,136,0,2026-10-17,2026-09-17
1570.0,300,0,2026-10-17,2026-09-17
1580.0,268,0,2026-10-17,2026-09-17
1590.0,256,0,2026-10-17,2026-09-17
1600.0,1939,0,2026-10-17,2026-09-17
1610.0,289,0,2026-10-17,2026-09-17
1620.0,217,0,2026-10-17,2026-09-17
1630.0,322,0,2026-10-17,2026-09-17
1640.0,88,0,2026-10-17,2026-09-17
1650.0,197,0,2026-10-17,2026-09-17
1660.0,724,0,2026-10-17,2026-09-17
1670.0,250,0,2026-10-17,2026-09-17
1680.0,328,0,2026-10-17,2026-09-17
1690.0,838,0,2026-10-17,2026-09-17
1700.0,1306,0,2026-10-17,2026-09-17
1710.0,158,0,2026-10-17,2026-09-17
1720.0,146,0,2026-10-17,2026-09-17
1730.0,272,0,2026-10-17,2026-09-17
1740.0,285,0,2026-10-17,2026-09-17
1750.0,230,0,2026-10-17,2026-09-17
1760.0,287,0,2026-10-17,2026-09-17
1770.0,441,0,2026-10-17,2026-09-17
1780.0,206,0,2026-10-17,2026-09-17
1790.0,418,0,2026-10-17,2026-09-17
1800.0,917,0,2026-10-17,2026-09-17
1810.0,506,0,2026-10-17,2026-09-17
1820.0,1085,0,2026-10-17,2026-09-17
1830.0,1483,0,2026-10-17,2026-09-17
1840.0,488,0,2026-10-17,2026-09-17
1850.0,763,0,2026-10-17,2026-09-17
1860.0,230,0,2026-10-17,2026-09-17
1870.0,252,0,2026-10-17,2026-09-17
1880.0,294,0,2026-10-17,2026-09-17
1890.0,391,0,2026-10-17,2026-09-17
1900.0,797,0,2026-10-17,2026-09-17
1910.0,1042,0,2026-10-17,2026-09-17
1920.0,196,0,2026-10-17,2026-09-17
1930.0,405,0,2026-10-17,2026-09-17
1940.0,245,0,2026-10-17,2026-09-17
1950.0,414,0,2026-10-17,2026-09-17
1960.0,420,0,2026-10-17,2026-09-17
1970.0,90,0,2026-10-17,2026-09-17
1980.0,162,0,2026-10-17,2026-09-17
1990.0,112,0,2026-10-17,2026-09-17
2000.0,2390,0,2026-10-17,2026-09-17
2010.0,75,0,2026-10-17,2026-09-17
2020.0,73,0,2026-10-17,2026-09-17
2030.0,252,0,2026-10-17,2026-09-17
2040.0,29,0,2026-10-17,2026-09-17
2050.0,256,0,2026-10-17,2026-09-17
2060.0,268,0,2026-10-17,2026-09-17
2070.0,96,0,2026-10-17,2026-09-17
2080.0,315,0,2026-10-17,2026-09-17
2090.0,259,0,2026-10-17,2026-09-17
2100.0,293,0,2026-10-17,2026-09-17
2110.0,133,0,2026-10-17,2026-09-17
2120.0,194,0,2026-10-17,2026-09-17
2130.0,103,0,2026-10-17,2026-09-17
2140.0,79,0,2026-10-17,2026-09-17
2150.0,211,0,2026-10-17,2026-09-17
2160.0,85,0,2026-10-17,2026-09-17
2170.0,316,0,2026-10-17,2026-09-17
2180.0,62,0,2026-10-17,2026-09-17
2190.0,81,0,2026-10-17,2026-09-17
2200.0,257,0,2026-10-17,2026-09-17
2210.0,52,0,2026-10-17,2026-09-17
2220.0,157,0,2026-10-17,2026-09-17
2230.0,30,0,2026-10-17,2026-09-17
2240.0,28,0,2026-10-17,2026-09-17
2250.0,151,0,2026-10-17,2026-09-17
2260.0,110,0,2026-10-17,2026-09-17
2270.0,125,0,2026-10-17,2026-09-17
2280.0,93,0,2026-10-17,2026-09-17
2290.0,438,0,2026-10-17,2026-09-17
2300.0,395,0,2026-10-17,2026-09-17
2310.0,95,0,2026-10-17,2026-09-17
2320.0,196,0,2026-10-17,2026-09-17
2330.0,136,0,2026-10-17,2026-09-17
2340.0,98,0,2026-10-17,2026-09-17
2350.0,42,0,2026-10-17,2026-09-17
2360.0,199,0,2026-10-17,2026-09-17
2370.0,167,0,2026-10-17,2026-09-17
2380.0,75,0,2026-10-17,2026-09-17
2390.0,160,0,2026-10-17,2026-09-17
2400.0,282,0,2026-10-17,2026-09-17
2410.0,145,0,2026-10-17,2026-09-17
2420.0,695,0,2026-10-17,2026-09-17
2440.0,96,0,2026-10-17,2026-09-17
2460.0,165,0,2026-10-17,2026-09-17
2480.0,214,0,2026-10-17,2026-09-17
2500.0,3328,0,2026-10-17,2026-09-17
999.03,1144,1144,2026-10-21,2026-09-17
100.0,2,0,2026-10-24,2026-09-17
105.0,0,0,2026-10-24,2026-09-17
110.0,0,0,2026-10-24,2026-09-17
115.0,0,0,2026-10-24,2026-09-17
120.0,0,0,2026-10-24,2026-09-17
125.0,0,0,2026-10-24,2026-09-17
130.0,0,0,2026-10-24,2026-09-17
135.0,0,0,2026-10-24,2026-09-17
140.0,0,0,2026-10-24,2026-09-17
145.0,0,6,2026-10-24,2026-09-17
150.0,0,0,2026-10-24,2026-09-17
155.0,0,0,2026-10-24,2026-09-17
160.0,0,0,2026-10-24,2026-09-17
165.0,0,0,2026-10-24,2026-09-17
170.0,0,0,2026-10-24,2026-09-17
175.0,0,0,2026-10-24,2026-09-17
180.0,0,0,2026-10-24,2026-09-17
185.0,0,5,2026-10-24,2026-09-17
190.0,0,11,2026-10-24,2026-09-17
195.0,0,8,2026-10-24,2026-09-17
200.0,0,25,2026-10-24,2026-09-17
205.0,0,8,2026-10-24,2026-09-17
210.0,0,13,2026-10-24,2026-09-17
215.0,0,28,2026-10-24,2026-09-17
220.0,0,31,2026-10-24,2026-09-17
225.0,0,25,2026-10-24,2026-09-17
230.0,0,20,2026-10-24,2026-09-17
235.0,0,31,2026-10-24,2026-09-17
240.0,0,38,2026-10-24,2026-09-17
245.0,0,38,2026-10-24,2026-09-17
250.0,0,28,2026-10-24,2026-09-17
255.0,0,12,2026-10-24,2026-09-17
260.0,0,19,2026-10-24,2026-09-17
265.0,0,11,2026-10-24,2026-09-17
270.0,0,4,2026-10-24,2026-09-17
275.0,3,9,2026-10-24,2026-09-17
280.0,0,10,2026-10-24,2026-09-17
285.0,0,7,2026-10-24,2026-09-17
290.0,0,10,2026-10-24,2026-09-17
295.0,0,12,2026-10-24,2026-09-17
300.0,0,8,2026-10-24,2026-09-17
305.0,0,20,2026-10-24,2026-09-17
310.0,0,19,2026-10-24,2026-09-17
315.0,0,9,2026-10-24,2026-09-17
320.0,0,20,2026-10-24,2026-09-17
325.0,0,14,2026-10-24,2026-09-17
330.0,0,15,2026-10-24,2026-09-17
335.0,0,16,2026-10-24,2026-09-17
340.0,0,7,2026-10-24,2026-09-17
345.0,0,7,2026-10-24,2026-09-17
350.0,0,7,2026-10-24,2026-09-17
355.0,0,5,2026-10-24,2026-09-17
360.0,0,3,2026-10-24,2026-09-17
365.0,0,8,2026-10-24,2026-09-17
370.0,0,11,2026-10-24,2026-09-17
375.0,0,11,2026-10-24,2026-09-17
380.0,0,4,2026-10-24,2026-09-17
385.0,0,18,2026-10-24,2026-09-17
390.0,1,4,2026-10-24,2026-09-17
395.0,0,1,2026-10-24,2026-09-17
400.0,0,7,2026-10-24,2026-09-17
405.0,6,2,2026-10-24,2026-09-17
410.0,1,3,2026-10-24,2026-09-17
415.0,0,1,2026-10-24,2026-09-17
420.0,0,3,2026-10-24,2026-09-17
425.0,0,1,2026-10-24,2026-09-17
430.0,0,1,2026-10-24,2026-09-17
435.0,0,0,2026-10-24,2026-09-17
440.0,3,0,2026-10-24,2026-09-17
445.0,0,0,2026-10-24,2026-09-17
450.0,1,2,2026-10-24,2026-09-17
455.0,0,0,2026-10-24,2026-09-17
460.0,0,2,2026-10-24,2026-09-17
465.0,0,0,2026-10-24,2026-09-17
470.0,0,0,2026-10-24,2026-09-17
475.0,1,1,2026-10-24,2026-09-17
480.0,0,1,2026-10-24,2026-09-17
485.0,0,1,2026-10-24,2026-09-17
490.0,2,3,2026-10-24,2026-09-17
495.0,0,14,2026-10-24,2026-09-17
500.0,0,48,2026-10-24,2026-09-17
505.0,0,34,2026-10-24,2026-09-17
510.0,1,0,2026-10-24,2026-09-17
515.0,0,0,2026-10-24,2026-09-17
520.0,0,1,2026-10-24,2026-09-17
525.0,0,2,2026-10-24,2026-09-17
530.0,0,0,2026-10-24,2026-09-17
535.0,0,1,2026-10-24,2026-09-17
540.0,0,19,2026-10-24,2026-09-17
545.0,0,0,2026-10-24,2026-09-17
550.0,0,4,2026-10-24,2026-09-17
555.0,0,0,2026-10-24,2026-09-17
560.0,0,0,2026-10-24,2026-09-17
565.0,0,0,2026-10-24,2026-09-17
570.0,0,20,2026-10-24,2026-09-17
575.0,0,0,2026-10-24,2026-09-17
580.0,1,8,2026-10-24,2026-09-17
585.0,0,0,2026-10-24,2026-09-17
590.0,1,1,2026-10-24,2026-09-17
595.0,0,22,2026-10-24,2026-09-17
600.0,1,15,2026-10-24,2026-09-17
605.0,0,1,2026-10-24,2026-09-17
610.0,0,0,2026-10-24,2026-09-17
615.0,0,2,2026-10-24,2026-09-17
620.0,0,51,2026-10-24,2026-09-17
625.0,0,10,2026-10-24,2026-09-17
630.0,0,0,2026-10-24,2026-09-17
635.0,0,1,2026-10-24,2026-09-17
640.0,0,20,2026-10-24,2026-09-17
645.0,0,0,2026-10-24,2026-09-17
650.0,0,84,2026-10-24,2026-09-17
655.0,1,149,2026-10-24,2026-09-17
660.0,0,12,2026-10-24,2026-09-17
665.0,0,4,2026-10-24,2026-09-17
670.0,0,23,2026-10-24,2026-09-17
675.0,2,58,2026-10-24,2026-09-17
680.0,0,56,2026-10-24,2026-09-17
685.0,0,51,2026-10-24,2026-09-17
690.0,2,72,2026-10-24,2026-09-17
695.0,1,22,2026-10-24,2026-09-17
700.0,2,110,2026-10-24,2026-09-17
705.0,0,20,2026-10-24,2026-09-17
710.0,0,47,2026-10-24,2026-09-17
715.0,2,63,2026-10-24,2026-09-17
720.0,0,45,2026-10-24,2026-09-17
725.0,0,36,2026-10-24,2026-09-17
730.0,1,198,2026-10-24,2026-09-17
735.0,0,7,2026-10-24,2026-09-17
740.0,0,77,2026-10-24,2026-09-17
745.0,2,61,2026-10-24,2026-09-17
750.0,5,230,2026-10-24,2026-09-17
755.0,6,81,2026-10-24,2026-09-17
760.0,1,52,2026-10-24,2026-09-17
765.0,0,39,2026-10-24,2026-09-17
770.0,0,66,2026-10-24,2026-09-17
775.0,2,85,2026-10-24,2026-09-17
780.0,3,63,2026-10-24,2026-09-17
785.0,0,45,2026-10-24,2026-09-17
790.0,13,46,2026-10-24,2026-09-17
795.0,10,22,2026-10-24,2026-09-17
800.0,574,301,2026-10-24,2026-09-17
805.0,0,48,2026-10-24,2026-09-17
810.0,0,197,2026-10-24,2026-09-17
815.0,1,43,2026-10-24,2026-09-17
820.0,2,91,2026-10-24,2026-09-17
825.0,3,53,2026-10-24,2026-09-17
830.0,5,125,2026-10-24,2026-09-17
835.0,1,107,2026-10-24,2026-09-17
840.0,51,50,2026-10-24,2026-09-17
845.0,0,102,2026-10-24,2026-09-17
850.0,1,799,2026-10-24,2026-09-17
855.0,0,32,2026-10-24,2026-09-17
860.0,1,87,2026-10-24,2026-09-17
865.0,0,24,2026-10-24,2026-09-17
870.0,1,128,2026-10-24,2026-09-17
875.0,11,51,2026-10-24,2026-09-17
880.0,9,174,2026-10-24,2026-09-17
885.0,1,46,2026-10-24,2026-09-17
890.0,19,65,2026-10-24,2026-09-17
895.0,26,115,2026-10-24,2026-09-17
900.0,265,154,2026-10-24,2026-09-17
905.0,14,48,2026-10-24,2026-09-17
910.0,11,24,2026-10-24,2026-09-17
915.0,7,18,2026-10-24,2026-09-17
920.0,1500,1500,2026-10-24,2026-09-17
920.0,77,33,2026-10-24,2026-09-17
925.0,77,38,2026-10-24,2026-09-17
930.0,65,106,2026-10-24,2026-09-17
935.0,72,48,2026-10-24,2026-09-17
940.0,51,45,2026-10-24,2026-09-17
945.0,20,6,2026-10-24,2026-09-17
950.0,46,259,2026-10-24,2026-09-17
955.0,57,24,2026-10-24,2026-09-17
960.0,42,28,2026-10-24,2026-09-17
965.0,4,36,2026-10-24,2026-09-17
970.0,73,71,2026-10-24,2026-09-17
975.0,61,18,2026-10-24,2026-09-17
980.0,57,20,2026-10-24,2026-09-17
985.0,13,18,2026-10-24,2026-09-17
990.0,64,19,2026-10-24,2026-09-17
995.0,34,35,2026-10-24,2026-09-17
1000.0,168,174,2026-10-24,2026-09-17
1005.0,14,7,2026-10-24,2026-09-17
1010.0,101,7,2026-10-24,2026-09-17
1015.0,32,21,2026-10-24,2026-09-17
1020.0,55,136,2026-10-24,2026-09-17
1025.0,20,14,2026-10-24,2026-09-17
1030.0,28,11,2026-10-24,2026-09-17
1035.0,14,1,2026-10-24,2026-09-17
1040.0,25,14,2026-10-24,2026-09-17
1045.0,3,1,2026-10-24,2026-09-17
1050.0,88,5,2026-10-24,2026-09-17
1055.0,27,5,2026-10-24,2026-09-17
1060.0,65,14,2026-10-24,2026-09-17
1065.0,6,0,2026-10-24,2026-09-17
1070.0,20,4,2026-10-24,2026-09-17
1075.0,5,0,2026-10-24,2026-09-17
1080.0,30,3,2026-10-24,2026-09-17
1085.0,18,0,2026-10-24,2026-09-17
1090.0,20,1,2026-10-24,2026-09-17
1095.0,4,2,2026-10-24,2026-09-17
1100.0,144,62,2026-10-24,2026-09-17
1105.0,166,7,2026-10-24,2026-09-17
1110.0,15,0,2026-10-24,2026-09-17
1115.0,9,0,2026-10-24,2026-09-17
1120.0,55,0,2026-10-24,2026-09-17
1125.0,13,0,2026-10-24,2026-09-17
1130.0,14,2,2026-10-24,2026-09-17
1135.0,14,1,2026-10-24,2026-09-17
1140.0,33,0,2026-10-24,2026-09-17
1150.0,127,4,2026-10-24,2026-09-17
1160.0,20,11,2026-10-24,2026-09-17
1170.0,39,12,2026-10-24,2026-09-17
1180.0,34,18,2026-10-24,2026-09-17
1190.0,18,15,2026-10-24,2026-09-17
1200.0,125,23,2026-10-24,2026-09-17
1210.0,35,14,2026-10-24,2026-09-17
1220.0,62,8,2026-10-24,2026-09-17
1230.0,57,38,2026-10-24,2026-09-17
1240.0,13,6,2026-10-24,2026-09-17
1250.0,37,0,2026-10-24,2026-09-17
1260.0,150,0,2026-10-24,2026-09-17
1270.0,36,4,2026-10-24,2026-09-17
1280.0,20,2,2026-10-24,2026-09-17
1290.0,113,0,2026-10-24,2026-09-17
1300.0,247,1,2026-10-24,2026-09-17
1310.0,30,0,2026-10-24,2026-09-17
1320.0,12,0,2026-10-24,2026-09-17
1330.0,11,0,2026-10-24,2026-09-17
1340.0,112,0,2026-10-24,2026-09-17
1350.0,23,0,2026-10-24,2026-09-17
1360.0,39,0,2026-10-24,2026-09-17
1370.0,12,0,2026-10-24,2026-09-17
1380.0,63,0,2026-10-24,2026-09-17
1390.0,2,0,2026-10-24,2026-09-17
1400.0,22,1,2026-10-24,2026-09-17
1410.0,4,0,2026-10-24,2026-09-17
1420.0,9,0,2026-10-24,2026-09-17
1430.0,1,0,2026-10-24,2026-09-17
1440.0,6,0,2026-10-24,2026-09-17
1450.0,137,0,2026-10-24,2026-09-17
1460.0,2,0,2026-10-24,2026-09-17
1470.0,19,0,2026-10-24,2026-09-17
1480.0,6,0,2026-10-24,2026-09-17
1490.0,264,0,2026-10-24,2026-09-17
1500.0,79,0,2026-10-24,2026-09-17
1510.0,17,0,2026-10-24,2026-09-17
1520.0,11,0,2026-10-24,2026-09-17
1530.0,12,0,2026-10-24,2026-09-17
1540.0,11,0,2026-10-24,2026-09-17
1550.0,11,0,2026-10-24,2026-09-17
1560.0,1,0,2026-10-24,2026-09-17
1570.0,0,0,2026-10-24,2026-09-17
1580.0,2,0,2026-10-24,2026-09-17
1590.0,21,0,2026-10-24,2026-09-17
1600.0,15,0,2026-10-24,2026-09-17
1610.0,1,0,2026-10-24,2026-09-17
1620.0,1,0,2026-10-24,2026-09-17
1630.0,9,0,2026-10-24,2026-09-17
1640.0,12,0,2026-10-24,2026-09-17
1650.0,10,0,2026-10-24,2026-09-17
1660.0,13,0,2026-10-24,2026-09-17
1670.0,4,0,2026-10-24,2026-09-17
1680.0,2,0,2026-10-24,2026-09-17
1690.0,2,0,2026-10-24,2026-09-17
1700.0,2,0,2026-10-24,2026-09-17
1710.0,3,0,2026-10-24,2026-09-17
1720.0,1,0,2026-10-24,2026-09-17
1730.0,19,0,2026-10-24,2026-09-17
1100.0,29,0,2026-10-29,2026-09-17
200.0,0,16,2026-10-31,2026-09-17
210.0,0,13,2026-10-31,2026-09-17
220.0,0,12,2026-10-31,2026-09-17
230.0,0,8,2026-10-31,2026-09-17
240.0,0,13,2026-10-31,2026-09-17
250.0,0,34,2026-10-31,2026-09-17
260.0,0,11,2026-10-31,2026-09-17
270.0,0,9,2026-10-31,2026-09-17
280.0,2,20,2026-10-31,2026-09-17
290.0,0,23,2026-10-31,2026-09-17
300.0,20,15,2026-10-31,2026-09-17
310.0,0,7,2026-10-31,2026-09-17
320.0,0,7,2026-10-31,2026-09-17
330.0,0,9,2026-10-31,2026-09-17
340.0,0,6,2026-10-31,2026-09-17
350.0,6,7,2026-10-31,2026-09-17
360.0,0,2,2026-10-31,2026-09-17
370.0,25,5,2026-10-31,2026-09-17
380.0,0,19,2026-10-31,2026-09-17
390.0,0,21,2026-10-31,2026-09-17
400.0,0,21,2026-10-31,2026-09-17
410.0,0,2,2026-10-31,2026-09-17
420.0,3,0,2026-10-31,2026-09-17
430.0,10,0,2026-10-31,2026-09-17
440.0,0,1,2026-10-31,2026-09-17
450.0,0,0,2026-10-31,2026-09-17
460.0,38,0,2026-10-31,2026-09-17
470.0,0,0,2026-10-31,2026-09-17
480.0,0,2,2026-10-31,2026-09-17
490.0,0,2,2026-10-31,2026-09-17
500.0,1,0,2026-10-31,2026-09-17
510.0,0,0,2026-10-31,2026-09-17
520.0,0,2,2026-10-31,2026-09-17
530.0,1,20,2026-10-31,2026-09-17
540.0,0,7,2026-10-31,2026-09-17
550.0,0,8,2026-10-31,2026-09-17
560.0,0,0,2026-10-31,2026-09-17
570.0,0,1,2026-10-31,2026-09-17
580.0,0,3,2026-10-31,2026-09-17
590.0,0,3,2026-10-31,2026-09-17
600.0,0,77,2026-10-31,2026-09-17
610.0,0,2,2026-10-31,2026-09-17
620.0,0,29,2026-10-31,2026-09-17
630.0,0,8,2026-10-31,2026-09-17
640.0,0,4,2026-10-31,2026-09-17
650.0,3,35,2026-10-31,2026-09-17
660.0,2,20,2026-10-31,2026-09-17
670.0,0,5,2026-10-31,2026-09-17
680.0,1,8,2026-10-31,2026-09-17
690.0,1,5,2026-10-31,2026-09-17
700.0,86,74,2026-10-31,2026-09-17
710.0,3,22,2026-10-31,2026-09-17
720.0,2,139,2026-10-31,2026-09-17
730.0,21,66,2026-10-31,2026-09-17
740.0,0,13,2026-10-31,2026-09-17
750.0,100,60,2026-10-31,2026-09-17
760.0,1,24,2026-10-31,2026-09-17
770.0,26,60,2026-10-31,2026-09-17
780.0,9,36,2026-10-31,2026-09-17
790.0,1,39,2026-10-31,2026-09-17
795.0,1,43,2026-10-31,2026-09-17
800.0,52,215,2026-10-31,2026-09-17
805.0,0,68,2026-10-31,2026-09-17
810.0,10,16,2026-10-31,2026-09-17
815.0,21,9,2026-10-31,2026-09-17
820.0,3,20,2026-10-31,2026-09-17
825.0,103,34,2026-10-31,2026-09-17
830.0,2,46,2026-10-31,2026-09-17
835.0,3,52,2026-10-31,2026-09-17
840.0,1,76,2026-10-31,2026-09-17
845.0,2,11,2026-10-31,2026-09-17
850.0,9,451,2026-10-31,2026-09-17
855.0,1,17,2026-10-31,2026-09-17
860.0,10,38,2026-10-31,2026-09-17
865.0,44,29,2026-10-31,2026-09-17
870.0,4,18,2026-10-31,2026-09-17
875.0,1,19,2026-10-31,2026-09-17
880.0,77,78,2026-10-31,2026-09-17
885.0,1,14,2026-10-31,2026-09-17
890.0,9,39,2026-10-31,2026-09-17
895.0,2,18,2026-10-31,2026-09-17
900.0,351,310,2026-10-31,2026-09-17
905.0,406,14,2026-10-31,2026-09-17
910.0,206,49,2026-10-31,2026-09-17
915.0,28,34,2026-10-31,2026-09-17
920.0,107,232,2026-10-31,2026-09-17
925.0,101,13,2026-10-31,2026-09-17
930.0,41,67,2026-10-31,2026-09-17
935.0,3,20,2026-10-31,2026-09-17
940.0,135,6,2026-10-31,2026-09-17
945.0,39,1,2026-10-31,2026-09-17
950.0,250,20,2026-10-31,2026-09-17
955.0,37,38,2026-10-31,2026-09-17
960.0,13,13,2026-10-31,2026-09-17
965.0,12,13,2026-10-31,2026-09-17
970.0,69,17,2026-10-31,2026-09-17
975.0,23,14,2026-10-31,2026-09-17
980.0,27,10,2026-10-31,2026-09-17
985.0,21,15,2026-10-31,2026-09-17
990.0,13,2,2026-10-31,2026-09-17
995.0,58,3,2026-10-31,2026-09-17
1000.0,205,28,2026-10-31,2026-09-17
1005.0,48,4,2026-10-31,2026-09-17
1010.0,15,2,2026-10-31,2026-09-17
1015.0,9,1,2026-10-31,2026-09-17
1020.0,18,3,2026-10-31,2026-09-17
1025.0,51,1,2026-10-31,2026-09-17
1030.0,21,3,2026-10-31,2026-09-17
1035.0,17,6,2026-10-31,2026-09-17
1040.0,28,5,2026-10-31,2026-09-17
1045.0,15,2,2026-10-31,2026-09-17
1050.0,600,600,2026-10-31,2026-09-17
1050.0,68,7,2026-10-31,2026-09-17
1055.0,9,1,2026-10-31,2026-09-17
1060.0,24,0,2026-10-31,2026-09-17
1065.0,7,2,2026-10-31,2026-09-17
1070.0,36,4,2026-10-31,2026-09-17
1075.0,7,1,2026-10-31,2026-09-17
1080.0,48,2,2026-10-31,2026-09-17
1085.0,18,0,2026-10-31,2026-09-17
1090.0,117,1,2026-10-31,2026-09-17
1095.0,33,2,2026-10-31,2026-09-17
1100.0,135,0,2026-10-31,2026-09-17
1105.0,10,0,2026-10-31,2026-09-17
1110.0,20,0,2026-10-31,2026-09-17
1115.0,7,1,2026-10-31,2026-09-17
1120.0,86,2,2026-10-31,2026-09-17
1125.0,56,2,2026-10-31,2026-09-17
1130.0,11,1,2026-10-31,2026-09-17
1135.0,23,1,2026-10-31,2026-09-17
1140.0,5,0,2026-10-31,2026-09-17
1140.0,24,1,2026-10-31,2026-09-17
1150.0,20,0,2026-10-31,2026-09-17
1160.0,6,2,2026-10-31,2026-09-17
1170.0,11,2,2026-10-31,2026-09-17
1180.0,2,0,2026-10-31,2026-09-17
1190.0,10,0,2026-10-31,2026-09-17
1200.0,120,3,2026-10-31,2026-09-17
1210.0,3,1,2026-10-31,2026-09-17
1220.0,3,1,2026-10-31,2026-09-17
1230.0,41,0,2026-10-31,2026-09-17
1240.0,6,1,2026-10-31,2026-09-17
1250.0,16,3,2026-10-31,2026-09-17
1260.0,14,0,2026-10-31,2026-09-17
1270.0,14,1,2026-10-31,2026-09-17
1280.0,78,0,2026-10-31,2026-09-17
1290.0,1,0,2026-10-31,2026-09-17
1300.0,32,1,2026-10-31,2026-09-17
1310.0,3,0,2026-10-31,2026-09-17
1320.0,5,0,2026-10-31,2026-09-17
1330.0,3,0,2026-10-31,2026-09-17
1340.0,3,2,2026-10-31,2026-09-17
1350.0,12,0,2026-10-31,2026-09-17
1360.0,2,0,2026-10-31,2026-09-17
1370.0,27,0,2026-10-31,2026-09-17
1380.0,1,0,2026-10-31,2026-09-17
1390.0,2,0,2026-10-31,2026-09-17
1400.0,34,0,2026-10-31,2026-09-17
1410.0,2,0,2026-10-31,2026-09-17
1420.0,1,0,2026-10-31,2026-09-17
1430.0,0,0,2026-10-31,2026-09-17
1440.0,0,0,2026-10-31,2026-09-17
1450.0,4,0,2026-10-31,2026-09-17
1460.0,0,0,2026-10-31,2026-09-17
1470.0,1,0,2026-10-31,2026-09-17
1480.0,0,0,2026-10-31,2026-09-17
1490.0,0,0,2026-10-31,2026-09-17
1500.0,0,0,2026-10-31,2026-09-17
1510.0,41,0,2026-10-31,2026-09-17
1520.0,0,0,2026-10-31,2026-09-17
1530.0,0,0,2026-10-31,2026-09-17
1540.0,0,0,2026-10-31,2026-09-17
1550.0,9,0,2026-10-31,2026-09-17
1560.0,0,0,2026-10-31,2026-09-17
1570.0,1,0,2026-10-31,2026-09-17
1580.0,0,0,2026-10-31,2026-09-17
1590.0,0,0,2026-10-31,2026-09-17
1600.0,3,0,2026-10-31,2026-09-17
1610.0,0,0,2026-10-31,2026-09-17
1620.0,0,0,2026-10-31,2026-09-17
1630.0,0,0,2026-10-31,2026-09-17
1640.0,0,0,2026-10-31,2026-09-17
1650.0,0,0,2026-10-31,2026-09-17
1660.0,1,0,2026-10-31,2026-09-17
1670.0,2,0,2026-10-31,2026-09-17
1680.0,0,0,2026-10-31,2026-09-17
1690.0,0,0,2026-10-31,2026-09-17
1700.0,2,0,2026-10-31,2026-09-17
1710.0,0,0,2026-10-31,2026-09-17
1720.0,7,0,2026-10-31,2026-09-17
1730.0,224,0,2026-10-31,2026-09-17
1250.0,29,0,2026-11-05,2026-09-17
1340.0,9,0,2026-11-05,2026-09-17
1100.0,300,300,2026-11-07,2026-09-17
5.0,1,87,2026-11-21,2026-09-17
10.0,0,49,2026-11-21,2026-09-17
15.0,0,638,2026-11-21,2026-09-17
20.0,1,165,2026-11-21,2026-09-17
25.0,0,141,2026-11-21,2026-09-17
30.0,1,52,2026-11-21,2026-09-17
35.0,9,815,2026-11-21,2026-09-17
40.0,13,47,2026-11-21,2026-09-17
45.0,2,88,2026-11-21,2026-09-17
50.0,5,52,2026-11-21,2026-09-17
55.0,8,194,2026-11-21,2026-09-17
60.0,12,285,2026-11-21,2026-09-17
65.0,3,560,2026-11-21,2026-09-17
70.0,1,895,2026-11-21,2026-09-17
75.0,11,52,2026-11-21,2026-09-17
80.0,4,56,2026-11-21,2026-09-17
85.0,1,36,2026-11-21,2026-09-17
90.0,12,158,2026-11-21,2026-09-17
95.0,5,724,2026-11-21,2026-09-17
100.0,40,982,2026-11-21,2026-09-17
105.0,2,170,2026-11-21,2026-09-17
110.0,48,381,2026-11-21,2026-09-17
115.0,5,185,2026-11-21,2026-09-17
120.0,17,96,2026-11-21,2026-09-17
125.0,3,467,2026-11-21,2026-09-17
130.0,14,133,2026-11-21,2026-09-17
135.0,10,4116,2026-11-21,2026-09-17
140.0,20,54,2026-11-21,2026-09-17
145.0,4,214,2026-11-21,2026-09-17
150.0,3,700,2026-11-21,2026-09-17
155.0,19,102,2026-11-21,2026-09-17
160.0,26,240,2026-11-21,2026-09-17
165.0,29,75,2026-11-21,2026-09-17
170.0,9,75,2026-11-21,2026-09-17
175.0,19,233,2026-11-21,2026-09-17
180.0,24,108,2026-11-21,2026-09-17
185.0,9,147,2026-11-21,2026-09-17
190.0,6,296,2026-11-21,2026-09-17
195.0,116,2742,2026-11-21,2026-09-17
200.0,75,1880,2026-11-21,2026-09-17
210.0,39,187,2026-11-21,2026-09-17
220.0,36,413,2026-11-21,2026-09-17
230.0,78,1701,2026-11-21,2026-09-17
240.0,16,761,2026-11-21,2026-09-17
250.0,100,1081,2026-11-21,2026-09-17
260.0,142,1566,2026-11-21,2026-09-17
270.0,32,569,2026-11-21,2026-09-17
280.0,211,1271,2026-11-21,2026-09-17
290.0,47,1784,2026-11-21,2026-09-17
300.0,201,1951,2026-11-21,2026-09-17
310.0,13,403,2026-11-21,2026-09-17
320.0,88,561,2026-11-21,2026-09-17
330.0,200,659,2026-11-21,2026-09-17
340.0,445,222,2026-11-21,2026-09-17
350.0,169,2868,2026-11-21,2026-09-17
360.0,118,4678,2026-11-21,2026-09-17
370.0,85,719,2026-11-21,2026-09-17
380.0,770,6340,2026-11-21,2026-09-17
390.0,193,439,2026-11-21,2026-09-17
400.0,385,1715,2026-11-21,2026-09-17
410.0,204,536,2026-11-21,2026-09-17
420.0,485,915,2026-11-21,2026-09-17
430.0,809,1030,2026-11-21,2026-09-17
440.0,1204,655,2026-11-21,2026-09-17
450.0,787,1123,2026-11-21,2026-09-17
460.0,385,904,2026-11-21,2026-09-17
470.0,213,243,2026-11-21,2026-09-17
480.0,281,458,2026-11-21,2026-09-17
490.0,324,622,2026-11-21,2026-09-17
500.0,1097,3261,2026-11-21,2026-09-17
510.0,174,194,2026-11-21,2026-09-17
520.0,219,965,2026-11-21,2026-09-17
530.0,307,499,2026-11-21,2026-09-17
540.0,297,1500,2026-11-21,2026-09-17
550.0,232,1602,2026-11-21,2026-09-17
560.0,218,282,2026-11-21,2026-09-17
570.0,1205,3837,2026-11-21,2026-09-17
580.0,117,1145,2026-11-21,2026-09-17
590.0,369,675,2026-11-21,2026-09-17
600.0,511,3996,2026-11-21,2026-09-17
610.0,159,1014,2026-11-21,2026-09-17
620.0,369,2537,2026-11-21,2026-09-17
630.0,193,1127,2026-11-21,2026-09-17
640.0,303,983,2026-11-21,2026-09-17
650.0,745,2044,2026-11-21,2026-09-17
660.0,311,1432,2026-11-21,2026-09-17
670.0,276,856,2026-11-21,2026-09-17
680.0,152,765,2026-11-21,2026-09-17
700.0,982,2872,2026-11-21,2026-09-17
710.0,227,247,2026-11-21,2026-09-17
720.0,257,514,2026-11-21,2026-09-17
730.0,381,689,2026-11-21,2026-09-17
740.0,325,2016,2026-11-21,2026-09-17
750.0,451,2220,2026-11-21,2026-09-17
760.0,476,789,2026-11-21,2026-09-17
770.0,342,444,2026-11-21,2026-09-17
780.0,294,1488,2026-11-21,2026-09-17
790.0,289,442,2026-11-21,2026-09-17
800.0,1788,2600,2026-11-21,2026-09-17
810.0,732,677,2026-11-21,2026-09-17
820.0,722,853,2026-11-21,2026-09-17
830.0,309,471,2026-11-21,2026-09-17
840.0,185,651,2026-11-21,2026-09-17
850.0,680,1270,2026-11-21,2026-09-17
860.0,347,728,2026-11-21,2026-09-17
870.0,252,382,2026-11-21,2026-09-17
880.0,523,757,2026-11-21,2026-09-17
890.0,226,458,2026-11-21,2026-09-17
900.0,2255,1643,2026-11-21,2026-09-17
910.0,7104,1046,2026-11-21,2026-09-17
920.0,725,1457,2026-11-21,2026-09-17
930.0,624,923,2026-11-21,2026-09-17
940.0,650,650,2026-11-21,2026-09-17
940.0,372,488,2026-11-21,2026-09-17
950.0,1047,1086,2026-11-21,2026-09-17
960.0,393,402,2026-11-21,2026-09-17
970.0,442,405,2026-11-21,2026-09-17
980.0,395,682,2026-11-21,2026-09-17
990.0,276,388,2026-11-21,2026-09-17
1000.0,2945,1218,2026-11-21,2026-09-17
1010.0,854,231,2026-11-21,2026-09-17
1020.0,643,294,2026-11-21,2026-09-17
1030.0,529,237,2026-11-21,2026-09-17
1040.0,389,274,2026-11-21,2026-09-17
1050.0,8384,99,2026-11-21,2026-09-17
1060.0,435,122,2026-11-21,2026-09-17
1070.0,316,128,2026-11-21,2026-09-17
1080.0,560,120,2026-11-21,2026-09-17
1090.0,293,256,2026-11-21,2026-09-17
1100.0,800,800,2026-11-21,2026-09-17
1100.0,2714,384,2026-11-21,2026-09-17
1110.0,172,94,2026-11-21,2026-09-17
1120.0,678,66,2026-11-21,2026-09-17
1130.0,206,42,2026-11-21,2026-09-17
1140.0,657,61,2026-11-21,2026-09-17
1150.0,852,241,2026-11-21,2026-09-17
1160.0,402,78,2026-11-21,2026-09-17
1170.0,429,35,2026-11-21,2026-09-17
1180.0,262,25,2026-11-21,2026-09-17
1190.0,921,42,2026-11-21,2026-09-17
1200.0,1687,211,2026-11-21,2026-09-17
1210.0,848,118,2026-11-21,2026-09-17
1220.0,163,38,2026-11-21,2026-09-17
1230.0,430,31,2026-11-21,2026-09-17
1240.0,177,14,2026-11-21,2026-09-17
1250.0,1726,42,2026-11-21,2026-09-17
1260.0,239,57,2026-11-21,2026-09-17
1270.0,412,58,2026-11-21,2026-09-17
1280.0,353,83,2026-11-21,2026-09-17
1290.0,371,43,2026-11-21,2026-09-17
1300.0,3360,1094,2026-11-21,2026-09-17
1310.0,560,55,2026-11-21,2026-09-17
1320.0,278,70,2026-11-21,2026-09-17
1330.0,448,37,2026-11-21,2026-09-17
1340.0,229,64,2026-11-21,2026-09-17
1350.0,8142,18,2026-11-21,2026-09-17
1360.0,193,30,2026-11-21,2026-09-17
1370.0,189,50,2026-11-21,2026-09-17
1380.0,413,33,2026-11-21,2026-09-17
1390.0,85,7,2026-11-21,2026-09-17
1400.0,854,7,2026-11-21,2026-09-17
1410.0,312,15,2026-11-21,2026-09-17
1420.0,236,3,2026-11-21,2026-09-17
1430.0,88,302,2026-11-21,2026-09-17
1440.0,289,13,2026-11-21,2026-09-17
1450.0,219,7,2026-11-21,2026-09-17
1460.0,132,2,2026-11-21,2026-09-17
1470.0,350,12,2026-11-21,2026-09-17
1480.0,446,10,2026-11-21,2026-09-17
1490.0,247,3,2026-11-21,2026-09-17
1500.0,1773,26,2026-11-21,2026-09-17
1510.0,491,2,2026-11-21,2026-09-17
1520.0,916,20,2026-11-21,2026-09-17
1530.0,811,1,2026-11-21,2026-09-17
1540.0,259,13,2026-11-21,2026-09-17
1550.0,240,13,2026-11-21,2026-09-17
1560.0,299,5,2026-11-21,2026-09-17
1570.0,150,0,2026-11-21,2026-09-17
1580.0,93,10,2026-11-21,2026-09-17
1590.0,451,2,2026-11-21,2026-09-17
1600.0,591,13,2026-11-21,2026-09-17
1610.0,426,6,2026-11-21,2026-09-17
1620.0,133,0,2026-11-21,2026-09-17
1630.0,437,0,2026-11-21,2026-09-17
1640.0,93,0,2026-11-21,2026-09-17
1650.0,220,0,2026-11-21,2026-09-17
1660.0,61,0,2026-11-21,2026-09-17
1670.0,123,0,2026-11-21,2026-09-17
1680.0,180,0,2026-11-21,2026-09-17
1690.0,171,0,2026-11-21,2026-09-17
1700.0,288,0,2026-11-21,2026-09-17
1710.0,165,0,2026-11-21,2026-09-17
1720.0,232,0,2026-11-21,2026-09-17
1730.0,134,0,2026-11-21,2026-09-17
1740.0,247,0,2026-11-21,2026-09-17
1750.0,193,0,2026-11-21,2026-09-17
1760.0,48,0,2026-11-21,2026-09-17
1770.0,186,0,2026-11-21,2026-09-17
1780.0,211,0,2026-11-21,2026-09-17
1790.0,196,0,2026-11-21,2026-09-17
1800.0,1126,0,2026-11-21,2026-09-17
1810.0,89,0,2026-11-21,2026-09-17
1820.0,584,0,2026-11-21,2026-09-17
1830.0,361,0,2026-11-21,2026-09-17
1840.0,354,0,2026-11-21,2026-09-17
1850.0,411,0,2026-11-21,2026-09-17
1860.0,166,0,2026-11-21,2026-09-17
1870.0,202,0,2026-11-21,2026-09-17
1880.0,469,0,2026-11-21,2026-09-17
1890.0,211,0,2026-11-21,2026-09-17
1900.0,335,0,2026-11-21,2026-09-17
1910.0,711,0,2026-11-21,2026-09-17
1920.0,153,0,2026-11-21,2026-09-17
1930.0,233,0,2026-11-21,2026-09-17
1940.0,169,0,2026-11-21,2026-09-17
1950.0,265,0,2026-11-21,2026-09-17
1960.0,343,0,2026-11-21,2026-09-17
1970.0,216,0,2026-11-21,2026-09-17
1980.0,62,0,2026-11-21,2026-09-17
1990.0,171,0,2026-11-21,2026-09-17
2000.0,644,0,2026-11-21,2026-09-17
2010.0,172,0,2026-11-21,2026-09-17
2020.0,224,0,2026-11-21,2026-09-17
2030.0,301,0,2026-11-21,2026-09-17
2040.0,233,0,2026-11-21,2026-09-17
2050.0,183,0,2026-11-21,2026-09-17
2060.0,236,0,2026-11-21,2026-09-17
2070.0,244,0,2026-11-21,2026-09-17
2080.0,142,0,2026-11-21,2026-09-17
2090.0,125,0,2026-11-21,2026-09-17
2100.0,309,0,2026-11-21,2026-09-17
2110.0,272,0,2026-11-21,2026-09-17
2120.0,148,0,2026-11-21,2026-09-17
2130.0,153,0,2026-11-21,2026-09-17
2140.0,454,0,2026-11-21,2026-09-17
2150.0,244,0,2026-11-21,2026-09-17
2160.0,56,0,2026-11-21,2026-09-17
2170.0,251,0,2026-11-21,2026-09-17
2180.0,172,0,2026-11-21,2026-09-17
2190.0,132,0,2026-11-21,2026-09-17
2200.0,59,0,2026-11-21,2026-09-17
2210.0,7,0,2026-11-21,2026-09-17
2220.0,26,0,2026-11-21,2026-09-17
2230.0,34,0,2026-11-21,2026-09-17
2240.0,63,0,2026-11-21,2026-09-17
2250.0,42,0,2026-11-21,2026-09-17
2260.0,75,0,2026-11-21,2026-09-17
2270.0,85,0,2026-11-21,2026-09-17
2280.0,141,0,2026-11-21,2026-09-17
2290.0,815,0,2026-11-21,2026-09-17
2300.0,99,0,2026-11-21,2026-09-17
2310.0,39,0,2026-11-21,2026-09-17
2320.0,21,0,2026-11-21,2026-09-17
2330.0,34,0,2026-11-21,2026-09-17
2340.0,51,0,2026-11-21,2026-09-17
2350.0,104,0,2026-11-21,2026-09-17
2360.0,21,0,2026-11-21,2026-09-17
2370.0,135,0,2026-11-21,2026-09-17
2380.0,45,0,2026-11-21,2026-09-17
2390.0,207,0,2026-11-21,2026-09-17
2400.0,92,0,2026-11-21,2026-09-17
2410.0,192,0,2026-11-21,2026-09-17
2420.0,188,0,2026-11-21,2026-09-17
2440.0,144,0,2026-11-21,2026-09-17
2460.0,100,0,2026-11-21,2026-09-17
2480.0,413,0,2026-11-21,2026-09-17
2500.0,1084,0,2026-11-21,2026-09-17
5.0,20,75,2026-12-19,2026-09-17
10.0,21,141,2026-12-19,2026-09-17
15.0,31,99,2026-12-19,2026-09-17
20.0,10,27,2026-12-19,2026-09-17
25.0,38,37,2026-12-19,2026-09-17
30.0,0,4531,2026-12-19,2026-09-17
35.0,36,3354,2026-12-19,2026-09-17
40.0,42,1247,2026-12-19,2026-09-17
45.0,94,3016,2026-12-19,2026-09-17
47.5,162,2278,2026-12-19,2026-09-17
50.0,238,1147,2026-12-19,2026-09-17
55.0,102,3872,2026-12-19,2026-09-17
60.0,88,4335,2026-12-19,2026-09-17
65.0,157,1277,2026-12-19,2026-09-17
70.0,271,4345,2026-12-19,2026-09-17
75.0,267,3348,2026-12-19,2026-09-17
80.0,314,4321,2026-12-19,2026-09-17
85.0,470,5145,2026-12-19,2026-09-17
87.5,185,2896,2026-12-19,2026-09-17
90.0,1012,3993,2026-12-19,2026-09-17
92.5,153,362,2026-12-19,2026-09-17
95.0,618,1195,2026-12-19,2026-09-17
97.5,163,165,2026-12-19,2026-09-17
100.0,781,2664,2026-12-19,2026-09-17
105.0,395,1055,2026-12-19,2026-09-17
110.0,924,1230,2026-12-19,2026-09-17
115.0,88,1214,2026-12-19,2026-09-17
120.0,425,1093,2026-12-19,2026-09-17
125.0,502,2182,2026-12-19,2026-09-17
130.0,426,1340,2026-12-19,2026-09-17
135.0,177,414,2026-12-19,2026-09-17
140.0,1238,910,2026-12-19,2026-09-17
145.0,249,249,2026-12-19,2026-09-17
150.0,504,1258,2026-12-19,2026-09-17
155.0,192,316,2026-12-19,2026-09-17
160.0,676,1125,2026-12-19,2026-09-17
165.0,860,449,2026-12-19,2026-09-17
170.0,434,820,2026-12-19,2026-09-17
175.0,338,361,2026-12-19,2026-09-17
180.0,750,780,2026-12-19,2026-09-17
185.0,167,245,2026-12-19,2026-09-17
190.0,874,1418,2026-12-19,2026-09-17
195.0,135,1038,2026-12-19,2026-09-17
200.0,0,0,2026-12-19,2026-09-17
200.0,1425,2235,2026-12-19,2026-09-17
210.0,734,2690,2026-12-19,2026-09-17
220.0,2073,1889,2026-12-19,2026-09-17
230.0,600,979,2026-12-19,2026-09-17
240.0,898,1612,2026-12-19,2026-09-17
250.0,1072,2252,2026-12-19,2026-09-17
260.0,526,459,2026-12-19,2026-09-17
270.0,675,1797,2026-12-19,2026-09-17
280.0,2159,3228,2026-12-19,2026-09-17
290.0,250,625,2026-12-19,2026-09-17
300.0,1264,2948,2026-12-19,2026-09-17
310.0,447,2703,2026-12-19,2026-09-17
320.0,402,439,2026-12-19,2026-09-17
330.0,998,757,2026-12-19,2026-09-17
340.0,1449,759,2026-12-19,2026-09-17
350.0,654,2412,2026-12-19,2026-09-17
360.0,485,10931,2026-12-19,2026-09-17
370.0,199,5420,2026-12-19,2026-09-17
380.0,795,6678,2026-12-19,2026-09-17
390.0,490,2339,2026-12-19,2026-09-17
400.0,832,5482,2026-12-19,2026-09-17
410.0,365,1122,2026-12-19,2026-09-17
420.0,1469,4002,2026-12-19,2026-09-17
430.0,213,614,2026-12-19,2026-09-17
440.0,247,1115,2026-12-19,2026-09-17
450.0,1235,2564,2026-12-19,2026-09-17
460.0,711,422,2026-12-19,2026-09-17
470.0,467,662,2026-12-19,2026-09-17
480.0,784,1592,2026-12-19,2026-09-17
490.0,577,3204,2026-12-19,2026-09-17
500.0,1469,4687,2026-12-19,2026-09-17
510.0,718,410,2026-12-19,2026-09-17
520.0,870,1866,2026-12-19,2026-09-17
530.0,205,1268,2026-12-19,2026-09-17
540.0,282,2316,2026-12-19,2026-09-17
550.0,679,4239,2026-12-19,2026-09-17
560.0,170,700,2026-12-19,2026-09-17
570.0,580,381,2026-12-19,2026-09-17
580.0,2976,3804,2026-12-19,2026-09-17
590.0,375,559,2026-12-19,2026-09-17
600.0,1421,5265,2026-12-19,2026-09-17
610.0,429,881,2026-12-19,2026-09-17
620.0,913,879,2026-12-19,2026-09-17
630.0,201,627,2026-12-19,2026-09-17
640.0,358,1373,2026-12-19,2026-09-17
650.0,723,3181,2026-12-19,2026-09-17
660.0,317,756,2026-12-19,2026-09-17
670.0,337,404,2026-12-19,2026-09-17
680.0,392,549,2026-12-19,2026-09-17
690.0,396,332,2026-12-19,2026-09-17
700.0,4455,3988,2026-12-19,2026-09-17
710.0,533,1197,2026-12-19,2026-09-17
720.0,324,524,2026-12-19,2026-09-17
730.0,279,580,2026-12-19,2026-09-17
740.0,909,512,2026-12-19,2026-09-17
750.0,601,2822,2026-12-19,2026-09-17
760.0,292,1242,2026-12-19,2026-09-17
770.0,436,515,2026-12-19,2026-09-17
780.0,639,505,2026-12-19,2026-09-17
790.0,246,811,2026-12-19,2026-09-17
800.0,3702,4597,2026-12-19,2026-09-17
810.0,592,481,2026-12-19,2026-09-17
820.0,416,1248,2026-12-19,2026-09-17
830.0,677,469,2026-12-19,2026-09-17
840.0,825,1490,2026-12-19,2026-09-17
850.0,935,1756,2026-12-19,2026-09-17
860.0,658,768,2026-12-19,2026-09-17
870.0,426,868,2026-12-19,2026-09-17
880.0,635,1051,2026-12-19,2026-09-17
890.0,593,642,2026-12-19,2026-09-17
900.0,2340,2541,2026-12-19,2026-09-17
910.0,1283,651,2026-12-19,2026-09-17
920.0,1654,660,2026-12-19,2026-09-17
930.0,138,138,2026-12-19,2026-09-17
930.0,646,1491,2026-12-19,2026-09-17
940.0,474,709,2026-12-19,2026-09-17
950.0,1247,1050,2026-12-19,2026-09-17
960.0,494,691,2026-12-19,2026-09-17
970.0,479,228,2026-12-19,2026-09-17
980.0,514,655,2026-12-19,2026-09-17
990.0,330,341,2026-12-19,2026-09-17
1000.0,2883,1244,2026-12-19,2026-09-17
1010.0,549,360,2026-12-19,2026-09-17
1020.0,623,166,2026-12-19,2026-09-17
1030.0,413,210,2026-12-19,2026-09-17
1040.0,222,107,2026-12-19,2026-09-17
1050.0,1302,210,2026-12-19,2026-09-17
1060.0,599,189,2026-12-19,2026-09-17
1070.0,401,144,2026-12-19,2026-09-17
1080.0,387,171,2026-12-19,2026-09-17
1090.0,296,222,2026-12-19,2026-09-17
1100.0,2178,340,2026-12-19,2026-09-17
1110.0,1302,141,2026-12-19,2026-09-17
1120.0,338,87,2026-12-19,2026-09-17
1130.0,374,62,2026-12-19,2026-09-17
1140.0,354,70,2026-12-19,2026-09-17
1150.0,989,295,2026-12-19,2026-09-17
1160.0,311,57,2026-12-19,2026-09-17
1170.0,462,73,2026-12-19,2026-09-17
1180.0,617,158,2026-12-19,2026-09-17
1190.0,196,91,2026-12-19,2026-09-17
1200.0,3254,749,2026-12-19,2026-09-17
1210.0,285,38,2026-12-19,2026-09-17
1220.0,550,36,2026-12-19,2026-09-17
1230.0,272,15,2026-12-19,2026-09-17
1240.0,297,11,2026-12-19,2026-09-17
1250.0,1075,48,2026-12-19,2026-09-17
1260.0,616,19,2026-12-19,2026-09-17
1270.0,576,111,2026-12-19,2026-09-17
1280.0,360,84,2026-12-19,2026-09-17
1290.0,244,75,2026-12-19,2026-09-17
1300.0,2233,104,2026-12-19,2026-09-17
1310.0,505,9,2026-12-19,2026-09-17
1320.0,564,115,2026-12-19,2026-09-17
1330.0,1069,57,2026-12-19,2026-09-17
1340.0,680,113,2026-12-19,2026-09-17
1350.0,674,111,2026-12-19,2026-09-17
1360.0,468,68,2026-12-19,2026-09-17
1370.0,193,9,2026-12-19,2026-09-17
1380.0,296,24,2026-12-19,2026-09-17
1390.0,489,27,2026-12-19,2026-09-17
1400.0,2087,47,2026-12-19,2026-09-17
1410.0,219,6,2026-12-19,2026-09-17
1420.0,957,15,2026-12-19,2026-09-17
1430.0,111,9,2026-12-19,2026-09-17
1440.0,273,11,2026-12-19,2026-09-17
1450.0,633,7,2026-12-19,2026-09-17
1460.0,618,6,2026-12-19,2026-09-17
1470.0,169,6,2026-12-19,2026-09-17
1480.0,405,5,2026-12-19,2026-09-17
1490.0,215,32,2026-12-19,2026-09-17
1500.0,1839,69,2026-12-19,2026-09-17
1510.0,454,13,2026-12-19,2026-09-17
1520.0,472,1,2026-12-19,2026-09-17
1530.0,396,68,2026-12-19,2026-09-17
1540.0,649,2,2026-12-19,2026-09-17
1550.0,631,70,2026-12-19,2026-09-17
1560.0,241,7,2026-12-19,2026-09-17
1570.0,319,0,2026-12-19,2026-09-17
1580.0,192,1,2026-12-19,2026-09-17
1590.0,158,0,2026-12-19,2026-09-17
1600.0,1669,20,2026-12-19,2026-09-17
1610.0,1002,17,2026-12-19,2026-09-17
1620.0,644,72,2026-12-19,2026-09-17
1630.0,611,11,2026-12-19,2026-09-17
1640.0,181,41,2026-12-19,2026-09-17
1650.0,220,0,2026-12-19,2026-09-17
1660.0,184,5,2026-12-19,2026-09-17
1670.0,212,0,2026-12-19,2026-09-17
1680.0,242,3,2026-12-19,2026-09-17
1690.0,156,1,2026-12-19,2026-09-17
1700.0,471,5,2026-12-19,2026-09-17
1710.0,220,2,2026-12-19,2026-09-17
1720.0,50,1,2026-12-19,2026-09-17
1730.0,230,0,2026-12-19,2026-09-17
1740.0,172,0,2026-12-19,2026-09-17
1750.0,479,2,2026-12-19,2026-09-17
1760.0,193,0,2026-12-19,2026-09-17
1770.0,183,0,2026-12-19,2026-09-17
1780.0,92,0,2026-12-19,2026-09-17
1790.0,249,0,2026-12-19,2026-09-17
1800.0,498,0,2026-12-19,2026-09-17
1810.0,237,0,2026-12-19,2026-09-17
1820.0,899,2,2026-12-19,2026-09-17
1830.0,1225,57,2026-12-19,2026-09-17
1840.0,287,1,2026-12-19,2026-09-17
1850.0,92,0,2026-12-19,2026-09-17
1860.0,466,0,2026-12-19,2026-09-17
1870.0,291,0,2026-12-19,2026-09-17
1880.0,287,0,2026-12-19,2026-09-17
1890.0,197,0,2026-12-19,2026-09-17
1900.0,478,0,2026-12-19,2026-09-17
1910.0,393,0,2026-12-19,2026-09-17
1920.0,253,0,2026-12-19,2026-09-17
1930.0,661,0,2026-12-19,2026-09-17
1940.0,435,0,2026-12-19,2026-09-17
1950.0,283,0,2026-12-19,2026-09-17
1960.0,243,0,2026-12-19,2026-09-17
1970.0,657,0,2026-12-19,2026-09-17
1980.0,338,0,2026-12-19,2026-09-17
1990.0,251,0,2026-12-19,2026-09-17
2000.0,941,0,2026-12-19,2026-09-17
2010.0,80,0,2026-12-19,2026-09-17
2020.0,163,0,2026-12-19,2026-09-17
2030.0,152,0,2026-12-19,2026-09-17
2040.0,215,0,2026-12-19,2026-09-17
2050.0,90,0,2026-12-19,2026-09-17
2060.0,60,0,2026-12-19,2026-09-17
2070.0,303,0,2026-12-19,2026-09-17
2080.0,142,0,2026-12-19,2026-09-17
2090.0,364,0,2026-12-19,2026-09-17
2100.0,709,0,2026-12-19,2026-09-17
2110.0,164,0,2026-12-19,2026-09-17
2120.0,216,0,2026-12-19,2026-09-17
2130.0,143,0,2026-12-19,2026-09-17
2140.0,247,0,2026-12-19,2026-09-17
2150.0,166,0,2026-12-19,2026-09-17
2160.0,356,0,2026-12-19,2026-09-17
2170.0,688,0,2026-12-19,2026-09-17
2180.0,94,0,2026-12-19,2026-09-17
2190.0,198,0,2026-12-19,2026-09-17
2200.0,672,0,2026-12-19,2026-09-17
2210.0,34,0,2026-12-19,2026-09-17
2220.0,205,0,2026-12-19,2026-09-17
2230.0,80,0,2026-12-19,2026-09-17
2240.0,37,0,2026-12-19,2026-09-17
2250.0,168,0,2026-12-19,2026-09-17
2260.0,207,0,2026-12-19,2026-09-17
2270.0,177,0,2026-12-19,2026-09-17
2280.0,138,0,2026-12-19,2026-09-17
2290.0,126,0,2026-12-19,2026-09-17
2300.0,74,0,2026-12-19,2026-09-17
2310.0,83,0,2026-12-19,2026-09-17
2320.0,75,0,2026-12-19,2026-09-17
2330.0,33,0,2026-12-19,2026-09-17
2340.0,158,0,2026-12-19,2026-09-17
2350.0,56,0,2026-12-19,2026-09-17
2360.0,294,0,2026-12-19,2026-09-17
2370.0,226,0,2026-12-19,2026-09-17
2380.0,74,0,2026-12-19,2026-09-17
2390.0,154,0,2026-12-19,2026-09-17
2400.0,190,0,2026-12-19,2026-09-17
2410.0,138,0,2026-12-19,2026-09-17
2420.0,468,0,2026-12-19,2026-09-17
2440.0,148,0,2026-12-19,2026-09-17
2460.0,251,0,2026-12-19,2026-09-17
2480.0,197,0,2026-12-19,2026-09-17
2500.0,3194,0,2026-12-19,2026-09-17
289.62,0,55,2026-12-31,2026-09-17
505.0,16450,16450,2027-01-15,2026-09-17
1030.04,13000,13000,2027-01-15,2026-09-17
35.0,108,2229,2027-01-16,2026-09-17
40.0,116,4089,2027-01-16,2026-09-17
45.0,178,3492,2027-01-16,2026-09-17
50.0,331,2247,2027-01-16,2026-09-17
55.0,103,3024,2027-01-16,2026-09-17
60.0,233,6064,2027-01-16,2026-09-17
65.0,71,3001,2027-01-16,2026-09-17
70.0,350,5703,2027-01-16,2026-09-17
75.0,335,6547,2027-01-16,2026-09-17
80.0,1724,7925,2027-01-16,2026-09-17
85.0,1290,3109,2027-01-16,2026-09-17
86.0,28,0,2027-01-16,2026-09-17
90.0,4464,4200,2027-01-16,2026-09-17
95.0,588,2446,2027-01-16,2026-09-17
100.0,657,2869,2027-01-16,2026-09-17
105.0,393,1361,2027-01-16,2026-09-17
110.0,1828,4035,2027-01-16,2026-09-17
115.0,366,1639,2027-01-16,2026-09-17
120.0,600,1930,2027-01-16,2026-09-17
125.0,404,1247,2027-01-16,2026-09-17
130.0,632,6015,2027-01-16,2026-09-17
135.0,472,725,2027-01-16,2026-09-17
140.0,2515,928,2027-01-16,2026-09-17
145.0,368,580,2027-01-16,2026-09-17
150.0,2085,3864,2027-01-16,2026-09-17
155.0,358,343,2027-01-16,2026-09-17
160.0,2296,2773,2027-01-16,2026-09-17
165.0,873,298,2027-01-16,2026-09-17
170.0,893,1025,2027-01-16,2026-09-17
175.0,677,664,2027-01-16,2026-09-17
180.0,794,1438,2027-01-16,2026-09-17
185.0,315,411,2027-01-16,2026-09-17
190.0,1291,634,2027-01-16,2026-09-17
195.0,998,457,2027-01-16,2026-09-17
200.0,1417,3451,2027-01-16,2026-09-17
210.0,541,793,2027-01-16,2026-09-17
220.0,3673,1458,2027-01-16,2026-09-17
225.0,0,20,2027-01-16,2026-09-17
230.0,959,1736,2027-01-16,2026-09-17
240.0,999,1871,2027-01-16,2026-09-17
250.0,531,3837,2027-01-16,2026-09-17
260.0,417,1691,2027-01-16,2026-09-17
270.0,426,1484,2027-01-16,2026-09-17
280.0,250,1584,2027-01-16,2026-09-17
290.0,345,933,2027-01-16,2026-09-17
300.0,0,0,2027-01-16,2026-09-17
300.0,1359,7879,2027-01-16,2026-09-17
310.0,755,948,2027-01-16,2026-09-17
320.0,1959,2824,2027-01-16,2026-09-17
330.0,1554,2135,2027-01-16,2026-09-17
340.0,0,0,2027-01-16,2026-09-17
340.0,750,1885,2027-01-16,2026-09-17
350.0,9,0,2027-01-16,2026-09-17
350.0,2272,3750,2027-01-16,2026-09-17
360.0,0,0,2027-01-16,2026-09-17
360.0,607,4319,2027-01-16,2026-09-17
370.0,0,0,2027-01-16,2026-09-17
370.0,345,1490,2027-01-16,2026-09-17
380.0,708,2085,2027-01-16,2026-09-17
390.0,407,2035,2027-01-16,2026-09-17
400.0,10,0,2027-01-16,2026-09-17
400.0,1643,4419,2027-01-16,2026-09-17
410.0,571,926,2027-01-16,2026-09-17
420.0,768,1011,2027-01-16,2026-09-17
430.0,8,0,2027-01-16,2026-09-17
430.0,960,2554,2027-01-16,2026-09-17
440.0,0,0,2027-01-16,2026-09-17
440.0,972,1381,2027-01-16,2026-09-17
450.0,0,0,2027-01-16,2026-09-17
450.0,3981,3279,2027-01-16,2026-09-17
460.0,713,1390,2027-01-16,2026-09-17
470.0,527,1724,2027-01-16,2026-09-17
480.0,1474,1306,2027-01-16,2026-09-17
490.0,1338,1392,2027-01-16,2026-09-17
500.0,0,0,2027-01-16,2026-09-17
500.0,5827,4107,2027-01-16,2026-09-17
505.0,16450,16450,2027-01-16,2026-09-17
510.0,1134,887,2027-01-16,2026-09-17
520.0,1370,990,2027-01-16,2026-09-17
530.0,610,953,2027-01-16,2026-09-17
539.38,20,0,2027-01-16,2026-09-17
540.0,598,751,2027-01-16,2026-09-17
550.0,10,0,2027-01-16,2026-09-17
550.0,3534,4927,2027-01-16,2026-09-17
560.0,540,541,2027-01-16,2026-09-17
570.0,599,474,2027-01-16,2026-09-17
580.0,1370,848,2027-01-16,2026-09-17
590.0,406,926,2027-01-16,2026-09-17
600.0,24,0,2027-01-16,2026-09-17
600.0,4858,3483,2027-01-16,2026-09-17
610.0,10,0,2027-01-16,2026-09-17
610.0,948,807,2027-01-16,2026-09-17
620.0,1178,1862,2027-01-16,2026-09-17
630.0,1568,510,2027-01-16,2026-09-17
640.0,0,0,2027-01-16,2026-09-17
640.0,555,676,2027-01-16,2026-09-17
650.0,3492,3213,2027-01-16,2026-09-17
660.0,1327,292,2027-01-16,2026-09-17
670.0,258,355,2027-01-16,2026-09-17
680.0,1333,732,2027-01-16,2026-09-17
690.0,1443,888,2027-01-16,2026-09-17
700.0,14,0,2027-01-16,2026-09-17
700.0,4487,6424,2027-01-16,2026-09-17
710.0,1221,695,2027-01-16,2026-09-17
720.0,0,0,2027-01-16,2026-09-17
720.0,1141,2247,2027-01-16,2026-09-17
730.0,328,609,2027-01-16,2026-09-17
740.0,3983,347,2027-01-16,2026-09-17
750.0,3755,3589,2027-01-16,2026-09-17
760.0,411,547,2027-01-16,2026-09-17
770.0,5,0,2027-01-16,2026-09-17
770.0,477,540,2027-01-16,2026-09-17
780.0,785,1275,2027-01-16,2026-09-17
790.0,853,667,2027-01-16,2026-09-17
800.0,4645,4818,2027-01-16,2026-09-17
810.0,503,378,2027-01-16,2026-09-17
820.0,594,446,2027-01-16,2026-09-17
830.0,983,2213,2027-01-16,2026-09-17
840.0,1337,734,2027-01-16,2026-09-17
850.0,3135,3623,2027-01-16,2026-09-17
851.0,650,650,2027-01-16,2026-09-17
860.0,561,608,2027-01-16,2026-09-17
870.0,626,1646,2027-01-16,2026-09-17
880.0,5,0,2027-01-16,2026-09-17
880.0,651,666,2027-01-16,2026-09-17
890.0,532,835,2027-01-16,2026-09-17
900.0,10,0,2027-01-16,2026-09-17
900.0,5943,2899,2027-01-16,2026-09-17
910.0,0,0,2027-01-16,2026-09-17
910.0,2057,352,2027-01-16,2026-09-17
920.0,763,1009,2027-01-16,2026-09-17
930.0,839,850,2027-01-16,2026-09-17
940.0,624,534,2027-01-16,2026-09-17
950.0,4257,2183,2027-01-16,2026-09-17
960.0,545,407,2027-01-16,2026-09-17
970.0,461,350,2027-01-16,2026-09-17
980.0,623,548,2027-01-16,2026-09-17
990.0,243,404,2027-01-16,2026-09-17
1000.0,0,0,2027-01-16,2026-09-17
1000.0,7593,4783,2027-01-16,2026-09-17
1010.0,0,0,2027-01-16,2026-09-17
1010.0,551,430,2027-01-16,2026-09-17
1020.0,703,289,2027-01-16,2026-09-17
1030.0,634,536,2027-01-16,2026-09-17
1040.0,778,241,2027-01-16,2026-09-17
1050.0,2871,437,2027-01-16,2026-09-17
1060.0,719,626,2027-01-16,2026-09-17
1070.0,396,149,2027-01-16,2026-09-17
1080.0,795,150,2027-01-16,2026-09-17
1090.0,789,109,2027-01-16,2026-09-17
1100.0,1008,1000,2027-01-16,2026-09-17
1100.0,3773,1578,2027-01-16,2026-09-17
1110.0,293,120,2027-01-16,2026-09-17
1120.0,368,181,2027-01-16,2026-09-17
1130.0,243,120,2027-01-16,2026-09-17
1140.0,425,78,2027-01-16,2026-09-17
1150.0,3616,187,2027-01-16,2026-09-17
1160.0,486,46,2027-01-16,2026-09-17
1170.0,442,132,2027-01-16,2026-09-17
1180.0,838,58,2027-01-16,2026-09-17
1190.0,394,131,2027-01-16,2026-09-17
1200.0,2,0,2027-01-16,2026-09-17
1200.0,5727,1642,2027-01-16,2026-09-17
1210.0,406,61,2027-01-16,2026-09-17
1220.0,839,49,2027-01-16,2026-09-17
1230.0,351,19,2027-01-16,2026-09-17
1240.0,490,444,2027-01-16,2026-09-17
1250.0,2200,48,2027-01-16,2026-09-17
1260.0,478,70,2027-01-16,2026-09-17
1270.0,145,50,2027-01-16,2026-09-17
1280.0,674,96,2027-01-16,2026-09-17
1290.0,350,24,2027-01-16,2026-09-17
1300.0,7380,149,2027-01-16,2026-09-17
1310.0,348,23,2027-01-16,2026-09-17
1320.0,543,46,2027-01-16,2026-09-17
1330.0,199,72,2027-01-16,2026-09-17
1340.0,1593,28,2027-01-16,2026-09-17
1350.0,1949,20,2027-01-16,2026-09-17
1360.0,936,46,2027-01-16,2026-09-17
1370.0,330,20,2027-01-16,2026-09-17
1380.0,843,79,2027-01-16,2026-09-17
1390.0,466,65,2027-01-16,2026-09-17
1400.0,4988,280,2027-01-16,2026-09-17
1410.0,462,89,2027-01-16,2026-09-17
1420.0,675,40,2027-01-16,2026-09-17
1430.0,230,14,2027-01-16,2026-09-17
1440.0,488,71,2027-01-16,2026-09-17
1450.0,370,76,2027-01-16,2026-09-17
1460.0,255,25,2027-01-16,2026-09-17
1470.0,407,57,2027-01-16,2026-09-17
1480.0,775,162,2027-01-16,2026-09-17
1490.0,400,13,2027-01-16,2026-09-17
1500.0,10,0,2027-01-16,2026-09-17
1500.0,5441,421,2027-01-16,2026-09-17
1503.0,5,0,2027-01-16,2026-09-17
1510.0,277,10,2027-01-16,2026-09-17
1520.0,256,7,2027-01-16,2026-09-17
1530.0,209,2,2027-01-16,2026-09-17
1540.0,596,11,2027-01-16,2026-09-17
1550.0,725,3,2027-01-16,2026-09-17
1560.0,428,3,2027-01-16,2026-09-17
1570.0,540,2,2027-01-16,2026-09-17
1580.0,343,1,2027-01-16,2026-09-17
1590.0,404,2,2027-01-16,2026-09-17
1600.0,2660,23,2027-01-16,2026-09-17
1610.0,588,4,2027-01-16,2026-09-17
1620.0,533,6,2027-01-16,2026-09-17
1630.0,838,91,2027-01-16,2026-09-17
1640.0,189,25,2027-01-16,2026-09-17
1650.0,362,2,2027-01-16,2026-09-17
1660.0,309,6,2027-01-16,2026-09-17
1670.0,513,4,2027-01-16,2026-09-17
1680.0,253,14,2027-01-16,2026-09-17
1690.0,315,9,2027-01-16,2026-09-17
1700.0,1373,27,2027-01-16,2026-09-17
1710.0,384,6,2027-01-16,2026-09-17
1720.0,179,7,2027-01-16,2026-09-17
1730.0,213,1,2027-01-16,2026-09-17
1740.0,195,2,2027-01-16,2026-09-17
1750.0,944,4,2027-01-16,2026-09-17
1760.0,254,40,2027-01-16,2026-09-17
1770.0,311,1,2027-01-16,2026-09-17
1780.0,254,1,2027-01-16,2026-09-17
1790.0,313,7,2027-01-16,2026-09-17
1800.0,1952,1,2027-01-16,2026-09-17
1810.0,616,3,2027-01-16,2026-09-17
1820.0,257,0,2027-01-16,2026-09-17
1830.0,1148,42,2027-01-16,2026-09-17
1840.0,152,7,2027-01-16,2026-09-17
1850.0,392,1,2027-01-16,2026-09-17
1860.0,109,5,2027-01-16,2026-09-17
1870.0,96,0,2027-01-16,2026-09-17
1880.0,128,0,2027-01-16,2026-09-17
1890.0,79,0,2027-01-16,2026-09-17
1900.0,1401,5,2027-01-16,2026-09-17
1910.0,690,1,2027-01-16,2026-09-17
1920.0,263,0,2027-01-16,2026-09-17
1930.0,116,0,2027-01-16,2026-09-17
1940.0,136,2,2027-01-16,2026-09-17
1950.0,869,0,2027-01-16,2026-09-17
1960.0,195,0,2027-01-16,2026-09-17
1970.0,135,0,2027-01-16,2026-09-17
1980.0,417,0,2027-01-16,2026-09-17
1990.0,185,0,2027-01-16,2026-09-17
2000.0,2495,0,2027-01-16,2026-09-17
2010.0,182,2,2027-01-16,2026-09-17
2020.0,325,0,2027-01-16,2026-09-17
2030.0,175,0,2027-01-16,2026-09-17
2040.0,111,1,2027-01-16,2026-09-17
2050.0,819,0,2027-01-16,2026-09-17
2060.0,249,0,2027-01-16,2026-09-17
2070.0,144,0,2027-01-16,2026-09-17
2080.0,188,0,2027-01-16,2026-09-17
2090.0,236,0,2027-01-16,2026-09-17
2100.0,509,0,2027-01-16,2026-09-17
2110.0,169,0,2027-01-16,2026-09-17
2120.0,143,0,2027-01-16,2026-09-17
2130.0,85,0,2027-01-16,2026-09-17
2140.0,57,0,2027-01-16,2026-09-17
2150.0,1335,0,2027-01-16,2026-09-17
2160.0,176,0,2027-01-16,2026-09-17
2170.0,1514,0,2027-01-16,2026-09-17
2180.0,72,0,2027-01-16,2026-09-17
2190.0,101,0,2027-01-16,2026-09-17
2200.0,458,0,2027-01-16,2026-09-17
2210.0,140,0,2027-01-16,2026-09-17
2220.0,102,0,2027-01-16,2026-09-17
2230.0,53,0,2027-01-16,2026-09-17
2240.0,46,0,2027-01-16,2026-09-17
2250.0,228,0,2027-01-16,2026-09-17
2260.0,102,0,2027-01-16,2026-09-17
2270.0,206,0,2027-01-16,2026-09-17
2280.0,91,0,2027-01-16,2026-09-17
2290.0,158,0,2027-01-16,2026-09-17
2300.0,116,0,2027-01-16,2026-09-17
2310.0,98,0,2027-01-16,2026-09-17
2320.0,159,0,2027-01-16,2026-09-17
2330.0,28,0,2027-01-16,2026-09-17
2340.0,125,0,2027-01-16,2026-09-17
2350.0,113,0,2027-01-16,2026-09-17
2360.0,164,0,2027-01-16,2026-09-17
2370.0,177,0,2027-01-16,2026-09-17
2380.0,152,0,2027-01-16,2026-09-17
2390.0,211,0,2027-01-16,2026-09-17
2400.0,851,0,2027-01-16,2026-09-17
2410.0,133,0,2027-01-16,2026-09-17
2420.0,417,0,2027-01-16,2026-09-17
2440.0,269,0,2027-01-16,2026-09-17
2460.0,156,0,2027-01-16,2026-09-17
2480.0,258,0,2027-01-16,2026-09-17
2500.0,3968,0,2027-01-16,2026-09-17
50.0,1,50,2027-02-20,2026-09-17
55.0,1,50,2027-02-20,2026-09-17
60.0,0,302,2027-02-20,2026-09-17
65.0,0,1,2027-02-20,2026-09-17
70.0,0,0,2027-02-20,2026-09-17
75.0,0,201,2027-02-20,2026-09-17
80.0,0,202,2027-02-20,2026-09-17
85.0,0,407,2027-02-20,2026-09-17
90.0,0,1425,2027-02-20,2026-09-17
95.0,0,501,2027-02-20,2026-09-17
100.0,0,793,2027-02-20,2026-09-17
105.0,1,300,2027-02-20,2026-09-17
110.0,1,348,2027-02-20,2026-09-17
115.0,0,606,2027-02-20,2026-09-17
120.0,0,721,2027-02-20,2026-09-17
125.0,0,437,2027-02-20,2026-09-17
130.0,1,4061,2027-02-20,2026-09-17
135.0,1,698,2027-02-20,2026-09-17
140.0,0,156,2027-02-20,2026-09-17
145.0,0,10,2027-02-20,2026-09-17
150.0,0,61,2027-02-20,2026-09-17
155.0,0,7,2027-02-20,2026-09-17
160.0,0,0,2027-02-20,2026-09-17
165.0,0,2,2027-02-20,2026-09-17
170.0,0,5,2027-02-20,2026-09-17
175.0,47,3,2027-02-20,2026-09-17
180.0,0,86,2027-02-20,2026-09-17
185.0,1,14,2027-02-20,2026-09-17
190.0,1,8,2027-02-20,2026-09-17
195.0,0,18,2027-02-20,2026-09-17
200.0,0,79,2027-02-20,2026-09-17
210.0,0,160,2027-02-20,2026-09-17
220.0,0,28,2027-02-20,2026-09-17
230.0,1,132,2027-02-20,2026-09-17
240.0,0,43,2027-02-20,2026-09-17
250.0,1,56,2027-02-20,2026-09-17
260.0,0,214,2027-02-20,2026-09-17
270.0,3,166,2027-02-20,2026-09-17
280.0,0,29,2027-02-20,2026-09-17
290.0,1,23,2027-02-20,2026-09-17
300.0,31,80,2027-02-20,2026-09-17
310.0,9,14,2027-02-20,2026-09-17
320.0,5,16,2027-02-20,2026-09-17
330.0,1,107,2027-02-20,2026-09-17
340.0,1,30,2027-02-20,2026-09-17
350.0,21,350,2027-02-20,2026-09-17
360.0,0,2,2027-02-20,2026-09-17
360.0,5,123,2027-02-20,2026-09-17
370.0,2,65,2027-02-20,2026-09-17
380.0,10,166,2027-02-20,2026-09-17
390.0,0,124,2027-02-20,2026-09-17
400.0,55,540,2027-02-20,2026-09-17
410.0,5,75,2027-02-20,2026-09-17
420.0,2,203,2027-02-20,2026-09-17
430.0,3,230,2027-02-20,2026-09-17
440.0,5,104,2027-02-20,2026-09-17
450.0,9,1171,2027-02-20,2026-09-17
460.0,12,189,2027-02-20,2026-09-17
470.0,2,186,2027-02-20,2026-09-17
480.0,3,177,2027-02-20,2026-09-17
490.0,2,0,2027-02-20,2026-09-17
490.0,2,327,2027-02-20,2026-09-17
500.0,94,1075,2027-02-20,2026-09-17
510.0,9,182,2027-02-20,2026-09-17
520.0,80,110,2027-02-20,2026-09-17
530.0,6,515,2027-02-20,2026-09-17
540.0,26,279,2027-02-20,2026-09-17
550.0,7,738,2027-02-20,2026-09-17
560.0,11,312,2027-02-20,2026-09-17
570.0,18,740,2027-02-20,2026-09-17
580.0,25,79,2027-02-20,2026-09-17
590.0,18,179,2027-02-20,2026-09-17
600.0,30,1279,2027-02-20,2026-09-17
610.0,8,105,2027-02-20,2026-09-17
620.0,33,523,2027-02-20,2026-09-17
630.0,54,126,2027-02-20,2026-09-17
640.0,55,136,2027-02-20,2026-09-17
650.0,24,712,2027-02-20,2026-09-17
660.0,2,243,2027-02-20,2026-09-17
670.0,4,406,2027-02-20,2026-09-17
680.0,4,281,2027-02-20,2026-09-17
690.0,27,217,2027-02-20,2026-09-17
700.0,91,1442,2027-02-20,2026-09-17
710.0,27,488,2027-02-20,2026-09-17
720.0,12,467,2027-02-20,2026-09-17
730.0,7,243,2027-02-20,2026-09-17
740.0,36,170,2027-02-20,2026-09-17
750.0,65,1007,2027-02-20,2026-09-17
760.0,50,439,2027-02-20,2026-09-17
770.0,310,194,2027-02-20,2026-09-17
780.0,117,294,2027-02-20,2026-09-17
790.0,31,654,2027-02-20,2026-09-17
800.0,101,866,2027-02-20,2026-09-17
810.0,88,153,2027-02-20,2026-09-17
820.0,259,347,2027-02-20,2026-09-17
830.0,370,325,2027-02-20,2026-09-17
840.0,73,781,2027-02-20,2026-09-17
850.0,734,1438,2027-02-20,2026-09-17
860.0,221,356,2027-02-20,2026-09-17
870.0,144,366,2027-02-20,2026-09-17
880.0,89,200,2027-02-20,2026-09-17
890.0,137,166,2027-02-20,2026-09-17
900.0,392,1000,2027-02-20,2026-09-17
910.0,417,231,2027-02-20,2026-09-17
920.0,303,198,2027-02-20,2026-09-17
930.0,163,188,2027-02-20,2026-09-17
940.0,391,142,2027-02-20,2026-09-17
950.0,6500,6500,2027-02-20,2026-09-17
950.0,433,164,2027-02-20,2026-09-17
960.0,584,90,2027-02-20,2026-09-17
970.0,239,111,2027-02-20,2026-09-17
980.0,211,107,2027-02-20,2026-09-17
990.0,39,382,2027-02-20,2026-09-17
1000.0,530,204,2027-02-20,2026-09-17
1010.0,234,93,2027-02-20,2026-09-17
1020.0,237,78,2027-02-20,2026-09-17
1030.0,143,92,2027-02-20,2026-09-17
1040.0,108,67,2027-02-20,2026-09-17
1050.0,89,93,2027-02-20,2026-09-17
1060.0,67,89,2027-02-20,2026-09-17
1070.0,171,90,2027-02-20,2026-09-17
1080.0,100,89,2027-02-20,2026-09-17
1090.0,79,52,2027-02-20,2026-09-17
1100.0,535,50,2027-02-20,2026-09-17
1110.0,196,19,2027-02-20,2026-09-17
1120.0,171,38,2027-02-20,2026-09-17
1130.0,180,45,2027-02-20,2026-09-17
1140.0,130,5,2027-02-20,2026-09-17
1150.0,119,41,2027-02-20,2026-09-17
1160.0,165,5,2027-02-20,2026-09-17
1170.0,149,45,2027-02-20,2026-09-17
1180.0,239,36,2027-02-20,2026-09-17
1190.0,181,31,2027-02-20,2026-09-17
1200.0,1351,37,2027-02-20,2026-09-17
1210.0,111,5,2027-02-20,2026-09-17
1220.0,149,2,2027-02-20,2026-09-17
1230.0,133,5,2027-02-20,2026-09-17
1240.0,88,3,2027-02-20,2026-09-17
1250.0,637,3,2027-02-20,2026-09-17
1260.0,231,1,2027-02-20,2026-09-17
1270.0,203,0,2027-02-20,2026-09-17
1280.0,180,64,2027-02-20,2026-09-17
1290.0,194,3,2027-02-20,2026-09-17
1300.0,263,75,2027-02-20,2026-09-17
1310.0,314,2,2027-02-20,2026-09-17
1320.0,172,0,2027-02-20,2026-09-17
1330.0,195,2,2027-02-20,2026-09-17
1340.0,78,0,2027-02-20,2026-09-17
1350.0,237,1,2027-02-20,2026-09-17
1360.0,464,2,2027-02-20,2026-09-17
1370.0,106,8,2027-02-20,2026-09-17
1380.0,139,6,2027-02-20,2026-09-17
1390.0,91,1,2027-02-20,2026-09-17
1400.0,397,71,2027-02-20,2026-09-17
1410.0,78,3,2027-02-20,2026-09-17
1420.0,110,0,2027-02-20,2026-09-17
1430.0,53,1,2027-02-20,2026-09-17
1440.0,463,0,2027-02-20,2026-09-17
1450.0,168,2,2027-02-20,2026-09-17
1460.0,159,2,2027-02-20,2026-09-17
1470.0,164,4,2027-02-20,2026-09-17
1480.0,252,105,2027-02-20,2026-09-17
1490.0,197,2,2027-02-20,2026-09-17
1500.0,746,90,2027-02-20,2026-09-17
1510.0,64,15,2027-02-20,2026-09-17
1520.0,428,0,2027-02-20,2026-09-17
1530.0,267,1,2027-02-20,2026-09-17
1540.0,207,0,2027-02-20,2026-09-17
1550.0,205,0,2027-02-20,2026-09-17
1560.0,76,0,2027-02-20,2026-09-17
1570.0,442,0,2027-02-20,2026-09-17
1580.0,236,0,2027-02-20,2026-09-17
1590.0,128,0,2027-02-20,2026-09-17
1600.0,240,0,2027-02-20,2026-09-17
1610.0,84,26,2027-02-20,2026-09-17
1620.0,195,0,2027-02-20,2026-09-17
1630.0,517,0,2027-02-20,2026-09-17
1640.0,189,1,2027-02-20,2026-09-17
1650.0,236,0,2027-02-20,2026-09-17
1660.0,115,7,2027-02-20,2026-09-17
1670.0,137,0,2027-02-20,2026-09-17
1680.0,144,0,2027-02-20,2026-09-17
1690.0,34,0,2027-02-20,2026-09-17
1700.0,424,4,2027-02-20,2026-09-17
1710.0,116,1,2027-02-20,2026-09-17
1720.0,202,1,2027-02-20,2026-09-17
1730.0,348,0,2027-02-20,2026-09-17
1740.0,197,0,2027-02-20,2026-09-17
1750.0,151,1,2027-02-20,2026-09-17
1760.0,30,0,2027-02-20,2026-09-17
1770.0,48,0,2027-02-20,2026-09-17
1780.0,354,0,2027-02-20,2026-09-17
1790.0,178,0,2027-02-20,2026-09-17
1800.0,209,0,2027-02-20,2026-09-17
1810.0,20,0,2027-02-20,2026-09-17
1820.0,157,0,2027-02-20,2026-09-17
1830.0,237,0,2027-02-20,2026-09-17
1840.0,21,0,2027-02-20,2026-09-17
1850.0,283,0,2027-02-20,2026-09-17
1860.0,160,0,2027-02-20,2026-09-17
1870.0,129,0,2027-02-20,2026-09-17
1880.0,62,0,2027-02-20,2026-09-17
1890.0,639,0,2027-02-20,2026-09-17
1900.0,81,21,2027-02-20,2026-09-17
1910.0,53,0,2027-02-20,2026-09-17
1920.0,68,0,2027-02-20,2026-09-17
1930.0,123,0,2027-02-20,2026-09-17
1940.0,99,0,2027-02-20,2026-09-17
1950.0,1064,0,2027-02-20,2026-09-17
1960.0,123,0,2027-02-20,2026-09-17
1970.0,192,0,2027-02-20,2026-09-17
1980.0,79,0,2027-02-20,2026-09-17
1990.0,148,0,2027-02-20,2026-09-17
2000.0,244,1,2027-02-20,2026-09-17
2010.0,45,0,2027-02-20,2026-09-17
2020.0,321,0,2027-02-20,2026-09-17
2030.0,262,0,2027-02-20,2026-09-17
2040.0,271,0,2027-02-20,2026-09-17
2050.0,262,0,2027-02-20,2026-09-17
2060.0,314,0,2027-02-20,2026-09-17
2070.0,206,0,2027-02-20,2026-09-17
2080.0,218,0,2027-02-20,2026-09-17
2090.0,354,0,2027-02-20,2026-09-17
2100.0,239,0,2027-02-20,2026-09-17
2110.0,495,0,2027-02-20,2026-09-17
2120.0,426,0,2027-02-20,2026-09-17
5.0,627,845,2027-03-20,2026-09-17
10.0,115,121,2027-03-20,2026-09-17
15.0,12,162,2027-03-20,2026-09-17
20.0,0,26,2027-03-20,2026-09-17
25.0,0,10,2027-03-20,2026-09-17
30.0,0,0,2027-03-20,2026-09-17
35.0,0,7,2027-03-20,2026-09-17
40.0,1,1160,2027-03-20,2026-09-17
45.0,0,430,2027-03-20,2026-09-17
50.0,13,20,2027-03-20,2026-09-17
55.0,1,80,2027-03-20,2026-09-17
60.0,3,59,2027-03-20,2026-09-17
65.0,1,47,2027-03-20,2026-09-17
70.0,1,22,2027-03-20,2026-09-17
75.0,0,19,2027-03-20,2026-09-17
80.0,0,50,2027-03-20,2026-09-17
85.0,16,35,2027-03-20,2026-09-17
90.0,40,47,2027-03-20,2026-09-17
95.0,61,58,2027-03-20,2026-09-17
100.0,61,81,2027-03-20,2026-09-17
105.0,11,66,2027-03-20,2026-09-17
110.0,10,721,2027-03-20,2026-09-17
115.0,2,200,2027-03-20,2026-09-17
120.0,20,132,2027-03-20,2026-09-17
125.0,24,717,2027-03-20,2026-09-17
130.0,4,125,2027-03-20,2026-09-17
135.0,7,164,2027-03-20,2026-09-17
140.0,10,54,2027-03-20,2026-09-17
145.0,5,75,2027-03-20,2026-09-17
150.0,147,718,2027-03-20,2026-09-17
155.0,2,96,2027-03-20,2026-09-17
160.0,6,117,2027-03-20,2026-09-17
165.0,11,35,2027-03-20,2026-09-17
170.0,11,133,2027-03-20,2026-09-17
175.0,1,141,2027-03-20,2026-09-17
180.0,10,187,2027-03-20,2026-09-17
185.0,16,484,2027-03-20,2026-09-17
190.0,13,194,2027-03-20,2026-09-17
195.0,9,1615,2027-03-20,2026-09-17
200.0,48,319,2027-03-20,2026-09-17
210.0,71,319,2027-03-20,2026-09-17
220.0,93,382,2027-03-20,2026-09-17
230.0,62,492,2027-03-20,2026-09-17
240.0,24,824,2027-03-20,2026-09-17
250.0,89,1412,2027-03-20,2026-09-17
260.0,135,953,2027-03-20,2026-09-17
270.0,19,597,2027-03-20,2026-09-17
280.0,45,180,2027-03-20,2026-09-17
290.0,163,741,2027-03-20,2026-09-17
300.0,153,1251,2027-03-20,2026-09-17
310.0,98,943,2027-03-20,2026-09-17
320.0,50,387,2027-03-20,2026-09-17
330.0,66,519,2027-03-20,2026-09-17
340.0,81,1651,2027-03-20,2026-09-17
350.0,270,1271,2027-03-20,2026-09-17
360.0,259,375,2027-03-20,2026-09-17
370.0,186,292,2027-03-20,2026-09-17
380.0,443,192,2027-03-20,2026-09-17
390.0,490,529,2027-03-20,2026-09-17
400.0,435,2631,2027-03-20,2026-09-17
410.0,80,232,2027-03-20,2026-09-17
420.0,134,873,2027-03-20,2026-09-17
430.0,343,684,2027-03-20,2026-09-17
440.0,106,368,2027-03-20,2026-09-17
450.0,533,1718,2027-03-20,2026-09-17
460.0,166,1728,2027-03-20,2026-09-17
470.0,159,1252,2027-03-20,2026-09-17
480.0,261,378,2027-03-20,2026-09-17
490.0,156,364,2027-03-20,2026-09-17
500.0,706,1686,2027-03-20,2026-09-17
510.0,215,289,2027-03-20,2026-09-17
520.0,3494,605,2027-03-20,2026-09-17
530.0,343,346,2027-03-20,2026-09-17
540.0,298,218,2027-03-20,2026-09-17
550.0,817,708,2027-03-20,2026-09-17
560.0,319,1627,2027-03-20,2026-09-17
570.0,180,437,2027-03-20,2026-09-17
580.0,184,933,2027-03-20,2026-09-17
590.0,185,347,2027-03-20,2026-09-17
600.0,972,1703,2027-03-20,2026-09-17
610.0,170,385,2027-03-20,2026-09-17
620.0,234,422,2027-03-20,2026-09-17
630.0,123,1537,2027-03-20,2026-09-17
640.0,170,861,2027-03-20,2026-09-17
650.0,1012,2341,2027-03-20,2026-09-17
660.0,288,1672,2027-03-20,2026-09-17
670.0,674,319,2027-03-20,2026-09-17
680.0,191,558,2027-03-20,2026-09-17
690.0,218,623,2027-03-20,2026-09-17
700.0,669,3731,2027-03-20,2026-09-17
710.0,605,214,2027-03-20,2026-09-17
720.0,1337,334,2027-03-20,2026-09-17
730.0,143,833,2027-03-20,2026-09-17
740.0,562,415,2027-03-20,2026-09-17
750.0,504,2583,2027-03-20,2026-09-17
760.0,0,20,2027-03-20,2026-09-17
760.0,123,778,2027-03-20,2026-09-17
770.0,523,644,2027-03-20,2026-09-17
780.0,174,492,2027-03-20,2026-09-17
790.0,127,792,2027-03-20,2026-09-17
800.0,1824,4556,2027-03-20,2026-09-17
810.0,251,533,2027-03-20,2026-09-17
820.0,175,1234,2027-03-20,2026-09-17
830.0,561,350,2027-03-20,2026-09-17
840.0,209,447,2027-03-20,2026-09-17
850.0,803,2074,2027-03-20,2026-09-17
860.0,185,827,2027-03-20,2026-09-17
870.0,402,412,2027-03-20,2026-09-17
880.0,509,566,2027-03-20,2026-09-17
890.0,210,191,2027-03-20,2026-09-17
900.0,1166,2836,2027-03-20,2026-09-17
910.0,222,436,2027-03-20,2026-09-17
920.0,1071,156,2027-03-20,2026-09-17
930.0,128,150,2027-03-20,2026-09-17
940.0,294,335,2027-03-20,2026-09-17
950.0,1000,1000,2027-03-20,2026-09-17
950.0,854,555,2027-03-20,2026-09-17
960.0,774,168,2027-03-20,2026-09-17
970.0,638,129,2027-03-20,2026-09-17
980.0,292,54,2027-03-20,2026-09-17
990.0,301,205,2027-03-20,2026-09-17
1000.0,2054,1084,2027-03-20,2026-09-17
1010.0,620,93,2027-03-20,2026-09-17
1020.0,753,192,2027-03-20,2026-09-17
1030.0,577,77,2027-03-20,2026-09-17
1040.0,321,273,2027-03-20,2026-09-17
1050.0,659,478,2027-03-20,2026-09-17
1060.0,491,219,2027-03-20,2026-09-17
1070.0,185,253,2027-03-20,2026-09-17
1080.0,556,220,2027-03-20,2026-09-17
1090.0,288,63,2027-03-20,2026-09-17
1100.0,10,0,2027-03-20,2026-09-17
1100.0,967,261,2027-03-20,2026-09-17
1110.0,327,84,2027-03-20,2026-09-17
1120.0,241,45,2027-03-20,2026-09-17
1130.0,232,74,2027-03-20,2026-09-17
1140.0,164,80,2027-03-20,2026-09-17
1150.0,1091,105,2027-03-20,2026-09-17
1160.0,177,36,2027-03-20,2026-09-17
1170.0,64,231,2027-03-20,2026-09-17
1180.0,399,68,2027-03-20,2026-09-17
1190.0,162,50,2027-03-20,2026-09-17
1200.0,1672,389,2027-03-20,2026-09-17
1210.0,173,40,2027-03-20,2026-09-17
1220.0,578,41,2027-03-20,2026-09-17
1230.0,86,15,2027-03-20,2026-09-17
1240.0,549,39,2027-03-20,2026-09-17
1250.0,396,299,2027-03-20,2026-09-17
1260.0,301,17,2027-03-20,2026-09-17
1270.0,236,42,2027-03-20,2026-09-17
1280.0,592,35,2027-03-20,2026-09-17
1290.0,63,10,2027-03-20,2026-09-17
1300.0,1759,26,2027-03-20,2026-09-17
1310.0,540,41,2027-03-20,2026-09-17
1320.0,486,15,2027-03-20,2026-09-17
1330.0,130,48,2027-03-20,2026-09-17
1340.0,450,89,2027-03-20,2026-09-17
1350.0,829,67,2027-03-20,2026-09-17
1360.0,716,14,2027-03-20,2026-09-17
1370.0,256,40,2027-03-20,2026-09-17
1380.0,10,0,2027-03-20,2026-09-17
1380.0,128,13,2027-03-20,2026-09-17
1390.0,0,0,2027-03-20,2026-09-17
1390.0,318,9,2027-03-20,2026-09-17
1400.0,10,0,2027-03-20,2026-09-17
1400.0,2743,17,2027-03-20,2026-09-17
1410.0,20,0,2027-03-20,2026-09-17
1410.0,343,22,2027-03-20,2026-09-17
1420.0,580,18,2027-03-20,2026-09-17
1430.0,247,44,2027-03-20,2026-09-17
1440.0,10,0,2027-03-20,2026-09-17
1440.0,234,14,2027-03-20,2026-09-17
1450.0,175,39,2027-03-20,2026-09-17
1460.0,213,28,2027-03-20,2026-09-17
1470.0,99,45,2027-03-20,2026-09-17
1480.0,398,13,2027-03-20,2026-09-17
1490.0,412,11,2027-03-20,2026-09-17
1500.0,1644,114,2027-03-20,2026-09-17
1510.0,529,12,2027-03-20,2026-09-17
1520.0,218,3,2027-03-20,2026-09-17
1530.0,556,30,2027-03-20,2026-09-17
1540.0,256,49,2027-03-20,2026-09-17
1550.0,135,65,2027-03-20,2026-09-17
1560.0,379,8,2027-03-20,2026-09-17
1570.0,196,6,2027-03-20,2026-09-17
1580.0,252,32,2027-03-20,2026-09-17
1590.0,586,38,2027-03-20,2026-09-17
1600.0,0,0,2027-03-20,2026-09-17
1600.0,572,13,2027-03-20,2026-09-17
1610.0,97,8,2027-03-20,2026-09-17
1620.0,335,74,2027-03-20,2026-09-17
1630.0,664,85,2027-03-20,2026-09-17
1640.0,166,1,2027-03-20,2026-09-17
1650.0,124,21,2027-03-20,2026-09-17
1660.0,699,22,2027-03-20,2026-09-17
1670.0,195,7,2027-03-20,2026-09-17
1680.0,342,3,2027-03-20,2026-09-17
1690.0,248,3,2027-03-20,2026-09-17
1700.0,430,2,2027-03-20,2026-09-17
1710.0,138,19,2027-03-20,2026-09-17
1720.0,287,4,2027-03-20,2026-09-17
1730.0,150,1,2027-03-20,2026-09-17
1740.0,252,3,2027-03-20,2026-09-17
1750.0,251,20,2027-03-20,2026-09-17
1760.0,361,2,2027-03-20,2026-09-17
1770.0,342,0,2027-03-20,2026-09-17
1780.0,140,4,2027-03-20,2026-09-17
1790.0,207,23,2027-03-20,2026-09-17
1800.0,569,28,2027-03-20,2026-09-17
1810.0,171,25,2027-03-20,2026-09-17
1820.0,122,0,2027-03-20,2026-09-17
1830.0,268,101,2027-03-20,2026-09-17
1840.0,30,0,2027-03-20,2026-09-17
1850.0,68,132,2027-03-20,2026-09-17
1860.0,178,5,2027-03-20,2026-09-17
1870.0,66,30,2027-03-20,2026-09-17
1880.0,103,23,2027-03-20,2026-09-17
1890.0,319,2,2027-03-20,2026-09-17
1900.0,701,8,2027-03-20,2026-09-17
1910.0,400,48,2027-03-20,2026-09-17
1920.0,108,4,2027-03-20,2026-09-17
1930.0,80,1,2027-03-20,2026-09-17
1940.0,134,0,2027-03-20,2026-09-17
1950.0,267,14,2027-03-20,2026-09-17
1960.0,220,0,2027-03-20,2026-09-17
1970.0,127,2,2027-03-20,2026-09-17
1980.0,223,0,2027-03-20,2026-09-17
1990.0,94,1,2027-03-20,2026-09-17
2000.0,850,8,2027-03-20,2026-09-17
2010.0,70,3,2027-03-20,2026-09-17
2020.0,139,0,2027-03-20,2026-09-17
2030.0,48,0,2027-03-20,2026-09-17
2040.0,91,0,2027-03-20,2026-09-17
2050.0,141,0,2027-03-20,2026-09-17
2060.0,64,1,2027-03-20,2026-09-17
2070.0,121,2,2027-03-20,2026-09-17
2080.0,239,0,2027-03-20,2026-09-17
2090.0,188,2,2027-03-20,2026-09-17
2100.0,248,0,2027-03-20,2026-09-17
2110.0,37,0,2027-03-20,2026-09-17
2120.0,135,0,2027-03-20,2026-09-17
2130.0,89,0,2027-03-20,2026-09-17
2140.0,114,0,2027-03-20,2026-09-17
2150.0,268,0,2027-03-20,2026-09-17
2160.0,150,0,2027-03-20,2026-09-17
2170.0,462,0,2027-03-20,2026-09-17
2180.0,277,0,2027-03-20,2026-09-17
2190.0,189,0,2027-03-20,2026-09-17
2200.0,243,4,2027-03-20,2026-09-17
2210.0,17,0,2027-03-20,2026-09-17
2220.0,122,0,2027-03-20,2026-09-17
2230.0,75,0,2027-03-20,2026-09-17
2240.0,158,1,2027-03-20,2026-09-17
2250.0,200,0,2027-03-20,2026-09-17
2260.0,145,0,2027-03-20,2026-09-17
2270.0,42,0,2027-03-20,2026-09-17
2280.0,121,0,2027-03-20,2026-09-17
2290.0,54,0,2027-03-20,2026-09-17
2300.0,38,0,2027-03-20,2026-09-17
2310.0,34,0,2027-03-20,2026-09-17
2320.0,54,0,2027-03-20,2026-09-17
2330.0,24,2,2027-03-20,2026-09-17
2340.0,158,0,2027-03-20,2026-09-17
2350.0,182,2,2027-03-20,2026-09-17
2360.0,69,0,2027-03-20,2026-09-17
2370.0,81,0,2027-03-20,2026-09-17
2380.0,75,0,2027-03-20,2026-09-17
2390.0,294,0,2027-03-20,2026-09-17
2400.0,786,0,2027-03-20,2026-09-17
2410.0,336,0,2027-03-20,2026-09-17
2420.0,177,0,2027-03-20,2026-09-17
2440.0,80,0,2027-03-20,2026-09-17
2460.0,129,0,2027-03-20,2026-09-17
2480.0,242,0,2027-03-20,2026-09-17
2500.0,3310,2,2027-03-20,2026-09-17
305.67,0,25,2027-03-26,2026-09-17
284.37,0,55,2027-03-31,2026-09-17
470.0,3,276,2027-04-17,2026-09-17
480.0,0,201,2027-04-17,2026-09-17
490.0,0,0,2027-04-17,2026-09-17
490.0,1,854,2027-04-17,2026-09-17
500.0,5,255,2027-04-17,2026-09-17
520.0,1,121,2027-04-17,2026-09-17
540.0,1,480,2027-04-17,2026-09-17
560.0,3,163,2027-04-17,2026-09-17
580.0,1,202,2027-04-17,2026-09-17
600.0,9,445,2027-04-17,2026-09-17
620.0,3,209,2027-04-17,2026-09-17
640.0,3,123,2027-04-17,2026-09-17
660.0,2,560,2027-04-17,2026-09-17
680.0,20,289,2027-04-17,2026-09-17
700.0,37,166,2027-04-17,2026-09-17
720.0,4,280,2027-04-17,2026-09-17
740.0,2,392,2027-04-17,2026-09-17
760.0,0,595,2027-04-17,2026-09-17
780.0,57,393,2027-04-17,2026-09-17
790.0,3,547,2027-04-17,2026-09-17
800.0,245,1500,2027-04-17,2026-09-17
810.0,6,256,2027-04-17,2026-09-17
820.0,12,120,2027-04-17,2026-09-17
830.0,76,244,2027-04-17,2026-09-17
840.0,72,117,2027-04-17,2026-09-17
850.0,99,234,2027-04-17,2026-09-17
860.0,20,344,2027-04-17,2026-09-17
870.0,23,106,2027-04-17,2026-09-17
880.0,222,199,2027-04-17,2026-09-17
890.0,33,91,2027-04-17,2026-09-17
900.0,91,202,2027-04-17,2026-09-17
910.0,289,50,2027-04-17,2026-09-17
920.0,155,37,2027-04-17,2026-09-17
930.0,218,249,2027-04-17,2026-09-17
940.0,71,107,2027-04-17,2026-09-17
950.0,198,78,2027-04-17,2026-09-17
960.0,73,19,2027-04-17,2026-09-17
970.0,65,42,2027-04-17,2026-09-17
980.0,29,47,2027-04-17,2026-09-17
990.0,95,123,2027-04-17,2026-09-17
1000.0,282,117,2027-04-17,2026-09-17
1010.0,76,104,2027-04-17,2026-09-17
1020.0,301,18,2027-04-17,2026-09-17
1030.0,40,157,2027-04-17,2026-09-17
1040.0,20,327,2027-04-17,2026-09-17
1050.0,48,79,2027-04-17,2026-09-17
1060.0,200,169,2027-04-17,2026-09-17
1070.0,52,45,2027-04-17,2026-09-17
1080.0,32,15,2027-04-17,2026-09-17
1100.0,0,0,2027-04-17,2026-09-17
1100.0,362,100,2027-04-17,2026-09-17
1120.0,50,6,2027-04-17,2026-09-17
1140.0,97,4,2027-04-17,2026-09-17
1160.0,803,4,2027-04-17,2026-09-17
1180.0,37,8,2027-04-17,2026-09-17
1200.0,104,55,2027-04-17,2026-09-17
1220.0,136,5,2027-04-17,2026-09-17
1240.0,46,8,2027-04-17,2026-09-17
1260.0,48,5,2027-04-17,2026-09-17
1280.0,180,7,2027-04-17,2026-09-17
1300.0,456,3,2027-04-17,2026-09-17
1320.0,103,5,2027-04-17,2026-09-17
1340.0,78,50,2027-04-17,2026-09-17
1360.0,79,0,2027-04-17,2026-09-17
1380.0,32,1,2027-04-17,2026-09-17
1400.0,126,2,2027-04-17,2026-09-17
1420.0,44,1,2027-04-17,2026-09-17
1440.0,181,0,2027-04-17,2026-09-17
1460.0,586,0,2027-04-17,2026-09-17
1480.0,97,0,2027-04-17,2026-09-17
5.0,1610,0,2027-06-18,2026-09-17
10.0,5,1,2027-06-18,2026-09-17
15.0,28,3,2027-06-18,2026-09-17
20.0,0,11,2027-06-18,2026-09-17
25.0,6,30,2027-06-18,2026-09-17
30.0,1,2,2027-06-18,2026-09-17
35.0,32,2522,2027-06-18,2026-09-17
40.0,5,968,2027-06-18,2026-09-17
45.0,80,1235,2027-06-18,2026-09-17
50.0,55,84,2027-06-18,2026-09-17
55.0,68,577,2027-06-18,2026-09-17
60.0,117,1084,2027-06-18,2026-09-17
65.0,113,343,2027-06-18,2026-09-17
70.0,156,5075,2027-06-18,2026-09-17
75.0,116,747,2027-06-18,2026-09-17
80.0,245,400,2027-06-18,2026-09-17
85.0,153,1285,2027-06-18,2026-09-17
90.0,123,1784,2027-06-18,2026-09-17
95.0,134,966,2027-06-18,2026-09-17
100.0,305,364,2027-06-18,2026-09-17
105.0,252,243,2027-06-18,2026-09-17
110.0,266,558,2027-06-18,2026-09-17
115.0,196,288,2027-06-18,2026-09-17
120.0,429,348,2027-06-18,2026-09-17
125.0,143,150,2027-06-18,2026-09-17
130.0,462,535,2027-06-18,2026-09-17
135.0,287,98,2027-06-18,2026-09-17
140.0,2680,173,2027-06-18,2026-09-17
145.0,86,182,2027-06-18,2026-09-17
150.0,209,1394,2027-06-18,2026-09-17
155.0,172,162,2027-06-18,2026-09-17
160.0,111,339,2027-06-18,2026-09-17
165.0,185,218,2027-06-18,2026-09-17
170.0,132,263,2027-06-18,2026-09-17
175.0,118,219,2027-06-18,2026-09-17
180.0,115,321,2027-06-18,2026-09-17
185.0,225,124,2027-06-18,2026-09-17
190.0,122,99,2027-06-18,2026-09-17
195.0,89,111,2027-06-18,2026-09-17
200.0,405,1017,2027-06-18,2026-09-17
210.0,172,260,2027-06-18,2026-09-17
220.0,138,424,2027-06-18,2026-09-17
230.0,223,627,2027-06-18,2026-09-17
240.0,149,1018,2027-06-18,2026-09-17
250.0,429,2732,2027-06-18,2026-09-17
260.0,3855,316,2027-06-18,2026-09-17
270.0,94,608,2027-06-18,2026-09-17
280.0,70,561,2027-06-18,2026-09-17
290.0,662,633,2027-06-18,2026-09-17
300.0,624,3707,2027-06-18,2026-09-17
310.0,144,463,2027-06-18,2026-09-17
320.0,145,141,2027-06-18,2026-09-17
330.0,308,640,2027-06-18,2026-09-17
340.0,296,361,2027-06-18,2026-09-17
350.0,425,931,2027-06-18,2026-09-17
360.0,153,676,2027-06-18,2026-09-17
370.0,123,461,2027-06-18,2026-09-17
380.0,495,581,2027-06-18,2026-09-17
390.0,265,577,2027-06-18,2026-09-17
400.0,1126,4137,2027-06-18,2026-09-17
410.0,286,642,2027-06-18,2026-09-17
420.0,329,534,2027-06-18,2026-09-17
430.0,370,401,2027-06-18,2026-09-17
440.0,288,523,2027-06-18,2026-09-17
450.0,386,1281,2027-06-18,2026-09-17
460.0,163,284,2027-06-18,2026-09-17
470.0,737,824,2027-06-18,2026-09-17
480.0,432,370,2027-06-18,2026-09-17
490.0,301,696,2027-06-18,2026-09-17
500.0,1404,1889,2027-06-18,2026-09-17
510.0,675,634,2027-06-18,2026-09-17
520.0,267,217,2027-06-18,2026-09-17
530.0,30,0,2027-06-18,2026-09-17
530.0,368,337,2027-06-18,2026-09-17
540.0,1948,688,2027-06-18,2026-09-17
550.0,746,2143,2027-06-18,2026-09-17
560.0,465,595,2027-06-18,2026-09-17
570.0,266,274,2027-06-18,2026-09-17
580.0,363,940,2027-06-18,2026-09-17
590.0,222,1020,2027-06-18,2026-09-17
600.0,1203,4550,2027-06-18,2026-09-17
610.0,387,433,2027-06-18,2026-09-17
620.0,183,635,2027-06-18,2026-09-17
630.0,501,406,2027-06-18,2026-09-17
640.0,447,880,2027-06-18,2026-09-17
650.0,1039,2055,2027-06-18,2026-09-17
660.0,265,287,2027-06-18,2026-09-17
670.0,273,338,2027-06-18,2026-09-17
680.0,400,478,2027-06-18,2026-09-17
690.0,2263,395,2027-06-18,2026-09-17
700.0,2429,2548,2027-06-18,2026-09-17
710.0,279,249,2027-06-18,2026-09-17
720.0,939,1197,2027-06-18,2026-09-17
730.0,441,516,2027-06-18,2026-09-17
740.0,2752,426,2027-06-18,2026-09-17
750.0,1679,3053,2027-06-18,2026-09-17
760.0,596,428,2027-06-18,2026-09-17
770.0,225,341,2027-06-18,2026-09-17
780.0,468,1911,2027-06-18,2026-09-17
790.0,1195,353,2027-06-18,2026-09-17
800.0,0,290,2027-06-18,2026-09-17
800.0,1868,3112,2027-06-18,2026-09-17
810.0,172,411,2027-06-18,2026-09-17
820.0,392,295,2027-06-18,2026-09-17
830.0,632,446,2027-06-18,2026-09-17
840.0,268,735,2027-06-18,2026-09-17
850.0,825,1478,2027-06-18,2026-09-17
860.0,288,266,2027-06-18,2026-09-17
870.0,1298,962,2027-06-18,2026-09-17
880.0,676,418,2027-06-18,2026-09-17
890.0,2080,233,2027-06-18,2026-09-17
900.0,2990,3219,2027-06-18,2026-09-17
910.0,1693,425,2027-06-18,2026-09-17
920.0,373,236,2027-06-18,2026-09-17
930.0,556,665,2027-06-18,2026-09-17
940.0,337,258,2027-06-18,2026-09-17
950.0,1329,1060,2027-06-18,2026-09-17
960.0,359,378,2027-06-18,2026-09-17
970.0,265,207,2027-06-18,2026-09-17
980.0,382,136,2027-06-18,2026-09-17
990.0,210,104,2027-06-18,2026-09-17
1000.0,2514,1142,2027-06-18,2026-09-17
1010.0,217,120,2027-06-18,2026-09-17
1020.0,294,59,2027-06-18,2026-09-17
1030.0,166,147,2027-06-18,2026-09-17
1040.0,219,83,2027-06-18,2026-09-17
1050.0,613,518,2027-06-18,2026-09-17
1060.0,768,687,2027-06-18,2026-09-17
1070.0,243,83,2027-06-18,2026-09-17
1080.0,345,115,2027-06-18,2026-09-17
1090.0,355,108,2027-06-18,2026-09-17
1100.0,1859,606,2027-06-18,2026-09-17
1110.0,249,63,2027-06-18,2026-09-17
1120.0,164,102,2027-06-18,2026-09-17
1130.0,93,54,2027-06-18,2026-09-17
1140.0,209,119,2027-06-18,2026-09-17
1150.0,635,50,2027-06-18,2026-09-17
1160.0,339,33,2027-06-18,2026-09-17
1170.0,188,111,2027-06-18,2026-09-17
1180.0,321,97,2027-06-18,2026-09-17
1190.0,62,56,2027-06-18,2026-09-17
1200.0,2020,67,2027-06-18,2026-09-17
1210.0,1439,31,2027-06-18,2026-09-17
1220.0,183,47,2027-06-18,2026-09-17
1230.0,79,27,2027-06-18,2026-09-17
1240.0,225,105,2027-06-18,2026-09-17
1250.0,11,0,2027-06-18,2026-09-17
1250.0,846,470,2027-06-18,2026-09-17
1260.0,173,39,2027-06-18,2026-09-17
1270.0,100,27,2027-06-18,2026-09-17
1280.0,101,89,2027-06-18,2026-09-17
1290.0,535,62,2027-06-18,2026-09-17
1300.0,1268,256,2027-06-18,2026-09-17
1310.0,55,37,2027-06-18,2026-09-17
1320.0,168,81,2027-06-18,2026-09-17
1330.0,88,88,2027-06-18,2026-09-17
1340.0,265,59,2027-06-18,2026-09-17
1350.0,600,571,2027-06-18,2026-09-17
1360.0,315,50,2027-06-18,2026-09-17
1370.0,141,28,2027-06-18,2026-09-17
1380.0,294,65,2027-06-18,2026-09-17
1390.0,134,96,2027-06-18,2026-09-17
1400.0,1093,173,2027-06-18,2026-09-17
1410.0,229,141,2027-06-18,2026-09-17
1420.0,329,157,2027-06-18,2026-09-17
1430.0,428,81,2027-06-18,2026-09-17
1440.0,277,121,2027-06-18,2026-09-17
1450.0,402,79,2027-06-18,2026-09-17
1460.0,491,117,2027-06-18,2026-09-17
1470.0,294,19,2027-06-18,2026-09-17
1480.0,302,50,2027-06-18,2026-09-17
1490.0,163,38,2027-06-18,2026-09-17
1500.0,2223,111,2027-06-18,2026-09-17
1510.0,180,11,2027-06-18,2026-09-17
1520.0,538,35,2027-06-18,2026-09-17
1530.0,187,36,2027-06-18,2026-09-17
1540.0,163,28,2027-06-18,2026-09-17
1550.0,118,13,2027-06-18,2026-09-17
1560.0,351,13,2027-06-18,2026-09-17
1570.0,527,12,2027-06-18,2026-09-17
1580.0,111,31,2027-06-18,2026-09-17
1590.0,417,10,2027-06-18,2026-09-17
1600.0,1727,68,2027-06-18,2026-09-17
1610.0,272,10,2027-06-18,2026-09-17
1620.0,478,30,2027-06-18,2026-09-17
1630.0,214,77,2027-06-18,2026-09-17
1640.0,299,20,2027-06-18,2026-09-17
1650.0,276,28,2027-06-18,2026-09-17
1660.0,566,17,2027-06-18,2026-09-17
1670.0,143,82,2027-06-18,2026-09-17
1680.0,41,6,2027-06-18,2026-09-17
1690.0,225,35,2027-06-18,2026-09-17
1700.0,373,83,2027-06-18,2026-09-17
1710.0,297,27,2027-06-18,2026-09-17
1720.0,442,23,2027-06-18,2026-09-17
1730.0,181,17,2027-06-18,2026-09-17
1740.0,174,26,2027-06-18,2026-09-17
1750.0,264,16,2027-06-18,2026-09-17
1760.0,108,48,2027-06-18,2026-09-17
1770.0,171,18,2027-06-18,2026-09-17
1775.0,290,0,2027-06-18,2026-09-17
1780.0,302,52,2027-06-18,2026-09-17
1790.0,223,11,2027-06-18,2026-09-17
1800.0,1695,30,2027-06-18,2026-09-17
1810.0,156,7,2027-06-18,2026-09-17
1820.0,205,1,2027-06-18,2026-09-17
1830.0,384,2,2027-06-18,2026-09-17
1840.0,210,3,2027-06-18,2026-09-17
1850.0,173,20,2027-06-18,2026-09-17
1860.0,220,19,2027-06-18,2026-09-17
1870.0,163,0,2027-06-18,2026-09-17
1880.0,359,25,2027-06-18,2026-09-17
1890.0,293,0,2027-06-18,2026-09-17
1900.0,775,7,2027-06-18,2026-09-17
1910.0,524,204,2027-06-18,2026-09-17
1920.0,295,1,2027-06-18,2026-09-17
1930.0,530,1,2027-06-18,2026-09-17
1940.0,385,7,2027-06-18,2026-09-17
1950.0,133,0,2027-06-18,2026-09-17
1960.0,475,0,2027-06-18,2026-09-17
1970.0,122,1,2027-06-18,2026-09-17
1980.0,93,5,2027-06-18,2026-09-17
1990.0,38,1,2027-06-18,2026-09-17
2000.0,1681,4,2027-06-18,2026-09-17
2010.0,87,31,2027-06-18,2026-09-17
2020.0,248,1,2027-06-18,2026-09-17
2030.0,46,2,2027-06-18,2026-09-17
2040.0,68,10,2027-06-18,2026-09-17
2050.0,64,6,2027-06-18,2026-09-17
2060.0,109,10,2027-06-18,2026-09-17
2070.0,16,7,2027-06-18,2026-09-17
2080.0,51,10,2027-06-18,2026-09-17
2090.0,62,7,2027-06-18,2026-09-17
2100.0,334,34,2027-06-18,2026-09-17
2110.0,109,2,2027-06-18,2026-09-17
2120.0,30,0,2027-06-18,2026-09-17
2130.0,60,0,2027-06-18,2026-09-17
2140.0,209,47,2027-06-18,2026-09-17
2150.0,277,4,2027-06-18,2026-09-17
2160.0,305,0,2027-06-18,2026-09-17
2170.0,343,2,2027-06-18,2026-09-17
2180.0,69,2,2027-06-18,2026-09-17
2190.0,201,5,2027-06-18,2026-09-17
2200.0,87,18,2027-06-18,2026-09-17
2210.0,118,0,2027-06-18,2026-09-17
2220.0,111,5,2027-06-18,2026-09-17
2230.0,207,1,2027-06-18,2026-09-17
2240.0,19,0,2027-06-18,2026-09-17
2250.0,102,1,2027-06-18,2026-09-17
2260.0,52,0,2027-06-18,2026-09-17
2270.0,237,0,2027-06-18,2026-09-17
2280.0,34,0,2027-06-18,2026-09-17
2290.0,759,6,2027-06-18,2026-09-17
2300.0,160,0,2027-06-18,2026-09-17
2310.0,207,0,2027-06-18,2026-09-17
2320.0,306,0,2027-06-18,2026-09-17
2330.0,128,0,2027-06-18,2026-09-17
2340.0,206,0,2027-06-18,2026-09-17
2350.0,121,1,2027-06-18,2026-09-17
2360.0,176,0,2027-06-18,2026-09-17
2370.0,294,1,2027-06-18,2026-09-17
2380.0,311,1,2027-06-18,2026-09-17
2390.0,493,1,2027-06-18,2026-09-17
2400.0,146,0,2027-06-18,2026-09-17
2410.0,489,1,2027-06-18,2026-09-17
2420.0,297,0,2027-06-18,2026-09-17
2440.0,318,0,2027-06-18,2026-09-17
2460.0,549,1,2027-06-18,2026-09-17
2480.0,298,1,2027-06-18,2026-09-17
2500.0,2999,0,2027-06-18,2026-09-17
5.0,4412,107,2027-09-18,2026-09-17
10.0,584,0,2027-09-18,2026-09-17
15.0,0,2,2027-09-18,2026-09-17
20.0,0,3,2027-09-18,2026-09-17
25.0,0,4,2027-09-18,2026-09-17
30.0,0,3,2027-09-18,2026-09-17
40.0,0,12,2027-09-18,2026-09-17
50.0,1,35,2027-09-18,2026-09-17
60.0,0,82,2027-09-18,2026-09-17
70.0,1,129,2027-09-18,2026-09-17
80.0,0,85,2027-09-18,2026-09-17
90.0,12,208,2027-09-18,2026-09-17
100.0,25,620,2027-09-18,2026-09-17
110.0,5,134,2027-09-18,2026-09-17
120.0,1,747,2027-09-18,2026-09-17
130.0,5,145,2027-09-18,2026-09-17
140.0,4,550,2027-09-18,2026-09-17
150.0,5,344,2027-09-18,2026-09-17
160.0,14,434,2027-09-18,2026-09-17
170.0,128,176,2027-09-18,2026-09-17
180.0,4,38,2027-09-18,2026-09-17
185.0,2,10,2027-09-18,2026-09-17
190.0,158,216,2027-09-18,2026-09-17
195.0,3,208,2027-09-18,2026-09-17
200.0,12,128,2027-09-18,2026-09-17
210.0,6,24,2027-09-18,2026-09-17
220.0,7,108,2027-09-18,2026-09-17
230.0,8,61,2027-09-18,2026-09-17
240.0,5,186,2027-09-18,2026-09-17
250.0,48,294,2027-09-18,2026-09-17
260.0,31,225,2027-09-18,2026-09-17
270.0,7,64,2027-09-18,2026-09-17
280.0,48,85,2027-09-18,2026-09-17
290.0,8,561,2027-09-18,2026-09-17
300.0,100,250,2027-09-18,2026-09-17
310.0,33,117,2027-09-18,2026-09-17
320.0,27,94,2027-09-18,2026-09-17
330.0,30,50,2027-09-18,2026-09-17
340.0,16,113,2027-09-18,2026-09-17
350.0,114,228,2027-09-18,2026-09-17
360.0,17,52,2027-09-18,2026-09-17
370.0,32,122,2027-09-18,2026-09-17
380.0,12,109,2027-09-18,2026-09-17
390.0,56,72,2027-09-18,2026-09-17
400.0,89,346,2027-09-18,2026-09-17
410.0,21,119,2027-09-18,2026-09-17
420.0,48,31,2027-09-18,2026-09-17
430.0,244,93,2027-09-18,2026-09-17
440.0,103,81,2027-09-18,2026-09-17
450.0,81,188,2027-09-18,2026-09-17
460.0,17,79,2027-09-18,2026-09-17
470.0,45,90,2027-09-18,2026-09-17
480.0,63,202,2027-09-18,2026-09-17
490.0,45,136,2027-09-18,2026-09-17
500.0,309,609,2027-09-18,2026-09-17
510.0,168,91,2027-09-18,2026-09-17
520.0,10,254,2027-09-18,2026-09-17
530.0,58,184,2027-09-18,2026-09-17
540.0,27,105,2027-09-18,2026-09-17
550.0,167,440,2027-09-18,2026-09-17
560.0,153,204,2027-09-18,2026-09-17
570.0,276,138,2027-09-18,2026-09-17
580.0,65,292,2027-09-18,2026-09-17
590.0,22,155,2027-09-18,2026-09-17
600.0,611,1103,2027-09-18,2026-09-17
610.0,78,234,2027-09-18,2026-09-17
620.0,65,89,2027-09-18,2026-09-17
630.0,105,394,2027-09-18,2026-09-17
640.0,92,199,2027-09-18,2026-09-17
650.0,133,1333,2027-09-18,2026-09-17
660.0,278,170,2027-09-18,2026-09-17
670.0,120,224,2027-09-18,2026-09-17
680.0,123,196,2027-09-18,2026-09-17
690.0,93,223,2027-09-18,2026-09-17
700.0,652,497,2027-09-18,2026-09-17
710.0,53,154,2027-09-18,2026-09-17
720.0,108,46,2027-09-18,2026-09-17
730.0,102,154,2027-09-18,2026-09-17
740.0,65,156,2027-09-18,2026-09-17
750.0,385,337,2027-09-18,2026-09-17
760.0,64,586,2027-09-18,2026-09-17
770.0,259,194,2027-09-18,2026-09-17
780.0,94,410,2027-09-18,2026-09-17
790.0,70,109,2027-09-18,2026-09-17
800.0,559,472,2027-09-18,2026-09-17
810.0,170,36,2027-09-18,2026-09-17
820.0,149,446,2027-09-18,2026-09-17
830.0,245,236,2027-09-18,2026-09-17
840.0,91,214,2027-09-18,2026-09-17
850.0,314,507,2027-09-18,2026-09-17
860.0,223,115,2027-09-18,2026-09-17
870.0,269,198,2027-09-18,2026-09-17
880.0,492,377,2027-09-18,2026-09-17
890.0,440,133,2027-09-18,2026-09-17
900.0,838,898,2027-09-18,2026-09-17
920.0,157,225,2027-09-18,2026-09-17
930.0,476,81,2027-09-18,2026-09-17
940.0,468,245,2027-09-18,2026-09-17
950.0,312,83,2027-09-18,2026-09-17
960.0,408,71,2027-09-18,2026-09-17
970.0,350,71,2027-09-18,2026-09-17
980.0,114,96,2027-09-18,2026-09-17
990.0,242,74,2027-09-18,2026-09-17
1000.0,838,210,2027-09-18,2026-09-17
1010.0,112,60,2027-09-18,2026-09-17
1020.0,159,55,2027-09-18,2026-09-17
1030.0,81,78,2027-09-18,2026-09-17
1040.0,91,91,2027-09-18,2026-09-17
1050.0,160,44,2027-09-18,2026-09-17
1060.0,155,39,2027-09-18,2026-09-17
1070.0,227,79,2027-09-18,2026-09-17
1080.0,78,58,2027-09-18,2026-09-17
1090.0,74,105,2027-09-18,2026-09-17
1100.0,500,513,2027-09-18,2026-09-17
1110.0,316,23,2027-09-18,2026-09-17
1120.0,130,15,2027-09-18,2026-09-17
1130.0,233,29,2027-09-18,2026-09-17
1140.0,50,62,2027-09-18,2026-09-17
1150.0,364,46,2027-09-18,2026-09-17
1160.0,76,21,2027-09-18,2026-09-17
1170.0,259,39,2027-09-18,2026-09-17
1180.0,52,12,2027-09-18,2026-09-17
1190.0,44,16,2027-09-18,2026-09-17
1200.0,499,526,2027-09-18,2026-09-17
1210.0,344,13,2027-09-18,2026-09-17
1220.0,564,54,2027-09-18,2026-09-17
1230.0,94,301,2027-09-18,2026-09-17
1240.0,539,169,2027-09-18,2026-09-17
1250.0,184,309,2027-09-18,2026-09-17
1260.0,368,38,2027-09-18,2026-09-17
1270.0,468,5,2027-09-18,2026-09-17
1280.0,43,442,2027-09-18,2026-09-17
1290.0,89,15,2027-09-18,2026-09-17
1300.0,193,127,2027-09-18,2026-09-17
1310.0,136,11,2027-09-18,2026-09-17
1320.0,487,154,2027-09-18,2026-09-17
1330.0,73,2,2027-09-18,2026-09-17
1340.0,72,3,2027-09-18,2026-09-17
1350.0,95,11,2027-09-18,2026-09-17
1360.0,152,63,2027-09-18,2026-09-17
1370.0,50,300,2027-09-18,2026-09-17
1380.0,33,4,2027-09-18,2026-09-17
1390.0,49,4,2027-09-18,2026-09-17
1400.0,738,45,2027-09-18,2026-09-17
1410.0,52,3,2027-09-18,2026-09-17
1420.0,645,32,2027-09-18,2026-09-17
1430.0,48,77,2027-09-18,2026-09-17
1440.0,102,11,2027-09-18,2026-09-17
1450.0,103,19,2027-09-18,2026-09-17
1460.0,113,66,2027-09-18,2026-09-17
1470.0,25,1,2027-09-18,2026-09-17
1480.0,122,444,2027-09-18,2026-09-17
1490.0,241,1,2027-09-18,2026-09-17
1500.0,306,287,2027-09-18,2026-09-17
1510.0,197,7,2027-09-18,2026-09-17
1520.0,311,3,2027-09-18,2026-09-17
1530.0,437,6,2027-09-18,2026-09-17
1540.0,188,0,2027-09-18,2026-09-17
1550.0,362,29,2027-09-18,2026-09-17
1560.0,458,8,2027-09-18,2026-09-17
1570.0,103,12,2027-09-18,2026-09-17
1580.0,298,133,2027-09-18,2026-09-17
1590.0,183,4,2027-09-18,2026-09-17
1600.0,209,47,2027-09-18,2026-09-17
1610.0,278,14,2027-09-18,2026-09-17
1620.0,892,90,2027-09-18,2026-09-17
1630.0,480,88,2027-09-18,2026-09-17
1640.0,139,1,2027-09-18,2026-09-17
1650.0,270,1,2027-09-18,2026-09-17
1660.0,786,16,2027-09-18,2026-09-17
1670.0,176,2,2027-09-18,2026-09-17
1680.0,185,2,2027-09-18,2026-09-17
1690.0,70,7,2027-09-18,2026-09-17
1700.0,90,255,2027-09-18,2026-09-17
1710.0,268,3,2027-09-18,2026-09-17
1720.0,141,12,2027-09-18,2026-09-17
1730.0,232,4,2027-09-18,2026-09-17
1740.0,405,7,2027-09-18,2026-09-17
1750.0,111,25,2027-09-18,2026-09-17
1760.0,94,6,2027-09-18,2026-09-17
1770.0,68,4,2027-09-18,2026-09-17
1780.0,362,7,2027-09-18,2026-09-17
1790.0,556,11,2027-09-18,2026-09-17
1800.0,419,4,2027-09-18,2026-09-17
1810.0,190,4,2027-09-18,2026-09-17
1820.0,153,3,2027-09-18,2026-09-17
1830.0,170,74,2027-09-18,2026-09-17
1840.0,178,5,2027-09-18,2026-09-17
1850.0,35,1,2027-09-18,2026-09-17
1860.0,96,1,2027-09-18,2026-09-17
1870.0,119,0,2027-09-18,2026-09-17
1880.0,157,4,2027-09-18,2026-09-17
1890.0,219,13,2027-09-18,2026-09-17
1900.0,361,31,2027-09-18,2026-09-17
1910.0,56,7,2027-09-18,2026-09-17
1920.0,18,0,2027-09-18,2026-09-17
1930.0,47,0,2027-09-18,2026-09-17
1940.0,53,0,2027-09-18,2026-09-17
1950.0,65,1,2027-09-18,2026-09-17
1960.0,14,0,2027-09-18,2026-09-17
1970.0,72,43,2027-09-18,2026-09-17
1980.0,200,40,2027-09-18,2026-09-17
1990.0,106,3,2027-09-18,2026-09-17
2000.0,611,4,2027-09-18,2026-09-17
2010.0,692,2,2027-09-18,2026-09-17
2020.0,81,0,2027-09-18,2026-09-17
2030.0,52,1,2027-09-18,2026-09-17
2040.0,21,0,2027-09-18,2026-09-17
2050.0,55,3,2027-09-18,2026-09-17
2060.0,18,1,2027-09-18,2026-09-17
2070.0,83,0,2027-09-18,2026-09-17
2080.0,45,6,2027-09-18,2026-09-17
2090.0,54,2,2027-09-18,2026-09-17
2100.0,71,24,2027-09-18,2026-09-17
2110.0,200,0,2027-09-18,2026-09-17
2120.0,33,0,2027-09-18,2026-09-17
2130.0,37,0,2027-09-18,2026-09-17
2140.0,54,1,2027-09-18,2026-09-17
2150.0,68,0,2027-09-18,2026-09-17
2160.0,35,2,2027-09-18,2026-09-17
2170.0,371,7,2027-09-18,2026-09-17
2180.0,2,2,2027-09-18,2026-09-17
2190.0,69,3,2027-09-18,2026-09-17
2200.0,69,1,2027-09-18,2026-09-17
2210.0,66,0,2027-09-18,2026-09-17
2220.0,51,5,2027-09-18,2026-09-17
2230.0,11,0,2027-09-18,2026-09-17
2240.0,124,1,2027-09-18,2026-09-17
2250.0,78,1,2027-09-18,2026-09-17
2260.0,133,0,2027-09-18,2026-09-17
2270.0,65,0,2027-09-18,2026-09-17
2280.0,14,0,2027-09-18,2026-09-17
2290.0,35,2,2027-09-18,2026-09-17
2300.0,28,1,2027-09-18,2026-09-17
2310.0,41,1,2027-09-18,2026-09-17
2320.0,80,2,2027-09-18,2026-09-17
2330.0,126,0,2027-09-18,2026-09-17
2340.0,122,0,2027-09-18,2026-09-17
2350.0,56,2,2027-09-18,2026-09-17
2360.0,88,2,2027-09-18,2026-09-17
2370.0,50,6,2027-09-18,2026-09-17
2380.0,138,3,2027-09-18,2026-09-17
2390.0,174,0,2027-09-18,2026-09-17
2400.0,251,0,2027-09-18,2026-09-17
2410.0,284,0,2027-09-18,2026-09-17
2420.0,342,5,2027-09-18,2026-09-17
2440.0,635,0,2027-09-18,2026-09-17
2460.0,637,0,2027-09-18,2026-09-17
2480.0,1157,3,2027-09-18,2026-09-17
2500.0,1049,0,2027-09-18,2026-09-17
5.0,6242,1247,2027-12-18,2026-09-17
10.0,7,3,2027-12-18,2026-09-17
15.0,2,9,2027-12-18,2026-09-17
20.0,4,17,2027-12-18,2026-09-17
25.0,2202,1203,2027-12-18,2026-09-17
30.0,62,458,2027-12-18,2026-09-17
35.0,70,467,2027-12-18,2026-09-17
40.0,112,5497,2027-12-18,2026-09-17
45.0,113,399,2027-12-18,2026-09-17
50.0,154,853,2027-12-18,2026-09-17
55.0,189,1613,2027-12-18,2026-09-17
60.0,849,1145,2027-12-18,2026-09-17
65.0,136,1710,2027-12-18,2026-09-17
70.0,149,2239,2027-12-18,2026-09-17
75.0,506,1296,2027-12-18,2026-09-17
80.0,216,897,2027-12-18,2026-09-17
85.0,172,353,2027-12-18,2026-09-17
90.0,308,251,2027-12-18,2026-09-17
95.0,156,230,2027-12-18,2026-09-17
100.0,317,639,2027-12-18,2026-09-17
105.0,144,283,2027-12-18,2026-09-17
110.0,303,539,2027-12-18,2026-09-17
115.0,300,150,2027-12-18,2026-09-17
120.0,221,174,2027-12-18,2026-09-17
125.0,271,289,2027-12-18,2026-09-17
130.0,254,278,2027-12-18,2026-09-17
135.0,210,257,2027-12-18,2026-09-17
140.0,133,323,2027-12-18,2026-09-17
145.0,197,117,2027-12-18,2026-09-17
150.0,475,334,2027-12-18,2026-09-17
155.0,83,69,2027-12-18,2026-09-17
160.0,185,136,2027-12-18,2026-09-17
165.0,155,70,2027-12-18,2026-09-17
170.0,521,733,2027-12-18,2026-09-17
175.0,98,82,2027-12-18,2026-09-17
180.0,78,378,2027-12-18,2026-09-17
185.0,37,241,2027-12-18,2026-09-17
190.0,1360,670,2027-12-18,2026-09-17
195.0,231,46,2027-12-18,2026-09-17
200.0,383,415,2027-12-18,2026-09-17
210.0,299,243,2027-12-18,2026-09-17
220.0,160,116,2027-12-18,2026-09-17
230.0,240,165,2027-12-18,2026-09-17
240.0,130,119,2027-12-18,2026-09-17
250.0,50,0,2027-12-18,2026-09-17
250.0,94,237,2027-12-18,2026-09-17
260.0,144,189,2027-12-18,2026-09-17
270.0,89,86,2027-12-18,2026-09-17
280.0,196,434,2027-12-18,2026-09-17
290.0,165,775,2027-12-18,2026-09-17
300.0,302,345,2027-12-18,2026-09-17
310.0,171,99,2027-12-18,2026-09-17
320.0,124,145,2027-12-18,2026-09-17
330.0,213,239,2027-12-18,2026-09-17
340.0,120,110,2027-12-18,2026-09-17
350.0,92,82,2027-12-18,2026-09-17
360.0,87,165,2027-12-18,2026-09-17
370.0,89,221,2027-12-18,2026-09-17
380.0,177,137,2027-12-18,2026-09-17
390.0,134,136,2027-12-18,2026-09-17
400.0,797,726,2027-12-18,2026-09-17
410.0,159,195,2027-12-18,2026-09-17
420.0,121,149,2027-12-18,2026-09-17
430.0,399,288,2027-12-18,2026-09-17
440.0,68,209,2027-12-18,2026-09-17
450.0,360,180,2027-12-18,2026-09-17
460.0,88,38,2027-12-18,2026-09-17
470.0,579,85,2027-12-18,2026-09-17
480.0,124,112,2027-12-18,2026-09-17
490.0,254,355,2027-12-18,2026-09-17
500.0,519,664,2027-12-18,2026-09-17
510.0,192,134,2027-12-18,2026-09-17
520.0,263,93,2027-12-18,2026-09-17
530.0,270,62,2027-12-18,2026-09-17
540.0,74,61,2027-12-18,2026-09-17
550.0,372,203,2027-12-18,2026-09-17
560.0,246,86,2027-12-18,2026-09-17
570.0,149,82,2027-12-18,2026-09-17
580.0,291,90,2027-12-18,2026-09-17
590.0,142,99,2027-12-18,2026-09-17
600.0,471,287,2027-12-18,2026-09-17
610.0,85,92,2027-12-18,2026-09-17
620.0,146,70,2027-12-18,2026-09-17
630.0,544,179,2027-12-18,2026-09-17
640.0,289,169,2027-12-18,2026-09-17
650.0,591,775,2027-12-18,2026-09-17
660.0,95,182,2027-12-18,2026-09-17
670.0,74,36,2027-12-18,2026-09-17
680.0,377,417,2027-12-18,2026-09-17
690.0,386,83,2027-12-18,2026-09-17
700.0,796,1159,2027-12-18,2026-09-17
710.0,138,270,2027-12-18,2026-09-17
720.0,303,320,2027-12-18,2026-09-17
730.0,331,57,2027-12-18,2026-09-17
740.0,376,39,2027-12-18,2026-09-17
750.0,424,234,2027-12-18,2026-09-17
760.0,230,149,2027-12-18,2026-09-17
770.0,132,158,2027-12-18,2026-09-17
780.0,189,250,2027-12-18,2026-09-17
790.0,228,48,2027-12-18,2026-09-17
800.0,1018,619,2027-12-18,2026-09-17
810.0,212,227,2027-12-18,2026-09-17
820.0,235,145,2027-12-18,2026-09-17
830.0,146,242,2027-12-18,2026-09-17
840.0,198,634,2027-12-18,2026-09-17
850.0,228,450,2027-12-18,2026-09-17
860.0,238,217,2027-12-18,2026-09-17
870.0,320,64,2027-12-18,2026-09-17
880.0,505,255,2027-12-18,2026-09-17
890.0,658,260,2027-12-18,2026-09-17
900.0,864,514,2027-12-18,2026-09-17
910.0,1341,25,2027-12-18,2026-09-17
920.0,202,140,2027-12-18,2026-09-17
930.0,147,415,2027-12-18,2026-09-17
940.0,201,41,2027-12-18,2026-09-17
950.0,700,361,2027-12-18,2026-09-17
960.0,282,153,2027-12-18,2026-09-17
970.0,486,50,2027-12-18,2026-09-17
980.0,186,78,2027-12-18,2026-09-17
990.0,61,83,2027-12-18,2026-09-17
1000.0,637,1120,2027-12-18,2026-09-17
1010.0,146,28,2027-12-18,2026-09-17
1020.0,403,44,2027-12-18,2026-09-17
1030.0,164,74,2027-12-18,2026-09-17
1040.0,393,52,2027-12-18,2026-09-17
1050.0,219,32,2027-12-18,2026-09-17
1060.0,182,27,2027-12-18,2026-09-17
1070.0,548,38,2027-12-18,2026-09-17
1080.0,207,139,2027-12-18,2026-09-17
1090.0,269,195,2027-12-18,2026-09-17
1100.0,1145,308,2027-12-18,2026-09-17
1110.0,469,50,2027-12-18,2026-09-17
1120.0,228,83,2027-12-18,2026-09-17
1130.0,483,32,2027-12-18,2026-09-17
1140.0,167,8,2027-12-18,2026-09-17
1150.0,111,15,2027-12-18,2026-09-17
1160.0,133,22,2027-12-18,2026-09-17
1170.0,429,29,2027-12-18,2026-09-17
1180.0,289,48,2027-12-18,2026-09-17
1200.0,586,305,2027-12-18,2026-09-17
1220.0,343,159,2027-12-18,2026-09-17
1240.0,304,76,2027-12-18,2026-09-17
1260.0,784,425,2027-12-18,2026-09-17
1280.0,954,254,2027-12-18,2026-09-17
1300.0,878,249,2027-12-18,2026-09-17
1320.0,563,267,2027-12-18,2026-09-17
1340.0,392,28,2027-12-18,2026-09-17
1360.0,538,52,2027-12-18,2026-09-17
1380.0,402,66,2027-12-18,2026-09-17
1400.0,463,284,2027-12-18,2026-09-17
1420.0,568,147,2027-12-18,2026-09-17
1440.0,437,57,2027-12-18,2026-09-17
1460.0,341,269,2027-12-18,2026-09-17
1480.0,632,195,2027-12-18,2026-09-17
1490.0,244,73,2027-12-18,2026-09-17
1500.0,1721,240,2027-12-18,2026-09-17
1510.0,182,3,2027-12-18,2026-09-17
1520.0,211,50,2027-12-18,2026-09-17
1530.0,90,7,2027-12-18,2026-09-17
1540.0,87,11,2027-12-18,2026-09-17
1550.0,228,5,2027-12-18,2026-09-17
1560.0,60,39,2027-12-18,2026-09-17
1570.0,134,22,2027-12-18,2026-09-17
1580.0,119,112,2027-12-18,2026-09-17
1590.0,215,24,2027-12-18,2026-09-17
1600.0,587,53,2027-12-18,2026-09-17
1610.0,145,24,2027-12-18,2026-09-17
1620.0,228,5,2027-12-18,2026-09-17
1630.0,688,280,2027-12-18,2026-09-17
1640.0,104,48,2027-12-18,2026-09-17
1650.0,51,5,2027-12-18,2026-09-17
1660.0,59,7,2027-12-18,2026-09-17
1670.0,136,12,2027-12-18,2026-09-17
1680.0,353,7,2027-12-18,2026-09-17
1690.0,250,3,2027-12-18,2026-09-17
1700.0,1335,51,2027-12-18,2026-09-17
1710.0,155,11,2027-12-18,2026-09-17
1720.0,64,23,2027-12-18,2026-09-17
1730.0,108,1,2027-12-18,2026-09-17
1740.0,166,8,2027-12-18,2026-09-17
1750.0,257,4,2027-12-18,2026-09-17
1760.0,232,3,2027-12-18,2026-09-17
1770.0,116,14,2027-12-18,2026-09-17
1780.0,563,10,2027-12-18,2026-09-17
1790.0,246,26,2027-12-18,2026-09-17
1800.0,1019,81,2027-12-18,2026-09-17
1810.0,480,41,2027-12-18,2026-09-17
1820.0,537,15,2027-12-18,2026-09-17
1830.0,826,23,2027-12-18,2026-09-17
1840.0,175,5,2027-12-18,2026-09-17
1850.0,107,13,2027-12-18,2026-09-17
1860.0,91,8,2027-12-18,2026-09-17
1870.0,28,0,2027-12-18,2026-09-17
1880.0,348,125,2027-12-18,2026-09-17
1890.0,141,1,2027-12-18,2026-09-17
1900.0,347,201,2027-12-18,2026-09-17
1910.0,276,2,2027-12-18,2026-09-17
1920.0,229,11,2027-12-18,2026-09-17
1930.0,226,2,2027-12-18,2026-09-17
1940.0,80,1,2027-12-18,2026-09-17
1950.0,31,4,2027-12-18,2026-09-17
1960.0,140,1,2027-12-18,2026-09-17
1970.0,80,2,2027-12-18,2026-09-17
1980.0,584,15,2027-12-18,2026-09-17
1990.0,170,5,2027-12-18,2026-09-17
2000.0,791,131,2027-12-18,2026-09-17
2010.0,91,1,2027-12-18,2026-09-17
2020.0,156,4,2027-12-18,2026-09-17
2030.0,80,10,2027-12-18,2026-09-17
2040.0,59,4,2027-12-18,2026-09-17
2050.0,53,6,2027-12-18,2026-09-17
2060.0,38,20,2027-12-18,2026-09-17
2070.0,18,2,2027-12-18,2026-09-17
2080.0,27,120,2027-12-18,2026-09-17
2090.0,94,4,2027-12-18,2026-09-17
2100.0,138,47,2027-12-18,2026-09-17
2110.0,47,46,2027-12-18,2026-09-17
2120.0,208,5,2027-12-18,2026-09-17
2130.0,126,4,2027-12-18,2026-09-17
2140.0,31,6,2027-12-18,2026-09-17
2150.0,42,20,2027-12-18,2026-09-17
2160.0,142,26,2027-12-18,2026-09-17
2170.0,1032,38,2027-12-18,2026-09-17
2180.0,119,3,2027-12-18,2026-09-17
2190.0,145,31,2027-12-18,2026-09-17
2200.0,224,2,2027-12-18,2026-09-17
2210.0,14,6,2027-12-18,2026-09-17
2220.0,132,7,2027-12-18,2026-09-17
2230.0,117,11,2027-12-18,2026-09-17
2240.0,22,1,2027-12-18,2026-09-17
2250.0,21,22,2027-12-18,2026-09-17
2260.0,45,0,2027-12-18,2026-09-17
2270.0,20,4,2027-12-18,2026-09-17
2280.0,19,0,2027-12-18,2026-09-17
2290.0,696,9,2027-12-18,2026-09-17
2300.0,100,9,2027-12-18,2026-09-17
2310.0,36,1,2027-12-18,2026-09-17
2320.0,112,7,2027-12-18,2026-09-17
2330.0,123,2,2027-12-18,2026-09-17
2340.0,124,6,2027-12-18,2026-09-17
2350.0,102,1,2027-12-18,2026-09-17
2360.0,269,7,2027-12-18,2026-09-17
2370.0,32,5,2027-12-18,2026-09-17
2380.0,119,3,2027-12-18,2026-09-17
2390.0,222,9,2027-12-18,2026-09-17
2400.0,310,27,2027-12-18,2026-09-17
2410.0,275,22,2027-12-18,2026-09-17
2420.0,162,19,2027-12-18,2026-09-17
2440.0,229,97,2027-12-18,2026-09-17
2460.0,362,31,2027-12-18,2026-09-17
2480.0,486,63,2027-12-18,2026-09-17
2500.0,1927,115,2027-12-18,2026-09-17
5.0,1429,896,2028-01-22,2026-09-17
10.0,154,22,2028-01-22,2026-09-17
15.0,1,26,2028-01-22,2026-09-17
20.0,11,30,2028-01-22,2026-09-17
25.0,0,50,2028-01-22,2026-09-17
30.0,0,61,2028-01-22,2026-09-17
35.0,56,605,2028-01-22,2026-09-17
40.0,91,288,2028-01-22,2026-09-17
45.0,22,476,2028-01-22,2026-09-17
50.0,4,957,2028-01-22,2026-09-17
55.0,4,78,2028-01-22,2026-09-17
60.0,26,801,2028-01-22,2026-09-17
65.0,1,47,2028-01-22,2026-09-17
70.0,164,269,2028-01-22,2026-09-17
75.0,16,278,2028-01-22,2026-09-17
80.0,31,139,2028-01-22,2026-09-17
85.0,14,68,2028-01-22,2026-09-17
90.0,22,250,2028-01-22,2026-09-17
95.0,26,219,2028-01-22,2026-09-17
100.0,121,2221,2028-01-22,2026-09-17
105.0,32,224,2028-01-22,2026-09-17
110.0,53,355,2028-01-22,2026-09-17
115.0,31,274,2028-01-22,2026-09-17
120.0,97,501,2028-01-22,2026-09-17
125.0,33,178,2028-01-22,2026-09-17
130.0,121,385,2028-01-22,2026-09-17
135.0,85,60,2028-01-22,2026-09-17
140.0,100,180,2028-01-22,2026-09-17
145.0,42,31,2028-01-22,2026-09-17
150.0,262,148,2028-01-22,2026-09-17
155.0,79,385,2028-01-22,2026-09-17
160.0,77,744,2028-01-22,2026-09-17
165.0,207,173,2028-01-22,2026-09-17
170.0,216,307,2028-01-22,2026-09-17
175.0,99,246,2028-01-22,2026-09-17
180.0,93,223,2028-01-22,2026-09-17
185.0,70,424,2028-01-22,2026-09-17
190.0,244,206,2028-01-22,2026-09-17
195.0,107,476,2028-01-22,2026-09-17
200.0,2371,3908,2028-01-22,2026-09-17
210.0,166,324,2028-01-22,2026-09-17
220.0,255,553,2028-01-22,2026-09-17
230.0,546,350,2028-01-22,2026-09-17
240.0,304,466,2028-01-22,2026-09-17
250.0,0,10,2028-01-22,2026-09-17
250.0,421,951,2028-01-22,2026-09-17
260.0,487,307,2028-01-22,2026-09-17
270.0,177,639,2028-01-22,2026-09-17
280.0,407,706,2028-01-22,2026-09-17
290.0,177,589,2028-01-22,2026-09-17
300.0,809,2086,2028-01-22,2026-09-17
310.0,340,406,2028-01-22,2026-09-17
320.0,206,1426,2028-01-22,2026-09-17
330.0,1422,1041,2028-01-22,2026-09-17
340.0,304,393,2028-01-22,2026-09-17
350.0,826,505,2028-01-22,2026-09-17
360.0,358,92,2028-01-22,2026-09-17
370.0,461,230,2028-01-22,2026-09-17
380.0,332,202,2028-01-22,2026-09-17
390.0,126,99,2028-01-22,2026-09-17
400.0,573,586,2028-01-22,2026-09-17
410.0,334,250,2028-01-22,2026-09-17
420.0,109,238,2028-01-22,2026-09-17
430.0,187,512,2028-01-22,2026-09-17
440.0,256,124,2028-01-22,2026-09-17
450.0,412,809,2028-01-22,2026-09-17
460.0,152,196,2028-01-22,2026-09-17
470.0,138,1133,2028-01-22,2026-09-17
480.0,198,776,2028-01-22,2026-09-17
490.0,344,252,2028-01-22,2026-09-17
500.0,1912,3005,2028-01-22,2026-09-17
510.0,193,77,2028-01-22,2026-09-17
520.0,488,664,2028-01-22,2026-09-17
530.0,82,100,2028-01-22,2026-09-17
540.0,639,172,2028-01-22,2026-09-17
550.0,471,601,2028-01-22,2026-09-17
560.0,351,471,2028-01-22,2026-09-17
570.0,179,146,2028-01-22,2026-09-17
580.0,56,313,2028-01-22,2026-09-17
590.0,139,146,2028-01-22,2026-09-17
600.0,1153,1738,2028-01-22,2026-09-17
610.0,207,104,2028-01-22,2026-09-17
620.0,204,162,2028-01-22,2026-09-17
630.0,65,214,2028-01-22,2026-09-17
640.0,158,319,2028-01-22,2026-09-17
650.0,381,249,2028-01-22,2026-09-17
660.0,92,150,2028-01-22,2026-09-17
670.0,305,312,2028-01-22,2026-09-17
680.0,373,263,2028-01-22,2026-09-17
690.0,390,126,2028-01-22,2026-09-17
700.0,1192,1224,2028-01-22,2026-09-17
710.0,198,179,2028-01-22,2026-09-17
720.0,975,146,2028-01-22,2026-09-17
730.0,642,351,2028-01-22,2026-09-17
740.0,210,288,2028-01-22,2026-09-17
750.0,598,1378,2028-01-22,2026-09-17
760.0,0,20,2028-01-22,2026-09-17
760.0,487,110,2028-01-22,2026-09-17
770.0,107,161,2028-01-22,2026-09-17
780.0,326,369,2028-01-22,2026-09-17
790.0,216,365,2028-01-22,2026-09-17
800.0,756,2291,2028-01-22,2026-09-17
810.0,630,48,2028-01-22,2026-09-17
820.0,791,238,2028-01-22,2026-09-17
830.0,246,112,2028-01-22,2026-09-17
840.0,169,483,2028-01-22,2026-09-17
850.0,500,879,2028-01-22,2026-09-17
860.0,166,94,2028-01-22,2026-09-17
870.0,304,131,2028-01-22,2026-09-17
880.0,435,207,2028-01-22,2026-09-17
890.0,586,332,2028-01-22,2026-09-17
900.0,3356,1505,2028-01-22,2026-09-17
910.0,2091,151,2028-01-22,2026-09-17
920.0,168,373,2028-01-22,2026-09-17
930.0,154,124,2028-01-22,2026-09-17
940.0,430,669,2028-01-22,2026-09-17
950.0,789,472,2028-01-22,2026-09-17
960.0,79,283,2028-01-22,2026-09-17
970.0,226,52,2028-01-22,2026-09-17
980.0,506,162,2028-01-22,2026-09-17
990.0,322,165,2028-01-22,2026-09-17
1000.0,1163,615,2028-01-22,2026-09-17
1010.0,237,189,2028-01-22,2026-09-17
1020.0,282,90,2028-01-22,2026-09-17
1030.0,265,67,2028-01-22,2026-09-17
1040.0,419,99,2028-01-22,2026-09-17
1050.0,384,306,2028-01-22,2026-09-17
1060.0,443,92,2028-01-22,2026-09-17
1070.0,101,50,2028-01-22,2026-09-17
1080.0,493,194,2028-01-22,2026-09-17
1090.0,367,183,2028-01-22,2026-09-17
1100.0,1925,1161,2028-01-22,2026-09-17
1110.0,212,31,2028-01-22,2026-09-17
1120.0,162,96,2028-01-22,2026-09-17
1130.0,100,70,2028-01-22,2026-09-17
1140.0,436,63,2028-01-22,2026-09-17
1150.0,147,90,2028-01-22,2026-09-17
1160.0,95,56,2028-01-22,2026-09-17
1170.0,296,39,2028-01-22,2026-09-17
1180.0,350,14,2028-01-22,2026-09-17
1190.0,114,17,2028-01-22,2026-09-17
1200.0,2010,1601,2028-01-22,2026-09-17
1210.0,488,101,2028-01-22,2026-09-17
1220.0,188,38,2028-01-22,2026-09-17
1230.0,238,48,2028-01-22,2026-09-17
1240.0,137,43,2028-01-22,2026-09-17
1250.0,359,886,2028-01-22,2026-09-17
1260.0,1199,135,2028-01-22,2026-09-17
1270.0,203,9,2028-01-22,2026-09-17
1280.0,3129,937,2028-01-22,2026-09-17
1290.0,345,95,2028-01-22,2026-09-17
1300.0,1005,361,2028-01-22,2026-09-17
1310.0,223,582,2028-01-22,2026-09-17
1320.0,637,35,2028-01-22,2026-09-17
1330.0,206,3,2028-01-22,2026-09-17
1340.0,449,7,2028-01-22,2026-09-17
1350.0,616,227,2028-01-22,2026-09-17
1360.0,398,13,2028-01-22,2026-09-17
1370.0,134,19,2028-01-22,2026-09-17
1380.0,166,18,2028-01-22,2026-09-17
1390.0,44,313,2028-01-22,2026-09-17
1400.0,1837,352,2028-01-22,2026-09-17
1410.0,82,5,2028-01-22,2026-09-17
1420.0,507,16,2028-01-22,2026-09-17
1430.0,108,12,2028-01-22,2026-09-17
1440.0,187,2,2028-01-22,2026-09-17
1450.0,285,13,2028-01-22,2026-09-17
1460.0,112,96,2028-01-22,2026-09-17
1470.0,66,26,2028-01-22,2026-09-17
1480.0,3322,950,2028-01-22,2026-09-17
1490.0,267,49,2028-01-22,2026-09-17
1500.0,1272,340,2028-01-22,2026-09-17
1510.0,678,17,2028-01-22,2026-09-17
1520.0,639,64,2028-01-22,2026-09-17
1530.0,309,8,2028-01-22,2026-09-17
1540.0,111,24,2028-01-22,2026-09-17
1550.0,513,16,2028-01-22,2026-09-17
1560.0,304,280,2028-01-22,2026-09-17
1570.0,560,7,2028-01-22,2026-09-17
1580.0,348,191,2028-01-22,2026-09-17
1590.0,281,90,2028-01-22,2026-09-17
1600.0,780,187,2028-01-22,2026-09-17
1610.0,550,2,2028-01-22,2026-09-17
1620.0,234,567,2028-01-22,2026-09-17
1630.0,1116,66,2028-01-22,2026-09-17
1640.0,45,2,2028-01-22,2026-09-17
1650.0,47,44,2028-01-22,2026-09-17
1660.0,74,10,2028-01-22,2026-09-17
1670.0,299,10,2028-01-22,2026-09-17
1680.0,835,4,2028-01-22,2026-09-17
1690.0,130,100,2028-01-22,2026-09-17
1700.0,509,51,2028-01-22,2026-09-17
1710.0,130,2,2028-01-22,2026-09-17
1720.0,345,2,2028-01-22,2026-09-17
1730.0,53,3,2028-01-22,2026-09-17
1740.0,0,0,2028-01-22,2026-09-17
1740.0,59,22,2028-01-22,2026-09-17
1750.0,136,77,2028-01-22,2026-09-17
1760.0,20,0,2028-01-22,2026-09-17
1760.0,224,23,2028-01-22,2026-09-17
1770.0,25,4,2028-01-22,2026-09-17
1780.0,50,265,2028-01-22,2026-09-17
1790.0,238,195,2028-01-22,2026-09-17
1800.0,720,34,2028-01-22,2026-09-17
1805.0,3,0,2028-01-22,2026-09-17
1810.0,231,267,2028-01-22,2026-09-17
1820.0,999,40,2028-01-22,2026-09-17
1830.0,1746,65,2028-01-22,2026-09-17
1835.0,50,0,2028-01-22,2026-09-17
1840.0,82,0,2028-01-22,2026-09-17
1847.0,5,0,2028-01-22,2026-09-17
1850.0,423,1,2028-01-22,2026-09-17
1860.0,60,14,2028-01-22,2026-09-17
1870.0,136,0,2028-01-22,2026-09-17
1880.0,50,18,2028-01-22,2026-09-17
1890.0,124,23,2028-01-22,2026-09-17
1900.0,373,159,2028-01-22,2026-09-17
1910.0,565,2,2028-01-22,2026-09-17
1920.0,77,20,2028-01-22,2026-09-17
1930.0,208,3,2028-01-22,2026-09-17
1940.0,70,3,2028-01-22,2026-09-17
1950.0,373,7,2028-01-22,2026-09-17
1960.0,546,1,2028-01-22,2026-09-17
1970.0,379,21,2028-01-22,2026-09-17
1980.0,40,11,2028-01-22,2026-09-17
1990.0,547,13,2028-01-22,2026-09-17
2000.0,1826,14,2028-01-22,2026-09-17
2070.0,235,23,2028-01-22,2026-09-17
2080.0,286,24,2028-01-22,2026-09-17
2090.0,268,194,2028-01-22,2026-09-17
2100.0,228,155,2028-01-22,2026-09-17
2110.0,95,1,2028-01-22,2026-09-17
2120.0,173,1,2028-01-22,2026-09-17
2130.0,81,23,2028-01-22,2026-09-17
2140.0,156,23,2028-01-22,2026-09-17
2150.0,150,51,2028-01-22,2026-09-17
2160.0,66,18,2028-01-22,2026-09-17
2170.0,98,26,2028-01-22,2026-09-17
2180.0,19,0,2028-01-22,2026-09-17
2190.0,54,0,2028-01-22,2026-09-17
2200.0,268,0,2028-01-22,2026-09-17
2210.0,60,0,2028-01-22,2026-09-17
2220.0,98,16,2028-01-22,2026-09-17
2230.0,4,1,2028-01-22,2026-09-17
2240.0,21,14,2028-01-22,2026-09-17
2250.0,47,4,2028-01-22,2026-09-17
2260.0,11,5,2028-01-22,2026-09-17
2270.0,111,0,2028-01-22,2026-09-17
2280.0,9,5,2028-01-22,2026-09-17
2290.0,97,189,2028-01-22,2026-09-17
2300.0,171,11,2028-01-22,2026-09-17
2310.0,105,1,2028-01-22,2026-09-17
2320.0,14,0,2028-01-22,2026-09-17
2330.0,63,2,2028-01-22,2026-09-17
2340.0,50,0,2028-01-22,2026-09-17
2350.0,440,3,2028-01-22,2026-09-17
2360.0,75,0,2028-01-22,2026-09-17
2370.0,41,1,2028-01-22,2026-09-17
2380.0,601,16,2028-01-22,2026-09-17
2390.0,442,4,2028-01-22,2026-09-17
2400.0,827,16,2028-01-22,2026-09-17
2410.0,205,2,2028-01-22,2026-09-17
2420.0,553,76,2028-01-22,2026-09-17
2440.0,320,17,2028-01-22,2026-09-17
2460.0,650,16,2028-01-22,2026-09-17
2480.0,952,21,2028-01-22,2026-09-17
2500.0,3193,131,2028-01-22,2026-09-17
5.0,619,55,2028-06-17,2026-09-17
10.0,7,3,2028-06-17,2026-09-17
15.0,0,3,2028-06-17,2026-09-17
20.0,1,10,2028-06-17,2026-09-17
25.0,19,28,2028-06-17,2026-09-17
30.0,1,33,2028-06-17,2026-09-17
35.0,1,9,2028-06-17,2026-09-17
40.0,0,35,2028-06-17,2026-09-17
45.0,0,4,2028-06-17,2026-09-17
50.0,0,169,2028-06-17,2026-09-17
55.0,0,36,2028-06-17,2026-09-17
60.0,0,28,2028-06-17,2026-09-17
65.0,0,24,2028-06-17,2026-09-17
70.0,0,32,2028-06-17,2026-09-17
75.0,0,479,2028-06-17,2026-09-17
80.0,19,291,2028-06-17,2026-09-17
85.0,0,233,2028-06-17,2026-09-17
90.0,1,865,2028-06-17,2026-09-17
95.0,0,314,2028-06-17,2026-09-17
100.0,13,1412,2028-06-17,2026-09-17
105.0,8,833,2028-06-17,2026-09-17
110.0,1,1649,2028-06-17,2026-09-17
115.0,0,309,2028-06-17,2026-09-17
120.0,2,521,2028-06-17,2026-09-17
125.0,1,225,2028-06-17,2026-09-17
130.0,7,929,2028-06-17,2026-09-17
135.0,3,510,2028-06-17,2026-09-17
140.0,5,648,2028-06-17,2026-09-17
145.0,1,49,2028-06-17,2026-09-17
150.0,5,21,2028-06-17,2026-09-17
155.0,16,79,2028-06-17,2026-09-17
160.0,4,222,2028-06-17,2026-09-17
165.0,2,24,2028-06-17,2026-09-17
170.0,3,713,2028-06-17,2026-09-17
175.0,3,51,2028-06-17,2026-09-17
180.0,8,34,2028-06-17,2026-09-17
185.0,18,16,2028-06-17,2026-09-17
190.0,8,38,2028-06-17,2026-09-17
195.0,5,87,2028-06-17,2026-09-17
200.0,108,176,2028-06-17,2026-09-17
210.0,21,37,2028-06-17,2026-09-17
220.0,157,63,2028-06-17,2026-09-17
230.0,1,91,2028-06-17,2026-09-17
240.0,12,60,2028-06-17,2026-09-17
250.0,26,85,2028-06-17,2026-09-17
260.0,7,20,2028-06-17,2026-09-17
270.0,11,275,2028-06-17,2026-09-17
280.0,1,24,2028-06-17,2026-09-17
290.0,7,8,2028-06-17,2026-09-17
300.0,29,113,2028-06-17,2026-09-17
310.0,7,46,2028-06-17,2026-09-17
320.0,14,144,2028-06-17,2026-09-17
330.0,4,124,2028-06-17,2026-09-17
340.0,6,69,2028-06-17,2026-09-17
350.0,30,353,2028-06-17,2026-09-17
360.0,9,39,2028-06-17,2026-09-17
370.0,16,64,2028-06-17,2026-09-17
380.0,12,29,2028-06-17,2026-09-17
390.0,42,79,2028-06-17,2026-09-17
400.0,103,82,2028-06-17,2026-09-17
410.0,31,9,2028-06-17,2026-09-17
420.0,22,83,2028-06-17,2026-09-17
430.0,7,18,2028-06-17,2026-09-17
440.0,31,57,2028-06-17,2026-09-17
450.0,43,165,2028-06-17,2026-09-17
460.0,98,76,2028-06-17,2026-09-17
470.0,48,34,2028-06-17,2026-09-17
480.0,40,57,2028-06-17,2026-09-17
490.0,91,72,2028-06-17,2026-09-17
500.0,116,485,2028-06-17,2026-09-17
510.0,22,117,2028-06-17,2026-09-17
520.0,119,100,2028-06-17,2026-09-17
530.0,83,40,2028-06-17,2026-09-17
540.0,96,104,2028-06-17,2026-09-17
550.0,100,34,2028-06-17,2026-09-17
560.0,314,106,2028-06-17,2026-09-17
570.0,84,47,2028-06-17,2026-09-17
580.0,105,81,2028-06-17,2026-09-17
590.0,81,43,2028-06-17,2026-09-17
600.0,256,320,2028-06-17,2026-09-17
610.0,17,28,2028-06-17,2026-09-17
620.0,32,34,2028-06-17,2026-09-17
630.0,152,67,2028-06-17,2026-09-17
640.0,330,143,2028-06-17,2026-09-17
650.0,106,137,2028-06-17,2026-09-17
660.0,38,37,2028-06-17,2026-09-17
670.0,39,39,2028-06-17,2026-09-17
680.0,16,81,2028-06-17,2026-09-17
690.0,116,71,2028-06-17,2026-09-17
700.0,151,527,2028-06-17,2026-09-17
710.0,21,101,2028-06-17,2026-09-17
720.0,136,45,2028-06-17,2026-09-17
730.0,46,320,2028-06-17,2026-09-17
740.0,47,37,2028-06-17,2026-09-17
750.0,286,293,2028-06-17,2026-09-17
760.0,66,35,2028-06-17,2026-09-17
770.0,39,65,2028-06-17,2026-09-17
780.0,150,165,2028-06-17,2026-09-17
790.0,240,139,2028-06-17,2026-09-17
800.0,346,439,2028-06-17,2026-09-17
810.0,114,119,2028-06-17,2026-09-17
820.0,28,616,2028-06-17,2026-09-17
830.0,128,336,2028-06-17,2026-09-17
840.0,77,175,2028-06-17,2026-09-17
850.0,69,442,2028-06-17,2026-09-17
860.0,73,159,2028-06-17,2026-09-17
870.0,45,77,2028-06-17,2026-09-17
880.0,52,175,2028-06-17,2026-09-17
890.0,138,76,2028-06-17,2026-09-17
900.0,337,267,2028-06-17,2026-09-17
910.0,69,218,2028-06-17,2026-09-17
920.0,171,32,2028-06-17,2026-09-17
930.0,96,100,2028-06-17,2026-09-17
940.0,79,61,2028-06-17,2026-09-17
950.0,116,137,2028-06-17,2026-09-17
960.0,323,78,2028-06-17,2026-09-17
970.0,224,99,2028-06-17,2026-09-17
980.0,156,50,2028-06-17,2026-09-17
990.0,118,73,2028-06-17,2026-09-17
1000.0,660,180,2028-06-17,2026-09-17
1010.0,220,225,2028-06-17,2026-09-17
1020.0,94,245,2028-06-17,2026-09-17
1030.0,347,325,2028-06-17,2026-09-17
1040.0,89,513,2028-06-17,2026-09-17
1050.0,29,520,2028-06-17,2026-09-17
1060.0,110,384,2028-06-17,2026-09-17
1070.0,84,426,2028-06-17,2026-09-17
1080.0,161,112,2028-06-17,2026-09-17
1090.0,173,125,2028-06-17,2026-09-17
1100.0,84,203,2028-06-17,2026-09-17
1110.0,26,23,2028-06-17,2026-09-17
1120.0,150,35,2028-06-17,2026-09-17
1130.0,28,93,2028-06-17,2026-09-17
1140.0,40,26,2028-06-17,2026-09-17
1150.0,232,43,2028-06-17,2026-09-17
1160.0,15,14,2028-06-17,2026-09-17
1170.0,240,24,2028-06-17,2026-09-17
1180.0,341,126,2028-06-17,2026-09-17
1190.0,10,164,2028-06-17,2026-09-17
1200.0,521,304,2028-06-17,2026-09-17
1210.0,25,41,2028-06-17,2026-09-17
1220.0,454,23,2028-06-17,2026-09-17
1230.0,77,37,2028-06-17,2026-09-17
1240.0,103,35,2028-06-17,2026-09-17
1250.0,86,76,2028-06-17,2026-09-17
1260.0,203,153,2028-06-17,2026-09-17
1270.0,163,120,2028-06-17,2026-09-17
1280.0,359,412,2028-06-17,2026-09-17
1290.0,67,311,2028-06-17,2026-09-17
1300.0,569,116,2028-06-17,2026-09-17
1310.0,186,70,2028-06-17,2026-09-17
1320.0,260,114,2028-06-17,2026-09-17
1330.0,108,60,2028-06-17,2026-09-17
1340.0,255,34,2028-06-17,2026-09-17
1350.0,139,45,2028-06-17,2026-09-17
1360.0,221,22,2028-06-17,2026-09-17
1370.0,111,23,2028-06-17,2026-09-17
1380.0,22,216,2028-06-17,2026-09-17
1390.0,110,5,2028-06-17,2026-09-17
1400.0,604,77,2028-06-17,2026-09-17
1410.0,50,35,2028-06-17,2026-09-17
1420.0,209,24,2028-06-17,2026-09-17
1430.0,101,8,2028-06-17,2026-09-17
1440.0,137,26,2028-06-17,2026-09-17
1450.0,22,12,2028-06-17,2026-09-17
1460.0,181,29,2028-06-17,2026-09-17
1470.0,384,15,2028-06-17,2026-09-17
1480.0,263,93,2028-06-17,2026-09-17
1490.0,79,16,2028-06-17,2026-09-17
1500.0,681,92,2028-06-17,2026-09-17
1510.0,62,35,2028-06-17,2026-09-17
1520.0,230,8,2028-06-17,2026-09-17
1530.0,69,68,2028-06-17,2026-09-17
1540.0,28,36,2028-06-17,2026-09-17
1550.0,93,28,2028-06-17,2026-09-17
1560.0,57,17,2028-06-17,2026-09-17
1570.0,86,2,2028-06-17,2026-09-17
1580.0,12,23,2028-06-17,2026-09-17
1590.0,239,84,2028-06-17,2026-09-17
1600.0,165,119,2028-06-17,2026-09-17
1610.0,95,31,2028-06-17,2026-09-17
1620.0,172,87,2028-06-17,2026-09-17
1630.0,222,73,2028-06-17,2026-09-17
1640.0,54,2,2028-06-17,2026-09-17
1650.0,48,47,2028-06-17,2026-09-17
1660.0,35,1,2028-06-17,2026-09-17
1670.0,23,7,2028-06-17,2026-09-17
1680.0,96,11,2028-06-17,2026-09-17
1690.0,68,4,2028-06-17,2026-09-17
1700.0,508,7,2028-06-17,2026-09-17
1710.0,46,20,2028-06-17,2026-09-17
1720.0,29,16,2028-06-17,2026-09-17
1730.0,423,15,2028-06-17,2026-09-17
1740.0,278,9,2028-06-17,2026-09-17
1750.0,131,13,2028-06-17,2026-09-17
1760.0,144,6,2028-06-17,2026-09-17
1770.0,161,14,2028-06-17,2026-09-17
1780.0,174,4,2028-06-17,2026-09-17
1790.0,122,174,2028-06-17,2026-09-17
1800.0,199,46,2028-06-17,2026-09-17
1810.0,633,12,2028-06-17,2026-09-17
1820.0,152,35,2028-06-17,2026-09-17
1830.0,148,15,2028-06-17,2026-09-17
1840.0,142,143,2028-06-17,2026-09-17
1850.0,108,4,2028-06-17,2026-09-17
1860.0,203,2,2028-06-17,2026-09-17
1870.0,106,2,2028-06-17,2026-09-17
1880.0,69,2,2028-06-17,2026-09-17
1890.0,67,2,2028-06-17,2026-09-17
1900.0,124,9,2028-06-17,2026-09-17
1910.0,71,5,2028-06-17,2026-09-17
1920.0,167,1,2028-06-17,2026-09-17
1930.0,43,17,2028-06-17,2026-09-17
1940.0,71,12,2028-06-17,2026-09-17
1950.0,791,29,2028-06-17,2026-09-17
1960.0,85,4,2028-06-17,2026-09-17
1970.0,34,0,2028-06-17,2026-09-17
1980.0,100,2,2028-06-17,2026-09-17
1990.0,107,43,2028-06-17,2026-09-17
2000.0,161,16,2028-06-17,2026-09-17
2010.0,171,5,2028-06-17,2026-09-17
2020.0,94,6,2028-06-17,2026-09-17
2030.0,264,2,2028-06-17,2026-09-17
2040.0,55,4,2028-06-17,2026-09-17
2050.0,19,28,2028-06-17,2026-09-17
2060.0,109,2,2028-06-17,2026-09-17
2070.0,48,2,2028-06-17,2026-09-17
2080.0,163,13,2028-06-17,2026-09-17
2090.0,113,0,2028-06-17,2026-09-17
2100.0,288,26,2028-06-17,2026-09-17
2110.0,17,3,2028-06-17,2026-09-17
2120.0,127,3,2028-06-17,2026-09-17
2130.0,89,2,2028-06-17,2026-09-17
2140.0,122,3,2028-06-17,2026-09-17
2150.0,31,2,2028-06-17,2026-09-17
2160.0,72,7,2028-06-17,2026-09-17
2170.0,104,11,2028-06-17,2026-09-17
2180.0,13,2,2028-06-17,2026-09-17
2190.0,56,0,2028-06-17,2026-09-17
2200.0,337,4,2028-06-17,2026-09-17
2210.0,182,0,2028-06-17,2026-09-17
2220.0,117,13,2028-06-17,2026-09-17
2230.0,68,9,2028-06-17,2026-09-17
2240.0,91,142,2028-06-17,2026-09-17
2250.0,59,24,2028-06-17,2026-09-17
2260.0,42,1,2028-06-17,2026-09-17
2270.0,62,3,2028-06-17,2026-09-17
2280.0,18,1,2028-06-17,2026-09-17
2290.0,44,2,2028-06-17,2026-09-17
2300.0,161,6,2028-06-17,2026-09-17
2310.0,53,4,2028-06-17,2026-09-17
2320.0,110,21,2028-06-17,2026-09-17
2330.0,58,7,2028-06-17,2026-09-17
2340.0,17,2,2028-06-17,2026-09-17
2350.0,21,51,2028-06-17,2026-09-17
2360.0,46,12,2028-06-17,2026-09-17
2370.0,258,26,2028-06-17,2026-09-17
2380.0,78,133,2028-06-17,2026-09-17
2390.0,145,2,2028-06-17,2026-09-17
2400.0,264,27,2028-06-17,2026-09-17
2410.0,170,10,2028-06-17,2026-09-17
2420.0,199,18,2028-06-17,2026-09-17
2440.0,176,6,2028-06-17,2026-09-17
2460.0,488,45,2028-06-17,2026-09-17
2480.0,901,54,2028-06-17,2026-09-17
2500.0,2399,56,2028-06-17,2026-09-17
5.0,1605,960,2028-12-16,2026-09-17
10.0,106,76,2028-12-16,2026-09-17
15.0,7,124,2028-12-16,2026-09-17
20.0,3,57,2028-12-16,2026-09-17
25.0,43,2012,2028-12-16,2026-09-17
30.0,9,110,2028-12-16,2026-09-17
35.0,5,346,2028-12-16,2026-09-17
40.0,2,1110,2028-12-16,2026-09-17
45.0,2,1107,2028-12-16,2026-09-17
50.0,57,1815,2028-12-16,2026-09-17
55.0,24,114,2028-12-16,2026-09-17
60.0,17,217,2028-12-16,2026-09-17
65.0,1,135,2028-12-16,2026-09-17
70.0,126,43,2028-12-16,2026-09-17
75.0,23,121,2028-12-16,2026-09-17
80.0,50,142,2028-12-16,2026-09-17
85.0,38,911,2028-12-16,2026-09-17
90.0,29,223,2028-12-16,2026-09-17
95.0,48,163,2028-12-16,2026-09-17
100.0,250,1176,2028-12-16,2026-09-17
105.0,19,482,2028-12-16,2026-09-17
110.0,44,491,2028-12-16,2026-09-17
115.0,33,413,2028-12-16,2026-09-17
120.0,50,477,2028-12-16,2026-09-17
125.0,40,520,2028-12-16,2026-09-17
130.0,51,488,2028-12-16,2026-09-17
135.0,14,802,2028-12-16,2026-09-17
140.0,2760,216,2028-12-16,2026-09-17
145.0,68,28,2028-12-16,2026-09-17
150.0,193,520,2028-12-16,2026-09-17
160.0,49,1088,2028-12-16,2026-09-17
165.0,70,185,2028-12-16,2026-09-17
170.0,74,416,2028-12-16,2026-09-17
175.0,55,45,2028-12-16,2026-09-17
180.0,131,143,2028-12-16,2026-09-17
185.0,62,120,2028-12-16,2026-09-17
190.0,49,149,2028-12-16,2026-09-17
195.0,43,79,2028-12-16,2026-09-17
200.0,598,1035,2028-12-16,2026-09-17
210.0,83,126,2028-12-16,2026-09-17
220.0,65,222,2028-12-16,2026-09-17
230.0,112,540,2028-12-16,2026-09-17
240.0,233,180,2028-12-16,2026-09-17
250.0,453,382,2028-12-16,2026-09-17
260.0,86,434,2028-12-16,2026-09-17
270.0,50,242,2028-12-16,2026-09-17
280.0,66,553,2028-12-16,2026-09-17
290.0,95,268,2028-12-16,2026-09-17
300.0,371,1853,2028-12-16,2026-09-17
310.0,247,244,2028-12-16,2026-09-17
320.0,192,263,2028-12-16,2026-09-17
330.0,165,126,2028-12-16,2026-09-17
340.0,181,304,2028-12-16,2026-09-17
350.0,1723,311,2028-12-16,2026-09-17
360.0,574,335,2028-12-16,2026-09-17
370.0,228,330,2028-12-16,2026-09-17
380.0,353,547,2028-12-16,2026-09-17
390.0,264,254,2028-12-16,2026-09-17
400.0,1255,1676,2028-12-16,2026-09-17
410.0,131,212,2028-12-16,2026-09-17
420.0,305,405,2028-12-16,2026-09-17
430.0,181,191,2028-12-16,2026-09-17
440.0,161,317,2028-12-16,2026-09-17
450.0,428,499,2028-12-16,2026-09-17
460.0,171,196,2028-12-16,2026-09-17
470.0,116,108,2028-12-16,2026-09-17
480.0,156,469,2028-12-16,2026-09-17
490.0,363,203,2028-12-16,2026-09-17
500.0,843,1687,2028-12-16,2026-09-17
510.0,145,155,2028-12-16,2026-09-17
520.0,164,82,2028-12-16,2026-09-17
530.0,214,84,2028-12-16,2026-09-17
540.0,75,215,2028-12-16,2026-09-17
550.0,267,547,2028-12-16,2026-09-17
560.0,103,182,2028-12-16,2026-09-17
570.0,144,230,2028-12-16,2026-09-17
580.0,109,134,2028-12-16,2026-09-17
590.0,199,321,2028-12-16,2026-09-17
600.0,520,990,2028-12-16,2026-09-17
610.0,104,331,2028-12-16,2026-09-17
620.0,202,115,2028-12-16,2026-09-17
630.0,199,76,2028-12-16,2026-09-17
640.0,84,238,2028-12-16,2026-09-17
650.0,320,536,2028-12-16,2026-09-17
660.0,118,328,2028-12-16,2026-09-17
670.0,137,142,2028-12-16,2026-09-17
680.0,207,267,2028-12-16,2026-09-17
690.0,134,266,2028-12-16,2026-09-17
700.0,1723,1307,2028-12-16,2026-09-17
710.0,695,172,2028-12-16,2026-09-17
720.0,692,153,2028-12-16,2026-09-17
730.0,441,100,2028-12-16,2026-09-17
740.0,487,131,2028-12-16,2026-09-17
750.0,1834,404,2028-12-16,2026-09-17
760.0,951,478,2028-12-16,2026-09-17
780.0,191,352,2028-12-16,2026-09-17
790.0,313,105,2028-12-16,2026-09-17
800.0,937,692,2028-12-16,2026-09-17
810.0,444,95,2028-12-16,2026-09-17
820.0,234,128,2028-12-16,2026-09-17
830.0,127,131,2028-12-16,2026-09-17
840.0,401,106,2028-12-16,2026-09-17
850.0,1086,571,2028-12-16,2026-09-17
860.0,264,313,2028-12-16,2026-09-17
870.0,289,513,2028-12-16,2026-09-17
880.0,285,646,2028-12-16,2026-09-17
890.0,172,366,2028-12-16,2026-09-17
900.0,0,125,2028-12-16,2026-09-17
900.0,1572,1204,2028-12-16,2026-09-17
910.0,1747,232,2028-12-16,2026-09-17
920.0,308,190,2028-12-16,2026-09-17
930.0,380,316,2028-12-16,2026-09-17
940.0,175,150,2028-12-16,2026-09-17
950.0,664,486,2028-12-16,2026-09-17
960.0,254,220,2028-12-16,2026-09-17
970.0,232,207,2028-12-16,2026-09-17
980.0,228,140,2028-12-16,2026-09-17
990.0,268,413,2028-12-16,2026-09-17
1000.0,1531,941,2028-12-16,2026-09-17
1010.0,450,407,2028-12-16,2026-09-17
1020.0,239,285,2028-12-16,2026-09-17
1030.0,176,330,2028-12-16,2026-09-17
1040.0,216,171,2028-12-16,2026-09-17
1050.0,512,254,2028-12-16,2026-09-17
1060.0,637,400,2028-12-16,2026-09-17
1070.0,127,470,2028-12-16,2026-09-17
1080.0,359,1041,2028-12-16,2026-09-17
1090.0,237,261,2028-12-16,2026-09-17
1100.0,803,525,2028-12-16,2026-09-17
1110.0,241,256,2028-12-16,2026-09-17
1120.0,136,229,2028-12-16,2026-09-17
1130.0,42,142,2028-12-16,2026-09-17
1140.0,138,139,2028-12-16,2026-09-17
1150.0,390,402,2028-12-16,2026-09-17
1160.0,72,215,2028-12-16,2026-09-17
1170.0,171,149,2028-12-16,2026-09-17
1180.0,1904,171,2028-12-16,2026-09-17
1190.0,216,211,2028-12-16,2026-09-17
1200.0,1545,776,2028-12-16,2026-09-17
1210.0,140,129,2028-12-16,2026-09-17
1220.0,312,238,2028-12-16,2026-09-17
1230.0,162,94,2028-12-16,2026-09-17
1240.0,397,244,2028-12-16,2026-09-17
1250.0,530,84,2028-12-16,2026-09-17
1260.0,198,310,2028-12-16,2026-09-17
1270.0,225,271,2028-12-16,2026-09-17
1280.0,451,390,2028-12-16,2026-09-17
1290.0,138,107,2028-12-16,2026-09-17
1300.0,1025,362,2028-12-16,2026-09-17
1310.0,64,89,2028-12-16,2026-09-17
1320.0,96,200,2028-12-16,2026-09-17
1330.0,34,195,2028-12-16,2026-09-17
1340.0,98,209,2028-12-16,2026-09-17
1350.0,287,220,2028-12-16,2026-09-17
1360.0,79,79,2028-12-16,2026-09-17
1370.0,23,145,2028-12-16,2026-09-17
1380.0,342,197,2028-12-16,2026-09-17
1390.0,212,120,2028-12-16,2026-09-17
1400.0,2357,825,2028-12-16,2026-09-17
1410.0,137,191,2028-12-16,2026-09-17
1420.0,713,305,2028-12-16,2026-09-17
1430.0,58,102,2028-12-16,2026-09-17
1440.0,383,346,2028-12-16,2026-09-17
1450.0,265,187,2028-12-16,2026-09-17
1460.0,75,100,2028-12-16,2026-09-17
1470.0,173,151,2028-12-16,2026-09-17
1480.0,433,404,2028-12-16,2026-09-17
1490.0,47,243,2028-12-16,2026-09-17
1500.0,2473,519,2028-12-16,2026-09-17
1510.0,160,27,2028-12-16,2026-09-17
1520.0,76,130,2028-12-16,2026-09-17
1530.0,144,131,2028-12-16,2026-09-17
1540.0,314,185,2028-12-16,2026-09-17
1550.0,262,39,2028-12-16,2026-09-17
1560.0,118,85,2028-12-16,2026-09-17
1570.0,43,22,2028-12-16,2026-09-17
1580.0,63,120,2028-12-16,2026-09-17
1590.0,57,43,2028-12-16,2026-09-17
1600.0,527,738,2028-12-16,2026-09-17
1610.0,52,70,2028-12-16,2026-09-17
1620.0,557,300,2028-12-16,2026-09-17
1630.0,757,44,2028-12-16,2026-09-17
1640.0,21,10,2028-12-16,2026-09-17
1650.0,98,68,2028-12-16,2026-09-17
1660.0,80,18,2028-12-16,2026-09-17
1670.0,16,17,2028-12-16,2026-09-17
1680.0,282,127,2028-12-16,2026-09-17
1690.0,56,53,2028-12-16,2026-09-17
1700.0,1433,717,2028-12-16,2026-09-17
1710.0,82,215,2028-12-16,2026-09-17
1720.0,331,59,2028-12-16,2026-09-17
1730.0,43,110,2028-12-16,2026-09-17
1740.0,350,208,2028-12-16,2026-09-17
1750.0,190,243,2028-12-16,2026-09-17
1760.0,169,69,2028-12-16,2026-09-17
1770.0,102,29,2028-12-16,2026-09-17
1780.0,49,112,2028-12-16,2026-09-17
1790.0,63,113,2028-12-16,2026-09-17
1800.0,422,320,2028-12-16,2026-09-17
1810.0,126,234,2028-12-16,2026-09-17
1820.0,123,60,2028-12-16,2026-09-17
1830.0,121,67,2028-12-16,2026-09-17
1840.0,66,10,2028-12-16,2026-09-17
1850.0,75,50,2028-12-16,2026-09-17
1860.0,14,37,2028-12-16,2026-09-17
1870.0,24,17,2028-12-16,2026-09-17
1880.0,117,342,2028-12-16,2026-09-17
1890.0,116,245,2028-12-16,2026-09-17
1900.0,201,506,2028-12-16,2026-09-17
1910.0,75,24,2028-12-16,2026-09-17
1920.0,21,11,2028-12-16,2026-09-17
1930.0,85,26,2028-12-16,2026-09-17
1940.0,25,6,2028-12-16,2026-09-17
1950.0,183,10,2028-12-16,2026-09-17
1960.0,76,7,2028-12-16,2026-09-17
1970.0,392,24,2028-12-16,2026-09-17
1980.0,230,316,2028-12-16,2026-09-17
1990.0,61,216,2028-12-16,2026-09-17
2000.0,125,0,2028-12-16,2026-09-17
2000.0,741,262,2028-12-16,2026-09-17
2010.0,75,107,2028-12-16,2026-09-17
2020.0,62,2,2028-12-16,2026-09-17
2030.0,18,1,2028-12-16,2026-09-17
2040.0,421,48,2028-12-16,2026-09-17
2050.0,181,12,2028-12-16,2026-09-17
2060.0,22,35,2028-12-16,2026-09-17
2070.0,55,4,2028-12-16,2026-09-17
2080.0,29,108,2028-12-16,2026-09-17
2090.0,64,22,2028-12-16,2026-09-17
2100.0,155,137,2028-12-16,2026-09-17
2110.0,92,267,2028-12-16,2026-09-17
2120.0,44,12,2028-12-16,2026-09-17
2130.0,23,12,2028-12-16,2026-09-17
2140.0,115,21,2028-12-16,2026-09-17
2150.0,80,113,2028-12-16,2026-09-17
2160.0,89,127,2028-12-16,2026-09-17
2170.0,685,20,2028-12-16,2026-09-17
2180.0,132,27,2028-12-16,2026-09-17
2190.0,110,10,2028-12-16,2026-09-17
2200.0,542,237,2028-12-16,2026-09-17
2210.0,71,32,2028-12-16,2026-09-17
2220.0,309,29,2028-12-16,2026-09-17
2230.0,24,14,2028-12-16,2026-09-17
2240.0,64,78,2028-12-16,2026-09-17
2250.0,76,11,2028-12-16,2026-09-17
2260.0,164,55,2028-12-16,2026-09-17
2270.0,19,14,2028-12-16,2026-09-17
2280.0,18,4,2028-12-16,2026-09-17
2290.0,85,23,2028-12-16,2026-09-17
2300.0,194,36,2028-12-16,2026-09-17
2310.0,102,6,2028-12-16,2026-09-17
2320.0,38,10,2028-12-16,2026-09-17
2330.0,11,33,2028-12-16,2026-09-17
2340.0,27,53,2028-12-16,2026-09-17
2350.0,59,66,2028-12-16,2026-09-17
2360.0,76,19,2028-12-16,2026-09-17
2370.0,83,53,2028-12-16,2026-09-17
2380.0,106,318,2028-12-16,2026-09-17
2390.0,152,239,2028-12-16,2026-09-17
2400.0,464,132,2028-12-16,2026-09-17
2410.0,26,98,2028-12-16,2026-09-17
2420.0,463,18,2028-12-16,2026-09-17
2440.0,92,58,2028-12-16,2026-09-17
2460.0,114,63,2028-12-16,2026-09-17
2480.0,412,125,2028-12-16,2026-09-17
2500.0,3241,411,2028-12-16,2026-09-17
5.0,0,0,2029-01-20,2026-09-17
10.0,0,0,2029-01-20,2026-09-17
15.0,0,0,2029-01-20,2026-09-17
20.0,0,0,2029-01-20,2026-09-17
25.0,0,0,2029-01-20,2026-09-17
30.0,0,0,2029-01-20,2026-09-17
35.0,0,0,2029-01-20,2026-09-17
40.0,0,0,2029-01-20,2026-09-17
45.0,0,0,2029-01-20,2026-09-17
50.0,0,0,2029-01-20,2026-09-17
55.0,0,0,2029-01-20,2026-09-17
60.0,0,0,2029-01-20,2026-09-17
65.0,0,0,2029-01-20,2026-09-17
70.0,0,0,2029-01-20,2026-09-17
75.0,0,0,2029-01-20,2026-09-17
80.0,0,0,2029-01-20,2026-09-17
85.0,0,0,2029-01-20,2026-09-17
90.0,0,0,2029-01-20,2026-09-17
95.0,0,0,2029-01-20,2026-09-17
100.0,0,10,2029-01-20,2026-09-17
105.0,0,197,2029-01-20,2026-09-17
110.0,0,0,2029-01-20,2026-09-17
115.0,0,0,2029-01-20,2026-09-17
120.0,0,0,2029-01-20,2026-09-17
125.0,0,0,2029-01-20,2026-09-17
130.0,0,0,2029-01-20,2026-09-17
135.0,0,0,2029-01-20,2026-09-17
140.0,0,0,2029-01-20,2026-09-17
145.0,0,0,2029-01-20,2026-09-17
150.0,0,2,2029-01-20,2026-09-17
160.0,0,0,2029-01-20,2026-09-17
165.0,0,0,2029-01-20,2026-09-17
170.0,0,0,2029-01-20,2026-09-17
175.0,0,0,2029-01-20,2026-09-17
180.0,0,0,2029-01-20,2026-09-17
185.0,0,0,2029-01-20,2026-09-17
190.0,0,1,2029-01-20,2026-09-17
195.0,0,0,2029-01-20,2026-09-17
200.0,2,18,2029-01-20,2026-09-17
210.0,0,0,2029-01-20,2026-09-17
220.0,0,0,2029-01-20,2026-09-17
230.0,0,0,2029-01-20,2026-09-17
240.0,0,0,2029-01-20,2026-09-17
250.0,0,0,2029-01-20,2026-09-17
260.0,0,0,2029-01-20,2026-09-17
270.0,0,0,2029-01-20,2026-09-17
280.0,0,0,2029-01-20,2026-09-17
290.0,0,0,2029-01-20,2026-09-17
300.0,0,0,2029-01-20,2026-09-17
310.0,0,0,2029-01-20,2026-09-17
320.0,0,0,2029-01-20,2026-09-17
330.0,0,1,2029-01-20,2026-09-17
340.0,1,0,2029-01-20,2026-09-17
350.0,0,2,2029-01-20,2026-09-17
360.0,0,0,2029-01-20,2026-09-17
370.0,0,0,2029-01-20,2026-09-17
380.0,1,0,2029-01-20,2026-09-17
390.0,0,0,2029-01-20,2026-09-17
400.0,2,0,2029-01-20,2026-09-17
410.0,0,0,2029-01-20,2026-09-17
420.0,0,0,2029-01-20,2026-09-17
430.0,0,1,2029-01-20,2026-09-17
440.0,0,4,2029-01-20,2026-09-17
450.0,0,9,2029-01-20,2026-09-17
460.0,0,4,2029-01-20,2026-09-17
470.0,1,0,2029-01-20,2026-09-17
480.0,0,0,2029-01-20,2026-09-17
490.0,0,1,2029-01-20,2026-09-17
500.0,0,2,2029-01-20,2026-09-17
510.0,0,0,2029-01-20,2026-09-17
520.0,0,0,2029-01-20,2026-09-17
530.0,0,0,2029-01-20,2026-09-17
540.0,0,0,2029-01-20,2026-09-17
550.0,0,0,2029-01-20,2026-09-17
560.0,0,0,2029-01-20,2026-09-17
570.0,0,0,2029-01-20,2026-09-17
580.0,1,1,2029-01-20,2026-09-17
590.0,0,0,2029-01-20,2026-09-17
600.0,1,1,2029-01-20,2026-09-17
610.0,0,0,2029-01-20,2026-09-17
620.0,0,0,2029-01-20,2026-09-17
630.0,0,0,2029-01-20,2026-09-17
640.0,0,0,2029-01-20,2026-09-17
650.0,0,0,2029-01-20,2026-09-17
660.0,0,0,2029-01-20,2026-09-17
670.0,0,0,2029-01-20,2026-09-17
680.0,1,0,2029-01-20,2026-09-17
690.0,1,4,2029-01-20,2026-09-17
700.0,2,1,2029-01-20,2026-09-17
710.0,0,0,2029-01-20,2026-09-17
720.0,11,0,2029-01-20,2026-09-17
730.0,0,0,2029-01-20,2026-09-17
740.0,0,0,2029-01-20,2026-09-17
750.0,0,5,2029-01-20,2026-09-17
760.0,0,0,2029-01-20,2026-09-17
770.0,0,0,2029-01-20,2026-09-17
780.0,0,0,2029-01-20,2026-09-17
790.0,0,0,2029-01-20,2026-09-17
800.0,6,1,2029-01-20,2026-09-17
810.0,0,2,2029-01-20,2026-09-17
820.0,0,2,2029-01-20,2026-09-17
830.0,8,22,2029-01-20,2026-09-17
840.0,1,3,2029-01-20,2026-09-17
850.0,20,1,2029-01-20,2026-09-17
860.0,5,2,2029-01-20,2026-09-17
870.0,2,1,2029-01-20,2026-09-17
880.0,4,1,2029-01-20,2026-09-17
890.0,1,0,2029-01-20,2026-09-17
900.0,36,109,2029-01-20,2026-09-17
910.0,2,1,2029-01-20,2026-09-17
920.0,11,1,2029-01-20,2026-09-17
930.0,24,2,2029-01-20,2026-09-17
940.0,7,3,2029-01-20,2026-09-17
950.0,14,2,2029-01-20,2026-09-17
960.0,0,0,2029-01-20,2026-09-17
970.0,1,0,2029-01-20,2026-09-17
980.0,14,1,2029-01-20,2026-09-17
990.0,1,1,2029-01-20,2026-09-17
1000.0,27,3,2029-01-20,2026-09-17
1010.0,1,0,2029-01-20,2026-09-17
1020.0,2,0,2029-01-20,2026-09-17
1030.0,26,29,2029-01-20,2026-09-17
1040.0,0,5,2029-01-20,2026-09-17
1050.0,8,40,2029-01-20,2026-09-17
1060.0,0,1,2029-01-20,2026-09-17
1070.0,0,0,2029-01-20,2026-09-17
1080.0,1,0,2029-01-20,2026-09-17
1090.0,3,1,2029-01-20,2026-09-17
1100.0,29,69,2029-01-20,2026-09-17
1110.0,2,0,2029-01-20,2026-09-17
1120.0,0,0,2029-01-20,2026-09-17
1130.0,28,41,2029-01-20,2026-09-17
1140.0,0,0,2029-01-20,2026-09-17
1150.0,3,1,2029-01-20,2026-09-17
1160.0,2,0,2029-01-20,2026-09-17
1170.0,1,0,2029-01-20,2026-09-17
1180.0,1,1,2029-01-20,2026-09-17
1190.0,0,0,2029-01-20,2026-09-17
1200.0,3,0,2029-01-20,2026-09-17
1210.0,4,0,2029-01-20,2026-09-17
1220.0,5,0,2029-01-20,2026-09-17
1230.0,1,0,2029-01-20,2026-09-17
1240.0,0,0,2029-01-20,2026-09-17
1250.0,9,39,2029-01-20,2026-09-17
1260.0,0,0,2029-01-20,2026-09-17
1270.0,0,0,2029-01-20,2026-09-17
1280.0,0,0,2029-01-20,2026-09-17
1290.0,0,1,2029-01-20,2026-09-17
1300.0,3,47,2029-01-20,2026-09-17
1310.0,0,0,2029-01-20,2026-09-17
1320.0,0,0,2029-01-20,2026-09-17
1330.0,1,1,2029-01-20,2026-09-17
1340.0,0,0,2029-01-20,2026-09-17
1350.0,1,0,2029-01-20,2026-09-17
1360.0,0,0,2029-01-20,2026-09-17
1370.0,1,0,2029-01-20,2026-09-17
1380.0,0,0,2029-01-20,2026-09-17
1390.0,0,0,2029-01-20,2026-09-17
1400.0,0,0,2029-01-20,2026-09-17
1410.0,0,0,2029-01-20,2026-09-17
1420.0,2,0,2029-01-20,2026-09-17
1430.0,0,0,2029-01-20,2026-09-17
1440.0,0,0,2029-01-20,2026-09-17
1450.0,6,0,2029-01-20,2026-09-17
1460.0,2,0,2029-01-20,2026-09-17
1470.0,0,0,2029-01-20,2026-09-17
1480.0,0,0,2029-01-20,2026-09-17
1490.0,0,0,2029-01-20,2026-09-17
1500.0,1,47,2029-01-20,2026-09-17
1510.0,1,0,2029-01-20,2026-09-17
1520.0,0,0,2029-01-20,2026-09-17
1530.0,0,0,2029-01-20,2026-09-17
1540.0,1,47,2029-01-20,2026-09-17
1550.0,1,0,2029-01-20,2026-09-17
1560.0,0,0,2029-01-20,2026-09-17
1570.0,0,0,2029-01-20,2026-09-17
1580.0,0,0,2029-01-20,2026-09-17
1590.0,0,0,2029-01-20,2026-09-17
1600.0,16,0,2029-01-20,2026-09-17
1610.0,0,0,2029-01-20,2026-09-17
1620.0,11,0,2029-01-20,2026-09-17
1630.0,0,0,2029-01-20,2026-09-17
1640.0,12,0,2029-01-20,2026-09-17
1650.0,2,0,2029-01-20,2026-09-17
1660.0,31,0,2029-01-20,2026-09-17
1670.0,0,0,2029-01-20,2026-09-17
1680.0,0,0,2029-01-20,2026-09-17
1690.0,0,0,2029-01-20,2026-09-17
1700.0,0,0,2029-01-20,2026-09-17
1710.0,0,0,2029-01-20,2026-09-17
1720.0,1,0,2029-01-20,2026-09-17
1730.0,0,0,2029-01-20,2026-09-17
1740.0,1,47,2029-01-20,2026-09-17
1750.0,0,0,2029-01-20,2026-09-17
1760.0,0,0,2029-01-20,2026-09-17
1770.0,0,0,2029-01-20,2026-09-17
1780.0,1,0,2029-01-20,2026-09-17
1790.0,1,0,2029-01-20,2026-09-17
1800.0,1,0,2029-01-20,2026-09-17
1810.0,12,0,2029-01-20,2026-09-17
1820.0,1,0,2029-01-20,2026-09-17
1840.0,16,0,2029-01-20,2026-09-17
