Strike,Call,Put,Expiry,Date
394.6,0,0,2026-09-25,2026-09-25
975.0,0,45,2026-09-25,2026-09-25
1000.0,0,45,2026-09-25,2026-09-25
1180.03,365,0,2026-09-25,2026-09-25
5.0,0,4,2026-09-26,2026-09-25
10.0,0,0,2026-09-26,2026-09-25
15.0,0,0,2026-09-26,2026-09-25
20.0,1,5,2026-09-26,2026-09-25
25.0,0,0,2026-09-26,2026-09-25
30.0,0,0,2026-09-26,2026-09-25
35.0,0,0,2026-09-26,2026-09-25
40.0,0,0,2026-09-26,2026-09-25
45.0,0,0,2026-09-26,2026-09-25
50.0,11,0,2026-09-26,2026-09-25
55.0,0,0,2026-09-26,2026-09-25
60.0,0,0,2026-09-26,2026-09-25
65.0,0,0,2026-09-26,2026-09-25
70.0,0,0,2026-09-26,2026-09-25
75.0,0,0,2026-09-26,2026-09-25
80.0,0,0,2026-09-26,2026-09-25
85.0,0,0,2026-09-26,2026-09-25
90.0,0,0,2026-09-26,2026-09-25
95.0,1,0,2026-09-26,2026-09-25
100.0,2,44,2026-09-26,2026-09-25
105.0,3,0,2026-09-26,2026-09-25
110.0,2,0,2026-09-26,2026-09-25
115.0,0,1,2026-09-26,2026-09-25
120.0,1,0,2026-09-26,2026-09-25
125.0,0,0,2026-09-26,2026-09-25
130.0,0,1,2026-09-26,2026-09-25
135.0,0,0,2026-09-26,2026-09-25
140.0,0,0,2026-09-26,2026-09-25
145.0,0,2,2026-09-26,2026-09-25
150.0,0,0,2026-09-26,2026-09-25
155.0,2,1,2026-09-26,2026-09-25
160.0,0,1,2026-09-26,2026-09-25
165.0,0,1,2026-09-26,2026-09-25
170.0,0,2,2026-09-26,2026-09-25
175.0,0,0,2026-09-26,2026-09-25
180.0,0,0,2026-09-26,2026-09-25
185.0,3,2507,2026-09-26,2026-09-25
190.0,1,11669,2026-09-26,2026-09-25
195.0,0,644,2026-09-26,2026-09-25
200.0,2,1594,2026-09-26,2026-09-25
205.0,3,1004,2026-09-26,2026-09-25
210.0,0,1000,2026-09-26,2026-09-25
215.0,0,1000,2026-09-26,2026-09-25
220.0,9,997,2026-09-26,2026-09-25
225.0,2,1026,2026-09-26,2026-09-25
230.0,2,1892,2026-09-26,2026-09-25
235.0,0,374,2026-09-26,2026-09-25
240.0,0,342,2026-09-26,2026-09-25
245.0,0,333,2026-09-26,2026-09-25
250.0,0,291,2026-09-26,2026-09-25
255.0,0,243,2026-09-26,2026-09-25
260.0,0,668,2026-09-26,2026-09-25
265.0,0,526,2026-09-26,2026-09-25
270.0,0,565,2026-09-26,2026-09-25
275.0,3,298,2026-09-26,2026-09-25
280.0,2,198,2026-09-26,2026-09-25
285.0,0,329,2026-09-26,2026-09-25
290.0,1,293,2026-09-26,2026-09-25
295.0,0,365,2026-09-26,2026-09-25
300.0,30,920,2026-09-26,2026-09-25
305.0,0,247,2026-09-26,2026-09-25
310.0,0,109,2026-09-26,2026-09-25
315.0,0,171,2026-09-26,2026-09-25
320.0,1,172,2026-09-26,2026-09-25
325.0,1,383,2026-09-26,2026-09-25
330.0,0,175,2026-09-26,2026-09-25
335.0,0,509,2026-09-26,2026-09-25
340.0,0,133,2026-09-26,2026-09-25
345.0,0,113,2026-09-26,2026-09-25
350.0,1,394,2026-09-26,2026-09-25
355.0,31,177,2026-09-26,2026-09-25
360.0,2,198,2026-09-26,2026-09-25
365.0,0,1689,2026-09-26,2026-09-25
370.0,2,166,2026-09-26,2026-09-25
375.0,0,176,2026-09-26,2026-09-25
380.0,3,739,2026-09-26,2026-09-25
385.0,1,417,2026-09-26,2026-09-25
390.0,1,556,2026-09-26,2026-09-25
395.0,0,399,2026-09-26,2026-09-25
400.0,0,455,2026-09-26,2026-09-25
405.0,5,52,2026-09-26,2026-09-25
410.0,0,68,2026-09-26,2026-09-25
415.0,2,330,2026-09-26,2026-09-25
420.0,0,64,2026-09-26,2026-09-25
425.0,0,155,2026-09-26,2026-09-25
430.0,0,34,2026-09-26,2026-09-25
435.0,0,77,2026-09-26,2026-09-25
440.0,1,62,2026-09-26,2026-09-25
445.0,0,60,2026-09-26,2026-09-25
450.0,1,106,2026-09-26,2026-09-25
455.0,0,71,2026-09-26,2026-09-25
460.0,1,71,2026-09-26,2026-09-25
465.0,0,21,2026-09-26,2026-09-25
470.0,0,55,2026-09-26,2026-09-25
475.0,0,45,2026-09-26,2026-09-25
480.0,3,205,2026-09-26,2026-09-25
485.0,0,73,2026-09-26,2026-09-25
490.0,0,44,2026-09-26,2026-09-25
495.0,1,739,2026-09-26,2026-09-25
500.0,10,306,2026-09-26,2026-09-25
505.0,2,168,2026-09-26,2026-09-25
510.0,1,260,2026-09-26,2026-09-25
515.0,0,95,2026-09-26,2026-09-25
520.0,0,66,2026-09-26,2026-09-25
525.0,0,96,2026-09-26,2026-09-25
530.0,0,73,2026-09-26,2026-09-25
535.0,1,136,2026-09-26,2026-09-25
540.0,8,290,2026-09-26,2026-09-25
545.0,0,361,2026-09-26,2026-09-25
550.0,1,4410,2026-09-26,2026-09-25
555.0,0,8582,2026-09-26,2026-09-25
560.0,1,417,2026-09-26,2026-09-25
565.0,0,264,2026-09-26,2026-09-25
570.0,0,94,2026-09-26,2026-09-25
575.0,0,122,2026-09-26,2026-09-25
580.0,5,242,2026-09-26,2026-09-25
585.0,15,69,2026-09-26,2026-09-25
590.0,7,2934,2026-09-26,2026-09-25
595.0,20,5531,2026-09-26,2026-09-25
600.0,16,26886,2026-09-26,2026-09-25
605.0,11,743,2026-09-26,2026-09-25
610.0,23,871,2026-09-26,2026-09-25
615.0,17,1358,2026-09-26,2026-09-25
620.0,21,4134,2026-09-26,2026-09-25
625.0,22,1195,2026-09-26,2026-09-25
630.0,32,269,2026-09-26,2026-09-25
635.0,43,181,2026-09-26,2026-09-25
640.0,21,203,2026-09-26,2026-09-25
645.0,6,379,2026-09-26,2026-09-25
650.0,17,1473,2026-09-26,2026-09-25
655.0,6,56,2026-09-26,2026-09-25
660.0,3,262,2026-09-26,2026-09-25
665.0,5,324,2026-09-26,2026-09-25
670.0,13,121,2026-09-26,2026-09-25
675.0,4,242,2026-09-26,2026-09-25
680.0,3,312,2026-09-26,2026-09-25
685.0,3,449,2026-09-26,2026-09-25
690.0,2,293,2026-09-26,2026-09-25
695.0,5,268,2026-09-26,2026-09-25
700.0,35,3326,2026-09-26,2026-09-25
705.0,1,143,2026-09-26,2026-09-25
710.0,6,252,2026-09-26,2026-09-25
715.0,3,336,2026-09-26,2026-09-25
720.0,7,1426,2026-09-26,2026-09-25
725.0,5,763,2026-09-26,2026-09-25
730.0,25,856,2026-09-26,2026-09-25
735.0,12,269,2026-09-26,2026-09-25
740.0,13,557,2026-09-26,2026-09-25
745.0,9,243,2026-09-26,2026-09-25
750.0,40,2262,2026-09-26,2026-09-25
755.0,7,186,2026-09-26,2026-09-25
760.0,41,222,2026-09-26,2026-09-25
765.0,77,247,2026-09-26,2026-09-25
770.0,6,537,2026-09-26,2026-09-25
775.0,15,353,2026-09-26,2026-09-25
780.0,9,247,2026-09-26,2026-09-25
785.0,3,146,2026-09-26,2026-09-25
790.0,5,651,2026-09-26,2026-09-25
795.0,17,335,2026-09-26,2026-09-25
800.0,3024,1929,2026-09-26,2026-09-25
805.0,108,346,2026-09-26,2026-09-25
810.0,30,1107,2026-09-26,2026-09-25
815.0,18,441,2026-09-26,2026-09-25
820.0,13,1625,2026-09-26,2026-09-25
825.0,28,443,2026-09-26,2026-09-25
830.0,13,1036,2026-09-26,2026-09-25
835.0,11,387,2026-09-26,2026-09-25
840.0,38,901,2026-09-26,2026-09-25
845.0,21,279,2026-09-26,2026-09-25
850.0,244,3208,2026-09-26,2026-09-25
855.0,45,684,2026-09-26,2026-09-25
860.0,81,1227,2026-09-26,2026-09-25
865.0,61,367,2026-09-26,2026-09-25
870.0,206,630,2026-09-26,2026-09-25
875.0,42,661,2026-09-26,2026-09-25
880.0,50,1061,2026-09-26,2026-09-25
885.0,31,649,2026-09-26,2026-09-25
890.0,0,0,2026-09-26,2026-09-25
890.0,107,869,2026-09-26,2026-09-25
895.0,108,1641,2026-09-26,2026-09-25
900.0,840,3685,2026-09-26,2026-09-25
901.0,2500,2500,2026-09-26,2026-09-25
905.0,103,871,2026-09-26,2026-09-25
910.0,316,1827,2026-09-26,2026-09-25
915.0,285,476,2026-09-26,2026-09-25
920.0,130,130,2026-09-26,2026-09-25
920.0,316,1246,2026-09-26,2026-09-25
925.0,462,687,2026-09-26,2026-09-25
930.0,901,2592,2026-09-26,2026-09-25
935.0,418,849,2026-09-26,2026-09-25
940.0,515,1897,2026-09-26,2026-09-25
945.0,312,441,2026-09-26,2026-09-25
950.0,1550,2695,2026-09-26,2026-09-25
952.5,82,167,2026-09-26,2026-09-25
955.0,761,467,2026-09-26,2026-09-25
957.5,113,321,2026-09-26,2026-09-25
960.0,1219,1374,2026-09-26,2026-09-25
965.0,226,1271,2026-09-26,2026-09-25
970.0,376,1914,2026-09-26,2026-09-25
975.0,451,1049,2026-09-26,2026-09-25
980.0,829,1418,2026-09-26,2026-09-25
985.0,380,891,2026-09-26,2026-09-25
990.0,607,2542,2026-09-26,2026-09-25
995.0,355,1256,2026-09-26,2026-09-25
1000.0,2915,8417,2026-09-26,2026-09-25
1005.0,451,1000,2026-09-26,2026-09-25
1010.0,1858,2110,2026-09-26,2026-09-25
1015.0,309,1428,2026-09-26,2026-09-25
1017.5,85,333,2026-09-26,2026-09-25
1020.0,796,1467,2026-09-26,2026-09-25
1022.5,115,260,2026-09-26,2026-09-25
1025.0,1556,1484,2026-09-26,2026-09-25
1027.5,234,278,2026-09-26,2026-09-25
1030.0,918,1491,2026-09-26,2026-09-25
1032.5,520,337,2026-09-26,2026-09-25
1035.0,422,2712,2026-09-26,2026-09-25
1037.5,212,679,2026-09-26,2026-09-25
1040.0,1149,4101,2026-09-26,2026-09-25
1045.0,777,911,2026-09-26,2026-09-25
1050.0,2872,4036,2026-09-26,2026-09-25
1055.0,1434,1823,2026-09-26,2026-09-25
1060.0,1847,1237,2026-09-26,2026-09-25
1065.0,1483,636,2026-09-26,2026-09-25
1070.0,2918,3198,2026-09-26,2026-09-25
1075.0,2952,1214,2026-09-26,2026-09-25
1080.0,2439,869,2026-09-26,2026-09-25
1085.0,1516,214,2026-09-26,2026-09-25
1090.0,2405,503,2026-09-26,2026-09-25
1095.0,1561,257,2026-09-26,2026-09-25
1100.0,9227,797,2026-09-26,2026-09-25
1105.0,1072,128,2026-09-26,2026-09-25
1110.0,2989,146,2026-09-26,2026-09-25
1115.0,1532,41,2026-09-26,2026-09-25
1120.0,4650,428,2026-09-26,2026-09-25
1125.0,2209,34,2026-09-26,2026-09-25
1130.0,3831,220,2026-09-26,2026-09-25
1135.0,951,13,2026-09-26,2026-09-25
1140.0,2223,16,2026-09-26,2026-09-25
1145.0,2771,21,2026-09-26,2026-09-25
1150.0,7474,13,2026-09-26,2026-09-25
1155.0,423,6,2026-09-26,2026-09-25
1160.0,1273,7,2026-09-26,2026-09-25
1165.0,928,0,2026-09-26,2026-09-25
1170.0,767,0,2026-09-26,2026-09-25
1175.0,816,0,2026-09-26,2026-09-25
1180.0,1081,0,2026-09-26,2026-09-25
1185.0,538,0,2026-09-26,2026-09-25
1190.0,699,1,2026-09-26,2026-09-25
1195.0,821,0,2026-09-26,2026-09-25
1200.0,10105,3,2026-09-26,2026-09-25
1205.0,284,0,2026-09-26,2026-09-25
1210.0,1084,1,2026-09-26,2026-09-25
1215.0,903,2,2026-09-26,2026-09-25
1220.0,1607,0,2026-09-26,2026-09-25
1225.0,1430,2,2026-09-26,2026-09-25
1230.0,908,1,2026-09-26,2026-09-25
1235.0,112,0,2026-09-26,2026-09-25
1240.0,1026,0,2026-09-26,2026-09-25
1245.0,131,0,2026-09-26,2026-09-25
1250.0,3013,0,2026-09-26,2026-09-25
1255.0,141,0,2026-09-26,2026-09-25
1260.0,437,0,2026-09-26,2026-09-25
1265.0,232,0,2026-09-26,2026-09-25
1270.0,496,0,2026-09-26,2026-09-25
1275.0,118,0,2026-09-26,2026-09-25
1280.0,246,0,2026-09-26,2026-09-25
1285.0,21,0,2026-09-26,2026-09-25
1290.0,240,0,2026-09-26,2026-09-25
1295.0,67,0,2026-09-26,2026-09-25
1300.0,3005,0,2026-09-26,2026-09-25
1305.0,92,0,2026-09-26,2026-09-25
1310.0,20,0,2026-09-26,2026-09-25
1310.0,422,0,2026-09-26,2026-09-25
1315.0,114,0,2026-09-26,2026-09-25
1320.0,159,0,2026-09-26,2026-09-25
1325.0,43,0,2026-09-26,2026-09-25
1330.0,77,0,2026-09-26,2026-09-25
1335.0,438,0,2026-09-26,2026-09-25
1340.0,158,0,2026-09-26,2026-09-25
1345.0,60,0,2026-09-26,2026-09-25
1350.0,340,0,2026-09-26,2026-09-25
1360.0,97,0,2026-09-26,2026-09-25
1370.0,184,0,2026-09-26,2026-09-25
1380.0,102,0,2026-09-26,2026-09-25
1390.0,110,0,2026-09-26,2026-09-25
1400.0,544,0,2026-09-26,2026-09-25
1410.0,172,0,2026-09-26,2026-09-25
1420.0,20,0,2026-09-26,2026-09-25
1420.0,289,0,2026-09-26,2026-09-25
1430.0,269,0,2026-09-26,2026-09-25
1440.0,81,0,2026-09-26,2026-09-25
1450.0,96,0,2026-09-26,2026-09-25
1460.0,190,0,2026-09-26,2026-09-25
1470.0,62,0,2026-09-26,2026-09-25
1480.0,231,0,2026-09-26,2026-09-25
1490.0,129,0,2026-09-26,2026-09-25
1500.0,1222,0,2026-09-26,2026-09-25
1510.0,122,0,2026-09-26,2026-09-25
1520.0,112,0,2026-09-26,2026-09-25
1530.0,54,0,2026-09-26,2026-09-25
1540.0,134,0,2026-09-26,2026-09-25
1550.0,355,0,2026-09-26,2026-09-25
1560.0,108,0,2026-09-26,2026-09-25
1570.0,45,0,2026-09-26,2026-09-25
1580.0,14,0,2026-09-26,2026-09-25
1590.0,28,0,2026-09-26,2026-09-25
1600.0,584,0,2026-09-26,2026-09-25
1610.0,45,0,2026-09-26,2026-09-25
1620.0,81,0,2026-09-26,2026-09-25
1630.0,17,0,2026-09-26,2026-09-25
1640.0,25,0,2026-09-26,2026-09-25
1650.0,24,0,2026-09-26,2026-09-25
1660.0,29,0,2026-09-26,2026-09-25
1670.0,123,0,2026-09-26,2026-09-25
1680.0,91,0,2026-09-26,2026-09-25
1690.0,47,0,2026-09-26,2026-09-25
1700.0,98,0,2026-09-26,2026-09-25
1710.0,25,0,2026-09-26,2026-09-25
1720.0,61,0,2026-09-26,2026-09-25
1730.0,957,0,2026-09-26,2026-09-25
600.0,0,11,2026-09-29,2026-09-25
610.0,0,30,2026-09-29,2026-09-25
620.0,0,28,2026-09-29,2026-09-25
630.0,0,4,2026-09-29,2026-09-25
640.0,0,2,2026-09-29,2026-09-25
650.0,0,32,2026-09-29,2026-09-25
660.0,1,9,2026-09-29,2026-09-25
670.0,0,45,2026-09-29,2026-09-25
680.0,0,86,2026-09-29,2026-09-25
690.0,0,88,2026-09-29,2026-09-25
700.0,2,121,2026-09-29,2026-09-25
710.0,0,35,2026-09-29,2026-09-25
720.0,0,36,2026-09-29,2026-09-25
730.0,0,44,2026-09-29,2026-09-25
740.0,0,40,2026-09-29,2026-09-25
750.0,0,29,2026-09-29,2026-09-25
760.0,0,157,2026-09-29,2026-09-25
770.0,2,14,2026-09-29,2026-09-25
775.0,0,9,2026-09-29,2026-09-25
780.0,0,65,2026-09-29,2026-09-25
785.0,0,941,2026-09-29,2026-09-25
790.0,3,46,2026-09-29,2026-09-25
795.0,0,11,2026-09-29,2026-09-25
800.0,11,79,2026-09-29,2026-09-25
805.0,0,6,2026-09-29,2026-09-25
810.0,2,4,2026-09-29,2026-09-25
815.0,0,46,2026-09-29,2026-09-25
820.0,1,66,2026-09-29,2026-09-25
825.0,0,16,2026-09-29,2026-09-25
830.0,1,55,2026-09-29,2026-09-25
835.0,1,24,2026-09-29,2026-09-25
840.0,0,34,2026-09-29,2026-09-25
845.0,0,16,2026-09-29,2026-09-25
850.0,49,44,2026-09-29,2026-09-25
855.0,0,11,2026-09-29,2026-09-25
860.0,3,38,2026-09-29,2026-09-25
865.0,1,19,2026-09-29,2026-09-25
870.0,13,37,2026-09-29,2026-09-25
875.0,20,65,2026-09-29,2026-09-25
880.0,6,94,2026-09-29,2026-09-25
885.0,2,30,2026-09-29,2026-09-25
890.0,4,58,2026-09-29,2026-09-25
895.0,5,66,2026-09-29,2026-09-25
900.0,577,402,2026-09-29,2026-09-25
905.0,28,94,2026-09-29,2026-09-25
910.0,355,70,2026-09-29,2026-09-25
915.0,16,56,2026-09-29,2026-09-25
920.0,66,270,2026-09-29,2026-09-25
925.0,49,117,2026-09-29,2026-09-25
930.0,242,227,2026-09-29,2026-09-25
935.0,231,94,2026-09-29,2026-09-25
940.0,24,340,2026-09-29,2026-09-25
945.0,59,146,2026-09-29,2026-09-25
950.0,585,313,2026-09-29,2026-09-25
955.0,64,185,2026-09-29,2026-09-25
960.0,103,300,2026-09-29,2026-09-25
965.0,16,241,2026-09-29,2026-09-25
970.0,58,887,2026-09-29,2026-09-25
975.0,88,503,2026-09-29,2026-09-25
980.0,125,509,2026-09-29,2026-09-25
985.0,34,455,2026-09-29,2026-09-25
990.0,120,227,2026-09-29,2026-09-25
995.0,52,345,2026-09-29,2026-09-25
1000.0,677,1118,2026-09-29,2026-09-25
1005.0,158,270,2026-09-29,2026-09-25
1010.0,225,457,2026-09-29,2026-09-25
1015.0,45,257,2026-09-29,2026-09-25
1020.0,455,347,2026-09-29,2026-09-25
1025.0,76,211,2026-09-29,2026-09-25
1030.0,339,424,2026-09-29,2026-09-25
1035.0,113,366,2026-09-29,2026-09-25
1040.0,754,2280,2026-09-29,2026-09-25
1045.0,335,331,2026-09-29,2026-09-25
1050.0,2138,1077,2026-09-29,2026-09-25
1055.0,296,465,2026-09-29,2026-09-25
1060.0,1097,370,2026-09-29,2026-09-25
1065.0,532,252,2026-09-29,2026-09-25
1070.0,1228,445,2026-09-29,2026-09-25
1075.0,561,524,2026-09-29,2026-09-25
1080.0,993,345,2026-09-29,2026-09-25
1085.0,689,86,2026-09-29,2026-09-25
1090.0,1486,262,2026-09-29,2026-09-25
1095.0,445,138,2026-09-29,2026-09-25
1100.0,2904,238,2026-09-29,2026-09-25
1105.0,375,21,2026-09-29,2026-09-25
1110.0,736,30,2026-09-29,2026-09-25
1115.0,219,20,2026-09-29,2026-09-25
1120.0,484,20,2026-09-29,2026-09-25
1125.0,535,14,2026-09-29,2026-09-25
1130.0,260,22,2026-09-29,2026-09-25
1135.0,264,29,2026-09-29,2026-09-25
1140.0,260,33,2026-09-29,2026-09-25
1145.0,197,13,2026-09-29,2026-09-25
1150.0,1956,21,2026-09-29,2026-09-25
1155.0,272,6,2026-09-29,2026-09-25
1160.0,317,7,2026-09-29,2026-09-25
1165.0,255,5,2026-09-29,2026-09-25
1170.0,191,0,2026-09-29,2026-09-25
1175.0,147,0,2026-09-29,2026-09-25
1180.0,288,6,2026-09-29,2026-09-25
1185.0,63,0,2026-09-29,2026-09-25
1190.0,169,10,2026-09-29,2026-09-25
1195.0,77,7,2026-09-29,2026-09-25
1200.0,4550,8,2026-09-29,2026-09-25
1205.0,27,0,2026-09-29,2026-09-25
1210.0,189,0,2026-09-29,2026-09-25
1215.0,34,0,2026-09-29,2026-09-25
1220.0,139,0,2026-09-29,2026-09-25
1225.0,35,0,2026-09-29,2026-09-25
1230.0,116,0,2026-09-29,2026-09-25
1235.0,4,0,2026-09-29,2026-09-25
1240.0,213,0,2026-09-29,2026-09-25
1245.0,40,0,2026-09-29,2026-09-25
1250.0,1730,0,2026-09-29,2026-09-25
1260.0,139,0,2026-09-29,2026-09-25
1270.0,261,0,2026-09-29,2026-09-25
1280.0,187,0,2026-09-29,2026-09-25
1290.0,172,0,2026-09-29,2026-09-25
1300.0,1481,0,2026-09-29,2026-09-25
1310.0,21,0,2026-09-29,2026-09-25
1320.0,72,0,2026-09-29,2026-09-25
1330.0,59,0,2026-09-29,2026-09-25
1340.0,25,0,2026-09-29,2026-09-25
1350.0,55,0,2026-09-29,2026-09-25
1360.0,17,0,2026-09-29,2026-09-25
1370.0,84,0,2026-09-29,2026-09-25
1380.0,17,0,2026-09-29,2026-09-25
1390.0,28,0,2026-09-29,2026-09-25
1400.0,611,0,2026-09-29,2026-09-25
756.0,0,7,2026-10-01,2026-09-25
1215.0,7,0,2026-10-01,2026-09-25
5.0,0,15,2026-10-03,2026-09-25
10.0,0,3,2026-10-03,2026-09-25
15.0,0,0,2026-10-03,2026-09-25
20.0,0,0,2026-10-03,2026-09-25
25.0,0,0,2026-10-03,2026-09-25
30.0,0,0,2026-10-03,2026-09-25
35.0,0,0,2026-10-03,2026-09-25
40.0,0,0,2026-10-03,2026-09-25
45.0,0,0,2026-10-03,2026-09-25
50.0,0,0,2026-10-03,2026-09-25
55.0,0,0,2026-10-03,2026-09-25
60.0,0,0,2026-10-03,2026-09-25
65.0,0,0,2026-10-03,2026-09-25
70.0,0,0,2026-10-03,2026-09-25
75.0,1,0,2026-10-03,2026-09-25
80.0,1,0,2026-10-03,2026-09-25
85.0,0,0,2026-10-03,2026-09-25
90.0,0,1001,2026-10-03,2026-09-25
95.0,0,988,2026-10-03,2026-09-25
100.0,8,1030,2026-10-03,2026-09-25
105.0,0,11,2026-10-03,2026-09-25
110.0,0,0,2026-10-03,2026-09-25
115.0,0,4,2026-10-03,2026-09-25
120.0,3,0,2026-10-03,2026-09-25
125.0,0,0,2026-10-03,2026-09-25
130.0,4,1,2026-10-03,2026-09-25
135.0,20,2,2026-10-03,2026-09-25
140.0,0,0,2026-10-03,2026-09-25
145.0,0,0,2026-10-03,2026-09-25
150.0,0,2,2026-10-03,2026-09-25
155.0,0,0,2026-10-03,2026-09-25
160.0,0,0,2026-10-03,2026-09-25
165.0,0,0,2026-10-03,2026-09-25
170.0,0,0,2026-10-03,2026-09-25
175.0,0,5,2026-10-03,2026-09-25
180.0,0,0,2026-10-03,2026-09-25
185.0,0,0,2026-10-03,2026-09-25
190.0,1,0,2026-10-03,2026-09-25
195.0,0,0,2026-10-03,2026-09-25
200.0,11,115,2026-10-03,2026-09-25
205.0,0,52,2026-10-03,2026-09-25
210.0,0,452,2026-10-03,2026-09-25
215.0,0,143,2026-10-03,2026-09-25
220.0,0,6,2026-10-03,2026-09-25
225.0,0,22,2026-10-03,2026-09-25
230.0,0,71,2026-10-03,2026-09-25
235.0,0,69,2026-10-03,2026-09-25
240.0,0,114,2026-10-03,2026-09-25
245.0,0,65,2026-10-03,2026-09-25
250.0,0,28,2026-10-03,2026-09-25
255.0,0,62,2026-10-03,2026-09-25
260.0,0,36,2026-10-03,2026-09-25
265.0,0,51,2026-10-03,2026-09-25
270.0,0,73,2026-10-03,2026-09-25
275.0,0,94,2026-10-03,2026-09-25
280.0,0,83,2026-10-03,2026-09-25
285.0,0,146,2026-10-03,2026-09-25
290.0,1,178,2026-10-03,2026-09-25
295.0,0,227,2026-10-03,2026-09-25
300.0,30,107,2026-10-03,2026-09-25
305.0,0,1190,2026-10-03,2026-09-25
310.0,0,240,2026-10-03,2026-09-25
315.0,0,109,2026-10-03,2026-09-25
320.0,0,166,2026-10-03,2026-09-25
325.0,0,94,2026-10-03,2026-09-25
330.0,0,179,2026-10-03,2026-09-25
335.0,0,75,2026-10-03,2026-09-25
340.0,0,380,2026-10-03,2026-09-25
345.0,0,95,2026-10-03,2026-09-25
350.0,0,231,2026-10-03,2026-09-25
355.0,0,96,2026-10-03,2026-09-25
360.0,0,184,2026-10-03,2026-09-25
365.0,0,75,2026-10-03,2026-09-25
370.0,0,62,2026-10-03,2026-09-25
375.0,0,70,2026-10-03,2026-09-25
380.0,16,127,2026-10-03,2026-09-25
385.0,0,67,2026-10-03,2026-09-25
390.0,1,92,2026-10-03,2026-09-25
395.0,0,345,2026-10-03,2026-09-25
400.0,2,282,2026-10-03,2026-09-25
405.0,1,94,2026-10-03,2026-09-25
410.0,0,62,2026-10-03,2026-09-25
415.0,0,69,2026-10-03,2026-09-25
420.0,0,48,2026-10-03,2026-09-25
425.0,0,43,2026-10-03,2026-09-25
430.0,3,65,2026-10-03,2026-09-25
435.0,0,41,2026-10-03,2026-09-25
440.0,10,42,2026-10-03,2026-09-25
445.0,0,52,2026-10-03,2026-09-25
450.0,2,296,2026-10-03,2026-09-25
455.0,0,45,2026-10-03,2026-09-25
460.0,0,54,2026-10-03,2026-09-25
465.0,0,109,2026-10-03,2026-09-25
470.0,4,61,2026-10-03,2026-09-25
475.0,1,30,2026-10-03,2026-09-25
480.0,1,49,2026-10-03,2026-09-25
485.0,0,148,2026-10-03,2026-09-25
490.0,4,99,2026-10-03,2026-09-25
495.0,3,77,2026-10-03,2026-09-25
500.0,75,1368,2026-10-03,2026-09-25
505.0,26,208,2026-10-03,2026-09-25
510.0,15,73,2026-10-03,2026-09-25
515.0,0,80,2026-10-03,2026-09-25
520.0,10,27,2026-10-03,2026-09-25
525.0,0,97,2026-10-03,2026-09-25
530.0,2,22,2026-10-03,2026-09-25
535.0,0,25,2026-10-03,2026-09-25
540.0,10,76,2026-10-03,2026-09-25
545.0,2,21,2026-10-03,2026-09-25
550.0,2,81,2026-10-03,2026-09-25
555.0,1,69,2026-10-03,2026-09-25
560.0,0,7,2026-10-03,2026-09-25
565.0,0,19,2026-10-03,2026-09-25
570.0,2,14,2026-10-03,2026-09-25
575.0,0,306,2026-10-03,2026-09-25
580.0,1,183,2026-10-03,2026-09-25
585.0,1,532,2026-10-03,2026-09-25
590.0,4,129,2026-10-03,2026-09-25
595.0,0,137,2026-10-03,2026-09-25
600.0,10,4291,2026-10-03,2026-09-25
605.0,0,50,2026-10-03,2026-09-25
610.0,12,27,2026-10-03,2026-09-25
615.0,0,87,2026-10-03,2026-09-25
620.0,3,187,2026-10-03,2026-09-25
625.0,1,45,2026-10-03,2026-09-25
630.0,1,53,2026-10-03,2026-09-25
635.0,3,110,2026-10-03,2026-09-25
640.0,0,182,2026-10-03,2026-09-25
645.0,0,57,2026-10-03,2026-09-25
650.0,35,811,2026-10-03,2026-09-25
655.0,0,66,2026-10-03,2026-09-25
660.0,1,144,2026-10-03,2026-09-25
665.0,0,2407,2026-10-03,2026-09-25
670.0,1,265,2026-10-03,2026-09-25
675.0,1,65,2026-10-03,2026-09-25
680.0,1,242,2026-10-03,2026-09-25
685.0,6,482,2026-10-03,2026-09-25
690.0,1,222,2026-10-03,2026-09-25
695.0,2,413,2026-10-03,2026-09-25
700.0,12,1467,2026-10-03,2026-09-25
702.5,0,5,2026-10-03,2026-09-25
705.0,12,55,2026-10-03,2026-09-25
707.5,0,17,2026-10-03,2026-09-25
710.0,2,352,2026-10-03,2026-09-25
712.5,0,7,2026-10-03,2026-09-25
715.0,1,164,2026-10-03,2026-09-25
717.5,0,6,2026-10-03,2026-09-25
720.0,2,1117,2026-10-03,2026-09-25
722.5,2,29,2026-10-03,2026-09-25
725.0,9,404,2026-10-03,2026-09-25
727.5,0,3,2026-10-03,2026-09-25
730.0,0,1000,2026-10-03,2026-09-25
732.5,0,6,2026-10-03,2026-09-25
735.0,0,131,2026-10-03,2026-09-25
737.5,0,4,2026-10-03,2026-09-25
740.0,3,303,2026-10-03,2026-09-25
742.5,0,8,2026-10-03,2026-09-25
745.0,2,97,2026-10-03,2026-09-25
747.5,2,4,2026-10-03,2026-09-25
750.0,276,2674,2026-10-03,2026-09-25
755.0,1,71,2026-10-03,2026-09-25
760.0,1,257,2026-10-03,2026-09-25
765.0,2,121,2026-10-03,2026-09-25
770.0,3,530,2026-10-03,2026-09-25
775.0,7,172,2026-10-03,2026-09-25
780.0,18,353,2026-10-03,2026-09-25
785.0,5,93,2026-10-03,2026-09-25
790.0,5,352,2026-10-03,2026-09-25
795.0,10,330,2026-10-03,2026-09-25
800.0,2349,2007,2026-10-03,2026-09-25
805.0,6,239,2026-10-03,2026-09-25
810.0,1021,142,2026-10-03,2026-09-25
815.0,79,133,2026-10-03,2026-09-25
820.0,262,407,2026-10-03,2026-09-25
825.0,23,194,2026-10-03,2026-09-25
830.0,48,727,2026-10-03,2026-09-25
835.0,4,255,2026-10-03,2026-09-25
840.0,36,237,2026-10-03,2026-09-25
845.0,137,91,2026-10-03,2026-09-25
850.0,166,1364,2026-10-03,2026-09-25
855.0,25,325,2026-10-03,2026-09-25
860.0,19,400,2026-10-03,2026-09-25
865.0,120,169,2026-10-03,2026-09-25
870.0,20,427,2026-10-03,2026-09-25
875.0,72,351,2026-10-03,2026-09-25
880.0,70,501,2026-10-03,2026-09-25
885.0,38,263,2026-10-03,2026-09-25
890.0,108,787,2026-10-03,2026-09-25
895.0,78,212,2026-10-03,2026-09-25
900.0,904,2788,2026-10-03,2026-09-25
905.0,62,737,2026-10-03,2026-09-25
910.0,1270,593,2026-10-03,2026-09-25
915.0,112,259,2026-10-03,2026-09-25
920.0,777,1183,2026-10-03,2026-09-25
925.0,599,832,2026-10-03,2026-09-25
930.0,548,1729,2026-10-03,2026-09-25
935.0,139,276,2026-10-03,2026-09-25
940.0,444,551,2026-10-03,2026-09-25
945.0,115,241,2026-10-03,2026-09-25
950.0,1600,1600,2026-10-03,2026-09-25
950.0,1234,2119,2026-10-03,2026-09-25
952.5,11,238,2026-10-03,2026-09-25
955.0,213,209,2026-10-03,2026-09-25
957.5,38,74,2026-10-03,2026-09-25
960.0,729,446,2026-10-03,2026-09-25
965.0,199,384,2026-10-03,2026-09-25
970.0,1434,508,2026-10-03,2026-09-25
975.0,221,801,2026-10-03,2026-09-25
980.0,1704,1042,2026-10-03,2026-09-25
985.0,375,436,2026-10-03,2026-09-25
990.0,2000,2000,2026-10-03,2026-09-25
990.0,686,533,2026-10-03,2026-09-25
995.0,360,230,2026-10-03,2026-09-25
1000.0,150,150,2026-10-03,2026-09-25
1000.0,11114,2113,2026-10-03,2026-09-25
1005.0,229,378,2026-10-03,2026-09-25
1010.0,574,422,2026-10-03,2026-09-25
1015.0,626,275,2026-10-03,2026-09-25
1020.0,725,538,2026-10-03,2026-09-25
1025.0,474,266,2026-10-03,2026-09-25
1030.0,898,238,2026-10-03,2026-09-25
1035.0,587,249,2026-10-03,2026-09-25
1040.0,755,345,2026-10-03,2026-09-25
1045.0,339,251,2026-10-03,2026-09-25
1050.0,4229,991,2026-10-03,2026-09-25
1055.0,463,211,2026-10-03,2026-09-25
1060.0,4492,192,2026-10-03,2026-09-25
1062.5,15,22,2026-10-03,2026-09-25
1065.0,362,145,2026-10-03,2026-09-25
1067.5,42,7,2026-10-03,2026-09-25
1070.0,619,1001,2026-10-03,2026-09-25
1072.5,15,2,2026-10-03,2026-09-25
1075.0,738,270,2026-10-03,2026-09-25
1077.5,25,1,2026-10-03,2026-09-25
1080.0,1154,335,2026-10-03,2026-09-25
1082.5,6,17,2026-10-03,2026-09-25
1085.0,754,226,2026-10-03,2026-09-25
1090.0,648,219,2026-10-03,2026-09-25
1095.0,405,51,2026-10-03,2026-09-25
1100.0,7502,642,2026-10-03,2026-09-25
1105.0,519,41,2026-10-03,2026-09-25
1110.0,1959,41,2026-10-03,2026-09-25
1115.0,518,22,2026-10-03,2026-09-25
1120.0,543,99,2026-10-03,2026-09-25
1125.0,415,20,2026-10-03,2026-09-25
1130.0,358,135,2026-10-03,2026-09-25
1135.0,290,27,2026-10-03,2026-09-25
1140.0,345,64,2026-10-03,2026-09-25
1145.0,173,2,2026-10-03,2026-09-25
1150.0,3634,321,2026-10-03,2026-09-25
1155.0,195,6,2026-10-03,2026-09-25
1160.0,431,75,2026-10-03,2026-09-25
1165.0,49,1,2026-10-03,2026-09-25
1170.0,380,38,2026-10-03,2026-09-25
1175.0,318,6,2026-10-03,2026-09-25
1180.0,557,12,2026-10-03,2026-09-25
1185.0,134,0,2026-10-03,2026-09-25
1190.0,232,12,2026-10-03,2026-09-25
1195.0,170,3,2026-10-03,2026-09-25
1200.0,4959,301,2026-10-03,2026-09-25
1205.0,84,0,2026-10-03,2026-09-25
1210.0,257,0,2026-10-03,2026-09-25
1215.0,42,0,2026-10-03,2026-09-25
1220.0,346,16,2026-10-03,2026-09-25
1225.0,105,0,2026-10-03,2026-09-25
1230.0,253,2,2026-10-03,2026-09-25
1235.0,128,2,2026-10-03,2026-09-25
1240.0,288,7,2026-10-03,2026-09-25
1245.0,33,0,2026-10-03,2026-09-25
1250.0,1755,10,2026-10-03,2026-09-25
1255.0,72,0,2026-10-03,2026-09-25
1260.0,907,10,2026-10-03,2026-09-25
1265.0,20,0,2026-10-03,2026-09-25
1270.0,229,4,2026-10-03,2026-09-25
1275.0,16,10,2026-10-03,2026-09-25
1280.0,160,14,2026-10-03,2026-09-25
1285.0,25,0,2026-10-03,2026-09-25
1290.0,139,14,2026-10-03,2026-09-25
1295.0,14,0,2026-10-03,2026-09-25
1300.0,20,0,2026-10-03,2026-09-25
1300.0,2358,3,2026-10-03,2026-09-25
1305.0,7,0,2026-10-03,2026-09-25
1310.0,212,0,2026-10-03,2026-09-25
1315.0,18,0,2026-10-03,2026-09-25
1320.0,193,0,2026-10-03,2026-09-25
1325.0,38,0,2026-10-03,2026-09-25
1330.0,156,0,2026-10-03,2026-09-25
1335.0,8,0,2026-10-03,2026-09-25
1340.0,108,0,2026-10-03,2026-09-25
1345.0,22,0,2026-10-03,2026-09-25
1350.0,958,0,2026-10-03,2026-09-25
1355.0,22,0,2026-10-03,2026-09-25
1360.0,151,0,2026-10-03,2026-09-25
1365.0,7,0,2026-10-03,2026-09-25
1370.0,592,1,2026-10-03,2026-09-25
1375.0,9,0,2026-10-03,2026-09-25
1380.0,189,0,2026-10-03,2026-09-25
1385.0,7,0,2026-10-03,2026-09-25
1390.0,95,1,2026-10-03,2026-09-25
1395.0,39,0,2026-10-03,2026-09-25
1400.0,2279,0,2026-10-03,2026-09-25
1405.0,14,0,2026-10-03,2026-09-25
1410.0,20,0,2026-10-03,2026-09-25
1410.0,168,0,2026-10-03,2026-09-25
1415.0,2,0,2026-10-03,2026-09-25
1420.0,46,0,2026-10-03,2026-09-25
1425.0,8,0,2026-10-03,2026-09-25
1430.0,223,0,2026-10-03,2026-09-25
1435.0,2,0,2026-10-03,2026-09-25
1440.0,103,0,2026-10-03,2026-09-25
1445.0,253,0,2026-10-03,2026-09-25
1450.0,394,0,2026-10-03,2026-09-25
1460.0,394,0,2026-10-03,2026-09-25
1470.0,271,0,2026-10-03,2026-09-25
1480.0,83,0,2026-10-03,2026-09-25
1490.0,398,0,2026-10-03,2026-09-25
1500.0,1927,0,2026-10-03,2026-09-25
1510.0,337,0,2026-10-03,2026-09-25
1520.0,180,0,2026-10-03,2026-09-25
1530.0,39,0,2026-10-03,2026-09-25
1540.0,90,0,2026-10-03,2026-09-25
1550.0,363,0,2026-10-03,2026-09-25
1560.0,145,0,2026-10-03,2026-09-25
1570.0,25,0,2026-10-03,2026-09-25
1580.0,269,0,2026-10-03,2026-09-25
1590.0,42,0,2026-10-03,2026-09-25
1600.0,201,0,2026-10-03,2026-09-25
1610.0,30,0,2026-10-03,2026-09-25
1620.0,20,0,2026-10-03,2026-09-25
1630.0,77,0,2026-10-03,2026-09-25
1640.0,12,0,2026-10-03,2026-09-25
1650.0,37,0,2026-10-03,2026-09-25
1660.0,53,0,2026-10-03,2026-09-25
1670.0,50,0,2026-10-03,2026-09-25
1680.0,23,0,2026-10-03,2026-09-25
1690.0,28,0,2026-10-03,2026-09-25
1700.0,857,0,2026-10-03,2026-09-25
1710.0,73,0,2026-10-03,2026-09-25
1720.0,126,0,2026-10-03,2026-09-25
1730.0,1940,0,2026-10-03,2026-09-25
600.0,29,36,2026-10-06,2026-09-25
610.0,23,0,2026-10-06,2026-09-25
620.0,20,0,2026-10-06,2026-09-25
630.0,20,5,2026-10-06,2026-09-25
640.0,20,0,2026-10-06,2026-09-25
650.0,25,5,2026-10-06,2026-09-25
660.0,16,2,2026-10-06,2026-09-25
670.0,15,3,2026-10-06,2026-09-25
680.0,5,0,2026-10-06,2026-09-25
690.0,8,13,2026-10-06,2026-09-25
700.0,2,11,2026-10-06,2026-09-25
710.0,5,0,2026-10-06,2026-09-25
720.0,0,5,2026-10-06,2026-09-25
730.0,1,61,2026-10-06,2026-09-25
740.0,3,25,2026-10-06,2026-09-25
750.0,2,23,2026-10-06,2026-09-25
760.0,0,0,2026-10-06,2026-09-25
770.0,1,0,2026-10-06,2026-09-25
775.0,3,0,2026-10-06,2026-09-25
780.0,9,16,2026-10-06,2026-09-25
785.0,3,5,2026-10-06,2026-09-25
790.0,9,19,2026-10-06,2026-09-25
795.0,10,6,2026-10-06,2026-09-25
800.0,7,17,2026-10-06,2026-09-25
805.0,20,5,2026-10-06,2026-09-25
810.0,11,5,2026-10-06,2026-09-25
815.0,9,2,2026-10-06,2026-09-25
820.0,10,10,2026-10-06,2026-09-25
825.0,10,31,2026-10-06,2026-09-25
830.0,15,13,2026-10-06,2026-09-25
835.0,12,1,2026-10-06,2026-09-25
840.0,11,3,2026-10-06,2026-09-25
845.0,10,8,2026-10-06,2026-09-25
850.0,5,21,2026-10-06,2026-09-25
855.0,10,12,2026-10-06,2026-09-25
860.0,5,18,2026-10-06,2026-09-25
865.0,4,19,2026-10-06,2026-09-25
870.0,1,25,2026-10-06,2026-09-25
875.0,0,37,2026-10-06,2026-09-25
880.0,1,21,2026-10-06,2026-09-25
885.0,0,4,2026-10-06,2026-09-25
890.0,1,2,2026-10-06,2026-09-25
895.0,0,19,2026-10-06,2026-09-25
900.0,20,32,2026-10-06,2026-09-25
905.0,3,6,2026-10-06,2026-09-25
910.0,1,8,2026-10-06,2026-09-25
915.0,0,38,2026-10-06,2026-09-25
920.0,12,18,2026-10-06,2026-09-25
925.0,0,10,2026-10-06,2026-09-25
930.0,0,48,2026-10-06,2026-09-25
935.0,0,12,2026-10-06,2026-09-25
940.0,11,50,2026-10-06,2026-09-25
945.0,12,13,2026-10-06,2026-09-25
950.0,20,529,2026-10-06,2026-09-25
955.0,0,76,2026-10-06,2026-09-25
960.0,1,24,2026-10-06,2026-09-25
965.0,1,12,2026-10-06,2026-09-25
970.0,2,73,2026-10-06,2026-09-25
975.0,5,10,2026-10-06,2026-09-25
980.0,7,55,2026-10-06,2026-09-25
985.0,1,10,2026-10-06,2026-09-25
990.0,15,29,2026-10-06,2026-09-25
995.0,7,28,2026-10-06,2026-09-25
1000.0,74,96,2026-10-06,2026-09-25
1005.0,16,18,2026-10-06,2026-09-25
1010.0,16,85,2026-10-06,2026-09-25
1015.0,42,9,2026-10-06,2026-09-25
1020.0,5,31,2026-10-06,2026-09-25
1025.0,22,38,2026-10-06,2026-09-25
1030.0,20,23,2026-10-06,2026-09-25
1035.0,9,39,2026-10-06,2026-09-25
1040.0,27,163,2026-10-06,2026-09-25
1045.0,24,33,2026-10-06,2026-09-25
1050.0,2850,2850,2026-10-06,2026-09-25
1050.0,142,82,2026-10-06,2026-09-25
1055.0,173,54,2026-10-06,2026-09-25
1060.0,357,50,2026-10-06,2026-09-25
1065.0,78,61,2026-10-06,2026-09-25
1070.0,211,77,2026-10-06,2026-09-25
1075.0,214,67,2026-10-06,2026-09-25
1080.0,129,24,2026-10-06,2026-09-25
1085.0,103,6,2026-10-06,2026-09-25
1090.0,28,32,2026-10-06,2026-09-25
1095.0,41,3,2026-10-06,2026-09-25
1100.0,364,28,2026-10-06,2026-09-25
1105.0,9,17,2026-10-06,2026-09-25
1110.0,23,7,2026-10-06,2026-09-25
1115.0,50,2,2026-10-06,2026-09-25
1120.0,14,1,2026-10-06,2026-09-25
1125.0,22,1,2026-10-06,2026-09-25
1130.0,11,2,2026-10-06,2026-09-25
1135.0,8,0,2026-10-06,2026-09-25
1140.0,13,0,2026-10-06,2026-09-25
1145.0,32,1,2026-10-06,2026-09-25
1150.0,67,3,2026-10-06,2026-09-25
1155.0,27,0,2026-10-06,2026-09-25
1160.0,28,1,2026-10-06,2026-09-25
1165.0,12,0,2026-10-06,2026-09-25
1170.0,28,0,2026-10-06,2026-09-25
1175.0,16,5,2026-10-06,2026-09-25
1180.0,16,1,2026-10-06,2026-09-25
1185.0,15,10,2026-10-06,2026-09-25
1190.0,33,0,2026-10-06,2026-09-25
1195.0,2,0,2026-10-06,2026-09-25
1200.0,124,2,2026-10-06,2026-09-25
1205.0,9,0,2026-10-06,2026-09-25
1210.0,9,0,2026-10-06,2026-09-25
1215.0,11,0,2026-10-06,2026-09-25
1220.0,74,1,2026-10-06,2026-09-25
1225.0,7,0,2026-10-06,2026-09-25
1230.0,10,2,2026-10-06,2026-09-25
1235.0,1,0,2026-10-06,2026-09-25
1240.0,55,1,2026-10-06,2026-09-25
1245.0,19,0,2026-10-06,2026-09-25
1250.0,34,0,2026-10-06,2026-09-25
1255.0,9,0,2026-10-06,2026-09-25
1260.0,4,0,2026-10-06,2026-09-25
1265.0,12,0,2026-10-06,2026-09-25
1270.0,6,1,2026-10-06,2026-09-25
1275.0,8,0,2026-10-06,2026-09-25
1280.0,23,0,2026-10-06,2026-09-25
1285.0,2,0,2026-10-06,2026-09-25
1290.0,6,5,2026-10-06,2026-09-25
1295.0,5,0,2026-10-06,2026-09-25
1300.0,70,2,2026-10-06,2026-09-25
1305.0,15,0,2026-10-06,2026-09-25
1310.0,5,0,2026-10-06,2026-09-25
1315.0,2,0,2026-10-06,2026-09-25
1320.0,27,0,2026-10-06,2026-09-25
1325.0,1,0,2026-10-06,2026-09-25
1330.0,5,0,2026-10-06,2026-09-25
1335.0,4,0,2026-10-06,2026-09-25
1340.0,1,0,2026-10-06,2026-09-25
1345.0,8,0,2026-10-06,2026-09-25
1350.0,9,0,2026-10-06,2026-09-25
1355.0,2,0,2026-10-06,2026-09-25
1360.0,1,0,2026-10-06,2026-09-25
1365.0,3,0,2026-10-06,2026-09-25
1370.0,2,0,2026-10-06,2026-09-25
1375.0,1,0,2026-10-06,2026-09-25
1380.0,1,0,2026-10-06,2026-09-25
1385.0,0,0,2026-10-06,2026-09-25
1390.0,5,0,2026-10-06,2026-09-25
1395.0,2,0,2026-10-06,2026-09-25
1400.0,119,0,2026-10-06,2026-09-25
1405.0,4,0,2026-10-06,2026-09-25
1410.0,0,0,2026-10-06,2026-09-25
1415.0,0,0,2026-10-06,2026-09-25
1420.0,0,0,2026-10-06,2026-09-25
1425.0,0,0,2026-10-06,2026-09-25
1430.0,0,0,2026-10-06,2026-09-25
1435.0,3,0,2026-10-06,2026-09-25
1440.0,3,0,2026-10-06,2026-09-25
1445.0,2,0,2026-10-06,2026-09-25
1450.0,25,0,2026-10-06,2026-09-25
940.0,2600,2600,2026-10-07,2026-09-25
950.0,1,17,2026-10-08,2026-09-25
960.0,0,13,2026-10-08,2026-09-25
970.0,1,1,2026-10-08,2026-09-25
980.0,0,10,2026-10-08,2026-09-25
990.0,0,11,2026-10-08,2026-09-25
1000.0,2,7,2026-10-08,2026-09-25
1010.0,0,0,2026-10-08,2026-09-25
1020.0,5,51,2026-10-08,2026-09-25
1030.0,2,52,2026-10-08,2026-09-25
1040.0,1,4,2026-10-08,2026-09-25
1050.0,15,16,2026-10-08,2026-09-25
1060.0,25,4,2026-10-08,2026-09-25
1070.0,36,2,2026-10-08,2026-09-25
1080.0,25,0,2026-10-08,2026-09-25
1090.0,6,0,2026-10-08,2026-09-25
1100.0,7,17,2026-10-08,2026-09-25
1110.0,8,0,2026-10-08,2026-09-25
1120.0,1,5,2026-10-08,2026-09-25
1130.0,2,0,2026-10-08,2026-09-25
1140.0,30,1,2026-10-08,2026-09-25
1150.0,41,0,2026-10-08,2026-09-25
1160.0,66,0,2026-10-08,2026-09-25
1170.0,71,0,2026-10-08,2026-09-25
1180.0,66,0,2026-10-08,2026-09-25
1190.0,29,0,2026-10-08,2026-09-25
1200.0,19,0,2026-10-08,2026-09-25
1210.0,8,0,2026-10-08,2026-09-25
1220.0,6,0,2026-10-08,2026-09-25
1230.0,9,0,2026-10-08,2026-09-25
1240.0,38,0,2026-10-08,2026-09-25
1080.0,29,0,2026-10-09,2026-09-25
1284.21,1,0,2026-10-09,2026-09-25
5.0,0,3,2026-10-10,2026-09-25
10.0,0,0,2026-10-10,2026-09-25
15.0,0,0,2026-10-10,2026-09-25
20.0,0,0,2026-10-10,2026-09-25
25.0,0,0,2026-10-10,2026-09-25
30.0,0,0,2026-10-10,2026-09-25
35.0,0,1,2026-10-10,2026-09-25
40.0,0,0,2026-10-10,2026-09-25
45.0,0,0,2026-10-10,2026-09-25
50.0,0,0,2026-10-10,2026-09-25
55.0,0,0,2026-10-10,2026-09-25
60.0,0,0,2026-10-10,2026-09-25
65.0,0,0,2026-10-10,2026-09-25
70.0,0,0,2026-10-10,2026-09-25
75.0,0,0,2026-10-10,2026-09-25
80.0,0,0,2026-10-10,2026-09-25
85.0,0,0,2026-10-10,2026-09-25
90.0,1,0,2026-10-10,2026-09-25
95.0,0,0,2026-10-10,2026-09-25
100.0,0,0,2026-10-10,2026-09-25
105.0,0,0,2026-10-10,2026-09-25
110.0,0,0,2026-10-10,2026-09-25
115.0,0,0,2026-10-10,2026-09-25
120.0,0,0,2026-10-10,2026-09-25
125.0,0,0,2026-10-10,2026-09-25
130.0,0,0,2026-10-10,2026-09-25
135.0,0,0,2026-10-10,2026-09-25
140.0,0,0,2026-10-10,2026-09-25
145.0,0,0,2026-10-10,2026-09-25
150.0,0,0,2026-10-10,2026-09-25
155.0,0,0,2026-10-10,2026-09-25
160.0,0,0,2026-10-10,2026-09-25
165.0,0,0,2026-10-10,2026-09-25
170.0,0,0,2026-10-10,2026-09-25
175.0,0,0,2026-10-10,2026-09-25
180.0,0,0,2026-10-10,2026-09-25
185.0,0,0,2026-10-10,2026-09-25
190.0,1,0,2026-10-10,2026-09-25
195.0,0,0,2026-10-10,2026-09-25
200.0,0,4,2026-10-10,2026-09-25
205.0,0,2,2026-10-10,2026-09-25
210.0,1,2,2026-10-10,2026-09-25
215.0,0,1,2026-10-10,2026-09-25
220.0,0,4,2026-10-10,2026-09-25
225.0,0,10,2026-10-10,2026-09-25
230.0,0,19,2026-10-10,2026-09-25
235.0,0,7,2026-10-10,2026-09-25
240.0,0,13,2026-10-10,2026-09-25
245.0,5,23,2026-10-10,2026-09-25
250.0,0,23,2026-10-10,2026-09-25
255.0,0,47,2026-10-10,2026-09-25
260.0,1,19,2026-10-10,2026-09-25
265.0,0,73,2026-10-10,2026-09-25
270.0,0,107,2026-10-10,2026-09-25
275.0,0,54,2026-10-10,2026-09-25
280.0,0,128,2026-10-10,2026-09-25
285.0,0,310,2026-10-10,2026-09-25
290.0,0,165,2026-10-10,2026-09-25
295.0,0,92,2026-10-10,2026-09-25
300.0,0,278,2026-10-10,2026-09-25
305.0,0,22,2026-10-10,2026-09-25
310.0,0,223,2026-10-10,2026-09-25
315.0,0,26,2026-10-10,2026-09-25
320.0,0,1544,2026-10-10,2026-09-25
325.0,0,91,2026-10-10,2026-09-25
330.0,0,119,2026-10-10,2026-09-25
335.0,0,23,2026-10-10,2026-09-25
340.0,0,2226,2026-10-10,2026-09-25
345.0,0,41,2026-10-10,2026-09-25
350.0,0,213,2026-10-10,2026-09-25
355.0,0,44,2026-10-10,2026-09-25
360.0,0,1042,2026-10-10,2026-09-25
365.0,0,20,2026-10-10,2026-09-25
370.0,0,22,2026-10-10,2026-09-25
375.0,0,33,2026-10-10,2026-09-25
380.0,0,23,2026-10-10,2026-09-25
385.0,1,16,2026-10-10,2026-09-25
390.0,0,26,2026-10-10,2026-09-25
395.0,1,24,2026-10-10,2026-09-25
400.0,0,20,2026-10-10,2026-09-25
405.0,0,39,2026-10-10,2026-09-25
410.0,0,23,2026-10-10,2026-09-25
415.0,0,18,2026-10-10,2026-09-25
420.0,0,24,2026-10-10,2026-09-25
425.0,0,38,2026-10-10,2026-09-25
430.0,10,31,2026-10-10,2026-09-25
435.0,0,12,2026-10-10,2026-09-25
440.0,0,31,2026-10-10,2026-09-25
445.0,0,17,2026-10-10,2026-09-25
450.0,1,35,2026-10-10,2026-09-25
455.0,0,18,2026-10-10,2026-09-25
460.0,0,21,2026-10-10,2026-09-25
465.0,0,56,2026-10-10,2026-09-25
470.0,0,17,2026-10-10,2026-09-25
475.0,0,23,2026-10-10,2026-09-25
480.0,0,22,2026-10-10,2026-09-25
485.0,0,12,2026-10-10,2026-09-25
490.0,0,30,2026-10-10,2026-09-25
495.0,0,16,2026-10-10,2026-09-25
500.0,148,36,2026-10-10,2026-09-25
505.0,1,13,2026-10-10,2026-09-25
510.0,2,46,2026-10-10,2026-09-25
515.0,0,10,2026-10-10,2026-09-25
520.0,0,15,2026-10-10,2026-09-25
525.0,0,43,2026-10-10,2026-09-25
530.0,0,8,2026-10-10,2026-09-25
535.0,0,24,2026-10-10,2026-09-25
540.0,0,31,2026-10-10,2026-09-25
545.0,0,8,2026-10-10,2026-09-25
550.0,6,80,2026-10-10,2026-09-25
555.0,0,5,2026-10-10,2026-09-25
560.0,0,4,2026-10-10,2026-09-25
565.0,3,6,2026-10-10,2026-09-25
570.0,0,19,2026-10-10,2026-09-25
575.0,0,12,2026-10-10,2026-09-25
580.0,0,5,2026-10-10,2026-09-25
585.0,1,29,2026-10-10,2026-09-25
590.0,0,14,2026-10-10,2026-09-25
595.0,4,23,2026-10-10,2026-09-25
600.0,0,192,2026-10-10,2026-09-25
605.0,0,28,2026-10-10,2026-09-25
610.0,0,11,2026-10-10,2026-09-25
615.0,1,80,2026-10-10,2026-09-25
620.0,0,167,2026-10-10,2026-09-25
625.0,1,54,2026-10-10,2026-09-25
630.0,1,24,2026-10-10,2026-09-25
635.0,0,7,2026-10-10,2026-09-25
640.0,1,31,2026-10-10,2026-09-25
645.0,0,24,2026-10-10,2026-09-25
650.0,2,145,2026-10-10,2026-09-25
655.0,10,29,2026-10-10,2026-09-25
660.0,3,50,2026-10-10,2026-09-25
665.0,1,24,2026-10-10,2026-09-25
670.0,1,53,2026-10-10,2026-09-25
675.0,0,27,2026-10-10,2026-09-25
680.0,1,56,2026-10-10,2026-09-25
685.0,0,74,2026-10-10,2026-09-25
690.0,4,64,2026-10-10,2026-09-25
695.0,5,46,2026-10-10,2026-09-25
700.0,50,156,2026-10-10,2026-09-25
705.0,0,81,2026-10-10,2026-09-25
710.0,1,24,2026-10-10,2026-09-25
715.0,0,20,2026-10-10,2026-09-25
720.0,0,45,2026-10-10,2026-09-25
725.0,0,35,2026-10-10,2026-09-25
730.0,0,61,2026-10-10,2026-09-25
735.0,0,66,2026-10-10,2026-09-25
740.0,2,64,2026-10-10,2026-09-25
745.0,5,26,2026-10-10,2026-09-25
750.0,3,279,2026-10-10,2026-09-25
755.0,1,26,2026-10-10,2026-09-25
760.0,3,54,2026-10-10,2026-09-25
765.0,5,103,2026-10-10,2026-09-25
770.0,6,101,2026-10-10,2026-09-25
775.0,8,85,2026-10-10,2026-09-25
780.0,4,232,2026-10-10,2026-09-25
785.0,1,87,2026-10-10,2026-09-25
790.0,1,154,2026-10-10,2026-09-25
795.0,5,223,2026-10-10,2026-09-25
800.0,147,614,2026-10-10,2026-09-25
805.0,83,23,2026-10-10,2026-09-25
810.0,15,536,2026-10-10,2026-09-25
815.0,16,58,2026-10-10,2026-09-25
820.0,93,182,2026-10-10,2026-09-25
825.0,8,74,2026-10-10,2026-09-25
830.0,67,98,2026-10-10,2026-09-25
835.0,6,39,2026-10-10,2026-09-25
840.0,17,379,2026-10-10,2026-09-25
845.0,1,83,2026-10-10,2026-09-25
850.0,66,686,2026-10-10,2026-09-25
855.0,2,43,2026-10-10,2026-09-25
860.0,17,154,2026-10-10,2026-09-25
865.0,16,82,2026-10-10,2026-09-25
870.0,29,321,2026-10-10,2026-09-25
875.0,16,85,2026-10-10,2026-09-25
880.0,37,227,2026-10-10,2026-09-25
885.0,17,91,2026-10-10,2026-09-25
890.0,76,184,2026-10-10,2026-09-25
895.0,3,65,2026-10-10,2026-09-25
900.0,2139,545,2026-10-10,2026-09-25
905.0,34,141,2026-10-10,2026-09-25
910.0,67,98,2026-10-10,2026-09-25
915.0,18,89,2026-10-10,2026-09-25
920.0,493,395,2026-10-10,2026-09-25
925.0,103,144,2026-10-10,2026-09-25
930.0,625,983,2026-10-10,2026-09-25
935.0,35,94,2026-10-10,2026-09-25
940.0,221,499,2026-10-10,2026-09-25
945.0,72,242,2026-10-10,2026-09-25
950.0,622,1237,2026-10-10,2026-09-25
955.0,37,92,2026-10-10,2026-09-25
960.0,389,95,2026-10-10,2026-09-25
965.0,60,55,2026-10-10,2026-09-25
970.0,192,153,2026-10-10,2026-09-25
975.0,241,140,2026-10-10,2026-09-25
980.0,424,917,2026-10-10,2026-09-25
985.0,74,134,2026-10-10,2026-09-25
990.0,369,184,2026-10-10,2026-09-25
995.0,96,91,2026-10-10,2026-09-25
1000.0,764,385,2026-10-10,2026-09-25
1005.0,199,57,2026-10-10,2026-09-25
1010.0,123,95,2026-10-10,2026-09-25
1015.0,415,55,2026-10-10,2026-09-25
1020.0,198,72,2026-10-10,2026-09-25
1025.0,187,179,2026-10-10,2026-09-25
1030.0,327,68,2026-10-10,2026-09-25
1035.0,92,136,2026-10-10,2026-09-25
1040.0,267,183,2026-10-10,2026-09-25
1045.0,48,181,2026-10-10,2026-09-25
1050.0,948,192,2026-10-10,2026-09-25
1055.0,72,8,2026-10-10,2026-09-25
1060.0,339,80,2026-10-10,2026-09-25
1062.5,2,1,2026-10-10,2026-09-25
1065.0,127,76,2026-10-10,2026-09-25
1067.5,8,1,2026-10-10,2026-09-25
1070.0,512,233,2026-10-10,2026-09-25
1072.5,8,1,2026-10-10,2026-09-25
1075.0,172,58,2026-10-10,2026-09-25
1077.5,5,2,2026-10-10,2026-09-25
1080.0,258,242,2026-10-10,2026-09-25
1082.5,1,0,2026-10-10,2026-09-25
1085.0,84,8,2026-10-10,2026-09-25
1090.0,251,39,2026-10-10,2026-09-25
1095.0,153,94,2026-10-10,2026-09-25
1100.0,811,214,2026-10-10,2026-09-25
1105.0,146,43,2026-10-10,2026-09-25
1110.0,468,36,2026-10-10,2026-09-25
1115.0,53,31,2026-10-10,2026-09-25
1120.0,157,236,2026-10-10,2026-09-25
1125.0,230,19,2026-10-10,2026-09-25
1130.0,96,120,2026-10-10,2026-09-25
1135.0,69,10,2026-10-10,2026-09-25
1140.0,213,82,2026-10-10,2026-09-25
1145.0,0,0,2026-10-10,2026-09-25
1150.0,413,168,2026-10-10,2026-09-25
1160.0,75,8,2026-10-10,2026-09-25
1170.0,80,1,2026-10-10,2026-09-25
1180.0,115,0,2026-10-10,2026-09-25
1190.0,191,1,2026-10-10,2026-09-25
1200.0,1202,8,2026-10-10,2026-09-25
1210.0,231,1,2026-10-10,2026-09-25
1220.0,106,1,2026-10-10,2026-09-25
1230.0,172,0,2026-10-10,2026-09-25
1240.0,232,1,2026-10-10,2026-09-25
1250.0,399,3,2026-10-10,2026-09-25
1260.0,200,6,2026-10-10,2026-09-25
1270.0,101,4,2026-10-10,2026-09-25
1280.0,88,2,2026-10-10,2026-09-25
1290.0,64,5,2026-10-10,2026-09-25
1300.0,427,12,2026-10-10,2026-09-25
1310.0,536,15,2026-10-10,2026-09-25
1320.0,42,5,2026-10-10,2026-09-25
1330.0,536,1,2026-10-10,2026-09-25
1340.0,74,0,2026-10-10,2026-09-25
1350.0,258,1,2026-10-10,2026-09-25
1360.0,45,0,2026-10-10,2026-09-25
1370.0,25,0,2026-10-10,2026-09-25
1380.0,406,1,2026-10-10,2026-09-25
1390.0,41,0,2026-10-10,2026-09-25
1400.0,233,0,2026-10-10,2026-09-25
1410.0,45,2,2026-10-10,2026-09-25
1420.0,40,0,2026-10-10,2026-09-25
1430.0,54,0,2026-10-10,2026-09-25
1440.0,149,0,2026-10-10,2026-09-25
1450.0,87,0,2026-10-10,2026-09-25
1460.0,109,0,2026-10-10,2026-09-25
1470.0,22,0,2026-10-10,2026-09-25
1480.0,9,0,2026-10-10,2026-09-25
1490.0,7,0,2026-10-10,2026-09-25
1500.0,320,0,2026-10-10,2026-09-25
1510.0,52,0,2026-10-10,2026-09-25
1520.0,12,0,2026-10-10,2026-09-25
1530.0,107,0,2026-10-10,2026-09-25
1540.0,24,0,2026-10-10,2026-09-25
1550.0,23,1,2026-10-10,2026-09-25
1560.0,9,0,2026-10-10,2026-09-25
1570.0,13,0,2026-10-10,2026-09-25
1580.0,49,0,2026-10-10,2026-09-25
1590.0,3,0,2026-10-10,2026-09-25
1600.0,118,0,2026-10-10,2026-09-25
1610.0,9,0,2026-10-10,2026-09-25
1620.0,7,0,2026-10-10,2026-09-25
1630.0,3,0,2026-10-10,2026-09-25
1640.0,30,0,2026-10-10,2026-09-25
1650.0,25,0,2026-10-10,2026-09-25
1660.0,15,0,2026-10-10,2026-09-25
1670.0,18,0,2026-10-10,2026-09-25
1680.0,10,0,2026-10-10,2026-09-25
1690.0,10,0,2026-10-10,2026-09-25
1700.0,74,0,2026-10-10,2026-09-25
1710.0,3,0,2026-10-10,2026-09-25
1720.0,6,0,2026-10-10,2026-09-25
1730.0,464,0,2026-10-10,2026-09-25
611.0,0,2230,2026-10-13,2026-09-25
5.0,594,167,2026-10-17,2026-09-25
10.0,5,97,2026-10-17,2026-09-25
15.0,10,180,2026-10-17,2026-09-25
20.0,19,238,2026-10-17,2026-09-25
25.0,50,331,2026-10-17,2026-09-25
30.0,35,365,2026-10-17,2026-09-25
35.0,5,774,2026-10-17,2026-09-25
40.0,6,699,2026-10-17,2026-09-25
45.0,21,621,2026-10-17,2026-09-25
50.0,31,1383,2026-10-17,2026-09-25
55.0,0,5013,2026-10-17,2026-09-25
60.0,5,14619,2026-10-17,2026-09-25
185.0,14,223,2026-10-17,2026-09-25
190.0,7,134,2026-10-17,2026-09-25
195.0,4,1762,2026-10-17,2026-09-25
200.0,44,1868,2026-10-17,2026-09-25
210.0,67,1010,2026-10-17,2026-09-25
220.0,21,1903,2026-10-17,2026-09-25
230.0,6,2692,2026-10-17,2026-09-25
240.0,25,651,2026-10-17,2026-09-25
250.0,529,649,2026-10-17,2026-09-25
260.0,59,2334,2026-10-17,2026-09-25
270.0,67,784,2026-10-17,2026-09-25
280.0,315,781,2026-10-17,2026-09-25
290.0,261,688,2026-10-17,2026-09-25
300.0,240,2104,2026-10-17,2026-09-25
310.0,444,720,2026-10-17,2026-09-25
320.0,228,2695,2026-10-17,2026-09-25
330.0,35,1985,2026-10-17,2026-09-25
340.0,289,4648,2026-10-17,2026-09-25
350.0,314,866,2026-10-17,2026-09-25
360.0,182,2859,2026-10-17,2026-09-25
370.0,122,1015,2026-10-17,2026-09-25
380.0,145,3419,2026-10-17,2026-09-25
390.0,90,551,2026-10-17,2026-09-25
400.0,732,2621,2026-10-17,2026-09-25
410.0,306,823,2026-10-17,2026-09-25
420.0,343,868,2026-10-17,2026-09-25
430.0,136,475,2026-10-17,2026-09-25
440.0,169,417,2026-10-17,2026-09-25
450.0,715,3245,2026-10-17,2026-09-25
460.0,412,959,2026-10-17,2026-09-25
470.0,599,669,2026-10-17,2026-09-25
480.0,443,684,2026-10-17,2026-09-25
490.0,212,735,2026-10-17,2026-09-25
500.0,652,3381,2026-10-17,2026-09-25
510.0,293,505,2026-10-17,2026-09-25
520.0,352,1016,2026-10-17,2026-09-25
530.0,568,1106,2026-10-17,2026-09-25
540.0,560,1221,2026-10-17,2026-09-25
550.0,8,236,2026-10-17,2026-09-25
560.0,725,1160,2026-10-17,2026-09-25
570.0,0,353,2026-10-17,2026-09-25
580.0,193,1715,2026-10-17,2026-09-25
590.0,0,436,2026-10-17,2026-09-25
600.0,1499,5285,2026-10-17,2026-09-25
610.0,3,176,2026-10-17,2026-09-25
620.0,774,1768,2026-10-17,2026-09-25
630.0,3,1611,2026-10-17,2026-09-25
640.0,1700,3586,2026-10-17,2026-09-25
650.0,2,389,2026-10-17,2026-09-25
660.0,332,1768,2026-10-17,2026-09-25
670.0,13,412,2026-10-17,2026-09-25
680.0,419,2260,2026-10-17,2026-09-25
690.0,15,902,2026-10-17,2026-09-25
700.0,1192,7389,2026-10-17,2026-09-25
710.0,10,233,2026-10-17,2026-09-25
720.0,568,748,2026-10-17,2026-09-25
730.0,15,803,2026-10-17,2026-09-25
740.0,748,1899,2026-10-17,2026-09-25
750.0,32,4123,2026-10-17,2026-09-25
760.0,404,2801,2026-10-17,2026-09-25
770.0,125,561,2026-10-17,2026-09-25
775.0,0,9,2026-10-17,2026-09-25
780.0,1259,1778,2026-10-17,2026-09-25
790.0,156,454,2026-10-17,2026-09-25
800.0,1519,5349,2026-10-17,2026-09-25
810.0,1422,517,2026-10-17,2026-09-25
820.0,625,2076,2026-10-17,2026-09-25
830.0,36,361,2026-10-17,2026-09-25
840.0,1569,1769,2026-10-17,2026-09-25
850.0,133,2616,2026-10-17,2026-09-25
860.0,870,2125,2026-10-17,2026-09-25
870.0,2500,2500,2026-10-17,2026-09-25
870.0,54,1637,2026-10-17,2026-09-25
875.0,2000,2000,2026-10-17,2026-09-25
880.0,374,1714,2026-10-17,2026-09-25
890.0,96,710,2026-10-17,2026-09-25
900.0,4357,5676,2026-10-17,2026-09-25
910.0,1913,1479,2026-10-17,2026-09-25
920.0,1086,1086,2026-10-17,2026-09-25
920.0,886,2473,2026-10-17,2026-09-25
925.0,19,160,2026-10-17,2026-09-25
930.0,200,200,2026-10-17,2026-09-25
930.0,703,1093,2026-10-17,2026-09-25
935.0,250,250,2026-10-17,2026-09-25
935.0,3,80,2026-10-17,2026-09-25
940.0,603,2285,2026-10-17,2026-09-25
945.0,12,93,2026-10-17,2026-09-25
950.0,3000,3000,2026-10-17,2026-09-25
950.0,3814,2743,2026-10-17,2026-09-25
955.0,14,267,2026-10-17,2026-09-25
960.0,891,2490,2026-10-17,2026-09-25
965.0,7,272,2026-10-17,2026-09-25
970.0,971,1591,2026-10-17,2026-09-25
975.0,11,186,2026-10-17,2026-09-25
980.0,6323,7196,2026-10-17,2026-09-25
985.0,4470,4470,2026-10-17,2026-09-25
985.0,11,205,2026-10-17,2026-09-25
990.0,1061,1365,2026-10-17,2026-09-25
995.0,15,227,2026-10-17,2026-09-25
1000.0,3450,3450,2026-10-17,2026-09-25
1000.0,11128,6745,2026-10-17,2026-09-25
1005.0,50,96,2026-10-17,2026-09-25
1010.0,897,392,2026-10-17,2026-09-25
1015.0,50,192,2026-10-17,2026-09-25
1020.0,1078,517,2026-10-17,2026-09-25
1025.0,82,108,2026-10-17,2026-09-25
1030.0,774,473,2026-10-17,2026-09-25
1035.0,115,121,2026-10-17,2026-09-25
1040.0,861,789,2026-10-17,2026-09-25
1045.0,99,512,2026-10-17,2026-09-25
1050.0,3880,1377,2026-10-17,2026-09-25
1055.0,157,149,2026-10-17,2026-09-25
1060.0,778,399,2026-10-17,2026-09-25
1065.0,232,166,2026-10-17,2026-09-25
1070.0,771,522,2026-10-17,2026-09-25
1080.0,1282,706,2026-10-17,2026-09-25
1090.0,1141,403,2026-10-17,2026-09-25
1100.0,9,0,2026-10-17,2026-09-25
1100.0,7418,4024,2026-10-17,2026-09-25
1110.0,890,142,2026-10-17,2026-09-25
1120.0,674,365,2026-10-17,2026-09-25
1130.0,641,290,2026-10-17,2026-09-25
1140.0,685,189,2026-10-17,2026-09-25
1150.0,9,0,2026-10-17,2026-09-25
1150.0,3760,110,2026-10-17,2026-09-25
1160.0,678,250,2026-10-17,2026-09-25
1170.0,534,175,2026-10-17,2026-09-25
1180.0,455,97,2026-10-17,2026-09-25
1190.0,557,92,2026-10-17,2026-09-25
1200.0,9379,555,2026-10-17,2026-09-25
1210.0,859,58,2026-10-17,2026-09-25
1220.0,2211,46,2026-10-17,2026-09-25
1230.0,466,21,2026-10-17,2026-09-25
1240.0,363,37,2026-10-17,2026-09-25
1250.0,2286,367,2026-10-17,2026-09-25
1260.0,531,103,2026-10-17,2026-09-25
1270.0,598,91,2026-10-17,2026-09-25
1280.0,568,49,2026-10-17,2026-09-25
1290.0,381,60,2026-10-17,2026-09-25
1300.0,8873,144,2026-10-17,2026-09-25
1310.0,403,38,2026-10-17,2026-09-25
1320.0,453,67,2026-10-17,2026-09-25
1330.0,20,0,2026-10-17,2026-09-25
1330.0,834,13,2026-10-17,2026-09-25
1340.0,290,44,2026-10-17,2026-09-25
1350.0,892,195,2026-10-17,2026-09-25
1360.0,509,27,2026-10-17,2026-09-25
1370.0,239,36,2026-10-17,2026-09-25
1380.0,233,27,2026-10-17,2026-09-25
1390.0,334,13,2026-10-17,2026-09-25
1400.0,3855,33,2026-10-17,2026-09-25
1410.0,262,90,2026-10-17,2026-09-25
1420.0,311,7,2026-10-17,2026-09-25
1430.0,568,21,2026-10-17,2026-09-25
1440.0,226,18,2026-10-17,2026-09-25
1450.0,1302,17,2026-10-17,2026-09-25
1460.0,20,0,2026-10-17,2026-09-25
1460.0,344,1,2026-10-17,2026-09-25
1470.0,380,0,2026-10-17,2026-09-25
1480.0,289,0,2026-10-17,2026-09-25
1490.0,349,1,2026-10-17,2026-09-25
1500.0,6024,22,2026-10-17,2026-09-25
1510.0,655,0,2026-10-17,2026-09-25
1520.0,414,0,2026-10-17,2026-09-25
1530.0,269,0,2026-10-17,2026-09-25
1540.0,286,0,2026-10-17,2026-09-25
1550.0,696,0,2026-10-17,2026-09-25
1560.0,139,0,2026-10-17,2026-09-25
1570.0,320,1,2026-10-17,2026-09-25
1580.0,201,0,2026-10-17,2026-09-25
1590.0,216,0,2026-10-17,2026-09-25
1600.0,1664,0,2026-10-17,2026-09-25
1610.0,285,1,2026-10-17,2026-09-25
1620.0,221,0,2026-10-17,2026-09-25
1630.0,312,0,2026-10-17,2026-09-25
1640.0,91,0,2026-10-17,2026-09-25
1650.0,217,0,2026-10-17,2026-09-25
1660.0,547,0,2026-10-17,2026-09-25
1670.0,255,0,2026-10-17,2026-09-25
1680.0,580,0,2026-10-17,2026-09-25
1690.0,839,0,2026-10-17,2026-09-25
1700.0,1325,0,2026-10-17,2026-09-25
1710.0,172,0,2026-10-17,2026-09-25
1720.0,151,0,2026-10-17,2026-09-25
1730.0,275,0,2026-10-17,2026-09-25
1740.0,287,0,2026-10-17,2026-09-25
1750.0,236,0,2026-10-17,2026-09-25
1760.0,287,0,2026-10-17,2026-09-25
1770.0,441,0,2026-10-17,2026-09-25
1780.0,206,0,2026-10-17,2026-09-25
1790.0,424,0,2026-10-17,2026-09-25
1800.0,985,0,2026-10-17,2026-09-25
1810.0,510,0,2026-10-17,2026-09-25
1820.0,1088,0,2026-10-17,2026-09-25
1830.0,1482,0,2026-10-17,2026-09-25
1840.0,507,0,2026-10-17,2026-09-25
1850.0,745,0,2026-10-17,2026-09-25
1860.0,229,0,2026-10-17,2026-09-25
1870.0,241,0,2026-10-17,2026-09-25
1880.0,294,0,2026-10-17,2026-09-25
1890.0,415,0,2026-10-17,2026-09-25
1900.0,594,0,2026-10-17,2026-09-25
1910.0,1042,0,2026-10-17,2026-09-25
1920.0,195,0,2026-10-17,2026-09-25
1930.0,408,0,2026-10-17,2026-09-25
1940.0,252,0,2026-10-17,2026-09-25
1950.0,416,0,2026-10-17,2026-09-25
1960.0,423,0,2026-10-17,2026-09-25
1970.0,96,0,2026-10-17,2026-09-25
1980.0,159,0,2026-10-17,2026-09-25
1990.0,120,0,2026-10-17,2026-09-25
2000.0,2202,0,2026-10-17,2026-09-25
2010.0,76,0,2026-10-17,2026-09-25
2020.0,86,0,2026-10-17,2026-09-25
2030.0,260,0,2026-10-17,2026-09-25
2040.0,48,0,2026-10-17,2026-09-25
2050.0,256,0,2026-10-17,2026-09-25
2060.0,270,0,2026-10-17,2026-09-25
2070.0,87,0,2026-10-17,2026-09-25
2080.0,315,0,2026-10-17,2026-09-25
2090.0,266,0,2026-10-17,2026-09-25
2100.0,290,0,2026-10-17,2026-09-25
2110.0,135,0,2026-10-17,2026-09-25
2120.0,198,0,2026-10-17,2026-09-25
2130.0,103,0,2026-10-17,2026-09-25
2140.0,146,0,2026-10-17,2026-09-25
2150.0,244,0,2026-10-17,2026-09-25
2160.0,89,0,2026-10-17,2026-09-25
2170.0,316,0,2026-10-17,2026-09-25
2180.0,61,0,2026-10-17,2026-09-25
2190.0,85,0,2026-10-17,2026-09-25
2200.0,299,0,2026-10-17,2026-09-25
2210.0,59,0,2026-10-17,2026-09-25
2220.0,163,0,2026-10-17,2026-09-25
2230.0,37,0,2026-10-17,2026-09-25
2240.0,34,0,2026-10-17,2026-09-25
2250.0,159,0,2026-10-17,2026-09-25
2260.0,116,0,2026-10-17,2026-09-25
2270.0,129,0,2026-10-17,2026-09-25
2280.0,107,0,2026-10-17,2026-09-25
2290.0,442,0,2026-10-17,2026-09-25
2300.0,398,0,2026-10-17,2026-09-25
2310.0,95,0,2026-10-17,2026-09-25
2320.0,209,0,2026-10-17,2026-09-25
2330.0,138,0,2026-10-17,2026-09-25
2340.0,109,0,2026-10-17,2026-09-25
2350.0,44,0,2026-10-17,2026-09-25
2360.0,207,0,2026-10-17,2026-09-25
2370.0,164,0,2026-10-17,2026-09-25
2380.0,81,0,2026-10-17,2026-09-25
2390.0,161,0,2026-10-17,2026-09-25
2400.0,280,0,2026-10-17,2026-09-25
2410.0,153,0,2026-10-17,2026-09-25
2420.0,717,0,2026-10-17,2026-09-25
2440.0,177,0,2026-10-17,2026-09-25
2460.0,189,0,2026-10-17,2026-09-25
2480.0,229,0,2026-10-17,2026-09-25
2500.0,3410,0,2026-10-17,2026-09-25
999.03,1144,1144,2026-10-21,2026-09-25
5.0,0,0,2026-10-24,2026-09-25
10.0,0,0,2026-10-24,2026-09-25
15.0,0,0,2026-10-24,2026-09-25
20.0,0,0,2026-10-24,2026-09-25
25.0,0,0,2026-10-24,2026-09-25
30.0,0,2,2026-10-24,2026-09-25
35.0,0,7,2026-10-24,2026-09-25
40.0,0,0,2026-10-24,2026-09-25
45.0,0,41,2026-10-24,2026-09-25
50.0,0,55,2026-10-24,2026-09-25
55.0,0,10,2026-10-24,2026-09-25
60.0,0,95,2026-10-24,2026-09-25
65.0,0,6,2026-10-24,2026-09-25
70.0,0,42,2026-10-24,2026-09-25
75.0,0,32,2026-10-24,2026-09-25
80.0,0,87,2026-10-24,2026-09-25
85.0,3,42,2026-10-24,2026-09-25
90.0,1,81,2026-10-24,2026-09-25
95.0,1,45,2026-10-24,2026-09-25
100.0,2,108,2026-10-24,2026-09-25
105.0,0,45,2026-10-24,2026-09-25
110.0,0,105,2026-10-24,2026-09-25
115.0,0,0,2026-10-24,2026-09-25
120.0,0,0,2026-10-24,2026-09-25
125.0,0,0,2026-10-24,2026-09-25
130.0,0,0,2026-10-24,2026-09-25
135.0,1,0,2026-10-24,2026-09-25
140.0,0,0,2026-10-24,2026-09-25
145.0,0,6,2026-10-24,2026-09-25
150.0,0,0,2026-10-24,2026-09-25
155.0,0,0,2026-10-24,2026-09-25
160.0,0,0,2026-10-24,2026-09-25
165.0,0,0,2026-10-24,2026-09-25
170.0,0,0,2026-10-24,2026-09-25
175.0,0,0,2026-10-24,2026-09-25
180.0,0,1,2026-10-24,2026-09-25
185.0,0,5,2026-10-24,2026-09-25
190.0,0,11,2026-10-24,2026-09-25
195.0,0,8,2026-10-24,2026-09-25
200.0,0,28,2026-10-24,2026-09-25
205.0,0,8,2026-10-24,2026-09-25
210.0,0,31,2026-10-24,2026-09-25
215.0,0,27,2026-10-24,2026-09-25
220.0,0,57,2026-10-24,2026-09-25
225.0,0,56,2026-10-24,2026-09-25
230.0,0,34,2026-10-24,2026-09-25
235.0,0,34,2026-10-24,2026-09-25
240.0,0,221,2026-10-24,2026-09-25
245.0,0,69,2026-10-24,2026-09-25
250.0,0,69,2026-10-24,2026-09-25
255.0,0,203,2026-10-24,2026-09-25
260.0,0,580,2026-10-24,2026-09-25
265.0,0,373,2026-10-24,2026-09-25
270.0,0,255,2026-10-24,2026-09-25
275.0,3,59,2026-10-24,2026-09-25
280.0,0,54,2026-10-24,2026-09-25
285.0,0,115,2026-10-24,2026-09-25
290.0,0,66,2026-10-24,2026-09-25
295.0,0,22,2026-10-24,2026-09-25
300.0,0,18,2026-10-24,2026-09-25
305.0,0,88,2026-10-24,2026-09-25
310.0,0,201,2026-10-24,2026-09-25
315.0,0,19,2026-10-24,2026-09-25
320.0,0,30,2026-10-24,2026-09-25
325.0,0,160,2026-10-24,2026-09-25
330.0,0,21,2026-10-24,2026-09-25
335.0,0,20,2026-10-24,2026-09-25
340.0,0,45,2026-10-24,2026-09-25
345.0,0,32,2026-10-24,2026-09-25
350.0,0,21,2026-10-24,2026-09-25
355.0,0,16,2026-10-24,2026-09-25
360.0,0,6,2026-10-24,2026-09-25
365.0,0,12,2026-10-24,2026-09-25
370.0,0,15,2026-10-24,2026-09-25
375.0,1,8,2026-10-24,2026-09-25
380.0,0,6,2026-10-24,2026-09-25
385.0,0,22,2026-10-24,2026-09-25
390.0,3,9,2026-10-24,2026-09-25
395.0,0,14,2026-10-24,2026-09-25
400.0,0,23,2026-10-24,2026-09-25
405.0,6,9,2026-10-24,2026-09-25
410.0,1,7,2026-10-24,2026-09-25
415.0,0,7,2026-10-24,2026-09-25
420.0,0,8,2026-10-24,2026-09-25
425.0,0,20,2026-10-24,2026-09-25
430.0,1,20,2026-10-24,2026-09-25
435.0,0,4,2026-10-24,2026-09-25
440.0,3,8,2026-10-24,2026-09-25
445.0,0,10,2026-10-24,2026-09-25
450.0,1,13,2026-10-24,2026-09-25
455.0,0,8,2026-10-24,2026-09-25
460.0,0,11,2026-10-24,2026-09-25
465.0,0,7,2026-10-24,2026-09-25
470.0,0,3,2026-10-24,2026-09-25
475.0,1,8,2026-10-24,2026-09-25
480.0,2,7,2026-10-24,2026-09-25
485.0,0,10,2026-10-24,2026-09-25
490.0,2,2,2026-10-24,2026-09-25
495.0,0,23,2026-10-24,2026-09-25
500.0,1,59,2026-10-24,2026-09-25
505.0,0,39,2026-10-24,2026-09-25
510.0,1,50,2026-10-24,2026-09-25
515.0,0,2,2026-10-24,2026-09-25
520.0,0,33,2026-10-24,2026-09-25
525.0,0,2,2026-10-24,2026-09-25
530.0,0,196,2026-10-24,2026-09-25
535.0,1,48,2026-10-24,2026-09-25
540.0,0,62,2026-10-24,2026-09-25
545.0,0,21,2026-10-24,2026-09-25
550.0,0,102,2026-10-24,2026-09-25
555.0,4,103,2026-10-24,2026-09-25
560.0,1,6,2026-10-24,2026-09-25
565.0,0,79,2026-10-24,2026-09-25
570.0,0,61,2026-10-24,2026-09-25
575.0,0,44,2026-10-24,2026-09-25
580.0,1,47,2026-10-24,2026-09-25
585.0,1,100,2026-10-24,2026-09-25
590.0,1,6,2026-10-24,2026-09-25
595.0,0,23,2026-10-24,2026-09-25
600.0,1,37,2026-10-24,2026-09-25
605.0,0,5,2026-10-24,2026-09-25
610.0,0,13,2026-10-24,2026-09-25
615.0,0,6,2026-10-24,2026-09-25
620.0,4,198,2026-10-24,2026-09-25
625.0,0,30,2026-10-24,2026-09-25
630.0,1,2,2026-10-24,2026-09-25
635.0,0,4,2026-10-24,2026-09-25
640.0,1,27,2026-10-24,2026-09-25
645.0,1,5,2026-10-24,2026-09-25
650.0,0,218,2026-10-24,2026-09-25
655.0,2,144,2026-10-24,2026-09-25
660.0,0,9,2026-10-24,2026-09-25
665.0,0,6,2026-10-24,2026-09-25
670.0,0,217,2026-10-24,2026-09-25
675.0,2,60,2026-10-24,2026-09-25
680.0,0,65,2026-10-24,2026-09-25
685.0,1,66,2026-10-24,2026-09-25
690.0,2,152,2026-10-24,2026-09-25
695.0,5,175,2026-10-24,2026-09-25
700.0,3,176,2026-10-24,2026-09-25
705.0,0,82,2026-10-24,2026-09-25
710.0,0,64,2026-10-24,2026-09-25
715.0,3,100,2026-10-24,2026-09-25
720.0,1,56,2026-10-24,2026-09-25
725.0,0,36,2026-10-24,2026-09-25
730.0,1,195,2026-10-24,2026-09-25
735.0,0,10,2026-10-24,2026-09-25
740.0,10,77,2026-10-24,2026-09-25
745.0,2,61,2026-10-24,2026-09-25
750.0,5,212,2026-10-24,2026-09-25
755.0,6,239,2026-10-24,2026-09-25
760.0,0,83,2026-10-24,2026-09-25
765.0,5,41,2026-10-24,2026-09-25
770.0,0,85,2026-10-24,2026-09-25
775.0,3,206,2026-10-24,2026-09-25
780.0,13,123,2026-10-24,2026-09-25
785.0,1,78,2026-10-24,2026-09-25
790.0,28,139,2026-10-24,2026-09-25
795.0,25,77,2026-10-24,2026-09-25
800.0,210,418,2026-10-24,2026-09-25
805.0,0,116,2026-10-24,2026-09-25
810.0,0,203,2026-10-24,2026-09-25
815.0,1,50,2026-10-24,2026-09-25
820.0,2,233,2026-10-24,2026-09-25
825.0,7,92,2026-10-24,2026-09-25
830.0,11,125,2026-10-24,2026-09-25
835.0,1,82,2026-10-24,2026-09-25
840.0,52,47,2026-10-24,2026-09-25
845.0,0,89,2026-10-24,2026-09-25
850.0,4,815,2026-10-24,2026-09-25
855.0,1,44,2026-10-24,2026-09-25
860.0,1,139,2026-10-24,2026-09-25
865.0,1,36,2026-10-24,2026-09-25
870.0,1,187,2026-10-24,2026-09-25
875.0,11,74,2026-10-24,2026-09-25
880.0,10,209,2026-10-24,2026-09-25
885.0,1,42,2026-10-24,2026-09-25
890.0,19,78,2026-10-24,2026-09-25
895.0,27,125,2026-10-24,2026-09-25
900.0,264,282,2026-10-24,2026-09-25
905.0,22,68,2026-10-24,2026-09-25
910.0,9,69,2026-10-24,2026-09-25
915.0,14,41,2026-10-24,2026-09-25
920.0,1500,1500,2026-10-24,2026-09-25
920.0,56,91,2026-10-24,2026-09-25
925.0,69,68,2026-10-24,2026-09-25
930.0,61,135,2026-10-24,2026-09-25
935.0,68,73,2026-10-24,2026-09-25
940.0,49,83,2026-10-24,2026-09-25
945.0,20,36,2026-10-24,2026-09-25
950.0,44,371,2026-10-24,2026-09-25
955.0,84,55,2026-10-24,2026-09-25
960.0,50,46,2026-10-24,2026-09-25
965.0,5,42,2026-10-24,2026-09-25
970.0,54,100,2026-10-24,2026-09-25
975.0,66,65,2026-10-24,2026-09-25
980.0,58,66,2026-10-24,2026-09-25
985.0,13,86,2026-10-24,2026-09-25
990.0,58,23,2026-10-24,2026-09-25
995.0,66,88,2026-10-24,2026-09-25
1000.0,186,441,2026-10-24,2026-09-25
1005.0,20,40,2026-10-24,2026-09-25
1010.0,109,28,2026-10-24,2026-09-25
1015.0,43,36,2026-10-24,2026-09-25
1020.0,89,137,2026-10-24,2026-09-25
1025.0,97,27,2026-10-24,2026-09-25
1030.0,59,36,2026-10-24,2026-09-25
1035.0,42,27,2026-10-24,2026-09-25
1040.0,122,37,2026-10-24,2026-09-25
1045.0,64,20,2026-10-24,2026-09-25
1050.0,231,419,2026-10-24,2026-09-25
1055.0,82,19,2026-10-24,2026-09-25
1060.0,204,37,2026-10-24,2026-09-25
1065.0,22,15,2026-10-24,2026-09-25
1070.0,172,62,2026-10-24,2026-09-25
1075.0,148,68,2026-10-24,2026-09-25
1080.0,169,44,2026-10-24,2026-09-25
1085.0,127,15,2026-10-24,2026-09-25
1090.0,75,9,2026-10-24,2026-09-25
1095.0,85,14,2026-10-24,2026-09-25
1100.0,347,382,2026-10-24,2026-09-25
1105.0,172,12,2026-10-24,2026-09-25
1110.0,56,26,2026-10-24,2026-09-25
1115.0,20,0,2026-10-24,2026-09-25
1120.0,65,0,2026-10-24,2026-09-25
1125.0,60,0,2026-10-24,2026-09-25
1130.0,26,6,2026-10-24,2026-09-25
1135.0,28,1,2026-10-24,2026-09-25
1140.0,36,0,2026-10-24,2026-09-25
1145.0,0,0,2026-10-24,2026-09-25
1150.0,357,6,2026-10-24,2026-09-25
1160.0,73,21,2026-10-24,2026-09-25
1170.0,82,13,2026-10-24,2026-09-25
1180.0,228,19,2026-10-24,2026-09-25
1190.0,38,15,2026-10-24,2026-09-25
1200.0,312,47,2026-10-24,2026-09-25
1210.0,97,15,2026-10-24,2026-09-25
1220.0,122,8,2026-10-24,2026-09-25
1230.0,245,40,2026-10-24,2026-09-25
1240.0,53,5,2026-10-24,2026-09-25
1250.0,191,0,2026-10-24,2026-09-25
1260.0,210,0,2026-10-24,2026-09-25
1270.0,60,5,2026-10-24,2026-09-25
1280.0,37,4,2026-10-24,2026-09-25
1290.0,128,1,2026-10-24,2026-09-25
1300.0,489,1,2026-10-24,2026-09-25
1310.0,56,0,2026-10-24,2026-09-25
1320.0,23,0,2026-10-24,2026-09-25
1330.0,73,0,2026-10-24,2026-09-25
1340.0,113,0,2026-10-24,2026-09-25
1350.0,55,0,2026-10-24,2026-09-25
1360.0,43,0,2026-10-24,2026-09-25
1370.0,35,2,2026-10-24,2026-09-25
1380.0,103,0,2026-10-24,2026-09-25
1390.0,47,0,2026-10-24,2026-09-25
1400.0,294,2,2026-10-24,2026-09-25
1410.0,15,0,2026-10-24,2026-09-25
1420.0,30,0,2026-10-24,2026-09-25
1430.0,54,0,2026-10-24,2026-09-25
1440.0,29,0,2026-10-24,2026-09-25
1450.0,137,0,2026-10-24,2026-09-25
1460.0,28,0,2026-10-24,2026-09-25
1470.0,19,0,2026-10-24,2026-09-25
1480.0,14,0,2026-10-24,2026-09-25
1490.0,550,0,2026-10-24,2026-09-25
1500.0,134,0,2026-10-24,2026-09-25
1510.0,29,0,2026-10-24,2026-09-25
1520.0,31,0,2026-10-24,2026-09-25
1530.0,487,0,2026-10-24,2026-09-25
1540.0,38,0,2026-10-24,2026-09-25
1550.0,11,0,2026-10-24,2026-09-25
1560.0,10,0,2026-10-24,2026-09-25
1570.0,20,0,2026-10-24,2026-09-25
1580.0,3,0,2026-10-24,2026-09-25
1590.0,19,0,2026-10-24,2026-09-25
1600.0,31,0,2026-10-24,2026-09-25
1610.0,37,0,2026-10-24,2026-09-25
1620.0,13,0,2026-10-24,2026-09-25
1630.0,9,0,2026-10-24,2026-09-25
1640.0,16,0,2026-10-24,2026-09-25
1650.0,11,0,2026-10-24,2026-09-25
1660.0,14,0,2026-10-24,2026-09-25
1670.0,6,0,2026-10-24,2026-09-25
1680.0,5,0,2026-10-24,2026-09-25
1690.0,36,0,2026-10-24,2026-09-25
1700.0,24,0,2026-10-24,2026-09-25
1710.0,5,0,2026-10-24,2026-09-25
1720.0,3,0,2026-10-24,2026-09-25
1730.0,142,0,2026-10-24,2026-09-25
1100.0,29,0,2026-10-29,2026-09-25
1000.0,4150,4150,2026-10-30,2026-09-25
5.0,0,0,2026-10-31,2026-09-25
10.0,0,0,2026-10-31,2026-09-25
15.0,0,0,2026-10-31,2026-09-25
20.0,0,0,2026-10-31,2026-09-25
25.0,0,0,2026-10-31,2026-09-25
30.0,0,0,2026-10-31,2026-09-25
35.0,0,1,2026-10-31,2026-09-25
40.0,0,0,2026-10-31,2026-09-25
45.0,0,0,2026-10-31,2026-09-25
50.0,0,0,2026-10-31,2026-09-25
55.0,0,0,2026-10-31,2026-09-25
60.0,0,0,2026-10-31,2026-09-25
65.0,0,0,2026-10-31,2026-09-25
70.0,0,0,2026-10-31,2026-09-25
75.0,0,0,2026-10-31,2026-09-25
80.0,0,0,2026-10-31,2026-09-25
85.0,0,0,2026-10-31,2026-09-25
90.0,0,0,2026-10-31,2026-09-25
95.0,0,0,2026-10-31,2026-09-25
100.0,0,0,2026-10-31,2026-09-25
105.0,0,0,2026-10-31,2026-09-25
110.0,0,0,2026-10-31,2026-09-25
115.0,0,0,2026-10-31,2026-09-25
120.0,0,0,2026-10-31,2026-09-25
125.0,0,1,2026-10-31,2026-09-25
130.0,0,0,2026-10-31,2026-09-25
135.0,0,0,2026-10-31,2026-09-25
140.0,0,0,2026-10-31,2026-09-25
145.0,0,0,2026-10-31,2026-09-25
150.0,0,0,2026-10-31,2026-09-25
155.0,0,0,2026-10-31,2026-09-25
160.0,0,0,2026-10-31,2026-09-25
165.0,0,0,2026-10-31,2026-09-25
170.0,0,0,2026-10-31,2026-09-25
175.0,0,0,2026-10-31,2026-09-25
180.0,0,0,2026-10-31,2026-09-25
185.0,1,79,2026-10-31,2026-09-25
190.0,0,127,2026-10-31,2026-09-25
195.0,0,49,2026-10-31,2026-09-25
200.0,0,108,2026-10-31,2026-09-25
210.0,0,28,2026-10-31,2026-09-25
220.0,1,24,2026-10-31,2026-09-25
230.0,0,23,2026-10-31,2026-09-25
240.0,0,16,2026-10-31,2026-09-25
250.0,0,35,2026-10-31,2026-09-25
260.0,0,20,2026-10-31,2026-09-25
270.0,8,29,2026-10-31,2026-09-25
280.0,2,20,2026-10-31,2026-09-25
290.0,0,24,2026-10-31,2026-09-25
300.0,20,23,2026-10-31,2026-09-25
310.0,0,20,2026-10-31,2026-09-25
320.0,0,7,2026-10-31,2026-09-25
330.0,0,13,2026-10-31,2026-09-25
340.0,0,20,2026-10-31,2026-09-25
350.0,6,18,2026-10-31,2026-09-25
360.0,0,56,2026-10-31,2026-09-25
370.0,26,37,2026-10-31,2026-09-25
380.0,0,20,2026-10-31,2026-09-25
390.0,0,22,2026-10-31,2026-09-25
400.0,0,27,2026-10-31,2026-09-25
410.0,0,4,2026-10-31,2026-09-25
420.0,3,11,2026-10-31,2026-09-25
430.0,10,3,2026-10-31,2026-09-25
440.0,0,4,2026-10-31,2026-09-25
450.0,0,9,2026-10-31,2026-09-25
460.0,38,9,2026-10-31,2026-09-25
470.0,0,0,2026-10-31,2026-09-25
480.0,0,4,2026-10-31,2026-09-25
490.0,0,2,2026-10-31,2026-09-25
500.0,1,6,2026-10-31,2026-09-25
510.0,1,31,2026-10-31,2026-09-25
520.0,1,31,2026-10-31,2026-09-25
530.0,1,20,2026-10-31,2026-09-25
540.0,0,8,2026-10-31,2026-09-25
550.0,0,11,2026-10-31,2026-09-25
560.0,2,8,2026-10-31,2026-09-25
570.0,0,5,2026-10-31,2026-09-25
580.0,0,7,2026-10-31,2026-09-25
590.0,0,11,2026-10-31,2026-09-25
600.0,1,397,2026-10-31,2026-09-25
610.0,0,12,2026-10-31,2026-09-25
620.0,0,30,2026-10-31,2026-09-25
630.0,0,15,2026-10-31,2026-09-25
640.0,1,4,2026-10-31,2026-09-25
650.0,3,86,2026-10-31,2026-09-25
660.0,2,23,2026-10-31,2026-09-25
670.0,0,22,2026-10-31,2026-09-25
680.0,1,21,2026-10-31,2026-09-25
690.0,1,9,2026-10-31,2026-09-25
700.0,87,216,2026-10-31,2026-09-25
710.0,4,47,2026-10-31,2026-09-25
720.0,3,165,2026-10-31,2026-09-25
730.0,23,86,2026-10-31,2026-09-25
740.0,1,30,2026-10-31,2026-09-25
750.0,100,136,2026-10-31,2026-09-25
760.0,1,70,2026-10-31,2026-09-25
770.0,47,242,2026-10-31,2026-09-25
780.0,9,100,2026-10-31,2026-09-25
790.0,1,52,2026-10-31,2026-09-25
795.0,3,40,2026-10-31,2026-09-25
800.0,63,309,2026-10-31,2026-09-25
805.0,0,95,2026-10-31,2026-09-25
810.0,10,47,2026-10-31,2026-09-25
815.0,19,49,2026-10-31,2026-09-25
820.0,4,35,2026-10-31,2026-09-25
825.0,103,57,2026-10-31,2026-09-25
830.0,12,89,2026-10-31,2026-09-25
835.0,2,65,2026-10-31,2026-09-25
840.0,2,125,2026-10-31,2026-09-25
845.0,3,59,2026-10-31,2026-09-25
850.0,16,850,2026-10-31,2026-09-25
855.0,1,44,2026-10-31,2026-09-25
860.0,12,109,2026-10-31,2026-09-25
865.0,45,425,2026-10-31,2026-09-25
870.0,32,82,2026-10-31,2026-09-25
875.0,1,39,2026-10-31,2026-09-25
880.0,78,99,2026-10-31,2026-09-25
885.0,5,65,2026-10-31,2026-09-25
890.0,63,136,2026-10-31,2026-09-25
895.0,3,93,2026-10-31,2026-09-25
900.0,350,670,2026-10-31,2026-09-25
905.0,422,48,2026-10-31,2026-09-25
910.0,252,98,2026-10-31,2026-09-25
915.0,18,160,2026-10-31,2026-09-25
920.0,88,247,2026-10-31,2026-09-25
925.0,95,69,2026-10-31,2026-09-25
930.0,32,131,2026-10-31,2026-09-25
935.0,13,28,2026-10-31,2026-09-25
940.0,128,45,2026-10-31,2026-09-25
945.0,36,24,2026-10-31,2026-09-25
950.0,283,146,2026-10-31,2026-09-25
955.0,41,70,2026-10-31,2026-09-25
960.0,22,45,2026-10-31,2026-09-25
965.0,13,25,2026-10-31,2026-09-25
970.0,51,53,2026-10-31,2026-09-25
975.0,35,149,2026-10-31,2026-09-25
980.0,63,182,2026-10-31,2026-09-25
985.0,70,79,2026-10-31,2026-09-25
990.0,86,43,2026-10-31,2026-09-25
995.0,63,72,2026-10-31,2026-09-25
1000.0,390,186,2026-10-31,2026-09-25
1005.0,65,21,2026-10-31,2026-09-25
1010.0,34,22,2026-10-31,2026-09-25
1015.0,22,10,2026-10-31,2026-09-25
1020.0,124,38,2026-10-31,2026-09-25
1025.0,218,29,2026-10-31,2026-09-25
1030.0,111,16,2026-10-31,2026-09-25
1035.0,49,41,2026-10-31,2026-09-25
1040.0,58,39,2026-10-31,2026-09-25
1045.0,54,177,2026-10-31,2026-09-25
1050.0,600,600,2026-10-31,2026-09-25
1050.0,233,56,2026-10-31,2026-09-25
1055.0,37,65,2026-10-31,2026-09-25
1060.0,63,26,2026-10-31,2026-09-25
1065.0,32,40,2026-10-31,2026-09-25
1070.0,136,45,2026-10-31,2026-09-25
1075.0,161,47,2026-10-31,2026-09-25
1080.0,92,45,2026-10-31,2026-09-25
1085.0,57,25,2026-10-31,2026-09-25
1090.0,133,37,2026-10-31,2026-09-25
1095.0,64,75,2026-10-31,2026-09-25
1100.0,711,322,2026-10-31,2026-09-25
1105.0,22,1,2026-10-31,2026-09-25
1110.0,146,26,2026-10-31,2026-09-25
1115.0,28,44,2026-10-31,2026-09-25
1120.0,118,4,2026-10-31,2026-09-25
1125.0,82,2,2026-10-31,2026-09-25
1130.0,174,18,2026-10-31,2026-09-25
1135.0,20,1,2026-10-31,2026-09-25
1140.0,5,0,2026-10-31,2026-09-25
1140.0,124,1,2026-10-31,2026-09-25
1145.0,5,0,2026-10-31,2026-09-25
1150.0,217,18,2026-10-31,2026-09-25
1160.0,50,2,2026-10-31,2026-09-25
1170.0,127,2,2026-10-31,2026-09-25
1180.0,32,0,2026-10-31,2026-09-25
1190.0,121,0,2026-10-31,2026-09-25
1200.0,405,7,2026-10-31,2026-09-25
1210.0,48,3,2026-10-31,2026-09-25
1220.0,45,1,2026-10-31,2026-09-25
1230.0,59,1,2026-10-31,2026-09-25
1240.0,33,1,2026-10-31,2026-09-25
1250.0,244,3,2026-10-31,2026-09-25
1260.0,76,0,2026-10-31,2026-09-25
1270.0,93,1,2026-10-31,2026-09-25
1280.0,122,0,2026-10-31,2026-09-25
1290.0,50,1,2026-10-31,2026-09-25
1300.0,363,1,2026-10-31,2026-09-25
1310.0,16,0,2026-10-31,2026-09-25
1320.0,61,0,2026-10-31,2026-09-25
1330.0,44,0,2026-10-31,2026-09-25
1340.0,34,2,2026-10-31,2026-09-25
1350.0,84,1,2026-10-31,2026-09-25
1360.0,148,0,2026-10-31,2026-09-25
1370.0,42,0,2026-10-31,2026-09-25
1380.0,115,0,2026-10-31,2026-09-25
1390.0,15,0,2026-10-31,2026-09-25
1400.0,318,0,2026-10-31,2026-09-25
1410.0,14,0,2026-10-31,2026-09-25
1420.0,32,1,2026-10-31,2026-09-25
1430.0,8,0,2026-10-31,2026-09-25
1440.0,32,0,2026-10-31,2026-09-25
1450.0,39,0,2026-10-31,2026-09-25
1460.0,22,0,2026-10-31,2026-09-25
1470.0,12,3,2026-10-31,2026-09-25
1480.0,7,2,2026-10-31,2026-09-25
1490.0,3,0,2026-10-31,2026-09-25
1500.0,895,0,2026-10-31,2026-09-25
1510.0,76,0,2026-10-31,2026-09-25
1520.0,3,0,2026-10-31,2026-09-25
1530.0,30,0,2026-10-31,2026-09-25
1540.0,0,0,2026-10-31,2026-09-25
1550.0,27,0,2026-10-31,2026-09-25
1560.0,2,0,2026-10-31,2026-09-25
1570.0,1,0,2026-10-31,2026-09-25
1580.0,5,0,2026-10-31,2026-09-25
1590.0,12,0,2026-10-31,2026-09-25
1600.0,37,0,2026-10-31,2026-09-25
1610.0,37,0,2026-10-31,2026-09-25
1620.0,8,0,2026-10-31,2026-09-25
1630.0,2,0,2026-10-31,2026-09-25
1640.0,2,0,2026-10-31,2026-09-25
1650.0,5,0,2026-10-31,2026-09-25
1660.0,1,0,2026-10-31,2026-09-25
1670.0,2,0,2026-10-31,2026-09-25
1680.0,7,0,2026-10-31,2026-09-25
1690.0,1,0,2026-10-31,2026-09-25
1700.0,89,0,2026-10-31,2026-09-25
1710.0,14,0,2026-10-31,2026-09-25
1720.0,9,0,2026-10-31,2026-09-25
1730.0,277,0,2026-10-31,2026-09-25
1250.0,29,0,2026-11-05,2026-09-25
1340.0,9,0,2026-11-05,2026-09-25
1005.0,0,28,2026-11-07,2026-09-25
1010.0,4,85,2026-11-07,2026-09-25
1015.0,20,1,2026-11-07,2026-09-25
1020.0,2,1,2026-11-07,2026-09-25
1025.0,0,2,2026-11-07,2026-09-25
1030.0,0,0,2026-11-07,2026-09-25
1035.0,0,1,2026-11-07,2026-09-25
1040.0,0,3,2026-11-07,2026-09-25
1045.0,0,30,2026-11-07,2026-09-25
1050.0,7,83,2026-11-07,2026-09-25
1055.0,1,0,2026-11-07,2026-09-25
1060.0,1,0,2026-11-07,2026-09-25
1065.0,10,0,2026-11-07,2026-09-25
1070.0,3,4,2026-11-07,2026-09-25
1075.0,45,6,2026-11-07,2026-09-25
1080.0,1,1,2026-11-07,2026-09-25
1085.0,12,25,2026-11-07,2026-09-25
1090.0,0,0,2026-11-07,2026-09-25
1095.0,1,0,2026-11-07,2026-09-25
1100.0,300,300,2026-11-07,2026-09-25
1100.0,2,0,2026-11-07,2026-09-25
1105.0,0,0,2026-11-07,2026-09-25
1110.0,0,1,2026-11-07,2026-09-25
1115.0,5,0,2026-11-07,2026-09-25
1120.0,12,0,2026-11-07,2026-09-25
1125.0,16,1,2026-11-07,2026-09-25
1130.0,42,0,2026-11-07,2026-09-25
1135.0,2,0,2026-11-07,2026-09-25
1140.0,1,0,2026-11-07,2026-09-25
1145.0,29,0,2026-11-07,2026-09-25
1100.0,550,550,2026-11-14,2026-09-25
5.0,1,87,2026-11-21,2026-09-25
10.0,0,49,2026-11-21,2026-09-25
15.0,0,644,2026-11-21,2026-09-25
20.0,1,165,2026-11-21,2026-09-25
25.0,0,141,2026-11-21,2026-09-25
30.0,1,52,2026-11-21,2026-09-25
35.0,9,815,2026-11-21,2026-09-25
40.0,4,47,2026-11-21,2026-09-25
45.0,2,88,2026-11-21,2026-09-25
50.0,5,52,2026-11-21,2026-09-25
55.0,8,194,2026-11-21,2026-09-25
60.0,12,285,2026-11-21,2026-09-25
65.0,3,560,2026-11-21,2026-09-25
70.0,1,895,2026-11-21,2026-09-25
75.0,11,52,2026-11-21,2026-09-25
80.0,4,56,2026-11-21,2026-09-25
85.0,1,36,2026-11-21,2026-09-25
90.0,12,158,2026-11-21,2026-09-25
95.0,5,724,2026-11-21,2026-09-25
100.0,40,982,2026-11-21,2026-09-25
105.0,2,170,2026-11-21,2026-09-25
110.0,48,381,2026-11-21,2026-09-25
115.0,5,185,2026-11-21,2026-09-25
120.0,17,96,2026-11-21,2026-09-25
125.0,3,467,2026-11-21,2026-09-25
130.0,24,140,2026-11-21,2026-09-25
135.0,10,4120,2026-11-21,2026-09-25
140.0,18,53,2026-11-21,2026-09-25
145.0,3,221,2026-11-21,2026-09-25
150.0,3,685,2026-11-21,2026-09-25
155.0,19,121,2026-11-21,2026-09-25
160.0,28,241,2026-11-21,2026-09-25
165.0,28,87,2026-11-21,2026-09-25
170.0,9,92,2026-11-21,2026-09-25
175.0,19,234,2026-11-21,2026-09-25
180.0,24,133,2026-11-21,2026-09-25
185.0,9,148,2026-11-21,2026-09-25
190.0,6,305,2026-11-21,2026-09-25
195.0,116,2734,2026-11-21,2026-09-25
200.0,75,1893,2026-11-21,2026-09-25
210.0,39,201,2026-11-21,2026-09-25
220.0,36,416,2026-11-21,2026-09-25
230.0,79,1702,2026-11-21,2026-09-25
240.0,15,760,2026-11-21,2026-09-25
250.0,100,1094,2026-11-21,2026-09-25
260.0,142,1563,2026-11-21,2026-09-25
270.0,33,567,2026-11-21,2026-09-25
280.0,211,1273,2026-11-21,2026-09-25
290.0,47,1785,2026-11-21,2026-09-25
300.0,201,1937,2026-11-21,2026-09-25
310.0,13,403,2026-11-21,2026-09-25
320.0,88,569,2026-11-21,2026-09-25
330.0,200,678,2026-11-21,2026-09-25
340.0,445,227,2026-11-21,2026-09-25
350.0,160,2872,2026-11-21,2026-09-25
360.0,109,3424,2026-11-21,2026-09-25
370.0,85,750,2026-11-21,2026-09-25
380.0,769,6382,2026-11-21,2026-09-25
390.0,193,448,2026-11-21,2026-09-25
400.0,385,1672,2026-11-21,2026-09-25
410.0,204,537,2026-11-21,2026-09-25
420.0,485,905,2026-11-21,2026-09-25
430.0,809,1033,2026-11-21,2026-09-25
440.0,1204,652,2026-11-21,2026-09-25
450.0,786,1155,2026-11-21,2026-09-25
460.0,385,904,2026-11-21,2026-09-25
470.0,213,277,2026-11-21,2026-09-25
480.0,290,462,2026-11-21,2026-09-25
490.0,324,623,2026-11-21,2026-09-25
500.0,1112,3273,2026-11-21,2026-09-25
510.0,174,208,2026-11-21,2026-09-25
520.0,219,967,2026-11-21,2026-09-25
530.0,307,485,2026-11-21,2026-09-25
540.0,296,1474,2026-11-21,2026-09-25
550.0,231,1587,2026-11-21,2026-09-25
560.0,218,270,2026-11-21,2026-09-25
570.0,1205,3651,2026-11-21,2026-09-25
580.0,117,1136,2026-11-21,2026-09-25
590.0,369,657,2026-11-21,2026-09-25
600.0,511,3941,2026-11-21,2026-09-25
610.0,159,1010,2026-11-21,2026-09-25
620.0,369,2536,2026-11-21,2026-09-25
630.0,192,1100,2026-11-21,2026-09-25
640.0,302,912,2026-11-21,2026-09-25
650.0,745,1989,2026-11-21,2026-09-25
660.0,310,1128,2026-11-21,2026-09-25
670.0,276,794,2026-11-21,2026-09-25
680.0,152,789,2026-11-21,2026-09-25
690.0,2,22,2026-11-21,2026-09-25
700.0,989,2781,2026-11-21,2026-09-25
710.0,227,278,2026-11-21,2026-09-25
720.0,236,546,2026-11-21,2026-09-25
730.0,378,473,2026-11-21,2026-09-25
740.0,340,1844,2026-11-21,2026-09-25
750.0,430,2921,2026-11-21,2026-09-25
760.0,476,803,2026-11-21,2026-09-25
770.0,340,405,2026-11-21,2026-09-25
780.0,307,1288,2026-11-21,2026-09-25
790.0,277,477,2026-11-21,2026-09-25
800.0,1818,3596,2026-11-21,2026-09-25
810.0,728,699,2026-11-21,2026-09-25
820.0,758,1052,2026-11-21,2026-09-25
830.0,557,571,2026-11-21,2026-09-25
840.0,462,726,2026-11-21,2026-09-25
850.0,679,1487,2026-11-21,2026-09-25
860.0,351,888,2026-11-21,2026-09-25
870.0,364,801,2026-11-21,2026-09-25
880.0,532,899,2026-11-21,2026-09-25
890.0,227,544,2026-11-21,2026-09-25
900.0,2185,2549,2026-11-21,2026-09-25
910.0,7099,1216,2026-11-21,2026-09-25
920.0,663,1582,2026-11-21,2026-09-25
930.0,501,1262,2026-11-21,2026-09-25
940.0,650,650,2026-11-21,2026-09-25
940.0,332,540,2026-11-21,2026-09-25
950.0,971,1487,2026-11-21,2026-09-25
960.0,391,422,2026-11-21,2026-09-25
970.0,415,472,2026-11-21,2026-09-25
980.0,372,770,2026-11-21,2026-09-25
990.0,306,486,2026-11-21,2026-09-25
1000.0,1000,1000,2026-11-21,2026-09-25
1000.0,2963,1424,2026-11-21,2026-09-25
1010.0,816,323,2026-11-21,2026-09-25
1020.0,684,332,2026-11-21,2026-09-25
1030.0,587,348,2026-11-21,2026-09-25
1040.0,462,306,2026-11-21,2026-09-25
1050.0,8541,340,2026-11-21,2026-09-25
1060.0,485,238,2026-11-21,2026-09-25
1070.0,400,400,2026-11-21,2026-09-25
1070.0,476,291,2026-11-21,2026-09-25
1080.0,638,155,2026-11-21,2026-09-25
1090.0,418,286,2026-11-21,2026-09-25
1100.0,800,800,2026-11-21,2026-09-25
1100.0,2960,512,2026-11-21,2026-09-25
1110.0,481,105,2026-11-21,2026-09-25
1120.0,989,82,2026-11-21,2026-09-25
1130.0,220,116,2026-11-21,2026-09-25
1140.0,699,72,2026-11-21,2026-09-25
1150.0,877,257,2026-11-21,2026-09-25
1160.0,468,85,2026-11-21,2026-09-25
1170.0,448,35,2026-11-21,2026-09-25
1180.0,433,24,2026-11-21,2026-09-25
1190.0,1145,42,2026-11-21,2026-09-25
1200.0,2472,216,2026-11-21,2026-09-25
1210.0,896,118,2026-11-21,2026-09-25
1220.0,306,41,2026-11-21,2026-09-25
1230.0,435,42,2026-11-21,2026-09-25
1240.0,269,17,2026-11-21,2026-09-25
1250.0,2339,47,2026-11-21,2026-09-25
1260.0,367,57,2026-11-21,2026-09-25
1270.0,414,58,2026-11-21,2026-09-25
1280.0,351,84,2026-11-21,2026-09-25
1290.0,447,43,2026-11-21,2026-09-25
1300.0,3599,1102,2026-11-21,2026-09-25
1310.0,617,55,2026-11-21,2026-09-25
1320.0,327,40,2026-11-21,2026-09-25
1330.0,494,50,2026-11-21,2026-09-25
1340.0,268,63,2026-11-21,2026-09-25
1350.0,8226,18,2026-11-21,2026-09-25
1360.0,239,60,2026-11-21,2026-09-25
1370.0,180,50,2026-11-21,2026-09-25
1380.0,456,33,2026-11-21,2026-09-25
1390.0,116,7,2026-11-21,2026-09-25
1400.0,1048,8,2026-11-21,2026-09-25
1410.0,364,15,2026-11-21,2026-09-25
1420.0,257,3,2026-11-21,2026-09-25
1430.0,87,302,2026-11-21,2026-09-25
1440.0,269,13,2026-11-21,2026-09-25
1450.0,397,7,2026-11-21,2026-09-25
1460.0,131,2,2026-11-21,2026-09-25
1470.0,347,12,2026-11-21,2026-09-25
1480.0,473,10,2026-11-21,2026-09-25
1490.0,256,2,2026-11-21,2026-09-25
1500.0,2142,133,2026-11-21,2026-09-25
1510.0,499,2,2026-11-21,2026-09-25
1520.0,942,21,2026-11-21,2026-09-25
1530.0,813,1,2026-11-21,2026-09-25
1540.0,265,14,2026-11-21,2026-09-25
1550.0,268,16,2026-11-21,2026-09-25
1560.0,334,5,2026-11-21,2026-09-25
1570.0,150,0,2026-11-21,2026-09-25
1580.0,94,10,2026-11-21,2026-09-25
1590.0,489,2,2026-11-21,2026-09-25
1600.0,873,13,2026-11-21,2026-09-25
1610.0,427,6,2026-11-21,2026-09-25
1620.0,130,0,2026-11-21,2026-09-25
1630.0,428,0,2026-11-21,2026-09-25
1640.0,84,3,2026-11-21,2026-09-25
1650.0,233,5,2026-11-21,2026-09-25
1660.0,61,0,2026-11-21,2026-09-25
1670.0,126,0,2026-11-21,2026-09-25
1680.0,165,0,2026-11-21,2026-09-25
1690.0,171,0,2026-11-21,2026-09-25
1700.0,332,66,2026-11-21,2026-09-25
1710.0,163,0,2026-11-21,2026-09-25
1720.0,243,0,2026-11-21,2026-09-25
1730.0,132,0,2026-11-21,2026-09-25
1740.0,247,0,2026-11-21,2026-09-25
1750.0,216,0,2026-11-21,2026-09-25
1760.0,79,0,2026-11-21,2026-09-25
1770.0,186,0,2026-11-21,2026-09-25
1780.0,212,0,2026-11-21,2026-09-25
1790.0,198,0,2026-11-21,2026-09-25
1800.0,2077,0,2026-11-21,2026-09-25
1810.0,89,0,2026-11-21,2026-09-25
1820.0,589,0,2026-11-21,2026-09-25
1830.0,352,0,2026-11-21,2026-09-25
1840.0,356,0,2026-11-21,2026-09-25
1850.0,416,0,2026-11-21,2026-09-25
1860.0,168,0,2026-11-21,2026-09-25
1870.0,202,0,2026-11-21,2026-09-25
1880.0,596,0,2026-11-21,2026-09-25
1890.0,198,0,2026-11-21,2026-09-25
1900.0,319,0,2026-11-21,2026-09-25
1910.0,725,0,2026-11-21,2026-09-25
1920.0,158,0,2026-11-21,2026-09-25
1930.0,236,0,2026-11-21,2026-09-25
1940.0,172,0,2026-11-21,2026-09-25
1950.0,262,0,2026-11-21,2026-09-25
1960.0,343,0,2026-11-21,2026-09-25
1970.0,216,0,2026-11-21,2026-09-25
1980.0,57,0,2026-11-21,2026-09-25
1990.0,172,0,2026-11-21,2026-09-25
2000.0,867,0,2026-11-21,2026-09-25
2010.0,172,0,2026-11-21,2026-09-25
2020.0,225,0,2026-11-21,2026-09-25
2030.0,303,0,2026-11-21,2026-09-25
2040.0,231,0,2026-11-21,2026-09-25
2050.0,185,0,2026-11-21,2026-09-25
2060.0,235,0,2026-11-21,2026-09-25
2070.0,245,0,2026-11-21,2026-09-25
2080.0,147,0,2026-11-21,2026-09-25
2090.0,126,0,2026-11-21,2026-09-25
2100.0,313,0,2026-11-21,2026-09-25
2110.0,366,0,2026-11-21,2026-09-25
2120.0,148,0,2026-11-21,2026-09-25
2130.0,154,0,2026-11-21,2026-09-25
2140.0,451,0,2026-11-21,2026-09-25
2150.0,265,0,2026-11-21,2026-09-25
2160.0,56,0,2026-11-21,2026-09-25
2170.0,253,0,2026-11-21,2026-09-25
2180.0,177,0,2026-11-21,2026-09-25
2190.0,147,0,2026-11-21,2026-09-25
2200.0,63,0,2026-11-21,2026-09-25
2210.0,11,0,2026-11-21,2026-09-25
2220.0,39,0,2026-11-21,2026-09-25
2230.0,124,0,2026-11-21,2026-09-25
2240.0,64,0,2026-11-21,2026-09-25
2250.0,49,0,2026-11-21,2026-09-25
2260.0,77,0,2026-11-21,2026-09-25
2270.0,93,0,2026-11-21,2026-09-25
2280.0,143,0,2026-11-21,2026-09-25
2290.0,812,0,2026-11-21,2026-09-25
2300.0,97,0,2026-11-21,2026-09-25
2310.0,43,0,2026-11-21,2026-09-25
2320.0,21,0,2026-11-21,2026-09-25
2330.0,34,0,2026-11-21,2026-09-25
2340.0,51,0,2026-11-21,2026-09-25
2350.0,104,0,2026-11-21,2026-09-25
2360.0,21,0,2026-11-21,2026-09-25
2370.0,135,0,2026-11-21,2026-09-25
2380.0,44,0,2026-11-21,2026-09-25
2390.0,207,0,2026-11-21,2026-09-25
2400.0,101,0,2026-11-21,2026-09-25
2410.0,196,0,2026-11-21,2026-09-25
2420.0,187,0,2026-11-21,2026-09-25
2440.0,144,0,2026-11-21,2026-09-25
2460.0,102,0,2026-11-21,2026-09-25
2480.0,424,0,2026-11-21,2026-09-25
2500.0,1421,0,2026-11-21,2026-09-25
5.0,20,75,2026-12-19,2026-09-25
10.0,21,141,2026-12-19,2026-09-25
15.0,31,99,2026-12-19,2026-09-25
20.0,10,27,2026-12-19,2026-09-25
25.0,38,37,2026-12-19,2026-09-25
30.0,0,4531,2026-12-19,2026-09-25
35.0,36,3356,2026-12-19,2026-09-25
40.0,42,1247,2026-12-19,2026-09-25
45.0,94,3016,2026-12-19,2026-09-25
47.5,162,2278,2026-12-19,2026-09-25
50.0,238,1149,2026-12-19,2026-09-25
55.0,102,3872,2026-12-19,2026-09-25
60.0,88,4317,2026-12-19,2026-09-25
65.0,157,1277,2026-12-19,2026-09-25
70.0,270,4342,2026-12-19,2026-09-25
75.0,265,3373,2026-12-19,2026-09-25
80.0,314,4321,2026-12-19,2026-09-25
85.0,470,5146,2026-12-19,2026-09-25
87.5,185,2919,2026-12-19,2026-09-25
90.0,1011,4006,2026-12-19,2026-09-25
92.5,153,362,2026-12-19,2026-09-25
95.0,618,1216,2026-12-19,2026-09-25
97.5,163,165,2026-12-19,2026-09-25
100.0,781,2664,2026-12-19,2026-09-25
105.0,395,1055,2026-12-19,2026-09-25
110.0,922,1224,2026-12-19,2026-09-25
115.0,89,1215,2026-12-19,2026-09-25
120.0,423,1095,2026-12-19,2026-09-25
125.0,501,1981,2026-12-19,2026-09-25
130.0,426,1340,2026-12-19,2026-09-25
135.0,177,414,2026-12-19,2026-09-25
140.0,1238,928,2026-12-19,2026-09-25
145.0,249,250,2026-12-19,2026-09-25
150.0,504,1262,2026-12-19,2026-09-25
155.0,192,316,2026-12-19,2026-09-25
160.0,675,1123,2026-12-19,2026-09-25
165.0,860,450,2026-12-19,2026-09-25
170.0,434,821,2026-12-19,2026-09-25
175.0,338,359,2026-12-19,2026-09-25
180.0,750,779,2026-12-19,2026-09-25
185.0,167,342,2026-12-19,2026-09-25
190.0,874,1460,2026-12-19,2026-09-25
195.0,135,1042,2026-12-19,2026-09-25
200.0,0,0,2026-12-19,2026-09-25
200.0,1416,2256,2026-12-19,2026-09-25
210.0,734,2689,2026-12-19,2026-09-25
220.0,2072,1890,2026-12-19,2026-09-25
230.0,600,979,2026-12-19,2026-09-25
240.0,898,1610,2026-12-19,2026-09-25
250.0,1042,2252,2026-12-19,2026-09-25
260.0,526,524,2026-12-19,2026-09-25
270.0,531,1798,2026-12-19,2026-09-25
280.0,2158,3262,2026-12-19,2026-09-25
290.0,250,1611,2026-12-19,2026-09-25
300.0,1264,2941,2026-12-19,2026-09-25
310.0,447,2702,2026-12-19,2026-09-25
320.0,402,428,2026-12-19,2026-09-25
330.0,998,781,2026-12-19,2026-09-25
340.0,1449,746,2026-12-19,2026-09-25
350.0,654,2397,2026-12-19,2026-09-25
360.0,485,10933,2026-12-19,2026-09-25
370.0,199,3484,2026-12-19,2026-09-25
380.0,794,6660,2026-12-19,2026-09-25
390.0,487,2269,2026-12-19,2026-09-25
400.0,830,5457,2026-12-19,2026-09-25
410.0,368,1128,2026-12-19,2026-09-25
420.0,1471,4002,2026-12-19,2026-09-25
430.0,203,614,2026-12-19,2026-09-25
440.0,247,1116,2026-12-19,2026-09-25
450.0,1235,2622,2026-12-19,2026-09-25
460.0,711,431,2026-12-19,2026-09-25
470.0,450,659,2026-12-19,2026-09-25
480.0,783,1388,2026-12-19,2026-09-25
490.0,577,3508,2026-12-19,2026-09-25
500.0,1474,5140,2026-12-19,2026-09-25
510.0,716,421,2026-12-19,2026-09-25
520.0,857,1872,2026-12-19,2026-09-25
530.0,204,1250,2026-12-19,2026-09-25
540.0,290,2898,2026-12-19,2026-09-25
550.0,649,4212,2026-12-19,2026-09-25
560.0,169,697,2026-12-19,2026-09-25
570.0,579,368,2026-12-19,2026-09-25
580.0,2975,3787,2026-12-19,2026-09-25
590.0,349,461,2026-12-19,2026-09-25
600.0,1390,5144,2026-12-19,2026-09-25
610.0,424,873,2026-12-19,2026-09-25
620.0,913,939,2026-12-19,2026-09-25
630.0,201,628,2026-12-19,2026-09-25
640.0,357,1393,2026-12-19,2026-09-25
650.0,723,3152,2026-12-19,2026-09-25
660.0,316,884,2026-12-19,2026-09-25
670.0,337,498,2026-12-19,2026-09-25
680.0,391,521,2026-12-19,2026-09-25
690.0,394,401,2026-12-19,2026-09-25
700.0,4447,3775,2026-12-19,2026-09-25
710.0,548,1174,2026-12-19,2026-09-25
720.0,324,583,2026-12-19,2026-09-25
730.0,278,634,2026-12-19,2026-09-25
740.0,912,542,2026-12-19,2026-09-25
750.0,524,2876,2026-12-19,2026-09-25
760.0,288,1267,2026-12-19,2026-09-25
770.0,435,511,2026-12-19,2026-09-25
780.0,637,514,2026-12-19,2026-09-25
790.0,241,816,2026-12-19,2026-09-25
800.0,3836,4885,2026-12-19,2026-09-25
810.0,597,752,2026-12-19,2026-09-25
820.0,414,1404,2026-12-19,2026-09-25
830.0,693,644,2026-12-19,2026-09-25
840.0,833,1087,2026-12-19,2026-09-25
850.0,1155,1911,2026-12-19,2026-09-25
860.0,656,717,2026-12-19,2026-09-25
870.0,404,931,2026-12-19,2026-09-25
880.0,659,1172,2026-12-19,2026-09-25
890.0,625,681,2026-12-19,2026-09-25
900.0,2394,2651,2026-12-19,2026-09-25
910.0,1272,716,2026-12-19,2026-09-25
920.0,1627,727,2026-12-19,2026-09-25
930.0,138,138,2026-12-19,2026-09-25
930.0,627,1555,2026-12-19,2026-09-25
940.0,449,761,2026-12-19,2026-09-25
950.0,1163,1412,2026-12-19,2026-09-25
960.0,475,813,2026-12-19,2026-09-25
970.0,547,1190,2026-12-19,2026-09-25
980.0,542,867,2026-12-19,2026-09-25
990.0,335,592,2026-12-19,2026-09-25
1000.0,2705,1328,2026-12-19,2026-09-25
1010.0,534,359,2026-12-19,2026-09-25
1020.0,777,179,2026-12-19,2026-09-25
1030.0,436,205,2026-12-19,2026-09-25
1040.0,311,137,2026-12-19,2026-09-25
1050.0,1324,286,2026-12-19,2026-09-25
1060.0,652,196,2026-12-19,2026-09-25
1070.0,451,224,2026-12-19,2026-09-25
1080.0,429,238,2026-12-19,2026-09-25
1090.0,306,252,2026-12-19,2026-09-25
1100.0,2579,493,2026-12-19,2026-09-25
1110.0,768,172,2026-12-19,2026-09-25
1120.0,431,121,2026-12-19,2026-09-25
1130.0,520,72,2026-12-19,2026-09-25
1140.0,415,99,2026-12-19,2026-09-25
1150.0,913,502,2026-12-19,2026-09-25
1160.0,300,67,2026-12-19,2026-09-25
1170.0,492,75,2026-12-19,2026-09-25
1180.0,639,162,2026-12-19,2026-09-25
1190.0,195,264,2026-12-19,2026-09-25
1200.0,3490,912,2026-12-19,2026-09-25
1210.0,402,38,2026-12-19,2026-09-25
1220.0,650,46,2026-12-19,2026-09-25
1230.0,286,16,2026-12-19,2026-09-25
1240.0,340,13,2026-12-19,2026-09-25
1250.0,1228,151,2026-12-19,2026-09-25
1260.0,729,22,2026-12-19,2026-09-25
1270.0,626,120,2026-12-19,2026-09-25
1280.0,263,84,2026-12-19,2026-09-25
1290.0,337,75,2026-12-19,2026-09-25
1300.0,2371,102,2026-12-19,2026-09-25
1310.0,470,9,2026-12-19,2026-09-25
1320.0,699,115,2026-12-19,2026-09-25
1330.0,1153,57,2026-12-19,2026-09-25
1340.0,640,113,2026-12-19,2026-09-25
1350.0,750,111,2026-12-19,2026-09-25
1360.0,555,68,2026-12-19,2026-09-25
1370.0,677,9,2026-12-19,2026-09-25
1380.0,378,24,2026-12-19,2026-09-25
1390.0,496,27,2026-12-19,2026-09-25
1400.0,2164,100,2026-12-19,2026-09-25
1410.0,223,6,2026-12-19,2026-09-25
1420.0,636,15,2026-12-19,2026-09-25
1430.0,136,9,2026-12-19,2026-09-25
1440.0,274,11,2026-12-19,2026-09-25
1450.0,633,7,2026-12-19,2026-09-25
1460.0,598,6,2026-12-19,2026-09-25
1470.0,186,6,2026-12-19,2026-09-25
1480.0,425,5,2026-12-19,2026-09-25
1490.0,225,32,2026-12-19,2026-09-25
1500.0,1854,72,2026-12-19,2026-09-25
1510.0,465,13,2026-12-19,2026-09-25
1520.0,472,1,2026-12-19,2026-09-25
1530.0,284,68,2026-12-19,2026-09-25
1540.0,649,2,2026-12-19,2026-09-25
1550.0,621,70,2026-12-19,2026-09-25
1560.0,245,7,2026-12-19,2026-09-25
1570.0,330,0,2026-12-19,2026-09-25
1580.0,215,1,2026-12-19,2026-09-25
1590.0,195,0,2026-12-19,2026-09-25
1600.0,1717,19,2026-12-19,2026-09-25
1610.0,1008,17,2026-12-19,2026-09-25
1620.0,642,72,2026-12-19,2026-09-25
1630.0,613,11,2026-12-19,2026-09-25
1640.0,181,41,2026-12-19,2026-09-25
1650.0,218,0,2026-12-19,2026-09-25
1660.0,200,5,2026-12-19,2026-09-25
1670.0,207,0,2026-12-19,2026-09-25
1680.0,236,3,2026-12-19,2026-09-25
1690.0,200,1,2026-12-19,2026-09-25
1700.0,426,5,2026-12-19,2026-09-25
1710.0,222,2,2026-12-19,2026-09-25
1720.0,57,1,2026-12-19,2026-09-25
1730.0,244,0,2026-12-19,2026-09-25
1740.0,180,0,2026-12-19,2026-09-25
1750.0,409,2,2026-12-19,2026-09-25
1760.0,187,0,2026-12-19,2026-09-25
1770.0,219,0,2026-12-19,2026-09-25
1780.0,99,0,2026-12-19,2026-09-25
1790.0,241,0,2026-12-19,2026-09-25
1800.0,612,2,2026-12-19,2026-09-25
1810.0,283,0,2026-12-19,2026-09-25
1820.0,968,2,2026-12-19,2026-09-25
1830.0,1252,0,2026-12-19,2026-09-25
1840.0,287,0,2026-12-19,2026-09-25
1850.0,84,0,2026-12-19,2026-09-25
1860.0,463,0,2026-12-19,2026-09-25
1870.0,291,0,2026-12-19,2026-09-25
1880.0,269,0,2026-12-19,2026-09-25
1890.0,194,0,2026-12-19,2026-09-25
1900.0,527,0,2026-12-19,2026-09-25
1910.0,413,0,2026-12-19,2026-09-25
1920.0,261,0,2026-12-19,2026-09-25
1930.0,657,0,2026-12-19,2026-09-25
1940.0,483,0,2026-12-19,2026-09-25
1950.0,284,0,2026-12-19,2026-09-25
1960.0,249,0,2026-12-19,2026-09-25
1970.0,577,0,2026-12-19,2026-09-25
1980.0,309,0,2026-12-19,2026-09-25
1990.0,255,0,2026-12-19,2026-09-25
2000.0,1374,0,2026-12-19,2026-09-25
2010.0,106,0,2026-12-19,2026-09-25
2020.0,173,0,2026-12-19,2026-09-25
2030.0,146,0,2026-12-19,2026-09-25
2040.0,218,0,2026-12-19,2026-09-25
2050.0,91,0,2026-12-19,2026-09-25
2060.0,66,0,2026-12-19,2026-09-25
2070.0,317,0,2026-12-19,2026-09-25
2080.0,151,0,2026-12-19,2026-09-25
2090.0,367,0,2026-12-19,2026-09-25
2100.0,613,0,2026-12-19,2026-09-25
2110.0,208,0,2026-12-19,2026-09-25
2120.0,218,0,2026-12-19,2026-09-25
2130.0,147,0,2026-12-19,2026-09-25
2140.0,249,0,2026-12-19,2026-09-25
2150.0,171,0,2026-12-19,2026-09-25
2160.0,360,0,2026-12-19,2026-09-25
2170.0,706,0,2026-12-19,2026-09-25
2180.0,81,0,2026-12-19,2026-09-25
2190.0,205,0,2026-12-19,2026-09-25
2200.0,681,0,2026-12-19,2026-09-25
2210.0,39,0,2026-12-19,2026-09-25
2220.0,212,0,2026-12-19,2026-09-25
2230.0,62,0,2026-12-19,2026-09-25
2240.0,37,0,2026-12-19,2026-09-25
2250.0,289,0,2026-12-19,2026-09-25
2260.0,262,0,2026-12-19,2026-09-25
2270.0,212,0,2026-12-19,2026-09-25
2280.0,179,0,2026-12-19,2026-09-25
2290.0,221,0,2026-12-19,2026-09-25
2300.0,200,0,2026-12-19,2026-09-25
2310.0,125,0,2026-12-19,2026-09-25
2320.0,134,0,2026-12-19,2026-09-25
2330.0,74,0,2026-12-19,2026-09-25
2340.0,197,0,2026-12-19,2026-09-25
2350.0,169,0,2026-12-19,2026-09-25
2360.0,296,0,2026-12-19,2026-09-25
2370.0,232,0,2026-12-19,2026-09-25
2380.0,76,0,2026-12-19,2026-09-25
2390.0,155,0,2026-12-19,2026-09-25
2400.0,359,0,2026-12-19,2026-09-25
2410.0,138,0,2026-12-19,2026-09-25
2420.0,494,0,2026-12-19,2026-09-25
2440.0,148,0,2026-12-19,2026-09-25
2460.0,253,0,2026-12-19,2026-09-25
2480.0,230,0,2026-12-19,2026-09-25
2500.0,3314,0,2026-12-19,2026-09-25
289.62,0,55,2026-12-31,2026-09-25
505.0,16450,16450,2027-01-15,2026-09-25
1030.04,13000,13000,2027-01-15,2026-09-25
35.0,108,2229,2027-01-16,2026-09-25
40.0,116,4089,2027-01-16,2026-09-25
45.0,178,3492,2027-01-16,2026-09-25
50.0,331,2247,2027-01-16,2026-09-25
55.0,103,3022,2027-01-16,2026-09-25
60.0,233,6069,2027-01-16,2026-09-25
65.0,71,3001,2027-01-16,2026-09-25
70.0,350,5703,2027-01-16,2026-09-25
75.0,335,6548,2027-01-16,2026-09-25
80.0,1722,7925,2027-01-16,2026-09-25
85.0,1284,3108,2027-01-16,2026-09-25
86.0,28,0,2027-01-16,2026-09-25
90.0,4464,4201,2027-01-16,2026-09-25
95.0,587,2445,2027-01-16,2026-09-25
100.0,658,2889,2027-01-16,2026-09-25
105.0,389,1288,2027-01-16,2026-09-25
110.0,1828,4035,2027-01-16,2026-09-25
115.0,366,1639,2027-01-16,2026-09-25
120.0,600,1885,2027-01-16,2026-09-25
125.0,404,1246,2027-01-16,2026-09-25
130.0,632,6029,2027-01-16,2026-09-25
135.0,467,726,2027-01-16,2026-09-25
140.0,2514,936,2027-01-16,2026-09-25
145.0,368,582,2027-01-16,2026-09-25
150.0,2085,3870,2027-01-16,2026-09-25
155.0,358,342,2027-01-16,2026-09-25
160.0,2297,2774,2027-01-16,2026-09-25
165.0,872,299,2027-01-16,2026-09-25
170.0,893,1032,2027-01-16,2026-09-25
175.0,682,647,2027-01-16,2026-09-25
180.0,799,1437,2027-01-16,2026-09-25
185.0,315,411,2027-01-16,2026-09-25
190.0,1291,634,2027-01-16,2026-09-25
195.0,998,456,2027-01-16,2026-09-25
200.0,1416,3450,2027-01-16,2026-09-25
210.0,538,794,2027-01-16,2026-09-25
220.0,3660,1443,2027-01-16,2026-09-25
225.0,0,20,2027-01-16,2026-09-25
230.0,959,1735,2027-01-16,2026-09-25
240.0,999,1896,2027-01-16,2026-09-25
250.0,528,4903,2027-01-16,2026-09-25
260.0,417,1681,2027-01-16,2026-09-25
270.0,626,1484,2027-01-16,2026-09-25
280.0,252,1668,2027-01-16,2026-09-25
290.0,343,1171,2027-01-16,2026-09-25
300.0,0,0,2027-01-16,2026-09-25
300.0,1357,8033,2027-01-16,2026-09-25
310.0,755,1077,2027-01-16,2026-09-25
320.0,1959,2817,2027-01-16,2026-09-25
330.0,1554,2135,2027-01-16,2026-09-25
340.0,0,0,2027-01-16,2026-09-25
340.0,745,1880,2027-01-16,2026-09-25
350.0,9,0,2027-01-16,2026-09-25
350.0,2260,3843,2027-01-16,2026-09-25
360.0,0,0,2027-01-16,2026-09-25
360.0,602,4323,2027-01-16,2026-09-25
370.0,0,0,2027-01-16,2026-09-25
370.0,337,1484,2027-01-16,2026-09-25
380.0,707,2084,2027-01-16,2026-09-25
390.0,406,2035,2027-01-16,2026-09-25
400.0,10,0,2027-01-16,2026-09-25
400.0,1601,4421,2027-01-16,2026-09-25
410.0,569,918,2027-01-16,2026-09-25
420.0,762,1018,2027-01-16,2026-09-25
430.0,8,0,2027-01-16,2026-09-25
430.0,960,2520,2027-01-16,2026-09-25
440.0,0,0,2027-01-16,2026-09-25
440.0,961,1396,2027-01-16,2026-09-25
450.0,0,0,2027-01-16,2026-09-25
450.0,3973,3246,2027-01-16,2026-09-25
460.0,700,1385,2027-01-16,2026-09-25
470.0,527,1718,2027-01-16,2026-09-25
480.0,1473,1317,2027-01-16,2026-09-25
490.0,1335,1332,2027-01-16,2026-09-25
500.0,0,0,2027-01-16,2026-09-25
500.0,5837,4259,2027-01-16,2026-09-25
505.0,16450,16450,2027-01-16,2026-09-25
510.0,1132,873,2027-01-16,2026-09-25
520.0,1366,1036,2027-01-16,2026-09-25
530.0,609,934,2027-01-16,2026-09-25
539.38,20,0,2027-01-16,2026-09-25
540.0,598,745,2027-01-16,2026-09-25
550.0,10,0,2027-01-16,2026-09-25
550.0,3539,4889,2027-01-16,2026-09-25
560.0,540,539,2027-01-16,2026-09-25
570.0,599,526,2027-01-16,2026-09-25
580.0,1368,775,2027-01-16,2026-09-25
590.0,399,958,2027-01-16,2026-09-25
600.0,24,0,2027-01-16,2026-09-25
600.0,4746,3496,2027-01-16,2026-09-25
610.0,10,0,2027-01-16,2026-09-25
610.0,947,806,2027-01-16,2026-09-25
620.0,1177,1732,2027-01-16,2026-09-25
630.0,1562,477,2027-01-16,2026-09-25
640.0,0,0,2027-01-16,2026-09-25
640.0,554,667,2027-01-16,2026-09-25
650.0,3479,3173,2027-01-16,2026-09-25
660.0,1334,642,2027-01-16,2026-09-25
670.0,247,368,2027-01-16,2026-09-25
680.0,1330,730,2027-01-16,2026-09-25
690.0,1445,994,2027-01-16,2026-09-25
700.0,14,0,2027-01-16,2026-09-25
700.0,4454,6432,2027-01-16,2026-09-25
710.0,1219,687,2027-01-16,2026-09-25
720.0,0,0,2027-01-16,2026-09-25
720.0,1137,2275,2027-01-16,2026-09-25
730.0,331,655,2027-01-16,2026-09-25
740.0,3981,387,2027-01-16,2026-09-25
750.0,3729,3602,2027-01-16,2026-09-25
760.0,408,563,2027-01-16,2026-09-25
770.0,5,0,2027-01-16,2026-09-25
770.0,470,554,2027-01-16,2026-09-25
780.0,778,1295,2027-01-16,2026-09-25
790.0,850,1092,2027-01-16,2026-09-25
800.0,4676,5649,2027-01-16,2026-09-25
810.0,493,447,2027-01-16,2026-09-25
820.0,587,700,2027-01-16,2026-09-25
830.0,981,2186,2027-01-16,2026-09-25
840.0,1339,766,2027-01-16,2026-09-25
850.0,3107,3750,2027-01-16,2026-09-25
851.0,650,650,2027-01-16,2026-09-25
860.0,515,607,2027-01-16,2026-09-25
870.0,613,1648,2027-01-16,2026-09-25
880.0,5,0,2027-01-16,2026-09-25
880.0,661,946,2027-01-16,2026-09-25
890.0,566,927,2027-01-16,2026-09-25
900.0,10,0,2027-01-16,2026-09-25
900.0,5837,2896,2027-01-16,2026-09-25
910.0,0,0,2027-01-16,2026-09-25
910.0,2046,375,2027-01-16,2026-09-25
920.0,702,1000,2027-01-16,2026-09-25
930.0,834,872,2027-01-16,2026-09-25
940.0,582,674,2027-01-16,2026-09-25
950.0,4228,2305,2027-01-16,2026-09-25
960.0,716,719,2027-01-16,2026-09-25
970.0,452,319,2027-01-16,2026-09-25
980.0,662,624,2027-01-16,2026-09-25
990.0,267,437,2027-01-16,2026-09-25
1000.0,0,0,2027-01-16,2026-09-25
1000.0,8239,5891,2027-01-16,2026-09-25
1010.0,0,0,2027-01-16,2026-09-25
1010.0,520,389,2027-01-16,2026-09-25
1020.0,685,313,2027-01-16,2026-09-25
1030.0,635,532,2027-01-16,2026-09-25
1040.0,792,239,2027-01-16,2026-09-25
1050.0,3087,455,2027-01-16,2026-09-25
1060.0,624,645,2027-01-16,2026-09-25
1070.0,536,198,2027-01-16,2026-09-25
1080.0,796,172,2027-01-16,2026-09-25
1090.0,1029,123,2027-01-16,2026-09-25
1100.0,1008,1000,2027-01-16,2026-09-25
1100.0,3402,1540,2027-01-16,2026-09-25
1110.0,412,113,2027-01-16,2026-09-25
1120.0,380,202,2027-01-16,2026-09-25
1130.0,283,114,2027-01-16,2026-09-25
1140.0,426,108,2027-01-16,2026-09-25
1150.0,3652,191,2027-01-16,2026-09-25
1160.0,539,48,2027-01-16,2026-09-25
1170.0,447,132,2027-01-16,2026-09-25
1180.0,848,58,2027-01-16,2026-09-25
1190.0,415,130,2027-01-16,2026-09-25
1200.0,2,0,2027-01-16,2026-09-25
1200.0,6317,1751,2027-01-16,2026-09-25
1210.0,492,60,2027-01-16,2026-09-25
1220.0,897,49,2027-01-16,2026-09-25
1230.0,349,19,2027-01-16,2026-09-25
1240.0,493,446,2027-01-16,2026-09-25
1250.0,2551,48,2027-01-16,2026-09-25
1260.0,1486,70,2027-01-16,2026-09-25
1270.0,230,50,2027-01-16,2026-09-25
1280.0,642,96,2027-01-16,2026-09-25
1290.0,309,25,2027-01-16,2026-09-25
1300.0,8066,149,2027-01-16,2026-09-25
1310.0,317,23,2027-01-16,2026-09-25
1320.0,576,46,2027-01-16,2026-09-25
1330.0,186,77,2027-01-16,2026-09-25
1340.0,1584,28,2027-01-16,2026-09-25
1350.0,2265,20,2027-01-16,2026-09-25
1360.0,986,47,2027-01-16,2026-09-25
1370.0,292,19,2027-01-16,2026-09-25
1380.0,845,81,2027-01-16,2026-09-25
1390.0,420,65,2027-01-16,2026-09-25
1400.0,5482,282,2027-01-16,2026-09-25
1410.0,460,89,2027-01-16,2026-09-25
1420.0,710,44,2027-01-16,2026-09-25
1430.0,209,14,2027-01-16,2026-09-25
1440.0,516,71,2027-01-16,2026-09-25
1450.0,386,67,2027-01-16,2026-09-25
1460.0,629,19,2027-01-16,2026-09-25
1470.0,417,57,2027-01-16,2026-09-25
1480.0,833,159,2027-01-16,2026-09-25
1490.0,667,13,2027-01-16,2026-09-25
1500.0,10,0,2027-01-16,2026-09-25
1500.0,5753,427,2027-01-16,2026-09-25
1503.0,5,0,2027-01-16,2026-09-25
1510.0,226,10,2027-01-16,2026-09-25
1520.0,248,7,2027-01-16,2026-09-25
1530.0,200,2,2027-01-16,2026-09-25
1540.0,629,11,2027-01-16,2026-09-25
1550.0,726,3,2027-01-16,2026-09-25
1560.0,441,3,2027-01-16,2026-09-25
1570.0,533,2,2027-01-16,2026-09-25
1580.0,374,7,2027-01-16,2026-09-25
1590.0,391,2,2027-01-16,2026-09-25
1600.0,2596,23,2027-01-16,2026-09-25
1610.0,553,5,2027-01-16,2026-09-25
1620.0,436,6,2027-01-16,2026-09-25
1630.0,848,91,2027-01-16,2026-09-25
1640.0,93,25,2027-01-16,2026-09-25
1650.0,608,2,2027-01-16,2026-09-25
1660.0,306,6,2027-01-16,2026-09-25
1670.0,514,4,2027-01-16,2026-09-25
1680.0,254,14,2027-01-16,2026-09-25
1690.0,308,9,2027-01-16,2026-09-25
1700.0,1454,27,2027-01-16,2026-09-25
1710.0,362,6,2027-01-16,2026-09-25
1720.0,285,7,2027-01-16,2026-09-25
1730.0,220,1,2027-01-16,2026-09-25
1740.0,203,2,2027-01-16,2026-09-25
1750.0,962,4,2027-01-16,2026-09-25
1760.0,519,40,2027-01-16,2026-09-25
1770.0,311,1,2027-01-16,2026-09-25
1780.0,251,1,2027-01-16,2026-09-25
1790.0,405,7,2027-01-16,2026-09-25
1800.0,1988,2,2027-01-16,2026-09-25
1810.0,615,4,2027-01-16,2026-09-25
1820.0,252,1,2027-01-16,2026-09-25
1830.0,1160,42,2027-01-16,2026-09-25
1840.0,161,7,2027-01-16,2026-09-25
1850.0,398,1,2027-01-16,2026-09-25
1860.0,109,5,2027-01-16,2026-09-25
1870.0,93,0,2027-01-16,2026-09-25
1880.0,128,1,2027-01-16,2026-09-25
1890.0,75,0,2027-01-16,2026-09-25
1900.0,1368,5,2027-01-16,2026-09-25
1910.0,684,1,2027-01-16,2026-09-25
1920.0,263,0,2027-01-16,2026-09-25
1930.0,107,0,2027-01-16,2026-09-25
1940.0,137,0,2027-01-16,2026-09-25
1950.0,866,0,2027-01-16,2026-09-25
1960.0,192,0,2027-01-16,2026-09-25
1970.0,126,0,2027-01-16,2026-09-25
1980.0,343,0,2027-01-16,2026-09-25
1990.0,184,1,2027-01-16,2026-09-25
2000.0,2486,0,2027-01-16,2026-09-25
2010.0,146,0,2027-01-16,2026-09-25
2020.0,311,0,2027-01-16,2026-09-25
2030.0,178,0,2027-01-16,2026-09-25
2040.0,75,0,2027-01-16,2026-09-25
2050.0,796,0,2027-01-16,2026-09-25
2060.0,248,0,2027-01-16,2026-09-25
2070.0,140,0,2027-01-16,2026-09-25
2080.0,209,0,2027-01-16,2026-09-25
2090.0,228,0,2027-01-16,2026-09-25
2100.0,549,0,2027-01-16,2026-09-25
2110.0,140,0,2027-01-16,2026-09-25
2120.0,142,1,2027-01-16,2026-09-25
2130.0,87,0,2027-01-16,2026-09-25
2140.0,36,0,2027-01-16,2026-09-25
2150.0,1332,0,2027-01-16,2026-09-25
2160.0,172,0,2027-01-16,2026-09-25
2170.0,1510,0,2027-01-16,2026-09-25
2180.0,129,0,2027-01-16,2026-09-25
2190.0,132,0,2027-01-16,2026-09-25
2200.0,467,0,2027-01-16,2026-09-25
2210.0,142,0,2027-01-16,2026-09-25
2220.0,96,0,2027-01-16,2026-09-25
2230.0,53,0,2027-01-16,2026-09-25
2240.0,46,0,2027-01-16,2026-09-25
2250.0,251,0,2027-01-16,2026-09-25
2260.0,114,0,2027-01-16,2026-09-25
2270.0,177,0,2027-01-16,2026-09-25
2280.0,126,0,2027-01-16,2026-09-25
2290.0,167,0,2027-01-16,2026-09-25
2300.0,114,0,2027-01-16,2026-09-25
2310.0,99,0,2027-01-16,2026-09-25
2320.0,154,0,2027-01-16,2026-09-25
2330.0,30,0,2027-01-16,2026-09-25
2340.0,115,0,2027-01-16,2026-09-25
2350.0,117,0,2027-01-16,2026-09-25
2360.0,160,0,2027-01-16,2026-09-25
2370.0,232,0,2027-01-16,2026-09-25
2380.0,152,0,2027-01-16,2026-09-25
2390.0,232,0,2027-01-16,2026-09-25
2400.0,852,0,2027-01-16,2026-09-25
2410.0,146,0,2027-01-16,2026-09-25
2420.0,345,0,2027-01-16,2026-09-25
2440.0,221,0,2027-01-16,2026-09-25
2460.0,212,0,2027-01-16,2026-09-25
2480.0,333,0,2027-01-16,2026-09-25
2500.0,4297,0,2027-01-16,2026-09-25
50.0,1,50,2027-02-20,2026-09-25
55.0,1,50,2027-02-20,2026-09-25
60.0,0,303,2027-02-20,2026-09-25
65.0,0,1,2027-02-20,2026-09-25
70.0,0,0,2027-02-20,2026-09-25
75.0,0,201,2027-02-20,2026-09-25
80.0,0,202,2027-02-20,2026-09-25
85.0,0,407,2027-02-20,2026-09-25
90.0,0,1426,2027-02-20,2026-09-25
95.0,0,501,2027-02-20,2026-09-25
100.0,0,792,2027-02-20,2026-09-25
105.0,1,300,2027-02-20,2026-09-25
110.0,1,349,2027-02-20,2026-09-25
115.0,0,605,2027-02-20,2026-09-25
120.0,1,728,2027-02-20,2026-09-25
125.0,0,436,2027-02-20,2026-09-25
130.0,1,4066,2027-02-20,2026-09-25
135.0,1,698,2027-02-20,2026-09-25
140.0,0,155,2027-02-20,2026-09-25
145.0,0,9,2027-02-20,2026-09-25
150.0,0,61,2027-02-20,2026-09-25
155.0,0,7,2027-02-20,2026-09-25
160.0,0,0,2027-02-20,2026-09-25
165.0,0,2,2027-02-20,2026-09-25
170.0,0,5,2027-02-20,2026-09-25
175.0,47,3,2027-02-20,2026-09-25
180.0,0,86,2027-02-20,2026-09-25
185.0,1,37,2027-02-20,2026-09-25
190.0,1,8,2027-02-20,2026-09-25
195.0,0,18,2027-02-20,2026-09-25
200.0,0,79,2027-02-20,2026-09-25
210.0,0,161,2027-02-20,2026-09-25
220.0,0,28,2027-02-20,2026-09-25
230.0,1,132,2027-02-20,2026-09-25
240.0,0,43,2027-02-20,2026-09-25
250.0,1,56,2027-02-20,2026-09-25
260.0,1,214,2027-02-20,2026-09-25
270.0,3,166,2027-02-20,2026-09-25
280.0,0,41,2027-02-20,2026-09-25
290.0,1,24,2027-02-20,2026-09-25
300.0,31,73,2027-02-20,2026-09-25
310.0,9,18,2027-02-20,2026-09-25
320.0,5,19,2027-02-20,2026-09-25
330.0,1,108,2027-02-20,2026-09-25
340.0,1,30,2027-02-20,2026-09-25
350.0,21,349,2027-02-20,2026-09-25
360.0,0,2,2027-02-20,2026-09-25
360.0,5,122,2027-02-20,2026-09-25
370.0,2,65,2027-02-20,2026-09-25
380.0,10,166,2027-02-20,2026-09-25
390.0,0,113,2027-02-20,2026-09-25
400.0,55,535,2027-02-20,2026-09-25
410.0,6,77,2027-02-20,2026-09-25
420.0,2,233,2027-02-20,2026-09-25
430.0,3,230,2027-02-20,2026-09-25
440.0,6,101,2027-02-20,2026-09-25
450.0,9,1162,2027-02-20,2026-09-25
460.0,12,236,2027-02-20,2026-09-25
470.0,2,177,2027-02-20,2026-09-25
480.0,3,178,2027-02-20,2026-09-25
490.0,2,0,2027-02-20,2026-09-25
490.0,2,328,2027-02-20,2026-09-25
500.0,94,1106,2027-02-20,2026-09-25
510.0,9,183,2027-02-20,2026-09-25
520.0,80,128,2027-02-20,2026-09-25
530.0,6,514,2027-02-20,2026-09-25
540.0,25,283,2027-02-20,2026-09-25
550.0,8,767,2027-02-20,2026-09-25
560.0,11,316,2027-02-20,2026-09-25
570.0,18,740,2027-02-20,2026-09-25
580.0,25,85,2027-02-20,2026-09-25
590.0,18,180,2027-02-20,2026-09-25
600.0,29,1301,2027-02-20,2026-09-25
610.0,11,106,2027-02-20,2026-09-25
620.0,32,532,2027-02-20,2026-09-25
630.0,55,132,2027-02-20,2026-09-25
640.0,55,121,2027-02-20,2026-09-25
650.0,24,524,2027-02-20,2026-09-25
660.0,2,261,2027-02-20,2026-09-25
670.0,4,421,2027-02-20,2026-09-25
680.0,12,270,2027-02-20,2026-09-25
690.0,27,216,2027-02-20,2026-09-25
700.0,91,1477,2027-02-20,2026-09-25
710.0,30,596,2027-02-20,2026-09-25
720.0,12,469,2027-02-20,2026-09-25
730.0,8,240,2027-02-20,2026-09-25
740.0,38,174,2027-02-20,2026-09-25
750.0,81,1048,2027-02-20,2026-09-25
760.0,49,426,2027-02-20,2026-09-25
770.0,285,187,2027-02-20,2026-09-25
780.0,120,301,2027-02-20,2026-09-25
790.0,29,656,2027-02-20,2026-09-25
800.0,110,935,2027-02-20,2026-09-25
810.0,92,212,2027-02-20,2026-09-25
820.0,258,302,2027-02-20,2026-09-25
830.0,371,339,2027-02-20,2026-09-25
840.0,88,778,2027-02-20,2026-09-25
850.0,738,1323,2027-02-20,2026-09-25
860.0,238,387,2027-02-20,2026-09-25
870.0,146,519,2027-02-20,2026-09-25
880.0,82,206,2027-02-20,2026-09-25
890.0,130,167,2027-02-20,2026-09-25
900.0,393,1455,2027-02-20,2026-09-25
910.0,421,137,2027-02-20,2026-09-25
920.0,286,243,2027-02-20,2026-09-25
930.0,157,188,2027-02-20,2026-09-25
940.0,391,299,2027-02-20,2026-09-25
950.0,6500,6500,2027-02-20,2026-09-25
950.0,419,218,2027-02-20,2026-09-25
960.0,618,97,2027-02-20,2026-09-25
970.0,231,117,2027-02-20,2026-09-25
980.0,194,108,2027-02-20,2026-09-25
990.0,52,372,2027-02-20,2026-09-25
1000.0,496,382,2027-02-20,2026-09-25
1010.0,218,99,2027-02-20,2026-09-25
1020.0,227,83,2027-02-20,2026-09-25
1030.0,147,108,2027-02-20,2026-09-25
1040.0,143,70,2027-02-20,2026-09-25
1050.0,111,127,2027-02-20,2026-09-25
1060.0,74,95,2027-02-20,2026-09-25
1070.0,181,144,2027-02-20,2026-09-25
1080.0,109,113,2027-02-20,2026-09-25
1090.0,95,51,2027-02-20,2026-09-25
1100.0,583,52,2027-02-20,2026-09-25
1110.0,273,19,2027-02-20,2026-09-25
1120.0,179,80,2027-02-20,2026-09-25
1130.0,179,45,2027-02-20,2026-09-25
1140.0,169,11,2027-02-20,2026-09-25
1150.0,127,84,2027-02-20,2026-09-25
1160.0,199,9,2027-02-20,2026-09-25
1170.0,150,45,2027-02-20,2026-09-25
1180.0,248,36,2027-02-20,2026-09-25
1190.0,193,32,2027-02-20,2026-09-25
1200.0,1339,39,2027-02-20,2026-09-25
1210.0,111,5,2027-02-20,2026-09-25
1220.0,144,54,2027-02-20,2026-09-25
1230.0,135,5,2027-02-20,2026-09-25
1240.0,80,4,2027-02-20,2026-09-25
1250.0,638,5,2027-02-20,2026-09-25
1260.0,231,1,2027-02-20,2026-09-25
1270.0,198,2,2027-02-20,2026-09-25
1280.0,185,64,2027-02-20,2026-09-25
1290.0,196,3,2027-02-20,2026-09-25
1300.0,283,75,2027-02-20,2026-09-25
1310.0,314,2,2027-02-20,2026-09-25
1320.0,169,0,2027-02-20,2026-09-25
1330.0,191,2,2027-02-20,2026-09-25
1340.0,80,1,2027-02-20,2026-09-25
1350.0,233,1,2027-02-20,2026-09-25
1360.0,454,2,2027-02-20,2026-09-25
1370.0,111,51,2027-02-20,2026-09-25
1380.0,145,6,2027-02-20,2026-09-25
1390.0,131,1,2027-02-20,2026-09-25
1400.0,486,71,2027-02-20,2026-09-25
1410.0,75,3,2027-02-20,2026-09-25
1420.0,120,0,2027-02-20,2026-09-25
1430.0,54,1,2027-02-20,2026-09-25
1440.0,440,0,2027-02-20,2026-09-25
1450.0,181,5,2027-02-20,2026-09-25
1460.0,141,2,2027-02-20,2026-09-25
1470.0,200,4,2027-02-20,2026-09-25
1480.0,270,105,2027-02-20,2026-09-25
1490.0,147,2,2027-02-20,2026-09-25
1500.0,784,92,2027-02-20,2026-09-25
1510.0,155,15,2027-02-20,2026-09-25
1520.0,425,0,2027-02-20,2026-09-25
1530.0,267,1,2027-02-20,2026-09-25
1540.0,206,0,2027-02-20,2026-09-25
1550.0,207,0,2027-02-20,2026-09-25
1560.0,74,0,2027-02-20,2026-09-25
1570.0,443,0,2027-02-20,2026-09-25
1580.0,235,0,2027-02-20,2026-09-25
1590.0,132,0,2027-02-20,2026-09-25
1600.0,251,0,2027-02-20,2026-09-25
1610.0,81,26,2027-02-20,2026-09-25
1620.0,203,0,2027-02-20,2026-09-25
1630.0,517,0,2027-02-20,2026-09-25
1640.0,193,1,2027-02-20,2026-09-25
1650.0,227,0,2027-02-20,2026-09-25
1660.0,115,7,2027-02-20,2026-09-25
1670.0,136,0,2027-02-20,2026-09-25
1680.0,149,0,2027-02-20,2026-09-25
1690.0,36,0,2027-02-20,2026-09-25
1700.0,453,4,2027-02-20,2026-09-25
1710.0,138,1,2027-02-20,2026-09-25
1720.0,204,1,2027-02-20,2026-09-25
1730.0,352,0,2027-02-20,2026-09-25
1740.0,197,0,2027-02-20,2026-09-25
1750.0,161,1,2027-02-20,2026-09-25
1760.0,27,0,2027-02-20,2026-09-25
1770.0,53,0,2027-02-20,2026-09-25
1780.0,388,0,2027-02-20,2026-09-25
1790.0,178,0,2027-02-20,2026-09-25
1800.0,210,0,2027-02-20,2026-09-25
1810.0,22,0,2027-02-20,2026-09-25
1820.0,158,0,2027-02-20,2026-09-25
1830.0,238,0,2027-02-20,2026-09-25
1840.0,28,0,2027-02-20,2026-09-25
1850.0,258,0,2027-02-20,2026-09-25
1860.0,160,0,2027-02-20,2026-09-25
1870.0,129,0,2027-02-20,2026-09-25
1880.0,63,0,2027-02-20,2026-09-25
1890.0,645,0,2027-02-20,2026-09-25
1900.0,95,21,2027-02-20,2026-09-25
1910.0,53,0,2027-02-20,2026-09-25
1920.0,67,0,2027-02-20,2026-09-25
1930.0,118,0,2027-02-20,2026-09-25
1940.0,94,0,2027-02-20,2026-09-25
1950.0,949,0,2027-02-20,2026-09-25
1960.0,121,0,2027-02-20,2026-09-25
1970.0,203,0,2027-02-20,2026-09-25
1980.0,77,0,2027-02-20,2026-09-25
1990.0,143,0,2027-02-20,2026-09-25
2000.0,212,1,2027-02-20,2026-09-25
2010.0,53,0,2027-02-20,2026-09-25
2020.0,321,0,2027-02-20,2026-09-25
2030.0,267,0,2027-02-20,2026-09-25
2040.0,272,0,2027-02-20,2026-09-25
2050.0,268,0,2027-02-20,2026-09-25
2060.0,331,0,2027-02-20,2026-09-25
2070.0,185,0,2027-02-20,2026-09-25
2080.0,195,0,2027-02-20,2026-09-25
2090.0,386,0,2027-02-20,2026-09-25
2100.0,354,0,2027-02-20,2026-09-25
2110.0,496,0,2027-02-20,2026-09-25
2120.0,403,0,2027-02-20,2026-09-25
5.0,627,845,2027-03-20,2026-09-25
10.0,115,121,2027-03-20,2026-09-25
15.0,12,162,2027-03-20,2026-09-25
20.0,0,26,2027-03-20,2026-09-25
25.0,0,10,2027-03-20,2026-09-25
30.0,1,0,2027-03-20,2026-09-25
35.0,0,7,2027-03-20,2026-09-25
40.0,1,1160,2027-03-20,2026-09-25
45.0,27,430,2027-03-20,2026-09-25
50.0,13,20,2027-03-20,2026-09-25
55.0,1,80,2027-03-20,2026-09-25
60.0,3,59,2027-03-20,2026-09-25
65.0,1,47,2027-03-20,2026-09-25
70.0,1,22,2027-03-20,2026-09-25
75.0,0,19,2027-03-20,2026-09-25
80.0,0,50,2027-03-20,2026-09-25
85.0,16,34,2027-03-20,2026-09-25
90.0,40,46,2027-03-20,2026-09-25
95.0,61,58,2027-03-20,2026-09-25
100.0,61,81,2027-03-20,2026-09-25
105.0,11,122,2027-03-20,2026-09-25
110.0,10,721,2027-03-20,2026-09-25
115.0,4,200,2027-03-20,2026-09-25
120.0,20,132,2027-03-20,2026-09-25
125.0,24,717,2027-03-20,2026-09-25
130.0,4,125,2027-03-20,2026-09-25
135.0,7,164,2027-03-20,2026-09-25
140.0,10,54,2027-03-20,2026-09-25
145.0,5,75,2027-03-20,2026-09-25
150.0,147,717,2027-03-20,2026-09-25
155.0,2,96,2027-03-20,2026-09-25
160.0,6,117,2027-03-20,2026-09-25
165.0,11,35,2027-03-20,2026-09-25
170.0,11,133,2027-03-20,2026-09-25
175.0,1,141,2027-03-20,2026-09-25
180.0,10,187,2027-03-20,2026-09-25
185.0,16,484,2027-03-20,2026-09-25
190.0,13,194,2027-03-20,2026-09-25
195.0,9,1615,2027-03-20,2026-09-25
200.0,48,311,2027-03-20,2026-09-25
210.0,72,319,2027-03-20,2026-09-25
220.0,93,382,2027-03-20,2026-09-25
230.0,62,492,2027-03-20,2026-09-25
240.0,24,837,2027-03-20,2026-09-25
250.0,89,1411,2027-03-20,2026-09-25
260.0,135,957,2027-03-20,2026-09-25
270.0,20,590,2027-03-20,2026-09-25
280.0,45,177,2027-03-20,2026-09-25
290.0,159,733,2027-03-20,2026-09-25
300.0,152,1243,2027-03-20,2026-09-25
310.0,98,943,2027-03-20,2026-09-25
320.0,50,387,2027-03-20,2026-09-25
330.0,66,519,2027-03-20,2026-09-25
340.0,81,1666,2027-03-20,2026-09-25
350.0,270,1269,2027-03-20,2026-09-25
360.0,259,375,2027-03-20,2026-09-25
370.0,187,292,2027-03-20,2026-09-25
380.0,443,187,2027-03-20,2026-09-25
390.0,490,529,2027-03-20,2026-09-25
400.0,434,2623,2027-03-20,2026-09-25
410.0,80,232,2027-03-20,2026-09-25
420.0,134,874,2027-03-20,2026-09-25
430.0,343,683,2027-03-20,2026-09-25
440.0,107,368,2027-03-20,2026-09-25
450.0,533,1706,2027-03-20,2026-09-25
460.0,162,1726,2027-03-20,2026-09-25
470.0,159,1261,2027-03-20,2026-09-25
480.0,261,386,2027-03-20,2026-09-25
490.0,155,402,2027-03-20,2026-09-25
500.0,701,1892,2027-03-20,2026-09-25
510.0,215,283,2027-03-20,2026-09-25
520.0,3492,601,2027-03-20,2026-09-25
530.0,343,347,2027-03-20,2026-09-25
540.0,296,219,2027-03-20,2026-09-25
550.0,815,696,2027-03-20,2026-09-25
560.0,321,1636,2027-03-20,2026-09-25
570.0,180,453,2027-03-20,2026-09-25
580.0,183,944,2027-03-20,2026-09-25
590.0,185,347,2027-03-20,2026-09-25
600.0,969,1821,2027-03-20,2026-09-25
610.0,170,397,2027-03-20,2026-09-25
620.0,234,421,2027-03-20,2026-09-25
630.0,123,1544,2027-03-20,2026-09-25
640.0,169,872,2027-03-20,2026-09-25
650.0,1010,2269,2027-03-20,2026-09-25
660.0,288,1666,2027-03-20,2026-09-25
670.0,674,557,2027-03-20,2026-09-25
680.0,187,558,2027-03-20,2026-09-25
690.0,219,632,2027-03-20,2026-09-25
700.0,664,3773,2027-03-20,2026-09-25
710.0,602,224,2027-03-20,2026-09-25
720.0,1337,319,2027-03-20,2026-09-25
730.0,144,845,2027-03-20,2026-09-25
740.0,561,421,2027-03-20,2026-09-25
750.0,599,2650,2027-03-20,2026-09-25
760.0,0,20,2027-03-20,2026-09-25
760.0,222,796,2027-03-20,2026-09-25
770.0,522,627,2027-03-20,2026-09-25
780.0,185,553,2027-03-20,2026-09-25
790.0,124,824,2027-03-20,2026-09-25
800.0,1828,4749,2027-03-20,2026-09-25
810.0,263,549,2027-03-20,2026-09-25
820.0,185,1253,2027-03-20,2026-09-25
830.0,564,352,2027-03-20,2026-09-25
840.0,231,469,2027-03-20,2026-09-25
850.0,867,2252,2027-03-20,2026-09-25
860.0,184,832,2027-03-20,2026-09-25
870.0,401,340,2027-03-20,2026-09-25
880.0,494,591,2027-03-20,2026-09-25
890.0,197,211,2027-03-20,2026-09-25
900.0,1221,2747,2027-03-20,2026-09-25
910.0,209,350,2027-03-20,2026-09-25
920.0,1024,159,2027-03-20,2026-09-25
930.0,127,182,2027-03-20,2026-09-25
940.0,319,349,2027-03-20,2026-09-25
950.0,1000,1000,2027-03-20,2026-09-25
950.0,842,497,2027-03-20,2026-09-25
960.0,788,270,2027-03-20,2026-09-25
970.0,628,249,2027-03-20,2026-09-25
980.0,289,211,2027-03-20,2026-09-25
990.0,296,178,2027-03-20,2026-09-25
1000.0,2105,692,2027-03-20,2026-09-25
1010.0,623,184,2027-03-20,2026-09-25
1020.0,754,206,2027-03-20,2026-09-25
1030.0,581,80,2027-03-20,2026-09-25
1040.0,404,285,2027-03-20,2026-09-25
1050.0,1557,511,2027-03-20,2026-09-25
1060.0,453,225,2027-03-20,2026-09-25
1070.0,266,298,2027-03-20,2026-09-25
1080.0,883,223,2027-03-20,2026-09-25
1090.0,298,132,2027-03-20,2026-09-25
1100.0,10,0,2027-03-20,2026-09-25
1100.0,1007,426,2027-03-20,2026-09-25
1110.0,338,97,2027-03-20,2026-09-25
1120.0,253,45,2027-03-20,2026-09-25
1130.0,235,86,2027-03-20,2026-09-25
1140.0,171,87,2027-03-20,2026-09-25
1150.0,1019,113,2027-03-20,2026-09-25
1160.0,180,37,2027-03-20,2026-09-25
1170.0,67,235,2027-03-20,2026-09-25
1180.0,404,69,2027-03-20,2026-09-25
1190.0,166,52,2027-03-20,2026-09-25
1200.0,1860,429,2027-03-20,2026-09-25
1210.0,174,40,2027-03-20,2026-09-25
1220.0,548,42,2027-03-20,2026-09-25
1230.0,93,15,2027-03-20,2026-09-25
1240.0,548,43,2027-03-20,2026-09-25
1250.0,527,309,2027-03-20,2026-09-25
1260.0,357,17,2027-03-20,2026-09-25
1270.0,239,43,2027-03-20,2026-09-25
1280.0,641,35,2027-03-20,2026-09-25
1290.0,81,10,2027-03-20,2026-09-25
1300.0,2722,27,2027-03-20,2026-09-25
1310.0,520,41,2027-03-20,2026-09-25
1320.0,500,15,2027-03-20,2026-09-25
1330.0,134,48,2027-03-20,2026-09-25
1340.0,453,89,2027-03-20,2026-09-25
1350.0,819,86,2027-03-20,2026-09-25
1360.0,719,14,2027-03-20,2026-09-25
1370.0,273,40,2027-03-20,2026-09-25
1380.0,10,0,2027-03-20,2026-09-25
1380.0,131,13,2027-03-20,2026-09-25
1390.0,0,0,2027-03-20,2026-09-25
1390.0,318,9,2027-03-20,2026-09-25
1400.0,10,0,2027-03-20,2026-09-25
1400.0,3304,17,2027-03-20,2026-09-25
1410.0,20,0,2027-03-20,2026-09-25
1410.0,343,45,2027-03-20,2026-09-25
1420.0,587,20,2027-03-20,2026-09-25
1430.0,253,44,2027-03-20,2026-09-25
1440.0,10,0,2027-03-20,2026-09-25
1440.0,238,14,2027-03-20,2026-09-25
1450.0,188,39,2027-03-20,2026-09-25
1460.0,217,28,2027-03-20,2026-09-25
1470.0,122,45,2027-03-20,2026-09-25
1480.0,403,13,2027-03-20,2026-09-25
1490.0,413,11,2027-03-20,2026-09-25
1500.0,2325,115,2027-03-20,2026-09-25
1510.0,526,12,2027-03-20,2026-09-25
1520.0,204,3,2027-03-20,2026-09-25
1530.0,681,30,2027-03-20,2026-09-25
1540.0,238,49,2027-03-20,2026-09-25
1550.0,162,65,2027-03-20,2026-09-25
1560.0,391,8,2027-03-20,2026-09-25
1570.0,194,6,2027-03-20,2026-09-25
1580.0,254,32,2027-03-20,2026-09-25
1590.0,600,38,2027-03-20,2026-09-25
1600.0,0,0,2027-03-20,2026-09-25
1600.0,579,13,2027-03-20,2026-09-25
1610.0,103,8,2027-03-20,2026-09-25
1620.0,337,74,2027-03-20,2026-09-25
1630.0,578,85,2027-03-20,2026-09-25
1640.0,144,1,2027-03-20,2026-09-25
1650.0,134,21,2027-03-20,2026-09-25
1660.0,702,22,2027-03-20,2026-09-25
1670.0,198,7,2027-03-20,2026-09-25
1680.0,350,3,2027-03-20,2026-09-25
1690.0,254,3,2027-03-20,2026-09-25
1700.0,437,2,2027-03-20,2026-09-25
1710.0,133,19,2027-03-20,2026-09-25
1720.0,280,4,2027-03-20,2026-09-25
1730.0,153,1,2027-03-20,2026-09-25
1740.0,247,3,2027-03-20,2026-09-25
1750.0,263,20,2027-03-20,2026-09-25
1760.0,393,2,2027-03-20,2026-09-25
1770.0,386,0,2027-03-20,2026-09-25
1780.0,137,4,2027-03-20,2026-09-25
1790.0,202,23,2027-03-20,2026-09-25
1800.0,554,28,2027-03-20,2026-09-25
1810.0,183,25,2027-03-20,2026-09-25
1820.0,126,0,2027-03-20,2026-09-25
1830.0,269,101,2027-03-20,2026-09-25
1840.0,52,0,2027-03-20,2026-09-25
1850.0,69,132,2027-03-20,2026-09-25
1860.0,178,5,2027-03-20,2026-09-25
1870.0,80,30,2027-03-20,2026-09-25
1880.0,105,23,2027-03-20,2026-09-25
1890.0,349,2,2027-03-20,2026-09-25
1900.0,696,8,2027-03-20,2026-09-25
1910.0,396,48,2027-03-20,2026-09-25
1920.0,113,4,2027-03-20,2026-09-25
1930.0,80,1,2027-03-20,2026-09-25
1940.0,135,0,2027-03-20,2026-09-25
1950.0,269,14,2027-03-20,2026-09-25
1960.0,200,0,2027-03-20,2026-09-25
1970.0,127,2,2027-03-20,2026-09-25
1980.0,217,0,2027-03-20,2026-09-25
1990.0,96,1,2027-03-20,2026-09-25
2000.0,927,8,2027-03-20,2026-09-25
2010.0,66,3,2027-03-20,2026-09-25
2020.0,157,0,2027-03-20,2026-09-25
2030.0,178,0,2027-03-20,2026-09-25
2040.0,103,0,2027-03-20,2026-09-25
2050.0,157,0,2027-03-20,2026-09-25
2060.0,64,1,2027-03-20,2026-09-25
2070.0,121,2,2027-03-20,2026-09-25
2080.0,237,0,2027-03-20,2026-09-25
2090.0,186,2,2027-03-20,2026-09-25
2100.0,258,5,2027-03-20,2026-09-25
2110.0,109,0,2027-03-20,2026-09-25
2120.0,134,0,2027-03-20,2026-09-25
2130.0,90,0,2027-03-20,2026-09-25
2140.0,112,0,2027-03-20,2026-09-25
2150.0,268,0,2027-03-20,2026-09-25
2160.0,152,0,2027-03-20,2026-09-25
2170.0,462,0,2027-03-20,2026-09-25
2180.0,277,0,2027-03-20,2026-09-25
2190.0,190,0,2027-03-20,2026-09-25
2200.0,242,0,2027-03-20,2026-09-25
2210.0,23,0,2027-03-20,2026-09-25
2220.0,150,0,2027-03-20,2026-09-25
2230.0,74,0,2027-03-20,2026-09-25
2240.0,164,0,2027-03-20,2026-09-25
2250.0,197,0,2027-03-20,2026-09-25
2260.0,146,0,2027-03-20,2026-09-25
2270.0,46,0,2027-03-20,2026-09-25
2280.0,84,0,2027-03-20,2026-09-25
2290.0,57,0,2027-03-20,2026-09-25
2300.0,44,0,2027-03-20,2026-09-25
2310.0,37,0,2027-03-20,2026-09-25
2320.0,50,0,2027-03-20,2026-09-25
2330.0,21,0,2027-03-20,2026-09-25
2340.0,159,0,2027-03-20,2026-09-25
2350.0,189,0,2027-03-20,2026-09-25
2360.0,74,0,2027-03-20,2026-09-25
2370.0,84,0,2027-03-20,2026-09-25
2380.0,85,0,2027-03-20,2026-09-25
2390.0,297,0,2027-03-20,2026-09-25
2400.0,807,0,2027-03-20,2026-09-25
2410.0,489,0,2027-03-20,2026-09-25
2420.0,180,0,2027-03-20,2026-09-25
2440.0,81,0,2027-03-20,2026-09-25
2460.0,187,0,2027-03-20,2026-09-25
2480.0,236,0,2027-03-20,2026-09-25
2500.0,3551,0,2027-03-20,2026-09-25
305.67,0,25,2027-03-26,2026-09-25
284.37,0,55,2027-03-31,2026-09-25
470.0,4,309,2027-04-17,2026-09-25
480.0,0,214,2027-04-17,2026-09-25
490.0,0,0,2027-04-17,2026-09-25
490.0,1,856,2027-04-17,2026-09-25
500.0,7,262,2027-04-17,2026-09-25
520.0,1,163,2027-04-17,2026-09-25
540.0,1,563,2027-04-17,2026-09-25
560.0,3,160,2027-04-17,2026-09-25
580.0,1,245,2027-04-17,2026-09-25
600.0,11,467,2027-04-17,2026-09-25
620.0,2,278,2027-04-17,2026-09-25
640.0,8,375,2027-04-17,2026-09-25
660.0,2,545,2027-04-17,2026-09-25
680.0,20,396,2027-04-17,2026-09-25
700.0,37,150,2027-04-17,2026-09-25
720.0,4,277,2027-04-17,2026-09-25
740.0,2,392,2027-04-17,2026-09-25
760.0,0,586,2027-04-17,2026-09-25
780.0,55,418,2027-04-17,2026-09-25
790.0,4,554,2027-04-17,2026-09-25
800.0,252,1500,2027-04-17,2026-09-25
810.0,16,352,2027-04-17,2026-09-25
820.0,13,130,2027-04-17,2026-09-25
830.0,80,305,2027-04-17,2026-09-25
840.0,81,118,2027-04-17,2026-09-25
850.0,179,244,2027-04-17,2026-09-25
860.0,20,352,2027-04-17,2026-09-25
870.0,23,72,2027-04-17,2026-09-25
880.0,223,188,2027-04-17,2026-09-25
890.0,55,90,2027-04-17,2026-09-25
900.0,107,254,2027-04-17,2026-09-25
910.0,292,72,2027-04-17,2026-09-25
920.0,156,46,2027-04-17,2026-09-25
930.0,218,302,2027-04-17,2026-09-25
940.0,45,104,2027-04-17,2026-09-25
950.0,201,127,2027-04-17,2026-09-25
960.0,74,26,2027-04-17,2026-09-25
970.0,63,43,2027-04-17,2026-09-25
980.0,35,71,2027-04-17,2026-09-25
990.0,99,143,2027-04-17,2026-09-25
1000.0,359,150,2027-04-17,2026-09-25
1010.0,90,103,2027-04-17,2026-09-25
1020.0,293,22,2027-04-17,2026-09-25
1030.0,38,159,2027-04-17,2026-09-25
1040.0,76,331,2027-04-17,2026-09-25
1050.0,77,79,2027-04-17,2026-09-25
1060.0,213,169,2027-04-17,2026-09-25
1070.0,59,54,2027-04-17,2026-09-25
1080.0,35,28,2027-04-17,2026-09-25
1100.0,0,0,2027-04-17,2026-09-25
1100.0,382,118,2027-04-17,2026-09-25
1120.0,54,57,2027-04-17,2026-09-25
1140.0,102,4,2027-04-17,2026-09-25
1160.0,811,7,2027-04-17,2026-09-25
1180.0,38,55,2027-04-17,2026-09-25
1200.0,171,54,2027-04-17,2026-09-25
1220.0,153,102,2027-04-17,2026-09-25
1240.0,60,8,2027-04-17,2026-09-25
1260.0,75,6,2027-04-17,2026-09-25
1280.0,307,8,2027-04-17,2026-09-25
1300.0,690,3,2027-04-17,2026-09-25
1320.0,114,5,2027-04-17,2026-09-25
1340.0,230,50,2027-04-17,2026-09-25
1360.0,93,0,2027-04-17,2026-09-25
1380.0,32,1,2027-04-17,2026-09-25
1400.0,143,2,2027-04-17,2026-09-25
1420.0,51,1,2027-04-17,2026-09-25
1440.0,203,0,2027-04-17,2026-09-25
1460.0,477,0,2027-04-17,2026-09-25
1480.0,163,9,2027-04-17,2026-09-25
1500.0,4,0,2027-04-17,2026-09-25
1520.0,2,0,2027-04-17,2026-09-25
1540.0,4,0,2027-04-17,2026-09-25
1560.0,62,0,2027-04-17,2026-09-25
1580.0,51,0,2027-04-17,2026-09-25
1600.0,12,0,2027-04-17,2026-09-25
5.0,1610,1,2027-06-18,2026-09-25
10.0,5,1,2027-06-18,2026-09-25
15.0,28,3,2027-06-18,2026-09-25
20.0,0,11,2027-06-18,2026-09-25
25.0,7,30,2027-06-18,2026-09-25
30.0,1,2,2027-06-18,2026-09-25
35.0,32,2522,2027-06-18,2026-09-25
40.0,5,968,2027-06-18,2026-09-25
45.0,80,1235,2027-06-18,2026-09-25
50.0,55,84,2027-06-18,2026-09-25
55.0,68,577,2027-06-18,2026-09-25
60.0,117,1084,2027-06-18,2026-09-25
65.0,113,343,2027-06-18,2026-09-25
70.0,156,5075,2027-06-18,2026-09-25
75.0,116,747,2027-06-18,2026-09-25
80.0,245,400,2027-06-18,2026-09-25
85.0,153,1285,2027-06-18,2026-09-25
90.0,123,1784,2027-06-18,2026-09-25
95.0,134,966,2027-06-18,2026-09-25
100.0,305,364,2027-06-18,2026-09-25
105.0,252,243,2027-06-18,2026-09-25
110.0,265,558,2027-06-18,2026-09-25
115.0,196,288,2027-06-18,2026-09-25
120.0,429,358,2027-06-18,2026-09-25
125.0,143,150,2027-06-18,2026-09-25
130.0,463,535,2027-06-18,2026-09-25
135.0,288,102,2027-06-18,2026-09-25
140.0,2680,173,2027-06-18,2026-09-25
145.0,86,180,2027-06-18,2026-09-25
150.0,206,1394,2027-06-18,2026-09-25
155.0,172,162,2027-06-18,2026-09-25
160.0,111,337,2027-06-18,2026-09-25
165.0,185,218,2027-06-18,2026-09-25
170.0,132,263,2027-06-18,2026-09-25
175.0,118,209,2027-06-18,2026-09-25
180.0,115,442,2027-06-18,2026-09-25
185.0,225,124,2027-06-18,2026-09-25
190.0,122,100,2027-06-18,2026-09-25
195.0,89,111,2027-06-18,2026-09-25
200.0,405,1022,2027-06-18,2026-09-25
210.0,172,259,2027-06-18,2026-09-25
220.0,138,437,2027-06-18,2026-09-25
230.0,223,627,2027-06-18,2026-09-25
240.0,149,1014,2027-06-18,2026-09-25
250.0,429,2691,2027-06-18,2026-09-25
260.0,3855,316,2027-06-18,2026-09-25
270.0,94,597,2027-06-18,2026-09-25
280.0,70,548,2027-06-18,2026-09-25
290.0,662,633,2027-06-18,2026-09-25
300.0,624,3706,2027-06-18,2026-09-25
310.0,144,467,2027-06-18,2026-09-25
320.0,145,144,2027-06-18,2026-09-25
330.0,308,633,2027-06-18,2026-09-25
340.0,271,358,2027-06-18,2026-09-25
350.0,425,940,2027-06-18,2026-09-25
360.0,153,677,2027-06-18,2026-09-25
370.0,123,458,2027-06-18,2026-09-25
380.0,495,637,2027-06-18,2026-09-25
390.0,265,578,2027-06-18,2026-09-25
400.0,1125,4371,2027-06-18,2026-09-25
410.0,286,641,2027-06-18,2026-09-25
420.0,329,534,2027-06-18,2026-09-25
430.0,369,403,2027-06-18,2026-09-25
440.0,288,526,2027-06-18,2026-09-25
450.0,386,1267,2027-06-18,2026-09-25
460.0,163,292,2027-06-18,2026-09-25
470.0,737,856,2027-06-18,2026-09-25
480.0,431,368,2027-06-18,2026-09-25
490.0,301,699,2027-06-18,2026-09-25
500.0,1428,1894,2027-06-18,2026-09-25
510.0,676,633,2027-06-18,2026-09-25
520.0,267,217,2027-06-18,2026-09-25
530.0,30,0,2027-06-18,2026-09-25
530.0,368,344,2027-06-18,2026-09-25
540.0,1948,689,2027-06-18,2026-09-25
550.0,743,2552,2027-06-18,2026-09-25
560.0,465,607,2027-06-18,2026-09-25
570.0,266,277,2027-06-18,2026-09-25
580.0,354,939,2027-06-18,2026-09-25
590.0,221,1013,2027-06-18,2026-09-25
600.0,1198,4534,2027-06-18,2026-09-25
610.0,421,448,2027-06-18,2026-09-25
620.0,183,935,2027-06-18,2026-09-25
630.0,501,402,2027-06-18,2026-09-25
640.0,448,1180,2027-06-18,2026-09-25
650.0,1039,2827,2027-06-18,2026-09-25
660.0,265,278,2027-06-18,2026-09-25
670.0,271,334,2027-06-18,2026-09-25
680.0,401,784,2027-06-18,2026-09-25
690.0,2261,376,2027-06-18,2026-09-25
700.0,2450,2488,2027-06-18,2026-09-25
710.0,278,246,2027-06-18,2026-09-25
720.0,939,1191,2027-06-18,2026-09-25
730.0,441,428,2027-06-18,2026-09-25
740.0,2751,452,2027-06-18,2026-09-25
750.0,1674,3287,2027-06-18,2026-09-25
760.0,595,426,2027-06-18,2026-09-25
770.0,225,374,2027-06-18,2026-09-25
780.0,468,1890,2027-06-18,2026-09-25
790.0,1234,320,2027-06-18,2026-09-25
800.0,0,290,2027-06-18,2026-09-25
800.0,1856,3090,2027-06-18,2026-09-25
810.0,160,436,2027-06-18,2026-09-25
820.0,395,297,2027-06-18,2026-09-25
830.0,632,468,2027-06-18,2026-09-25
840.0,269,739,2027-06-18,2026-09-25
850.0,822,1421,2027-06-18,2026-09-25
860.0,291,267,2027-06-18,2026-09-25
870.0,1301,607,2027-06-18,2026-09-25
880.0,677,679,2027-06-18,2026-09-25
890.0,2079,232,2027-06-18,2026-09-25
900.0,3002,4984,2027-06-18,2026-09-25
910.0,1676,442,2027-06-18,2026-09-25
920.0,375,245,2027-06-18,2026-09-25
930.0,547,614,2027-06-18,2026-09-25
940.0,339,259,2027-06-18,2026-09-25
950.0,1282,1183,2027-06-18,2026-09-25
960.0,360,382,2027-06-18,2026-09-25
970.0,266,480,2027-06-18,2026-09-25
980.0,383,173,2027-06-18,2026-09-25
990.0,218,100,2027-06-18,2026-09-25
1000.0,2576,1422,2027-06-18,2026-09-25
1010.0,220,209,2027-06-18,2026-09-25
1020.0,295,69,2027-06-18,2026-09-25
1030.0,174,156,2027-06-18,2026-09-25
1040.0,222,80,2027-06-18,2026-09-25
1050.0,605,595,2027-06-18,2026-09-25
1060.0,741,680,2027-06-18,2026-09-25
1070.0,248,76,2027-06-18,2026-09-25
1080.0,485,121,2027-06-18,2026-09-25
1090.0,361,194,2027-06-18,2026-09-25
1100.0,2087,616,2027-06-18,2026-09-25
1110.0,251,77,2027-06-18,2026-09-25
1120.0,172,102,2027-06-18,2026-09-25
1130.0,111,53,2027-06-18,2026-09-25
1140.0,210,119,2027-06-18,2026-09-25
1150.0,549,1023,2027-06-18,2026-09-25
1160.0,370,36,2027-06-18,2026-09-25
1170.0,191,119,2027-06-18,2026-09-25
1180.0,320,99,2027-06-18,2026-09-25
1190.0,78,56,2027-06-18,2026-09-25
1200.0,2037,58,2027-06-18,2026-09-25
1210.0,1444,30,2027-06-18,2026-09-25
1220.0,181,47,2027-06-18,2026-09-25
1230.0,79,30,2027-06-18,2026-09-25
1240.0,231,106,2027-06-18,2026-09-25
1250.0,11,0,2027-06-18,2026-09-25
1250.0,858,519,2027-06-18,2026-09-25
1260.0,187,39,2027-06-18,2026-09-25
1270.0,101,27,2027-06-18,2026-09-25
1280.0,104,94,2027-06-18,2026-09-25
1290.0,536,111,2027-06-18,2026-09-25
1300.0,1415,247,2027-06-18,2026-09-25
1310.0,61,37,2027-06-18,2026-09-25
1320.0,285,79,2027-06-18,2026-09-25
1330.0,161,88,2027-06-18,2026-09-25
1340.0,310,59,2027-06-18,2026-09-25
1350.0,541,569,2027-06-18,2026-09-25
1360.0,334,50,2027-06-18,2026-09-25
1370.0,214,28,2027-06-18,2026-09-25
1380.0,299,65,2027-06-18,2026-09-25
1390.0,207,94,2027-06-18,2026-09-25
1400.0,1092,173,2027-06-18,2026-09-25
1410.0,379,141,2027-06-18,2026-09-25
1420.0,331,156,2027-06-18,2026-09-25
1430.0,423,81,2027-06-18,2026-09-25
1440.0,280,161,2027-06-18,2026-09-25
1450.0,393,79,2027-06-18,2026-09-25
1460.0,562,117,2027-06-18,2026-09-25
1470.0,289,19,2027-06-18,2026-09-25
1480.0,411,50,2027-06-18,2026-09-25
1490.0,170,38,2027-06-18,2026-09-25
1500.0,2353,111,2027-06-18,2026-09-25
1510.0,181,11,2027-06-18,2026-09-25
1520.0,548,35,2027-06-18,2026-09-25
1530.0,185,36,2027-06-18,2026-09-25
1540.0,162,28,2027-06-18,2026-09-25
1550.0,143,13,2027-06-18,2026-09-25
1560.0,355,13,2027-06-18,2026-09-25
1570.0,531,12,2027-06-18,2026-09-25
1580.0,105,31,2027-06-18,2026-09-25
1590.0,417,10,2027-06-18,2026-09-25
1600.0,1732,69,2027-06-18,2026-09-25
1610.0,271,10,2027-06-18,2026-09-25
1620.0,459,30,2027-06-18,2026-09-25
1630.0,209,77,2027-06-18,2026-09-25
1640.0,300,20,2027-06-18,2026-09-25
1650.0,298,28,2027-06-18,2026-09-25
1660.0,587,17,2027-06-18,2026-09-25
1670.0,136,82,2027-06-18,2026-09-25
1680.0,112,6,2027-06-18,2026-09-25
1690.0,253,35,2027-06-18,2026-09-25
1700.0,427,83,2027-06-18,2026-09-25
1710.0,303,27,2027-06-18,2026-09-25
1720.0,443,23,2027-06-18,2026-09-25
1730.0,181,17,2027-06-18,2026-09-25
1740.0,139,26,2027-06-18,2026-09-25
1750.0,330,16,2027-06-18,2026-09-25
1760.0,113,48,2027-06-18,2026-09-25
1770.0,171,18,2027-06-18,2026-09-25
1775.0,290,0,2027-06-18,2026-09-25
1780.0,304,52,2027-06-18,2026-09-25
1790.0,226,11,2027-06-18,2026-09-25
1800.0,1936,30,2027-06-18,2026-09-25
1810.0,197,7,2027-06-18,2026-09-25
1820.0,232,1,2027-06-18,2026-09-25
1830.0,386,2,2027-06-18,2026-09-25
1840.0,334,3,2027-06-18,2026-09-25
1850.0,200,20,2027-06-18,2026-09-25
1860.0,243,19,2027-06-18,2026-09-25
1870.0,163,0,2027-06-18,2026-09-25
1880.0,372,25,2027-06-18,2026-09-25
1890.0,289,0,2027-06-18,2026-09-25
1900.0,758,7,2027-06-18,2026-09-25
1910.0,568,99,2027-06-18,2026-09-25
1920.0,430,1,2027-06-18,2026-09-25
1930.0,531,1,2027-06-18,2026-09-25
1940.0,388,7,2027-06-18,2026-09-25
1950.0,357,0,2027-06-18,2026-09-25
1960.0,468,0,2027-06-18,2026-09-25
1970.0,123,1,2027-06-18,2026-09-25
1980.0,100,5,2027-06-18,2026-09-25
1990.0,38,1,2027-06-18,2026-09-25
2000.0,1867,6,2027-06-18,2026-09-25
2010.0,84,31,2027-06-18,2026-09-25
2020.0,247,1,2027-06-18,2026-09-25
2030.0,46,2,2027-06-18,2026-09-25
2040.0,68,10,2027-06-18,2026-09-25
2050.0,68,6,2027-06-18,2026-09-25
2060.0,107,10,2027-06-18,2026-09-25
2070.0,14,7,2027-06-18,2026-09-25
2080.0,46,10,2027-06-18,2026-09-25
2090.0,55,7,2027-06-18,2026-09-25
2100.0,330,34,2027-06-18,2026-09-25
2110.0,105,2,2027-06-18,2026-09-25
2120.0,26,0,2027-06-18,2026-09-25
2130.0,59,0,2027-06-18,2026-09-25
2140.0,217,47,2027-06-18,2026-09-25
2150.0,281,4,2027-06-18,2026-09-25
2160.0,307,0,2027-06-18,2026-09-25
2170.0,337,2,2027-06-18,2026-09-25
2180.0,66,3,2027-06-18,2026-09-25
2190.0,201,5,2027-06-18,2026-09-25
2200.0,88,18,2027-06-18,2026-09-25
2210.0,118,0,2027-06-18,2026-09-25
2220.0,126,6,2027-06-18,2026-09-25
2230.0,204,1,2027-06-18,2026-09-25
2240.0,18,0,2027-06-18,2026-09-25
2250.0,109,1,2027-06-18,2026-09-25
2260.0,52,0,2027-06-18,2026-09-25
2270.0,214,0,2027-06-18,2026-09-25
2280.0,35,0,2027-06-18,2026-09-25
2290.0,758,6,2027-06-18,2026-09-25
2300.0,148,0,2027-06-18,2026-09-25
2310.0,207,0,2027-06-18,2026-09-25
2320.0,308,0,2027-06-18,2026-09-25
2330.0,128,0,2027-06-18,2026-09-25
2340.0,207,0,2027-06-18,2026-09-25
2350.0,122,1,2027-06-18,2026-09-25
2360.0,185,0,2027-06-18,2026-09-25
2370.0,295,0,2027-06-18,2026-09-25
2380.0,307,0,2027-06-18,2026-09-25
2390.0,493,0,2027-06-18,2026-09-25
2400.0,181,0,2027-06-18,2026-09-25
2410.0,483,0,2027-06-18,2026-09-25
2420.0,294,0,2027-06-18,2026-09-25
2440.0,316,0,2027-06-18,2026-09-25
2460.0,591,0,2027-06-18,2026-09-25
2480.0,446,1,2027-06-18,2026-09-25
2500.0,3048,0,2027-06-18,2026-09-25
500.0,0,105,2027-07-17,2026-09-25
510.0,0,26,2027-07-17,2026-09-25
520.0,0,53,2027-07-17,2026-09-25
530.0,0,41,2027-07-17,2026-09-25
540.0,0,7,2027-07-17,2026-09-25
550.0,0,6,2027-07-17,2026-09-25
560.0,0,52,2027-07-17,2026-09-25
570.0,4,9,2027-07-17,2026-09-25
580.0,0,12,2027-07-17,2026-09-25
590.0,0,8,2027-07-17,2026-09-25
600.0,0,16,2027-07-17,2026-09-25
610.0,0,5,2027-07-17,2026-09-25
620.0,0,4,2027-07-17,2026-09-25
630.0,0,4,2027-07-17,2026-09-25
640.0,0,3,2027-07-17,2026-09-25
650.0,0,5,2027-07-17,2026-09-25
660.0,0,10,2027-07-17,2026-09-25
670.0,0,37,2027-07-17,2026-09-25
680.0,0,31,2027-07-17,2026-09-25
690.0,0,8,2027-07-17,2026-09-25
700.0,0,10,2027-07-17,2026-09-25
710.0,0,13,2027-07-17,2026-09-25
720.0,3,13,2027-07-17,2026-09-25
730.0,0,2,2027-07-17,2026-09-25
740.0,0,3,2027-07-17,2026-09-25
750.0,0,25,2027-07-17,2026-09-25
760.0,0,1,2027-07-17,2026-09-25
770.0,0,0,2027-07-17,2026-09-25
780.0,0,14,2027-07-17,2026-09-25
790.0,0,19,2027-07-17,2026-09-25
800.0,3,55,2027-07-17,2026-09-25
810.0,0,12,2027-07-17,2026-09-25
820.0,0,66,2027-07-17,2026-09-25
830.0,0,21,2027-07-17,2026-09-25
840.0,0,21,2027-07-17,2026-09-25
850.0,0,15,2027-07-17,2026-09-25
860.0,0,33,2027-07-17,2026-09-25
870.0,0,88,2027-07-17,2026-09-25
880.0,0,13,2027-07-17,2026-09-25
890.0,0,143,2027-07-17,2026-09-25
900.0,2,10,2027-07-17,2026-09-25
910.0,1,20,2027-07-17,2026-09-25
920.0,3,11,2027-07-17,2026-09-25
930.0,9,2,2027-07-17,2026-09-25
940.0,14,1,2027-07-17,2026-09-25
950.0,16,5,2027-07-17,2026-09-25
960.0,24,4,2027-07-17,2026-09-25
970.0,1,5,2027-07-17,2026-09-25
980.0,1,6,2027-07-17,2026-09-25
990.0,0,10,2027-07-17,2026-09-25
1000.0,23,12,2027-07-17,2026-09-25
1010.0,1,28,2027-07-17,2026-09-25
1020.0,0,37,2027-07-17,2026-09-25
1030.0,23,20,2027-07-17,2026-09-25
1040.0,1,21,2027-07-17,2026-09-25
1050.0,5,1,2027-07-17,2026-09-25
1060.0,3,104,2027-07-17,2026-09-25
1070.0,3,108,2027-07-17,2026-09-25
1080.0,3,25,2027-07-17,2026-09-25
1090.0,0,0,2027-07-17,2026-09-25
1100.0,18,0,2027-07-17,2026-09-25
1110.0,2,1,2027-07-17,2026-09-25
1120.0,20,16,2027-07-17,2026-09-25
1130.0,0,0,2027-07-17,2026-09-25
1140.0,1,0,2027-07-17,2026-09-25
1150.0,2,1,2027-07-17,2026-09-25
1160.0,1,0,2027-07-17,2026-09-25
1170.0,1,0,2027-07-17,2026-09-25
1180.0,0,1,2027-07-17,2026-09-25
1190.0,0,1,2027-07-17,2026-09-25
1200.0,14,1,2027-07-17,2026-09-25
1210.0,0,0,2027-07-17,2026-09-25
1220.0,15,1,2027-07-17,2026-09-25
1230.0,0,0,2027-07-17,2026-09-25
1240.0,1,0,2027-07-17,2026-09-25
1250.0,2,0,2027-07-17,2026-09-25
1260.0,1,2,2027-07-17,2026-09-25
1270.0,0,1,2027-07-17,2026-09-25
1280.0,0,1,2027-07-17,2026-09-25
1290.0,0,0,2027-07-17,2026-09-25
1300.0,16,12,2027-07-17,2026-09-25
1310.0,5,2,2027-07-17,2026-09-25
1320.0,8,4,2027-07-17,2026-09-25
1330.0,11,0,2027-07-17,2026-09-25
1340.0,6,3,2027-07-17,2026-09-25
1350.0,6,1,2027-07-17,2026-09-25
1360.0,11,1,2027-07-17,2026-09-25
1370.0,4,1,2027-07-17,2026-09-25
1380.0,2,0,2027-07-17,2026-09-25
1390.0,3,1,2027-07-17,2026-09-25
1400.0,8,0,2027-07-17,2026-09-25
1420.0,0,0,2027-07-17,2026-09-25
1440.0,1,0,2027-07-17,2026-09-25
1460.0,0,0,2027-07-17,2026-09-25
1480.0,0,0,2027-07-17,2026-09-25
1500.0,1,0,2027-07-17,2026-09-25
1520.0,2,0,2027-07-17,2026-09-25
1540.0,2,0,2027-07-17,2026-09-25
1560.0,1,0,2027-07-17,2026-09-25
1580.0,7,0,2027-07-17,2026-09-25
1600.0,28,3,2027-07-17,2026-09-25
5.0,4412,107,2027-09-18,2026-09-25
10.0,584,0,2027-09-18,2026-09-25
15.0,0,2,2027-09-18,2026-09-25
20.0,0,3,2027-09-18,2026-09-25
25.0,0,4,2027-09-18,2026-09-25
30.0,0,3,2027-09-18,2026-09-25
40.0,0,12,2027-09-18,2026-09-25
50.0,1,37,2027-09-18,2026-09-25
60.0,0,82,2027-09-18,2026-09-25
70.0,1,175,2027-09-18,2026-09-25
80.0,1,94,2027-09-18,2026-09-25
90.0,12,169,2027-09-18,2026-09-25
100.0,25,622,2027-09-18,2026-09-25
110.0,5,134,2027-09-18,2026-09-25
120.0,2,754,2027-09-18,2026-09-25
130.0,6,146,2027-09-18,2026-09-25
140.0,4,551,2027-09-18,2026-09-25
150.0,5,344,2027-09-18,2026-09-25
160.0,14,437,2027-09-18,2026-09-25
170.0,128,182,2027-09-18,2026-09-25
180.0,4,44,2027-09-18,2026-09-25
185.0,2,10,2027-09-18,2026-09-25
190.0,158,220,2027-09-18,2026-09-25
195.0,3,209,2027-09-18,2026-09-25
200.0,12,122,2027-09-18,2026-09-25
210.0,6,45,2027-09-18,2026-09-25
220.0,8,118,2027-09-18,2026-09-25
230.0,8,61,2027-09-18,2026-09-25
240.0,5,181,2027-09-18,2026-09-25
250.0,47,292,2027-09-18,2026-09-25
260.0,31,218,2027-09-18,2026-09-25
270.0,7,82,2027-09-18,2026-09-25
280.0,48,84,2027-09-18,2026-09-25
290.0,8,561,2027-09-18,2026-09-25
300.0,100,253,2027-09-18,2026-09-25
310.0,33,121,2027-09-18,2026-09-25
320.0,27,93,2027-09-18,2026-09-25
330.0,30,52,2027-09-18,2026-09-25
340.0,16,113,2027-09-18,2026-09-25
350.0,113,224,2027-09-18,2026-09-25
360.0,17,53,2027-09-18,2026-09-25
370.0,32,128,2027-09-18,2026-09-25
380.0,13,114,2027-09-18,2026-09-25
390.0,56,71,2027-09-18,2026-09-25
400.0,89,344,2027-09-18,2026-09-25
410.0,22,119,2027-09-18,2026-09-25
420.0,48,44,2027-09-18,2026-09-25
430.0,244,100,2027-09-18,2026-09-25
440.0,103,83,2027-09-18,2026-09-25
450.0,81,190,2027-09-18,2026-09-25
460.0,17,79,2027-09-18,2026-09-25
470.0,45,90,2027-09-18,2026-09-25
480.0,63,224,2027-09-18,2026-09-25
490.0,47,139,2027-09-18,2026-09-25
500.0,308,608,2027-09-18,2026-09-25
510.0,168,103,2027-09-18,2026-09-25
520.0,10,255,2027-09-18,2026-09-25
530.0,58,184,2027-09-18,2026-09-25
540.0,28,107,2027-09-18,2026-09-25
550.0,168,447,2027-09-18,2026-09-25
560.0,153,224,2027-09-18,2026-09-25
570.0,276,137,2027-09-18,2026-09-25
580.0,65,295,2027-09-18,2026-09-25
590.0,22,167,2027-09-18,2026-09-25
600.0,624,957,2027-09-18,2026-09-25
610.0,80,225,2027-09-18,2026-09-25
620.0,65,138,2027-09-18,2026-09-25
630.0,105,393,2027-09-18,2026-09-25
640.0,93,197,2027-09-18,2026-09-25
650.0,133,1429,2027-09-18,2026-09-25
660.0,275,176,2027-09-18,2026-09-25
670.0,120,224,2027-09-18,2026-09-25
680.0,123,207,2027-09-18,2026-09-25
690.0,92,229,2027-09-18,2026-09-25
700.0,646,796,2027-09-18,2026-09-25
710.0,51,140,2027-09-18,2026-09-25
720.0,109,66,2027-09-18,2026-09-25
730.0,103,154,2027-09-18,2026-09-25
740.0,65,159,2027-09-18,2026-09-25
750.0,384,347,2027-09-18,2026-09-25
760.0,60,324,2027-09-18,2026-09-25
770.0,259,165,2027-09-18,2026-09-25
780.0,94,411,2027-09-18,2026-09-25
790.0,71,74,2027-09-18,2026-09-25
800.0,560,527,2027-09-18,2026-09-25
810.0,162,82,2027-09-18,2026-09-25
820.0,145,491,2027-09-18,2026-09-25
830.0,245,263,2027-09-18,2026-09-25
840.0,90,189,2027-09-18,2026-09-25
850.0,315,717,2027-09-18,2026-09-25
860.0,223,132,2027-09-18,2026-09-25
870.0,271,220,2027-09-18,2026-09-25
880.0,555,373,2027-09-18,2026-09-25
890.0,439,133,2027-09-18,2026-09-25
900.0,841,925,2027-09-18,2026-09-25
920.0,153,223,2027-09-18,2026-09-25
930.0,472,110,2027-09-18,2026-09-25
940.0,468,242,2027-09-18,2026-09-25
950.0,304,85,2027-09-18,2026-09-25
960.0,407,72,2027-09-18,2026-09-25
970.0,348,77,2027-09-18,2026-09-25
980.0,115,101,2027-09-18,2026-09-25
990.0,241,92,2027-09-18,2026-09-25
1000.0,907,215,2027-09-18,2026-09-25
1010.0,108,183,2027-09-18,2026-09-25
1020.0,247,58,2027-09-18,2026-09-25
1030.0,80,80,2027-09-18,2026-09-25
1040.0,94,99,2027-09-18,2026-09-25
1050.0,167,44,2027-09-18,2026-09-25
1060.0,153,40,2027-09-18,2026-09-25
1070.0,230,94,2027-09-18,2026-09-25
1080.0,97,250,2027-09-18,2026-09-25
1090.0,86,117,2027-09-18,2026-09-25
1100.0,530,627,2027-09-18,2026-09-25
1110.0,315,80,2027-09-18,2026-09-25
1120.0,129,19,2027-09-18,2026-09-25
1130.0,234,38,2027-09-18,2026-09-25
1140.0,63,60,2027-09-18,2026-09-25
1150.0,337,47,2027-09-18,2026-09-25
1160.0,78,22,2027-09-18,2026-09-25
1170.0,259,38,2027-09-18,2026-09-25
1180.0,53,12,2027-09-18,2026-09-25
1190.0,45,16,2027-09-18,2026-09-25
1200.0,571,526,2027-09-18,2026-09-25
1210.0,354,18,2027-09-18,2026-09-25
1220.0,566,54,2027-09-18,2026-09-25
1230.0,96,305,2027-09-18,2026-09-25
1240.0,538,169,2027-09-18,2026-09-25
1250.0,188,310,2027-09-18,2026-09-25
1260.0,371,38,2027-09-18,2026-09-25
1270.0,469,11,2027-09-18,2026-09-25
1280.0,45,444,2027-09-18,2026-09-25
1290.0,89,15,2027-09-18,2026-09-25
1300.0,243,222,2027-09-18,2026-09-25
1310.0,140,12,2027-09-18,2026-09-25
1320.0,490,146,2027-09-18,2026-09-25
1330.0,80,7,2027-09-18,2026-09-25
1340.0,72,3,2027-09-18,2026-09-25
1350.0,230,11,2027-09-18,2026-09-25
1360.0,160,63,2027-09-18,2026-09-25
1370.0,51,300,2027-09-18,2026-09-25
1380.0,34,4,2027-09-18,2026-09-25
1390.0,51,4,2027-09-18,2026-09-25
1400.0,719,86,2027-09-18,2026-09-25
1410.0,51,3,2027-09-18,2026-09-25
1420.0,646,32,2027-09-18,2026-09-25
1430.0,48,77,2027-09-18,2026-09-25
1440.0,102,11,2027-09-18,2026-09-25
1450.0,111,19,2027-09-18,2026-09-25
1460.0,133,66,2027-09-18,2026-09-25
1470.0,25,1,2027-09-18,2026-09-25
1480.0,122,444,2027-09-18,2026-09-25
1490.0,241,1,2027-09-18,2026-09-25
1500.0,380,294,2027-09-18,2026-09-25
1510.0,199,7,2027-09-18,2026-09-25
1520.0,312,3,2027-09-18,2026-09-25
1530.0,439,7,2027-09-18,2026-09-25
1540.0,187,33,2027-09-18,2026-09-25
1550.0,367,29,2027-09-18,2026-09-25
1560.0,457,8,2027-09-18,2026-09-25
1570.0,102,12,2027-09-18,2026-09-25
1580.0,298,101,2027-09-18,2026-09-25
1590.0,185,4,2027-09-18,2026-09-25
1600.0,221,47,2027-09-18,2026-09-25
1610.0,277,14,2027-09-18,2026-09-25
1620.0,892,90,2027-09-18,2026-09-25
1630.0,480,118,2027-09-18,2026-09-25
1640.0,136,1,2027-09-18,2026-09-25
1650.0,270,1,2027-09-18,2026-09-25
1660.0,787,16,2027-09-18,2026-09-25
1670.0,186,2,2027-09-18,2026-09-25
1680.0,187,2,2027-09-18,2026-09-25
1690.0,71,7,2027-09-18,2026-09-25
1700.0,109,255,2027-09-18,2026-09-25
1710.0,276,3,2027-09-18,2026-09-25
1720.0,146,12,2027-09-18,2026-09-25
1730.0,238,4,2027-09-18,2026-09-25
1740.0,409,7,2027-09-18,2026-09-25
1750.0,112,25,2027-09-18,2026-09-25
1760.0,144,6,2027-09-18,2026-09-25
1770.0,75,4,2027-09-18,2026-09-25
1780.0,363,7,2027-09-18,2026-09-25
1790.0,561,11,2027-09-18,2026-09-25
1800.0,449,4,2027-09-18,2026-09-25
1810.0,196,4,2027-09-18,2026-09-25
1820.0,158,3,2027-09-18,2026-09-25
1830.0,168,74,2027-09-18,2026-09-25
1840.0,180,5,2027-09-18,2026-09-25
1850.0,92,1,2027-09-18,2026-09-25
1860.0,96,1,2027-09-18,2026-09-25
1870.0,118,0,2027-09-18,2026-09-25
1880.0,158,4,2027-09-18,2026-09-25
1890.0,216,13,2027-09-18,2026-09-25
1900.0,359,31,2027-09-18,2026-09-25
1910.0,56,7,2027-09-18,2026-09-25
1920.0,18,0,2027-09-18,2026-09-25
1930.0,49,0,2027-09-18,2026-09-25
1940.0,54,0,2027-09-18,2026-09-25
1950.0,69,1,2027-09-18,2026-09-25
1960.0,14,0,2027-09-18,2026-09-25
1970.0,72,43,2027-09-18,2026-09-25
1980.0,200,40,2027-09-18,2026-09-25
1990.0,102,3,2027-09-18,2026-09-25
2000.0,620,4,2027-09-18,2026-09-25
2010.0,693,2,2027-09-18,2026-09-25
2020.0,79,0,2027-09-18,2026-09-25
2030.0,52,1,2027-09-18,2026-09-25
2040.0,21,0,2027-09-18,2026-09-25
2050.0,59,2,2027-09-18,2026-09-25
2060.0,18,1,2027-09-18,2026-09-25
2070.0,83,0,2027-09-18,2026-09-25
2080.0,45,6,2027-09-18,2026-09-25
2090.0,54,2,2027-09-18,2026-09-25
2100.0,71,24,2027-09-18,2026-09-25
2110.0,200,0,2027-09-18,2026-09-25
2120.0,37,0,2027-09-18,2026-09-25
2130.0,37,0,2027-09-18,2026-09-25
2140.0,54,1,2027-09-18,2026-09-25
2150.0,126,0,2027-09-18,2026-09-25
2160.0,35,2,2027-09-18,2026-09-25
2170.0,371,7,2027-09-18,2026-09-25
2180.0,3,2,2027-09-18,2026-09-25
2190.0,69,3,2027-09-18,2026-09-25
2200.0,124,11,2027-09-18,2026-09-25
2210.0,66,0,2027-09-18,2026-09-25
2220.0,51,5,2027-09-18,2026-09-25
2230.0,11,0,2027-09-18,2026-09-25
2240.0,121,1,2027-09-18,2026-09-25
2250.0,78,3,2027-09-18,2026-09-25
2260.0,133,1,2027-09-18,2026-09-25
2270.0,65,0,2027-09-18,2026-09-25
2280.0,14,1,2027-09-18,2026-09-25
2290.0,35,2,2027-09-18,2026-09-25
2300.0,29,1,2027-09-18,2026-09-25
2310.0,41,2,2027-09-18,2026-09-25
2320.0,99,2,2027-09-18,2026-09-25
2330.0,126,1,2027-09-18,2026-09-25
2340.0,119,0,2027-09-18,2026-09-25
2350.0,59,3,2027-09-18,2026-09-25
2360.0,88,2,2027-09-18,2026-09-25
2370.0,50,6,2027-09-18,2026-09-25
2380.0,140,3,2027-09-18,2026-09-25
2390.0,173,0,2027-09-18,2026-09-25
2400.0,261,0,2027-09-18,2026-09-25
2410.0,286,0,2027-09-18,2026-09-25
2420.0,340,5,2027-09-18,2026-09-25
2440.0,633,0,2027-09-18,2026-09-25
2460.0,642,0,2027-09-18,2026-09-25
2480.0,1059,3,2027-09-18,2026-09-25
2500.0,899,1,2027-09-18,2026-09-25
5.0,6272,1247,2027-12-18,2026-09-25
10.0,7,3,2027-12-18,2026-09-25
15.0,2,9,2027-12-18,2026-09-25
20.0,4,17,2027-12-18,2026-09-25
25.0,2201,1202,2027-12-18,2026-09-25
30.0,62,458,2027-12-18,2026-09-25
35.0,70,467,2027-12-18,2026-09-25
40.0,112,5497,2027-12-18,2026-09-25
45.0,113,399,2027-12-18,2026-09-25
50.0,154,853,2027-12-18,2026-09-25
55.0,189,1613,2027-12-18,2026-09-25
60.0,849,1145,2027-12-18,2026-09-25
65.0,136,1710,2027-12-18,2026-09-25
70.0,149,2471,2027-12-18,2026-09-25
75.0,501,1296,2027-12-18,2026-09-25
80.0,211,897,2027-12-18,2026-09-25
85.0,172,353,2027-12-18,2026-09-25
90.0,308,245,2027-12-18,2026-09-25
95.0,156,224,2027-12-18,2026-09-25
100.0,317,662,2027-12-18,2026-09-25
105.0,149,289,2027-12-18,2026-09-25
110.0,303,533,2027-12-18,2026-09-25
115.0,300,147,2027-12-18,2026-09-25
120.0,221,207,2027-12-18,2026-09-25
125.0,271,289,2027-12-18,2026-09-25
130.0,254,278,2027-12-18,2026-09-25
135.0,210,256,2027-12-18,2026-09-25
140.0,133,322,2027-12-18,2026-09-25
145.0,197,120,2027-12-18,2026-09-25
150.0,474,328,2027-12-18,2026-09-25
155.0,83,69,2027-12-18,2026-09-25
160.0,185,130,2027-12-18,2026-09-25
165.0,155,69,2027-12-18,2026-09-25
170.0,521,733,2027-12-18,2026-09-25
175.0,98,82,2027-12-18,2026-09-25
180.0,78,378,2027-12-18,2026-09-25
185.0,37,241,2027-12-18,2026-09-25
190.0,1360,670,2027-12-18,2026-09-25
195.0,231,43,2027-12-18,2026-09-25
200.0,383,418,2027-12-18,2026-09-25
210.0,299,243,2027-12-18,2026-09-25
220.0,160,129,2027-12-18,2026-09-25
230.0,240,165,2027-12-18,2026-09-25
240.0,130,123,2027-12-18,2026-09-25
250.0,50,0,2027-12-18,2026-09-25
250.0,94,217,2027-12-18,2026-09-25
260.0,144,188,2027-12-18,2026-09-25
270.0,89,86,2027-12-18,2026-09-25
280.0,196,434,2027-12-18,2026-09-25
290.0,165,486,2027-12-18,2026-09-25
300.0,320,349,2027-12-18,2026-09-25
310.0,171,99,2027-12-18,2026-09-25
320.0,124,147,2027-12-18,2026-09-25
330.0,213,242,2027-12-18,2026-09-25
340.0,120,104,2027-12-18,2026-09-25
350.0,92,100,2027-12-18,2026-09-25
360.0,87,165,2027-12-18,2026-09-25
370.0,89,221,2027-12-18,2026-09-25
380.0,177,137,2027-12-18,2026-09-25
390.0,134,136,2027-12-18,2026-09-25
400.0,795,726,2027-12-18,2026-09-25
410.0,159,182,2027-12-18,2026-09-25
420.0,121,149,2027-12-18,2026-09-25
430.0,397,288,2027-12-18,2026-09-25
440.0,68,210,2027-12-18,2026-09-25
450.0,361,205,2027-12-18,2026-09-25
460.0,87,39,2027-12-18,2026-09-25
470.0,579,85,2027-12-18,2026-09-25
480.0,124,112,2027-12-18,2026-09-25
490.0,254,355,2027-12-18,2026-09-25
500.0,517,771,2027-12-18,2026-09-25
510.0,192,135,2027-12-18,2026-09-25
520.0,263,93,2027-12-18,2026-09-25
530.0,270,62,2027-12-18,2026-09-25
540.0,74,61,2027-12-18,2026-09-25
550.0,381,210,2027-12-18,2026-09-25
560.0,246,86,2027-12-18,2026-09-25
570.0,149,89,2027-12-18,2026-09-25
580.0,291,92,2027-12-18,2026-09-25
590.0,143,100,2027-12-18,2026-09-25
600.0,451,347,2027-12-18,2026-09-25
610.0,86,95,2027-12-18,2026-09-25
620.0,147,72,2027-12-18,2026-09-25
630.0,543,183,2027-12-18,2026-09-25
640.0,289,172,2027-12-18,2026-09-25
650.0,587,792,2027-12-18,2026-09-25
660.0,96,184,2027-12-18,2026-09-25
670.0,77,28,2027-12-18,2026-09-25
680.0,377,478,2027-12-18,2026-09-25
690.0,386,86,2027-12-18,2026-09-25
700.0,792,1179,2027-12-18,2026-09-25
710.0,138,270,2027-12-18,2026-09-25
720.0,303,556,2027-12-18,2026-09-25
730.0,332,63,2027-12-18,2026-09-25
740.0,376,43,2027-12-18,2026-09-25
750.0,419,253,2027-12-18,2026-09-25
760.0,231,156,2027-12-18,2026-09-25
770.0,132,162,2027-12-18,2026-09-25
780.0,190,150,2027-12-18,2026-09-25
790.0,227,48,2027-12-18,2026-09-25
800.0,1024,638,2027-12-18,2026-09-25
810.0,227,270,2027-12-18,2026-09-25
820.0,236,156,2027-12-18,2026-09-25
830.0,147,247,2027-12-18,2026-09-25
840.0,198,634,2027-12-18,2026-09-25
850.0,229,452,2027-12-18,2026-09-25
860.0,236,269,2027-12-18,2026-09-25
870.0,320,68,2027-12-18,2026-09-25
880.0,505,266,2027-12-18,2026-09-25
890.0,658,262,2027-12-18,2026-09-25
900.0,768,566,2027-12-18,2026-09-25
910.0,1339,46,2027-12-18,2026-09-25
920.0,201,103,2027-12-18,2026-09-25
930.0,146,414,2027-12-18,2026-09-25
940.0,173,42,2027-12-18,2026-09-25
950.0,709,368,2027-12-18,2026-09-25
960.0,290,157,2027-12-18,2026-09-25
970.0,485,50,2027-12-18,2026-09-25
980.0,190,78,2027-12-18,2026-09-25
990.0,63,91,2027-12-18,2026-09-25
1000.0,636,1440,2027-12-18,2026-09-25
1010.0,152,113,2027-12-18,2026-09-25
1020.0,471,43,2027-12-18,2026-09-25
1030.0,162,79,2027-12-18,2026-09-25
1040.0,404,61,2027-12-18,2026-09-25
1050.0,452,31,2027-12-18,2026-09-25
1060.0,359,27,2027-12-18,2026-09-25
1070.0,562,49,2027-12-18,2026-09-25
1080.0,211,139,2027-12-18,2026-09-25
1090.0,273,200,2027-12-18,2026-09-25
1100.0,1158,316,2027-12-18,2026-09-25
1110.0,478,53,2027-12-18,2026-09-25
1120.0,229,83,2027-12-18,2026-09-25
1130.0,485,33,2027-12-18,2026-09-25
1140.0,168,13,2027-12-18,2026-09-25
1150.0,117,21,2027-12-18,2026-09-25
1160.0,132,22,2027-12-18,2026-09-25
1170.0,433,29,2027-12-18,2026-09-25
1180.0,286,47,2027-12-18,2026-09-25
1200.0,668,305,2027-12-18,2026-09-25
1220.0,344,163,2027-12-18,2026-09-25
1240.0,297,76,2027-12-18,2026-09-25
1260.0,782,428,2027-12-18,2026-09-25
1280.0,949,254,2027-12-18,2026-09-25
1300.0,901,251,2027-12-18,2026-09-25
1320.0,563,271,2027-12-18,2026-09-25
1340.0,390,29,2027-12-18,2026-09-25
1360.0,538,52,2027-12-18,2026-09-25
1380.0,418,66,2027-12-18,2026-09-25
1400.0,520,286,2027-12-18,2026-09-25
1420.0,567,147,2027-12-18,2026-09-25
1440.0,438,57,2027-12-18,2026-09-25
1460.0,340,271,2027-12-18,2026-09-25
1480.0,685,195,2027-12-18,2026-09-25
1490.0,246,73,2027-12-18,2026-09-25
1500.0,1775,239,2027-12-18,2026-09-25
1510.0,179,3,2027-12-18,2026-09-25
1520.0,210,50,2027-12-18,2026-09-25
1530.0,93,7,2027-12-18,2026-09-25
1540.0,87,11,2027-12-18,2026-09-25
1550.0,231,6,2027-12-18,2026-09-25
1560.0,60,39,2027-12-18,2026-09-25
1570.0,135,22,2027-12-18,2026-09-25
1580.0,120,112,2027-12-18,2026-09-25
1590.0,300,24,2027-12-18,2026-09-25
1600.0,552,52,2027-12-18,2026-09-25
1610.0,143,24,2027-12-18,2026-09-25
1620.0,227,5,2027-12-18,2026-09-25
1630.0,689,280,2027-12-18,2026-09-25
1640.0,118,48,2027-12-18,2026-09-25
1650.0,50,5,2027-12-18,2026-09-25
1660.0,72,7,2027-12-18,2026-09-25
1670.0,145,12,2027-12-18,2026-09-25
1680.0,354,7,2027-12-18,2026-09-25
1690.0,250,3,2027-12-18,2026-09-25
1700.0,1340,50,2027-12-18,2026-09-25
1710.0,155,11,2027-12-18,2026-09-25
1720.0,67,23,2027-12-18,2026-09-25
1730.0,111,1,2027-12-18,2026-09-25
1740.0,160,8,2027-12-18,2026-09-25
1750.0,256,4,2027-12-18,2026-09-25
1760.0,234,3,2027-12-18,2026-09-25
1770.0,122,14,2027-12-18,2026-09-25
1780.0,564,10,2027-12-18,2026-09-25
1790.0,246,26,2027-12-18,2026-09-25
1800.0,1338,81,2027-12-18,2026-09-25
1810.0,499,41,2027-12-18,2026-09-25
1820.0,535,15,2027-12-18,2026-09-25
1830.0,823,23,2027-12-18,2026-09-25
1840.0,181,5,2027-12-18,2026-09-25
1850.0,117,13,2027-12-18,2026-09-25
1860.0,91,8,2027-12-18,2026-09-25
1870.0,26,0,2027-12-18,2026-09-25
1880.0,349,125,2027-12-18,2026-09-25
1890.0,237,1,2027-12-18,2026-09-25
1900.0,348,201,2027-12-18,2026-09-25
1910.0,285,2,2027-12-18,2026-09-25
1920.0,234,11,2027-12-18,2026-09-25
1930.0,225,2,2027-12-18,2026-09-25
1940.0,86,1,2027-12-18,2026-09-25
1950.0,35,4,2027-12-18,2026-09-25
1960.0,161,1,2027-12-18,2026-09-25
1970.0,79,2,2027-12-18,2026-09-25
1980.0,543,15,2027-12-18,2026-09-25
1990.0,176,5,2027-12-18,2026-09-25
2000.0,885,132,2027-12-18,2026-09-25
2010.0,111,1,2027-12-18,2026-09-25
2020.0,164,4,2027-12-18,2026-09-25
2030.0,83,10,2027-12-18,2026-09-25
2040.0,60,4,2027-12-18,2026-09-25
2050.0,53,6,2027-12-18,2026-09-25
2060.0,37,20,2027-12-18,2026-09-25
2070.0,19,2,2027-12-18,2026-09-25
2080.0,30,120,2027-12-18,2026-09-25
2090.0,95,4,2027-12-18,2026-09-25
2100.0,157,47,2027-12-18,2026-09-25
2110.0,54,46,2027-12-18,2026-09-25
2120.0,208,5,2027-12-18,2026-09-25
2130.0,126,4,2027-12-18,2026-09-25
2140.0,32,6,2027-12-18,2026-09-25
2150.0,41,20,2027-12-18,2026-09-25
2160.0,152,26,2027-12-18,2026-09-25
2170.0,1031,36,2027-12-18,2026-09-25
2180.0,63,3,2027-12-18,2026-09-25
2190.0,143,32,2027-12-18,2026-09-25
2200.0,339,6,2027-12-18,2026-09-25
2210.0,15,6,2027-12-18,2026-09-25
2220.0,133,7,2027-12-18,2026-09-25
2230.0,119,11,2027-12-18,2026-09-25
2240.0,23,1,2027-12-18,2026-09-25
2250.0,19,22,2027-12-18,2026-09-25
2260.0,45,2,2027-12-18,2026-09-25
2270.0,23,4,2027-12-18,2026-09-25
2280.0,20,0,2027-12-18,2026-09-25
2290.0,701,9,2027-12-18,2026-09-25
2300.0,101,9,2027-12-18,2026-09-25
2310.0,31,1,2027-12-18,2026-09-25
2320.0,116,7,2027-12-18,2026-09-25
2330.0,451,2,2027-12-18,2026-09-25
2340.0,360,6,2027-12-18,2026-09-25
2350.0,102,1,2027-12-18,2026-09-25
2360.0,303,7,2027-12-18,2026-09-25
2370.0,154,5,2027-12-18,2026-09-25
2380.0,95,3,2027-12-18,2026-09-25
2390.0,282,9,2027-12-18,2026-09-25
2400.0,261,26,2027-12-18,2026-09-25
2410.0,274,22,2027-12-18,2026-09-25
2420.0,262,19,2027-12-18,2026-09-25
2440.0,258,97,2027-12-18,2026-09-25
2460.0,290,31,2027-12-18,2026-09-25
2480.0,517,62,2027-12-18,2026-09-25
2500.0,1952,115,2027-12-18,2026-09-25
5.0,1429,896,2028-01-22,2026-09-25
10.0,154,22,2028-01-22,2026-09-25
15.0,2,26,2028-01-22,2026-09-25
20.0,10,30,2028-01-22,2026-09-25
25.0,0,50,2028-01-22,2026-09-25
30.0,0,61,2028-01-22,2026-09-25
35.0,56,605,2028-01-22,2026-09-25
40.0,91,289,2028-01-22,2026-09-25
45.0,22,477,2028-01-22,2026-09-25
50.0,4,957,2028-01-22,2026-09-25
55.0,3,78,2028-01-22,2026-09-25
60.0,26,801,2028-01-22,2026-09-25
65.0,1,47,2028-01-22,2026-09-25
70.0,164,508,2028-01-22,2026-09-25
75.0,16,314,2028-01-22,2026-09-25
80.0,31,121,2028-01-22,2026-09-25
85.0,14,104,2028-01-22,2026-09-25
90.0,22,232,2028-01-22,2026-09-25
95.0,26,306,2028-01-22,2026-09-25
100.0,121,2500,2028-01-22,2026-09-25
105.0,32,214,2028-01-22,2026-09-25
110.0,52,355,2028-01-22,2026-09-25
115.0,31,300,2028-01-22,2026-09-25
120.0,97,534,2028-01-22,2026-09-25
125.0,33,169,2028-01-22,2026-09-25
130.0,121,376,2028-01-22,2026-09-25
135.0,84,60,2028-01-22,2026-09-25
140.0,100,174,2028-01-22,2026-09-25
145.0,42,40,2028-01-22,2026-09-25
150.0,262,138,2028-01-22,2026-09-25
155.0,79,385,2028-01-22,2026-09-25
160.0,77,744,2028-01-22,2026-09-25
165.0,207,173,2028-01-22,2026-09-25
170.0,216,307,2028-01-22,2026-09-25
175.0,97,246,2028-01-22,2026-09-25
180.0,93,224,2028-01-22,2026-09-25
185.0,70,424,2028-01-22,2026-09-25
190.0,244,209,2028-01-22,2026-09-25
195.0,107,474,2028-01-22,2026-09-25
200.0,2367,3910,2028-01-22,2026-09-25
210.0,167,325,2028-01-22,2026-09-25
220.0,255,557,2028-01-22,2026-09-25
230.0,544,348,2028-01-22,2026-09-25
240.0,304,471,2028-01-22,2026-09-25
250.0,0,10,2028-01-22,2026-09-25
250.0,421,953,2028-01-22,2026-09-25
260.0,486,307,2028-01-22,2026-09-25
270.0,177,639,2028-01-22,2026-09-25
280.0,406,712,2028-01-22,2026-09-25
290.0,177,587,2028-01-22,2026-09-25
300.0,809,2072,2028-01-22,2026-09-25
310.0,340,412,2028-01-22,2026-09-25
320.0,206,1422,2028-01-22,2026-09-25
330.0,1422,1047,2028-01-22,2026-09-25
340.0,304,382,2028-01-22,2026-09-25
350.0,825,495,2028-01-22,2026-09-25
360.0,357,92,2028-01-22,2026-09-25
370.0,460,230,2028-01-22,2026-09-25
380.0,332,228,2028-01-22,2026-09-25
390.0,125,101,2028-01-22,2026-09-25
400.0,561,609,2028-01-22,2026-09-25
410.0,334,244,2028-01-22,2026-09-25
420.0,109,238,2028-01-22,2026-09-25
430.0,187,510,2028-01-22,2026-09-25
440.0,256,142,2028-01-22,2026-09-25
450.0,411,805,2028-01-22,2026-09-25
460.0,152,188,2028-01-22,2026-09-25
470.0,139,1228,2028-01-22,2026-09-25
480.0,198,778,2028-01-22,2026-09-25
490.0,346,249,2028-01-22,2026-09-25
500.0,1910,3067,2028-01-22,2026-09-25
510.0,193,73,2028-01-22,2026-09-25
520.0,486,674,2028-01-22,2026-09-25
530.0,85,100,2028-01-22,2026-09-25
540.0,608,175,2028-01-22,2026-09-25
550.0,468,598,2028-01-22,2026-09-25
560.0,351,471,2028-01-22,2026-09-25
570.0,174,143,2028-01-22,2026-09-25
580.0,76,313,2028-01-22,2026-09-25
590.0,144,147,2028-01-22,2026-09-25
600.0,1152,1624,2028-01-22,2026-09-25
610.0,207,104,2028-01-22,2026-09-25
620.0,201,162,2028-01-22,2026-09-25
630.0,65,219,2028-01-22,2026-09-25
640.0,158,321,2028-01-22,2026-09-25
650.0,381,250,2028-01-22,2026-09-25
660.0,92,154,2028-01-22,2026-09-25
670.0,300,320,2028-01-22,2026-09-25
680.0,373,269,2028-01-22,2026-09-25
690.0,390,125,2028-01-22,2026-09-25
700.0,1189,1236,2028-01-22,2026-09-25
710.0,198,183,2028-01-22,2026-09-25
720.0,975,161,2028-01-22,2026-09-25
730.0,641,352,2028-01-22,2026-09-25
740.0,209,262,2028-01-22,2026-09-25
750.0,602,1356,2028-01-22,2026-09-25
760.0,0,20,2028-01-22,2026-09-25
760.0,487,116,2028-01-22,2026-09-25
770.0,107,208,2028-01-22,2026-09-25
780.0,325,371,2028-01-22,2026-09-25
790.0,216,364,2028-01-22,2026-09-25
800.0,746,2355,2028-01-22,2026-09-25
810.0,630,49,2028-01-22,2026-09-25
820.0,790,254,2028-01-22,2026-09-25
830.0,246,99,2028-01-22,2026-09-25
840.0,169,485,2028-01-22,2026-09-25
850.0,489,868,2028-01-22,2026-09-25
860.0,166,100,2028-01-22,2026-09-25
870.0,303,133,2028-01-22,2026-09-25
880.0,418,209,2028-01-22,2026-09-25
890.0,585,334,2028-01-22,2026-09-25
900.0,3348,1520,2028-01-22,2026-09-25
910.0,2086,157,2028-01-22,2026-09-25
920.0,157,424,2028-01-22,2026-09-25
930.0,146,124,2028-01-22,2026-09-25
940.0,427,664,2028-01-22,2026-09-25
950.0,756,477,2028-01-22,2026-09-25
960.0,79,306,2028-01-22,2026-09-25
970.0,212,54,2028-01-22,2026-09-25
980.0,505,163,2028-01-22,2026-09-25
990.0,323,171,2028-01-22,2026-09-25
1000.0,1159,885,2028-01-22,2026-09-25
1010.0,237,187,2028-01-22,2026-09-25
1020.0,286,90,2028-01-22,2026-09-25
1030.0,262,70,2028-01-22,2026-09-25
1040.0,426,96,2028-01-22,2026-09-25
1050.0,413,304,2028-01-22,2026-09-25
1060.0,449,91,2028-01-22,2026-09-25
1070.0,104,341,2028-01-22,2026-09-25
1080.0,499,190,2028-01-22,2026-09-25
1090.0,362,186,2028-01-22,2026-09-25
1100.0,1963,1193,2028-01-22,2026-09-25
1110.0,229,44,2028-01-22,2026-09-25
1120.0,182,104,2028-01-22,2026-09-25
1130.0,142,71,2028-01-22,2026-09-25
1140.0,423,62,2028-01-22,2026-09-25
1150.0,212,207,2028-01-22,2026-09-25
1160.0,99,53,2028-01-22,2026-09-25
1170.0,301,53,2028-01-22,2026-09-25
1180.0,423,16,2028-01-22,2026-09-25
1190.0,102,23,2028-01-22,2026-09-25
1200.0,1983,1604,2028-01-22,2026-09-25
1210.0,488,112,2028-01-22,2026-09-25
1220.0,190,310,2028-01-22,2026-09-25
1230.0,241,45,2028-01-22,2026-09-25
1240.0,133,44,2028-01-22,2026-09-25
1250.0,378,1079,2028-01-22,2026-09-25
1260.0,1177,134,2028-01-22,2026-09-25
1270.0,203,9,2028-01-22,2026-09-25
1280.0,3130,937,2028-01-22,2026-09-25
1290.0,409,95,2028-01-22,2026-09-25
1300.0,1062,367,2028-01-22,2026-09-25
1310.0,228,583,2028-01-22,2026-09-25
1320.0,641,66,2028-01-22,2026-09-25
1330.0,309,9,2028-01-22,2026-09-25
1340.0,452,20,2028-01-22,2026-09-25
1350.0,702,226,2028-01-22,2026-09-25
1360.0,398,11,2028-01-22,2026-09-25
1370.0,221,19,2028-01-22,2026-09-25
1380.0,170,19,2028-01-22,2026-09-25
1390.0,50,312,2028-01-22,2026-09-25
1400.0,1856,396,2028-01-22,2026-09-25
1410.0,84,6,2028-01-22,2026-09-25
1420.0,511,16,2028-01-22,2026-09-25
1430.0,92,13,2028-01-22,2026-09-25
1440.0,188,39,2028-01-22,2026-09-25
1450.0,290,13,2028-01-22,2026-09-25
1460.0,116,96,2028-01-22,2026-09-25
1470.0,88,26,2028-01-22,2026-09-25
1480.0,3320,950,2028-01-22,2026-09-25
1490.0,287,49,2028-01-22,2026-09-25
1500.0,1272,333,2028-01-22,2026-09-25
1510.0,724,17,2028-01-22,2026-09-25
1520.0,739,63,2028-01-22,2026-09-25
1530.0,313,8,2028-01-22,2026-09-25
1540.0,116,24,2028-01-22,2026-09-25
1550.0,502,17,2028-01-22,2026-09-25
1560.0,306,280,2028-01-22,2026-09-25
1570.0,547,8,2028-01-22,2026-09-25
1580.0,341,191,2028-01-22,2026-09-25
1590.0,330,90,2028-01-22,2026-09-25
1600.0,780,187,2028-01-22,2026-09-25
1610.0,593,2,2028-01-22,2026-09-25
1620.0,216,570,2028-01-22,2026-09-25
1630.0,1118,66,2028-01-22,2026-09-25
1640.0,116,2,2028-01-22,2026-09-25
1650.0,59,44,2028-01-22,2026-09-25
1660.0,106,10,2028-01-22,2026-09-25
1670.0,298,10,2028-01-22,2026-09-25
1680.0,835,5,2028-01-22,2026-09-25
1690.0,134,100,2028-01-22,2026-09-25
1700.0,560,51,2028-01-22,2026-09-25
1710.0,137,2,2028-01-22,2026-09-25
1720.0,392,2,2028-01-22,2026-09-25
1730.0,73,3,2028-01-22,2026-09-25
1740.0,0,0,2028-01-22,2026-09-25
1740.0,58,22,2028-01-22,2026-09-25
1750.0,139,77,2028-01-22,2026-09-25
1760.0,20,0,2028-01-22,2026-09-25
1760.0,224,23,2028-01-22,2026-09-25
1770.0,30,4,2028-01-22,2026-09-25
1780.0,50,265,2028-01-22,2026-09-25
1790.0,239,195,2028-01-22,2026-09-25
1800.0,748,36,2028-01-22,2026-09-25
1805.0,3,0,2028-01-22,2026-09-25
1810.0,231,267,2028-01-22,2026-09-25
1820.0,1640,39,2028-01-22,2026-09-25
1830.0,1746,67,2028-01-22,2026-09-25
1835.0,50,0,2028-01-22,2026-09-25
1840.0,82,37,2028-01-22,2026-09-25
1847.0,5,0,2028-01-22,2026-09-25
1850.0,514,23,2028-01-22,2026-09-25
1860.0,61,14,2028-01-22,2026-09-25
1870.0,136,0,2028-01-22,2026-09-25
1880.0,49,18,2028-01-22,2026-09-25
1890.0,126,23,2028-01-22,2026-09-25
1900.0,461,156,2028-01-22,2026-09-25
1910.0,580,2,2028-01-22,2026-09-25
1920.0,83,20,2028-01-22,2026-09-25
1930.0,212,3,2028-01-22,2026-09-25
1940.0,70,3,2028-01-22,2026-09-25
1950.0,392,15,2028-01-22,2026-09-25
1960.0,547,1,2028-01-22,2026-09-25
1970.0,380,21,2028-01-22,2026-09-25
1980.0,41,11,2028-01-22,2026-09-25
1990.0,548,13,2028-01-22,2026-09-25
2000.0,1845,28,2028-01-22,2026-09-25
2070.0,239,23,2028-01-22,2026-09-25
2080.0,289,24,2028-01-22,2026-09-25
2090.0,272,194,2028-01-22,2026-09-25
2100.0,357,155,2028-01-22,2026-09-25
2110.0,61,1,2028-01-22,2026-09-25
2120.0,224,1,2028-01-22,2026-09-25
2130.0,79,21,2028-01-22,2026-09-25
2140.0,154,23,2028-01-22,2026-09-25
2150.0,212,64,2028-01-22,2026-09-25
2160.0,66,18,2028-01-22,2026-09-25
2170.0,98,26,2028-01-22,2026-09-25
2180.0,20,2,2028-01-22,2026-09-25
2190.0,53,1,2028-01-22,2026-09-25
2200.0,418,22,2028-01-22,2026-09-25
2210.0,60,0,2028-01-22,2026-09-25
2220.0,97,16,2028-01-22,2026-09-25
2230.0,4,1,2028-01-22,2026-09-25
2240.0,21,14,2028-01-22,2026-09-25
2250.0,49,4,2028-01-22,2026-09-25
2260.0,11,5,2028-01-22,2026-09-25
2270.0,111,0,2028-01-22,2026-09-25
2280.0,12,5,2028-01-22,2026-09-25
2290.0,99,189,2028-01-22,2026-09-25
2300.0,184,11,2028-01-22,2026-09-25
2310.0,107,1,2028-01-22,2026-09-25
2320.0,14,0,2028-01-22,2026-09-25
2330.0,62,2,2028-01-22,2026-09-25
2340.0,49,0,2028-01-22,2026-09-25
2350.0,455,3,2028-01-22,2026-09-25
2360.0,135,0,2028-01-22,2026-09-25
2370.0,62,1,2028-01-22,2026-09-25
2380.0,635,16,2028-01-22,2026-09-25
2390.0,456,4,2028-01-22,2026-09-25
2400.0,816,16,2028-01-22,2026-09-25
2410.0,215,2,2028-01-22,2026-09-25
2420.0,585,76,2028-01-22,2026-09-25
2440.0,326,17,2028-01-22,2026-09-25
2460.0,661,16,2028-01-22,2026-09-25
2480.0,958,19,2028-01-22,2026-09-25
2500.0,3256,123,2028-01-22,2026-09-25
5.0,620,55,2028-06-17,2026-09-25
10.0,7,3,2028-06-17,2026-09-25
15.0,0,3,2028-06-17,2026-09-25
20.0,1,10,2028-06-17,2026-09-25
25.0,19,28,2028-06-17,2026-09-25
30.0,1,33,2028-06-17,2026-09-25
35.0,1,9,2028-06-17,2026-09-25
40.0,0,35,2028-06-17,2026-09-25
45.0,0,4,2028-06-17,2026-09-25
50.0,0,170,2028-06-17,2026-09-25
55.0,0,36,2028-06-17,2026-09-25
60.0,0,28,2028-06-17,2026-09-25
65.0,0,25,2028-06-17,2026-09-25
70.0,0,32,2028-06-17,2026-09-25
75.0,0,524,2028-06-17,2026-09-25
80.0,19,294,2028-06-17,2026-09-25
85.0,0,233,2028-06-17,2026-09-25
90.0,1,867,2028-06-17,2026-09-25
95.0,0,311,2028-06-17,2026-09-25
100.0,13,1412,2028-06-17,2026-09-25
105.0,8,832,2028-06-17,2026-09-25
110.0,1,1655,2028-06-17,2026-09-25
115.0,0,303,2028-06-17,2026-09-25
120.0,2,527,2028-06-17,2026-09-25
125.0,1,225,2028-06-17,2026-09-25
130.0,7,932,2028-06-17,2026-09-25
135.0,3,510,2028-06-17,2026-09-25
140.0,5,648,2028-06-17,2026-09-25
145.0,2,48,2028-06-17,2026-09-25
150.0,5,21,2028-06-17,2026-09-25
155.0,16,85,2028-06-17,2026-09-25
160.0,4,221,2028-06-17,2026-09-25
165.0,2,35,2028-06-17,2026-09-25
170.0,3,713,2028-06-17,2026-09-25
175.0,3,51,2028-06-17,2026-09-25
180.0,8,37,2028-06-17,2026-09-25
185.0,18,16,2028-06-17,2026-09-25
190.0,8,38,2028-06-17,2026-09-25
195.0,5,84,2028-06-17,2026-09-25
200.0,108,295,2028-06-17,2026-09-25
210.0,21,37,2028-06-17,2026-09-25
220.0,157,68,2028-06-17,2026-09-25
230.0,1,91,2028-06-17,2026-09-25
240.0,12,67,2028-06-17,2026-09-25
250.0,26,123,2028-06-17,2026-09-25
260.0,7,20,2028-06-17,2026-09-25
270.0,11,278,2028-06-17,2026-09-25
280.0,1,23,2028-06-17,2026-09-25
290.0,7,13,2028-06-17,2026-09-25
300.0,29,137,2028-06-17,2026-09-25
310.0,7,69,2028-06-17,2026-09-25
320.0,14,144,2028-06-17,2026-09-25
330.0,4,106,2028-06-17,2026-09-25
340.0,6,76,2028-06-17,2026-09-25
350.0,30,354,2028-06-17,2026-09-25
360.0,9,40,2028-06-17,2026-09-25
370.0,16,63,2028-06-17,2026-09-25
380.0,12,29,2028-06-17,2026-09-25
390.0,40,74,2028-06-17,2026-09-25
400.0,104,98,2028-06-17,2026-09-25
410.0,31,26,2028-06-17,2026-09-25
420.0,22,83,2028-06-17,2026-09-25
430.0,7,58,2028-06-17,2026-09-25
440.0,31,62,2028-06-17,2026-09-25
450.0,42,117,2028-06-17,2026-09-25
460.0,99,82,2028-06-17,2026-09-25
470.0,49,42,2028-06-17,2026-09-25
480.0,40,55,2028-06-17,2026-09-25
490.0,91,72,2028-06-17,2026-09-25
500.0,107,463,2028-06-17,2026-09-25
510.0,22,128,2028-06-17,2026-09-25
520.0,119,102,2028-06-17,2026-09-25
530.0,83,40,2028-06-17,2026-09-25
540.0,96,98,2028-06-17,2026-09-25
550.0,100,34,2028-06-17,2026-09-25
560.0,314,107,2028-06-17,2026-09-25
570.0,84,47,2028-06-17,2026-09-25
580.0,104,101,2028-06-17,2026-09-25
590.0,81,58,2028-06-17,2026-09-25
600.0,254,278,2028-06-17,2026-09-25
610.0,18,30,2028-06-17,2026-09-25
620.0,32,40,2028-06-17,2026-09-25
630.0,152,65,2028-06-17,2026-09-25
640.0,330,125,2028-06-17,2026-09-25
650.0,105,139,2028-06-17,2026-09-25
660.0,38,37,2028-06-17,2026-09-25
670.0,39,42,2028-06-17,2026-09-25
680.0,16,84,2028-06-17,2026-09-25
690.0,115,67,2028-06-17,2026-09-25
700.0,169,541,2028-06-17,2026-09-25
710.0,29,104,2028-06-17,2026-09-25
720.0,136,43,2028-06-17,2026-09-25
730.0,46,323,2028-06-17,2026-09-25
740.0,46,39,2028-06-17,2026-09-25
750.0,287,286,2028-06-17,2026-09-25
760.0,66,38,2028-06-17,2026-09-25
770.0,39,63,2028-06-17,2026-09-25
780.0,149,168,2028-06-17,2026-09-25
790.0,240,141,2028-06-17,2026-09-25
800.0,358,437,2028-06-17,2026-09-25
810.0,114,116,2028-06-17,2026-09-25
820.0,28,616,2028-06-17,2026-09-25
830.0,128,327,2028-06-17,2026-09-25
840.0,78,176,2028-06-17,2026-09-25
850.0,79,440,2028-06-17,2026-09-25
860.0,74,129,2028-06-17,2026-09-25
870.0,45,78,2028-06-17,2026-09-25
880.0,54,173,2028-06-17,2026-09-25
890.0,140,126,2028-06-17,2026-09-25
900.0,511,304,2028-06-17,2026-09-25
910.0,69,228,2028-06-17,2026-09-25
920.0,171,38,2028-06-17,2026-09-25
930.0,93,131,2028-06-17,2026-09-25
940.0,79,61,2028-06-17,2026-09-25
950.0,122,147,2028-06-17,2026-09-25
960.0,323,82,2028-06-17,2026-09-25
970.0,224,100,2028-06-17,2026-09-25
980.0,156,47,2028-06-17,2026-09-25
990.0,118,100,2028-06-17,2026-09-25
1000.0,715,213,2028-06-17,2026-09-25
1010.0,221,226,2028-06-17,2026-09-25
1020.0,94,249,2028-06-17,2026-09-25
1030.0,347,326,2028-06-17,2026-09-25
1040.0,91,513,2028-06-17,2026-09-25
1050.0,29,521,2028-06-17,2026-09-25
1060.0,111,386,2028-06-17,2026-09-25
1070.0,84,426,2028-06-17,2026-09-25
1080.0,172,116,2028-06-17,2026-09-25
1090.0,173,129,2028-06-17,2026-09-25
1100.0,246,165,2028-06-17,2026-09-25
1110.0,31,23,2028-06-17,2026-09-25
1120.0,149,35,2028-06-17,2026-09-25
1130.0,28,94,2028-06-17,2026-09-25
1140.0,44,28,2028-06-17,2026-09-25
1150.0,356,42,2028-06-17,2026-09-25
1160.0,12,14,2028-06-17,2026-09-25
1170.0,223,25,2028-06-17,2026-09-25
1180.0,396,116,2028-06-17,2026-09-25
1190.0,12,162,2028-06-17,2026-09-25
1200.0,436,268,2028-06-17,2026-09-25
1210.0,27,42,2028-06-17,2026-09-25
1220.0,453,23,2028-06-17,2026-09-25
1230.0,75,37,2028-06-17,2026-09-25
1240.0,103,35,2028-06-17,2026-09-25
1250.0,86,76,2028-06-17,2026-09-25
1260.0,206,153,2028-06-17,2026-09-25
1270.0,163,119,2028-06-17,2026-09-25
1280.0,360,412,2028-06-17,2026-09-25
1290.0,70,310,2028-06-17,2026-09-25
1300.0,584,118,2028-06-17,2026-09-25
1310.0,186,70,2028-06-17,2026-09-25
1320.0,261,114,2028-06-17,2026-09-25
1330.0,111,62,2028-06-17,2026-09-25
1340.0,255,40,2028-06-17,2026-09-25
1350.0,139,45,2028-06-17,2026-09-25
1360.0,221,22,2028-06-17,2026-09-25
1370.0,113,24,2028-06-17,2026-09-25
1380.0,22,214,2028-06-17,2026-09-25
1390.0,113,7,2028-06-17,2026-09-25
1400.0,610,105,2028-06-17,2026-09-25
1410.0,50,35,2028-06-17,2026-09-25
1420.0,208,24,2028-06-17,2026-09-25
1430.0,101,8,2028-06-17,2026-09-25
1440.0,137,30,2028-06-17,2026-09-25
1450.0,21,12,2028-06-17,2026-09-25
1460.0,180,29,2028-06-17,2026-09-25
1470.0,384,15,2028-06-17,2026-09-25
1480.0,262,97,2028-06-17,2026-09-25
1490.0,78,16,2028-06-17,2026-09-25
1500.0,705,77,2028-06-17,2026-09-25
1510.0,68,35,2028-06-17,2026-09-25
1520.0,230,8,2028-06-17,2026-09-25
1530.0,69,68,2028-06-17,2026-09-25
1540.0,28,36,2028-06-17,2026-09-25
1550.0,91,31,2028-06-17,2026-09-25
1560.0,59,18,2028-06-17,2026-09-25
1570.0,86,2,2028-06-17,2026-09-25
1580.0,14,29,2028-06-17,2026-09-25
1590.0,238,85,2028-06-17,2026-09-25
1600.0,184,168,2028-06-17,2026-09-25
1610.0,96,31,2028-06-17,2026-09-25
1620.0,174,87,2028-06-17,2026-09-25
1630.0,218,73,2028-06-17,2026-09-25
1640.0,54,2,2028-06-17,2026-09-25
1650.0,73,47,2028-06-17,2026-09-25
1660.0,36,1,2028-06-17,2026-09-25
1670.0,26,7,2028-06-17,2026-09-25
1680.0,95,16,2028-06-17,2026-09-25
1690.0,48,4,2028-06-17,2026-09-25
1700.0,505,99,2028-06-17,2026-09-25
1710.0,49,20,2028-06-17,2026-09-25
1720.0,136,16,2028-06-17,2026-09-25
1730.0,548,15,2028-06-17,2026-09-25
1740.0,276,9,2028-06-17,2026-09-25
1750.0,129,31,2028-06-17,2026-09-25
1760.0,124,6,2028-06-17,2026-09-25
1770.0,159,14,2028-06-17,2026-09-25
1780.0,163,3,2028-06-17,2026-09-25
1790.0,18,174,2028-06-17,2026-09-25
1800.0,147,126,2028-06-17,2026-09-25
1810.0,631,12,2028-06-17,2026-09-25
1820.0,152,35,2028-06-17,2026-09-25
1830.0,146,15,2028-06-17,2026-09-25
1840.0,141,144,2028-06-17,2026-09-25
1850.0,102,4,2028-06-17,2026-09-25
1860.0,207,2,2028-06-17,2026-09-25
1870.0,166,2,2028-06-17,2026-09-25
1880.0,77,2,2028-06-17,2026-09-25
1890.0,47,2,2028-06-17,2026-09-25
1900.0,123,9,2028-06-17,2026-09-25
1910.0,70,5,2028-06-17,2026-09-25
1920.0,173,1,2028-06-17,2026-09-25
1930.0,99,17,2028-06-17,2026-09-25
1940.0,72,12,2028-06-17,2026-09-25
1950.0,891,29,2028-06-17,2026-09-25
1960.0,86,4,2028-06-17,2026-09-25
1970.0,34,0,2028-06-17,2026-09-25
1980.0,174,6,2028-06-17,2026-09-25
1990.0,109,44,2028-06-17,2026-09-25
2000.0,169,59,2028-06-17,2026-09-25
2010.0,172,8,2028-06-17,2026-09-25
2020.0,94,6,2028-06-17,2026-09-25
2030.0,265,2,2028-06-17,2026-09-25
2040.0,55,4,2028-06-17,2026-09-25
2050.0,22,53,2028-06-17,2026-09-25
2060.0,110,2,2028-06-17,2026-09-25
2070.0,51,2,2028-06-17,2026-09-25
2080.0,159,15,2028-06-17,2026-09-25
2090.0,80,0,2028-06-17,2026-09-25
2100.0,280,27,2028-06-17,2026-09-25
2110.0,25,3,2028-06-17,2026-09-25
2120.0,126,6,2028-06-17,2026-09-25
2130.0,89,2,2028-06-17,2026-09-25
2140.0,126,3,2028-06-17,2026-09-25
2150.0,37,21,2028-06-17,2026-09-25
2160.0,63,7,2028-06-17,2026-09-25
2170.0,104,11,2028-06-17,2026-09-25
2180.0,14,2,2028-06-17,2026-09-25
2190.0,57,0,2028-06-17,2026-09-25
2200.0,347,7,2028-06-17,2026-09-25
2210.0,182,0,2028-06-17,2026-09-25
2220.0,108,13,2028-06-17,2026-09-25
2230.0,51,9,2028-06-17,2026-09-25
2240.0,105,142,2028-06-17,2026-09-25
2250.0,59,25,2028-06-17,2026-09-25
2260.0,42,1,2028-06-17,2026-09-25
2270.0,161,3,2028-06-17,2026-09-25
2280.0,20,2,2028-06-17,2026-09-25
2290.0,22,2,2028-06-17,2026-09-25
2300.0,163,7,2028-06-17,2026-09-25
2310.0,51,4,2028-06-17,2026-09-25
2320.0,100,21,2028-06-17,2026-09-25
2330.0,105,7,2028-06-17,2026-09-25
2340.0,17,2,2028-06-17,2026-09-25
2350.0,22,51,2028-06-17,2026-09-25
2360.0,46,12,2028-06-17,2026-09-25
2370.0,258,26,2028-06-17,2026-09-25
2380.0,154,133,2028-06-17,2026-09-25
2390.0,148,2,2028-06-17,2026-09-25
2400.0,260,27,2028-06-17,2026-09-25
2410.0,173,10,2028-06-17,2026-09-25
2420.0,198,18,2028-06-17,2026-09-25
2440.0,175,6,2028-06-17,2026-09-25
2460.0,467,45,2028-06-17,2026-09-25
2480.0,818,53,2028-06-17,2026-09-25
2500.0,2362,84,2028-06-17,2026-09-25
5.0,1602,960,2028-12-16,2026-09-25
10.0,106,75,2028-12-16,2026-09-25
15.0,7,124,2028-12-16,2026-09-25
20.0,3,61,2028-12-16,2026-09-25
25.0,43,2012,2028-12-16,2026-09-25
30.0,9,110,2028-12-16,2026-09-25
35.0,5,345,2028-12-16,2026-09-25
40.0,2,1112,2028-12-16,2026-09-25
45.0,2,1106,2028-12-16,2026-09-25
50.0,56,1841,2028-12-16,2026-09-25
55.0,24,114,2028-12-16,2026-09-25
60.0,17,217,2028-12-16,2026-09-25
65.0,1,134,2028-12-16,2026-09-25
70.0,126,43,2028-12-16,2026-09-25
75.0,23,123,2028-12-16,2026-09-25
80.0,50,143,2028-12-16,2026-09-25
85.0,38,971,2028-12-16,2026-09-25
90.0,29,229,2028-12-16,2026-09-25
95.0,48,163,2028-12-16,2026-09-25
100.0,237,1179,2028-12-16,2026-09-25
105.0,19,482,2028-12-16,2026-09-25
110.0,44,491,2028-12-16,2026-09-25
115.0,33,415,2028-12-16,2026-09-25
120.0,50,477,2028-12-16,2026-09-25
125.0,36,520,2028-12-16,2026-09-25
130.0,51,487,2028-12-16,2026-09-25
135.0,14,825,2028-12-16,2026-09-25
140.0,2760,220,2028-12-16,2026-09-25
145.0,68,31,2028-12-16,2026-09-25
150.0,194,508,2028-12-16,2026-09-25
160.0,49,1084,2028-12-16,2026-09-25
165.0,71,185,2028-12-16,2026-09-25
170.0,74,415,2028-12-16,2026-09-25
175.0,55,45,2028-12-16,2026-09-25
180.0,131,142,2028-12-16,2026-09-25
185.0,62,121,2028-12-16,2026-09-25
190.0,49,150,2028-12-16,2026-09-25
195.0,34,73,2028-12-16,2026-09-25
200.0,595,1077,2028-12-16,2026-09-25
210.0,83,129,2028-12-16,2026-09-25
220.0,65,222,2028-12-16,2026-09-25
230.0,112,536,2028-12-16,2026-09-25
240.0,233,181,2028-12-16,2026-09-25
250.0,453,381,2028-12-16,2026-09-25
260.0,86,435,2028-12-16,2026-09-25
270.0,51,243,2028-12-16,2026-09-25
280.0,66,554,2028-12-16,2026-09-25
290.0,95,272,2028-12-16,2026-09-25
300.0,371,1825,2028-12-16,2026-09-25
310.0,247,244,2028-12-16,2026-09-25
320.0,194,265,2028-12-16,2026-09-25
330.0,164,127,2028-12-16,2026-09-25
340.0,181,302,2028-12-16,2026-09-25
350.0,1722,356,2028-12-16,2026-09-25
360.0,574,333,2028-12-16,2026-09-25
370.0,228,327,2028-12-16,2026-09-25
380.0,353,541,2028-12-16,2026-09-25
390.0,257,254,2028-12-16,2026-09-25
400.0,1263,1727,2028-12-16,2026-09-25
410.0,131,216,2028-12-16,2026-09-25
420.0,305,405,2028-12-16,2026-09-25
430.0,181,191,2028-12-16,2026-09-25
440.0,160,317,2028-12-16,2026-09-25
450.0,438,492,2028-12-16,2026-09-25
460.0,171,192,2028-12-16,2026-09-25
470.0,116,101,2028-12-16,2026-09-25
480.0,156,478,2028-12-16,2026-09-25
490.0,362,204,2028-12-16,2026-09-25
500.0,835,1778,2028-12-16,2026-09-25
510.0,146,154,2028-12-16,2026-09-25
520.0,164,81,2028-12-16,2026-09-25
530.0,216,84,2028-12-16,2026-09-25
540.0,75,215,2028-12-16,2026-09-25
550.0,295,547,2028-12-16,2026-09-25
560.0,103,186,2028-12-16,2026-09-25
570.0,144,229,2028-12-16,2026-09-25
580.0,108,134,2028-12-16,2026-09-25
590.0,199,322,2028-12-16,2026-09-25
600.0,517,1071,2028-12-16,2026-09-25
610.0,104,339,2028-12-16,2026-09-25
620.0,202,147,2028-12-16,2026-09-25
630.0,199,75,2028-12-16,2026-09-25
640.0,84,240,2028-12-16,2026-09-25
650.0,315,545,2028-12-16,2026-09-25
660.0,118,291,2028-12-16,2026-09-25
670.0,137,145,2028-12-16,2026-09-25
680.0,207,263,2028-12-16,2026-09-25
690.0,133,266,2028-12-16,2026-09-25
700.0,1718,1315,2028-12-16,2026-09-25
710.0,694,172,2028-12-16,2026-09-25
720.0,714,156,2028-12-16,2026-09-25
730.0,440,95,2028-12-16,2026-09-25
740.0,487,131,2028-12-16,2026-09-25
750.0,1849,420,2028-12-16,2026-09-25
760.0,950,530,2028-12-16,2026-09-25
780.0,193,363,2028-12-16,2026-09-25
790.0,313,103,2028-12-16,2026-09-25
800.0,942,710,2028-12-16,2026-09-25
810.0,444,94,2028-12-16,2026-09-25
820.0,233,123,2028-12-16,2026-09-25
830.0,130,126,2028-12-16,2026-09-25
840.0,405,108,2028-12-16,2026-09-25
850.0,1082,571,2028-12-16,2026-09-25
860.0,260,312,2028-12-16,2026-09-25
870.0,288,510,2028-12-16,2026-09-25
880.0,288,650,2028-12-16,2026-09-25
890.0,168,367,2028-12-16,2026-09-25
900.0,0,125,2028-12-16,2026-09-25
900.0,1573,1228,2028-12-16,2026-09-25
910.0,1738,237,2028-12-16,2026-09-25
920.0,307,191,2028-12-16,2026-09-25
930.0,376,314,2028-12-16,2026-09-25
940.0,178,150,2028-12-16,2026-09-25
950.0,655,488,2028-12-16,2026-09-25
960.0,253,217,2028-12-16,2026-09-25
970.0,232,215,2028-12-16,2026-09-25
980.0,229,142,2028-12-16,2026-09-25
990.0,251,410,2028-12-16,2026-09-25
1000.0,1537,665,2028-12-16,2026-09-25
1010.0,475,345,2028-12-16,2026-09-25
1020.0,302,305,2028-12-16,2026-09-25
1030.0,176,329,2028-12-16,2026-09-25
1040.0,214,191,2028-12-16,2026-09-25
1050.0,480,338,2028-12-16,2026-09-25
1060.0,641,390,2028-12-16,2026-09-25
1070.0,280,470,2028-12-16,2026-09-25
1080.0,360,1049,2028-12-16,2026-09-25
1090.0,236,279,2028-12-16,2026-09-25
1100.0,788,668,2028-12-16,2026-09-25
1110.0,279,263,2028-12-16,2026-09-25
1120.0,135,220,2028-12-16,2026-09-25
1130.0,42,159,2028-12-16,2026-09-25
1140.0,135,140,2028-12-16,2026-09-25
1150.0,389,414,2028-12-16,2026-09-25
1160.0,71,159,2028-12-16,2026-09-25
1170.0,171,192,2028-12-16,2026-09-25
1180.0,1903,199,2028-12-16,2026-09-25
1190.0,217,239,2028-12-16,2026-09-25
1200.0,1557,1021,2028-12-16,2026-09-25
1210.0,141,136,2028-12-16,2026-09-25
1220.0,315,207,2028-12-16,2026-09-25
1230.0,162,146,2028-12-16,2026-09-25
1240.0,396,244,2028-12-16,2026-09-25
1250.0,591,126,2028-12-16,2026-09-25
1260.0,217,339,2028-12-16,2026-09-25
1270.0,223,289,2028-12-16,2026-09-25
1280.0,451,389,2028-12-16,2026-09-25
1290.0,146,108,2028-12-16,2026-09-25
1300.0,1059,343,2028-12-16,2026-09-25
1310.0,64,92,2028-12-16,2026-09-25
1320.0,100,189,2028-12-16,2026-09-25
1330.0,38,196,2028-12-16,2026-09-25
1340.0,98,155,2028-12-16,2026-09-25
1350.0,286,244,2028-12-16,2026-09-25
1360.0,163,77,2028-12-16,2026-09-25
1370.0,24,176,2028-12-16,2026-09-25
1380.0,344,215,2028-12-16,2026-09-25
1390.0,215,122,2028-12-16,2026-09-25
1400.0,2346,827,2028-12-16,2026-09-25
1410.0,137,194,2028-12-16,2026-09-25
1420.0,738,306,2028-12-16,2026-09-25
1430.0,82,103,2028-12-16,2026-09-25
1440.0,415,346,2028-12-16,2026-09-25
1450.0,264,192,2028-12-16,2026-09-25
1460.0,76,100,2028-12-16,2026-09-25
1470.0,294,151,2028-12-16,2026-09-25
1480.0,433,407,2028-12-16,2026-09-25
1490.0,70,246,2028-12-16,2026-09-25
1500.0,2561,604,2028-12-16,2026-09-25
1510.0,160,27,2028-12-16,2026-09-25
1520.0,86,130,2028-12-16,2026-09-25
1530.0,143,131,2028-12-16,2026-09-25
1540.0,315,186,2028-12-16,2026-09-25
1550.0,262,39,2028-12-16,2026-09-25
1560.0,162,85,2028-12-16,2026-09-25
1570.0,44,22,2028-12-16,2026-09-25
1580.0,150,120,2028-12-16,2026-09-25
1590.0,57,51,2028-12-16,2026-09-25
1600.0,471,734,2028-12-16,2026-09-25
1610.0,51,94,2028-12-16,2026-09-25
1620.0,435,300,2028-12-16,2026-09-25
1630.0,897,39,2028-12-16,2026-09-25
1640.0,21,10,2028-12-16,2026-09-25
1650.0,178,67,2028-12-16,2026-09-25
1660.0,80,18,2028-12-16,2026-09-25
1670.0,99,17,2028-12-16,2026-09-25
1680.0,289,128,2028-12-16,2026-09-25
1690.0,60,58,2028-12-16,2026-09-25
1700.0,1383,727,2028-12-16,2026-09-25
1710.0,86,216,2028-12-16,2026-09-25
1720.0,338,59,2028-12-16,2026-09-25
1730.0,42,110,2028-12-16,2026-09-25
1740.0,332,208,2028-12-16,2026-09-25
1750.0,188,246,2028-12-16,2026-09-25
1760.0,175,76,2028-12-16,2026-09-25
1770.0,105,31,2028-12-16,2026-09-25
1780.0,49,111,2028-12-16,2026-09-25
1790.0,104,113,2028-12-16,2026-09-25
1800.0,549,321,2028-12-16,2026-09-25
1810.0,140,233,2028-12-16,2026-09-25
1820.0,166,61,2028-12-16,2026-09-25
1830.0,217,67,2028-12-16,2026-09-25
1840.0,288,10,2028-12-16,2026-09-25
1850.0,274,220,2028-12-16,2026-09-25
1860.0,269,37,2028-12-16,2026-09-25
1870.0,228,17,2028-12-16,2026-09-25
1880.0,283,342,2028-12-16,2026-09-25
1890.0,318,245,2028-12-16,2026-09-25
1900.0,173,541,2028-12-16,2026-09-25
1910.0,278,24,2028-12-16,2026-09-25
1920.0,89,11,2028-12-16,2026-09-25
1930.0,82,32,2028-12-16,2026-09-25
1940.0,26,6,2028-12-16,2026-09-25
1950.0,173,10,2028-12-16,2026-09-25
1960.0,71,9,2028-12-16,2026-09-25
1970.0,414,25,2028-12-16,2026-09-25
1980.0,234,315,2028-12-16,2026-09-25
1990.0,58,219,2028-12-16,2026-09-25
2000.0,125,0,2028-12-16,2026-09-25
2000.0,655,264,2028-12-16,2026-09-25
2010.0,74,107,2028-12-16,2026-09-25
2020.0,121,2,2028-12-16,2026-09-25
2030.0,17,1,2028-12-16,2026-09-25
2040.0,424,48,2028-12-16,2026-09-25
2050.0,182,414,2028-12-16,2026-09-25
2060.0,26,35,2028-12-16,2026-09-25
2070.0,49,4,2028-12-16,2026-09-25
2080.0,28,108,2028-12-16,2026-09-25
2090.0,64,22,2028-12-16,2026-09-25
2100.0,150,219,2028-12-16,2026-09-25
2110.0,94,267,2028-12-16,2026-09-25
2120.0,50,12,2028-12-16,2026-09-25
2130.0,23,12,2028-12-16,2026-09-25
2140.0,115,21,2028-12-16,2026-09-25
2150.0,81,110,2028-12-16,2026-09-25
2160.0,90,127,2028-12-16,2026-09-25
2170.0,683,20,2028-12-16,2026-09-25
2180.0,132,27,2028-12-16,2026-09-25
2190.0,110,11,2028-12-16,2026-09-25
2200.0,429,236,2028-12-16,2026-09-25
2210.0,225,32,2028-12-16,2026-09-25
2220.0,238,29,2028-12-16,2026-09-25
2230.0,25,14,2028-12-16,2026-09-25
2240.0,139,79,2028-12-16,2026-09-25
2250.0,83,248,2028-12-16,2026-09-25
2260.0,164,55,2028-12-16,2026-09-25
2270.0,18,15,2028-12-16,2026-09-25
2280.0,26,4,2028-12-16,2026-09-25
2290.0,85,23,2028-12-16,2026-09-25
2300.0,169,456,2028-12-16,2026-09-25
2310.0,31,21,2028-12-16,2026-09-25
2320.0,43,10,2028-12-16,2026-09-25
2330.0,164,34,2028-12-16,2026-09-25
2340.0,106,53,2028-12-16,2026-09-25
2350.0,77,66,2028-12-16,2026-09-25
2360.0,74,19,2028-12-16,2026-09-25
2370.0,259,53,2028-12-16,2026-09-25
2380.0,59,318,2028-12-16,2026-09-25
2390.0,97,240,2028-12-16,2026-09-25
2400.0,420,132,2028-12-16,2026-09-25
2410.0,34,98,2028-12-16,2026-09-25
2420.0,464,31,2028-12-16,2026-09-25
2440.0,87,53,2028-12-16,2026-09-25
2460.0,108,63,2028-12-16,2026-09-25
2480.0,388,124,2028-12-16,2026-09-25
2500.0,3048,179,2028-12-16,2026-09-25
5.0,0,0,2029-01-20,2026-09-25
10.0,0,0,2029-01-20,2026-09-25
15.0,0,0,2029-01-20,2026-09-25
20.0,0,0,2029-01-20,2026-09-25
25.0,0,0,2029-01-20,2026-09-25
30.0,1,0,2029-01-20,2026-09-25
35.0,0,0,2029-01-20,2026-09-25
40.0,0,0,2029-01-20,2026-09-25
45.0,0,0,2029-01-20,2026-09-25
50.0,0,0,2029-01-20,2026-09-25
55.0,0,0,2029-01-20,2026-09-25
60.0,0,0,2029-01-20,2026-09-25
65.0,0,0,2029-01-20,2026-09-25
70.0,1,0,2029-01-20,2026-09-25
75.0,15,0,2029-01-20,2026-09-25
80.0,0,0,2029-01-20,2026-09-25
85.0,0,25,2029-01-20,2026-09-25
90.0,0,0,2029-01-20,2026-09-25
95.0,0,0,2029-01-20,2026-09-25
100.0,1,11,2029-01-20,2026-09-25
105.0,0,197,2029-01-20,2026-09-25
110.0,0,1,2029-01-20,2026-09-25
115.0,0,1,2029-01-20,2026-09-25
120.0,0,2,2029-01-20,2026-09-25
125.0,0,0,2029-01-20,2026-09-25
130.0,0,0,2029-01-20,2026-09-25
135.0,0,10,2029-01-20,2026-09-25
140.0,1,10,2029-01-20,2026-09-25
145.0,0,0,2029-01-20,2026-09-25
150.0,1,8,2029-01-20,2026-09-25
160.0,0,1,2029-01-20,2026-09-25
165.0,0,0,2029-01-20,2026-09-25
170.0,0,0,2029-01-20,2026-09-25
175.0,2,1,2029-01-20,2026-09-25
180.0,11,0,2029-01-20,2026-09-25
185.0,0,0,2029-01-20,2026-09-25
190.0,0,1,2029-01-20,2026-09-25
195.0,0,0,2029-01-20,2026-09-25
200.0,5,30,2029-01-20,2026-09-25
210.0,1,3,2029-01-20,2026-09-25
220.0,0,5,2029-01-20,2026-09-25
230.0,1,2,2029-01-20,2026-09-25
240.0,1,0,2029-01-20,2026-09-25
250.0,2,2,2029-01-20,2026-09-25
260.0,0,0,2029-01-20,2026-09-25
270.0,0,1,2029-01-20,2026-09-25
280.0,0,16,2029-01-20,2026-09-25
290.0,0,11,2029-01-20,2026-09-25
300.0,1,1,2029-01-20,2026-09-25
310.0,2,0,2029-01-20,2026-09-25
320.0,0,0,2029-01-20,2026-09-25
330.0,0,1,2029-01-20,2026-09-25
340.0,1,0,2029-01-20,2026-09-25
350.0,0,2,2029-01-20,2026-09-25
360.0,1,1,2029-01-20,2026-09-25
370.0,0,0,2029-01-20,2026-09-25
380.0,2,2,2029-01-20,2026-09-25
390.0,0,0,2029-01-20,2026-09-25
400.0,4,27,2029-01-20,2026-09-25
410.0,0,1,2029-01-20,2026-09-25
420.0,1,1,2029-01-20,2026-09-25
430.0,0,3,2029-01-20,2026-09-25
440.0,0,7,2029-01-20,2026-09-25
450.0,0,21,2029-01-20,2026-09-25
460.0,0,4,2029-01-20,2026-09-25
470.0,1,2,2029-01-20,2026-09-25
480.0,0,2,2029-01-20,2026-09-25
490.0,0,3,2029-01-20,2026-09-25
500.0,12,15,2029-01-20,2026-09-25
510.0,0,5,2029-01-20,2026-09-25
520.0,0,7,2029-01-20,2026-09-25
530.0,0,1,2029-01-20,2026-09-25
540.0,0,3,2029-01-20,2026-09-25
550.0,2,14,2029-01-20,2026-09-25
560.0,1,2,2029-01-20,2026-09-25
570.0,0,2,2029-01-20,2026-09-25
580.0,3,1,2029-01-20,2026-09-25
590.0,0,0,2029-01-20,2026-09-25
600.0,1,16,2029-01-20,2026-09-25
610.0,1,0,2029-01-20,2026-09-25
620.0,0,12,2029-01-20,2026-09-25
630.0,0,2,2029-01-20,2026-09-25
640.0,0,5,2029-01-20,2026-09-25
650.0,0,13,2029-01-20,2026-09-25
660.0,0,0,2029-01-20,2026-09-25
670.0,0,0,2029-01-20,2026-09-25
680.0,1,1,2029-01-20,2026-09-25
690.0,1,6,2029-01-20,2026-09-25
700.0,20,21,2029-01-20,2026-09-25
710.0,1,10,2029-01-20,2026-09-25
720.0,12,2,2029-01-20,2026-09-25
730.0,3,2,2029-01-20,2026-09-25
740.0,9,5,2029-01-20,2026-09-25
750.0,8,8,2029-01-20,2026-09-25
760.0,6,7,2029-01-20,2026-09-25
770.0,4,7,2029-01-20,2026-09-25
780.0,2,0,2029-01-20,2026-09-25
790.0,0,18,2029-01-20,2026-09-25
800.0,7,5,2029-01-20,2026-09-25
810.0,1,4,2029-01-20,2026-09-25
820.0,0,5,2029-01-20,2026-09-25
830.0,11,28,2029-01-20,2026-09-25
840.0,4,29,2029-01-20,2026-09-25
850.0,19,5,2029-01-20,2026-09-25
860.0,8,12,2029-01-20,2026-09-25
870.0,2,11,2029-01-20,2026-09-25
880.0,4,5,2029-01-20,2026-09-25
890.0,1,5,2029-01-20,2026-09-25
900.0,39,124,2029-01-20,2026-09-25
910.0,2,26,2029-01-20,2026-09-25
920.0,12,5,2029-01-20,2026-09-25
930.0,27,2,2029-01-20,2026-09-25
940.0,7,3,2029-01-20,2026-09-25
950.0,17,4,2029-01-20,2026-09-25
960.0,4,0,2029-01-20,2026-09-25
970.0,3,1,2029-01-20,2026-09-25
980.0,14,3,2029-01-20,2026-09-25
990.0,4,4,2029-01-20,2026-09-25
1000.0,38,37,2029-01-20,2026-09-25
1010.0,1,0,2029-01-20,2026-09-25
1020.0,6,0,2029-01-20,2026-09-25
1030.0,29,30,2029-01-20,2026-09-25
1040.0,11,6,2029-01-20,2026-09-25
1050.0,23,38,2029-01-20,2026-09-25
1060.0,23,1,2029-01-20,2026-09-25
1070.0,4,6,2029-01-20,2026-09-25
1080.0,17,20,2029-01-20,2026-09-25
1090.0,4,30,2029-01-20,2026-09-25
1100.0,40,68,2029-01-20,2026-09-25
1110.0,5,0,2029-01-20,2026-09-25
1120.0,0,0,2029-01-20,2026-09-25
1130.0,27,41,2029-01-20,2026-09-25
1140.0,0,0,2029-01-20,2026-09-25
1150.0,9,13,2029-01-20,2026-09-25
1160.0,3,1,2029-01-20,2026-09-25
1170.0,5,0,2029-01-20,2026-09-25
1180.0,1,1,2029-01-20,2026-09-25
1190.0,2,18,2029-01-20,2026-09-25
1200.0,30,12,2029-01-20,2026-09-25
1210.0,4,0,2029-01-20,2026-09-25
1220.0,7,1,2029-01-20,2026-09-25
1230.0,1,1,2029-01-20,2026-09-25
1240.0,0,0,2029-01-20,2026-09-25
1250.0,14,41,2029-01-20,2026-09-25
1260.0,0,0,2029-01-20,2026-09-25
1270.0,2,0,2029-01-20,2026-09-25
1280.0,0,0,2029-01-20,2026-09-25
1290.0,0,1,2029-01-20,2026-09-25
1300.0,14,48,2029-01-20,2026-09-25
1310.0,0,0,2029-01-20,2026-09-25
1320.0,2,0,2029-01-20,2026-09-25
1330.0,0,1,2029-01-20,2026-09-25
1340.0,0,0,2029-01-20,2026-09-25
1350.0,3,0,2029-01-20,2026-09-25
1360.0,0,0,2029-01-20,2026-09-25
1370.0,3,0,2029-01-20,2026-09-25
1380.0,0,1,2029-01-20,2026-09-25
1390.0,1,0,2029-01-20,2026-09-25
1400.0,48,22,2029-01-20,2026-09-25
1410.0,3,0,2029-01-20,2026-09-25
1420.0,0,1,2029-01-20,2026-09-25
1430.0,3,0,2029-01-20,2026-09-25
1440.0,3,23,2029-01-20,2026-09-25
1450.0,48,0,2029-01-20,2026-09-25
1460.0,51,0,2029-01-20,2026-09-25
1470.0,4,0,2029-01-20,2026-09-25
1480.0,1,0,2029-01-20,2026-09-25
1490.0,3,18,2029-01-20,2026-09-25
1500.0,10,46,2029-01-20,2026-09-25
1510.0,3,0,2029-01-20,2026-09-25
1520.0,2,0,2029-01-20,2026-09-25
1530.0,0,0,2029-01-20,2026-09-25
1540.0,2,47,2029-01-20,2026-09-25
1550.0,4,0,2029-01-20,2026-09-25
1560.0,0,0,2029-01-20,2026-09-25
1570.0,0,0,2029-01-20,2026-09-25
1580.0,0,0,2029-01-20,2026-09-25
1590.0,0,1,2029-01-20,2026-09-25
1600.0,26,3,2029-01-20,2026-09-25
1610.0,0,0,2029-01-20,2026-09-25
1620.0,12,0,2029-01-20,2026-09-25
1630.0,0,0,2029-01-20,2026-09-25
1640.0,16,3,2029-01-20,2026-09-25
1650.0,2,0,2029-01-20,2026-09-25
1660.0,31,0,2029-01-20,2026-09-25
1670.0,2,0,2029-01-20,2026-09-25
1680.0,0,0,2029-01-20,2026-09-25
1690.0,0,0,2029-01-20,2026-09-25
1700.0,3,0,2029-01-20,2026-09-25
1710.0,1,0,2029-01-20,2026-09-25
1720.0,1,0,2029-01-20,2026-09-25
1730.0,3,0,2029-01-20,2026-09-25
1740.0,4,47,2029-01-20,2026-09-25
1750.0,1,4,2029-01-20,2026-09-25
1760.0,0,0,2029-01-20,2026-09-25
1770.0,0,0,2029-01-20,2026-09-25
1780.0,1,0,2029-01-20,2026-09-25
1790.0,2,0,2029-01-20,2026-09-25
1800.0,9,0,2029-01-20,2026-09-25
1810.0,13,4,2029-01-20,2026-09-25
1820.0,11,1,2029-01-20,2026-09-25
1840.0,83,28,2029-01-20,2026-09-25
