Strike,Call,Put,Expiry,Date
600.0,0,15,2026-09-29,2026-09-29
610.0,0,30,2026-09-29,2026-09-29
620.0,0,28,2026-09-29,2026-09-29
630.0,0,4,2026-09-29,2026-09-29
640.0,0,2,2026-09-29,2026-09-29
650.0,0,203,2026-09-29,2026-09-29
660.0,0,14,2026-09-29,2026-09-29
670.0,0,45,2026-09-29,2026-09-29
680.0,0,107,2026-09-29,2026-09-29
690.0,0,88,2026-09-29,2026-09-29
700.0,0,169,2026-09-29,2026-09-29
710.0,0,35,2026-09-29,2026-09-29
720.0,0,38,2026-09-29,2026-09-29
730.0,0,50,2026-09-29,2026-09-29
740.0,0,40,2026-09-29,2026-09-29
750.0,0,29,2026-09-29,2026-09-29
760.0,0,157,2026-09-29,2026-09-29
770.0,0,16,2026-09-29,2026-09-29
775.0,0,10,2026-09-29,2026-09-29
780.0,0,66,2026-09-29,2026-09-29
785.0,0,941,2026-09-29,2026-09-29
790.0,0,50,2026-09-29,2026-09-29
795.0,0,19,2026-09-29,2026-09-29
800.0,0,74,2026-09-29,2026-09-29
805.0,0,31,2026-09-29,2026-09-29
810.0,0,32,2026-09-29,2026-09-29
815.0,0,93,2026-09-29,2026-09-29
820.0,0,164,2026-09-29,2026-09-29
825.0,0,241,2026-09-29,2026-09-29
830.0,0,278,2026-09-29,2026-09-29
835.0,0,31,2026-09-29,2026-09-29
840.0,0,569,2026-09-29,2026-09-29
845.0,0,31,2026-09-29,2026-09-29
850.0,0,248,2026-09-29,2026-09-29
855.0,0,17,2026-09-29,2026-09-29
860.0,0,46,2026-09-29,2026-09-29
865.0,0,69,2026-09-29,2026-09-29
870.0,0,204,2026-09-29,2026-09-29
875.0,0,707,2026-09-29,2026-09-29
880.0,0,454,2026-09-29,2026-09-29
885.0,0,77,2026-09-29,2026-09-29
890.0,0,65,2026-09-29,2026-09-29
895.0,0,76,2026-09-29,2026-09-29
900.0,0,653,2026-09-29,2026-09-29
905.0,0,212,2026-09-29,2026-09-29
910.0,0,130,2026-09-29,2026-09-29
915.0,0,67,2026-09-29,2026-09-29
920.0,0,530,2026-09-29,2026-09-29
925.0,0,158,2026-09-29,2026-09-29
930.0,0,447,2026-09-29,2026-09-29
935.0,0,101,2026-09-29,2026-09-29
940.0,0,374,2026-09-29,2026-09-29
945.0,0,140,2026-09-29,2026-09-29
950.0,0,567,2026-09-29,2026-09-29
955.0,0,175,2026-09-29,2026-09-29
960.0,0,331,2026-09-29,2026-09-29
965.0,0,313,2026-09-29,2026-09-29
970.0,0,864,2026-09-29,2026-09-29
975.0,0,501,2026-09-29,2026-09-29
980.0,0,657,2026-09-29,2026-09-29
985.0,0,751,2026-09-29,2026-09-29
990.0,0,567,2026-09-29,2026-09-29
995.0,0,490,2026-09-29,2026-09-29
1000.0,0,2293,2026-09-29,2026-09-29
1005.0,0,700,2026-09-29,2026-09-29
1010.0,0,2529,2026-09-29,2026-09-29
1015.0,0,1154,2026-09-29,2026-09-29
1020.0,0,3409,2026-09-29,2026-09-29
1025.0,0,2591,2026-09-29,2026-09-29
1030.0,0,2627,2026-09-29,2026-09-29
1035.0,0,2420,2026-09-29,2026-09-29
1040.0,0,4389,2026-09-29,2026-09-29
1045.0,0,1674,2026-09-29,2026-09-29
1050.0,0,2016,2026-09-29,2026-09-29
1055.0,1661,1,2026-09-29,2026-09-29
1060.0,4058,0,2026-09-29,2026-09-29
1065.0,3060,0,2026-09-29,2026-09-29
1070.0,6004,0,2026-09-29,2026-09-29
1075.0,3372,0,2026-09-29,2026-09-29
1080.0,4592,0,2026-09-29,2026-09-29
1085.0,4720,0,2026-09-29,2026-09-29
1090.0,2347,0,2026-09-29,2026-09-29
1095.0,1288,0,2026-09-29,2026-09-29
1100.0,8280,0,2026-09-29,2026-09-29
1105.0,1943,0,2026-09-29,2026-09-29
1110.0,2181,0,2026-09-29,2026-09-29
1115.0,1094,0,2026-09-29,2026-09-29
1120.0,5190,0,2026-09-29,2026-09-29
1125.0,1389,0,2026-09-29,2026-09-29
1130.0,1612,0,2026-09-29,2026-09-29
1135.0,1085,0,2026-09-29,2026-09-29
1140.0,645,0,2026-09-29,2026-09-29
1145.0,599,0,2026-09-29,2026-09-29
1150.0,3806,0,2026-09-29,2026-09-29
1155.0,453,0,2026-09-29,2026-09-29
1160.0,614,0,2026-09-29,2026-09-29
1165.0,476,0,2026-09-29,2026-09-29
1170.0,452,0,2026-09-29,2026-09-29
1175.0,312,0,2026-09-29,2026-09-29
1180.0,373,0,2026-09-29,2026-09-29
1185.0,199,0,2026-09-29,2026-09-29
1190.0,324,0,2026-09-29,2026-09-29
1195.0,145,0,2026-09-29,2026-09-29
1200.0,4878,0,2026-09-29,2026-09-29
1205.0,146,0,2026-09-29,2026-09-29
1210.0,321,0,2026-09-29,2026-09-29
1215.0,211,0,2026-09-29,2026-09-29
1220.0,340,0,2026-09-29,2026-09-29
1225.0,234,0,2026-09-29,2026-09-29
1230.0,192,0,2026-09-29,2026-09-29
1235.0,54,0,2026-09-29,2026-09-29
1240.0,327,0,2026-09-29,2026-09-29
1245.0,150,0,2026-09-29,2026-09-29
1250.0,1722,0,2026-09-29,2026-09-29
1260.0,181,0,2026-09-29,2026-09-29
1270.0,446,0,2026-09-29,2026-09-29
1280.0,820,0,2026-09-29,2026-09-29
1290.0,476,0,2026-09-29,2026-09-29
1300.0,1185,0,2026-09-29,2026-09-29
1310.0,203,0,2026-09-29,2026-09-29
1320.0,73,0,2026-09-29,2026-09-29
1330.0,57,0,2026-09-29,2026-09-29
1340.0,26,0,2026-09-29,2026-09-29
1350.0,62,0,2026-09-29,2026-09-29
1360.0,28,0,2026-09-29,2026-09-29
1370.0,114,0,2026-09-29,2026-09-29
1380.0,17,0,2026-09-29,2026-09-29
1390.0,51,0,2026-09-29,2026-09-29
1400.0,673,0,2026-09-29,2026-09-29
756.0,0,7,2026-10-01,2026-09-29
1215.0,7,0,2026-10-01,2026-09-29
5.0,20,22,2026-10-03,2026-09-29
10.0,10,3,2026-10-03,2026-09-29
15.0,10,0,2026-10-03,2026-09-29
20.0,16,0,2026-10-03,2026-09-29
25.0,10,0,2026-10-03,2026-09-29
30.0,5,0,2026-10-03,2026-09-29
35.0,11,0,2026-10-03,2026-09-29
40.0,10,0,2026-10-03,2026-09-29
45.0,5,0,2026-10-03,2026-09-29
50.0,10,0,2026-10-03,2026-09-29
55.0,0,0,2026-10-03,2026-09-29
60.0,0,0,2026-10-03,2026-09-29
65.0,0,0,2026-10-03,2026-09-29
70.0,0,0,2026-10-03,2026-09-29
75.0,1,0,2026-10-03,2026-09-29
80.0,1,0,2026-10-03,2026-09-29
85.0,0,0,2026-10-03,2026-09-29
90.0,0,1001,2026-10-03,2026-09-29
95.0,0,988,2026-10-03,2026-09-29
100.0,11,1029,2026-10-03,2026-09-29
105.0,0,11,2026-10-03,2026-09-29
110.0,0,0,2026-10-03,2026-09-29
115.0,0,4,2026-10-03,2026-09-29
120.0,3,0,2026-10-03,2026-09-29
125.0,0,0,2026-10-03,2026-09-29
130.0,3,1,2026-10-03,2026-09-29
135.0,20,2,2026-10-03,2026-09-29
140.0,0,0,2026-10-03,2026-09-29
145.0,0,0,2026-10-03,2026-09-29
150.0,0,2,2026-10-03,2026-09-29
155.0,0,0,2026-10-03,2026-09-29
160.0,0,0,2026-10-03,2026-09-29
165.0,0,0,2026-10-03,2026-09-29
170.0,0,0,2026-10-03,2026-09-29
175.0,0,5,2026-10-03,2026-09-29
180.0,0,0,2026-10-03,2026-09-29
185.0,0,0,2026-10-03,2026-09-29
190.0,1,0,2026-10-03,2026-09-29
195.0,0,0,2026-10-03,2026-09-29
200.0,11,21618,2026-10-03,2026-09-29
205.0,0,826,2026-10-03,2026-09-29
210.0,0,952,2026-10-03,2026-09-29
215.0,0,493,2026-10-03,2026-09-29
220.0,0,292,2026-10-03,2026-09-29
225.0,0,72,2026-10-03,2026-09-29
230.0,0,144,2026-10-03,2026-09-29
235.0,0,99,2026-10-03,2026-09-29
240.0,0,155,2026-10-03,2026-09-29
245.0,0,131,2026-10-03,2026-09-29
250.0,0,96,2026-10-03,2026-09-29
255.0,0,68,2026-10-03,2026-09-29
260.0,0,41,2026-10-03,2026-09-29
265.0,0,60,2026-10-03,2026-09-29
270.0,0,79,2026-10-03,2026-09-29
275.0,0,101,2026-10-03,2026-09-29
280.0,0,88,2026-10-03,2026-09-29
285.0,0,159,2026-10-03,2026-09-29
290.0,1,183,2026-10-03,2026-09-29
295.0,0,238,2026-10-03,2026-09-29
300.0,30,133,2026-10-03,2026-09-29
305.0,0,1190,2026-10-03,2026-09-29
310.0,0,243,2026-10-03,2026-09-29
315.0,0,108,2026-10-03,2026-09-29
320.0,0,171,2026-10-03,2026-09-29
325.0,0,103,2026-10-03,2026-09-29
330.0,0,185,2026-10-03,2026-09-29
335.0,0,75,2026-10-03,2026-09-29
340.0,0,391,2026-10-03,2026-09-29
345.0,0,399,2026-10-03,2026-09-29
350.0,0,239,2026-10-03,2026-09-29
355.0,0,132,2026-10-03,2026-09-29
360.0,0,202,2026-10-03,2026-09-29
365.0,0,117,2026-10-03,2026-09-29
370.0,2,74,2026-10-03,2026-09-29
375.0,0,86,2026-10-03,2026-09-29
380.0,16,129,2026-10-03,2026-09-29
385.0,0,96,2026-10-03,2026-09-29
390.0,1,122,2026-10-03,2026-09-29
395.0,0,378,2026-10-03,2026-09-29
400.0,2,286,2026-10-03,2026-09-29
405.0,0,104,2026-10-03,2026-09-29
410.0,0,97,2026-10-03,2026-09-29
415.0,0,81,2026-10-03,2026-09-29
420.0,0,366,2026-10-03,2026-09-29
425.0,0,45,2026-10-03,2026-09-29
430.0,3,72,2026-10-03,2026-09-29
435.0,0,42,2026-10-03,2026-09-29
440.0,10,127,2026-10-03,2026-09-29
445.0,0,114,2026-10-03,2026-09-29
450.0,2,695,2026-10-03,2026-09-29
455.0,0,46,2026-10-03,2026-09-29
460.0,1,684,2026-10-03,2026-09-29
465.0,0,923,2026-10-03,2026-09-29
470.0,2,75,2026-10-03,2026-09-29
475.0,1,71,2026-10-03,2026-09-29
480.0,0,228,2026-10-03,2026-09-29
485.0,0,240,2026-10-03,2026-09-29
490.0,4,129,2026-10-03,2026-09-29
495.0,3,81,2026-10-03,2026-09-29
500.0,76,1386,2026-10-03,2026-09-29
505.0,26,281,2026-10-03,2026-09-29
510.0,15,204,2026-10-03,2026-09-29
515.0,0,109,2026-10-03,2026-09-29
520.0,6,112,2026-10-03,2026-09-29
525.0,0,125,2026-10-03,2026-09-29
530.0,2,380,2026-10-03,2026-09-29
535.0,0,80,2026-10-03,2026-09-29
540.0,11,20067,2026-10-03,2026-09-29
545.0,2,69,2026-10-03,2026-09-29
550.0,3,80,2026-10-03,2026-09-29
555.0,1,466,2026-10-03,2026-09-29
560.0,0,710,2026-10-03,2026-09-29
565.0,0,24,2026-10-03,2026-09-29
570.0,2,33,2026-10-03,2026-09-29
575.0,0,304,2026-10-03,2026-09-29
580.0,1,696,2026-10-03,2026-09-29
585.0,1,586,2026-10-03,2026-09-29
590.0,4,122,2026-10-03,2026-09-29
595.0,0,196,2026-10-03,2026-09-29
600.0,10,19610,2026-10-03,2026-09-29
605.0,0,67,2026-10-03,2026-09-29
610.0,12,73,2026-10-03,2026-09-29
615.0,0,125,2026-10-03,2026-09-29
620.0,3,3075,2026-10-03,2026-09-29
625.0,1,359,2026-10-03,2026-09-29
630.0,1,536,2026-10-03,2026-09-29
635.0,3,130,2026-10-03,2026-09-29
640.0,0,236,2026-10-03,2026-09-29
645.0,0,88,2026-10-03,2026-09-29
650.0,35,10440,2026-10-03,2026-09-29
655.0,1,670,2026-10-03,2026-09-29
660.0,2,844,2026-10-03,2026-09-29
665.0,0,2624,2026-10-03,2026-09-29
670.0,2,348,2026-10-03,2026-09-29
675.0,1,247,2026-10-03,2026-09-29
680.0,1,357,2026-10-03,2026-09-29
685.0,17,478,2026-10-03,2026-09-29
690.0,6,208,2026-10-03,2026-09-29
695.0,11,447,2026-10-03,2026-09-29
700.0,13,1715,2026-10-03,2026-09-29
702.5,0,24,2026-10-03,2026-09-29
705.0,12,78,2026-10-03,2026-09-29
707.5,0,20,2026-10-03,2026-09-29
710.0,3,430,2026-10-03,2026-09-29
712.5,0,6,2026-10-03,2026-09-29
715.0,1,168,2026-10-03,2026-09-29
717.5,0,25,2026-10-03,2026-09-29
720.0,2,1233,2026-10-03,2026-09-29
722.5,2,34,2026-10-03,2026-09-29
725.0,9,356,2026-10-03,2026-09-29
727.5,0,9,2026-10-03,2026-09-29
730.0,1,981,2026-10-03,2026-09-29
732.5,0,6,2026-10-03,2026-09-29
735.0,0,187,2026-10-03,2026-09-29
737.5,0,9,2026-10-03,2026-09-29
740.0,3,482,2026-10-03,2026-09-29
742.5,0,16,2026-10-03,2026-09-29
745.0,2,115,2026-10-03,2026-09-29
747.5,2,84,2026-10-03,2026-09-29
750.0,294,2618,2026-10-03,2026-09-29
755.0,1,111,2026-10-03,2026-09-29
760.0,11,304,2026-10-03,2026-09-29
765.0,2,130,2026-10-03,2026-09-29
770.0,4,716,2026-10-03,2026-09-29
775.0,7,161,2026-10-03,2026-09-29
780.0,18,1766,2026-10-03,2026-09-29
785.0,5,228,2026-10-03,2026-09-29
790.0,10,502,2026-10-03,2026-09-29
795.0,51,331,2026-10-03,2026-09-29
800.0,2067,4025,2026-10-03,2026-09-29
805.0,6,351,2026-10-03,2026-09-29
810.0,1022,154,2026-10-03,2026-09-29
815.0,82,131,2026-10-03,2026-09-29
820.0,159,442,2026-10-03,2026-09-29
825.0,25,219,2026-10-03,2026-09-29
830.0,46,750,2026-10-03,2026-09-29
835.0,8,334,2026-10-03,2026-09-29
840.0,35,603,2026-10-03,2026-09-29
845.0,140,152,2026-10-03,2026-09-29
850.0,170,1795,2026-10-03,2026-09-29
855.0,27,416,2026-10-03,2026-09-29
860.0,31,391,2026-10-03,2026-09-29
865.0,125,221,2026-10-03,2026-09-29
870.0,48,642,2026-10-03,2026-09-29
875.0,80,488,2026-10-03,2026-09-29
880.0,80,803,2026-10-03,2026-09-29
885.0,49,464,2026-10-03,2026-09-29
890.0,130,1237,2026-10-03,2026-09-29
895.0,109,613,2026-10-03,2026-09-29
900.0,798,3554,2026-10-03,2026-09-29
905.0,62,1001,2026-10-03,2026-09-29
910.0,1278,1067,2026-10-03,2026-09-29
915.0,114,653,2026-10-03,2026-09-29
920.0,768,1611,2026-10-03,2026-09-29
925.0,607,1131,2026-10-03,2026-09-29
930.0,538,2293,2026-10-03,2026-09-29
935.0,2795,2795,2026-10-03,2026-09-29
935.0,153,628,2026-10-03,2026-09-29
940.0,456,1200,2026-10-03,2026-09-29
945.0,119,379,2026-10-03,2026-09-29
950.0,1600,1600,2026-10-03,2026-09-29
950.0,1242,3676,2026-10-03,2026-09-29
952.5,12,310,2026-10-03,2026-09-29
955.0,225,330,2026-10-03,2026-09-29
957.5,34,154,2026-10-03,2026-09-29
960.0,759,1057,2026-10-03,2026-09-29
965.0,249,796,2026-10-03,2026-09-29
970.0,1391,1215,2026-10-03,2026-09-29
975.0,282,1387,2026-10-03,2026-09-29
980.0,1664,1820,2026-10-03,2026-09-29
985.0,371,720,2026-10-03,2026-09-29
990.0,2000,2000,2026-10-03,2026-09-29
990.0,681,1187,2026-10-03,2026-09-29
995.0,353,461,2026-10-03,2026-09-29
1000.0,150,150,2026-10-03,2026-09-29
1000.0,3769,3856,2026-10-03,2026-09-29
1005.0,274,562,2026-10-03,2026-09-29
1010.0,569,1606,2026-10-03,2026-09-29
1015.0,646,633,2026-10-03,2026-09-29
1020.0,897,1016,2026-10-03,2026-09-29
1025.0,642,726,2026-10-03,2026-09-29
1030.0,926,576,2026-10-03,2026-09-29
1035.0,698,593,2026-10-03,2026-09-29
1040.0,1034,918,2026-10-03,2026-09-29
1045.0,783,606,2026-10-03,2026-09-29
1050.0,5256,2333,2026-10-03,2026-09-29
1055.0,750,750,2026-10-03,2026-09-29
1055.0,882,564,2026-10-03,2026-09-29
1060.0,3726,1324,2026-10-03,2026-09-29
1062.5,391,79,2026-10-03,2026-09-29
1065.0,699,251,2026-10-03,2026-09-29
1067.5,214,51,2026-10-03,2026-09-29
1070.0,1065,1108,2026-10-03,2026-09-29
1072.5,211,49,2026-10-03,2026-09-29
1075.0,1124,402,2026-10-03,2026-09-29
1077.5,153,99,2026-10-03,2026-09-29
1080.0,2105,813,2026-10-03,2026-09-29
1082.5,203,92,2026-10-03,2026-09-29
1085.0,934,784,2026-10-03,2026-09-29
1090.0,1208,289,2026-10-03,2026-09-29
1095.0,680,287,2026-10-03,2026-09-29
1100.0,10884,3144,2026-10-03,2026-09-29
1105.0,701,57,2026-10-03,2026-09-29
1110.0,2232,79,2026-10-03,2026-09-29
1115.0,680,44,2026-10-03,2026-09-29
1120.0,1167,88,2026-10-03,2026-09-29
1125.0,638,28,2026-10-03,2026-09-29
1130.0,818,143,2026-10-03,2026-09-29
1135.0,373,34,2026-10-03,2026-09-29
1140.0,711,142,2026-10-03,2026-09-29
1145.0,581,21,2026-10-03,2026-09-29
1150.0,5114,402,2026-10-03,2026-09-29
1155.0,522,17,2026-10-03,2026-09-29
1160.0,702,144,2026-10-03,2026-09-29
1165.0,152,4,2026-10-03,2026-09-29
1170.0,1030,49,2026-10-03,2026-09-29
1175.0,1117,9,2026-10-03,2026-09-29
1180.0,860,36,2026-10-03,2026-09-29
1185.0,414,1,2026-10-03,2026-09-29
1190.0,367,11,2026-10-03,2026-09-29
1195.0,825,5,2026-10-03,2026-09-29
1200.0,8413,384,2026-10-03,2026-09-29
1205.0,169,2,2026-10-03,2026-09-29
1210.0,365,0,2026-10-03,2026-09-29
1215.0,545,0,2026-10-03,2026-09-29
1220.0,670,17,2026-10-03,2026-09-29
1225.0,230,4,2026-10-03,2026-09-29
1230.0,319,1,2026-10-03,2026-09-29
1235.0,221,16,2026-10-03,2026-09-29
1240.0,463,12,2026-10-03,2026-09-29
1245.0,105,0,2026-10-03,2026-09-29
1250.0,4349,17,2026-10-03,2026-09-29
1255.0,203,0,2026-10-03,2026-09-29
1260.0,984,10,2026-10-03,2026-09-29
1265.0,463,0,2026-10-03,2026-09-29
1270.0,330,4,2026-10-03,2026-09-29
1275.0,215,9,2026-10-03,2026-09-29
1280.0,247,14,2026-10-03,2026-09-29
1285.0,75,0,2026-10-03,2026-09-29
1290.0,791,15,2026-10-03,2026-09-29
1295.0,354,0,2026-10-03,2026-09-29
1300.0,20,0,2026-10-03,2026-09-29
1300.0,3978,16,2026-10-03,2026-09-29
1305.0,44,6,2026-10-03,2026-09-29
1310.0,546,0,2026-10-03,2026-09-29
1315.0,51,0,2026-10-03,2026-09-29
1320.0,198,0,2026-10-03,2026-09-29
1325.0,197,0,2026-10-03,2026-09-29
1330.0,206,0,2026-10-03,2026-09-29
1335.0,66,0,2026-10-03,2026-09-29
1340.0,120,0,2026-10-03,2026-09-29
1345.0,104,0,2026-10-03,2026-09-29
1350.0,1613,0,2026-10-03,2026-09-29
1355.0,45,0,2026-10-03,2026-09-29
1360.0,267,0,2026-10-03,2026-09-29
1365.0,53,0,2026-10-03,2026-09-29
1370.0,621,1,2026-10-03,2026-09-29
1375.0,45,0,2026-10-03,2026-09-29
1380.0,388,0,2026-10-03,2026-09-29
1385.0,76,0,2026-10-03,2026-09-29
1390.0,182,1,2026-10-03,2026-09-29
1395.0,43,0,2026-10-03,2026-09-29
1400.0,2667,20,2026-10-03,2026-09-29
1405.0,38,0,2026-10-03,2026-09-29
1410.0,20,0,2026-10-03,2026-09-29
1410.0,185,0,2026-10-03,2026-09-29
1415.0,18,0,2026-10-03,2026-09-29
1420.0,348,0,2026-10-03,2026-09-29
1425.0,35,0,2026-10-03,2026-09-29
1430.0,2208,0,2026-10-03,2026-09-29
1435.0,8,10,2026-10-03,2026-09-29
1440.0,716,5,2026-10-03,2026-09-29
1445.0,257,9,2026-10-03,2026-09-29
1450.0,1446,10,2026-10-03,2026-09-29
1460.0,858,0,2026-10-03,2026-09-29
1470.0,730,0,2026-10-03,2026-09-29
1480.0,238,0,2026-10-03,2026-09-29
1490.0,398,0,2026-10-03,2026-09-29
1500.0,2803,0,2026-10-03,2026-09-29
1510.0,358,0,2026-10-03,2026-09-29
1520.0,435,0,2026-10-03,2026-09-29
1530.0,46,0,2026-10-03,2026-09-29
1540.0,95,0,2026-10-03,2026-09-29
1550.0,423,0,2026-10-03,2026-09-29
1560.0,179,0,2026-10-03,2026-09-29
1570.0,27,0,2026-10-03,2026-09-29
1580.0,268,0,2026-10-03,2026-09-29
1590.0,45,0,2026-10-03,2026-09-29
1600.0,452,0,2026-10-03,2026-09-29
1610.0,138,0,2026-10-03,2026-09-29
1620.0,56,0,2026-10-03,2026-09-29
1630.0,81,0,2026-10-03,2026-09-29
1640.0,345,0,2026-10-03,2026-09-29
1650.0,374,0,2026-10-03,2026-09-29
1660.0,383,0,2026-10-03,2026-09-29
1670.0,391,0,2026-10-03,2026-09-29
1680.0,52,0,2026-10-03,2026-09-29
1690.0,38,0,2026-10-03,2026-09-29
1700.0,879,0,2026-10-03,2026-09-29
1710.0,226,0,2026-10-03,2026-09-29
1720.0,337,0,2026-10-03,2026-09-29
1730.0,3067,0,2026-10-03,2026-09-29
600.0,36,36,2026-10-06,2026-09-29
610.0,23,4,2026-10-06,2026-09-29
620.0,20,5,2026-10-06,2026-09-29
630.0,20,7,2026-10-06,2026-09-29
640.0,20,7,2026-10-06,2026-09-29
650.0,25,21,2026-10-06,2026-09-29
660.0,16,2,2026-10-06,2026-09-29
670.0,15,533,2026-10-06,2026-09-29
680.0,5,805,2026-10-06,2026-09-29
690.0,8,13,2026-10-06,2026-09-29
700.0,2,27,2026-10-06,2026-09-29
710.0,5,0,2026-10-06,2026-09-29
720.0,0,18,2026-10-06,2026-09-29
730.0,1,62,2026-10-06,2026-09-29
740.0,3,30,2026-10-06,2026-09-29
750.0,2,30,2026-10-06,2026-09-29
760.0,0,4,2026-10-06,2026-09-29
770.0,1,11,2026-10-06,2026-09-29
775.0,3,13,2026-10-06,2026-09-29
780.0,9,18,2026-10-06,2026-09-29
785.0,3,14,2026-10-06,2026-09-29
790.0,9,20,2026-10-06,2026-09-29
795.0,10,7,2026-10-06,2026-09-29
800.0,7,37,2026-10-06,2026-09-29
805.0,20,15,2026-10-06,2026-09-29
810.0,11,3,2026-10-06,2026-09-29
815.0,9,21,2026-10-06,2026-09-29
820.0,10,26,2026-10-06,2026-09-29
825.0,10,23,2026-10-06,2026-09-29
830.0,15,14,2026-10-06,2026-09-29
835.0,12,9,2026-10-06,2026-09-29
840.0,11,8,2026-10-06,2026-09-29
845.0,10,9,2026-10-06,2026-09-29
850.0,100,29,2026-10-06,2026-09-29
855.0,10,15,2026-10-06,2026-09-29
860.0,5,42,2026-10-06,2026-09-29
865.0,4,38,2026-10-06,2026-09-29
870.0,1,71,2026-10-06,2026-09-29
875.0,0,51,2026-10-06,2026-09-29
880.0,1,59,2026-10-06,2026-09-29
885.0,0,20,2026-10-06,2026-09-29
890.0,1,55,2026-10-06,2026-09-29
895.0,0,29,2026-10-06,2026-09-29
900.0,21,182,2026-10-06,2026-09-29
905.0,3,49,2026-10-06,2026-09-29
910.0,1,34,2026-10-06,2026-09-29
915.0,0,46,2026-10-06,2026-09-29
920.0,11,76,2026-10-06,2026-09-29
925.0,0,138,2026-10-06,2026-09-29
930.0,0,88,2026-10-06,2026-09-29
935.0,2,50,2026-10-06,2026-09-29
940.0,12,121,2026-10-06,2026-09-29
945.0,35,63,2026-10-06,2026-09-29
950.0,32,662,2026-10-06,2026-09-29
955.0,0,108,2026-10-06,2026-09-29
960.0,23,262,2026-10-06,2026-09-29
965.0,1,91,2026-10-06,2026-09-29
970.0,31,102,2026-10-06,2026-09-29
975.0,7,51,2026-10-06,2026-09-29
980.0,10,129,2026-10-06,2026-09-29
985.0,6,26,2026-10-06,2026-09-29
990.0,27,76,2026-10-06,2026-09-29
995.0,8,49,2026-10-06,2026-09-29
1000.0,107,467,2026-10-06,2026-09-29
1005.0,20,36,2026-10-06,2026-09-29
1010.0,45,105,2026-10-06,2026-09-29
1015.0,41,39,2026-10-06,2026-09-29
1020.0,31,388,2026-10-06,2026-09-29
1025.0,44,72,2026-10-06,2026-09-29
1030.0,48,62,2026-10-06,2026-09-29
1035.0,40,137,2026-10-06,2026-09-29
1040.0,192,199,2026-10-06,2026-09-29
1045.0,94,63,2026-10-06,2026-09-29
1050.0,2850,2850,2026-10-06,2026-09-29
1050.0,311,247,2026-10-06,2026-09-29
1055.0,224,115,2026-10-06,2026-09-29
1060.0,909,667,2026-10-06,2026-09-29
1065.0,236,62,2026-10-06,2026-09-29
1070.0,281,97,2026-10-06,2026-09-29
1075.0,353,77,2026-10-06,2026-09-29
1080.0,284,67,2026-10-06,2026-09-29
1085.0,124,48,2026-10-06,2026-09-29
1090.0,190,51,2026-10-06,2026-09-29
1095.0,72,14,2026-10-06,2026-09-29
1100.0,1108,489,2026-10-06,2026-09-29
1105.0,32,21,2026-10-06,2026-09-29
1110.0,62,11,2026-10-06,2026-09-29
1115.0,52,14,2026-10-06,2026-09-29
1120.0,35,12,2026-10-06,2026-09-29
1125.0,113,17,2026-10-06,2026-09-29
1130.0,136,11,2026-10-06,2026-09-29
1135.0,12,2,2026-10-06,2026-09-29
1140.0,48,19,2026-10-06,2026-09-29
1145.0,40,4,2026-10-06,2026-09-29
1150.0,542,18,2026-10-06,2026-09-29
1155.0,69,4,2026-10-06,2026-09-29
1160.0,98,4,2026-10-06,2026-09-29
1165.0,148,2,2026-10-06,2026-09-29
1170.0,73,1,2026-10-06,2026-09-29
1175.0,36,5,2026-10-06,2026-09-29
1180.0,42,1,2026-10-06,2026-09-29
1185.0,823,9,2026-10-06,2026-09-29
1190.0,420,0,2026-10-06,2026-09-29
1195.0,12,0,2026-10-06,2026-09-29
1200.0,993,25,2026-10-06,2026-09-29
1205.0,19,0,2026-10-06,2026-09-29
1210.0,25,0,2026-10-06,2026-09-29
1215.0,31,0,2026-10-06,2026-09-29
1220.0,87,1,2026-10-06,2026-09-29
1225.0,20,4,2026-10-06,2026-09-29
1230.0,33,2,2026-10-06,2026-09-29
1235.0,25,0,2026-10-06,2026-09-29
1240.0,66,1,2026-10-06,2026-09-29
1245.0,34,0,2026-10-06,2026-09-29
1250.0,113,5,2026-10-06,2026-09-29
1255.0,50,0,2026-10-06,2026-09-29
1260.0,48,0,2026-10-06,2026-09-29
1265.0,42,0,2026-10-06,2026-09-29
1270.0,16,1,2026-10-06,2026-09-29
1275.0,58,0,2026-10-06,2026-09-29
1280.0,27,0,2026-10-06,2026-09-29
1285.0,42,0,2026-10-06,2026-09-29
1290.0,14,6,2026-10-06,2026-09-29
1295.0,33,0,2026-10-06,2026-09-29
1300.0,148,14,2026-10-06,2026-09-29
1305.0,16,0,2026-10-06,2026-09-29
1310.0,31,0,2026-10-06,2026-09-29
1315.0,14,0,2026-10-06,2026-09-29
1320.0,29,0,2026-10-06,2026-09-29
1325.0,11,0,2026-10-06,2026-09-29
1330.0,6,0,2026-10-06,2026-09-29
1335.0,5,0,2026-10-06,2026-09-29
1340.0,10,0,2026-10-06,2026-09-29
1345.0,9,0,2026-10-06,2026-09-29
1350.0,162,0,2026-10-06,2026-09-29
1355.0,5,0,2026-10-06,2026-09-29
1360.0,6,0,2026-10-06,2026-09-29
1365.0,4,0,2026-10-06,2026-09-29
1370.0,8,0,2026-10-06,2026-09-29
1375.0,3,0,2026-10-06,2026-09-29
1380.0,23,10,2026-10-06,2026-09-29
1385.0,4,0,2026-10-06,2026-09-29
1390.0,5,0,2026-10-06,2026-09-29
1395.0,7,0,2026-10-06,2026-09-29
1400.0,397,20,2026-10-06,2026-09-29
1405.0,4,0,2026-10-06,2026-09-29
1410.0,0,0,2026-10-06,2026-09-29
1415.0,0,0,2026-10-06,2026-09-29
1420.0,15,0,2026-10-06,2026-09-29
1425.0,0,0,2026-10-06,2026-09-29
1430.0,4,0,2026-10-06,2026-09-29
1435.0,3,0,2026-10-06,2026-09-29
1440.0,3,0,2026-10-06,2026-09-29
1445.0,17,0,2026-10-06,2026-09-29
1450.0,75,10,2026-10-06,2026-09-29
940.0,2600,2600,2026-10-07,2026-09-29
600.0,0,11,2026-10-08,2026-09-29
610.0,0,0,2026-10-08,2026-09-29
620.0,0,0,2026-10-08,2026-09-29
630.0,0,1,2026-10-08,2026-09-29
640.0,0,0,2026-10-08,2026-09-29
650.0,0,10,2026-10-08,2026-09-29
660.0,0,0,2026-10-08,2026-09-29
670.0,0,0,2026-10-08,2026-09-29
680.0,0,0,2026-10-08,2026-09-29
690.0,0,0,2026-10-08,2026-09-29
700.0,0,0,2026-10-08,2026-09-29
710.0,0,0,2026-10-08,2026-09-29
720.0,0,0,2026-10-08,2026-09-29
730.0,0,0,2026-10-08,2026-09-29
740.0,0,4,2026-10-08,2026-09-29
750.0,0,22,2026-10-08,2026-09-29
760.0,0,24,2026-10-08,2026-09-29
770.0,2,22,2026-10-08,2026-09-29
775.0,0,17,2026-10-08,2026-09-29
780.0,0,9,2026-10-08,2026-09-29
785.0,0,13,2026-10-08,2026-09-29
790.0,0,35,2026-10-08,2026-09-29
795.0,2,1,2026-10-08,2026-09-29
800.0,0,2,2026-10-08,2026-09-29
805.0,0,0,2026-10-08,2026-09-29
810.0,0,1,2026-10-08,2026-09-29
815.0,0,0,2026-10-08,2026-09-29
820.0,0,0,2026-10-08,2026-09-29
825.0,0,32,2026-10-08,2026-09-29
830.0,0,22,2026-10-08,2026-09-29
835.0,0,0,2026-10-08,2026-09-29
840.0,0,0,2026-10-08,2026-09-29
845.0,0,4,2026-10-08,2026-09-29
850.0,0,10,2026-10-08,2026-09-29
855.0,0,3,2026-10-08,2026-09-29
860.0,0,2,2026-10-08,2026-09-29
865.0,0,3,2026-10-08,2026-09-29
870.0,0,1,2026-10-08,2026-09-29
875.0,0,6,2026-10-08,2026-09-29
880.0,0,18,2026-10-08,2026-09-29
885.0,0,3,2026-10-08,2026-09-29
890.0,0,17,2026-10-08,2026-09-29
895.0,0,7,2026-10-08,2026-09-29
900.0,0,25,2026-10-08,2026-09-29
905.0,2,23,2026-10-08,2026-09-29
910.0,0,33,2026-10-08,2026-09-29
915.0,0,26,2026-10-08,2026-09-29
920.0,1,14,2026-10-08,2026-09-29
925.0,0,14,2026-10-08,2026-09-29
930.0,0,4,2026-10-08,2026-09-29
935.0,0,20,2026-10-08,2026-09-29
940.0,2,23,2026-10-08,2026-09-29
945.0,0,2,2026-10-08,2026-09-29
950.0,3,41,2026-10-08,2026-09-29
955.0,0,4,2026-10-08,2026-09-29
960.0,0,69,2026-10-08,2026-09-29
965.0,0,2,2026-10-08,2026-09-29
970.0,6,9,2026-10-08,2026-09-29
975.0,4,8,2026-10-08,2026-09-29
980.0,0,28,2026-10-08,2026-09-29
985.0,0,9,2026-10-08,2026-09-29
990.0,12,16,2026-10-08,2026-09-29
995.0,10,4,2026-10-08,2026-09-29
1000.0,18,230,2026-10-08,2026-09-29
1005.0,2,32,2026-10-08,2026-09-29
1010.0,6,12,2026-10-08,2026-09-29
1015.0,3,2,2026-10-08,2026-09-29
1020.0,74,58,2026-10-08,2026-09-29
1025.0,23,30,2026-10-08,2026-09-29
1030.0,15,53,2026-10-08,2026-09-29
1035.0,8,6,2026-10-08,2026-09-29
1040.0,36,57,2026-10-08,2026-09-29
1045.0,19,5,2026-10-08,2026-09-29
1050.0,260,79,2026-10-08,2026-09-29
1055.0,21,17,2026-10-08,2026-09-29
1060.0,40,17,2026-10-08,2026-09-29
1065.0,16,12,2026-10-08,2026-09-29
1070.0,44,4,2026-10-08,2026-09-29
1075.0,18,3,2026-10-08,2026-09-29
1080.0,39,34,2026-10-08,2026-09-29
1085.0,339,10,2026-10-08,2026-09-29
1090.0,45,2,2026-10-08,2026-09-29
1095.0,13,36,2026-10-08,2026-09-29
1100.0,112,52,2026-10-08,2026-09-29
1105.0,5,0,2026-10-08,2026-09-29
1110.0,73,30,2026-10-08,2026-09-29
1115.0,34,0,2026-10-08,2026-09-29
1120.0,30,5,2026-10-08,2026-09-29
1125.0,5,4,2026-10-08,2026-09-29
1130.0,17,0,2026-10-08,2026-09-29
1135.0,0,0,2026-10-08,2026-09-29
1140.0,35,2,2026-10-08,2026-09-29
1145.0,0,0,2026-10-08,2026-09-29
1150.0,60,3,2026-10-08,2026-09-29
1155.0,3,0,2026-10-08,2026-09-29
1160.0,70,0,2026-10-08,2026-09-29
1165.0,10,0,2026-10-08,2026-09-29
1170.0,64,0,2026-10-08,2026-09-29
1175.0,6,0,2026-10-08,2026-09-29
1180.0,69,0,2026-10-08,2026-09-29
1185.0,20,0,2026-10-08,2026-09-29
1190.0,49,0,2026-10-08,2026-09-29
1195.0,5,0,2026-10-08,2026-09-29
1200.0,62,2,2026-10-08,2026-09-29
1205.0,8,0,2026-10-08,2026-09-29
1210.0,11,0,2026-10-08,2026-09-29
1215.0,4,0,2026-10-08,2026-09-29
1220.0,16,0,2026-10-08,2026-09-29
1225.0,4,0,2026-10-08,2026-09-29
1230.0,9,2,2026-10-08,2026-09-29
1235.0,2,0,2026-10-08,2026-09-29
1240.0,39,0,2026-10-08,2026-09-29
1245.0,0,0,2026-10-08,2026-09-29
1250.0,19,0,2026-10-08,2026-09-29
1255.0,6,0,2026-10-08,2026-09-29
1260.0,3,0,2026-10-08,2026-09-29
1265.0,1,0,2026-10-08,2026-09-29
1270.0,1,0,2026-10-08,2026-09-29
1275.0,4,0,2026-10-08,2026-09-29
1280.0,2,0,2026-10-08,2026-09-29
1285.0,2,0,2026-10-08,2026-09-29
1290.0,10,0,2026-10-08,2026-09-29
1295.0,5,0,2026-10-08,2026-09-29
1300.0,19,0,2026-10-08,2026-09-29
1305.0,3,0,2026-10-08,2026-09-29
1310.0,1,0,2026-10-08,2026-09-29
1315.0,27,0,2026-10-08,2026-09-29
1320.0,1,0,2026-10-08,2026-09-29
1325.0,0,0,2026-10-08,2026-09-29
1330.0,4,0,2026-10-08,2026-09-29
1335.0,3,0,2026-10-08,2026-09-29
1340.0,0,0,2026-10-08,2026-09-29
1345.0,0,0,2026-10-08,2026-09-29
1350.0,2,0,2026-10-08,2026-09-29
1355.0,1,0,2026-10-08,2026-09-29
1360.0,0,0,2026-10-08,2026-09-29
1365.0,5,0,2026-10-08,2026-09-29
1370.0,0,0,2026-10-08,2026-09-29
1375.0,0,0,2026-10-08,2026-09-29
1380.0,0,0,2026-10-08,2026-09-29
1385.0,1,0,2026-10-08,2026-09-29
1390.0,0,0,2026-10-08,2026-09-29
1395.0,5,0,2026-10-08,2026-09-29
1400.0,4,0,2026-10-08,2026-09-29
1405.0,0,0,2026-10-08,2026-09-29
1410.0,0,0,2026-10-08,2026-09-29
1415.0,0,0,2026-10-08,2026-09-29
1420.0,0,0,2026-10-08,2026-09-29
1425.0,1,0,2026-10-08,2026-09-29
1430.0,1,0,2026-10-08,2026-09-29
1435.0,2,0,2026-10-08,2026-09-29
1440.0,1,0,2026-10-08,2026-09-29
1445.0,0,0,2026-10-08,2026-09-29
1450.0,8,0,2026-10-08,2026-09-29
1080.0,29,0,2026-10-09,2026-09-29
1284.21,1,0,2026-10-09,2026-09-29
5.0,20,3,2026-10-10,2026-09-29
10.0,0,0,2026-10-10,2026-09-29
15.0,0,0,2026-10-10,2026-09-29
20.0,0,0,2026-10-10,2026-09-29
25.0,0,0,2026-10-10,2026-09-29
30.0,0,0,2026-10-10,2026-09-29
35.0,0,1,2026-10-10,2026-09-29
40.0,0,0,2026-10-10,2026-09-29
45.0,0,0,2026-10-10,2026-09-29
50.0,0,0,2026-10-10,2026-09-29
55.0,0,0,2026-10-10,2026-09-29
60.0,0,0,2026-10-10,2026-09-29
65.0,0,0,2026-10-10,2026-09-29
70.0,0,0,2026-10-10,2026-09-29
75.0,0,0,2026-10-10,2026-09-29
80.0,0,0,2026-10-10,2026-09-29
85.0,0,0,2026-10-10,2026-09-29
90.0,1,0,2026-10-10,2026-09-29
95.0,0,0,2026-10-10,2026-09-29
100.0,0,0,2026-10-10,2026-09-29
105.0,0,0,2026-10-10,2026-09-29
110.0,0,0,2026-10-10,2026-09-29
115.0,0,0,2026-10-10,2026-09-29
120.0,0,0,2026-10-10,2026-09-29
125.0,0,0,2026-10-10,2026-09-29
130.0,0,0,2026-10-10,2026-09-29
135.0,0,0,2026-10-10,2026-09-29
140.0,0,0,2026-10-10,2026-09-29
145.0,0,0,2026-10-10,2026-09-29
150.0,0,0,2026-10-10,2026-09-29
155.0,0,0,2026-10-10,2026-09-29
160.0,0,0,2026-10-10,2026-09-29
165.0,0,0,2026-10-10,2026-09-29
170.0,0,0,2026-10-10,2026-09-29
175.0,0,0,2026-10-10,2026-09-29
180.0,0,0,2026-10-10,2026-09-29
185.0,0,0,2026-10-10,2026-09-29
190.0,1,0,2026-10-10,2026-09-29
195.0,0,0,2026-10-10,2026-09-29
200.0,0,4,2026-10-10,2026-09-29
205.0,0,2,2026-10-10,2026-09-29
210.0,1,2,2026-10-10,2026-09-29
215.0,0,1,2026-10-10,2026-09-29
220.0,0,4,2026-10-10,2026-09-29
225.0,0,10,2026-10-10,2026-09-29
230.0,0,19,2026-10-10,2026-09-29
235.0,0,7,2026-10-10,2026-09-29
240.0,0,13,2026-10-10,2026-09-29
245.0,5,24,2026-10-10,2026-09-29
250.0,0,24,2026-10-10,2026-09-29
255.0,0,47,2026-10-10,2026-09-29
260.0,1,24,2026-10-10,2026-09-29
265.0,0,76,2026-10-10,2026-09-29
270.0,0,108,2026-10-10,2026-09-29
275.0,0,54,2026-10-10,2026-09-29
280.0,0,132,2026-10-10,2026-09-29
285.0,0,310,2026-10-10,2026-09-29
290.0,0,166,2026-10-10,2026-09-29
295.0,0,92,2026-10-10,2026-09-29
300.0,1,278,2026-10-10,2026-09-29
305.0,0,22,2026-10-10,2026-09-29
310.0,0,223,2026-10-10,2026-09-29
315.0,0,26,2026-10-10,2026-09-29
320.0,0,1545,2026-10-10,2026-09-29
325.0,0,90,2026-10-10,2026-09-29
330.0,0,120,2026-10-10,2026-09-29
335.0,0,27,2026-10-10,2026-09-29
340.0,0,2241,2026-10-10,2026-09-29
345.0,0,44,2026-10-10,2026-09-29
350.0,0,219,2026-10-10,2026-09-29
355.0,0,54,2026-10-10,2026-09-29
360.0,0,1048,2026-10-10,2026-09-29
365.0,0,115,2026-10-10,2026-09-29
370.0,0,45,2026-10-10,2026-09-29
375.0,0,21,2026-10-10,2026-09-29
380.0,0,40,2026-10-10,2026-09-29
385.0,1,37,2026-10-10,2026-09-29
390.0,0,53,2026-10-10,2026-09-29
395.0,1,59,2026-10-10,2026-09-29
400.0,0,43,2026-10-10,2026-09-29
405.0,1,93,2026-10-10,2026-09-29
410.0,0,99,2026-10-10,2026-09-29
415.0,0,72,2026-10-10,2026-09-29
420.0,0,59,2026-10-10,2026-09-29
425.0,0,48,2026-10-10,2026-09-29
430.0,10,31,2026-10-10,2026-09-29
435.0,0,21,2026-10-10,2026-09-29
440.0,0,36,2026-10-10,2026-09-29
445.0,0,25,2026-10-10,2026-09-29
450.0,1,70,2026-10-10,2026-09-29
455.0,0,28,2026-10-10,2026-09-29
460.0,0,22,2026-10-10,2026-09-29
465.0,0,120,2026-10-10,2026-09-29
470.0,0,17,2026-10-10,2026-09-29
475.0,0,24,2026-10-10,2026-09-29
480.0,0,32,2026-10-10,2026-09-29
485.0,0,15,2026-10-10,2026-09-29
490.0,0,68,2026-10-10,2026-09-29
495.0,0,14,2026-10-10,2026-09-29
500.0,148,37,2026-10-10,2026-09-29
505.0,1,13,2026-10-10,2026-09-29
510.0,3,48,2026-10-10,2026-09-29
515.0,0,11,2026-10-10,2026-09-29
520.0,0,15,2026-10-10,2026-09-29
525.0,0,42,2026-10-10,2026-09-29
530.0,0,8,2026-10-10,2026-09-29
535.0,0,32,2026-10-10,2026-09-29
540.0,0,33,2026-10-10,2026-09-29
545.0,0,8,2026-10-10,2026-09-29
550.0,6,103,2026-10-10,2026-09-29
555.0,0,10,2026-10-10,2026-09-29
560.0,0,4,2026-10-10,2026-09-29
565.0,3,7,2026-10-10,2026-09-29
570.0,0,19,2026-10-10,2026-09-29
575.0,0,11,2026-10-10,2026-09-29
580.0,0,6,2026-10-10,2026-09-29
585.0,1,31,2026-10-10,2026-09-29
590.0,5,16,2026-10-10,2026-09-29
595.0,4,23,2026-10-10,2026-09-29
600.0,1,3595,2026-10-10,2026-09-29
605.0,0,29,2026-10-10,2026-09-29
610.0,0,9,2026-10-10,2026-09-29
615.0,1,112,2026-10-10,2026-09-29
620.0,0,172,2026-10-10,2026-09-29
625.0,1,56,2026-10-10,2026-09-29
630.0,1,23,2026-10-10,2026-09-29
635.0,0,13,2026-10-10,2026-09-29
640.0,1,32,2026-10-10,2026-09-29
645.0,0,28,2026-10-10,2026-09-29
650.0,2,161,2026-10-10,2026-09-29
655.0,10,36,2026-10-10,2026-09-29
660.0,3,50,2026-10-10,2026-09-29
665.0,1,48,2026-10-10,2026-09-29
670.0,1,54,2026-10-10,2026-09-29
675.0,0,27,2026-10-10,2026-09-29
680.0,1,52,2026-10-10,2026-09-29
685.0,0,72,2026-10-10,2026-09-29
690.0,4,63,2026-10-10,2026-09-29
695.0,5,60,2026-10-10,2026-09-29
700.0,50,201,2026-10-10,2026-09-29
705.0,0,86,2026-10-10,2026-09-29
710.0,2,23,2026-10-10,2026-09-29
715.0,0,21,2026-10-10,2026-09-29
720.0,0,81,2026-10-10,2026-09-29
725.0,0,31,2026-10-10,2026-09-29
730.0,0,67,2026-10-10,2026-09-29
735.0,0,80,2026-10-10,2026-09-29
740.0,2,117,2026-10-10,2026-09-29
745.0,5,26,2026-10-10,2026-09-29
750.0,3,294,2026-10-10,2026-09-29
755.0,1,33,2026-10-10,2026-09-29
760.0,3,61,2026-10-10,2026-09-29
765.0,5,105,2026-10-10,2026-09-29
770.0,6,113,2026-10-10,2026-09-29
775.0,8,96,2026-10-10,2026-09-29
780.0,4,242,2026-10-10,2026-09-29
785.0,1,88,2026-10-10,2026-09-29
790.0,1,197,2026-10-10,2026-09-29
795.0,5,226,2026-10-10,2026-09-29
800.0,147,658,2026-10-10,2026-09-29
805.0,81,32,2026-10-10,2026-09-29
810.0,15,476,2026-10-10,2026-09-29
815.0,17,65,2026-10-10,2026-09-29
820.0,93,174,2026-10-10,2026-09-29
825.0,8,87,2026-10-10,2026-09-29
830.0,67,122,2026-10-10,2026-09-29
835.0,6,40,2026-10-10,2026-09-29
840.0,17,381,2026-10-10,2026-09-29
845.0,1,108,2026-10-10,2026-09-29
850.0,66,682,2026-10-10,2026-09-29
855.0,2,69,2026-10-10,2026-09-29
860.0,17,184,2026-10-10,2026-09-29
865.0,16,103,2026-10-10,2026-09-29
870.0,29,314,2026-10-10,2026-09-29
875.0,17,99,2026-10-10,2026-09-29
880.0,37,255,2026-10-10,2026-09-29
885.0,17,86,2026-10-10,2026-09-29
890.0,76,208,2026-10-10,2026-09-29
895.0,3,80,2026-10-10,2026-09-29
900.0,2164,824,2026-10-10,2026-09-29
905.0,35,143,2026-10-10,2026-09-29
910.0,77,150,2026-10-10,2026-09-29
915.0,17,99,2026-10-10,2026-09-29
920.0,499,397,2026-10-10,2026-09-29
925.0,104,174,2026-10-10,2026-09-29
930.0,626,997,2026-10-10,2026-09-29
935.0,35,108,2026-10-10,2026-09-29
940.0,223,505,2026-10-10,2026-09-29
945.0,70,254,2026-10-10,2026-09-29
950.0,617,1484,2026-10-10,2026-09-29
955.0,37,97,2026-10-10,2026-09-29
960.0,391,116,2026-10-10,2026-09-29
965.0,62,205,2026-10-10,2026-09-29
970.0,192,156,2026-10-10,2026-09-29
975.0,245,153,2026-10-10,2026-09-29
980.0,438,923,2026-10-10,2026-09-29
985.0,71,135,2026-10-10,2026-09-29
990.0,363,209,2026-10-10,2026-09-29
995.0,94,86,2026-10-10,2026-09-29
1000.0,702,456,2026-10-10,2026-09-29
1005.0,198,65,2026-10-10,2026-09-29
1010.0,128,128,2026-10-10,2026-09-29
1015.0,416,61,2026-10-10,2026-09-29
1020.0,199,80,2026-10-10,2026-09-29
1025.0,188,201,2026-10-10,2026-09-29
1030.0,328,382,2026-10-10,2026-09-29
1035.0,123,139,2026-10-10,2026-09-29
1040.0,255,382,2026-10-10,2026-09-29
1045.0,47,201,2026-10-10,2026-09-29
1050.0,1348,266,2026-10-10,2026-09-29
1055.0,0,0,2026-10-10,2026-09-29
1055.0,105,112,2026-10-10,2026-09-29
1060.0,402,100,2026-10-10,2026-09-29
1062.5,17,6,2026-10-10,2026-09-29
1065.0,153,74,2026-10-10,2026-09-29
1067.5,32,8,2026-10-10,2026-09-29
1070.0,471,300,2026-10-10,2026-09-29
1072.5,11,3,2026-10-10,2026-09-29
1075.0,180,52,2026-10-10,2026-09-29
1077.5,36,2,2026-10-10,2026-09-29
1080.0,693,295,2026-10-10,2026-09-29
1082.5,23,1,2026-10-10,2026-09-29
1085.0,79,14,2026-10-10,2026-09-29
1090.0,308,67,2026-10-10,2026-09-29
1095.0,165,110,2026-10-10,2026-09-29
1100.0,907,227,2026-10-10,2026-09-29
1105.0,147,55,2026-10-10,2026-09-29
1110.0,497,38,2026-10-10,2026-09-29
1115.0,73,32,2026-10-10,2026-09-29
1120.0,196,205,2026-10-10,2026-09-29
1125.0,232,19,2026-10-10,2026-09-29
1130.0,98,98,2026-10-10,2026-09-29
1135.0,68,14,2026-10-10,2026-09-29
1140.0,129,130,2026-10-10,2026-09-29
1145.0,11,7,2026-10-10,2026-09-29
1150.0,476,181,2026-10-10,2026-09-29
1160.0,114,8,2026-10-10,2026-09-29
1170.0,132,2,2026-10-10,2026-09-29
1180.0,151,0,2026-10-10,2026-09-29
1190.0,206,2,2026-10-10,2026-09-29
1200.0,1606,14,2026-10-10,2026-09-29
1210.0,441,10,2026-10-10,2026-09-29
1220.0,163,1,2026-10-10,2026-09-29
1230.0,240,2,2026-10-10,2026-09-29
1240.0,233,1,2026-10-10,2026-09-29
1250.0,947,3,2026-10-10,2026-09-29
1260.0,151,6,2026-10-10,2026-09-29
1270.0,101,4,2026-10-10,2026-09-29
1280.0,99,2,2026-10-10,2026-09-29
1290.0,74,5,2026-10-10,2026-09-29
1300.0,696,24,2026-10-10,2026-09-29
1310.0,533,15,2026-10-10,2026-09-29
1320.0,61,5,2026-10-10,2026-09-29
1330.0,549,1,2026-10-10,2026-09-29
1340.0,174,0,2026-10-10,2026-09-29
1350.0,291,1,2026-10-10,2026-09-29
1360.0,45,0,2026-10-10,2026-09-29
1370.0,83,0,2026-10-10,2026-09-29
1380.0,408,1,2026-10-10,2026-09-29
1390.0,45,0,2026-10-10,2026-09-29
1400.0,205,0,2026-10-10,2026-09-29
1410.0,47,2,2026-10-10,2026-09-29
1420.0,48,0,2026-10-10,2026-09-29
1430.0,65,0,2026-10-10,2026-09-29
1440.0,151,0,2026-10-10,2026-09-29
1450.0,126,0,2026-10-10,2026-09-29
1460.0,119,0,2026-10-10,2026-09-29
1470.0,22,0,2026-10-10,2026-09-29
1480.0,11,0,2026-10-10,2026-09-29
1490.0,6,0,2026-10-10,2026-09-29
1500.0,427,0,2026-10-10,2026-09-29
1510.0,53,0,2026-10-10,2026-09-29
1520.0,12,0,2026-10-10,2026-09-29
1530.0,106,0,2026-10-10,2026-09-29
1540.0,26,0,2026-10-10,2026-09-29
1550.0,53,1,2026-10-10,2026-09-29
1560.0,6,0,2026-10-10,2026-09-29
1570.0,15,0,2026-10-10,2026-09-29
1580.0,48,0,2026-10-10,2026-09-29
1590.0,8,0,2026-10-10,2026-09-29
1600.0,139,0,2026-10-10,2026-09-29
1610.0,10,0,2026-10-10,2026-09-29
1620.0,7,0,2026-10-10,2026-09-29
1630.0,3,0,2026-10-10,2026-09-29
1640.0,36,0,2026-10-10,2026-09-29
1650.0,25,0,2026-10-10,2026-09-29
1660.0,18,0,2026-10-10,2026-09-29
1670.0,18,0,2026-10-10,2026-09-29
1680.0,10,0,2026-10-10,2026-09-29
1690.0,10,0,2026-10-10,2026-09-29
1700.0,80,0,2026-10-10,2026-09-29
1710.0,8,0,2026-10-10,2026-09-29
1720.0,6,0,2026-10-10,2026-09-29
1730.0,549,0,2026-10-10,2026-09-29
611.0,0,2230,2026-10-13,2026-09-29
1010.0,8,15,2026-10-13,2026-09-29
1015.0,4,3,2026-10-13,2026-09-29
1020.0,1,5,2026-10-13,2026-09-29
1025.0,1,10,2026-10-13,2026-09-29
1030.0,10,1,2026-10-13,2026-09-29
1035.0,24,4,2026-10-13,2026-09-29
1040.0,10,14,2026-10-13,2026-09-29
1045.0,20,7,2026-10-13,2026-09-29
1050.0,44,16,2026-10-13,2026-09-29
1055.0,23,12,2026-10-13,2026-09-29
1060.0,17,6,2026-10-13,2026-09-29
1065.0,10,1,2026-10-13,2026-09-29
1070.0,9,3,2026-10-13,2026-09-29
1075.0,12,0,2026-10-13,2026-09-29
1080.0,3,5,2026-10-13,2026-09-29
1085.0,1,0,2026-10-13,2026-09-29
1090.0,9,5,2026-10-13,2026-09-29
1095.0,1,0,2026-10-13,2026-09-29
1100.0,16,4,2026-10-13,2026-09-29
1105.0,1,0,2026-10-13,2026-09-29
1110.0,3,0,2026-10-13,2026-09-29
1115.0,0,0,2026-10-13,2026-09-29
1120.0,0,1,2026-10-13,2026-09-29
1125.0,6,1,2026-10-13,2026-09-29
1130.0,0,0,2026-10-13,2026-09-29
1135.0,0,6,2026-10-13,2026-09-29
1140.0,4,0,2026-10-13,2026-09-29
1145.0,4,0,2026-10-13,2026-09-29
1150.0,33,0,2026-10-13,2026-09-29
1155.0,11,1,2026-10-13,2026-09-29
5.0,614,167,2026-10-17,2026-09-29
10.0,5,97,2026-10-17,2026-09-29
15.0,10,188,2026-10-17,2026-09-29
20.0,19,258,2026-10-17,2026-09-29
25.0,50,346,2026-10-17,2026-09-29
30.0,35,380,2026-10-17,2026-09-29
35.0,5,775,2026-10-17,2026-09-29
40.0,6,699,2026-10-17,2026-09-29
45.0,21,631,2026-10-17,2026-09-29
50.0,31,1383,2026-10-17,2026-09-29
55.0,0,5013,2026-10-17,2026-09-29
60.0,5,14619,2026-10-17,2026-09-29
185.0,14,223,2026-10-17,2026-09-29
190.0,7,134,2026-10-17,2026-09-29
195.0,4,1762,2026-10-17,2026-09-29
200.0,44,1868,2026-10-17,2026-09-29
210.0,67,1009,2026-10-17,2026-09-29
220.0,21,1918,2026-10-17,2026-09-29
230.0,6,2692,2026-10-17,2026-09-29
240.0,25,654,2026-10-17,2026-09-29
250.0,529,649,2026-10-17,2026-09-29
260.0,60,2333,2026-10-17,2026-09-29
270.0,67,801,2026-10-17,2026-09-29
280.0,315,879,2026-10-17,2026-09-29
290.0,261,736,2026-10-17,2026-09-29
300.0,240,2225,2026-10-17,2026-09-29
310.0,444,1129,2026-10-17,2026-09-29
320.0,228,2712,2026-10-17,2026-09-29
330.0,35,1946,2026-10-17,2026-09-29
340.0,289,5138,2026-10-17,2026-09-29
350.0,316,954,2026-10-17,2026-09-29
360.0,182,2941,2026-10-17,2026-09-29
370.0,122,1380,2026-10-17,2026-09-29
380.0,145,3626,2026-10-17,2026-09-29
390.0,90,642,2026-10-17,2026-09-29
400.0,732,2615,2026-10-17,2026-09-29
410.0,306,818,2026-10-17,2026-09-29
420.0,343,876,2026-10-17,2026-09-29
430.0,136,475,2026-10-17,2026-09-29
440.0,169,413,2026-10-17,2026-09-29
450.0,715,3254,2026-10-17,2026-09-29
460.0,411,960,2026-10-17,2026-09-29
470.0,599,669,2026-10-17,2026-09-29
480.0,443,684,2026-10-17,2026-09-29
490.0,210,740,2026-10-17,2026-09-29
500.0,651,3418,2026-10-17,2026-09-29
510.0,293,509,2026-10-17,2026-09-29
520.0,348,1022,2026-10-17,2026-09-29
530.0,568,1104,2026-10-17,2026-09-29
540.0,555,1226,2026-10-17,2026-09-29
550.0,8,232,2026-10-17,2026-09-29
560.0,725,1851,2026-10-17,2026-09-29
570.0,0,353,2026-10-17,2026-09-29
580.0,193,1706,2026-10-17,2026-09-29
590.0,0,431,2026-10-17,2026-09-29
600.0,1500,5372,2026-10-17,2026-09-29
610.0,3,177,2026-10-17,2026-09-29
620.0,772,1747,2026-10-17,2026-09-29
630.0,3,688,2026-10-17,2026-09-29
640.0,1702,3574,2026-10-17,2026-09-29
650.0,2,361,2026-10-17,2026-09-29
660.0,332,1767,2026-10-17,2026-09-29
670.0,13,399,2026-10-17,2026-09-29
680.0,417,2258,2026-10-17,2026-09-29
690.0,15,909,2026-10-17,2026-09-29
700.0,1189,7327,2026-10-17,2026-09-29
710.0,10,229,2026-10-17,2026-09-29
720.0,481,727,2026-10-17,2026-09-29
730.0,15,802,2026-10-17,2026-09-29
740.0,648,1936,2026-10-17,2026-09-29
750.0,32,4113,2026-10-17,2026-09-29
760.0,314,2771,2026-10-17,2026-09-29
770.0,125,555,2026-10-17,2026-09-29
775.0,0,9,2026-10-17,2026-09-29
780.0,1220,1732,2026-10-17,2026-09-29
790.0,156,424,2026-10-17,2026-09-29
800.0,1453,5207,2026-10-17,2026-09-29
810.0,1422,608,2026-10-17,2026-09-29
820.0,618,1936,2026-10-17,2026-09-29
830.0,91,508,2026-10-17,2026-09-29
840.0,1562,1690,2026-10-17,2026-09-29
850.0,129,2537,2026-10-17,2026-09-29
860.0,868,2098,2026-10-17,2026-09-29
870.0,2500,2500,2026-10-17,2026-09-29
870.0,53,1610,2026-10-17,2026-09-29
875.0,2000,2000,2026-10-17,2026-09-29
880.0,372,1662,2026-10-17,2026-09-29
890.0,93,823,2026-10-17,2026-09-29
900.0,4319,5294,2026-10-17,2026-09-29
910.0,1903,1573,2026-10-17,2026-09-29
920.0,1086,1086,2026-10-17,2026-09-29
920.0,871,2225,2026-10-17,2026-09-29
925.0,30,217,2026-10-17,2026-09-29
930.0,200,200,2026-10-17,2026-09-29
930.0,676,1207,2026-10-17,2026-09-29
935.0,250,250,2026-10-17,2026-09-29
935.0,24,131,2026-10-17,2026-09-29
940.0,611,2272,2026-10-17,2026-09-29
945.0,31,178,2026-10-17,2026-09-29
950.0,3000,3000,2026-10-17,2026-09-29
950.0,3674,2818,2026-10-17,2026-09-29
955.0,10,420,2026-10-17,2026-09-29
960.0,883,2525,2026-10-17,2026-09-29
965.0,23,308,2026-10-17,2026-09-29
970.0,911,1594,2026-10-17,2026-09-29
975.0,28,217,2026-10-17,2026-09-29
980.0,6316,7125,2026-10-17,2026-09-29
985.0,4470,4470,2026-10-17,2026-09-29
985.0,15,222,2026-10-17,2026-09-29
990.0,1039,1318,2026-10-17,2026-09-29
995.0,37,239,2026-10-17,2026-09-29
1000.0,3450,3450,2026-10-17,2026-09-29
1000.0,10980,7070,2026-10-17,2026-09-29
1005.0,64,151,2026-10-17,2026-09-29
1010.0,875,415,2026-10-17,2026-09-29
1015.0,63,233,2026-10-17,2026-09-29
1020.0,1088,572,2026-10-17,2026-09-29
1025.0,139,112,2026-10-17,2026-09-29
1030.0,771,476,2026-10-17,2026-09-29
1035.0,256,152,2026-10-17,2026-09-29
1040.0,1133,1001,2026-10-17,2026-09-29
1045.0,155,570,2026-10-17,2026-09-29
1050.0,4049,1490,2026-10-17,2026-09-29
1055.0,190,184,2026-10-17,2026-09-29
1060.0,1068,451,2026-10-17,2026-09-29
1065.0,239,244,2026-10-17,2026-09-29
1070.0,793,660,2026-10-17,2026-09-29
1080.0,1612,958,2026-10-17,2026-09-29
1090.0,1192,463,2026-10-17,2026-09-29
1100.0,9,0,2026-10-17,2026-09-29
1100.0,7767,4126,2026-10-17,2026-09-29
1110.0,975,166,2026-10-17,2026-09-29
1120.0,832,430,2026-10-17,2026-09-29
1130.0,646,287,2026-10-17,2026-09-29
1140.0,493,201,2026-10-17,2026-09-29
1150.0,9,0,2026-10-17,2026-09-29
1150.0,3839,121,2026-10-17,2026-09-29
1160.0,649,261,2026-10-17,2026-09-29
1170.0,554,180,2026-10-17,2026-09-29
1180.0,575,104,2026-10-17,2026-09-29
1190.0,526,100,2026-10-17,2026-09-29
1200.0,7989,557,2026-10-17,2026-09-29
1210.0,2,0,2026-10-17,2026-09-29
1210.0,861,55,2026-10-17,2026-09-29
1220.0,1650,46,2026-10-17,2026-09-29
1230.0,450,23,2026-10-17,2026-09-29
1240.0,422,38,2026-10-17,2026-09-29
1250.0,2195,367,2026-10-17,2026-09-29
1260.0,517,102,2026-10-17,2026-09-29
1270.0,579,87,2026-10-17,2026-09-29
1280.0,578,49,2026-10-17,2026-09-29
1290.0,366,60,2026-10-17,2026-09-29
1300.0,9013,149,2026-10-17,2026-09-29
1310.0,401,38,2026-10-17,2026-09-29
1320.0,420,68,2026-10-17,2026-09-29
1330.0,20,0,2026-10-17,2026-09-29
1330.0,828,13,2026-10-17,2026-09-29
1340.0,309,44,2026-10-17,2026-09-29
1350.0,850,195,2026-10-17,2026-09-29
1360.0,479,27,2026-10-17,2026-09-29
1370.0,275,36,2026-10-17,2026-09-29
1380.0,257,27,2026-10-17,2026-09-29
1390.0,363,13,2026-10-17,2026-09-29
1400.0,3959,33,2026-10-17,2026-09-29
1410.0,292,90,2026-10-17,2026-09-29
1420.0,315,7,2026-10-17,2026-09-29
1430.0,484,21,2026-10-17,2026-09-29
1440.0,217,18,2026-10-17,2026-09-29
1450.0,1243,17,2026-10-17,2026-09-29
1460.0,20,0,2026-10-17,2026-09-29
1460.0,350,1,2026-10-17,2026-09-29
1470.0,364,0,2026-10-17,2026-09-29
1480.0,290,0,2026-10-17,2026-09-29
1490.0,352,1,2026-10-17,2026-09-29
1500.0,7229,22,2026-10-17,2026-09-29
1510.0,657,0,2026-10-17,2026-09-29
1520.0,414,0,2026-10-17,2026-09-29
1530.0,267,0,2026-10-17,2026-09-29
1540.0,286,0,2026-10-17,2026-09-29
1550.0,1339,0,2026-10-17,2026-09-29
1560.0,134,0,2026-10-17,2026-09-29
1570.0,402,1,2026-10-17,2026-09-29
1580.0,200,0,2026-10-17,2026-09-29
1590.0,256,0,2026-10-17,2026-09-29
1600.0,1667,0,2026-10-17,2026-09-29
1610.0,288,1,2026-10-17,2026-09-29
1620.0,240,1,2026-10-17,2026-09-29
1630.0,317,0,2026-10-17,2026-09-29
1640.0,86,0,2026-10-17,2026-09-29
1650.0,226,0,2026-10-17,2026-09-29
1660.0,551,0,2026-10-17,2026-09-29
1670.0,256,0,2026-10-17,2026-09-29
1680.0,587,0,2026-10-17,2026-09-29
1690.0,909,0,2026-10-17,2026-09-29
1700.0,1347,0,2026-10-17,2026-09-29
1710.0,174,0,2026-10-17,2026-09-29
1720.0,152,0,2026-10-17,2026-09-29
1730.0,275,0,2026-10-17,2026-09-29
1740.0,287,0,2026-10-17,2026-09-29
1750.0,236,0,2026-10-17,2026-09-29
1760.0,287,0,2026-10-17,2026-09-29
1770.0,441,0,2026-10-17,2026-09-29
1780.0,206,0,2026-10-17,2026-09-29
1790.0,414,0,2026-10-17,2026-09-29
1800.0,989,0,2026-10-17,2026-09-29
1810.0,510,0,2026-10-17,2026-09-29
1820.0,1088,0,2026-10-17,2026-09-29
1830.0,1491,0,2026-10-17,2026-09-29
1840.0,507,0,2026-10-17,2026-09-29
1850.0,743,0,2026-10-17,2026-09-29
1860.0,229,0,2026-10-17,2026-09-29
1870.0,241,0,2026-10-17,2026-09-29
1880.0,294,0,2026-10-17,2026-09-29
1890.0,415,0,2026-10-17,2026-09-29
1900.0,595,0,2026-10-17,2026-09-29
1910.0,1042,0,2026-10-17,2026-09-29
1920.0,131,0,2026-10-17,2026-09-29
1930.0,408,0,2026-10-17,2026-09-29
1940.0,252,0,2026-10-17,2026-09-29
1950.0,417,0,2026-10-17,2026-09-29
1960.0,424,0,2026-10-17,2026-09-29
1970.0,96,0,2026-10-17,2026-09-29
1980.0,160,0,2026-10-17,2026-09-29
1990.0,130,0,2026-10-17,2026-09-29
2000.0,2278,0,2026-10-17,2026-09-29
2010.0,77,0,2026-10-17,2026-09-29
2020.0,81,0,2026-10-17,2026-09-29
2030.0,262,0,2026-10-17,2026-09-29
2040.0,47,0,2026-10-17,2026-09-29
2050.0,258,0,2026-10-17,2026-09-29
2060.0,272,0,2026-10-17,2026-09-29
2070.0,86,0,2026-10-17,2026-09-29
2080.0,319,0,2026-10-17,2026-09-29
2090.0,276,0,2026-10-17,2026-09-29
2100.0,291,0,2026-10-17,2026-09-29
2110.0,137,0,2026-10-17,2026-09-29
2120.0,547,0,2026-10-17,2026-09-29
2130.0,104,0,2026-10-17,2026-09-29
2140.0,239,0,2026-10-17,2026-09-29
2150.0,242,0,2026-10-17,2026-09-29
2160.0,171,0,2026-10-17,2026-09-29
2170.0,447,0,2026-10-17,2026-09-29
2180.0,61,0,2026-10-17,2026-09-29
2190.0,367,0,2026-10-17,2026-09-29
2200.0,636,0,2026-10-17,2026-09-29
2210.0,293,0,2026-10-17,2026-09-29
2220.0,272,0,2026-10-17,2026-09-29
2230.0,263,0,2026-10-17,2026-09-29
2240.0,858,0,2026-10-17,2026-09-29
2250.0,313,0,2026-10-17,2026-09-29
2260.0,689,0,2026-10-17,2026-09-29
2270.0,950,0,2026-10-17,2026-09-29
2280.0,628,0,2026-10-17,2026-09-29
2290.0,1021,0,2026-10-17,2026-09-29
2300.0,2224,0,2026-10-17,2026-09-29
2310.0,602,0,2026-10-17,2026-09-29
2320.0,561,0,2026-10-17,2026-09-29
2330.0,414,0,2026-10-17,2026-09-29
2340.0,445,0,2026-10-17,2026-09-29
2350.0,323,0,2026-10-17,2026-09-29
2360.0,459,0,2026-10-17,2026-09-29
2370.0,347,0,2026-10-17,2026-09-29
2380.0,85,0,2026-10-17,2026-09-29
2390.0,253,0,2026-10-17,2026-09-29
2400.0,287,0,2026-10-17,2026-09-29
2410.0,239,0,2026-10-17,2026-09-29
2420.0,768,0,2026-10-17,2026-09-29
2440.0,256,0,2026-10-17,2026-09-29
2460.0,314,0,2026-10-17,2026-09-29
2480.0,285,0,2026-10-17,2026-09-29
2500.0,3568,0,2026-10-17,2026-09-29
999.03,1144,1144,2026-10-21,2026-09-29
5.0,0,1,2026-10-24,2026-09-29
10.0,0,0,2026-10-24,2026-09-29
15.0,0,0,2026-10-24,2026-09-29
20.0,0,0,2026-10-24,2026-09-29
25.0,0,0,2026-10-24,2026-09-29
30.0,0,3,2026-10-24,2026-09-29
35.0,0,8,2026-10-24,2026-09-29
40.0,0,0,2026-10-24,2026-09-29
45.0,0,41,2026-10-24,2026-09-29
50.0,0,55,2026-10-24,2026-09-29
55.0,0,10,2026-10-24,2026-09-29
60.0,0,95,2026-10-24,2026-09-29
65.0,1,8,2026-10-24,2026-09-29
70.0,0,65,2026-10-24,2026-09-29
75.0,0,56,2026-10-24,2026-09-29
80.0,0,110,2026-10-24,2026-09-29
85.0,3,43,2026-10-24,2026-09-29
90.0,1,81,2026-10-24,2026-09-29
95.0,1,45,2026-10-24,2026-09-29
100.0,2,108,2026-10-24,2026-09-29
105.0,0,45,2026-10-24,2026-09-29
110.0,0,105,2026-10-24,2026-09-29
115.0,0,0,2026-10-24,2026-09-29
120.0,0,0,2026-10-24,2026-09-29
125.0,0,0,2026-10-24,2026-09-29
130.0,0,0,2026-10-24,2026-09-29
135.0,1,0,2026-10-24,2026-09-29
140.0,0,0,2026-10-24,2026-09-29
145.0,0,6,2026-10-24,2026-09-29
150.0,0,0,2026-10-24,2026-09-29
155.0,0,0,2026-10-24,2026-09-29
160.0,0,0,2026-10-24,2026-09-29
165.0,0,0,2026-10-24,2026-09-29
170.0,0,0,2026-10-24,2026-09-29
175.0,0,0,2026-10-24,2026-09-29
180.0,0,1,2026-10-24,2026-09-29
185.0,0,5,2026-10-24,2026-09-29
190.0,0,11,2026-10-24,2026-09-29
195.0,0,8,2026-10-24,2026-09-29
200.0,0,28,2026-10-24,2026-09-29
205.0,0,8,2026-10-24,2026-09-29
210.0,0,31,2026-10-24,2026-09-29
215.0,0,27,2026-10-24,2026-09-29
220.0,0,57,2026-10-24,2026-09-29
225.0,0,58,2026-10-24,2026-09-29
230.0,0,36,2026-10-24,2026-09-29
235.0,0,39,2026-10-24,2026-09-29
240.0,0,236,2026-10-24,2026-09-29
245.0,0,76,2026-10-24,2026-09-29
250.0,0,78,2026-10-24,2026-09-29
255.0,0,251,2026-10-24,2026-09-29
260.0,0,753,2026-10-24,2026-09-29
265.0,0,430,2026-10-24,2026-09-29
270.0,0,266,2026-10-24,2026-09-29
275.0,3,109,2026-10-24,2026-09-29
280.0,0,74,2026-10-24,2026-09-29
285.0,0,140,2026-10-24,2026-09-29
290.0,0,90,2026-10-24,2026-09-29
295.0,0,26,2026-10-24,2026-09-29
300.0,0,32,2026-10-24,2026-09-29
305.0,0,98,2026-10-24,2026-09-29
310.0,0,201,2026-10-24,2026-09-29
315.0,0,24,2026-10-24,2026-09-29
320.0,0,36,2026-10-24,2026-09-29
325.0,0,166,2026-10-24,2026-09-29
330.0,0,27,2026-10-24,2026-09-29
335.0,0,43,2026-10-24,2026-09-29
340.0,0,47,2026-10-24,2026-09-29
345.0,0,38,2026-10-24,2026-09-29
350.0,0,42,2026-10-24,2026-09-29
355.0,0,14,2026-10-24,2026-09-29
360.0,0,8,2026-10-24,2026-09-29
365.0,0,13,2026-10-24,2026-09-29
370.0,0,17,2026-10-24,2026-09-29
375.0,1,16,2026-10-24,2026-09-29
380.0,0,11,2026-10-24,2026-09-29
385.0,0,23,2026-10-24,2026-09-29
390.0,3,11,2026-10-24,2026-09-29
395.0,0,9,2026-10-24,2026-09-29
400.0,0,30,2026-10-24,2026-09-29
405.0,6,8,2026-10-24,2026-09-29
410.0,1,4,2026-10-24,2026-09-29
415.0,0,6,2026-10-24,2026-09-29
420.0,0,8,2026-10-24,2026-09-29
425.0,0,20,2026-10-24,2026-09-29
430.0,1,23,2026-10-24,2026-09-29
435.0,0,4,2026-10-24,2026-09-29
440.0,3,7,2026-10-24,2026-09-29
445.0,0,10,2026-10-24,2026-09-29
450.0,1,12,2026-10-24,2026-09-29
455.0,0,8,2026-10-24,2026-09-29
460.0,0,12,2026-10-24,2026-09-29
465.0,0,8,2026-10-24,2026-09-29
470.0,0,4,2026-10-24,2026-09-29
475.0,1,7,2026-10-24,2026-09-29
480.0,2,17,2026-10-24,2026-09-29
485.0,0,13,2026-10-24,2026-09-29
490.0,2,3,2026-10-24,2026-09-29
495.0,0,33,2026-10-24,2026-09-29
500.0,1,61,2026-10-24,2026-09-29
505.0,0,41,2026-10-24,2026-09-29
510.0,1,52,2026-10-24,2026-09-29
515.0,0,3,2026-10-24,2026-09-29
520.0,0,33,2026-10-24,2026-09-29
525.0,0,2,2026-10-24,2026-09-29
530.0,0,202,2026-10-24,2026-09-29
535.0,1,49,2026-10-24,2026-09-29
540.0,0,62,2026-10-24,2026-09-29
545.0,0,21,2026-10-24,2026-09-29
550.0,0,115,2026-10-24,2026-09-29
555.0,4,104,2026-10-24,2026-09-29
560.0,1,9,2026-10-24,2026-09-29
565.0,0,79,2026-10-24,2026-09-29
570.0,0,61,2026-10-24,2026-09-29
575.0,0,44,2026-10-24,2026-09-29
580.0,1,47,2026-10-24,2026-09-29
585.0,1,100,2026-10-24,2026-09-29
590.0,1,6,2026-10-24,2026-09-29
595.0,0,23,2026-10-24,2026-09-29
600.0,1,38,2026-10-24,2026-09-29
605.0,0,6,2026-10-24,2026-09-29
610.0,1,13,2026-10-24,2026-09-29
615.0,1,5,2026-10-24,2026-09-29
620.0,4,201,2026-10-24,2026-09-29
625.0,0,40,2026-10-24,2026-09-29
630.0,1,2,2026-10-24,2026-09-29
635.0,0,4,2026-10-24,2026-09-29
640.0,2,27,2026-10-24,2026-09-29
645.0,1,5,2026-10-24,2026-09-29
650.0,0,237,2026-10-24,2026-09-29
655.0,2,144,2026-10-24,2026-09-29
660.0,0,13,2026-10-24,2026-09-29
665.0,0,6,2026-10-24,2026-09-29
670.0,1,219,2026-10-24,2026-09-29
675.0,2,63,2026-10-24,2026-09-29
680.0,0,62,2026-10-24,2026-09-29
685.0,1,84,2026-10-24,2026-09-29
690.0,2,164,2026-10-24,2026-09-29
695.0,5,175,2026-10-24,2026-09-29
700.0,3,171,2026-10-24,2026-09-29
705.0,1,82,2026-10-24,2026-09-29
710.0,0,78,2026-10-24,2026-09-29
715.0,4,101,2026-10-24,2026-09-29
720.0,1,64,2026-10-24,2026-09-29
725.0,1,35,2026-10-24,2026-09-29
730.0,9,187,2026-10-24,2026-09-29
735.0,1,11,2026-10-24,2026-09-29
740.0,11,76,2026-10-24,2026-09-29
745.0,2,61,2026-10-24,2026-09-29
750.0,15,203,2026-10-24,2026-09-29
755.0,15,238,2026-10-24,2026-09-29
760.0,0,90,2026-10-24,2026-09-29
765.0,15,43,2026-10-24,2026-09-29
770.0,2,123,2026-10-24,2026-09-29
775.0,3,215,2026-10-24,2026-09-29
780.0,13,129,2026-10-24,2026-09-29
785.0,1,87,2026-10-24,2026-09-29
790.0,28,175,2026-10-24,2026-09-29
795.0,26,88,2026-10-24,2026-09-29
800.0,198,450,2026-10-24,2026-09-29
805.0,0,120,2026-10-24,2026-09-29
810.0,1,198,2026-10-24,2026-09-29
815.0,1,49,2026-10-24,2026-09-29
820.0,3,257,2026-10-24,2026-09-29
825.0,7,100,2026-10-24,2026-09-29
830.0,11,214,2026-10-24,2026-09-29
835.0,1,79,2026-10-24,2026-09-29
840.0,52,46,2026-10-24,2026-09-29
845.0,0,91,2026-10-24,2026-09-29
850.0,5,816,2026-10-24,2026-09-29
855.0,1,54,2026-10-24,2026-09-29
860.0,1,143,2026-10-24,2026-09-29
865.0,1,50,2026-10-24,2026-09-29
870.0,1,166,2026-10-24,2026-09-29
875.0,11,86,2026-10-24,2026-09-29
880.0,10,240,2026-10-24,2026-09-29
885.0,2,51,2026-10-24,2026-09-29
890.0,19,82,2026-10-24,2026-09-29
895.0,27,166,2026-10-24,2026-09-29
900.0,269,469,2026-10-24,2026-09-29
905.0,22,91,2026-10-24,2026-09-29
910.0,9,82,2026-10-24,2026-09-29
915.0,14,42,2026-10-24,2026-09-29
920.0,1500,1500,2026-10-24,2026-09-29
920.0,58,105,2026-10-24,2026-09-29
925.0,69,78,2026-10-24,2026-09-29
930.0,59,159,2026-10-24,2026-09-29
935.0,68,77,2026-10-24,2026-09-29
940.0,51,108,2026-10-24,2026-09-29
945.0,24,68,2026-10-24,2026-09-29
950.0,42,385,2026-10-24,2026-09-29
955.0,84,62,2026-10-24,2026-09-29
960.0,49,76,2026-10-24,2026-09-29
965.0,6,44,2026-10-24,2026-09-29
970.0,54,114,2026-10-24,2026-09-29
975.0,66,72,2026-10-24,2026-09-29
980.0,62,77,2026-10-24,2026-09-29
985.0,14,89,2026-10-24,2026-09-29
990.0,58,29,2026-10-24,2026-09-29
995.0,66,88,2026-10-24,2026-09-29
1000.0,199,473,2026-10-24,2026-09-29
1005.0,38,43,2026-10-24,2026-09-29
1010.0,109,32,2026-10-24,2026-09-29
1015.0,43,37,2026-10-24,2026-09-29
1020.0,167,152,2026-10-24,2026-09-29
1025.0,100,46,2026-10-24,2026-09-29
1030.0,57,40,2026-10-24,2026-09-29
1035.0,45,54,2026-10-24,2026-09-29
1040.0,132,45,2026-10-24,2026-09-29
1045.0,73,26,2026-10-24,2026-09-29
1050.0,264,474,2026-10-24,2026-09-29
1055.0,104,19,2026-10-24,2026-09-29
1060.0,245,38,2026-10-24,2026-09-29
1065.0,27,38,2026-10-24,2026-09-29
1070.0,120,66,2026-10-24,2026-09-29
1075.0,251,69,2026-10-24,2026-09-29
1080.0,154,47,2026-10-24,2026-09-29
1085.0,133,19,2026-10-24,2026-09-29
1090.0,103,14,2026-10-24,2026-09-29
1095.0,88,14,2026-10-24,2026-09-29
1100.0,416,384,2026-10-24,2026-09-29
1105.0,171,14,2026-10-24,2026-09-29
1110.0,73,27,2026-10-24,2026-09-29
1115.0,23,1,2026-10-24,2026-09-29
1120.0,55,1,2026-10-24,2026-09-29
1125.0,70,0,2026-10-24,2026-09-29
1130.0,41,6,2026-10-24,2026-09-29
1135.0,32,2,2026-10-24,2026-09-29
1140.0,35,0,2026-10-24,2026-09-29
1145.0,21,0,2026-10-24,2026-09-29
1150.0,422,8,2026-10-24,2026-09-29
1160.0,72,36,2026-10-24,2026-09-29
1170.0,85,13,2026-10-24,2026-09-29
1180.0,261,19,2026-10-24,2026-09-29
1190.0,51,15,2026-10-24,2026-09-29
1200.0,402,48,2026-10-24,2026-09-29
1210.0,104,15,2026-10-24,2026-09-29
1220.0,125,10,2026-10-24,2026-09-29
1230.0,219,40,2026-10-24,2026-09-29
1240.0,65,5,2026-10-24,2026-09-29
1250.0,223,0,2026-10-24,2026-09-29
1260.0,270,0,2026-10-24,2026-09-29
1270.0,124,5,2026-10-24,2026-09-29
1280.0,33,4,2026-10-24,2026-09-29
1290.0,176,1,2026-10-24,2026-09-29
1300.0,490,1,2026-10-24,2026-09-29
1310.0,45,0,2026-10-24,2026-09-29
1320.0,35,0,2026-10-24,2026-09-29
1330.0,90,0,2026-10-24,2026-09-29
1340.0,126,1,2026-10-24,2026-09-29
1350.0,56,0,2026-10-24,2026-09-29
1360.0,45,0,2026-10-24,2026-09-29
1370.0,39,2,2026-10-24,2026-09-29
1380.0,103,0,2026-10-24,2026-09-29
1390.0,47,0,2026-10-24,2026-09-29
1400.0,306,2,2026-10-24,2026-09-29
1410.0,19,0,2026-10-24,2026-09-29
1420.0,60,0,2026-10-24,2026-09-29
1430.0,35,0,2026-10-24,2026-09-29
1440.0,30,0,2026-10-24,2026-09-29
1450.0,140,0,2026-10-24,2026-09-29
1460.0,27,0,2026-10-24,2026-09-29
1470.0,22,0,2026-10-24,2026-09-29
1480.0,16,0,2026-10-24,2026-09-29
1490.0,551,0,2026-10-24,2026-09-29
1500.0,229,0,2026-10-24,2026-09-29
1510.0,23,0,2026-10-24,2026-09-29
1520.0,31,0,2026-10-24,2026-09-29
1530.0,484,0,2026-10-24,2026-09-29
1540.0,38,0,2026-10-24,2026-09-29
1550.0,16,0,2026-10-24,2026-09-29
1560.0,11,0,2026-10-24,2026-09-29
1570.0,20,0,2026-10-24,2026-09-29
1580.0,3,0,2026-10-24,2026-09-29
1590.0,19,1,2026-10-24,2026-09-29
1600.0,41,0,2026-10-24,2026-09-29
1610.0,39,0,2026-10-24,2026-09-29
1620.0,32,0,2026-10-24,2026-09-29
1630.0,9,1,2026-10-24,2026-09-29
1640.0,16,0,2026-10-24,2026-09-29
1650.0,16,0,2026-10-24,2026-09-29
1660.0,15,0,2026-10-24,2026-09-29
1670.0,6,0,2026-10-24,2026-09-29
1680.0,6,0,2026-10-24,2026-09-29
1690.0,36,0,2026-10-24,2026-09-29
1700.0,29,0,2026-10-24,2026-09-29
1710.0,3,0,2026-10-24,2026-09-29
1720.0,3,0,2026-10-24,2026-09-29
1730.0,172,0,2026-10-24,2026-09-29
1100.0,29,0,2026-10-29,2026-09-29
1000.0,4150,4150,2026-10-30,2026-09-29
5.0,0,0,2026-10-31,2026-09-29
10.0,0,0,2026-10-31,2026-09-29
15.0,0,0,2026-10-31,2026-09-29
20.0,0,0,2026-10-31,2026-09-29
25.0,0,0,2026-10-31,2026-09-29
30.0,0,0,2026-10-31,2026-09-29
35.0,0,1,2026-10-31,2026-09-29
40.0,0,0,2026-10-31,2026-09-29
45.0,0,0,2026-10-31,2026-09-29
50.0,0,0,2026-10-31,2026-09-29
55.0,0,0,2026-10-31,2026-09-29
60.0,0,0,2026-10-31,2026-09-29
65.0,0,0,2026-10-31,2026-09-29
70.0,0,0,2026-10-31,2026-09-29
75.0,0,0,2026-10-31,2026-09-29
80.0,0,0,2026-10-31,2026-09-29
85.0,0,0,2026-10-31,2026-09-29
90.0,0,2,2026-10-31,2026-09-29
95.0,0,0,2026-10-31,2026-09-29
100.0,0,0,2026-10-31,2026-09-29
105.0,0,0,2026-10-31,2026-09-29
110.0,0,0,2026-10-31,2026-09-29
115.0,0,0,2026-10-31,2026-09-29
120.0,0,0,2026-10-31,2026-09-29
125.0,0,1,2026-10-31,2026-09-29
130.0,0,0,2026-10-31,2026-09-29
135.0,0,0,2026-10-31,2026-09-29
140.0,0,0,2026-10-31,2026-09-29
145.0,0,0,2026-10-31,2026-09-29
150.0,0,0,2026-10-31,2026-09-29
155.0,0,0,2026-10-31,2026-09-29
160.0,0,0,2026-10-31,2026-09-29
165.0,0,0,2026-10-31,2026-09-29
170.0,0,0,2026-10-31,2026-09-29
175.0,0,0,2026-10-31,2026-09-29
180.0,0,0,2026-10-31,2026-09-29
185.0,1,79,2026-10-31,2026-09-29
190.0,0,129,2026-10-31,2026-09-29
195.0,0,57,2026-10-31,2026-09-29
200.0,0,109,2026-10-31,2026-09-29
210.0,0,35,2026-10-31,2026-09-29
220.0,1,32,2026-10-31,2026-09-29
230.0,0,25,2026-10-31,2026-09-29
240.0,0,15,2026-10-31,2026-09-29
250.0,0,35,2026-10-31,2026-09-29
260.0,0,27,2026-10-31,2026-09-29
270.0,8,43,2026-10-31,2026-09-29
280.0,2,26,2026-10-31,2026-09-29
290.0,0,24,2026-10-31,2026-09-29
300.0,20,22,2026-10-31,2026-09-29
310.0,0,20,2026-10-31,2026-09-29
320.0,0,15,2026-10-31,2026-09-29
330.0,0,9,2026-10-31,2026-09-29
340.0,0,31,2026-10-31,2026-09-29
350.0,6,24,2026-10-31,2026-09-29
360.0,0,68,2026-10-31,2026-09-29
370.0,26,37,2026-10-31,2026-09-29
380.0,0,20,2026-10-31,2026-09-29
390.0,0,27,2026-10-31,2026-09-29
400.0,0,31,2026-10-31,2026-09-29
410.0,0,7,2026-10-31,2026-09-29
420.0,3,11,2026-10-31,2026-09-29
430.0,11,3,2026-10-31,2026-09-29
440.0,0,4,2026-10-31,2026-09-29
450.0,0,9,2026-10-31,2026-09-29
460.0,38,9,2026-10-31,2026-09-29
470.0,0,0,2026-10-31,2026-09-29
480.0,0,4,2026-10-31,2026-09-29
490.0,0,5,2026-10-31,2026-09-29
500.0,2,7,2026-10-31,2026-09-29
510.0,1,31,2026-10-31,2026-09-29
520.0,1,31,2026-10-31,2026-09-29
530.0,1,20,2026-10-31,2026-09-29
540.0,0,8,2026-10-31,2026-09-29
550.0,0,33,2026-10-31,2026-09-29
560.0,2,11,2026-10-31,2026-09-29
570.0,0,5,2026-10-31,2026-09-29
580.0,2,7,2026-10-31,2026-09-29
590.0,0,12,2026-10-31,2026-09-29
600.0,1,421,2026-10-31,2026-09-29
610.0,0,18,2026-10-31,2026-09-29
620.0,0,25,2026-10-31,2026-09-29
630.0,1,58,2026-10-31,2026-09-29
640.0,1,11,2026-10-31,2026-09-29
650.0,3,139,2026-10-31,2026-09-29
660.0,2,35,2026-10-31,2026-09-29
670.0,0,19,2026-10-31,2026-09-29
680.0,1,32,2026-10-31,2026-09-29
690.0,1,13,2026-10-31,2026-09-29
700.0,88,228,2026-10-31,2026-09-29
710.0,3,55,2026-10-31,2026-09-29
720.0,4,163,2026-10-31,2026-09-29
730.0,23,83,2026-10-31,2026-09-29
740.0,1,45,2026-10-31,2026-09-29
750.0,101,213,2026-10-31,2026-09-29
760.0,1,68,2026-10-31,2026-09-29
770.0,48,250,2026-10-31,2026-09-29
780.0,9,115,2026-10-31,2026-09-29
790.0,2,72,2026-10-31,2026-09-29
795.0,3,1488,2026-10-31,2026-09-29
800.0,65,484,2026-10-31,2026-09-29
805.0,1,94,2026-10-31,2026-09-29
810.0,10,49,2026-10-31,2026-09-29
815.0,19,84,2026-10-31,2026-09-29
820.0,5,176,2026-10-31,2026-09-29
825.0,103,60,2026-10-31,2026-09-29
830.0,12,80,2026-10-31,2026-09-29
835.0,2,67,2026-10-31,2026-09-29
840.0,11,137,2026-10-31,2026-09-29
845.0,3,64,2026-10-31,2026-09-29
850.0,24,957,2026-10-31,2026-09-29
855.0,1,120,2026-10-31,2026-09-29
860.0,12,124,2026-10-31,2026-09-29
865.0,45,434,2026-10-31,2026-09-29
870.0,32,110,2026-10-31,2026-09-29
875.0,1,64,2026-10-31,2026-09-29
880.0,78,124,2026-10-31,2026-09-29
885.0,5,69,2026-10-31,2026-09-29
890.0,65,174,2026-10-31,2026-09-29
895.0,3,123,2026-10-31,2026-09-29
900.0,337,765,2026-10-31,2026-09-29
905.0,422,81,2026-10-31,2026-09-29
910.0,253,113,2026-10-31,2026-09-29
915.0,18,216,2026-10-31,2026-09-29
920.0,86,255,2026-10-31,2026-09-29
925.0,95,92,2026-10-31,2026-09-29
930.0,35,145,2026-10-31,2026-09-29
935.0,13,71,2026-10-31,2026-09-29
940.0,128,66,2026-10-31,2026-09-29
945.0,36,35,2026-10-31,2026-09-29
950.0,290,159,2026-10-31,2026-09-29
955.0,41,64,2026-10-31,2026-09-29
960.0,22,65,2026-10-31,2026-09-29
965.0,13,29,2026-10-31,2026-09-29
970.0,51,73,2026-10-31,2026-09-29
975.0,37,169,2026-10-31,2026-09-29
980.0,62,192,2026-10-31,2026-09-29
985.0,69,130,2026-10-31,2026-09-29
990.0,112,54,2026-10-31,2026-09-29
995.0,62,75,2026-10-31,2026-09-29
1000.0,403,308,2026-10-31,2026-09-29
1005.0,60,37,2026-10-31,2026-09-29
1010.0,34,34,2026-10-31,2026-09-29
1015.0,24,12,2026-10-31,2026-09-29
1020.0,239,41,2026-10-31,2026-09-29
1025.0,228,30,2026-10-31,2026-09-29
1030.0,115,35,2026-10-31,2026-09-29
1035.0,53,50,2026-10-31,2026-09-29
1040.0,97,51,2026-10-31,2026-09-29
1045.0,66,183,2026-10-31,2026-09-29
1050.0,600,600,2026-10-31,2026-09-29
1050.0,297,80,2026-10-31,2026-09-29
1055.0,52,67,2026-10-31,2026-09-29
1060.0,89,65,2026-10-31,2026-09-29
1065.0,118,144,2026-10-31,2026-09-29
1070.0,174,59,2026-10-31,2026-09-29
1075.0,260,47,2026-10-31,2026-09-29
1080.0,115,44,2026-10-31,2026-09-29
1085.0,84,82,2026-10-31,2026-09-29
1090.0,238,88,2026-10-31,2026-09-29
1095.0,65,75,2026-10-31,2026-09-29
1100.0,807,395,2026-10-31,2026-09-29
1105.0,24,66,2026-10-31,2026-09-29
1110.0,205,46,2026-10-31,2026-09-29
1115.0,60,44,2026-10-31,2026-09-29
1120.0,115,10,2026-10-31,2026-09-29
1125.0,84,8,2026-10-31,2026-09-29
1130.0,197,18,2026-10-31,2026-09-29
1135.0,26,2,2026-10-31,2026-09-29
1140.0,5,0,2026-10-31,2026-09-29
1140.0,136,3,2026-10-31,2026-09-29
1145.0,13,0,2026-10-31,2026-09-29
1150.0,249,29,2026-10-31,2026-09-29
1160.0,79,2,2026-10-31,2026-09-29
1170.0,139,2,2026-10-31,2026-09-29
1180.0,58,1,2026-10-31,2026-09-29
1190.0,143,0,2026-10-31,2026-09-29
1200.0,492,7,2026-10-31,2026-09-29
1210.0,67,13,2026-10-31,2026-09-29
1220.0,56,1,2026-10-31,2026-09-29
1230.0,62,1,2026-10-31,2026-09-29
1240.0,41,1,2026-10-31,2026-09-29
1250.0,304,4,2026-10-31,2026-09-29
1260.0,122,0,2026-10-31,2026-09-29
1270.0,112,1,2026-10-31,2026-09-29
1280.0,131,0,2026-10-31,2026-09-29
1290.0,51,1,2026-10-31,2026-09-29
1300.0,670,1,2026-10-31,2026-09-29
1310.0,46,0,2026-10-31,2026-09-29
1320.0,64,0,2026-10-31,2026-09-29
1330.0,45,0,2026-10-31,2026-09-29
1340.0,34,2,2026-10-31,2026-09-29
1350.0,152,0,2026-10-31,2026-09-29
1360.0,127,0,2026-10-31,2026-09-29
1370.0,68,0,2026-10-31,2026-09-29
1380.0,122,0,2026-10-31,2026-09-29
1390.0,19,0,2026-10-31,2026-09-29
1400.0,326,0,2026-10-31,2026-09-29
1410.0,15,0,2026-10-31,2026-09-29
1420.0,159,1,2026-10-31,2026-09-29
1430.0,15,0,2026-10-31,2026-09-29
1440.0,160,1,2026-10-31,2026-09-29
1450.0,39,0,2026-10-31,2026-09-29
1460.0,32,0,2026-10-31,2026-09-29
1470.0,18,3,2026-10-31,2026-09-29
1480.0,7,2,2026-10-31,2026-09-29
1490.0,6,0,2026-10-31,2026-09-29
1500.0,821,0,2026-10-31,2026-09-29
1510.0,77,0,2026-10-31,2026-09-29
1520.0,4,0,2026-10-31,2026-09-29
1530.0,50,0,2026-10-31,2026-09-29
1540.0,2,0,2026-10-31,2026-09-29
1550.0,36,0,2026-10-31,2026-09-29
1560.0,2,0,2026-10-31,2026-09-29
1570.0,11,0,2026-10-31,2026-09-29
1580.0,5,0,2026-10-31,2026-09-29
1590.0,12,0,2026-10-31,2026-09-29
1600.0,47,0,2026-10-31,2026-09-29
1610.0,37,1,2026-10-31,2026-09-29
1620.0,6,0,2026-10-31,2026-09-29
1630.0,7,0,2026-10-31,2026-09-29
1640.0,6,0,2026-10-31,2026-09-29
1650.0,15,0,2026-10-31,2026-09-29
1660.0,2,0,2026-10-31,2026-09-29
1670.0,2,0,2026-10-31,2026-09-29
1680.0,8,0,2026-10-31,2026-09-29
1690.0,2,0,2026-10-31,2026-09-29
1700.0,82,0,2026-10-31,2026-09-29
1710.0,13,0,2026-10-31,2026-09-29
1720.0,10,0,2026-10-31,2026-09-29
1730.0,393,0,2026-10-31,2026-09-29
1250.0,29,0,2026-11-05,2026-09-29
1340.0,9,0,2026-11-05,2026-09-29
5.0,0,0,2026-11-07,2026-09-29
10.0,0,0,2026-11-07,2026-09-29
15.0,0,1,2026-11-07,2026-09-29
20.0,0,0,2026-11-07,2026-09-29
25.0,0,0,2026-11-07,2026-09-29
30.0,0,0,2026-11-07,2026-09-29
35.0,0,0,2026-11-07,2026-09-29
40.0,0,0,2026-11-07,2026-09-29
45.0,0,0,2026-11-07,2026-09-29
50.0,0,0,2026-11-07,2026-09-29
55.0,0,0,2026-11-07,2026-09-29
60.0,0,0,2026-11-07,2026-09-29
65.0,0,0,2026-11-07,2026-09-29
70.0,0,0,2026-11-07,2026-09-29
75.0,0,0,2026-11-07,2026-09-29
80.0,0,0,2026-11-07,2026-09-29
85.0,0,0,2026-11-07,2026-09-29
90.0,0,0,2026-11-07,2026-09-29
95.0,0,0,2026-11-07,2026-09-29
100.0,0,0,2026-11-07,2026-09-29
105.0,0,0,2026-11-07,2026-09-29
110.0,0,0,2026-11-07,2026-09-29
115.0,0,0,2026-11-07,2026-09-29
120.0,0,0,2026-11-07,2026-09-29
125.0,0,0,2026-11-07,2026-09-29
130.0,0,0,2026-11-07,2026-09-29
135.0,0,0,2026-11-07,2026-09-29
140.0,0,0,2026-11-07,2026-09-29
145.0,0,0,2026-11-07,2026-09-29
150.0,0,0,2026-11-07,2026-09-29
155.0,0,0,2026-11-07,2026-09-29
160.0,0,0,2026-11-07,2026-09-29
165.0,0,0,2026-11-07,2026-09-29
170.0,0,0,2026-11-07,2026-09-29
175.0,0,3,2026-11-07,2026-09-29
180.0,0,4,2026-11-07,2026-09-29
185.0,0,2,2026-11-07,2026-09-29
190.0,0,2,2026-11-07,2026-09-29
195.0,0,6,2026-11-07,2026-09-29
200.0,0,10,2026-11-07,2026-09-29
210.0,0,2,2026-11-07,2026-09-29
220.0,0,4,2026-11-07,2026-09-29
230.0,0,7,2026-11-07,2026-09-29
240.0,0,7,2026-11-07,2026-09-29
250.0,0,22,2026-11-07,2026-09-29
260.0,0,3,2026-11-07,2026-09-29
270.0,0,5,2026-11-07,2026-09-29
280.0,0,2,2026-11-07,2026-09-29
290.0,0,4,2026-11-07,2026-09-29
300.0,0,11,2026-11-07,2026-09-29
310.0,0,5,2026-11-07,2026-09-29
320.0,0,0,2026-11-07,2026-09-29
330.0,0,5,2026-11-07,2026-09-29
340.0,0,0,2026-11-07,2026-09-29
350.0,0,0,2026-11-07,2026-09-29
360.0,0,0,2026-11-07,2026-09-29
370.0,0,0,2026-11-07,2026-09-29
380.0,0,0,2026-11-07,2026-09-29
390.0,0,0,2026-11-07,2026-09-29
400.0,0,0,2026-11-07,2026-09-29
410.0,0,0,2026-11-07,2026-09-29
420.0,0,0,2026-11-07,2026-09-29
430.0,0,0,2026-11-07,2026-09-29
440.0,1,0,2026-11-07,2026-09-29
450.0,0,0,2026-11-07,2026-09-29
460.0,0,2,2026-11-07,2026-09-29
470.0,0,0,2026-11-07,2026-09-29
480.0,0,0,2026-11-07,2026-09-29
490.0,0,0,2026-11-07,2026-09-29
500.0,0,11,2026-11-07,2026-09-29
510.0,0,0,2026-11-07,2026-09-29
520.0,0,1,2026-11-07,2026-09-29
530.0,0,1,2026-11-07,2026-09-29
540.0,5,0,2026-11-07,2026-09-29
550.0,0,0,2026-11-07,2026-09-29
560.0,1,2,2026-11-07,2026-09-29
570.0,0,0,2026-11-07,2026-09-29
580.0,0,2,2026-11-07,2026-09-29
590.0,0,1,2026-11-07,2026-09-29
600.0,0,11,2026-11-07,2026-09-29
610.0,0,0,2026-11-07,2026-09-29
620.0,0,3,2026-11-07,2026-09-29
630.0,0,0,2026-11-07,2026-09-29
640.0,0,0,2026-11-07,2026-09-29
650.0,0,4,2026-11-07,2026-09-29
660.0,0,7,2026-11-07,2026-09-29
670.0,0,3,2026-11-07,2026-09-29
680.0,0,34,2026-11-07,2026-09-29
690.0,0,2,2026-11-07,2026-09-29
700.0,1,258,2026-11-07,2026-09-29
710.0,1,4,2026-11-07,2026-09-29
720.0,0,0,2026-11-07,2026-09-29
730.0,0,1,2026-11-07,2026-09-29
740.0,0,30,2026-11-07,2026-09-29
750.0,0,14,2026-11-07,2026-09-29
760.0,0,6,2026-11-07,2026-09-29
770.0,0,7,2026-11-07,2026-09-29
780.0,0,9,2026-11-07,2026-09-29
790.0,0,14,2026-11-07,2026-09-29
795.0,0,6,2026-11-07,2026-09-29
800.0,10,16,2026-11-07,2026-09-29
805.0,5,2,2026-11-07,2026-09-29
810.0,0,5,2026-11-07,2026-09-29
815.0,0,2,2026-11-07,2026-09-29
820.0,0,27,2026-11-07,2026-09-29
825.0,0,24,2026-11-07,2026-09-29
830.0,0,29,2026-11-07,2026-09-29
835.0,4,1,2026-11-07,2026-09-29
840.0,1,26,2026-11-07,2026-09-29
845.0,3,3,2026-11-07,2026-09-29
850.0,0,61,2026-11-07,2026-09-29
855.0,0,12,2026-11-07,2026-09-29
860.0,0,28,2026-11-07,2026-09-29
865.0,0,1,2026-11-07,2026-09-29
870.0,0,20,2026-11-07,2026-09-29
875.0,0,3,2026-11-07,2026-09-29
880.0,0,29,2026-11-07,2026-09-29
885.0,0,15,2026-11-07,2026-09-29
890.0,0,30,2026-11-07,2026-09-29
895.0,0,7,2026-11-07,2026-09-29
900.0,0,81,2026-11-07,2026-09-29
905.0,1,7,2026-11-07,2026-09-29
910.0,0,19,2026-11-07,2026-09-29
915.0,1,9,2026-11-07,2026-09-29
920.0,0,16,2026-11-07,2026-09-29
925.0,0,13,2026-11-07,2026-09-29
930.0,0,15,2026-11-07,2026-09-29
935.0,0,32,2026-11-07,2026-09-29
940.0,5,38,2026-11-07,2026-09-29
945.0,0,12,2026-11-07,2026-09-29
950.0,1,14,2026-11-07,2026-09-29
955.0,0,6,2026-11-07,2026-09-29
960.0,0,41,2026-11-07,2026-09-29
965.0,1,8,2026-11-07,2026-09-29
970.0,0,29,2026-11-07,2026-09-29
975.0,2,3,2026-11-07,2026-09-29
980.0,5,30,2026-11-07,2026-09-29
985.0,0,7,2026-11-07,2026-09-29
990.0,0,5,2026-11-07,2026-09-29
995.0,1,8,2026-11-07,2026-09-29
1000.0,14,28,2026-11-07,2026-09-29
1005.0,1,28,2026-11-07,2026-09-29
1010.0,4,81,2026-11-07,2026-09-29
1015.0,24,1,2026-11-07,2026-09-29
1020.0,8,10,2026-11-07,2026-09-29
1025.0,0,16,2026-11-07,2026-09-29
1030.0,2,9,2026-11-07,2026-09-29
1035.0,7,7,2026-11-07,2026-09-29
1040.0,5,4,2026-11-07,2026-09-29
1045.0,10,45,2026-11-07,2026-09-29
1050.0,26,117,2026-11-07,2026-09-29
1055.0,6,5,2026-11-07,2026-09-29
1060.0,15,18,2026-11-07,2026-09-29
1065.0,216,1,2026-11-07,2026-09-29
1070.0,409,6,2026-11-07,2026-09-29
1075.0,246,6,2026-11-07,2026-09-29
1080.0,20,2,2026-11-07,2026-09-29
1085.0,43,25,2026-11-07,2026-09-29
1090.0,20,2,2026-11-07,2026-09-29
1095.0,2,1,2026-11-07,2026-09-29
1100.0,300,300,2026-11-07,2026-09-29
1100.0,33,3,2026-11-07,2026-09-29
1105.0,1,0,2026-11-07,2026-09-29
1110.0,40,5,2026-11-07,2026-09-29
1115.0,8,0,2026-11-07,2026-09-29
1120.0,39,0,2026-11-07,2026-09-29
1125.0,17,1,2026-11-07,2026-09-29
1130.0,45,0,2026-11-07,2026-09-29
1135.0,3,0,2026-11-07,2026-09-29
1140.0,12,0,2026-11-07,2026-09-29
1145.0,36,1,2026-11-07,2026-09-29
1150.0,22,0,2026-11-07,2026-09-29
1160.0,12,0,2026-11-07,2026-09-29
1170.0,24,3,2026-11-07,2026-09-29
1180.0,13,18,2026-11-07,2026-09-29
1190.0,1,40,2026-11-07,2026-09-29
1200.0,94,40,2026-11-07,2026-09-29
1210.0,5,0,2026-11-07,2026-09-29
1220.0,8,0,2026-11-07,2026-09-29
1230.0,1,0,2026-11-07,2026-09-29
1240.0,2,0,2026-11-07,2026-09-29
1250.0,28,1,2026-11-07,2026-09-29
1260.0,123,0,2026-11-07,2026-09-29
1270.0,6,5,2026-11-07,2026-09-29
1280.0,6,0,2026-11-07,2026-09-29
1290.0,7,0,2026-11-07,2026-09-29
1300.0,53,0,2026-11-07,2026-09-29
1310.0,62,0,2026-11-07,2026-09-29
1320.0,1,0,2026-11-07,2026-09-29
1330.0,21,0,2026-11-07,2026-09-29
1340.0,1,0,2026-11-07,2026-09-29
1350.0,44,0,2026-11-07,2026-09-29
1360.0,1,0,2026-11-07,2026-09-29
1370.0,1,0,2026-11-07,2026-09-29
1380.0,9,0,2026-11-07,2026-09-29
1390.0,2,0,2026-11-07,2026-09-29
1400.0,36,0,2026-11-07,2026-09-29
1410.0,0,1,2026-11-07,2026-09-29
1420.0,2,0,2026-11-07,2026-09-29
1430.0,0,0,2026-11-07,2026-09-29
1440.0,0,0,2026-11-07,2026-09-29
1450.0,1,0,2026-11-07,2026-09-29
1460.0,0,0,2026-11-07,2026-09-29
1470.0,0,0,2026-11-07,2026-09-29
1480.0,2,0,2026-11-07,2026-09-29
1490.0,1,0,2026-11-07,2026-09-29
1500.0,10,0,2026-11-07,2026-09-29
1510.0,0,0,2026-11-07,2026-09-29
1520.0,3,0,2026-11-07,2026-09-29
1530.0,1,0,2026-11-07,2026-09-29
1540.0,0,0,2026-11-07,2026-09-29
1550.0,6,0,2026-11-07,2026-09-29
1560.0,2,0,2026-11-07,2026-09-29
1570.0,0,0,2026-11-07,2026-09-29
1580.0,0,0,2026-11-07,2026-09-29
1590.0,1,0,2026-11-07,2026-09-29
1600.0,2,0,2026-11-07,2026-09-29
1610.0,0,0,2026-11-07,2026-09-29
1620.0,0,0,2026-11-07,2026-09-29
1630.0,0,0,2026-11-07,2026-09-29
1640.0,0,0,2026-11-07,2026-09-29
1650.0,6,0,2026-11-07,2026-09-29
1660.0,0,0,2026-11-07,2026-09-29
1670.0,0,0,2026-11-07,2026-09-29
1680.0,0,0,2026-11-07,2026-09-29
1690.0,0,0,2026-11-07,2026-09-29
1700.0,1,0,2026-11-07,2026-09-29
1710.0,0,0,2026-11-07,2026-09-29
1720.0,0,0,2026-11-07,2026-09-29
1730.0,16,0,2026-11-07,2026-09-29
1100.0,550,550,2026-11-14,2026-09-29
5.0,1,87,2026-11-21,2026-09-29
10.0,0,49,2026-11-21,2026-09-29
15.0,0,644,2026-11-21,2026-09-29
20.0,1,165,2026-11-21,2026-09-29
25.0,0,141,2026-11-21,2026-09-29
30.0,1,52,2026-11-21,2026-09-29
35.0,9,815,2026-11-21,2026-09-29
40.0,4,47,2026-11-21,2026-09-29
45.0,2,88,2026-11-21,2026-09-29
50.0,5,52,2026-11-21,2026-09-29
55.0,8,194,2026-11-21,2026-09-29
60.0,12,285,2026-11-21,2026-09-29
65.0,3,560,2026-11-21,2026-09-29
70.0,1,895,2026-11-21,2026-09-29
75.0,11,52,2026-11-21,2026-09-29
80.0,4,56,2026-11-21,2026-09-29
85.0,1,36,2026-11-21,2026-09-29
90.0,12,158,2026-11-21,2026-09-29
95.0,5,724,2026-11-21,2026-09-29
100.0,40,982,2026-11-21,2026-09-29
105.0,2,170,2026-11-21,2026-09-29
110.0,48,381,2026-11-21,2026-09-29
115.0,5,185,2026-11-21,2026-09-29
120.0,16,96,2026-11-21,2026-09-29
125.0,2,467,2026-11-21,2026-09-29
130.0,24,140,2026-11-21,2026-09-29
135.0,10,4123,2026-11-21,2026-09-29
140.0,18,53,2026-11-21,2026-09-29
145.0,3,221,2026-11-21,2026-09-29
150.0,3,688,2026-11-21,2026-09-29
155.0,19,122,2026-11-21,2026-09-29
160.0,28,241,2026-11-21,2026-09-29
165.0,28,89,2026-11-21,2026-09-29
170.0,9,95,2026-11-21,2026-09-29
175.0,19,234,2026-11-21,2026-09-29
180.0,24,134,2026-11-21,2026-09-29
185.0,9,148,2026-11-21,2026-09-29
190.0,6,306,2026-11-21,2026-09-29
195.0,116,2736,2026-11-21,2026-09-29
200.0,75,1893,2026-11-21,2026-09-29
210.0,39,203,2026-11-21,2026-09-29
220.0,36,419,2026-11-21,2026-09-29
230.0,79,1702,2026-11-21,2026-09-29
240.0,15,760,2026-11-21,2026-09-29
250.0,100,1094,2026-11-21,2026-09-29
260.0,142,1564,2026-11-21,2026-09-29
270.0,33,564,2026-11-21,2026-09-29
280.0,211,1275,2026-11-21,2026-09-29
290.0,47,1786,2026-11-21,2026-09-29
300.0,201,1940,2026-11-21,2026-09-29
310.0,13,404,2026-11-21,2026-09-29
320.0,88,569,2026-11-21,2026-09-29
330.0,200,678,2026-11-21,2026-09-29
340.0,445,228,2026-11-21,2026-09-29
350.0,160,2872,2026-11-21,2026-09-29
360.0,109,3434,2026-11-21,2026-09-29
370.0,85,750,2026-11-21,2026-09-29
380.0,769,4902,2026-11-21,2026-09-29
390.0,193,448,2026-11-21,2026-09-29
400.0,385,1684,2026-11-21,2026-09-29
410.0,204,533,2026-11-21,2026-09-29
420.0,485,915,2026-11-21,2026-09-29
430.0,809,1033,2026-11-21,2026-09-29
440.0,1204,649,2026-11-21,2026-09-29
450.0,785,1159,2026-11-21,2026-09-29
460.0,384,904,2026-11-21,2026-09-29
470.0,215,279,2026-11-21,2026-09-29
480.0,290,462,2026-11-21,2026-09-29
490.0,323,626,2026-11-21,2026-09-29
500.0,1112,3290,2026-11-21,2026-09-29
510.0,174,208,2026-11-21,2026-09-29
520.0,219,969,2026-11-21,2026-09-29
530.0,307,486,2026-11-21,2026-09-29
540.0,296,1478,2026-11-21,2026-09-29
550.0,231,1598,2026-11-21,2026-09-29
560.0,218,266,2026-11-21,2026-09-29
570.0,1205,3646,2026-11-21,2026-09-29
580.0,117,1135,2026-11-21,2026-09-29
590.0,368,635,2026-11-21,2026-09-29
600.0,512,3888,2026-11-21,2026-09-29
610.0,158,998,2026-11-21,2026-09-29
620.0,368,2484,2026-11-21,2026-09-29
630.0,192,1101,2026-11-21,2026-09-29
640.0,302,915,2026-11-21,2026-09-29
650.0,746,1965,2026-11-21,2026-09-29
660.0,310,1145,2026-11-21,2026-09-29
670.0,276,790,2026-11-21,2026-09-29
680.0,152,774,2026-11-21,2026-09-29
690.0,2,26,2026-11-21,2026-09-29
700.0,985,2764,2026-11-21,2026-09-29
710.0,327,266,2026-11-21,2026-09-29
720.0,233,531,2026-11-21,2026-09-29
730.0,378,453,2026-11-21,2026-09-29
740.0,339,1833,2026-11-21,2026-09-29
750.0,430,3130,2026-11-21,2026-09-29
760.0,476,721,2026-11-21,2026-09-29
770.0,340,401,2026-11-21,2026-09-29
780.0,308,1262,2026-11-21,2026-09-29
790.0,278,539,2026-11-21,2026-09-29
800.0,1812,3735,2026-11-21,2026-09-29
810.0,727,676,2026-11-21,2026-09-29
820.0,758,1220,2026-11-21,2026-09-29
830.0,555,583,2026-11-21,2026-09-29
840.0,461,731,2026-11-21,2026-09-29
850.0,581,1780,2026-11-21,2026-09-29
860.0,357,1092,2026-11-21,2026-09-29
870.0,352,992,2026-11-21,2026-09-29
880.0,531,920,2026-11-21,2026-09-29
890.0,229,671,2026-11-21,2026-09-29
900.0,2189,2819,2026-11-21,2026-09-29
910.0,7101,1241,2026-11-21,2026-09-29
920.0,665,1762,2026-11-21,2026-09-29
930.0,492,1268,2026-11-21,2026-09-29
940.0,650,650,2026-11-21,2026-09-29
940.0,333,582,2026-11-21,2026-09-29
950.0,970,1777,2026-11-21,2026-09-29
960.0,395,479,2026-11-21,2026-09-29
970.0,467,472,2026-11-21,2026-09-29
980.0,363,793,2026-11-21,2026-09-29
990.0,315,518,2026-11-21,2026-09-29
1000.0,1000,1000,2026-11-21,2026-09-29
1000.0,2964,1857,2026-11-21,2026-09-29
1010.0,817,340,2026-11-21,2026-09-29
1020.0,681,400,2026-11-21,2026-09-29
1030.0,598,357,2026-11-21,2026-09-29
1040.0,627,358,2026-11-21,2026-09-29
1050.0,8609,414,2026-11-21,2026-09-29
1050.01,12,12,2026-11-21,2026-09-29
1060.0,842,444,2026-11-21,2026-09-29
1070.0,200,200,2026-11-21,2026-09-29
1070.0,588,296,2026-11-21,2026-09-29
1080.0,150,150,2026-11-21,2026-09-29
1080.0,648,179,2026-11-21,2026-09-29
1090.0,421,287,2026-11-21,2026-09-29
1100.0,1030,1030,2026-11-21,2026-09-29
1100.0,3296,596,2026-11-21,2026-09-29
1110.0,468,113,2026-11-21,2026-09-29
1120.0,997,86,2026-11-21,2026-09-29
1130.0,253,117,2026-11-21,2026-09-29
1140.0,778,72,2026-11-21,2026-09-29
1150.0,1169,257,2026-11-21,2026-09-29
1160.0,489,91,2026-11-21,2026-09-29
1170.0,420,35,2026-11-21,2026-09-29
1180.0,455,24,2026-11-21,2026-09-29
1190.0,1145,42,2026-11-21,2026-09-29
1200.0,2685,233,2026-11-21,2026-09-29
1210.0,875,118,2026-11-21,2026-09-29
1220.0,324,42,2026-11-21,2026-09-29
1230.0,424,42,2026-11-21,2026-09-29
1240.0,353,17,2026-11-21,2026-09-29
1250.0,2249,62,2026-11-21,2026-09-29
1260.0,547,57,2026-11-21,2026-09-29
1270.0,446,58,2026-11-21,2026-09-29
1280.0,336,83,2026-11-21,2026-09-29
1290.0,455,48,2026-11-21,2026-09-29
1300.0,3687,1100,2026-11-21,2026-09-29
1310.0,581,55,2026-11-21,2026-09-29
1320.0,349,44,2026-11-21,2026-09-29
1330.0,541,50,2026-11-21,2026-09-29
1340.0,285,63,2026-11-21,2026-09-29
1350.0,8249,17,2026-11-21,2026-09-29
1360.0,234,64,2026-11-21,2026-09-29
1370.0,192,57,2026-11-21,2026-09-29
1380.0,453,33,2026-11-21,2026-09-29
1390.0,112,14,2026-11-21,2026-09-29
1400.0,1133,10,2026-11-21,2026-09-29
1410.0,371,15,2026-11-21,2026-09-29
1420.0,367,3,2026-11-21,2026-09-29
1430.0,94,303,2026-11-21,2026-09-29
1440.0,272,13,2026-11-21,2026-09-29
1450.0,405,7,2026-11-21,2026-09-29
1460.0,135,2,2026-11-21,2026-09-29
1470.0,353,12,2026-11-21,2026-09-29
1480.0,467,10,2026-11-21,2026-09-29
1490.0,262,2,2026-11-21,2026-09-29
1500.0,2190,133,2026-11-21,2026-09-29
1510.0,522,2,2026-11-21,2026-09-29
1520.0,954,21,2026-11-21,2026-09-29
1530.0,813,2,2026-11-21,2026-09-29
1540.0,266,14,2026-11-21,2026-09-29
1550.0,262,16,2026-11-21,2026-09-29
1560.0,324,5,2026-11-21,2026-09-29
1570.0,152,0,2026-11-21,2026-09-29
1580.0,98,10,2026-11-21,2026-09-29
1590.0,491,2,2026-11-21,2026-09-29
1600.0,893,14,2026-11-21,2026-09-29
1610.0,431,6,2026-11-21,2026-09-29
1620.0,139,0,2026-11-21,2026-09-29
1630.0,429,0,2026-11-21,2026-09-29
1640.0,89,3,2026-11-21,2026-09-29
1650.0,239,5,2026-11-21,2026-09-29
1660.0,65,0,2026-11-21,2026-09-29
1670.0,132,0,2026-11-21,2026-09-29
1680.0,171,0,2026-11-21,2026-09-29
1690.0,172,0,2026-11-21,2026-09-29
1700.0,339,67,2026-11-21,2026-09-29
1710.0,163,0,2026-11-21,2026-09-29
1720.0,244,0,2026-11-21,2026-09-29
1730.0,132,0,2026-11-21,2026-09-29
1740.0,247,0,2026-11-21,2026-09-29
1750.0,213,0,2026-11-21,2026-09-29
1760.0,80,0,2026-11-21,2026-09-29
1770.0,187,0,2026-11-21,2026-09-29
1780.0,214,0,2026-11-21,2026-09-29
1790.0,199,0,2026-11-21,2026-09-29
1800.0,2080,0,2026-11-21,2026-09-29
1810.0,89,0,2026-11-21,2026-09-29
1820.0,628,0,2026-11-21,2026-09-29
1830.0,353,0,2026-11-21,2026-09-29
1840.0,401,0,2026-11-21,2026-09-29
1850.0,416,0,2026-11-21,2026-09-29
1860.0,168,0,2026-11-21,2026-09-29
1870.0,202,0,2026-11-21,2026-09-29
1880.0,599,0,2026-11-21,2026-09-29
1890.0,198,0,2026-11-21,2026-09-29
1900.0,326,0,2026-11-21,2026-09-29
1910.0,725,0,2026-11-21,2026-09-29
1920.0,159,0,2026-11-21,2026-09-29
1930.0,236,0,2026-11-21,2026-09-29
1940.0,172,0,2026-11-21,2026-09-29
1950.0,259,0,2026-11-21,2026-09-29
1960.0,343,0,2026-11-21,2026-09-29
1970.0,216,0,2026-11-21,2026-09-29
1980.0,57,0,2026-11-21,2026-09-29
1990.0,172,0,2026-11-21,2026-09-29
2000.0,872,0,2026-11-21,2026-09-29
2010.0,172,0,2026-11-21,2026-09-29
2020.0,225,0,2026-11-21,2026-09-29
2030.0,303,0,2026-11-21,2026-09-29
2040.0,231,0,2026-11-21,2026-09-29
2050.0,301,0,2026-11-21,2026-09-29
2060.0,236,0,2026-11-21,2026-09-29
2070.0,246,0,2026-11-21,2026-09-29
2080.0,151,0,2026-11-21,2026-09-29
2090.0,126,0,2026-11-21,2026-09-29
2100.0,315,0,2026-11-21,2026-09-29
2110.0,366,0,2026-11-21,2026-09-29
2120.0,148,0,2026-11-21,2026-09-29
2130.0,155,0,2026-11-21,2026-09-29
2140.0,451,0,2026-11-21,2026-09-29
2150.0,286,0,2026-11-21,2026-09-29
2160.0,56,0,2026-11-21,2026-09-29
2170.0,382,0,2026-11-21,2026-09-29
2180.0,178,0,2026-11-21,2026-09-29
2190.0,233,0,2026-11-21,2026-09-29
2200.0,62,0,2026-11-21,2026-09-29
2210.0,11,0,2026-11-21,2026-09-29
2220.0,39,0,2026-11-21,2026-09-29
2230.0,124,0,2026-11-21,2026-09-29
2240.0,64,0,2026-11-21,2026-09-29
2250.0,53,0,2026-11-21,2026-09-29
2260.0,79,0,2026-11-21,2026-09-29
2270.0,93,0,2026-11-21,2026-09-29
2280.0,145,0,2026-11-21,2026-09-29
2290.0,812,0,2026-11-21,2026-09-29
2300.0,98,0,2026-11-21,2026-09-29
2310.0,43,0,2026-11-21,2026-09-29
2320.0,23,0,2026-11-21,2026-09-29
2330.0,35,0,2026-11-21,2026-09-29
2340.0,50,0,2026-11-21,2026-09-29
2350.0,104,0,2026-11-21,2026-09-29
2360.0,21,0,2026-11-21,2026-09-29
2370.0,135,0,2026-11-21,2026-09-29
2380.0,44,0,2026-11-21,2026-09-29
2390.0,207,0,2026-11-21,2026-09-29
2400.0,104,0,2026-11-21,2026-09-29
2410.0,196,0,2026-11-21,2026-09-29
2420.0,189,0,2026-11-21,2026-09-29
2440.0,147,0,2026-11-21,2026-09-29
2460.0,103,0,2026-11-21,2026-09-29
2480.0,417,0,2026-11-21,2026-09-29
2500.0,1415,0,2026-11-21,2026-09-29
5.0,20,75,2026-12-19,2026-09-29
10.0,21,141,2026-12-19,2026-09-29
15.0,31,99,2026-12-19,2026-09-29
20.0,10,27,2026-12-19,2026-09-29
25.0,38,37,2026-12-19,2026-09-29
30.0,0,4531,2026-12-19,2026-09-29
35.0,36,3356,2026-12-19,2026-09-29
40.0,42,1247,2026-12-19,2026-09-29
45.0,94,3016,2026-12-19,2026-09-29
47.5,162,2278,2026-12-19,2026-09-29
50.0,238,1149,2026-12-19,2026-09-29
55.0,102,3872,2026-12-19,2026-09-29
60.0,88,4317,2026-12-19,2026-09-29
65.0,157,1277,2026-12-19,2026-09-29
70.0,270,4343,2026-12-19,2026-09-29
75.0,265,3373,2026-12-19,2026-09-29
80.0,304,4321,2026-12-19,2026-09-29
85.0,470,5146,2026-12-19,2026-09-29
87.5,185,2921,2026-12-19,2026-09-29
90.0,1011,4004,2026-12-19,2026-09-29
92.5,153,362,2026-12-19,2026-09-29
95.0,612,1223,2026-12-19,2026-09-29
97.5,163,165,2026-12-19,2026-09-29
100.0,781,2664,2026-12-19,2026-09-29
105.0,395,1055,2026-12-19,2026-09-29
110.0,922,1224,2026-12-19,2026-09-29
115.0,89,1215,2026-12-19,2026-09-29
120.0,423,1095,2026-12-19,2026-09-29
125.0,501,1981,2026-12-19,2026-09-29
130.0,424,1340,2026-12-19,2026-09-29
135.0,177,414,2026-12-19,2026-09-29
140.0,1238,928,2026-12-19,2026-09-29
145.0,249,250,2026-12-19,2026-09-29
150.0,499,1262,2026-12-19,2026-09-29
155.0,192,316,2026-12-19,2026-09-29
160.0,675,1123,2026-12-19,2026-09-29
165.0,860,450,2026-12-19,2026-09-29
170.0,434,821,2026-12-19,2026-09-29
175.0,338,359,2026-12-19,2026-09-29
180.0,750,779,2026-12-19,2026-09-29
185.0,167,342,2026-12-19,2026-09-29
190.0,874,1460,2026-12-19,2026-09-29
195.0,135,1042,2026-12-19,2026-09-29
200.0,0,0,2026-12-19,2026-09-29
200.0,1416,2255,2026-12-19,2026-09-29
210.0,734,2687,2026-12-19,2026-09-29
220.0,2072,1889,2026-12-19,2026-09-29
230.0,600,975,2026-12-19,2026-09-29
240.0,898,1610,2026-12-19,2026-09-29
250.0,1040,2242,2026-12-19,2026-09-29
260.0,526,524,2026-12-19,2026-09-29
270.0,531,1798,2026-12-19,2026-09-29
280.0,2158,3262,2026-12-19,2026-09-29
290.0,250,1611,2026-12-19,2026-09-29
300.0,1264,2940,2026-12-19,2026-09-29
310.0,447,1936,2026-12-19,2026-09-29
320.0,402,427,2026-12-19,2026-09-29
330.0,998,781,2026-12-19,2026-09-29
340.0,1449,822,2026-12-19,2026-09-29
350.0,654,2420,2026-12-19,2026-09-29
360.0,485,10500,2026-12-19,2026-09-29
370.0,199,3507,2026-12-19,2026-09-29
380.0,789,5991,2026-12-19,2026-09-29
390.0,485,2280,2026-12-19,2026-09-29
400.0,830,5462,2026-12-19,2026-09-29
410.0,368,1129,2026-12-19,2026-09-29
420.0,1471,4005,2026-12-19,2026-09-29
430.0,203,618,2026-12-19,2026-09-29
440.0,247,1116,2026-12-19,2026-09-29
450.0,1233,2617,2026-12-19,2026-09-29
460.0,711,431,2026-12-19,2026-09-29
470.0,450,659,2026-12-19,2026-09-29
480.0,783,1389,2026-12-19,2026-09-29
490.0,577,3508,2026-12-19,2026-09-29
500.0,1472,5143,2026-12-19,2026-09-29
510.0,716,414,2026-12-19,2026-09-29
520.0,852,1872,2026-12-19,2026-09-29
530.0,204,1250,2026-12-19,2026-09-29
540.0,290,2903,2026-12-19,2026-09-29
550.0,649,4232,2026-12-19,2026-09-29
560.0,169,682,2026-12-19,2026-09-29
570.0,579,328,2026-12-19,2026-09-29
580.0,2974,3787,2026-12-19,2026-09-29
590.0,347,468,2026-12-19,2026-09-29
600.0,1389,5106,2026-12-19,2026-09-29
610.0,423,873,2026-12-19,2026-09-29
620.0,913,938,2026-12-19,2026-09-29
630.0,200,622,2026-12-19,2026-09-29
640.0,357,1390,2026-12-19,2026-09-29
650.0,719,3150,2026-12-19,2026-09-29
660.0,316,884,2026-12-19,2026-09-29
670.0,337,487,2026-12-19,2026-09-29
680.0,391,524,2026-12-19,2026-09-29
690.0,394,515,2026-12-19,2026-09-29
700.0,4300,3835,2026-12-19,2026-09-29
710.0,547,1190,2026-12-19,2026-09-29
720.0,324,594,2026-12-19,2026-09-29
730.0,278,636,2026-12-19,2026-09-29
740.0,913,542,2026-12-19,2026-09-29
750.0,523,2778,2026-12-19,2026-09-29
760.0,281,1093,2026-12-19,2026-09-29
770.0,433,510,2026-12-19,2026-09-29
780.0,632,546,2026-12-19,2026-09-29
790.0,240,820,2026-12-19,2026-09-29
800.0,3462,5074,2026-12-19,2026-09-29
810.0,599,752,2026-12-19,2026-09-29
820.0,413,1420,2026-12-19,2026-09-29
830.0,693,650,2026-12-19,2026-09-29
840.0,831,1108,2026-12-19,2026-09-29
850.0,1150,2059,2026-12-19,2026-09-29
860.0,649,717,2026-12-19,2026-09-29
870.0,403,971,2026-12-19,2026-09-29
880.0,663,1198,2026-12-19,2026-09-29
890.0,675,704,2026-12-19,2026-09-29
900.0,2521,2734,2026-12-19,2026-09-29
910.0,1253,730,2026-12-19,2026-09-29
920.0,1622,768,2026-12-19,2026-09-29
930.0,138,138,2026-12-19,2026-09-29
930.0,627,1624,2026-12-19,2026-09-29
940.0,447,801,2026-12-19,2026-09-29
950.0,1228,1426,2026-12-19,2026-09-29
960.0,475,818,2026-12-19,2026-09-29
970.0,544,1229,2026-12-19,2026-09-29
980.0,536,861,2026-12-19,2026-09-29
990.0,344,586,2026-12-19,2026-09-29
1000.0,2563,1560,2026-12-19,2026-09-29
1010.0,535,365,2026-12-19,2026-09-29
1020.0,786,187,2026-12-19,2026-09-29
1030.0,446,258,2026-12-19,2026-09-29
1040.0,326,151,2026-12-19,2026-09-29
1050.0,1630,350,2026-12-19,2026-09-29
1060.0,699,204,2026-12-19,2026-09-29
1070.0,452,255,2026-12-19,2026-09-29
1080.0,446,1153,2026-12-19,2026-09-29
1090.0,394,264,2026-12-19,2026-09-29
1100.0,2639,510,2026-12-19,2026-09-29
1110.0,774,186,2026-12-19,2026-09-29
1120.0,427,129,2026-12-19,2026-09-29
1130.0,516,73,2026-12-19,2026-09-29
1140.0,435,251,2026-12-19,2026-09-29
1150.0,942,502,2026-12-19,2026-09-29
1160.0,289,90,2026-12-19,2026-09-29
1170.0,477,75,2026-12-19,2026-09-29
1180.0,622,162,2026-12-19,2026-09-29
1190.0,208,264,2026-12-19,2026-09-29
1200.0,3718,955,2026-12-19,2026-09-29
1210.0,406,38,2026-12-19,2026-09-29
1220.0,684,54,2026-12-19,2026-09-29
1230.0,346,16,2026-12-19,2026-09-29
1240.0,361,21,2026-12-19,2026-09-29
1250.0,1329,160,2026-12-19,2026-09-29
1260.0,641,35,2026-12-19,2026-09-29
1270.0,645,120,2026-12-19,2026-09-29
1280.0,277,84,2026-12-19,2026-09-29
1290.0,337,87,2026-12-19,2026-09-29
1300.0,2655,102,2026-12-19,2026-09-29
1310.0,383,21,2026-12-19,2026-09-29
1320.0,695,123,2026-12-19,2026-09-29
1330.0,1154,57,2026-12-19,2026-09-29
1340.0,652,113,2026-12-19,2026-09-29
1350.0,800,118,2026-12-19,2026-09-29
1360.0,527,76,2026-12-19,2026-09-29
1370.0,673,21,2026-12-19,2026-09-29
1380.0,373,24,2026-12-19,2026-09-29
1390.0,505,41,2026-12-19,2026-09-29
1400.0,2239,100,2026-12-19,2026-09-29
1410.0,234,6,2026-12-19,2026-09-29
1420.0,652,15,2026-12-19,2026-09-29
1430.0,161,9,2026-12-19,2026-09-29
1440.0,265,11,2026-12-19,2026-09-29
1450.0,639,7,2026-12-19,2026-09-29
1460.0,616,6,2026-12-19,2026-09-29
1470.0,196,6,2026-12-19,2026-09-29
1480.0,486,7,2026-12-19,2026-09-29
1490.0,226,32,2026-12-19,2026-09-29
1500.0,1859,71,2026-12-19,2026-09-29
1510.0,477,13,2026-12-19,2026-09-29
1520.0,482,1,2026-12-19,2026-09-29
1530.0,275,68,2026-12-19,2026-09-29
1540.0,668,2,2026-12-19,2026-09-29
1550.0,638,70,2026-12-19,2026-09-29
1560.0,235,7,2026-12-19,2026-09-29
1570.0,333,0,2026-12-19,2026-09-29
1580.0,212,1,2026-12-19,2026-09-29
1590.0,205,0,2026-12-19,2026-09-29
1600.0,1787,21,2026-12-19,2026-09-29
1610.0,1006,17,2026-12-19,2026-09-29
1620.0,642,72,2026-12-19,2026-09-29
1630.0,613,11,2026-12-19,2026-09-29
1640.0,185,41,2026-12-19,2026-09-29
1650.0,218,0,2026-12-19,2026-09-29
1660.0,194,5,2026-12-19,2026-09-29
1670.0,207,0,2026-12-19,2026-09-29
1680.0,236,3,2026-12-19,2026-09-29
1690.0,287,1,2026-12-19,2026-09-29
1700.0,504,5,2026-12-19,2026-09-29
1710.0,216,2,2026-12-19,2026-09-29
1720.0,64,1,2026-12-19,2026-09-29
1730.0,242,0,2026-12-19,2026-09-29
1740.0,188,0,2026-12-19,2026-09-29
1750.0,420,2,2026-12-19,2026-09-29
1760.0,187,0,2026-12-19,2026-09-29
1770.0,219,0,2026-12-19,2026-09-29
1780.0,105,0,2026-12-19,2026-09-29
1790.0,241,0,2026-12-19,2026-09-29
1800.0,618,2,2026-12-19,2026-09-29
1810.0,302,0,2026-12-19,2026-09-29
1820.0,969,2,2026-12-19,2026-09-29
1830.0,1252,0,2026-12-19,2026-09-29
1840.0,270,0,2026-12-19,2026-09-29
1850.0,86,0,2026-12-19,2026-09-29
1860.0,428,0,2026-12-19,2026-09-29
1870.0,292,0,2026-12-19,2026-09-29
1880.0,319,0,2026-12-19,2026-09-29
1890.0,200,0,2026-12-19,2026-09-29
1900.0,542,0,2026-12-19,2026-09-29
1910.0,413,0,2026-12-19,2026-09-29
1920.0,265,0,2026-12-19,2026-09-29
1930.0,657,0,2026-12-19,2026-09-29
1940.0,483,0,2026-12-19,2026-09-29
1950.0,284,0,2026-12-19,2026-09-29
1960.0,247,0,2026-12-19,2026-09-29
1970.0,577,0,2026-12-19,2026-09-29
1980.0,316,0,2026-12-19,2026-09-29
1990.0,256,0,2026-12-19,2026-09-29
2000.0,1396,0,2026-12-19,2026-09-29
2010.0,110,0,2026-12-19,2026-09-29
2020.0,171,0,2026-12-19,2026-09-29
2030.0,146,0,2026-12-19,2026-09-29
2040.0,217,0,2026-12-19,2026-09-29
2050.0,81,0,2026-12-19,2026-09-29
2060.0,60,0,2026-12-19,2026-09-29
2070.0,323,0,2026-12-19,2026-09-29
2080.0,140,0,2026-12-19,2026-09-29
2090.0,349,0,2026-12-19,2026-09-29
2100.0,654,0,2026-12-19,2026-09-29
2110.0,213,0,2026-12-19,2026-09-29
2120.0,234,0,2026-12-19,2026-09-29
2130.0,153,0,2026-12-19,2026-09-29
2140.0,253,0,2026-12-19,2026-09-29
2150.0,175,0,2026-12-19,2026-09-29
2160.0,391,0,2026-12-19,2026-09-29
2170.0,724,0,2026-12-19,2026-09-29
2180.0,81,0,2026-12-19,2026-09-29
2190.0,229,0,2026-12-19,2026-09-29
2200.0,702,0,2026-12-19,2026-09-29
2210.0,55,0,2026-12-19,2026-09-29
2220.0,217,0,2026-12-19,2026-09-29
2230.0,62,0,2026-12-19,2026-09-29
2240.0,40,0,2026-12-19,2026-09-29
2250.0,314,0,2026-12-19,2026-09-29
2260.0,277,0,2026-12-19,2026-09-29
2270.0,217,0,2026-12-19,2026-09-29
2280.0,187,0,2026-12-19,2026-09-29
2290.0,221,0,2026-12-19,2026-09-29
2300.0,216,0,2026-12-19,2026-09-29
2310.0,140,0,2026-12-19,2026-09-29
2320.0,182,0,2026-12-19,2026-09-29
2330.0,79,0,2026-12-19,2026-09-29
2340.0,211,0,2026-12-19,2026-09-29
2350.0,171,0,2026-12-19,2026-09-29
2360.0,305,0,2026-12-19,2026-09-29
2370.0,217,0,2026-12-19,2026-09-29
2380.0,85,0,2026-12-19,2026-09-29
2390.0,155,0,2026-12-19,2026-09-29
2400.0,359,0,2026-12-19,2026-09-29
2410.0,138,0,2026-12-19,2026-09-29
2420.0,494,0,2026-12-19,2026-09-29
2440.0,148,0,2026-12-19,2026-09-29
2460.0,253,0,2026-12-19,2026-09-29
2480.0,230,0,2026-12-19,2026-09-29
2500.0,3494,0,2026-12-19,2026-09-29
289.62,0,55,2026-12-31,2026-09-29
505.0,16450,16450,2027-01-15,2026-09-29
1030.04,13000,13000,2027-01-15,2026-09-29
35.0,108,2229,2027-01-16,2026-09-29
40.0,116,4089,2027-01-16,2026-09-29
45.0,178,3492,2027-01-16,2026-09-29
50.0,329,2246,2027-01-16,2026-09-29
55.0,103,3022,2027-01-16,2026-09-29
60.0,233,6073,2027-01-16,2026-09-29
65.0,71,3004,2027-01-16,2026-09-29
70.0,350,5703,2027-01-16,2026-09-29
75.0,335,6553,2027-01-16,2026-09-29
80.0,1722,7925,2027-01-16,2026-09-29
85.0,1284,3108,2027-01-16,2026-09-29
86.0,28,0,2027-01-16,2026-09-29
90.0,4463,4201,2027-01-16,2026-09-29
95.0,587,2445,2027-01-16,2026-09-29
100.0,658,2889,2027-01-16,2026-09-29
105.0,389,2288,2027-01-16,2026-09-29
110.0,1828,4025,2027-01-16,2026-09-29
115.0,366,1639,2027-01-16,2026-09-29
120.0,600,1869,2027-01-16,2026-09-29
125.0,404,1246,2027-01-16,2026-09-29
130.0,632,6029,2027-01-16,2026-09-29
135.0,467,728,2027-01-16,2026-09-29
140.0,2514,936,2027-01-16,2026-09-29
145.0,368,583,2027-01-16,2026-09-29
150.0,2069,3871,2027-01-16,2026-09-29
155.0,368,342,2027-01-16,2026-09-29
160.0,2297,2774,2027-01-16,2026-09-29
165.0,882,299,2027-01-16,2026-09-29
170.0,893,1033,2027-01-16,2026-09-29
175.0,682,647,2027-01-16,2026-09-29
180.0,799,1437,2027-01-16,2026-09-29
185.0,315,411,2027-01-16,2026-09-29
190.0,1291,634,2027-01-16,2026-09-29
195.0,998,457,2027-01-16,2026-09-29
200.0,1416,3445,2027-01-16,2026-09-29
210.0,538,795,2027-01-16,2026-09-29
220.0,3660,1443,2027-01-16,2026-09-29
225.0,0,20,2027-01-16,2026-09-29
230.0,959,1735,2027-01-16,2026-09-29
240.0,999,1897,2027-01-16,2026-09-29
250.0,527,5049,2027-01-16,2026-09-29
260.0,417,1683,2027-01-16,2026-09-29
270.0,626,1482,2027-01-16,2026-09-29
280.0,252,1666,2027-01-16,2026-09-29
290.0,343,1170,2027-01-16,2026-09-29
300.0,0,0,2027-01-16,2026-09-29
300.0,1356,8032,2027-01-16,2026-09-29
310.0,755,1077,2027-01-16,2026-09-29
320.0,1959,2817,2027-01-16,2026-09-29
330.0,1550,2135,2027-01-16,2026-09-29
340.0,0,0,2027-01-16,2026-09-29
340.0,745,1883,2027-01-16,2026-09-29
350.0,9,0,2027-01-16,2026-09-29
350.0,2259,3836,2027-01-16,2026-09-29
360.0,0,0,2027-01-16,2026-09-29
360.0,602,4323,2027-01-16,2026-09-29
370.0,0,0,2027-01-16,2026-09-29
370.0,334,1487,2027-01-16,2026-09-29
380.0,705,2084,2027-01-16,2026-09-29
390.0,406,2034,2027-01-16,2026-09-29
400.0,10,0,2027-01-16,2026-09-29
400.0,1597,4296,2027-01-16,2026-09-29
410.0,569,918,2027-01-16,2026-09-29
420.0,762,1018,2027-01-16,2026-09-29
430.0,8,0,2027-01-16,2026-09-29
430.0,960,2520,2027-01-16,2026-09-29
440.0,0,0,2027-01-16,2026-09-29
440.0,961,1396,2027-01-16,2026-09-29
450.0,0,0,2027-01-16,2026-09-29
450.0,3971,3344,2027-01-16,2026-09-29
460.0,700,1389,2027-01-16,2026-09-29
470.0,527,1722,2027-01-16,2026-09-29
480.0,1473,1317,2027-01-16,2026-09-29
490.0,1336,1333,2027-01-16,2026-09-29
500.0,0,0,2027-01-16,2026-09-29
500.0,5837,4255,2027-01-16,2026-09-29
505.0,16450,16450,2027-01-16,2026-09-29
510.0,1132,873,2027-01-16,2026-09-29
520.0,1366,1034,2027-01-16,2026-09-29
530.0,609,933,2027-01-16,2026-09-29
539.38,20,0,2027-01-16,2026-09-29
540.0,598,744,2027-01-16,2026-09-29
550.0,10,0,2027-01-16,2026-09-29
550.0,3539,4901,2027-01-16,2026-09-29
560.0,539,539,2027-01-16,2026-09-29
570.0,602,526,2027-01-16,2026-09-29
580.0,1367,778,2027-01-16,2026-09-29
590.0,399,961,2027-01-16,2026-09-29
600.0,24,0,2027-01-16,2026-09-29
600.0,4745,3451,2027-01-16,2026-09-29
610.0,10,0,2027-01-16,2026-09-29
610.0,947,807,2027-01-16,2026-09-29
620.0,1177,1741,2027-01-16,2026-09-29
630.0,1561,476,2027-01-16,2026-09-29
640.0,0,0,2027-01-16,2026-09-29
640.0,556,663,2027-01-16,2026-09-29
650.0,3480,3169,2027-01-16,2026-09-29
660.0,1336,642,2027-01-16,2026-09-29
670.0,247,380,2027-01-16,2026-09-29
680.0,1330,732,2027-01-16,2026-09-29
690.0,1445,988,2027-01-16,2026-09-29
700.0,14,0,2027-01-16,2026-09-29
700.0,4423,6500,2027-01-16,2026-09-29
710.0,1219,689,2027-01-16,2026-09-29
720.0,0,0,2027-01-16,2026-09-29
720.0,1136,2273,2027-01-16,2026-09-29
730.0,332,662,2027-01-16,2026-09-29
740.0,3981,392,2027-01-16,2026-09-29
750.0,3728,3794,2027-01-16,2026-09-29
760.0,408,577,2027-01-16,2026-09-29
770.0,5,0,2027-01-16,2026-09-29
770.0,470,555,2027-01-16,2026-09-29
780.0,748,1283,2027-01-16,2026-09-29
790.0,850,1075,2027-01-16,2026-09-29
800.0,4729,5609,2027-01-16,2026-09-29
810.0,515,408,2027-01-16,2026-09-29
820.0,587,700,2027-01-16,2026-09-29
830.0,963,2201,2027-01-16,2026-09-29
840.0,1339,766,2027-01-16,2026-09-29
850.0,3104,3900,2027-01-16,2026-09-29
851.0,650,650,2027-01-16,2026-09-29
860.0,514,580,2027-01-16,2026-09-29
870.0,613,1635,2027-01-16,2026-09-29
880.0,5,0,2027-01-16,2026-09-29
880.0,669,964,2027-01-16,2026-09-29
890.0,568,925,2027-01-16,2026-09-29
900.0,10,0,2027-01-16,2026-09-29
900.0,5797,3007,2027-01-16,2026-09-29
910.0,0,0,2027-01-16,2026-09-29
910.0,2054,373,2027-01-16,2026-09-29
920.0,705,1001,2027-01-16,2026-09-29
930.0,835,1016,2027-01-16,2026-09-29
940.0,582,684,2027-01-16,2026-09-29
950.0,4217,2332,2027-01-16,2026-09-29
960.0,719,724,2027-01-16,2026-09-29
970.0,443,345,2027-01-16,2026-09-29
980.0,665,630,2027-01-16,2026-09-29
990.0,262,519,2027-01-16,2026-09-29
1000.0,0,0,2027-01-16,2026-09-29
1000.0,8273,5998,2027-01-16,2026-09-29
1010.0,0,0,2027-01-16,2026-09-29
1010.0,507,389,2027-01-16,2026-09-29
1020.0,686,323,2027-01-16,2026-09-29
1030.0,645,531,2027-01-16,2026-09-29
1040.0,787,242,2027-01-16,2026-09-29
1050.0,3107,442,2027-01-16,2026-09-29
1060.0,631,655,2027-01-16,2026-09-29
1070.0,638,324,2027-01-16,2026-09-29
1080.0,823,188,2027-01-16,2026-09-29
1090.0,1094,162,2027-01-16,2026-09-29
1100.0,1008,1000,2027-01-16,2026-09-29
1100.0,3621,1561,2027-01-16,2026-09-29
1110.0,408,117,2027-01-16,2026-09-29
1120.0,381,205,2027-01-16,2026-09-29
1130.0,284,135,2027-01-16,2026-09-29
1140.0,434,114,2027-01-16,2026-09-29
1150.0,3714,189,2027-01-16,2026-09-29
1160.0,541,61,2027-01-16,2026-09-29
1170.0,455,132,2027-01-16,2026-09-29
1180.0,855,59,2027-01-16,2026-09-29
1190.0,422,132,2027-01-16,2026-09-29
1200.0,2,0,2027-01-16,2026-09-29
1200.0,6306,1776,2027-01-16,2026-09-29
1210.0,496,60,2027-01-16,2026-09-29
1220.0,1005,49,2027-01-16,2026-09-29
1230.0,368,21,2027-01-16,2026-09-29
1240.0,486,451,2027-01-16,2026-09-29
1250.0,2573,51,2027-01-16,2026-09-29
1260.0,1384,76,2027-01-16,2026-09-29
1270.0,258,50,2027-01-16,2026-09-29
1280.0,632,100,2027-01-16,2026-09-29
1290.0,306,32,2027-01-16,2026-09-29
1300.0,7732,148,2027-01-16,2026-09-29
1310.0,344,30,2027-01-16,2026-09-29
1320.0,578,50,2027-01-16,2026-09-29
1330.0,181,77,2027-01-16,2026-09-29
1340.0,1585,31,2027-01-16,2026-09-29
1350.0,2007,27,2027-01-16,2026-09-29
1360.0,990,50,2027-01-16,2026-09-29
1370.0,291,23,2027-01-16,2026-09-29
1380.0,866,81,2027-01-16,2026-09-29
1390.0,421,65,2027-01-16,2026-09-29
1400.0,5279,283,2027-01-16,2026-09-29
1410.0,798,89,2027-01-16,2026-09-29
1420.0,711,44,2027-01-16,2026-09-29
1430.0,218,14,2027-01-16,2026-09-29
1440.0,519,71,2027-01-16,2026-09-29
1450.0,397,67,2027-01-16,2026-09-29
1460.0,641,19,2027-01-16,2026-09-29
1470.0,429,68,2027-01-16,2026-09-29
1480.0,833,159,2027-01-16,2026-09-29
1490.0,667,13,2027-01-16,2026-09-29
1500.0,10,0,2027-01-16,2026-09-29
1500.0,5484,425,2027-01-16,2026-09-29
1503.0,5,0,2027-01-16,2026-09-29
1510.0,230,10,2027-01-16,2026-09-29
1520.0,241,7,2027-01-16,2026-09-29
1530.0,195,2,2027-01-16,2026-09-29
1540.0,638,11,2027-01-16,2026-09-29
1550.0,723,3,2027-01-16,2026-09-29
1560.0,489,3,2027-01-16,2026-09-29
1570.0,533,2,2027-01-16,2026-09-29
1580.0,354,7,2027-01-16,2026-09-29
1590.0,430,2,2027-01-16,2026-09-29
1600.0,2621,23,2027-01-16,2026-09-29
1610.0,550,5,2027-01-16,2026-09-29
1620.0,420,6,2027-01-16,2026-09-29
1630.0,833,91,2027-01-16,2026-09-29
1640.0,93,25,2027-01-16,2026-09-29
1650.0,607,2,2027-01-16,2026-09-29
1660.0,306,6,2027-01-16,2026-09-29
1670.0,514,4,2027-01-16,2026-09-29
1680.0,253,14,2027-01-16,2026-09-29
1690.0,312,9,2027-01-16,2026-09-29
1700.0,1484,27,2027-01-16,2026-09-29
1710.0,367,6,2027-01-16,2026-09-29
1720.0,285,7,2027-01-16,2026-09-29
1730.0,220,1,2027-01-16,2026-09-29
1740.0,205,2,2027-01-16,2026-09-29
1750.0,1014,4,2027-01-16,2026-09-29
1760.0,519,40,2027-01-16,2026-09-29
1770.0,297,1,2027-01-16,2026-09-29
1780.0,251,1,2027-01-16,2026-09-29
1790.0,406,7,2027-01-16,2026-09-29
1800.0,2000,2,2027-01-16,2026-09-29
1810.0,615,4,2027-01-16,2026-09-29
1820.0,252,1,2027-01-16,2026-09-29
1830.0,1160,42,2027-01-16,2026-09-29
1840.0,161,7,2027-01-16,2026-09-29
1850.0,501,1,2027-01-16,2026-09-29
1860.0,108,5,2027-01-16,2026-09-29
1870.0,91,0,2027-01-16,2026-09-29
1880.0,123,1,2027-01-16,2026-09-29
1890.0,76,0,2027-01-16,2026-09-29
1900.0,1372,5,2027-01-16,2026-09-29
1910.0,685,1,2027-01-16,2026-09-29
1920.0,263,0,2027-01-16,2026-09-29
1930.0,109,0,2027-01-16,2026-09-29
1940.0,156,0,2027-01-16,2026-09-29
1950.0,866,0,2027-01-16,2026-09-29
1960.0,219,0,2027-01-16,2026-09-29
1970.0,126,0,2027-01-16,2026-09-29
1980.0,342,0,2027-01-16,2026-09-29
1990.0,184,1,2027-01-16,2026-09-29
2000.0,2490,0,2027-01-16,2026-09-29
2010.0,146,0,2027-01-16,2026-09-29
2020.0,311,0,2027-01-16,2026-09-29
2030.0,178,0,2027-01-16,2026-09-29
2040.0,74,0,2027-01-16,2026-09-29
2050.0,794,0,2027-01-16,2026-09-29
2060.0,248,0,2027-01-16,2026-09-29
2070.0,137,0,2027-01-16,2026-09-29
2080.0,209,0,2027-01-16,2026-09-29
2090.0,228,0,2027-01-16,2026-09-29
2100.0,555,0,2027-01-16,2026-09-29
2110.0,141,0,2027-01-16,2026-09-29
2120.0,126,1,2027-01-16,2026-09-29
2130.0,87,0,2027-01-16,2026-09-29
2140.0,37,0,2027-01-16,2026-09-29
2150.0,1333,0,2027-01-16,2026-09-29
2160.0,172,0,2027-01-16,2026-09-29
2170.0,1510,0,2027-01-16,2026-09-29
2180.0,129,0,2027-01-16,2026-09-29
2190.0,132,0,2027-01-16,2026-09-29
2200.0,467,0,2027-01-16,2026-09-29
2210.0,143,0,2027-01-16,2026-09-29
2220.0,96,0,2027-01-16,2026-09-29
2230.0,53,0,2027-01-16,2026-09-29
2240.0,40,0,2027-01-16,2026-09-29
2250.0,351,0,2027-01-16,2026-09-29
2260.0,139,0,2027-01-16,2026-09-29
2270.0,177,0,2027-01-16,2026-09-29
2280.0,126,0,2027-01-16,2026-09-29
2290.0,168,0,2027-01-16,2026-09-29
2300.0,119,0,2027-01-16,2026-09-29
2310.0,194,0,2027-01-16,2026-09-29
2320.0,150,0,2027-01-16,2026-09-29
2330.0,64,0,2027-01-16,2026-09-29
2340.0,120,0,2027-01-16,2026-09-29
2350.0,157,0,2027-01-16,2026-09-29
2360.0,231,0,2027-01-16,2026-09-29
2370.0,233,0,2027-01-16,2026-09-29
2380.0,152,0,2027-01-16,2026-09-29
2390.0,236,0,2027-01-16,2026-09-29
2400.0,855,0,2027-01-16,2026-09-29
2410.0,145,0,2027-01-16,2026-09-29
2420.0,350,0,2027-01-16,2026-09-29
2440.0,197,0,2027-01-16,2026-09-29
2460.0,212,0,2027-01-16,2026-09-29
2480.0,371,0,2027-01-16,2026-09-29
2500.0,4298,0,2027-01-16,2026-09-29
50.0,1,50,2027-02-20,2026-09-29
55.0,1,50,2027-02-20,2026-09-29
60.0,0,303,2027-02-20,2026-09-29
65.0,0,1,2027-02-20,2026-09-29
70.0,0,0,2027-02-20,2026-09-29
75.0,0,201,2027-02-20,2026-09-29
80.0,0,202,2027-02-20,2026-09-29
85.0,0,407,2027-02-20,2026-09-29
90.0,0,1426,2027-02-20,2026-09-29
95.0,0,501,2027-02-20,2026-09-29
100.0,0,792,2027-02-20,2026-09-29
105.0,1,300,2027-02-20,2026-09-29
110.0,1,349,2027-02-20,2026-09-29
115.0,0,605,2027-02-20,2026-09-29
120.0,1,728,2027-02-20,2026-09-29
125.0,0,436,2027-02-20,2026-09-29
130.0,1,4066,2027-02-20,2026-09-29
135.0,1,698,2027-02-20,2026-09-29
140.0,0,155,2027-02-20,2026-09-29
145.0,0,9,2027-02-20,2026-09-29
150.0,0,55,2027-02-20,2026-09-29
155.0,0,7,2027-02-20,2026-09-29
160.0,0,0,2027-02-20,2026-09-29
165.0,0,2,2027-02-20,2026-09-29
170.0,0,5,2027-02-20,2026-09-29
175.0,72,3,2027-02-20,2026-09-29
180.0,0,86,2027-02-20,2026-09-29
185.0,1,37,2027-02-20,2026-09-29
190.0,1,8,2027-02-20,2026-09-29
195.0,0,18,2027-02-20,2026-09-29
200.0,0,79,2027-02-20,2026-09-29
210.0,0,161,2027-02-20,2026-09-29
220.0,0,28,2027-02-20,2026-09-29
230.0,1,132,2027-02-20,2026-09-29
240.0,0,43,2027-02-20,2026-09-29
250.0,1,56,2027-02-20,2026-09-29
260.0,0,214,2027-02-20,2026-09-29
270.0,3,166,2027-02-20,2026-09-29
280.0,0,41,2027-02-20,2026-09-29
290.0,1,25,2027-02-20,2026-09-29
300.0,31,80,2027-02-20,2026-09-29
310.0,9,18,2027-02-20,2026-09-29
320.0,5,19,2027-02-20,2026-09-29
330.0,1,108,2027-02-20,2026-09-29
340.0,1,30,2027-02-20,2026-09-29
350.0,21,349,2027-02-20,2026-09-29
360.0,0,2,2027-02-20,2026-09-29
360.0,5,125,2027-02-20,2026-09-29
370.0,2,65,2027-02-20,2026-09-29
380.0,10,166,2027-02-20,2026-09-29
390.0,0,113,2027-02-20,2026-09-29
400.0,55,539,2027-02-20,2026-09-29
410.0,6,77,2027-02-20,2026-09-29
420.0,2,233,2027-02-20,2026-09-29
430.0,3,230,2027-02-20,2026-09-29
440.0,6,107,2027-02-20,2026-09-29
450.0,9,1162,2027-02-20,2026-09-29
460.0,12,237,2027-02-20,2026-09-29
470.0,2,177,2027-02-20,2026-09-29
480.0,3,173,2027-02-20,2026-09-29
490.0,2,0,2027-02-20,2026-09-29
490.0,2,331,2027-02-20,2026-09-29
500.0,94,1105,2027-02-20,2026-09-29
510.0,9,185,2027-02-20,2026-09-29
520.0,80,126,2027-02-20,2026-09-29
530.0,6,515,2027-02-20,2026-09-29
540.0,25,283,2027-02-20,2026-09-29
550.0,8,761,2027-02-20,2026-09-29
560.0,11,316,2027-02-20,2026-09-29
570.0,18,740,2027-02-20,2026-09-29
580.0,25,82,2027-02-20,2026-09-29
590.0,18,180,2027-02-20,2026-09-29
600.0,30,1298,2027-02-20,2026-09-29
610.0,11,107,2027-02-20,2026-09-29
620.0,32,532,2027-02-20,2026-09-29
630.0,55,132,2027-02-20,2026-09-29
640.0,55,122,2027-02-20,2026-09-29
650.0,24,510,2027-02-20,2026-09-29
660.0,2,267,2027-02-20,2026-09-29
670.0,4,429,2027-02-20,2026-09-29
680.0,12,272,2027-02-20,2026-09-29
690.0,27,217,2027-02-20,2026-09-29
700.0,87,1465,2027-02-20,2026-09-29
710.0,30,589,2027-02-20,2026-09-29
720.0,12,475,2027-02-20,2026-09-29
730.0,8,241,2027-02-20,2026-09-29
740.0,38,180,2027-02-20,2026-09-29
750.0,81,1044,2027-02-20,2026-09-29
760.0,49,428,2027-02-20,2026-09-29
770.0,286,189,2027-02-20,2026-09-29
780.0,150,301,2027-02-20,2026-09-29
790.0,29,655,2027-02-20,2026-09-29
800.0,111,934,2027-02-20,2026-09-29
810.0,92,212,2027-02-20,2026-09-29
820.0,257,298,2027-02-20,2026-09-29
830.0,371,326,2027-02-20,2026-09-29
840.0,93,784,2027-02-20,2026-09-29
850.0,769,1322,2027-02-20,2026-09-29
860.0,237,384,2027-02-20,2026-09-29
870.0,146,521,2027-02-20,2026-09-29
880.0,82,206,2027-02-20,2026-09-29
890.0,128,165,2027-02-20,2026-09-29
900.0,413,1478,2027-02-20,2026-09-29
910.0,421,138,2027-02-20,2026-09-29
920.0,287,245,2027-02-20,2026-09-29
930.0,157,190,2027-02-20,2026-09-29
940.0,391,270,2027-02-20,2026-09-29
950.0,6500,6500,2027-02-20,2026-09-29
950.0,416,213,2027-02-20,2026-09-29
960.0,613,103,2027-02-20,2026-09-29
970.0,230,115,2027-02-20,2026-09-29
980.0,208,114,2027-02-20,2026-09-29
990.0,55,374,2027-02-20,2026-09-29
1000.0,500,387,2027-02-20,2026-09-29
1010.0,217,102,2027-02-20,2026-09-29
1020.0,221,85,2027-02-20,2026-09-29
1030.0,147,107,2027-02-20,2026-09-29
1040.0,161,72,2027-02-20,2026-09-29
1050.0,111,131,2027-02-20,2026-09-29
1060.0,73,96,2027-02-20,2026-09-29
1070.0,183,143,2027-02-20,2026-09-29
1080.0,110,112,2027-02-20,2026-09-29
1090.0,93,54,2027-02-20,2026-09-29
1100.0,568,58,2027-02-20,2026-09-29
1110.0,273,20,2027-02-20,2026-09-29
1120.0,178,80,2027-02-20,2026-09-29
1130.0,179,45,2027-02-20,2026-09-29
1140.0,169,71,2027-02-20,2026-09-29
1150.0,153,84,2027-02-20,2026-09-29
1160.0,199,9,2027-02-20,2026-09-29
1170.0,150,45,2027-02-20,2026-09-29
1180.0,315,36,2027-02-20,2026-09-29
1190.0,195,35,2027-02-20,2026-09-29
1200.0,1251,39,2027-02-20,2026-09-29
1210.0,108,5,2027-02-20,2026-09-29
1220.0,143,63,2027-02-20,2026-09-29
1230.0,132,5,2027-02-20,2026-09-29
1240.0,98,5,2027-02-20,2026-09-29
1250.0,638,5,2027-02-20,2026-09-29
1260.0,232,1,2027-02-20,2026-09-29
1270.0,198,3,2027-02-20,2026-09-29
1280.0,208,64,2027-02-20,2026-09-29
1290.0,196,3,2027-02-20,2026-09-29
1300.0,288,75,2027-02-20,2026-09-29
1310.0,314,2,2027-02-20,2026-09-29
1320.0,170,0,2027-02-20,2026-09-29
1330.0,193,2,2027-02-20,2026-09-29
1340.0,77,1,2027-02-20,2026-09-29
1350.0,242,1,2027-02-20,2026-09-29
1360.0,459,2,2027-02-20,2026-09-29
1370.0,111,51,2027-02-20,2026-09-29
1380.0,141,6,2027-02-20,2026-09-29
1390.0,131,1,2027-02-20,2026-09-29
1400.0,475,71,2027-02-20,2026-09-29
1410.0,82,3,2027-02-20,2026-09-29
1420.0,120,0,2027-02-20,2026-09-29
1430.0,60,1,2027-02-20,2026-09-29
1440.0,439,0,2027-02-20,2026-09-29
1450.0,181,5,2027-02-20,2026-09-29
1460.0,166,2,2027-02-20,2026-09-29
1470.0,212,4,2027-02-20,2026-09-29
1480.0,270,105,2027-02-20,2026-09-29
1490.0,146,2,2027-02-20,2026-09-29
1500.0,791,91,2027-02-20,2026-09-29
1510.0,156,15,2027-02-20,2026-09-29
1520.0,424,0,2027-02-20,2026-09-29
1530.0,267,1,2027-02-20,2026-09-29
1540.0,206,0,2027-02-20,2026-09-29
1550.0,207,0,2027-02-20,2026-09-29
1560.0,74,0,2027-02-20,2026-09-29
1570.0,443,0,2027-02-20,2026-09-29
1580.0,234,0,2027-02-20,2026-09-29
1590.0,132,0,2027-02-20,2026-09-29
1600.0,221,0,2027-02-20,2026-09-29
1610.0,81,26,2027-02-20,2026-09-29
1620.0,203,0,2027-02-20,2026-09-29
1630.0,517,0,2027-02-20,2026-09-29
1640.0,193,1,2027-02-20,2026-09-29
1650.0,227,0,2027-02-20,2026-09-29
1660.0,115,7,2027-02-20,2026-09-29
1670.0,140,0,2027-02-20,2026-09-29
1680.0,149,0,2027-02-20,2026-09-29
1690.0,38,0,2027-02-20,2026-09-29
1700.0,469,4,2027-02-20,2026-09-29
1710.0,135,1,2027-02-20,2026-09-29
1720.0,205,1,2027-02-20,2026-09-29
1730.0,352,0,2027-02-20,2026-09-29
1740.0,197,0,2027-02-20,2026-09-29
1750.0,161,1,2027-02-20,2026-09-29
1760.0,27,0,2027-02-20,2026-09-29
1770.0,55,0,2027-02-20,2026-09-29
1780.0,388,0,2027-02-20,2026-09-29
1790.0,177,0,2027-02-20,2026-09-29
1800.0,212,0,2027-02-20,2026-09-29
1810.0,22,0,2027-02-20,2026-09-29
1820.0,161,0,2027-02-20,2026-09-29
1830.0,250,0,2027-02-20,2026-09-29
1840.0,28,0,2027-02-20,2026-09-29
1850.0,257,0,2027-02-20,2026-09-29
1860.0,160,0,2027-02-20,2026-09-29
1870.0,129,0,2027-02-20,2026-09-29
1880.0,63,0,2027-02-20,2026-09-29
1890.0,645,0,2027-02-20,2026-09-29
1900.0,130,21,2027-02-20,2026-09-29
1910.0,53,0,2027-02-20,2026-09-29
1920.0,67,0,2027-02-20,2026-09-29
1930.0,120,0,2027-02-20,2026-09-29
1940.0,104,0,2027-02-20,2026-09-29
1950.0,949,0,2027-02-20,2026-09-29
1960.0,121,0,2027-02-20,2026-09-29
1970.0,203,0,2027-02-20,2026-09-29
1980.0,77,0,2027-02-20,2026-09-29
1990.0,143,0,2027-02-20,2026-09-29
2000.0,212,1,2027-02-20,2026-09-29
2010.0,54,0,2027-02-20,2026-09-29
2020.0,321,0,2027-02-20,2026-09-29
2030.0,267,0,2027-02-20,2026-09-29
2040.0,273,0,2027-02-20,2026-09-29
2050.0,268,0,2027-02-20,2026-09-29
2060.0,381,0,2027-02-20,2026-09-29
2070.0,180,0,2027-02-20,2026-09-29
2080.0,196,0,2027-02-20,2026-09-29
2090.0,386,0,2027-02-20,2026-09-29
2100.0,365,0,2027-02-20,2026-09-29
2110.0,500,0,2027-02-20,2026-09-29
2120.0,414,0,2027-02-20,2026-09-29
5.0,627,845,2027-03-20,2026-09-29
10.0,115,121,2027-03-20,2026-09-29
15.0,12,162,2027-03-20,2026-09-29
20.0,0,26,2027-03-20,2026-09-29
25.0,0,10,2027-03-20,2026-09-29
30.0,1,0,2027-03-20,2026-09-29
35.0,0,7,2027-03-20,2026-09-29
40.0,1,1160,2027-03-20,2026-09-29
45.0,27,430,2027-03-20,2026-09-29
50.0,13,20,2027-03-20,2026-09-29
55.0,1,80,2027-03-20,2026-09-29
60.0,3,59,2027-03-20,2026-09-29
65.0,1,47,2027-03-20,2026-09-29
70.0,1,22,2027-03-20,2026-09-29
75.0,0,19,2027-03-20,2026-09-29
80.0,0,50,2027-03-20,2026-09-29
85.0,16,34,2027-03-20,2026-09-29
90.0,40,46,2027-03-20,2026-09-29
95.0,61,58,2027-03-20,2026-09-29
100.0,61,81,2027-03-20,2026-09-29
105.0,11,122,2027-03-20,2026-09-29
110.0,10,721,2027-03-20,2026-09-29
115.0,4,200,2027-03-20,2026-09-29
120.0,20,132,2027-03-20,2026-09-29
125.0,24,717,2027-03-20,2026-09-29
130.0,4,125,2027-03-20,2026-09-29
135.0,7,164,2027-03-20,2026-09-29
140.0,10,54,2027-03-20,2026-09-29
145.0,5,75,2027-03-20,2026-09-29
150.0,147,717,2027-03-20,2026-09-29
155.0,2,96,2027-03-20,2026-09-29
160.0,6,117,2027-03-20,2026-09-29
165.0,11,35,2027-03-20,2026-09-29
170.0,11,133,2027-03-20,2026-09-29
175.0,1,141,2027-03-20,2026-09-29
180.0,10,187,2027-03-20,2026-09-29
185.0,16,484,2027-03-20,2026-09-29
190.0,13,194,2027-03-20,2026-09-29
195.0,9,1615,2027-03-20,2026-09-29
200.0,48,311,2027-03-20,2026-09-29
210.0,71,319,2027-03-20,2026-09-29
220.0,93,382,2027-03-20,2026-09-29
230.0,62,492,2027-03-20,2026-09-29
240.0,24,837,2027-03-20,2026-09-29
250.0,89,1407,2027-03-20,2026-09-29
260.0,135,957,2027-03-20,2026-09-29
270.0,20,590,2027-03-20,2026-09-29
280.0,45,177,2027-03-20,2026-09-29
290.0,159,733,2027-03-20,2026-09-29
300.0,153,1242,2027-03-20,2026-09-29
310.0,98,943,2027-03-20,2026-09-29
320.0,40,388,2027-03-20,2026-09-29
330.0,66,519,2027-03-20,2026-09-29
340.0,81,1666,2027-03-20,2026-09-29
350.0,269,1274,2027-03-20,2026-09-29
360.0,259,375,2027-03-20,2026-09-29
370.0,187,292,2027-03-20,2026-09-29
380.0,443,187,2027-03-20,2026-09-29
390.0,490,529,2027-03-20,2026-09-29
400.0,434,2579,2027-03-20,2026-09-29
410.0,80,232,2027-03-20,2026-09-29
420.0,134,875,2027-03-20,2026-09-29
430.0,343,683,2027-03-20,2026-09-29
440.0,107,368,2027-03-20,2026-09-29
450.0,533,1705,2027-03-20,2026-09-29
460.0,162,1726,2027-03-20,2026-09-29
470.0,159,1269,2027-03-20,2026-09-29
480.0,261,388,2027-03-20,2026-09-29
490.0,155,402,2027-03-20,2026-09-29
500.0,701,1894,2027-03-20,2026-09-29
510.0,215,282,2027-03-20,2026-09-29
520.0,3492,601,2027-03-20,2026-09-29
530.0,343,347,2027-03-20,2026-09-29
540.0,296,219,2027-03-20,2026-09-29
550.0,815,774,2027-03-20,2026-09-29
560.0,321,1644,2027-03-20,2026-09-29
570.0,180,453,2027-03-20,2026-09-29
580.0,183,944,2027-03-20,2026-09-29
590.0,185,347,2027-03-20,2026-09-29
600.0,974,1815,2027-03-20,2026-09-29
610.0,170,397,2027-03-20,2026-09-29
620.0,234,421,2027-03-20,2026-09-29
630.0,123,1544,2027-03-20,2026-09-29
640.0,170,871,2027-03-20,2026-09-29
650.0,1010,2286,2027-03-20,2026-09-29
660.0,288,1666,2027-03-20,2026-09-29
670.0,674,559,2027-03-20,2026-09-29
680.0,187,558,2027-03-20,2026-09-29
690.0,219,625,2027-03-20,2026-09-29
700.0,663,3746,2027-03-20,2026-09-29
710.0,602,226,2027-03-20,2026-09-29
720.0,1337,330,2027-03-20,2026-09-29
730.0,144,854,2027-03-20,2026-09-29
740.0,561,414,2027-03-20,2026-09-29
750.0,585,2755,2027-03-20,2026-09-29
760.0,0,20,2027-03-20,2026-09-29
760.0,222,796,2027-03-20,2026-09-29
770.0,522,629,2027-03-20,2026-09-29
780.0,185,551,2027-03-20,2026-09-29
790.0,125,831,2027-03-20,2026-09-29
800.0,1829,4885,2027-03-20,2026-09-29
810.0,263,563,2027-03-20,2026-09-29
820.0,185,1258,2027-03-20,2026-09-29
830.0,563,352,2027-03-20,2026-09-29
840.0,233,484,2027-03-20,2026-09-29
850.0,867,2238,2027-03-20,2026-09-29
860.0,183,854,2027-03-20,2026-09-29
870.0,401,358,2027-03-20,2026-09-29
880.0,491,606,2027-03-20,2026-09-29
890.0,195,220,2027-03-20,2026-09-29
900.0,1243,2770,2027-03-20,2026-09-29
910.0,209,364,2027-03-20,2026-09-29
920.0,1025,160,2027-03-20,2026-09-29
930.0,127,214,2027-03-20,2026-09-29
940.0,320,430,2027-03-20,2026-09-29
950.0,1000,1000,2027-03-20,2026-09-29
950.0,849,523,2027-03-20,2026-09-29
960.0,784,304,2027-03-20,2026-09-29
970.0,626,258,2027-03-20,2026-09-29
980.0,290,220,2027-03-20,2026-09-29
990.0,296,181,2027-03-20,2026-09-29
1000.0,2106,726,2027-03-20,2026-09-29
1010.0,623,194,2027-03-20,2026-09-29
1020.0,739,208,2027-03-20,2026-09-29
1030.0,586,102,2027-03-20,2026-09-29
1040.0,424,289,2027-03-20,2026-09-29
1050.0,1597,511,2027-03-20,2026-09-29
1060.0,457,372,2027-03-20,2026-09-29
1070.0,263,305,2027-03-20,2026-09-29
1080.0,893,284,2027-03-20,2026-09-29
1090.0,296,131,2027-03-20,2026-09-29
1100.0,10,0,2027-03-20,2026-09-29
1100.0,1018,408,2027-03-20,2026-09-29
1110.0,339,97,2027-03-20,2026-09-29
1120.0,253,48,2027-03-20,2026-09-29
1130.0,236,86,2027-03-20,2026-09-29
1140.0,176,88,2027-03-20,2026-09-29
1150.0,1051,113,2027-03-20,2026-09-29
1160.0,290,38,2027-03-20,2026-09-29
1170.0,67,235,2027-03-20,2026-09-29
1180.0,410,69,2027-03-20,2026-09-29
1190.0,167,53,2027-03-20,2026-09-29
1200.0,1888,429,2027-03-20,2026-09-29
1210.0,182,40,2027-03-20,2026-09-29
1220.0,550,42,2027-03-20,2026-09-29
1230.0,96,15,2027-03-20,2026-09-29
1240.0,552,43,2027-03-20,2026-09-29
1250.0,584,309,2027-03-20,2026-09-29
1260.0,357,17,2027-03-20,2026-09-29
1270.0,239,43,2027-03-20,2026-09-29
1280.0,641,35,2027-03-20,2026-09-29
1290.0,83,10,2027-03-20,2026-09-29
1300.0,2716,27,2027-03-20,2026-09-29
1310.0,522,41,2027-03-20,2026-09-29
1320.0,502,15,2027-03-20,2026-09-29
1330.0,135,48,2027-03-20,2026-09-29
1340.0,454,89,2027-03-20,2026-09-29
1350.0,824,86,2027-03-20,2026-09-29
1360.0,721,14,2027-03-20,2026-09-29
1370.0,274,40,2027-03-20,2026-09-29
1380.0,10,0,2027-03-20,2026-09-29
1380.0,131,13,2027-03-20,2026-09-29
1390.0,0,0,2027-03-20,2026-09-29
1390.0,320,9,2027-03-20,2026-09-29
1400.0,10,0,2027-03-20,2026-09-29
1400.0,3307,17,2027-03-20,2026-09-29
1410.0,20,0,2027-03-20,2026-09-29
1410.0,345,45,2027-03-20,2026-09-29
1420.0,586,20,2027-03-20,2026-09-29
1430.0,254,44,2027-03-20,2026-09-29
1440.0,10,0,2027-03-20,2026-09-29
1440.0,241,14,2027-03-20,2026-09-29
1450.0,263,39,2027-03-20,2026-09-29
1460.0,219,28,2027-03-20,2026-09-29
1470.0,138,45,2027-03-20,2026-09-29
1480.0,403,13,2027-03-20,2026-09-29
1490.0,413,11,2027-03-20,2026-09-29
1500.0,2317,82,2027-03-20,2026-09-29
1510.0,526,12,2027-03-20,2026-09-29
1520.0,204,3,2027-03-20,2026-09-29
1530.0,682,30,2027-03-20,2026-09-29
1540.0,238,49,2027-03-20,2026-09-29
1550.0,164,65,2027-03-20,2026-09-29
1560.0,391,8,2027-03-20,2026-09-29
1570.0,194,6,2027-03-20,2026-09-29
1580.0,254,32,2027-03-20,2026-09-29
1590.0,601,38,2027-03-20,2026-09-29
1600.0,0,0,2027-03-20,2026-09-29
1600.0,612,13,2027-03-20,2026-09-29
1610.0,103,8,2027-03-20,2026-09-29
1620.0,337,74,2027-03-20,2026-09-29
1630.0,578,85,2027-03-20,2026-09-29
1640.0,146,1,2027-03-20,2026-09-29
1650.0,134,21,2027-03-20,2026-09-29
1660.0,702,22,2027-03-20,2026-09-29
1670.0,199,7,2027-03-20,2026-09-29
1680.0,350,3,2027-03-20,2026-09-29
1690.0,254,3,2027-03-20,2026-09-29
1700.0,438,2,2027-03-20,2026-09-29
1710.0,133,19,2027-03-20,2026-09-29
1720.0,280,4,2027-03-20,2026-09-29
1730.0,157,1,2027-03-20,2026-09-29
1740.0,248,3,2027-03-20,2026-09-29
1750.0,266,20,2027-03-20,2026-09-29
1760.0,398,2,2027-03-20,2026-09-29
1770.0,387,0,2027-03-20,2026-09-29
1780.0,139,4,2027-03-20,2026-09-29
1790.0,201,23,2027-03-20,2026-09-29
1800.0,555,28,2027-03-20,2026-09-29
1810.0,182,25,2027-03-20,2026-09-29
1820.0,125,0,2027-03-20,2026-09-29
1830.0,268,101,2027-03-20,2026-09-29
1840.0,52,0,2027-03-20,2026-09-29
1850.0,96,132,2027-03-20,2026-09-29
1860.0,180,5,2027-03-20,2026-09-29
1870.0,82,30,2027-03-20,2026-09-29
1880.0,105,23,2027-03-20,2026-09-29
1890.0,349,2,2027-03-20,2026-09-29
1900.0,833,8,2027-03-20,2026-09-29
1910.0,397,48,2027-03-20,2026-09-29
1920.0,116,4,2027-03-20,2026-09-29
1930.0,81,1,2027-03-20,2026-09-29
1940.0,135,0,2027-03-20,2026-09-29
1950.0,269,14,2027-03-20,2026-09-29
1960.0,201,0,2027-03-20,2026-09-29
1970.0,127,2,2027-03-20,2026-09-29
1980.0,217,0,2027-03-20,2026-09-29
1990.0,96,1,2027-03-20,2026-09-29
2000.0,945,8,2027-03-20,2026-09-29
2010.0,66,3,2027-03-20,2026-09-29
2020.0,158,0,2027-03-20,2026-09-29
2030.0,200,0,2027-03-20,2026-09-29
2040.0,115,0,2027-03-20,2026-09-29
2050.0,157,0,2027-03-20,2026-09-29
2060.0,65,1,2027-03-20,2026-09-29
2070.0,121,2,2027-03-20,2026-09-29
2080.0,236,0,2027-03-20,2026-09-29
2090.0,186,2,2027-03-20,2026-09-29
2100.0,309,5,2027-03-20,2026-09-29
2110.0,109,0,2027-03-20,2026-09-29
2120.0,133,0,2027-03-20,2026-09-29
2130.0,90,0,2027-03-20,2026-09-29
2140.0,110,0,2027-03-20,2026-09-29
2150.0,268,0,2027-03-20,2026-09-29
2160.0,154,0,2027-03-20,2026-09-29
2170.0,462,0,2027-03-20,2026-09-29
2180.0,277,0,2027-03-20,2026-09-29
2190.0,190,0,2027-03-20,2026-09-29
2200.0,242,0,2027-03-20,2026-09-29
2210.0,24,0,2027-03-20,2026-09-29
2220.0,150,0,2027-03-20,2026-09-29
2230.0,75,0,2027-03-20,2026-09-29
2240.0,182,0,2027-03-20,2026-09-29
2250.0,197,0,2027-03-20,2026-09-29
2260.0,145,0,2027-03-20,2026-09-29
2270.0,46,0,2027-03-20,2026-09-29
2280.0,84,0,2027-03-20,2026-09-29
2290.0,59,0,2027-03-20,2026-09-29
2300.0,46,0,2027-03-20,2026-09-29
2310.0,36,0,2027-03-20,2026-09-29
2320.0,52,0,2027-03-20,2026-09-29
2330.0,21,0,2027-03-20,2026-09-29
2340.0,159,0,2027-03-20,2026-09-29
2350.0,189,0,2027-03-20,2026-09-29
2360.0,92,0,2027-03-20,2026-09-29
2370.0,84,0,2027-03-20,2026-09-29
2380.0,86,0,2027-03-20,2026-09-29
2390.0,297,0,2027-03-20,2026-09-29
2400.0,840,0,2027-03-20,2026-09-29
2410.0,488,0,2027-03-20,2026-09-29
2420.0,180,0,2027-03-20,2026-09-29
2440.0,97,0,2027-03-20,2026-09-29
2460.0,235,0,2027-03-20,2026-09-29
2480.0,243,0,2027-03-20,2026-09-29
2500.0,3655,0,2027-03-20,2026-09-29
305.67,0,25,2027-03-26,2026-09-29
284.37,0,55,2027-03-31,2026-09-29
470.0,4,310,2027-04-17,2026-09-29
480.0,0,214,2027-04-17,2026-09-29
490.0,0,0,2027-04-17,2026-09-29
490.0,1,856,2027-04-17,2026-09-29
500.0,7,263,2027-04-17,2026-09-29
520.0,1,164,2027-04-17,2026-09-29
540.0,1,614,2027-04-17,2026-09-29
560.0,3,162,2027-04-17,2026-09-29
580.0,1,247,2027-04-17,2026-09-29
600.0,13,468,2027-04-17,2026-09-29
620.0,2,251,2027-04-17,2026-09-29
640.0,8,376,2027-04-17,2026-09-29
660.0,2,554,2027-04-17,2026-09-29
680.0,20,387,2027-04-17,2026-09-29
700.0,37,160,2027-04-17,2026-09-29
720.0,4,275,2027-04-17,2026-09-29
740.0,2,391,2027-04-17,2026-09-29
760.0,0,581,2027-04-17,2026-09-29
780.0,55,417,2027-04-17,2026-09-29
790.0,4,556,2027-04-17,2026-09-29
800.0,252,1501,2027-04-17,2026-09-29
810.0,16,359,2027-04-17,2026-09-29
820.0,14,130,2027-04-17,2026-09-29
830.0,80,356,2027-04-17,2026-09-29
840.0,81,121,2027-04-17,2026-09-29
850.0,179,246,2027-04-17,2026-09-29
860.0,20,341,2027-04-17,2026-09-29
870.0,23,71,2027-04-17,2026-09-29
880.0,223,265,2027-04-17,2026-09-29
890.0,55,90,2027-04-17,2026-09-29
900.0,109,330,2027-04-17,2026-09-29
910.0,292,71,2027-04-17,2026-09-29
920.0,157,56,2027-04-17,2026-09-29
930.0,217,302,2027-04-17,2026-09-29
940.0,46,99,2027-04-17,2026-09-29
950.0,206,175,2027-04-17,2026-09-29
960.0,76,34,2027-04-17,2026-09-29
970.0,63,43,2027-04-17,2026-09-29
980.0,34,174,2027-04-17,2026-09-29
990.0,91,122,2027-04-17,2026-09-29
1000.0,362,165,2027-04-17,2026-09-29
1010.0,70,95,2027-04-17,2026-09-29
1020.0,280,24,2027-04-17,2026-09-29
1030.0,35,159,2027-04-17,2026-09-29
1040.0,108,331,2027-04-17,2026-09-29
1050.0,95,91,2027-04-17,2026-09-29
1060.0,223,186,2027-04-17,2026-09-29
1070.0,60,54,2027-04-17,2026-09-29
1080.0,37,34,2027-04-17,2026-09-29
1100.0,0,0,2027-04-17,2026-09-29
1100.0,385,132,2027-04-17,2026-09-29
1120.0,86,58,2027-04-17,2026-09-29
1140.0,104,5,2027-04-17,2026-09-29
1160.0,812,6,2027-04-17,2026-09-29
1180.0,37,58,2027-04-17,2026-09-29
1200.0,179,67,2027-04-17,2026-09-29
1220.0,147,107,2027-04-17,2026-09-29
1240.0,45,8,2027-04-17,2026-09-29
1260.0,89,6,2027-04-17,2026-09-29
1280.0,316,11,2027-04-17,2026-09-29
1300.0,804,3,2027-04-17,2026-09-29
1320.0,122,6,2027-04-17,2026-09-29
1340.0,230,50,2027-04-17,2026-09-29
1360.0,93,0,2027-04-17,2026-09-29
1380.0,36,1,2027-04-17,2026-09-29
1400.0,147,2,2027-04-17,2026-09-29
1420.0,51,1,2027-04-17,2026-09-29
1440.0,198,2,2027-04-17,2026-09-29
1460.0,473,0,2027-04-17,2026-09-29
1480.0,249,9,2027-04-17,2026-09-29
1500.0,43,8,2027-04-17,2026-09-29
1520.0,6,0,2027-04-17,2026-09-29
1540.0,19,0,2027-04-17,2026-09-29
1560.0,65,0,2027-04-17,2026-09-29
1580.0,53,0,2027-04-17,2026-09-29
1600.0,119,0,2027-04-17,2026-09-29
5.0,1610,1,2027-06-18,2026-09-29
10.0,5,1,2027-06-18,2026-09-29
15.0,28,3,2027-06-18,2026-09-29
20.0,0,11,2027-06-18,2026-09-29
25.0,7,30,2027-06-18,2026-09-29
30.0,1,2,2027-06-18,2026-09-29
35.0,32,2522,2027-06-18,2026-09-29
40.0,5,968,2027-06-18,2026-09-29
45.0,80,1235,2027-06-18,2026-09-29
50.0,55,84,2027-06-18,2026-09-29
55.0,68,664,2027-06-18,2026-09-29
60.0,117,1084,2027-06-18,2026-09-29
65.0,113,343,2027-06-18,2026-09-29
70.0,156,5082,2027-06-18,2026-09-29
75.0,116,747,2027-06-18,2026-09-29
80.0,245,400,2027-06-18,2026-09-29
85.0,153,1282,2027-06-18,2026-09-29
90.0,122,1784,2027-06-18,2026-09-29
95.0,134,966,2027-06-18,2026-09-29
100.0,305,364,2027-06-18,2026-09-29
105.0,252,243,2027-06-18,2026-09-29
110.0,265,558,2027-06-18,2026-09-29
115.0,196,288,2027-06-18,2026-09-29
120.0,429,358,2027-06-18,2026-09-29
125.0,143,150,2027-06-18,2026-09-29
130.0,463,535,2027-06-18,2026-09-29
135.0,288,102,2027-06-18,2026-09-29
140.0,2680,173,2027-06-18,2026-09-29
145.0,86,180,2027-06-18,2026-09-29
150.0,206,1394,2027-06-18,2026-09-29
155.0,172,162,2027-06-18,2026-09-29
160.0,111,337,2027-06-18,2026-09-29
165.0,185,218,2027-06-18,2026-09-29
170.0,132,273,2027-06-18,2026-09-29
175.0,118,209,2027-06-18,2026-09-29
180.0,115,442,2027-06-18,2026-09-29
185.0,225,124,2027-06-18,2026-09-29
190.0,122,100,2027-06-18,2026-09-29
195.0,89,121,2027-06-18,2026-09-29
200.0,405,1022,2027-06-18,2026-09-29
210.0,172,259,2027-06-18,2026-09-29
220.0,138,435,2027-06-18,2026-09-29
230.0,223,627,2027-06-18,2026-09-29
240.0,149,1014,2027-06-18,2026-09-29
250.0,429,2691,2027-06-18,2026-09-29
260.0,3855,316,2027-06-18,2026-09-29
270.0,94,597,2027-06-18,2026-09-29
280.0,70,548,2027-06-18,2026-09-29
290.0,662,633,2027-06-18,2026-09-29
300.0,624,3707,2027-06-18,2026-09-29
310.0,144,467,2027-06-18,2026-09-29
320.0,145,143,2027-06-18,2026-09-29
330.0,307,629,2027-06-18,2026-09-29
340.0,270,358,2027-06-18,2026-09-29
350.0,425,940,2027-06-18,2026-09-29
360.0,153,678,2027-06-18,2026-09-29
370.0,123,458,2027-06-18,2026-09-29
380.0,495,641,2027-06-18,2026-09-29
390.0,265,577,2027-06-18,2026-09-29
400.0,1125,4361,2027-06-18,2026-09-29
410.0,286,641,2027-06-18,2026-09-29
420.0,329,533,2027-06-18,2026-09-29
430.0,369,403,2027-06-18,2026-09-29
440.0,288,526,2027-06-18,2026-09-29
450.0,385,1324,2027-06-18,2026-09-29
460.0,162,292,2027-06-18,2026-09-29
470.0,737,856,2027-06-18,2026-09-29
480.0,430,368,2027-06-18,2026-09-29
490.0,300,699,2027-06-18,2026-09-29
500.0,1428,2143,2027-06-18,2026-09-29
510.0,676,639,2027-06-18,2026-09-29
520.0,266,251,2027-06-18,2026-09-29
530.0,30,0,2027-06-18,2026-09-29
530.0,368,344,2027-06-18,2026-09-29
540.0,1948,695,2027-06-18,2026-09-29
550.0,743,2552,2027-06-18,2026-09-29
560.0,465,607,2027-06-18,2026-09-29
570.0,266,276,2027-06-18,2026-09-29
580.0,354,939,2027-06-18,2026-09-29
590.0,221,1011,2027-06-18,2026-09-29
600.0,1398,4539,2027-06-18,2026-09-29
610.0,421,448,2027-06-18,2026-09-29
620.0,183,935,2027-06-18,2026-09-29
630.0,501,403,2027-06-18,2026-09-29
640.0,448,1181,2027-06-18,2026-09-29
650.0,1039,2873,2027-06-18,2026-09-29
660.0,265,279,2027-06-18,2026-09-29
670.0,271,329,2027-06-18,2026-09-29
680.0,401,786,2027-06-18,2026-09-29
690.0,2261,375,2027-06-18,2026-09-29
700.0,2444,2482,2027-06-18,2026-09-29
710.0,278,246,2027-06-18,2026-09-29
720.0,939,1191,2027-06-18,2026-09-29
730.0,441,428,2027-06-18,2026-09-29
740.0,2751,453,2027-06-18,2026-09-29
750.0,1675,3275,2027-06-18,2026-09-29
760.0,597,426,2027-06-18,2026-09-29
770.0,225,363,2027-06-18,2026-09-29
780.0,468,1862,2027-06-18,2026-09-29
790.0,1234,300,2027-06-18,2026-09-29
800.0,0,290,2027-06-18,2026-09-29
800.0,1846,3098,2027-06-18,2026-09-29
810.0,160,435,2027-06-18,2026-09-29
820.0,395,297,2027-06-18,2026-09-29
830.0,632,468,2027-06-18,2026-09-29
840.0,268,740,2027-06-18,2026-09-29
850.0,822,1437,2027-06-18,2026-09-29
860.0,291,320,2027-06-18,2026-09-29
870.0,1302,613,2027-06-18,2026-09-29
880.0,677,703,2027-06-18,2026-09-29
890.0,2079,232,2027-06-18,2026-09-29
900.0,3011,4935,2027-06-18,2026-09-29
910.0,1675,455,2027-06-18,2026-09-29
920.0,374,246,2027-06-18,2026-09-29
930.0,547,644,2027-06-18,2026-09-29
940.0,339,259,2027-06-18,2026-09-29
950.0,1286,1201,2027-06-18,2026-09-29
960.0,361,380,2027-06-18,2026-09-29
970.0,265,480,2027-06-18,2026-09-29
980.0,347,174,2027-06-18,2026-09-29
990.0,218,108,2027-06-18,2026-09-29
1000.0,2584,1435,2027-06-18,2026-09-29
1010.0,219,289,2027-06-18,2026-09-29
1020.0,295,77,2027-06-18,2026-09-29
1030.0,173,153,2027-06-18,2026-09-29
1040.0,214,80,2027-06-18,2026-09-29
1050.0,639,607,2027-06-18,2026-09-29
1060.0,742,682,2027-06-18,2026-09-29
1070.0,247,77,2027-06-18,2026-09-29
1080.0,484,122,2027-06-18,2026-09-29
1090.0,363,198,2027-06-18,2026-09-29
1100.0,2092,617,2027-06-18,2026-09-29
1110.0,247,77,2027-06-18,2026-09-29
1120.0,191,102,2027-06-18,2026-09-29
1130.0,104,53,2027-06-18,2026-09-29
1140.0,251,120,2027-06-18,2026-09-29
1150.0,572,1023,2027-06-18,2026-09-29
1160.0,363,36,2027-06-18,2026-09-29
1170.0,185,119,2027-06-18,2026-09-29
1180.0,313,99,2027-06-18,2026-09-29
1190.0,78,57,2027-06-18,2026-09-29
1200.0,2046,58,2027-06-18,2026-09-29
1210.0,1447,30,2027-06-18,2026-09-29
1220.0,198,47,2027-06-18,2026-09-29
1230.0,96,30,2027-06-18,2026-09-29
1240.0,334,106,2027-06-18,2026-09-29
1250.0,11,0,2027-06-18,2026-09-29
1250.0,858,521,2027-06-18,2026-09-29
1260.0,187,39,2027-06-18,2026-09-29
1270.0,103,27,2027-06-18,2026-09-29
1280.0,104,94,2027-06-18,2026-09-29
1290.0,536,111,2027-06-18,2026-09-29
1300.0,1413,247,2027-06-18,2026-09-29
1310.0,67,37,2027-06-18,2026-09-29
1320.0,285,79,2027-06-18,2026-09-29
1330.0,140,88,2027-06-18,2026-09-29
1340.0,267,59,2027-06-18,2026-09-29
1350.0,545,569,2027-06-18,2026-09-29
1360.0,334,50,2027-06-18,2026-09-29
1370.0,216,28,2027-06-18,2026-09-29
1380.0,300,65,2027-06-18,2026-09-29
1390.0,208,94,2027-06-18,2026-09-29
1400.0,1096,173,2027-06-18,2026-09-29
1410.0,379,141,2027-06-18,2026-09-29
1420.0,331,156,2027-06-18,2026-09-29
1430.0,418,81,2027-06-18,2026-09-29
1440.0,280,161,2027-06-18,2026-09-29
1450.0,401,79,2027-06-18,2026-09-29
1460.0,560,117,2027-06-18,2026-09-29
1470.0,288,19,2027-06-18,2026-09-29
1480.0,410,50,2027-06-18,2026-09-29
1490.0,169,38,2027-06-18,2026-09-29
1500.0,2339,111,2027-06-18,2026-09-29
1510.0,181,11,2027-06-18,2026-09-29
1520.0,546,35,2027-06-18,2026-09-29
1530.0,187,36,2027-06-18,2026-09-29
1540.0,162,28,2027-06-18,2026-09-29
1550.0,143,13,2027-06-18,2026-09-29
1560.0,355,13,2027-06-18,2026-09-29
1570.0,532,12,2027-06-18,2026-09-29
1580.0,105,31,2027-06-18,2026-09-29
1590.0,417,10,2027-06-18,2026-09-29
1600.0,1728,69,2027-06-18,2026-09-29
1610.0,271,10,2027-06-18,2026-09-29
1620.0,459,30,2027-06-18,2026-09-29
1630.0,210,77,2027-06-18,2026-09-29
1640.0,300,20,2027-06-18,2026-09-29
1650.0,298,28,2027-06-18,2026-09-29
1660.0,588,17,2027-06-18,2026-09-29
1670.0,136,82,2027-06-18,2026-09-29
1680.0,122,6,2027-06-18,2026-09-29
1690.0,261,35,2027-06-18,2026-09-29
1700.0,426,83,2027-06-18,2026-09-29
1710.0,303,27,2027-06-18,2026-09-29
1720.0,443,23,2027-06-18,2026-09-29
1730.0,182,17,2027-06-18,2026-09-29
1740.0,137,26,2027-06-18,2026-09-29
1750.0,340,16,2027-06-18,2026-09-29
1760.0,113,48,2027-06-18,2026-09-29
1770.0,171,18,2027-06-18,2026-09-29
1775.0,290,0,2027-06-18,2026-09-29
1780.0,304,52,2027-06-18,2026-09-29
1790.0,227,11,2027-06-18,2026-09-29
1800.0,1937,30,2027-06-18,2026-09-29
1810.0,197,7,2027-06-18,2026-09-29
1820.0,227,1,2027-06-18,2026-09-29
1830.0,386,2,2027-06-18,2026-09-29
1840.0,335,3,2027-06-18,2026-09-29
1850.0,212,20,2027-06-18,2026-09-29
1860.0,252,19,2027-06-18,2026-09-29
1870.0,163,0,2027-06-18,2026-09-29
1880.0,363,25,2027-06-18,2026-09-29
1890.0,287,0,2027-06-18,2026-09-29
1900.0,754,7,2027-06-18,2026-09-29
1910.0,560,99,2027-06-18,2026-09-29
1920.0,449,1,2027-06-18,2026-09-29
1930.0,529,1,2027-06-18,2026-09-29
1940.0,376,7,2027-06-18,2026-09-29
1950.0,358,0,2027-06-18,2026-09-29
1960.0,468,0,2027-06-18,2026-09-29
1970.0,123,1,2027-06-18,2026-09-29
1980.0,100,5,2027-06-18,2026-09-29
1990.0,38,1,2027-06-18,2026-09-29
2000.0,1866,6,2027-06-18,2026-09-29
2010.0,84,31,2027-06-18,2026-09-29
2020.0,247,1,2027-06-18,2026-09-29
2030.0,46,2,2027-06-18,2026-09-29
2040.0,68,10,2027-06-18,2026-09-29
2050.0,68,6,2027-06-18,2026-09-29
2060.0,107,10,2027-06-18,2026-09-29
2070.0,14,7,2027-06-18,2026-09-29
2080.0,46,10,2027-06-18,2026-09-29
2090.0,55,7,2027-06-18,2026-09-29
2100.0,330,34,2027-06-18,2026-09-29
2110.0,104,2,2027-06-18,2026-09-29
2120.0,26,0,2027-06-18,2026-09-29
2130.0,55,0,2027-06-18,2026-09-29
2140.0,202,47,2027-06-18,2026-09-29
2150.0,279,4,2027-06-18,2026-09-29
2160.0,306,0,2027-06-18,2026-09-29
2170.0,337,2,2027-06-18,2026-09-29
2180.0,66,3,2027-06-18,2026-09-29
2190.0,201,5,2027-06-18,2026-09-29
2200.0,88,18,2027-06-18,2026-09-29
2210.0,118,1,2027-06-18,2026-09-29
2220.0,126,6,2027-06-18,2026-09-29
2230.0,204,1,2027-06-18,2026-09-29
2240.0,18,0,2027-06-18,2026-09-29
2250.0,108,1,2027-06-18,2026-09-29
2260.0,52,0,2027-06-18,2026-09-29
2270.0,215,0,2027-06-18,2026-09-29
2280.0,35,0,2027-06-18,2026-09-29
2290.0,758,6,2027-06-18,2026-09-29
2300.0,153,0,2027-06-18,2026-09-29
2310.0,207,0,2027-06-18,2026-09-29
2320.0,308,0,2027-06-18,2026-09-29
2330.0,128,0,2027-06-18,2026-09-29
2340.0,207,0,2027-06-18,2026-09-29
2350.0,122,1,2027-06-18,2026-09-29
2360.0,185,0,2027-06-18,2026-09-29
2370.0,295,0,2027-06-18,2026-09-29
2380.0,307,0,2027-06-18,2026-09-29
2390.0,493,0,2027-06-18,2026-09-29
2400.0,187,0,2027-06-18,2026-09-29
2410.0,488,0,2027-06-18,2026-09-29
2420.0,294,0,2027-06-18,2026-09-29
2440.0,317,0,2027-06-18,2026-09-29
2460.0,588,0,2027-06-18,2026-09-29
2480.0,449,1,2027-06-18,2026-09-29
2500.0,3113,0,2027-06-18,2026-09-29
500.0,0,143,2027-07-17,2026-09-29
510.0,1,26,2027-07-17,2026-09-29
520.0,0,53,2027-07-17,2026-09-29
530.0,0,41,2027-07-17,2026-09-29
540.0,0,7,2027-07-17,2026-09-29
550.0,0,4,2027-07-17,2026-09-29
560.0,0,52,2027-07-17,2026-09-29
570.0,4,9,2027-07-17,2026-09-29
580.0,0,14,2027-07-17,2026-09-29
590.0,0,43,2027-07-17,2026-09-29
600.0,0,22,2027-07-17,2026-09-29
610.0,0,5,2027-07-17,2026-09-29
620.0,0,5,2027-07-17,2026-09-29
630.0,0,4,2027-07-17,2026-09-29
640.0,0,8,2027-07-17,2026-09-29
650.0,0,15,2027-07-17,2026-09-29
660.0,0,10,2027-07-17,2026-09-29
670.0,0,37,2027-07-17,2026-09-29
680.0,0,51,2027-07-17,2026-09-29
690.0,0,8,2027-07-17,2026-09-29
700.0,0,17,2027-07-17,2026-09-29
710.0,0,13,2027-07-17,2026-09-29
720.0,3,13,2027-07-17,2026-09-29
730.0,0,2,2027-07-17,2026-09-29
740.0,0,4,2027-07-17,2026-09-29
750.0,0,117,2027-07-17,2026-09-29
760.0,0,1,2027-07-17,2026-09-29
770.0,0,0,2027-07-17,2026-09-29
780.0,0,14,2027-07-17,2026-09-29
790.0,0,19,2027-07-17,2026-09-29
800.0,5,78,2027-07-17,2026-09-29
810.0,0,14,2027-07-17,2026-09-29
820.0,0,69,2027-07-17,2026-09-29
830.0,0,22,2027-07-17,2026-09-29
840.0,0,21,2027-07-17,2026-09-29
850.0,0,20,2027-07-17,2026-09-29
860.0,0,33,2027-07-17,2026-09-29
870.0,0,88,2027-07-17,2026-09-29
880.0,0,14,2027-07-17,2026-09-29
890.0,0,143,2027-07-17,2026-09-29
900.0,4,11,2027-07-17,2026-09-29
910.0,1,21,2027-07-17,2026-09-29
920.0,2,11,2027-07-17,2026-09-29
930.0,9,3,2027-07-17,2026-09-29
940.0,15,3,2027-07-17,2026-09-29
950.0,16,7,2027-07-17,2026-09-29
960.0,24,3,2027-07-17,2026-09-29
970.0,1,16,2027-07-17,2026-09-29
980.0,1,142,2027-07-17,2026-09-29
990.0,1,39,2027-07-17,2026-09-29
1000.0,23,45,2027-07-17,2026-09-29
1010.0,9,101,2027-07-17,2026-09-29
1020.0,0,54,2027-07-17,2026-09-29
1030.0,23,32,2027-07-17,2026-09-29
1040.0,2,21,2027-07-17,2026-09-29
1050.0,53,2,2027-07-17,2026-09-29
1060.0,15,106,2027-07-17,2026-09-29
1070.0,4,126,2027-07-17,2026-09-29
1080.0,3,25,2027-07-17,2026-09-29
1090.0,20,9,2027-07-17,2026-09-29
1100.0,100,2,2027-07-17,2026-09-29
1110.0,5,1,2027-07-17,2026-09-29
1120.0,37,16,2027-07-17,2026-09-29
1130.0,9,5,2027-07-17,2026-09-29
1140.0,78,2,2027-07-17,2026-09-29
1150.0,36,4,2027-07-17,2026-09-29
1160.0,28,1,2027-07-17,2026-09-29
1170.0,24,0,2027-07-17,2026-09-29
1180.0,37,2,2027-07-17,2026-09-29
1190.0,1,2,2027-07-17,2026-09-29
1200.0,16,103,2027-07-17,2026-09-29
1210.0,1,3,2027-07-17,2026-09-29
1220.0,19,1,2027-07-17,2026-09-29
1230.0,0,0,2027-07-17,2026-09-29
1240.0,1,0,2027-07-17,2026-09-29
1250.0,2,0,2027-07-17,2026-09-29
1260.0,12,3,2027-07-17,2026-09-29
1270.0,0,2,2027-07-17,2026-09-29
1280.0,1,2,2027-07-17,2026-09-29
1290.0,5,3,2027-07-17,2026-09-29
1300.0,18,12,2027-07-17,2026-09-29
1310.0,30,5,2027-07-17,2026-09-29
1320.0,8,4,2027-07-17,2026-09-29
1330.0,12,0,2027-07-17,2026-09-29
1340.0,6,3,2027-07-17,2026-09-29
1350.0,7,5,2027-07-17,2026-09-29
1360.0,13,2,2027-07-17,2026-09-29
1370.0,6,1,2027-07-17,2026-09-29
1380.0,3,0,2027-07-17,2026-09-29
1390.0,5,1,2027-07-17,2026-09-29
1400.0,16,0,2027-07-17,2026-09-29
1420.0,2,0,2027-07-17,2026-09-29
1440.0,1,0,2027-07-17,2026-09-29
1460.0,0,1,2027-07-17,2026-09-29
1480.0,0,0,2027-07-17,2026-09-29
1500.0,1,0,2027-07-17,2026-09-29
1520.0,2,0,2027-07-17,2026-09-29
1540.0,2,0,2027-07-17,2026-09-29
1560.0,1,0,2027-07-17,2026-09-29
1580.0,9,0,2027-07-17,2026-09-29
1600.0,47,3,2027-07-17,2026-09-29
5.0,4412,107,2027-09-18,2026-09-29
10.0,584,0,2027-09-18,2026-09-29
15.0,0,2,2027-09-18,2026-09-29
20.0,0,3,2027-09-18,2026-09-29
25.0,0,4,2027-09-18,2026-09-29
30.0,0,3,2027-09-18,2026-09-29
40.0,0,12,2027-09-18,2026-09-29
50.0,1,37,2027-09-18,2026-09-29
60.0,0,82,2027-09-18,2026-09-29
70.0,1,175,2027-09-18,2026-09-29
80.0,1,236,2027-09-18,2026-09-29
90.0,12,335,2027-09-18,2026-09-29
100.0,25,765,2027-09-18,2026-09-29
110.0,5,134,2027-09-18,2026-09-29
120.0,2,754,2027-09-18,2026-09-29
130.0,6,146,2027-09-18,2026-09-29
140.0,4,551,2027-09-18,2026-09-29
150.0,5,344,2027-09-18,2026-09-29
160.0,14,437,2027-09-18,2026-09-29
170.0,128,182,2027-09-18,2026-09-29
180.0,4,44,2027-09-18,2026-09-29
185.0,2,10,2027-09-18,2026-09-29
190.0,158,220,2027-09-18,2026-09-29
195.0,3,209,2027-09-18,2026-09-29
200.0,12,123,2027-09-18,2026-09-29
210.0,6,45,2027-09-18,2026-09-29
220.0,8,118,2027-09-18,2026-09-29
230.0,8,61,2027-09-18,2026-09-29
240.0,5,181,2027-09-18,2026-09-29
250.0,47,290,2027-09-18,2026-09-29
260.0,31,218,2027-09-18,2026-09-29
270.0,7,107,2027-09-18,2026-09-29
280.0,48,87,2027-09-18,2026-09-29
290.0,8,561,2027-09-18,2026-09-29
300.0,100,254,2027-09-18,2026-09-29
310.0,33,122,2027-09-18,2026-09-29
320.0,27,97,2027-09-18,2026-09-29
330.0,30,54,2027-09-18,2026-09-29
340.0,16,118,2027-09-18,2026-09-29
350.0,113,225,2027-09-18,2026-09-29
360.0,17,66,2027-09-18,2026-09-29
370.0,32,132,2027-09-18,2026-09-29
380.0,13,115,2027-09-18,2026-09-29
390.0,56,75,2027-09-18,2026-09-29
400.0,89,344,2027-09-18,2026-09-29
410.0,22,119,2027-09-18,2026-09-29
420.0,48,44,2027-09-18,2026-09-29
430.0,244,100,2027-09-18,2026-09-29
440.0,103,80,2027-09-18,2026-09-29
450.0,81,188,2027-09-18,2026-09-29
460.0,17,79,2027-09-18,2026-09-29
470.0,45,90,2027-09-18,2026-09-29
480.0,63,224,2027-09-18,2026-09-29
490.0,47,155,2027-09-18,2026-09-29
500.0,308,613,2027-09-18,2026-09-29
510.0,168,103,2027-09-18,2026-09-29
520.0,10,276,2027-09-18,2026-09-29
530.0,58,184,2027-09-18,2026-09-29
540.0,28,104,2027-09-18,2026-09-29
550.0,167,443,2027-09-18,2026-09-29
560.0,153,224,2027-09-18,2026-09-29
570.0,276,137,2027-09-18,2026-09-29
580.0,65,295,2027-09-18,2026-09-29
590.0,22,166,2027-09-18,2026-09-29
600.0,609,959,2027-09-18,2026-09-29
610.0,80,227,2027-09-18,2026-09-29
620.0,65,148,2027-09-18,2026-09-29
630.0,105,392,2027-09-18,2026-09-29
640.0,93,197,2027-09-18,2026-09-29
650.0,133,1432,2027-09-18,2026-09-29
660.0,275,177,2027-09-18,2026-09-29
670.0,120,225,2027-09-18,2026-09-29
680.0,123,207,2027-09-18,2026-09-29
690.0,92,229,2027-09-18,2026-09-29
700.0,646,807,2027-09-18,2026-09-29
710.0,51,144,2027-09-18,2026-09-29
720.0,109,66,2027-09-18,2026-09-29
730.0,103,154,2027-09-18,2026-09-29
740.0,65,159,2027-09-18,2026-09-29
750.0,385,345,2027-09-18,2026-09-29
760.0,60,324,2027-09-18,2026-09-29
770.0,259,168,2027-09-18,2026-09-29
780.0,95,413,2027-09-18,2026-09-29
790.0,71,74,2027-09-18,2026-09-29
800.0,561,535,2027-09-18,2026-09-29
810.0,161,85,2027-09-18,2026-09-29
820.0,143,492,2027-09-18,2026-09-29
830.0,245,268,2027-09-18,2026-09-29
840.0,90,191,2027-09-18,2026-09-29
850.0,315,723,2027-09-18,2026-09-29
860.0,225,146,2027-09-18,2026-09-29
870.0,271,220,2027-09-18,2026-09-29
880.0,555,373,2027-09-18,2026-09-29
890.0,439,133,2027-09-18,2026-09-29
900.0,843,933,2027-09-18,2026-09-29
920.0,152,224,2027-09-18,2026-09-29
930.0,473,110,2027-09-18,2026-09-29
940.0,468,243,2027-09-18,2026-09-29
950.0,308,84,2027-09-18,2026-09-29
960.0,406,72,2027-09-18,2026-09-29
970.0,348,78,2027-09-18,2026-09-29
980.0,115,101,2027-09-18,2026-09-29
990.0,241,105,2027-09-18,2026-09-29
1000.0,911,216,2027-09-18,2026-09-29
1010.0,108,183,2027-09-18,2026-09-29
1020.0,247,59,2027-09-18,2026-09-29
1030.0,81,81,2027-09-18,2026-09-29
1040.0,96,95,2027-09-18,2026-09-29
1050.0,166,45,2027-09-18,2026-09-29
1060.0,153,42,2027-09-18,2026-09-29
1070.0,230,94,2027-09-18,2026-09-29
1080.0,95,248,2027-09-18,2026-09-29
1090.0,86,127,2027-09-18,2026-09-29
1100.0,527,874,2027-09-18,2026-09-29
1110.0,315,80,2027-09-18,2026-09-29
1120.0,132,19,2027-09-18,2026-09-29
1130.0,234,40,2027-09-18,2026-09-29
1140.0,63,62,2027-09-18,2026-09-29
1150.0,374,88,2027-09-18,2026-09-29
1160.0,78,22,2027-09-18,2026-09-29
1170.0,259,38,2027-09-18,2026-09-29
1180.0,53,13,2027-09-18,2026-09-29
1190.0,46,17,2027-09-18,2026-09-29
1200.0,592,625,2027-09-18,2026-09-29
1210.0,352,19,2027-09-18,2026-09-29
1220.0,565,54,2027-09-18,2026-09-29
1230.0,96,305,2027-09-18,2026-09-29
1240.0,538,169,2027-09-18,2026-09-29
1250.0,187,310,2027-09-18,2026-09-29
1260.0,371,38,2027-09-18,2026-09-29
1270.0,469,11,2027-09-18,2026-09-29
1280.0,46,448,2027-09-18,2026-09-29
1290.0,92,15,2027-09-18,2026-09-29
1300.0,253,222,2027-09-18,2026-09-29
1310.0,140,12,2027-09-18,2026-09-29
1320.0,490,146,2027-09-18,2026-09-29
1330.0,80,7,2027-09-18,2026-09-29
1340.0,78,3,2027-09-18,2026-09-29
1350.0,230,11,2027-09-18,2026-09-29
1360.0,160,63,2027-09-18,2026-09-29
1370.0,51,300,2027-09-18,2026-09-29
1380.0,34,4,2027-09-18,2026-09-29
1390.0,51,4,2027-09-18,2026-09-29
1400.0,720,86,2027-09-18,2026-09-29
1410.0,51,3,2027-09-18,2026-09-29
1420.0,645,32,2027-09-18,2026-09-29
1430.0,48,77,2027-09-18,2026-09-29
1440.0,102,11,2027-09-18,2026-09-29
1450.0,112,19,2027-09-18,2026-09-29
1460.0,133,66,2027-09-18,2026-09-29
1470.0,25,1,2027-09-18,2026-09-29
1480.0,122,444,2027-09-18,2026-09-29
1490.0,241,1,2027-09-18,2026-09-29
1500.0,398,294,2027-09-18,2026-09-29
1510.0,199,7,2027-09-18,2026-09-29
1520.0,312,3,2027-09-18,2026-09-29
1530.0,439,7,2027-09-18,2026-09-29
1540.0,187,33,2027-09-18,2026-09-29
1550.0,367,29,2027-09-18,2026-09-29
1560.0,457,8,2027-09-18,2026-09-29
1570.0,102,12,2027-09-18,2026-09-29
1580.0,298,101,2027-09-18,2026-09-29
1590.0,186,4,2027-09-18,2026-09-29
1600.0,218,47,2027-09-18,2026-09-29
1610.0,277,14,2027-09-18,2026-09-29
1620.0,892,90,2027-09-18,2026-09-29
1630.0,480,118,2027-09-18,2026-09-29
1640.0,136,1,2027-09-18,2026-09-29
1650.0,268,1,2027-09-18,2026-09-29
1660.0,787,16,2027-09-18,2026-09-29
1670.0,187,2,2027-09-18,2026-09-29
1680.0,224,2,2027-09-18,2026-09-29
1690.0,72,7,2027-09-18,2026-09-29
1700.0,109,255,2027-09-18,2026-09-29
1710.0,273,4,2027-09-18,2026-09-29
1720.0,147,12,2027-09-18,2026-09-29
1730.0,238,4,2027-09-18,2026-09-29
1740.0,410,7,2027-09-18,2026-09-29
1750.0,112,25,2027-09-18,2026-09-29
1760.0,144,6,2027-09-18,2026-09-29
1770.0,75,4,2027-09-18,2026-09-29
1780.0,363,7,2027-09-18,2026-09-29
1790.0,561,11,2027-09-18,2026-09-29
1800.0,457,4,2027-09-18,2026-09-29
1810.0,197,4,2027-09-18,2026-09-29
1820.0,158,3,2027-09-18,2026-09-29
1830.0,168,74,2027-09-18,2026-09-29
1840.0,180,5,2027-09-18,2026-09-29
1850.0,92,1,2027-09-18,2026-09-29
1860.0,96,1,2027-09-18,2026-09-29
1870.0,117,0,2027-09-18,2026-09-29
1880.0,158,4,2027-09-18,2026-09-29
1890.0,216,13,2027-09-18,2026-09-29
1900.0,359,31,2027-09-18,2026-09-29
1910.0,56,7,2027-09-18,2026-09-29
1920.0,18,0,2027-09-18,2026-09-29
1930.0,49,0,2027-09-18,2026-09-29
1940.0,54,0,2027-09-18,2026-09-29
1950.0,69,1,2027-09-18,2026-09-29
1960.0,14,0,2027-09-18,2026-09-29
1970.0,72,43,2027-09-18,2026-09-29
1980.0,199,40,2027-09-18,2026-09-29
1990.0,103,3,2027-09-18,2026-09-29
2000.0,620,4,2027-09-18,2026-09-29
2010.0,693,2,2027-09-18,2026-09-29
2020.0,79,0,2027-09-18,2026-09-29
2030.0,52,1,2027-09-18,2026-09-29
2040.0,21,0,2027-09-18,2026-09-29
2050.0,59,2,2027-09-18,2026-09-29
2060.0,18,1,2027-09-18,2026-09-29
2070.0,83,0,2027-09-18,2026-09-29
2080.0,45,6,2027-09-18,2026-09-29
2090.0,54,2,2027-09-18,2026-09-29
2100.0,72,24,2027-09-18,2026-09-29
2110.0,200,0,2027-09-18,2026-09-29
2120.0,37,0,2027-09-18,2026-09-29
2130.0,37,0,2027-09-18,2026-09-29
2140.0,54,1,2027-09-18,2026-09-29
2150.0,126,0,2027-09-18,2026-09-29
2160.0,35,2,2027-09-18,2026-09-29
2170.0,371,7,2027-09-18,2026-09-29
2180.0,3,2,2027-09-18,2026-09-29
2190.0,69,3,2027-09-18,2026-09-29
2200.0,129,11,2027-09-18,2026-09-29
2210.0,66,0,2027-09-18,2026-09-29
2220.0,51,5,2027-09-18,2026-09-29
2230.0,11,0,2027-09-18,2026-09-29
2240.0,121,1,2027-09-18,2026-09-29
2250.0,78,3,2027-09-18,2026-09-29
2260.0,133,1,2027-09-18,2026-09-29
2270.0,65,0,2027-09-18,2026-09-29
2280.0,14,1,2027-09-18,2026-09-29
2290.0,35,2,2027-09-18,2026-09-29
2300.0,29,1,2027-09-18,2026-09-29
2310.0,41,2,2027-09-18,2026-09-29
2320.0,99,2,2027-09-18,2026-09-29
2330.0,118,1,2027-09-18,2026-09-29
2340.0,118,1,2027-09-18,2026-09-29
2350.0,60,3,2027-09-18,2026-09-29
2360.0,88,2,2027-09-18,2026-09-29
2370.0,51,6,2027-09-18,2026-09-29
2380.0,140,3,2027-09-18,2026-09-29
2390.0,172,0,2027-09-18,2026-09-29
2400.0,261,0,2027-09-18,2026-09-29
2410.0,286,0,2027-09-18,2026-09-29
2420.0,342,5,2027-09-18,2026-09-29
2440.0,631,0,2027-09-18,2026-09-29
2460.0,642,0,2027-09-18,2026-09-29
2480.0,1061,3,2027-09-18,2026-09-29
2500.0,898,1,2027-09-18,2026-09-29
5.0,6274,1247,2027-12-18,2026-09-29
10.0,7,3,2027-12-18,2026-09-29
15.0,2,9,2027-12-18,2026-09-29
20.0,4,17,2027-12-18,2026-09-29
25.0,2201,1202,2027-12-18,2026-09-29
30.0,62,458,2027-12-18,2026-09-29
35.0,70,467,2027-12-18,2026-09-29
40.0,112,5497,2027-12-18,2026-09-29
45.0,113,399,2027-12-18,2026-09-29
50.0,155,853,2027-12-18,2026-09-29
55.0,189,1613,2027-12-18,2026-09-29
60.0,849,1145,2027-12-18,2026-09-29
65.0,136,1710,2027-12-18,2026-09-29
70.0,149,2453,2027-12-18,2026-09-29
75.0,496,1296,2027-12-18,2026-09-29
80.0,206,897,2027-12-18,2026-09-29
85.0,172,353,2027-12-18,2026-09-29
90.0,308,246,2027-12-18,2026-09-29
95.0,156,224,2027-12-18,2026-09-29
100.0,317,662,2027-12-18,2026-09-29
105.0,149,289,2027-12-18,2026-09-29
110.0,303,533,2027-12-18,2026-09-29
115.0,300,147,2027-12-18,2026-09-29
120.0,221,207,2027-12-18,2026-09-29
125.0,271,283,2027-12-18,2026-09-29
130.0,254,278,2027-12-18,2026-09-29
135.0,210,256,2027-12-18,2026-09-29
140.0,133,322,2027-12-18,2026-09-29
145.0,197,123,2027-12-18,2026-09-29
150.0,474,328,2027-12-18,2026-09-29
155.0,83,69,2027-12-18,2026-09-29
160.0,185,129,2027-12-18,2026-09-29
165.0,155,69,2027-12-18,2026-09-29
170.0,521,733,2027-12-18,2026-09-29
175.0,98,82,2027-12-18,2026-09-29
180.0,78,377,2027-12-18,2026-09-29
185.0,37,241,2027-12-18,2026-09-29
190.0,1360,670,2027-12-18,2026-09-29
195.0,231,43,2027-12-18,2026-09-29
200.0,383,418,2027-12-18,2026-09-29
210.0,299,243,2027-12-18,2026-09-29
220.0,160,129,2027-12-18,2026-09-29
230.0,240,165,2027-12-18,2026-09-29
240.0,130,123,2027-12-18,2026-09-29
250.0,50,0,2027-12-18,2026-09-29
250.0,94,231,2027-12-18,2026-09-29
260.0,144,188,2027-12-18,2026-09-29
270.0,89,86,2027-12-18,2026-09-29
280.0,196,434,2027-12-18,2026-09-29
290.0,165,486,2027-12-18,2026-09-29
300.0,320,348,2027-12-18,2026-09-29
310.0,171,100,2027-12-18,2026-09-29
320.0,124,147,2027-12-18,2026-09-29
330.0,213,242,2027-12-18,2026-09-29
340.0,120,104,2027-12-18,2026-09-29
350.0,92,95,2027-12-18,2026-09-29
360.0,87,165,2027-12-18,2026-09-29
370.0,89,221,2027-12-18,2026-09-29
380.0,177,137,2027-12-18,2026-09-29
390.0,137,138,2027-12-18,2026-09-29
400.0,795,721,2027-12-18,2026-09-29
410.0,158,181,2027-12-18,2026-09-29
420.0,121,149,2027-12-18,2026-09-29
430.0,397,290,2027-12-18,2026-09-29
440.0,68,210,2027-12-18,2026-09-29
450.0,361,205,2027-12-18,2026-09-29
460.0,87,37,2027-12-18,2026-09-29
470.0,579,85,2027-12-18,2026-09-29
480.0,124,111,2027-12-18,2026-09-29
490.0,254,366,2027-12-18,2026-09-29
500.0,518,752,2027-12-18,2026-09-29
510.0,192,131,2027-12-18,2026-09-29
520.0,263,93,2027-12-18,2026-09-29
530.0,270,62,2027-12-18,2026-09-29
540.0,74,61,2027-12-18,2026-09-29
550.0,381,211,2027-12-18,2026-09-29
560.0,246,86,2027-12-18,2026-09-29
570.0,149,94,2027-12-18,2026-09-29
580.0,291,92,2027-12-18,2026-09-29
590.0,143,100,2027-12-18,2026-09-29
600.0,451,359,2027-12-18,2026-09-29
610.0,86,98,2027-12-18,2026-09-29
620.0,147,78,2027-12-18,2026-09-29
630.0,543,187,2027-12-18,2026-09-29
640.0,291,172,2027-12-18,2026-09-29
650.0,587,772,2027-12-18,2026-09-29
660.0,96,184,2027-12-18,2026-09-29
670.0,74,27,2027-12-18,2026-09-29
680.0,377,485,2027-12-18,2026-09-29
690.0,386,86,2027-12-18,2026-09-29
700.0,791,1158,2027-12-18,2026-09-29
710.0,138,296,2027-12-18,2026-09-29
720.0,303,556,2027-12-18,2026-09-29
730.0,332,66,2027-12-18,2026-09-29
740.0,376,42,2027-12-18,2026-09-29
750.0,418,253,2027-12-18,2026-09-29
760.0,231,151,2027-12-18,2026-09-29
770.0,132,162,2027-12-18,2026-09-29
780.0,190,150,2027-12-18,2026-09-29
790.0,227,48,2027-12-18,2026-09-29
800.0,1060,623,2027-12-18,2026-09-29
810.0,227,240,2027-12-18,2026-09-29
820.0,235,169,2027-12-18,2026-09-29
830.0,147,307,2027-12-18,2026-09-29
840.0,198,684,2027-12-18,2026-09-29
850.0,239,455,2027-12-18,2026-09-29
860.0,235,267,2027-12-18,2026-09-29
870.0,320,69,2027-12-18,2026-09-29
880.0,505,332,2027-12-18,2026-09-29
890.0,658,246,2027-12-18,2026-09-29
900.0,770,562,2027-12-18,2026-09-29
910.0,1329,46,2027-12-18,2026-09-29
920.0,200,119,2027-12-18,2026-09-29
930.0,146,414,2027-12-18,2026-09-29
940.0,173,42,2027-12-18,2026-09-29
950.0,709,368,2027-12-18,2026-09-29
960.0,290,158,2027-12-18,2026-09-29
970.0,485,50,2027-12-18,2026-09-29
980.0,190,80,2027-12-18,2026-09-29
990.0,63,90,2027-12-18,2026-09-29
1000.0,638,1465,2027-12-18,2026-09-29
1010.0,151,113,2027-12-18,2026-09-29
1020.0,471,44,2027-12-18,2026-09-29
1030.0,163,79,2027-12-18,2026-09-29
1040.0,405,61,2027-12-18,2026-09-29
1050.0,466,33,2027-12-18,2026-09-29
1060.0,360,30,2027-12-18,2026-09-29
1070.0,566,50,2027-12-18,2026-09-29
1080.0,212,140,2027-12-18,2026-09-29
1090.0,272,203,2027-12-18,2026-09-29
1100.0,1158,322,2027-12-18,2026-09-29
1110.0,478,52,2027-12-18,2026-09-29
1120.0,228,83,2027-12-18,2026-09-29
1130.0,485,33,2027-12-18,2026-09-29
1140.0,168,13,2027-12-18,2026-09-29
1150.0,119,21,2027-12-18,2026-09-29
1160.0,132,22,2027-12-18,2026-09-29
1170.0,433,29,2027-12-18,2026-09-29
1180.0,286,47,2027-12-18,2026-09-29
1200.0,796,305,2027-12-18,2026-09-29
1220.0,346,163,2027-12-18,2026-09-29
1240.0,297,77,2027-12-18,2026-09-29
1260.0,785,427,2027-12-18,2026-09-29
1280.0,952,254,2027-12-18,2026-09-29
1300.0,903,250,2027-12-18,2026-09-29
1320.0,566,270,2027-12-18,2026-09-29
1340.0,393,32,2027-12-18,2026-09-29
1360.0,541,46,2027-12-18,2026-09-29
1380.0,418,66,2027-12-18,2026-09-29
1400.0,608,286,2027-12-18,2026-09-29
1420.0,569,146,2027-12-18,2026-09-29
1440.0,438,57,2027-12-18,2026-09-29
1460.0,339,271,2027-12-18,2026-09-29
1480.0,685,195,2027-12-18,2026-09-29
1490.0,248,73,2027-12-18,2026-09-29
1500.0,1770,239,2027-12-18,2026-09-29
1510.0,179,3,2027-12-18,2026-09-29
1520.0,210,50,2027-12-18,2026-09-29
1530.0,93,7,2027-12-18,2026-09-29
1540.0,87,11,2027-12-18,2026-09-29
1550.0,232,6,2027-12-18,2026-09-29
1560.0,62,39,2027-12-18,2026-09-29
1570.0,135,22,2027-12-18,2026-09-29
1580.0,120,112,2027-12-18,2026-09-29
1590.0,300,24,2027-12-18,2026-09-29
1600.0,551,52,2027-12-18,2026-09-29
1610.0,142,24,2027-12-18,2026-09-29
1620.0,227,5,2027-12-18,2026-09-29
1630.0,689,280,2027-12-18,2026-09-29
1640.0,118,48,2027-12-18,2026-09-29
1650.0,50,5,2027-12-18,2026-09-29
1660.0,72,7,2027-12-18,2026-09-29
1670.0,142,12,2027-12-18,2026-09-29
1680.0,354,7,2027-12-18,2026-09-29
1690.0,249,3,2027-12-18,2026-09-29
1700.0,1337,50,2027-12-18,2026-09-29
1710.0,154,11,2027-12-18,2026-09-29
1720.0,67,23,2027-12-18,2026-09-29
1730.0,111,1,2027-12-18,2026-09-29
1740.0,161,8,2027-12-18,2026-09-29
1750.0,262,4,2027-12-18,2026-09-29
1760.0,234,3,2027-12-18,2026-09-29
1770.0,122,14,2027-12-18,2026-09-29
1780.0,564,10,2027-12-18,2026-09-29
1790.0,246,26,2027-12-18,2026-09-29
1800.0,1304,81,2027-12-18,2026-09-29
1810.0,489,41,2027-12-18,2026-09-29
1820.0,538,15,2027-12-18,2026-09-29
1830.0,824,23,2027-12-18,2026-09-29
1840.0,184,5,2027-12-18,2026-09-29
1850.0,179,13,2027-12-18,2026-09-29
1860.0,68,8,2027-12-18,2026-09-29
1870.0,25,0,2027-12-18,2026-09-29
1880.0,349,125,2027-12-18,2026-09-29
1890.0,238,1,2027-12-18,2026-09-29
1900.0,348,201,2027-12-18,2026-09-29
1910.0,291,2,2027-12-18,2026-09-29
1920.0,234,11,2027-12-18,2026-09-29
1930.0,225,2,2027-12-18,2026-09-29
1940.0,86,1,2027-12-18,2026-09-29
1950.0,35,4,2027-12-18,2026-09-29
1960.0,161,1,2027-12-18,2026-09-29
1970.0,79,2,2027-12-18,2026-09-29
1980.0,543,15,2027-12-18,2026-09-29
1990.0,176,5,2027-12-18,2026-09-29
2000.0,844,132,2027-12-18,2026-09-29
2010.0,112,1,2027-12-18,2026-09-29
2020.0,161,4,2027-12-18,2026-09-29
2030.0,83,10,2027-12-18,2026-09-29
2040.0,60,4,2027-12-18,2026-09-29
2050.0,53,6,2027-12-18,2026-09-29
2060.0,37,20,2027-12-18,2026-09-29
2070.0,19,2,2027-12-18,2026-09-29
2080.0,30,120,2027-12-18,2026-09-29
2090.0,95,4,2027-12-18,2026-09-29
2100.0,157,47,2027-12-18,2026-09-29
2110.0,60,46,2027-12-18,2026-09-29
2120.0,208,5,2027-12-18,2026-09-29
2130.0,126,4,2027-12-18,2026-09-29
2140.0,32,6,2027-12-18,2026-09-29
2150.0,41,20,2027-12-18,2026-09-29
2160.0,157,26,2027-12-18,2026-09-29
2170.0,1014,36,2027-12-18,2026-09-29
2180.0,66,3,2027-12-18,2026-09-29
2190.0,143,32,2027-12-18,2026-09-29
2200.0,339,6,2027-12-18,2026-09-29
2210.0,15,6,2027-12-18,2026-09-29
2220.0,133,7,2027-12-18,2026-09-29
2230.0,119,11,2027-12-18,2026-09-29
2240.0,23,1,2027-12-18,2026-09-29
2250.0,19,22,2027-12-18,2026-09-29
2260.0,46,2,2027-12-18,2026-09-29
2270.0,23,4,2027-12-18,2026-09-29
2280.0,20,0,2027-12-18,2026-09-29
2290.0,708,9,2027-12-18,2026-09-29
2300.0,151,9,2027-12-18,2026-09-29
2310.0,30,1,2027-12-18,2026-09-29
2320.0,116,7,2027-12-18,2026-09-29
2330.0,460,2,2027-12-18,2026-09-29
2340.0,360,6,2027-12-18,2026-09-29
2350.0,102,1,2027-12-18,2026-09-29
2360.0,303,7,2027-12-18,2026-09-29
2370.0,154,5,2027-12-18,2026-09-29
2380.0,96,3,2027-12-18,2026-09-29
2390.0,281,9,2027-12-18,2026-09-29
2400.0,262,26,2027-12-18,2026-09-29
2410.0,364,22,2027-12-18,2026-09-29
2420.0,263,19,2027-12-18,2026-09-29
2440.0,326,97,2027-12-18,2026-09-29
2460.0,332,31,2027-12-18,2026-09-29
2480.0,541,62,2027-12-18,2026-09-29
2500.0,2031,115,2027-12-18,2026-09-29
5.0,1429,896,2028-01-22,2026-09-29
10.0,154,22,2028-01-22,2026-09-29
15.0,2,26,2028-01-22,2026-09-29
20.0,10,30,2028-01-22,2026-09-29
25.0,0,50,2028-01-22,2026-09-29
30.0,0,61,2028-01-22,2026-09-29
35.0,56,605,2028-01-22,2026-09-29
40.0,91,289,2028-01-22,2026-09-29
45.0,22,477,2028-01-22,2026-09-29
50.0,4,1375,2028-01-22,2026-09-29
55.0,3,80,2028-01-22,2026-09-29
60.0,26,802,2028-01-22,2026-09-29
65.0,1,46,2028-01-22,2026-09-29
70.0,164,508,2028-01-22,2026-09-29
75.0,16,330,2028-01-22,2026-09-29
80.0,31,128,2028-01-22,2026-09-29
85.0,14,133,2028-01-22,2026-09-29
90.0,22,232,2028-01-22,2026-09-29
95.0,26,306,2028-01-22,2026-09-29
100.0,121,2577,2028-01-22,2026-09-29
105.0,32,213,2028-01-22,2026-09-29
110.0,52,355,2028-01-22,2026-09-29
115.0,31,300,2028-01-22,2026-09-29
120.0,97,534,2028-01-22,2026-09-29
125.0,33,169,2028-01-22,2026-09-29
130.0,121,376,2028-01-22,2026-09-29
135.0,84,60,2028-01-22,2026-09-29
140.0,100,174,2028-01-22,2026-09-29
145.0,42,40,2028-01-22,2026-09-29
150.0,262,138,2028-01-22,2026-09-29
155.0,79,385,2028-01-22,2026-09-29
160.0,77,744,2028-01-22,2026-09-29
165.0,207,173,2028-01-22,2026-09-29
170.0,215,307,2028-01-22,2026-09-29
175.0,97,246,2028-01-22,2026-09-29
180.0,93,224,2028-01-22,2026-09-29
185.0,70,424,2028-01-22,2026-09-29
190.0,244,209,2028-01-22,2026-09-29
195.0,107,473,2028-01-22,2026-09-29
200.0,2367,3912,2028-01-22,2026-09-29
210.0,167,327,2028-01-22,2026-09-29
220.0,255,557,2028-01-22,2026-09-29
230.0,544,353,2028-01-22,2026-09-29
240.0,304,471,2028-01-22,2026-09-29
250.0,0,10,2028-01-22,2026-09-29
250.0,421,951,2028-01-22,2026-09-29
260.0,486,307,2028-01-22,2026-09-29
270.0,177,639,2028-01-22,2026-09-29
280.0,406,716,2028-01-22,2026-09-29
290.0,177,589,2028-01-22,2026-09-29
300.0,809,2071,2028-01-22,2026-09-29
310.0,340,411,2028-01-22,2026-09-29
320.0,206,1422,2028-01-22,2026-09-29
330.0,1422,1047,2028-01-22,2026-09-29
340.0,304,380,2028-01-22,2026-09-29
350.0,825,493,2028-01-22,2026-09-29
360.0,357,92,2028-01-22,2026-09-29
370.0,460,230,2028-01-22,2026-09-29
380.0,332,227,2028-01-22,2026-09-29
390.0,125,105,2028-01-22,2026-09-29
400.0,551,617,2028-01-22,2026-09-29
410.0,334,244,2028-01-22,2026-09-29
420.0,109,238,2028-01-22,2026-09-29
430.0,187,510,2028-01-22,2026-09-29
440.0,256,142,2028-01-22,2026-09-29
450.0,411,805,2028-01-22,2026-09-29
460.0,149,186,2028-01-22,2026-09-29
470.0,138,1227,2028-01-22,2026-09-29
480.0,198,779,2028-01-22,2026-09-29
490.0,350,249,2028-01-22,2026-09-29
500.0,1908,3065,2028-01-22,2026-09-29
510.0,193,74,2028-01-22,2026-09-29
520.0,486,673,2028-01-22,2026-09-29
530.0,85,100,2028-01-22,2026-09-29
540.0,608,178,2028-01-22,2026-09-29
550.0,468,598,2028-01-22,2026-09-29
560.0,351,472,2028-01-22,2026-09-29
570.0,174,143,2028-01-22,2026-09-29
580.0,76,313,2028-01-22,2026-09-29
590.0,153,147,2028-01-22,2026-09-29
600.0,1161,1604,2028-01-22,2026-09-29
610.0,207,104,2028-01-22,2026-09-29
620.0,201,162,2028-01-22,2026-09-29
630.0,65,219,2028-01-22,2026-09-29
640.0,158,321,2028-01-22,2026-09-29
650.0,381,263,2028-01-22,2026-09-29
660.0,92,155,2028-01-22,2026-09-29
670.0,300,318,2028-01-22,2026-09-29
680.0,373,271,2028-01-22,2026-09-29
690.0,390,125,2028-01-22,2026-09-29
700.0,1189,1215,2028-01-22,2026-09-29
710.0,198,183,2028-01-22,2026-09-29
720.0,975,162,2028-01-22,2026-09-29
730.0,641,352,2028-01-22,2026-09-29
740.0,209,282,2028-01-22,2026-09-29
750.0,602,1355,2028-01-22,2026-09-29
760.0,0,20,2028-01-22,2026-09-29
760.0,487,116,2028-01-22,2026-09-29
770.0,107,210,2028-01-22,2026-09-29
780.0,325,484,2028-01-22,2026-09-29
790.0,216,322,2028-01-22,2026-09-29
800.0,751,2485,2028-01-22,2026-09-29
810.0,630,82,2028-01-22,2026-09-29
820.0,790,262,2028-01-22,2026-09-29
830.0,247,101,2028-01-22,2026-09-29
840.0,170,485,2028-01-22,2026-09-29
850.0,489,824,2028-01-22,2026-09-29
860.0,166,100,2028-01-22,2026-09-29
870.0,303,133,2028-01-22,2026-09-29
880.0,418,267,2028-01-22,2026-09-29
890.0,585,334,2028-01-22,2026-09-29
900.0,3284,1588,2028-01-22,2026-09-29
910.0,2085,157,2028-01-22,2026-09-29
920.0,157,424,2028-01-22,2026-09-29
930.0,146,124,2028-01-22,2026-09-29
940.0,427,664,2028-01-22,2026-09-29
950.0,768,476,2028-01-22,2026-09-29
960.0,79,314,2028-01-22,2026-09-29
970.0,212,54,2028-01-22,2026-09-29
980.0,505,156,2028-01-22,2026-09-29
990.0,323,172,2028-01-22,2026-09-29
1000.0,1199,1084,2028-01-22,2026-09-29
1010.0,255,206,2028-01-22,2026-09-29
1020.0,286,90,2028-01-22,2026-09-29
1030.0,264,67,2028-01-22,2026-09-29
1040.0,431,96,2028-01-22,2026-09-29
1050.0,421,303,2028-01-22,2026-09-29
1060.0,447,93,2028-01-22,2026-09-29
1070.0,105,341,2028-01-22,2026-09-29
1080.0,500,210,2028-01-22,2026-09-29
1090.0,359,186,2028-01-22,2026-09-29
1100.0,1979,1386,2028-01-22,2026-09-29
1110.0,228,44,2028-01-22,2026-09-29
1120.0,182,104,2028-01-22,2026-09-29
1130.0,142,71,2028-01-22,2026-09-29
1140.0,423,62,2028-01-22,2026-09-29
1150.0,215,204,2028-01-22,2026-09-29
1160.0,99,53,2028-01-22,2026-09-29
1170.0,302,54,2028-01-22,2026-09-29
1180.0,425,15,2028-01-22,2026-09-29
1190.0,104,23,2028-01-22,2026-09-29
1200.0,2034,1619,2028-01-22,2026-09-29
1210.0,488,112,2028-01-22,2026-09-29
1220.0,185,311,2028-01-22,2026-09-29
1230.0,242,45,2028-01-22,2026-09-29
1240.0,133,44,2028-01-22,2026-09-29
1250.0,380,1073,2028-01-22,2026-09-29
1260.0,1181,137,2028-01-22,2026-09-29
1270.0,206,9,2028-01-22,2026-09-29
1280.0,3130,937,2028-01-22,2026-09-29
1290.0,410,95,2028-01-22,2026-09-29
1300.0,1067,434,2028-01-22,2026-09-29
1310.0,233,583,2028-01-22,2026-09-29
1320.0,642,66,2028-01-22,2026-09-29
1330.0,309,9,2028-01-22,2026-09-29
1340.0,456,20,2028-01-22,2026-09-29
1350.0,699,226,2028-01-22,2026-09-29
1360.0,399,11,2028-01-22,2026-09-29
1370.0,223,19,2028-01-22,2026-09-29
1380.0,170,20,2028-01-22,2026-09-29
1390.0,54,312,2028-01-22,2026-09-29
1400.0,1857,224,2028-01-22,2026-09-29
1410.0,84,17,2028-01-22,2026-09-29
1420.0,511,16,2028-01-22,2026-09-29
1430.0,93,11,2028-01-22,2026-09-29
1440.0,187,197,2028-01-22,2026-09-29
1450.0,291,13,2028-01-22,2026-09-29
1460.0,116,82,2028-01-22,2026-09-29
1470.0,88,29,2028-01-22,2026-09-29
1480.0,3320,950,2028-01-22,2026-09-29
1490.0,290,49,2028-01-22,2026-09-29
1500.0,1276,333,2028-01-22,2026-09-29
1510.0,729,17,2028-01-22,2026-09-29
1520.0,740,63,2028-01-22,2026-09-29
1530.0,312,8,2028-01-22,2026-09-29
1540.0,116,24,2028-01-22,2026-09-29
1550.0,502,17,2028-01-22,2026-09-29
1560.0,306,280,2028-01-22,2026-09-29
1570.0,548,8,2028-01-22,2026-09-29
1580.0,341,191,2028-01-22,2026-09-29
1590.0,330,90,2028-01-22,2026-09-29
1600.0,840,187,2028-01-22,2026-09-29
1610.0,593,2,2028-01-22,2026-09-29
1620.0,216,570,2028-01-22,2026-09-29
1630.0,1118,66,2028-01-22,2026-09-29
1640.0,117,2,2028-01-22,2026-09-29
1650.0,59,44,2028-01-22,2026-09-29
1660.0,106,10,2028-01-22,2026-09-29
1670.0,298,10,2028-01-22,2026-09-29
1680.0,835,5,2028-01-22,2026-09-29
1690.0,135,100,2028-01-22,2026-09-29
1700.0,562,51,2028-01-22,2026-09-29
1710.0,137,2,2028-01-22,2026-09-29
1720.0,392,2,2028-01-22,2026-09-29
1730.0,87,3,2028-01-22,2026-09-29
1740.0,0,0,2028-01-22,2026-09-29
1740.0,58,22,2028-01-22,2026-09-29
1750.0,138,77,2028-01-22,2026-09-29
1760.0,20,0,2028-01-22,2026-09-29
1760.0,224,23,2028-01-22,2026-09-29
1770.0,30,4,2028-01-22,2026-09-29
1780.0,50,265,2028-01-22,2026-09-29
1790.0,239,195,2028-01-22,2026-09-29
1800.0,718,36,2028-01-22,2026-09-29
1805.0,3,0,2028-01-22,2026-09-29
1810.0,231,267,2028-01-22,2026-09-29
1820.0,1640,39,2028-01-22,2026-09-29
1830.0,1745,67,2028-01-22,2026-09-29
1835.0,50,0,2028-01-22,2026-09-29
1840.0,83,195,2028-01-22,2026-09-29
1847.0,5,0,2028-01-22,2026-09-29
1850.0,517,23,2028-01-22,2026-09-29
1860.0,61,30,2028-01-22,2026-09-29
1870.0,135,3,2028-01-22,2026-09-29
1880.0,49,18,2028-01-22,2026-09-29
1890.0,126,24,2028-01-22,2026-09-29
1900.0,462,156,2028-01-22,2026-09-29
1910.0,580,2,2028-01-22,2026-09-29
1920.0,84,20,2028-01-22,2026-09-29
1930.0,211,3,2028-01-22,2026-09-29
1940.0,71,3,2028-01-22,2026-09-29
1950.0,393,15,2028-01-22,2026-09-29
1960.0,547,1,2028-01-22,2026-09-29
1970.0,380,21,2028-01-22,2026-09-29
1980.0,39,11,2028-01-22,2026-09-29
1990.0,548,13,2028-01-22,2026-09-29
2000.0,1846,28,2028-01-22,2026-09-29
2070.0,239,23,2028-01-22,2026-09-29
2080.0,290,24,2028-01-22,2026-09-29
2090.0,272,194,2028-01-22,2026-09-29
2100.0,354,155,2028-01-22,2026-09-29
2110.0,61,1,2028-01-22,2026-09-29
2120.0,224,1,2028-01-22,2026-09-29
2130.0,79,21,2028-01-22,2026-09-29
2140.0,154,23,2028-01-22,2026-09-29
2150.0,224,50,2028-01-22,2026-09-29
2160.0,66,18,2028-01-22,2026-09-29
2170.0,98,26,2028-01-22,2026-09-29
2180.0,20,2,2028-01-22,2026-09-29
2190.0,53,1,2028-01-22,2026-09-29
2200.0,425,22,2028-01-22,2026-09-29
2210.0,62,0,2028-01-22,2026-09-29
2220.0,93,16,2028-01-22,2026-09-29
2230.0,7,1,2028-01-22,2026-09-29
2240.0,27,14,2028-01-22,2026-09-29
2250.0,48,4,2028-01-22,2026-09-29
2260.0,11,5,2028-01-22,2026-09-29
2270.0,111,0,2028-01-22,2026-09-29
2280.0,12,5,2028-01-22,2026-09-29
2290.0,100,189,2028-01-22,2026-09-29
2300.0,185,11,2028-01-22,2026-09-29
2310.0,107,1,2028-01-22,2026-09-29
2320.0,14,0,2028-01-22,2026-09-29
2330.0,61,2,2028-01-22,2026-09-29
2340.0,48,0,2028-01-22,2026-09-29
2350.0,455,3,2028-01-22,2026-09-29
2360.0,135,0,2028-01-22,2026-09-29
2370.0,61,1,2028-01-22,2026-09-29
2380.0,636,16,2028-01-22,2026-09-29
2390.0,456,4,2028-01-22,2026-09-29
2400.0,816,16,2028-01-22,2026-09-29
2410.0,215,2,2028-01-22,2026-09-29
2420.0,585,76,2028-01-22,2026-09-29
2440.0,330,17,2028-01-22,2026-09-29
2460.0,663,16,2028-01-22,2026-09-29
2480.0,983,19,2028-01-22,2026-09-29
2500.0,3437,109,2028-01-22,2026-09-29
5.0,620,55,2028-06-17,2026-09-29
10.0,7,3,2028-06-17,2026-09-29
15.0,0,3,2028-06-17,2026-09-29
20.0,1,10,2028-06-17,2026-09-29
25.0,19,28,2028-06-17,2026-09-29
30.0,1,33,2028-06-17,2026-09-29
35.0,1,9,2028-06-17,2026-09-29
40.0,0,35,2028-06-17,2026-09-29
45.0,0,4,2028-06-17,2026-09-29
50.0,0,170,2028-06-17,2026-09-29
55.0,0,36,2028-06-17,2026-09-29
60.0,0,28,2028-06-17,2026-09-29
65.0,0,25,2028-06-17,2026-09-29
70.0,0,32,2028-06-17,2026-09-29
75.0,0,524,2028-06-17,2026-09-29
80.0,19,294,2028-06-17,2026-09-29
85.0,0,233,2028-06-17,2026-09-29
90.0,1,867,2028-06-17,2026-09-29
95.0,0,311,2028-06-17,2026-09-29
100.0,13,1412,2028-06-17,2026-09-29
105.0,8,832,2028-06-17,2026-09-29
110.0,1,1656,2028-06-17,2026-09-29
115.0,0,303,2028-06-17,2026-09-29
120.0,2,527,2028-06-17,2026-09-29
125.0,1,223,2028-06-17,2026-09-29
130.0,7,932,2028-06-17,2026-09-29
135.0,3,510,2028-06-17,2026-09-29
140.0,5,648,2028-06-17,2026-09-29
145.0,2,48,2028-06-17,2026-09-29
150.0,5,21,2028-06-17,2026-09-29
155.0,16,85,2028-06-17,2026-09-29
160.0,4,221,2028-06-17,2026-09-29
165.0,2,29,2028-06-17,2026-09-29
170.0,3,713,2028-06-17,2026-09-29
175.0,3,51,2028-06-17,2026-09-29
180.0,8,37,2028-06-17,2026-09-29
185.0,18,16,2028-06-17,2026-09-29
190.0,8,39,2028-06-17,2026-09-29
195.0,5,84,2028-06-17,2026-09-29
200.0,108,295,2028-06-17,2026-09-29
210.0,21,37,2028-06-17,2026-09-29
220.0,157,68,2028-06-17,2026-09-29
230.0,1,91,2028-06-17,2026-09-29
240.0,12,67,2028-06-17,2026-09-29
250.0,26,121,2028-06-17,2026-09-29
260.0,7,21,2028-06-17,2026-09-29
270.0,11,278,2028-06-17,2026-09-29
280.0,1,28,2028-06-17,2026-09-29
290.0,7,8,2028-06-17,2026-09-29
300.0,29,142,2028-06-17,2026-09-29
310.0,7,69,2028-06-17,2026-09-29
320.0,14,156,2028-06-17,2026-09-29
330.0,4,106,2028-06-17,2026-09-29
340.0,6,76,2028-06-17,2026-09-29
350.0,35,354,2028-06-17,2026-09-29
360.0,9,37,2028-06-17,2026-09-29
370.0,17,54,2028-06-17,2026-09-29
380.0,11,30,2028-06-17,2026-09-29
390.0,43,70,2028-06-17,2026-09-29
400.0,107,91,2028-06-17,2026-09-29
410.0,42,21,2028-06-17,2026-09-29
420.0,22,80,2028-06-17,2026-09-29
430.0,16,58,2028-06-17,2026-09-29
440.0,35,62,2028-06-17,2026-09-29
450.0,42,117,2028-06-17,2026-09-29
460.0,99,85,2028-06-17,2026-09-29
470.0,49,43,2028-06-17,2026-09-29
480.0,40,61,2028-06-17,2026-09-29
490.0,92,71,2028-06-17,2026-09-29
500.0,117,475,2028-06-17,2026-09-29
510.0,22,131,2028-06-17,2026-09-29
520.0,119,102,2028-06-17,2026-09-29
530.0,83,40,2028-06-17,2026-09-29
540.0,111,98,2028-06-17,2026-09-29
550.0,122,37,2028-06-17,2026-09-29
560.0,314,113,2028-06-17,2026-09-29
570.0,71,47,2028-06-17,2026-09-29
580.0,104,101,2028-06-17,2026-09-29
590.0,84,59,2028-06-17,2026-09-29
600.0,260,278,2028-06-17,2026-09-29
610.0,23,30,2028-06-17,2026-09-29
620.0,37,37,2028-06-17,2026-09-29
630.0,149,64,2028-06-17,2026-09-29
640.0,330,123,2028-06-17,2026-09-29
650.0,105,137,2028-06-17,2026-09-29
660.0,56,40,2028-06-17,2026-09-29
670.0,40,43,2028-06-17,2026-09-29
680.0,17,84,2028-06-17,2026-09-29
690.0,115,66,2028-06-17,2026-09-29
700.0,163,528,2028-06-17,2026-09-29
710.0,27,104,2028-06-17,2026-09-29
720.0,133,43,2028-06-17,2026-09-29
730.0,46,323,2028-06-17,2026-09-29
740.0,46,39,2028-06-17,2026-09-29
750.0,287,297,2028-06-17,2026-09-29
760.0,65,36,2028-06-17,2026-09-29
770.0,39,63,2028-06-17,2026-09-29
780.0,150,165,2028-06-17,2026-09-29
790.0,241,130,2028-06-17,2026-09-29
800.0,357,437,2028-06-17,2026-09-29
810.0,113,116,2028-06-17,2026-09-29
820.0,28,616,2028-06-17,2026-09-29
830.0,128,328,2028-06-17,2026-09-29
840.0,78,176,2028-06-17,2026-09-29
850.0,79,440,2028-06-17,2026-09-29
860.0,75,129,2028-06-17,2026-09-29
870.0,45,78,2028-06-17,2026-09-29
880.0,50,173,2028-06-17,2026-09-29
890.0,148,85,2028-06-17,2026-09-29
900.0,510,314,2028-06-17,2026-09-29
910.0,69,248,2028-06-17,2026-09-29
920.0,172,38,2028-06-17,2026-09-29
930.0,103,156,2028-06-17,2026-09-29
940.0,79,61,2028-06-17,2026-09-29
950.0,152,148,2028-06-17,2026-09-29
960.0,324,81,2028-06-17,2026-09-29
970.0,224,100,2028-06-17,2026-09-29
980.0,156,41,2028-06-17,2026-09-29
990.0,118,100,2028-06-17,2026-09-29
1000.0,711,213,2028-06-17,2026-09-29
1010.0,221,226,2028-06-17,2026-09-29
1020.0,94,249,2028-06-17,2026-09-29
1030.0,349,325,2028-06-17,2026-09-29
1040.0,91,513,2028-06-17,2026-09-29
1050.0,31,521,2028-06-17,2026-09-29
1060.0,110,386,2028-06-17,2026-09-29
1070.0,85,426,2028-06-17,2026-09-29
1080.0,172,116,2028-06-17,2026-09-29
1090.0,173,129,2028-06-17,2026-09-29
1100.0,246,166,2028-06-17,2026-09-29
1110.0,31,23,2028-06-17,2026-09-29
1120.0,149,35,2028-06-17,2026-09-29
1130.0,29,94,2028-06-17,2026-09-29
1140.0,44,28,2028-06-17,2026-09-29
1150.0,356,43,2028-06-17,2026-09-29
1160.0,12,14,2028-06-17,2026-09-29
1170.0,223,25,2028-06-17,2026-09-29
1180.0,396,116,2028-06-17,2026-09-29
1190.0,12,162,2028-06-17,2026-09-29
1200.0,457,269,2028-06-17,2026-09-29
1210.0,27,42,2028-06-17,2026-09-29
1220.0,457,23,2028-06-17,2026-09-29
1230.0,73,37,2028-06-17,2026-09-29
1240.0,103,35,2028-06-17,2026-09-29
1250.0,89,76,2028-06-17,2026-09-29
1260.0,206,153,2028-06-17,2026-09-29
1270.0,160,119,2028-06-17,2026-09-29
1280.0,361,411,2028-06-17,2026-09-29
1290.0,69,284,2028-06-17,2026-09-29
1300.0,584,116,2028-06-17,2026-09-29
1310.0,204,70,2028-06-17,2026-09-29
1320.0,259,114,2028-06-17,2026-09-29
1330.0,115,62,2028-06-17,2026-09-29
1340.0,255,40,2028-06-17,2026-09-29
1350.0,139,48,2028-06-17,2026-09-29
1360.0,221,22,2028-06-17,2026-09-29
1370.0,116,24,2028-06-17,2026-09-29
1380.0,26,215,2028-06-17,2026-09-29
1390.0,113,35,2028-06-17,2026-09-29
1400.0,611,102,2028-06-17,2026-09-29
1410.0,50,35,2028-06-17,2026-09-29
1420.0,208,24,2028-06-17,2026-09-29
1430.0,101,8,2028-06-17,2026-09-29
1440.0,139,30,2028-06-17,2026-09-29
1450.0,21,12,2028-06-17,2026-09-29
1460.0,180,29,2028-06-17,2026-09-29
1470.0,384,17,2028-06-17,2026-09-29
1480.0,263,97,2028-06-17,2026-09-29
1490.0,78,16,2028-06-17,2026-09-29
1500.0,705,77,2028-06-17,2026-09-29
1510.0,68,35,2028-06-17,2026-09-29
1520.0,225,8,2028-06-17,2026-09-29
1530.0,69,68,2028-06-17,2026-09-29
1540.0,28,36,2028-06-17,2026-09-29
1550.0,91,31,2028-06-17,2026-09-29
1560.0,61,17,2028-06-17,2026-09-29
1570.0,86,2,2028-06-17,2026-09-29
1580.0,14,29,2028-06-17,2026-09-29
1590.0,237,85,2028-06-17,2026-09-29
1600.0,184,168,2028-06-17,2026-09-29
1610.0,96,31,2028-06-17,2026-09-29
1620.0,174,87,2028-06-17,2026-09-29
1630.0,218,73,2028-06-17,2026-09-29
1640.0,54,2,2028-06-17,2026-09-29
1650.0,75,47,2028-06-17,2026-09-29
1660.0,36,1,2028-06-17,2026-09-29
1670.0,51,7,2028-06-17,2026-09-29
1680.0,95,16,2028-06-17,2026-09-29
1690.0,48,4,2028-06-17,2026-09-29
1700.0,498,99,2028-06-17,2026-09-29
1710.0,49,20,2028-06-17,2026-09-29
1720.0,135,16,2028-06-17,2026-09-29
1730.0,547,15,2028-06-17,2026-09-29
1740.0,276,9,2028-06-17,2026-09-29
1750.0,128,31,2028-06-17,2026-09-29
1760.0,123,6,2028-06-17,2026-09-29
1770.0,160,14,2028-06-17,2026-09-29
1780.0,163,4,2028-06-17,2026-09-29
1790.0,42,174,2028-06-17,2026-09-29
1800.0,147,126,2028-06-17,2026-09-29
1810.0,630,12,2028-06-17,2026-09-29
1820.0,149,35,2028-06-17,2026-09-29
1830.0,147,15,2028-06-17,2026-09-29
1840.0,141,144,2028-06-17,2026-09-29
1850.0,101,4,2028-06-17,2026-09-29
1860.0,207,2,2028-06-17,2026-09-29
1870.0,165,2,2028-06-17,2026-09-29
1880.0,77,4,2028-06-17,2026-09-29
1890.0,46,29,2028-06-17,2026-09-29
1900.0,124,12,2028-06-17,2026-09-29
1910.0,67,5,2028-06-17,2026-09-29
1920.0,174,1,2028-06-17,2026-09-29
1930.0,99,17,2028-06-17,2026-09-29
1940.0,70,12,2028-06-17,2026-09-29
1950.0,890,30,2028-06-17,2026-09-29
1960.0,85,4,2028-06-17,2026-09-29
1970.0,34,0,2028-06-17,2026-09-29
1980.0,173,6,2028-06-17,2026-09-29
1990.0,107,44,2028-06-17,2026-09-29
2000.0,191,56,2028-06-17,2026-09-29
2010.0,171,8,2028-06-17,2026-09-29
2020.0,94,6,2028-06-17,2026-09-29
2030.0,264,2,2028-06-17,2026-09-29
2040.0,56,4,2028-06-17,2026-09-29
2050.0,22,53,2028-06-17,2026-09-29
2060.0,110,2,2028-06-17,2026-09-29
2070.0,50,2,2028-06-17,2026-09-29
2080.0,159,15,2028-06-17,2026-09-29
2090.0,80,0,2028-06-17,2026-09-29
2100.0,283,27,2028-06-17,2026-09-29
2110.0,26,3,2028-06-17,2026-09-29
2120.0,126,6,2028-06-17,2026-09-29
2130.0,90,2,2028-06-17,2026-09-29
2140.0,126,3,2028-06-17,2026-09-29
2150.0,81,21,2028-06-17,2026-09-29
2160.0,63,7,2028-06-17,2026-09-29
2170.0,99,11,2028-06-17,2026-09-29
2180.0,14,2,2028-06-17,2026-09-29
2190.0,57,0,2028-06-17,2026-09-29
2200.0,347,7,2028-06-17,2026-09-29
2210.0,183,0,2028-06-17,2026-09-29
2220.0,109,13,2028-06-17,2026-09-29
2230.0,51,9,2028-06-17,2026-09-29
2240.0,106,142,2028-06-17,2026-09-29
2250.0,58,25,2028-06-17,2026-09-29
2260.0,42,1,2028-06-17,2026-09-29
2270.0,162,3,2028-06-17,2026-09-29
2280.0,24,2,2028-06-17,2026-09-29
2290.0,23,2,2028-06-17,2026-09-29
2300.0,163,7,2028-06-17,2026-09-29
2310.0,51,4,2028-06-17,2026-09-29
2320.0,100,21,2028-06-17,2026-09-29
2330.0,105,7,2028-06-17,2026-09-29
2340.0,17,2,2028-06-17,2026-09-29
2350.0,22,51,2028-06-17,2026-09-29
2360.0,47,12,2028-06-17,2026-09-29
2370.0,258,26,2028-06-17,2026-09-29
2380.0,154,133,2028-06-17,2026-09-29
2390.0,148,2,2028-06-17,2026-09-29
2400.0,260,27,2028-06-17,2026-09-29
2410.0,172,10,2028-06-17,2026-09-29
2420.0,199,18,2028-06-17,2026-09-29
2440.0,174,6,2028-06-17,2026-09-29
2460.0,463,45,2028-06-17,2026-09-29
2480.0,816,53,2028-06-17,2026-09-29
2500.0,2338,84,2028-06-17,2026-09-29
5.0,1603,1152,2028-12-16,2026-09-29
10.0,106,75,2028-12-16,2026-09-29
15.0,7,124,2028-12-16,2026-09-29
20.0,3,61,2028-12-16,2026-09-29
25.0,43,2012,2028-12-16,2026-09-29
30.0,9,110,2028-12-16,2026-09-29
35.0,5,345,2028-12-16,2026-09-29
40.0,2,1112,2028-12-16,2026-09-29
45.0,2,1106,2028-12-16,2026-09-29
50.0,56,1841,2028-12-16,2026-09-29
55.0,24,114,2028-12-16,2026-09-29
60.0,17,217,2028-12-16,2026-09-29
65.0,1,134,2028-12-16,2026-09-29
70.0,126,43,2028-12-16,2026-09-29
75.0,23,123,2028-12-16,2026-09-29
80.0,50,143,2028-12-16,2026-09-29
85.0,38,971,2028-12-16,2026-09-29
90.0,29,230,2028-12-16,2026-09-29
95.0,48,163,2028-12-16,2026-09-29
100.0,237,1179,2028-12-16,2026-09-29
105.0,19,482,2028-12-16,2026-09-29
110.0,44,491,2028-12-16,2026-09-29
115.0,33,419,2028-12-16,2026-09-29
120.0,50,477,2028-12-16,2026-09-29
125.0,36,520,2028-12-16,2026-09-29
130.0,51,487,2028-12-16,2026-09-29
135.0,14,825,2028-12-16,2026-09-29
140.0,2760,220,2028-12-16,2026-09-29
145.0,68,31,2028-12-16,2026-09-29
150.0,194,505,2028-12-16,2026-09-29
160.0,49,1084,2028-12-16,2026-09-29
165.0,71,184,2028-12-16,2026-09-29
170.0,75,427,2028-12-16,2026-09-29
175.0,71,45,2028-12-16,2026-09-29
180.0,131,142,2028-12-16,2026-09-29
185.0,65,121,2028-12-16,2026-09-29
190.0,49,149,2028-12-16,2026-09-29
195.0,34,72,2028-12-16,2026-09-29
200.0,595,1080,2028-12-16,2026-09-29
210.0,84,129,2028-12-16,2026-09-29
220.0,65,222,2028-12-16,2026-09-29
230.0,112,536,2028-12-16,2026-09-29
240.0,233,181,2028-12-16,2026-09-29
250.0,453,381,2028-12-16,2026-09-29
260.0,86,435,2028-12-16,2026-09-29
270.0,51,243,2028-12-16,2026-09-29
280.0,66,547,2028-12-16,2026-09-29
290.0,94,271,2028-12-16,2026-09-29
300.0,371,1813,2028-12-16,2026-09-29
310.0,247,244,2028-12-16,2026-09-29
320.0,194,265,2028-12-16,2026-09-29
330.0,164,127,2028-12-16,2026-09-29
340.0,189,302,2028-12-16,2026-09-29
350.0,1722,356,2028-12-16,2026-09-29
360.0,574,334,2028-12-16,2026-09-29
370.0,238,324,2028-12-16,2026-09-29
380.0,353,541,2028-12-16,2026-09-29
390.0,257,254,2028-12-16,2026-09-29
400.0,1263,1727,2028-12-16,2026-09-29
410.0,142,216,2028-12-16,2026-09-29
420.0,300,407,2028-12-16,2026-09-29
430.0,181,191,2028-12-16,2026-09-29
440.0,160,317,2028-12-16,2026-09-29
450.0,438,525,2028-12-16,2026-09-29
460.0,171,191,2028-12-16,2026-09-29
470.0,122,101,2028-12-16,2026-09-29
480.0,156,487,2028-12-16,2026-09-29
490.0,361,204,2028-12-16,2026-09-29
500.0,848,1783,2028-12-16,2026-09-29
510.0,146,156,2028-12-16,2026-09-29
520.0,163,81,2028-12-16,2026-09-29
530.0,218,84,2028-12-16,2026-09-29
540.0,82,215,2028-12-16,2026-09-29
550.0,301,547,2028-12-16,2026-09-29
560.0,81,186,2028-12-16,2026-09-29
570.0,164,239,2028-12-16,2026-09-29
580.0,108,134,2028-12-16,2026-09-29
590.0,180,322,2028-12-16,2026-09-29
600.0,516,1073,2028-12-16,2026-09-29
610.0,104,339,2028-12-16,2026-09-29
620.0,202,147,2028-12-16,2026-09-29
630.0,219,80,2028-12-16,2026-09-29
640.0,84,240,2028-12-16,2026-09-29
650.0,313,545,2028-12-16,2026-09-29
660.0,118,304,2028-12-16,2026-09-29
670.0,137,145,2028-12-16,2026-09-29
680.0,206,260,2028-12-16,2026-09-29
690.0,133,266,2028-12-16,2026-09-29
700.0,1718,1318,2028-12-16,2026-09-29
710.0,694,172,2028-12-16,2026-09-29
720.0,714,157,2028-12-16,2026-09-29
730.0,440,95,2028-12-16,2026-09-29
740.0,487,131,2028-12-16,2026-09-29
750.0,1851,421,2028-12-16,2026-09-29
760.0,950,531,2028-12-16,2026-09-29
780.0,193,363,2028-12-16,2026-09-29
790.0,313,143,2028-12-16,2026-09-29
800.0,941,677,2028-12-16,2026-09-29
810.0,444,93,2028-12-16,2026-09-29
820.0,233,124,2028-12-16,2026-09-29
830.0,130,126,2028-12-16,2026-09-29
840.0,405,108,2028-12-16,2026-09-29
850.0,1082,571,2028-12-16,2026-09-29
860.0,260,311,2028-12-16,2026-09-29
870.0,288,510,2028-12-16,2026-09-29
880.0,288,650,2028-12-16,2026-09-29
890.0,168,367,2028-12-16,2026-09-29
900.0,0,125,2028-12-16,2026-09-29
900.0,1575,1228,2028-12-16,2026-09-29
910.0,1737,237,2028-12-16,2026-09-29
920.0,307,191,2028-12-16,2026-09-29
930.0,376,315,2028-12-16,2026-09-29
940.0,178,150,2028-12-16,2026-09-29
950.0,653,474,2028-12-16,2026-09-29
960.0,253,217,2028-12-16,2026-09-29
970.0,232,214,2028-12-16,2026-09-29
980.0,229,142,2028-12-16,2026-09-29
990.0,254,410,2028-12-16,2026-09-29
1000.0,1513,666,2028-12-16,2026-09-29
1010.0,485,345,2028-12-16,2026-09-29
1020.0,302,304,2028-12-16,2026-09-29
1030.0,176,329,2028-12-16,2026-09-29
1040.0,214,191,2028-12-16,2026-09-29
1050.0,480,339,2028-12-16,2026-09-29
1060.0,640,390,2028-12-16,2026-09-29
1070.0,168,472,2028-12-16,2026-09-29
1080.0,387,1049,2028-12-16,2026-09-29
1090.0,234,279,2028-12-16,2026-09-29
1100.0,788,668,2028-12-16,2026-09-29
1110.0,284,263,2028-12-16,2026-09-29
1120.0,135,220,2028-12-16,2026-09-29
1130.0,41,159,2028-12-16,2026-09-29
1140.0,135,140,2028-12-16,2026-09-29
1150.0,386,415,2028-12-16,2026-09-29
1160.0,70,159,2028-12-16,2026-09-29
1170.0,171,192,2028-12-16,2026-09-29
1180.0,1905,199,2028-12-16,2026-09-29
1190.0,217,239,2028-12-16,2026-09-29
1200.0,1558,1052,2028-12-16,2026-09-29
1210.0,141,136,2028-12-16,2026-09-29
1220.0,315,212,2028-12-16,2026-09-29
1230.0,162,146,2028-12-16,2026-09-29
1240.0,396,244,2028-12-16,2026-09-29
1250.0,590,126,2028-12-16,2026-09-29
1260.0,217,339,2028-12-16,2026-09-29
1270.0,226,289,2028-12-16,2026-09-29
1280.0,452,384,2028-12-16,2026-09-29
1290.0,147,92,2028-12-16,2026-09-29
1300.0,1064,340,2028-12-16,2026-09-29
1310.0,62,92,2028-12-16,2026-09-29
1320.0,99,189,2028-12-16,2026-09-29
1330.0,39,196,2028-12-16,2026-09-29
1340.0,98,155,2028-12-16,2026-09-29
1350.0,285,244,2028-12-16,2026-09-29
1360.0,163,77,2028-12-16,2026-09-29
1370.0,24,176,2028-12-16,2026-09-29
1380.0,344,215,2028-12-16,2026-09-29
1390.0,217,159,2028-12-16,2026-09-29
1400.0,2344,828,2028-12-16,2026-09-29
1410.0,137,194,2028-12-16,2026-09-29
1420.0,737,306,2028-12-16,2026-09-29
1430.0,83,104,2028-12-16,2026-09-29
1440.0,416,347,2028-12-16,2026-09-29
1450.0,264,192,2028-12-16,2026-09-29
1460.0,77,100,2028-12-16,2026-09-29
1470.0,292,151,2028-12-16,2026-09-29
1480.0,433,407,2028-12-16,2026-09-29
1490.0,93,246,2028-12-16,2026-09-29
1500.0,2569,600,2028-12-16,2026-09-29
1510.0,162,28,2028-12-16,2026-09-29
1520.0,85,129,2028-12-16,2026-09-29
1530.0,143,123,2028-12-16,2026-09-29
1540.0,315,186,2028-12-16,2026-09-29
1550.0,262,39,2028-12-16,2026-09-29
1560.0,161,85,2028-12-16,2026-09-29
1570.0,44,22,2028-12-16,2026-09-29
1580.0,150,120,2028-12-16,2026-09-29
1590.0,57,52,2028-12-16,2026-09-29
1600.0,472,734,2028-12-16,2026-09-29
1610.0,51,94,2028-12-16,2026-09-29
1620.0,435,300,2028-12-16,2026-09-29
1630.0,894,39,2028-12-16,2026-09-29
1640.0,21,10,2028-12-16,2026-09-29
1650.0,178,67,2028-12-16,2026-09-29
1660.0,80,18,2028-12-16,2026-09-29
1670.0,99,17,2028-12-16,2026-09-29
1680.0,287,129,2028-12-16,2026-09-29
1690.0,60,58,2028-12-16,2026-09-29
1700.0,1386,728,2028-12-16,2026-09-29
1710.0,86,216,2028-12-16,2026-09-29
1720.0,338,59,2028-12-16,2026-09-29
1730.0,42,110,2028-12-16,2026-09-29
1740.0,333,208,2028-12-16,2026-09-29
1750.0,188,247,2028-12-16,2026-09-29
1760.0,170,86,2028-12-16,2026-09-29
1770.0,105,31,2028-12-16,2026-09-29
1780.0,47,112,2028-12-16,2026-09-29
1790.0,103,113,2028-12-16,2026-09-29
1800.0,547,320,2028-12-16,2026-09-29
1810.0,140,233,2028-12-16,2026-09-29
1820.0,197,61,2028-12-16,2026-09-29
1830.0,218,67,2028-12-16,2026-09-29
1840.0,289,10,2028-12-16,2026-09-29
1850.0,294,221,2028-12-16,2026-09-29
1860.0,284,37,2028-12-16,2026-09-29
1870.0,243,18,2028-12-16,2026-09-29
1880.0,282,343,2028-12-16,2026-09-29
1890.0,317,234,2028-12-16,2026-09-29
1900.0,173,544,2028-12-16,2026-09-29
1910.0,278,24,2028-12-16,2026-09-29
1920.0,89,11,2028-12-16,2026-09-29
1930.0,81,32,2028-12-16,2026-09-29
1940.0,26,6,2028-12-16,2026-09-29
1950.0,173,10,2028-12-16,2026-09-29
1960.0,71,9,2028-12-16,2026-09-29
1970.0,414,25,2028-12-16,2026-09-29
1980.0,234,315,2028-12-16,2026-09-29
1990.0,58,219,2028-12-16,2026-09-29
2000.0,125,0,2028-12-16,2026-09-29
2000.0,654,264,2028-12-16,2026-09-29
2010.0,74,107,2028-12-16,2026-09-29
2020.0,121,4,2028-12-16,2026-09-29
2030.0,17,1,2028-12-16,2026-09-29
2040.0,424,48,2028-12-16,2026-09-29
2050.0,188,417,2028-12-16,2026-09-29
2060.0,21,35,2028-12-16,2026-09-29
2070.0,50,4,2028-12-16,2026-09-29
2080.0,29,109,2028-12-16,2026-09-29
2090.0,66,22,2028-12-16,2026-09-29
2100.0,151,224,2028-12-16,2026-09-29
2110.0,92,267,2028-12-16,2026-09-29
2120.0,50,12,2028-12-16,2026-09-29
2130.0,23,12,2028-12-16,2026-09-29
2140.0,114,21,2028-12-16,2026-09-29
2150.0,81,110,2028-12-16,2026-09-29
2160.0,88,127,2028-12-16,2026-09-29
2170.0,683,20,2028-12-16,2026-09-29
2180.0,132,27,2028-12-16,2026-09-29
2190.0,110,11,2028-12-16,2026-09-29
2200.0,427,236,2028-12-16,2026-09-29
2210.0,225,32,2028-12-16,2026-09-29
2220.0,238,31,2028-12-16,2026-09-29
2230.0,25,14,2028-12-16,2026-09-29
2240.0,139,79,2028-12-16,2026-09-29
2250.0,83,248,2028-12-16,2026-09-29
2260.0,164,55,2028-12-16,2026-09-29
2270.0,18,15,2028-12-16,2026-09-29
2280.0,36,4,2028-12-16,2026-09-29
2290.0,85,23,2028-12-16,2026-09-29
2300.0,168,459,2028-12-16,2026-09-29
2310.0,31,21,2028-12-16,2026-09-29
2320.0,43,10,2028-12-16,2026-09-29
2330.0,165,34,2028-12-16,2026-09-29
2340.0,105,53,2028-12-16,2026-09-29
2350.0,78,66,2028-12-16,2026-09-29
2360.0,74,19,2028-12-16,2026-09-29
2370.0,250,53,2028-12-16,2026-09-29
2380.0,59,318,2028-12-16,2026-09-29
2390.0,97,240,2028-12-16,2026-09-29
2400.0,420,132,2028-12-16,2026-09-29
2410.0,34,98,2028-12-16,2026-09-29
2420.0,464,31,2028-12-16,2026-09-29
2440.0,106,53,2028-12-16,2026-09-29
2460.0,109,63,2028-12-16,2026-09-29
2480.0,374,124,2028-12-16,2026-09-29
2500.0,3113,179,2028-12-16,2026-09-29
5.0,2,0,2029-01-20,2026-09-29
10.0,1,0,2029-01-20,2026-09-29
15.0,0,0,2029-01-20,2026-09-29
20.0,0,0,2029-01-20,2026-09-29
25.0,0,0,2029-01-20,2026-09-29
30.0,1,0,2029-01-20,2026-09-29
35.0,0,0,2029-01-20,2026-09-29
40.0,0,0,2029-01-20,2026-09-29
45.0,0,0,2029-01-20,2026-09-29
50.0,0,0,2029-01-20,2026-09-29
55.0,0,0,2029-01-20,2026-09-29
60.0,0,0,2029-01-20,2026-09-29
65.0,0,0,2029-01-20,2026-09-29
70.0,1,0,2029-01-20,2026-09-29
75.0,15,0,2029-01-20,2026-09-29
80.0,4,2,2029-01-20,2026-09-29
85.0,0,25,2029-01-20,2026-09-29
90.0,2,0,2029-01-20,2026-09-29
95.0,0,0,2029-01-20,2026-09-29
100.0,1,16,2029-01-20,2026-09-29
105.0,0,197,2029-01-20,2026-09-29
110.0,0,1,2029-01-20,2026-09-29
115.0,0,1,2029-01-20,2026-09-29
120.0,0,2,2029-01-20,2026-09-29
125.0,0,0,2029-01-20,2026-09-29
130.0,0,0,2029-01-20,2026-09-29
135.0,0,10,2029-01-20,2026-09-29
140.0,1,10,2029-01-20,2026-09-29
145.0,0,0,2029-01-20,2026-09-29
150.0,1,41,2029-01-20,2026-09-29
160.0,0,1,2029-01-20,2026-09-29
165.0,0,0,2029-01-20,2026-09-29
170.0,0,0,2029-01-20,2026-09-29
175.0,2,1,2029-01-20,2026-09-29
180.0,11,0,2029-01-20,2026-09-29
185.0,0,0,2029-01-20,2026-09-29
190.0,0,1,2029-01-20,2026-09-29
195.0,0,0,2029-01-20,2026-09-29
200.0,5,29,2029-01-20,2026-09-29
210.0,1,3,2029-01-20,2026-09-29
220.0,0,5,2029-01-20,2026-09-29
230.0,1,2,2029-01-20,2026-09-29
240.0,1,0,2029-01-20,2026-09-29
250.0,2,2,2029-01-20,2026-09-29
260.0,0,0,2029-01-20,2026-09-29
270.0,0,3,2029-01-20,2026-09-29
280.0,0,16,2029-01-20,2026-09-29
290.0,0,10,2029-01-20,2026-09-29
300.0,1,1,2029-01-20,2026-09-29
310.0,3,0,2029-01-20,2026-09-29
320.0,0,0,2029-01-20,2026-09-29
330.0,0,2,2029-01-20,2026-09-29
340.0,1,0,2029-01-20,2026-09-29
350.0,0,2,2029-01-20,2026-09-29
360.0,1,1,2029-01-20,2026-09-29
370.0,0,0,2029-01-20,2026-09-29
380.0,3,2,2029-01-20,2026-09-29
390.0,1,0,2029-01-20,2026-09-29
400.0,3,28,2029-01-20,2026-09-29
410.0,0,1,2029-01-20,2026-09-29
420.0,1,1,2029-01-20,2026-09-29
430.0,0,2,2029-01-20,2026-09-29
440.0,0,7,2029-01-20,2026-09-29
450.0,0,22,2029-01-20,2026-09-29
460.0,0,4,2029-01-20,2026-09-29
470.0,1,2,2029-01-20,2026-09-29
480.0,0,2,2029-01-20,2026-09-29
490.0,0,3,2029-01-20,2026-09-29
500.0,14,18,2029-01-20,2026-09-29
510.0,0,5,2029-01-20,2026-09-29
520.0,0,7,2029-01-20,2026-09-29
530.0,0,2,2029-01-20,2026-09-29
540.0,0,5,2029-01-20,2026-09-29
550.0,6,25,2029-01-20,2026-09-29
560.0,1,3,2029-01-20,2026-09-29
570.0,1,2,2029-01-20,2026-09-29
580.0,3,2,2029-01-20,2026-09-29
590.0,2,12,2029-01-20,2026-09-29
600.0,12,21,2029-01-20,2026-09-29
610.0,1,0,2029-01-20,2026-09-29
620.0,1,8,2029-01-20,2026-09-29
630.0,0,3,2029-01-20,2026-09-29
640.0,11,9,2029-01-20,2026-09-29
650.0,0,16,2029-01-20,2026-09-29
660.0,0,20,2029-01-20,2026-09-29
670.0,0,0,2029-01-20,2026-09-29
680.0,1,0,2029-01-20,2026-09-29
690.0,1,6,2029-01-20,2026-09-29
700.0,22,24,2029-01-20,2026-09-29
710.0,1,10,2029-01-20,2026-09-29
720.0,12,3,2029-01-20,2026-09-29
730.0,3,2,2029-01-20,2026-09-29
740.0,9,3,2029-01-20,2026-09-29
750.0,8,8,2029-01-20,2026-09-29
760.0,6,9,2029-01-20,2026-09-29
770.0,4,7,2029-01-20,2026-09-29
780.0,5,0,2029-01-20,2026-09-29
790.0,0,19,2029-01-20,2026-09-29
800.0,116,12,2029-01-20,2026-09-29
810.0,1,4,2029-01-20,2026-09-29
820.0,0,5,2029-01-20,2026-09-29
830.0,13,29,2029-01-20,2026-09-29
840.0,4,31,2029-01-20,2026-09-29
850.0,19,6,2029-01-20,2026-09-29
860.0,8,13,2029-01-20,2026-09-29
870.0,2,12,2029-01-20,2026-09-29
880.0,4,5,2029-01-20,2026-09-29
890.0,1,1,2029-01-20,2026-09-29
900.0,145,132,2029-01-20,2026-09-29
910.0,2,27,2029-01-20,2026-09-29
920.0,12,7,2029-01-20,2026-09-29
930.0,28,8,2029-01-20,2026-09-29
940.0,7,7,2029-01-20,2026-09-29
950.0,17,11,2029-01-20,2026-09-29
960.0,4,0,2029-01-20,2026-09-29
970.0,4,1,2029-01-20,2026-09-29
980.0,14,3,2029-01-20,2026-09-29
990.0,4,4,2029-01-20,2026-09-29
1000.0,39,38,2029-01-20,2026-09-29
1010.0,1,0,2029-01-20,2026-09-29
1020.0,6,0,2029-01-20,2026-09-29
1030.0,29,30,2029-01-20,2026-09-29
1040.0,11,6,2029-01-20,2026-09-29
1050.0,24,38,2029-01-20,2026-09-29
1060.0,18,7,2029-01-20,2026-09-29
1070.0,5,83,2029-01-20,2026-09-29
1080.0,22,36,2029-01-20,2026-09-29
1090.0,14,30,2029-01-20,2026-09-29
1100.0,40,68,2029-01-20,2026-09-29
1110.0,5,0,2029-01-20,2026-09-29
1120.0,0,9,2029-01-20,2026-09-29
1130.0,27,41,2029-01-20,2026-09-29
1140.0,0,0,2029-01-20,2026-09-29
1150.0,9,13,2029-01-20,2026-09-29
1160.0,3,0,2029-01-20,2026-09-29
1170.0,5,1,2029-01-20,2026-09-29
1180.0,1,1,2029-01-20,2026-09-29
1190.0,2,19,2029-01-20,2026-09-29
1200.0,175,19,2029-01-20,2026-09-29
1210.0,4,7,2029-01-20,2026-09-29
1220.0,7,78,2029-01-20,2026-09-29
1230.0,1,1,2029-01-20,2026-09-29
1240.0,23,7,2029-01-20,2026-09-29
1250.0,15,62,2029-01-20,2026-09-29
1260.0,0,1,2029-01-20,2026-09-29
1270.0,3,1,2029-01-20,2026-09-29
1280.0,0,0,2029-01-20,2026-09-29
1290.0,0,1,2029-01-20,2026-09-29
1300.0,120,54,2029-01-20,2026-09-29
1310.0,0,0,2029-01-20,2026-09-29
1320.0,2,0,2029-01-20,2026-09-29
1330.0,9,1,2029-01-20,2026-09-29
1340.0,0,0,2029-01-20,2026-09-29
1350.0,2,0,2029-01-20,2026-09-29
1360.0,0,0,2029-01-20,2026-09-29
1370.0,3,0,2029-01-20,2026-09-29
1380.0,0,1,2029-01-20,2026-09-29
1390.0,2,7,2029-01-20,2026-09-29
1400.0,50,86,2029-01-20,2026-09-29
1410.0,3,0,2029-01-20,2026-09-29
1420.0,0,1,2029-01-20,2026-09-29
1430.0,3,0,2029-01-20,2026-09-29
1440.0,4,23,2029-01-20,2026-09-29
1450.0,48,0,2029-01-20,2026-09-29
1460.0,51,0,2029-01-20,2026-09-29
1470.0,4,0,2029-01-20,2026-09-29
1480.0,1,1,2029-01-20,2026-09-29
1490.0,3,19,2029-01-20,2026-09-29
1500.0,11,51,2029-01-20,2026-09-29
1510.0,3,0,2029-01-20,2026-09-29
1520.0,4,0,2029-01-20,2026-09-29
1530.0,2,0,2029-01-20,2026-09-29
1540.0,5,47,2029-01-20,2026-09-29
1550.0,175,0,2029-01-20,2026-09-29
1560.0,29,0,2029-01-20,2026-09-29
1570.0,0,29,2029-01-20,2026-09-29
1580.0,3,2,2029-01-20,2026-09-29
1590.0,0,1,2029-01-20,2026-09-29
1600.0,88,4,2029-01-20,2026-09-29
1610.0,0,0,2029-01-20,2026-09-29
1620.0,12,0,2029-01-20,2026-09-29
1630.0,1,0,2029-01-20,2026-09-29
1640.0,15,3,2029-01-20,2026-09-29
1650.0,177,1,2029-01-20,2026-09-29
1660.0,60,0,2029-01-20,2026-09-29
1670.0,2,30,2029-01-20,2026-09-29
1680.0,7,2,2029-01-20,2026-09-29
1690.0,174,0,2029-01-20,2026-09-29
1700.0,93,0,2029-01-20,2026-09-29
1710.0,1,29,2029-01-20,2026-09-29
1720.0,4,2,2029-01-20,2026-09-29
1730.0,3,0,2029-01-20,2026-09-29
1740.0,66,47,2029-01-20,2026-09-29
1750.0,2,4,2029-01-20,2026-09-29
1760.0,0,0,2029-01-20,2026-09-29
1770.0,1,0,2029-01-20,2026-09-29
1780.0,6,0,2029-01-20,2026-09-29
1790.0,175,16,2029-01-20,2026-09-29
1800.0,36,0,2029-01-20,2026-09-29
1810.0,13,34,2029-01-20,2026-09-29
1820.0,14,2,2029-01-20,2026-09-29
1840.0,160,29,2029-01-20,2026-09-29
