Strike,Call,Put,Expiry,Date
600.0,1,197,2026-09-24,2026-09-23
605.0,0,25,2026-09-24,2026-09-23
610.0,0,22,2026-09-24,2026-09-23
615.0,0,18,2026-09-24,2026-09-23
620.0,1,18,2026-09-24,2026-09-23
625.0,1,13,2026-09-24,2026-09-23
630.0,0,11,2026-09-24,2026-09-23
635.0,0,31,2026-09-24,2026-09-23
640.0,0,12,2026-09-24,2026-09-23
645.0,0,4,2026-09-24,2026-09-23
650.0,3,56,2026-09-24,2026-09-23
655.0,0,24,2026-09-24,2026-09-23
660.0,2,32,2026-09-24,2026-09-23
665.0,0,7,2026-09-24,2026-09-23
670.0,0,86,2026-09-24,2026-09-23
675.0,0,10,2026-09-24,2026-09-23
680.0,0,21,2026-09-24,2026-09-23
685.0,0,38,2026-09-24,2026-09-23
690.0,0,13,2026-09-24,2026-09-23
695.0,0,14,2026-09-24,2026-09-23
700.0,1,10,2026-09-24,2026-09-23
705.0,1,8,2026-09-24,2026-09-23
710.0,0,4,2026-09-24,2026-09-23
715.0,0,4,2026-09-24,2026-09-23
720.0,0,10,2026-09-24,2026-09-23
725.0,0,35,2026-09-24,2026-09-23
730.0,2,17,2026-09-24,2026-09-23
735.0,0,35,2026-09-24,2026-09-23
740.0,0,81,2026-09-24,2026-09-23
745.0,0,71,2026-09-24,2026-09-23
750.0,0,249,2026-09-24,2026-09-23
755.0,0,32,2026-09-24,2026-09-23
760.0,0,36,2026-09-24,2026-09-23
765.0,0,44,2026-09-24,2026-09-23
770.0,2,48,2026-09-24,2026-09-23
775.0,3,14,2026-09-24,2026-09-23
780.0,5,81,2026-09-24,2026-09-23
785.0,9,68,2026-09-24,2026-09-23
790.0,2,6,2026-09-24,2026-09-23
795.0,9,6,2026-09-24,2026-09-23
800.0,2,117,2026-09-24,2026-09-23
805.0,0,22,2026-09-24,2026-09-23
810.0,2,106,2026-09-24,2026-09-23
815.0,0,21,2026-09-24,2026-09-23
820.0,0,49,2026-09-24,2026-09-23
825.0,4,38,2026-09-24,2026-09-23
830.0,0,20,2026-09-24,2026-09-23
835.0,0,28,2026-09-24,2026-09-23
840.0,0,12,2026-09-24,2026-09-23
845.0,0,80,2026-09-24,2026-09-23
850.0,1,315,2026-09-24,2026-09-23
855.0,28,226,2026-09-24,2026-09-23
860.0,0,147,2026-09-24,2026-09-23
865.0,1,153,2026-09-24,2026-09-23
870.0,2,82,2026-09-24,2026-09-23
875.0,21,76,2026-09-24,2026-09-23
880.0,11,335,2026-09-24,2026-09-23
885.0,6,141,2026-09-24,2026-09-23
890.0,2,93,2026-09-24,2026-09-23
895.0,9,177,2026-09-24,2026-09-23
900.0,26,398,2026-09-24,2026-09-23
905.0,109,123,2026-09-24,2026-09-23
910.0,18,467,2026-09-24,2026-09-23
915.0,26,429,2026-09-24,2026-09-23
920.0,19,379,2026-09-24,2026-09-23
925.0,77,389,2026-09-24,2026-09-23
930.0,201,840,2026-09-24,2026-09-23
935.0,67,586,2026-09-24,2026-09-23
940.0,53,873,2026-09-24,2026-09-23
945.0,73,179,2026-09-24,2026-09-23
950.0,87,693,2026-09-24,2026-09-23
955.0,36,173,2026-09-24,2026-09-23
960.0,183,1244,2026-09-24,2026-09-23
965.0,261,783,2026-09-24,2026-09-23
970.0,143,1449,2026-09-24,2026-09-23
975.0,264,620,2026-09-24,2026-09-23
980.0,181,3153,2026-09-24,2026-09-23
985.0,73,786,2026-09-24,2026-09-23
990.0,191,1204,2026-09-24,2026-09-23
995.0,244,531,2026-09-24,2026-09-23
1000.0,1077,2170,2026-09-24,2026-09-23
1005.0,224,488,2026-09-24,2026-09-23
1010.0,919,1052,2026-09-24,2026-09-23
1015.0,462,638,2026-09-24,2026-09-23
1020.0,907,1183,2026-09-24,2026-09-23
1025.0,493,1185,2026-09-24,2026-09-23
1030.0,439,2013,2026-09-24,2026-09-23
1035.0,530,3299,2026-09-24,2026-09-23
1040.0,1000,4466,2026-09-24,2026-09-23
1045.0,419,910,2026-09-24,2026-09-23
1050.0,1187,3030,2026-09-24,2026-09-23
1055.0,292,866,2026-09-24,2026-09-23
1060.0,1023,1472,2026-09-24,2026-09-23
1065.0,1175,806,2026-09-24,2026-09-23
1070.0,1577,1147,2026-09-24,2026-09-23
1075.0,1262,1900,2026-09-24,2026-09-23
1080.0,1361,1267,2026-09-24,2026-09-23
1085.0,692,486,2026-09-24,2026-09-23
1090.0,1078,741,2026-09-24,2026-09-23
1095.0,1639,469,2026-09-24,2026-09-23
1100.0,6671,368,2026-09-24,2026-09-23
1105.0,1515,43,2026-09-24,2026-09-23
1110.0,1700,28,2026-09-24,2026-09-23
1115.0,1812,36,2026-09-24,2026-09-23
1120.0,1481,30,2026-09-24,2026-09-23
1125.0,898,103,2026-09-24,2026-09-23
1130.0,1013,12,2026-09-24,2026-09-23
1135.0,850,7,2026-09-24,2026-09-23
1140.0,1061,18,2026-09-24,2026-09-23
1145.0,765,3,2026-09-24,2026-09-23
1150.0,2948,17,2026-09-24,2026-09-23
1155.0,603,0,2026-09-24,2026-09-23
1160.0,1054,0,2026-09-24,2026-09-23
1165.0,416,11,2026-09-24,2026-09-23
1170.0,889,2,2026-09-24,2026-09-23
1180.0,1108,2,2026-09-24,2026-09-23
1190.0,535,5,2026-09-24,2026-09-23
1200.0,2963,7,2026-09-24,2026-09-23
1210.0,266,0,2026-09-24,2026-09-23
1220.0,412,1,2026-09-24,2026-09-23
1230.0,281,0,2026-09-24,2026-09-23
1240.0,283,0,2026-09-24,2026-09-23
1250.0,411,0,2026-09-24,2026-09-23
1260.0,107,0,2026-09-24,2026-09-23
1270.0,39,0,2026-09-24,2026-09-23
1280.0,186,0,2026-09-24,2026-09-23
1290.0,97,0,2026-09-24,2026-09-23
1300.0,599,0,2026-09-24,2026-09-23
1310.0,184,0,2026-09-24,2026-09-23
1320.0,28,0,2026-09-24,2026-09-23
1330.0,46,0,2026-09-24,2026-09-23
1340.0,22,0,2026-09-24,2026-09-23
1350.0,23,0,2026-09-24,2026-09-23
1360.0,54,0,2026-09-24,2026-09-23
1370.0,15,0,2026-09-24,2026-09-23
1380.0,34,0,2026-09-24,2026-09-23
1390.0,49,6,2026-09-24,2026-09-23
1400.0,38,0,2026-09-24,2026-09-23
394.6,0,0,2026-09-25,2026-09-23
975.0,0,45,2026-09-25,2026-09-23
1000.0,0,45,2026-09-25,2026-09-23
1180.03,365,365,2026-09-25,2026-09-23
5.0,0,4,2026-09-26,2026-09-23
10.0,0,0,2026-09-26,2026-09-23
15.0,0,0,2026-09-26,2026-09-23
20.0,1,0,2026-09-26,2026-09-23
25.0,5,0,2026-09-26,2026-09-23
30.0,0,0,2026-09-26,2026-09-23
35.0,0,0,2026-09-26,2026-09-23
40.0,0,0,2026-09-26,2026-09-23
45.0,0,0,2026-09-26,2026-09-23
50.0,5,0,2026-09-26,2026-09-23
55.0,0,0,2026-09-26,2026-09-23
60.0,0,0,2026-09-26,2026-09-23
65.0,0,0,2026-09-26,2026-09-23
70.0,0,0,2026-09-26,2026-09-23
75.0,0,0,2026-09-26,2026-09-23
80.0,0,0,2026-09-26,2026-09-23
85.0,0,0,2026-09-26,2026-09-23
90.0,0,0,2026-09-26,2026-09-23
95.0,0,0,2026-09-26,2026-09-23
100.0,0,73,2026-09-26,2026-09-23
105.0,0,0,2026-09-26,2026-09-23
110.0,0,0,2026-09-26,2026-09-23
115.0,0,1,2026-09-26,2026-09-23
120.0,0,0,2026-09-26,2026-09-23
125.0,0,0,2026-09-26,2026-09-23
130.0,0,1,2026-09-26,2026-09-23
135.0,0,0,2026-09-26,2026-09-23
140.0,0,0,2026-09-26,2026-09-23
145.0,0,2,2026-09-26,2026-09-23
150.0,0,0,2026-09-26,2026-09-23
155.0,1,1,2026-09-26,2026-09-23
160.0,0,1,2026-09-26,2026-09-23
165.0,0,1,2026-09-26,2026-09-23
170.0,0,2,2026-09-26,2026-09-23
175.0,0,0,2026-09-26,2026-09-23
180.0,0,0,2026-09-26,2026-09-23
185.0,1,2504,2026-09-26,2026-09-23
190.0,0,11669,2026-09-26,2026-09-23
195.0,0,644,2026-09-26,2026-09-23
200.0,0,1594,2026-09-26,2026-09-23
205.0,0,1004,2026-09-26,2026-09-23
210.0,0,1000,2026-09-26,2026-09-23
215.0,0,1000,2026-09-26,2026-09-23
220.0,6,997,2026-09-26,2026-09-23
225.0,0,1026,2026-09-26,2026-09-23
230.0,1,1892,2026-09-26,2026-09-23
235.0,0,374,2026-09-26,2026-09-23
240.0,0,342,2026-09-26,2026-09-23
245.0,0,333,2026-09-26,2026-09-23
250.0,0,291,2026-09-26,2026-09-23
255.0,0,243,2026-09-26,2026-09-23
260.0,0,667,2026-09-26,2026-09-23
265.0,0,526,2026-09-26,2026-09-23
270.0,0,565,2026-09-26,2026-09-23
275.0,3,298,2026-09-26,2026-09-23
280.0,2,198,2026-09-26,2026-09-23
285.0,0,328,2026-09-26,2026-09-23
290.0,1,293,2026-09-26,2026-09-23
295.0,0,365,2026-09-26,2026-09-23
300.0,30,920,2026-09-26,2026-09-23
305.0,0,247,2026-09-26,2026-09-23
310.0,0,109,2026-09-26,2026-09-23
315.0,0,168,2026-09-26,2026-09-23
320.0,1,172,2026-09-26,2026-09-23
325.0,1,383,2026-09-26,2026-09-23
330.0,0,175,2026-09-26,2026-09-23
335.0,0,509,2026-09-26,2026-09-23
340.0,0,133,2026-09-26,2026-09-23
345.0,0,113,2026-09-26,2026-09-23
350.0,1,394,2026-09-26,2026-09-23
355.0,31,177,2026-09-26,2026-09-23
360.0,2,198,2026-09-26,2026-09-23
365.0,0,1689,2026-09-26,2026-09-23
370.0,2,166,2026-09-26,2026-09-23
375.0,0,176,2026-09-26,2026-09-23
380.0,17,739,2026-09-26,2026-09-23
385.0,1,417,2026-09-26,2026-09-23
390.0,2,556,2026-09-26,2026-09-23
395.0,0,399,2026-09-26,2026-09-23
400.0,0,337,2026-09-26,2026-09-23
405.0,5,52,2026-09-26,2026-09-23
410.0,0,68,2026-09-26,2026-09-23
415.0,2,331,2026-09-26,2026-09-23
420.0,0,64,2026-09-26,2026-09-23
425.0,0,155,2026-09-26,2026-09-23
430.0,0,34,2026-09-26,2026-09-23
435.0,0,77,2026-09-26,2026-09-23
440.0,1,62,2026-09-26,2026-09-23
445.0,0,60,2026-09-26,2026-09-23
450.0,1,106,2026-09-26,2026-09-23
455.0,0,71,2026-09-26,2026-09-23
460.0,1,71,2026-09-26,2026-09-23
465.0,0,21,2026-09-26,2026-09-23
470.0,0,55,2026-09-26,2026-09-23
475.0,0,45,2026-09-26,2026-09-23
480.0,3,206,2026-09-26,2026-09-23
485.0,0,73,2026-09-26,2026-09-23
490.0,0,44,2026-09-26,2026-09-23
495.0,1,739,2026-09-26,2026-09-23
500.0,36,366,2026-09-26,2026-09-23
505.0,2,168,2026-09-26,2026-09-23
510.0,1,261,2026-09-26,2026-09-23
515.0,0,95,2026-09-26,2026-09-23
520.0,0,66,2026-09-26,2026-09-23
525.0,0,88,2026-09-26,2026-09-23
530.0,0,77,2026-09-26,2026-09-23
535.0,1,136,2026-09-26,2026-09-23
540.0,8,290,2026-09-26,2026-09-23
545.0,0,361,2026-09-26,2026-09-23
550.0,1,4402,2026-09-26,2026-09-23
555.0,0,8603,2026-09-26,2026-09-23
560.0,1,417,2026-09-26,2026-09-23
565.0,0,264,2026-09-26,2026-09-23
570.0,0,95,2026-09-26,2026-09-23
575.0,0,123,2026-09-26,2026-09-23
580.0,5,242,2026-09-26,2026-09-23
585.0,15,69,2026-09-26,2026-09-23
590.0,7,436,2026-09-26,2026-09-23
595.0,18,8342,2026-09-26,2026-09-23
600.0,11,26893,2026-09-26,2026-09-23
605.0,6,737,2026-09-26,2026-09-23
610.0,17,871,2026-09-26,2026-09-23
615.0,14,1350,2026-09-26,2026-09-23
620.0,11,4134,2026-09-26,2026-09-23
625.0,11,1192,2026-09-26,2026-09-23
630.0,29,275,2026-09-26,2026-09-23
635.0,40,127,2026-09-26,2026-09-23
640.0,7,183,2026-09-26,2026-09-23
645.0,2,356,2026-09-26,2026-09-23
650.0,13,1465,2026-09-26,2026-09-23
655.0,6,30,2026-09-26,2026-09-23
660.0,2,263,2026-09-26,2026-09-23
665.0,5,320,2026-09-26,2026-09-23
670.0,13,107,2026-09-26,2026-09-23
675.0,4,209,2026-09-26,2026-09-23
680.0,3,257,2026-09-26,2026-09-23
685.0,3,285,2026-09-26,2026-09-23
690.0,1,215,2026-09-26,2026-09-23
695.0,5,237,2026-09-26,2026-09-23
700.0,35,3569,2026-09-26,2026-09-23
705.0,1,138,2026-09-26,2026-09-23
710.0,5,221,2026-09-26,2026-09-23
715.0,3,296,2026-09-26,2026-09-23
720.0,8,1415,2026-09-26,2026-09-23
725.0,5,764,2026-09-26,2026-09-23
730.0,25,836,2026-09-26,2026-09-23
735.0,10,256,2026-09-26,2026-09-23
740.0,13,546,2026-09-26,2026-09-23
745.0,10,234,2026-09-26,2026-09-23
750.0,47,2299,2026-09-26,2026-09-23
755.0,7,180,2026-09-26,2026-09-23
760.0,41,216,2026-09-26,2026-09-23
765.0,77,240,2026-09-26,2026-09-23
770.0,6,546,2026-09-26,2026-09-23
775.0,15,326,2026-09-26,2026-09-23
780.0,9,313,2026-09-26,2026-09-23
785.0,3,144,2026-09-26,2026-09-23
790.0,4,668,2026-09-26,2026-09-23
795.0,17,329,2026-09-26,2026-09-23
800.0,3025,1941,2026-09-26,2026-09-23
805.0,108,359,2026-09-26,2026-09-23
810.0,31,1105,2026-09-26,2026-09-23
815.0,18,429,2026-09-26,2026-09-23
820.0,13,1690,2026-09-26,2026-09-23
825.0,28,445,2026-09-26,2026-09-23
830.0,14,1055,2026-09-26,2026-09-23
835.0,11,374,2026-09-26,2026-09-23
840.0,46,887,2026-09-26,2026-09-23
845.0,21,243,2026-09-26,2026-09-23
850.0,243,3102,2026-09-26,2026-09-23
855.0,45,682,2026-09-26,2026-09-23
860.0,63,1221,2026-09-26,2026-09-23
865.0,61,348,2026-09-26,2026-09-23
870.0,210,568,2026-09-26,2026-09-23
875.0,42,618,2026-09-26,2026-09-23
880.0,50,1111,2026-09-26,2026-09-23
885.0,32,582,2026-09-26,2026-09-23
890.0,0,0,2026-09-26,2026-09-23
890.0,97,1049,2026-09-26,2026-09-23
895.0,63,1746,2026-09-26,2026-09-23
900.0,1015,3727,2026-09-26,2026-09-23
901.0,2500,2500,2026-09-26,2026-09-23
905.0,102,896,2026-09-26,2026-09-23
910.0,359,1969,2026-09-26,2026-09-23
915.0,286,528,2026-09-26,2026-09-23
920.0,130,130,2026-09-26,2026-09-23
920.0,321,1422,2026-09-26,2026-09-23
925.0,469,607,2026-09-26,2026-09-23
930.0,907,2321,2026-09-26,2026-09-23
935.0,415,498,2026-09-26,2026-09-23
940.0,554,1787,2026-09-26,2026-09-23
945.0,321,329,2026-09-26,2026-09-23
950.0,1610,2258,2026-09-26,2026-09-23
952.5,76,144,2026-09-26,2026-09-23
955.0,746,268,2026-09-26,2026-09-23
957.5,118,94,2026-09-26,2026-09-23
960.0,1236,1418,2026-09-26,2026-09-23
965.0,261,1273,2026-09-26,2026-09-23
970.0,397,1698,2026-09-26,2026-09-23
975.0,487,850,2026-09-26,2026-09-23
980.0,879,997,2026-09-26,2026-09-23
985.0,428,563,2026-09-26,2026-09-23
990.0,663,746,2026-09-26,2026-09-23
995.0,428,653,2026-09-26,2026-09-23
1000.0,3153,4172,2026-09-26,2026-09-23
1005.0,503,524,2026-09-26,2026-09-23
1010.0,1932,1250,2026-09-26,2026-09-23
1015.0,366,354,2026-09-26,2026-09-23
1017.5,91,168,2026-09-26,2026-09-23
1020.0,969,749,2026-09-26,2026-09-23
1022.5,125,79,2026-09-26,2026-09-23
1025.0,1611,395,2026-09-26,2026-09-23
1027.5,158,128,2026-09-26,2026-09-23
1030.0,1258,1001,2026-09-26,2026-09-23
1032.5,499,69,2026-09-26,2026-09-23
1035.0,499,362,2026-09-26,2026-09-23
1037.5,162,347,2026-09-26,2026-09-23
1040.0,1183,2653,2026-09-26,2026-09-23
1045.0,838,693,2026-09-26,2026-09-23
1050.0,4059,1302,2026-09-26,2026-09-23
1055.0,1128,891,2026-09-26,2026-09-23
1060.0,1248,783,2026-09-26,2026-09-23
1065.0,499,266,2026-09-26,2026-09-23
1070.0,1742,806,2026-09-26,2026-09-23
1075.0,1090,378,2026-09-26,2026-09-23
1080.0,1990,744,2026-09-26,2026-09-23
1085.0,844,180,2026-09-26,2026-09-23
1090.0,779,374,2026-09-26,2026-09-23
1095.0,701,251,2026-09-26,2026-09-23
1100.0,5889,581,2026-09-26,2026-09-23
1105.0,644,99,2026-09-26,2026-09-23
1110.0,894,174,2026-09-26,2026-09-23
1115.0,678,37,2026-09-26,2026-09-23
1120.0,1752,214,2026-09-26,2026-09-23
1125.0,510,32,2026-09-26,2026-09-23
1130.0,3422,202,2026-09-26,2026-09-23
1135.0,473,14,2026-09-26,2026-09-23
1140.0,1764,15,2026-09-26,2026-09-23
1145.0,2497,16,2026-09-26,2026-09-23
1150.0,4475,133,2026-09-26,2026-09-23
1155.0,340,10,2026-09-26,2026-09-23
1160.0,928,7,2026-09-26,2026-09-23
1165.0,359,6,2026-09-26,2026-09-23
1170.0,511,13,2026-09-26,2026-09-23
1175.0,802,12,2026-09-26,2026-09-23
1180.0,664,11,2026-09-26,2026-09-23
1185.0,537,0,2026-09-26,2026-09-23
1190.0,545,9,2026-09-26,2026-09-23
1195.0,543,9,2026-09-26,2026-09-23
1200.0,5782,34,2026-09-26,2026-09-23
1205.0,211,1,2026-09-26,2026-09-23
1210.0,1117,1,2026-09-26,2026-09-23
1215.0,933,2,2026-09-26,2026-09-23
1220.0,1403,0,2026-09-26,2026-09-23
1225.0,1195,2,2026-09-26,2026-09-23
1230.0,801,0,2026-09-26,2026-09-23
1235.0,114,0,2026-09-26,2026-09-23
1240.0,930,0,2026-09-26,2026-09-23
1245.0,120,0,2026-09-26,2026-09-23
1250.0,2398,0,2026-09-26,2026-09-23
1255.0,46,0,2026-09-26,2026-09-23
1260.0,457,4,2026-09-26,2026-09-23
1265.0,110,0,2026-09-26,2026-09-23
1270.0,454,0,2026-09-26,2026-09-23
1275.0,87,0,2026-09-26,2026-09-23
1280.0,229,0,2026-09-26,2026-09-23
1285.0,20,0,2026-09-26,2026-09-23
1290.0,214,0,2026-09-26,2026-09-23
1295.0,51,0,2026-09-26,2026-09-23
1300.0,3203,1,2026-09-26,2026-09-23
1305.0,86,0,2026-09-26,2026-09-23
1310.0,20,0,2026-09-26,2026-09-23
1310.0,284,0,2026-09-26,2026-09-23
1315.0,113,0,2026-09-26,2026-09-23
1320.0,147,0,2026-09-26,2026-09-23
1325.0,45,0,2026-09-26,2026-09-23
1330.0,70,0,2026-09-26,2026-09-23
1335.0,208,0,2026-09-26,2026-09-23
1340.0,159,0,2026-09-26,2026-09-23
1345.0,57,0,2026-09-26,2026-09-23
1350.0,328,0,2026-09-26,2026-09-23
1360.0,91,0,2026-09-26,2026-09-23
1370.0,168,0,2026-09-26,2026-09-23
1380.0,66,0,2026-09-26,2026-09-23
1390.0,103,0,2026-09-26,2026-09-23
1400.0,537,0,2026-09-26,2026-09-23
1410.0,153,0,2026-09-26,2026-09-23
1420.0,20,0,2026-09-26,2026-09-23
1420.0,285,0,2026-09-26,2026-09-23
1430.0,258,0,2026-09-26,2026-09-23
1440.0,81,0,2026-09-26,2026-09-23
1450.0,91,0,2026-09-26,2026-09-23
1460.0,189,0,2026-09-26,2026-09-23
1470.0,58,0,2026-09-26,2026-09-23
1480.0,217,0,2026-09-26,2026-09-23
1490.0,110,0,2026-09-26,2026-09-23
1500.0,1194,0,2026-09-26,2026-09-23
1510.0,136,0,2026-09-26,2026-09-23
1520.0,112,0,2026-09-26,2026-09-23
1530.0,42,0,2026-09-26,2026-09-23
1540.0,134,0,2026-09-26,2026-09-23
1550.0,375,0,2026-09-26,2026-09-23
1560.0,108,0,2026-09-26,2026-09-23
1570.0,45,0,2026-09-26,2026-09-23
1580.0,14,0,2026-09-26,2026-09-23
1590.0,28,0,2026-09-26,2026-09-23
1600.0,592,0,2026-09-26,2026-09-23
1610.0,44,0,2026-09-26,2026-09-23
1620.0,81,0,2026-09-26,2026-09-23
1630.0,17,0,2026-09-26,2026-09-23
1640.0,25,0,2026-09-26,2026-09-23
1650.0,24,0,2026-09-26,2026-09-23
1660.0,29,0,2026-09-26,2026-09-23
1670.0,123,0,2026-09-26,2026-09-23
1680.0,91,0,2026-09-26,2026-09-23
1690.0,47,0,2026-09-26,2026-09-23
1700.0,98,0,2026-09-26,2026-09-23
1710.0,25,0,2026-09-26,2026-09-23
1720.0,63,0,2026-09-26,2026-09-23
1730.0,957,0,2026-09-26,2026-09-23
600.0,0,11,2026-09-29,2026-09-23
610.0,0,30,2026-09-29,2026-09-23
620.0,0,28,2026-09-29,2026-09-23
630.0,0,4,2026-09-29,2026-09-23
640.0,0,2,2026-09-29,2026-09-23
650.0,0,32,2026-09-29,2026-09-23
660.0,1,7,2026-09-29,2026-09-23
670.0,0,11,2026-09-29,2026-09-23
680.0,0,14,2026-09-29,2026-09-23
690.0,0,11,2026-09-29,2026-09-23
700.0,2,12,2026-09-29,2026-09-23
710.0,0,12,2026-09-29,2026-09-23
720.0,0,15,2026-09-29,2026-09-23
730.0,0,20,2026-09-29,2026-09-23
740.0,0,22,2026-09-29,2026-09-23
750.0,0,13,2026-09-29,2026-09-23
760.0,0,3,2026-09-29,2026-09-23
770.0,0,6,2026-09-29,2026-09-23
775.0,0,4,2026-09-29,2026-09-23
780.0,0,70,2026-09-29,2026-09-23
785.0,0,941,2026-09-29,2026-09-23
790.0,3,8,2026-09-29,2026-09-23
795.0,0,5,2026-09-29,2026-09-23
800.0,11,61,2026-09-29,2026-09-23
805.0,0,3,2026-09-29,2026-09-23
810.0,2,5,2026-09-29,2026-09-23
815.0,0,5,2026-09-29,2026-09-23
820.0,1,64,2026-09-29,2026-09-23
825.0,0,14,2026-09-29,2026-09-23
830.0,1,27,2026-09-29,2026-09-23
835.0,1,5,2026-09-29,2026-09-23
840.0,0,37,2026-09-29,2026-09-23
845.0,0,3,2026-09-29,2026-09-23
850.0,45,41,2026-09-29,2026-09-23
855.0,0,6,2026-09-29,2026-09-23
860.0,3,45,2026-09-29,2026-09-23
865.0,1,28,2026-09-29,2026-09-23
870.0,13,25,2026-09-29,2026-09-23
875.0,20,50,2026-09-29,2026-09-23
880.0,6,68,2026-09-29,2026-09-23
885.0,2,30,2026-09-29,2026-09-23
890.0,4,72,2026-09-29,2026-09-23
895.0,3,48,2026-09-29,2026-09-23
900.0,576,298,2026-09-29,2026-09-23
905.0,28,97,2026-09-29,2026-09-23
910.0,354,66,2026-09-29,2026-09-23
915.0,16,70,2026-09-29,2026-09-23
920.0,66,276,2026-09-29,2026-09-23
925.0,48,112,2026-09-29,2026-09-23
930.0,246,239,2026-09-29,2026-09-23
935.0,232,70,2026-09-29,2026-09-23
940.0,25,435,2026-09-29,2026-09-23
945.0,57,55,2026-09-29,2026-09-23
950.0,584,437,2026-09-29,2026-09-23
955.0,65,152,2026-09-29,2026-09-23
960.0,104,223,2026-09-29,2026-09-23
965.0,18,153,2026-09-29,2026-09-23
970.0,58,145,2026-09-29,2026-09-23
975.0,85,335,2026-09-29,2026-09-23
980.0,128,286,2026-09-29,2026-09-23
985.0,39,405,2026-09-29,2026-09-23
990.0,122,183,2026-09-29,2026-09-23
995.0,59,250,2026-09-29,2026-09-23
1000.0,544,776,2026-09-29,2026-09-23
1005.0,140,187,2026-09-29,2026-09-23
1010.0,217,146,2026-09-29,2026-09-23
1015.0,40,57,2026-09-29,2026-09-23
1020.0,431,194,2026-09-29,2026-09-23
1025.0,54,129,2026-09-29,2026-09-23
1030.0,294,228,2026-09-29,2026-09-23
1035.0,90,95,2026-09-29,2026-09-23
1040.0,698,1670,2026-09-29,2026-09-23
1045.0,231,171,2026-09-29,2026-09-23
1050.0,1829,234,2026-09-29,2026-09-23
1055.0,113,91,2026-09-29,2026-09-23
1060.0,328,92,2026-09-29,2026-09-23
1065.0,103,119,2026-09-29,2026-09-23
1070.0,453,209,2026-09-29,2026-09-23
1075.0,184,188,2026-09-29,2026-09-23
1080.0,382,196,2026-09-29,2026-09-23
1085.0,360,51,2026-09-29,2026-09-23
1090.0,1284,246,2026-09-29,2026-09-23
1095.0,133,36,2026-09-29,2026-09-23
1100.0,2467,122,2026-09-29,2026-09-23
1105.0,127,13,2026-09-29,2026-09-23
1110.0,225,22,2026-09-29,2026-09-23
1115.0,88,17,2026-09-29,2026-09-23
1120.0,273,19,2026-09-29,2026-09-23
1125.0,117,12,2026-09-29,2026-09-23
1130.0,122,24,2026-09-29,2026-09-23
1135.0,126,29,2026-09-29,2026-09-23
1140.0,118,34,2026-09-29,2026-09-23
1145.0,81,13,2026-09-29,2026-09-23
1150.0,909,10,2026-09-29,2026-09-23
1155.0,79,5,2026-09-29,2026-09-23
1160.0,121,14,2026-09-29,2026-09-23
1165.0,58,0,2026-09-29,2026-09-23
1170.0,115,0,2026-09-29,2026-09-23
1180.0,142,6,2026-09-29,2026-09-23
1190.0,111,10,2026-09-29,2026-09-23
1200.0,1724,26,2026-09-29,2026-09-23
1210.0,180,0,2026-09-29,2026-09-23
1220.0,142,0,2026-09-29,2026-09-23
1230.0,110,0,2026-09-29,2026-09-23
1240.0,190,0,2026-09-29,2026-09-23
1250.0,1426,0,2026-09-29,2026-09-23
1260.0,101,0,2026-09-29,2026-09-23
1270.0,155,0,2026-09-29,2026-09-23
1280.0,189,0,2026-09-29,2026-09-23
1290.0,151,0,2026-09-29,2026-09-23
1300.0,437,0,2026-09-29,2026-09-23
1310.0,22,0,2026-09-29,2026-09-23
1320.0,74,0,2026-09-29,2026-09-23
1330.0,56,0,2026-09-29,2026-09-23
1340.0,11,0,2026-09-29,2026-09-23
1350.0,52,0,2026-09-29,2026-09-23
1360.0,16,0,2026-09-29,2026-09-23
1370.0,82,0,2026-09-29,2026-09-23
1380.0,4,0,2026-09-29,2026-09-23
1390.0,8,0,2026-09-29,2026-09-23
1400.0,551,0,2026-09-29,2026-09-23
756.0,0,7,2026-10-01,2026-09-23
1215.0,7,0,2026-10-01,2026-09-23
5.0,0,0,2026-10-03,2026-09-23
10.0,0,3,2026-10-03,2026-09-23
15.0,0,0,2026-10-03,2026-09-23
20.0,0,0,2026-10-03,2026-09-23
25.0,0,0,2026-10-03,2026-09-23
30.0,0,0,2026-10-03,2026-09-23
35.0,0,0,2026-10-03,2026-09-23
40.0,0,0,2026-10-03,2026-09-23
45.0,0,0,2026-10-03,2026-09-23
50.0,0,0,2026-10-03,2026-09-23
55.0,0,0,2026-10-03,2026-09-23
60.0,0,0,2026-10-03,2026-09-23
65.0,0,0,2026-10-03,2026-09-23
70.0,0,0,2026-10-03,2026-09-23
75.0,0,0,2026-10-03,2026-09-23
80.0,0,0,2026-10-03,2026-09-23
85.0,0,0,2026-10-03,2026-09-23
90.0,0,1001,2026-10-03,2026-09-23
95.0,0,988,2026-10-03,2026-09-23
100.0,4,1030,2026-10-03,2026-09-23
105.0,0,11,2026-10-03,2026-09-23
110.0,0,0,2026-10-03,2026-09-23
115.0,0,4,2026-10-03,2026-09-23
120.0,3,0,2026-10-03,2026-09-23
125.0,0,0,2026-10-03,2026-09-23
130.0,4,1,2026-10-03,2026-09-23
135.0,20,2,2026-10-03,2026-09-23
140.0,0,0,2026-10-03,2026-09-23
145.0,0,0,2026-10-03,2026-09-23
150.0,0,2,2026-10-03,2026-09-23
155.0,0,0,2026-10-03,2026-09-23
160.0,0,0,2026-10-03,2026-09-23
165.0,0,0,2026-10-03,2026-09-23
170.0,0,0,2026-10-03,2026-09-23
175.0,0,5,2026-10-03,2026-09-23
180.0,0,0,2026-10-03,2026-09-23
185.0,0,0,2026-10-03,2026-09-23
190.0,1,0,2026-10-03,2026-09-23
195.0,0,0,2026-10-03,2026-09-23
200.0,11,114,2026-10-03,2026-09-23
205.0,0,52,2026-10-03,2026-09-23
210.0,0,452,2026-10-03,2026-09-23
215.0,0,142,2026-10-03,2026-09-23
220.0,0,3,2026-10-03,2026-09-23
225.0,0,15,2026-10-03,2026-09-23
230.0,0,70,2026-10-03,2026-09-23
235.0,0,67,2026-10-03,2026-09-23
240.0,0,107,2026-10-03,2026-09-23
245.0,0,61,2026-10-03,2026-09-23
250.0,0,26,2026-10-03,2026-09-23
255.0,0,59,2026-10-03,2026-09-23
260.0,0,30,2026-10-03,2026-09-23
265.0,0,47,2026-10-03,2026-09-23
270.0,0,71,2026-10-03,2026-09-23
275.0,0,92,2026-10-03,2026-09-23
280.0,0,83,2026-10-03,2026-09-23
285.0,0,143,2026-10-03,2026-09-23
290.0,0,177,2026-10-03,2026-09-23
295.0,0,227,2026-10-03,2026-09-23
300.0,30,105,2026-10-03,2026-09-23
305.0,0,1190,2026-10-03,2026-09-23
310.0,0,235,2026-10-03,2026-09-23
315.0,0,100,2026-10-03,2026-09-23
320.0,0,163,2026-10-03,2026-09-23
325.0,0,86,2026-10-03,2026-09-23
330.0,0,177,2026-10-03,2026-09-23
335.0,0,74,2026-10-03,2026-09-23
340.0,0,377,2026-10-03,2026-09-23
345.0,0,92,2026-10-03,2026-09-23
350.0,0,236,2026-10-03,2026-09-23
355.0,0,101,2026-10-03,2026-09-23
360.0,0,184,2026-10-03,2026-09-23
365.0,0,69,2026-10-03,2026-09-23
370.0,0,60,2026-10-03,2026-09-23
375.0,0,76,2026-10-03,2026-09-23
380.0,1,111,2026-10-03,2026-09-23
385.0,0,60,2026-10-03,2026-09-23
390.0,1,86,2026-10-03,2026-09-23
395.0,0,192,2026-10-03,2026-09-23
400.0,2,248,2026-10-03,2026-09-23
405.0,1,77,2026-10-03,2026-09-23
410.0,0,52,2026-10-03,2026-09-23
415.0,0,53,2026-10-03,2026-09-23
420.0,0,37,2026-10-03,2026-09-23
425.0,0,31,2026-10-03,2026-09-23
430.0,3,29,2026-10-03,2026-09-23
435.0,0,29,2026-10-03,2026-09-23
440.0,10,38,2026-10-03,2026-09-23
445.0,0,26,2026-10-03,2026-09-23
450.0,1,270,2026-10-03,2026-09-23
455.0,0,30,2026-10-03,2026-09-23
460.0,0,44,2026-10-03,2026-09-23
465.0,0,96,2026-10-03,2026-09-23
470.0,4,44,2026-10-03,2026-09-23
475.0,1,29,2026-10-03,2026-09-23
480.0,1,24,2026-10-03,2026-09-23
485.0,0,146,2026-10-03,2026-09-23
490.0,4,101,2026-10-03,2026-09-23
495.0,3,72,2026-10-03,2026-09-23
500.0,39,1330,2026-10-03,2026-09-23
505.0,26,207,2026-10-03,2026-09-23
510.0,15,90,2026-10-03,2026-09-23
515.0,0,77,2026-10-03,2026-09-23
520.0,10,24,2026-10-03,2026-09-23
525.0,0,81,2026-10-03,2026-09-23
530.0,2,21,2026-10-03,2026-09-23
535.0,0,22,2026-10-03,2026-09-23
540.0,10,75,2026-10-03,2026-09-23
545.0,2,13,2026-10-03,2026-09-23
550.0,2,78,2026-10-03,2026-09-23
555.0,1,48,2026-10-03,2026-09-23
560.0,0,7,2026-10-03,2026-09-23
565.0,0,19,2026-10-03,2026-09-23
570.0,2,15,2026-10-03,2026-09-23
575.0,0,302,2026-10-03,2026-09-23
580.0,1,133,2026-10-03,2026-09-23
585.0,1,524,2026-10-03,2026-09-23
590.0,4,131,2026-10-03,2026-09-23
595.0,0,133,2026-10-03,2026-09-23
600.0,10,813,2026-10-03,2026-09-23
605.0,0,44,2026-10-03,2026-09-23
610.0,12,27,2026-10-03,2026-09-23
615.0,0,43,2026-10-03,2026-09-23
620.0,3,186,2026-10-03,2026-09-23
625.0,1,44,2026-10-03,2026-09-23
630.0,1,47,2026-10-03,2026-09-23
635.0,3,103,2026-10-03,2026-09-23
640.0,0,72,2026-10-03,2026-09-23
645.0,0,35,2026-10-03,2026-09-23
650.0,36,716,2026-10-03,2026-09-23
655.0,0,64,2026-10-03,2026-09-23
660.0,1,95,2026-10-03,2026-09-23
665.0,0,2399,2026-10-03,2026-09-23
670.0,1,178,2026-10-03,2026-09-23
675.0,1,62,2026-10-03,2026-09-23
680.0,1,215,2026-10-03,2026-09-23
685.0,6,481,2026-10-03,2026-09-23
690.0,1,185,2026-10-03,2026-09-23
695.0,2,412,2026-10-03,2026-09-23
700.0,12,1251,2026-10-03,2026-09-23
702.5,0,5,2026-10-03,2026-09-23
705.0,12,53,2026-10-03,2026-09-23
707.5,0,19,2026-10-03,2026-09-23
710.0,2,286,2026-10-03,2026-09-23
712.5,0,5,2026-10-03,2026-09-23
715.0,0,143,2026-10-03,2026-09-23
717.5,0,3,2026-10-03,2026-09-23
720.0,2,934,2026-10-03,2026-09-23
722.5,2,6,2026-10-03,2026-09-23
725.0,9,414,2026-10-03,2026-09-23
727.5,0,1,2026-10-03,2026-09-23
730.0,0,519,2026-10-03,2026-09-23
732.5,0,4,2026-10-03,2026-09-23
735.0,0,153,2026-10-03,2026-09-23
737.5,0,4,2026-10-03,2026-09-23
740.0,2,230,2026-10-03,2026-09-23
742.5,0,4,2026-10-03,2026-09-23
745.0,1,89,2026-10-03,2026-09-23
747.5,0,4,2026-10-03,2026-09-23
750.0,275,1186,2026-10-03,2026-09-23
755.0,0,79,2026-10-03,2026-09-23
760.0,1,278,2026-10-03,2026-09-23
765.0,2,118,2026-10-03,2026-09-23
770.0,2,269,2026-10-03,2026-09-23
775.0,7,166,2026-10-03,2026-09-23
780.0,18,328,2026-10-03,2026-09-23
785.0,5,86,2026-10-03,2026-09-23
790.0,5,267,2026-10-03,2026-09-23
795.0,9,321,2026-10-03,2026-09-23
800.0,2350,1330,2026-10-03,2026-09-23
805.0,6,120,2026-10-03,2026-09-23
810.0,1027,124,2026-10-03,2026-09-23
815.0,79,137,2026-10-03,2026-09-23
820.0,262,395,2026-10-03,2026-09-23
825.0,23,189,2026-10-03,2026-09-23
830.0,70,1121,2026-10-03,2026-09-23
835.0,4,231,2026-10-03,2026-09-23
840.0,36,222,2026-10-03,2026-09-23
845.0,138,94,2026-10-03,2026-09-23
850.0,165,1184,2026-10-03,2026-09-23
855.0,25,201,2026-10-03,2026-09-23
860.0,19,379,2026-10-03,2026-09-23
865.0,121,136,2026-10-03,2026-09-23
870.0,24,329,2026-10-03,2026-09-23
875.0,67,305,2026-10-03,2026-09-23
880.0,68,462,2026-10-03,2026-09-23
885.0,31,240,2026-10-03,2026-09-23
890.0,110,758,2026-10-03,2026-09-23
895.0,78,192,2026-10-03,2026-09-23
900.0,823,2478,2026-10-03,2026-09-23
905.0,67,707,2026-10-03,2026-09-23
910.0,1312,518,2026-10-03,2026-09-23
915.0,124,226,2026-10-03,2026-09-23
920.0,781,1174,2026-10-03,2026-09-23
925.0,602,755,2026-10-03,2026-09-23
930.0,549,1578,2026-10-03,2026-09-23
935.0,253,198,2026-10-03,2026-09-23
940.0,452,433,2026-10-03,2026-09-23
945.0,120,180,2026-10-03,2026-09-23
950.0,1600,1600,2026-10-03,2026-09-23
950.0,1181,1388,2026-10-03,2026-09-23
952.5,9,218,2026-10-03,2026-09-23
955.0,213,141,2026-10-03,2026-09-23
957.5,30,69,2026-10-03,2026-09-23
960.0,741,379,2026-10-03,2026-09-23
965.0,160,247,2026-10-03,2026-09-23
970.0,1433,388,2026-10-03,2026-09-23
975.0,215,463,2026-10-03,2026-09-23
980.0,1740,918,2026-10-03,2026-09-23
985.0,380,369,2026-10-03,2026-09-23
990.0,2000,2000,2026-10-03,2026-09-23
990.0,691,290,2026-10-03,2026-09-23
995.0,389,174,2026-10-03,2026-09-23
1000.0,150,150,2026-10-03,2026-09-23
1000.0,11108,1420,2026-10-03,2026-09-23
1005.0,223,287,2026-10-03,2026-09-23
1010.0,600,264,2026-10-03,2026-09-23
1015.0,636,135,2026-10-03,2026-09-23
1020.0,718,413,2026-10-03,2026-09-23
1025.0,566,174,2026-10-03,2026-09-23
1030.0,896,133,2026-10-03,2026-09-23
1035.0,611,153,2026-10-03,2026-09-23
1040.0,781,180,2026-10-03,2026-09-23
1045.0,344,220,2026-10-03,2026-09-23
1050.0,2623,651,2026-10-03,2026-09-23
1055.0,314,178,2026-10-03,2026-09-23
1060.0,3238,105,2026-10-03,2026-09-23
1065.0,171,86,2026-10-03,2026-09-23
1070.0,372,2041,2026-10-03,2026-09-23
1075.0,364,159,2026-10-03,2026-09-23
1080.0,874,328,2026-10-03,2026-09-23
1085.0,575,200,2026-10-03,2026-09-23
1090.0,523,209,2026-10-03,2026-09-23
1095.0,347,35,2026-10-03,2026-09-23
1100.0,5514,543,2026-10-03,2026-09-23
1105.0,462,22,2026-10-03,2026-09-23
1110.0,1281,29,2026-10-03,2026-09-23
1115.0,459,9,2026-10-03,2026-09-23
1120.0,436,110,2026-10-03,2026-09-23
1125.0,332,17,2026-10-03,2026-09-23
1130.0,294,132,2026-10-03,2026-09-23
1135.0,270,24,2026-10-03,2026-09-23
1140.0,253,61,2026-10-03,2026-09-23
1145.0,43,1,2026-10-03,2026-09-23
1150.0,2027,266,2026-10-03,2026-09-23
1155.0,84,4,2026-10-03,2026-09-23
1160.0,224,15,2026-10-03,2026-09-23
1165.0,20,1,2026-10-03,2026-09-23
1170.0,300,31,2026-10-03,2026-09-23
1175.0,102,0,2026-10-03,2026-09-23
1180.0,416,12,2026-10-03,2026-09-23
1185.0,120,0,2026-10-03,2026-09-23
1190.0,314,2,2026-10-03,2026-09-23
1195.0,138,3,2026-10-03,2026-09-23
1200.0,3918,160,2026-10-03,2026-09-23
1205.0,69,0,2026-10-03,2026-09-23
1210.0,264,0,2026-10-03,2026-09-23
1215.0,36,0,2026-10-03,2026-09-23
1220.0,319,16,2026-10-03,2026-09-23
1225.0,65,0,2026-10-03,2026-09-23
1230.0,168,1,2026-10-03,2026-09-23
1235.0,99,2,2026-10-03,2026-09-23
1240.0,232,7,2026-10-03,2026-09-23
1245.0,38,0,2026-10-03,2026-09-23
1250.0,1407,10,2026-10-03,2026-09-23
1255.0,39,0,2026-10-03,2026-09-23
1260.0,848,10,2026-10-03,2026-09-23
1270.0,203,3,2026-10-03,2026-09-23
1280.0,148,13,2026-10-03,2026-09-23
1290.0,122,14,2026-10-03,2026-09-23
1300.0,20,0,2026-10-03,2026-09-23
1300.0,1814,2,2026-10-03,2026-09-23
1310.0,214,0,2026-10-03,2026-09-23
1320.0,188,0,2026-10-03,2026-09-23
1330.0,188,0,2026-10-03,2026-09-23
1340.0,107,0,2026-10-03,2026-09-23
1350.0,621,0,2026-10-03,2026-09-23
1360.0,175,0,2026-10-03,2026-09-23
1370.0,582,1,2026-10-03,2026-09-23
1380.0,123,0,2026-10-03,2026-09-23
1390.0,73,1,2026-10-03,2026-09-23
1400.0,2720,0,2026-10-03,2026-09-23
1410.0,20,0,2026-10-03,2026-09-23
1410.0,168,0,2026-10-03,2026-09-23
1420.0,43,0,2026-10-03,2026-09-23
1430.0,223,0,2026-10-03,2026-09-23
1440.0,105,0,2026-10-03,2026-09-23
1450.0,313,0,2026-10-03,2026-09-23
1460.0,362,0,2026-10-03,2026-09-23
1470.0,80,0,2026-10-03,2026-09-23
1480.0,39,0,2026-10-03,2026-09-23
1490.0,380,0,2026-10-03,2026-09-23
1500.0,1521,0,2026-10-03,2026-09-23
1510.0,336,0,2026-10-03,2026-09-23
1520.0,178,0,2026-10-03,2026-09-23
1530.0,36,0,2026-10-03,2026-09-23
1540.0,60,0,2026-10-03,2026-09-23
1550.0,328,0,2026-10-03,2026-09-23
1560.0,130,0,2026-10-03,2026-09-23
1570.0,24,0,2026-10-03,2026-09-23
1580.0,268,0,2026-10-03,2026-09-23
1590.0,42,0,2026-10-03,2026-09-23
1600.0,136,0,2026-10-03,2026-09-23
1610.0,15,0,2026-10-03,2026-09-23
1620.0,18,0,2026-10-03,2026-09-23
1630.0,76,0,2026-10-03,2026-09-23
1640.0,14,0,2026-10-03,2026-09-23
1650.0,36,0,2026-10-03,2026-09-23
1660.0,49,0,2026-10-03,2026-09-23
1670.0,51,0,2026-10-03,2026-09-23
1680.0,20,0,2026-10-03,2026-09-23
1690.0,27,0,2026-10-03,2026-09-23
1700.0,833,0,2026-10-03,2026-09-23
1710.0,61,0,2026-10-03,2026-09-23
1720.0,114,0,2026-10-03,2026-09-23
1730.0,1416,0,2026-10-03,2026-09-23
600.0,0,0,2026-10-06,2026-09-23
610.0,0,0,2026-10-06,2026-09-23
620.0,0,0,2026-10-06,2026-09-23
630.0,0,0,2026-10-06,2026-09-23
640.0,0,0,2026-10-06,2026-09-23
650.0,0,0,2026-10-06,2026-09-23
660.0,0,0,2026-10-06,2026-09-23
670.0,0,0,2026-10-06,2026-09-23
680.0,0,0,2026-10-06,2026-09-23
690.0,0,0,2026-10-06,2026-09-23
700.0,0,0,2026-10-06,2026-09-23
710.0,0,0,2026-10-06,2026-09-23
720.0,0,1,2026-10-06,2026-09-23
730.0,0,38,2026-10-06,2026-09-23
740.0,4,0,2026-10-06,2026-09-23
750.0,0,0,2026-10-06,2026-09-23
760.0,0,0,2026-10-06,2026-09-23
770.0,0,0,2026-10-06,2026-09-23
775.0,0,0,2026-10-06,2026-09-23
780.0,0,9,2026-10-06,2026-09-23
785.0,0,0,2026-10-06,2026-09-23
790.0,0,0,2026-10-06,2026-09-23
795.0,0,6,2026-10-06,2026-09-23
800.0,0,9,2026-10-06,2026-09-23
805.0,0,1,2026-10-06,2026-09-23
810.0,0,0,2026-10-06,2026-09-23
815.0,0,0,2026-10-06,2026-09-23
820.0,0,0,2026-10-06,2026-09-23
825.0,0,0,2026-10-06,2026-09-23
830.0,0,1,2026-10-06,2026-09-23
835.0,0,0,2026-10-06,2026-09-23
840.0,0,0,2026-10-06,2026-09-23
845.0,0,0,2026-10-06,2026-09-23
850.0,0,3,2026-10-06,2026-09-23
855.0,0,0,2026-10-06,2026-09-23
860.0,0,0,2026-10-06,2026-09-23
865.0,0,0,2026-10-06,2026-09-23
870.0,0,0,2026-10-06,2026-09-23
875.0,0,7,2026-10-06,2026-09-23
880.0,0,2,2026-10-06,2026-09-23
885.0,0,0,2026-10-06,2026-09-23
890.0,0,0,2026-10-06,2026-09-23
895.0,0,5,2026-10-06,2026-09-23
900.0,0,7,2026-10-06,2026-09-23
905.0,0,3,2026-10-06,2026-09-23
910.0,0,2,2026-10-06,2026-09-23
915.0,0,20,2026-10-06,2026-09-23
920.0,11,13,2026-10-06,2026-09-23
925.0,0,4,2026-10-06,2026-09-23
930.0,0,12,2026-10-06,2026-09-23
935.0,0,4,2026-10-06,2026-09-23
940.0,0,44,2026-10-06,2026-09-23
945.0,0,3,2026-10-06,2026-09-23
950.0,19,18,2026-10-06,2026-09-23
955.0,0,13,2026-10-06,2026-09-23
960.0,0,7,2026-10-06,2026-09-23
965.0,0,2,2026-10-06,2026-09-23
970.0,1,65,2026-10-06,2026-09-23
975.0,1,1,2026-10-06,2026-09-23
980.0,7,29,2026-10-06,2026-09-23
985.0,1,1,2026-10-06,2026-09-23
990.0,3,10,2026-10-06,2026-09-23
995.0,7,2,2026-10-06,2026-09-23
1000.0,61,33,2026-10-06,2026-09-23
1005.0,12,12,2026-10-06,2026-09-23
1010.0,11,78,2026-10-06,2026-09-23
1015.0,14,4,2026-10-06,2026-09-23
1020.0,2,16,2026-10-06,2026-09-23
1025.0,19,35,2026-10-06,2026-09-23
1030.0,13,15,2026-10-06,2026-09-23
1035.0,7,33,2026-10-06,2026-09-23
1040.0,21,30,2026-10-06,2026-09-23
1045.0,21,25,2026-10-06,2026-09-23
1050.0,62,50,2026-10-06,2026-09-23
1055.0,2,18,2026-10-06,2026-09-23
1060.0,156,38,2026-10-06,2026-09-23
1065.0,3,24,2026-10-06,2026-09-23
1070.0,136,10,2026-10-06,2026-09-23
1075.0,35,15,2026-10-06,2026-09-23
1080.0,41,19,2026-10-06,2026-09-23
1085.0,31,4,2026-10-06,2026-09-23
1090.0,12,25,2026-10-06,2026-09-23
1095.0,19,3,2026-10-06,2026-09-23
1100.0,105,11,2026-10-06,2026-09-23
1105.0,3,0,2026-10-06,2026-09-23
1110.0,13,6,2026-10-06,2026-09-23
1115.0,44,0,2026-10-06,2026-09-23
1120.0,9,0,2026-10-06,2026-09-23
1125.0,5,1,2026-10-06,2026-09-23
1130.0,3,1,2026-10-06,2026-09-23
1135.0,1,0,2026-10-06,2026-09-23
1140.0,6,0,2026-10-06,2026-09-23
1145.0,31,1,2026-10-06,2026-09-23
1150.0,26,1,2026-10-06,2026-09-23
1155.0,12,0,2026-10-06,2026-09-23
1160.0,20,1,2026-10-06,2026-09-23
1165.0,2,0,2026-10-06,2026-09-23
1170.0,20,0,2026-10-06,2026-09-23
1180.0,9,0,2026-10-06,2026-09-23
1190.0,30,0,2026-10-06,2026-09-23
1200.0,70,0,2026-10-06,2026-09-23
1210.0,3,0,2026-10-06,2026-09-23
1220.0,69,0,2026-10-06,2026-09-23
1230.0,2,0,2026-10-06,2026-09-23
1240.0,1,0,2026-10-06,2026-09-23
1250.0,11,0,2026-10-06,2026-09-23
1260.0,1,0,2026-10-06,2026-09-23
1270.0,2,0,2026-10-06,2026-09-23
1280.0,7,0,2026-10-06,2026-09-23
1290.0,2,1,2026-10-06,2026-09-23
1300.0,24,2,2026-10-06,2026-09-23
1310.0,3,0,2026-10-06,2026-09-23
1320.0,1,0,2026-10-06,2026-09-23
1330.0,1,0,2026-10-06,2026-09-23
1340.0,0,0,2026-10-06,2026-09-23
1350.0,6,0,2026-10-06,2026-09-23
1360.0,0,0,2026-10-06,2026-09-23
1370.0,0,0,2026-10-06,2026-09-23
1380.0,0,0,2026-10-06,2026-09-23
1390.0,0,0,2026-10-06,2026-09-23
1400.0,45,0,2026-10-06,2026-09-23
940.0,2600,2600,2026-10-07,2026-09-23
1080.0,29,0,2026-10-09,2026-09-23
1284.21,1,0,2026-10-09,2026-09-23
5.0,0,3,2026-10-10,2026-09-23
10.0,0,0,2026-10-10,2026-09-23
15.0,0,0,2026-10-10,2026-09-23
20.0,0,0,2026-10-10,2026-09-23
25.0,0,0,2026-10-10,2026-09-23
30.0,0,0,2026-10-10,2026-09-23
35.0,0,0,2026-10-10,2026-09-23
40.0,0,0,2026-10-10,2026-09-23
45.0,0,0,2026-10-10,2026-09-23
50.0,0,0,2026-10-10,2026-09-23
55.0,0,0,2026-10-10,2026-09-23
60.0,0,0,2026-10-10,2026-09-23
65.0,0,0,2026-10-10,2026-09-23
70.0,0,0,2026-10-10,2026-09-23
75.0,0,0,2026-10-10,2026-09-23
80.0,0,0,2026-10-10,2026-09-23
85.0,0,0,2026-10-10,2026-09-23
90.0,1,0,2026-10-10,2026-09-23
95.0,0,0,2026-10-10,2026-09-23
100.0,0,0,2026-10-10,2026-09-23
105.0,0,0,2026-10-10,2026-09-23
110.0,0,0,2026-10-10,2026-09-23
115.0,0,0,2026-10-10,2026-09-23
120.0,0,0,2026-10-10,2026-09-23
125.0,0,0,2026-10-10,2026-09-23
130.0,0,0,2026-10-10,2026-09-23
135.0,0,0,2026-10-10,2026-09-23
140.0,0,0,2026-10-10,2026-09-23
145.0,0,0,2026-10-10,2026-09-23
150.0,0,0,2026-10-10,2026-09-23
155.0,0,0,2026-10-10,2026-09-23
160.0,0,0,2026-10-10,2026-09-23
165.0,0,0,2026-10-10,2026-09-23
170.0,0,0,2026-10-10,2026-09-23
175.0,0,0,2026-10-10,2026-09-23
180.0,0,0,2026-10-10,2026-09-23
185.0,0,0,2026-10-10,2026-09-23
190.0,1,0,2026-10-10,2026-09-23
195.0,0,0,2026-10-10,2026-09-23
200.0,0,4,2026-10-10,2026-09-23
205.0,0,2,2026-10-10,2026-09-23
210.0,0,2,2026-10-10,2026-09-23
215.0,0,1,2026-10-10,2026-09-23
220.0,0,4,2026-10-10,2026-09-23
225.0,0,10,2026-10-10,2026-09-23
230.0,0,19,2026-10-10,2026-09-23
235.0,0,7,2026-10-10,2026-09-23
240.0,0,13,2026-10-10,2026-09-23
245.0,5,23,2026-10-10,2026-09-23
250.0,0,23,2026-10-10,2026-09-23
255.0,0,49,2026-10-10,2026-09-23
260.0,1,19,2026-10-10,2026-09-23
265.0,0,73,2026-10-10,2026-09-23
270.0,0,107,2026-10-10,2026-09-23
275.0,0,54,2026-10-10,2026-09-23
280.0,0,128,2026-10-10,2026-09-23
285.0,0,314,2026-10-10,2026-09-23
290.0,0,165,2026-10-10,2026-09-23
295.0,0,80,2026-10-10,2026-09-23
300.0,0,274,2026-10-10,2026-09-23
305.0,0,23,2026-10-10,2026-09-23
310.0,0,223,2026-10-10,2026-09-23
315.0,0,28,2026-10-10,2026-09-23
320.0,0,1530,2026-10-10,2026-09-23
325.0,0,89,2026-10-10,2026-09-23
330.0,0,118,2026-10-10,2026-09-23
335.0,0,13,2026-10-10,2026-09-23
340.0,0,2228,2026-10-10,2026-09-23
345.0,0,40,2026-10-10,2026-09-23
350.0,0,208,2026-10-10,2026-09-23
355.0,0,14,2026-10-10,2026-09-23
360.0,0,1033,2026-10-10,2026-09-23
365.0,0,21,2026-10-10,2026-09-23
370.0,0,17,2026-10-10,2026-09-23
375.0,0,20,2026-10-10,2026-09-23
380.0,0,21,2026-10-10,2026-09-23
385.0,1,7,2026-10-10,2026-09-23
390.0,0,11,2026-10-10,2026-09-23
395.0,0,12,2026-10-10,2026-09-23
400.0,0,10,2026-10-10,2026-09-23
405.0,0,16,2026-10-10,2026-09-23
410.0,0,20,2026-10-10,2026-09-23
415.0,0,14,2026-10-10,2026-09-23
420.0,0,13,2026-10-10,2026-09-23
425.0,0,28,2026-10-10,2026-09-23
430.0,10,27,2026-10-10,2026-09-23
435.0,0,13,2026-10-10,2026-09-23
440.0,0,30,2026-10-10,2026-09-23
445.0,0,15,2026-10-10,2026-09-23
450.0,1,32,2026-10-10,2026-09-23
455.0,0,12,2026-10-10,2026-09-23
460.0,0,16,2026-10-10,2026-09-23
465.0,0,46,2026-10-10,2026-09-23
470.0,0,16,2026-10-10,2026-09-23
475.0,0,23,2026-10-10,2026-09-23
480.0,0,23,2026-10-10,2026-09-23
485.0,0,11,2026-10-10,2026-09-23
490.0,0,30,2026-10-10,2026-09-23
495.0,0,16,2026-10-10,2026-09-23
500.0,148,37,2026-10-10,2026-09-23
505.0,1,9,2026-10-10,2026-09-23
510.0,2,13,2026-10-10,2026-09-23
515.0,0,9,2026-10-10,2026-09-23
520.0,0,15,2026-10-10,2026-09-23
525.0,0,32,2026-10-10,2026-09-23
530.0,0,5,2026-10-10,2026-09-23
535.0,0,24,2026-10-10,2026-09-23
540.0,0,30,2026-10-10,2026-09-23
545.0,0,7,2026-10-10,2026-09-23
550.0,6,76,2026-10-10,2026-09-23
555.0,0,2,2026-10-10,2026-09-23
560.0,0,2,2026-10-10,2026-09-23
565.0,3,5,2026-10-10,2026-09-23
570.0,0,19,2026-10-10,2026-09-23
575.0,0,12,2026-10-10,2026-09-23
580.0,0,4,2026-10-10,2026-09-23
585.0,1,3,2026-10-10,2026-09-23
590.0,0,13,2026-10-10,2026-09-23
595.0,4,23,2026-10-10,2026-09-23
600.0,0,195,2026-10-10,2026-09-23
605.0,0,26,2026-10-10,2026-09-23
610.0,0,10,2026-10-10,2026-09-23
615.0,1,24,2026-10-10,2026-09-23
620.0,0,65,2026-10-10,2026-09-23
625.0,1,8,2026-10-10,2026-09-23
630.0,1,24,2026-10-10,2026-09-23
635.0,0,7,2026-10-10,2026-09-23
640.0,1,30,2026-10-10,2026-09-23
645.0,0,3,2026-10-10,2026-09-23
650.0,2,99,2026-10-10,2026-09-23
655.0,10,13,2026-10-10,2026-09-23
660.0,3,51,2026-10-10,2026-09-23
665.0,1,5,2026-10-10,2026-09-23
670.0,1,37,2026-10-10,2026-09-23
675.0,0,27,2026-10-10,2026-09-23
680.0,1,56,2026-10-10,2026-09-23
685.0,0,50,2026-10-10,2026-09-23
690.0,5,64,2026-10-10,2026-09-23
695.0,5,46,2026-10-10,2026-09-23
700.0,51,149,2026-10-10,2026-09-23
705.0,0,81,2026-10-10,2026-09-23
710.0,1,35,2026-10-10,2026-09-23
715.0,0,28,2026-10-10,2026-09-23
720.0,0,37,2026-10-10,2026-09-23
725.0,0,45,2026-10-10,2026-09-23
730.0,0,52,2026-10-10,2026-09-23
735.0,0,67,2026-10-10,2026-09-23
740.0,2,64,2026-10-10,2026-09-23
745.0,5,27,2026-10-10,2026-09-23
750.0,3,189,2026-10-10,2026-09-23
755.0,1,26,2026-10-10,2026-09-23
760.0,3,55,2026-10-10,2026-09-23
765.0,5,103,2026-10-10,2026-09-23
770.0,6,106,2026-10-10,2026-09-23
775.0,8,88,2026-10-10,2026-09-23
780.0,4,243,2026-10-10,2026-09-23
785.0,1,87,2026-10-10,2026-09-23
790.0,1,176,2026-10-10,2026-09-23
795.0,5,225,2026-10-10,2026-09-23
800.0,97,581,2026-10-10,2026-09-23
805.0,2,24,2026-10-10,2026-09-23
810.0,15,869,2026-10-10,2026-09-23
815.0,16,53,2026-10-10,2026-09-23
820.0,93,160,2026-10-10,2026-09-23
825.0,8,70,2026-10-10,2026-09-23
830.0,67,82,2026-10-10,2026-09-23
835.0,11,41,2026-10-10,2026-09-23
840.0,17,332,2026-10-10,2026-09-23
845.0,1,79,2026-10-10,2026-09-23
850.0,66,602,2026-10-10,2026-09-23
855.0,2,42,2026-10-10,2026-09-23
860.0,17,167,2026-10-10,2026-09-23
865.0,16,76,2026-10-10,2026-09-23
870.0,29,300,2026-10-10,2026-09-23
875.0,14,79,2026-10-10,2026-09-23
880.0,37,228,2026-10-10,2026-09-23
885.0,17,81,2026-10-10,2026-09-23
890.0,77,211,2026-10-10,2026-09-23
895.0,3,59,2026-10-10,2026-09-23
900.0,80,506,2026-10-10,2026-09-23
905.0,33,138,2026-10-10,2026-09-23
910.0,67,67,2026-10-10,2026-09-23
915.0,18,85,2026-10-10,2026-09-23
920.0,477,361,2026-10-10,2026-09-23
925.0,104,138,2026-10-10,2026-09-23
930.0,623,945,2026-10-10,2026-09-23
935.0,36,92,2026-10-10,2026-09-23
940.0,211,489,2026-10-10,2026-09-23
945.0,72,226,2026-10-10,2026-09-23
950.0,634,1094,2026-10-10,2026-09-23
955.0,37,74,2026-10-10,2026-09-23
960.0,393,53,2026-10-10,2026-09-23
965.0,58,41,2026-10-10,2026-09-23
970.0,194,112,2026-10-10,2026-09-23
975.0,247,122,2026-10-10,2026-09-23
980.0,425,729,2026-10-10,2026-09-23
985.0,74,111,2026-10-10,2026-09-23
990.0,368,164,2026-10-10,2026-09-23
995.0,93,69,2026-10-10,2026-09-23
1000.0,760,363,2026-10-10,2026-09-23
1005.0,200,50,2026-10-10,2026-09-23
1010.0,121,83,2026-10-10,2026-09-23
1015.0,416,54,2026-10-10,2026-09-23
1020.0,199,66,2026-10-10,2026-09-23
1025.0,186,179,2026-10-10,2026-09-23
1030.0,328,67,2026-10-10,2026-09-23
1035.0,93,132,2026-10-10,2026-09-23
1040.0,271,47,2026-10-10,2026-09-23
1045.0,48,196,2026-10-10,2026-09-23
1050.0,816,59,2026-10-10,2026-09-23
1055.0,53,5,2026-10-10,2026-09-23
1060.0,318,79,2026-10-10,2026-09-23
1065.0,120,21,2026-10-10,2026-09-23
1070.0,410,231,2026-10-10,2026-09-23
1075.0,109,24,2026-10-10,2026-09-23
1080.0,212,272,2026-10-10,2026-09-23
1085.0,69,5,2026-10-10,2026-09-23
1090.0,96,39,2026-10-10,2026-09-23
1095.0,115,12,2026-10-10,2026-09-23
1100.0,641,222,2026-10-10,2026-09-23
1105.0,136,35,2026-10-10,2026-09-23
1110.0,462,36,2026-10-10,2026-09-23
1115.0,49,14,2026-10-10,2026-09-23
1120.0,156,276,2026-10-10,2026-09-23
1125.0,208,19,2026-10-10,2026-09-23
1130.0,95,121,2026-10-10,2026-09-23
1135.0,68,10,2026-10-10,2026-09-23
1140.0,208,82,2026-10-10,2026-09-23
1150.0,350,169,2026-10-10,2026-09-23
1160.0,67,8,2026-10-10,2026-09-23
1170.0,66,1,2026-10-10,2026-09-23
1180.0,122,0,2026-10-10,2026-09-23
1190.0,187,1,2026-10-10,2026-09-23
1200.0,761,7,2026-10-10,2026-09-23
1210.0,166,1,2026-10-10,2026-09-23
1220.0,101,1,2026-10-10,2026-09-23
1230.0,144,0,2026-10-10,2026-09-23
1240.0,268,1,2026-10-10,2026-09-23
1250.0,389,2,2026-10-10,2026-09-23
1260.0,202,6,2026-10-10,2026-09-23
1270.0,64,3,2026-10-10,2026-09-23
1280.0,84,2,2026-10-10,2026-09-23
1290.0,60,5,2026-10-10,2026-09-23
1300.0,468,10,2026-10-10,2026-09-23
1310.0,526,15,2026-10-10,2026-09-23
1320.0,41,5,2026-10-10,2026-09-23
1330.0,536,0,2026-10-10,2026-09-23
1340.0,48,0,2026-10-10,2026-09-23
1350.0,237,1,2026-10-10,2026-09-23
1360.0,42,0,2026-10-10,2026-09-23
1370.0,11,0,2026-10-10,2026-09-23
1380.0,29,1,2026-10-10,2026-09-23
1390.0,40,0,2026-10-10,2026-09-23
1400.0,228,0,2026-10-10,2026-09-23
1410.0,31,2,2026-10-10,2026-09-23
1420.0,40,0,2026-10-10,2026-09-23
1430.0,52,0,2026-10-10,2026-09-23
1440.0,150,0,2026-10-10,2026-09-23
1450.0,75,0,2026-10-10,2026-09-23
1460.0,114,0,2026-10-10,2026-09-23
1470.0,22,0,2026-10-10,2026-09-23
1480.0,9,0,2026-10-10,2026-09-23
1490.0,5,0,2026-10-10,2026-09-23
1500.0,250,0,2026-10-10,2026-09-23
1510.0,45,0,2026-10-10,2026-09-23
1520.0,11,0,2026-10-10,2026-09-23
1530.0,104,0,2026-10-10,2026-09-23
1540.0,24,0,2026-10-10,2026-09-23
1550.0,20,0,2026-10-10,2026-09-23
1560.0,9,0,2026-10-10,2026-09-23
1570.0,16,0,2026-10-10,2026-09-23
1580.0,49,0,2026-10-10,2026-09-23
1590.0,18,0,2026-10-10,2026-09-23
1600.0,123,0,2026-10-10,2026-09-23
1610.0,7,0,2026-10-10,2026-09-23
1620.0,8,0,2026-10-10,2026-09-23
1630.0,4,0,2026-10-10,2026-09-23
1640.0,28,0,2026-10-10,2026-09-23
1650.0,32,0,2026-10-10,2026-09-23
1660.0,16,0,2026-10-10,2026-09-23
1670.0,117,0,2026-10-10,2026-09-23
1680.0,10,0,2026-10-10,2026-09-23
1690.0,10,0,2026-10-10,2026-09-23
1700.0,73,0,2026-10-10,2026-09-23
1710.0,3,0,2026-10-10,2026-09-23
1720.0,6,0,2026-10-10,2026-09-23
1730.0,420,0,2026-10-10,2026-09-23
611.0,0,2230,2026-10-13,2026-09-23
5.0,594,121,2026-10-17,2026-09-23
10.0,5,97,2026-10-17,2026-09-23
15.0,10,180,2026-10-17,2026-09-23
20.0,18,238,2026-10-17,2026-09-23
25.0,50,331,2026-10-17,2026-09-23
30.0,35,365,2026-10-17,2026-09-23
35.0,5,769,2026-10-17,2026-09-23
40.0,6,699,2026-10-17,2026-09-23
45.0,21,613,2026-10-17,2026-09-23
50.0,31,1383,2026-10-17,2026-09-23
55.0,0,5013,2026-10-17,2026-09-23
60.0,5,14619,2026-10-17,2026-09-23
185.0,14,227,2026-10-17,2026-09-23
190.0,7,136,2026-10-17,2026-09-23
195.0,4,1759,2026-10-17,2026-09-23
200.0,44,1868,2026-10-17,2026-09-23
210.0,67,1010,2026-10-17,2026-09-23
220.0,21,1888,2026-10-17,2026-09-23
230.0,6,2692,2026-10-17,2026-09-23
240.0,25,619,2026-10-17,2026-09-23
250.0,529,642,2026-10-17,2026-09-23
260.0,59,2334,2026-10-17,2026-09-23
270.0,67,771,2026-10-17,2026-09-23
280.0,315,753,2026-10-17,2026-09-23
290.0,261,680,2026-10-17,2026-09-23
300.0,240,2091,2026-10-17,2026-09-23
310.0,444,657,2026-10-17,2026-09-23
320.0,228,2665,2026-10-17,2026-09-23
330.0,35,1945,2026-10-17,2026-09-23
340.0,289,4630,2026-10-17,2026-09-23
350.0,315,866,2026-10-17,2026-09-23
360.0,182,2853,2026-10-17,2026-09-23
370.0,122,1015,2026-10-17,2026-09-23
380.0,145,2169,2026-10-17,2026-09-23
390.0,90,560,2026-10-17,2026-09-23
400.0,732,2625,2026-10-17,2026-09-23
410.0,306,823,2026-10-17,2026-09-23
420.0,343,867,2026-10-17,2026-09-23
430.0,136,475,2026-10-17,2026-09-23
440.0,169,393,2026-10-17,2026-09-23
450.0,715,3248,2026-10-17,2026-09-23
460.0,412,959,2026-10-17,2026-09-23
470.0,601,669,2026-10-17,2026-09-23
480.0,443,723,2026-10-17,2026-09-23
490.0,212,735,2026-10-17,2026-09-23
500.0,682,3364,2026-10-17,2026-09-23
510.0,292,520,2026-10-17,2026-09-23
520.0,353,1027,2026-10-17,2026-09-23
530.0,568,1158,2026-10-17,2026-09-23
540.0,557,1198,2026-10-17,2026-09-23
550.0,8,225,2026-10-17,2026-09-23
560.0,728,1130,2026-10-17,2026-09-23
570.0,0,316,2026-10-17,2026-09-23
580.0,193,1821,2026-10-17,2026-09-23
590.0,0,454,2026-10-17,2026-09-23
600.0,1511,4900,2026-10-17,2026-09-23
610.0,3,168,2026-10-17,2026-09-23
620.0,775,1763,2026-10-17,2026-09-23
630.0,3,1605,2026-10-17,2026-09-23
640.0,1710,4238,2026-10-17,2026-09-23
650.0,2,400,2026-10-17,2026-09-23
660.0,332,1498,2026-10-17,2026-09-23
670.0,13,418,2026-10-17,2026-09-23
680.0,419,2247,2026-10-17,2026-09-23
690.0,15,909,2026-10-17,2026-09-23
700.0,1196,7974,2026-10-17,2026-09-23
710.0,10,237,2026-10-17,2026-09-23
720.0,568,884,2026-10-17,2026-09-23
730.0,15,784,2026-10-17,2026-09-23
740.0,748,1907,2026-10-17,2026-09-23
750.0,34,4362,2026-10-17,2026-09-23
760.0,404,2848,2026-10-17,2026-09-23
770.0,125,548,2026-10-17,2026-09-23
775.0,0,9,2026-10-17,2026-09-23
780.0,1269,1811,2026-10-17,2026-09-23
790.0,156,446,2026-10-17,2026-09-23
800.0,1524,5419,2026-10-17,2026-09-23
810.0,1422,614,2026-10-17,2026-09-23
820.0,626,2139,2026-10-17,2026-09-23
830.0,36,462,2026-10-17,2026-09-23
840.0,1574,1984,2026-10-17,2026-09-23
850.0,140,2625,2026-10-17,2026-09-23
860.0,882,2156,2026-10-17,2026-09-23
870.0,2500,2500,2026-10-17,2026-09-23
870.0,54,1676,2026-10-17,2026-09-23
875.0,2000,2000,2026-10-17,2026-09-23
880.0,382,1736,2026-10-17,2026-09-23
890.0,100,607,2026-10-17,2026-09-23
900.0,4400,5547,2026-10-17,2026-09-23
910.0,1913,1340,2026-10-17,2026-09-23
920.0,1086,1086,2026-10-17,2026-09-23
920.0,906,2737,2026-10-17,2026-09-23
925.0,13,104,2026-10-17,2026-09-23
930.0,200,200,2026-10-17,2026-09-23
930.0,706,1028,2026-10-17,2026-09-23
935.0,250,250,2026-10-17,2026-09-23
935.0,2,21,2026-10-17,2026-09-23
940.0,610,2279,2026-10-17,2026-09-23
945.0,14,49,2026-10-17,2026-09-23
950.0,3000,3000,2026-10-17,2026-09-23
950.0,3842,2512,2026-10-17,2026-09-23
955.0,6,126,2026-10-17,2026-09-23
960.0,898,2461,2026-10-17,2026-09-23
965.0,7,102,2026-10-17,2026-09-23
970.0,1027,1598,2026-10-17,2026-09-23
975.0,10,83,2026-10-17,2026-09-23
980.0,6325,7204,2026-10-17,2026-09-23
985.0,4470,4470,2026-10-17,2026-09-23
985.0,5,72,2026-10-17,2026-09-23
990.0,1071,1310,2026-10-17,2026-09-23
995.0,14,111,2026-10-17,2026-09-23
1000.0,3450,3450,2026-10-17,2026-09-23
1000.0,11100,6308,2026-10-17,2026-09-23
1005.0,20,43,2026-10-17,2026-09-23
1010.0,844,397,2026-10-17,2026-09-23
1015.0,31,114,2026-10-17,2026-09-23
1020.0,1069,462,2026-10-17,2026-09-23
1025.0,18,26,2026-10-17,2026-09-23
1030.0,761,435,2026-10-17,2026-09-23
1035.0,72,82,2026-10-17,2026-09-23
1040.0,815,581,2026-10-17,2026-09-23
1045.0,58,52,2026-10-17,2026-09-23
1050.0,4114,706,2026-10-17,2026-09-23
1055.0,87,48,2026-10-17,2026-09-23
1060.0,683,363,2026-10-17,2026-09-23
1065.0,76,39,2026-10-17,2026-09-23
1070.0,686,393,2026-10-17,2026-09-23
1080.0,777,465,2026-10-17,2026-09-23
1090.0,1053,363,2026-10-17,2026-09-23
1100.0,9,0,2026-10-17,2026-09-23
1100.0,6726,3992,2026-10-17,2026-09-23
1110.0,725,122,2026-10-17,2026-09-23
1120.0,591,361,2026-10-17,2026-09-23
1130.0,571,279,2026-10-17,2026-09-23
1140.0,706,191,2026-10-17,2026-09-23
1150.0,9,0,2026-10-17,2026-09-23
1150.0,3518,106,2026-10-17,2026-09-23
1160.0,674,233,2026-10-17,2026-09-23
1170.0,521,163,2026-10-17,2026-09-23
1180.0,450,80,2026-10-17,2026-09-23
1190.0,502,67,2026-10-17,2026-09-23
1200.0,8801,548,2026-10-17,2026-09-23
1210.0,858,51,2026-10-17,2026-09-23
1220.0,1369,36,2026-10-17,2026-09-23
1230.0,441,11,2026-10-17,2026-09-23
1240.0,372,38,2026-10-17,2026-09-23
1250.0,2270,368,2026-10-17,2026-09-23
1260.0,516,103,2026-10-17,2026-09-23
1270.0,588,91,2026-10-17,2026-09-23
1280.0,446,49,2026-10-17,2026-09-23
1290.0,365,60,2026-10-17,2026-09-23
1300.0,7391,143,2026-10-17,2026-09-23
1310.0,391,43,2026-10-17,2026-09-23
1320.0,441,67,2026-10-17,2026-09-23
1330.0,20,0,2026-10-17,2026-09-23
1330.0,834,13,2026-10-17,2026-09-23
1340.0,262,44,2026-10-17,2026-09-23
1350.0,866,195,2026-10-17,2026-09-23
1360.0,483,27,2026-10-17,2026-09-23
1370.0,200,36,2026-10-17,2026-09-23
1380.0,215,27,2026-10-17,2026-09-23
1390.0,356,13,2026-10-17,2026-09-23
1400.0,3911,32,2026-10-17,2026-09-23
1410.0,252,90,2026-10-17,2026-09-23
1420.0,294,7,2026-10-17,2026-09-23
1430.0,557,21,2026-10-17,2026-09-23
1440.0,210,18,2026-10-17,2026-09-23
1450.0,1192,17,2026-10-17,2026-09-23
1460.0,20,0,2026-10-17,2026-09-23
1460.0,337,0,2026-10-17,2026-09-23
1470.0,388,0,2026-10-17,2026-09-23
1480.0,278,0,2026-10-17,2026-09-23
1490.0,347,1,2026-10-17,2026-09-23
1500.0,5887,22,2026-10-17,2026-09-23
1510.0,654,0,2026-10-17,2026-09-23
1520.0,413,0,2026-10-17,2026-09-23
1530.0,268,0,2026-10-17,2026-09-23
1540.0,312,0,2026-10-17,2026-09-23
1550.0,695,0,2026-10-17,2026-09-23
1560.0,136,0,2026-10-17,2026-09-23
1570.0,317,0,2026-10-17,2026-09-23
1580.0,201,0,2026-10-17,2026-09-23
1590.0,275,0,2026-10-17,2026-09-23
1600.0,1971,0,2026-10-17,2026-09-23
1610.0,291,0,2026-10-17,2026-09-23
1620.0,209,0,2026-10-17,2026-09-23
1630.0,312,0,2026-10-17,2026-09-23
1640.0,89,0,2026-10-17,2026-09-23
1650.0,217,0,2026-10-17,2026-09-23
1660.0,547,0,2026-10-17,2026-09-23
1670.0,254,0,2026-10-17,2026-09-23
1680.0,929,0,2026-10-17,2026-09-23
1690.0,838,0,2026-10-17,2026-09-23
1700.0,1328,0,2026-10-17,2026-09-23
1710.0,167,0,2026-10-17,2026-09-23
1720.0,149,0,2026-10-17,2026-09-23
1730.0,275,0,2026-10-17,2026-09-23
1740.0,287,0,2026-10-17,2026-09-23
1750.0,246,0,2026-10-17,2026-09-23
1760.0,288,0,2026-10-17,2026-09-23
1770.0,442,0,2026-10-17,2026-09-23
1780.0,206,0,2026-10-17,2026-09-23
1790.0,420,0,2026-10-17,2026-09-23
1800.0,932,0,2026-10-17,2026-09-23
1810.0,507,0,2026-10-17,2026-09-23
1820.0,1087,0,2026-10-17,2026-09-23
1830.0,1482,0,2026-10-17,2026-09-23
1840.0,489,0,2026-10-17,2026-09-23
1850.0,765,0,2026-10-17,2026-09-23
1860.0,230,0,2026-10-17,2026-09-23
1870.0,241,0,2026-10-17,2026-09-23
1880.0,294,0,2026-10-17,2026-09-23
1890.0,392,0,2026-10-17,2026-09-23
1900.0,654,0,2026-10-17,2026-09-23
1910.0,1042,0,2026-10-17,2026-09-23
1920.0,195,0,2026-10-17,2026-09-23
1930.0,404,0,2026-10-17,2026-09-23
1940.0,245,0,2026-10-17,2026-09-23
1950.0,416,0,2026-10-17,2026-09-23
1960.0,422,0,2026-10-17,2026-09-23
1970.0,90,0,2026-10-17,2026-09-23
1980.0,157,0,2026-10-17,2026-09-23
1990.0,120,0,2026-10-17,2026-09-23
2000.0,2575,0,2026-10-17,2026-09-23
2010.0,76,0,2026-10-17,2026-09-23
2020.0,84,0,2026-10-17,2026-09-23
2030.0,254,0,2026-10-17,2026-09-23
2040.0,32,0,2026-10-17,2026-09-23
2050.0,256,0,2026-10-17,2026-09-23
2060.0,269,0,2026-10-17,2026-09-23
2070.0,96,0,2026-10-17,2026-09-23
2080.0,315,0,2026-10-17,2026-09-23
2090.0,261,0,2026-10-17,2026-09-23
2100.0,290,0,2026-10-17,2026-09-23
2110.0,135,0,2026-10-17,2026-09-23
2120.0,196,0,2026-10-17,2026-09-23
2130.0,103,0,2026-10-17,2026-09-23
2140.0,138,0,2026-10-17,2026-09-23
2150.0,214,0,2026-10-17,2026-09-23
2160.0,84,0,2026-10-17,2026-09-23
2170.0,316,0,2026-10-17,2026-09-23
2180.0,61,0,2026-10-17,2026-09-23
2190.0,82,0,2026-10-17,2026-09-23
2200.0,264,0,2026-10-17,2026-09-23
2210.0,57,0,2026-10-17,2026-09-23
2220.0,162,0,2026-10-17,2026-09-23
2230.0,36,0,2026-10-17,2026-09-23
2240.0,31,0,2026-10-17,2026-09-23
2250.0,157,0,2026-10-17,2026-09-23
2260.0,112,0,2026-10-17,2026-09-23
2270.0,126,0,2026-10-17,2026-09-23
2280.0,106,0,2026-10-17,2026-09-23
2290.0,439,0,2026-10-17,2026-09-23
2300.0,397,0,2026-10-17,2026-09-23
2310.0,95,0,2026-10-17,2026-09-23
2320.0,210,0,2026-10-17,2026-09-23
2330.0,137,0,2026-10-17,2026-09-23
2340.0,101,0,2026-10-17,2026-09-23
2350.0,42,0,2026-10-17,2026-09-23
2360.0,206,0,2026-10-17,2026-09-23
2370.0,166,0,2026-10-17,2026-09-23
2380.0,77,0,2026-10-17,2026-09-23
2390.0,161,0,2026-10-17,2026-09-23
2400.0,281,0,2026-10-17,2026-09-23
2410.0,152,0,2026-10-17,2026-09-23
2420.0,707,0,2026-10-17,2026-09-23
2440.0,171,0,2026-10-17,2026-09-23
2460.0,186,0,2026-10-17,2026-09-23
2480.0,225,0,2026-10-17,2026-09-23
2500.0,3432,0,2026-10-17,2026-09-23
999.03,1144,1144,2026-10-21,2026-09-23
5.0,0,0,2026-10-24,2026-09-23
10.0,0,0,2026-10-24,2026-09-23
15.0,0,0,2026-10-24,2026-09-23
20.0,0,0,2026-10-24,2026-09-23
25.0,0,0,2026-10-24,2026-09-23
30.0,0,0,2026-10-24,2026-09-23
35.0,0,0,2026-10-24,2026-09-23
40.0,0,0,2026-10-24,2026-09-23
45.0,0,0,2026-10-24,2026-09-23
50.0,0,0,2026-10-24,2026-09-23
55.0,0,0,2026-10-24,2026-09-23
60.0,0,0,2026-10-24,2026-09-23
65.0,0,0,2026-10-24,2026-09-23
70.0,0,0,2026-10-24,2026-09-23
75.0,0,0,2026-10-24,2026-09-23
80.0,0,0,2026-10-24,2026-09-23
85.0,0,0,2026-10-24,2026-09-23
90.0,0,0,2026-10-24,2026-09-23
95.0,0,0,2026-10-24,2026-09-23
100.0,2,0,2026-10-24,2026-09-23
105.0,0,0,2026-10-24,2026-09-23
110.0,0,0,2026-10-24,2026-09-23
115.0,0,0,2026-10-24,2026-09-23
120.0,0,0,2026-10-24,2026-09-23
125.0,0,0,2026-10-24,2026-09-23
130.0,0,0,2026-10-24,2026-09-23
135.0,0,0,2026-10-24,2026-09-23
140.0,0,0,2026-10-24,2026-09-23
145.0,0,6,2026-10-24,2026-09-23
150.0,0,0,2026-10-24,2026-09-23
155.0,0,0,2026-10-24,2026-09-23
160.0,0,0,2026-10-24,2026-09-23
165.0,0,0,2026-10-24,2026-09-23
170.0,0,0,2026-10-24,2026-09-23
175.0,0,0,2026-10-24,2026-09-23
180.0,0,1,2026-10-24,2026-09-23
185.0,0,5,2026-10-24,2026-09-23
190.0,0,11,2026-10-24,2026-09-23
195.0,0,8,2026-10-24,2026-09-23
200.0,0,26,2026-10-24,2026-09-23
205.0,0,8,2026-10-24,2026-09-23
210.0,0,31,2026-10-24,2026-09-23
215.0,0,27,2026-10-24,2026-09-23
220.0,0,40,2026-10-24,2026-09-23
225.0,0,28,2026-10-24,2026-09-23
230.0,0,26,2026-10-24,2026-09-23
235.0,0,31,2026-10-24,2026-09-23
240.0,0,41,2026-10-24,2026-09-23
245.0,0,50,2026-10-24,2026-09-23
250.0,0,65,2026-10-24,2026-09-23
255.0,0,94,2026-10-24,2026-09-23
260.0,0,21,2026-10-24,2026-09-23
265.0,8,19,2026-10-24,2026-09-23
270.0,0,7,2026-10-24,2026-09-23
275.0,3,9,2026-10-24,2026-09-23
280.0,0,13,2026-10-24,2026-09-23
285.0,0,9,2026-10-24,2026-09-23
290.0,0,11,2026-10-24,2026-09-23
295.0,0,16,2026-10-24,2026-09-23
300.0,0,14,2026-10-24,2026-09-23
305.0,0,21,2026-10-24,2026-09-23
310.0,0,33,2026-10-24,2026-09-23
315.0,0,16,2026-10-24,2026-09-23
320.0,0,23,2026-10-24,2026-09-23
325.0,0,16,2026-10-24,2026-09-23
330.0,0,18,2026-10-24,2026-09-23
335.0,0,15,2026-10-24,2026-09-23
340.0,0,37,2026-10-24,2026-09-23
345.0,0,20,2026-10-24,2026-09-23
350.0,0,16,2026-10-24,2026-09-23
355.0,0,14,2026-10-24,2026-09-23
360.0,0,6,2026-10-24,2026-09-23
365.0,0,14,2026-10-24,2026-09-23
370.0,0,11,2026-10-24,2026-09-23
375.0,0,13,2026-10-24,2026-09-23
380.0,0,6,2026-10-24,2026-09-23
385.0,0,21,2026-10-24,2026-09-23
390.0,1,8,2026-10-24,2026-09-23
395.0,0,5,2026-10-24,2026-09-23
400.0,0,18,2026-10-24,2026-09-23
405.0,6,3,2026-10-24,2026-09-23
410.0,1,2,2026-10-24,2026-09-23
415.0,0,4,2026-10-24,2026-09-23
420.0,0,6,2026-10-24,2026-09-23
425.0,0,11,2026-10-24,2026-09-23
430.0,1,13,2026-10-24,2026-09-23
435.0,0,2,2026-10-24,2026-09-23
440.0,3,1,2026-10-24,2026-09-23
445.0,0,4,2026-10-24,2026-09-23
450.0,1,10,2026-10-24,2026-09-23
455.0,0,3,2026-10-24,2026-09-23
460.0,0,8,2026-10-24,2026-09-23
465.0,0,2,2026-10-24,2026-09-23
470.0,0,3,2026-10-24,2026-09-23
475.0,1,2,2026-10-24,2026-09-23
480.0,0,2,2026-10-24,2026-09-23
485.0,0,4,2026-10-24,2026-09-23
490.0,2,2,2026-10-24,2026-09-23
495.0,0,19,2026-10-24,2026-09-23
500.0,0,58,2026-10-24,2026-09-23
505.0,0,35,2026-10-24,2026-09-23
510.0,1,1,2026-10-24,2026-09-23
515.0,0,0,2026-10-24,2026-09-23
520.0,0,1,2026-10-24,2026-09-23
525.0,0,2,2026-10-24,2026-09-23
530.0,0,0,2026-10-24,2026-09-23
535.0,1,47,2026-10-24,2026-09-23
540.0,0,62,2026-10-24,2026-09-23
545.0,0,0,2026-10-24,2026-09-23
550.0,0,4,2026-10-24,2026-09-23
555.0,0,0,2026-10-24,2026-09-23
560.0,0,2,2026-10-24,2026-09-23
565.0,0,1,2026-10-24,2026-09-23
570.0,0,20,2026-10-24,2026-09-23
575.0,0,1,2026-10-24,2026-09-23
580.0,1,9,2026-10-24,2026-09-23
585.0,1,0,2026-10-24,2026-09-23
590.0,1,1,2026-10-24,2026-09-23
595.0,0,22,2026-10-24,2026-09-23
600.0,1,19,2026-10-24,2026-09-23
605.0,0,1,2026-10-24,2026-09-23
610.0,0,13,2026-10-24,2026-09-23
615.0,0,2,2026-10-24,2026-09-23
620.0,4,54,2026-10-24,2026-09-23
625.0,0,11,2026-10-24,2026-09-23
630.0,1,0,2026-10-24,2026-09-23
635.0,0,1,2026-10-24,2026-09-23
640.0,0,20,2026-10-24,2026-09-23
645.0,0,1,2026-10-24,2026-09-23
650.0,0,137,2026-10-24,2026-09-23
655.0,1,144,2026-10-24,2026-09-23
660.0,0,10,2026-10-24,2026-09-23
665.0,0,5,2026-10-24,2026-09-23
670.0,0,21,2026-10-24,2026-09-23
675.0,2,60,2026-10-24,2026-09-23
680.0,0,68,2026-10-24,2026-09-23
685.0,1,59,2026-10-24,2026-09-23
690.0,2,70,2026-10-24,2026-09-23
695.0,1,21,2026-10-24,2026-09-23
700.0,2,175,2026-10-24,2026-09-23
705.0,0,20,2026-10-24,2026-09-23
710.0,0,49,2026-10-24,2026-09-23
715.0,3,65,2026-10-24,2026-09-23
720.0,1,76,2026-10-24,2026-09-23
725.0,0,36,2026-10-24,2026-09-23
730.0,1,192,2026-10-24,2026-09-23
735.0,0,9,2026-10-24,2026-09-23
740.0,10,72,2026-10-24,2026-09-23
745.0,2,61,2026-10-24,2026-09-23
750.0,5,227,2026-10-24,2026-09-23
755.0,6,91,2026-10-24,2026-09-23
760.0,1,50,2026-10-24,2026-09-23
765.0,5,33,2026-10-24,2026-09-23
770.0,0,56,2026-10-24,2026-09-23
775.0,2,88,2026-10-24,2026-09-23
780.0,13,59,2026-10-24,2026-09-23
785.0,0,53,2026-10-24,2026-09-23
790.0,28,56,2026-10-24,2026-09-23
795.0,25,38,2026-10-24,2026-09-23
800.0,209,316,2026-10-24,2026-09-23
805.0,0,62,2026-10-24,2026-09-23
810.0,0,196,2026-10-24,2026-09-23
815.0,1,62,2026-10-24,2026-09-23
820.0,2,184,2026-10-24,2026-09-23
825.0,7,94,2026-10-24,2026-09-23
830.0,11,120,2026-10-24,2026-09-23
835.0,1,81,2026-10-24,2026-09-23
840.0,52,48,2026-10-24,2026-09-23
845.0,0,94,2026-10-24,2026-09-23
850.0,2,798,2026-10-24,2026-09-23
855.0,1,33,2026-10-24,2026-09-23
860.0,1,133,2026-10-24,2026-09-23
865.0,0,32,2026-10-24,2026-09-23
870.0,1,188,2026-10-24,2026-09-23
875.0,11,54,2026-10-24,2026-09-23
880.0,10,196,2026-10-24,2026-09-23
885.0,1,42,2026-10-24,2026-09-23
890.0,19,68,2026-10-24,2026-09-23
895.0,27,120,2026-10-24,2026-09-23
900.0,246,257,2026-10-24,2026-09-23
905.0,24,58,2026-10-24,2026-09-23
910.0,9,43,2026-10-24,2026-09-23
915.0,9,32,2026-10-24,2026-09-23
920.0,1500,1500,2026-10-24,2026-09-23
920.0,56,85,2026-10-24,2026-09-23
925.0,69,61,2026-10-24,2026-09-23
930.0,61,122,2026-10-24,2026-09-23
935.0,66,53,2026-10-24,2026-09-23
940.0,50,73,2026-10-24,2026-09-23
945.0,20,23,2026-10-24,2026-09-23
950.0,43,356,2026-10-24,2026-09-23
955.0,84,42,2026-10-24,2026-09-23
960.0,48,39,2026-10-24,2026-09-23
965.0,5,40,2026-10-24,2026-09-23
970.0,54,87,2026-10-24,2026-09-23
975.0,66,38,2026-10-24,2026-09-23
980.0,58,42,2026-10-24,2026-09-23
985.0,13,82,2026-10-24,2026-09-23
990.0,67,21,2026-10-24,2026-09-23
995.0,67,69,2026-10-24,2026-09-23
1000.0,194,363,2026-10-24,2026-09-23
1005.0,21,36,2026-10-24,2026-09-23
1010.0,109,15,2026-10-24,2026-09-23
1015.0,42,26,2026-10-24,2026-09-23
1020.0,98,136,2026-10-24,2026-09-23
1025.0,92,16,2026-10-24,2026-09-23
1030.0,62,31,2026-10-24,2026-09-23
1035.0,41,25,2026-10-24,2026-09-23
1040.0,135,28,2026-10-24,2026-09-23
1045.0,68,20,2026-10-24,2026-09-23
1050.0,196,380,2026-10-24,2026-09-23
1055.0,61,16,2026-10-24,2026-09-23
1060.0,188,24,2026-10-24,2026-09-23
1065.0,17,14,2026-10-24,2026-09-23
1070.0,37,18,2026-10-24,2026-09-23
1075.0,217,22,2026-10-24,2026-09-23
1080.0,58,46,2026-10-24,2026-09-23
1085.0,106,11,2026-10-24,2026-09-23
1090.0,47,6,2026-10-24,2026-09-23
1095.0,88,9,2026-10-24,2026-09-23
1100.0,303,382,2026-10-24,2026-09-23
1105.0,160,12,2026-10-24,2026-09-23
1110.0,35,13,2026-10-24,2026-09-23
1115.0,19,0,2026-10-24,2026-09-23
1120.0,66,0,2026-10-24,2026-09-23
1125.0,64,0,2026-10-24,2026-09-23
1130.0,17,3,2026-10-24,2026-09-23
1135.0,21,1,2026-10-24,2026-09-23
1140.0,34,0,2026-10-24,2026-09-23
1150.0,328,5,2026-10-24,2026-09-23
1160.0,66,21,2026-10-24,2026-09-23
1170.0,75,12,2026-10-24,2026-09-23
1180.0,219,19,2026-10-24,2026-09-23
1190.0,41,15,2026-10-24,2026-09-23
1200.0,257,23,2026-10-24,2026-09-23
1210.0,60,14,2026-10-24,2026-09-23
1220.0,97,8,2026-10-24,2026-09-23
1230.0,218,38,2026-10-24,2026-09-23
1240.0,44,5,2026-10-24,2026-09-23
1250.0,175,0,2026-10-24,2026-09-23
1260.0,176,0,2026-10-24,2026-09-23
1270.0,41,5,2026-10-24,2026-09-23
1280.0,31,4,2026-10-24,2026-09-23
1290.0,105,1,2026-10-24,2026-09-23
1300.0,494,1,2026-10-24,2026-09-23
1310.0,32,0,2026-10-24,2026-09-23
1320.0,23,0,2026-10-24,2026-09-23
1330.0,49,0,2026-10-24,2026-09-23
1340.0,113,0,2026-10-24,2026-09-23
1350.0,51,0,2026-10-24,2026-09-23
1360.0,49,0,2026-10-24,2026-09-23
1370.0,24,2,2026-10-24,2026-09-23
1380.0,93,0,2026-10-24,2026-09-23
1390.0,35,0,2026-10-24,2026-09-23
1400.0,252,2,2026-10-24,2026-09-23
1410.0,7,0,2026-10-24,2026-09-23
1420.0,30,0,2026-10-24,2026-09-23
1430.0,52,0,2026-10-24,2026-09-23
1440.0,7,0,2026-10-24,2026-09-23
1450.0,136,0,2026-10-24,2026-09-23
1460.0,27,0,2026-10-24,2026-09-23
1470.0,22,0,2026-10-24,2026-09-23
1480.0,14,0,2026-10-24,2026-09-23
1490.0,264,0,2026-10-24,2026-09-23
1500.0,109,0,2026-10-24,2026-09-23
1510.0,19,0,2026-10-24,2026-09-23
1520.0,11,0,2026-10-24,2026-09-23
1530.0,62,0,2026-10-24,2026-09-23
1540.0,11,0,2026-10-24,2026-09-23
1550.0,11,0,2026-10-24,2026-09-23
1560.0,3,0,2026-10-24,2026-09-23
1570.0,20,0,2026-10-24,2026-09-23
1580.0,3,0,2026-10-24,2026-09-23
1590.0,19,0,2026-10-24,2026-09-23
1600.0,24,0,2026-10-24,2026-09-23
1610.0,34,0,2026-10-24,2026-09-23
1620.0,14,0,2026-10-24,2026-09-23
1630.0,9,0,2026-10-24,2026-09-23
1640.0,16,0,2026-10-24,2026-09-23
1650.0,11,0,2026-10-24,2026-09-23
1660.0,14,0,2026-10-24,2026-09-23
1670.0,6,0,2026-10-24,2026-09-23
1680.0,5,0,2026-10-24,2026-09-23
1690.0,17,0,2026-10-24,2026-09-23
1700.0,23,0,2026-10-24,2026-09-23
1710.0,5,0,2026-10-24,2026-09-23
1720.0,3,0,2026-10-24,2026-09-23
1730.0,42,0,2026-10-24,2026-09-23
1100.0,29,0,2026-10-29,2026-09-23
1000.0,4150,4150,2026-10-30,2026-09-23
5.0,0,0,2026-10-31,2026-09-23
10.0,0,0,2026-10-31,2026-09-23
15.0,0,0,2026-10-31,2026-09-23
20.0,0,0,2026-10-31,2026-09-23
25.0,0,0,2026-10-31,2026-09-23
30.0,0,0,2026-10-31,2026-09-23
35.0,0,0,2026-10-31,2026-09-23
40.0,0,0,2026-10-31,2026-09-23
45.0,0,0,2026-10-31,2026-09-23
50.0,0,0,2026-10-31,2026-09-23
55.0,0,0,2026-10-31,2026-09-23
60.0,0,0,2026-10-31,2026-09-23
65.0,0,0,2026-10-31,2026-09-23
70.0,0,0,2026-10-31,2026-09-23
75.0,0,0,2026-10-31,2026-09-23
80.0,0,0,2026-10-31,2026-09-23
85.0,0,0,2026-10-31,2026-09-23
90.0,0,0,2026-10-31,2026-09-23
95.0,0,0,2026-10-31,2026-09-23
100.0,0,0,2026-10-31,2026-09-23
105.0,0,0,2026-10-31,2026-09-23
110.0,0,0,2026-10-31,2026-09-23
115.0,0,0,2026-10-31,2026-09-23
120.0,0,0,2026-10-31,2026-09-23
125.0,0,0,2026-10-31,2026-09-23
130.0,0,0,2026-10-31,2026-09-23
135.0,0,0,2026-10-31,2026-09-23
140.0,0,0,2026-10-31,2026-09-23
145.0,0,0,2026-10-31,2026-09-23
150.0,0,0,2026-10-31,2026-09-23
155.0,0,0,2026-10-31,2026-09-23
160.0,0,0,2026-10-31,2026-09-23
165.0,0,0,2026-10-31,2026-09-23
170.0,0,0,2026-10-31,2026-09-23
175.0,0,0,2026-10-31,2026-09-23
180.0,0,0,2026-10-31,2026-09-23
185.0,1,79,2026-10-31,2026-09-23
190.0,0,131,2026-10-31,2026-09-23
195.0,0,48,2026-10-31,2026-09-23
200.0,0,105,2026-10-31,2026-09-23
210.0,0,24,2026-10-31,2026-09-23
220.0,1,17,2026-10-31,2026-09-23
230.0,0,15,2026-10-31,2026-09-23
240.0,0,15,2026-10-31,2026-09-23
250.0,0,33,2026-10-31,2026-09-23
260.0,0,28,2026-10-31,2026-09-23
270.0,0,11,2026-10-31,2026-09-23
280.0,2,20,2026-10-31,2026-09-23
290.0,0,23,2026-10-31,2026-09-23
300.0,20,21,2026-10-31,2026-09-23
310.0,0,9,2026-10-31,2026-09-23
320.0,0,8,2026-10-31,2026-09-23
330.0,0,10,2026-10-31,2026-09-23
340.0,0,12,2026-10-31,2026-09-23
350.0,6,9,2026-10-31,2026-09-23
360.0,0,44,2026-10-31,2026-09-23
370.0,26,37,2026-10-31,2026-09-23
380.0,0,19,2026-10-31,2026-09-23
390.0,0,23,2026-10-31,2026-09-23
400.0,0,27,2026-10-31,2026-09-23
410.0,0,2,2026-10-31,2026-09-23
420.0,3,11,2026-10-31,2026-09-23
430.0,10,2,2026-10-31,2026-09-23
440.0,0,4,2026-10-31,2026-09-23
450.0,0,9,2026-10-31,2026-09-23
460.0,38,9,2026-10-31,2026-09-23
470.0,0,0,2026-10-31,2026-09-23
480.0,0,4,2026-10-31,2026-09-23
490.0,0,2,2026-10-31,2026-09-23
500.0,1,1,2026-10-31,2026-09-23
510.0,1,30,2026-10-31,2026-09-23
520.0,1,31,2026-10-31,2026-09-23
530.0,1,19,2026-10-31,2026-09-23
540.0,0,8,2026-10-31,2026-09-23
550.0,0,11,2026-10-31,2026-09-23
560.0,2,6,2026-10-31,2026-09-23
570.0,0,5,2026-10-31,2026-09-23
580.0,0,6,2026-10-31,2026-09-23
590.0,0,5,2026-10-31,2026-09-23
600.0,0,141,2026-10-31,2026-09-23
610.0,0,3,2026-10-31,2026-09-23
620.0,0,29,2026-10-31,2026-09-23
630.0,0,15,2026-10-31,2026-09-23
640.0,1,7,2026-10-31,2026-09-23
650.0,3,80,2026-10-31,2026-09-23
660.0,2,24,2026-10-31,2026-09-23
670.0,0,21,2026-10-31,2026-09-23
680.0,1,19,2026-10-31,2026-09-23
690.0,1,9,2026-10-31,2026-09-23
700.0,87,135,2026-10-31,2026-09-23
710.0,4,41,2026-10-31,2026-09-23
720.0,3,165,2026-10-31,2026-09-23
730.0,21,85,2026-10-31,2026-09-23
740.0,0,29,2026-10-31,2026-09-23
750.0,100,125,2026-10-31,2026-09-23
760.0,1,37,2026-10-31,2026-09-23
770.0,47,223,2026-10-31,2026-09-23
780.0,9,98,2026-10-31,2026-09-23
790.0,1,56,2026-10-31,2026-09-23
795.0,3,48,2026-10-31,2026-09-23
800.0,41,279,2026-10-31,2026-09-23
805.0,0,62,2026-10-31,2026-09-23
810.0,10,44,2026-10-31,2026-09-23
815.0,18,38,2026-10-31,2026-09-23
820.0,3,28,2026-10-31,2026-09-23
825.0,103,42,2026-10-31,2026-09-23
830.0,12,85,2026-10-31,2026-09-23
835.0,2,57,2026-10-31,2026-09-23
840.0,3,98,2026-10-31,2026-09-23
845.0,3,36,2026-10-31,2026-09-23
850.0,8,743,2026-10-31,2026-09-23
855.0,1,51,2026-10-31,2026-09-23
860.0,12,82,2026-10-31,2026-09-23
865.0,45,417,2026-10-31,2026-09-23
870.0,32,55,2026-10-31,2026-09-23
875.0,1,35,2026-10-31,2026-09-23
880.0,78,101,2026-10-31,2026-09-23
885.0,6,41,2026-10-31,2026-09-23
890.0,13,147,2026-10-31,2026-09-23
895.0,3,74,2026-10-31,2026-09-23
900.0,346,521,2026-10-31,2026-09-23
905.0,422,31,2026-10-31,2026-09-23
910.0,203,89,2026-10-31,2026-09-23
915.0,18,62,2026-10-31,2026-09-23
920.0,87,232,2026-10-31,2026-09-23
925.0,96,71,2026-10-31,2026-09-23
930.0,31,118,2026-10-31,2026-09-23
935.0,12,24,2026-10-31,2026-09-23
940.0,128,35,2026-10-31,2026-09-23
945.0,36,20,2026-10-31,2026-09-23
950.0,283,81,2026-10-31,2026-09-23
955.0,41,58,2026-10-31,2026-09-23
960.0,20,39,2026-10-31,2026-09-23
965.0,13,21,2026-10-31,2026-09-23
970.0,53,45,2026-10-31,2026-09-23
975.0,35,133,2026-10-31,2026-09-23
980.0,59,47,2026-10-31,2026-09-23
985.0,70,48,2026-10-31,2026-09-23
990.0,45,22,2026-10-31,2026-09-23
995.0,65,58,2026-10-31,2026-09-23
1000.0,373,146,2026-10-31,2026-09-23
1005.0,65,13,2026-10-31,2026-09-23
1010.0,35,10,2026-10-31,2026-09-23
1015.0,16,3,2026-10-31,2026-09-23
1020.0,22,37,2026-10-31,2026-09-23
1025.0,124,19,2026-10-31,2026-09-23
1030.0,102,13,2026-10-31,2026-09-23
1035.0,48,37,2026-10-31,2026-09-23
1040.0,55,38,2026-10-31,2026-09-23
1045.0,55,159,2026-10-31,2026-09-23
1050.0,600,600,2026-10-31,2026-09-23
1050.0,155,24,2026-10-31,2026-09-23
1055.0,37,56,2026-10-31,2026-09-23
1060.0,54,7,2026-10-31,2026-09-23
1065.0,24,7,2026-10-31,2026-09-23
1070.0,82,18,2026-10-31,2026-09-23
1075.0,151,15,2026-10-31,2026-09-23
1080.0,89,16,2026-10-31,2026-09-23
1085.0,35,1,2026-10-31,2026-09-23
1090.0,127,7,2026-10-31,2026-09-23
1095.0,52,7,2026-10-31,2026-09-23
1100.0,594,122,2026-10-31,2026-09-23
1105.0,20,1,2026-10-31,2026-09-23
1110.0,142,26,2026-10-31,2026-09-23
1115.0,25,44,2026-10-31,2026-09-23
1120.0,95,4,2026-10-31,2026-09-23
1125.0,80,2,2026-10-31,2026-09-23
1130.0,56,19,2026-10-31,2026-09-23
1135.0,16,1,2026-10-31,2026-09-23
1140.0,5,0,2026-10-31,2026-09-23
1140.0,31,1,2026-10-31,2026-09-23
1150.0,174,18,2026-10-31,2026-09-23
1160.0,41,2,2026-10-31,2026-09-23
1170.0,22,2,2026-10-31,2026-09-23
1180.0,28,0,2026-10-31,2026-09-23
1190.0,22,0,2026-10-31,2026-09-23
1200.0,344,5,2026-10-31,2026-09-23
1210.0,52,3,2026-10-31,2026-09-23
1220.0,23,1,2026-10-31,2026-09-23
1230.0,55,1,2026-10-31,2026-09-23
1240.0,21,1,2026-10-31,2026-09-23
1250.0,162,3,2026-10-31,2026-09-23
1260.0,51,0,2026-10-31,2026-09-23
1270.0,74,1,2026-10-31,2026-09-23
1280.0,111,0,2026-10-31,2026-09-23
1290.0,10,1,2026-10-31,2026-09-23
1300.0,146,1,2026-10-31,2026-09-23
1310.0,14,0,2026-10-31,2026-09-23
1320.0,74,0,2026-10-31,2026-09-23
1330.0,40,0,2026-10-31,2026-09-23
1340.0,39,2,2026-10-31,2026-09-23
1350.0,57,1,2026-10-31,2026-09-23
1360.0,38,0,2026-10-31,2026-09-23
1370.0,39,0,2026-10-31,2026-09-23
1380.0,12,0,2026-10-31,2026-09-23
1390.0,12,0,2026-10-31,2026-09-23
1400.0,303,0,2026-10-31,2026-09-23
1410.0,7,0,2026-10-31,2026-09-23
1420.0,12,1,2026-10-31,2026-09-23
1430.0,4,0,2026-10-31,2026-09-23
1440.0,3,0,2026-10-31,2026-09-23
1450.0,31,0,2026-10-31,2026-09-23
1460.0,22,0,2026-10-31,2026-09-23
1470.0,11,3,2026-10-31,2026-09-23
1480.0,4,2,2026-10-31,2026-09-23
1490.0,2,0,2026-10-31,2026-09-23
1500.0,452,0,2026-10-31,2026-09-23
1510.0,75,0,2026-10-31,2026-09-23
1520.0,3,0,2026-10-31,2026-09-23
1530.0,8,0,2026-10-31,2026-09-23
1540.0,0,0,2026-10-31,2026-09-23
1550.0,23,0,2026-10-31,2026-09-23
1560.0,1,0,2026-10-31,2026-09-23
1570.0,1,0,2026-10-31,2026-09-23
1580.0,1,0,2026-10-31,2026-09-23
1590.0,0,0,2026-10-31,2026-09-23
1600.0,26,0,2026-10-31,2026-09-23
1610.0,39,0,2026-10-31,2026-09-23
1620.0,6,0,2026-10-31,2026-09-23
1630.0,2,0,2026-10-31,2026-09-23
1640.0,1,0,2026-10-31,2026-09-23
1650.0,6,0,2026-10-31,2026-09-23
1660.0,1,0,2026-10-31,2026-09-23
1670.0,2,0,2026-10-31,2026-09-23
1680.0,2,0,2026-10-31,2026-09-23
1690.0,0,0,2026-10-31,2026-09-23
1700.0,71,0,2026-10-31,2026-09-23
1710.0,1,0,2026-10-31,2026-09-23
1720.0,9,0,2026-10-31,2026-09-23
1730.0,272,0,2026-10-31,2026-09-23
1250.0,29,0,2026-11-05,2026-09-23
1340.0,9,0,2026-11-05,2026-09-23
1100.0,300,300,2026-11-07,2026-09-23
1100.0,550,550,2026-11-14,2026-09-23
5.0,1,87,2026-11-21,2026-09-23
10.0,0,49,2026-11-21,2026-09-23
15.0,0,644,2026-11-21,2026-09-23
20.0,1,165,2026-11-21,2026-09-23
25.0,0,141,2026-11-21,2026-09-23
30.0,1,52,2026-11-21,2026-09-23
35.0,9,815,2026-11-21,2026-09-23
40.0,4,47,2026-11-21,2026-09-23
45.0,2,88,2026-11-21,2026-09-23
50.0,5,52,2026-11-21,2026-09-23
55.0,8,194,2026-11-21,2026-09-23
60.0,12,285,2026-11-21,2026-09-23
65.0,3,560,2026-11-21,2026-09-23
70.0,1,895,2026-11-21,2026-09-23
75.0,11,52,2026-11-21,2026-09-23
80.0,4,56,2026-11-21,2026-09-23
85.0,1,36,2026-11-21,2026-09-23
90.0,12,158,2026-11-21,2026-09-23
95.0,5,724,2026-11-21,2026-09-23
100.0,40,982,2026-11-21,2026-09-23
105.0,2,170,2026-11-21,2026-09-23
110.0,48,381,2026-11-21,2026-09-23
115.0,5,185,2026-11-21,2026-09-23
120.0,17,96,2026-11-21,2026-09-23
125.0,3,467,2026-11-21,2026-09-23
130.0,24,140,2026-11-21,2026-09-23
135.0,10,4117,2026-11-21,2026-09-23
140.0,18,53,2026-11-21,2026-09-23
145.0,4,221,2026-11-21,2026-09-23
150.0,3,685,2026-11-21,2026-09-23
155.0,19,117,2026-11-21,2026-09-23
160.0,28,241,2026-11-21,2026-09-23
165.0,28,87,2026-11-21,2026-09-23
170.0,9,91,2026-11-21,2026-09-23
175.0,19,234,2026-11-21,2026-09-23
180.0,24,131,2026-11-21,2026-09-23
185.0,9,147,2026-11-21,2026-09-23
190.0,6,305,2026-11-21,2026-09-23
195.0,116,2733,2026-11-21,2026-09-23
200.0,75,1891,2026-11-21,2026-09-23
210.0,39,199,2026-11-21,2026-09-23
220.0,36,416,2026-11-21,2026-09-23
230.0,79,1701,2026-11-21,2026-09-23
240.0,15,762,2026-11-21,2026-09-23
250.0,100,1079,2026-11-21,2026-09-23
260.0,142,1563,2026-11-21,2026-09-23
270.0,33,567,2026-11-21,2026-09-23
280.0,211,1273,2026-11-21,2026-09-23
290.0,47,1783,2026-11-21,2026-09-23
300.0,201,1940,2026-11-21,2026-09-23
310.0,13,404,2026-11-21,2026-09-23
320.0,88,569,2026-11-21,2026-09-23
330.0,200,678,2026-11-21,2026-09-23
340.0,445,226,2026-11-21,2026-09-23
350.0,160,2867,2026-11-21,2026-09-23
360.0,109,4670,2026-11-21,2026-09-23
370.0,85,723,2026-11-21,2026-09-23
380.0,769,6336,2026-11-21,2026-09-23
390.0,193,449,2026-11-21,2026-09-23
400.0,385,1682,2026-11-21,2026-09-23
410.0,204,539,2026-11-21,2026-09-23
420.0,485,906,2026-11-21,2026-09-23
430.0,809,1033,2026-11-21,2026-09-23
440.0,1204,654,2026-11-21,2026-09-23
450.0,786,1156,2026-11-21,2026-09-23
460.0,385,906,2026-11-21,2026-09-23
470.0,213,277,2026-11-21,2026-09-23
480.0,290,463,2026-11-21,2026-09-23
490.0,324,622,2026-11-21,2026-09-23
500.0,1095,3269,2026-11-21,2026-09-23
510.0,174,205,2026-11-21,2026-09-23
520.0,219,964,2026-11-21,2026-09-23
530.0,307,491,2026-11-21,2026-09-23
540.0,296,1497,2026-11-21,2026-09-23
550.0,231,1594,2026-11-21,2026-09-23
560.0,218,273,2026-11-21,2026-09-23
570.0,1205,3772,2026-11-21,2026-09-23
580.0,117,1136,2026-11-21,2026-09-23
590.0,369,670,2026-11-21,2026-09-23
600.0,511,3948,2026-11-21,2026-09-23
610.0,159,1009,2026-11-21,2026-09-23
620.0,369,2509,2026-11-21,2026-09-23
630.0,192,1098,2026-11-21,2026-09-23
640.0,302,901,2026-11-21,2026-09-23
650.0,745,2003,2026-11-21,2026-09-23
660.0,310,1427,2026-11-21,2026-09-23
670.0,276,810,2026-11-21,2026-09-23
680.0,152,808,2026-11-21,2026-09-23
700.0,988,2763,2026-11-21,2026-09-23
710.0,227,242,2026-11-21,2026-09-23
720.0,236,534,2026-11-21,2026-09-23
730.0,377,469,2026-11-21,2026-09-23
740.0,340,2199,2026-11-21,2026-09-23
750.0,432,2856,2026-11-21,2026-09-23
760.0,476,768,2026-11-21,2026-09-23
770.0,340,392,2026-11-21,2026-09-23
780.0,295,1271,2026-11-21,2026-09-23
790.0,277,468,2026-11-21,2026-09-23
800.0,1815,3664,2026-11-21,2026-09-23
810.0,730,673,2026-11-21,2026-09-23
820.0,759,997,2026-11-21,2026-09-23
830.0,562,515,2026-11-21,2026-09-23
840.0,463,704,2026-11-21,2026-09-23
850.0,679,1456,2026-11-21,2026-09-23
860.0,350,752,2026-11-21,2026-09-23
870.0,334,758,2026-11-21,2026-09-23
880.0,532,826,2026-11-21,2026-09-23
890.0,226,531,2026-11-21,2026-09-23
900.0,2113,2459,2026-11-21,2026-09-23
910.0,7081,1166,2026-11-21,2026-09-23
920.0,673,1558,2026-11-21,2026-09-23
930.0,501,1097,2026-11-21,2026-09-23
940.0,650,650,2026-11-21,2026-09-23
940.0,333,521,2026-11-21,2026-09-23
950.0,1016,1258,2026-11-21,2026-09-23
960.0,376,419,2026-11-21,2026-09-23
970.0,415,452,2026-11-21,2026-09-23
980.0,391,714,2026-11-21,2026-09-23
990.0,307,450,2026-11-21,2026-09-23
1000.0,1000,1000,2026-11-21,2026-09-23
1000.0,2856,1332,2026-11-21,2026-09-23
1010.0,816,321,2026-11-21,2026-09-23
1020.0,696,324,2026-11-21,2026-09-23
1030.0,592,338,2026-11-21,2026-09-23
1040.0,466,298,2026-11-21,2026-09-23
1050.0,8613,193,2026-11-21,2026-09-23
1060.0,405,137,2026-11-21,2026-09-23
1070.0,429,159,2026-11-21,2026-09-23
1080.0,628,137,2026-11-21,2026-09-23
1090.0,356,295,2026-11-21,2026-09-23
1100.0,800,800,2026-11-21,2026-09-23
1100.0,2879,411,2026-11-21,2026-09-23
1110.0,448,100,2026-11-21,2026-09-23
1120.0,772,65,2026-11-21,2026-09-23
1130.0,224,76,2026-11-21,2026-09-23
1140.0,680,63,2026-11-21,2026-09-23
1150.0,812,271,2026-11-21,2026-09-23
1160.0,446,84,2026-11-21,2026-09-23
1170.0,435,35,2026-11-21,2026-09-23
1180.0,421,25,2026-11-21,2026-09-23
1190.0,929,42,2026-11-21,2026-09-23
1200.0,2287,216,2026-11-21,2026-09-23
1210.0,891,118,2026-11-21,2026-09-23
1220.0,291,38,2026-11-21,2026-09-23
1230.0,416,42,2026-11-21,2026-09-23
1240.0,254,14,2026-11-21,2026-09-23
1250.0,1836,42,2026-11-21,2026-09-23
1260.0,306,57,2026-11-21,2026-09-23
1270.0,410,58,2026-11-21,2026-09-23
1280.0,346,83,2026-11-21,2026-09-23
1290.0,475,43,2026-11-21,2026-09-23
1300.0,3573,1096,2026-11-21,2026-09-23
1310.0,591,55,2026-11-21,2026-09-23
1320.0,305,40,2026-11-21,2026-09-23
1330.0,482,50,2026-11-21,2026-09-23
1340.0,255,63,2026-11-21,2026-09-23
1350.0,8191,18,2026-11-21,2026-09-23
1360.0,227,60,2026-11-21,2026-09-23
1370.0,179,50,2026-11-21,2026-09-23
1380.0,449,33,2026-11-21,2026-09-23
1390.0,98,7,2026-11-21,2026-09-23
1400.0,925,7,2026-11-21,2026-09-23
1410.0,332,15,2026-11-21,2026-09-23
1420.0,248,3,2026-11-21,2026-09-23
1430.0,87,302,2026-11-21,2026-09-23
1440.0,269,13,2026-11-21,2026-09-23
1450.0,394,7,2026-11-21,2026-09-23
1460.0,132,2,2026-11-21,2026-09-23
1470.0,351,12,2026-11-21,2026-09-23
1480.0,456,10,2026-11-21,2026-09-23
1490.0,263,3,2026-11-21,2026-09-23
1500.0,2157,28,2026-11-21,2026-09-23
1510.0,495,2,2026-11-21,2026-09-23
1520.0,966,20,2026-11-21,2026-09-23
1530.0,814,1,2026-11-21,2026-09-23
1540.0,264,13,2026-11-21,2026-09-23
1550.0,273,13,2026-11-21,2026-09-23
1560.0,329,5,2026-11-21,2026-09-23
1570.0,150,0,2026-11-21,2026-09-23
1580.0,93,10,2026-11-21,2026-09-23
1590.0,471,2,2026-11-21,2026-09-23
1600.0,853,13,2026-11-21,2026-09-23
1610.0,427,6,2026-11-21,2026-09-23
1620.0,133,0,2026-11-21,2026-09-23
1630.0,427,0,2026-11-21,2026-09-23
1640.0,77,3,2026-11-21,2026-09-23
1650.0,232,5,2026-11-21,2026-09-23
1660.0,61,0,2026-11-21,2026-09-23
1670.0,123,0,2026-11-21,2026-09-23
1680.0,180,0,2026-11-21,2026-09-23
1690.0,172,0,2026-11-21,2026-09-23
1700.0,327,66,2026-11-21,2026-09-23
1710.0,163,0,2026-11-21,2026-09-23
1720.0,237,0,2026-11-21,2026-09-23
1730.0,134,0,2026-11-21,2026-09-23
1740.0,247,0,2026-11-21,2026-09-23
1750.0,211,0,2026-11-21,2026-09-23
1760.0,79,0,2026-11-21,2026-09-23
1770.0,186,0,2026-11-21,2026-09-23
1780.0,213,0,2026-11-21,2026-09-23
1790.0,198,0,2026-11-21,2026-09-23
1800.0,2098,0,2026-11-21,2026-09-23
1810.0,89,0,2026-11-21,2026-09-23
1820.0,589,0,2026-11-21,2026-09-23
1830.0,349,0,2026-11-21,2026-09-23
1840.0,358,0,2026-11-21,2026-09-23
1850.0,421,0,2026-11-21,2026-09-23
1860.0,169,0,2026-11-21,2026-09-23
1870.0,202,0,2026-11-21,2026-09-23
1880.0,465,0,2026-11-21,2026-09-23
1890.0,198,0,2026-11-21,2026-09-23
1900.0,317,0,2026-11-21,2026-09-23
1910.0,722,0,2026-11-21,2026-09-23
1920.0,158,0,2026-11-21,2026-09-23
1930.0,233,0,2026-11-21,2026-09-23
1940.0,170,0,2026-11-21,2026-09-23
1950.0,262,0,2026-11-21,2026-09-23
1960.0,343,0,2026-11-21,2026-09-23
1970.0,216,0,2026-11-21,2026-09-23
1980.0,57,0,2026-11-21,2026-09-23
1990.0,171,0,2026-11-21,2026-09-23
2000.0,821,0,2026-11-21,2026-09-23
2010.0,172,0,2026-11-21,2026-09-23
2020.0,224,0,2026-11-21,2026-09-23
2030.0,304,0,2026-11-21,2026-09-23
2040.0,232,0,2026-11-21,2026-09-23
2050.0,182,0,2026-11-21,2026-09-23
2060.0,236,0,2026-11-21,2026-09-23
2070.0,245,0,2026-11-21,2026-09-23
2080.0,143,0,2026-11-21,2026-09-23
2090.0,126,0,2026-11-21,2026-09-23
2100.0,317,0,2026-11-21,2026-09-23
2110.0,274,0,2026-11-21,2026-09-23
2120.0,148,0,2026-11-21,2026-09-23
2130.0,155,0,2026-11-21,2026-09-23
2140.0,451,0,2026-11-21,2026-09-23
2150.0,265,0,2026-11-21,2026-09-23
2160.0,56,0,2026-11-21,2026-09-23
2170.0,253,0,2026-11-21,2026-09-23
2180.0,177,0,2026-11-21,2026-09-23
2190.0,134,0,2026-11-21,2026-09-23
2200.0,64,0,2026-11-21,2026-09-23
2210.0,8,0,2026-11-21,2026-09-23
2220.0,26,0,2026-11-21,2026-09-23
2230.0,34,0,2026-11-21,2026-09-23
2240.0,66,0,2026-11-21,2026-09-23
2250.0,49,0,2026-11-21,2026-09-23
2260.0,77,0,2026-11-21,2026-09-23
2270.0,85,0,2026-11-21,2026-09-23
2280.0,142,0,2026-11-21,2026-09-23
2290.0,812,0,2026-11-21,2026-09-23
2300.0,97,0,2026-11-21,2026-09-23
2310.0,40,0,2026-11-21,2026-09-23
2320.0,21,0,2026-11-21,2026-09-23
2330.0,34,0,2026-11-21,2026-09-23
2340.0,51,0,2026-11-21,2026-09-23
2350.0,104,0,2026-11-21,2026-09-23
2360.0,21,0,2026-11-21,2026-09-23
2370.0,135,0,2026-11-21,2026-09-23
2380.0,44,0,2026-11-21,2026-09-23
2390.0,207,0,2026-11-21,2026-09-23
2400.0,92,0,2026-11-21,2026-09-23
2410.0,192,0,2026-11-21,2026-09-23
2420.0,188,0,2026-11-21,2026-09-23
2440.0,144,0,2026-11-21,2026-09-23
2460.0,102,0,2026-11-21,2026-09-23
2480.0,421,0,2026-11-21,2026-09-23
2500.0,1144,0,2026-11-21,2026-09-23
5.0,20,75,2026-12-19,2026-09-23
10.0,21,141,2026-12-19,2026-09-23
15.0,31,99,2026-12-19,2026-09-23
20.0,10,27,2026-12-19,2026-09-23
25.0,38,37,2026-12-19,2026-09-23
30.0,0,4531,2026-12-19,2026-09-23
35.0,36,3356,2026-12-19,2026-09-23
40.0,42,1247,2026-12-19,2026-09-23
45.0,94,3016,2026-12-19,2026-09-23
47.5,162,2278,2026-12-19,2026-09-23
50.0,238,1149,2026-12-19,2026-09-23
55.0,102,3872,2026-12-19,2026-09-23
60.0,88,4322,2026-12-19,2026-09-23
65.0,157,1277,2026-12-19,2026-09-23
70.0,270,4342,2026-12-19,2026-09-23
75.0,265,3348,2026-12-19,2026-09-23
80.0,314,4321,2026-12-19,2026-09-23
85.0,470,5146,2026-12-19,2026-09-23
87.5,185,2904,2026-12-19,2026-09-23
90.0,1011,3999,2026-12-19,2026-09-23
92.5,153,362,2026-12-19,2026-09-23
95.0,618,1214,2026-12-19,2026-09-23
97.5,163,165,2026-12-19,2026-09-23
100.0,781,2664,2026-12-19,2026-09-23
105.0,395,1054,2026-12-19,2026-09-23
110.0,922,1230,2026-12-19,2026-09-23
115.0,89,1214,2026-12-19,2026-09-23
120.0,424,1095,2026-12-19,2026-09-23
125.0,502,1981,2026-12-19,2026-09-23
130.0,426,1340,2026-12-19,2026-09-23
135.0,177,414,2026-12-19,2026-09-23
140.0,1238,929,2026-12-19,2026-09-23
145.0,249,250,2026-12-19,2026-09-23
150.0,504,1259,2026-12-19,2026-09-23
155.0,192,317,2026-12-19,2026-09-23
160.0,675,1123,2026-12-19,2026-09-23
165.0,860,450,2026-12-19,2026-09-23
170.0,434,821,2026-12-19,2026-09-23
175.0,338,359,2026-12-19,2026-09-23
180.0,750,779,2026-12-19,2026-09-23
185.0,167,342,2026-12-19,2026-09-23
190.0,874,1460,2026-12-19,2026-09-23
195.0,135,1042,2026-12-19,2026-09-23
200.0,0,0,2026-12-19,2026-09-23
200.0,1416,2258,2026-12-19,2026-09-23
210.0,734,2689,2026-12-19,2026-09-23
220.0,2072,1890,2026-12-19,2026-09-23
230.0,600,979,2026-12-19,2026-09-23
240.0,898,1610,2026-12-19,2026-09-23
250.0,1062,2252,2026-12-19,2026-09-23
260.0,526,497,2026-12-19,2026-09-23
270.0,531,1798,2026-12-19,2026-09-23
280.0,2159,3225,2026-12-19,2026-09-23
290.0,250,626,2026-12-19,2026-09-23
300.0,1264,2945,2026-12-19,2026-09-23
310.0,447,2705,2026-12-19,2026-09-23
320.0,402,430,2026-12-19,2026-09-23
330.0,998,753,2026-12-19,2026-09-23
340.0,1449,744,2026-12-19,2026-09-23
350.0,654,2401,2026-12-19,2026-09-23
360.0,485,10934,2026-12-19,2026-09-23
370.0,199,3498,2026-12-19,2026-09-23
380.0,794,6696,2026-12-19,2026-09-23
390.0,487,2341,2026-12-19,2026-09-23
400.0,831,5457,2026-12-19,2026-09-23
410.0,368,1122,2026-12-19,2026-09-23
420.0,1471,4002,2026-12-19,2026-09-23
430.0,203,614,2026-12-19,2026-09-23
440.0,247,1114,2026-12-19,2026-09-23
450.0,1235,2622,2026-12-19,2026-09-23
460.0,711,418,2026-12-19,2026-09-23
470.0,450,659,2026-12-19,2026-09-23
480.0,783,1387,2026-12-19,2026-09-23
490.0,577,3504,2026-12-19,2026-09-23
500.0,1474,5138,2026-12-19,2026-09-23
510.0,717,418,2026-12-19,2026-09-23
520.0,857,1872,2026-12-19,2026-09-23
530.0,204,1250,2026-12-19,2026-09-23
540.0,290,2661,2026-12-19,2026-09-23
550.0,649,4250,2026-12-19,2026-09-23
560.0,169,697,2026-12-19,2026-09-23
570.0,579,369,2026-12-19,2026-09-23
580.0,2976,3788,2026-12-19,2026-09-23
590.0,375,464,2026-12-19,2026-09-23
600.0,1402,5214,2026-12-19,2026-09-23
610.0,424,874,2026-12-19,2026-09-23
620.0,913,936,2026-12-19,2026-09-23
630.0,201,627,2026-12-19,2026-09-23
640.0,358,1381,2026-12-19,2026-09-23
650.0,723,3147,2026-12-19,2026-09-23
660.0,316,815,2026-12-19,2026-09-23
670.0,337,424,2026-12-19,2026-09-23
680.0,391,515,2026-12-19,2026-09-23
690.0,394,372,2026-12-19,2026-09-23
700.0,4447,4026,2026-12-19,2026-09-23
710.0,548,1176,2026-12-19,2026-09-23
720.0,324,570,2026-12-19,2026-09-23
730.0,279,629,2026-12-19,2026-09-23
740.0,911,547,2026-12-19,2026-09-23
750.0,526,2871,2026-12-19,2026-09-23
760.0,288,1259,2026-12-19,2026-09-23
770.0,435,512,2026-12-19,2026-09-23
780.0,637,514,2026-12-19,2026-09-23
790.0,241,815,2026-12-19,2026-09-23
800.0,3837,4939,2026-12-19,2026-09-23
810.0,596,761,2026-12-19,2026-09-23
820.0,414,1412,2026-12-19,2026-09-23
830.0,693,588,2026-12-19,2026-09-23
840.0,840,1071,2026-12-19,2026-09-23
850.0,1155,1870,2026-12-19,2026-09-23
860.0,658,709,2026-12-19,2026-09-23
870.0,404,923,2026-12-19,2026-09-23
880.0,660,1115,2026-12-19,2026-09-23
890.0,589,675,2026-12-19,2026-09-23
900.0,2337,2334,2026-12-19,2026-09-23
910.0,1274,703,2026-12-19,2026-09-23
920.0,1633,692,2026-12-19,2026-09-23
930.0,138,138,2026-12-19,2026-09-23
930.0,612,1535,2026-12-19,2026-09-23
940.0,451,724,2026-12-19,2026-09-23
950.0,1152,1384,2026-12-19,2026-09-23
960.0,476,730,2026-12-19,2026-09-23
970.0,535,1146,2026-12-19,2026-09-23
980.0,564,650,2026-12-19,2026-09-23
990.0,354,521,2026-12-19,2026-09-23
1000.0,2681,1234,2026-12-19,2026-09-23
1010.0,538,358,2026-12-19,2026-09-23
1020.0,777,178,2026-12-19,2026-09-23
1030.0,425,203,2026-12-19,2026-09-23
1040.0,272,117,2026-12-19,2026-09-23
1050.0,1338,247,2026-12-19,2026-09-23
1060.0,647,172,2026-12-19,2026-09-23
1070.0,433,178,2026-12-19,2026-09-23
1080.0,364,201,2026-12-19,2026-09-23
1090.0,287,238,2026-12-19,2026-09-23
1100.0,2569,378,2026-12-19,2026-09-23
1110.0,745,150,2026-12-19,2026-09-23
1120.0,465,89,2026-12-19,2026-09-23
1130.0,409,51,2026-12-19,2026-09-23
1140.0,395,69,2026-12-19,2026-09-23
1150.0,953,312,2026-12-19,2026-09-23
1160.0,300,67,2026-12-19,2026-09-23
1170.0,476,75,2026-12-19,2026-09-23
1180.0,652,161,2026-12-19,2026-09-23
1190.0,190,94,2026-12-19,2026-09-23
1200.0,3453,780,2026-12-19,2026-09-23
1210.0,335,38,2026-12-19,2026-09-23
1220.0,674,46,2026-12-19,2026-09-23
1230.0,293,15,2026-12-19,2026-09-23
1240.0,301,12,2026-12-19,2026-09-23
1250.0,1220,146,2026-12-19,2026-09-23
1260.0,720,21,2026-12-19,2026-09-23
1270.0,605,111,2026-12-19,2026-09-23
1280.0,292,84,2026-12-19,2026-09-23
1290.0,279,75,2026-12-19,2026-09-23
1300.0,2336,103,2026-12-19,2026-09-23
1310.0,497,9,2026-12-19,2026-09-23
1320.0,565,115,2026-12-19,2026-09-23
1330.0,1144,57,2026-12-19,2026-09-23
1340.0,651,113,2026-12-19,2026-09-23
1350.0,787,111,2026-12-19,2026-09-23
1360.0,537,68,2026-12-19,2026-09-23
1370.0,638,9,2026-12-19,2026-09-23
1380.0,289,24,2026-12-19,2026-09-23
1390.0,471,27,2026-12-19,2026-09-23
1400.0,2108,100,2026-12-19,2026-09-23
1410.0,219,6,2026-12-19,2026-09-23
1420.0,638,15,2026-12-19,2026-09-23
1430.0,133,9,2026-12-19,2026-09-23
1440.0,280,11,2026-12-19,2026-09-23
1450.0,660,7,2026-12-19,2026-09-23
1460.0,602,6,2026-12-19,2026-09-23
1470.0,184,6,2026-12-19,2026-09-23
1480.0,429,5,2026-12-19,2026-09-23
1490.0,206,32,2026-12-19,2026-09-23
1500.0,1882,71,2026-12-19,2026-09-23
1510.0,464,13,2026-12-19,2026-09-23
1520.0,474,1,2026-12-19,2026-09-23
1530.0,284,68,2026-12-19,2026-09-23
1540.0,649,2,2026-12-19,2026-09-23
1550.0,626,70,2026-12-19,2026-09-23
1560.0,245,7,2026-12-19,2026-09-23
1570.0,327,0,2026-12-19,2026-09-23
1580.0,207,1,2026-12-19,2026-09-23
1590.0,184,0,2026-12-19,2026-09-23
1600.0,1745,20,2026-12-19,2026-09-23
1610.0,1002,17,2026-12-19,2026-09-23
1620.0,642,72,2026-12-19,2026-09-23
1630.0,612,11,2026-12-19,2026-09-23
1640.0,181,41,2026-12-19,2026-09-23
1650.0,225,0,2026-12-19,2026-09-23
1660.0,186,5,2026-12-19,2026-09-23
1670.0,208,0,2026-12-19,2026-09-23
1680.0,242,3,2026-12-19,2026-09-23
1690.0,156,1,2026-12-19,2026-09-23
1700.0,428,5,2026-12-19,2026-09-23
1710.0,220,2,2026-12-19,2026-09-23
1720.0,56,1,2026-12-19,2026-09-23
1730.0,233,0,2026-12-19,2026-09-23
1740.0,178,0,2026-12-19,2026-09-23
1750.0,427,2,2026-12-19,2026-09-23
1760.0,187,0,2026-12-19,2026-09-23
1770.0,220,0,2026-12-19,2026-09-23
1780.0,92,0,2026-12-19,2026-09-23
1790.0,249,0,2026-12-19,2026-09-23
1800.0,587,0,2026-12-19,2026-09-23
1810.0,260,0,2026-12-19,2026-09-23
1820.0,969,2,2026-12-19,2026-09-23
1830.0,1250,0,2026-12-19,2026-09-23
1840.0,288,0,2026-12-19,2026-09-23
1850.0,83,0,2026-12-19,2026-09-23
1860.0,463,0,2026-12-19,2026-09-23
1870.0,291,0,2026-12-19,2026-09-23
1880.0,270,0,2026-12-19,2026-09-23
1890.0,192,0,2026-12-19,2026-09-23
1900.0,519,0,2026-12-19,2026-09-23
1910.0,413,0,2026-12-19,2026-09-23
1920.0,259,0,2026-12-19,2026-09-23
1930.0,661,0,2026-12-19,2026-09-23
1940.0,435,0,2026-12-19,2026-09-23
1950.0,283,0,2026-12-19,2026-09-23
1960.0,249,0,2026-12-19,2026-09-23
1970.0,577,0,2026-12-19,2026-09-23
1980.0,339,0,2026-12-19,2026-09-23
1990.0,252,0,2026-12-19,2026-09-23
2000.0,1059,0,2026-12-19,2026-09-23
2010.0,106,0,2026-12-19,2026-09-23
2020.0,173,0,2026-12-19,2026-09-23
2030.0,146,0,2026-12-19,2026-09-23
2040.0,218,0,2026-12-19,2026-09-23
2050.0,89,0,2026-12-19,2026-09-23
2060.0,63,0,2026-12-19,2026-09-23
2070.0,314,0,2026-12-19,2026-09-23
2080.0,150,0,2026-12-19,2026-09-23
2090.0,367,0,2026-12-19,2026-09-23
2100.0,719,0,2026-12-19,2026-09-23
2110.0,168,0,2026-12-19,2026-09-23
2120.0,217,0,2026-12-19,2026-09-23
2130.0,146,0,2026-12-19,2026-09-23
2140.0,248,0,2026-12-19,2026-09-23
2150.0,172,0,2026-12-19,2026-09-23
2160.0,358,0,2026-12-19,2026-09-23
2170.0,695,0,2026-12-19,2026-09-23
2180.0,86,0,2026-12-19,2026-09-23
2190.0,205,0,2026-12-19,2026-09-23
2200.0,681,0,2026-12-19,2026-09-23
2210.0,36,0,2026-12-19,2026-09-23
2220.0,207,0,2026-12-19,2026-09-23
2230.0,81,0,2026-12-19,2026-09-23
2240.0,37,0,2026-12-19,2026-09-23
2250.0,224,0,2026-12-19,2026-09-23
2260.0,224,0,2026-12-19,2026-09-23
2270.0,193,0,2026-12-19,2026-09-23
2280.0,161,0,2026-12-19,2026-09-23
2290.0,180,0,2026-12-19,2026-09-23
2300.0,129,0,2026-12-19,2026-09-23
2310.0,97,0,2026-12-19,2026-09-23
2320.0,81,0,2026-12-19,2026-09-23
2330.0,42,0,2026-12-19,2026-09-23
2340.0,180,0,2026-12-19,2026-09-23
2350.0,136,0,2026-12-19,2026-09-23
2360.0,296,0,2026-12-19,2026-09-23
2370.0,232,0,2026-12-19,2026-09-23
2380.0,73,0,2026-12-19,2026-09-23
2390.0,155,0,2026-12-19,2026-09-23
2400.0,197,0,2026-12-19,2026-09-23
2410.0,138,0,2026-12-19,2026-09-23
2420.0,482,0,2026-12-19,2026-09-23
2440.0,148,0,2026-12-19,2026-09-23
2460.0,253,0,2026-12-19,2026-09-23
2480.0,188,0,2026-12-19,2026-09-23
2500.0,3263,0,2026-12-19,2026-09-23
289.62,0,55,2026-12-31,2026-09-23
505.0,16450,16450,2027-01-15,2026-09-23
1030.04,13000,13000,2027-01-15,2026-09-23
35.0,108,2229,2027-01-16,2026-09-23
40.0,116,4089,2027-01-16,2026-09-23
45.0,178,3492,2027-01-16,2026-09-23
50.0,331,2247,2027-01-16,2026-09-23
55.0,103,3028,2027-01-16,2026-09-23
60.0,233,6067,2027-01-16,2026-09-23
65.0,71,3001,2027-01-16,2026-09-23
70.0,350,5703,2027-01-16,2026-09-23
75.0,335,6548,2027-01-16,2026-09-23
80.0,1722,7925,2027-01-16,2026-09-23
85.0,1284,3108,2027-01-16,2026-09-23
86.0,28,0,2027-01-16,2026-09-23
90.0,4464,4202,2027-01-16,2026-09-23
95.0,587,2446,2027-01-16,2026-09-23
100.0,658,2889,2027-01-16,2026-09-23
105.0,389,1289,2027-01-16,2026-09-23
110.0,1828,4035,2027-01-16,2026-09-23
115.0,366,1639,2027-01-16,2026-09-23
120.0,600,1885,2027-01-16,2026-09-23
125.0,404,1246,2027-01-16,2026-09-23
130.0,632,6029,2027-01-16,2026-09-23
135.0,472,725,2027-01-16,2026-09-23
140.0,2515,934,2027-01-16,2026-09-23
145.0,368,581,2027-01-16,2026-09-23
150.0,2085,3870,2027-01-16,2026-09-23
155.0,358,342,2027-01-16,2026-09-23
160.0,2297,2773,2027-01-16,2026-09-23
165.0,872,299,2027-01-16,2026-09-23
170.0,893,1032,2027-01-16,2026-09-23
175.0,682,646,2027-01-16,2026-09-23
180.0,799,1437,2027-01-16,2026-09-23
185.0,315,411,2027-01-16,2026-09-23
190.0,1291,634,2027-01-16,2026-09-23
195.0,998,456,2027-01-16,2026-09-23
200.0,1417,3449,2027-01-16,2026-09-23
210.0,541,793,2027-01-16,2026-09-23
220.0,3660,1443,2027-01-16,2026-09-23
225.0,0,20,2027-01-16,2026-09-23
230.0,959,1735,2027-01-16,2026-09-23
240.0,999,1860,2027-01-16,2026-09-23
250.0,528,3917,2027-01-16,2026-09-23
260.0,417,1681,2027-01-16,2026-09-23
270.0,626,1484,2027-01-16,2026-09-23
280.0,252,1668,2027-01-16,2026-09-23
290.0,344,1172,2027-01-16,2026-09-23
300.0,0,0,2027-01-16,2026-09-23
300.0,1358,8047,2027-01-16,2026-09-23
310.0,755,1077,2027-01-16,2026-09-23
320.0,1959,2817,2027-01-16,2026-09-23
330.0,1554,2135,2027-01-16,2026-09-23
340.0,0,0,2027-01-16,2026-09-23
340.0,750,1880,2027-01-16,2026-09-23
350.0,9,0,2027-01-16,2026-09-23
350.0,2271,3843,2027-01-16,2026-09-23
360.0,0,0,2027-01-16,2026-09-23
360.0,604,4319,2027-01-16,2026-09-23
370.0,0,0,2027-01-16,2026-09-23
370.0,342,1484,2027-01-16,2026-09-23
380.0,708,2084,2027-01-16,2026-09-23
390.0,406,2037,2027-01-16,2026-09-23
400.0,10,0,2027-01-16,2026-09-23
400.0,1631,4420,2027-01-16,2026-09-23
410.0,569,918,2027-01-16,2026-09-23
420.0,762,1021,2027-01-16,2026-09-23
430.0,8,0,2027-01-16,2026-09-23
430.0,960,2526,2027-01-16,2026-09-23
440.0,0,0,2027-01-16,2026-09-23
440.0,961,1396,2027-01-16,2026-09-23
450.0,0,0,2027-01-16,2026-09-23
450.0,3979,3250,2027-01-16,2026-09-23
460.0,703,1383,2027-01-16,2026-09-23
470.0,527,1718,2027-01-16,2026-09-23
480.0,1473,1316,2027-01-16,2026-09-23
490.0,1335,1332,2027-01-16,2026-09-23
500.0,0,0,2027-01-16,2026-09-23
500.0,5838,4250,2027-01-16,2026-09-23
505.0,16450,16450,2027-01-16,2026-09-23
510.0,1133,893,2027-01-16,2026-09-23
520.0,1367,1036,2027-01-16,2026-09-23
530.0,609,954,2027-01-16,2026-09-23
539.38,20,0,2027-01-16,2026-09-23
540.0,598,745,2027-01-16,2026-09-23
550.0,10,0,2027-01-16,2026-09-23
550.0,3539,4898,2027-01-16,2026-09-23
560.0,540,539,2027-01-16,2026-09-23
570.0,599,522,2027-01-16,2026-09-23
580.0,1370,784,2027-01-16,2026-09-23
590.0,399,983,2027-01-16,2026-09-23
600.0,24,0,2027-01-16,2026-09-23
600.0,4745,3487,2027-01-16,2026-09-23
610.0,10,0,2027-01-16,2026-09-23
610.0,947,817,2027-01-16,2026-09-23
620.0,1177,1855,2027-01-16,2026-09-23
630.0,1567,478,2027-01-16,2026-09-23
640.0,0,0,2027-01-16,2026-09-23
640.0,554,672,2027-01-16,2026-09-23
650.0,3482,3187,2027-01-16,2026-09-23
660.0,1327,657,2027-01-16,2026-09-23
670.0,248,377,2027-01-16,2026-09-23
680.0,1330,733,2027-01-16,2026-09-23
690.0,1444,998,2027-01-16,2026-09-23
700.0,14,0,2027-01-16,2026-09-23
700.0,4454,6433,2027-01-16,2026-09-23
710.0,1221,690,2027-01-16,2026-09-23
720.0,0,0,2027-01-16,2026-09-23
720.0,1136,2289,2027-01-16,2026-09-23
730.0,328,654,2027-01-16,2026-09-23
740.0,3982,374,2027-01-16,2026-09-23
750.0,3745,3576,2027-01-16,2026-09-23
760.0,408,566,2027-01-16,2026-09-23
770.0,5,0,2027-01-16,2026-09-23
770.0,470,555,2027-01-16,2026-09-23
780.0,780,1291,2027-01-16,2026-09-23
790.0,850,1070,2027-01-16,2026-09-23
800.0,4663,5417,2027-01-16,2026-09-23
810.0,492,407,2027-01-16,2026-09-23
820.0,587,544,2027-01-16,2026-09-23
830.0,985,2185,2027-01-16,2026-09-23
840.0,1344,755,2027-01-16,2026-09-23
850.0,3135,3680,2027-01-16,2026-09-23
851.0,650,650,2027-01-16,2026-09-23
860.0,521,599,2027-01-16,2026-09-23
870.0,607,1639,2027-01-16,2026-09-23
880.0,5,0,2027-01-16,2026-09-23
880.0,648,931,2027-01-16,2026-09-23
890.0,548,822,2027-01-16,2026-09-23
900.0,10,0,2027-01-16,2026-09-23
900.0,5905,2757,2027-01-16,2026-09-23
910.0,0,0,2027-01-16,2026-09-23
910.0,2046,373,2027-01-16,2026-09-23
920.0,703,980,2027-01-16,2026-09-23
930.0,828,872,2027-01-16,2026-09-23
940.0,589,563,2027-01-16,2026-09-23
950.0,4224,2252,2027-01-16,2026-09-23
960.0,713,555,2027-01-16,2026-09-23
970.0,455,305,2027-01-16,2026-09-23
980.0,657,574,2027-01-16,2026-09-23
990.0,268,420,2027-01-16,2026-09-23
1000.0,0,0,2027-01-16,2026-09-23
1000.0,8231,5848,2027-01-16,2026-09-23
1010.0,0,0,2027-01-16,2026-09-23
1010.0,525,391,2027-01-16,2026-09-23
1020.0,694,314,2027-01-16,2026-09-23
1030.0,716,529,2027-01-16,2026-09-23
1040.0,798,238,2027-01-16,2026-09-23
1050.0,3069,430,2027-01-16,2026-09-23
1060.0,663,639,2027-01-16,2026-09-23
1070.0,403,169,2027-01-16,2026-09-23
1080.0,847,153,2027-01-16,2026-09-23
1090.0,808,106,2027-01-16,2026-09-23
1100.0,1008,1000,2027-01-16,2026-09-23
1100.0,3481,1480,2027-01-16,2026-09-23
1110.0,339,114,2027-01-16,2026-09-23
1120.0,422,183,2027-01-16,2026-09-23
1130.0,276,114,2027-01-16,2026-09-23
1140.0,433,78,2027-01-16,2026-09-23
1150.0,3637,186,2027-01-16,2026-09-23
1160.0,505,46,2027-01-16,2026-09-23
1170.0,452,132,2027-01-16,2026-09-23
1180.0,846,58,2027-01-16,2026-09-23
1190.0,422,131,2027-01-16,2026-09-23
1200.0,2,0,2027-01-16,2026-09-23
1200.0,6837,1745,2027-01-16,2026-09-23
1210.0,451,61,2027-01-16,2026-09-23
1220.0,781,49,2027-01-16,2026-09-23
1230.0,332,19,2027-01-16,2026-09-23
1240.0,498,444,2027-01-16,2026-09-23
1250.0,2491,48,2027-01-16,2026-09-23
1260.0,1482,70,2027-01-16,2026-09-23
1270.0,218,50,2027-01-16,2026-09-23
1280.0,642,96,2027-01-16,2026-09-23
1290.0,341,24,2027-01-16,2026-09-23
1300.0,7754,149,2027-01-16,2026-09-23
1310.0,339,23,2027-01-16,2026-09-23
1320.0,550,46,2027-01-16,2026-09-23
1330.0,186,77,2027-01-16,2026-09-23
1340.0,1603,28,2027-01-16,2026-09-23
1350.0,2512,20,2027-01-16,2026-09-23
1360.0,989,47,2027-01-16,2026-09-23
1370.0,330,20,2027-01-16,2026-09-23
1380.0,840,81,2027-01-16,2026-09-23
1390.0,420,65,2027-01-16,2026-09-23
1400.0,5472,283,2027-01-16,2026-09-23
1410.0,464,89,2027-01-16,2026-09-23
1420.0,723,44,2027-01-16,2026-09-23
1430.0,208,14,2027-01-16,2026-09-23
1440.0,516,71,2027-01-16,2026-09-23
1450.0,382,67,2027-01-16,2026-09-23
1460.0,590,19,2027-01-16,2026-09-23
1470.0,421,57,2027-01-16,2026-09-23
1480.0,832,157,2027-01-16,2026-09-23
1490.0,466,13,2027-01-16,2026-09-23
1500.0,10,0,2027-01-16,2026-09-23
1500.0,5734,425,2027-01-16,2026-09-23
1503.0,5,0,2027-01-16,2026-09-23
1510.0,228,10,2027-01-16,2026-09-23
1520.0,251,7,2027-01-16,2026-09-23
1530.0,206,2,2027-01-16,2026-09-23
1540.0,621,11,2027-01-16,2026-09-23
1550.0,740,3,2027-01-16,2026-09-23
1560.0,433,3,2027-01-16,2026-09-23
1570.0,533,2,2027-01-16,2026-09-23
1580.0,411,7,2027-01-16,2026-09-23
1590.0,410,2,2027-01-16,2026-09-23
1600.0,2718,23,2027-01-16,2026-09-23
1610.0,549,5,2027-01-16,2026-09-23
1620.0,465,6,2027-01-16,2026-09-23
1630.0,844,91,2027-01-16,2026-09-23
1640.0,186,25,2027-01-16,2026-09-23
1650.0,387,2,2027-01-16,2026-09-23
1660.0,308,6,2027-01-16,2026-09-23
1670.0,514,4,2027-01-16,2026-09-23
1680.0,254,14,2027-01-16,2026-09-23
1690.0,312,9,2027-01-16,2026-09-23
1700.0,1416,27,2027-01-16,2026-09-23
1710.0,362,6,2027-01-16,2026-09-23
1720.0,286,7,2027-01-16,2026-09-23
1730.0,222,1,2027-01-16,2026-09-23
1740.0,202,2,2027-01-16,2026-09-23
1750.0,947,4,2027-01-16,2026-09-23
1760.0,519,40,2027-01-16,2026-09-23
1770.0,311,1,2027-01-16,2026-09-23
1780.0,252,1,2027-01-16,2026-09-23
1790.0,314,7,2027-01-16,2026-09-23
1800.0,1986,2,2027-01-16,2026-09-23
1810.0,615,3,2027-01-16,2026-09-23
1820.0,252,1,2027-01-16,2026-09-23
1830.0,1153,42,2027-01-16,2026-09-23
1840.0,160,7,2027-01-16,2026-09-23
1850.0,397,1,2027-01-16,2026-09-23
1860.0,110,5,2027-01-16,2026-09-23
1870.0,93,0,2027-01-16,2026-09-23
1880.0,128,1,2027-01-16,2026-09-23
1890.0,77,0,2027-01-16,2026-09-23
1900.0,1401,5,2027-01-16,2026-09-23
1910.0,691,1,2027-01-16,2026-09-23
1920.0,263,0,2027-01-16,2026-09-23
1930.0,109,0,2027-01-16,2026-09-23
1940.0,135,0,2027-01-16,2026-09-23
1950.0,866,0,2027-01-16,2026-09-23
1960.0,194,0,2027-01-16,2026-09-23
1970.0,126,0,2027-01-16,2026-09-23
1980.0,343,0,2027-01-16,2026-09-23
1990.0,184,0,2027-01-16,2026-09-23
2000.0,2505,0,2027-01-16,2026-09-23
2010.0,146,0,2027-01-16,2026-09-23
2020.0,312,0,2027-01-16,2026-09-23
2030.0,178,0,2027-01-16,2026-09-23
2040.0,70,0,2027-01-16,2026-09-23
2050.0,790,0,2027-01-16,2026-09-23
2060.0,250,0,2027-01-16,2026-09-23
2070.0,147,0,2027-01-16,2026-09-23
2080.0,209,0,2027-01-16,2026-09-23
2090.0,228,0,2027-01-16,2026-09-23
2100.0,547,0,2027-01-16,2026-09-23
2110.0,140,0,2027-01-16,2026-09-23
2120.0,143,1,2027-01-16,2026-09-23
2130.0,87,0,2027-01-16,2026-09-23
2140.0,36,0,2027-01-16,2026-09-23
2150.0,1332,0,2027-01-16,2026-09-23
2160.0,171,0,2027-01-16,2026-09-23
2170.0,1510,0,2027-01-16,2026-09-23
2180.0,125,0,2027-01-16,2026-09-23
2190.0,132,0,2027-01-16,2026-09-23
2200.0,467,0,2027-01-16,2026-09-23
2210.0,142,0,2027-01-16,2026-09-23
2220.0,96,0,2027-01-16,2026-09-23
2230.0,53,0,2027-01-16,2026-09-23
2240.0,46,0,2027-01-16,2026-09-23
2250.0,251,0,2027-01-16,2026-09-23
2260.0,114,1,2027-01-16,2026-09-23
2270.0,177,0,2027-01-16,2026-09-23
2280.0,126,0,2027-01-16,2026-09-23
2290.0,167,0,2027-01-16,2026-09-23
2300.0,114,0,2027-01-16,2026-09-23
2310.0,93,0,2027-01-16,2026-09-23
2320.0,155,0,2027-01-16,2026-09-23
2330.0,30,0,2027-01-16,2026-09-23
2340.0,115,0,2027-01-16,2026-09-23
2350.0,117,0,2027-01-16,2026-09-23
2360.0,159,0,2027-01-16,2026-09-23
2370.0,232,0,2027-01-16,2026-09-23
2380.0,152,0,2027-01-16,2026-09-23
2390.0,232,0,2027-01-16,2026-09-23
2400.0,853,0,2027-01-16,2026-09-23
2410.0,146,0,2027-01-16,2026-09-23
2420.0,346,0,2027-01-16,2026-09-23
2440.0,219,0,2027-01-16,2026-09-23
2460.0,211,0,2027-01-16,2026-09-23
2480.0,333,0,2027-01-16,2026-09-23
2500.0,4206,0,2027-01-16,2026-09-23
50.0,1,50,2027-02-20,2026-09-23
55.0,1,50,2027-02-20,2026-09-23
60.0,0,302,2027-02-20,2026-09-23
65.0,0,1,2027-02-20,2026-09-23
70.0,0,0,2027-02-20,2026-09-23
75.0,0,201,2027-02-20,2026-09-23
80.0,0,202,2027-02-20,2026-09-23
85.0,0,407,2027-02-20,2026-09-23
90.0,0,1426,2027-02-20,2026-09-23
95.0,0,501,2027-02-20,2026-09-23
100.0,0,793,2027-02-20,2026-09-23
105.0,1,300,2027-02-20,2026-09-23
110.0,1,349,2027-02-20,2026-09-23
115.0,0,605,2027-02-20,2026-09-23
120.0,0,728,2027-02-20,2026-09-23
125.0,0,436,2027-02-20,2026-09-23
130.0,1,4066,2027-02-20,2026-09-23
135.0,1,698,2027-02-20,2026-09-23
140.0,0,156,2027-02-20,2026-09-23
145.0,0,10,2027-02-20,2026-09-23
150.0,0,61,2027-02-20,2026-09-23
155.0,0,7,2027-02-20,2026-09-23
160.0,0,0,2027-02-20,2026-09-23
165.0,0,2,2027-02-20,2026-09-23
170.0,0,5,2027-02-20,2026-09-23
175.0,47,3,2027-02-20,2026-09-23
180.0,0,86,2027-02-20,2026-09-23
185.0,1,37,2027-02-20,2026-09-23
190.0,1,8,2027-02-20,2026-09-23
195.0,0,18,2027-02-20,2026-09-23
200.0,0,79,2027-02-20,2026-09-23
210.0,0,161,2027-02-20,2026-09-23
220.0,0,28,2027-02-20,2026-09-23
230.0,1,132,2027-02-20,2026-09-23
240.0,0,43,2027-02-20,2026-09-23
250.0,1,56,2027-02-20,2026-09-23
260.0,1,214,2027-02-20,2026-09-23
270.0,3,166,2027-02-20,2026-09-23
280.0,0,41,2027-02-20,2026-09-23
290.0,1,24,2027-02-20,2026-09-23
300.0,31,72,2027-02-20,2026-09-23
310.0,9,18,2027-02-20,2026-09-23
320.0,5,19,2027-02-20,2026-09-23
330.0,1,108,2027-02-20,2026-09-23
340.0,1,30,2027-02-20,2026-09-23
350.0,21,349,2027-02-20,2026-09-23
360.0,0,2,2027-02-20,2026-09-23
360.0,5,123,2027-02-20,2026-09-23
370.0,2,65,2027-02-20,2026-09-23
380.0,10,166,2027-02-20,2026-09-23
390.0,0,121,2027-02-20,2026-09-23
400.0,55,535,2027-02-20,2026-09-23
410.0,6,80,2027-02-20,2026-09-23
420.0,2,202,2027-02-20,2026-09-23
430.0,3,230,2027-02-20,2026-09-23
440.0,6,105,2027-02-20,2026-09-23
450.0,9,1166,2027-02-20,2026-09-23
460.0,12,236,2027-02-20,2026-09-23
470.0,2,177,2027-02-20,2026-09-23
480.0,3,178,2027-02-20,2026-09-23
490.0,2,0,2027-02-20,2026-09-23
490.0,2,328,2027-02-20,2026-09-23
500.0,94,1106,2027-02-20,2026-09-23
510.0,9,183,2027-02-20,2026-09-23
520.0,80,128,2027-02-20,2026-09-23
530.0,6,514,2027-02-20,2026-09-23
540.0,26,283,2027-02-20,2026-09-23
550.0,8,767,2027-02-20,2026-09-23
560.0,11,314,2027-02-20,2026-09-23
570.0,18,740,2027-02-20,2026-09-23
580.0,25,85,2027-02-20,2026-09-23
590.0,18,182,2027-02-20,2026-09-23
600.0,29,1298,2027-02-20,2026-09-23
610.0,11,106,2027-02-20,2026-09-23
620.0,33,530,2027-02-20,2026-09-23
630.0,54,130,2027-02-20,2026-09-23
640.0,55,121,2027-02-20,2026-09-23
650.0,24,706,2027-02-20,2026-09-23
660.0,2,255,2027-02-20,2026-09-23
670.0,4,419,2027-02-20,2026-09-23
680.0,12,271,2027-02-20,2026-09-23
690.0,27,216,2027-02-20,2026-09-23
700.0,92,1474,2027-02-20,2026-09-23
710.0,30,581,2027-02-20,2026-09-23
720.0,12,465,2027-02-20,2026-09-23
730.0,8,239,2027-02-20,2026-09-23
740.0,39,168,2027-02-20,2026-09-23
750.0,81,1050,2027-02-20,2026-09-23
760.0,49,425,2027-02-20,2026-09-23
770.0,285,187,2027-02-20,2026-09-23
780.0,118,298,2027-02-20,2026-09-23
790.0,29,656,2027-02-20,2026-09-23
800.0,102,923,2027-02-20,2026-09-23
810.0,83,155,2027-02-20,2026-09-23
820.0,259,299,2027-02-20,2026-09-23
830.0,370,339,2027-02-20,2026-09-23
840.0,78,779,2027-02-20,2026-09-23
850.0,737,1442,2027-02-20,2026-09-23
860.0,238,382,2027-02-20,2026-09-23
870.0,145,365,2027-02-20,2026-09-23
880.0,82,205,2027-02-20,2026-09-23
890.0,131,167,2027-02-20,2026-09-23
900.0,388,1456,2027-02-20,2026-09-23
910.0,430,196,2027-02-20,2026-09-23
920.0,295,217,2027-02-20,2026-09-23
930.0,157,186,2027-02-20,2026-09-23
940.0,391,298,2027-02-20,2026-09-23
950.0,6500,6500,2027-02-20,2026-09-23
950.0,406,210,2027-02-20,2026-09-23
960.0,618,97,2027-02-20,2026-09-23
970.0,237,112,2027-02-20,2026-09-23
980.0,197,111,2027-02-20,2026-09-23
990.0,59,372,2027-02-20,2026-09-23
1000.0,563,219,2027-02-20,2026-09-23
1010.0,219,99,2027-02-20,2026-09-23
1020.0,228,80,2027-02-20,2026-09-23
1030.0,143,106,2027-02-20,2026-09-23
1040.0,139,66,2027-02-20,2026-09-23
1050.0,105,94,2027-02-20,2026-09-23
1060.0,65,95,2027-02-20,2026-09-23
1070.0,181,140,2027-02-20,2026-09-23
1080.0,105,112,2027-02-20,2026-09-23
1090.0,90,51,2027-02-20,2026-09-23
1100.0,580,51,2027-02-20,2026-09-23
1110.0,273,19,2027-02-20,2026-09-23
1120.0,176,76,2027-02-20,2026-09-23
1130.0,184,45,2027-02-20,2026-09-23
1140.0,130,5,2027-02-20,2026-09-23
1150.0,145,41,2027-02-20,2026-09-23
1160.0,165,5,2027-02-20,2026-09-23
1170.0,148,45,2027-02-20,2026-09-23
1180.0,242,36,2027-02-20,2026-09-23
1190.0,193,31,2027-02-20,2026-09-23
1200.0,1341,39,2027-02-20,2026-09-23
1210.0,112,5,2027-02-20,2026-09-23
1220.0,140,2,2027-02-20,2026-09-23
1230.0,132,5,2027-02-20,2026-09-23
1240.0,78,4,2027-02-20,2026-09-23
1250.0,636,5,2027-02-20,2026-09-23
1260.0,231,1,2027-02-20,2026-09-23
1270.0,206,0,2027-02-20,2026-09-23
1280.0,182,64,2027-02-20,2026-09-23
1290.0,195,3,2027-02-20,2026-09-23
1300.0,282,75,2027-02-20,2026-09-23
1310.0,314,2,2027-02-20,2026-09-23
1320.0,169,0,2027-02-20,2026-09-23
1330.0,191,2,2027-02-20,2026-09-23
1340.0,87,0,2027-02-20,2026-09-23
1350.0,229,1,2027-02-20,2026-09-23
1360.0,455,2,2027-02-20,2026-09-23
1370.0,112,8,2027-02-20,2026-09-23
1380.0,133,6,2027-02-20,2026-09-23
1390.0,133,1,2027-02-20,2026-09-23
1400.0,478,71,2027-02-20,2026-09-23
1410.0,75,3,2027-02-20,2026-09-23
1420.0,121,0,2027-02-20,2026-09-23
1430.0,54,1,2027-02-20,2026-09-23
1440.0,440,0,2027-02-20,2026-09-23
1450.0,180,5,2027-02-20,2026-09-23
1460.0,160,2,2027-02-20,2026-09-23
1470.0,199,4,2027-02-20,2026-09-23
1480.0,269,105,2027-02-20,2026-09-23
1490.0,147,2,2027-02-20,2026-09-23
1500.0,780,90,2027-02-20,2026-09-23
1510.0,156,15,2027-02-20,2026-09-23
1520.0,427,0,2027-02-20,2026-09-23
1530.0,267,1,2027-02-20,2026-09-23
1540.0,206,0,2027-02-20,2026-09-23
1550.0,207,0,2027-02-20,2026-09-23
1560.0,73,0,2027-02-20,2026-09-23
1570.0,443,0,2027-02-20,2026-09-23
1580.0,237,0,2027-02-20,2026-09-23
1590.0,132,0,2027-02-20,2026-09-23
1600.0,252,0,2027-02-20,2026-09-23
1610.0,80,26,2027-02-20,2026-09-23
1620.0,203,0,2027-02-20,2026-09-23
1630.0,517,0,2027-02-20,2026-09-23
1640.0,193,1,2027-02-20,2026-09-23
1650.0,226,0,2027-02-20,2026-09-23
1660.0,115,7,2027-02-20,2026-09-23
1670.0,136,0,2027-02-20,2026-09-23
1680.0,144,0,2027-02-20,2026-09-23
1690.0,36,0,2027-02-20,2026-09-23
1700.0,453,4,2027-02-20,2026-09-23
1710.0,135,1,2027-02-20,2026-09-23
1720.0,204,1,2027-02-20,2026-09-23
1730.0,352,0,2027-02-20,2026-09-23
1740.0,197,0,2027-02-20,2026-09-23
1750.0,164,1,2027-02-20,2026-09-23
1760.0,27,0,2027-02-20,2026-09-23
1770.0,53,0,2027-02-20,2026-09-23
1780.0,388,0,2027-02-20,2026-09-23
1790.0,178,0,2027-02-20,2026-09-23
1800.0,210,0,2027-02-20,2026-09-23
1810.0,22,0,2027-02-20,2026-09-23
1820.0,158,0,2027-02-20,2026-09-23
1830.0,237,0,2027-02-20,2026-09-23
1840.0,18,0,2027-02-20,2026-09-23
1850.0,255,0,2027-02-20,2026-09-23
1860.0,160,0,2027-02-20,2026-09-23
1870.0,129,0,2027-02-20,2026-09-23
1880.0,63,0,2027-02-20,2026-09-23
1890.0,645,0,2027-02-20,2026-09-23
1900.0,91,21,2027-02-20,2026-09-23
1910.0,53,0,2027-02-20,2026-09-23
1920.0,67,0,2027-02-20,2026-09-23
1930.0,121,0,2027-02-20,2026-09-23
1940.0,94,0,2027-02-20,2026-09-23
1950.0,949,0,2027-02-20,2026-09-23
1960.0,121,0,2027-02-20,2026-09-23
1970.0,203,0,2027-02-20,2026-09-23
1980.0,77,0,2027-02-20,2026-09-23
1990.0,143,0,2027-02-20,2026-09-23
2000.0,218,1,2027-02-20,2026-09-23
2010.0,53,0,2027-02-20,2026-09-23
2020.0,321,0,2027-02-20,2026-09-23
2030.0,267,0,2027-02-20,2026-09-23
2040.0,271,0,2027-02-20,2026-09-23
2050.0,268,0,2027-02-20,2026-09-23
2060.0,331,0,2027-02-20,2026-09-23
2070.0,203,0,2027-02-20,2026-09-23
2080.0,193,0,2027-02-20,2026-09-23
2090.0,387,0,2027-02-20,2026-09-23
2100.0,354,0,2027-02-20,2026-09-23
2110.0,495,0,2027-02-20,2026-09-23
2120.0,404,0,2027-02-20,2026-09-23
5.0,627,845,2027-03-20,2026-09-23
10.0,115,121,2027-03-20,2026-09-23
15.0,12,162,2027-03-20,2026-09-23
20.0,0,26,2027-03-20,2026-09-23
25.0,0,10,2027-03-20,2026-09-23
30.0,1,0,2027-03-20,2026-09-23
35.0,0,7,2027-03-20,2026-09-23
40.0,1,1160,2027-03-20,2026-09-23
45.0,0,430,2027-03-20,2026-09-23
50.0,13,20,2027-03-20,2026-09-23
55.0,1,80,2027-03-20,2026-09-23
60.0,3,59,2027-03-20,2026-09-23
65.0,1,47,2027-03-20,2026-09-23
70.0,1,22,2027-03-20,2026-09-23
75.0,0,19,2027-03-20,2026-09-23
80.0,0,50,2027-03-20,2026-09-23
85.0,16,35,2027-03-20,2026-09-23
90.0,40,47,2027-03-20,2026-09-23
95.0,61,58,2027-03-20,2026-09-23
100.0,61,81,2027-03-20,2026-09-23
105.0,11,66,2027-03-20,2026-09-23
110.0,10,721,2027-03-20,2026-09-23
115.0,2,200,2027-03-20,2026-09-23
120.0,20,132,2027-03-20,2026-09-23
125.0,24,717,2027-03-20,2026-09-23
130.0,4,125,2027-03-20,2026-09-23
135.0,7,164,2027-03-20,2026-09-23
140.0,10,54,2027-03-20,2026-09-23
145.0,5,75,2027-03-20,2026-09-23
150.0,147,717,2027-03-20,2026-09-23
155.0,2,96,2027-03-20,2026-09-23
160.0,6,117,2027-03-20,2026-09-23
165.0,11,35,2027-03-20,2026-09-23
170.0,11,133,2027-03-20,2026-09-23
175.0,1,141,2027-03-20,2026-09-23
180.0,10,187,2027-03-20,2026-09-23
185.0,16,484,2027-03-20,2026-09-23
190.0,13,194,2027-03-20,2026-09-23
195.0,9,1615,2027-03-20,2026-09-23
200.0,48,311,2027-03-20,2026-09-23
210.0,72,319,2027-03-20,2026-09-23
220.0,93,382,2027-03-20,2026-09-23
230.0,62,492,2027-03-20,2026-09-23
240.0,24,838,2027-03-20,2026-09-23
250.0,89,1411,2027-03-20,2026-09-23
260.0,135,957,2027-03-20,2026-09-23
270.0,20,595,2027-03-20,2026-09-23
280.0,45,183,2027-03-20,2026-09-23
290.0,163,739,2027-03-20,2026-09-23
300.0,152,1243,2027-03-20,2026-09-23
310.0,98,943,2027-03-20,2026-09-23
320.0,50,387,2027-03-20,2026-09-23
330.0,66,519,2027-03-20,2026-09-23
340.0,81,1666,2027-03-20,2026-09-23
350.0,270,1267,2027-03-20,2026-09-23
360.0,259,375,2027-03-20,2026-09-23
370.0,187,292,2027-03-20,2026-09-23
380.0,443,187,2027-03-20,2026-09-23
390.0,490,529,2027-03-20,2026-09-23
400.0,434,2625,2027-03-20,2026-09-23
410.0,80,232,2027-03-20,2026-09-23
420.0,134,875,2027-03-20,2026-09-23
430.0,343,683,2027-03-20,2026-09-23
440.0,106,368,2027-03-20,2026-09-23
450.0,533,1708,2027-03-20,2026-09-23
460.0,166,1726,2027-03-20,2026-09-23
470.0,159,1251,2027-03-20,2026-09-23
480.0,261,387,2027-03-20,2026-09-23
490.0,155,400,2027-03-20,2026-09-23
500.0,702,1891,2027-03-20,2026-09-23
510.0,215,283,2027-03-20,2026-09-23
520.0,3494,603,2027-03-20,2026-09-23
530.0,343,347,2027-03-20,2026-09-23
540.0,297,220,2027-03-20,2026-09-23
550.0,815,710,2027-03-20,2026-09-23
560.0,321,1636,2027-03-20,2026-09-23
570.0,180,451,2027-03-20,2026-09-23
580.0,183,941,2027-03-20,2026-09-23
590.0,185,348,2027-03-20,2026-09-23
600.0,971,1825,2027-03-20,2026-09-23
610.0,170,396,2027-03-20,2026-09-23
620.0,234,426,2027-03-20,2026-09-23
630.0,123,1545,2027-03-20,2026-09-23
640.0,169,859,2027-03-20,2026-09-23
650.0,1011,2309,2027-03-20,2026-09-23
660.0,288,1668,2027-03-20,2026-09-23
670.0,674,543,2027-03-20,2026-09-23
680.0,188,501,2027-03-20,2026-09-23
690.0,218,624,2027-03-20,2026-09-23
700.0,664,4017,2027-03-20,2026-09-23
710.0,603,220,2027-03-20,2026-09-23
720.0,1337,316,2027-03-20,2026-09-23
730.0,142,846,2027-03-20,2026-09-23
740.0,561,421,2027-03-20,2026-09-23
750.0,500,2646,2027-03-20,2026-09-23
760.0,0,20,2027-03-20,2026-09-23
760.0,123,796,2027-03-20,2026-09-23
770.0,522,626,2027-03-20,2026-09-23
780.0,185,553,2027-03-20,2026-09-23
790.0,128,832,2027-03-20,2026-09-23
800.0,1834,4727,2027-03-20,2026-09-23
810.0,246,545,2027-03-20,2026-09-23
820.0,175,1253,2027-03-20,2026-09-23
830.0,560,354,2027-03-20,2026-09-23
840.0,231,461,2027-03-20,2026-09-23
850.0,868,2247,2027-03-20,2026-09-23
860.0,184,839,2027-03-20,2026-09-23
870.0,400,331,2027-03-20,2026-09-23
880.0,494,591,2027-03-20,2026-09-23
890.0,197,210,2027-03-20,2026-09-23
900.0,1215,2734,2027-03-20,2026-09-23
910.0,209,351,2027-03-20,2026-09-23
920.0,1025,161,2027-03-20,2026-09-23
930.0,127,155,2027-03-20,2026-09-23
940.0,323,349,2027-03-20,2026-09-23
950.0,1000,1000,2027-03-20,2026-09-23
950.0,848,489,2027-03-20,2026-09-23
960.0,789,247,2027-03-20,2026-09-23
970.0,631,201,2027-03-20,2026-09-23
980.0,289,209,2027-03-20,2026-09-23
990.0,285,217,2027-03-20,2026-09-23
1000.0,2128,696,2027-03-20,2026-09-23
1010.0,625,107,2027-03-20,2026-09-23
1020.0,758,204,2027-03-20,2026-09-23
1030.0,579,78,2027-03-20,2026-09-23
1040.0,403,276,2027-03-20,2026-09-23
1050.0,694,479,2027-03-20,2026-09-23
1060.0,494,224,2027-03-20,2026-09-23
1070.0,184,282,2027-03-20,2026-09-23
1080.0,573,223,2027-03-20,2026-09-23
1090.0,289,132,2027-03-20,2026-09-23
1100.0,10,0,2027-03-20,2026-09-23
1100.0,992,279,2027-03-20,2026-09-23
1110.0,328,97,2027-03-20,2026-09-23
1120.0,253,45,2027-03-20,2026-09-23
1130.0,230,74,2027-03-20,2026-09-23
1140.0,167,87,2027-03-20,2026-09-23
1150.0,1023,105,2027-03-20,2026-09-23
1160.0,178,36,2027-03-20,2026-09-23
1170.0,66,234,2027-03-20,2026-09-23
1180.0,402,68,2027-03-20,2026-09-23
1190.0,164,52,2027-03-20,2026-09-23
1200.0,1837,428,2027-03-20,2026-09-23
1210.0,175,40,2027-03-20,2026-09-23
1220.0,548,42,2027-03-20,2026-09-23
1230.0,86,15,2027-03-20,2026-09-23
1240.0,550,38,2027-03-20,2026-09-23
1250.0,520,299,2027-03-20,2026-09-23
1260.0,337,17,2027-03-20,2026-09-23
1270.0,239,43,2027-03-20,2026-09-23
1280.0,590,35,2027-03-20,2026-09-23
1290.0,79,10,2027-03-20,2026-09-23
1300.0,1946,26,2027-03-20,2026-09-23
1310.0,520,41,2027-03-20,2026-09-23
1320.0,494,15,2027-03-20,2026-09-23
1330.0,131,48,2027-03-20,2026-09-23
1340.0,453,89,2027-03-20,2026-09-23
1350.0,820,67,2027-03-20,2026-09-23
1360.0,718,14,2027-03-20,2026-09-23
1370.0,273,40,2027-03-20,2026-09-23
1380.0,10,0,2027-03-20,2026-09-23
1380.0,128,13,2027-03-20,2026-09-23
1390.0,0,0,2027-03-20,2026-09-23
1390.0,318,9,2027-03-20,2026-09-23
1400.0,10,0,2027-03-20,2026-09-23
1400.0,3316,17,2027-03-20,2026-09-23
1410.0,20,0,2027-03-20,2026-09-23
1410.0,342,45,2027-03-20,2026-09-23
1420.0,587,20,2027-03-20,2026-09-23
1430.0,237,44,2027-03-20,2026-09-23
1440.0,10,0,2027-03-20,2026-09-23
1440.0,238,14,2027-03-20,2026-09-23
1450.0,188,39,2027-03-20,2026-09-23
1460.0,216,28,2027-03-20,2026-09-23
1470.0,123,45,2027-03-20,2026-09-23
1480.0,401,13,2027-03-20,2026-09-23
1490.0,413,11,2027-03-20,2026-09-23
1500.0,2310,114,2027-03-20,2026-09-23
1510.0,526,12,2027-03-20,2026-09-23
1520.0,204,3,2027-03-20,2026-09-23
1530.0,680,30,2027-03-20,2026-09-23
1540.0,259,49,2027-03-20,2026-09-23
1550.0,161,65,2027-03-20,2026-09-23
1560.0,391,8,2027-03-20,2026-09-23
1570.0,192,6,2027-03-20,2026-09-23
1580.0,255,32,2027-03-20,2026-09-23
1590.0,583,38,2027-03-20,2026-09-23
1600.0,0,0,2027-03-20,2026-09-23
1600.0,560,13,2027-03-20,2026-09-23
1610.0,103,8,2027-03-20,2026-09-23
1620.0,337,74,2027-03-20,2026-09-23
1630.0,576,85,2027-03-20,2026-09-23
1640.0,174,1,2027-03-20,2026-09-23
1650.0,134,21,2027-03-20,2026-09-23
1660.0,702,22,2027-03-20,2026-09-23
1670.0,198,7,2027-03-20,2026-09-23
1680.0,350,3,2027-03-20,2026-09-23
1690.0,254,3,2027-03-20,2026-09-23
1700.0,430,2,2027-03-20,2026-09-23
1710.0,131,19,2027-03-20,2026-09-23
1720.0,280,4,2027-03-20,2026-09-23
1730.0,151,1,2027-03-20,2026-09-23
1740.0,253,3,2027-03-20,2026-09-23
1750.0,261,20,2027-03-20,2026-09-23
1760.0,395,2,2027-03-20,2026-09-23
1770.0,386,0,2027-03-20,2026-09-23
1780.0,140,4,2027-03-20,2026-09-23
1790.0,202,23,2027-03-20,2026-09-23
1800.0,554,28,2027-03-20,2026-09-23
1810.0,182,25,2027-03-20,2026-09-23
1820.0,125,0,2027-03-20,2026-09-23
1830.0,265,101,2027-03-20,2026-09-23
1840.0,27,0,2027-03-20,2026-09-23
1850.0,69,132,2027-03-20,2026-09-23
1860.0,178,5,2027-03-20,2026-09-23
1870.0,80,30,2027-03-20,2026-09-23
1880.0,105,23,2027-03-20,2026-09-23
1890.0,349,2,2027-03-20,2026-09-23
1900.0,700,8,2027-03-20,2026-09-23
1910.0,397,48,2027-03-20,2026-09-23
1920.0,113,4,2027-03-20,2026-09-23
1930.0,80,1,2027-03-20,2026-09-23
1940.0,135,0,2027-03-20,2026-09-23
1950.0,269,14,2027-03-20,2026-09-23
1960.0,200,0,2027-03-20,2026-09-23
1970.0,127,2,2027-03-20,2026-09-23
1980.0,217,0,2027-03-20,2026-09-23
1990.0,96,1,2027-03-20,2026-09-23
2000.0,935,8,2027-03-20,2026-09-23
2010.0,66,3,2027-03-20,2026-09-23
2020.0,157,0,2027-03-20,2026-09-23
2030.0,178,0,2027-03-20,2026-09-23
2040.0,103,0,2027-03-20,2026-09-23
2050.0,157,0,2027-03-20,2026-09-23
2060.0,64,1,2027-03-20,2026-09-23
2070.0,121,2,2027-03-20,2026-09-23
2080.0,239,0,2027-03-20,2026-09-23
2090.0,188,2,2027-03-20,2026-09-23
2100.0,257,5,2027-03-20,2026-09-23
2110.0,109,0,2027-03-20,2026-09-23
2120.0,134,0,2027-03-20,2026-09-23
2130.0,90,0,2027-03-20,2026-09-23
2140.0,110,0,2027-03-20,2026-09-23
2150.0,268,0,2027-03-20,2026-09-23
2160.0,152,0,2027-03-20,2026-09-23
2170.0,462,0,2027-03-20,2026-09-23
2180.0,277,0,2027-03-20,2026-09-23
2190.0,189,0,2027-03-20,2026-09-23
2200.0,252,0,2027-03-20,2026-09-23
2210.0,23,0,2027-03-20,2026-09-23
2220.0,150,0,2027-03-20,2026-09-23
2230.0,78,0,2027-03-20,2026-09-23
2240.0,158,0,2027-03-20,2026-09-23
2250.0,193,0,2027-03-20,2026-09-23
2260.0,146,0,2027-03-20,2026-09-23
2270.0,46,0,2027-03-20,2026-09-23
2280.0,81,0,2027-03-20,2026-09-23
2290.0,57,0,2027-03-20,2026-09-23
2300.0,44,0,2027-03-20,2026-09-23
2310.0,37,0,2027-03-20,2026-09-23
2320.0,50,0,2027-03-20,2026-09-23
2330.0,22,0,2027-03-20,2026-09-23
2340.0,159,0,2027-03-20,2026-09-23
2350.0,189,0,2027-03-20,2026-09-23
2360.0,72,0,2027-03-20,2026-09-23
2370.0,84,0,2027-03-20,2026-09-23
2380.0,85,0,2027-03-20,2026-09-23
2390.0,297,0,2027-03-20,2026-09-23
2400.0,797,0,2027-03-20,2026-09-23
2410.0,489,0,2027-03-20,2026-09-23
2420.0,180,0,2027-03-20,2026-09-23
2440.0,81,0,2027-03-20,2026-09-23
2460.0,187,0,2027-03-20,2026-09-23
2480.0,235,0,2027-03-20,2026-09-23
2500.0,3452,0,2027-03-20,2026-09-23
305.67,0,25,2027-03-26,2026-09-23
284.37,0,55,2027-03-31,2026-09-23
470.0,4,299,2027-04-17,2026-09-23
480.0,0,213,2027-04-17,2026-09-23
490.0,0,0,2027-04-17,2026-09-23
490.0,1,856,2027-04-17,2026-09-23
500.0,7,260,2027-04-17,2026-09-23
520.0,1,162,2027-04-17,2026-09-23
540.0,1,548,2027-04-17,2026-09-23
560.0,3,160,2027-04-17,2026-09-23
580.0,1,238,2027-04-17,2026-09-23
600.0,11,453,2027-04-17,2026-09-23
620.0,2,272,2027-04-17,2026-09-23
640.0,8,379,2027-04-17,2026-09-23
660.0,2,539,2027-04-17,2026-09-23
680.0,20,418,2027-04-17,2026-09-23
700.0,37,176,2027-04-17,2026-09-23
720.0,4,277,2027-04-17,2026-09-23
740.0,2,392,2027-04-17,2026-09-23
760.0,0,586,2027-04-17,2026-09-23
780.0,54,419,2027-04-17,2026-09-23
790.0,4,557,2027-04-17,2026-09-23
800.0,252,1490,2027-04-17,2026-09-23
810.0,7,351,2027-04-17,2026-09-23
820.0,13,125,2027-04-17,2026-09-23
830.0,76,304,2027-04-17,2026-09-23
840.0,81,117,2027-04-17,2026-09-23
850.0,177,238,2027-04-17,2026-09-23
860.0,20,348,2027-04-17,2026-09-23
870.0,23,71,2027-04-17,2026-09-23
880.0,223,203,2027-04-17,2026-09-23
890.0,55,91,2027-04-17,2026-09-23
900.0,107,229,2027-04-17,2026-09-23
910.0,292,71,2027-04-17,2026-09-23
920.0,155,46,2027-04-17,2026-09-23
930.0,218,250,2027-04-17,2026-09-23
940.0,45,95,2027-04-17,2026-09-23
950.0,192,116,2027-04-17,2026-09-23
960.0,74,23,2027-04-17,2026-09-23
970.0,66,43,2027-04-17,2026-09-23
980.0,35,61,2027-04-17,2026-09-23
990.0,102,133,2027-04-17,2026-09-23
1000.0,342,122,2027-04-17,2026-09-23
1010.0,93,103,2027-04-17,2026-09-23
1020.0,299,28,2027-04-17,2026-09-23
1030.0,40,158,2027-04-17,2026-09-23
1040.0,76,331,2027-04-17,2026-09-23
1050.0,79,79,2027-04-17,2026-09-23
1060.0,212,170,2027-04-17,2026-09-23
1070.0,56,54,2027-04-17,2026-09-23
1080.0,35,28,2027-04-17,2026-09-23
1100.0,0,0,2027-04-17,2026-09-23
1100.0,373,106,2027-04-17,2026-09-23
1120.0,52,51,2027-04-17,2026-09-23
1140.0,102,4,2027-04-17,2026-09-23
1160.0,810,6,2027-04-17,2026-09-23
1180.0,39,8,2027-04-17,2026-09-23
1200.0,122,54,2027-04-17,2026-09-23
1220.0,154,101,2027-04-17,2026-09-23
1240.0,50,8,2027-04-17,2026-09-23
1260.0,53,6,2027-04-17,2026-09-23
1280.0,259,7,2027-04-17,2026-09-23
1300.0,620,3,2027-04-17,2026-09-23
1320.0,103,5,2027-04-17,2026-09-23
1340.0,228,50,2027-04-17,2026-09-23
1360.0,90,0,2027-04-17,2026-09-23
1380.0,32,1,2027-04-17,2026-09-23
1400.0,142,2,2027-04-17,2026-09-23
1420.0,47,1,2027-04-17,2026-09-23
1440.0,203,0,2027-04-17,2026-09-23
1460.0,478,0,2027-04-17,2026-09-23
1480.0,163,9,2027-04-17,2026-09-23
5.0,1610,1,2027-06-18,2026-09-23
10.0,5,1,2027-06-18,2026-09-23
15.0,28,3,2027-06-18,2026-09-23
20.0,0,11,2027-06-18,2026-09-23
25.0,7,30,2027-06-18,2026-09-23
30.0,1,2,2027-06-18,2026-09-23
35.0,32,2522,2027-06-18,2026-09-23
40.0,5,968,2027-06-18,2026-09-23
45.0,80,1235,2027-06-18,2026-09-23
50.0,55,84,2027-06-18,2026-09-23
55.0,68,577,2027-06-18,2026-09-23
60.0,117,1084,2027-06-18,2026-09-23
65.0,113,343,2027-06-18,2026-09-23
70.0,156,5075,2027-06-18,2026-09-23
75.0,116,747,2027-06-18,2026-09-23
80.0,245,400,2027-06-18,2026-09-23
85.0,153,1285,2027-06-18,2026-09-23
90.0,123,1784,2027-06-18,2026-09-23
95.0,134,966,2027-06-18,2026-09-23
100.0,305,364,2027-06-18,2026-09-23
105.0,252,243,2027-06-18,2026-09-23
110.0,265,558,2027-06-18,2026-09-23
115.0,196,288,2027-06-18,2026-09-23
120.0,429,358,2027-06-18,2026-09-23
125.0,143,150,2027-06-18,2026-09-23
130.0,462,535,2027-06-18,2026-09-23
135.0,287,96,2027-06-18,2026-09-23
140.0,2680,173,2027-06-18,2026-09-23
145.0,86,180,2027-06-18,2026-09-23
150.0,204,1394,2027-06-18,2026-09-23
155.0,173,162,2027-06-18,2026-09-23
160.0,111,337,2027-06-18,2026-09-23
165.0,185,218,2027-06-18,2026-09-23
170.0,132,263,2027-06-18,2026-09-23
175.0,118,209,2027-06-18,2026-09-23
180.0,115,442,2027-06-18,2026-09-23
185.0,225,124,2027-06-18,2026-09-23
190.0,122,100,2027-06-18,2026-09-23
195.0,89,111,2027-06-18,2026-09-23
200.0,405,1022,2027-06-18,2026-09-23
210.0,172,259,2027-06-18,2026-09-23
220.0,138,433,2027-06-18,2026-09-23
230.0,223,627,2027-06-18,2026-09-23
240.0,149,1014,2027-06-18,2026-09-23
250.0,429,2690,2027-06-18,2026-09-23
260.0,3855,316,2027-06-18,2026-09-23
270.0,94,596,2027-06-18,2026-09-23
280.0,70,548,2027-06-18,2026-09-23
290.0,662,633,2027-06-18,2026-09-23
300.0,624,3703,2027-06-18,2026-09-23
310.0,144,467,2027-06-18,2026-09-23
320.0,145,144,2027-06-18,2026-09-23
330.0,308,635,2027-06-18,2026-09-23
340.0,296,361,2027-06-18,2026-09-23
350.0,425,931,2027-06-18,2026-09-23
360.0,153,676,2027-06-18,2026-09-23
370.0,123,461,2027-06-18,2026-09-23
380.0,495,636,2027-06-18,2026-09-23
390.0,265,578,2027-06-18,2026-09-23
400.0,1125,4375,2027-06-18,2026-09-23
410.0,286,641,2027-06-18,2026-09-23
420.0,329,534,2027-06-18,2026-09-23
430.0,369,403,2027-06-18,2026-09-23
440.0,288,525,2027-06-18,2026-09-23
450.0,386,1268,2027-06-18,2026-09-23
460.0,163,290,2027-06-18,2026-09-23
470.0,737,853,2027-06-18,2026-09-23
480.0,431,368,2027-06-18,2026-09-23
490.0,301,699,2027-06-18,2026-09-23
500.0,1429,1906,2027-06-18,2026-09-23
510.0,676,633,2027-06-18,2026-09-23
520.0,267,220,2027-06-18,2026-09-23
530.0,30,0,2027-06-18,2026-09-23
530.0,368,341,2027-06-18,2026-09-23
540.0,1948,689,2027-06-18,2026-09-23
550.0,743,2134,2027-06-18,2026-09-23
560.0,465,601,2027-06-18,2026-09-23
570.0,266,276,2027-06-18,2026-09-23
580.0,354,940,2027-06-18,2026-09-23
590.0,221,1012,2027-06-18,2026-09-23
600.0,1198,4531,2027-06-18,2026-09-23
610.0,421,445,2027-06-18,2026-09-23
620.0,183,933,2027-06-18,2026-09-23
630.0,501,403,2027-06-18,2026-09-23
640.0,448,1181,2027-06-18,2026-09-23
650.0,1039,2823,2027-06-18,2026-09-23
660.0,265,282,2027-06-18,2026-09-23
670.0,270,334,2027-06-18,2026-09-23
680.0,401,783,2027-06-18,2026-09-23
690.0,2261,379,2027-06-18,2026-09-23
700.0,2453,2491,2027-06-18,2026-09-23
710.0,278,246,2027-06-18,2026-09-23
720.0,940,1192,2027-06-18,2026-09-23
730.0,440,428,2027-06-18,2026-09-23
740.0,2752,449,2027-06-18,2026-09-23
750.0,1674,3266,2027-06-18,2026-09-23
760.0,595,429,2027-06-18,2026-09-23
770.0,225,358,2027-06-18,2026-09-23
780.0,468,1893,2027-06-18,2026-09-23
790.0,1234,321,2027-06-18,2026-09-23
800.0,0,290,2027-06-18,2026-09-23
800.0,1858,3111,2027-06-18,2026-09-23
810.0,160,436,2027-06-18,2026-09-23
820.0,394,298,2027-06-18,2026-09-23
830.0,631,481,2027-06-18,2026-09-23
840.0,270,739,2027-06-18,2026-09-23
850.0,822,1469,2027-06-18,2026-09-23
860.0,291,267,2027-06-18,2026-09-23
870.0,1301,981,2027-06-18,2026-09-23
880.0,677,618,2027-06-18,2026-09-23
890.0,2079,232,2027-06-18,2026-09-23
900.0,3000,4884,2027-06-18,2026-09-23
910.0,1677,429,2027-06-18,2026-09-23
920.0,377,243,2027-06-18,2026-09-23
930.0,549,613,2027-06-18,2026-09-23
940.0,352,259,2027-06-18,2026-09-23
950.0,1284,1170,2027-06-18,2026-09-23
960.0,346,380,2027-06-18,2026-09-23
970.0,264,481,2027-06-18,2026-09-23
980.0,383,171,2027-06-18,2026-09-23
990.0,218,101,2027-06-18,2026-09-23
1000.0,2593,1419,2027-06-18,2026-09-23
1010.0,219,195,2027-06-18,2026-09-23
1020.0,297,69,2027-06-18,2026-09-23
1030.0,174,156,2027-06-18,2026-09-23
1040.0,222,83,2027-06-18,2026-09-23
1050.0,608,596,2027-06-18,2026-09-23
1060.0,732,680,2027-06-18,2026-09-23
1070.0,246,76,2027-06-18,2026-09-23
1080.0,475,118,2027-06-18,2026-09-23
1090.0,352,194,2027-06-18,2026-09-23
1100.0,1915,616,2027-06-18,2026-09-23
1110.0,251,77,2027-06-18,2026-09-23
1120.0,172,102,2027-06-18,2026-09-23
1130.0,105,53,2027-06-18,2026-09-23
1140.0,210,119,2027-06-18,2026-09-23
1150.0,623,1024,2027-06-18,2026-09-23
1160.0,369,33,2027-06-18,2026-09-23
1170.0,190,115,2027-06-18,2026-09-23
1180.0,317,97,2027-06-18,2026-09-23
1190.0,77,56,2027-06-18,2026-09-23
1200.0,2024,65,2027-06-18,2026-09-23
1210.0,1442,30,2027-06-18,2026-09-23
1220.0,180,47,2027-06-18,2026-09-23
1230.0,78,27,2027-06-18,2026-09-23
1240.0,226,105,2027-06-18,2026-09-23
1250.0,11,0,2027-06-18,2026-09-23
1250.0,857,519,2027-06-18,2026-09-23
1260.0,180,39,2027-06-18,2026-09-23
1270.0,106,27,2027-06-18,2026-09-23
1280.0,100,89,2027-06-18,2026-09-23
1290.0,535,111,2027-06-18,2026-09-23
1300.0,1425,247,2027-06-18,2026-09-23
1310.0,59,37,2027-06-18,2026-09-23
1320.0,284,79,2027-06-18,2026-09-23
1330.0,157,88,2027-06-18,2026-09-23
1340.0,307,59,2027-06-18,2026-09-23
1350.0,609,569,2027-06-18,2026-09-23
1360.0,325,50,2027-06-18,2026-09-23
1370.0,213,28,2027-06-18,2026-09-23
1380.0,298,65,2027-06-18,2026-09-23
1390.0,206,94,2027-06-18,2026-09-23
1400.0,1090,173,2027-06-18,2026-09-23
1410.0,379,141,2027-06-18,2026-09-23
1420.0,331,156,2027-06-18,2026-09-23
1430.0,424,81,2027-06-18,2026-09-23
1440.0,279,161,2027-06-18,2026-09-23
1450.0,398,79,2027-06-18,2026-09-23
1460.0,562,117,2027-06-18,2026-09-23
1470.0,293,19,2027-06-18,2026-09-23
1480.0,411,50,2027-06-18,2026-09-23
1490.0,171,38,2027-06-18,2026-09-23
1500.0,2346,111,2027-06-18,2026-09-23
1510.0,181,11,2027-06-18,2026-09-23
1520.0,538,35,2027-06-18,2026-09-23
1530.0,184,36,2027-06-18,2026-09-23
1540.0,162,28,2027-06-18,2026-09-23
1550.0,145,13,2027-06-18,2026-09-23
1560.0,353,13,2027-06-18,2026-09-23
1570.0,530,12,2027-06-18,2026-09-23
1580.0,105,31,2027-06-18,2026-09-23
1590.0,417,10,2027-06-18,2026-09-23
1600.0,1732,68,2027-06-18,2026-09-23
1610.0,271,10,2027-06-18,2026-09-23
1620.0,480,30,2027-06-18,2026-09-23
1630.0,209,77,2027-06-18,2026-09-23
1640.0,299,20,2027-06-18,2026-09-23
1650.0,298,28,2027-06-18,2026-09-23
1660.0,587,17,2027-06-18,2026-09-23
1670.0,134,82,2027-06-18,2026-09-23
1680.0,111,6,2027-06-18,2026-09-23
1690.0,253,35,2027-06-18,2026-09-23
1700.0,333,83,2027-06-18,2026-09-23
1710.0,296,27,2027-06-18,2026-09-23
1720.0,443,23,2027-06-18,2026-09-23
1730.0,181,17,2027-06-18,2026-09-23
1740.0,139,26,2027-06-18,2026-09-23
1750.0,330,16,2027-06-18,2026-09-23
1760.0,113,48,2027-06-18,2026-09-23
1770.0,171,18,2027-06-18,2026-09-23
1775.0,290,0,2027-06-18,2026-09-23
1780.0,304,52,2027-06-18,2026-09-23
1790.0,225,11,2027-06-18,2026-09-23
1800.0,1768,30,2027-06-18,2026-09-23
1810.0,198,7,2027-06-18,2026-09-23
1820.0,233,1,2027-06-18,2026-09-23
1830.0,386,2,2027-06-18,2026-09-23
1840.0,334,3,2027-06-18,2026-09-23
1850.0,200,20,2027-06-18,2026-09-23
1860.0,243,19,2027-06-18,2026-09-23
1870.0,163,0,2027-06-18,2026-09-23
1880.0,372,25,2027-06-18,2026-09-23
1890.0,290,0,2027-06-18,2026-09-23
1900.0,764,7,2027-06-18,2026-09-23
1910.0,564,99,2027-06-18,2026-09-23
1920.0,447,1,2027-06-18,2026-09-23
1930.0,531,1,2027-06-18,2026-09-23
1940.0,388,7,2027-06-18,2026-09-23
1950.0,353,0,2027-06-18,2026-09-23
1960.0,473,0,2027-06-18,2026-09-23
1970.0,123,1,2027-06-18,2026-09-23
1980.0,98,5,2027-06-18,2026-09-23
1990.0,38,1,2027-06-18,2026-09-23
2000.0,1861,6,2027-06-18,2026-09-23
2010.0,84,31,2027-06-18,2026-09-23
2020.0,247,1,2027-06-18,2026-09-23
2030.0,46,2,2027-06-18,2026-09-23
2040.0,68,10,2027-06-18,2026-09-23
2050.0,68,6,2027-06-18,2026-09-23
2060.0,106,10,2027-06-18,2026-09-23
2070.0,11,7,2027-06-18,2026-09-23
2080.0,46,10,2027-06-18,2026-09-23
2090.0,56,7,2027-06-18,2026-09-23
2100.0,331,34,2027-06-18,2026-09-23
2110.0,105,2,2027-06-18,2026-09-23
2120.0,28,0,2027-06-18,2026-09-23
2130.0,59,0,2027-06-18,2026-09-23
2140.0,220,47,2027-06-18,2026-09-23
2150.0,275,4,2027-06-18,2026-09-23
2160.0,307,0,2027-06-18,2026-09-23
2170.0,336,2,2027-06-18,2026-09-23
2180.0,66,3,2027-06-18,2026-09-23
2190.0,201,5,2027-06-18,2026-09-23
2200.0,88,18,2027-06-18,2026-09-23
2210.0,118,0,2027-06-18,2026-09-23
2220.0,126,6,2027-06-18,2026-09-23
2230.0,204,1,2027-06-18,2026-09-23
2240.0,18,0,2027-06-18,2026-09-23
2250.0,109,1,2027-06-18,2026-09-23
2260.0,52,0,2027-06-18,2026-09-23
2270.0,213,0,2027-06-18,2026-09-23
2280.0,35,0,2027-06-18,2026-09-23
2290.0,758,6,2027-06-18,2026-09-23
2300.0,151,0,2027-06-18,2026-09-23
2310.0,207,0,2027-06-18,2026-09-23
2320.0,308,0,2027-06-18,2026-09-23
2330.0,128,0,2027-06-18,2026-09-23
2340.0,207,0,2027-06-18,2026-09-23
2350.0,122,1,2027-06-18,2026-09-23
2360.0,184,0,2027-06-18,2026-09-23
2370.0,295,0,2027-06-18,2026-09-23
2380.0,307,0,2027-06-18,2026-09-23
2390.0,493,0,2027-06-18,2026-09-23
2400.0,176,0,2027-06-18,2026-09-23
2410.0,488,0,2027-06-18,2026-09-23
2420.0,294,0,2027-06-18,2026-09-23
2440.0,316,0,2027-06-18,2026-09-23
2460.0,591,0,2027-06-18,2026-09-23
2480.0,446,1,2027-06-18,2026-09-23
2500.0,2996,0,2027-06-18,2026-09-23
500.0,0,104,2027-07-17,2026-09-23
510.0,0,9,2027-07-17,2026-09-23
520.0,0,53,2027-07-17,2026-09-23
530.0,0,37,2027-07-17,2026-09-23
540.0,0,7,2027-07-17,2026-09-23
550.0,0,5,2027-07-17,2026-09-23
560.0,0,22,2027-07-17,2026-09-23
570.0,0,9,2027-07-17,2026-09-23
580.0,0,12,2027-07-17,2026-09-23
590.0,0,7,2027-07-17,2026-09-23
600.0,0,14,2027-07-17,2026-09-23
610.0,0,4,2027-07-17,2026-09-23
620.0,0,4,2027-07-17,2026-09-23
630.0,0,4,2027-07-17,2026-09-23
640.0,0,3,2027-07-17,2026-09-23
650.0,0,3,2027-07-17,2026-09-23
660.0,0,9,2027-07-17,2026-09-23
670.0,0,37,2027-07-17,2026-09-23
680.0,0,31,2027-07-17,2026-09-23
690.0,0,8,2027-07-17,2026-09-23
700.0,0,2,2027-07-17,2026-09-23
710.0,0,3,2027-07-17,2026-09-23
720.0,3,3,2027-07-17,2026-09-23
730.0,0,2,2027-07-17,2026-09-23
740.0,0,3,2027-07-17,2026-09-23
750.0,0,25,2027-07-17,2026-09-23
760.0,0,1,2027-07-17,2026-09-23
770.0,0,0,2027-07-17,2026-09-23
780.0,0,8,2027-07-17,2026-09-23
790.0,0,18,2027-07-17,2026-09-23
800.0,3,52,2027-07-17,2026-09-23
810.0,0,12,2027-07-17,2026-09-23
820.0,0,29,2027-07-17,2026-09-23
830.0,0,21,2027-07-17,2026-09-23
840.0,0,1,2027-07-17,2026-09-23
850.0,0,15,2027-07-17,2026-09-23
860.0,0,3,2027-07-17,2026-09-23
870.0,0,70,2027-07-17,2026-09-23
880.0,0,4,2027-07-17,2026-09-23
890.0,0,143,2027-07-17,2026-09-23
900.0,2,3,2027-07-17,2026-09-23
910.0,0,20,2027-07-17,2026-09-23
920.0,0,9,2027-07-17,2026-09-23
930.0,9,2,2027-07-17,2026-09-23
940.0,14,0,2027-07-17,2026-09-23
950.0,1,5,2027-07-17,2026-09-23
960.0,4,3,2027-07-17,2026-09-23
970.0,1,4,2027-07-17,2026-09-23
980.0,0,6,2027-07-17,2026-09-23
990.0,0,10,2027-07-17,2026-09-23
1000.0,21,9,2027-07-17,2026-09-23
1010.0,1,14,2027-07-17,2026-09-23
1020.0,0,32,2027-07-17,2026-09-23
1030.0,23,19,2027-07-17,2026-09-23
1040.0,1,20,2027-07-17,2026-09-23
1050.0,3,0,2027-07-17,2026-09-23
1060.0,0,4,2027-07-17,2026-09-23
1070.0,0,9,2027-07-17,2026-09-23
1080.0,1,25,2027-07-17,2026-09-23
1090.0,0,0,2027-07-17,2026-09-23
1100.0,7,0,2027-07-17,2026-09-23
1110.0,1,0,2027-07-17,2026-09-23
1120.0,9,0,2027-07-17,2026-09-23
1130.0,0,0,2027-07-17,2026-09-23
1140.0,0,0,2027-07-17,2026-09-23
1150.0,1,1,2027-07-17,2026-09-23
1160.0,1,0,2027-07-17,2026-09-23
1170.0,1,0,2027-07-17,2026-09-23
1180.0,0,1,2027-07-17,2026-09-23
1190.0,0,1,2027-07-17,2026-09-23
1200.0,14,0,2027-07-17,2026-09-23
1210.0,0,0,2027-07-17,2026-09-23
1220.0,14,1,2027-07-17,2026-09-23
1230.0,0,0,2027-07-17,2026-09-23
1240.0,1,0,2027-07-17,2026-09-23
1250.0,2,0,2027-07-17,2026-09-23
1260.0,1,1,2027-07-17,2026-09-23
1270.0,0,0,2027-07-17,2026-09-23
1280.0,0,0,2027-07-17,2026-09-23
1290.0,0,0,2027-07-17,2026-09-23
1300.0,0,5,2027-07-17,2026-09-23
1310.0,5,1,2027-07-17,2026-09-23
1320.0,8,0,2027-07-17,2026-09-23
1330.0,6,0,2027-07-17,2026-09-23
1340.0,6,1,2027-07-17,2026-09-23
1350.0,6,1,2027-07-17,2026-09-23
1360.0,8,0,2027-07-17,2026-09-23
1370.0,2,1,2027-07-17,2026-09-23
1380.0,1,0,2027-07-17,2026-09-23
1390.0,3,1,2027-07-17,2026-09-23
1400.0,8,0,2027-07-17,2026-09-23
5.0,4412,107,2027-09-18,2026-09-23
10.0,584,0,2027-09-18,2026-09-23
15.0,0,2,2027-09-18,2026-09-23
20.0,0,3,2027-09-18,2026-09-23
25.0,0,4,2027-09-18,2026-09-23
30.0,0,3,2027-09-18,2026-09-23
40.0,0,12,2027-09-18,2026-09-23
50.0,1,35,2027-09-18,2026-09-23
60.0,0,82,2027-09-18,2026-09-23
70.0,1,129,2027-09-18,2026-09-23
80.0,1,86,2027-09-18,2026-09-23
90.0,12,208,2027-09-18,2026-09-23
100.0,25,622,2027-09-18,2026-09-23
110.0,5,134,2027-09-18,2026-09-23
120.0,2,747,2027-09-18,2026-09-23
130.0,6,146,2027-09-18,2026-09-23
140.0,4,551,2027-09-18,2026-09-23
150.0,5,344,2027-09-18,2026-09-23
160.0,14,434,2027-09-18,2026-09-23
170.0,128,182,2027-09-18,2026-09-23
180.0,4,38,2027-09-18,2026-09-23
185.0,2,10,2027-09-18,2026-09-23
190.0,158,216,2027-09-18,2026-09-23
195.0,3,208,2027-09-18,2026-09-23
200.0,12,122,2027-09-18,2026-09-23
210.0,6,40,2027-09-18,2026-09-23
220.0,8,118,2027-09-18,2026-09-23
230.0,8,61,2027-09-18,2026-09-23
240.0,5,181,2027-09-18,2026-09-23
250.0,48,292,2027-09-18,2026-09-23
260.0,31,218,2027-09-18,2026-09-23
270.0,7,82,2027-09-18,2026-09-23
280.0,48,84,2027-09-18,2026-09-23
290.0,8,561,2027-09-18,2026-09-23
300.0,100,253,2027-09-18,2026-09-23
310.0,33,118,2027-09-18,2026-09-23
320.0,27,96,2027-09-18,2026-09-23
330.0,30,52,2027-09-18,2026-09-23
340.0,16,113,2027-09-18,2026-09-23
350.0,113,223,2027-09-18,2026-09-23
360.0,17,52,2027-09-18,2026-09-23
370.0,32,123,2027-09-18,2026-09-23
380.0,13,111,2027-09-18,2026-09-23
390.0,56,71,2027-09-18,2026-09-23
400.0,89,343,2027-09-18,2026-09-23
410.0,22,119,2027-09-18,2026-09-23
420.0,48,36,2027-09-18,2026-09-23
430.0,244,99,2027-09-18,2026-09-23
440.0,103,83,2027-09-18,2026-09-23
450.0,81,189,2027-09-18,2026-09-23
460.0,17,79,2027-09-18,2026-09-23
470.0,45,90,2027-09-18,2026-09-23
480.0,63,202,2027-09-18,2026-09-23
490.0,47,130,2027-09-18,2026-09-23
500.0,308,545,2027-09-18,2026-09-23
510.0,168,91,2027-09-18,2026-09-23
520.0,10,255,2027-09-18,2026-09-23
530.0,58,184,2027-09-18,2026-09-23
540.0,28,105,2027-09-18,2026-09-23
550.0,168,441,2027-09-18,2026-09-23
560.0,153,209,2027-09-18,2026-09-23
570.0,276,140,2027-09-18,2026-09-23
580.0,65,292,2027-09-18,2026-09-23
590.0,22,158,2027-09-18,2026-09-23
600.0,621,958,2027-09-18,2026-09-23
610.0,80,235,2027-09-18,2026-09-23
620.0,65,130,2027-09-18,2026-09-23
630.0,105,393,2027-09-18,2026-09-23
640.0,92,197,2027-09-18,2026-09-23
650.0,132,1340,2027-09-18,2026-09-23
660.0,278,172,2027-09-18,2026-09-23
670.0,120,219,2027-09-18,2026-09-23
680.0,123,202,2027-09-18,2026-09-23
690.0,92,225,2027-09-18,2026-09-23
700.0,653,795,2027-09-18,2026-09-23
710.0,51,154,2027-09-18,2026-09-23
720.0,108,56,2027-09-18,2026-09-23
730.0,103,153,2027-09-18,2026-09-23
740.0,65,156,2027-09-18,2026-09-23
750.0,384,343,2027-09-18,2026-09-23
760.0,61,318,2027-09-18,2026-09-23
770.0,259,164,2027-09-18,2026-09-23
780.0,94,410,2027-09-18,2026-09-23
790.0,71,78,2027-09-18,2026-09-23
800.0,562,526,2027-09-18,2026-09-23
810.0,161,82,2027-09-18,2026-09-23
820.0,147,477,2027-09-18,2026-09-23
830.0,245,264,2027-09-18,2026-09-23
840.0,90,189,2027-09-18,2026-09-23
850.0,315,717,2027-09-18,2026-09-23
860.0,223,131,2027-09-18,2026-09-23
870.0,268,209,2027-09-18,2026-09-23
880.0,552,419,2027-09-18,2026-09-23
890.0,438,133,2027-09-18,2026-09-23
900.0,852,921,2027-09-18,2026-09-23
920.0,154,226,2027-09-18,2026-09-23
930.0,472,110,2027-09-18,2026-09-23
940.0,467,242,2027-09-18,2026-09-23
950.0,299,85,2027-09-18,2026-09-23
960.0,408,72,2027-09-18,2026-09-23
970.0,348,72,2027-09-18,2026-09-23
980.0,115,99,2027-09-18,2026-09-23
990.0,242,80,2027-09-18,2026-09-23
1000.0,874,210,2027-09-18,2026-09-23
1010.0,107,77,2027-09-18,2026-09-23
1020.0,160,56,2027-09-18,2026-09-23
1030.0,81,78,2027-09-18,2026-09-23
1040.0,91,99,2027-09-18,2026-09-23
1050.0,163,44,2027-09-18,2026-09-23
1060.0,155,40,2027-09-18,2026-09-23
1070.0,228,91,2027-09-18,2026-09-23
1080.0,96,250,2027-09-18,2026-09-23
1090.0,74,117,2027-09-18,2026-09-23
1100.0,513,513,2027-09-18,2026-09-23
1110.0,317,80,2027-09-18,2026-09-23
1120.0,129,19,2027-09-18,2026-09-23
1130.0,233,37,2027-09-18,2026-09-23
1140.0,60,60,2027-09-18,2026-09-23
1150.0,335,46,2027-09-18,2026-09-23
1160.0,78,21,2027-09-18,2026-09-23
1170.0,259,38,2027-09-18,2026-09-23
1180.0,53,12,2027-09-18,2026-09-23
1190.0,45,16,2027-09-18,2026-09-23
1200.0,567,526,2027-09-18,2026-09-23
1210.0,349,18,2027-09-18,2026-09-23
1220.0,566,54,2027-09-18,2026-09-23
1230.0,96,301,2027-09-18,2026-09-23
1240.0,539,169,2027-09-18,2026-09-23
1250.0,188,310,2027-09-18,2026-09-23
1260.0,369,38,2027-09-18,2026-09-23
1270.0,469,5,2027-09-18,2026-09-23
1280.0,43,444,2027-09-18,2026-09-23
1290.0,89,15,2027-09-18,2026-09-23
1300.0,237,222,2027-09-18,2026-09-23
1310.0,140,12,2027-09-18,2026-09-23
1320.0,487,154,2027-09-18,2026-09-23
1330.0,80,2,2027-09-18,2026-09-23
1340.0,72,3,2027-09-18,2026-09-23
1350.0,230,11,2027-09-18,2026-09-23
1360.0,159,63,2027-09-18,2026-09-23
1370.0,49,300,2027-09-18,2026-09-23
1380.0,34,4,2027-09-18,2026-09-23
1390.0,51,4,2027-09-18,2026-09-23
1400.0,719,86,2027-09-18,2026-09-23
1410.0,51,3,2027-09-18,2026-09-23
1420.0,640,32,2027-09-18,2026-09-23
1430.0,48,77,2027-09-18,2026-09-23
1440.0,102,11,2027-09-18,2026-09-23
1450.0,105,19,2027-09-18,2026-09-23
1460.0,131,66,2027-09-18,2026-09-23
1470.0,25,1,2027-09-18,2026-09-23
1480.0,122,444,2027-09-18,2026-09-23
1490.0,241,1,2027-09-18,2026-09-23
1500.0,383,292,2027-09-18,2026-09-23
1510.0,197,7,2027-09-18,2026-09-23
1520.0,312,3,2027-09-18,2026-09-23
1530.0,437,7,2027-09-18,2026-09-23
1540.0,188,33,2027-09-18,2026-09-23
1550.0,367,29,2027-09-18,2026-09-23
1560.0,457,8,2027-09-18,2026-09-23
1570.0,102,12,2027-09-18,2026-09-23
1580.0,298,101,2027-09-18,2026-09-23
1590.0,185,4,2027-09-18,2026-09-23
1600.0,221,47,2027-09-18,2026-09-23
1610.0,277,14,2027-09-18,2026-09-23
1620.0,892,90,2027-09-18,2026-09-23
1630.0,480,118,2027-09-18,2026-09-23
1640.0,136,1,2027-09-18,2026-09-23
1650.0,270,1,2027-09-18,2026-09-23
1660.0,786,16,2027-09-18,2026-09-23
1670.0,186,2,2027-09-18,2026-09-23
1680.0,187,2,2027-09-18,2026-09-23
1690.0,71,7,2027-09-18,2026-09-23
1700.0,108,255,2027-09-18,2026-09-23
1710.0,277,3,2027-09-18,2026-09-23
1720.0,145,12,2027-09-18,2026-09-23
1730.0,238,4,2027-09-18,2026-09-23
1740.0,409,7,2027-09-18,2026-09-23
1750.0,123,25,2027-09-18,2026-09-23
1760.0,144,6,2027-09-18,2026-09-23
1770.0,68,4,2027-09-18,2026-09-23
1780.0,363,7,2027-09-18,2026-09-23
1790.0,561,11,2027-09-18,2026-09-23
1800.0,449,4,2027-09-18,2026-09-23
1810.0,196,4,2027-09-18,2026-09-23
1820.0,158,3,2027-09-18,2026-09-23
1830.0,170,74,2027-09-18,2026-09-23
1840.0,180,5,2027-09-18,2026-09-23
1850.0,36,1,2027-09-18,2026-09-23
1860.0,96,1,2027-09-18,2026-09-23
1870.0,118,0,2027-09-18,2026-09-23
1880.0,158,4,2027-09-18,2026-09-23
1890.0,216,13,2027-09-18,2026-09-23
1900.0,354,31,2027-09-18,2026-09-23
1910.0,56,7,2027-09-18,2026-09-23
1920.0,18,0,2027-09-18,2026-09-23
1930.0,49,0,2027-09-18,2026-09-23
1940.0,53,0,2027-09-18,2026-09-23
1950.0,65,1,2027-09-18,2026-09-23
1960.0,14,0,2027-09-18,2026-09-23
1970.0,72,43,2027-09-18,2026-09-23
1980.0,200,40,2027-09-18,2026-09-23
1990.0,105,3,2027-09-18,2026-09-23
2000.0,620,4,2027-09-18,2026-09-23
2010.0,693,2,2027-09-18,2026-09-23
2020.0,81,0,2027-09-18,2026-09-23
2030.0,52,1,2027-09-18,2026-09-23
2040.0,21,0,2027-09-18,2026-09-23
2050.0,59,3,2027-09-18,2026-09-23
2060.0,18,1,2027-09-18,2026-09-23
2070.0,83,0,2027-09-18,2026-09-23
2080.0,45,6,2027-09-18,2026-09-23
2090.0,54,2,2027-09-18,2026-09-23
2100.0,71,24,2027-09-18,2026-09-23
2110.0,200,0,2027-09-18,2026-09-23
2120.0,37,0,2027-09-18,2026-09-23
2130.0,37,0,2027-09-18,2026-09-23
2140.0,54,1,2027-09-18,2026-09-23
2150.0,68,0,2027-09-18,2026-09-23
2160.0,35,2,2027-09-18,2026-09-23
2170.0,371,7,2027-09-18,2026-09-23
2180.0,3,2,2027-09-18,2026-09-23
2190.0,69,3,2027-09-18,2026-09-23
2200.0,70,11,2027-09-18,2026-09-23
2210.0,66,0,2027-09-18,2026-09-23
2220.0,51,5,2027-09-18,2026-09-23
2230.0,11,0,2027-09-18,2026-09-23
2240.0,121,1,2027-09-18,2026-09-23
2250.0,78,1,2027-09-18,2026-09-23
2260.0,133,1,2027-09-18,2026-09-23
2270.0,65,0,2027-09-18,2026-09-23
2280.0,14,1,2027-09-18,2026-09-23
2290.0,35,2,2027-09-18,2026-09-23
2300.0,29,1,2027-09-18,2026-09-23
2310.0,41,2,2027-09-18,2026-09-23
2320.0,100,2,2027-09-18,2026-09-23
2330.0,126,1,2027-09-18,2026-09-23
2340.0,121,0,2027-09-18,2026-09-23
2350.0,59,3,2027-09-18,2026-09-23
2360.0,88,2,2027-09-18,2026-09-23
2370.0,50,6,2027-09-18,2026-09-23
2380.0,140,3,2027-09-18,2026-09-23
2390.0,172,0,2027-09-18,2026-09-23
2400.0,261,0,2027-09-18,2026-09-23
2410.0,284,0,2027-09-18,2026-09-23
2420.0,340,5,2027-09-18,2026-09-23
2440.0,633,0,2027-09-18,2026-09-23
2460.0,643,0,2027-09-18,2026-09-23
2480.0,1098,3,2027-09-18,2026-09-23
2500.0,936,0,2027-09-18,2026-09-23
5.0,6272,1247,2027-12-18,2026-09-23
10.0,7,3,2027-12-18,2026-09-23
15.0,2,9,2027-12-18,2026-09-23
20.0,4,17,2027-12-18,2026-09-23
25.0,2201,1202,2027-12-18,2026-09-23
30.0,62,458,2027-12-18,2026-09-23
35.0,70,467,2027-12-18,2026-09-23
40.0,112,5497,2027-12-18,2026-09-23
45.0,113,399,2027-12-18,2026-09-23
50.0,154,853,2027-12-18,2026-09-23
55.0,189,1613,2027-12-18,2026-09-23
60.0,849,1145,2027-12-18,2026-09-23
65.0,136,1710,2027-12-18,2026-09-23
70.0,149,2321,2027-12-18,2026-09-23
75.0,501,1296,2027-12-18,2026-09-23
80.0,211,897,2027-12-18,2026-09-23
85.0,172,353,2027-12-18,2026-09-23
90.0,308,251,2027-12-18,2026-09-23
95.0,156,230,2027-12-18,2026-09-23
100.0,317,641,2027-12-18,2026-09-23
105.0,149,283,2027-12-18,2026-09-23
110.0,303,539,2027-12-18,2026-09-23
115.0,300,150,2027-12-18,2026-09-23
120.0,221,207,2027-12-18,2026-09-23
125.0,271,289,2027-12-18,2026-09-23
130.0,254,278,2027-12-18,2026-09-23
135.0,210,257,2027-12-18,2026-09-23
140.0,133,322,2027-12-18,2026-09-23
145.0,197,117,2027-12-18,2026-09-23
150.0,474,334,2027-12-18,2026-09-23
155.0,83,68,2027-12-18,2026-09-23
160.0,185,130,2027-12-18,2026-09-23
165.0,155,70,2027-12-18,2026-09-23
170.0,521,733,2027-12-18,2026-09-23
175.0,98,82,2027-12-18,2026-09-23
180.0,78,378,2027-12-18,2026-09-23
185.0,37,241,2027-12-18,2026-09-23
190.0,1360,670,2027-12-18,2026-09-23
195.0,231,43,2027-12-18,2026-09-23
200.0,383,417,2027-12-18,2026-09-23
210.0,299,243,2027-12-18,2026-09-23
220.0,160,129,2027-12-18,2026-09-23
230.0,240,165,2027-12-18,2026-09-23
240.0,130,123,2027-12-18,2026-09-23
250.0,50,0,2027-12-18,2026-09-23
250.0,94,217,2027-12-18,2026-09-23
260.0,144,188,2027-12-18,2026-09-23
270.0,89,86,2027-12-18,2026-09-23
280.0,196,434,2027-12-18,2026-09-23
290.0,165,481,2027-12-18,2026-09-23
300.0,302,348,2027-12-18,2026-09-23
310.0,171,99,2027-12-18,2026-09-23
320.0,124,147,2027-12-18,2026-09-23
330.0,213,242,2027-12-18,2026-09-23
340.0,120,104,2027-12-18,2026-09-23
350.0,92,97,2027-12-18,2026-09-23
360.0,87,165,2027-12-18,2026-09-23
370.0,89,221,2027-12-18,2026-09-23
380.0,177,137,2027-12-18,2026-09-23
390.0,134,136,2027-12-18,2026-09-23
400.0,795,725,2027-12-18,2026-09-23
410.0,159,193,2027-12-18,2026-09-23
420.0,121,149,2027-12-18,2026-09-23
430.0,397,288,2027-12-18,2026-09-23
440.0,68,210,2027-12-18,2026-09-23
450.0,361,205,2027-12-18,2026-09-23
460.0,87,39,2027-12-18,2026-09-23
470.0,579,85,2027-12-18,2026-09-23
480.0,124,112,2027-12-18,2026-09-23
490.0,254,355,2027-12-18,2026-09-23
500.0,516,718,2027-12-18,2026-09-23
510.0,192,135,2027-12-18,2026-09-23
520.0,263,92,2027-12-18,2026-09-23
530.0,270,62,2027-12-18,2026-09-23
540.0,74,61,2027-12-18,2026-09-23
550.0,381,224,2027-12-18,2026-09-23
560.0,246,86,2027-12-18,2026-09-23
570.0,149,82,2027-12-18,2026-09-23
580.0,292,92,2027-12-18,2026-09-23
590.0,142,100,2027-12-18,2026-09-23
600.0,451,260,2027-12-18,2026-09-23
610.0,86,95,2027-12-18,2026-09-23
620.0,145,72,2027-12-18,2026-09-23
630.0,543,183,2027-12-18,2026-09-23
640.0,289,172,2027-12-18,2026-09-23
650.0,587,792,2027-12-18,2026-09-23
660.0,96,184,2027-12-18,2026-09-23
670.0,74,30,2027-12-18,2026-09-23
680.0,377,475,2027-12-18,2026-09-23
690.0,386,85,2027-12-18,2026-09-23
700.0,792,1167,2027-12-18,2026-09-23
710.0,138,270,2027-12-18,2026-09-23
720.0,303,547,2027-12-18,2026-09-23
730.0,332,60,2027-12-18,2026-09-23
740.0,376,43,2027-12-18,2026-09-23
750.0,419,234,2027-12-18,2026-09-23
760.0,231,156,2027-12-18,2026-09-23
770.0,132,162,2027-12-18,2026-09-23
780.0,189,150,2027-12-18,2026-09-23
790.0,227,49,2027-12-18,2026-09-23
800.0,1053,631,2027-12-18,2026-09-23
810.0,227,269,2027-12-18,2026-09-23
820.0,236,156,2027-12-18,2026-09-23
830.0,147,247,2027-12-18,2026-09-23
840.0,198,634,2027-12-18,2026-09-23
850.0,229,452,2027-12-18,2026-09-23
860.0,237,217,2027-12-18,2026-09-23
870.0,320,68,2027-12-18,2026-09-23
880.0,505,266,2027-12-18,2026-09-23
890.0,658,260,2027-12-18,2026-09-23
900.0,864,569,2027-12-18,2026-09-23
910.0,1341,46,2027-12-18,2026-09-23
920.0,201,103,2027-12-18,2026-09-23
930.0,146,414,2027-12-18,2026-09-23
940.0,200,42,2027-12-18,2026-09-23
950.0,694,368,2027-12-18,2026-09-23
960.0,270,153,2027-12-18,2026-09-23
970.0,485,50,2027-12-18,2026-09-23
980.0,189,78,2027-12-18,2026-09-23
990.0,63,91,2027-12-18,2026-09-23
1000.0,634,1426,2027-12-18,2026-09-23
1010.0,147,28,2027-12-18,2026-09-23
1020.0,403,44,2027-12-18,2026-09-23
1030.0,164,78,2027-12-18,2026-09-23
1040.0,395,61,2027-12-18,2026-09-23
1050.0,441,31,2027-12-18,2026-09-23
1060.0,357,27,2027-12-18,2026-09-23
1070.0,561,44,2027-12-18,2026-09-23
1080.0,210,139,2027-12-18,2026-09-23
1090.0,271,198,2027-12-18,2026-09-23
1100.0,1158,315,2027-12-18,2026-09-23
1110.0,477,51,2027-12-18,2026-09-23
1120.0,229,83,2027-12-18,2026-09-23
1130.0,484,33,2027-12-18,2026-09-23
1140.0,168,13,2027-12-18,2026-09-23
1150.0,117,21,2027-12-18,2026-09-23
1160.0,132,22,2027-12-18,2026-09-23
1170.0,433,29,2027-12-18,2026-09-23
1180.0,286,47,2027-12-18,2026-09-23
1200.0,653,305,2027-12-18,2026-09-23
1220.0,344,162,2027-12-18,2026-09-23
1240.0,298,76,2027-12-18,2026-09-23
1260.0,782,428,2027-12-18,2026-09-23
1280.0,954,254,2027-12-18,2026-09-23
1300.0,893,250,2027-12-18,2026-09-23
1320.0,563,269,2027-12-18,2026-09-23
1340.0,390,29,2027-12-18,2026-09-23
1360.0,536,52,2027-12-18,2026-09-23
1380.0,419,66,2027-12-18,2026-09-23
1400.0,498,286,2027-12-18,2026-09-23
1420.0,566,147,2027-12-18,2026-09-23
1440.0,437,57,2027-12-18,2026-09-23
1460.0,340,270,2027-12-18,2026-09-23
1480.0,685,195,2027-12-18,2026-09-23
1490.0,246,73,2027-12-18,2026-09-23
1500.0,1774,239,2027-12-18,2026-09-23
1510.0,178,3,2027-12-18,2026-09-23
1520.0,210,50,2027-12-18,2026-09-23
1530.0,93,7,2027-12-18,2026-09-23
1540.0,86,11,2027-12-18,2026-09-23
1550.0,230,6,2027-12-18,2026-09-23
1560.0,60,39,2027-12-18,2026-09-23
1570.0,134,22,2027-12-18,2026-09-23
1580.0,119,112,2027-12-18,2026-09-23
1590.0,300,24,2027-12-18,2026-09-23
1600.0,552,52,2027-12-18,2026-09-23
1610.0,144,24,2027-12-18,2026-09-23
1620.0,228,5,2027-12-18,2026-09-23
1630.0,688,280,2027-12-18,2026-09-23
1640.0,114,48,2027-12-18,2026-09-23
1650.0,51,5,2027-12-18,2026-09-23
1660.0,72,7,2027-12-18,2026-09-23
1670.0,146,12,2027-12-18,2026-09-23
1680.0,354,7,2027-12-18,2026-09-23
1690.0,250,3,2027-12-18,2026-09-23
1700.0,1336,51,2027-12-18,2026-09-23
1710.0,156,11,2027-12-18,2026-09-23
1720.0,67,23,2027-12-18,2026-09-23
1730.0,110,1,2027-12-18,2026-09-23
1740.0,163,8,2027-12-18,2026-09-23
1750.0,256,4,2027-12-18,2026-09-23
1760.0,233,3,2027-12-18,2026-09-23
1770.0,122,14,2027-12-18,2026-09-23
1780.0,564,10,2027-12-18,2026-09-23
1790.0,246,26,2027-12-18,2026-09-23
1800.0,1227,81,2027-12-18,2026-09-23
1810.0,493,41,2027-12-18,2026-09-23
1820.0,535,15,2027-12-18,2026-09-23
1830.0,823,23,2027-12-18,2026-09-23
1840.0,182,5,2027-12-18,2026-09-23
1850.0,117,13,2027-12-18,2026-09-23
1860.0,91,8,2027-12-18,2026-09-23
1870.0,26,0,2027-12-18,2026-09-23
1880.0,350,125,2027-12-18,2026-09-23
1890.0,236,1,2027-12-18,2026-09-23
1900.0,348,201,2027-12-18,2026-09-23
1910.0,285,2,2027-12-18,2026-09-23
1920.0,234,11,2027-12-18,2026-09-23
1930.0,225,2,2027-12-18,2026-09-23
1940.0,84,1,2027-12-18,2026-09-23
1950.0,35,4,2027-12-18,2026-09-23
1960.0,161,1,2027-12-18,2026-09-23
1970.0,78,2,2027-12-18,2026-09-23
1980.0,543,15,2027-12-18,2026-09-23
1990.0,176,5,2027-12-18,2026-09-23
2000.0,882,131,2027-12-18,2026-09-23
2010.0,110,1,2027-12-18,2026-09-23
2020.0,164,4,2027-12-18,2026-09-23
2030.0,83,10,2027-12-18,2026-09-23
2040.0,60,4,2027-12-18,2026-09-23
2050.0,53,6,2027-12-18,2026-09-23
2060.0,38,20,2027-12-18,2026-09-23
2070.0,18,2,2027-12-18,2026-09-23
2080.0,29,120,2027-12-18,2026-09-23
2090.0,97,4,2027-12-18,2026-09-23
2100.0,137,47,2027-12-18,2026-09-23
2110.0,45,46,2027-12-18,2026-09-23
2120.0,208,5,2027-12-18,2026-09-23
2130.0,126,4,2027-12-18,2026-09-23
2140.0,31,6,2027-12-18,2026-09-23
2150.0,41,20,2027-12-18,2026-09-23
2160.0,141,26,2027-12-18,2026-09-23
2170.0,1031,38,2027-12-18,2026-09-23
2180.0,69,3,2027-12-18,2026-09-23
2190.0,141,31,2027-12-18,2026-09-23
2200.0,340,2,2027-12-18,2026-09-23
2210.0,14,6,2027-12-18,2026-09-23
2220.0,133,7,2027-12-18,2026-09-23
2230.0,117,11,2027-12-18,2026-09-23
2240.0,22,1,2027-12-18,2026-09-23
2250.0,39,22,2027-12-18,2026-09-23
2260.0,45,0,2027-12-18,2026-09-23
2270.0,24,4,2027-12-18,2026-09-23
2280.0,20,0,2027-12-18,2026-09-23
2290.0,696,9,2027-12-18,2026-09-23
2300.0,100,9,2027-12-18,2026-09-23
2310.0,33,1,2027-12-18,2026-09-23
2320.0,112,7,2027-12-18,2026-09-23
2330.0,454,2,2027-12-18,2026-09-23
2340.0,360,6,2027-12-18,2026-09-23
2350.0,102,1,2027-12-18,2026-09-23
2360.0,306,7,2027-12-18,2026-09-23
2370.0,154,5,2027-12-18,2026-09-23
2380.0,94,3,2027-12-18,2026-09-23
2390.0,267,9,2027-12-18,2026-09-23
2400.0,265,26,2027-12-18,2026-09-23
2410.0,268,22,2027-12-18,2026-09-23
2420.0,262,19,2027-12-18,2026-09-23
2440.0,260,97,2027-12-18,2026-09-23
2460.0,294,31,2027-12-18,2026-09-23
2480.0,517,62,2027-12-18,2026-09-23
2500.0,1913,115,2027-12-18,2026-09-23
5.0,1429,896,2028-01-22,2026-09-23
10.0,154,22,2028-01-22,2026-09-23
15.0,2,26,2028-01-22,2026-09-23
20.0,10,30,2028-01-22,2026-09-23
25.0,0,50,2028-01-22,2026-09-23
30.0,0,61,2028-01-22,2026-09-23
35.0,56,605,2028-01-22,2026-09-23
40.0,91,289,2028-01-22,2026-09-23
45.0,22,477,2028-01-22,2026-09-23
50.0,4,957,2028-01-22,2026-09-23
55.0,3,78,2028-01-22,2026-09-23
60.0,26,801,2028-01-22,2026-09-23
65.0,1,47,2028-01-22,2026-09-23
70.0,164,365,2028-01-22,2026-09-23
75.0,16,310,2028-01-22,2026-09-23
80.0,31,130,2028-01-22,2026-09-23
85.0,14,65,2028-01-22,2026-09-23
90.0,22,232,2028-01-22,2026-09-23
95.0,26,306,2028-01-22,2026-09-23
100.0,121,2346,2028-01-22,2026-09-23
105.0,32,214,2028-01-22,2026-09-23
110.0,53,355,2028-01-22,2026-09-23
115.0,31,265,2028-01-22,2026-09-23
120.0,97,534,2028-01-22,2026-09-23
125.0,33,172,2028-01-22,2026-09-23
130.0,121,376,2028-01-22,2026-09-23
135.0,85,60,2028-01-22,2026-09-23
140.0,100,174,2028-01-22,2026-09-23
145.0,42,34,2028-01-22,2026-09-23
150.0,262,138,2028-01-22,2026-09-23
155.0,79,385,2028-01-22,2026-09-23
160.0,77,744,2028-01-22,2026-09-23
165.0,207,174,2028-01-22,2026-09-23
170.0,216,307,2028-01-22,2026-09-23
175.0,97,246,2028-01-22,2026-09-23
180.0,93,224,2028-01-22,2026-09-23
185.0,70,424,2028-01-22,2026-09-23
190.0,244,209,2028-01-22,2026-09-23
195.0,107,477,2028-01-22,2026-09-23
200.0,2367,3910,2028-01-22,2026-09-23
210.0,166,325,2028-01-22,2026-09-23
220.0,255,553,2028-01-22,2026-09-23
230.0,545,348,2028-01-22,2026-09-23
240.0,304,471,2028-01-22,2026-09-23
250.0,0,10,2028-01-22,2026-09-23
250.0,421,950,2028-01-22,2026-09-23
260.0,487,307,2028-01-22,2026-09-23
270.0,177,639,2028-01-22,2026-09-23
280.0,406,705,2028-01-22,2026-09-23
290.0,177,587,2028-01-22,2026-09-23
300.0,809,2072,2028-01-22,2026-09-23
310.0,340,412,2028-01-22,2026-09-23
320.0,206,1422,2028-01-22,2026-09-23
330.0,1422,1047,2028-01-22,2026-09-23
340.0,304,384,2028-01-22,2026-09-23
350.0,825,515,2028-01-22,2026-09-23
360.0,357,92,2028-01-22,2026-09-23
370.0,460,230,2028-01-22,2026-09-23
380.0,332,228,2028-01-22,2026-09-23
390.0,125,101,2028-01-22,2026-09-23
400.0,566,586,2028-01-22,2026-09-23
410.0,334,244,2028-01-22,2026-09-23
420.0,109,237,2028-01-22,2026-09-23
430.0,187,512,2028-01-22,2026-09-23
440.0,256,141,2028-01-22,2026-09-23
450.0,411,805,2028-01-22,2026-09-23
460.0,152,188,2028-01-22,2026-09-23
470.0,139,1227,2028-01-22,2026-09-23
480.0,198,778,2028-01-22,2026-09-23
490.0,344,252,2028-01-22,2026-09-23
500.0,1910,3068,2028-01-22,2026-09-23
510.0,193,73,2028-01-22,2026-09-23
520.0,486,674,2028-01-22,2026-09-23
530.0,85,97,2028-01-22,2026-09-23
540.0,608,175,2028-01-22,2026-09-23
550.0,468,603,2028-01-22,2026-09-23
560.0,351,471,2028-01-22,2026-09-23
570.0,174,146,2028-01-22,2026-09-23
580.0,76,313,2028-01-22,2026-09-23
590.0,140,147,2028-01-22,2026-09-23
600.0,1150,1618,2028-01-22,2026-09-23
610.0,207,104,2028-01-22,2026-09-23
620.0,201,162,2028-01-22,2026-09-23
630.0,65,214,2028-01-22,2026-09-23
640.0,158,323,2028-01-22,2026-09-23
650.0,381,249,2028-01-22,2026-09-23
660.0,92,153,2028-01-22,2026-09-23
670.0,300,320,2028-01-22,2026-09-23
680.0,373,273,2028-01-22,2026-09-23
690.0,390,124,2028-01-22,2026-09-23
700.0,1188,1234,2028-01-22,2026-09-23
710.0,198,182,2028-01-22,2026-09-23
720.0,975,160,2028-01-22,2026-09-23
730.0,641,352,2028-01-22,2026-09-23
740.0,209,283,2028-01-22,2026-09-23
750.0,602,1353,2028-01-22,2026-09-23
760.0,0,20,2028-01-22,2026-09-23
760.0,487,116,2028-01-22,2026-09-23
770.0,107,167,2028-01-22,2026-09-23
780.0,325,374,2028-01-22,2026-09-23
790.0,216,364,2028-01-22,2026-09-23
800.0,745,2354,2028-01-22,2026-09-23
810.0,630,49,2028-01-22,2026-09-23
820.0,790,240,2028-01-22,2026-09-23
830.0,246,99,2028-01-22,2026-09-23
840.0,169,484,2028-01-22,2026-09-23
850.0,488,869,2028-01-22,2026-09-23
860.0,166,95,2028-01-22,2026-09-23
870.0,304,130,2028-01-22,2026-09-23
880.0,418,209,2028-01-22,2026-09-23
890.0,585,333,2028-01-22,2026-09-23
900.0,3352,1520,2028-01-22,2026-09-23
910.0,2087,156,2028-01-22,2026-09-23
920.0,157,421,2028-01-22,2026-09-23
930.0,148,124,2028-01-22,2026-09-23
940.0,427,669,2028-01-22,2026-09-23
950.0,755,510,2028-01-22,2026-09-23
960.0,80,303,2028-01-22,2026-09-23
970.0,212,52,2028-01-22,2026-09-23
980.0,505,163,2028-01-22,2026-09-23
990.0,323,171,2028-01-22,2026-09-23
1000.0,1149,860,2028-01-22,2026-09-23
1010.0,237,189,2028-01-22,2026-09-23
1020.0,286,90,2028-01-22,2026-09-23
1030.0,264,70,2028-01-22,2026-09-23
1040.0,425,96,2028-01-22,2026-09-23
1050.0,402,305,2028-01-22,2026-09-23
1060.0,447,94,2028-01-22,2026-09-23
1070.0,102,50,2028-01-22,2026-09-23
1080.0,494,194,2028-01-22,2026-09-23
1090.0,364,186,2028-01-22,2026-09-23
1100.0,1916,1162,2028-01-22,2026-09-23
1110.0,229,41,2028-01-22,2026-09-23
1120.0,182,97,2028-01-22,2026-09-23
1130.0,133,71,2028-01-22,2026-09-23
1140.0,423,62,2028-01-22,2026-09-23
1150.0,210,85,2028-01-22,2026-09-23
1160.0,99,56,2028-01-22,2026-09-23
1170.0,301,53,2028-01-22,2026-09-23
1180.0,350,14,2028-01-22,2026-09-23
1190.0,114,18,2028-01-22,2026-09-23
1200.0,1984,1604,2028-01-22,2026-09-23
1210.0,488,112,2028-01-22,2026-09-23
1220.0,189,41,2028-01-22,2026-09-23
1230.0,241,48,2028-01-22,2026-09-23
1240.0,132,42,2028-01-22,2026-09-23
1250.0,360,886,2028-01-22,2026-09-23
1260.0,1201,134,2028-01-22,2026-09-23
1270.0,203,9,2028-01-22,2026-09-23
1280.0,3130,938,2028-01-22,2026-09-23
1290.0,411,95,2028-01-22,2026-09-23
1300.0,1014,362,2028-01-22,2026-09-23
1310.0,224,582,2028-01-22,2026-09-23
1320.0,641,33,2028-01-22,2026-09-23
1330.0,309,3,2028-01-22,2026-09-23
1340.0,452,7,2028-01-22,2026-09-23
1350.0,701,226,2028-01-22,2026-09-23
1360.0,399,13,2028-01-22,2026-09-23
1370.0,221,19,2028-01-22,2026-09-23
1380.0,170,19,2028-01-22,2026-09-23
1390.0,50,313,2028-01-22,2026-09-23
1400.0,1861,340,2028-01-22,2026-09-23
1410.0,84,6,2028-01-22,2026-09-23
1420.0,511,16,2028-01-22,2026-09-23
1430.0,92,13,2028-01-22,2026-09-23
1440.0,187,19,2028-01-22,2026-09-23
1450.0,287,13,2028-01-22,2026-09-23
1460.0,116,96,2028-01-22,2026-09-23
1470.0,87,26,2028-01-22,2026-09-23
1480.0,3320,950,2028-01-22,2026-09-23
1490.0,269,49,2028-01-22,2026-09-23
1500.0,1265,333,2028-01-22,2026-09-23
1510.0,713,17,2028-01-22,2026-09-23
1520.0,639,63,2028-01-22,2026-09-23
1530.0,312,8,2028-01-22,2026-09-23
1540.0,116,24,2028-01-22,2026-09-23
1550.0,502,17,2028-01-22,2026-09-23
1560.0,306,280,2028-01-22,2026-09-23
1570.0,547,8,2028-01-22,2026-09-23
1580.0,341,191,2028-01-22,2026-09-23
1590.0,280,90,2028-01-22,2026-09-23
1600.0,782,187,2028-01-22,2026-09-23
1610.0,593,2,2028-01-22,2026-09-23
1620.0,234,570,2028-01-22,2026-09-23
1630.0,1115,66,2028-01-22,2026-09-23
1640.0,55,2,2028-01-22,2026-09-23
1650.0,52,44,2028-01-22,2026-09-23
1660.0,63,10,2028-01-22,2026-09-23
1670.0,298,10,2028-01-22,2026-09-23
1680.0,835,5,2028-01-22,2026-09-23
1690.0,134,100,2028-01-22,2026-09-23
1700.0,536,51,2028-01-22,2026-09-23
1710.0,133,2,2028-01-22,2026-09-23
1720.0,382,2,2028-01-22,2026-09-23
1730.0,73,3,2028-01-22,2026-09-23
1740.0,0,0,2028-01-22,2026-09-23
1740.0,57,22,2028-01-22,2026-09-23
1750.0,139,77,2028-01-22,2026-09-23
1760.0,20,0,2028-01-22,2026-09-23
1760.0,225,23,2028-01-22,2026-09-23
1770.0,30,4,2028-01-22,2026-09-23
1780.0,50,265,2028-01-22,2026-09-23
1790.0,240,195,2028-01-22,2026-09-23
1800.0,748,36,2028-01-22,2026-09-23
1805.0,3,0,2028-01-22,2026-09-23
1810.0,231,267,2028-01-22,2026-09-23
1820.0,1640,39,2028-01-22,2026-09-23
1830.0,1750,65,2028-01-22,2026-09-23
1835.0,50,0,2028-01-22,2026-09-23
1840.0,82,17,2028-01-22,2026-09-23
1847.0,5,0,2028-01-22,2026-09-23
1850.0,423,1,2028-01-22,2026-09-23
1860.0,61,14,2028-01-22,2026-09-23
1870.0,136,0,2028-01-22,2026-09-23
1880.0,50,18,2028-01-22,2026-09-23
1890.0,126,23,2028-01-22,2026-09-23
1900.0,466,156,2028-01-22,2026-09-23
1910.0,580,2,2028-01-22,2026-09-23
1920.0,82,20,2028-01-22,2026-09-23
1930.0,212,3,2028-01-22,2026-09-23
1940.0,70,3,2028-01-22,2026-09-23
1950.0,392,15,2028-01-22,2026-09-23
1960.0,546,1,2028-01-22,2026-09-23
1970.0,380,21,2028-01-22,2026-09-23
1980.0,41,11,2028-01-22,2026-09-23
1990.0,548,13,2028-01-22,2026-09-23
2000.0,1854,28,2028-01-22,2026-09-23
2070.0,239,23,2028-01-22,2026-09-23
2080.0,289,24,2028-01-22,2026-09-23
2090.0,273,194,2028-01-22,2026-09-23
2100.0,313,155,2028-01-22,2026-09-23
2110.0,100,1,2028-01-22,2026-09-23
2120.0,173,1,2028-01-22,2026-09-23
2130.0,76,23,2028-01-22,2026-09-23
2140.0,154,23,2028-01-22,2026-09-23
2150.0,149,51,2028-01-22,2026-09-23
2160.0,66,18,2028-01-22,2026-09-23
2170.0,98,26,2028-01-22,2026-09-23
2180.0,19,0,2028-01-22,2026-09-23
2190.0,53,0,2028-01-22,2026-09-23
2200.0,331,1,2028-01-22,2026-09-23
2210.0,60,0,2028-01-22,2026-09-23
2220.0,97,16,2028-01-22,2026-09-23
2230.0,4,1,2028-01-22,2026-09-23
2240.0,21,14,2028-01-22,2026-09-23
2250.0,49,4,2028-01-22,2026-09-23
2260.0,11,5,2028-01-22,2026-09-23
2270.0,111,0,2028-01-22,2026-09-23
2280.0,12,5,2028-01-22,2026-09-23
2290.0,99,189,2028-01-22,2026-09-23
2300.0,184,11,2028-01-22,2026-09-23
2310.0,107,1,2028-01-22,2026-09-23
2320.0,14,0,2028-01-22,2026-09-23
2330.0,62,2,2028-01-22,2026-09-23
2340.0,49,0,2028-01-22,2026-09-23
2350.0,455,3,2028-01-22,2026-09-23
2360.0,75,0,2028-01-22,2026-09-23
2370.0,61,1,2028-01-22,2026-09-23
2380.0,635,16,2028-01-22,2026-09-23
2390.0,456,4,2028-01-22,2026-09-23
2400.0,816,16,2028-01-22,2026-09-23
2410.0,209,2,2028-01-22,2026-09-23
2420.0,585,76,2028-01-22,2026-09-23
2440.0,326,17,2028-01-22,2026-09-23
2460.0,660,16,2028-01-22,2026-09-23
2480.0,956,21,2028-01-22,2026-09-23
2500.0,3244,130,2028-01-22,2026-09-23
5.0,619,55,2028-06-17,2026-09-23
10.0,7,3,2028-06-17,2026-09-23
15.0,0,3,2028-06-17,2026-09-23
20.0,1,10,2028-06-17,2026-09-23
25.0,19,28,2028-06-17,2026-09-23
30.0,1,33,2028-06-17,2026-09-23
35.0,1,9,2028-06-17,2026-09-23
40.0,0,35,2028-06-17,2026-09-23
45.0,0,4,2028-06-17,2026-09-23
50.0,0,170,2028-06-17,2026-09-23
55.0,0,36,2028-06-17,2026-09-23
60.0,0,28,2028-06-17,2026-09-23
65.0,0,25,2028-06-17,2026-09-23
70.0,0,32,2028-06-17,2026-09-23
75.0,0,524,2028-06-17,2026-09-23
80.0,19,294,2028-06-17,2026-09-23
85.0,0,233,2028-06-17,2026-09-23
90.0,1,867,2028-06-17,2026-09-23
95.0,0,311,2028-06-17,2026-09-23
100.0,13,1412,2028-06-17,2026-09-23
105.0,8,832,2028-06-17,2026-09-23
110.0,1,1655,2028-06-17,2026-09-23
115.0,0,306,2028-06-17,2026-09-23
120.0,2,527,2028-06-17,2026-09-23
125.0,1,225,2028-06-17,2026-09-23
130.0,7,932,2028-06-17,2026-09-23
135.0,3,510,2028-06-17,2026-09-23
140.0,5,648,2028-06-17,2026-09-23
145.0,1,48,2028-06-17,2026-09-23
150.0,5,21,2028-06-17,2026-09-23
155.0,16,85,2028-06-17,2026-09-23
160.0,4,221,2028-06-17,2026-09-23
165.0,2,35,2028-06-17,2026-09-23
170.0,3,713,2028-06-17,2026-09-23
175.0,3,51,2028-06-17,2026-09-23
180.0,8,37,2028-06-17,2026-09-23
185.0,18,16,2028-06-17,2026-09-23
190.0,8,38,2028-06-17,2026-09-23
195.0,5,84,2028-06-17,2026-09-23
200.0,108,295,2028-06-17,2026-09-23
210.0,21,37,2028-06-17,2026-09-23
220.0,157,68,2028-06-17,2026-09-23
230.0,1,91,2028-06-17,2026-09-23
240.0,12,60,2028-06-17,2026-09-23
250.0,26,88,2028-06-17,2026-09-23
260.0,7,19,2028-06-17,2026-09-23
270.0,11,278,2028-06-17,2026-09-23
280.0,1,24,2028-06-17,2026-09-23
290.0,7,13,2028-06-17,2026-09-23
300.0,29,125,2028-06-17,2026-09-23
310.0,7,69,2028-06-17,2026-09-23
320.0,14,144,2028-06-17,2026-09-23
330.0,4,106,2028-06-17,2026-09-23
340.0,6,76,2028-06-17,2026-09-23
350.0,30,354,2028-06-17,2026-09-23
360.0,9,39,2028-06-17,2026-09-23
370.0,16,64,2028-06-17,2026-09-23
380.0,12,29,2028-06-17,2026-09-23
390.0,40,79,2028-06-17,2026-09-23
400.0,103,98,2028-06-17,2026-09-23
410.0,31,26,2028-06-17,2026-09-23
420.0,22,83,2028-06-17,2026-09-23
430.0,7,21,2028-06-17,2026-09-23
440.0,31,62,2028-06-17,2026-09-23
450.0,42,117,2028-06-17,2026-09-23
460.0,98,82,2028-06-17,2026-09-23
470.0,49,43,2028-06-17,2026-09-23
480.0,40,55,2028-06-17,2026-09-23
490.0,91,72,2028-06-17,2026-09-23
500.0,107,457,2028-06-17,2026-09-23
510.0,22,128,2028-06-17,2026-09-23
520.0,119,101,2028-06-17,2026-09-23
530.0,83,40,2028-06-17,2026-09-23
540.0,96,104,2028-06-17,2026-09-23
550.0,100,34,2028-06-17,2026-09-23
560.0,314,106,2028-06-17,2026-09-23
570.0,84,47,2028-06-17,2026-09-23
580.0,104,89,2028-06-17,2026-09-23
590.0,81,58,2028-06-17,2026-09-23
600.0,254,277,2028-06-17,2026-09-23
610.0,18,28,2028-06-17,2026-09-23
620.0,32,34,2028-06-17,2026-09-23
630.0,152,67,2028-06-17,2026-09-23
640.0,330,125,2028-06-17,2026-09-23
650.0,105,138,2028-06-17,2026-09-23
660.0,38,37,2028-06-17,2026-09-23
670.0,39,40,2028-06-17,2026-09-23
680.0,16,84,2028-06-17,2026-09-23
690.0,116,71,2028-06-17,2026-09-23
700.0,171,527,2028-06-17,2026-09-23
710.0,32,104,2028-06-17,2026-09-23
720.0,136,43,2028-06-17,2026-09-23
730.0,46,322,2028-06-17,2026-09-23
740.0,47,39,2028-06-17,2026-09-23
750.0,287,286,2028-06-17,2026-09-23
760.0,66,38,2028-06-17,2026-09-23
770.0,39,63,2028-06-17,2026-09-23
780.0,150,165,2028-06-17,2026-09-23
790.0,240,140,2028-06-17,2026-09-23
800.0,358,439,2028-06-17,2026-09-23
810.0,114,119,2028-06-17,2026-09-23
820.0,28,616,2028-06-17,2026-09-23
830.0,128,335,2028-06-17,2026-09-23
840.0,78,176,2028-06-17,2026-09-23
850.0,79,440,2028-06-17,2026-09-23
860.0,74,134,2028-06-17,2026-09-23
870.0,45,78,2028-06-17,2026-09-23
880.0,54,174,2028-06-17,2026-09-23
890.0,142,125,2028-06-17,2026-09-23
900.0,511,304,2028-06-17,2026-09-23
910.0,69,228,2028-06-17,2026-09-23
920.0,171,38,2028-06-17,2026-09-23
930.0,93,132,2028-06-17,2026-09-23
940.0,79,61,2028-06-17,2026-09-23
950.0,122,145,2028-06-17,2026-09-23
960.0,323,82,2028-06-17,2026-09-23
970.0,224,100,2028-06-17,2026-09-23
980.0,156,49,2028-06-17,2026-09-23
990.0,118,100,2028-06-17,2026-09-23
1000.0,714,212,2028-06-17,2026-09-23
1010.0,221,226,2028-06-17,2026-09-23
1020.0,94,249,2028-06-17,2026-09-23
1030.0,347,326,2028-06-17,2026-09-23
1040.0,90,513,2028-06-17,2026-09-23
1050.0,30,520,2028-06-17,2026-09-23
1060.0,110,385,2028-06-17,2026-09-23
1070.0,84,425,2028-06-17,2026-09-23
1080.0,171,116,2028-06-17,2026-09-23
1090.0,173,125,2028-06-17,2026-09-23
1100.0,245,166,2028-06-17,2026-09-23
1110.0,31,23,2028-06-17,2026-09-23
1120.0,150,35,2028-06-17,2026-09-23
1130.0,28,94,2028-06-17,2026-09-23
1140.0,44,28,2028-06-17,2026-09-23
1150.0,356,43,2028-06-17,2026-09-23
1160.0,12,14,2028-06-17,2026-09-23
1170.0,223,25,2028-06-17,2026-09-23
1180.0,395,116,2028-06-17,2026-09-23
1190.0,12,162,2028-06-17,2026-09-23
1200.0,432,268,2028-06-17,2026-09-23
1210.0,26,41,2028-06-17,2026-09-23
1220.0,453,23,2028-06-17,2026-09-23
1230.0,75,37,2028-06-17,2026-09-23
1240.0,103,35,2028-06-17,2026-09-23
1250.0,86,76,2028-06-17,2026-09-23
1260.0,205,153,2028-06-17,2026-09-23
1270.0,163,119,2028-06-17,2026-09-23
1280.0,360,412,2028-06-17,2026-09-23
1290.0,69,311,2028-06-17,2026-09-23
1300.0,575,118,2028-06-17,2026-09-23
1310.0,185,70,2028-06-17,2026-09-23
1320.0,261,114,2028-06-17,2026-09-23
1330.0,111,60,2028-06-17,2026-09-23
1340.0,255,34,2028-06-17,2026-09-23
1350.0,139,45,2028-06-17,2026-09-23
1360.0,221,22,2028-06-17,2026-09-23
1370.0,110,24,2028-06-17,2026-09-23
1380.0,22,214,2028-06-17,2026-09-23
1390.0,113,6,2028-06-17,2026-09-23
1400.0,610,105,2028-06-17,2026-09-23
1410.0,50,35,2028-06-17,2026-09-23
1420.0,209,24,2028-06-17,2026-09-23
1430.0,101,8,2028-06-17,2026-09-23
1440.0,137,30,2028-06-17,2026-09-23
1450.0,21,12,2028-06-17,2026-09-23
1460.0,180,29,2028-06-17,2026-09-23
1470.0,384,15,2028-06-17,2026-09-23
1480.0,262,97,2028-06-17,2026-09-23
1490.0,78,16,2028-06-17,2026-09-23
1500.0,705,77,2028-06-17,2026-09-23
1510.0,68,35,2028-06-17,2026-09-23
1520.0,230,8,2028-06-17,2026-09-23
1530.0,69,68,2028-06-17,2026-09-23
1540.0,28,36,2028-06-17,2026-09-23
1550.0,91,31,2028-06-17,2026-09-23
1560.0,59,18,2028-06-17,2026-09-23
1570.0,86,2,2028-06-17,2026-09-23
1580.0,13,29,2028-06-17,2026-09-23
1590.0,238,85,2028-06-17,2026-09-23
1600.0,190,168,2028-06-17,2026-09-23
1610.0,96,31,2028-06-17,2026-09-23
1620.0,172,87,2028-06-17,2026-09-23
1630.0,222,73,2028-06-17,2026-09-23
1640.0,54,2,2028-06-17,2026-09-23
1650.0,51,47,2028-06-17,2026-09-23
1660.0,37,1,2028-06-17,2026-09-23
1670.0,26,7,2028-06-17,2026-09-23
1680.0,94,16,2028-06-17,2026-09-23
1690.0,46,4,2028-06-17,2026-09-23
1700.0,507,98,2028-06-17,2026-09-23
1710.0,48,20,2028-06-17,2026-09-23
1720.0,39,16,2028-06-17,2026-09-23
1730.0,428,15,2028-06-17,2026-09-23
1740.0,275,9,2028-06-17,2026-09-23
1750.0,132,31,2028-06-17,2026-09-23
1760.0,148,6,2028-06-17,2026-09-23
1770.0,163,14,2028-06-17,2026-09-23
1780.0,174,4,2028-06-17,2026-09-23
1790.0,127,174,2028-06-17,2026-09-23
1800.0,208,128,2028-06-17,2026-09-23
1810.0,633,12,2028-06-17,2026-09-23
1820.0,152,35,2028-06-17,2026-09-23
1830.0,146,15,2028-06-17,2026-09-23
1840.0,140,144,2028-06-17,2026-09-23
1850.0,102,4,2028-06-17,2026-09-23
1860.0,208,2,2028-06-17,2026-09-23
1870.0,166,2,2028-06-17,2026-09-23
1880.0,67,2,2028-06-17,2026-09-23
1890.0,46,2,2028-06-17,2026-09-23
1900.0,124,9,2028-06-17,2026-09-23
1910.0,71,5,2028-06-17,2026-09-23
1920.0,173,1,2028-06-17,2026-09-23
1930.0,43,17,2028-06-17,2026-09-23
1940.0,71,12,2028-06-17,2026-09-23
1950.0,888,29,2028-06-17,2026-09-23
1960.0,85,4,2028-06-17,2026-09-23
1970.0,34,0,2028-06-17,2026-09-23
1980.0,174,6,2028-06-17,2026-09-23
1990.0,109,44,2028-06-17,2026-09-23
2000.0,176,59,2028-06-17,2026-09-23
2010.0,172,8,2028-06-17,2026-09-23
2020.0,94,6,2028-06-17,2026-09-23
2030.0,265,2,2028-06-17,2026-09-23
2040.0,55,4,2028-06-17,2026-09-23
2050.0,21,53,2028-06-17,2026-09-23
2060.0,109,2,2028-06-17,2026-09-23
2070.0,51,2,2028-06-17,2026-09-23
2080.0,159,15,2028-06-17,2026-09-23
2090.0,80,0,2028-06-17,2026-09-23
2100.0,277,27,2028-06-17,2026-09-23
2110.0,25,3,2028-06-17,2026-09-23
2120.0,126,6,2028-06-17,2026-09-23
2130.0,89,2,2028-06-17,2026-09-23
2140.0,126,3,2028-06-17,2026-09-23
2150.0,38,21,2028-06-17,2026-09-23
2160.0,67,7,2028-06-17,2026-09-23
2170.0,104,11,2028-06-17,2026-09-23
2180.0,14,2,2028-06-17,2026-09-23
2190.0,57,0,2028-06-17,2026-09-23
2200.0,347,7,2028-06-17,2026-09-23
2210.0,182,0,2028-06-17,2026-09-23
2220.0,102,13,2028-06-17,2026-09-23
2230.0,51,9,2028-06-17,2026-09-23
2240.0,105,142,2028-06-17,2026-09-23
2250.0,59,25,2028-06-17,2026-09-23
2260.0,42,1,2028-06-17,2026-09-23
2270.0,160,3,2028-06-17,2026-09-23
2280.0,20,2,2028-06-17,2026-09-23
2290.0,22,2,2028-06-17,2026-09-23
2300.0,162,7,2028-06-17,2026-09-23
2310.0,53,4,2028-06-17,2026-09-23
2320.0,100,21,2028-06-17,2026-09-23
2330.0,57,7,2028-06-17,2026-09-23
2340.0,16,2,2028-06-17,2026-09-23
2350.0,21,51,2028-06-17,2026-09-23
2360.0,45,12,2028-06-17,2026-09-23
2370.0,260,26,2028-06-17,2026-09-23
2380.0,154,133,2028-06-17,2026-09-23
2390.0,145,2,2028-06-17,2026-09-23
2400.0,262,27,2028-06-17,2026-09-23
2410.0,170,10,2028-06-17,2026-09-23
2420.0,198,18,2028-06-17,2026-09-23
2440.0,174,6,2028-06-17,2026-09-23
2460.0,486,45,2028-06-17,2026-09-23
2480.0,908,54,2028-06-17,2026-09-23
2500.0,2371,87,2028-06-17,2026-09-23
5.0,1601,962,2028-12-16,2026-09-23
10.0,106,75,2028-12-16,2026-09-23
15.0,7,124,2028-12-16,2026-09-23
20.0,3,61,2028-12-16,2026-09-23
25.0,43,2012,2028-12-16,2026-09-23
30.0,9,110,2028-12-16,2026-09-23
35.0,5,346,2028-12-16,2026-09-23
40.0,2,1112,2028-12-16,2026-09-23
45.0,2,1106,2028-12-16,2026-09-23
50.0,56,1819,2028-12-16,2026-09-23
55.0,24,114,2028-12-16,2026-09-23
60.0,17,217,2028-12-16,2026-09-23
65.0,1,135,2028-12-16,2026-09-23
70.0,126,43,2028-12-16,2026-09-23
75.0,23,123,2028-12-16,2026-09-23
80.0,50,143,2028-12-16,2026-09-23
85.0,38,971,2028-12-16,2026-09-23
90.0,29,222,2028-12-16,2026-09-23
95.0,48,163,2028-12-16,2026-09-23
100.0,237,1178,2028-12-16,2026-09-23
105.0,19,482,2028-12-16,2026-09-23
110.0,44,491,2028-12-16,2026-09-23
115.0,33,412,2028-12-16,2026-09-23
120.0,50,477,2028-12-16,2026-09-23
125.0,36,520,2028-12-16,2026-09-23
130.0,51,487,2028-12-16,2026-09-23
135.0,14,825,2028-12-16,2026-09-23
140.0,2760,220,2028-12-16,2026-09-23
145.0,68,29,2028-12-16,2026-09-23
150.0,194,508,2028-12-16,2026-09-23
160.0,49,1084,2028-12-16,2026-09-23
165.0,71,185,2028-12-16,2026-09-23
170.0,74,416,2028-12-16,2026-09-23
175.0,55,45,2028-12-16,2026-09-23
180.0,131,143,2028-12-16,2026-09-23
185.0,62,120,2028-12-16,2026-09-23
190.0,49,149,2028-12-16,2026-09-23
195.0,34,77,2028-12-16,2026-09-23
200.0,595,1069,2028-12-16,2026-09-23
210.0,83,129,2028-12-16,2026-09-23
220.0,65,222,2028-12-16,2026-09-23
230.0,112,540,2028-12-16,2026-09-23
240.0,233,175,2028-12-16,2026-09-23
250.0,453,382,2028-12-16,2026-09-23
260.0,86,435,2028-12-16,2026-09-23
270.0,51,242,2028-12-16,2026-09-23
280.0,66,554,2028-12-16,2026-09-23
290.0,95,268,2028-12-16,2026-09-23
300.0,371,1795,2028-12-16,2026-09-23
310.0,247,245,2028-12-16,2026-09-23
320.0,194,265,2028-12-16,2026-09-23
330.0,164,127,2028-12-16,2026-09-23
340.0,182,302,2028-12-16,2026-09-23
350.0,1722,311,2028-12-16,2026-09-23
360.0,574,335,2028-12-16,2026-09-23
370.0,228,330,2028-12-16,2026-09-23
380.0,353,541,2028-12-16,2026-09-23
390.0,257,254,2028-12-16,2026-09-23
400.0,1263,1735,2028-12-16,2026-09-23
410.0,131,213,2028-12-16,2026-09-23
420.0,305,405,2028-12-16,2026-09-23
430.0,181,191,2028-12-16,2026-09-23
440.0,160,317,2028-12-16,2026-09-23
450.0,428,493,2028-12-16,2026-09-23
460.0,171,192,2028-12-16,2026-09-23
470.0,116,108,2028-12-16,2026-09-23
480.0,156,479,2028-12-16,2026-09-23
490.0,362,204,2028-12-16,2026-09-23
500.0,835,1697,2028-12-16,2026-09-23
510.0,145,159,2028-12-16,2026-09-23
520.0,164,81,2028-12-16,2026-09-23
530.0,216,83,2028-12-16,2026-09-23
540.0,75,216,2028-12-16,2026-09-23
550.0,295,547,2028-12-16,2026-09-23
560.0,103,181,2028-12-16,2026-09-23
570.0,144,229,2028-12-16,2026-09-23
580.0,109,134,2028-12-16,2026-09-23
590.0,199,323,2028-12-16,2026-09-23
600.0,516,1072,2028-12-16,2026-09-23
610.0,104,339,2028-12-16,2026-09-23
620.0,202,145,2028-12-16,2026-09-23
630.0,199,75,2028-12-16,2026-09-23
640.0,84,240,2028-12-16,2026-09-23
650.0,318,551,2028-12-16,2026-09-23
660.0,118,330,2028-12-16,2026-09-23
670.0,137,144,2028-12-16,2026-09-23
680.0,207,263,2028-12-16,2026-09-23
690.0,133,268,2028-12-16,2026-09-23
700.0,1718,1312,2028-12-16,2026-09-23
710.0,694,172,2028-12-16,2026-09-23
720.0,714,156,2028-12-16,2026-09-23
730.0,441,95,2028-12-16,2026-09-23
740.0,487,131,2028-12-16,2026-09-23
750.0,1844,407,2028-12-16,2026-09-23
760.0,950,528,2028-12-16,2026-09-23
780.0,193,353,2028-12-16,2026-09-23
790.0,313,105,2028-12-16,2026-09-23
800.0,938,699,2028-12-16,2026-09-23
810.0,444,94,2028-12-16,2026-09-23
820.0,233,126,2028-12-16,2026-09-23
830.0,127,125,2028-12-16,2026-09-23
840.0,405,108,2028-12-16,2026-09-23
850.0,1081,571,2028-12-16,2026-09-23
860.0,260,312,2028-12-16,2026-09-23
870.0,288,511,2028-12-16,2026-09-23
880.0,288,648,2028-12-16,2026-09-23
890.0,168,367,2028-12-16,2026-09-23
900.0,0,125,2028-12-16,2026-09-23
900.0,1569,1222,2028-12-16,2026-09-23
910.0,1732,237,2028-12-16,2026-09-23
920.0,307,191,2028-12-16,2026-09-23
930.0,380,315,2028-12-16,2026-09-23
940.0,179,150,2028-12-16,2026-09-23
950.0,655,486,2028-12-16,2026-09-23
960.0,253,221,2028-12-16,2026-09-23
970.0,232,204,2028-12-16,2026-09-23
980.0,229,140,2028-12-16,2026-09-23
990.0,252,412,2028-12-16,2026-09-23
1000.0,1541,709,2028-12-16,2026-09-23
1010.0,477,345,2028-12-16,2026-09-23
1020.0,302,286,2028-12-16,2026-09-23
1030.0,176,331,2028-12-16,2026-09-23
1040.0,217,166,2028-12-16,2026-09-23
1050.0,480,240,2028-12-16,2026-09-23
1060.0,637,390,2028-12-16,2026-09-23
1070.0,277,478,2028-12-16,2026-09-23
1080.0,359,1055,2028-12-16,2026-09-23
1090.0,237,275,2028-12-16,2026-09-23
1100.0,800,646,2028-12-16,2026-09-23
1110.0,278,263,2028-12-16,2026-09-23
1120.0,134,229,2028-12-16,2026-09-23
1130.0,42,142,2028-12-16,2026-09-23
1140.0,135,139,2028-12-16,2026-09-23
1150.0,388,414,2028-12-16,2026-09-23
1160.0,71,154,2028-12-16,2026-09-23
1170.0,171,150,2028-12-16,2026-09-23
1180.0,1903,173,2028-12-16,2026-09-23
1190.0,217,211,2028-12-16,2026-09-23
1200.0,1549,779,2028-12-16,2026-09-23
1210.0,141,129,2028-12-16,2026-09-23
1220.0,314,238,2028-12-16,2026-09-23
1230.0,162,94,2028-12-16,2026-09-23
1240.0,396,244,2028-12-16,2026-09-23
1250.0,591,85,2028-12-16,2026-09-23
1260.0,217,311,2028-12-16,2026-09-23
1270.0,224,271,2028-12-16,2026-09-23
1280.0,451,389,2028-12-16,2026-09-23
1290.0,139,108,2028-12-16,2026-09-23
1300.0,1076,369,2028-12-16,2026-09-23
1310.0,64,89,2028-12-16,2026-09-23
1320.0,100,200,2028-12-16,2026-09-23
1330.0,36,196,2028-12-16,2026-09-23
1340.0,98,149,2028-12-16,2026-09-23
1350.0,286,220,2028-12-16,2026-09-23
1360.0,77,79,2028-12-16,2026-09-23
1370.0,23,146,2028-12-16,2026-09-23
1380.0,344,196,2028-12-16,2026-09-23
1390.0,215,120,2028-12-16,2026-09-23
1400.0,2333,826,2028-12-16,2026-09-23
1410.0,137,191,2028-12-16,2026-09-23
1420.0,713,306,2028-12-16,2026-09-23
1430.0,61,102,2028-12-16,2026-09-23
1440.0,371,346,2028-12-16,2026-09-23
1450.0,264,187,2028-12-16,2026-09-23
1460.0,76,100,2028-12-16,2026-09-23
1470.0,292,151,2028-12-16,2026-09-23
1480.0,433,405,2028-12-16,2026-09-23
1490.0,70,243,2028-12-16,2026-09-23
1500.0,2538,508,2028-12-16,2026-09-23
1510.0,160,27,2028-12-16,2026-09-23
1520.0,76,130,2028-12-16,2026-09-23
1530.0,143,131,2028-12-16,2026-09-23
1540.0,314,185,2028-12-16,2026-09-23
1550.0,260,39,2028-12-16,2026-09-23
1560.0,163,85,2028-12-16,2026-09-23
1570.0,43,22,2028-12-16,2026-09-23
1580.0,63,120,2028-12-16,2026-09-23
1590.0,57,43,2028-12-16,2026-09-23
1600.0,470,739,2028-12-16,2026-09-23
1610.0,52,70,2028-12-16,2026-09-23
1620.0,534,300,2028-12-16,2026-09-23
1630.0,760,44,2028-12-16,2026-09-23
1640.0,21,10,2028-12-16,2026-09-23
1650.0,131,67,2028-12-16,2026-09-23
1660.0,80,18,2028-12-16,2026-09-23
1670.0,15,17,2028-12-16,2026-09-23
1680.0,283,127,2028-12-16,2026-09-23
1690.0,60,53,2028-12-16,2026-09-23
1700.0,1420,717,2028-12-16,2026-09-23
1710.0,86,216,2028-12-16,2026-09-23
1720.0,332,59,2028-12-16,2026-09-23
1730.0,42,110,2028-12-16,2026-09-23
1740.0,332,208,2028-12-16,2026-09-23
1750.0,189,245,2028-12-16,2026-09-23
1760.0,177,75,2028-12-16,2026-09-23
1770.0,105,29,2028-12-16,2026-09-23
1780.0,50,111,2028-12-16,2026-09-23
1790.0,60,113,2028-12-16,2026-09-23
1800.0,451,321,2028-12-16,2026-09-23
1810.0,126,234,2028-12-16,2026-09-23
1820.0,147,61,2028-12-16,2026-09-23
1830.0,121,67,2028-12-16,2026-09-23
1840.0,67,10,2028-12-16,2026-09-23
1850.0,76,50,2028-12-16,2026-09-23
1860.0,74,37,2028-12-16,2026-09-23
1870.0,30,17,2028-12-16,2026-09-23
1880.0,253,342,2028-12-16,2026-09-23
1890.0,286,245,2028-12-16,2026-09-23
1900.0,204,527,2028-12-16,2026-09-23
1910.0,75,24,2028-12-16,2026-09-23
1920.0,21,11,2028-12-16,2026-09-23
1930.0,83,26,2028-12-16,2026-09-23
1940.0,26,6,2028-12-16,2026-09-23
1950.0,179,10,2028-12-16,2026-09-23
1960.0,71,6,2028-12-16,2026-09-23
1970.0,414,24,2028-12-16,2026-09-23
1980.0,233,315,2028-12-16,2026-09-23
1990.0,59,216,2028-12-16,2026-09-23
2000.0,125,0,2028-12-16,2026-09-23
2000.0,734,263,2028-12-16,2026-09-23
2010.0,75,107,2028-12-16,2026-09-23
2020.0,121,2,2028-12-16,2026-09-23
2030.0,17,1,2028-12-16,2026-09-23
2040.0,425,48,2028-12-16,2026-09-23
2050.0,181,12,2028-12-16,2026-09-23
2060.0,26,35,2028-12-16,2026-09-23
2070.0,26,4,2028-12-16,2026-09-23
2080.0,28,108,2028-12-16,2026-09-23
2090.0,64,22,2028-12-16,2026-09-23
2100.0,150,137,2028-12-16,2026-09-23
2110.0,93,267,2028-12-16,2026-09-23
2120.0,46,12,2028-12-16,2026-09-23
2130.0,23,12,2028-12-16,2026-09-23
2140.0,115,21,2028-12-16,2026-09-23
2150.0,80,113,2028-12-16,2026-09-23
2160.0,88,127,2028-12-16,2026-09-23
2170.0,685,20,2028-12-16,2026-09-23
2180.0,132,27,2028-12-16,2026-09-23
2190.0,110,10,2028-12-16,2026-09-23
2200.0,428,236,2028-12-16,2026-09-23
2210.0,72,32,2028-12-16,2026-09-23
2220.0,238,29,2028-12-16,2026-09-23
2230.0,25,14,2028-12-16,2026-09-23
2240.0,139,78,2028-12-16,2026-09-23
2250.0,81,12,2028-12-16,2026-09-23
2260.0,164,55,2028-12-16,2026-09-23
2270.0,18,15,2028-12-16,2026-09-23
2280.0,25,4,2028-12-16,2026-09-23
2290.0,85,23,2028-12-16,2026-09-23
2300.0,168,35,2028-12-16,2026-09-23
2310.0,103,6,2028-12-16,2026-09-23
2320.0,43,10,2028-12-16,2026-09-23
2330.0,164,34,2028-12-16,2026-09-23
2340.0,103,53,2028-12-16,2026-09-23
2350.0,58,66,2028-12-16,2026-09-23
2360.0,75,19,2028-12-16,2026-09-23
2370.0,78,53,2028-12-16,2026-09-23
2380.0,59,318,2028-12-16,2026-09-23
2390.0,152,240,2028-12-16,2026-09-23
2400.0,420,132,2028-12-16,2026-09-23
2410.0,34,98,2028-12-16,2026-09-23
2420.0,464,18,2028-12-16,2026-09-23
2440.0,88,58,2028-12-16,2026-09-23
2460.0,108,63,2028-12-16,2026-09-23
2480.0,404,125,2028-12-16,2026-09-23
2500.0,3058,393,2028-12-16,2026-09-23
5.0,0,0,2029-01-20,2026-09-23
10.0,0,0,2029-01-20,2026-09-23
15.0,0,0,2029-01-20,2026-09-23
20.0,0,0,2029-01-20,2026-09-23
25.0,0,0,2029-01-20,2026-09-23
30.0,1,0,2029-01-20,2026-09-23
35.0,0,0,2029-01-20,2026-09-23
40.0,0,0,2029-01-20,2026-09-23
45.0,0,0,2029-01-20,2026-09-23
50.0,0,0,2029-01-20,2026-09-23
55.0,0,0,2029-01-20,2026-09-23
60.0,0,0,2029-01-20,2026-09-23
65.0,0,0,2029-01-20,2026-09-23
70.0,1,0,2029-01-20,2026-09-23
75.0,13,0,2029-01-20,2026-09-23
80.0,0,0,2029-01-20,2026-09-23
85.0,0,0,2029-01-20,2026-09-23
90.0,0,0,2029-01-20,2026-09-23
95.0,0,0,2029-01-20,2026-09-23
100.0,0,11,2029-01-20,2026-09-23
105.0,0,197,2029-01-20,2026-09-23
110.0,0,1,2029-01-20,2026-09-23
115.0,0,0,2029-01-20,2026-09-23
120.0,0,0,2029-01-20,2026-09-23
125.0,0,0,2029-01-20,2026-09-23
130.0,0,0,2029-01-20,2026-09-23
135.0,0,0,2029-01-20,2026-09-23
140.0,0,10,2029-01-20,2026-09-23
145.0,0,0,2029-01-20,2026-09-23
150.0,1,8,2029-01-20,2026-09-23
160.0,0,1,2029-01-20,2026-09-23
165.0,0,0,2029-01-20,2026-09-23
170.0,0,0,2029-01-20,2026-09-23
175.0,2,1,2029-01-20,2026-09-23
180.0,10,0,2029-01-20,2026-09-23
185.0,0,0,2029-01-20,2026-09-23
190.0,0,1,2029-01-20,2026-09-23
195.0,0,0,2029-01-20,2026-09-23
200.0,5,25,2029-01-20,2026-09-23
210.0,1,3,2029-01-20,2026-09-23
220.0,0,5,2029-01-20,2026-09-23
230.0,0,2,2029-01-20,2026-09-23
240.0,1,0,2029-01-20,2026-09-23
250.0,0,2,2029-01-20,2026-09-23
260.0,0,0,2029-01-20,2026-09-23
270.0,0,0,2029-01-20,2026-09-23
280.0,0,16,2029-01-20,2026-09-23
290.0,0,11,2029-01-20,2026-09-23
300.0,1,0,2029-01-20,2026-09-23
310.0,2,0,2029-01-20,2026-09-23
320.0,0,0,2029-01-20,2026-09-23
330.0,0,1,2029-01-20,2026-09-23
340.0,1,0,2029-01-20,2026-09-23
350.0,0,2,2029-01-20,2026-09-23
360.0,1,1,2029-01-20,2026-09-23
370.0,0,0,2029-01-20,2026-09-23
380.0,1,1,2029-01-20,2026-09-23
390.0,0,0,2029-01-20,2026-09-23
400.0,4,23,2029-01-20,2026-09-23
410.0,0,0,2029-01-20,2026-09-23
420.0,1,0,2029-01-20,2026-09-23
430.0,0,2,2029-01-20,2026-09-23
440.0,0,7,2029-01-20,2026-09-23
450.0,0,20,2029-01-20,2026-09-23
460.0,0,4,2029-01-20,2026-09-23
470.0,1,1,2029-01-20,2026-09-23
480.0,0,1,2029-01-20,2026-09-23
490.0,0,2,2029-01-20,2026-09-23
500.0,9,13,2029-01-20,2026-09-23
510.0,0,5,2029-01-20,2026-09-23
520.0,0,7,2029-01-20,2026-09-23
530.0,0,0,2029-01-20,2026-09-23
540.0,0,3,2029-01-20,2026-09-23
550.0,2,2,2029-01-20,2026-09-23
560.0,0,2,2029-01-20,2026-09-23
570.0,0,1,2029-01-20,2026-09-23
580.0,1,1,2029-01-20,2026-09-23
590.0,0,0,2029-01-20,2026-09-23
600.0,1,9,2029-01-20,2026-09-23
610.0,1,0,2029-01-20,2026-09-23
620.0,0,3,2029-01-20,2026-09-23
630.0,0,0,2029-01-20,2026-09-23
640.0,0,0,2029-01-20,2026-09-23
650.0,0,14,2029-01-20,2026-09-23
660.0,0,0,2029-01-20,2026-09-23
670.0,0,0,2029-01-20,2026-09-23
680.0,1,0,2029-01-20,2026-09-23
690.0,1,6,2029-01-20,2026-09-23
700.0,19,20,2029-01-20,2026-09-23
710.0,0,8,2029-01-20,2026-09-23
720.0,12,2,2029-01-20,2026-09-23
730.0,2,2,2029-01-20,2026-09-23
740.0,9,5,2029-01-20,2026-09-23
750.0,10,6,2029-01-20,2026-09-23
760.0,2,2,2029-01-20,2026-09-23
770.0,0,7,2029-01-20,2026-09-23
780.0,0,0,2029-01-20,2026-09-23
790.0,0,0,2029-01-20,2026-09-23
800.0,6,4,2029-01-20,2026-09-23
810.0,1,4,2029-01-20,2026-09-23
820.0,0,5,2029-01-20,2026-09-23
830.0,8,28,2029-01-20,2026-09-23
840.0,2,29,2029-01-20,2026-09-23
850.0,19,4,2029-01-20,2026-09-23
860.0,5,12,2029-01-20,2026-09-23
870.0,2,11,2029-01-20,2026-09-23
880.0,4,7,2029-01-20,2026-09-23
890.0,1,5,2029-01-20,2026-09-23
900.0,38,119,2029-01-20,2026-09-23
910.0,2,26,2029-01-20,2026-09-23
920.0,12,1,2029-01-20,2026-09-23
930.0,27,2,2029-01-20,2026-09-23
940.0,7,3,2029-01-20,2026-09-23
950.0,17,4,2029-01-20,2026-09-23
960.0,4,0,2029-01-20,2026-09-23
970.0,3,1,2029-01-20,2026-09-23
980.0,14,3,2029-01-20,2026-09-23
990.0,4,4,2029-01-20,2026-09-23
1000.0,35,14,2029-01-20,2026-09-23
1010.0,1,0,2029-01-20,2026-09-23
1020.0,6,0,2029-01-20,2026-09-23
1030.0,29,30,2029-01-20,2026-09-23
1040.0,10,6,2029-01-20,2026-09-23
1050.0,11,39,2029-01-20,2026-09-23
1060.0,8,1,2029-01-20,2026-09-23
1070.0,0,0,2029-01-20,2026-09-23
1080.0,2,15,2029-01-20,2026-09-23
1090.0,3,12,2029-01-20,2026-09-23
1100.0,39,68,2029-01-20,2026-09-23
1110.0,4,0,2029-01-20,2026-09-23
1120.0,0,0,2029-01-20,2026-09-23
1130.0,27,41,2029-01-20,2026-09-23
1140.0,0,0,2029-01-20,2026-09-23
1150.0,4,13,2029-01-20,2026-09-23
1160.0,3,1,2029-01-20,2026-09-23
1170.0,5,0,2029-01-20,2026-09-23
1180.0,0,1,2029-01-20,2026-09-23
1190.0,1,0,2029-01-20,2026-09-23
1200.0,22,10,2029-01-20,2026-09-23
1210.0,4,0,2029-01-20,2026-09-23
1220.0,5,0,2029-01-20,2026-09-23
1230.0,1,1,2029-01-20,2026-09-23
1240.0,0,0,2029-01-20,2026-09-23
1250.0,11,42,2029-01-20,2026-09-23
1260.0,0,0,2029-01-20,2026-09-23
1270.0,0,0,2029-01-20,2026-09-23
1280.0,0,0,2029-01-20,2026-09-23
1290.0,0,1,2029-01-20,2026-09-23
1300.0,13,48,2029-01-20,2026-09-23
1310.0,0,0,2029-01-20,2026-09-23
1320.0,0,0,2029-01-20,2026-09-23
1330.0,0,1,2029-01-20,2026-09-23
1340.0,0,0,2029-01-20,2026-09-23
1350.0,3,0,2029-01-20,2026-09-23
1360.0,0,0,2029-01-20,2026-09-23
1370.0,1,0,2029-01-20,2026-09-23
1380.0,0,0,2029-01-20,2026-09-23
1390.0,1,0,2029-01-20,2026-09-23
1400.0,47,5,2029-01-20,2026-09-23
1410.0,2,0,2029-01-20,2026-09-23
1420.0,0,0,2029-01-20,2026-09-23
1430.0,3,0,2029-01-20,2026-09-23
1440.0,3,5,2029-01-20,2026-09-23
1450.0,48,0,2029-01-20,2026-09-23
1460.0,51,0,2029-01-20,2026-09-23
1470.0,1,0,2029-01-20,2026-09-23
1480.0,1,0,2029-01-20,2026-09-23
1490.0,3,0,2029-01-20,2026-09-23
1500.0,9,46,2029-01-20,2026-09-23
1510.0,1,0,2029-01-20,2026-09-23
1520.0,2,0,2029-01-20,2026-09-23
1530.0,0,0,2029-01-20,2026-09-23
1540.0,2,47,2029-01-20,2026-09-23
1550.0,1,0,2029-01-20,2026-09-23
1560.0,0,0,2029-01-20,2026-09-23
1570.0,0,0,2029-01-20,2026-09-23
1580.0,0,0,2029-01-20,2026-09-23
1590.0,0,1,2029-01-20,2026-09-23
1600.0,23,0,2029-01-20,2026-09-23
1610.0,0,0,2029-01-20,2026-09-23
1620.0,11,0,2029-01-20,2026-09-23
1630.0,0,0,2029-01-20,2026-09-23
1640.0,14,0,2029-01-20,2026-09-23
1650.0,2,0,2029-01-20,2026-09-23
1660.0,31,0,2029-01-20,2026-09-23
1670.0,0,0,2029-01-20,2026-09-23
1680.0,0,0,2029-01-20,2026-09-23
1690.0,0,0,2029-01-20,2026-09-23
1700.0,1,0,2029-01-20,2026-09-23
1710.0,1,0,2029-01-20,2026-09-23
1720.0,1,0,2029-01-20,2026-09-23
1730.0,3,0,2029-01-20,2026-09-23
1740.0,2,47,2029-01-20,2026-09-23
1750.0,1,4,2029-01-20,2026-09-23
1760.0,0,0,2029-01-20,2026-09-23
1770.0,0,0,2029-01-20,2026-09-23
1780.0,1,0,2029-01-20,2026-09-23
1790.0,2,0,2029-01-20,2026-09-23
1800.0,9,0,2029-01-20,2026-09-23
1810.0,13,4,2029-01-20,2026-09-23
1820.0,9,0,2029-01-20,2026-09-23
1840.0,77,9,2029-01-20,2026-09-23
