Strike,Call,Put,Expiry,Date
756.0,0,7,2026-10-01,2026-10-01
1215.0,7,0,2026-10-01,2026-10-01
5.0,20,23,2026-10-03,2026-10-01
10.0,10,8,2026-10-03,2026-10-01
15.0,10,0,2026-10-03,2026-10-01
20.0,16,0,2026-10-03,2026-10-01
25.0,10,2,2026-10-03,2026-10-01
30.0,5,0,2026-10-03,2026-10-01
35.0,11,0,2026-10-03,2026-10-01
40.0,10,0,2026-10-03,2026-10-01
45.0,5,0,2026-10-03,2026-10-01
50.0,10,0,2026-10-03,2026-10-01
55.0,0,0,2026-10-03,2026-10-01
60.0,0,0,2026-10-03,2026-10-01
65.0,0,0,2026-10-03,2026-10-01
70.0,0,0,2026-10-03,2026-10-01
75.0,1,0,2026-10-03,2026-10-01
80.0,2,0,2026-10-03,2026-10-01
85.0,0,0,2026-10-03,2026-10-01
90.0,0,1001,2026-10-03,2026-10-01
95.0,0,988,2026-10-03,2026-10-01
100.0,11,1029,2026-10-03,2026-10-01
105.0,0,11,2026-10-03,2026-10-01
110.0,0,0,2026-10-03,2026-10-01
115.0,0,6,2026-10-03,2026-10-01
120.0,3,2,2026-10-03,2026-10-01
125.0,0,0,2026-10-03,2026-10-01
130.0,3,1,2026-10-03,2026-10-01
135.0,20,2,2026-10-03,2026-10-01
140.0,0,0,2026-10-03,2026-10-01
145.0,0,0,2026-10-03,2026-10-01
150.0,0,10,2026-10-03,2026-10-01
155.0,0,8,2026-10-03,2026-10-01
160.0,0,0,2026-10-03,2026-10-01
165.0,0,0,2026-10-03,2026-10-01
170.0,0,2,2026-10-03,2026-10-01
175.0,0,22,2026-10-03,2026-10-01
180.0,0,18,2026-10-03,2026-10-01
185.0,0,0,2026-10-03,2026-10-01
190.0,1,0,2026-10-03,2026-10-01
195.0,0,0,2026-10-03,2026-10-01
200.0,45,21620,2026-10-03,2026-10-01
205.0,0,828,2026-10-03,2026-10-01
210.0,0,952,2026-10-03,2026-10-01
215.0,0,493,2026-10-03,2026-10-01
220.0,0,292,2026-10-03,2026-10-01
225.0,0,73,2026-10-03,2026-10-01
230.0,0,144,2026-10-03,2026-10-01
235.0,0,99,2026-10-03,2026-10-01
240.0,0,155,2026-10-03,2026-10-01
245.0,0,131,2026-10-03,2026-10-01
250.0,0,96,2026-10-03,2026-10-01
255.0,0,68,2026-10-03,2026-10-01
260.0,0,41,2026-10-03,2026-10-01
265.0,0,60,2026-10-03,2026-10-01
270.0,0,79,2026-10-03,2026-10-01
275.0,0,101,2026-10-03,2026-10-01
280.0,0,94,2026-10-03,2026-10-01
285.0,0,160,2026-10-03,2026-10-01
290.0,1,185,2026-10-03,2026-10-01
295.0,0,238,2026-10-03,2026-10-01
300.0,30,133,2026-10-03,2026-10-01
305.0,0,1190,2026-10-03,2026-10-01
310.0,0,243,2026-10-03,2026-10-01
315.0,0,108,2026-10-03,2026-10-01
320.0,0,174,2026-10-03,2026-10-01
325.0,0,183,2026-10-03,2026-10-01
330.0,0,265,2026-10-03,2026-10-01
335.0,0,89,2026-10-03,2026-10-01
340.0,0,405,2026-10-03,2026-10-01
345.0,0,399,2026-10-03,2026-10-01
350.0,0,239,2026-10-03,2026-10-01
355.0,0,133,2026-10-03,2026-10-01
360.0,0,202,2026-10-03,2026-10-01
365.0,0,117,2026-10-03,2026-10-01
370.0,2,74,2026-10-03,2026-10-01
375.0,0,86,2026-10-03,2026-10-01
380.0,16,135,2026-10-03,2026-10-01
385.0,0,99,2026-10-03,2026-10-01
390.0,1,122,2026-10-03,2026-10-01
395.0,0,382,2026-10-03,2026-10-01
400.0,3,287,2026-10-03,2026-10-01
405.0,0,104,2026-10-03,2026-10-01
410.0,0,97,2026-10-03,2026-10-01
415.0,0,81,2026-10-03,2026-10-01
420.0,0,357,2026-10-03,2026-10-01
425.0,0,45,2026-10-03,2026-10-01
430.0,3,72,2026-10-03,2026-10-01
435.0,0,48,2026-10-03,2026-10-01
440.0,10,127,2026-10-03,2026-10-01
445.0,0,114,2026-10-03,2026-10-01
450.0,2,695,2026-10-03,2026-10-01
455.0,0,48,2026-10-03,2026-10-01
460.0,1,685,2026-10-03,2026-10-01
465.0,0,923,2026-10-03,2026-10-01
470.0,2,75,2026-10-03,2026-10-01
475.0,1,71,2026-10-03,2026-10-01
480.0,0,229,2026-10-03,2026-10-01
485.0,0,244,2026-10-03,2026-10-01
490.0,3,129,2026-10-03,2026-10-01
495.0,3,82,2026-10-03,2026-10-01
500.0,74,1385,2026-10-03,2026-10-01
505.0,26,281,2026-10-03,2026-10-01
510.0,15,234,2026-10-03,2026-10-01
515.0,0,116,2026-10-03,2026-10-01
520.0,6,396,2026-10-03,2026-10-01
525.0,0,177,2026-10-03,2026-10-01
530.0,2,400,2026-10-03,2026-10-01
535.0,0,161,2026-10-03,2026-10-01
540.0,11,20304,2026-10-03,2026-10-01
545.0,2,83,2026-10-03,2026-10-01
550.0,1,80,2026-10-03,2026-10-01
555.0,1,564,2026-10-03,2026-10-01
560.0,0,711,2026-10-03,2026-10-01
565.0,0,375,2026-10-03,2026-10-01
570.0,2,75,2026-10-03,2026-10-01
575.0,0,325,2026-10-03,2026-10-01
580.0,1,699,2026-10-03,2026-10-01
585.0,1,594,2026-10-03,2026-10-01
590.0,4,137,2026-10-03,2026-10-01
595.0,0,222,2026-10-03,2026-10-01
600.0,26,19992,2026-10-03,2026-10-01
605.0,0,113,2026-10-03,2026-10-01
610.0,11,84,2026-10-03,2026-10-01
615.0,0,136,2026-10-03,2026-10-01
620.0,4,3075,2026-10-03,2026-10-01
625.0,1,363,2026-10-03,2026-10-01
630.0,1,815,2026-10-03,2026-10-01
635.0,3,150,2026-10-03,2026-10-01
640.0,0,252,2026-10-03,2026-10-01
645.0,0,95,2026-10-03,2026-10-01
650.0,27,10474,2026-10-03,2026-10-01
655.0,1,709,2026-10-03,2026-10-01
660.0,2,871,2026-10-03,2026-10-01
665.0,0,2627,2026-10-03,2026-10-01
670.0,2,345,2026-10-03,2026-10-01
675.0,1,281,2026-10-03,2026-10-01
680.0,1,401,2026-10-03,2026-10-01
685.0,17,495,2026-10-03,2026-10-01
690.0,15,252,2026-10-03,2026-10-01
695.0,11,678,2026-10-03,2026-10-01
700.0,12,2172,2026-10-03,2026-10-01
702.5,1,29,2026-10-03,2026-10-01
705.0,12,84,2026-10-03,2026-10-01
707.5,0,21,2026-10-03,2026-10-01
710.0,3,477,2026-10-03,2026-10-01
712.5,0,34,2026-10-03,2026-10-01
715.0,1,189,2026-10-03,2026-10-01
717.5,0,56,2026-10-03,2026-10-01
720.0,2,1153,2026-10-03,2026-10-01
722.5,2,90,2026-10-03,2026-10-01
725.0,9,368,2026-10-03,2026-10-01
727.5,0,65,2026-10-03,2026-10-01
730.0,1,1098,2026-10-03,2026-10-01
732.5,0,42,2026-10-03,2026-10-01
735.0,2,270,2026-10-03,2026-10-01
737.5,0,41,2026-10-03,2026-10-01
740.0,4,542,2026-10-03,2026-10-01
742.5,0,23,2026-10-03,2026-10-01
745.0,2,234,2026-10-03,2026-10-01
747.5,2,186,2026-10-03,2026-10-01
750.0,293,4248,2026-10-03,2026-10-01
755.0,1,146,2026-10-03,2026-10-01
760.0,11,385,2026-10-03,2026-10-01
765.0,2,360,2026-10-03,2026-10-01
770.0,4,868,2026-10-03,2026-10-01
775.0,8,249,2026-10-03,2026-10-01
780.0,18,2445,2026-10-03,2026-10-01
785.0,6,523,2026-10-03,2026-10-01
790.0,10,495,2026-10-03,2026-10-01
795.0,51,349,2026-10-03,2026-10-01
800.0,2046,4462,2026-10-03,2026-10-01
805.0,10,433,2026-10-03,2026-10-01
810.0,1019,617,2026-10-03,2026-10-01
815.0,82,326,2026-10-03,2026-10-01
820.0,160,563,2026-10-03,2026-10-01
825.0,28,586,2026-10-03,2026-10-01
830.0,47,928,2026-10-03,2026-10-01
835.0,8,543,2026-10-03,2026-10-01
840.0,35,767,2026-10-03,2026-10-01
845.0,103,296,2026-10-03,2026-10-01
850.0,160,5453,2026-10-03,2026-10-01
855.0,42,601,2026-10-03,2026-10-01
860.0,29,827,2026-10-03,2026-10-01
865.0,116,319,2026-10-03,2026-10-01
870.0,72,886,2026-10-03,2026-10-01
875.0,108,827,2026-10-03,2026-10-01
880.0,80,3305,2026-10-03,2026-10-01
885.0,46,2597,2026-10-03,2026-10-01
890.0,129,2199,2026-10-03,2026-10-01
895.0,111,1304,2026-10-03,2026-10-01
900.0,720,5748,2026-10-03,2026-10-01
905.0,68,1308,2026-10-03,2026-10-01
910.0,1247,2048,2026-10-03,2026-10-01
915.0,114,1117,2026-10-03,2026-10-01
920.0,751,2115,2026-10-03,2026-10-01
925.0,591,1712,2026-10-03,2026-10-01
930.0,530,3322,2026-10-03,2026-10-01
935.0,2795,2795,2026-10-03,2026-10-01
935.0,143,1061,2026-10-03,2026-10-01
940.0,463,2357,2026-10-03,2026-10-01
945.0,126,1023,2026-10-03,2026-10-01
950.0,1600,1600,2026-10-03,2026-10-01
950.0,1055,6007,2026-10-03,2026-10-01
952.5,17,423,2026-10-03,2026-10-01
955.0,221,1200,2026-10-03,2026-10-01
957.5,49,336,2026-10-03,2026-10-01
960.0,768,2305,2026-10-03,2026-10-01
965.0,262,1615,2026-10-03,2026-10-01
970.0,913,2548,2026-10-03,2026-10-01
975.0,331,3184,2026-10-03,2026-10-01
980.0,1126,3231,2026-10-03,2026-10-01
985.0,385,1165,2026-10-03,2026-10-01
990.0,2000,2000,2026-10-03,2026-10-01
990.0,664,4820,2026-10-03,2026-10-01
995.0,360,1175,2026-10-03,2026-10-01
1000.0,150,150,2026-10-03,2026-10-01
1000.0,3605,8748,2026-10-03,2026-10-01
1005.0,240,917,2026-10-03,2026-10-01
1010.0,685,2044,2026-10-03,2026-10-01
1015.0,796,1191,2026-10-03,2026-10-01
1020.0,841,1972,2026-10-03,2026-10-01
1025.0,608,1268,2026-10-03,2026-10-01
1030.0,1055,1292,2026-10-03,2026-10-01
1035.0,716,685,2026-10-03,2026-10-01
1040.0,805,1627,2026-10-03,2026-10-01
1045.0,652,1008,2026-10-03,2026-10-01
1050.0,3646,3855,2026-10-03,2026-10-01
1055.0,750,750,2026-10-03,2026-10-01
1055.0,938,865,2026-10-03,2026-10-01
1060.0,3586,1569,2026-10-03,2026-10-01
1062.5,462,473,2026-10-03,2026-10-01
1065.0,2203,758,2026-10-03,2026-10-01
1067.5,961,661,2026-10-03,2026-10-01
1070.0,9786,2528,2026-10-03,2026-10-01
1072.5,996,746,2026-10-03,2026-10-01
1075.0,2496,921,2026-10-03,2026-10-01
1077.5,758,349,2026-10-03,2026-10-01
1080.0,2948,1579,2026-10-03,2026-10-01
1082.5,576,225,2026-10-03,2026-10-01
1085.0,1102,880,2026-10-03,2026-10-01
1090.0,1541,358,2026-10-03,2026-10-01
1095.0,1252,307,2026-10-03,2026-10-01
1100.0,13408,3188,2026-10-03,2026-10-01
1105.0,1691,94,2026-10-03,2026-10-01
1110.0,3159,136,2026-10-03,2026-10-01
1115.0,961,79,2026-10-03,2026-10-01
1120.0,2362,107,2026-10-03,2026-10-01
1125.0,1856,77,2026-10-03,2026-10-01
1130.0,2349,239,2026-10-03,2026-10-01
1135.0,1543,61,2026-10-03,2026-10-01
1140.0,2427,174,2026-10-03,2026-10-01
1145.0,1016,69,2026-10-03,2026-10-01
1150.0,7742,462,2026-10-03,2026-10-01
1155.0,1372,201,2026-10-03,2026-10-01
1160.0,1501,230,2026-10-03,2026-10-01
1165.0,945,13,2026-10-03,2026-10-01
1170.0,2346,83,2026-10-03,2026-10-01
1175.0,6041,29,2026-10-03,2026-10-01
1180.0,2286,36,2026-10-03,2026-10-01
1185.0,618,6,2026-10-03,2026-10-01
1190.0,992,13,2026-10-03,2026-10-01
1195.0,981,10,2026-10-03,2026-10-01
1200.0,12742,407,2026-10-03,2026-10-01
1205.0,1009,3,2026-10-03,2026-10-01
1210.0,1737,7,2026-10-03,2026-10-01
1215.0,935,0,2026-10-03,2026-10-01
1220.0,1346,20,2026-10-03,2026-10-01
1225.0,3466,4,2026-10-03,2026-10-01
1230.0,1798,3,2026-10-03,2026-10-01
1235.0,666,78,2026-10-03,2026-10-01
1240.0,3099,38,2026-10-03,2026-10-01
1245.0,538,0,2026-10-03,2026-10-01
1250.0,6324,48,2026-10-03,2026-10-01
1255.0,405,0,2026-10-03,2026-10-01
1260.0,3272,8,2026-10-03,2026-10-01
1265.0,684,0,2026-10-03,2026-10-01
1270.0,813,8,2026-10-03,2026-10-01
1275.0,987,9,2026-10-03,2026-10-01
1280.0,1418,14,2026-10-03,2026-10-01
1285.0,419,0,2026-10-03,2026-10-01
1290.0,951,15,2026-10-03,2026-10-01
1295.0,661,1,2026-10-03,2026-10-01
1300.0,20,0,2026-10-03,2026-10-01
1300.0,5627,5,2026-10-03,2026-10-01
1305.0,468,5,2026-10-03,2026-10-01
1310.0,836,1,2026-10-03,2026-10-01
1315.0,275,0,2026-10-03,2026-10-01
1320.0,344,0,2026-10-03,2026-10-01
1325.0,341,0,2026-10-03,2026-10-01
1330.0,526,0,2026-10-03,2026-10-01
1335.0,182,0,2026-10-03,2026-10-01
1340.0,379,0,2026-10-03,2026-10-01
1345.0,408,0,2026-10-03,2026-10-01
1350.0,3298,0,2026-10-03,2026-10-01
1355.0,237,0,2026-10-03,2026-10-01
1360.0,447,0,2026-10-03,2026-10-01
1365.0,351,0,2026-10-03,2026-10-01
1370.0,1038,1,2026-10-03,2026-10-01
1375.0,505,0,2026-10-03,2026-10-01
1380.0,787,0,2026-10-03,2026-10-01
1385.0,302,0,2026-10-03,2026-10-01
1390.0,344,1,2026-10-03,2026-10-01
1395.0,186,0,2026-10-03,2026-10-01
1400.0,3879,0,2026-10-03,2026-10-01
1405.0,106,0,2026-10-03,2026-10-01
1410.0,20,0,2026-10-03,2026-10-01
1410.0,228,4,2026-10-03,2026-10-01
1415.0,92,0,2026-10-03,2026-10-01
1420.0,429,0,2026-10-03,2026-10-01
1425.0,236,0,2026-10-03,2026-10-01
1430.0,2350,0,2026-10-03,2026-10-01
1435.0,27,10,2026-10-03,2026-10-01
1440.0,756,15,2026-10-03,2026-10-01
1445.0,402,9,2026-10-03,2026-10-01
1450.0,1828,0,2026-10-03,2026-10-01
1460.0,951,0,2026-10-03,2026-10-01
1470.0,906,0,2026-10-03,2026-10-01
1480.0,834,0,2026-10-03,2026-10-01
1490.0,536,0,2026-10-03,2026-10-01
1500.0,3931,0,2026-10-03,2026-10-01
1510.0,582,0,2026-10-03,2026-10-01
1520.0,505,0,2026-10-03,2026-10-01
1530.0,124,0,2026-10-03,2026-10-01
1540.0,514,0,2026-10-03,2026-10-01
1550.0,821,0,2026-10-03,2026-10-01
1560.0,246,0,2026-10-03,2026-10-01
1570.0,215,0,2026-10-03,2026-10-01
1580.0,337,0,2026-10-03,2026-10-01
1590.0,364,0,2026-10-03,2026-10-01
1600.0,1018,0,2026-10-03,2026-10-01
1610.0,309,0,2026-10-03,2026-10-01
1620.0,109,0,2026-10-03,2026-10-01
1630.0,160,0,2026-10-03,2026-10-01
1640.0,477,0,2026-10-03,2026-10-01
1650.0,441,0,2026-10-03,2026-10-01
1660.0,474,0,2026-10-03,2026-10-01
1670.0,588,0,2026-10-03,2026-10-01
1680.0,100,0,2026-10-03,2026-10-01
1690.0,322,0,2026-10-03,2026-10-01
1700.0,1161,1,2026-10-03,2026-10-01
1710.0,296,0,2026-10-03,2026-10-01
1720.0,648,0,2026-10-03,2026-10-01
1730.0,4073,0,2026-10-03,2026-10-01
600.0,36,44,2026-10-06,2026-10-01
610.0,23,9,2026-10-06,2026-10-01
620.0,20,26,2026-10-06,2026-10-01
630.0,20,15,2026-10-06,2026-10-01
640.0,20,15,2026-10-06,2026-10-01
650.0,30,31,2026-10-06,2026-10-01
660.0,16,19,2026-10-06,2026-10-01
670.0,15,539,2026-10-06,2026-10-01
680.0,5,809,2026-10-06,2026-10-01
690.0,8,42,2026-10-06,2026-10-01
700.0,3,94,2026-10-06,2026-10-01
710.0,4,6,2026-10-06,2026-10-01
720.0,0,18,2026-10-06,2026-10-01
730.0,1,65,2026-10-06,2026-10-01
740.0,3,45,2026-10-06,2026-10-01
750.0,2,139,2026-10-06,2026-10-01
760.0,0,6,2026-10-06,2026-10-01
770.0,1,27,2026-10-06,2026-10-01
775.0,15,16,2026-10-06,2026-10-01
780.0,9,22,2026-10-06,2026-10-01
785.0,5,17,2026-10-06,2026-10-01
790.0,9,41,2026-10-06,2026-10-01
795.0,10,12,2026-10-06,2026-10-01
800.0,7,231,2026-10-06,2026-10-01
805.0,25,15,2026-10-06,2026-10-01
810.0,11,18,2026-10-06,2026-10-01
815.0,9,20,2026-10-06,2026-10-01
820.0,10,26,2026-10-06,2026-10-01
825.0,10,35,2026-10-06,2026-10-01
830.0,15,31,2026-10-06,2026-10-01
835.0,12,9,2026-10-06,2026-10-01
840.0,21,24,2026-10-06,2026-10-01
845.0,51,28,2026-10-06,2026-10-01
850.0,100,205,2026-10-06,2026-10-01
855.0,10,22,2026-10-06,2026-10-01
860.0,6,62,2026-10-06,2026-10-01
865.0,5,65,2026-10-06,2026-10-01
870.0,3,99,2026-10-06,2026-10-01
875.0,0,631,2026-10-06,2026-10-01
880.0,1,84,2026-10-06,2026-10-01
885.0,0,35,2026-10-06,2026-10-01
890.0,1,62,2026-10-06,2026-10-01
895.0,0,63,2026-10-06,2026-10-01
900.0,27,869,2026-10-06,2026-10-01
905.0,7,76,2026-10-06,2026-10-01
910.0,8,65,2026-10-06,2026-10-01
915.0,10,175,2026-10-06,2026-10-01
920.0,13,465,2026-10-06,2026-10-01
925.0,5,210,2026-10-06,2026-10-01
930.0,0,111,2026-10-06,2026-10-01
935.0,8,65,2026-10-06,2026-10-01
940.0,12,175,2026-10-06,2026-10-01
945.0,35,138,2026-10-06,2026-10-01
950.0,37,992,2026-10-06,2026-10-01
955.0,0,138,2026-10-06,2026-10-01
960.0,30,317,2026-10-06,2026-10-01
965.0,2,138,2026-10-06,2026-10-01
970.0,37,189,2026-10-06,2026-10-01
975.0,7,123,2026-10-06,2026-10-01
980.0,30,253,2026-10-06,2026-10-01
985.0,17,96,2026-10-06,2026-10-01
990.0,41,191,2026-10-06,2026-10-01
995.0,15,91,2026-10-06,2026-10-01
1000.0,151,1548,2026-10-06,2026-10-01
1005.0,26,59,2026-10-06,2026-10-01
1010.0,46,198,2026-10-06,2026-10-01
1015.0,43,86,2026-10-06,2026-10-01
1020.0,35,265,2026-10-06,2026-10-01
1025.0,54,144,2026-10-06,2026-10-01
1030.0,67,215,2026-10-06,2026-10-01
1035.0,39,162,2026-10-06,2026-10-01
1040.0,241,170,2026-10-06,2026-10-01
1045.0,128,153,2026-10-06,2026-10-01
1050.0,2850,2850,2026-10-06,2026-10-01
1050.0,448,421,2026-10-06,2026-10-01
1055.0,210,168,2026-10-06,2026-10-01
1060.0,862,701,2026-10-06,2026-10-01
1065.0,472,153,2026-10-06,2026-10-01
1070.0,854,260,2026-10-06,2026-10-01
1075.0,980,168,2026-10-06,2026-10-01
1080.0,509,208,2026-10-06,2026-10-01
1085.0,221,47,2026-10-06,2026-10-01
1090.0,301,104,2026-10-06,2026-10-01
1095.0,124,30,2026-10-06,2026-10-01
1100.0,1591,472,2026-10-06,2026-10-01
1105.0,143,23,2026-10-06,2026-10-01
1110.0,378,22,2026-10-06,2026-10-01
1115.0,74,39,2026-10-06,2026-10-01
1120.0,233,14,2026-10-06,2026-10-01
1125.0,235,16,2026-10-06,2026-10-01
1130.0,246,15,2026-10-06,2026-10-01
1135.0,75,31,2026-10-06,2026-10-01
1140.0,171,26,2026-10-06,2026-10-01
1145.0,132,5,2026-10-06,2026-10-01
1150.0,1350,40,2026-10-06,2026-10-01
1155.0,110,11,2026-10-06,2026-10-01
1160.0,167,4,2026-10-06,2026-10-01
1165.0,262,11,2026-10-06,2026-10-01
1170.0,665,2,2026-10-06,2026-10-01
1175.0,90,9,2026-10-06,2026-10-01
1180.0,135,3,2026-10-06,2026-10-01
1185.0,858,20,2026-10-06,2026-10-01
1190.0,455,0,2026-10-06,2026-10-01
1195.0,69,0,2026-10-06,2026-10-01
1200.0,1568,26,2026-10-06,2026-10-01
1205.0,75,0,2026-10-06,2026-10-01
1210.0,69,3,2026-10-06,2026-10-01
1215.0,144,0,2026-10-06,2026-10-01
1220.0,472,1,2026-10-06,2026-10-01
1225.0,93,4,2026-10-06,2026-10-01
1230.0,124,2,2026-10-06,2026-10-01
1235.0,92,0,2026-10-06,2026-10-01
1240.0,108,1,2026-10-06,2026-10-01
1245.0,63,0,2026-10-06,2026-10-01
1250.0,296,19,2026-10-06,2026-10-01
1255.0,216,0,2026-10-06,2026-10-01
1260.0,463,10,2026-10-06,2026-10-01
1265.0,54,0,2026-10-06,2026-10-01
1270.0,51,1,2026-10-06,2026-10-01
1275.0,75,0,2026-10-06,2026-10-01
1280.0,179,0,2026-10-06,2026-10-01
1285.0,98,0,2026-10-06,2026-10-01
1290.0,99,7,2026-10-06,2026-10-01
1295.0,57,0,2026-10-06,2026-10-01
1300.0,562,14,2026-10-06,2026-10-01
1305.0,27,0,2026-10-06,2026-10-01
1310.0,796,0,2026-10-06,2026-10-01
1315.0,24,0,2026-10-06,2026-10-01
1320.0,40,0,2026-10-06,2026-10-01
1325.0,266,0,2026-10-06,2026-10-01
1330.0,37,0,2026-10-06,2026-10-01
1335.0,15,0,2026-10-06,2026-10-01
1340.0,64,0,2026-10-06,2026-10-01
1345.0,157,0,2026-10-06,2026-10-01
1350.0,286,0,2026-10-06,2026-10-01
1355.0,18,0,2026-10-06,2026-10-01
1360.0,10,0,2026-10-06,2026-10-01
1365.0,31,0,2026-10-06,2026-10-01
1370.0,19,0,2026-10-06,2026-10-01
1375.0,336,0,2026-10-06,2026-10-01
1380.0,48,6,2026-10-06,2026-10-01
1385.0,11,0,2026-10-06,2026-10-01
1390.0,57,0,2026-10-06,2026-10-01
1395.0,27,0,2026-10-06,2026-10-01
1400.0,668,20,2026-10-06,2026-10-01
1405.0,13,0,2026-10-06,2026-10-01
1410.0,15,0,2026-10-06,2026-10-01
1415.0,8,0,2026-10-06,2026-10-01
1420.0,27,0,2026-10-06,2026-10-01
1425.0,4,0,2026-10-06,2026-10-01
1430.0,28,0,2026-10-06,2026-10-01
1435.0,18,0,2026-10-06,2026-10-01
1440.0,62,0,2026-10-06,2026-10-01
1445.0,74,0,2026-10-06,2026-10-01
1450.0,267,10,2026-10-06,2026-10-01
940.0,2600,2600,2026-10-07,2026-10-01
600.0,0,17,2026-10-08,2026-10-01
610.0,0,6,2026-10-08,2026-10-01
620.0,0,5,2026-10-08,2026-10-01
630.0,0,7,2026-10-08,2026-10-01
640.0,0,5,2026-10-08,2026-10-01
650.0,0,27,2026-10-08,2026-10-01
660.0,0,4,2026-10-08,2026-10-01
670.0,0,0,2026-10-08,2026-10-01
680.0,0,0,2026-10-08,2026-10-01
690.0,0,2,2026-10-08,2026-10-01
700.0,0,1,2026-10-08,2026-10-01
710.0,1,1,2026-10-08,2026-10-01
720.0,0,3,2026-10-08,2026-10-01
730.0,0,19,2026-10-08,2026-10-01
740.0,0,27,2026-10-08,2026-10-01
750.0,0,49,2026-10-08,2026-10-01
760.0,0,24,2026-10-08,2026-10-01
770.0,2,26,2026-10-08,2026-10-01
775.0,0,20,2026-10-08,2026-10-01
780.0,0,31,2026-10-08,2026-10-01
785.0,0,14,2026-10-08,2026-10-01
790.0,0,40,2026-10-08,2026-10-01
795.0,2,14,2026-10-08,2026-10-01
800.0,0,99,2026-10-08,2026-10-01
805.0,0,2,2026-10-08,2026-10-01
810.0,0,36,2026-10-08,2026-10-01
815.0,0,1,2026-10-08,2026-10-01
820.0,0,2,2026-10-08,2026-10-01
825.0,0,40,2026-10-08,2026-10-01
830.0,0,22,2026-10-08,2026-10-01
835.0,0,1,2026-10-08,2026-10-01
840.0,0,106,2026-10-08,2026-10-01
845.0,0,11,2026-10-08,2026-10-01
850.0,0,25,2026-10-08,2026-10-01
855.0,0,4,2026-10-08,2026-10-01
860.0,0,7,2026-10-08,2026-10-01
865.0,0,4,2026-10-08,2026-10-01
870.0,0,15,2026-10-08,2026-10-01
875.0,1,12,2026-10-08,2026-10-01
880.0,0,21,2026-10-08,2026-10-01
885.0,0,10,2026-10-08,2026-10-01
890.0,0,26,2026-10-08,2026-10-01
895.0,0,15,2026-10-08,2026-10-01
900.0,10,539,2026-10-08,2026-10-01
905.0,12,41,2026-10-08,2026-10-01
910.0,0,411,2026-10-08,2026-10-01
915.0,0,31,2026-10-08,2026-10-01
920.0,1,84,2026-10-08,2026-10-01
925.0,0,36,2026-10-08,2026-10-01
930.0,2,88,2026-10-08,2026-10-01
935.0,1,24,2026-10-08,2026-10-01
940.0,3,83,2026-10-08,2026-10-01
945.0,0,37,2026-10-08,2026-10-01
950.0,42,138,2026-10-08,2026-10-01
955.0,0,34,2026-10-08,2026-10-01
960.0,0,121,2026-10-08,2026-10-01
965.0,0,45,2026-10-08,2026-10-01
970.0,6,75,2026-10-08,2026-10-01
975.0,3,83,2026-10-08,2026-10-01
980.0,15,104,2026-10-08,2026-10-01
985.0,25,181,2026-10-08,2026-10-01
990.0,22,42,2026-10-08,2026-10-01
995.0,12,23,2026-10-08,2026-10-01
1000.0,71,309,2026-10-08,2026-10-01
1005.0,4,48,2026-10-08,2026-10-01
1010.0,12,47,2026-10-08,2026-10-01
1015.0,24,21,2026-10-08,2026-10-01
1020.0,78,84,2026-10-08,2026-10-01
1025.0,21,51,2026-10-08,2026-10-01
1030.0,25,134,2026-10-08,2026-10-01
1035.0,16,32,2026-10-08,2026-10-01
1040.0,51,154,2026-10-08,2026-10-01
1045.0,51,27,2026-10-08,2026-10-01
1050.0,267,145,2026-10-08,2026-10-01
1055.0,44,23,2026-10-08,2026-10-01
1060.0,62,47,2026-10-08,2026-10-01
1065.0,78,60,2026-10-08,2026-10-01
1070.0,423,99,2026-10-08,2026-10-01
1075.0,141,74,2026-10-08,2026-10-01
1080.0,130,90,2026-10-08,2026-10-01
1085.0,389,23,2026-10-08,2026-10-01
1090.0,117,21,2026-10-08,2026-10-01
1095.0,31,64,2026-10-08,2026-10-01
1100.0,192,66,2026-10-08,2026-10-01
1105.0,75,8,2026-10-08,2026-10-01
1110.0,136,30,2026-10-08,2026-10-01
1115.0,50,16,2026-10-08,2026-10-01
1120.0,57,10,2026-10-08,2026-10-01
1125.0,50,12,2026-10-08,2026-10-01
1130.0,70,9,2026-10-08,2026-10-01
1135.0,26,7,2026-10-08,2026-10-01
1140.0,78,5,2026-10-08,2026-10-01
1145.0,25,2,2026-10-08,2026-10-01
1150.0,135,7,2026-10-08,2026-10-01
1155.0,80,1,2026-10-08,2026-10-01
1160.0,94,1,2026-10-08,2026-10-01
1165.0,24,5,2026-10-08,2026-10-01
1170.0,131,28,2026-10-08,2026-10-01
1175.0,20,34,2026-10-08,2026-10-01
1180.0,88,6,2026-10-08,2026-10-01
1185.0,31,4,2026-10-08,2026-10-01
1190.0,65,0,2026-10-08,2026-10-01
1195.0,17,0,2026-10-08,2026-10-01
1200.0,292,7,2026-10-08,2026-10-01
1205.0,110,0,2026-10-08,2026-10-01
1210.0,43,0,2026-10-08,2026-10-01
1215.0,70,0,2026-10-08,2026-10-01
1220.0,33,0,2026-10-08,2026-10-01
1225.0,77,0,2026-10-08,2026-10-01
1230.0,45,2,2026-10-08,2026-10-01
1235.0,12,1,2026-10-08,2026-10-01
1240.0,62,0,2026-10-08,2026-10-01
1245.0,43,0,2026-10-08,2026-10-01
1250.0,87,0,2026-10-08,2026-10-01
1255.0,15,0,2026-10-08,2026-10-01
1260.0,35,0,2026-10-08,2026-10-01
1265.0,15,0,2026-10-08,2026-10-01
1270.0,66,0,2026-10-08,2026-10-01
1275.0,55,10,2026-10-08,2026-10-01
1280.0,130,0,2026-10-08,2026-10-01
1285.0,61,0,2026-10-08,2026-10-01
1290.0,17,0,2026-10-08,2026-10-01
1295.0,20,0,2026-10-08,2026-10-01
1300.0,197,0,2026-10-08,2026-10-01
1305.0,61,0,2026-10-08,2026-10-01
1310.0,32,0,2026-10-08,2026-10-01
1315.0,118,0,2026-10-08,2026-10-01
1320.0,90,0,2026-10-08,2026-10-01
1325.0,20,0,2026-10-08,2026-10-01
1330.0,65,0,2026-10-08,2026-10-01
1335.0,32,0,2026-10-08,2026-10-01
1340.0,4,0,2026-10-08,2026-10-01
1345.0,11,0,2026-10-08,2026-10-01
1350.0,36,0,2026-10-08,2026-10-01
1355.0,5,0,2026-10-08,2026-10-01
1360.0,25,0,2026-10-08,2026-10-01
1365.0,12,0,2026-10-08,2026-10-01
1370.0,5,0,2026-10-08,2026-10-01
1375.0,3,0,2026-10-08,2026-10-01
1380.0,9,0,2026-10-08,2026-10-01
1385.0,8,0,2026-10-08,2026-10-01
1390.0,0,0,2026-10-08,2026-10-01
1395.0,10,0,2026-10-08,2026-10-01
1400.0,63,0,2026-10-08,2026-10-01
1405.0,5,0,2026-10-08,2026-10-01
1410.0,1,0,2026-10-08,2026-10-01
1415.0,48,0,2026-10-08,2026-10-01
1420.0,7,0,2026-10-08,2026-10-01
1425.0,4,0,2026-10-08,2026-10-01
1430.0,4,0,2026-10-08,2026-10-01
1435.0,5,0,2026-10-08,2026-10-01
1440.0,12,0,2026-10-08,2026-10-01
1445.0,104,0,2026-10-08,2026-10-01
1450.0,159,0,2026-10-08,2026-10-01
1080.0,29,0,2026-10-09,2026-10-01
1284.21,1,0,2026-10-09,2026-10-01
5.0,30,4,2026-10-10,2026-10-01
10.0,0,0,2026-10-10,2026-10-01
15.0,0,0,2026-10-10,2026-10-01
20.0,0,0,2026-10-10,2026-10-01
25.0,0,0,2026-10-10,2026-10-01
30.0,0,0,2026-10-10,2026-10-01
35.0,0,1,2026-10-10,2026-10-01
40.0,0,0,2026-10-10,2026-10-01
45.0,0,0,2026-10-10,2026-10-01
50.0,0,0,2026-10-10,2026-10-01
55.0,0,0,2026-10-10,2026-10-01
60.0,0,0,2026-10-10,2026-10-01
65.0,0,0,2026-10-10,2026-10-01
70.0,0,0,2026-10-10,2026-10-01
75.0,0,0,2026-10-10,2026-10-01
80.0,0,0,2026-10-10,2026-10-01
85.0,0,0,2026-10-10,2026-10-01
90.0,1,0,2026-10-10,2026-10-01
95.0,0,0,2026-10-10,2026-10-01
100.0,0,0,2026-10-10,2026-10-01
105.0,0,0,2026-10-10,2026-10-01
110.0,0,0,2026-10-10,2026-10-01
115.0,0,0,2026-10-10,2026-10-01
120.0,0,0,2026-10-10,2026-10-01
125.0,0,0,2026-10-10,2026-10-01
130.0,0,0,2026-10-10,2026-10-01
135.0,0,0,2026-10-10,2026-10-01
140.0,0,0,2026-10-10,2026-10-01
145.0,0,0,2026-10-10,2026-10-01
150.0,0,0,2026-10-10,2026-10-01
155.0,0,0,2026-10-10,2026-10-01
160.0,0,0,2026-10-10,2026-10-01
165.0,0,0,2026-10-10,2026-10-01
170.0,0,0,2026-10-10,2026-10-01
175.0,0,0,2026-10-10,2026-10-01
180.0,0,0,2026-10-10,2026-10-01
185.0,0,0,2026-10-10,2026-10-01
190.0,1,0,2026-10-10,2026-10-01
195.0,0,0,2026-10-10,2026-10-01
200.0,0,14,2026-10-10,2026-10-01
205.0,0,2,2026-10-10,2026-10-01
210.0,1,2,2026-10-10,2026-10-01
215.0,0,1,2026-10-10,2026-10-01
220.0,0,4,2026-10-10,2026-10-01
225.0,0,10,2026-10-10,2026-10-01
230.0,0,19,2026-10-10,2026-10-01
235.0,0,7,2026-10-10,2026-10-01
240.0,0,13,2026-10-10,2026-10-01
245.0,5,24,2026-10-10,2026-10-01
250.0,0,24,2026-10-10,2026-10-01
255.0,0,47,2026-10-10,2026-10-01
260.0,1,24,2026-10-10,2026-10-01
265.0,0,76,2026-10-10,2026-10-01
270.0,0,108,2026-10-10,2026-10-01
275.0,0,54,2026-10-10,2026-10-01
280.0,0,132,2026-10-10,2026-10-01
285.0,0,310,2026-10-10,2026-10-01
290.0,1,166,2026-10-10,2026-10-01
295.0,0,92,2026-10-10,2026-10-01
300.0,1,278,2026-10-10,2026-10-01
305.0,0,22,2026-10-10,2026-10-01
310.0,0,223,2026-10-10,2026-10-01
315.0,0,26,2026-10-10,2026-10-01
320.0,0,1545,2026-10-10,2026-10-01
325.0,0,90,2026-10-10,2026-10-01
330.0,0,120,2026-10-10,2026-10-01
335.0,0,27,2026-10-10,2026-10-01
340.0,0,2240,2026-10-10,2026-10-01
345.0,0,43,2026-10-10,2026-10-01
350.0,5,216,2026-10-10,2026-10-01
355.0,0,54,2026-10-10,2026-10-01
360.0,0,1048,2026-10-10,2026-10-01
365.0,0,115,2026-10-10,2026-10-01
370.0,0,48,2026-10-10,2026-10-01
375.0,0,29,2026-10-10,2026-10-01
380.0,0,47,2026-10-10,2026-10-01
385.0,1,38,2026-10-10,2026-10-01
390.0,0,77,2026-10-10,2026-10-01
395.0,1,65,2026-10-10,2026-10-01
400.0,0,57,2026-10-10,2026-10-01
405.0,1,101,2026-10-10,2026-10-01
410.0,0,113,2026-10-10,2026-10-01
415.0,0,80,2026-10-10,2026-10-01
420.0,0,61,2026-10-10,2026-10-01
425.0,0,49,2026-10-10,2026-10-01
430.0,10,31,2026-10-10,2026-10-01
435.0,0,25,2026-10-10,2026-10-01
440.0,0,39,2026-10-10,2026-10-01
445.0,0,23,2026-10-10,2026-10-01
450.0,1,68,2026-10-10,2026-10-01
455.0,0,25,2026-10-10,2026-10-01
460.0,1,25,2026-10-10,2026-10-01
465.0,0,120,2026-10-10,2026-10-01
470.0,0,17,2026-10-10,2026-10-01
475.0,0,26,2026-10-10,2026-10-01
480.0,0,31,2026-10-10,2026-10-01
485.0,0,26,2026-10-10,2026-10-01
490.0,0,69,2026-10-10,2026-10-01
495.0,0,18,2026-10-10,2026-10-01
500.0,148,55,2026-10-10,2026-10-01
505.0,1,24,2026-10-10,2026-10-01
510.0,3,59,2026-10-10,2026-10-01
515.0,0,11,2026-10-10,2026-10-01
520.0,0,14,2026-10-10,2026-10-01
525.0,0,42,2026-10-10,2026-10-01
530.0,0,9,2026-10-10,2026-10-01
535.0,0,32,2026-10-10,2026-10-01
540.0,0,33,2026-10-10,2026-10-01
545.0,0,10,2026-10-10,2026-10-01
550.0,7,103,2026-10-10,2026-10-01
555.0,0,14,2026-10-10,2026-10-01
560.0,0,12,2026-10-10,2026-10-01
565.0,3,11,2026-10-10,2026-10-01
570.0,0,20,2026-10-10,2026-10-01
575.0,0,12,2026-10-10,2026-10-01
580.0,0,7,2026-10-10,2026-10-01
585.0,1,35,2026-10-10,2026-10-01
590.0,5,13,2026-10-10,2026-10-01
595.0,4,23,2026-10-10,2026-10-01
600.0,1,3613,2026-10-10,2026-10-01
605.0,0,65,2026-10-10,2026-10-01
610.0,1,10,2026-10-10,2026-10-01
615.0,1,252,2026-10-10,2026-10-01
620.0,0,173,2026-10-10,2026-10-01
625.0,1,57,2026-10-10,2026-10-01
630.0,1,25,2026-10-10,2026-10-01
635.0,0,16,2026-10-10,2026-10-01
640.0,1,31,2026-10-10,2026-10-01
645.0,0,40,2026-10-10,2026-10-01
650.0,2,437,2026-10-10,2026-10-01
655.0,10,85,2026-10-10,2026-10-01
660.0,2,55,2026-10-10,2026-10-01
665.0,1,51,2026-10-10,2026-10-01
670.0,1,54,2026-10-10,2026-10-01
675.0,0,35,2026-10-10,2026-10-01
680.0,1,42,2026-10-10,2026-10-01
685.0,1,74,2026-10-10,2026-10-01
690.0,4,63,2026-10-10,2026-10-01
695.0,5,67,2026-10-10,2026-10-01
700.0,51,372,2026-10-10,2026-10-01
705.0,0,89,2026-10-10,2026-10-01
710.0,2,40,2026-10-10,2026-10-01
715.0,0,18,2026-10-10,2026-10-01
720.0,0,108,2026-10-10,2026-10-01
725.0,0,32,2026-10-10,2026-10-01
730.0,0,68,2026-10-10,2026-10-01
735.0,0,80,2026-10-10,2026-10-01
740.0,2,117,2026-10-10,2026-10-01
745.0,5,32,2026-10-10,2026-10-01
750.0,3,1274,2026-10-10,2026-10-01
755.0,1,36,2026-10-10,2026-10-01
760.0,3,62,2026-10-10,2026-10-01
765.0,5,106,2026-10-10,2026-10-01
770.0,6,141,2026-10-10,2026-10-01
775.0,8,123,2026-10-10,2026-10-01
780.0,4,838,2026-10-10,2026-10-01
785.0,1,90,2026-10-10,2026-10-01
790.0,1,201,2026-10-10,2026-10-01
795.0,5,227,2026-10-10,2026-10-01
800.0,150,2196,2026-10-10,2026-10-01
805.0,83,52,2026-10-10,2026-10-01
810.0,12,526,2026-10-10,2026-10-01
815.0,16,62,2026-10-10,2026-10-01
820.0,94,223,2026-10-10,2026-10-01
825.0,8,176,2026-10-10,2026-10-01
830.0,68,150,2026-10-10,2026-10-01
835.0,7,45,2026-10-10,2026-10-01
840.0,19,401,2026-10-10,2026-10-01
845.0,1,200,2026-10-10,2026-10-01
850.0,67,952,2026-10-10,2026-10-01
855.0,2,90,2026-10-10,2026-10-01
860.0,27,169,2026-10-10,2026-10-01
865.0,17,126,2026-10-10,2026-10-01
870.0,28,327,2026-10-10,2026-10-01
875.0,17,130,2026-10-10,2026-10-01
880.0,37,264,2026-10-10,2026-10-01
885.0,17,84,2026-10-10,2026-10-01
890.0,101,238,2026-10-10,2026-10-01
895.0,3,209,2026-10-10,2026-10-01
900.0,2117,1587,2026-10-10,2026-10-01
905.0,36,165,2026-10-10,2026-10-01
910.0,76,289,2026-10-10,2026-10-01
915.0,17,211,2026-10-10,2026-10-01
920.0,496,408,2026-10-10,2026-10-01
925.0,104,517,2026-10-10,2026-10-01
930.0,621,1047,2026-10-10,2026-10-01
935.0,34,117,2026-10-10,2026-10-01
940.0,218,624,2026-10-10,2026-10-01
945.0,95,337,2026-10-10,2026-10-01
950.0,611,1209,2026-10-10,2026-10-01
955.0,40,157,2026-10-10,2026-10-01
960.0,392,164,2026-10-10,2026-10-01
965.0,63,287,2026-10-10,2026-10-01
970.0,205,284,2026-10-10,2026-10-01
975.0,241,190,2026-10-10,2026-10-01
980.0,492,1023,2026-10-10,2026-10-01
985.0,68,155,2026-10-10,2026-10-01
990.0,440,287,2026-10-10,2026-10-01
995.0,95,100,2026-10-10,2026-10-01
1000.0,738,818,2026-10-10,2026-10-01
1005.0,201,93,2026-10-10,2026-10-01
1010.0,130,180,2026-10-10,2026-10-01
1015.0,419,128,2026-10-10,2026-10-01
1020.0,204,106,2026-10-10,2026-10-01
1025.0,176,235,2026-10-10,2026-10-01
1030.0,320,414,2026-10-10,2026-10-01
1035.0,119,168,2026-10-10,2026-10-01
1040.0,195,469,2026-10-10,2026-10-01
1045.0,76,207,2026-10-10,2026-10-01
1050.0,1720,647,2026-10-10,2026-10-01
1055.0,0,0,2026-10-10,2026-10-01
1055.0,91,130,2026-10-10,2026-10-01
1060.0,420,221,2026-10-10,2026-10-01
1062.5,30,24,2026-10-10,2026-10-01
1065.0,197,81,2026-10-10,2026-10-01
1067.5,109,75,2026-10-10,2026-10-01
1070.0,790,1107,2026-10-10,2026-10-01
1072.5,85,180,2026-10-10,2026-10-01
1075.0,375,108,2026-10-10,2026-10-01
1077.5,213,28,2026-10-10,2026-10-01
1080.0,936,321,2026-10-10,2026-10-01
1082.5,67,6,2026-10-10,2026-10-01
1085.0,170,35,2026-10-10,2026-10-01
1090.0,309,336,2026-10-10,2026-10-01
1095.0,171,105,2026-10-10,2026-10-01
1100.0,1825,227,2026-10-10,2026-10-01
1105.0,182,60,2026-10-10,2026-10-01
1110.0,555,37,2026-10-10,2026-10-01
1115.0,125,36,2026-10-10,2026-10-01
1120.0,1245,213,2026-10-10,2026-10-01
1125.0,668,20,2026-10-10,2026-10-01
1130.0,172,101,2026-10-10,2026-10-01
1135.0,109,28,2026-10-10,2026-10-01
1140.0,172,135,2026-10-10,2026-10-01
1145.0,33,7,2026-10-10,2026-10-01
1150.0,743,223,2026-10-10,2026-10-01
1155.0,108,0,2026-10-10,2026-10-01
1160.0,179,8,2026-10-10,2026-10-01
1165.0,45,0,2026-10-10,2026-10-01
1170.0,248,2,2026-10-10,2026-10-01
1175.0,71,5,2026-10-10,2026-10-01
1180.0,241,0,2026-10-10,2026-10-01
1185.0,217,0,2026-10-10,2026-10-01
1190.0,220,2,2026-10-10,2026-10-01
1195.0,29,0,2026-10-10,2026-10-01
1200.0,2137,14,2026-10-10,2026-10-01
1205.0,112,0,2026-10-10,2026-10-01
1210.0,644,10,2026-10-10,2026-10-01
1215.0,55,0,2026-10-10,2026-10-01
1220.0,277,1,2026-10-10,2026-10-01
1225.0,230,0,2026-10-10,2026-10-01
1230.0,259,2,2026-10-10,2026-10-01
1235.0,60,0,2026-10-10,2026-10-01
1240.0,256,1,2026-10-10,2026-10-01
1245.0,46,0,2026-10-10,2026-10-01
1250.0,1241,5,2026-10-10,2026-10-01
1255.0,125,0,2026-10-10,2026-10-01
1260.0,142,6,2026-10-10,2026-10-01
1265.0,24,0,2026-10-10,2026-10-01
1270.0,160,4,2026-10-10,2026-10-01
1275.0,35,0,2026-10-10,2026-10-01
1280.0,122,3,2026-10-10,2026-10-01
1285.0,215,0,2026-10-10,2026-10-01
1290.0,86,5,2026-10-10,2026-10-01
1295.0,45,0,2026-10-10,2026-10-01
1300.0,2245,24,2026-10-10,2026-10-01
1305.0,21,0,2026-10-10,2026-10-01
1310.0,539,15,2026-10-10,2026-10-01
1315.0,2,0,2026-10-10,2026-10-01
1320.0,84,5,2026-10-10,2026-10-01
1325.0,235,0,2026-10-10,2026-10-01
1330.0,566,1,2026-10-10,2026-10-01
1335.0,7,0,2026-10-10,2026-10-01
1340.0,181,0,2026-10-10,2026-10-01
1345.0,13,0,2026-10-10,2026-10-01
1350.0,348,1,2026-10-10,2026-10-01
1355.0,7,0,2026-10-10,2026-10-01
1360.0,63,0,2026-10-10,2026-10-01
1365.0,4,2,2026-10-10,2026-10-01
1370.0,99,0,2026-10-10,2026-10-01
1375.0,88,0,2026-10-10,2026-10-01
1380.0,409,1,2026-10-10,2026-10-01
1385.0,17,0,2026-10-10,2026-10-01
1390.0,83,0,2026-10-10,2026-10-01
1395.0,3,0,2026-10-10,2026-10-01
1400.0,603,0,2026-10-10,2026-10-01
1410.0,151,2,2026-10-10,2026-10-01
1420.0,52,0,2026-10-10,2026-10-01
1430.0,65,0,2026-10-10,2026-10-01
1440.0,152,0,2026-10-10,2026-10-01
1450.0,1936,0,2026-10-10,2026-10-01
1460.0,126,0,2026-10-10,2026-10-01
1470.0,708,0,2026-10-10,2026-10-01
1480.0,22,0,2026-10-10,2026-10-01
1490.0,15,0,2026-10-10,2026-10-01
1500.0,1720,0,2026-10-10,2026-10-01
1510.0,165,0,2026-10-10,2026-10-01
1520.0,13,0,2026-10-10,2026-10-01
1530.0,119,0,2026-10-10,2026-10-01
1540.0,28,0,2026-10-10,2026-10-01
1550.0,129,0,2026-10-10,2026-10-01
1560.0,11,0,2026-10-10,2026-10-01
1570.0,15,0,2026-10-10,2026-10-01
1580.0,51,0,2026-10-10,2026-10-01
1590.0,11,0,2026-10-10,2026-10-01
1600.0,189,0,2026-10-10,2026-10-01
1610.0,22,0,2026-10-10,2026-10-01
1620.0,10,0,2026-10-10,2026-10-01
1630.0,43,0,2026-10-10,2026-10-01
1640.0,43,0,2026-10-10,2026-10-01
1650.0,26,0,2026-10-10,2026-10-01
1660.0,69,0,2026-10-10,2026-10-01
1670.0,42,0,2026-10-10,2026-10-01
1680.0,79,0,2026-10-10,2026-10-01
1690.0,11,0,2026-10-10,2026-10-01
1700.0,264,0,2026-10-10,2026-10-01
1710.0,8,0,2026-10-10,2026-10-01
1720.0,96,0,2026-10-10,2026-10-01
1730.0,924,0,2026-10-10,2026-10-01
600.0,23,8,2026-10-13,2026-10-01
610.0,0,21,2026-10-13,2026-10-01
611.0,0,2230,2026-10-13,2026-10-01
620.0,5,6,2026-10-13,2026-10-01
630.0,7,7,2026-10-13,2026-10-01
640.0,4,4,2026-10-13,2026-10-01
650.0,7,0,2026-10-13,2026-10-01
660.0,20,0,2026-10-13,2026-10-01
670.0,0,2,2026-10-13,2026-10-01
680.0,45,2,2026-10-13,2026-10-01
690.0,1,0,2026-10-13,2026-10-01
700.0,0,2,2026-10-13,2026-10-01
710.0,2,0,2026-10-13,2026-10-01
720.0,20,3,2026-10-13,2026-10-01
730.0,1,11,2026-10-13,2026-10-01
740.0,6,7,2026-10-13,2026-10-01
750.0,14,13,2026-10-13,2026-10-01
760.0,1,8,2026-10-13,2026-10-01
770.0,3,6,2026-10-13,2026-10-01
775.0,20,4,2026-10-13,2026-10-01
780.0,0,2,2026-10-13,2026-10-01
785.0,44,13,2026-10-13,2026-10-01
790.0,1,21,2026-10-13,2026-10-01
795.0,1,21,2026-10-13,2026-10-01
800.0,3,26,2026-10-13,2026-10-01
805.0,1,7,2026-10-13,2026-10-01
810.0,20,2,2026-10-13,2026-10-01
815.0,1,4,2026-10-13,2026-10-01
820.0,5,2,2026-10-13,2026-10-01
825.0,9,5,2026-10-13,2026-10-01
830.0,1,0,2026-10-13,2026-10-01
835.0,0,1,2026-10-13,2026-10-01
840.0,21,3,2026-10-13,2026-10-01
845.0,0,0,2026-10-13,2026-10-01
850.0,44,14,2026-10-13,2026-10-01
855.0,1,5,2026-10-13,2026-10-01
860.0,0,31,2026-10-13,2026-10-01
865.0,10,2,2026-10-13,2026-10-01
870.0,1,21,2026-10-13,2026-10-01
875.0,0,7,2026-10-13,2026-10-01
880.0,1,1,2026-10-13,2026-10-01
885.0,20,0,2026-10-13,2026-10-01
890.0,0,6,2026-10-13,2026-10-01
895.0,1,33,2026-10-13,2026-10-01
900.0,2,50,2026-10-13,2026-10-01
905.0,0,11,2026-10-13,2026-10-01
910.0,23,15,2026-10-13,2026-10-01
915.0,0,9,2026-10-13,2026-10-01
920.0,44,47,2026-10-13,2026-10-01
925.0,6,23,2026-10-13,2026-10-01
930.0,3,6,2026-10-13,2026-10-01
935.0,2,46,2026-10-13,2026-10-01
940.0,0,36,2026-10-13,2026-10-01
945.0,1,14,2026-10-13,2026-10-01
950.0,1,80,2026-10-13,2026-10-01
955.0,0,90,2026-10-13,2026-10-01
960.0,4,10,2026-10-13,2026-10-01
965.0,3,7,2026-10-13,2026-10-01
970.0,0,41,2026-10-13,2026-10-01
975.0,2,4,2026-10-13,2026-10-01
980.0,78,4,2026-10-13,2026-10-01
985.0,43,5,2026-10-13,2026-10-01
990.0,48,9,2026-10-13,2026-10-01
995.0,4,66,2026-10-13,2026-10-01
1000.0,53,27,2026-10-13,2026-10-01
1005.0,13,5,2026-10-13,2026-10-01
1010.0,6,37,2026-10-13,2026-10-01
1015.0,6,9,2026-10-13,2026-10-01
1020.0,4,11,2026-10-13,2026-10-01
1025.0,7,38,2026-10-13,2026-10-01
1030.0,12,22,2026-10-13,2026-10-01
1035.0,25,22,2026-10-13,2026-10-01
1040.0,27,17,2026-10-13,2026-10-01
1045.0,21,54,2026-10-13,2026-10-01
1050.0,69,20,2026-10-13,2026-10-01
1055.0,21,51,2026-10-13,2026-10-01
1060.0,21,10,2026-10-13,2026-10-01
1065.0,39,234,2026-10-13,2026-10-01
1070.0,64,50,2026-10-13,2026-10-01
1075.0,64,23,2026-10-13,2026-10-01
1080.0,20,10,2026-10-13,2026-10-01
1085.0,10,12,2026-10-13,2026-10-01
1090.0,44,11,2026-10-13,2026-10-01
1095.0,35,0,2026-10-13,2026-10-01
1100.0,143,15,2026-10-13,2026-10-01
1105.0,108,0,2026-10-13,2026-10-01
1110.0,13,0,2026-10-13,2026-10-01
1115.0,6,0,2026-10-13,2026-10-01
1120.0,41,2,2026-10-13,2026-10-01
1125.0,8,13,2026-10-13,2026-10-01
1130.0,18,224,2026-10-13,2026-10-01
1135.0,14,20,2026-10-13,2026-10-01
1140.0,8,5,2026-10-13,2026-10-01
1145.0,21,0,2026-10-13,2026-10-01
1150.0,193,0,2026-10-13,2026-10-01
1155.0,9,1,2026-10-13,2026-10-01
1160.0,11,0,2026-10-13,2026-10-01
1165.0,7,0,2026-10-13,2026-10-01
1170.0,15,1,2026-10-13,2026-10-01
1175.0,6,0,2026-10-13,2026-10-01
1180.0,7,0,2026-10-13,2026-10-01
1185.0,3,0,2026-10-13,2026-10-01
1190.0,5,0,2026-10-13,2026-10-01
1195.0,6,0,2026-10-13,2026-10-01
1200.0,335,3,2026-10-13,2026-10-01
1205.0,23,0,2026-10-13,2026-10-01
1210.0,26,2,2026-10-13,2026-10-01
1215.0,3,0,2026-10-13,2026-10-01
1220.0,13,0,2026-10-13,2026-10-01
1225.0,37,0,2026-10-13,2026-10-01
1230.0,3,0,2026-10-13,2026-10-01
1235.0,41,0,2026-10-13,2026-10-01
1240.0,3,0,2026-10-13,2026-10-01
1245.0,5,0,2026-10-13,2026-10-01
1250.0,63,0,2026-10-13,2026-10-01
1255.0,0,0,2026-10-13,2026-10-01
1260.0,7,0,2026-10-13,2026-10-01
1265.0,1,0,2026-10-13,2026-10-01
1270.0,17,0,2026-10-13,2026-10-01
1275.0,2,0,2026-10-13,2026-10-01
1280.0,3,0,2026-10-13,2026-10-01
1285.0,3,0,2026-10-13,2026-10-01
1290.0,4,0,2026-10-13,2026-10-01
1295.0,4,0,2026-10-13,2026-10-01
1300.0,45,0,2026-10-13,2026-10-01
1305.0,2,0,2026-10-13,2026-10-01
1310.0,3,0,2026-10-13,2026-10-01
1315.0,0,0,2026-10-13,2026-10-01
1320.0,0,0,2026-10-13,2026-10-01
1325.0,2,0,2026-10-13,2026-10-01
1330.0,37,0,2026-10-13,2026-10-01
1335.0,0,0,2026-10-13,2026-10-01
1340.0,0,0,2026-10-13,2026-10-01
1345.0,13,0,2026-10-13,2026-10-01
1350.0,4,0,2026-10-13,2026-10-01
1355.0,5,0,2026-10-13,2026-10-01
1360.0,3,0,2026-10-13,2026-10-01
1365.0,1,0,2026-10-13,2026-10-01
1370.0,0,0,2026-10-13,2026-10-01
1375.0,72,0,2026-10-13,2026-10-01
1380.0,3,0,2026-10-13,2026-10-01
1385.0,1,0,2026-10-13,2026-10-01
1390.0,1,0,2026-10-13,2026-10-01
1395.0,0,0,2026-10-13,2026-10-01
1400.0,5,0,2026-10-13,2026-10-01
1405.0,1,0,2026-10-13,2026-10-01
1410.0,7,0,2026-10-13,2026-10-01
1415.0,25,0,2026-10-13,2026-10-01
1420.0,0,0,2026-10-13,2026-10-01
1425.0,5,0,2026-10-13,2026-10-01
1430.0,37,0,2026-10-13,2026-10-01
1435.0,0,0,2026-10-13,2026-10-01
1440.0,6,0,2026-10-13,2026-10-01
1445.0,0,0,2026-10-13,2026-10-01
1450.0,18,0,2026-10-13,2026-10-01
600.0,38,0,2026-10-15,2026-10-01
610.0,25,0,2026-10-15,2026-10-01
620.0,30,0,2026-10-15,2026-10-01
630.0,17,5,2026-10-15,2026-10-01
640.0,17,0,2026-10-15,2026-10-01
650.0,18,0,2026-10-15,2026-10-01
660.0,14,0,2026-10-15,2026-10-01
670.0,13,0,2026-10-15,2026-10-01
680.0,23,0,2026-10-15,2026-10-01
690.0,24,5,2026-10-15,2026-10-01
700.0,2,4,2026-10-15,2026-10-01
710.0,18,0,2026-10-15,2026-10-01
720.0,10,0,2026-10-15,2026-10-01
730.0,23,0,2026-10-15,2026-10-01
740.0,20,5,2026-10-15,2026-10-01
750.0,10,0,2026-10-15,2026-10-01
760.0,15,0,2026-10-15,2026-10-01
770.0,25,1,2026-10-15,2026-10-01
775.0,14,0,2026-10-15,2026-10-01
780.0,10,0,2026-10-15,2026-10-01
785.0,25,4,2026-10-15,2026-10-01
790.0,25,4,2026-10-15,2026-10-01
795.0,23,5,2026-10-15,2026-10-01
800.0,21,10,2026-10-15,2026-10-01
805.0,24,1,2026-10-15,2026-10-01
810.0,39,0,2026-10-15,2026-10-01
815.0,54,1,2026-10-15,2026-10-01
820.0,47,8,2026-10-15,2026-10-01
825.0,13,0,2026-10-15,2026-10-01
830.0,19,0,2026-10-15,2026-10-01
835.0,26,0,2026-10-15,2026-10-01
840.0,14,0,2026-10-15,2026-10-01
845.0,10,0,2026-10-15,2026-10-01
850.0,25,4,2026-10-15,2026-10-01
855.0,3,4,2026-10-15,2026-10-01
860.0,23,19,2026-10-15,2026-10-01
865.0,20,4,2026-10-15,2026-10-01
870.0,24,44,2026-10-15,2026-10-01
875.0,23,0,2026-10-15,2026-10-01
880.0,53,4,2026-10-15,2026-10-01
885.0,22,0,2026-10-15,2026-10-01
890.0,1,3,2026-10-15,2026-10-01
895.0,3,1,2026-10-15,2026-10-01
900.0,4,67,2026-10-15,2026-10-01
905.0,16,10,2026-10-15,2026-10-01
910.0,2,3,2026-10-15,2026-10-01
915.0,15,0,2026-10-15,2026-10-01
920.0,19,56,2026-10-15,2026-10-01
925.0,13,27,2026-10-15,2026-10-01
930.0,7,40,2026-10-15,2026-10-01
935.0,31,1,2026-10-15,2026-10-01
940.0,3,6,2026-10-15,2026-10-01
945.0,44,2,2026-10-15,2026-10-01
950.0,25,41,2026-10-15,2026-10-01
955.0,21,3,2026-10-15,2026-10-01
960.0,39,45,2026-10-15,2026-10-01
965.0,4,94,2026-10-15,2026-10-01
970.0,33,28,2026-10-15,2026-10-01
975.0,61,9,2026-10-15,2026-10-01
980.0,26,40,2026-10-15,2026-10-01
985.0,11,102,2026-10-15,2026-10-01
990.0,2,18,2026-10-15,2026-10-01
995.0,1,11,2026-10-15,2026-10-01
1000.0,10,29,2026-10-15,2026-10-01
1005.0,0,0,2026-10-15,2026-10-01
1010.0,2,4,2026-10-15,2026-10-01
1015.0,0,1,2026-10-15,2026-10-01
1020.0,2,5,2026-10-15,2026-10-01
1025.0,2,1,2026-10-15,2026-10-01
1030.0,4,10,2026-10-15,2026-10-01
1035.0,2,45,2026-10-15,2026-10-01
1040.0,0,142,2026-10-15,2026-10-01
1045.0,1,113,2026-10-15,2026-10-01
1050.0,34,29,2026-10-15,2026-10-01
1055.0,26,3,2026-10-15,2026-10-01
1060.0,43,74,2026-10-15,2026-10-01
1065.0,52,8,2026-10-15,2026-10-01
1070.0,131,28,2026-10-15,2026-10-01
1075.0,63,14,2026-10-15,2026-10-01
1080.0,30,3,2026-10-15,2026-10-01
1085.0,1,11,2026-10-15,2026-10-01
1090.0,9,7,2026-10-15,2026-10-01
1095.0,1,0,2026-10-15,2026-10-01
1100.0,29,2,2026-10-15,2026-10-01
1105.0,10,0,2026-10-15,2026-10-01
1110.0,38,2,2026-10-15,2026-10-01
1115.0,0,0,2026-10-15,2026-10-01
1120.0,41,6,2026-10-15,2026-10-01
1125.0,2,0,2026-10-15,2026-10-01
1130.0,12,3,2026-10-15,2026-10-01
1135.0,2,0,2026-10-15,2026-10-01
1140.0,20,23,2026-10-15,2026-10-01
1145.0,1,0,2026-10-15,2026-10-01
1150.0,12,14,2026-10-15,2026-10-01
1155.0,2,0,2026-10-15,2026-10-01
1160.0,43,2,2026-10-15,2026-10-01
1165.0,1,1,2026-10-15,2026-10-01
1170.0,2,0,2026-10-15,2026-10-01
1175.0,2,1,2026-10-15,2026-10-01
1180.0,23,2,2026-10-15,2026-10-01
1185.0,2,3,2026-10-15,2026-10-01
1190.0,0,2,2026-10-15,2026-10-01
1195.0,3,13,2026-10-15,2026-10-01
1200.0,49,30,2026-10-15,2026-10-01
1205.0,53,43,2026-10-15,2026-10-01
1210.0,58,0,2026-10-15,2026-10-01
1215.0,78,0,2026-10-15,2026-10-01
1220.0,166,3,2026-10-15,2026-10-01
1225.0,72,7,2026-10-15,2026-10-01
1230.0,34,0,2026-10-15,2026-10-01
1235.0,8,0,2026-10-15,2026-10-01
1240.0,0,0,2026-10-15,2026-10-01
1245.0,6,0,2026-10-15,2026-10-01
1250.0,202,1,2026-10-15,2026-10-01
1255.0,93,0,2026-10-15,2026-10-01
1260.0,15,0,2026-10-15,2026-10-01
1265.0,3,0,2026-10-15,2026-10-01
1270.0,13,0,2026-10-15,2026-10-01
1275.0,59,0,2026-10-15,2026-10-01
1280.0,77,0,2026-10-15,2026-10-01
1285.0,17,0,2026-10-15,2026-10-01
1290.0,1,0,2026-10-15,2026-10-01
1295.0,0,0,2026-10-15,2026-10-01
1300.0,0,0,2026-10-15,2026-10-01
1305.0,0,0,2026-10-15,2026-10-01
1310.0,0,0,2026-10-15,2026-10-01
1315.0,0,0,2026-10-15,2026-10-01
1320.0,0,0,2026-10-15,2026-10-01
1325.0,1,0,2026-10-15,2026-10-01
1330.0,0,0,2026-10-15,2026-10-01
1335.0,0,0,2026-10-15,2026-10-01
1340.0,0,0,2026-10-15,2026-10-01
1345.0,1,0,2026-10-15,2026-10-01
1350.0,1,0,2026-10-15,2026-10-01
1355.0,0,0,2026-10-15,2026-10-01
1360.0,0,0,2026-10-15,2026-10-01
1365.0,0,0,2026-10-15,2026-10-01
1370.0,1,0,2026-10-15,2026-10-01
1375.0,1,0,2026-10-15,2026-10-01
1380.0,25,0,2026-10-15,2026-10-01
1385.0,54,0,2026-10-15,2026-10-01
1390.0,27,0,2026-10-15,2026-10-01
1395.0,52,0,2026-10-15,2026-10-01
1400.0,190,0,2026-10-15,2026-10-01
1405.0,8,0,2026-10-15,2026-10-01
1410.0,23,0,2026-10-15,2026-10-01
1415.0,8,0,2026-10-15,2026-10-01
1420.0,3,0,2026-10-15,2026-10-01
1425.0,2,0,2026-10-15,2026-10-01
1430.0,0,0,2026-10-15,2026-10-01
1435.0,0,0,2026-10-15,2026-10-01
1440.0,0,0,2026-10-15,2026-10-01
1445.0,1,0,2026-10-15,2026-10-01
1450.0,18,0,2026-10-15,2026-10-01
5.0,634,169,2026-10-17,2026-10-01
10.0,6,97,2026-10-17,2026-10-01
15.0,10,188,2026-10-17,2026-10-01
20.0,19,258,2026-10-17,2026-10-01
25.0,50,346,2026-10-17,2026-10-01
30.0,35,380,2026-10-17,2026-10-01
35.0,10,775,2026-10-17,2026-10-01
40.0,17,699,2026-10-17,2026-10-01
45.0,21,631,2026-10-17,2026-10-01
50.0,31,1383,2026-10-17,2026-10-01
55.0,0,5013,2026-10-17,2026-10-01
60.0,5,14619,2026-10-17,2026-10-01
185.0,14,223,2026-10-17,2026-10-01
190.0,7,134,2026-10-17,2026-10-01
195.0,4,1760,2026-10-17,2026-10-01
200.0,44,1877,2026-10-17,2026-10-01
210.0,66,1009,2026-10-17,2026-10-01
220.0,21,1918,2026-10-17,2026-10-01
230.0,5,2691,2026-10-17,2026-10-01
240.0,25,653,2026-10-17,2026-10-01
250.0,518,650,2026-10-17,2026-10-01
260.0,60,2333,2026-10-17,2026-10-01
270.0,67,801,2026-10-17,2026-10-01
280.0,315,879,2026-10-17,2026-10-01
290.0,262,721,2026-10-17,2026-10-01
300.0,239,2218,2026-10-17,2026-10-01
310.0,444,1137,2026-10-17,2026-10-01
320.0,228,2724,2026-10-17,2026-10-01
330.0,35,1946,2026-10-17,2026-10-01
340.0,287,5140,2026-10-17,2026-10-01
350.0,316,958,2026-10-17,2026-10-01
360.0,182,2948,2026-10-17,2026-10-01
370.0,122,1387,2026-10-17,2026-10-01
380.0,144,3628,2026-10-17,2026-10-01
390.0,90,728,2026-10-17,2026-10-01
400.0,732,2684,2026-10-17,2026-10-01
410.0,306,819,2026-10-17,2026-10-01
420.0,343,876,2026-10-17,2026-10-01
430.0,133,478,2026-10-17,2026-10-01
440.0,166,417,2026-10-17,2026-10-01
450.0,713,3254,2026-10-17,2026-10-01
460.0,410,959,2026-10-17,2026-10-01
470.0,595,741,2026-10-17,2026-10-01
480.0,442,684,2026-10-17,2026-10-01
490.0,210,742,2026-10-17,2026-10-01
500.0,650,3441,2026-10-17,2026-10-01
510.0,293,510,2026-10-17,2026-10-01
520.0,348,1122,2026-10-17,2026-10-01
530.0,568,1121,2026-10-17,2026-10-01
540.0,554,1223,2026-10-17,2026-10-01
550.0,7,508,2026-10-17,2026-10-01
560.0,725,1849,2026-10-17,2026-10-01
570.0,0,354,2026-10-17,2026-10-01
580.0,193,1704,2026-10-17,2026-10-01
590.0,1,426,2026-10-17,2026-10-01
600.0,1464,5432,2026-10-17,2026-10-01
610.0,3,183,2026-10-17,2026-10-01
620.0,772,1705,2026-10-17,2026-10-01
630.0,3,691,2026-10-17,2026-10-01
640.0,1700,3488,2026-10-17,2026-10-01
650.0,2,2417,2026-10-17,2026-10-01
660.0,332,1755,2026-10-17,2026-10-01
670.0,13,405,2026-10-17,2026-10-01
680.0,417,2240,2026-10-17,2026-10-01
690.0,15,1004,2026-10-17,2026-10-01
700.0,1186,6570,2026-10-17,2026-10-01
710.0,10,249,2026-10-17,2026-10-01
720.0,480,623,2026-10-17,2026-10-01
730.0,15,807,2026-10-17,2026-10-01
740.0,636,1925,2026-10-17,2026-10-01
750.0,34,4126,2026-10-17,2026-10-01
760.0,303,2741,2026-10-17,2026-10-01
770.0,135,543,2026-10-17,2026-10-01
775.0,0,9,2026-10-17,2026-10-01
780.0,1216,1767,2026-10-17,2026-10-01
790.0,162,518,2026-10-17,2026-10-01
800.0,1321,5022,2026-10-17,2026-10-01
810.0,1422,609,2026-10-17,2026-10-01
820.0,553,1902,2026-10-17,2026-10-01
830.0,91,548,2026-10-17,2026-10-01
840.0,1560,1737,2026-10-17,2026-10-01
850.0,118,2517,2026-10-17,2026-10-01
860.0,884,2416,2026-10-17,2026-10-01
870.0,2500,2500,2026-10-17,2026-10-01
870.0,52,1590,2026-10-17,2026-10-01
875.0,2000,2000,2026-10-17,2026-10-01
880.0,347,1602,2026-10-17,2026-10-01
890.0,129,870,2026-10-17,2026-10-01
900.0,4270,5167,2026-10-17,2026-10-01
910.0,1895,1528,2026-10-17,2026-10-01
920.0,1086,1086,2026-10-17,2026-10-01
920.0,826,2141,2026-10-17,2026-10-01
925.0,64,288,2026-10-17,2026-10-01
930.0,200,200,2026-10-17,2026-10-01
930.0,668,1264,2026-10-17,2026-10-01
935.0,250,250,2026-10-17,2026-10-01
935.0,15,150,2026-10-17,2026-10-01
940.0,594,2103,2026-10-17,2026-10-01
945.0,34,373,2026-10-17,2026-10-01
950.0,3000,3000,2026-10-17,2026-10-01
950.0,3455,3606,2026-10-17,2026-10-01
955.0,19,392,2026-10-17,2026-10-01
960.0,872,3072,2026-10-17,2026-10-01
965.0,25,340,2026-10-17,2026-10-01
970.0,920,2166,2026-10-17,2026-10-01
975.0,34,281,2026-10-17,2026-10-01
980.0,6289,7320,2026-10-17,2026-10-01
985.0,4470,4470,2026-10-17,2026-10-01
985.0,53,233,2026-10-17,2026-10-01
990.0,1004,1365,2026-10-17,2026-10-01
995.0,56,401,2026-10-17,2026-10-01
1000.0,3450,3450,2026-10-17,2026-10-01
1000.0,10451,8062,2026-10-17,2026-10-01
1005.0,91,161,2026-10-17,2026-10-01
1010.0,863,453,2026-10-17,2026-10-01
1015.0,90,305,2026-10-17,2026-10-01
1020.0,1092,969,2026-10-17,2026-10-01
1025.0,174,336,2026-10-17,2026-10-01
1030.0,837,451,2026-10-17,2026-10-01
1035.0,244,297,2026-10-17,2026-10-01
1040.0,1141,1495,2026-10-17,2026-10-01
1045.0,143,788,2026-10-17,2026-10-01
1050.0,3899,1631,2026-10-17,2026-10-01
1055.0,257,195,2026-10-17,2026-10-01
1060.0,1072,678,2026-10-17,2026-10-01
1065.0,373,468,2026-10-17,2026-10-01
1070.0,1286,1358,2026-10-17,2026-10-01
1080.0,2055,907,2026-10-17,2026-10-01
1090.0,1174,480,2026-10-17,2026-10-01
1100.0,9,0,2026-10-17,2026-10-01
1100.0,7779,4113,2026-10-17,2026-10-01
1110.0,821,196,2026-10-17,2026-10-01
1120.0,1133,480,2026-10-17,2026-10-01
1130.0,694,287,2026-10-17,2026-10-01
1140.0,628,204,2026-10-17,2026-10-01
1150.0,9,0,2026-10-17,2026-10-01
1150.0,14103,212,2026-10-17,2026-10-01
1160.0,685,273,2026-10-17,2026-10-01
1170.0,616,192,2026-10-17,2026-10-01
1180.0,646,118,2026-10-17,2026-10-01
1190.0,589,118,2026-10-17,2026-10-01
1200.0,7942,631,2026-10-17,2026-10-01
1210.0,2,0,2026-10-17,2026-10-01
1210.0,826,51,2026-10-17,2026-10-01
1220.0,2088,47,2026-10-17,2026-10-01
1230.0,524,23,2026-10-17,2026-10-01
1240.0,451,38,2026-10-17,2026-10-01
1250.0,2359,367,2026-10-17,2026-10-01
1260.0,570,102,2026-10-17,2026-10-01
1270.0,589,86,2026-10-17,2026-10-01
1280.0,650,49,2026-10-17,2026-10-01
1290.0,479,63,2026-10-17,2026-10-01
1300.0,21300,151,2026-10-17,2026-10-01
1310.0,393,38,2026-10-17,2026-10-01
1320.0,383,68,2026-10-17,2026-10-01
1330.0,20,0,2026-10-17,2026-10-01
1330.0,865,15,2026-10-17,2026-10-01
1340.0,365,40,2026-10-17,2026-10-01
1350.0,1043,185,2026-10-17,2026-10-01
1360.0,446,28,2026-10-17,2026-10-01
1370.0,202,37,2026-10-17,2026-10-01
1380.0,280,27,2026-10-17,2026-10-01
1390.0,417,13,2026-10-17,2026-10-01
1400.0,4059,32,2026-10-17,2026-10-01
1410.0,308,90,2026-10-17,2026-10-01
1420.0,314,10,2026-10-17,2026-10-01
1430.0,475,31,2026-10-17,2026-10-01
1440.0,243,30,2026-10-17,2026-10-01
1450.0,1197,20,2026-10-17,2026-10-01
1460.0,20,0,2026-10-17,2026-10-01
1460.0,421,1,2026-10-17,2026-10-01
1470.0,394,0,2026-10-17,2026-10-01
1480.0,306,0,2026-10-17,2026-10-01
1490.0,326,7,2026-10-17,2026-10-01
1500.0,4728,22,2026-10-17,2026-10-01
1510.0,663,1,2026-10-17,2026-10-01
1520.0,417,0,2026-10-17,2026-10-01
1530.0,261,0,2026-10-17,2026-10-01
1540.0,279,0,2026-10-17,2026-10-01
1550.0,1359,0,2026-10-17,2026-10-01
1560.0,137,3,2026-10-17,2026-10-01
1570.0,401,1,2026-10-17,2026-10-01
1580.0,208,0,2026-10-17,2026-10-01
1590.0,268,0,2026-10-17,2026-10-01
1600.0,1540,0,2026-10-17,2026-10-01
1610.0,288,0,2026-10-17,2026-10-01
1620.0,229,0,2026-10-17,2026-10-01
1630.0,317,0,2026-10-17,2026-10-01
1640.0,88,0,2026-10-17,2026-10-01
1650.0,254,0,2026-10-17,2026-10-01
1660.0,562,0,2026-10-17,2026-10-01
1670.0,258,0,2026-10-17,2026-10-01
1680.0,587,0,2026-10-17,2026-10-01
1690.0,911,0,2026-10-17,2026-10-01
1700.0,1341,0,2026-10-17,2026-10-01
1710.0,167,0,2026-10-17,2026-10-01
1720.0,172,0,2026-10-17,2026-10-01
1730.0,271,0,2026-10-17,2026-10-01
1740.0,355,0,2026-10-17,2026-10-01
1750.0,234,0,2026-10-17,2026-10-01
1760.0,287,0,2026-10-17,2026-10-01
1770.0,441,0,2026-10-17,2026-10-01
1780.0,206,0,2026-10-17,2026-10-01
1790.0,415,0,2026-10-17,2026-10-01
1800.0,985,0,2026-10-17,2026-10-01
1810.0,510,0,2026-10-17,2026-10-01
1820.0,1088,0,2026-10-17,2026-10-01
1830.0,1482,0,2026-10-17,2026-10-01
1840.0,519,0,2026-10-17,2026-10-01
1850.0,745,0,2026-10-17,2026-10-01
1860.0,230,0,2026-10-17,2026-10-01
1870.0,241,0,2026-10-17,2026-10-01
1880.0,294,0,2026-10-17,2026-10-01
1890.0,415,0,2026-10-17,2026-10-01
1900.0,644,0,2026-10-17,2026-10-01
1910.0,1042,0,2026-10-17,2026-10-01
1920.0,146,0,2026-10-17,2026-10-01
1930.0,409,0,2026-10-17,2026-10-01
1940.0,252,0,2026-10-17,2026-10-01
1950.0,417,0,2026-10-17,2026-10-01
1960.0,424,0,2026-10-17,2026-10-01
1970.0,96,0,2026-10-17,2026-10-01
1980.0,160,0,2026-10-17,2026-10-01
1990.0,132,0,2026-10-17,2026-10-01
2000.0,3019,0,2026-10-17,2026-10-01
2010.0,77,0,2026-10-17,2026-10-01
2020.0,85,0,2026-10-17,2026-10-01
2030.0,265,0,2026-10-17,2026-10-01
2040.0,47,0,2026-10-17,2026-10-01
2050.0,260,0,2026-10-17,2026-10-01
2060.0,275,0,2026-10-17,2026-10-01
2070.0,87,0,2026-10-17,2026-10-01
2080.0,322,0,2026-10-17,2026-10-01
2090.0,296,0,2026-10-17,2026-10-01
2100.0,308,0,2026-10-17,2026-10-01
2110.0,139,0,2026-10-17,2026-10-01
2120.0,546,0,2026-10-17,2026-10-01
2130.0,104,0,2026-10-17,2026-10-01
2140.0,249,0,2026-10-17,2026-10-01
2150.0,241,0,2026-10-17,2026-10-01
2160.0,170,0,2026-10-17,2026-10-01
2170.0,447,0,2026-10-17,2026-10-01
2180.0,62,0,2026-10-17,2026-10-01
2190.0,367,0,2026-10-17,2026-10-01
2200.0,642,0,2026-10-17,2026-10-01
2210.0,295,0,2026-10-17,2026-10-01
2220.0,272,0,2026-10-17,2026-10-01
2230.0,263,0,2026-10-17,2026-10-01
2240.0,858,0,2026-10-17,2026-10-01
2250.0,356,0,2026-10-17,2026-10-01
2260.0,705,0,2026-10-17,2026-10-01
2270.0,961,0,2026-10-17,2026-10-01
2280.0,620,0,2026-10-17,2026-10-01
2290.0,1023,0,2026-10-17,2026-10-01
2300.0,2213,0,2026-10-17,2026-10-01
2310.0,607,0,2026-10-17,2026-10-01
2320.0,560,0,2026-10-17,2026-10-01
2330.0,428,0,2026-10-17,2026-10-01
2340.0,445,0,2026-10-17,2026-10-01
2350.0,326,0,2026-10-17,2026-10-01
2360.0,473,0,2026-10-17,2026-10-01
2370.0,360,0,2026-10-17,2026-10-01
2380.0,98,0,2026-10-17,2026-10-01
2390.0,257,0,2026-10-17,2026-10-01
2400.0,300,0,2026-10-17,2026-10-01
2410.0,239,0,2026-10-17,2026-10-01
2420.0,756,0,2026-10-17,2026-10-01
2440.0,265,0,2026-10-17,2026-10-01
2460.0,319,0,2026-10-17,2026-10-01
2480.0,283,0,2026-10-17,2026-10-01
2500.0,3625,0,2026-10-17,2026-10-01
999.03,1144,1144,2026-10-21,2026-10-01
5.0,0,1,2026-10-24,2026-10-01
10.0,0,0,2026-10-24,2026-10-01
15.0,0,0,2026-10-24,2026-10-01
20.0,0,0,2026-10-24,2026-10-01
25.0,0,0,2026-10-24,2026-10-01
30.0,0,3,2026-10-24,2026-10-01
35.0,0,8,2026-10-24,2026-10-01
40.0,0,0,2026-10-24,2026-10-01
45.0,0,41,2026-10-24,2026-10-01
50.0,0,55,2026-10-24,2026-10-01
55.0,0,10,2026-10-24,2026-10-01
60.0,0,95,2026-10-24,2026-10-01
65.0,1,8,2026-10-24,2026-10-01
70.0,0,65,2026-10-24,2026-10-01
75.0,0,56,2026-10-24,2026-10-01
80.0,0,110,2026-10-24,2026-10-01
85.0,3,43,2026-10-24,2026-10-01
90.0,1,81,2026-10-24,2026-10-01
95.0,1,45,2026-10-24,2026-10-01
100.0,2,108,2026-10-24,2026-10-01
105.0,0,45,2026-10-24,2026-10-01
110.0,0,105,2026-10-24,2026-10-01
115.0,0,0,2026-10-24,2026-10-01
120.0,0,0,2026-10-24,2026-10-01
125.0,0,0,2026-10-24,2026-10-01
130.0,0,0,2026-10-24,2026-10-01
135.0,1,0,2026-10-24,2026-10-01
140.0,0,0,2026-10-24,2026-10-01
145.0,0,6,2026-10-24,2026-10-01
150.0,0,0,2026-10-24,2026-10-01
155.0,0,0,2026-10-24,2026-10-01
160.0,0,0,2026-10-24,2026-10-01
165.0,0,0,2026-10-24,2026-10-01
170.0,0,0,2026-10-24,2026-10-01
175.0,0,0,2026-10-24,2026-10-01
180.0,0,1,2026-10-24,2026-10-01
185.0,0,5,2026-10-24,2026-10-01
190.0,0,11,2026-10-24,2026-10-01
195.0,0,8,2026-10-24,2026-10-01
200.0,0,29,2026-10-24,2026-10-01
205.0,0,8,2026-10-24,2026-10-01
210.0,0,31,2026-10-24,2026-10-01
215.0,0,27,2026-10-24,2026-10-01
220.0,0,57,2026-10-24,2026-10-01
225.0,0,58,2026-10-24,2026-10-01
230.0,0,37,2026-10-24,2026-10-01
235.0,0,39,2026-10-24,2026-10-01
240.0,0,236,2026-10-24,2026-10-01
245.0,0,76,2026-10-24,2026-10-01
250.0,0,81,2026-10-24,2026-10-01
255.0,0,252,2026-10-24,2026-10-01
260.0,0,755,2026-10-24,2026-10-01
265.0,0,440,2026-10-24,2026-10-01
270.0,0,272,2026-10-24,2026-10-01
275.0,2,131,2026-10-24,2026-10-01
280.0,0,157,2026-10-24,2026-10-01
285.0,0,152,2026-10-24,2026-10-01
290.0,0,174,2026-10-24,2026-10-01
295.0,0,26,2026-10-24,2026-10-01
300.0,0,44,2026-10-24,2026-10-01
305.0,0,108,2026-10-24,2026-10-01
310.0,0,208,2026-10-24,2026-10-01
315.0,0,13,2026-10-24,2026-10-01
320.0,0,37,2026-10-24,2026-10-01
325.0,0,165,2026-10-24,2026-10-01
330.0,0,31,2026-10-24,2026-10-01
335.0,0,39,2026-10-24,2026-10-01
340.0,0,49,2026-10-24,2026-10-01
345.0,0,44,2026-10-24,2026-10-01
350.0,0,49,2026-10-24,2026-10-01
355.0,0,49,2026-10-24,2026-10-01
360.0,0,13,2026-10-24,2026-10-01
365.0,0,18,2026-10-24,2026-10-01
370.0,0,20,2026-10-24,2026-10-01
375.0,1,24,2026-10-24,2026-10-01
380.0,0,12,2026-10-24,2026-10-01
385.0,0,29,2026-10-24,2026-10-01
390.0,3,11,2026-10-24,2026-10-01
395.0,0,5,2026-10-24,2026-10-01
400.0,0,27,2026-10-24,2026-10-01
405.0,6,16,2026-10-24,2026-10-01
410.0,1,8,2026-10-24,2026-10-01
415.0,0,12,2026-10-24,2026-10-01
420.0,0,8,2026-10-24,2026-10-01
425.0,0,18,2026-10-24,2026-10-01
430.0,1,20,2026-10-24,2026-10-01
435.0,0,10,2026-10-24,2026-10-01
440.0,3,9,2026-10-24,2026-10-01
445.0,0,12,2026-10-24,2026-10-01
450.0,1,14,2026-10-24,2026-10-01
455.0,0,8,2026-10-24,2026-10-01
460.0,0,13,2026-10-24,2026-10-01
465.0,0,14,2026-10-24,2026-10-01
470.0,0,7,2026-10-24,2026-10-01
475.0,1,14,2026-10-24,2026-10-01
480.0,2,18,2026-10-24,2026-10-01
485.0,0,20,2026-10-24,2026-10-01
490.0,2,6,2026-10-24,2026-10-01
495.0,0,32,2026-10-24,2026-10-01
500.0,1,60,2026-10-24,2026-10-01
505.0,0,43,2026-10-24,2026-10-01
510.0,1,53,2026-10-24,2026-10-01
515.0,0,4,2026-10-24,2026-10-01
520.0,0,34,2026-10-24,2026-10-01
525.0,0,3,2026-10-24,2026-10-01
530.0,0,214,2026-10-24,2026-10-01
535.0,1,49,2026-10-24,2026-10-01
540.0,0,62,2026-10-24,2026-10-01
545.0,0,21,2026-10-24,2026-10-01
550.0,0,134,2026-10-24,2026-10-01
555.0,4,104,2026-10-24,2026-10-01
560.0,1,9,2026-10-24,2026-10-01
565.0,0,92,2026-10-24,2026-10-01
570.0,0,61,2026-10-24,2026-10-01
575.0,0,44,2026-10-24,2026-10-01
580.0,1,47,2026-10-24,2026-10-01
585.0,1,100,2026-10-24,2026-10-01
590.0,1,12,2026-10-24,2026-10-01
595.0,0,23,2026-10-24,2026-10-01
600.0,2,40,2026-10-24,2026-10-01
605.0,0,7,2026-10-24,2026-10-01
610.0,1,16,2026-10-24,2026-10-01
615.0,1,8,2026-10-24,2026-10-01
620.0,4,201,2026-10-24,2026-10-01
625.0,0,39,2026-10-24,2026-10-01
630.0,1,12,2026-10-24,2026-10-01
635.0,0,4,2026-10-24,2026-10-01
640.0,2,27,2026-10-24,2026-10-01
645.0,1,5,2026-10-24,2026-10-01
650.0,0,242,2026-10-24,2026-10-01
655.0,2,144,2026-10-24,2026-10-01
660.0,10,16,2026-10-24,2026-10-01
665.0,0,6,2026-10-24,2026-10-01
670.0,1,219,2026-10-24,2026-10-01
675.0,2,64,2026-10-24,2026-10-01
680.0,0,62,2026-10-24,2026-10-01
685.0,1,84,2026-10-24,2026-10-01
690.0,2,169,2026-10-24,2026-10-01
695.0,5,176,2026-10-24,2026-10-01
700.0,3,178,2026-10-24,2026-10-01
705.0,1,82,2026-10-24,2026-10-01
710.0,0,84,2026-10-24,2026-10-01
715.0,4,101,2026-10-24,2026-10-01
720.0,1,60,2026-10-24,2026-10-01
725.0,1,45,2026-10-24,2026-10-01
730.0,9,187,2026-10-24,2026-10-01
735.0,1,21,2026-10-24,2026-10-01
740.0,11,77,2026-10-24,2026-10-01
745.0,2,62,2026-10-24,2026-10-01
750.0,15,180,2026-10-24,2026-10-01
755.0,15,239,2026-10-24,2026-10-01
760.0,0,90,2026-10-24,2026-10-01
765.0,15,47,2026-10-24,2026-10-01
770.0,2,119,2026-10-24,2026-10-01
775.0,3,215,2026-10-24,2026-10-01
780.0,13,125,2026-10-24,2026-10-01
785.0,2,84,2026-10-24,2026-10-01
790.0,28,175,2026-10-24,2026-10-01
795.0,26,86,2026-10-24,2026-10-01
800.0,199,487,2026-10-24,2026-10-01
805.0,0,119,2026-10-24,2026-10-01
810.0,1,199,2026-10-24,2026-10-01
815.0,1,45,2026-10-24,2026-10-01
820.0,3,250,2026-10-24,2026-10-01
825.0,7,99,2026-10-24,2026-10-01
830.0,13,192,2026-10-24,2026-10-01
835.0,1,82,2026-10-24,2026-10-01
840.0,52,48,2026-10-24,2026-10-01
845.0,0,92,2026-10-24,2026-10-01
850.0,5,807,2026-10-24,2026-10-01
855.0,1,73,2026-10-24,2026-10-01
860.0,1,151,2026-10-24,2026-10-01
865.0,1,44,2026-10-24,2026-10-01
870.0,1,178,2026-10-24,2026-10-01
875.0,11,185,2026-10-24,2026-10-01
880.0,9,227,2026-10-24,2026-10-01
885.0,2,52,2026-10-24,2026-10-01
890.0,19,93,2026-10-24,2026-10-01
895.0,27,183,2026-10-24,2026-10-01
900.0,279,428,2026-10-24,2026-10-01
905.0,22,103,2026-10-24,2026-10-01
910.0,9,117,2026-10-24,2026-10-01
915.0,14,41,2026-10-24,2026-10-01
920.0,1500,1500,2026-10-24,2026-10-01
920.0,58,117,2026-10-24,2026-10-01
925.0,69,128,2026-10-24,2026-10-01
930.0,57,174,2026-10-24,2026-10-01
935.0,68,91,2026-10-24,2026-10-01
940.0,51,150,2026-10-24,2026-10-01
945.0,23,78,2026-10-24,2026-10-01
950.0,42,397,2026-10-24,2026-10-01
955.0,84,76,2026-10-24,2026-10-01
960.0,46,137,2026-10-24,2026-10-01
965.0,4,106,2026-10-24,2026-10-01
970.0,54,120,2026-10-24,2026-10-01
975.0,65,64,2026-10-24,2026-10-01
980.0,61,105,2026-10-24,2026-10-01
985.0,14,83,2026-10-24,2026-10-01
990.0,58,39,2026-10-24,2026-10-01
995.0,66,78,2026-10-24,2026-10-01
1000.0,198,470,2026-10-24,2026-10-01
1005.0,38,43,2026-10-24,2026-10-01
1010.0,110,42,2026-10-24,2026-10-01
1015.0,46,56,2026-10-24,2026-10-01
1020.0,172,116,2026-10-24,2026-10-01
1025.0,95,80,2026-10-24,2026-10-01
1030.0,47,79,2026-10-24,2026-10-01
1035.0,45,65,2026-10-24,2026-10-01
1040.0,169,53,2026-10-24,2026-10-01
1045.0,69,36,2026-10-24,2026-10-01
1050.0,242,499,2026-10-24,2026-10-01
1055.0,109,20,2026-10-24,2026-10-01
1060.0,258,38,2026-10-24,2026-10-01
1065.0,65,56,2026-10-24,2026-10-01
1070.0,293,525,2026-10-24,2026-10-01
1075.0,407,69,2026-10-24,2026-10-01
1080.0,221,41,2026-10-24,2026-10-01
1085.0,144,19,2026-10-24,2026-10-01
1090.0,102,18,2026-10-24,2026-10-01
1095.0,83,18,2026-10-24,2026-10-01
1100.0,568,360,2026-10-24,2026-10-01
1105.0,176,14,2026-10-24,2026-10-01
1110.0,73,27,2026-10-24,2026-10-01
1115.0,77,7,2026-10-24,2026-10-01
1120.0,68,5,2026-10-24,2026-10-01
1125.0,48,0,2026-10-24,2026-10-01
1130.0,46,32,2026-10-24,2026-10-01
1135.0,69,2,2026-10-24,2026-10-01
1140.0,68,1,2026-10-24,2026-10-01
1145.0,29,0,2026-10-24,2026-10-01
1150.0,431,14,2026-10-24,2026-10-01
1160.0,70,37,2026-10-24,2026-10-01
1170.0,92,13,2026-10-24,2026-10-01
1180.0,266,19,2026-10-24,2026-10-01
1190.0,92,15,2026-10-24,2026-10-01
1200.0,470,54,2026-10-24,2026-10-01
1210.0,110,17,2026-10-24,2026-10-01
1220.0,154,10,2026-10-24,2026-10-01
1230.0,233,40,2026-10-24,2026-10-01
1240.0,97,5,2026-10-24,2026-10-01
1250.0,277,2,2026-10-24,2026-10-01
1260.0,276,0,2026-10-24,2026-10-01
1270.0,147,5,2026-10-24,2026-10-01
1280.0,44,4,2026-10-24,2026-10-01
1290.0,131,1,2026-10-24,2026-10-01
1300.0,583,1,2026-10-24,2026-10-01
1310.0,52,0,2026-10-24,2026-10-01
1320.0,34,0,2026-10-24,2026-10-01
1330.0,96,0,2026-10-24,2026-10-01
1340.0,145,1,2026-10-24,2026-10-01
1350.0,502,0,2026-10-24,2026-10-01
1360.0,49,0,2026-10-24,2026-10-01
1370.0,40,2,2026-10-24,2026-10-01
1380.0,103,0,2026-10-24,2026-10-01
1390.0,46,0,2026-10-24,2026-10-01
1400.0,316,2,2026-10-24,2026-10-01
1410.0,20,0,2026-10-24,2026-10-01
1420.0,47,0,2026-10-24,2026-10-01
1430.0,36,0,2026-10-24,2026-10-01
1440.0,30,0,2026-10-24,2026-10-01
1450.0,181,0,2026-10-24,2026-10-01
1460.0,36,0,2026-10-24,2026-10-01
1470.0,35,0,2026-10-24,2026-10-01
1480.0,17,0,2026-10-24,2026-10-01
1490.0,551,0,2026-10-24,2026-10-01
1500.0,359,0,2026-10-24,2026-10-01
1510.0,33,0,2026-10-24,2026-10-01
1520.0,31,0,2026-10-24,2026-10-01
1530.0,504,0,2026-10-24,2026-10-01
1540.0,39,0,2026-10-24,2026-10-01
1550.0,16,0,2026-10-24,2026-10-01
1560.0,13,0,2026-10-24,2026-10-01
1570.0,57,0,2026-10-24,2026-10-01
1580.0,3,0,2026-10-24,2026-10-01
1590.0,19,1,2026-10-24,2026-10-01
1600.0,43,0,2026-10-24,2026-10-01
1610.0,42,0,2026-10-24,2026-10-01
1620.0,44,0,2026-10-24,2026-10-01
1630.0,9,1,2026-10-24,2026-10-01
1640.0,8,0,2026-10-24,2026-10-01
1650.0,21,0,2026-10-24,2026-10-01
1660.0,15,0,2026-10-24,2026-10-01
1670.0,7,0,2026-10-24,2026-10-01
1680.0,8,0,2026-10-24,2026-10-01
1690.0,35,0,2026-10-24,2026-10-01
1700.0,36,0,2026-10-24,2026-10-01
1710.0,3,0,2026-10-24,2026-10-01
1720.0,6,0,2026-10-24,2026-10-01
1730.0,299,0,2026-10-24,2026-10-01
1100.0,29,0,2026-10-29,2026-10-01
1000.0,4150,4150,2026-10-30,2026-10-01
5.0,0,0,2026-10-31,2026-10-01
10.0,0,0,2026-10-31,2026-10-01
15.0,0,0,2026-10-31,2026-10-01
20.0,0,0,2026-10-31,2026-10-01
25.0,0,0,2026-10-31,2026-10-01
30.0,0,0,2026-10-31,2026-10-01
35.0,0,1,2026-10-31,2026-10-01
40.0,0,0,2026-10-31,2026-10-01
45.0,0,1,2026-10-31,2026-10-01
50.0,0,0,2026-10-31,2026-10-01
55.0,0,0,2026-10-31,2026-10-01
60.0,0,0,2026-10-31,2026-10-01
65.0,0,0,2026-10-31,2026-10-01
70.0,0,0,2026-10-31,2026-10-01
75.0,0,0,2026-10-31,2026-10-01
80.0,0,0,2026-10-31,2026-10-01
85.0,0,0,2026-10-31,2026-10-01
90.0,0,2,2026-10-31,2026-10-01
95.0,0,0,2026-10-31,2026-10-01
100.0,0,0,2026-10-31,2026-10-01
105.0,0,0,2026-10-31,2026-10-01
110.0,0,0,2026-10-31,2026-10-01
115.0,0,0,2026-10-31,2026-10-01
120.0,0,0,2026-10-31,2026-10-01
125.0,0,1,2026-10-31,2026-10-01
130.0,0,0,2026-10-31,2026-10-01
135.0,0,0,2026-10-31,2026-10-01
140.0,0,0,2026-10-31,2026-10-01
145.0,0,0,2026-10-31,2026-10-01
150.0,0,0,2026-10-31,2026-10-01
155.0,0,0,2026-10-31,2026-10-01
160.0,0,0,2026-10-31,2026-10-01
165.0,0,0,2026-10-31,2026-10-01
170.0,0,0,2026-10-31,2026-10-01
175.0,0,0,2026-10-31,2026-10-01
180.0,0,0,2026-10-31,2026-10-01
185.0,1,79,2026-10-31,2026-10-01
190.0,0,129,2026-10-31,2026-10-01
195.0,0,57,2026-10-31,2026-10-01
200.0,0,108,2026-10-31,2026-10-01
210.0,0,35,2026-10-31,2026-10-01
220.0,1,40,2026-10-31,2026-10-01
230.0,0,41,2026-10-31,2026-10-01
240.0,0,37,2026-10-31,2026-10-01
250.0,0,35,2026-10-31,2026-10-01
260.0,0,27,2026-10-31,2026-10-01
270.0,0,44,2026-10-31,2026-10-01
280.0,2,30,2026-10-31,2026-10-01
290.0,0,25,2026-10-31,2026-10-01
300.0,20,19,2026-10-31,2026-10-01
310.0,0,23,2026-10-31,2026-10-01
320.0,0,22,2026-10-31,2026-10-01
330.0,0,22,2026-10-31,2026-10-01
340.0,0,32,2026-10-31,2026-10-01
350.0,6,29,2026-10-31,2026-10-01
360.0,0,78,2026-10-31,2026-10-01
370.0,26,39,2026-10-31,2026-10-01
380.0,0,25,2026-10-31,2026-10-01
390.0,0,27,2026-10-31,2026-10-01
400.0,0,31,2026-10-31,2026-10-01
410.0,0,9,2026-10-31,2026-10-01
420.0,3,49,2026-10-31,2026-10-01
430.0,11,14,2026-10-31,2026-10-01
440.0,0,16,2026-10-31,2026-10-01
450.0,0,13,2026-10-31,2026-10-01
460.0,38,10,2026-10-31,2026-10-01
470.0,0,3,2026-10-31,2026-10-01
480.0,0,9,2026-10-31,2026-10-01
490.0,0,10,2026-10-31,2026-10-01
500.0,2,19,2026-10-31,2026-10-01
510.0,2,33,2026-10-31,2026-10-01
520.0,1,31,2026-10-31,2026-10-01
530.0,1,36,2026-10-31,2026-10-01
540.0,0,29,2026-10-31,2026-10-01
550.0,0,33,2026-10-31,2026-10-01
560.0,2,12,2026-10-31,2026-10-01
570.0,0,5,2026-10-31,2026-10-01
580.0,2,7,2026-10-31,2026-10-01
590.0,0,12,2026-10-31,2026-10-01
600.0,1,438,2026-10-31,2026-10-01
610.0,0,18,2026-10-31,2026-10-01
620.0,0,25,2026-10-31,2026-10-01
630.0,1,60,2026-10-31,2026-10-01
640.0,1,12,2026-10-31,2026-10-01
650.0,3,184,2026-10-31,2026-10-01
660.0,3,38,2026-10-31,2026-10-01
670.0,0,66,2026-10-31,2026-10-01
680.0,2,31,2026-10-31,2026-10-01
690.0,1,14,2026-10-31,2026-10-01
700.0,88,226,2026-10-31,2026-10-01
710.0,3,65,2026-10-31,2026-10-01
720.0,4,165,2026-10-31,2026-10-01
730.0,23,86,2026-10-31,2026-10-01
740.0,0,46,2026-10-31,2026-10-01
750.0,101,296,2026-10-31,2026-10-01
760.0,2,74,2026-10-31,2026-10-01
770.0,48,241,2026-10-31,2026-10-01
780.0,9,118,2026-10-31,2026-10-01
790.0,1,77,2026-10-31,2026-10-01
795.0,3,1486,2026-10-31,2026-10-01
800.0,66,521,2026-10-31,2026-10-01
805.0,1,163,2026-10-31,2026-10-01
810.0,10,118,2026-10-31,2026-10-01
815.0,27,89,2026-10-31,2026-10-01
820.0,5,179,2026-10-31,2026-10-01
825.0,103,72,2026-10-31,2026-10-01
830.0,13,79,2026-10-31,2026-10-01
835.0,2,70,2026-10-31,2026-10-01
840.0,12,196,2026-10-31,2026-10-01
845.0,3,98,2026-10-31,2026-10-01
850.0,24,1154,2026-10-31,2026-10-01
855.0,1,113,2026-10-31,2026-10-01
860.0,11,159,2026-10-31,2026-10-01
865.0,45,538,2026-10-31,2026-10-01
870.0,31,109,2026-10-31,2026-10-01
875.0,2,84,2026-10-31,2026-10-01
880.0,80,164,2026-10-31,2026-10-01
885.0,5,75,2026-10-31,2026-10-01
890.0,65,131,2026-10-31,2026-10-01
895.0,7,128,2026-10-31,2026-10-01
900.0,371,851,2026-10-31,2026-10-01
905.0,431,98,2026-10-31,2026-10-01
910.0,251,126,2026-10-31,2026-10-01
915.0,18,210,2026-10-31,2026-10-01
920.0,86,276,2026-10-31,2026-10-01
925.0,74,122,2026-10-31,2026-10-01
930.0,36,179,2026-10-31,2026-10-01
935.0,13,112,2026-10-31,2026-10-01
940.0,128,120,2026-10-31,2026-10-01
945.0,36,43,2026-10-31,2026-10-01
950.0,291,233,2026-10-31,2026-10-01
955.0,41,74,2026-10-31,2026-10-01
960.0,24,92,2026-10-31,2026-10-01
965.0,13,32,2026-10-31,2026-10-01
970.0,51,87,2026-10-31,2026-10-01
975.0,38,164,2026-10-31,2026-10-01
980.0,65,260,2026-10-31,2026-10-01
985.0,67,128,2026-10-31,2026-10-01
990.0,121,78,2026-10-31,2026-10-01
995.0,65,82,2026-10-31,2026-10-01
1000.0,416,554,2026-10-31,2026-10-01
1005.0,60,41,2026-10-31,2026-10-01
1010.0,34,43,2026-10-31,2026-10-01
1015.0,17,26,2026-10-31,2026-10-01
1020.0,276,42,2026-10-31,2026-10-01
1025.0,231,42,2026-10-31,2026-10-01
1030.0,114,47,2026-10-31,2026-10-01
1035.0,56,49,2026-10-31,2026-10-01
1040.0,77,55,2026-10-31,2026-10-01
1045.0,62,187,2026-10-31,2026-10-01
1050.0,600,600,2026-10-31,2026-10-01
1050.0,445,114,2026-10-31,2026-10-01
1055.0,157,65,2026-10-31,2026-10-01
1060.0,124,81,2026-10-31,2026-10-01
1065.0,153,169,2026-10-31,2026-10-01
1070.0,272,100,2026-10-31,2026-10-01
1075.0,485,73,2026-10-31,2026-10-01
1080.0,175,52,2026-10-31,2026-10-01
1085.0,103,84,2026-10-31,2026-10-01
1090.0,246,94,2026-10-31,2026-10-01
1095.0,74,218,2026-10-31,2026-10-01
1100.0,903,406,2026-10-31,2026-10-01
1105.0,23,66,2026-10-31,2026-10-01
1110.0,229,51,2026-10-31,2026-10-01
1115.0,114,43,2026-10-31,2026-10-01
1120.0,129,22,2026-10-31,2026-10-01
1125.0,97,8,2026-10-31,2026-10-01
1130.0,200,19,2026-10-31,2026-10-01
1135.0,30,2,2026-10-31,2026-10-01
1140.0,5,0,2026-10-31,2026-10-01
1140.0,142,3,2026-10-31,2026-10-01
1145.0,57,0,2026-10-31,2026-10-01
1150.0,309,29,2026-10-31,2026-10-01
1160.0,89,2,2026-10-31,2026-10-01
1170.0,163,3,2026-10-31,2026-10-01
1180.0,65,16,2026-10-31,2026-10-01
1190.0,165,0,2026-10-31,2026-10-01
1200.0,713,112,2026-10-31,2026-10-01
1210.0,140,16,2026-10-31,2026-10-01
1220.0,84,1,2026-10-31,2026-10-01
1230.0,79,12,2026-10-31,2026-10-01
1240.0,57,51,2026-10-31,2026-10-01
1250.0,453,5,2026-10-31,2026-10-01
1260.0,141,0,2026-10-31,2026-10-01
1270.0,115,1,2026-10-31,2026-10-01
1280.0,164,0,2026-10-31,2026-10-01
1290.0,57,17,2026-10-31,2026-10-01
1300.0,737,2,2026-10-31,2026-10-01
1310.0,65,0,2026-10-31,2026-10-01
1320.0,165,0,2026-10-31,2026-10-01
1330.0,46,0,2026-10-31,2026-10-01
1340.0,35,2,2026-10-31,2026-10-01
1350.0,186,0,2026-10-31,2026-10-01
1360.0,126,0,2026-10-31,2026-10-01
1370.0,83,0,2026-10-31,2026-10-01
1380.0,156,0,2026-10-31,2026-10-01
1390.0,37,0,2026-10-31,2026-10-01
1400.0,318,0,2026-10-31,2026-10-01
1410.0,12,0,2026-10-31,2026-10-01
1420.0,59,0,2026-10-31,2026-10-01
1430.0,74,0,2026-10-31,2026-10-01
1440.0,53,1,2026-10-31,2026-10-01
1450.0,72,0,2026-10-31,2026-10-01
1460.0,106,0,2026-10-31,2026-10-01
1470.0,18,3,2026-10-31,2026-10-01
1480.0,10,2,2026-10-31,2026-10-01
1490.0,51,0,2026-10-31,2026-10-01
1500.0,890,0,2026-10-31,2026-10-01
1510.0,351,0,2026-10-31,2026-10-01
1520.0,49,0,2026-10-31,2026-10-01
1530.0,99,0,2026-10-31,2026-10-01
1540.0,12,0,2026-10-31,2026-10-01
1550.0,43,0,2026-10-31,2026-10-01
1560.0,2,0,2026-10-31,2026-10-01
1570.0,11,0,2026-10-31,2026-10-01
1580.0,5,0,2026-10-31,2026-10-01
1590.0,12,0,2026-10-31,2026-10-01
1600.0,50,0,2026-10-31,2026-10-01
1610.0,37,1,2026-10-31,2026-10-01
1620.0,6,0,2026-10-31,2026-10-01
1630.0,9,0,2026-10-31,2026-10-01
1640.0,5,0,2026-10-31,2026-10-01
1650.0,18,0,2026-10-31,2026-10-01
1660.0,2,0,2026-10-31,2026-10-01
1670.0,3,0,2026-10-31,2026-10-01
1680.0,8,0,2026-10-31,2026-10-01
1690.0,3,0,2026-10-31,2026-10-01
1700.0,82,0,2026-10-31,2026-10-01
1710.0,15,0,2026-10-31,2026-10-01
1720.0,10,0,2026-10-31,2026-10-01
1730.0,400,0,2026-10-31,2026-10-01
1250.0,29,0,2026-11-05,2026-10-01
1340.0,9,0,2026-11-05,2026-10-01
5.0,0,0,2026-11-07,2026-10-01
10.0,0,0,2026-11-07,2026-10-01
15.0,0,1,2026-11-07,2026-10-01
20.0,0,0,2026-11-07,2026-10-01
25.0,0,0,2026-11-07,2026-10-01
30.0,0,0,2026-11-07,2026-10-01
35.0,0,0,2026-11-07,2026-10-01
40.0,0,0,2026-11-07,2026-10-01
45.0,0,0,2026-11-07,2026-10-01
50.0,0,0,2026-11-07,2026-10-01
55.0,0,0,2026-11-07,2026-10-01
60.0,0,0,2026-11-07,2026-10-01
65.0,0,0,2026-11-07,2026-10-01
70.0,0,0,2026-11-07,2026-10-01
75.0,0,0,2026-11-07,2026-10-01
80.0,0,0,2026-11-07,2026-10-01
85.0,0,0,2026-11-07,2026-10-01
90.0,0,0,2026-11-07,2026-10-01
95.0,0,0,2026-11-07,2026-10-01
100.0,0,0,2026-11-07,2026-10-01
105.0,0,0,2026-11-07,2026-10-01
110.0,0,0,2026-11-07,2026-10-01
115.0,0,0,2026-11-07,2026-10-01
120.0,0,0,2026-11-07,2026-10-01
125.0,0,0,2026-11-07,2026-10-01
130.0,0,0,2026-11-07,2026-10-01
135.0,0,0,2026-11-07,2026-10-01
140.0,0,0,2026-11-07,2026-10-01
145.0,0,0,2026-11-07,2026-10-01
150.0,0,0,2026-11-07,2026-10-01
155.0,0,0,2026-11-07,2026-10-01
160.0,0,0,2026-11-07,2026-10-01
165.0,0,0,2026-11-07,2026-10-01
170.0,0,0,2026-11-07,2026-10-01
175.0,0,3,2026-11-07,2026-10-01
180.0,0,4,2026-11-07,2026-10-01
185.0,0,2,2026-11-07,2026-10-01
190.0,0,2,2026-11-07,2026-10-01
195.0,0,13,2026-11-07,2026-10-01
200.0,0,24,2026-11-07,2026-10-01
210.0,0,4,2026-11-07,2026-10-01
220.0,0,11,2026-11-07,2026-10-01
230.0,0,12,2026-11-07,2026-10-01
240.0,0,11,2026-11-07,2026-10-01
250.0,0,27,2026-11-07,2026-10-01
260.0,0,15,2026-11-07,2026-10-01
270.0,0,12,2026-11-07,2026-10-01
280.0,8,11,2026-11-07,2026-10-01
290.0,0,7,2026-11-07,2026-10-01
300.0,0,19,2026-11-07,2026-10-01
310.0,0,4,2026-11-07,2026-10-01
320.0,0,12,2026-11-07,2026-10-01
330.0,0,9,2026-11-07,2026-10-01
340.0,0,4,2026-11-07,2026-10-01
350.0,0,5,2026-11-07,2026-10-01
360.0,0,6,2026-11-07,2026-10-01
370.0,0,4,2026-11-07,2026-10-01
380.0,0,8,2026-11-07,2026-10-01
390.0,0,9,2026-11-07,2026-10-01
400.0,0,7,2026-11-07,2026-10-01
410.0,0,3,2026-11-07,2026-10-01
420.0,0,2,2026-11-07,2026-10-01
430.0,0,4,2026-11-07,2026-10-01
440.0,1,0,2026-11-07,2026-10-01
450.0,0,1,2026-11-07,2026-10-01
460.0,0,2,2026-11-07,2026-10-01
470.0,0,68,2026-11-07,2026-10-01
480.0,0,1,2026-11-07,2026-10-01
490.0,0,1,2026-11-07,2026-10-01
500.0,1,20,2026-11-07,2026-10-01
510.0,0,6,2026-11-07,2026-10-01
520.0,0,2,2026-11-07,2026-10-01
530.0,0,2,2026-11-07,2026-10-01
540.0,5,0,2026-11-07,2026-10-01
550.0,0,0,2026-11-07,2026-10-01
560.0,1,2,2026-11-07,2026-10-01
570.0,0,1,2026-11-07,2026-10-01
580.0,0,3,2026-11-07,2026-10-01
590.0,0,1,2026-11-07,2026-10-01
600.0,0,38,2026-11-07,2026-10-01
610.0,0,1,2026-11-07,2026-10-01
620.0,0,4,2026-11-07,2026-10-01
630.0,0,43,2026-11-07,2026-10-01
640.0,0,1,2026-11-07,2026-10-01
650.0,0,64,2026-11-07,2026-10-01
660.0,0,20,2026-11-07,2026-10-01
670.0,0,3,2026-11-07,2026-10-01
680.0,0,34,2026-11-07,2026-10-01
690.0,0,21,2026-11-07,2026-10-01
700.0,1,260,2026-11-07,2026-10-01
710.0,1,34,2026-11-07,2026-10-01
720.0,0,2,2026-11-07,2026-10-01
730.0,0,5,2026-11-07,2026-10-01
740.0,0,32,2026-11-07,2026-10-01
750.0,0,19,2026-11-07,2026-10-01
760.0,1,9,2026-11-07,2026-10-01
770.0,0,25,2026-11-07,2026-10-01
780.0,0,16,2026-11-07,2026-10-01
790.0,0,17,2026-11-07,2026-10-01
795.0,0,14,2026-11-07,2026-10-01
800.0,10,62,2026-11-07,2026-10-01
805.0,5,26,2026-11-07,2026-10-01
810.0,0,18,2026-11-07,2026-10-01
815.0,0,2,2026-11-07,2026-10-01
820.0,2,44,2026-11-07,2026-10-01
825.0,0,29,2026-11-07,2026-10-01
830.0,0,35,2026-11-07,2026-10-01
835.0,5,4,2026-11-07,2026-10-01
840.0,1,32,2026-11-07,2026-10-01
845.0,3,18,2026-11-07,2026-10-01
850.0,20,72,2026-11-07,2026-10-01
855.0,0,16,2026-11-07,2026-10-01
860.0,0,37,2026-11-07,2026-10-01
865.0,0,34,2026-11-07,2026-10-01
870.0,0,103,2026-11-07,2026-10-01
875.0,1,122,2026-11-07,2026-10-01
880.0,0,31,2026-11-07,2026-10-01
885.0,0,41,2026-11-07,2026-10-01
890.0,0,95,2026-11-07,2026-10-01
895.0,0,58,2026-11-07,2026-10-01
900.0,10,281,2026-11-07,2026-10-01
905.0,2,20,2026-11-07,2026-10-01
910.0,0,28,2026-11-07,2026-10-01
915.0,1,26,2026-11-07,2026-10-01
920.0,0,45,2026-11-07,2026-10-01
925.0,0,41,2026-11-07,2026-10-01
930.0,2,48,2026-11-07,2026-10-01
935.0,0,35,2026-11-07,2026-10-01
940.0,5,58,2026-11-07,2026-10-01
945.0,0,41,2026-11-07,2026-10-01
950.0,20,67,2026-11-07,2026-10-01
955.0,1,34,2026-11-07,2026-10-01
960.0,0,69,2026-11-07,2026-10-01
965.0,1,33,2026-11-07,2026-10-01
970.0,3,57,2026-11-07,2026-10-01
975.0,2,24,2026-11-07,2026-10-01
980.0,16,71,2026-11-07,2026-10-01
985.0,0,11,2026-11-07,2026-10-01
990.0,2,41,2026-11-07,2026-10-01
995.0,1,12,2026-11-07,2026-10-01
1000.0,30,86,2026-11-07,2026-10-01
1005.0,1,38,2026-11-07,2026-10-01
1010.0,4,95,2026-11-07,2026-10-01
1015.0,24,13,2026-11-07,2026-10-01
1020.0,23,27,2026-11-07,2026-10-01
1025.0,0,20,2026-11-07,2026-10-01
1030.0,15,21,2026-11-07,2026-10-01
1035.0,7,9,2026-11-07,2026-10-01
1040.0,3,6,2026-11-07,2026-10-01
1045.0,13,50,2026-11-07,2026-10-01
1050.0,42,135,2026-11-07,2026-10-01
1055.0,9,7,2026-11-07,2026-10-01
1060.0,42,28,2026-11-07,2026-10-01
1065.0,223,4,2026-11-07,2026-10-01
1070.0,443,26,2026-11-07,2026-10-01
1075.0,301,55,2026-11-07,2026-10-01
1080.0,50,28,2026-11-07,2026-10-01
1085.0,51,31,2026-11-07,2026-10-01
1090.0,43,7,2026-11-07,2026-10-01
1095.0,10,6,2026-11-07,2026-10-01
1100.0,300,300,2026-11-07,2026-10-01
1100.0,94,24,2026-11-07,2026-10-01
1105.0,5,18,2026-11-07,2026-10-01
1110.0,41,4,2026-11-07,2026-10-01
1115.0,11,0,2026-11-07,2026-10-01
1120.0,42,7,2026-11-07,2026-10-01
1125.0,33,3,2026-11-07,2026-10-01
1130.0,57,6,2026-11-07,2026-10-01
1135.0,5,6,2026-11-07,2026-10-01
1140.0,13,0,2026-11-07,2026-10-01
1145.0,48,1,2026-11-07,2026-10-01
1150.0,39,150,2026-11-07,2026-10-01
1160.0,32,1,2026-11-07,2026-10-01
1170.0,112,4,2026-11-07,2026-10-01
1180.0,22,21,2026-11-07,2026-10-01
1190.0,23,40,2026-11-07,2026-10-01
1200.0,122,40,2026-11-07,2026-10-01
1210.0,9,0,2026-11-07,2026-10-01
1220.0,19,1,2026-11-07,2026-10-01
1230.0,12,0,2026-11-07,2026-10-01
1240.0,9,0,2026-11-07,2026-10-01
1250.0,159,1,2026-11-07,2026-10-01
1260.0,132,0,2026-11-07,2026-10-01
1270.0,15,5,2026-11-07,2026-10-01
1280.0,8,1,2026-11-07,2026-10-01
1290.0,16,2,2026-11-07,2026-10-01
1300.0,171,1,2026-11-07,2026-10-01
1310.0,65,0,2026-11-07,2026-10-01
1320.0,18,0,2026-11-07,2026-10-01
1330.0,117,0,2026-11-07,2026-10-01
1340.0,7,1,2026-11-07,2026-10-01
1350.0,57,0,2026-11-07,2026-10-01
1360.0,6,0,2026-11-07,2026-10-01
1370.0,7,0,2026-11-07,2026-10-01
1380.0,14,0,2026-11-07,2026-10-01
1390.0,4,0,2026-11-07,2026-10-01
1400.0,75,0,2026-11-07,2026-10-01
1410.0,4,1,2026-11-07,2026-10-01
1420.0,5,0,2026-11-07,2026-10-01
1430.0,0,0,2026-11-07,2026-10-01
1440.0,1,0,2026-11-07,2026-10-01
1450.0,3,0,2026-11-07,2026-10-01
1460.0,15,0,2026-11-07,2026-10-01
1470.0,1,0,2026-11-07,2026-10-01
1480.0,3,0,2026-11-07,2026-10-01
1490.0,2,0,2026-11-07,2026-10-01
1500.0,17,0,2026-11-07,2026-10-01
1510.0,2,0,2026-11-07,2026-10-01
1520.0,6,0,2026-11-07,2026-10-01
1530.0,7,0,2026-11-07,2026-10-01
1540.0,0,0,2026-11-07,2026-10-01
1550.0,16,0,2026-11-07,2026-10-01
1560.0,2,2,2026-11-07,2026-10-01
1570.0,6,0,2026-11-07,2026-10-01
1580.0,1,0,2026-11-07,2026-10-01
1590.0,3,0,2026-11-07,2026-10-01
1600.0,6,0,2026-11-07,2026-10-01
1610.0,0,0,2026-11-07,2026-10-01
1620.0,0,0,2026-11-07,2026-10-01
1630.0,4,0,2026-11-07,2026-10-01
1640.0,19,0,2026-11-07,2026-10-01
1650.0,86,0,2026-11-07,2026-10-01
1660.0,12,0,2026-11-07,2026-10-01
1670.0,0,0,2026-11-07,2026-10-01
1680.0,2,0,2026-11-07,2026-10-01
1690.0,5,0,2026-11-07,2026-10-01
1700.0,12,0,2026-11-07,2026-10-01
1710.0,0,0,2026-11-07,2026-10-01
1720.0,0,0,2026-11-07,2026-10-01
1730.0,28,0,2026-11-07,2026-10-01
1100.0,550,550,2026-11-14,2026-10-01
5.0,6,87,2026-11-21,2026-10-01
10.0,0,49,2026-11-21,2026-10-01
15.0,0,644,2026-11-21,2026-10-01
20.0,1,165,2026-11-21,2026-10-01
25.0,0,141,2026-11-21,2026-10-01
30.0,1,52,2026-11-21,2026-10-01
35.0,9,815,2026-11-21,2026-10-01
40.0,4,47,2026-11-21,2026-10-01
45.0,2,88,2026-11-21,2026-10-01
50.0,5,52,2026-11-21,2026-10-01
55.0,8,194,2026-11-21,2026-10-01
60.0,12,285,2026-11-21,2026-10-01
65.0,3,560,2026-11-21,2026-10-01
70.0,1,897,2026-11-21,2026-10-01
75.0,11,52,2026-11-21,2026-10-01
80.0,4,56,2026-11-21,2026-10-01
85.0,1,36,2026-11-21,2026-10-01
90.0,12,158,2026-11-21,2026-10-01
95.0,5,724,2026-11-21,2026-10-01
100.0,40,982,2026-11-21,2026-10-01
105.0,2,170,2026-11-21,2026-10-01
110.0,48,381,2026-11-21,2026-10-01
115.0,5,185,2026-11-21,2026-10-01
120.0,16,132,2026-11-21,2026-10-01
125.0,2,468,2026-11-21,2026-10-01
130.0,24,140,2026-11-21,2026-10-01
135.0,10,4128,2026-11-21,2026-10-01
140.0,18,53,2026-11-21,2026-10-01
145.0,3,221,2026-11-21,2026-10-01
150.0,3,780,2026-11-21,2026-10-01
155.0,19,121,2026-11-21,2026-10-01
160.0,28,242,2026-11-21,2026-10-01
165.0,28,93,2026-11-21,2026-10-01
170.0,9,97,2026-11-21,2026-10-01
175.0,19,236,2026-11-21,2026-10-01
180.0,24,134,2026-11-21,2026-10-01
185.0,9,148,2026-11-21,2026-10-01
190.0,6,300,2026-11-21,2026-10-01
195.0,116,2736,2026-11-21,2026-10-01
200.0,75,1894,2026-11-21,2026-10-01
210.0,39,203,2026-11-21,2026-10-01
220.0,36,419,2026-11-21,2026-10-01
230.0,79,1702,2026-11-21,2026-10-01
240.0,15,760,2026-11-21,2026-10-01
250.0,100,1094,2026-11-21,2026-10-01
260.0,142,1564,2026-11-21,2026-10-01
270.0,33,564,2026-11-21,2026-10-01
280.0,211,1875,2026-11-21,2026-10-01
290.0,47,1787,2026-11-21,2026-10-01
300.0,201,1653,2026-11-21,2026-10-01
310.0,13,408,2026-11-21,2026-10-01
320.0,88,585,2026-11-21,2026-10-01
330.0,200,940,2026-11-21,2026-10-01
340.0,445,227,2026-11-21,2026-10-01
350.0,158,2872,2026-11-21,2026-10-01
360.0,109,3433,2026-11-21,2026-10-01
370.0,85,753,2026-11-21,2026-10-01
380.0,769,4377,2026-11-21,2026-10-01
390.0,193,448,2026-11-21,2026-10-01
400.0,385,1684,2026-11-21,2026-10-01
410.0,204,532,2026-11-21,2026-10-01
420.0,485,918,2026-11-21,2026-10-01
430.0,810,1032,2026-11-21,2026-10-01
440.0,1204,649,2026-11-21,2026-10-01
450.0,786,1814,2026-11-21,2026-10-01
460.0,383,906,2026-11-21,2026-10-01
470.0,215,292,2026-11-21,2026-10-01
480.0,291,461,2026-11-21,2026-10-01
490.0,323,642,2026-11-21,2026-10-01
500.0,1111,3342,2026-11-21,2026-10-01
510.0,173,202,2026-11-21,2026-10-01
520.0,219,969,2026-11-21,2026-10-01
530.0,307,492,2026-11-21,2026-10-01
540.0,296,1438,2026-11-21,2026-10-01
550.0,232,1620,2026-11-21,2026-10-01
560.0,218,266,2026-11-21,2026-10-01
570.0,1205,3649,2026-11-21,2026-10-01
580.0,116,1138,2026-11-21,2026-10-01
590.0,368,633,2026-11-21,2026-10-01
600.0,513,3615,2026-11-21,2026-10-01
610.0,158,1008,2026-11-21,2026-10-01
620.0,368,2497,2026-11-21,2026-10-01
630.0,192,1177,2026-11-21,2026-10-01
640.0,300,971,2026-11-21,2026-10-01
650.0,744,2535,2026-11-21,2026-10-01
660.0,310,1150,2026-11-21,2026-10-01
670.0,276,756,2026-11-21,2026-10-01
680.0,152,749,2026-11-21,2026-10-01
690.0,2,77,2026-11-21,2026-10-01
700.0,984,2774,2026-11-21,2026-10-01
710.0,327,271,2026-11-21,2026-10-01
720.0,233,532,2026-11-21,2026-10-01
730.0,377,435,2026-11-21,2026-10-01
740.0,340,1891,2026-11-21,2026-10-01
750.0,430,3445,2026-11-21,2026-10-01
760.0,477,739,2026-11-21,2026-10-01
770.0,340,394,2026-11-21,2026-10-01
780.0,308,1284,2026-11-21,2026-10-01
790.0,278,519,2026-11-21,2026-10-01
800.0,1812,4732,2026-11-21,2026-10-01
810.0,726,667,2026-11-21,2026-10-01
820.0,762,1249,2026-11-21,2026-10-01
830.0,555,659,2026-11-21,2026-10-01
840.0,454,740,2026-11-21,2026-10-01
850.0,533,1870,2026-11-21,2026-10-01
860.0,445,1133,2026-11-21,2026-10-01
870.0,353,967,2026-11-21,2026-10-01
880.0,531,958,2026-11-21,2026-10-01
890.0,243,783,2026-11-21,2026-10-01
900.0,2152,4228,2026-11-21,2026-10-01
910.0,7113,1226,2026-11-21,2026-10-01
920.0,662,1805,2026-11-21,2026-10-01
930.0,474,1336,2026-11-21,2026-10-01
940.0,650,650,2026-11-21,2026-10-01
940.0,362,596,2026-11-21,2026-10-01
950.0,967,2059,2026-11-21,2026-10-01
960.0,401,463,2026-11-21,2026-10-01
970.0,476,1181,2026-11-21,2026-10-01
980.0,359,990,2026-11-21,2026-10-01
990.0,318,570,2026-11-21,2026-10-01
1000.0,1000,1000,2026-11-21,2026-10-01
1000.0,2905,1940,2026-11-21,2026-10-01
1010.0,821,437,2026-11-21,2026-10-01
1020.0,669,413,2026-11-21,2026-10-01
1030.0,571,413,2026-11-21,2026-10-01
1040.0,648,384,2026-11-21,2026-10-01
1050.0,8485,655,2026-11-21,2026-10-01
1050.01,24,24,2026-11-21,2026-10-01
1060.0,1052,526,2026-11-21,2026-10-01
1070.0,200,200,2026-11-21,2026-10-01
1070.0,770,506,2026-11-21,2026-10-01
1080.0,150,150,2026-11-21,2026-10-01
1080.0,669,268,2026-11-21,2026-10-01
1090.0,487,282,2026-11-21,2026-10-01
1100.0,2030,2030,2026-11-21,2026-10-01
1100.0,3068,639,2026-11-21,2026-10-01
1110.0,457,121,2026-11-21,2026-10-01
1120.0,994,105,2026-11-21,2026-10-01
1130.0,416,117,2026-11-21,2026-10-01
1140.0,775,75,2026-11-21,2026-10-01
1150.0,1107,205,2026-11-21,2026-10-01
1160.0,497,91,2026-11-21,2026-10-01
1170.0,372,36,2026-11-21,2026-10-01
1180.0,487,25,2026-11-21,2026-10-01
1190.0,1131,42,2026-11-21,2026-10-01
1200.0,2896,199,2026-11-21,2026-10-01
1210.0,938,125,2026-11-21,2026-10-01
1220.0,394,49,2026-11-21,2026-10-01
1230.0,446,45,2026-11-21,2026-10-01
1240.0,504,26,2026-11-21,2026-10-01
1250.0,2274,56,2026-11-21,2026-10-01
1260.0,566,57,2026-11-21,2026-10-01
1270.0,571,58,2026-11-21,2026-10-01
1280.0,382,83,2026-11-21,2026-10-01
1290.0,586,42,2026-11-21,2026-10-01
1300.0,3752,1101,2026-11-21,2026-10-01
1310.0,595,55,2026-11-21,2026-10-01
1320.0,378,34,2026-11-21,2026-10-01
1330.0,548,50,2026-11-21,2026-10-01
1340.0,342,63,2026-11-21,2026-10-01
1350.0,7380,17,2026-11-21,2026-10-01
1360.0,241,69,2026-11-21,2026-10-01
1370.0,208,57,2026-11-21,2026-10-01
1380.0,476,33,2026-11-21,2026-10-01
1390.0,113,13,2026-11-21,2026-10-01
1400.0,1333,15,2026-11-21,2026-10-01
1410.0,372,15,2026-11-21,2026-10-01
1420.0,385,3,2026-11-21,2026-10-01
1430.0,143,303,2026-11-21,2026-10-01
1440.0,302,13,2026-11-21,2026-10-01
1450.0,566,7,2026-11-21,2026-10-01
1460.0,173,2,2026-11-21,2026-10-01
1470.0,372,12,2026-11-21,2026-10-01
1480.0,493,10,2026-11-21,2026-10-01
1490.0,246,2,2026-11-21,2026-10-01
1500.0,2213,133,2026-11-21,2026-10-01
1510.0,542,2,2026-11-21,2026-10-01
1520.0,968,21,2026-11-21,2026-10-01
1530.0,804,2,2026-11-21,2026-10-01
1540.0,247,14,2026-11-21,2026-10-01
1550.0,273,16,2026-11-21,2026-10-01
1560.0,316,5,2026-11-21,2026-10-01
1570.0,173,0,2026-11-21,2026-10-01
1580.0,106,10,2026-11-21,2026-10-01
1590.0,491,2,2026-11-21,2026-10-01
1600.0,835,15,2026-11-21,2026-10-01
1610.0,431,6,2026-11-21,2026-10-01
1620.0,168,0,2026-11-21,2026-10-01
1630.0,427,0,2026-11-21,2026-10-01
1640.0,92,3,2026-11-21,2026-10-01
1650.0,254,5,2026-11-21,2026-10-01
1660.0,67,0,2026-11-21,2026-10-01
1670.0,143,0,2026-11-21,2026-10-01
1680.0,174,0,2026-11-21,2026-10-01
1690.0,177,0,2026-11-21,2026-10-01
1700.0,416,69,2026-11-21,2026-10-01
1710.0,164,0,2026-11-21,2026-10-01
1720.0,248,0,2026-11-21,2026-10-01
1730.0,132,0,2026-11-21,2026-10-01
1740.0,246,0,2026-11-21,2026-10-01
1750.0,199,0,2026-11-21,2026-10-01
1760.0,83,0,2026-11-21,2026-10-01
1770.0,187,0,2026-11-21,2026-10-01
1780.0,254,0,2026-11-21,2026-10-01
1790.0,197,0,2026-11-21,2026-10-01
1800.0,2186,0,2026-11-21,2026-10-01
1810.0,93,0,2026-11-21,2026-10-01
1820.0,629,0,2026-11-21,2026-10-01
1830.0,350,0,2026-11-21,2026-10-01
1840.0,402,0,2026-11-21,2026-10-01
1850.0,427,0,2026-11-21,2026-10-01
1860.0,163,0,2026-11-21,2026-10-01
1870.0,203,0,2026-11-21,2026-10-01
1880.0,598,0,2026-11-21,2026-10-01
1890.0,198,0,2026-11-21,2026-10-01
1900.0,327,0,2026-11-21,2026-10-01
1910.0,725,0,2026-11-21,2026-10-01
1920.0,160,0,2026-11-21,2026-10-01
1930.0,240,0,2026-11-21,2026-10-01
1940.0,176,0,2026-11-21,2026-10-01
1950.0,261,0,2026-11-21,2026-10-01
1960.0,349,0,2026-11-21,2026-10-01
1970.0,218,0,2026-11-21,2026-10-01
1980.0,58,0,2026-11-21,2026-10-01
1990.0,173,0,2026-11-21,2026-10-01
2000.0,898,0,2026-11-21,2026-10-01
2010.0,172,0,2026-11-21,2026-10-01
2020.0,233,0,2026-11-21,2026-10-01
2030.0,304,0,2026-11-21,2026-10-01
2040.0,231,0,2026-11-21,2026-10-01
2050.0,303,0,2026-11-21,2026-10-01
2060.0,236,0,2026-11-21,2026-10-01
2070.0,246,0,2026-11-21,2026-10-01
2080.0,151,0,2026-11-21,2026-10-01
2090.0,126,0,2026-11-21,2026-10-01
2100.0,313,0,2026-11-21,2026-10-01
2110.0,366,0,2026-11-21,2026-10-01
2120.0,148,0,2026-11-21,2026-10-01
2130.0,155,0,2026-11-21,2026-10-01
2140.0,457,0,2026-11-21,2026-10-01
2150.0,286,0,2026-11-21,2026-10-01
2160.0,54,0,2026-11-21,2026-10-01
2170.0,382,0,2026-11-21,2026-10-01
2180.0,178,0,2026-11-21,2026-10-01
2190.0,234,0,2026-11-21,2026-10-01
2200.0,264,0,2026-11-21,2026-10-01
2210.0,31,0,2026-11-21,2026-10-01
2220.0,60,0,2026-11-21,2026-10-01
2230.0,124,0,2026-11-21,2026-10-01
2240.0,64,0,2026-11-21,2026-10-01
2250.0,53,0,2026-11-21,2026-10-01
2260.0,83,0,2026-11-21,2026-10-01
2270.0,93,0,2026-11-21,2026-10-01
2280.0,147,0,2026-11-21,2026-10-01
2290.0,895,0,2026-11-21,2026-10-01
2300.0,97,0,2026-11-21,2026-10-01
2310.0,42,0,2026-11-21,2026-10-01
2320.0,23,0,2026-11-21,2026-10-01
2330.0,39,0,2026-11-21,2026-10-01
2340.0,51,0,2026-11-21,2026-10-01
2350.0,107,0,2026-11-21,2026-10-01
2360.0,21,0,2026-11-21,2026-10-01
2370.0,135,0,2026-11-21,2026-10-01
2380.0,45,0,2026-11-21,2026-10-01
2390.0,207,0,2026-11-21,2026-10-01
2400.0,119,0,2026-11-21,2026-10-01
2410.0,206,0,2026-11-21,2026-10-01
2420.0,192,0,2026-11-21,2026-10-01
2440.0,146,0,2026-11-21,2026-10-01
2460.0,125,0,2026-11-21,2026-10-01
2480.0,437,0,2026-11-21,2026-10-01
2500.0,1708,0,2026-11-21,2026-10-01
5.0,20,75,2026-12-19,2026-10-01
10.0,21,141,2026-12-19,2026-10-01
15.0,31,99,2026-12-19,2026-10-01
20.0,10,27,2026-12-19,2026-10-01
25.0,38,37,2026-12-19,2026-10-01
30.0,0,4531,2026-12-19,2026-10-01
35.0,36,3239,2026-12-19,2026-10-01
40.0,42,1339,2026-12-19,2026-10-01
45.0,94,3016,2026-12-19,2026-10-01
47.5,162,2282,2026-12-19,2026-10-01
50.0,238,1149,2026-12-19,2026-10-01
55.0,102,3872,2026-12-19,2026-10-01
60.0,88,4317,2026-12-19,2026-10-01
65.0,157,1277,2026-12-19,2026-10-01
70.0,270,4349,2026-12-19,2026-10-01
75.0,265,3347,2026-12-19,2026-10-01
80.0,304,4321,2026-12-19,2026-10-01
85.0,470,5146,2026-12-19,2026-10-01
87.5,185,2920,2026-12-19,2026-10-01
90.0,1011,4004,2026-12-19,2026-10-01
92.5,153,362,2026-12-19,2026-10-01
95.0,612,1228,2026-12-19,2026-10-01
97.5,163,165,2026-12-19,2026-10-01
100.0,781,2662,2026-12-19,2026-10-01
105.0,395,1055,2026-12-19,2026-10-01
110.0,922,1224,2026-12-19,2026-10-01
115.0,89,1215,2026-12-19,2026-10-01
120.0,423,1095,2026-12-19,2026-10-01
125.0,501,1981,2026-12-19,2026-10-01
130.0,424,1340,2026-12-19,2026-10-01
135.0,177,414,2026-12-19,2026-10-01
140.0,1238,928,2026-12-19,2026-10-01
145.0,249,250,2026-12-19,2026-10-01
150.0,499,1375,2026-12-19,2026-10-01
155.0,192,317,2026-12-19,2026-10-01
160.0,675,1129,2026-12-19,2026-10-01
165.0,860,451,2026-12-19,2026-10-01
170.0,434,824,2026-12-19,2026-10-01
175.0,338,363,2026-12-19,2026-10-01
180.0,750,783,2026-12-19,2026-10-01
185.0,167,354,2026-12-19,2026-10-01
190.0,874,1461,2026-12-19,2026-10-01
195.0,135,1046,2026-12-19,2026-10-01
200.0,0,0,2026-12-19,2026-10-01
200.0,1416,2257,2026-12-19,2026-10-01
210.0,734,2686,2026-12-19,2026-10-01
220.0,2072,1889,2026-12-19,2026-10-01
230.0,600,976,2026-12-19,2026-10-01
240.0,898,1520,2026-12-19,2026-10-01
250.0,1040,2232,2026-12-19,2026-10-01
260.0,526,524,2026-12-19,2026-10-01
270.0,531,1796,2026-12-19,2026-10-01
280.0,2157,3263,2026-12-19,2026-10-01
290.0,250,1724,2026-12-19,2026-10-01
300.0,1260,2935,2026-12-19,2026-10-01
310.0,447,1937,2026-12-19,2026-10-01
320.0,402,427,2026-12-19,2026-10-01
330.0,998,793,2026-12-19,2026-10-01
340.0,1449,822,2026-12-19,2026-10-01
350.0,654,2422,2026-12-19,2026-10-01
360.0,485,10514,2026-12-19,2026-10-01
370.0,199,3503,2026-12-19,2026-10-01
380.0,789,6003,2026-12-19,2026-10-01
390.0,485,2280,2026-12-19,2026-10-01
400.0,830,5441,2026-12-19,2026-10-01
410.0,367,1130,2026-12-19,2026-10-01
420.0,1470,4005,2026-12-19,2026-10-01
430.0,203,619,2026-12-19,2026-10-01
440.0,248,1115,2026-12-19,2026-10-01
450.0,1233,2640,2026-12-19,2026-10-01
460.0,711,419,2026-12-19,2026-10-01
470.0,450,657,2026-12-19,2026-10-01
480.0,782,1388,2026-12-19,2026-10-01
490.0,577,3510,2026-12-19,2026-10-01
500.0,1461,5151,2026-12-19,2026-10-01
510.0,716,449,2026-12-19,2026-10-01
520.0,852,1923,2026-12-19,2026-10-01
530.0,206,1258,2026-12-19,2026-10-01
540.0,290,2910,2026-12-19,2026-10-01
550.0,643,4232,2026-12-19,2026-10-01
560.0,169,689,2026-12-19,2026-10-01
570.0,579,325,2026-12-19,2026-10-01
580.0,2974,3784,2026-12-19,2026-10-01
590.0,347,500,2026-12-19,2026-10-01
600.0,1389,5096,2026-12-19,2026-10-01
610.0,423,878,2026-12-19,2026-10-01
620.0,912,945,2026-12-19,2026-10-01
630.0,200,628,2026-12-19,2026-10-01
640.0,356,1385,2026-12-19,2026-10-01
650.0,719,3199,2026-12-19,2026-10-01
660.0,315,874,2026-12-19,2026-10-01
670.0,337,511,2026-12-19,2026-10-01
680.0,391,621,2026-12-19,2026-10-01
690.0,393,521,2026-12-19,2026-10-01
700.0,4293,4150,2026-12-19,2026-10-01
710.0,547,1060,2026-12-19,2026-10-01
720.0,322,653,2026-12-19,2026-10-01
730.0,278,690,2026-12-19,2026-10-01
740.0,913,526,2026-12-19,2026-10-01
750.0,524,2798,2026-12-19,2026-10-01
760.0,281,1090,2026-12-19,2026-10-01
770.0,433,524,2026-12-19,2026-10-01
780.0,625,547,2026-12-19,2026-10-01
790.0,241,852,2026-12-19,2026-10-01
800.0,3461,5037,2026-12-19,2026-10-01
810.0,604,756,2026-12-19,2026-10-01
820.0,414,1435,2026-12-19,2026-10-01
830.0,693,655,2026-12-19,2026-10-01
840.0,828,1129,2026-12-19,2026-10-01
850.0,1151,2015,2026-12-19,2026-10-01
860.0,649,710,2026-12-19,2026-10-01
870.0,404,961,2026-12-19,2026-10-01
880.0,660,1249,2026-12-19,2026-10-01
890.0,677,714,2026-12-19,2026-10-01
900.0,2633,3193,2026-12-19,2026-10-01
910.0,1258,715,2026-12-19,2026-10-01
920.0,1628,785,2026-12-19,2026-10-01
930.0,138,138,2026-12-19,2026-10-01
930.0,646,1741,2026-12-19,2026-10-01
940.0,482,915,2026-12-19,2026-10-01
950.0,1139,1592,2026-12-19,2026-10-01
960.0,517,870,2026-12-19,2026-10-01
970.0,568,1252,2026-12-19,2026-10-01
980.0,552,906,2026-12-19,2026-10-01
990.0,336,639,2026-12-19,2026-10-01
1000.0,2606,1724,2026-12-19,2026-10-01
1010.0,535,365,2026-12-19,2026-10-01
1020.0,804,224,2026-12-19,2026-10-01
1030.0,483,249,2026-12-19,2026-10-01
1040.0,304,165,2026-12-19,2026-10-01
1050.0,1843,363,2026-12-19,2026-10-01
1060.0,799,248,2026-12-19,2026-10-01
1070.0,500,537,2026-12-19,2026-10-01
1080.0,497,1209,2026-12-19,2026-10-01
1090.0,418,263,2026-12-19,2026-10-01
1100.0,2941,539,2026-12-19,2026-10-01
1110.0,817,195,2026-12-19,2026-10-01
1120.0,476,136,2026-12-19,2026-10-01
1130.0,535,80,2026-12-19,2026-10-01
1140.0,445,251,2026-12-19,2026-10-01
1150.0,929,508,2026-12-19,2026-10-01
1160.0,339,108,2026-12-19,2026-10-01
1170.0,461,75,2026-12-19,2026-10-01
1180.0,625,163,2026-12-19,2026-10-01
1190.0,223,287,2026-12-19,2026-10-01
1200.0,4175,974,2026-12-19,2026-10-01
1210.0,405,42,2026-12-19,2026-10-01
1220.0,701,46,2026-12-19,2026-10-01
1230.0,396,35,2026-12-19,2026-10-01
1240.0,387,29,2026-12-19,2026-10-01
1250.0,1390,174,2026-12-19,2026-10-01
1260.0,639,22,2026-12-19,2026-10-01
1270.0,629,120,2026-12-19,2026-10-01
1280.0,363,84,2026-12-19,2026-10-01
1290.0,336,75,2026-12-19,2026-10-01
1300.0,2735,102,2026-12-19,2026-10-01
1310.0,410,17,2026-12-19,2026-10-01
1320.0,702,115,2026-12-19,2026-10-01
1330.0,1153,57,2026-12-19,2026-10-01
1340.0,812,123,2026-12-19,2026-10-01
1350.0,817,117,2026-12-19,2026-10-01
1360.0,529,85,2026-12-19,2026-10-01
1370.0,704,58,2026-12-19,2026-10-01
1380.0,367,24,2026-12-19,2026-10-01
1390.0,581,39,2026-12-19,2026-10-01
1400.0,2250,109,2026-12-19,2026-10-01
1410.0,279,6,2026-12-19,2026-10-01
1420.0,529,15,2026-12-19,2026-10-01
1430.0,151,9,2026-12-19,2026-10-01
1440.0,255,11,2026-12-19,2026-10-01
1450.0,607,7,2026-12-19,2026-10-01
1460.0,619,6,2026-12-19,2026-10-01
1470.0,208,6,2026-12-19,2026-10-01
1480.0,525,37,2026-12-19,2026-10-01
1490.0,227,32,2026-12-19,2026-10-01
1500.0,1979,66,2026-12-19,2026-10-01
1510.0,508,13,2026-12-19,2026-10-01
1520.0,482,1,2026-12-19,2026-10-01
1530.0,325,68,2026-12-19,2026-10-01
1540.0,800,2,2026-12-19,2026-10-01
1550.0,624,70,2026-12-19,2026-10-01
1560.0,234,7,2026-12-19,2026-10-01
1570.0,310,0,2026-12-19,2026-10-01
1580.0,211,1,2026-12-19,2026-10-01
1590.0,212,0,2026-12-19,2026-10-01
1600.0,1846,21,2026-12-19,2026-10-01
1610.0,1004,17,2026-12-19,2026-10-01
1620.0,643,72,2026-12-19,2026-10-01
1630.0,614,11,2026-12-19,2026-10-01
1640.0,181,41,2026-12-19,2026-10-01
1650.0,231,0,2026-12-19,2026-10-01
1660.0,195,5,2026-12-19,2026-10-01
1670.0,208,0,2026-12-19,2026-10-01
1680.0,236,3,2026-12-19,2026-10-01
1690.0,291,1,2026-12-19,2026-10-01
1700.0,579,5,2026-12-19,2026-10-01
1710.0,235,2,2026-12-19,2026-10-01
1720.0,137,1,2026-12-19,2026-10-01
1730.0,301,0,2026-12-19,2026-10-01
1740.0,189,0,2026-12-19,2026-10-01
1750.0,424,2,2026-12-19,2026-10-01
1760.0,188,0,2026-12-19,2026-10-01
1770.0,223,0,2026-12-19,2026-10-01
1780.0,105,0,2026-12-19,2026-10-01
1790.0,242,0,2026-12-19,2026-10-01
1800.0,625,2,2026-12-19,2026-10-01
1810.0,302,0,2026-12-19,2026-10-01
1820.0,968,2,2026-12-19,2026-10-01
1830.0,1250,0,2026-12-19,2026-10-01
1840.0,273,0,2026-12-19,2026-10-01
1850.0,87,0,2026-12-19,2026-10-01
1860.0,430,0,2026-12-19,2026-10-01
1870.0,292,0,2026-12-19,2026-10-01
1880.0,319,0,2026-12-19,2026-10-01
1890.0,199,0,2026-12-19,2026-10-01
1900.0,543,0,2026-12-19,2026-10-01
1910.0,413,0,2026-12-19,2026-10-01
1920.0,265,0,2026-12-19,2026-10-01
1930.0,657,0,2026-12-19,2026-10-01
1940.0,485,0,2026-12-19,2026-10-01
1950.0,285,0,2026-12-19,2026-10-01
1960.0,247,0,2026-12-19,2026-10-01
1970.0,578,0,2026-12-19,2026-10-01
1980.0,317,0,2026-12-19,2026-10-01
1990.0,257,0,2026-12-19,2026-10-01
2000.0,1379,0,2026-12-19,2026-10-01
2010.0,112,0,2026-12-19,2026-10-01
2020.0,175,0,2026-12-19,2026-10-01
2030.0,164,0,2026-12-19,2026-10-01
2040.0,217,0,2026-12-19,2026-10-01
2050.0,85,0,2026-12-19,2026-10-01
2060.0,72,0,2026-12-19,2026-10-01
2070.0,305,0,2026-12-19,2026-10-01
2080.0,148,0,2026-12-19,2026-10-01
2090.0,355,0,2026-12-19,2026-10-01
2100.0,636,0,2026-12-19,2026-10-01
2110.0,208,0,2026-12-19,2026-10-01
2120.0,284,0,2026-12-19,2026-10-01
2130.0,193,0,2026-12-19,2026-10-01
2140.0,292,0,2026-12-19,2026-10-01
2150.0,210,0,2026-12-19,2026-10-01
2160.0,407,0,2026-12-19,2026-10-01
2170.0,732,0,2026-12-19,2026-10-01
2180.0,81,0,2026-12-19,2026-10-01
2190.0,272,0,2026-12-19,2026-10-01
2200.0,705,0,2026-12-19,2026-10-01
2210.0,63,0,2026-12-19,2026-10-01
2220.0,225,0,2026-12-19,2026-10-01
2230.0,62,0,2026-12-19,2026-10-01
2240.0,40,0,2026-12-19,2026-10-01
2250.0,321,0,2026-12-19,2026-10-01
2260.0,282,0,2026-12-19,2026-10-01
2270.0,228,0,2026-12-19,2026-10-01
2280.0,194,0,2026-12-19,2026-10-01
2290.0,227,0,2026-12-19,2026-10-01
2300.0,223,0,2026-12-19,2026-10-01
2310.0,144,0,2026-12-19,2026-10-01
2320.0,186,0,2026-12-19,2026-10-01
2330.0,103,0,2026-12-19,2026-10-01
2340.0,219,0,2026-12-19,2026-10-01
2350.0,171,0,2026-12-19,2026-10-01
2360.0,304,0,2026-12-19,2026-10-01
2370.0,220,0,2026-12-19,2026-10-01
2380.0,86,0,2026-12-19,2026-10-01
2390.0,155,0,2026-12-19,2026-10-01
2400.0,429,0,2026-12-19,2026-10-01
2410.0,138,0,2026-12-19,2026-10-01
2420.0,494,0,2026-12-19,2026-10-01
2440.0,148,0,2026-12-19,2026-10-01
2460.0,253,0,2026-12-19,2026-10-01
2480.0,230,0,2026-12-19,2026-10-01
2500.0,3572,0,2026-12-19,2026-10-01
289.62,0,55,2026-12-31,2026-10-01
505.0,16450,16450,2027-01-15,2026-10-01
1030.04,13000,13000,2027-01-15,2026-10-01
35.0,108,2229,2027-01-16,2026-10-01
40.0,116,4089,2027-01-16,2026-10-01
45.0,178,3492,2027-01-16,2026-10-01
50.0,329,2246,2027-01-16,2026-10-01
55.0,103,2973,2027-01-16,2026-10-01
60.0,233,6076,2027-01-16,2026-10-01
65.0,71,3004,2027-01-16,2026-10-01
70.0,350,5703,2027-01-16,2026-10-01
75.0,335,6558,2027-01-16,2026-10-01
80.0,1722,7925,2027-01-16,2026-10-01
85.0,1284,3108,2027-01-16,2026-10-01
86.0,28,0,2027-01-16,2026-10-01
90.0,4463,4201,2027-01-16,2026-10-01
95.0,587,2445,2027-01-16,2026-10-01
100.0,658,2892,2027-01-16,2026-10-01
105.0,389,2288,2027-01-16,2026-10-01
110.0,1828,4025,2027-01-16,2026-10-01
115.0,366,1639,2027-01-16,2026-10-01
120.0,600,1866,2027-01-16,2026-10-01
125.0,401,1246,2027-01-16,2026-10-01
130.0,632,6031,2027-01-16,2026-10-01
135.0,467,728,2027-01-16,2026-10-01
140.0,2502,936,2027-01-16,2026-10-01
145.0,368,585,2027-01-16,2026-10-01
150.0,2069,3867,2027-01-16,2026-10-01
155.0,368,344,2027-01-16,2026-10-01
160.0,2296,2775,2027-01-16,2026-10-01
165.0,882,332,2027-01-16,2026-10-01
170.0,893,1036,2027-01-16,2026-10-01
175.0,682,657,2027-01-16,2026-10-01
180.0,799,1435,2027-01-16,2026-10-01
185.0,315,413,2027-01-16,2026-10-01
190.0,1291,629,2027-01-16,2026-10-01
195.0,998,463,2027-01-16,2026-10-01
200.0,1414,3446,2027-01-16,2026-10-01
210.0,538,796,2027-01-16,2026-10-01
220.0,3660,1443,2027-01-16,2026-10-01
225.0,0,20,2027-01-16,2026-10-01
230.0,959,1742,2027-01-16,2026-10-01
240.0,999,1904,2027-01-16,2026-10-01
250.0,526,5062,2027-01-16,2026-10-01
260.0,415,1684,2027-01-16,2026-10-01
270.0,626,1482,2027-01-16,2026-10-01
280.0,250,1663,2027-01-16,2026-10-01
290.0,343,1170,2027-01-16,2026-10-01
300.0,0,0,2027-01-16,2026-10-01
300.0,1361,8007,2027-01-16,2026-10-01
310.0,755,1096,2027-01-16,2026-10-01
320.0,1959,2817,2027-01-16,2026-10-01
330.0,1550,2143,2027-01-16,2026-10-01
340.0,0,0,2027-01-16,2026-10-01
340.0,750,1873,2027-01-16,2026-10-01
350.0,9,0,2027-01-16,2026-10-01
350.0,2311,3826,2027-01-16,2026-10-01
360.0,0,0,2027-01-16,2026-10-01
360.0,601,4321,2027-01-16,2026-10-01
370.0,0,0,2027-01-16,2026-10-01
370.0,333,1485,2027-01-16,2026-10-01
380.0,705,2084,2027-01-16,2026-10-01
390.0,406,2033,2027-01-16,2026-10-01
400.0,10,0,2027-01-16,2026-10-01
400.0,1596,4265,2027-01-16,2026-10-01
410.0,569,918,2027-01-16,2026-10-01
420.0,761,1018,2027-01-16,2026-10-01
430.0,8,0,2027-01-16,2026-10-01
430.0,959,2524,2027-01-16,2026-10-01
440.0,0,0,2027-01-16,2026-10-01
440.0,961,1396,2027-01-16,2026-10-01
450.0,0,0,2027-01-16,2026-10-01
450.0,3970,3456,2027-01-16,2026-10-01
460.0,700,1388,2027-01-16,2026-10-01
470.0,528,1727,2027-01-16,2026-10-01
480.0,1473,1316,2027-01-16,2026-10-01
490.0,1335,1343,2027-01-16,2026-10-01
500.0,0,0,2027-01-16,2026-10-01
500.0,5837,4230,2027-01-16,2026-10-01
505.0,16450,16450,2027-01-16,2026-10-01
510.0,1132,871,2027-01-16,2026-10-01
520.0,1366,1035,2027-01-16,2026-10-01
530.0,609,933,2027-01-16,2026-10-01
539.38,20,0,2027-01-16,2026-10-01
540.0,598,754,2027-01-16,2026-10-01
550.0,10,0,2027-01-16,2026-10-01
550.0,3538,4908,2027-01-16,2026-10-01
560.0,539,534,2027-01-16,2026-10-01
570.0,602,523,2027-01-16,2026-10-01
580.0,1367,762,2027-01-16,2026-10-01
590.0,399,962,2027-01-16,2026-10-01
600.0,24,0,2027-01-16,2026-10-01
600.0,4756,3409,2027-01-16,2026-10-01
610.0,10,0,2027-01-16,2026-10-01
610.0,944,810,2027-01-16,2026-10-01
620.0,1177,1731,2027-01-16,2026-10-01
630.0,1561,490,2027-01-16,2026-10-01
640.0,0,0,2027-01-16,2026-10-01
640.0,556,684,2027-01-16,2026-10-01
650.0,3491,3043,2027-01-16,2026-10-01
660.0,1336,633,2027-01-16,2026-10-01
670.0,242,365,2027-01-16,2026-10-01
680.0,1330,739,2027-01-16,2026-10-01
690.0,1445,983,2027-01-16,2026-10-01
700.0,14,0,2027-01-16,2026-10-01
700.0,4409,6430,2027-01-16,2026-10-01
710.0,1219,686,2027-01-16,2026-10-01
720.0,0,0,2027-01-16,2026-10-01
720.0,1134,2284,2027-01-16,2026-10-01
730.0,332,635,2027-01-16,2026-10-01
740.0,3976,377,2027-01-16,2026-10-01
750.0,3740,3729,2027-01-16,2026-10-01
760.0,409,573,2027-01-16,2026-10-01
770.0,5,0,2027-01-16,2026-10-01
770.0,469,562,2027-01-16,2026-10-01
780.0,745,1299,2027-01-16,2026-10-01
790.0,846,1076,2027-01-16,2026-10-01
800.0,4733,5615,2027-01-16,2026-10-01
810.0,504,405,2027-01-16,2026-10-01
820.0,586,707,2027-01-16,2026-10-01
830.0,963,2180,2027-01-16,2026-10-01
840.0,1340,770,2027-01-16,2026-10-01
850.0,3121,3955,2027-01-16,2026-10-01
851.0,650,650,2027-01-16,2026-10-01
860.0,522,604,2027-01-16,2026-10-01
870.0,614,1643,2027-01-16,2026-10-01
880.0,5,0,2027-01-16,2026-10-01
880.0,668,980,2027-01-16,2026-10-01
890.0,567,975,2027-01-16,2026-10-01
900.0,10,0,2027-01-16,2026-10-01
900.0,5740,2989,2027-01-16,2026-10-01
910.0,0,0,2027-01-16,2026-10-01
910.0,2071,407,2027-01-16,2026-10-01
920.0,714,1007,2027-01-16,2026-10-01
930.0,836,979,2027-01-16,2026-10-01
940.0,602,658,2027-01-16,2026-10-01
950.0,4214,2386,2027-01-16,2026-10-01
960.0,750,710,2027-01-16,2026-10-01
970.0,448,421,2027-01-16,2026-10-01
980.0,671,643,2027-01-16,2026-10-01
990.0,258,558,2027-01-16,2026-10-01
1000.0,0,0,2027-01-16,2026-10-01
1000.0,8090,6126,2027-01-16,2026-10-01
1010.0,0,0,2027-01-16,2026-10-01
1010.0,510,513,2027-01-16,2026-10-01
1020.0,696,324,2027-01-16,2026-10-01
1030.0,646,579,2027-01-16,2026-10-01
1040.0,678,218,2027-01-16,2026-10-01
1050.0,3172,498,2027-01-16,2026-10-01
1060.0,593,618,2027-01-16,2026-10-01
1070.0,735,376,2027-01-16,2026-10-01
1080.0,896,179,2027-01-16,2026-10-01
1090.0,1103,192,2027-01-16,2026-10-01
1100.0,1008,1000,2027-01-16,2026-10-01
1100.0,3739,1676,2027-01-16,2026-10-01
1110.0,370,118,2027-01-16,2026-10-01
1120.0,388,231,2027-01-16,2026-10-01
1130.0,424,138,2027-01-16,2026-10-01
1140.0,435,117,2027-01-16,2026-10-01
1150.0,3779,188,2027-01-16,2026-10-01
1160.0,495,71,2027-01-16,2026-10-01
1170.0,462,143,2027-01-16,2026-10-01
1180.0,883,69,2027-01-16,2026-10-01
1190.0,431,134,2027-01-16,2026-10-01
1200.0,2,0,2027-01-16,2026-10-01
1200.0,6296,1788,2027-01-16,2026-10-01
1210.0,491,47,2027-01-16,2026-10-01
1220.0,1068,53,2027-01-16,2026-10-01
1230.0,368,31,2027-01-16,2026-10-01
1240.0,486,447,2027-01-16,2026-10-01
1250.0,2839,63,2027-01-16,2026-10-01
1260.0,1402,74,2027-01-16,2026-10-01
1270.0,263,51,2027-01-16,2026-10-01
1280.0,640,96,2027-01-16,2026-10-01
1290.0,310,26,2027-01-16,2026-10-01
1300.0,7979,148,2027-01-16,2026-10-01
1310.0,356,28,2027-01-16,2026-10-01
1320.0,643,40,2027-01-16,2026-10-01
1330.0,187,78,2027-01-16,2026-10-01
1340.0,1605,31,2027-01-16,2026-10-01
1350.0,2076,27,2027-01-16,2026-10-01
1360.0,995,55,2027-01-16,2026-10-01
1370.0,300,29,2027-01-16,2026-10-01
1380.0,872,81,2027-01-16,2026-10-01
1390.0,441,65,2027-01-16,2026-10-01
1400.0,5440,278,2027-01-16,2026-10-01
1410.0,789,89,2027-01-16,2026-10-01
1420.0,709,44,2027-01-16,2026-10-01
1430.0,197,14,2027-01-16,2026-10-01
1440.0,553,71,2027-01-16,2026-10-01
1450.0,427,67,2027-01-16,2026-10-01
1460.0,639,19,2027-01-16,2026-10-01
1470.0,434,68,2027-01-16,2026-10-01
1480.0,841,159,2027-01-16,2026-10-01
1490.0,686,13,2027-01-16,2026-10-01
1500.0,10,0,2027-01-16,2026-10-01
1500.0,5627,425,2027-01-16,2026-10-01
1503.0,5,0,2027-01-16,2026-10-01
1510.0,239,10,2027-01-16,2026-10-01
1520.0,246,7,2027-01-16,2026-10-01
1530.0,231,2,2027-01-16,2026-10-01
1540.0,675,11,2027-01-16,2026-10-01
1550.0,764,3,2027-01-16,2026-10-01
1560.0,499,3,2027-01-16,2026-10-01
1570.0,627,2,2027-01-16,2026-10-01
1580.0,351,7,2027-01-16,2026-10-01
1590.0,431,2,2027-01-16,2026-10-01
1600.0,2595,23,2027-01-16,2026-10-01
1610.0,525,5,2027-01-16,2026-10-01
1620.0,425,6,2027-01-16,2026-10-01
1630.0,823,91,2027-01-16,2026-10-01
1640.0,94,25,2027-01-16,2026-10-01
1650.0,660,54,2027-01-16,2026-10-01
1660.0,305,6,2027-01-16,2026-10-01
1670.0,518,4,2027-01-16,2026-10-01
1680.0,258,14,2027-01-16,2026-10-01
1690.0,321,9,2027-01-16,2026-10-01
1700.0,1511,37,2027-01-16,2026-10-01
1710.0,374,6,2027-01-16,2026-10-01
1720.0,304,7,2027-01-16,2026-10-01
1730.0,223,1,2027-01-16,2026-10-01
1740.0,206,2,2027-01-16,2026-10-01
1750.0,1019,4,2027-01-16,2026-10-01
1760.0,519,40,2027-01-16,2026-10-01
1770.0,297,1,2027-01-16,2026-10-01
1780.0,251,1,2027-01-16,2026-10-01
1790.0,404,7,2027-01-16,2026-10-01
1800.0,2004,2,2027-01-16,2026-10-01
1810.0,615,4,2027-01-16,2026-10-01
1820.0,252,1,2027-01-16,2026-10-01
1830.0,1150,42,2027-01-16,2026-10-01
1840.0,161,7,2027-01-16,2026-10-01
1850.0,497,1,2027-01-16,2026-10-01
1860.0,106,5,2027-01-16,2026-10-01
1870.0,91,0,2027-01-16,2026-10-01
1880.0,124,1,2027-01-16,2026-10-01
1890.0,76,0,2027-01-16,2026-10-01
1900.0,1369,5,2027-01-16,2026-10-01
1910.0,685,1,2027-01-16,2026-10-01
1920.0,266,0,2027-01-16,2026-10-01
1930.0,109,0,2027-01-16,2026-10-01
1940.0,173,0,2027-01-16,2026-10-01
1950.0,864,0,2027-01-16,2026-10-01
1960.0,267,0,2027-01-16,2026-10-01
1970.0,126,0,2027-01-16,2026-10-01
1980.0,339,0,2027-01-16,2026-10-01
1990.0,167,1,2027-01-16,2026-10-01
2000.0,2746,0,2027-01-16,2026-10-01
2010.0,146,0,2027-01-16,2026-10-01
2020.0,311,0,2027-01-16,2026-10-01
2030.0,182,0,2027-01-16,2026-10-01
2040.0,75,0,2027-01-16,2026-10-01
2050.0,796,0,2027-01-16,2026-10-01
2060.0,221,0,2027-01-16,2026-10-01
2070.0,143,0,2027-01-16,2026-10-01
2080.0,234,0,2027-01-16,2026-10-01
2090.0,225,0,2027-01-16,2026-10-01
2100.0,569,0,2027-01-16,2026-10-01
2110.0,141,0,2027-01-16,2026-10-01
2120.0,123,1,2027-01-16,2026-10-01
2130.0,88,0,2027-01-16,2026-10-01
2140.0,35,0,2027-01-16,2026-10-01
2150.0,1338,0,2027-01-16,2026-10-01
2160.0,172,0,2027-01-16,2026-10-01
2170.0,1509,0,2027-01-16,2026-10-01
2180.0,178,0,2027-01-16,2026-10-01
2190.0,132,0,2027-01-16,2026-10-01
2200.0,462,0,2027-01-16,2026-10-01
2210.0,249,0,2027-01-16,2026-10-01
2220.0,96,0,2027-01-16,2026-10-01
2230.0,53,0,2027-01-16,2026-10-01
2240.0,46,0,2027-01-16,2026-10-01
2250.0,355,0,2027-01-16,2026-10-01
2260.0,147,0,2027-01-16,2026-10-01
2270.0,168,0,2027-01-16,2026-10-01
2280.0,126,0,2027-01-16,2026-10-01
2290.0,164,0,2027-01-16,2026-10-01
2300.0,114,0,2027-01-16,2026-10-01
2310.0,164,0,2027-01-16,2026-10-01
2320.0,196,0,2027-01-16,2026-10-01
2330.0,64,0,2027-01-16,2026-10-01
2340.0,120,0,2027-01-16,2026-10-01
2350.0,157,0,2027-01-16,2026-10-01
2360.0,230,0,2027-01-16,2026-10-01
2370.0,233,0,2027-01-16,2026-10-01
2380.0,152,0,2027-01-16,2026-10-01
2390.0,236,0,2027-01-16,2026-10-01
2400.0,870,1,2027-01-16,2026-10-01
2410.0,145,0,2027-01-16,2026-10-01
2420.0,350,0,2027-01-16,2026-10-01
2440.0,199,0,2027-01-16,2026-10-01
2460.0,212,0,2027-01-16,2026-10-01
2480.0,375,0,2027-01-16,2026-10-01
2500.0,4294,0,2027-01-16,2026-10-01
50.0,1,50,2027-02-20,2026-10-01
55.0,1,50,2027-02-20,2026-10-01
60.0,0,303,2027-02-20,2026-10-01
65.0,0,1,2027-02-20,2026-10-01
70.0,0,0,2027-02-20,2026-10-01
75.0,0,201,2027-02-20,2026-10-01
80.0,0,202,2027-02-20,2026-10-01
85.0,0,407,2027-02-20,2026-10-01
90.0,0,1426,2027-02-20,2026-10-01
95.0,0,501,2027-02-20,2026-10-01
100.0,0,792,2027-02-20,2026-10-01
105.0,1,300,2027-02-20,2026-10-01
110.0,1,350,2027-02-20,2026-10-01
115.0,0,605,2027-02-20,2026-10-01
120.0,1,728,2027-02-20,2026-10-01
125.0,0,438,2027-02-20,2026-10-01
130.0,1,4066,2027-02-20,2026-10-01
135.0,1,698,2027-02-20,2026-10-01
140.0,0,155,2027-02-20,2026-10-01
145.0,0,9,2027-02-20,2026-10-01
150.0,0,55,2027-02-20,2026-10-01
155.0,0,7,2027-02-20,2026-10-01
160.0,0,0,2027-02-20,2026-10-01
165.0,0,2,2027-02-20,2026-10-01
170.0,0,5,2027-02-20,2026-10-01
175.0,72,3,2027-02-20,2026-10-01
180.0,0,86,2027-02-20,2026-10-01
185.0,1,37,2027-02-20,2026-10-01
190.0,1,8,2027-02-20,2026-10-01
195.0,0,18,2027-02-20,2026-10-01
200.0,0,79,2027-02-20,2026-10-01
210.0,0,161,2027-02-20,2026-10-01
220.0,0,29,2027-02-20,2026-10-01
230.0,1,132,2027-02-20,2026-10-01
240.0,0,43,2027-02-20,2026-10-01
250.0,1,56,2027-02-20,2026-10-01
260.0,0,214,2027-02-20,2026-10-01
270.0,3,166,2027-02-20,2026-10-01
280.0,3,41,2027-02-20,2026-10-01
290.0,1,25,2027-02-20,2026-10-01
300.0,31,80,2027-02-20,2026-10-01
310.0,9,18,2027-02-20,2026-10-01
320.0,5,19,2027-02-20,2026-10-01
330.0,1,108,2027-02-20,2026-10-01
340.0,1,30,2027-02-20,2026-10-01
350.0,21,349,2027-02-20,2026-10-01
360.0,0,2,2027-02-20,2026-10-01
360.0,5,125,2027-02-20,2026-10-01
370.0,2,65,2027-02-20,2026-10-01
380.0,10,166,2027-02-20,2026-10-01
390.0,0,113,2027-02-20,2026-10-01
400.0,55,537,2027-02-20,2026-10-01
410.0,6,77,2027-02-20,2026-10-01
420.0,2,233,2027-02-20,2026-10-01
430.0,3,230,2027-02-20,2026-10-01
440.0,6,107,2027-02-20,2026-10-01
450.0,9,1162,2027-02-20,2026-10-01
460.0,11,237,2027-02-20,2026-10-01
470.0,2,177,2027-02-20,2026-10-01
480.0,3,174,2027-02-20,2026-10-01
490.0,2,0,2027-02-20,2026-10-01
490.0,2,331,2027-02-20,2026-10-01
500.0,95,1108,2027-02-20,2026-10-01
510.0,9,185,2027-02-20,2026-10-01
520.0,80,126,2027-02-20,2026-10-01
530.0,6,523,2027-02-20,2026-10-01
540.0,25,282,2027-02-20,2026-10-01
550.0,8,763,2027-02-20,2026-10-01
560.0,11,316,2027-02-20,2026-10-01
570.0,18,741,2027-02-20,2026-10-01
580.0,25,82,2027-02-20,2026-10-01
590.0,18,179,2027-02-20,2026-10-01
600.0,30,1256,2027-02-20,2026-10-01
610.0,11,107,2027-02-20,2026-10-01
620.0,32,526,2027-02-20,2026-10-01
630.0,55,133,2027-02-20,2026-10-01
640.0,55,125,2027-02-20,2026-10-01
650.0,24,518,2027-02-20,2026-10-01
660.0,2,267,2027-02-20,2026-10-01
670.0,4,428,2027-02-20,2026-10-01
680.0,12,288,2027-02-20,2026-10-01
690.0,27,230,2027-02-20,2026-10-01
700.0,87,1450,2027-02-20,2026-10-01
710.0,30,566,2027-02-20,2026-10-01
720.0,12,499,2027-02-20,2026-10-01
730.0,8,260,2027-02-20,2026-10-01
740.0,38,180,2027-02-20,2026-10-01
750.0,81,1060,2027-02-20,2026-10-01
760.0,49,423,2027-02-20,2026-10-01
770.0,286,195,2027-02-20,2026-10-01
780.0,150,311,2027-02-20,2026-10-01
790.0,29,656,2027-02-20,2026-10-01
800.0,120,944,2027-02-20,2026-10-01
810.0,92,323,2027-02-20,2026-10-01
820.0,257,302,2027-02-20,2026-10-01
830.0,370,335,2027-02-20,2026-10-01
840.0,93,793,2027-02-20,2026-10-01
850.0,767,1328,2027-02-20,2026-10-01
860.0,237,381,2027-02-20,2026-10-01
870.0,145,616,2027-02-20,2026-10-01
880.0,81,203,2027-02-20,2026-10-01
890.0,126,215,2027-02-20,2026-10-01
900.0,405,1488,2027-02-20,2026-10-01
910.0,421,137,2027-02-20,2026-10-01
920.0,283,291,2027-02-20,2026-10-01
930.0,163,189,2027-02-20,2026-10-01
940.0,391,268,2027-02-20,2026-10-01
950.0,6500,6500,2027-02-20,2026-10-01
950.0,417,198,2027-02-20,2026-10-01
960.0,613,114,2027-02-20,2026-10-01
970.0,230,117,2027-02-20,2026-10-01
980.0,252,117,2027-02-20,2026-10-01
990.0,66,373,2027-02-20,2026-10-01
1000.0,719,402,2027-02-20,2026-10-01
1010.0,216,143,2027-02-20,2026-10-01
1020.0,222,79,2027-02-20,2026-10-01
1030.0,149,105,2027-02-20,2026-10-01
1040.0,153,83,2027-02-20,2026-10-01
1050.0,109,166,2027-02-20,2026-10-01
1060.0,10000,10000,2027-02-20,2026-10-01
1060.0,76,104,2027-02-20,2026-10-01
1070.0,197,147,2027-02-20,2026-10-01
1080.0,110,112,2027-02-20,2026-10-01
1090.0,92,57,2027-02-20,2026-10-01
1100.0,588,61,2027-02-20,2026-10-01
1110.0,271,19,2027-02-20,2026-10-01
1120.0,177,80,2027-02-20,2026-10-01
1130.0,179,48,2027-02-20,2026-10-01
1140.0,160,71,2027-02-20,2026-10-01
1150.0,161,84,2027-02-20,2026-10-01
1160.0,202,8,2027-02-20,2026-10-01
1170.0,151,45,2027-02-20,2026-10-01
1180.0,318,36,2027-02-20,2026-10-01
1190.0,193,35,2027-02-20,2026-10-01
1200.0,1282,48,2027-02-20,2026-10-01
1210.0,106,5,2027-02-20,2026-10-01
1220.0,148,62,2027-02-20,2026-10-01
1230.0,132,6,2027-02-20,2026-10-01
1240.0,99,6,2027-02-20,2026-10-01
1250.0,610,7,2027-02-20,2026-10-01
1260.0,233,2,2027-02-20,2026-10-01
1270.0,198,3,2027-02-20,2026-10-01
1280.0,204,64,2027-02-20,2026-10-01
1290.0,208,3,2027-02-20,2026-10-01
1300.0,288,75,2027-02-20,2026-10-01
1310.0,327,2,2027-02-20,2026-10-01
1320.0,176,0,2027-02-20,2026-10-01
1330.0,199,2,2027-02-20,2026-10-01
1340.0,77,1,2027-02-20,2026-10-01
1350.0,244,1,2027-02-20,2026-10-01
1360.0,455,2,2027-02-20,2026-10-01
1370.0,111,50,2027-02-20,2026-10-01
1380.0,144,6,2027-02-20,2026-10-01
1390.0,133,1,2027-02-20,2026-10-01
1400.0,486,71,2027-02-20,2026-10-01
1410.0,126,3,2027-02-20,2026-10-01
1420.0,122,0,2027-02-20,2026-10-01
1430.0,59,1,2027-02-20,2026-10-01
1440.0,440,0,2027-02-20,2026-10-01
1450.0,180,5,2027-02-20,2026-10-01
1460.0,164,2,2027-02-20,2026-10-01
1470.0,211,4,2027-02-20,2026-10-01
1480.0,270,105,2027-02-20,2026-10-01
1490.0,152,2,2027-02-20,2026-10-01
1500.0,818,91,2027-02-20,2026-10-01
1510.0,156,15,2027-02-20,2026-10-01
1520.0,425,0,2027-02-20,2026-10-01
1530.0,267,1,2027-02-20,2026-10-01
1540.0,206,0,2027-02-20,2026-10-01
1550.0,208,0,2027-02-20,2026-10-01
1560.0,81,0,2027-02-20,2026-10-01
1570.0,443,0,2027-02-20,2026-10-01
1580.0,229,0,2027-02-20,2026-10-01
1590.0,133,0,2027-02-20,2026-10-01
1600.0,222,0,2027-02-20,2026-10-01
1610.0,81,26,2027-02-20,2026-10-01
1620.0,203,0,2027-02-20,2026-10-01
1630.0,517,0,2027-02-20,2026-10-01
1640.0,193,1,2027-02-20,2026-10-01
1650.0,228,0,2027-02-20,2026-10-01
1660.0,115,7,2027-02-20,2026-10-01
1670.0,141,0,2027-02-20,2026-10-01
1680.0,141,0,2027-02-20,2026-10-01
1690.0,38,0,2027-02-20,2026-10-01
1700.0,469,4,2027-02-20,2026-10-01
1710.0,136,1,2027-02-20,2026-10-01
1720.0,212,1,2027-02-20,2026-10-01
1730.0,361,0,2027-02-20,2026-10-01
1740.0,220,0,2027-02-20,2026-10-01
1750.0,161,1,2027-02-20,2026-10-01
1760.0,37,0,2027-02-20,2026-10-01
1770.0,105,0,2027-02-20,2026-10-01
1780.0,384,0,2027-02-20,2026-10-01
1790.0,179,0,2027-02-20,2026-10-01
1800.0,212,0,2027-02-20,2026-10-01
1810.0,19,0,2027-02-20,2026-10-01
1820.0,180,0,2027-02-20,2026-10-01
1830.0,250,0,2027-02-20,2026-10-01
1840.0,28,0,2027-02-20,2026-10-01
1850.0,257,0,2027-02-20,2026-10-01
1860.0,160,0,2027-02-20,2026-10-01
1870.0,132,0,2027-02-20,2026-10-01
1880.0,63,0,2027-02-20,2026-10-01
1890.0,645,0,2027-02-20,2026-10-01
1900.0,130,21,2027-02-20,2026-10-01
1910.0,53,0,2027-02-20,2026-10-01
1920.0,67,0,2027-02-20,2026-10-01
1930.0,120,0,2027-02-20,2026-10-01
1940.0,98,0,2027-02-20,2026-10-01
1950.0,949,0,2027-02-20,2026-10-01
1960.0,122,0,2027-02-20,2026-10-01
1970.0,203,0,2027-02-20,2026-10-01
1980.0,138,0,2027-02-20,2026-10-01
1990.0,143,0,2027-02-20,2026-10-01
2000.0,209,1,2027-02-20,2026-10-01
2010.0,53,0,2027-02-20,2026-10-01
2020.0,322,0,2027-02-20,2026-10-01
2030.0,267,0,2027-02-20,2026-10-01
2040.0,273,0,2027-02-20,2026-10-01
2050.0,268,0,2027-02-20,2026-10-01
2060.0,381,0,2027-02-20,2026-10-01
2070.0,180,0,2027-02-20,2026-10-01
2080.0,212,0,2027-02-20,2026-10-01
2090.0,399,0,2027-02-20,2026-10-01
2100.0,364,0,2027-02-20,2026-10-01
2110.0,500,0,2027-02-20,2026-10-01
2120.0,408,0,2027-02-20,2026-10-01
5.0,627,845,2027-03-20,2026-10-01
10.0,115,121,2027-03-20,2026-10-01
15.0,12,162,2027-03-20,2026-10-01
20.0,0,26,2027-03-20,2026-10-01
25.0,0,10,2027-03-20,2026-10-01
30.0,1,0,2027-03-20,2026-10-01
35.0,0,7,2027-03-20,2026-10-01
40.0,1,1160,2027-03-20,2026-10-01
45.0,27,430,2027-03-20,2026-10-01
50.0,13,20,2027-03-20,2026-10-01
55.0,1,80,2027-03-20,2026-10-01
60.0,3,59,2027-03-20,2026-10-01
65.0,1,47,2027-03-20,2026-10-01
70.0,1,22,2027-03-20,2026-10-01
75.0,0,19,2027-03-20,2026-10-01
80.0,0,50,2027-03-20,2026-10-01
85.0,16,34,2027-03-20,2026-10-01
90.0,40,46,2027-03-20,2026-10-01
95.0,61,58,2027-03-20,2026-10-01
100.0,61,81,2027-03-20,2026-10-01
105.0,11,122,2027-03-20,2026-10-01
110.0,10,721,2027-03-20,2026-10-01
115.0,4,200,2027-03-20,2026-10-01
120.0,20,132,2027-03-20,2026-10-01
125.0,24,717,2027-03-20,2026-10-01
130.0,4,125,2027-03-20,2026-10-01
135.0,7,164,2027-03-20,2026-10-01
140.0,10,54,2027-03-20,2026-10-01
145.0,5,75,2027-03-20,2026-10-01
150.0,147,717,2027-03-20,2026-10-01
155.0,2,96,2027-03-20,2026-10-01
160.0,6,117,2027-03-20,2026-10-01
165.0,11,35,2027-03-20,2026-10-01
170.0,11,133,2027-03-20,2026-10-01
175.0,1,141,2027-03-20,2026-10-01
180.0,10,187,2027-03-20,2026-10-01
185.0,16,484,2027-03-20,2026-10-01
190.0,13,195,2027-03-20,2026-10-01
195.0,9,1611,2027-03-20,2026-10-01
200.0,48,311,2027-03-20,2026-10-01
210.0,71,319,2027-03-20,2026-10-01
220.0,93,382,2027-03-20,2026-10-01
230.0,62,492,2027-03-20,2026-10-01
240.0,24,837,2027-03-20,2026-10-01
250.0,89,1406,2027-03-20,2026-10-01
260.0,135,957,2027-03-20,2026-10-01
270.0,20,590,2027-03-20,2026-10-01
280.0,45,220,2027-03-20,2026-10-01
290.0,159,729,2027-03-20,2026-10-01
300.0,153,1251,2027-03-20,2026-10-01
310.0,98,943,2027-03-20,2026-10-01
320.0,40,405,2027-03-20,2026-10-01
330.0,66,519,2027-03-20,2026-10-01
340.0,80,1666,2027-03-20,2026-10-01
350.0,269,1274,2027-03-20,2026-10-01
360.0,259,384,2027-03-20,2026-10-01
370.0,187,292,2027-03-20,2026-10-01
380.0,443,186,2027-03-20,2026-10-01
390.0,490,542,2027-03-20,2026-10-01
400.0,434,2287,2027-03-20,2026-10-01
410.0,80,232,2027-03-20,2026-10-01
420.0,134,875,2027-03-20,2026-10-01
430.0,343,684,2027-03-20,2026-10-01
440.0,107,366,2027-03-20,2026-10-01
450.0,531,1703,2027-03-20,2026-10-01
460.0,162,1726,2027-03-20,2026-10-01
470.0,159,1269,2027-03-20,2026-10-01
480.0,261,386,2027-03-20,2026-10-01
490.0,155,402,2027-03-20,2026-10-01
500.0,702,1888,2027-03-20,2026-10-01
510.0,215,287,2027-03-20,2026-10-01
520.0,3492,604,2027-03-20,2026-10-01
530.0,343,347,2027-03-20,2026-10-01
540.0,296,220,2027-03-20,2026-10-01
550.0,800,1157,2027-03-20,2026-10-01
560.0,321,1649,2027-03-20,2026-10-01
570.0,180,453,2027-03-20,2026-10-01
580.0,183,948,2027-03-20,2026-10-01
590.0,185,358,2027-03-20,2026-10-01
600.0,969,1841,2027-03-20,2026-10-01
610.0,170,396,2027-03-20,2026-10-01
620.0,234,420,2027-03-20,2026-10-01
630.0,123,1544,2027-03-20,2026-10-01
640.0,168,871,2027-03-20,2026-10-01
650.0,1009,2285,2027-03-20,2026-10-01
660.0,288,1671,2027-03-20,2026-10-01
670.0,674,559,2027-03-20,2026-10-01
680.0,188,555,2027-03-20,2026-10-01
690.0,219,625,2027-03-20,2026-10-01
700.0,664,3788,2027-03-20,2026-10-01
710.0,603,233,2027-03-20,2026-10-01
720.0,1337,329,2027-03-20,2026-10-01
730.0,144,876,2027-03-20,2026-10-01
740.0,561,420,2027-03-20,2026-10-01
750.0,586,2777,2027-03-20,2026-10-01
760.0,0,20,2027-03-20,2026-10-01
760.0,222,797,2027-03-20,2026-10-01
770.0,522,619,2027-03-20,2026-10-01
780.0,185,558,2027-03-20,2026-10-01
790.0,125,838,2027-03-20,2026-10-01
800.0,1818,4841,2027-03-20,2026-10-01
810.0,263,565,2027-03-20,2026-10-01
820.0,185,1240,2027-03-20,2026-10-01
830.0,562,354,2027-03-20,2026-10-01
840.0,233,509,2027-03-20,2026-10-01
850.0,873,2256,2027-03-20,2026-10-01
860.0,183,855,2027-03-20,2026-10-01
870.0,401,372,2027-03-20,2026-10-01
880.0,490,597,2027-03-20,2026-10-01
890.0,195,212,2027-03-20,2026-10-01
900.0,1241,2760,2027-03-20,2026-10-01
910.0,209,391,2027-03-20,2026-10-01
920.0,1035,162,2027-03-20,2026-10-01
930.0,131,228,2027-03-20,2026-10-01
940.0,320,437,2027-03-20,2026-10-01
950.0,1000,1000,2027-03-20,2026-10-01
950.0,849,558,2027-03-20,2026-10-01
960.0,787,291,2027-03-20,2026-10-01
970.0,628,266,2027-03-20,2026-10-01
980.0,335,247,2027-03-20,2026-10-01
990.0,311,184,2027-03-20,2026-10-01
1000.0,2347,890,2027-03-20,2026-10-01
1010.0,632,209,2027-03-20,2026-10-01
1020.0,776,429,2027-03-20,2026-10-01
1030.0,586,104,2027-03-20,2026-10-01
1040.0,429,295,2027-03-20,2026-10-01
1050.0,1593,534,2027-03-20,2026-10-01
1060.0,449,358,2027-03-20,2026-10-01
1070.0,285,306,2027-03-20,2026-10-01
1080.0,905,286,2027-03-20,2026-10-01
1090.0,296,131,2027-03-20,2026-10-01
1100.0,10,0,2027-03-20,2026-10-01
1100.0,1027,368,2027-03-20,2026-10-01
1110.0,340,98,2027-03-20,2026-10-01
1120.0,263,51,2027-03-20,2026-10-01
1130.0,236,87,2027-03-20,2026-10-01
1140.0,198,89,2027-03-20,2026-10-01
1150.0,1075,105,2027-03-20,2026-10-01
1160.0,308,36,2027-03-20,2026-10-01
1170.0,68,236,2027-03-20,2026-10-01
1180.0,413,71,2027-03-20,2026-10-01
1190.0,175,53,2027-03-20,2026-10-01
1200.0,1922,429,2027-03-20,2026-10-01
1210.0,185,40,2027-03-20,2026-10-01
1220.0,549,42,2027-03-20,2026-10-01
1230.0,83,15,2027-03-20,2026-10-01
1240.0,567,43,2027-03-20,2026-10-01
1250.0,566,314,2027-03-20,2026-10-01
1260.0,360,17,2027-03-20,2026-10-01
1270.0,240,43,2027-03-20,2026-10-01
1280.0,641,35,2027-03-20,2026-10-01
1290.0,94,10,2027-03-20,2026-10-01
1300.0,2727,27,2027-03-20,2026-10-01
1310.0,522,41,2027-03-20,2026-10-01
1320.0,504,15,2027-03-20,2026-10-01
1330.0,135,48,2027-03-20,2026-10-01
1340.0,478,89,2027-03-20,2026-10-01
1350.0,867,86,2027-03-20,2026-10-01
1360.0,707,14,2027-03-20,2026-10-01
1370.0,276,40,2027-03-20,2026-10-01
1380.0,10,0,2027-03-20,2026-10-01
1380.0,131,13,2027-03-20,2026-10-01
1390.0,0,0,2027-03-20,2026-10-01
1390.0,321,9,2027-03-20,2026-10-01
1400.0,10,0,2027-03-20,2026-10-01
1400.0,3317,17,2027-03-20,2026-10-01
1410.0,20,0,2027-03-20,2026-10-01
1410.0,346,45,2027-03-20,2026-10-01
1420.0,590,20,2027-03-20,2026-10-01
1430.0,254,44,2027-03-20,2026-10-01
1440.0,10,0,2027-03-20,2026-10-01
1440.0,242,14,2027-03-20,2026-10-01
1450.0,284,39,2027-03-20,2026-10-01
1460.0,224,28,2027-03-20,2026-10-01
1470.0,142,45,2027-03-20,2026-10-01
1480.0,404,13,2027-03-20,2026-10-01
1490.0,413,11,2027-03-20,2026-10-01
1500.0,2351,82,2027-03-20,2026-10-01
1510.0,526,12,2027-03-20,2026-10-01
1520.0,205,3,2027-03-20,2026-10-01
1530.0,684,30,2027-03-20,2026-10-01
1540.0,239,49,2027-03-20,2026-10-01
1550.0,165,65,2027-03-20,2026-10-01
1560.0,393,8,2027-03-20,2026-10-01
1570.0,199,6,2027-03-20,2026-10-01
1580.0,254,32,2027-03-20,2026-10-01
1590.0,601,38,2027-03-20,2026-10-01
1600.0,0,0,2027-03-20,2026-10-01
1600.0,602,13,2027-03-20,2026-10-01
1610.0,135,8,2027-03-20,2026-10-01
1620.0,337,74,2027-03-20,2026-10-01
1630.0,578,85,2027-03-20,2026-10-01
1640.0,147,1,2027-03-20,2026-10-01
1650.0,113,21,2027-03-20,2026-10-01
1660.0,702,22,2027-03-20,2026-10-01
1670.0,200,7,2027-03-20,2026-10-01
1680.0,350,3,2027-03-20,2026-10-01
1690.0,253,3,2027-03-20,2026-10-01
1700.0,448,2,2027-03-20,2026-10-01
1710.0,138,19,2027-03-20,2026-10-01
1720.0,281,4,2027-03-20,2026-10-01
1730.0,157,1,2027-03-20,2026-10-01
1740.0,243,3,2027-03-20,2026-10-01
1750.0,269,20,2027-03-20,2026-10-01
1760.0,393,2,2027-03-20,2026-10-01
1770.0,387,0,2027-03-20,2026-10-01
1780.0,139,4,2027-03-20,2026-10-01
1790.0,202,23,2027-03-20,2026-10-01
1800.0,568,28,2027-03-20,2026-10-01
1810.0,184,25,2027-03-20,2026-10-01
1820.0,130,0,2027-03-20,2026-10-01
1830.0,266,101,2027-03-20,2026-10-01
1840.0,53,0,2027-03-20,2026-10-01
1850.0,96,132,2027-03-20,2026-10-01
1860.0,179,5,2027-03-20,2026-10-01
1870.0,84,30,2027-03-20,2026-10-01
1880.0,105,23,2027-03-20,2026-10-01
1890.0,358,2,2027-03-20,2026-10-01
1900.0,832,8,2027-03-20,2026-10-01
1910.0,397,48,2027-03-20,2026-10-01
1920.0,116,4,2027-03-20,2026-10-01
1930.0,81,1,2027-03-20,2026-10-01
1940.0,158,0,2027-03-20,2026-10-01
1950.0,269,14,2027-03-20,2026-10-01
1960.0,200,0,2027-03-20,2026-10-01
1970.0,127,2,2027-03-20,2026-10-01
1980.0,217,0,2027-03-20,2026-10-01
1990.0,96,1,2027-03-20,2026-10-01
2000.0,969,8,2027-03-20,2026-10-01
2010.0,66,3,2027-03-20,2026-10-01
2020.0,158,0,2027-03-20,2026-10-01
2030.0,199,0,2027-03-20,2026-10-01
2040.0,115,0,2027-03-20,2026-10-01
2050.0,157,0,2027-03-20,2026-10-01
2060.0,69,1,2027-03-20,2026-10-01
2070.0,120,2,2027-03-20,2026-10-01
2080.0,236,0,2027-03-20,2026-10-01
2090.0,185,2,2027-03-20,2026-10-01
2100.0,315,5,2027-03-20,2026-10-01
2110.0,109,0,2027-03-20,2026-10-01
2120.0,136,0,2027-03-20,2026-10-01
2130.0,91,0,2027-03-20,2026-10-01
2140.0,109,0,2027-03-20,2026-10-01
2150.0,268,0,2027-03-20,2026-10-01
2160.0,154,0,2027-03-20,2026-10-01
2170.0,462,0,2027-03-20,2026-10-01
2180.0,277,0,2027-03-20,2026-10-01
2190.0,190,0,2027-03-20,2026-10-01
2200.0,257,0,2027-03-20,2026-10-01
2210.0,24,0,2027-03-20,2026-10-01
2220.0,149,0,2027-03-20,2026-10-01
2230.0,75,0,2027-03-20,2026-10-01
2240.0,182,0,2027-03-20,2026-10-01
2250.0,197,0,2027-03-20,2026-10-01
2260.0,145,0,2027-03-20,2026-10-01
2270.0,46,0,2027-03-20,2026-10-01
2280.0,84,0,2027-03-20,2026-10-01
2290.0,59,0,2027-03-20,2026-10-01
2300.0,43,0,2027-03-20,2026-10-01
2310.0,35,0,2027-03-20,2026-10-01
2320.0,53,0,2027-03-20,2026-10-01
2330.0,21,0,2027-03-20,2026-10-01
2340.0,159,0,2027-03-20,2026-10-01
2350.0,188,0,2027-03-20,2026-10-01
2360.0,81,0,2027-03-20,2026-10-01
2370.0,84,0,2027-03-20,2026-10-01
2380.0,86,0,2027-03-20,2026-10-01
2390.0,296,0,2027-03-20,2026-10-01
2400.0,868,0,2027-03-20,2026-10-01
2410.0,494,0,2027-03-20,2026-10-01
2420.0,180,0,2027-03-20,2026-10-01
2440.0,98,0,2027-03-20,2026-10-01
2460.0,274,0,2027-03-20,2026-10-01
2480.0,289,0,2027-03-20,2026-10-01
2500.0,3711,0,2027-03-20,2026-10-01
305.67,0,25,2027-03-26,2026-10-01
284.37,0,55,2027-03-31,2026-10-01
470.0,4,310,2027-04-17,2026-10-01
480.0,0,214,2027-04-17,2026-10-01
490.0,0,0,2027-04-17,2026-10-01
490.0,1,857,2027-04-17,2026-10-01
500.0,7,267,2027-04-17,2026-10-01
520.0,1,160,2027-04-17,2026-10-01
540.0,1,617,2027-04-17,2026-10-01
560.0,3,175,2027-04-17,2026-10-01
580.0,1,274,2027-04-17,2026-10-01
600.0,13,499,2027-04-17,2026-10-01
620.0,4,250,2027-04-17,2026-10-01
640.0,8,368,2027-04-17,2026-10-01
660.0,2,545,2027-04-17,2026-10-01
680.0,20,374,2027-04-17,2026-10-01
700.0,37,274,2027-04-17,2026-10-01
720.0,4,271,2027-04-17,2026-10-01
740.0,6,391,2027-04-17,2026-10-01
760.0,0,579,2027-04-17,2026-10-01
780.0,55,419,2027-04-17,2026-10-01
790.0,4,557,2027-04-17,2026-10-01
800.0,254,1549,2027-04-17,2026-10-01
810.0,16,367,2027-04-17,2026-10-01
820.0,14,138,2027-04-17,2026-10-01
830.0,80,357,2027-04-17,2026-10-01
840.0,81,121,2027-04-17,2026-10-01
850.0,179,356,2027-04-17,2026-10-01
860.0,20,339,2027-04-17,2026-10-01
870.0,23,72,2027-04-17,2026-10-01
880.0,225,265,2027-04-17,2026-10-01
890.0,55,93,2027-04-17,2026-10-01
900.0,98,329,2027-04-17,2026-10-01
910.0,292,78,2027-04-17,2026-10-01
920.0,157,57,2027-04-17,2026-10-01
930.0,217,326,2027-04-17,2026-10-01
940.0,48,100,2027-04-17,2026-10-01
950.0,208,190,2027-04-17,2026-10-01
960.0,86,69,2027-04-17,2026-10-01
970.0,73,48,2027-04-17,2026-10-01
980.0,32,174,2027-04-17,2026-10-01
990.0,100,123,2027-04-17,2026-10-01
1000.0,377,179,2027-04-17,2026-10-01
1010.0,71,90,2027-04-17,2026-10-01
1020.0,280,235,2027-04-17,2026-10-01
1030.0,36,159,2027-04-17,2026-10-01
1040.0,107,341,2027-04-17,2026-10-01
1050.0,98,78,2027-04-17,2026-10-01
1060.0,223,181,2027-04-17,2026-10-01
1070.0,70,56,2027-04-17,2026-10-01
1080.0,79,46,2027-04-17,2026-10-01
1100.0,0,0,2027-04-17,2026-10-01
1100.0,389,140,2027-04-17,2026-10-01
1120.0,88,60,2027-04-17,2026-10-01
1140.0,104,5,2027-04-17,2026-10-01
1160.0,814,8,2027-04-17,2026-10-01
1180.0,33,58,2027-04-17,2026-10-01
1200.0,218,67,2027-04-17,2026-10-01
1220.0,140,106,2027-04-17,2026-10-01
1240.0,48,9,2027-04-17,2026-10-01
1260.0,119,6,2027-04-17,2026-10-01
1280.0,339,12,2027-04-17,2026-10-01
1300.0,782,13,2027-04-17,2026-10-01
1320.0,122,7,2027-04-17,2026-10-01
1340.0,232,50,2027-04-17,2026-10-01
1360.0,91,0,2027-04-17,2026-10-01
1380.0,41,1,2027-04-17,2026-10-01
1400.0,176,2,2027-04-17,2026-10-01
1420.0,69,1,2027-04-17,2026-10-01
1440.0,190,2,2027-04-17,2026-10-01
1460.0,477,0,2027-04-17,2026-10-01
1480.0,264,9,2027-04-17,2026-10-01
1500.0,93,8,2027-04-17,2026-10-01
1520.0,20,0,2027-04-17,2026-10-01
1540.0,22,0,2027-04-17,2026-10-01
1560.0,82,0,2027-04-17,2026-10-01
1580.0,64,0,2027-04-17,2026-10-01
1600.0,203,0,2027-04-17,2026-10-01
5.0,1610,1,2027-06-18,2026-10-01
10.0,5,2,2027-06-18,2026-10-01
15.0,28,3,2027-06-18,2026-10-01
20.0,0,11,2027-06-18,2026-10-01
25.0,7,33,2027-06-18,2026-10-01
30.0,1,2,2027-06-18,2026-10-01
35.0,32,2522,2027-06-18,2026-10-01
40.0,5,968,2027-06-18,2026-10-01
45.0,80,1235,2027-06-18,2026-10-01
50.0,55,84,2027-06-18,2026-10-01
55.0,68,664,2027-06-18,2026-10-01
60.0,117,1164,2027-06-18,2026-10-01
65.0,113,343,2027-06-18,2026-10-01
70.0,156,5133,2027-06-18,2026-10-01
75.0,116,747,2027-06-18,2026-10-01
80.0,245,400,2027-06-18,2026-10-01
85.0,153,1284,2027-06-18,2026-10-01
90.0,122,2077,2027-06-18,2026-10-01
95.0,134,966,2027-06-18,2026-10-01
100.0,305,364,2027-06-18,2026-10-01
105.0,252,243,2027-06-18,2026-10-01
110.0,265,558,2027-06-18,2026-10-01
115.0,196,288,2027-06-18,2026-10-01
120.0,429,358,2027-06-18,2026-10-01
125.0,143,150,2027-06-18,2026-10-01
130.0,463,535,2027-06-18,2026-10-01
135.0,288,103,2027-06-18,2026-10-01
140.0,2680,173,2027-06-18,2026-10-01
145.0,86,180,2027-06-18,2026-10-01
150.0,206,1394,2027-06-18,2026-10-01
155.0,172,162,2027-06-18,2026-10-01
160.0,110,337,2027-06-18,2026-10-01
165.0,185,218,2027-06-18,2026-10-01
170.0,132,273,2027-06-18,2026-10-01
175.0,118,209,2027-06-18,2026-10-01
180.0,115,442,2027-06-18,2026-10-01
185.0,225,124,2027-06-18,2026-10-01
190.0,122,100,2027-06-18,2026-10-01
195.0,89,122,2027-06-18,2026-10-01
200.0,405,1022,2027-06-18,2026-10-01
210.0,172,260,2027-06-18,2026-10-01
220.0,138,440,2027-06-18,2026-10-01
230.0,223,627,2027-06-18,2026-10-01
240.0,149,1005,2027-06-18,2026-10-01
250.0,429,2672,2027-06-18,2026-10-01
260.0,3855,316,2027-06-18,2026-10-01
270.0,94,597,2027-06-18,2026-10-01
280.0,69,549,2027-06-18,2026-10-01
290.0,662,632,2027-06-18,2026-10-01
300.0,623,3704,2027-06-18,2026-10-01
310.0,144,464,2027-06-18,2026-10-01
320.0,145,143,2027-06-18,2026-10-01
330.0,306,628,2027-06-18,2026-10-01
340.0,270,357,2027-06-18,2026-10-01
350.0,425,941,2027-06-18,2026-10-01
360.0,153,678,2027-06-18,2026-10-01
370.0,123,458,2027-06-18,2026-10-01
380.0,495,641,2027-06-18,2026-10-01
390.0,265,577,2027-06-18,2026-10-01
400.0,1115,4389,2027-06-18,2026-10-01
410.0,286,641,2027-06-18,2026-10-01
420.0,329,531,2027-06-18,2026-10-01
430.0,369,403,2027-06-18,2026-10-01
440.0,288,524,2027-06-18,2026-10-01
450.0,385,1333,2027-06-18,2026-10-01
460.0,161,292,2027-06-18,2026-10-01
470.0,737,845,2027-06-18,2026-10-01
480.0,428,366,2027-06-18,2026-10-01
490.0,300,699,2027-06-18,2026-10-01
500.0,1427,2602,2027-06-18,2026-10-01
510.0,676,759,2027-06-18,2026-10-01
520.0,266,316,2027-06-18,2026-10-01
530.0,30,0,2027-06-18,2026-10-01
530.0,368,350,2027-06-18,2026-10-01
540.0,1948,705,2027-06-18,2026-10-01
550.0,743,2518,2027-06-18,2026-10-01
560.0,465,607,2027-06-18,2026-10-01
570.0,266,272,2027-06-18,2026-10-01
580.0,354,945,2027-06-18,2026-10-01
590.0,221,1014,2027-06-18,2026-10-01
600.0,1397,4534,2027-06-18,2026-10-01
610.0,421,461,2027-06-18,2026-10-01
620.0,182,931,2027-06-18,2026-10-01
630.0,501,400,2027-06-18,2026-10-01
640.0,448,1180,2027-06-18,2026-10-01
650.0,1039,2757,2027-06-18,2026-10-01
660.0,265,290,2027-06-18,2026-10-01
670.0,273,339,2027-06-18,2026-10-01
680.0,399,785,2027-06-18,2026-10-01
690.0,2261,377,2027-06-18,2026-10-01
700.0,2444,2504,2027-06-18,2026-10-01
710.0,278,246,2027-06-18,2026-10-01
720.0,939,1201,2027-06-18,2026-10-01
730.0,441,431,2027-06-18,2026-10-01
740.0,2750,462,2027-06-18,2026-10-01
750.0,1670,3411,2027-06-18,2026-10-01
760.0,596,433,2027-06-18,2026-10-01
770.0,225,355,2027-06-18,2026-10-01
780.0,468,1857,2027-06-18,2026-10-01
790.0,1233,297,2027-06-18,2026-10-01
800.0,0,290,2027-06-18,2026-10-01
800.0,1844,3096,2027-06-18,2026-10-01
810.0,161,437,2027-06-18,2026-10-01
820.0,396,298,2027-06-18,2026-10-01
830.0,633,471,2027-06-18,2026-10-01
840.0,268,741,2027-06-18,2026-10-01
850.0,821,1485,2027-06-18,2026-10-01
860.0,281,320,2027-06-18,2026-10-01
870.0,1302,631,2027-06-18,2026-10-01
880.0,677,738,2027-06-18,2026-10-01
890.0,2079,395,2027-06-18,2026-10-01
900.0,3015,4919,2027-06-18,2026-10-01
910.0,1674,454,2027-06-18,2026-10-01
920.0,375,257,2027-06-18,2026-10-01
930.0,485,644,2027-06-18,2026-10-01
940.0,338,259,2027-06-18,2026-10-01
950.0,1288,1216,2027-06-18,2026-10-01
960.0,394,380,2027-06-18,2026-10-01
970.0,265,482,2027-06-18,2026-10-01
980.0,365,174,2027-06-18,2026-10-01
990.0,221,113,2027-06-18,2026-10-01
1000.0,2579,1583,2027-06-18,2026-10-01
1010.0,182,328,2027-06-18,2026-10-01
1020.0,295,76,2027-06-18,2026-10-01
1030.0,173,149,2027-06-18,2026-10-01
1040.0,215,82,2027-06-18,2026-10-01
1050.0,640,607,2027-06-18,2026-10-01
1060.0,742,684,2027-06-18,2026-10-01
1070.0,250,139,2027-06-18,2026-10-01
1080.0,483,154,2027-06-18,2026-10-01
1090.0,362,198,2027-06-18,2026-10-01
1100.0,2173,622,2027-06-18,2026-10-01
1110.0,255,77,2027-06-18,2026-10-01
1120.0,203,101,2027-06-18,2026-10-01
1130.0,107,53,2027-06-18,2026-10-01
1140.0,251,80,2027-06-18,2026-10-01
1150.0,584,1023,2027-06-18,2026-10-01
1160.0,366,36,2027-06-18,2026-10-01
1170.0,196,119,2027-06-18,2026-10-01
1180.0,305,99,2027-06-18,2026-10-01
1190.0,78,57,2027-06-18,2026-10-01
1200.0,2109,58,2027-06-18,2026-10-01
1210.0,1448,30,2027-06-18,2026-10-01
1220.0,199,47,2027-06-18,2026-10-01
1230.0,94,30,2027-06-18,2026-10-01
1240.0,334,106,2027-06-18,2026-10-01
1250.0,11,0,2027-06-18,2026-10-01
1250.0,876,526,2027-06-18,2026-10-01
1260.0,175,43,2027-06-18,2026-10-01
1270.0,102,27,2027-06-18,2026-10-01
1280.0,105,86,2027-06-18,2026-10-01
1290.0,534,111,2027-06-18,2026-10-01
1300.0,1427,284,2027-06-18,2026-10-01
1310.0,67,37,2027-06-18,2026-10-01
1320.0,268,79,2027-06-18,2026-10-01
1330.0,139,88,2027-06-18,2026-10-01
1340.0,269,59,2027-06-18,2026-10-01
1350.0,462,569,2027-06-18,2026-10-01
1360.0,334,50,2027-06-18,2026-10-01
1370.0,216,28,2027-06-18,2026-10-01
1380.0,300,65,2027-06-18,2026-10-01
1390.0,208,94,2027-06-18,2026-10-01
1400.0,1114,173,2027-06-18,2026-10-01
1410.0,417,141,2027-06-18,2026-10-01
1420.0,332,156,2027-06-18,2026-10-01
1430.0,418,81,2027-06-18,2026-10-01
1440.0,278,161,2027-06-18,2026-10-01
1450.0,420,79,2027-06-18,2026-10-01
1460.0,560,117,2027-06-18,2026-10-01
1470.0,288,19,2027-06-18,2026-10-01
1480.0,415,50,2027-06-18,2026-10-01
1490.0,169,38,2027-06-18,2026-10-01
1500.0,2356,111,2027-06-18,2026-10-01
1510.0,255,11,2027-06-18,2026-10-01
1520.0,546,35,2027-06-18,2026-10-01
1530.0,185,36,2027-06-18,2026-10-01
1540.0,162,28,2027-06-18,2026-10-01
1550.0,132,13,2027-06-18,2026-10-01
1560.0,348,13,2027-06-18,2026-10-01
1570.0,517,12,2027-06-18,2026-10-01
1580.0,104,31,2027-06-18,2026-10-01
1590.0,417,10,2027-06-18,2026-10-01
1600.0,1752,69,2027-06-18,2026-10-01
1610.0,179,10,2027-06-18,2026-10-01
1620.0,459,30,2027-06-18,2026-10-01
1630.0,200,77,2027-06-18,2026-10-01
1640.0,301,20,2027-06-18,2026-10-01
1650.0,318,28,2027-06-18,2026-10-01
1660.0,610,17,2027-06-18,2026-10-01
1670.0,133,82,2027-06-18,2026-10-01
1680.0,123,6,2027-06-18,2026-10-01
1690.0,262,35,2027-06-18,2026-10-01
1700.0,383,83,2027-06-18,2026-10-01
1710.0,304,27,2027-06-18,2026-10-01
1720.0,450,23,2027-06-18,2026-10-01
1730.0,182,17,2027-06-18,2026-10-01
1740.0,136,26,2027-06-18,2026-10-01
1750.0,440,16,2027-06-18,2026-10-01
1760.0,113,48,2027-06-18,2026-10-01
1770.0,174,18,2027-06-18,2026-10-01
1775.0,290,0,2027-06-18,2026-10-01
1780.0,307,52,2027-06-18,2026-10-01
1790.0,237,11,2027-06-18,2026-10-01
1800.0,1977,30,2027-06-18,2026-10-01
1810.0,191,7,2027-06-18,2026-10-01
1820.0,231,1,2027-06-18,2026-10-01
1830.0,386,2,2027-06-18,2026-10-01
1840.0,335,3,2027-06-18,2026-10-01
1850.0,212,20,2027-06-18,2026-10-01
1860.0,252,19,2027-06-18,2026-10-01
1870.0,163,0,2027-06-18,2026-10-01
1880.0,364,25,2027-06-18,2026-10-01
1890.0,288,0,2027-06-18,2026-10-01
1900.0,750,7,2027-06-18,2026-10-01
1910.0,560,99,2027-06-18,2026-10-01
1920.0,450,1,2027-06-18,2026-10-01
1930.0,529,1,2027-06-18,2026-10-01
1940.0,376,7,2027-06-18,2026-10-01
1950.0,361,0,2027-06-18,2026-10-01
1960.0,468,0,2027-06-18,2026-10-01
1970.0,123,1,2027-06-18,2026-10-01
1980.0,99,5,2027-06-18,2026-10-01
1990.0,39,1,2027-06-18,2026-10-01
2000.0,1916,6,2027-06-18,2026-10-01
2010.0,81,31,2027-06-18,2026-10-01
2020.0,247,1,2027-06-18,2026-10-01
2030.0,46,2,2027-06-18,2026-10-01
2040.0,141,10,2027-06-18,2026-10-01
2050.0,69,6,2027-06-18,2026-10-01
2060.0,106,10,2027-06-18,2026-10-01
2070.0,13,7,2027-06-18,2026-10-01
2080.0,46,10,2027-06-18,2026-10-01
2090.0,55,7,2027-06-18,2026-10-01
2100.0,338,34,2027-06-18,2026-10-01
2110.0,103,2,2027-06-18,2026-10-01
2120.0,26,0,2027-06-18,2026-10-01
2130.0,57,0,2027-06-18,2026-10-01
2140.0,195,47,2027-06-18,2026-10-01
2150.0,257,4,2027-06-18,2026-10-01
2160.0,282,0,2027-06-18,2026-10-01
2170.0,333,2,2027-06-18,2026-10-01
2180.0,66,3,2027-06-18,2026-10-01
2190.0,201,5,2027-06-18,2026-10-01
2200.0,141,18,2027-06-18,2026-10-01
2210.0,119,1,2027-06-18,2026-10-01
2220.0,126,6,2027-06-18,2026-10-01
2230.0,202,1,2027-06-18,2026-10-01
2240.0,18,0,2027-06-18,2026-10-01
2250.0,108,1,2027-06-18,2026-10-01
2260.0,52,0,2027-06-18,2026-10-01
2270.0,215,0,2027-06-18,2026-10-01
2280.0,36,0,2027-06-18,2026-10-01
2290.0,758,6,2027-06-18,2026-10-01
2300.0,152,0,2027-06-18,2026-10-01
2310.0,207,0,2027-06-18,2026-10-01
2320.0,304,0,2027-06-18,2026-10-01
2330.0,127,0,2027-06-18,2026-10-01
2340.0,201,0,2027-06-18,2026-10-01
2350.0,122,1,2027-06-18,2026-10-01
2360.0,188,0,2027-06-18,2026-10-01
2370.0,295,0,2027-06-18,2026-10-01
2380.0,308,0,2027-06-18,2026-10-01
2390.0,492,0,2027-06-18,2026-10-01
2400.0,211,0,2027-06-18,2026-10-01
2410.0,489,0,2027-06-18,2026-10-01
2420.0,293,0,2027-06-18,2026-10-01
2440.0,343,0,2027-06-18,2026-10-01
2460.0,630,0,2027-06-18,2026-10-01
2480.0,450,1,2027-06-18,2026-10-01
2500.0,3147,0,2027-06-18,2026-10-01
500.0,0,236,2027-07-17,2026-10-01
510.0,1,29,2027-07-17,2026-10-01
520.0,1,53,2027-07-17,2026-10-01
530.0,0,41,2027-07-17,2026-10-01
540.0,0,9,2027-07-17,2026-10-01
550.0,0,54,2027-07-17,2026-10-01
560.0,0,52,2027-07-17,2026-10-01
570.0,4,9,2027-07-17,2026-10-01
580.0,0,13,2027-07-17,2026-10-01
590.0,0,49,2027-07-17,2026-10-01
600.0,0,29,2027-07-17,2026-10-01
610.0,0,6,2027-07-17,2026-10-01
620.0,0,65,2027-07-17,2026-10-01
630.0,0,10,2027-07-17,2026-10-01
640.0,0,12,2027-07-17,2026-10-01
650.0,0,18,2027-07-17,2026-10-01
660.0,0,11,2027-07-17,2026-10-01
670.0,0,37,2027-07-17,2026-10-01
680.0,0,51,2027-07-17,2026-10-01
690.0,0,10,2027-07-17,2026-10-01
700.0,0,27,2027-07-17,2026-10-01
710.0,0,28,2027-07-17,2026-10-01
720.0,3,21,2027-07-17,2026-10-01
730.0,0,7,2027-07-17,2026-10-01
740.0,0,18,2027-07-17,2026-10-01
750.0,0,118,2027-07-17,2026-10-01
760.0,0,2,2027-07-17,2026-10-01
770.0,0,0,2027-07-17,2026-10-01
780.0,0,16,2027-07-17,2026-10-01
790.0,0,23,2027-07-17,2026-10-01
800.0,7,95,2027-07-17,2026-10-01
810.0,0,35,2027-07-17,2026-10-01
820.0,0,70,2027-07-17,2026-10-01
830.0,0,20,2027-07-17,2026-10-01
840.0,0,76,2027-07-17,2026-10-01
850.0,0,63,2027-07-17,2026-10-01
860.0,0,34,2027-07-17,2026-10-01
870.0,0,88,2027-07-17,2026-10-01
880.0,0,18,2027-07-17,2026-10-01
890.0,0,152,2027-07-17,2026-10-01
900.0,4,151,2027-07-17,2026-10-01
910.0,1,23,2027-07-17,2026-10-01
920.0,2,15,2027-07-17,2026-10-01
930.0,9,3,2027-07-17,2026-10-01
940.0,15,9,2027-07-17,2026-10-01
950.0,16,7,2027-07-17,2026-10-01
960.0,25,13,2027-07-17,2026-10-01
970.0,1,17,2027-07-17,2026-10-01
980.0,1,141,2027-07-17,2026-10-01
990.0,1,39,2027-07-17,2026-10-01
1000.0,24,83,2027-07-17,2026-10-01
1010.0,9,101,2027-07-17,2026-10-01
1020.0,2,63,2027-07-17,2026-10-01
1030.0,23,36,2027-07-17,2026-10-01
1040.0,2,22,2027-07-17,2026-10-01
1050.0,52,316,2027-07-17,2026-10-01
1060.0,17,106,2027-07-17,2026-10-01
1070.0,8,127,2027-07-17,2026-10-01
1080.0,2,32,2027-07-17,2026-10-01
1090.0,20,9,2027-07-17,2026-10-01
1100.0,104,2,2027-07-17,2026-10-01
1110.0,8,1,2027-07-17,2026-10-01
1120.0,54,16,2027-07-17,2026-10-01
1130.0,9,5,2027-07-17,2026-10-01
1140.0,78,2,2027-07-17,2026-10-01
1150.0,36,6,2027-07-17,2026-10-01
1160.0,28,2,2027-07-17,2026-10-01
1170.0,25,0,2027-07-17,2026-10-01
1180.0,42,3,2027-07-17,2026-10-01
1190.0,1,2,2027-07-17,2026-10-01
1200.0,20,103,2027-07-17,2026-10-01
1210.0,1,5,2027-07-17,2026-10-01
1220.0,38,2,2027-07-17,2026-10-01
1230.0,2,0,2027-07-17,2026-10-01
1240.0,13,3,2027-07-17,2026-10-01
1250.0,2,0,2027-07-17,2026-10-01
1260.0,46,10,2027-07-17,2026-10-01
1270.0,47,3,2027-07-17,2026-10-01
1280.0,1,3,2027-07-17,2026-10-01
1290.0,6,3,2027-07-17,2026-10-01
1300.0,35,12,2027-07-17,2026-10-01
1310.0,31,7,2027-07-17,2026-10-01
1320.0,38,4,2027-07-17,2026-10-01
1330.0,24,0,2027-07-17,2026-10-01
1340.0,57,3,2027-07-17,2026-10-01
1350.0,25,5,2027-07-17,2026-10-01
1360.0,30,2,2027-07-17,2026-10-01
1370.0,11,1,2027-07-17,2026-10-01
1380.0,3,0,2027-07-17,2026-10-01
1390.0,10,1,2027-07-17,2026-10-01
1400.0,25,0,2027-07-17,2026-10-01
1420.0,6,0,2027-07-17,2026-10-01
1440.0,1,0,2027-07-17,2026-10-01
1460.0,0,1,2027-07-17,2026-10-01
1480.0,18,0,2027-07-17,2026-10-01
1500.0,11,0,2027-07-17,2026-10-01
1520.0,2,0,2027-07-17,2026-10-01
1540.0,3,0,2027-07-17,2026-10-01
1560.0,2,0,2027-07-17,2026-10-01
1580.0,9,0,2027-07-17,2026-10-01
1600.0,52,3,2027-07-17,2026-10-01
5.0,4412,107,2027-09-18,2026-10-01
10.0,584,0,2027-09-18,2026-10-01
15.0,0,2,2027-09-18,2026-10-01
20.0,0,3,2027-09-18,2026-10-01
25.0,0,4,2027-09-18,2026-10-01
30.0,0,3,2027-09-18,2026-10-01
40.0,0,12,2027-09-18,2026-10-01
50.0,1,37,2027-09-18,2026-10-01
60.0,0,82,2027-09-18,2026-10-01
70.0,1,175,2027-09-18,2026-10-01
80.0,1,382,2027-09-18,2026-10-01
90.0,12,335,2027-09-18,2026-10-01
100.0,25,912,2027-09-18,2026-10-01
110.0,5,134,2027-09-18,2026-10-01
120.0,2,754,2027-09-18,2026-10-01
130.0,6,146,2027-09-18,2026-10-01
140.0,4,551,2027-09-18,2026-10-01
150.0,5,344,2027-09-18,2026-10-01
160.0,14,437,2027-09-18,2026-10-01
170.0,128,182,2027-09-18,2026-10-01
180.0,4,44,2027-09-18,2026-10-01
185.0,2,10,2027-09-18,2026-10-01
190.0,158,220,2027-09-18,2026-10-01
195.0,3,212,2027-09-18,2026-10-01
200.0,12,141,2027-09-18,2026-10-01
210.0,6,55,2027-09-18,2026-10-01
220.0,8,118,2027-09-18,2026-10-01
230.0,8,61,2027-09-18,2026-10-01
240.0,5,181,2027-09-18,2026-10-01
250.0,47,290,2027-09-18,2026-10-01
260.0,31,218,2027-09-18,2026-10-01
270.0,7,107,2027-09-18,2026-10-01
280.0,48,87,2027-09-18,2026-10-01
290.0,8,561,2027-09-18,2026-10-01
300.0,97,254,2027-09-18,2026-10-01
310.0,33,122,2027-09-18,2026-10-01
320.0,27,97,2027-09-18,2026-10-01
330.0,30,54,2027-09-18,2026-10-01
340.0,16,116,2027-09-18,2026-10-01
350.0,110,229,2027-09-18,2026-10-01
360.0,17,66,2027-09-18,2026-10-01
370.0,32,132,2027-09-18,2026-10-01
380.0,13,115,2027-09-18,2026-10-01
390.0,56,75,2027-09-18,2026-10-01
400.0,99,345,2027-09-18,2026-10-01
410.0,22,119,2027-09-18,2026-10-01
420.0,48,44,2027-09-18,2026-10-01
430.0,244,99,2027-09-18,2026-10-01
440.0,103,77,2027-09-18,2026-10-01
450.0,81,190,2027-09-18,2026-10-01
460.0,17,80,2027-09-18,2026-10-01
470.0,45,90,2027-09-18,2026-10-01
480.0,63,226,2027-09-18,2026-10-01
490.0,47,155,2027-09-18,2026-10-01
500.0,308,614,2027-09-18,2026-10-01
510.0,168,116,2027-09-18,2026-10-01
520.0,10,320,2027-09-18,2026-10-01
530.0,58,183,2027-09-18,2026-10-01
540.0,28,104,2027-09-18,2026-10-01
550.0,167,436,2027-09-18,2026-10-01
560.0,153,226,2027-09-18,2026-10-01
570.0,276,137,2027-09-18,2026-10-01
580.0,65,303,2027-09-18,2026-10-01
590.0,23,166,2027-09-18,2026-10-01
600.0,609,965,2027-09-18,2026-10-01
610.0,80,233,2027-09-18,2026-10-01
620.0,65,153,2027-09-18,2026-10-01
630.0,105,393,2027-09-18,2026-10-01
640.0,93,197,2027-09-18,2026-10-01
650.0,133,1433,2027-09-18,2026-10-01
660.0,275,176,2027-09-18,2026-10-01
670.0,120,232,2027-09-18,2026-10-01
680.0,123,207,2027-09-18,2026-10-01
690.0,92,231,2027-09-18,2026-10-01
700.0,646,803,2027-09-18,2026-10-01
710.0,51,149,2027-09-18,2026-10-01
720.0,109,70,2027-09-18,2026-10-01
730.0,103,154,2027-09-18,2026-10-01
740.0,65,163,2027-09-18,2026-10-01
750.0,385,345,2027-09-18,2026-10-01
760.0,60,324,2027-09-18,2026-10-01
770.0,259,167,2027-09-18,2026-10-01
780.0,95,412,2027-09-18,2026-10-01
790.0,70,77,2027-09-18,2026-10-01
800.0,562,556,2027-09-18,2026-10-01
810.0,163,81,2027-09-18,2026-10-01
820.0,143,504,2027-09-18,2026-10-01
830.0,245,268,2027-09-18,2026-10-01
840.0,90,215,2027-09-18,2026-10-01
850.0,322,725,2027-09-18,2026-10-01
860.0,225,148,2027-09-18,2026-10-01
870.0,268,222,2027-09-18,2026-10-01
880.0,555,375,2027-09-18,2026-10-01
890.0,439,133,2027-09-18,2026-10-01
900.0,844,940,2027-09-18,2026-10-01
920.0,148,223,2027-09-18,2026-10-01
930.0,472,113,2027-09-18,2026-10-01
940.0,468,243,2027-09-18,2026-10-01
950.0,307,86,2027-09-18,2026-10-01
960.0,405,87,2027-09-18,2026-10-01
970.0,349,79,2027-09-18,2026-10-01
980.0,115,102,2027-09-18,2026-10-01
990.0,241,126,2027-09-18,2026-10-01
1000.0,913,355,2027-09-18,2026-10-01
1010.0,108,184,2027-09-18,2026-10-01
1020.0,248,62,2027-09-18,2026-10-01
1030.0,80,90,2027-09-18,2026-10-01
1040.0,96,101,2027-09-18,2026-10-01
1050.0,179,45,2027-09-18,2026-10-01
1060.0,162,63,2027-09-18,2026-10-01
1070.0,232,96,2027-09-18,2026-10-01
1080.0,102,249,2027-09-18,2026-10-01
1090.0,86,119,2027-09-18,2026-10-01
1100.0,519,874,2027-09-18,2026-10-01
1110.0,315,82,2027-09-18,2026-10-01
1120.0,132,21,2027-09-18,2026-10-01
1130.0,234,43,2027-09-18,2026-10-01
1140.0,63,63,2027-09-18,2026-10-01
1150.0,374,89,2027-09-18,2026-10-01
1160.0,78,23,2027-09-18,2026-10-01
1170.0,259,39,2027-09-18,2026-10-01
1180.0,53,15,2027-09-18,2026-10-01
1190.0,46,19,2027-09-18,2026-10-01
1200.0,602,625,2027-09-18,2026-10-01
1210.0,351,38,2027-09-18,2026-10-01
1220.0,565,55,2027-09-18,2026-10-01
1230.0,96,348,2027-09-18,2026-10-01
1240.0,536,176,2027-09-18,2026-10-01
1250.0,11,0,2027-09-18,2026-10-01
1250.0,191,310,2027-09-18,2026-10-01
1260.0,376,39,2027-09-18,2026-10-01
1270.0,469,12,2027-09-18,2026-10-01
1280.0,46,452,2027-09-18,2026-10-01
1290.0,92,15,2027-09-18,2026-10-01
1300.0,275,222,2027-09-18,2026-10-01
1310.0,140,12,2027-09-18,2026-10-01
1320.0,495,146,2027-09-18,2026-10-01
1330.0,80,7,2027-09-18,2026-10-01
1340.0,78,3,2027-09-18,2026-10-01
1350.0,236,11,2027-09-18,2026-10-01
1360.0,162,64,2027-09-18,2026-10-01
1370.0,53,300,2027-09-18,2026-10-01
1380.0,34,4,2027-09-18,2026-10-01
1390.0,57,4,2027-09-18,2026-10-01
1400.0,718,86,2027-09-18,2026-10-01
1410.0,52,3,2027-09-18,2026-10-01
1420.0,645,32,2027-09-18,2026-10-01
1430.0,48,77,2027-09-18,2026-10-01
1440.0,134,11,2027-09-18,2026-10-01
1450.0,113,19,2027-09-18,2026-10-01
1460.0,132,66,2027-09-18,2026-10-01
1470.0,29,1,2027-09-18,2026-10-01
1480.0,122,444,2027-09-18,2026-10-01
1490.0,266,1,2027-09-18,2026-10-01
1500.0,398,294,2027-09-18,2026-10-01
1510.0,249,7,2027-09-18,2026-10-01
1520.0,312,3,2027-09-18,2026-10-01
1530.0,439,7,2027-09-18,2026-10-01
1540.0,238,33,2027-09-18,2026-10-01
1550.0,367,29,2027-09-18,2026-10-01
1560.0,457,8,2027-09-18,2026-10-01
1570.0,101,12,2027-09-18,2026-10-01
1580.0,299,101,2027-09-18,2026-10-01
1590.0,186,3,2027-09-18,2026-10-01
1600.0,194,47,2027-09-18,2026-10-01
1610.0,277,14,2027-09-18,2026-10-01
1620.0,892,90,2027-09-18,2026-10-01
1630.0,480,118,2027-09-18,2026-10-01
1640.0,136,3,2027-09-18,2026-10-01
1650.0,254,1,2027-09-18,2026-10-01
1660.0,785,16,2027-09-18,2026-10-01
1670.0,187,1,2027-09-18,2026-10-01
1680.0,224,2,2027-09-18,2026-10-01
1690.0,73,7,2027-09-18,2026-10-01
1700.0,109,255,2027-09-18,2026-10-01
1710.0,273,4,2027-09-18,2026-10-01
1720.0,144,12,2027-09-18,2026-10-01
1730.0,238,4,2027-09-18,2026-10-01
1740.0,410,7,2027-09-18,2026-10-01
1750.0,113,25,2027-09-18,2026-10-01
1760.0,144,6,2027-09-18,2026-10-01
1770.0,75,4,2027-09-18,2026-10-01
1780.0,364,7,2027-09-18,2026-10-01
1790.0,561,11,2027-09-18,2026-10-01
1800.0,457,4,2027-09-18,2026-10-01
1810.0,197,4,2027-09-18,2026-10-01
1820.0,158,3,2027-09-18,2026-10-01
1830.0,168,74,2027-09-18,2026-10-01
1840.0,180,5,2027-09-18,2026-10-01
1850.0,106,1,2027-09-18,2026-10-01
1860.0,96,1,2027-09-18,2026-10-01
1870.0,117,0,2027-09-18,2026-10-01
1880.0,261,4,2027-09-18,2026-10-01
1890.0,212,13,2027-09-18,2026-10-01
1900.0,360,31,2027-09-18,2026-10-01
1910.0,56,7,2027-09-18,2026-10-01
1920.0,18,0,2027-09-18,2026-10-01
1930.0,49,0,2027-09-18,2026-10-01
1940.0,54,0,2027-09-18,2026-10-01
1950.0,70,1,2027-09-18,2026-10-01
1960.0,14,0,2027-09-18,2026-10-01
1970.0,71,43,2027-09-18,2026-10-01
1980.0,199,40,2027-09-18,2026-10-01
1990.0,103,3,2027-09-18,2026-10-01
2000.0,618,4,2027-09-18,2026-10-01
2010.0,696,2,2027-09-18,2026-10-01
2020.0,81,0,2027-09-18,2026-10-01
2030.0,54,1,2027-09-18,2026-10-01
2040.0,41,0,2027-09-18,2026-10-01
2050.0,59,2,2027-09-18,2026-10-01
2060.0,57,1,2027-09-18,2026-10-01
2070.0,83,0,2027-09-18,2026-10-01
2080.0,45,6,2027-09-18,2026-10-01
2090.0,104,2,2027-09-18,2026-10-01
2100.0,74,24,2027-09-18,2026-10-01
2110.0,200,0,2027-09-18,2026-10-01
2120.0,39,0,2027-09-18,2026-10-01
2130.0,37,0,2027-09-18,2026-10-01
2140.0,55,1,2027-09-18,2026-10-01
2150.0,126,0,2027-09-18,2026-10-01
2160.0,35,2,2027-09-18,2026-10-01
2170.0,371,7,2027-09-18,2026-10-01
2180.0,3,2,2027-09-18,2026-10-01
2190.0,69,3,2027-09-18,2026-10-01
2200.0,127,11,2027-09-18,2026-10-01
2210.0,66,0,2027-09-18,2026-10-01
2220.0,51,5,2027-09-18,2026-10-01
2230.0,11,0,2027-09-18,2026-10-01
2240.0,123,1,2027-09-18,2026-10-01
2250.0,78,3,2027-09-18,2026-10-01
2260.0,133,1,2027-09-18,2026-10-01
2270.0,65,0,2027-09-18,2026-10-01
2280.0,15,1,2027-09-18,2026-10-01
2290.0,35,2,2027-09-18,2026-10-01
2300.0,29,1,2027-09-18,2026-10-01
2310.0,41,2,2027-09-18,2026-10-01
2320.0,99,2,2027-09-18,2026-10-01
2330.0,117,1,2027-09-18,2026-10-01
2340.0,118,1,2027-09-18,2026-10-01
2350.0,60,3,2027-09-18,2026-10-01
2360.0,89,2,2027-09-18,2026-10-01
2370.0,54,6,2027-09-18,2026-10-01
2380.0,140,3,2027-09-18,2026-10-01
2390.0,173,0,2027-09-18,2026-10-01
2400.0,282,0,2027-09-18,2026-10-01
2410.0,287,0,2027-09-18,2026-10-01
2420.0,342,5,2027-09-18,2026-10-01
2440.0,642,0,2027-09-18,2026-10-01
2460.0,661,0,2027-09-18,2026-10-01
2480.0,1064,3,2027-09-18,2026-10-01
2500.0,892,1,2027-09-18,2026-10-01
5.0,6274,1247,2027-12-18,2026-10-01
10.0,7,3,2027-12-18,2026-10-01
15.0,2,9,2027-12-18,2026-10-01
20.0,4,17,2027-12-18,2026-10-01
25.0,2201,1202,2027-12-18,2026-10-01
30.0,62,458,2027-12-18,2026-10-01
35.0,70,467,2027-12-18,2026-10-01
40.0,112,5497,2027-12-18,2026-10-01
45.0,97,399,2027-12-18,2026-10-01
50.0,155,853,2027-12-18,2026-10-01
55.0,189,1613,2027-12-18,2026-10-01
60.0,849,1145,2027-12-18,2026-10-01
65.0,136,1710,2027-12-18,2026-10-01
70.0,149,2453,2027-12-18,2026-10-01
75.0,496,1296,2027-12-18,2026-10-01
80.0,206,897,2027-12-18,2026-10-01
85.0,172,353,2027-12-18,2026-10-01
90.0,308,245,2027-12-18,2026-10-01
95.0,156,224,2027-12-18,2026-10-01
100.0,317,662,2027-12-18,2026-10-01
105.0,149,289,2027-12-18,2026-10-01
110.0,303,533,2027-12-18,2026-10-01
115.0,300,147,2027-12-18,2026-10-01
120.0,221,207,2027-12-18,2026-10-01
125.0,271,301,2027-12-18,2026-10-01
130.0,254,278,2027-12-18,2026-10-01
135.0,210,256,2027-12-18,2026-10-01
140.0,133,322,2027-12-18,2026-10-01
145.0,197,123,2027-12-18,2026-10-01
150.0,474,328,2027-12-18,2026-10-01
155.0,83,69,2027-12-18,2026-10-01
160.0,185,129,2027-12-18,2026-10-01
165.0,155,69,2027-12-18,2026-10-01
170.0,521,733,2027-12-18,2026-10-01
175.0,98,82,2027-12-18,2026-10-01
180.0,78,377,2027-12-18,2026-10-01
185.0,36,241,2027-12-18,2026-10-01
190.0,1360,681,2027-12-18,2026-10-01
195.0,231,43,2027-12-18,2026-10-01
200.0,383,443,2027-12-18,2026-10-01
210.0,299,249,2027-12-18,2026-10-01
220.0,160,129,2027-12-18,2026-10-01
230.0,240,165,2027-12-18,2026-10-01
240.0,130,123,2027-12-18,2026-10-01
250.0,50,0,2027-12-18,2026-10-01
250.0,94,380,2027-12-18,2026-10-01
260.0,144,188,2027-12-18,2026-10-01
270.0,89,86,2027-12-18,2026-10-01
280.0,196,435,2027-12-18,2026-10-01
290.0,165,486,2027-12-18,2026-10-01
300.0,320,369,2027-12-18,2026-10-01
310.0,171,107,2027-12-18,2026-10-01
320.0,124,147,2027-12-18,2026-10-01
330.0,213,242,2027-12-18,2026-10-01
340.0,120,124,2027-12-18,2026-10-01
350.0,83,97,2027-12-18,2026-10-01
360.0,87,164,2027-12-18,2026-10-01
370.0,89,219,2027-12-18,2026-10-01
380.0,175,137,2027-12-18,2026-10-01
390.0,137,138,2027-12-18,2026-10-01
400.0,795,723,2027-12-18,2026-10-01
410.0,158,191,2027-12-18,2026-10-01
420.0,121,156,2027-12-18,2026-10-01
430.0,397,376,2027-12-18,2026-10-01
440.0,68,210,2027-12-18,2026-10-01
450.0,361,203,2027-12-18,2026-10-01
460.0,87,34,2027-12-18,2026-10-01
470.0,579,85,2027-12-18,2026-10-01
480.0,124,111,2027-12-18,2026-10-01
490.0,254,366,2027-12-18,2026-10-01
500.0,518,737,2027-12-18,2026-10-01
510.0,192,131,2027-12-18,2026-10-01
520.0,263,93,2027-12-18,2026-10-01
530.0,270,62,2027-12-18,2026-10-01
540.0,74,63,2027-12-18,2026-10-01
550.0,381,229,2027-12-18,2026-10-01
560.0,246,86,2027-12-18,2026-10-01
570.0,149,94,2027-12-18,2026-10-01
580.0,291,92,2027-12-18,2026-10-01
590.0,143,98,2027-12-18,2026-10-01
600.0,451,367,2027-12-18,2026-10-01
610.0,86,95,2027-12-18,2026-10-01
620.0,147,79,2027-12-18,2026-10-01
630.0,543,187,2027-12-18,2026-10-01
640.0,291,185,2027-12-18,2026-10-01
650.0,585,709,2027-12-18,2026-10-01
660.0,95,184,2027-12-18,2026-10-01
670.0,74,27,2027-12-18,2026-10-01
680.0,377,484,2027-12-18,2026-10-01
690.0,386,86,2027-12-18,2026-10-01
700.0,785,1159,2027-12-18,2026-10-01
710.0,138,296,2027-12-18,2026-10-01
720.0,303,555,2027-12-18,2026-10-01
730.0,332,67,2027-12-18,2026-10-01
740.0,376,42,2027-12-18,2026-10-01
750.0,419,255,2027-12-18,2026-10-01
760.0,231,151,2027-12-18,2026-10-01
770.0,131,162,2027-12-18,2026-10-01
780.0,190,148,2027-12-18,2026-10-01
790.0,227,48,2027-12-18,2026-10-01
800.0,1060,630,2027-12-18,2026-10-01
810.0,227,239,2027-12-18,2026-10-01
820.0,235,169,2027-12-18,2026-10-01
830.0,147,290,2027-12-18,2026-10-01
840.0,199,684,2027-12-18,2026-10-01
850.0,240,490,2027-12-18,2026-10-01
860.0,235,273,2027-12-18,2026-10-01
870.0,321,70,2027-12-18,2026-10-01
880.0,505,332,2027-12-18,2026-10-01
890.0,655,246,2027-12-18,2026-10-01
900.0,1004,573,2027-12-18,2026-10-01
910.0,1326,46,2027-12-18,2026-10-01
920.0,199,303,2027-12-18,2026-10-01
930.0,146,414,2027-12-18,2026-10-01
940.0,172,48,2027-12-18,2026-10-01
950.0,712,374,2027-12-18,2026-10-01
960.0,289,159,2027-12-18,2026-10-01
970.0,485,52,2027-12-18,2026-10-01
980.0,190,80,2027-12-18,2026-10-01
990.0,63,90,2027-12-18,2026-10-01
1000.0,778,1452,2027-12-18,2026-10-01
1010.0,151,113,2027-12-18,2026-10-01
1020.0,470,44,2027-12-18,2026-10-01
1030.0,164,79,2027-12-18,2026-10-01
1040.0,404,62,2027-12-18,2026-10-01
1050.0,467,33,2027-12-18,2026-10-01
1060.0,363,31,2027-12-18,2026-10-01
1070.0,584,51,2027-12-18,2026-10-01
1080.0,217,140,2027-12-18,2026-10-01
1090.0,272,203,2027-12-18,2026-10-01
1100.0,1174,334,2027-12-18,2026-10-01
1110.0,476,52,2027-12-18,2026-10-01
1120.0,228,83,2027-12-18,2026-10-01
1130.0,485,33,2027-12-18,2026-10-01
1140.0,168,13,2027-12-18,2026-10-01
1150.0,119,21,2027-12-18,2026-10-01
1160.0,131,22,2027-12-18,2026-10-01
1170.0,433,29,2027-12-18,2026-10-01
1180.0,279,41,2027-12-18,2026-10-01
1200.0,791,386,2027-12-18,2026-10-01
1220.0,346,163,2027-12-18,2026-10-01
1240.0,298,77,2027-12-18,2026-10-01
1260.0,787,427,2027-12-18,2026-10-01
1280.0,952,253,2027-12-18,2026-10-01
1300.0,953,254,2027-12-18,2026-10-01
1320.0,565,270,2027-12-18,2026-10-01
1340.0,393,32,2027-12-18,2026-10-01
1360.0,534,46,2027-12-18,2026-10-01
1380.0,530,66,2027-12-18,2026-10-01
1400.0,607,284,2027-12-18,2026-10-01
1420.0,569,146,2027-12-18,2026-10-01
1440.0,438,57,2027-12-18,2026-10-01
1460.0,339,289,2027-12-18,2026-10-01
1480.0,685,195,2027-12-18,2026-10-01
1490.0,247,73,2027-12-18,2026-10-01
1500.0,1772,239,2027-12-18,2026-10-01
1510.0,179,3,2027-12-18,2026-10-01
1520.0,210,50,2027-12-18,2026-10-01
1530.0,92,7,2027-12-18,2026-10-01
1540.0,87,11,2027-12-18,2026-10-01
1550.0,232,6,2027-12-18,2026-10-01
1560.0,62,39,2027-12-18,2026-10-01
1570.0,135,22,2027-12-18,2026-10-01
1580.0,120,112,2027-12-18,2026-10-01
1590.0,300,24,2027-12-18,2026-10-01
1600.0,552,52,2027-12-18,2026-10-01
1610.0,143,24,2027-12-18,2026-10-01
1620.0,227,5,2027-12-18,2026-10-01
1630.0,688,280,2027-12-18,2026-10-01
1640.0,119,48,2027-12-18,2026-10-01
1650.0,50,5,2027-12-18,2026-10-01
1660.0,72,7,2027-12-18,2026-10-01
1670.0,145,12,2027-12-18,2026-10-01
1680.0,354,9,2027-12-18,2026-10-01
1690.0,248,3,2027-12-18,2026-10-01
1700.0,1345,50,2027-12-18,2026-10-01
1710.0,154,11,2027-12-18,2026-10-01
1720.0,63,23,2027-12-18,2026-10-01
1730.0,112,1,2027-12-18,2026-10-01
1740.0,161,8,2027-12-18,2026-10-01
1750.0,261,4,2027-12-18,2026-10-01
1760.0,234,3,2027-12-18,2026-10-01
1770.0,122,14,2027-12-18,2026-10-01
1780.0,563,10,2027-12-18,2026-10-01
1790.0,246,26,2027-12-18,2026-10-01
1800.0,1378,81,2027-12-18,2026-10-01
1810.0,490,41,2027-12-18,2026-10-01
1820.0,597,15,2027-12-18,2026-10-01
1830.0,828,23,2027-12-18,2026-10-01
1840.0,184,5,2027-12-18,2026-10-01
1850.0,179,13,2027-12-18,2026-10-01
1860.0,68,15,2027-12-18,2026-10-01
1870.0,25,0,2027-12-18,2026-10-01
1880.0,349,125,2027-12-18,2026-10-01
1890.0,238,1,2027-12-18,2026-10-01
1900.0,343,200,2027-12-18,2026-10-01
1910.0,291,2,2027-12-18,2026-10-01
1920.0,234,11,2027-12-18,2026-10-01
1930.0,225,2,2027-12-18,2026-10-01
1940.0,86,1,2027-12-18,2026-10-01
1950.0,35,4,2027-12-18,2026-10-01
1960.0,162,1,2027-12-18,2026-10-01
1970.0,79,2,2027-12-18,2026-10-01
1980.0,543,15,2027-12-18,2026-10-01
1990.0,173,5,2027-12-18,2026-10-01
2000.0,844,126,2027-12-18,2026-10-01
2010.0,112,1,2027-12-18,2026-10-01
2020.0,161,4,2027-12-18,2026-10-01
2030.0,83,10,2027-12-18,2026-10-01
2040.0,60,4,2027-12-18,2026-10-01
2050.0,61,6,2027-12-18,2026-10-01
2060.0,37,19,2027-12-18,2026-10-01
2070.0,19,2,2027-12-18,2026-10-01
2080.0,28,113,2027-12-18,2026-10-01
2090.0,96,4,2027-12-18,2026-10-01
2100.0,136,47,2027-12-18,2026-10-01
2110.0,60,46,2027-12-18,2026-10-01
2120.0,210,5,2027-12-18,2026-10-01
2130.0,126,4,2027-12-18,2026-10-01
2140.0,32,6,2027-12-18,2026-10-01
2150.0,41,20,2027-12-18,2026-10-01
2160.0,157,26,2027-12-18,2026-10-01
2170.0,1014,36,2027-12-18,2026-10-01
2180.0,66,3,2027-12-18,2026-10-01
2190.0,143,32,2027-12-18,2026-10-01
2200.0,339,6,2027-12-18,2026-10-01
2210.0,15,6,2027-12-18,2026-10-01
2220.0,133,7,2027-12-18,2026-10-01
2230.0,119,11,2027-12-18,2026-10-01
2240.0,23,1,2027-12-18,2026-10-01
2250.0,20,22,2027-12-18,2026-10-01
2260.0,46,2,2027-12-18,2026-10-01
2270.0,23,4,2027-12-18,2026-10-01
2280.0,20,0,2027-12-18,2026-10-01
2290.0,709,9,2027-12-18,2026-10-01
2300.0,151,9,2027-12-18,2026-10-01
2310.0,30,1,2027-12-18,2026-10-01
2320.0,116,7,2027-12-18,2026-10-01
2330.0,460,2,2027-12-18,2026-10-01
2340.0,360,6,2027-12-18,2026-10-01
2350.0,102,1,2027-12-18,2026-10-01
2360.0,500,7,2027-12-18,2026-10-01
2370.0,155,5,2027-12-18,2026-10-01
2380.0,94,3,2027-12-18,2026-10-01
2390.0,282,9,2027-12-18,2026-10-01
2400.0,263,26,2027-12-18,2026-10-01
2410.0,365,22,2027-12-18,2026-10-01
2420.0,263,19,2027-12-18,2026-10-01
2440.0,327,97,2027-12-18,2026-10-01
2460.0,331,30,2027-12-18,2026-10-01
2480.0,546,53,2027-12-18,2026-10-01
2500.0,2059,109,2027-12-18,2026-10-01
5.0,1459,896,2028-01-22,2026-10-01
10.0,158,22,2028-01-22,2026-10-01
15.0,3,26,2028-01-22,2026-10-01
20.0,10,30,2028-01-22,2026-10-01
25.0,0,50,2028-01-22,2026-10-01
30.0,0,81,2028-01-22,2026-10-01
35.0,56,604,2028-01-22,2026-10-01
40.0,91,289,2028-01-22,2026-10-01
45.0,22,487,2028-01-22,2026-10-01
50.0,4,1876,2028-01-22,2026-10-01
55.0,3,80,2028-01-22,2026-10-01
60.0,26,803,2028-01-22,2026-10-01
65.0,1,46,2028-01-22,2026-10-01
70.0,164,508,2028-01-22,2026-10-01
75.0,15,330,2028-01-22,2026-10-01
80.0,31,125,2028-01-22,2026-10-01
85.0,14,139,2028-01-22,2026-10-01
90.0,22,232,2028-01-22,2026-10-01
95.0,26,306,2028-01-22,2026-10-01
100.0,121,2554,2028-01-22,2026-10-01
105.0,32,213,2028-01-22,2026-10-01
110.0,52,355,2028-01-22,2026-10-01
115.0,31,294,2028-01-22,2026-10-01
120.0,97,536,2028-01-22,2026-10-01
125.0,33,167,2028-01-22,2026-10-01
130.0,121,379,2028-01-22,2026-10-01
135.0,84,60,2028-01-22,2026-10-01
140.0,100,174,2028-01-22,2026-10-01
145.0,42,40,2028-01-22,2026-10-01
150.0,262,136,2028-01-22,2026-10-01
155.0,79,385,2028-01-22,2026-10-01
160.0,77,744,2028-01-22,2026-10-01
165.0,207,173,2028-01-22,2026-10-01
170.0,215,307,2028-01-22,2026-10-01
175.0,97,245,2028-01-22,2026-10-01
180.0,93,224,2028-01-22,2026-10-01
185.0,70,431,2028-01-22,2026-10-01
190.0,244,209,2028-01-22,2026-10-01
195.0,107,475,2028-01-22,2026-10-01
200.0,2366,3920,2028-01-22,2026-10-01
210.0,167,327,2028-01-22,2026-10-01
220.0,255,558,2028-01-22,2026-10-01
230.0,542,357,2028-01-22,2026-10-01
240.0,304,471,2028-01-22,2026-10-01
250.0,0,10,2028-01-22,2026-10-01
250.0,421,948,2028-01-22,2026-10-01
260.0,485,307,2028-01-22,2026-10-01
270.0,178,637,2028-01-22,2026-10-01
280.0,410,716,2028-01-22,2026-10-01
290.0,187,585,2028-01-22,2026-10-01
300.0,808,2076,2028-01-22,2026-10-01
310.0,320,410,2028-01-22,2026-10-01
320.0,222,1422,2028-01-22,2026-10-01
330.0,1422,1048,2028-01-22,2026-10-01
340.0,304,380,2028-01-22,2026-10-01
350.0,815,494,2028-01-22,2026-10-01
360.0,361,92,2028-01-22,2026-10-01
370.0,460,230,2028-01-22,2026-10-01
380.0,332,150,2028-01-22,2026-10-01
390.0,123,106,2028-01-22,2026-10-01
400.0,551,616,2028-01-22,2026-10-01
410.0,334,232,2028-01-22,2026-10-01
420.0,109,244,2028-01-22,2026-10-01
430.0,187,509,2028-01-22,2026-10-01
440.0,256,142,2028-01-22,2026-10-01
450.0,412,805,2028-01-22,2026-10-01
460.0,149,194,2028-01-22,2026-10-01
470.0,138,1228,2028-01-22,2026-10-01
480.0,197,780,2028-01-22,2026-10-01
490.0,349,248,2028-01-22,2026-10-01
500.0,1899,3057,2028-01-22,2026-10-01
510.0,193,76,2028-01-22,2026-10-01
520.0,482,674,2028-01-22,2026-10-01
530.0,85,100,2028-01-22,2026-10-01
540.0,608,171,2028-01-22,2026-10-01
550.0,468,594,2028-01-22,2026-10-01
560.0,351,472,2028-01-22,2026-10-01
570.0,174,143,2028-01-22,2026-10-01
580.0,76,288,2028-01-22,2026-10-01
590.0,153,168,2028-01-22,2026-10-01
600.0,1162,1612,2028-01-22,2026-10-01
610.0,207,104,2028-01-22,2026-10-01
620.0,201,162,2028-01-22,2026-10-01
630.0,65,219,2028-01-22,2026-10-01
640.0,158,327,2028-01-22,2026-10-01
650.0,381,264,2028-01-22,2026-10-01
660.0,91,155,2028-01-22,2026-10-01
670.0,299,322,2028-01-22,2026-10-01
680.0,373,298,2028-01-22,2026-10-01
690.0,390,131,2028-01-22,2026-10-01
700.0,1184,1211,2028-01-22,2026-10-01
710.0,199,182,2028-01-22,2026-10-01
720.0,975,162,2028-01-22,2026-10-01
730.0,641,358,2028-01-22,2026-10-01
740.0,209,303,2028-01-22,2026-10-01
750.0,602,1353,2028-01-22,2026-10-01
760.0,0,20,2028-01-22,2026-10-01
760.0,489,152,2028-01-22,2026-10-01
770.0,107,210,2028-01-22,2026-10-01
780.0,325,482,2028-01-22,2026-10-01
790.0,216,327,2028-01-22,2026-10-01
800.0,763,2875,2028-01-22,2026-10-01
810.0,630,83,2028-01-22,2026-10-01
820.0,790,270,2028-01-22,2026-10-01
830.0,247,144,2028-01-22,2026-10-01
840.0,168,497,2028-01-22,2026-10-01
850.0,487,820,2028-01-22,2026-10-01
860.0,166,101,2028-01-22,2026-10-01
870.0,303,133,2028-01-22,2026-10-01
880.0,418,266,2028-01-22,2026-10-01
890.0,585,339,2028-01-22,2026-10-01
900.0,3284,1595,2028-01-22,2026-10-01
910.0,2082,159,2028-01-22,2026-10-01
920.0,158,424,2028-01-22,2026-10-01
930.0,149,140,2028-01-22,2026-10-01
940.0,427,664,2028-01-22,2026-10-01
950.0,778,479,2028-01-22,2026-10-01
960.0,79,314,2028-01-22,2026-10-01
970.0,211,56,2028-01-22,2026-10-01
980.0,505,154,2028-01-22,2026-10-01
990.0,323,172,2028-01-22,2026-10-01
1000.0,1239,1109,2028-01-22,2026-10-01
1010.0,313,207,2028-01-22,2026-10-01
1020.0,288,91,2028-01-22,2026-10-01
1030.0,266,67,2028-01-22,2026-10-01
1040.0,433,97,2028-01-22,2026-10-01
1050.0,416,300,2028-01-22,2026-10-01
1060.0,448,92,2028-01-22,2026-10-01
1070.0,113,342,2028-01-22,2026-10-01
1080.0,507,210,2028-01-22,2026-10-01
1090.0,361,186,2028-01-22,2026-10-01
1100.0,2001,1385,2028-01-22,2026-10-01
1110.0,231,44,2028-01-22,2026-10-01
1120.0,182,104,2028-01-22,2026-10-01
1130.0,142,71,2028-01-22,2026-10-01
1140.0,423,62,2028-01-22,2026-10-01
1150.0,178,231,2028-01-22,2026-10-01
1160.0,99,53,2028-01-22,2026-10-01
1170.0,296,54,2028-01-22,2026-10-01
1180.0,424,15,2028-01-22,2026-10-01
1190.0,104,23,2028-01-22,2026-10-01
1200.0,2042,1649,2028-01-22,2026-10-01
1210.0,490,113,2028-01-22,2026-10-01
1220.0,187,357,2028-01-22,2026-10-01
1230.0,241,45,2028-01-22,2026-10-01
1240.0,134,68,2028-01-22,2026-10-01
1250.0,382,1073,2028-01-22,2026-10-01
1260.0,1181,137,2028-01-22,2026-10-01
1270.0,208,10,2028-01-22,2026-10-01
1280.0,3131,937,2028-01-22,2026-10-01
1290.0,410,95,2028-01-22,2026-10-01
1300.0,1075,434,2028-01-22,2026-10-01
1310.0,233,584,2028-01-22,2026-10-01
1320.0,642,68,2028-01-22,2026-10-01
1330.0,309,8,2028-01-22,2026-10-01
1340.0,456,20,2028-01-22,2026-10-01
1350.0,696,243,2028-01-22,2026-10-01
1360.0,398,11,2028-01-22,2026-10-01
1370.0,235,19,2028-01-22,2026-10-01
1380.0,173,20,2028-01-22,2026-10-01
1390.0,54,312,2028-01-22,2026-10-01
1400.0,1857,223,2028-01-22,2026-10-01
1410.0,83,18,2028-01-22,2026-10-01
1420.0,511,16,2028-01-22,2026-10-01
1430.0,94,14,2028-01-22,2026-10-01
1440.0,198,197,2028-01-22,2026-10-01
1450.0,292,14,2028-01-22,2026-10-01
1460.0,116,79,2028-01-22,2026-10-01
1470.0,88,29,2028-01-22,2026-10-01
1480.0,3318,950,2028-01-22,2026-10-01
1490.0,290,49,2028-01-22,2026-10-01
1500.0,1305,333,2028-01-22,2026-10-01
1510.0,729,18,2028-01-22,2026-10-01
1520.0,740,63,2028-01-22,2026-10-01
1530.0,312,8,2028-01-22,2026-10-01
1540.0,121,24,2028-01-22,2026-10-01
1550.0,501,17,2028-01-22,2026-10-01
1560.0,307,280,2028-01-22,2026-10-01
1570.0,548,8,2028-01-22,2026-10-01
1580.0,341,191,2028-01-22,2026-10-01
1590.0,330,90,2028-01-22,2026-10-01
1600.0,877,187,2028-01-22,2026-10-01
1610.0,593,2,2028-01-22,2026-10-01
1620.0,216,569,2028-01-22,2026-10-01
1630.0,1100,66,2028-01-22,2026-10-01
1640.0,117,2,2028-01-22,2026-10-01
1650.0,60,44,2028-01-22,2026-10-01
1660.0,106,10,2028-01-22,2026-10-01
1670.0,303,5,2028-01-22,2026-10-01
1680.0,835,5,2028-01-22,2026-10-01
1690.0,89,82,2028-01-22,2026-10-01
1700.0,562,51,2028-01-22,2026-10-01
1710.0,141,28,2028-01-22,2026-10-01
1720.0,392,26,2028-01-22,2026-10-01
1730.0,87,62,2028-01-22,2026-10-01
1740.0,0,0,2028-01-22,2026-10-01
1740.0,58,21,2028-01-22,2026-10-01
1750.0,139,77,2028-01-22,2026-10-01
1760.0,20,0,2028-01-22,2026-10-01
1760.0,231,23,2028-01-22,2026-10-01
1770.0,34,4,2028-01-22,2026-10-01
1780.0,51,265,2028-01-22,2026-10-01
1790.0,241,195,2028-01-22,2026-10-01
1800.0,720,38,2028-01-22,2026-10-01
1805.0,3,0,2028-01-22,2026-10-01
1810.0,231,267,2028-01-22,2026-10-01
1820.0,1551,39,2028-01-22,2026-10-01
1830.0,1745,67,2028-01-22,2026-10-01
1835.0,50,0,2028-01-22,2026-10-01
1840.0,83,195,2028-01-22,2026-10-01
1847.0,5,0,2028-01-22,2026-10-01
1850.0,516,23,2028-01-22,2026-10-01
1860.0,63,29,2028-01-22,2026-10-01
1870.0,136,3,2028-01-22,2026-10-01
1880.0,49,19,2028-01-22,2026-10-01
1890.0,126,24,2028-01-22,2026-10-01
1900.0,463,156,2028-01-22,2026-10-01
1910.0,580,2,2028-01-22,2026-10-01
1920.0,84,20,2028-01-22,2026-10-01
1930.0,211,3,2028-01-22,2026-10-01
1940.0,71,3,2028-01-22,2026-10-01
1950.0,393,15,2028-01-22,2026-10-01
1960.0,547,1,2028-01-22,2026-10-01
1970.0,381,21,2028-01-22,2026-10-01
1980.0,39,11,2028-01-22,2026-10-01
1990.0,589,13,2028-01-22,2026-10-01
2000.0,1913,28,2028-01-22,2026-10-01
2070.0,198,23,2028-01-22,2026-10-01
2080.0,290,25,2028-01-22,2026-10-01
2090.0,272,194,2028-01-22,2026-10-01
2100.0,354,155,2028-01-22,2026-10-01
2110.0,62,1,2028-01-22,2026-10-01
2120.0,224,1,2028-01-22,2026-10-01
2130.0,79,21,2028-01-22,2026-10-01
2140.0,154,23,2028-01-22,2026-10-01
2150.0,222,50,2028-01-22,2026-10-01
2160.0,68,18,2028-01-22,2026-10-01
2170.0,99,26,2028-01-22,2026-10-01
2180.0,20,2,2028-01-22,2026-10-01
2190.0,54,1,2028-01-22,2026-10-01
2200.0,429,22,2028-01-22,2026-10-01
2210.0,62,0,2028-01-22,2026-10-01
2220.0,93,16,2028-01-22,2026-10-01
2230.0,7,1,2028-01-22,2026-10-01
2240.0,27,14,2028-01-22,2026-10-01
2250.0,48,4,2028-01-22,2026-10-01
2260.0,11,5,2028-01-22,2026-10-01
2270.0,111,0,2028-01-22,2026-10-01
2280.0,12,5,2028-01-22,2026-10-01
2290.0,100,189,2028-01-22,2026-10-01
2300.0,186,11,2028-01-22,2026-10-01
2310.0,107,1,2028-01-22,2026-10-01
2320.0,14,0,2028-01-22,2026-10-01
2330.0,63,2,2028-01-22,2026-10-01
2340.0,49,0,2028-01-22,2026-10-01
2350.0,458,3,2028-01-22,2026-10-01
2360.0,135,0,2028-01-22,2026-10-01
2370.0,62,1,2028-01-22,2026-10-01
2380.0,736,16,2028-01-22,2026-10-01
2390.0,456,4,2028-01-22,2026-10-01
2400.0,985,16,2028-01-22,2026-10-01
2410.0,215,2,2028-01-22,2026-10-01
2420.0,605,75,2028-01-22,2026-10-01
2440.0,331,17,2028-01-22,2026-10-01
2460.0,663,16,2028-01-22,2026-10-01
2480.0,986,19,2028-01-22,2026-10-01
2500.0,3419,103,2028-01-22,2026-10-01
5.0,622,55,2028-06-17,2026-10-01
10.0,7,3,2028-06-17,2026-10-01
15.0,0,3,2028-06-17,2026-10-01
20.0,1,10,2028-06-17,2026-10-01
25.0,19,28,2028-06-17,2026-10-01
30.0,1,34,2028-06-17,2026-10-01
35.0,1,9,2028-06-17,2026-10-01
40.0,0,35,2028-06-17,2026-10-01
45.0,1,4,2028-06-17,2026-10-01
50.0,0,172,2028-06-17,2026-10-01
55.0,0,36,2028-06-17,2026-10-01
60.0,0,28,2028-06-17,2026-10-01
65.0,0,24,2028-06-17,2026-10-01
70.0,0,32,2028-06-17,2026-10-01
75.0,0,524,2028-06-17,2026-10-01
80.0,19,299,2028-06-17,2026-10-01
85.0,0,233,2028-06-17,2026-10-01
90.0,1,868,2028-06-17,2026-10-01
95.0,0,311,2028-06-17,2026-10-01
100.0,13,1412,2028-06-17,2026-10-01
105.0,8,832,2028-06-17,2026-10-01
110.0,1,1656,2028-06-17,2026-10-01
115.0,0,297,2028-06-17,2026-10-01
120.0,2,530,2028-06-17,2026-10-01
125.0,1,220,2028-06-17,2026-10-01
130.0,7,932,2028-06-17,2026-10-01
135.0,3,510,2028-06-17,2026-10-01
140.0,5,648,2028-06-17,2026-10-01
145.0,2,48,2028-06-17,2026-10-01
150.0,5,21,2028-06-17,2026-10-01
155.0,16,85,2028-06-17,2026-10-01
160.0,4,221,2028-06-17,2026-10-01
165.0,2,29,2028-06-17,2026-10-01
170.0,3,712,2028-06-17,2026-10-01
175.0,2,51,2028-06-17,2026-10-01
180.0,8,38,2028-06-17,2026-10-01
185.0,18,16,2028-06-17,2026-10-01
190.0,8,39,2028-06-17,2026-10-01
195.0,5,84,2028-06-17,2026-10-01
200.0,108,295,2028-06-17,2026-10-01
210.0,21,37,2028-06-17,2026-10-01
220.0,157,68,2028-06-17,2026-10-01
230.0,2,92,2028-06-17,2026-10-01
240.0,12,141,2028-06-17,2026-10-01
250.0,26,121,2028-06-17,2026-10-01
260.0,7,27,2028-06-17,2026-10-01
270.0,11,278,2028-06-17,2026-10-01
280.0,1,29,2028-06-17,2026-10-01
290.0,7,10,2028-06-17,2026-10-01
300.0,29,142,2028-06-17,2026-10-01
310.0,7,63,2028-06-17,2026-10-01
320.0,14,161,2028-06-17,2026-10-01
330.0,4,106,2028-06-17,2026-10-01
340.0,6,76,2028-06-17,2026-10-01
350.0,35,353,2028-06-17,2026-10-01
360.0,9,35,2028-06-17,2026-10-01
370.0,17,47,2028-06-17,2026-10-01
380.0,11,27,2028-06-17,2026-10-01
390.0,43,70,2028-06-17,2026-10-01
400.0,107,96,2028-06-17,2026-10-01
410.0,42,21,2028-06-17,2026-10-01
420.0,22,63,2028-06-17,2026-10-01
430.0,17,58,2028-06-17,2026-10-01
440.0,36,62,2028-06-17,2026-10-01
450.0,42,116,2028-06-17,2026-10-01
460.0,99,84,2028-06-17,2026-10-01
470.0,58,43,2028-06-17,2026-10-01
480.0,40,61,2028-06-17,2026-10-01
490.0,92,72,2028-06-17,2026-10-01
500.0,120,515,2028-06-17,2026-10-01
510.0,23,131,2028-06-17,2026-10-01
520.0,119,102,2028-06-17,2026-10-01
530.0,83,38,2028-06-17,2026-10-01
540.0,114,96,2028-06-17,2026-10-01
550.0,122,48,2028-06-17,2026-10-01
560.0,313,115,2028-06-17,2026-10-01
570.0,71,46,2028-06-17,2026-10-01
580.0,104,101,2028-06-17,2026-10-01
590.0,84,57,2028-06-17,2026-10-01
600.0,260,309,2028-06-17,2026-10-01
610.0,23,31,2028-06-17,2026-10-01
620.0,37,37,2028-06-17,2026-10-01
630.0,149,64,2028-06-17,2026-10-01
640.0,330,124,2028-06-17,2026-10-01
650.0,106,136,2028-06-17,2026-10-01
660.0,56,40,2028-06-17,2026-10-01
670.0,50,45,2028-06-17,2026-10-01
680.0,17,87,2028-06-17,2026-10-01
690.0,115,58,2028-06-17,2026-10-01
700.0,161,526,2028-06-17,2026-10-01
710.0,27,104,2028-06-17,2026-10-01
720.0,133,45,2028-06-17,2026-10-01
730.0,45,323,2028-06-17,2026-10-01
740.0,46,43,2028-06-17,2026-10-01
750.0,287,305,2028-06-17,2026-10-01
760.0,65,32,2028-06-17,2026-10-01
770.0,39,61,2028-06-17,2026-10-01
780.0,150,164,2028-06-17,2026-10-01
790.0,241,130,2028-06-17,2026-10-01
800.0,359,449,2028-06-17,2026-10-01
810.0,113,116,2028-06-17,2026-10-01
820.0,28,610,2028-06-17,2026-10-01
830.0,127,328,2028-06-17,2026-10-01
840.0,78,175,2028-06-17,2026-10-01
850.0,74,445,2028-06-17,2026-10-01
860.0,76,130,2028-06-17,2026-10-01
870.0,45,89,2028-06-17,2026-10-01
880.0,50,233,2028-06-17,2026-10-01
890.0,149,83,2028-06-17,2026-10-01
900.0,380,350,2028-06-17,2026-10-01
910.0,69,254,2028-06-17,2026-10-01
920.0,172,39,2028-06-17,2026-10-01
930.0,112,167,2028-06-17,2026-10-01
940.0,79,56,2028-06-17,2026-10-01
950.0,160,224,2028-06-17,2026-10-01
960.0,324,95,2028-06-17,2026-10-01
970.0,225,135,2028-06-17,2026-10-01
980.0,156,40,2028-06-17,2026-10-01
990.0,118,100,2028-06-17,2026-10-01
1000.0,669,222,2028-06-17,2026-10-01
1010.0,221,236,2028-06-17,2026-10-01
1020.0,94,249,2028-06-17,2026-10-01
1030.0,352,325,2028-06-17,2026-10-01
1040.0,92,513,2028-06-17,2026-10-01
1050.0,30,537,2028-06-17,2026-10-01
1060.0,111,371,2028-06-17,2026-10-01
1070.0,85,433,2028-06-17,2026-10-01
1080.0,172,115,2028-06-17,2026-10-01
1090.0,173,131,2028-06-17,2026-10-01
1100.0,267,160,2028-06-17,2026-10-01
1110.0,31,28,2028-06-17,2026-10-01
1120.0,149,36,2028-06-17,2026-10-01
1130.0,28,94,2028-06-17,2026-10-01
1140.0,44,29,2028-06-17,2026-10-01
1150.0,366,93,2028-06-17,2026-10-01
1160.0,13,17,2028-06-17,2026-10-01
1170.0,223,59,2028-06-17,2026-10-01
1180.0,400,126,2028-06-17,2026-10-01
1190.0,16,164,2028-06-17,2026-10-01
1200.0,571,291,2028-06-17,2026-10-01
1210.0,27,43,2028-06-17,2026-10-01
1220.0,499,63,2028-06-17,2026-10-01
1230.0,73,37,2028-06-17,2026-10-01
1240.0,103,35,2028-06-17,2026-10-01
1250.0,90,76,2028-06-17,2026-10-01
1260.0,206,152,2028-06-17,2026-10-01
1270.0,160,119,2028-06-17,2026-10-01
1280.0,361,411,2028-06-17,2026-10-01
1290.0,69,292,2028-06-17,2026-10-01
1300.0,583,116,2028-06-17,2026-10-01
1310.0,204,77,2028-06-17,2026-10-01
1320.0,259,113,2028-06-17,2026-10-01
1330.0,115,63,2028-06-17,2026-10-01
1340.0,256,40,2028-06-17,2026-10-01
1350.0,141,48,2028-06-17,2026-10-01
1360.0,221,22,2028-06-17,2026-10-01
1370.0,129,61,2028-06-17,2026-10-01
1380.0,55,213,2028-06-17,2026-10-01
1390.0,112,34,2028-06-17,2026-10-01
1400.0,612,97,2028-06-17,2026-10-01
1410.0,50,35,2028-06-17,2026-10-01
1420.0,208,24,2028-06-17,2026-10-01
1430.0,101,8,2028-06-17,2026-10-01
1440.0,143,32,2028-06-17,2026-10-01
1450.0,21,12,2028-06-17,2026-10-01
1460.0,180,29,2028-06-17,2026-10-01
1470.0,384,17,2028-06-17,2026-10-01
1480.0,263,97,2028-06-17,2026-10-01
1490.0,78,18,2028-06-17,2026-10-01
1500.0,708,79,2028-06-17,2026-10-01
1510.0,68,36,2028-06-17,2026-10-01
1520.0,223,8,2028-06-17,2026-10-01
1530.0,71,68,2028-06-17,2026-10-01
1540.0,28,36,2028-06-17,2026-10-01
1550.0,91,31,2028-06-17,2026-10-01
1560.0,61,17,2028-06-17,2026-10-01
1570.0,89,2,2028-06-17,2026-10-01
1580.0,14,29,2028-06-17,2026-10-01
1590.0,237,82,2028-06-17,2026-10-01
1600.0,155,171,2028-06-17,2026-10-01
1610.0,96,31,2028-06-17,2026-10-01
1620.0,174,87,2028-06-17,2026-10-01
1630.0,218,74,2028-06-17,2026-10-01
1640.0,54,2,2028-06-17,2026-10-01
1650.0,75,47,2028-06-17,2026-10-01
1660.0,36,2,2028-06-17,2026-10-01
1670.0,49,7,2028-06-17,2026-10-01
1680.0,96,15,2028-06-17,2026-10-01
1690.0,50,4,2028-06-17,2026-10-01
1700.0,497,104,2028-06-17,2026-10-01
1710.0,49,36,2028-06-17,2026-10-01
1720.0,135,17,2028-06-17,2026-10-01
1730.0,547,15,2028-06-17,2026-10-01
1740.0,276,9,2028-06-17,2026-10-01
1750.0,128,31,2028-06-17,2026-10-01
1760.0,122,6,2028-06-17,2026-10-01
1770.0,160,14,2028-06-17,2026-10-01
1780.0,163,4,2028-06-17,2026-10-01
1790.0,42,174,2028-06-17,2026-10-01
1800.0,147,131,2028-06-17,2026-10-01
1810.0,630,11,2028-06-17,2026-10-01
1820.0,149,35,2028-06-17,2026-10-01
1830.0,147,15,2028-06-17,2026-10-01
1840.0,144,143,2028-06-17,2026-10-01
1850.0,101,4,2028-06-17,2026-10-01
1860.0,207,2,2028-06-17,2026-10-01
1870.0,167,2,2028-06-17,2026-10-01
1880.0,80,4,2028-06-17,2026-10-01
1890.0,46,29,2028-06-17,2026-10-01
1900.0,123,12,2028-06-17,2026-10-01
1910.0,68,5,2028-06-17,2026-10-01
1920.0,215,1,2028-06-17,2026-10-01
1930.0,99,17,2028-06-17,2026-10-01
1940.0,70,12,2028-06-17,2026-10-01
1950.0,898,30,2028-06-17,2026-10-01
1960.0,85,4,2028-06-17,2026-10-01
1970.0,35,0,2028-06-17,2026-10-01
1980.0,182,6,2028-06-17,2026-10-01
1990.0,88,44,2028-06-17,2026-10-01
2000.0,193,56,2028-06-17,2026-10-01
2010.0,170,8,2028-06-17,2026-10-01
2020.0,94,6,2028-06-17,2026-10-01
2030.0,264,2,2028-06-17,2026-10-01
2040.0,82,4,2028-06-17,2026-10-01
2050.0,22,53,2028-06-17,2026-10-01
2060.0,112,2,2028-06-17,2026-10-01
2070.0,48,2,2028-06-17,2026-10-01
2080.0,159,15,2028-06-17,2026-10-01
2090.0,80,0,2028-06-17,2026-10-01
2100.0,288,27,2028-06-17,2026-10-01
2110.0,26,3,2028-06-17,2026-10-01
2120.0,125,6,2028-06-17,2026-10-01
2130.0,90,2,2028-06-17,2026-10-01
2140.0,126,3,2028-06-17,2026-10-01
2150.0,81,21,2028-06-17,2026-10-01
2160.0,64,7,2028-06-17,2026-10-01
2170.0,99,11,2028-06-17,2026-10-01
2180.0,14,2,2028-06-17,2026-10-01
2190.0,57,0,2028-06-17,2026-10-01
2200.0,348,7,2028-06-17,2026-10-01
2210.0,183,0,2028-06-17,2026-10-01
2220.0,109,13,2028-06-17,2026-10-01
2230.0,51,9,2028-06-17,2026-10-01
2240.0,106,142,2028-06-17,2026-10-01
2250.0,58,25,2028-06-17,2026-10-01
2260.0,42,1,2028-06-17,2026-10-01
2270.0,162,3,2028-06-17,2026-10-01
2280.0,24,2,2028-06-17,2026-10-01
2290.0,24,2,2028-06-17,2026-10-01
2300.0,163,7,2028-06-17,2026-10-01
2310.0,55,4,2028-06-17,2026-10-01
2320.0,99,21,2028-06-17,2026-10-01
2330.0,105,7,2028-06-17,2026-10-01
2340.0,19,3,2028-06-17,2026-10-01
2350.0,22,51,2028-06-17,2026-10-01
2360.0,47,12,2028-06-17,2026-10-01
2370.0,258,26,2028-06-17,2026-10-01
2380.0,154,133,2028-06-17,2026-10-01
2390.0,156,2,2028-06-17,2026-10-01
2400.0,260,27,2028-06-17,2026-10-01
2410.0,172,10,2028-06-17,2026-10-01
2420.0,200,18,2028-06-17,2026-10-01
2440.0,176,6,2028-06-17,2026-10-01
2460.0,463,45,2028-06-17,2026-10-01
2480.0,815,53,2028-06-17,2026-10-01
2500.0,2343,88,2028-06-17,2026-10-01
5.0,2088,1152,2028-12-16,2026-10-01
10.0,101,75,2028-12-16,2026-10-01
15.0,11,124,2028-12-16,2026-10-01
20.0,3,61,2028-12-16,2026-10-01
25.0,43,2012,2028-12-16,2026-10-01
30.0,9,110,2028-12-16,2026-10-01
35.0,5,345,2028-12-16,2026-10-01
40.0,2,1114,2028-12-16,2026-10-01
45.0,2,1106,2028-12-16,2026-10-01
50.0,56,1841,2028-12-16,2026-10-01
55.0,24,114,2028-12-16,2026-10-01
60.0,17,217,2028-12-16,2026-10-01
65.0,1,134,2028-12-16,2026-10-01
70.0,126,43,2028-12-16,2026-10-01
75.0,23,123,2028-12-16,2026-10-01
80.0,50,143,2028-12-16,2026-10-01
85.0,38,971,2028-12-16,2026-10-01
90.0,29,232,2028-12-16,2026-10-01
95.0,48,163,2028-12-16,2026-10-01
100.0,236,1180,2028-12-16,2026-10-01
105.0,19,482,2028-12-16,2026-10-01
110.0,44,491,2028-12-16,2026-10-01
115.0,33,419,2028-12-16,2026-10-01
120.0,50,477,2028-12-16,2026-10-01
125.0,36,520,2028-12-16,2026-10-01
130.0,54,487,2028-12-16,2026-10-01
135.0,14,824,2028-12-16,2026-10-01
140.0,2763,220,2028-12-16,2026-10-01
145.0,68,31,2028-12-16,2026-10-01
150.0,194,506,2028-12-16,2026-10-01
160.0,49,1084,2028-12-16,2026-10-01
165.0,71,184,2028-12-16,2026-10-01
170.0,75,427,2028-12-16,2026-10-01
175.0,71,45,2028-12-16,2026-10-01
180.0,141,142,2028-12-16,2026-10-01
185.0,65,121,2028-12-16,2026-10-01
190.0,49,149,2028-12-16,2026-10-01
195.0,34,72,2028-12-16,2026-10-01
200.0,595,1086,2028-12-16,2026-10-01
210.0,84,129,2028-12-16,2026-10-01
220.0,68,222,2028-12-16,2026-10-01
230.0,117,536,2028-12-16,2026-10-01
240.0,233,180,2028-12-16,2026-10-01
250.0,453,380,2028-12-16,2026-10-01
260.0,87,435,2028-12-16,2026-10-01
270.0,52,243,2028-12-16,2026-10-01
280.0,66,547,2028-12-16,2026-10-01
290.0,94,266,2028-12-16,2026-10-01
300.0,371,1822,2028-12-16,2026-10-01
310.0,248,244,2028-12-16,2026-10-01
320.0,194,265,2028-12-16,2026-10-01
330.0,164,127,2028-12-16,2026-10-01
340.0,188,302,2028-12-16,2026-10-01
350.0,1719,355,2028-12-16,2026-10-01
360.0,574,333,2028-12-16,2026-10-01
370.0,238,324,2028-12-16,2026-10-01
380.0,353,541,2028-12-16,2026-10-01
390.0,256,250,2028-12-16,2026-10-01
400.0,1262,1727,2028-12-16,2026-10-01
410.0,142,216,2028-12-16,2026-10-01
420.0,300,407,2028-12-16,2026-10-01
430.0,181,187,2028-12-16,2026-10-01
440.0,160,317,2028-12-16,2026-10-01
450.0,439,493,2028-12-16,2026-10-01
460.0,171,191,2028-12-16,2026-10-01
470.0,122,101,2028-12-16,2026-10-01
480.0,156,487,2028-12-16,2026-10-01
490.0,361,204,2028-12-16,2026-10-01
500.0,848,1834,2028-12-16,2026-10-01
510.0,146,155,2028-12-16,2026-10-01
520.0,163,82,2028-12-16,2026-10-01
530.0,220,85,2028-12-16,2026-10-01
540.0,82,215,2028-12-16,2026-10-01
550.0,301,543,2028-12-16,2026-10-01
560.0,81,186,2028-12-16,2026-10-01
570.0,164,239,2028-12-16,2026-10-01
580.0,108,134,2028-12-16,2026-10-01
590.0,180,321,2028-12-16,2026-10-01
600.0,517,1066,2028-12-16,2026-10-01
610.0,104,339,2028-12-16,2026-10-01
620.0,202,148,2028-12-16,2026-10-01
630.0,219,80,2028-12-16,2026-10-01
640.0,84,240,2028-12-16,2026-10-01
650.0,312,547,2028-12-16,2026-10-01
660.0,118,255,2028-12-16,2026-10-01
670.0,137,145,2028-12-16,2026-10-01
680.0,206,260,2028-12-16,2026-10-01
690.0,133,265,2028-12-16,2026-10-01
700.0,1718,1321,2028-12-16,2026-10-01
710.0,694,184,2028-12-16,2026-10-01
720.0,714,153,2028-12-16,2026-10-01
730.0,438,95,2028-12-16,2026-10-01
740.0,487,131,2028-12-16,2026-10-01
750.0,1851,417,2028-12-16,2026-10-01
760.0,948,538,2028-12-16,2026-10-01
780.0,196,362,2028-12-16,2026-10-01
790.0,384,143,2028-12-16,2026-10-01
800.0,942,686,2028-12-16,2026-10-01
810.0,444,93,2028-12-16,2026-10-01
820.0,233,123,2028-12-16,2026-10-01
830.0,130,127,2028-12-16,2026-10-01
840.0,405,108,2028-12-16,2026-10-01
850.0,1082,572,2028-12-16,2026-10-01
860.0,260,311,2028-12-16,2026-10-01
870.0,288,510,2028-12-16,2026-10-01
880.0,288,650,2028-12-16,2026-10-01
890.0,168,362,2028-12-16,2026-10-01
900.0,0,125,2028-12-16,2026-10-01
900.0,1575,1224,2028-12-16,2026-10-01
910.0,1737,238,2028-12-16,2026-10-01
920.0,307,190,2028-12-16,2026-10-01
930.0,376,314,2028-12-16,2026-10-01
940.0,176,150,2028-12-16,2026-10-01
950.0,653,474,2028-12-16,2026-10-01
960.0,253,217,2028-12-16,2026-10-01
970.0,232,216,2028-12-16,2026-10-01
980.0,229,141,2028-12-16,2026-10-01
990.0,241,420,2028-12-16,2026-10-01
1000.0,1517,669,2028-12-16,2026-10-01
1010.0,483,344,2028-12-16,2026-10-01
1020.0,302,304,2028-12-16,2026-10-01
1030.0,177,330,2028-12-16,2026-10-01
1040.0,214,192,2028-12-16,2026-10-01
1050.0,474,338,2028-12-16,2026-10-01
1060.0,640,391,2028-12-16,2026-10-01
1070.0,176,472,2028-12-16,2026-10-01
1080.0,388,1050,2028-12-16,2026-10-01
1090.0,233,279,2028-12-16,2026-10-01
1100.0,785,670,2028-12-16,2026-10-01
1110.0,285,264,2028-12-16,2026-10-01
1120.0,135,216,2028-12-16,2026-10-01
1130.0,41,159,2028-12-16,2026-10-01
1140.0,137,140,2028-12-16,2026-10-01
1150.0,386,418,2028-12-16,2026-10-01
1160.0,70,159,2028-12-16,2026-10-01
1170.0,171,192,2028-12-16,2026-10-01
1180.0,1905,199,2028-12-16,2026-10-01
1190.0,216,239,2028-12-16,2026-10-01
1200.0,1555,1091,2028-12-16,2026-10-01
1210.0,141,136,2028-12-16,2026-10-01
1220.0,313,209,2028-12-16,2026-10-01
1230.0,160,146,2028-12-16,2026-10-01
1240.0,396,235,2028-12-16,2026-10-01
1250.0,590,126,2028-12-16,2026-10-01
1260.0,220,339,2028-12-16,2026-10-01
1270.0,225,290,2028-12-16,2026-10-01
1280.0,451,384,2028-12-16,2026-10-01
1290.0,162,92,2028-12-16,2026-10-01
1300.0,1072,339,2028-12-16,2026-10-01
1310.0,62,92,2028-12-16,2026-10-01
1320.0,99,189,2028-12-16,2026-10-01
1330.0,38,196,2028-12-16,2026-10-01
1340.0,98,155,2028-12-16,2026-10-01
1350.0,285,244,2028-12-16,2026-10-01
1360.0,163,77,2028-12-16,2026-10-01
1370.0,23,176,2028-12-16,2026-10-01
1380.0,346,215,2028-12-16,2026-10-01
1390.0,282,159,2028-12-16,2026-10-01
1400.0,2343,825,2028-12-16,2026-10-01
1410.0,137,178,2028-12-16,2026-10-01
1420.0,737,306,2028-12-16,2026-10-01
1430.0,87,105,2028-12-16,2026-10-01
1440.0,418,347,2028-12-16,2026-10-01
1450.0,266,192,2028-12-16,2026-10-01
1460.0,77,100,2028-12-16,2026-10-01
1470.0,292,151,2028-12-16,2026-10-01
1480.0,433,407,2028-12-16,2026-10-01
1490.0,92,246,2028-12-16,2026-10-01
1500.0,2575,618,2028-12-16,2026-10-01
1510.0,162,28,2028-12-16,2026-10-01
1520.0,85,129,2028-12-16,2026-10-01
1530.0,147,123,2028-12-16,2026-10-01
1540.0,315,186,2028-12-16,2026-10-01
1550.0,263,39,2028-12-16,2026-10-01
1560.0,162,85,2028-12-16,2026-10-01
1570.0,44,22,2028-12-16,2026-10-01
1580.0,150,120,2028-12-16,2026-10-01
1590.0,57,52,2028-12-16,2026-10-01
1600.0,474,734,2028-12-16,2026-10-01
1610.0,51,94,2028-12-16,2026-10-01
1620.0,436,300,2028-12-16,2026-10-01
1630.0,894,39,2028-12-16,2026-10-01
1640.0,20,10,2028-12-16,2026-10-01
1650.0,178,67,2028-12-16,2026-10-01
1660.0,79,18,2028-12-16,2026-10-01
1670.0,99,17,2028-12-16,2026-10-01
1680.0,287,129,2028-12-16,2026-10-01
1690.0,60,58,2028-12-16,2026-10-01
1700.0,1388,728,2028-12-16,2026-10-01
1710.0,86,216,2028-12-16,2026-10-01
1720.0,338,59,2028-12-16,2026-10-01
1730.0,42,106,2028-12-16,2026-10-01
1740.0,333,194,2028-12-16,2026-10-01
1750.0,188,285,2028-12-16,2026-10-01
1760.0,171,90,2028-12-16,2026-10-01
1770.0,105,31,2028-12-16,2026-10-01
1780.0,50,113,2028-12-16,2026-10-01
1790.0,103,113,2028-12-16,2026-10-01
1800.0,546,319,2028-12-16,2026-10-01
1810.0,141,233,2028-12-16,2026-10-01
1820.0,196,62,2028-12-16,2026-10-01
1830.0,218,67,2028-12-16,2026-10-01
1840.0,289,10,2028-12-16,2026-10-01
1850.0,293,221,2028-12-16,2026-10-01
1860.0,293,47,2028-12-16,2026-10-01
1870.0,244,48,2028-12-16,2026-10-01
1880.0,285,343,2028-12-16,2026-10-01
1890.0,246,234,2028-12-16,2026-10-01
1900.0,180,548,2028-12-16,2026-10-01
1910.0,278,24,2028-12-16,2026-10-01
1920.0,88,11,2028-12-16,2026-10-01
1930.0,86,33,2028-12-16,2026-10-01
1940.0,26,51,2028-12-16,2026-10-01
1950.0,177,10,2028-12-16,2026-10-01
1960.0,71,6,2028-12-16,2026-10-01
1970.0,415,26,2028-12-16,2026-10-01
1980.0,235,315,2028-12-16,2026-10-01
1990.0,58,219,2028-12-16,2026-10-01
2000.0,125,0,2028-12-16,2026-10-01
2000.0,652,264,2028-12-16,2026-10-01
2010.0,74,107,2028-12-16,2026-10-01
2020.0,121,4,2028-12-16,2026-10-01
2030.0,18,1,2028-12-16,2026-10-01
2040.0,429,48,2028-12-16,2026-10-01
2050.0,183,411,2028-12-16,2026-10-01
2060.0,19,35,2028-12-16,2026-10-01
2070.0,50,4,2028-12-16,2026-10-01
2080.0,32,109,2028-12-16,2026-10-01
2090.0,66,22,2028-12-16,2026-10-01
2100.0,151,225,2028-12-16,2026-10-01
2110.0,93,267,2028-12-16,2026-10-01
2120.0,50,12,2028-12-16,2026-10-01
2130.0,23,12,2028-12-16,2026-10-01
2140.0,117,21,2028-12-16,2026-10-01
2150.0,79,110,2028-12-16,2026-10-01
2160.0,90,127,2028-12-16,2026-10-01
2170.0,683,20,2028-12-16,2026-10-01
2180.0,132,27,2028-12-16,2026-10-01
2190.0,96,11,2028-12-16,2026-10-01
2200.0,434,236,2028-12-16,2026-10-01
2210.0,220,32,2028-12-16,2026-10-01
2220.0,246,31,2028-12-16,2026-10-01
2230.0,25,14,2028-12-16,2026-10-01
2240.0,139,79,2028-12-16,2026-10-01
2250.0,83,243,2028-12-16,2026-10-01
2260.0,163,55,2028-12-16,2026-10-01
2270.0,18,15,2028-12-16,2026-10-01
2280.0,36,4,2028-12-16,2026-10-01
2290.0,85,23,2028-12-16,2026-10-01
2300.0,168,452,2028-12-16,2026-10-01
2310.0,31,21,2028-12-16,2026-10-01
2320.0,43,10,2028-12-16,2026-10-01
2330.0,159,34,2028-12-16,2026-10-01
2340.0,106,53,2028-12-16,2026-10-01
2350.0,80,66,2028-12-16,2026-10-01
2360.0,74,19,2028-12-16,2026-10-01
2370.0,250,53,2028-12-16,2026-10-01
2380.0,61,318,2028-12-16,2026-10-01
2390.0,97,240,2028-12-16,2026-10-01
2400.0,420,131,2028-12-16,2026-10-01
2410.0,34,97,2028-12-16,2026-10-01
2420.0,464,31,2028-12-16,2026-10-01
2440.0,107,53,2028-12-16,2026-10-01
2460.0,108,63,2028-12-16,2026-10-01
2480.0,378,124,2028-12-16,2026-10-01
2500.0,3076,128,2028-12-16,2026-10-01
5.0,12,0,2029-01-20,2026-10-01
10.0,1,0,2029-01-20,2026-10-01
15.0,0,0,2029-01-20,2026-10-01
20.0,0,0,2029-01-20,2026-10-01
25.0,0,0,2029-01-20,2026-10-01
30.0,1,0,2029-01-20,2026-10-01
35.0,0,0,2029-01-20,2026-10-01
40.0,0,0,2029-01-20,2026-10-01
45.0,0,0,2029-01-20,2026-10-01
50.0,0,0,2029-01-20,2026-10-01
55.0,0,0,2029-01-20,2026-10-01
60.0,0,0,2029-01-20,2026-10-01
65.0,0,0,2029-01-20,2026-10-01
70.0,1,0,2029-01-20,2026-10-01
75.0,16,1,2029-01-20,2026-10-01
80.0,4,2,2029-01-20,2026-10-01
85.0,0,25,2029-01-20,2026-10-01
90.0,2,0,2029-01-20,2026-10-01
95.0,0,0,2029-01-20,2026-10-01
100.0,1,16,2029-01-20,2026-10-01
105.0,0,197,2029-01-20,2026-10-01
110.0,0,2,2029-01-20,2026-10-01
115.0,0,1,2029-01-20,2026-10-01
120.0,0,2,2029-01-20,2026-10-01
125.0,0,0,2029-01-20,2026-10-01
130.0,0,0,2029-01-20,2026-10-01
135.0,0,10,2029-01-20,2026-10-01
140.0,1,10,2029-01-20,2026-10-01
145.0,0,0,2029-01-20,2026-10-01
150.0,1,41,2029-01-20,2026-10-01
160.0,0,1,2029-01-20,2026-10-01
165.0,0,0,2029-01-20,2026-10-01
170.0,0,0,2029-01-20,2026-10-01
175.0,2,1,2029-01-20,2026-10-01
180.0,11,0,2029-01-20,2026-10-01
185.0,0,0,2029-01-20,2026-10-01
190.0,0,1,2029-01-20,2026-10-01
195.0,0,4,2029-01-20,2026-10-01
200.0,5,57,2029-01-20,2026-10-01
210.0,1,3,2029-01-20,2026-10-01
220.0,0,5,2029-01-20,2026-10-01
230.0,1,2,2029-01-20,2026-10-01
240.0,2,0,2029-01-20,2026-10-01
250.0,3,2,2029-01-20,2026-10-01
260.0,0,0,2029-01-20,2026-10-01
270.0,0,1,2029-01-20,2026-10-01
280.0,0,15,2029-01-20,2026-10-01
290.0,0,10,2029-01-20,2026-10-01
300.0,1,19,2029-01-20,2026-10-01
310.0,3,1,2029-01-20,2026-10-01
320.0,0,0,2029-01-20,2026-10-01
330.0,0,2,2029-01-20,2026-10-01
340.0,1,0,2029-01-20,2026-10-01
350.0,0,15,2029-01-20,2026-10-01
360.0,1,2,2029-01-20,2026-10-01
370.0,0,2,2029-01-20,2026-10-01
380.0,3,5,2029-01-20,2026-10-01
390.0,1,3,2029-01-20,2026-10-01
400.0,3,28,2029-01-20,2026-10-01
410.0,0,3,2029-01-20,2026-10-01
420.0,1,1,2029-01-20,2026-10-01
430.0,0,3,2029-01-20,2026-10-01
440.0,0,7,2029-01-20,2026-10-01
450.0,4,36,2029-01-20,2026-10-01
460.0,0,4,2029-01-20,2026-10-01
470.0,1,7,2029-01-20,2026-10-01
480.0,0,4,2029-01-20,2026-10-01
490.0,0,8,2029-01-20,2026-10-01
500.0,17,25,2029-01-20,2026-10-01
510.0,0,16,2029-01-20,2026-10-01
520.0,0,13,2029-01-20,2026-10-01
530.0,0,4,2029-01-20,2026-10-01
540.0,0,7,2029-01-20,2026-10-01
550.0,9,33,2029-01-20,2026-10-01
560.0,4,12,2029-01-20,2026-10-01
570.0,1,22,2029-01-20,2026-10-01
580.0,3,7,2029-01-20,2026-10-01
590.0,2,20,2029-01-20,2026-10-01
600.0,12,23,2029-01-20,2026-10-01
610.0,1,32,2029-01-20,2026-10-01
620.0,1,9,2029-01-20,2026-10-01
630.0,0,6,2029-01-20,2026-10-01
640.0,11,8,2029-01-20,2026-10-01
650.0,1,16,2029-01-20,2026-10-01
660.0,1,4,2029-01-20,2026-10-01
670.0,0,6,2029-01-20,2026-10-01
680.0,2,3,2029-01-20,2026-10-01
690.0,1,6,2029-01-20,2026-10-01
700.0,23,25,2029-01-20,2026-10-01
710.0,1,12,2029-01-20,2026-10-01
720.0,12,5,2029-01-20,2026-10-01
730.0,3,2,2029-01-20,2026-10-01
740.0,9,23,2029-01-20,2026-10-01
750.0,9,10,2029-01-20,2026-10-01
760.0,6,7,2029-01-20,2026-10-01
770.0,12,4,2029-01-20,2026-10-01
780.0,20,6,2029-01-20,2026-10-01
790.0,1,28,2029-01-20,2026-10-01
800.0,117,1042,2029-01-20,2026-10-01
810.0,1,4,2029-01-20,2026-10-01
820.0,2,5,2029-01-20,2026-10-01
830.0,13,29,2029-01-20,2026-10-01
840.0,7,32,2029-01-20,2026-10-01
850.0,22,9,2029-01-20,2026-10-01
860.0,8,13,2029-01-20,2026-10-01
870.0,2,12,2029-01-20,2026-10-01
880.0,4,37,2029-01-20,2026-10-01
890.0,1,1,2029-01-20,2026-10-01
900.0,145,137,2029-01-20,2026-10-01
910.0,2,27,2029-01-20,2026-10-01
920.0,22,9,2029-01-20,2026-10-01
930.0,28,14,2029-01-20,2026-10-01
940.0,7,8,2029-01-20,2026-10-01
950.0,16,12,2029-01-20,2026-10-01
960.0,4,1,2029-01-20,2026-10-01
970.0,4,15,2029-01-20,2026-10-01
980.0,14,6,2029-01-20,2026-10-01
990.0,4,4,2029-01-20,2026-10-01
1000.0,114,137,2029-01-20,2026-10-01
1010.0,1,0,2029-01-20,2026-10-01
1020.0,6,2,2029-01-20,2026-10-01
1030.0,29,40,2029-01-20,2026-10-01
1040.0,20,13,2029-01-20,2026-10-01
1050.0,19,48,2029-01-20,2026-10-01
1060.0,39,35,2029-01-20,2026-10-01
1070.0,6,176,2029-01-20,2026-10-01
1080.0,22,37,2029-01-20,2026-10-01
1090.0,15,34,2029-01-20,2026-10-01
1100.0,43,69,2029-01-20,2026-10-01
1110.0,7,6,2029-01-20,2026-10-01
1120.0,0,1,2029-01-20,2026-10-01
1130.0,27,41,2029-01-20,2026-10-01
1140.0,0,4,2029-01-20,2026-10-01
1150.0,84,124,2029-01-20,2026-10-01
1160.0,3,0,2029-01-20,2026-10-01
1170.0,3,1,2029-01-20,2026-10-01
1180.0,1,1,2029-01-20,2026-10-01
1190.0,9,18,2029-01-20,2026-10-01
1200.0,206,16,2029-01-20,2026-10-01
1210.0,13,24,2029-01-20,2026-10-01
1220.0,78,61,2029-01-20,2026-10-01
1230.0,5,15,2029-01-20,2026-10-01
1240.0,22,24,2029-01-20,2026-10-01
1250.0,15,117,2029-01-20,2026-10-01
1260.0,0,1,2029-01-20,2026-10-01
1270.0,3,1,2029-01-20,2026-10-01
1280.0,1,1,2029-01-20,2026-10-01
1290.0,2,1,2029-01-20,2026-10-01
1300.0,123,54,2029-01-20,2026-10-01
1310.0,1,0,2029-01-20,2026-10-01
1320.0,2,0,2029-01-20,2026-10-01
1330.0,9,1,2029-01-20,2026-10-01
1340.0,0,1,2029-01-20,2026-10-01
1350.0,2,0,2029-01-20,2026-10-01
1360.0,0,18,2029-01-20,2026-10-01
1370.0,65,119,2029-01-20,2026-10-01
1380.0,0,14,2029-01-20,2026-10-01
1390.0,11,24,2029-01-20,2026-10-01
1400.0,50,154,2029-01-20,2026-10-01
1410.0,3,1,2029-01-20,2026-10-01
1420.0,0,1,2029-01-20,2026-10-01
1430.0,3,0,2029-01-20,2026-10-01
1440.0,4,40,2029-01-20,2026-10-01
1450.0,48,0,2029-01-20,2026-10-01
1460.0,51,11,2029-01-20,2026-10-01
1470.0,4,0,2029-01-20,2026-10-01
1480.0,1,1,2029-01-20,2026-10-01
1490.0,3,22,2029-01-20,2026-10-01
1500.0,12,51,2029-01-20,2026-10-01
1510.0,3,0,2029-01-20,2026-10-01
1520.0,4,0,2029-01-20,2026-10-01
1530.0,2,0,2029-01-20,2026-10-01
1540.0,5,47,2029-01-20,2026-10-01
1550.0,175,0,2029-01-20,2026-10-01
1560.0,29,0,2029-01-20,2026-10-01
1570.0,0,14,2029-01-20,2026-10-01
1580.0,3,2,2029-01-20,2026-10-01
1590.0,0,1,2029-01-20,2026-10-01
1600.0,138,4,2029-01-20,2026-10-01
1610.0,0,0,2029-01-20,2026-10-01
1620.0,11,0,2029-01-20,2026-10-01
1630.0,1,0,2029-01-20,2026-10-01
1640.0,15,3,2029-01-20,2026-10-01
1650.0,177,1,2029-01-20,2026-10-01
1660.0,60,0,2029-01-20,2026-10-01
1670.0,2,15,2029-01-20,2026-10-01
1680.0,7,3,2029-01-20,2026-10-01
1690.0,174,0,2029-01-20,2026-10-01
1700.0,94,5,2029-01-20,2026-10-01
1710.0,1,14,2029-01-20,2026-10-01
1720.0,4,2,2029-01-20,2026-10-01
1730.0,2,0,2029-01-20,2026-10-01
1740.0,66,50,2029-01-20,2026-10-01
1750.0,3,3,2029-01-20,2026-10-01
1760.0,0,0,2029-01-20,2026-10-01
1770.0,1,0,2029-01-20,2026-10-01
1780.0,6,0,2029-01-20,2026-10-01
1790.0,179,21,2029-01-20,2026-10-01
1800.0,45,0,2029-01-20,2026-10-01
1810.0,13,19,2029-01-20,2026-10-01
1820.0,14,2,2029-01-20,2026-10-01
1840.0,157,30,2029-01-20,2026-10-01
