Strike,Call,Put,Expiry,Date
5.0,55,23,2026-10-03,2026-10-02
10.0,10,8,2026-10-03,2026-10-02
15.0,10,0,2026-10-03,2026-10-02
20.0,10,0,2026-10-03,2026-10-02
25.0,10,2,2026-10-03,2026-10-02
30.0,5,3,2026-10-03,2026-10-02
35.0,9,0,2026-10-03,2026-10-02
40.0,10,0,2026-10-03,2026-10-02
45.0,4,0,2026-10-03,2026-10-02
50.0,5,0,2026-10-03,2026-10-02
55.0,0,0,2026-10-03,2026-10-02
60.0,0,0,2026-10-03,2026-10-02
65.0,0,0,2026-10-03,2026-10-02
70.0,0,0,2026-10-03,2026-10-02
75.0,1,0,2026-10-03,2026-10-02
80.0,1,0,2026-10-03,2026-10-02
85.0,0,0,2026-10-03,2026-10-02
90.0,0,1001,2026-10-03,2026-10-02
95.0,0,988,2026-10-03,2026-10-02
100.0,5,1029,2026-10-03,2026-10-02
105.0,0,11,2026-10-03,2026-10-02
110.0,0,0,2026-10-03,2026-10-02
115.0,0,6,2026-10-03,2026-10-02
120.0,3,11,2026-10-03,2026-10-02
125.0,0,11,2026-10-03,2026-10-02
130.0,3,2,2026-10-03,2026-10-02
135.0,21,88,2026-10-03,2026-10-02
140.0,0,94,2026-10-03,2026-10-02
145.0,0,1,2026-10-03,2026-10-02
150.0,0,44,2026-10-03,2026-10-02
155.0,0,34,2026-10-03,2026-10-02
160.0,0,12,2026-10-03,2026-10-02
165.0,0,10,2026-10-03,2026-10-02
170.0,0,2,2026-10-03,2026-10-02
175.0,0,22,2026-10-03,2026-10-02
180.0,0,29,2026-10-03,2026-10-02
185.0,0,2,2026-10-03,2026-10-02
190.0,1,6,2026-10-03,2026-10-02
195.0,0,9,2026-10-03,2026-10-02
200.0,40,21620,2026-10-03,2026-10-02
205.0,0,828,2026-10-03,2026-10-02
210.0,0,952,2026-10-03,2026-10-02
215.0,0,493,2026-10-03,2026-10-02
220.0,0,292,2026-10-03,2026-10-02
225.0,0,73,2026-10-03,2026-10-02
230.0,0,136,2026-10-03,2026-10-02
235.0,0,89,2026-10-03,2026-10-02
240.0,0,155,2026-10-03,2026-10-02
245.0,0,131,2026-10-03,2026-10-02
250.0,1,86,2026-10-03,2026-10-02
255.0,0,68,2026-10-03,2026-10-02
260.0,0,41,2026-10-03,2026-10-02
265.0,0,59,2026-10-03,2026-10-02
270.0,1,79,2026-10-03,2026-10-02
275.0,0,101,2026-10-03,2026-10-02
280.0,0,94,2026-10-03,2026-10-02
285.0,0,160,2026-10-03,2026-10-02
290.0,1,185,2026-10-03,2026-10-02
295.0,0,238,2026-10-03,2026-10-02
300.0,30,133,2026-10-03,2026-10-02
305.0,0,1190,2026-10-03,2026-10-02
310.0,0,243,2026-10-03,2026-10-02
315.0,0,108,2026-10-03,2026-10-02
320.0,0,174,2026-10-03,2026-10-02
325.0,0,183,2026-10-03,2026-10-02
330.0,0,265,2026-10-03,2026-10-02
335.0,0,89,2026-10-03,2026-10-02
340.0,0,405,2026-10-03,2026-10-02
345.0,0,399,2026-10-03,2026-10-02
350.0,0,239,2026-10-03,2026-10-02
355.0,0,133,2026-10-03,2026-10-02
360.0,0,202,2026-10-03,2026-10-02
365.0,0,117,2026-10-03,2026-10-02
370.0,2,74,2026-10-03,2026-10-02
375.0,0,86,2026-10-03,2026-10-02
380.0,17,135,2026-10-03,2026-10-02
385.0,0,99,2026-10-03,2026-10-02
390.0,1,122,2026-10-03,2026-10-02
395.0,0,382,2026-10-03,2026-10-02
400.0,3,287,2026-10-03,2026-10-02
405.0,0,104,2026-10-03,2026-10-02
410.0,0,97,2026-10-03,2026-10-02
415.0,0,81,2026-10-03,2026-10-02
420.0,0,359,2026-10-03,2026-10-02
425.0,0,45,2026-10-03,2026-10-02
430.0,3,72,2026-10-03,2026-10-02
435.0,0,48,2026-10-03,2026-10-02
440.0,10,127,2026-10-03,2026-10-02
445.0,0,114,2026-10-03,2026-10-02
450.0,1,695,2026-10-03,2026-10-02
455.0,0,48,2026-10-03,2026-10-02
460.0,1,685,2026-10-03,2026-10-02
465.0,0,923,2026-10-03,2026-10-02
470.0,2,75,2026-10-03,2026-10-02
475.0,1,71,2026-10-03,2026-10-02
480.0,0,229,2026-10-03,2026-10-02
485.0,0,244,2026-10-03,2026-10-02
490.0,3,129,2026-10-03,2026-10-02
495.0,3,82,2026-10-03,2026-10-02
500.0,59,1383,2026-10-03,2026-10-02
505.0,2,279,2026-10-03,2026-10-02
510.0,15,234,2026-10-03,2026-10-02
515.0,0,114,2026-10-03,2026-10-02
520.0,6,396,2026-10-03,2026-10-02
525.0,0,177,2026-10-03,2026-10-02
530.0,1,400,2026-10-03,2026-10-02
535.0,0,161,2026-10-03,2026-10-02
540.0,11,20289,2026-10-03,2026-10-02
545.0,0,83,2026-10-03,2026-10-02
550.0,1,80,2026-10-03,2026-10-02
555.0,1,564,2026-10-03,2026-10-02
560.0,0,711,2026-10-03,2026-10-02
565.0,0,374,2026-10-03,2026-10-02
570.0,1,69,2026-10-03,2026-10-02
575.0,0,325,2026-10-03,2026-10-02
580.0,1,699,2026-10-03,2026-10-02
585.0,1,595,2026-10-03,2026-10-02
590.0,3,137,2026-10-03,2026-10-02
595.0,0,222,2026-10-03,2026-10-02
600.0,26,19989,2026-10-03,2026-10-02
605.0,0,113,2026-10-03,2026-10-02
610.0,10,84,2026-10-03,2026-10-02
615.0,0,134,2026-10-03,2026-10-02
620.0,4,3075,2026-10-03,2026-10-02
625.0,0,363,2026-10-03,2026-10-02
630.0,1,815,2026-10-03,2026-10-02
635.0,3,150,2026-10-03,2026-10-02
640.0,0,252,2026-10-03,2026-10-02
645.0,0,95,2026-10-03,2026-10-02
650.0,27,20443,2026-10-03,2026-10-02
655.0,1,709,2026-10-03,2026-10-02
660.0,2,952,2026-10-03,2026-10-02
665.0,0,2613,2026-10-03,2026-10-02
670.0,2,395,2026-10-03,2026-10-02
675.0,1,391,2026-10-03,2026-10-02
680.0,1,402,2026-10-03,2026-10-02
685.0,17,497,2026-10-03,2026-10-02
690.0,15,241,2026-10-03,2026-10-02
695.0,11,677,2026-10-03,2026-10-02
700.0,7,2400,2026-10-03,2026-10-02
702.5,1,28,2026-10-03,2026-10-02
705.0,12,65,2026-10-03,2026-10-02
707.5,0,20,2026-10-03,2026-10-02
710.0,3,513,2026-10-03,2026-10-02
712.5,0,112,2026-10-03,2026-10-02
715.0,1,212,2026-10-03,2026-10-02
717.5,0,54,2026-10-03,2026-10-02
720.0,2,1160,2026-10-03,2026-10-02
722.5,2,98,2026-10-03,2026-10-02
725.0,9,377,2026-10-03,2026-10-02
727.5,0,65,2026-10-03,2026-10-02
730.0,1,1046,2026-10-03,2026-10-02
732.5,0,42,2026-10-03,2026-10-02
735.0,2,242,2026-10-03,2026-10-02
737.5,0,76,2026-10-03,2026-10-02
740.0,4,523,2026-10-03,2026-10-02
742.5,0,25,2026-10-03,2026-10-02
745.0,3,231,2026-10-03,2026-10-02
747.5,2,194,2026-10-03,2026-10-02
750.0,284,4180,2026-10-03,2026-10-02
755.0,1,171,2026-10-03,2026-10-02
760.0,11,490,2026-10-03,2026-10-02
765.0,2,360,2026-10-03,2026-10-02
770.0,4,797,2026-10-03,2026-10-02
775.0,8,261,2026-10-03,2026-10-02
780.0,18,2449,2026-10-03,2026-10-02
785.0,8,525,2026-10-03,2026-10-02
790.0,17,797,2026-10-03,2026-10-02
795.0,54,431,2026-10-03,2026-10-02
800.0,2030,4167,2026-10-03,2026-10-02
805.0,32,1155,2026-10-03,2026-10-02
810.0,522,558,2026-10-03,2026-10-02
815.0,82,637,2026-10-03,2026-10-02
820.0,158,503,2026-10-03,2026-10-02
825.0,28,684,2026-10-03,2026-10-02
830.0,43,896,2026-10-03,2026-10-02
835.0,8,513,2026-10-03,2026-10-02
840.0,35,668,2026-10-03,2026-10-02
845.0,103,264,2026-10-03,2026-10-02
850.0,129,5034,2026-10-03,2026-10-02
855.0,48,501,2026-10-03,2026-10-02
860.0,28,794,2026-10-03,2026-10-02
865.0,116,313,2026-10-03,2026-10-02
870.0,69,867,2026-10-03,2026-10-02
875.0,102,876,2026-10-03,2026-10-02
880.0,74,3090,2026-10-03,2026-10-02
885.0,47,2647,2026-10-03,2026-10-02
890.0,123,1842,2026-10-03,2026-10-02
895.0,103,1253,2026-10-03,2026-10-02
900.0,658,5037,2026-10-03,2026-10-02
905.0,80,1255,2026-10-03,2026-10-02
910.0,783,1851,2026-10-03,2026-10-02
915.0,100,1145,2026-10-03,2026-10-02
920.0,713,1959,2026-10-03,2026-10-02
925.0,580,1376,2026-10-03,2026-10-02
930.0,501,2890,2026-10-03,2026-10-02
935.0,2795,2795,2026-10-03,2026-10-02
935.0,119,957,2026-10-03,2026-10-02
940.0,448,2149,2026-10-03,2026-10-02
945.0,103,1023,2026-10-03,2026-10-02
950.0,1600,1600,2026-10-03,2026-10-02
950.0,950,5950,2026-10-03,2026-10-02
952.5,23,668,2026-10-03,2026-10-02
955.0,199,932,2026-10-03,2026-10-02
957.5,33,446,2026-10-03,2026-10-02
960.0,734,2293,2026-10-03,2026-10-02
965.0,195,1238,2026-10-03,2026-10-02
970.0,818,2608,2026-10-03,2026-10-02
975.0,295,3084,2026-10-03,2026-10-02
980.0,807,3947,2026-10-03,2026-10-02
985.0,326,1224,2026-10-03,2026-10-02
990.0,2000,2000,2026-10-03,2026-10-02
990.0,612,4113,2026-10-03,2026-10-02
995.0,299,1491,2026-10-03,2026-10-02
1000.0,150,150,2026-10-03,2026-10-02
1000.0,3035,8671,2026-10-03,2026-10-02
1005.0,362,975,2026-10-03,2026-10-02
1010.0,725,2320,2026-10-03,2026-10-02
1015.0,760,1215,2026-10-03,2026-10-02
1020.0,792,2730,2026-10-03,2026-10-02
1025.0,569,1684,2026-10-03,2026-10-02
1030.0,990,2206,2026-10-03,2026-10-02
1035.0,699,1308,2026-10-03,2026-10-02
1040.0,1682,2772,2026-10-03,2026-10-02
1045.0,1636,1700,2026-10-03,2026-10-02
1050.0,4014,4334,2026-10-03,2026-10-02
1055.0,750,750,2026-10-03,2026-10-02
1055.0,948,1242,2026-10-03,2026-10-02
1060.0,3178,1453,2026-10-03,2026-10-02
1062.5,445,446,2026-10-03,2026-10-02
1065.0,1580,1204,2026-10-03,2026-10-02
1067.5,703,593,2026-10-03,2026-10-02
1070.0,4578,2735,2026-10-03,2026-10-02
1072.5,519,606,2026-10-03,2026-10-02
1075.0,2981,1173,2026-10-03,2026-10-02
1077.5,829,353,2026-10-03,2026-10-02
1080.0,2696,1669,2026-10-03,2026-10-02
1082.5,385,340,2026-10-03,2026-10-02
1085.0,1557,1078,2026-10-03,2026-10-02
1090.0,2224,798,2026-10-03,2026-10-02
1095.0,1622,472,2026-10-03,2026-10-02
1100.0,12782,1875,2026-10-03,2026-10-02
1105.0,1430,91,2026-10-03,2026-10-02
1110.0,3675,325,2026-10-03,2026-10-02
1115.0,1096,68,2026-10-03,2026-10-02
1120.0,3492,205,2026-10-03,2026-10-02
1125.0,2118,169,2026-10-03,2026-10-02
1130.0,2812,247,2026-10-03,2026-10-02
1135.0,1875,54,2026-10-03,2026-10-02
1140.0,2031,181,2026-10-03,2026-10-02
1145.0,1436,58,2026-10-03,2026-10-02
1150.0,10285,311,2026-10-03,2026-10-02
1155.0,1580,150,2026-10-03,2026-10-02
1160.0,1460,143,2026-10-03,2026-10-02
1165.0,1285,19,2026-10-03,2026-10-02
1170.0,2030,83,2026-10-03,2026-10-02
1175.0,6164,17,2026-10-03,2026-10-02
1180.0,2960,31,2026-10-03,2026-10-02
1185.0,856,5,2026-10-03,2026-10-02
1190.0,1109,12,2026-10-03,2026-10-02
1195.0,1003,10,2026-10-03,2026-10-02
1200.0,11271,303,2026-10-03,2026-10-02
1205.0,1236,1,2026-10-03,2026-10-02
1210.0,1556,3,2026-10-03,2026-10-02
1215.0,1108,8,2026-10-03,2026-10-02
1220.0,1203,2,2026-10-03,2026-10-02
1225.0,3254,5,2026-10-03,2026-10-02
1230.0,1476,0,2026-10-03,2026-10-02
1235.0,806,26,2026-10-03,2026-10-02
1240.0,3034,1,2026-10-03,2026-10-02
1245.0,584,0,2026-10-03,2026-10-02
1250.0,6125,4,2026-10-03,2026-10-02
1255.0,921,0,2026-10-03,2026-10-02
1260.0,3222,0,2026-10-03,2026-10-02
1265.0,810,0,2026-10-03,2026-10-02
1270.0,885,0,2026-10-03,2026-10-02
1275.0,846,0,2026-10-03,2026-10-02
1280.0,1532,0,2026-10-03,2026-10-02
1285.0,450,0,2026-10-03,2026-10-02
1290.0,893,1,2026-10-03,2026-10-02
1295.0,696,1,2026-10-03,2026-10-02
1300.0,20,0,2026-10-03,2026-10-02
1300.0,5319,0,2026-10-03,2026-10-02
1305.0,447,0,2026-10-03,2026-10-02
1310.0,786,1,2026-10-03,2026-10-02
1315.0,274,0,2026-10-03,2026-10-02
1320.0,299,0,2026-10-03,2026-10-02
1325.0,356,0,2026-10-03,2026-10-02
1330.0,629,0,2026-10-03,2026-10-02
1335.0,168,0,2026-10-03,2026-10-02
1340.0,373,0,2026-10-03,2026-10-02
1345.0,388,0,2026-10-03,2026-10-02
1350.0,2720,0,2026-10-03,2026-10-02
1355.0,246,0,2026-10-03,2026-10-02
1360.0,445,0,2026-10-03,2026-10-02
1365.0,389,0,2026-10-03,2026-10-02
1370.0,1043,0,2026-10-03,2026-10-02
1375.0,475,0,2026-10-03,2026-10-02
1380.0,776,0,2026-10-03,2026-10-02
1385.0,410,0,2026-10-03,2026-10-02
1390.0,786,0,2026-10-03,2026-10-02
1395.0,193,0,2026-10-03,2026-10-02
1400.0,3631,0,2026-10-03,2026-10-02
1405.0,395,0,2026-10-03,2026-10-02
1410.0,20,0,2026-10-03,2026-10-02
1410.0,362,0,2026-10-03,2026-10-02
1415.0,90,0,2026-10-03,2026-10-02
1420.0,827,0,2026-10-03,2026-10-02
1425.0,230,0,2026-10-03,2026-10-02
1430.0,2371,0,2026-10-03,2026-10-02
1435.0,464,0,2026-10-03,2026-10-02
1440.0,975,0,2026-10-03,2026-10-02
1445.0,422,0,2026-10-03,2026-10-02
1450.0,1873,0,2026-10-03,2026-10-02
1460.0,903,0,2026-10-03,2026-10-02
1470.0,901,0,2026-10-03,2026-10-02
1480.0,894,0,2026-10-03,2026-10-02
1490.0,533,0,2026-10-03,2026-10-02
1500.0,3971,0,2026-10-03,2026-10-02
1510.0,584,0,2026-10-03,2026-10-02
1520.0,461,0,2026-10-03,2026-10-02
1530.0,130,0,2026-10-03,2026-10-02
1540.0,505,0,2026-10-03,2026-10-02
1550.0,628,0,2026-10-03,2026-10-02
1560.0,246,0,2026-10-03,2026-10-02
1570.0,328,0,2026-10-03,2026-10-02
1580.0,337,0,2026-10-03,2026-10-02
1590.0,362,0,2026-10-03,2026-10-02
1600.0,1003,0,2026-10-03,2026-10-02
1610.0,308,0,2026-10-03,2026-10-02
1620.0,109,0,2026-10-03,2026-10-02
1630.0,162,0,2026-10-03,2026-10-02
1640.0,624,0,2026-10-03,2026-10-02
1650.0,439,0,2026-10-03,2026-10-02
1660.0,475,0,2026-10-03,2026-10-02
1670.0,587,0,2026-10-03,2026-10-02
1680.0,102,0,2026-10-03,2026-10-02
1690.0,333,0,2026-10-03,2026-10-02
1700.0,1166,0,2026-10-03,2026-10-02
1710.0,284,0,2026-10-03,2026-10-02
1720.0,648,0,2026-10-03,2026-10-02
1730.0,3913,0,2026-10-03,2026-10-02
600.0,35,44,2026-10-06,2026-10-02
610.0,23,9,2026-10-06,2026-10-02
620.0,20,26,2026-10-06,2026-10-02
630.0,20,15,2026-10-06,2026-10-02
640.0,20,15,2026-10-06,2026-10-02
650.0,30,30,2026-10-06,2026-10-02
660.0,16,19,2026-10-06,2026-10-02
670.0,15,540,2026-10-06,2026-10-02
680.0,5,810,2026-10-06,2026-10-02
690.0,8,44,2026-10-06,2026-10-02
700.0,2,97,2026-10-06,2026-10-02
710.0,4,7,2026-10-06,2026-10-02
720.0,0,26,2026-10-06,2026-10-02
730.0,1,67,2026-10-06,2026-10-02
740.0,3,49,2026-10-06,2026-10-02
750.0,2,148,2026-10-06,2026-10-02
760.0,0,6,2026-10-06,2026-10-02
770.0,3,35,2026-10-06,2026-10-02
775.0,15,27,2026-10-06,2026-10-02
780.0,9,22,2026-10-06,2026-10-02
785.0,5,20,2026-10-06,2026-10-02
790.0,9,43,2026-10-06,2026-10-02
795.0,10,16,2026-10-06,2026-10-02
800.0,6,304,2026-10-06,2026-10-02
805.0,25,25,2026-10-06,2026-10-02
810.0,11,19,2026-10-06,2026-10-02
815.0,9,20,2026-10-06,2026-10-02
820.0,10,29,2026-10-06,2026-10-02
825.0,10,51,2026-10-06,2026-10-02
830.0,15,67,2026-10-06,2026-10-02
835.0,12,19,2026-10-06,2026-10-02
840.0,20,24,2026-10-06,2026-10-02
845.0,51,32,2026-10-06,2026-10-02
850.0,106,209,2026-10-06,2026-10-02
855.0,10,21,2026-10-06,2026-10-02
860.0,6,66,2026-10-06,2026-10-02
865.0,4,77,2026-10-06,2026-10-02
870.0,2,95,2026-10-06,2026-10-02
875.0,2,629,2026-10-06,2026-10-02
880.0,1,83,2026-10-06,2026-10-02
885.0,0,40,2026-10-06,2026-10-02
890.0,1,86,2026-10-06,2026-10-02
895.0,0,65,2026-10-06,2026-10-02
900.0,24,787,2026-10-06,2026-10-02
905.0,7,73,2026-10-06,2026-10-02
910.0,8,84,2026-10-06,2026-10-02
915.0,10,168,2026-10-06,2026-10-02
920.0,12,397,2026-10-06,2026-10-02
925.0,12,211,2026-10-06,2026-10-02
930.0,2,118,2026-10-06,2026-10-02
935.0,4,67,2026-10-06,2026-10-02
940.0,8,167,2026-10-06,2026-10-02
945.0,35,147,2026-10-06,2026-10-02
950.0,35,1044,2026-10-06,2026-10-02
955.0,0,168,2026-10-06,2026-10-02
960.0,49,330,2026-10-06,2026-10-02
965.0,6,203,2026-10-06,2026-10-02
970.0,43,501,2026-10-06,2026-10-02
975.0,5,196,2026-10-06,2026-10-02
980.0,40,249,2026-10-06,2026-10-02
985.0,16,116,2026-10-06,2026-10-02
990.0,31,234,2026-10-06,2026-10-02
995.0,16,168,2026-10-06,2026-10-02
1000.0,156,2189,2026-10-06,2026-10-02
1005.0,187,166,2026-10-06,2026-10-02
1010.0,134,224,2026-10-06,2026-10-02
1015.0,45,369,2026-10-06,2026-10-02
1020.0,46,335,2026-10-06,2026-10-02
1025.0,44,306,2026-10-06,2026-10-02
1030.0,96,467,2026-10-06,2026-10-02
1035.0,193,269,2026-10-06,2026-10-02
1040.0,412,705,2026-10-06,2026-10-02
1045.0,196,221,2026-10-06,2026-10-02
1050.0,2850,2850,2026-10-06,2026-10-02
1050.0,1021,904,2026-10-06,2026-10-02
1055.0,249,222,2026-10-06,2026-10-02
1060.0,998,653,2026-10-06,2026-10-02
1065.0,559,180,2026-10-06,2026-10-02
1070.0,817,507,2026-10-06,2026-10-02
1075.0,932,555,2026-10-06,2026-10-02
1080.0,1274,369,2026-10-06,2026-10-02
1085.0,413,66,2026-10-06,2026-10-02
1090.0,1038,141,2026-10-06,2026-10-02
1095.0,222,50,2026-10-06,2026-10-02
1100.0,2486,383,2026-10-06,2026-10-02
1105.0,189,48,2026-10-06,2026-10-02
1110.0,308,21,2026-10-06,2026-10-02
1115.0,137,38,2026-10-06,2026-10-02
1120.0,367,27,2026-10-06,2026-10-02
1125.0,332,23,2026-10-06,2026-10-02
1130.0,299,35,2026-10-06,2026-10-02
1135.0,159,40,2026-10-06,2026-10-02
1140.0,257,34,2026-10-06,2026-10-02
1145.0,202,7,2026-10-06,2026-10-02
1150.0,1514,41,2026-10-06,2026-10-02
1155.0,103,8,2026-10-06,2026-10-02
1160.0,231,8,2026-10-06,2026-10-02
1165.0,325,10,2026-10-06,2026-10-02
1170.0,691,2,2026-10-06,2026-10-02
1175.0,253,8,2026-10-06,2026-10-02
1180.0,266,1,2026-10-06,2026-10-02
1185.0,857,11,2026-10-06,2026-10-02
1190.0,662,0,2026-10-06,2026-10-02
1195.0,131,0,2026-10-06,2026-10-02
1200.0,2789,34,2026-10-06,2026-10-02
1205.0,115,0,2026-10-06,2026-10-02
1210.0,279,0,2026-10-06,2026-10-02
1215.0,148,0,2026-10-06,2026-10-02
1220.0,496,2,2026-10-06,2026-10-02
1225.0,368,4,2026-10-06,2026-10-02
1230.0,116,2,2026-10-06,2026-10-02
1235.0,90,0,2026-10-06,2026-10-02
1240.0,118,1,2026-10-06,2026-10-02
1245.0,86,0,2026-10-06,2026-10-02
1250.0,389,19,2026-10-06,2026-10-02
1255.0,214,0,2026-10-06,2026-10-02
1260.0,511,10,2026-10-06,2026-10-02
1265.0,69,0,2026-10-06,2026-10-02
1270.0,49,0,2026-10-06,2026-10-02
1275.0,72,0,2026-10-06,2026-10-02
1280.0,209,0,2026-10-06,2026-10-02
1285.0,97,0,2026-10-06,2026-10-02
1290.0,100,0,2026-10-06,2026-10-02
1295.0,71,0,2026-10-06,2026-10-02
1300.0,735,3,2026-10-06,2026-10-02
1305.0,49,0,2026-10-06,2026-10-02
1310.0,745,0,2026-10-06,2026-10-02
1315.0,23,0,2026-10-06,2026-10-02
1320.0,103,0,2026-10-06,2026-10-02
1325.0,242,0,2026-10-06,2026-10-02
1330.0,39,0,2026-10-06,2026-10-02
1335.0,47,0,2026-10-06,2026-10-02
1340.0,69,0,2026-10-06,2026-10-02
1345.0,156,0,2026-10-06,2026-10-02
1350.0,252,10,2026-10-06,2026-10-02
1355.0,27,0,2026-10-06,2026-10-02
1360.0,15,0,2026-10-06,2026-10-02
1365.0,34,0,2026-10-06,2026-10-02
1370.0,11,0,2026-10-06,2026-10-02
1375.0,140,0,2026-10-06,2026-10-02
1380.0,51,0,2026-10-06,2026-10-02
1385.0,19,0,2026-10-06,2026-10-02
1390.0,57,0,2026-10-06,2026-10-02
1395.0,21,0,2026-10-06,2026-10-02
1400.0,987,0,2026-10-06,2026-10-02
1405.0,16,0,2026-10-06,2026-10-02
1410.0,23,0,2026-10-06,2026-10-02
1415.0,8,0,2026-10-06,2026-10-02
1420.0,28,0,2026-10-06,2026-10-02
1425.0,16,0,2026-10-06,2026-10-02
1430.0,28,0,2026-10-06,2026-10-02
1435.0,23,0,2026-10-06,2026-10-02
1440.0,141,0,2026-10-06,2026-10-02
1445.0,72,0,2026-10-06,2026-10-02
1450.0,260,0,2026-10-06,2026-10-02
940.0,2600,2600,2026-10-07,2026-10-02
600.0,4,17,2026-10-08,2026-10-02
610.0,0,6,2026-10-08,2026-10-02
620.0,0,6,2026-10-08,2026-10-02
630.0,0,15,2026-10-08,2026-10-02
640.0,0,5,2026-10-08,2026-10-02
650.0,0,27,2026-10-08,2026-10-02
660.0,0,3,2026-10-08,2026-10-02
670.0,0,0,2026-10-08,2026-10-02
680.0,0,0,2026-10-08,2026-10-02
690.0,0,3,2026-10-08,2026-10-02
700.0,0,25,2026-10-08,2026-10-02
710.0,1,3,2026-10-08,2026-10-02
720.0,0,7,2026-10-08,2026-10-02
730.0,0,22,2026-10-08,2026-10-02
740.0,0,43,2026-10-08,2026-10-02
750.0,0,51,2026-10-08,2026-10-02
760.0,0,28,2026-10-08,2026-10-02
770.0,2,28,2026-10-08,2026-10-02
775.0,0,21,2026-10-08,2026-10-02
780.0,0,31,2026-10-08,2026-10-02
785.0,0,16,2026-10-08,2026-10-02
790.0,0,59,2026-10-08,2026-10-02
795.0,2,16,2026-10-08,2026-10-02
800.0,0,99,2026-10-08,2026-10-02
805.0,0,3,2026-10-08,2026-10-02
810.0,0,162,2026-10-08,2026-10-02
815.0,0,4,2026-10-08,2026-10-02
820.0,0,2,2026-10-08,2026-10-02
825.0,0,41,2026-10-08,2026-10-02
830.0,0,24,2026-10-08,2026-10-02
835.0,0,8,2026-10-08,2026-10-02
840.0,0,105,2026-10-08,2026-10-02
845.0,0,10,2026-10-08,2026-10-02
850.0,0,46,2026-10-08,2026-10-02
855.0,0,17,2026-10-08,2026-10-02
860.0,0,5,2026-10-08,2026-10-02
865.0,0,3,2026-10-08,2026-10-02
870.0,0,25,2026-10-08,2026-10-02
875.0,1,15,2026-10-08,2026-10-02
880.0,0,33,2026-10-08,2026-10-02
885.0,0,16,2026-10-08,2026-10-02
890.0,0,24,2026-10-08,2026-10-02
895.0,1,13,2026-10-08,2026-10-02
900.0,10,475,2026-10-08,2026-10-02
905.0,12,49,2026-10-08,2026-10-02
910.0,1,387,2026-10-08,2026-10-02
915.0,0,52,2026-10-08,2026-10-02
920.0,1,104,2026-10-08,2026-10-02
925.0,0,41,2026-10-08,2026-10-02
930.0,2,103,2026-10-08,2026-10-02
935.0,1,66,2026-10-08,2026-10-02
940.0,3,196,2026-10-08,2026-10-02
945.0,0,45,2026-10-08,2026-10-02
950.0,37,423,2026-10-08,2026-10-02
955.0,0,105,2026-10-08,2026-10-02
960.0,6,181,2026-10-08,2026-10-02
965.0,0,109,2026-10-08,2026-10-02
970.0,6,138,2026-10-08,2026-10-02
975.0,3,75,2026-10-08,2026-10-02
980.0,17,150,2026-10-08,2026-10-02
985.0,30,245,2026-10-08,2026-10-02
990.0,24,143,2026-10-08,2026-10-02
995.0,12,154,2026-10-08,2026-10-02
1000.0,78,466,2026-10-08,2026-10-02
1005.0,9,117,2026-10-08,2026-10-02
1010.0,18,100,2026-10-08,2026-10-02
1015.0,31,243,2026-10-08,2026-10-02
1020.0,82,204,2026-10-08,2026-10-02
1025.0,41,363,2026-10-08,2026-10-02
1030.0,36,356,2026-10-08,2026-10-02
1035.0,115,441,2026-10-08,2026-10-02
1040.0,129,219,2026-10-08,2026-10-02
1045.0,244,109,2026-10-08,2026-10-02
1050.0,517,303,2026-10-08,2026-10-02
1055.0,114,63,2026-10-08,2026-10-02
1060.0,331,56,2026-10-08,2026-10-02
1065.0,169,52,2026-10-08,2026-10-02
1070.0,477,101,2026-10-08,2026-10-02
1075.0,317,100,2026-10-08,2026-10-02
1080.0,369,97,2026-10-08,2026-10-02
1085.0,1021,63,2026-10-08,2026-10-02
1090.0,153,32,2026-10-08,2026-10-02
1095.0,122,112,2026-10-08,2026-10-02
1100.0,622,105,2026-10-08,2026-10-02
1105.0,201,9,2026-10-08,2026-10-02
1110.0,212,29,2026-10-08,2026-10-02
1115.0,96,17,2026-10-08,2026-10-02
1120.0,210,10,2026-10-08,2026-10-02
1125.0,131,12,2026-10-08,2026-10-02
1130.0,119,10,2026-10-08,2026-10-02
1135.0,87,8,2026-10-08,2026-10-02
1140.0,175,4,2026-10-08,2026-10-02
1145.0,139,3,2026-10-08,2026-10-02
1150.0,325,5,2026-10-08,2026-10-02
1155.0,119,1,2026-10-08,2026-10-02
1160.0,116,2,2026-10-08,2026-10-02
1165.0,74,6,2026-10-08,2026-10-02
1170.0,172,14,2026-10-08,2026-10-02
1175.0,43,16,2026-10-08,2026-10-02
1180.0,128,5,2026-10-08,2026-10-02
1185.0,50,5,2026-10-08,2026-10-02
1190.0,83,0,2026-10-08,2026-10-02
1195.0,71,1,2026-10-08,2026-10-02
1200.0,392,5,2026-10-08,2026-10-02
1205.0,141,0,2026-10-08,2026-10-02
1210.0,44,0,2026-10-08,2026-10-02
1215.0,167,0,2026-10-08,2026-10-02
1220.0,151,0,2026-10-08,2026-10-02
1225.0,211,0,2026-10-08,2026-10-02
1230.0,91,2,2026-10-08,2026-10-02
1235.0,137,1,2026-10-08,2026-10-02
1240.0,71,0,2026-10-08,2026-10-02
1245.0,40,0,2026-10-08,2026-10-02
1250.0,296,0,2026-10-08,2026-10-02
1255.0,26,0,2026-10-08,2026-10-02
1260.0,40,0,2026-10-08,2026-10-02
1265.0,22,0,2026-10-08,2026-10-02
1270.0,75,0,2026-10-08,2026-10-02
1275.0,272,10,2026-10-08,2026-10-02
1280.0,127,0,2026-10-08,2026-10-02
1285.0,58,0,2026-10-08,2026-10-02
1290.0,53,0,2026-10-08,2026-10-02
1295.0,20,0,2026-10-08,2026-10-02
1300.0,249,0,2026-10-08,2026-10-02
1305.0,39,0,2026-10-08,2026-10-02
1310.0,80,0,2026-10-08,2026-10-02
1315.0,115,0,2026-10-08,2026-10-02
1320.0,90,0,2026-10-08,2026-10-02
1325.0,20,0,2026-10-08,2026-10-02
1330.0,65,0,2026-10-08,2026-10-02
1335.0,31,0,2026-10-08,2026-10-02
1340.0,5,0,2026-10-08,2026-10-02
1345.0,20,0,2026-10-08,2026-10-02
1350.0,41,0,2026-10-08,2026-10-02
1355.0,8,0,2026-10-08,2026-10-02
1360.0,18,0,2026-10-08,2026-10-02
1365.0,14,0,2026-10-08,2026-10-02
1370.0,5,0,2026-10-08,2026-10-02
1375.0,4,0,2026-10-08,2026-10-02
1380.0,8,0,2026-10-08,2026-10-02
1385.0,8,0,2026-10-08,2026-10-02
1390.0,0,0,2026-10-08,2026-10-02
1395.0,7,0,2026-10-08,2026-10-02
1400.0,61,0,2026-10-08,2026-10-02
1405.0,6,0,2026-10-08,2026-10-02
1410.0,2,0,2026-10-08,2026-10-02
1415.0,49,0,2026-10-08,2026-10-02
1420.0,8,0,2026-10-08,2026-10-02
1425.0,5,0,2026-10-08,2026-10-02
1430.0,5,0,2026-10-08,2026-10-02
1435.0,5,0,2026-10-08,2026-10-02
1440.0,12,0,2026-10-08,2026-10-02
1445.0,106,0,2026-10-08,2026-10-02
1450.0,170,0,2026-10-08,2026-10-02
1080.0,29,0,2026-10-09,2026-10-02
1284.21,1,0,2026-10-09,2026-10-02
5.0,30,7,2026-10-10,2026-10-02
10.0,0,2,2026-10-10,2026-10-02
15.0,0,0,2026-10-10,2026-10-02
20.0,0,0,2026-10-10,2026-10-02
25.0,0,0,2026-10-10,2026-10-02
30.0,0,0,2026-10-10,2026-10-02
35.0,0,1,2026-10-10,2026-10-02
40.0,0,0,2026-10-10,2026-10-02
45.0,0,0,2026-10-10,2026-10-02
50.0,0,0,2026-10-10,2026-10-02
55.0,0,0,2026-10-10,2026-10-02
60.0,0,0,2026-10-10,2026-10-02
65.0,0,0,2026-10-10,2026-10-02
70.0,0,0,2026-10-10,2026-10-02
75.0,0,0,2026-10-10,2026-10-02
80.0,0,0,2026-10-10,2026-10-02
85.0,0,0,2026-10-10,2026-10-02
90.0,1,0,2026-10-10,2026-10-02
95.0,0,0,2026-10-10,2026-10-02
100.0,0,0,2026-10-10,2026-10-02
105.0,0,0,2026-10-10,2026-10-02
110.0,0,0,2026-10-10,2026-10-02
115.0,0,0,2026-10-10,2026-10-02
120.0,0,0,2026-10-10,2026-10-02
125.0,1,0,2026-10-10,2026-10-02
130.0,1,0,2026-10-10,2026-10-02
135.0,0,0,2026-10-10,2026-10-02
140.0,0,0,2026-10-10,2026-10-02
145.0,0,0,2026-10-10,2026-10-02
150.0,0,0,2026-10-10,2026-10-02
155.0,0,0,2026-10-10,2026-10-02
160.0,0,0,2026-10-10,2026-10-02
165.0,0,0,2026-10-10,2026-10-02
170.0,0,0,2026-10-10,2026-10-02
175.0,0,0,2026-10-10,2026-10-02
180.0,0,0,2026-10-10,2026-10-02
185.0,0,0,2026-10-10,2026-10-02
190.0,1,0,2026-10-10,2026-10-02
195.0,0,0,2026-10-10,2026-10-02
200.0,0,14,2026-10-10,2026-10-02
205.0,1,2,2026-10-10,2026-10-02
210.0,1,2,2026-10-10,2026-10-02
215.0,0,1,2026-10-10,2026-10-02
220.0,0,4,2026-10-10,2026-10-02
225.0,0,10,2026-10-10,2026-10-02
230.0,0,19,2026-10-10,2026-10-02
235.0,0,7,2026-10-10,2026-10-02
240.0,0,13,2026-10-10,2026-10-02
245.0,5,24,2026-10-10,2026-10-02
250.0,0,24,2026-10-10,2026-10-02
255.0,0,47,2026-10-10,2026-10-02
260.0,1,24,2026-10-10,2026-10-02
265.0,0,76,2026-10-10,2026-10-02
270.0,0,108,2026-10-10,2026-10-02
275.0,0,54,2026-10-10,2026-10-02
280.0,0,132,2026-10-10,2026-10-02
285.0,0,310,2026-10-10,2026-10-02
290.0,1,166,2026-10-10,2026-10-02
295.0,0,92,2026-10-10,2026-10-02
300.0,1,278,2026-10-10,2026-10-02
305.0,0,22,2026-10-10,2026-10-02
310.0,0,223,2026-10-10,2026-10-02
315.0,0,26,2026-10-10,2026-10-02
320.0,0,1545,2026-10-10,2026-10-02
325.0,0,90,2026-10-10,2026-10-02
330.0,0,120,2026-10-10,2026-10-02
335.0,0,27,2026-10-10,2026-10-02
340.0,0,2240,2026-10-10,2026-10-02
345.0,0,43,2026-10-10,2026-10-02
350.0,5,216,2026-10-10,2026-10-02
355.0,0,54,2026-10-10,2026-10-02
360.0,0,1048,2026-10-10,2026-10-02
365.0,0,115,2026-10-10,2026-10-02
370.0,0,48,2026-10-10,2026-10-02
375.0,0,29,2026-10-10,2026-10-02
380.0,16,49,2026-10-10,2026-10-02
385.0,1,38,2026-10-10,2026-10-02
390.0,0,92,2026-10-10,2026-10-02
395.0,1,83,2026-10-10,2026-10-02
400.0,0,83,2026-10-10,2026-10-02
405.0,1,101,2026-10-10,2026-10-02
410.0,0,122,2026-10-10,2026-10-02
415.0,0,80,2026-10-10,2026-10-02
420.0,0,69,2026-10-10,2026-10-02
425.0,0,52,2026-10-10,2026-10-02
430.0,10,31,2026-10-10,2026-10-02
435.0,0,25,2026-10-10,2026-10-02
440.0,0,39,2026-10-10,2026-10-02
445.0,0,23,2026-10-10,2026-10-02
450.0,2,68,2026-10-10,2026-10-02
455.0,0,26,2026-10-10,2026-10-02
460.0,1,25,2026-10-10,2026-10-02
465.0,0,121,2026-10-10,2026-10-02
470.0,0,18,2026-10-10,2026-10-02
475.0,0,24,2026-10-10,2026-10-02
480.0,0,27,2026-10-10,2026-10-02
485.0,0,22,2026-10-10,2026-10-02
490.0,0,69,2026-10-10,2026-10-02
495.0,0,18,2026-10-10,2026-10-02
500.0,149,57,2026-10-10,2026-10-02
505.0,1,23,2026-10-10,2026-10-02
510.0,3,59,2026-10-10,2026-10-02
515.0,0,11,2026-10-10,2026-10-02
520.0,0,14,2026-10-10,2026-10-02
525.0,0,42,2026-10-10,2026-10-02
530.0,0,9,2026-10-10,2026-10-02
535.0,0,32,2026-10-10,2026-10-02
540.0,0,33,2026-10-10,2026-10-02
545.0,0,10,2026-10-10,2026-10-02
550.0,7,108,2026-10-10,2026-10-02
555.0,0,14,2026-10-10,2026-10-02
560.0,0,11,2026-10-10,2026-10-02
565.0,3,11,2026-10-10,2026-10-02
570.0,0,20,2026-10-10,2026-10-02
575.0,0,28,2026-10-10,2026-10-02
580.0,0,62,2026-10-10,2026-10-02
585.0,1,39,2026-10-10,2026-10-02
590.0,6,25,2026-10-10,2026-10-02
595.0,4,23,2026-10-10,2026-10-02
600.0,1,3642,2026-10-10,2026-10-02
605.0,0,64,2026-10-10,2026-10-02
610.0,1,10,2026-10-10,2026-10-02
615.0,1,254,2026-10-10,2026-10-02
620.0,0,173,2026-10-10,2026-10-02
625.0,1,57,2026-10-10,2026-10-02
630.0,1,25,2026-10-10,2026-10-02
635.0,0,15,2026-10-10,2026-10-02
640.0,1,46,2026-10-10,2026-10-02
645.0,0,47,2026-10-10,2026-10-02
650.0,2,14409,2026-10-10,2026-10-02
655.0,10,206,2026-10-10,2026-10-02
660.0,2,58,2026-10-10,2026-10-02
665.0,1,55,2026-10-10,2026-10-02
670.0,1,70,2026-10-10,2026-10-02
675.0,0,45,2026-10-10,2026-10-02
680.0,1,73,2026-10-10,2026-10-02
685.0,1,87,2026-10-10,2026-10-02
690.0,4,62,2026-10-10,2026-10-02
695.0,5,72,2026-10-10,2026-10-02
700.0,66,353,2026-10-10,2026-10-02
705.0,0,89,2026-10-10,2026-10-02
710.0,2,51,2026-10-10,2026-10-02
715.0,0,17,2026-10-10,2026-10-02
720.0,0,108,2026-10-10,2026-10-02
725.0,0,92,2026-10-10,2026-10-02
730.0,0,64,2026-10-10,2026-10-02
735.0,0,80,2026-10-10,2026-10-02
740.0,2,120,2026-10-10,2026-10-02
745.0,5,31,2026-10-10,2026-10-02
750.0,8,1258,2026-10-10,2026-10-02
755.0,1,34,2026-10-10,2026-10-02
760.0,3,55,2026-10-10,2026-10-02
765.0,5,107,2026-10-10,2026-10-02
770.0,6,142,2026-10-10,2026-10-02
775.0,8,112,2026-10-10,2026-10-02
780.0,4,841,2026-10-10,2026-10-02
785.0,1,92,2026-10-10,2026-10-02
790.0,1,175,2026-10-10,2026-10-02
795.0,5,228,2026-10-10,2026-10-02
800.0,150,2151,2026-10-10,2026-10-02
805.0,85,54,2026-10-10,2026-10-02
810.0,12,515,2026-10-10,2026-10-02
815.0,17,70,2026-10-10,2026-10-02
820.0,93,228,2026-10-10,2026-10-02
825.0,8,180,2026-10-10,2026-10-02
830.0,67,179,2026-10-10,2026-10-02
835.0,6,62,2026-10-10,2026-10-02
840.0,19,442,2026-10-10,2026-10-02
845.0,1,221,2026-10-10,2026-10-02
850.0,67,1108,2026-10-10,2026-10-02
855.0,2,151,2026-10-10,2026-10-02
860.0,27,155,2026-10-10,2026-10-02
865.0,19,125,2026-10-10,2026-10-02
870.0,28,317,2026-10-10,2026-10-02
875.0,19,160,2026-10-10,2026-10-02
880.0,46,279,2026-10-10,2026-10-02
885.0,21,84,2026-10-10,2026-10-02
890.0,101,271,2026-10-10,2026-10-02
895.0,3,300,2026-10-10,2026-10-02
900.0,2103,1912,2026-10-10,2026-10-02
905.0,36,175,2026-10-10,2026-10-02
910.0,75,270,2026-10-10,2026-10-02
915.0,17,200,2026-10-10,2026-10-02
920.0,489,548,2026-10-10,2026-10-02
925.0,103,576,2026-10-10,2026-10-02
930.0,613,1105,2026-10-10,2026-10-02
935.0,34,222,2026-10-10,2026-10-02
940.0,222,754,2026-10-10,2026-10-02
945.0,101,352,2026-10-10,2026-10-02
950.0,612,1608,2026-10-10,2026-10-02
955.0,38,212,2026-10-10,2026-10-02
960.0,389,501,2026-10-10,2026-10-02
965.0,56,405,2026-10-10,2026-10-02
970.0,234,454,2026-10-10,2026-10-02
975.0,195,485,2026-10-10,2026-10-02
980.0,463,1147,2026-10-10,2026-10-02
985.0,63,356,2026-10-10,2026-10-02
990.0,344,372,2026-10-10,2026-10-02
995.0,104,226,2026-10-10,2026-10-02
1000.0,1033,1660,2026-10-10,2026-10-02
1005.0,190,184,2026-10-10,2026-10-02
1010.0,246,487,2026-10-10,2026-10-02
1015.0,421,484,2026-10-10,2026-10-02
1020.0,197,872,2026-10-10,2026-10-02
1025.0,191,550,2026-10-10,2026-10-02
1030.0,378,471,2026-10-10,2026-10-02
1035.0,260,524,2026-10-10,2026-10-02
1040.0,239,636,2026-10-10,2026-10-02
1045.0,277,471,2026-10-10,2026-10-02
1050.0,2094,795,2026-10-10,2026-10-02
1055.0,0,0,2026-10-10,2026-10-02
1055.0,158,147,2026-10-10,2026-10-02
1057.5,20,32,2026-10-10,2026-10-02
1060.0,431,389,2026-10-10,2026-10-02
1062.5,38,34,2026-10-10,2026-10-02
1065.0,173,86,2026-10-10,2026-10-02
1067.5,144,80,2026-10-10,2026-10-02
1070.0,1042,1134,2026-10-10,2026-10-02
1072.5,128,186,2026-10-10,2026-10-02
1075.0,502,140,2026-10-10,2026-10-02
1077.5,172,68,2026-10-10,2026-10-02
1080.0,1318,373,2026-10-10,2026-10-02
1082.5,98,13,2026-10-10,2026-10-02
1085.0,221,89,2026-10-10,2026-10-02
1090.0,386,419,2026-10-10,2026-10-02
1095.0,266,115,2026-10-10,2026-10-02
1100.0,3419,323,2026-10-10,2026-10-02
1105.0,226,62,2026-10-10,2026-10-02
1110.0,610,73,2026-10-10,2026-10-02
1115.0,157,41,2026-10-10,2026-10-02
1120.0,1305,222,2026-10-10,2026-10-02
1125.0,697,23,2026-10-10,2026-10-02
1130.0,490,101,2026-10-10,2026-10-02
1135.0,169,24,2026-10-10,2026-10-02
1140.0,414,154,2026-10-10,2026-10-02
1145.0,117,15,2026-10-10,2026-10-02
1150.0,1158,215,2026-10-10,2026-10-02
1155.0,180,6,2026-10-10,2026-10-02
1160.0,299,9,2026-10-10,2026-10-02
1165.0,83,0,2026-10-10,2026-10-02
1170.0,375,2,2026-10-10,2026-10-02
1175.0,125,5,2026-10-10,2026-10-02
1180.0,319,2,2026-10-10,2026-10-02
1185.0,257,0,2026-10-10,2026-10-02
1190.0,235,8,2026-10-10,2026-10-02
1195.0,85,0,2026-10-10,2026-10-02
1200.0,4538,21,2026-10-10,2026-10-02
1205.0,245,0,2026-10-10,2026-10-02
1210.0,809,10,2026-10-10,2026-10-02
1215.0,178,0,2026-10-10,2026-10-02
1220.0,314,1,2026-10-10,2026-10-02
1225.0,356,0,2026-10-10,2026-10-02
1230.0,315,2,2026-10-10,2026-10-02
1235.0,54,0,2026-10-10,2026-10-02
1240.0,270,1,2026-10-10,2026-10-02
1245.0,81,0,2026-10-10,2026-10-02
1250.0,1455,5,2026-10-10,2026-10-02
1255.0,376,0,2026-10-10,2026-10-02
1260.0,230,6,2026-10-10,2026-10-02
1265.0,32,0,2026-10-10,2026-10-02
1270.0,171,4,2026-10-10,2026-10-02
1275.0,168,0,2026-10-10,2026-10-02
1280.0,177,3,2026-10-10,2026-10-02
1285.0,219,0,2026-10-10,2026-10-02
1290.0,132,5,2026-10-10,2026-10-02
1295.0,53,0,2026-10-10,2026-10-02
1300.0,2664,24,2026-10-10,2026-10-02
1305.0,40,0,2026-10-10,2026-10-02
1310.0,539,15,2026-10-10,2026-10-02
1315.0,6,0,2026-10-10,2026-10-02
1320.0,86,5,2026-10-10,2026-10-02
1325.0,272,0,2026-10-10,2026-10-02
1330.0,590,1,2026-10-10,2026-10-02
1335.0,12,0,2026-10-10,2026-10-02
1340.0,208,0,2026-10-10,2026-10-02
1345.0,12,0,2026-10-10,2026-10-02
1350.0,446,1,2026-10-10,2026-10-02
1355.0,8,0,2026-10-10,2026-10-02
1360.0,64,0,2026-10-10,2026-10-02
1365.0,4,2,2026-10-10,2026-10-02
1370.0,106,0,2026-10-10,2026-10-02
1375.0,88,0,2026-10-10,2026-10-02
1380.0,556,1,2026-10-10,2026-10-02
1385.0,20,0,2026-10-10,2026-10-02
1390.0,127,0,2026-10-10,2026-10-02
1395.0,2,0,2026-10-10,2026-10-02
1400.0,710,0,2026-10-10,2026-10-02
1410.0,161,0,2026-10-10,2026-10-02
1420.0,147,0,2026-10-10,2026-10-02
1430.0,65,0,2026-10-10,2026-10-02
1440.0,226,0,2026-10-10,2026-10-02
1450.0,1941,0,2026-10-10,2026-10-02
1460.0,122,0,2026-10-10,2026-10-02
1470.0,709,0,2026-10-10,2026-10-02
1480.0,24,0,2026-10-10,2026-10-02
1490.0,32,0,2026-10-10,2026-10-02
1500.0,3143,0,2026-10-10,2026-10-02
1510.0,117,0,2026-10-10,2026-10-02
1520.0,16,0,2026-10-10,2026-10-02
1530.0,140,0,2026-10-10,2026-10-02
1540.0,28,0,2026-10-10,2026-10-02
1550.0,163,0,2026-10-10,2026-10-02
1560.0,11,0,2026-10-10,2026-10-02
1570.0,64,0,2026-10-10,2026-10-02
1580.0,92,0,2026-10-10,2026-10-02
1590.0,12,0,2026-10-10,2026-10-02
1600.0,237,0,2026-10-10,2026-10-02
1610.0,66,0,2026-10-10,2026-10-02
1620.0,103,0,2026-10-10,2026-10-02
1630.0,44,0,2026-10-10,2026-10-02
1640.0,45,0,2026-10-10,2026-10-02
1650.0,55,0,2026-10-10,2026-10-02
1660.0,77,0,2026-10-10,2026-10-02
1670.0,42,0,2026-10-10,2026-10-02
1680.0,80,0,2026-10-10,2026-10-02
1690.0,15,0,2026-10-10,2026-10-02
1700.0,269,0,2026-10-10,2026-10-02
1710.0,49,0,2026-10-10,2026-10-02
1720.0,176,0,2026-10-10,2026-10-02
1730.0,1240,0,2026-10-10,2026-10-02
600.0,23,19,2026-10-13,2026-10-02
610.0,0,43,2026-10-13,2026-10-02
611.0,0,2230,2026-10-13,2026-10-02
620.0,5,6,2026-10-13,2026-10-02
630.0,7,7,2026-10-13,2026-10-02
640.0,4,8,2026-10-13,2026-10-02
650.0,7,1,2026-10-13,2026-10-02
660.0,20,6,2026-10-13,2026-10-02
670.0,0,13,2026-10-13,2026-10-02
680.0,45,8,2026-10-13,2026-10-02
690.0,1,5,2026-10-13,2026-10-02
700.0,0,5,2026-10-13,2026-10-02
710.0,2,7,2026-10-13,2026-10-02
720.0,20,8,2026-10-13,2026-10-02
730.0,1,15,2026-10-13,2026-10-02
740.0,6,38,2026-10-13,2026-10-02
750.0,14,13,2026-10-13,2026-10-02
760.0,1,8,2026-10-13,2026-10-02
770.0,3,6,2026-10-13,2026-10-02
775.0,20,4,2026-10-13,2026-10-02
780.0,0,3,2026-10-13,2026-10-02
785.0,44,13,2026-10-13,2026-10-02
790.0,1,33,2026-10-13,2026-10-02
795.0,1,21,2026-10-13,2026-10-02
800.0,3,24,2026-10-13,2026-10-02
805.0,1,7,2026-10-13,2026-10-02
810.0,20,2,2026-10-13,2026-10-02
815.0,1,4,2026-10-13,2026-10-02
820.0,5,2,2026-10-13,2026-10-02
825.0,9,7,2026-10-13,2026-10-02
830.0,1,1,2026-10-13,2026-10-02
835.0,0,2,2026-10-13,2026-10-02
840.0,21,3,2026-10-13,2026-10-02
845.0,0,2,2026-10-13,2026-10-02
850.0,44,17,2026-10-13,2026-10-02
855.0,1,9,2026-10-13,2026-10-02
860.0,0,34,2026-10-13,2026-10-02
865.0,10,6,2026-10-13,2026-10-02
870.0,1,21,2026-10-13,2026-10-02
875.0,0,11,2026-10-13,2026-10-02
880.0,1,18,2026-10-13,2026-10-02
885.0,20,9,2026-10-13,2026-10-02
890.0,0,16,2026-10-13,2026-10-02
895.0,1,34,2026-10-13,2026-10-02
900.0,2,66,2026-10-13,2026-10-02
905.0,0,48,2026-10-13,2026-10-02
910.0,23,18,2026-10-13,2026-10-02
915.0,0,23,2026-10-13,2026-10-02
920.0,44,43,2026-10-13,2026-10-02
925.0,6,41,2026-10-13,2026-10-02
930.0,4,24,2026-10-13,2026-10-02
935.0,2,36,2026-10-13,2026-10-02
940.0,0,50,2026-10-13,2026-10-02
945.0,1,18,2026-10-13,2026-10-02
950.0,6,78,2026-10-13,2026-10-02
955.0,3,109,2026-10-13,2026-10-02
960.0,7,24,2026-10-13,2026-10-02
965.0,27,52,2026-10-13,2026-10-02
970.0,18,58,2026-10-13,2026-10-02
975.0,29,20,2026-10-13,2026-10-02
980.0,74,128,2026-10-13,2026-10-02
985.0,49,79,2026-10-13,2026-10-02
990.0,47,109,2026-10-13,2026-10-02
995.0,4,85,2026-10-13,2026-10-02
1000.0,200,120,2026-10-13,2026-10-02
1005.0,14,36,2026-10-13,2026-10-02
1010.0,115,72,2026-10-13,2026-10-02
1015.0,16,112,2026-10-13,2026-10-02
1020.0,5,603,2026-10-13,2026-10-02
1025.0,18,108,2026-10-13,2026-10-02
1030.0,47,98,2026-10-13,2026-10-02
1035.0,34,25,2026-10-13,2026-10-02
1040.0,24,32,2026-10-13,2026-10-02
1045.0,29,55,2026-10-13,2026-10-02
1050.0,91,51,2026-10-13,2026-10-02
1055.0,33,53,2026-10-13,2026-10-02
1060.0,21,21,2026-10-13,2026-10-02
1065.0,83,235,2026-10-13,2026-10-02
1070.0,181,85,2026-10-13,2026-10-02
1075.0,119,33,2026-10-13,2026-10-02
1080.0,178,13,2026-10-13,2026-10-02
1085.0,15,29,2026-10-13,2026-10-02
1090.0,57,28,2026-10-13,2026-10-02
1095.0,25,4,2026-10-13,2026-10-02
1100.0,459,17,2026-10-13,2026-10-02
1105.0,103,1,2026-10-13,2026-10-02
1110.0,22,7,2026-10-13,2026-10-02
1115.0,61,0,2026-10-13,2026-10-02
1120.0,46,2,2026-10-13,2026-10-02
1125.0,96,14,2026-10-13,2026-10-02
1130.0,33,225,2026-10-13,2026-10-02
1135.0,105,20,2026-10-13,2026-10-02
1140.0,76,5,2026-10-13,2026-10-02
1145.0,37,0,2026-10-13,2026-10-02
1150.0,200,2,2026-10-13,2026-10-02
1155.0,69,1,2026-10-13,2026-10-02
1160.0,36,0,2026-10-13,2026-10-02
1165.0,9,0,2026-10-13,2026-10-02
1170.0,63,1,2026-10-13,2026-10-02
1175.0,10,0,2026-10-13,2026-10-02
1180.0,11,1,2026-10-13,2026-10-02
1185.0,7,0,2026-10-13,2026-10-02
1190.0,8,0,2026-10-13,2026-10-02
1195.0,17,1,2026-10-13,2026-10-02
1200.0,623,3,2026-10-13,2026-10-02
1205.0,44,0,2026-10-13,2026-10-02
1210.0,31,2,2026-10-13,2026-10-02
1215.0,29,0,2026-10-13,2026-10-02
1220.0,15,0,2026-10-13,2026-10-02
1225.0,44,0,2026-10-13,2026-10-02
1230.0,19,0,2026-10-13,2026-10-02
1235.0,42,0,2026-10-13,2026-10-02
1240.0,18,0,2026-10-13,2026-10-02
1245.0,5,0,2026-10-13,2026-10-02
1250.0,84,0,2026-10-13,2026-10-02
1255.0,0,0,2026-10-13,2026-10-02
1260.0,9,0,2026-10-13,2026-10-02
1265.0,3,0,2026-10-13,2026-10-02
1270.0,21,0,2026-10-13,2026-10-02
1275.0,3,0,2026-10-13,2026-10-02
1280.0,24,0,2026-10-13,2026-10-02
1285.0,8,1,2026-10-13,2026-10-02
1290.0,169,10,2026-10-13,2026-10-02
1295.0,6,0,2026-10-13,2026-10-02
1300.0,176,6,2026-10-13,2026-10-02
1305.0,3,0,2026-10-13,2026-10-02
1310.0,5,0,2026-10-13,2026-10-02
1315.0,2,0,2026-10-13,2026-10-02
1320.0,3,0,2026-10-13,2026-10-02
1325.0,9,0,2026-10-13,2026-10-02
1330.0,36,0,2026-10-13,2026-10-02
1335.0,1,0,2026-10-13,2026-10-02
1340.0,2,0,2026-10-13,2026-10-02
1345.0,41,0,2026-10-13,2026-10-02
1350.0,2,0,2026-10-13,2026-10-02
1355.0,6,0,2026-10-13,2026-10-02
1360.0,7,0,2026-10-13,2026-10-02
1365.0,1,0,2026-10-13,2026-10-02
1370.0,0,0,2026-10-13,2026-10-02
1375.0,71,0,2026-10-13,2026-10-02
1380.0,3,0,2026-10-13,2026-10-02
1385.0,0,0,2026-10-13,2026-10-02
1390.0,7,0,2026-10-13,2026-10-02
1395.0,6,0,2026-10-13,2026-10-02
1400.0,9,0,2026-10-13,2026-10-02
1405.0,7,0,2026-10-13,2026-10-02
1410.0,7,0,2026-10-13,2026-10-02
1415.0,34,0,2026-10-13,2026-10-02
1420.0,9,0,2026-10-13,2026-10-02
1425.0,7,0,2026-10-13,2026-10-02
1430.0,37,0,2026-10-13,2026-10-02
1435.0,0,0,2026-10-13,2026-10-02
1440.0,6,0,2026-10-13,2026-10-02
1445.0,1,0,2026-10-13,2026-10-02
1450.0,58,0,2026-10-13,2026-10-02
600.0,38,1,2026-10-15,2026-10-02
610.0,25,0,2026-10-15,2026-10-02
620.0,30,4,2026-10-15,2026-10-02
630.0,17,9,2026-10-15,2026-10-02
640.0,17,7,2026-10-15,2026-10-02
650.0,18,45,2026-10-15,2026-10-02
660.0,14,1,2026-10-15,2026-10-02
670.0,13,1,2026-10-15,2026-10-02
680.0,23,5,2026-10-15,2026-10-02
690.0,25,10,2026-10-15,2026-10-02
700.0,2,7,2026-10-15,2026-10-02
710.0,19,1,2026-10-15,2026-10-02
720.0,9,3,2026-10-15,2026-10-02
730.0,23,8,2026-10-15,2026-10-02
740.0,20,10,2026-10-15,2026-10-02
750.0,10,10,2026-10-15,2026-10-02
760.0,15,1,2026-10-15,2026-10-02
770.0,25,1,2026-10-15,2026-10-02
775.0,14,4,2026-10-15,2026-10-02
780.0,10,1,2026-10-15,2026-10-02
785.0,25,19,2026-10-15,2026-10-02
790.0,25,12,2026-10-15,2026-10-02
795.0,23,5,2026-10-15,2026-10-02
800.0,21,11,2026-10-15,2026-10-02
805.0,25,3,2026-10-15,2026-10-02
810.0,39,6,2026-10-15,2026-10-02
815.0,57,3,2026-10-15,2026-10-02
820.0,47,7,2026-10-15,2026-10-02
825.0,13,1,2026-10-15,2026-10-02
830.0,19,4,2026-10-15,2026-10-02
835.0,26,1,2026-10-15,2026-10-02
840.0,14,1,2026-10-15,2026-10-02
845.0,10,21,2026-10-15,2026-10-02
850.0,25,6,2026-10-15,2026-10-02
855.0,3,6,2026-10-15,2026-10-02
860.0,23,20,2026-10-15,2026-10-02
865.0,20,16,2026-10-15,2026-10-02
870.0,25,43,2026-10-15,2026-10-02
875.0,23,4,2026-10-15,2026-10-02
880.0,56,7,2026-10-15,2026-10-02
885.0,22,1,2026-10-15,2026-10-02
890.0,2,5,2026-10-15,2026-10-02
895.0,4,3,2026-10-15,2026-10-02
900.0,7,96,2026-10-15,2026-10-02
905.0,16,10,2026-10-15,2026-10-02
910.0,3,4,2026-10-15,2026-10-02
915.0,15,1,2026-10-15,2026-10-02
920.0,19,72,2026-10-15,2026-10-02
925.0,13,32,2026-10-15,2026-10-02
930.0,7,46,2026-10-15,2026-10-02
935.0,32,19,2026-10-15,2026-10-02
940.0,3,17,2026-10-15,2026-10-02
945.0,44,10,2026-10-15,2026-10-02
950.0,26,52,2026-10-15,2026-10-02
955.0,21,14,2026-10-15,2026-10-02
960.0,39,61,2026-10-15,2026-10-02
965.0,5,101,2026-10-15,2026-10-02
970.0,35,55,2026-10-15,2026-10-02
975.0,62,13,2026-10-15,2026-10-02
980.0,27,43,2026-10-15,2026-10-02
985.0,12,99,2026-10-15,2026-10-02
990.0,5,17,2026-10-15,2026-10-02
995.0,1,33,2026-10-15,2026-10-02
1000.0,10,87,2026-10-15,2026-10-02
1005.0,1,4,2026-10-15,2026-10-02
1010.0,2,4,2026-10-15,2026-10-02
1015.0,0,3,2026-10-15,2026-10-02
1020.0,2,12,2026-10-15,2026-10-02
1025.0,2,2,2026-10-15,2026-10-02
1030.0,6,92,2026-10-15,2026-10-02
1035.0,9,48,2026-10-15,2026-10-02
1040.0,13,157,2026-10-15,2026-10-02
1045.0,9,122,2026-10-15,2026-10-02
1050.0,67,37,2026-10-15,2026-10-02
1055.0,21,5,2026-10-15,2026-10-02
1060.0,43,118,2026-10-15,2026-10-02
1065.0,43,44,2026-10-15,2026-10-02
1070.0,136,26,2026-10-15,2026-10-02
1075.0,63,16,2026-10-15,2026-10-02
1080.0,39,70,2026-10-15,2026-10-02
1085.0,6,83,2026-10-15,2026-10-02
1090.0,18,36,2026-10-15,2026-10-02
1095.0,6,1,2026-10-15,2026-10-02
1100.0,99,7,2026-10-15,2026-10-02
1105.0,27,7,2026-10-15,2026-10-02
1110.0,38,2,2026-10-15,2026-10-02
1115.0,2,0,2026-10-15,2026-10-02
1120.0,45,6,2026-10-15,2026-10-02
1125.0,25,0,2026-10-15,2026-10-02
1130.0,27,3,2026-10-15,2026-10-02
1135.0,19,0,2026-10-15,2026-10-02
1140.0,23,23,2026-10-15,2026-10-02
1145.0,15,0,2026-10-15,2026-10-02
1150.0,36,15,2026-10-15,2026-10-02
1155.0,24,0,2026-10-15,2026-10-02
1160.0,73,3,2026-10-15,2026-10-02
1165.0,5,1,2026-10-15,2026-10-02
1170.0,8,0,2026-10-15,2026-10-02
1175.0,6,1,2026-10-15,2026-10-02
1180.0,23,2,2026-10-15,2026-10-02
1185.0,4,3,2026-10-15,2026-10-02
1190.0,5,2,2026-10-15,2026-10-02
1195.0,4,13,2026-10-15,2026-10-02
1200.0,57,30,2026-10-15,2026-10-02
1205.0,55,43,2026-10-15,2026-10-02
1210.0,60,0,2026-10-15,2026-10-02
1215.0,78,0,2026-10-15,2026-10-02
1220.0,166,3,2026-10-15,2026-10-02
1225.0,74,7,2026-10-15,2026-10-02
1230.0,40,0,2026-10-15,2026-10-02
1235.0,10,0,2026-10-15,2026-10-02
1240.0,2,0,2026-10-15,2026-10-02
1245.0,10,0,2026-10-15,2026-10-02
1250.0,229,1,2026-10-15,2026-10-02
1255.0,94,0,2026-10-15,2026-10-02
1260.0,15,0,2026-10-15,2026-10-02
1265.0,3,0,2026-10-15,2026-10-02
1270.0,13,0,2026-10-15,2026-10-02
1275.0,61,0,2026-10-15,2026-10-02
1280.0,77,0,2026-10-15,2026-10-02
1285.0,96,0,2026-10-15,2026-10-02
1290.0,2,0,2026-10-15,2026-10-02
1295.0,0,0,2026-10-15,2026-10-02
1300.0,0,5,2026-10-15,2026-10-02
1305.0,0,0,2026-10-15,2026-10-02
1310.0,0,0,2026-10-15,2026-10-02
1315.0,0,0,2026-10-15,2026-10-02
1320.0,0,0,2026-10-15,2026-10-02
1325.0,2,0,2026-10-15,2026-10-02
1330.0,5,0,2026-10-15,2026-10-02
1335.0,0,0,2026-10-15,2026-10-02
1340.0,2,0,2026-10-15,2026-10-02
1345.0,29,0,2026-10-15,2026-10-02
1350.0,24,0,2026-10-15,2026-10-02
1355.0,0,0,2026-10-15,2026-10-02
1360.0,0,0,2026-10-15,2026-10-02
1365.0,0,0,2026-10-15,2026-10-02
1370.0,1,0,2026-10-15,2026-10-02
1375.0,1,0,2026-10-15,2026-10-02
1380.0,25,0,2026-10-15,2026-10-02
1385.0,54,0,2026-10-15,2026-10-02
1390.0,28,0,2026-10-15,2026-10-02
1395.0,52,0,2026-10-15,2026-10-02
1400.0,190,0,2026-10-15,2026-10-02
1405.0,8,0,2026-10-15,2026-10-02
1410.0,23,0,2026-10-15,2026-10-02
1415.0,8,0,2026-10-15,2026-10-02
1420.0,3,0,2026-10-15,2026-10-02
1425.0,2,0,2026-10-15,2026-10-02
1430.0,0,0,2026-10-15,2026-10-02
1435.0,8,0,2026-10-15,2026-10-02
1440.0,12,0,2026-10-15,2026-10-02
1445.0,3,0,2026-10-15,2026-10-02
1450.0,23,0,2026-10-15,2026-10-02
5.0,636,169,2026-10-17,2026-10-02
10.0,6,97,2026-10-17,2026-10-02
15.0,10,188,2026-10-17,2026-10-02
20.0,18,269,2026-10-17,2026-10-02
25.0,50,357,2026-10-17,2026-10-02
30.0,35,394,2026-10-17,2026-10-02
35.0,10,775,2026-10-17,2026-10-02
40.0,17,699,2026-10-17,2026-10-02
45.0,21,641,2026-10-17,2026-10-02
50.0,31,1383,2026-10-17,2026-10-02
55.0,0,5013,2026-10-17,2026-10-02
60.0,5,14619,2026-10-17,2026-10-02
185.0,14,223,2026-10-17,2026-10-02
190.0,7,134,2026-10-17,2026-10-02
195.0,4,1760,2026-10-17,2026-10-02
200.0,44,1877,2026-10-17,2026-10-02
210.0,66,1009,2026-10-17,2026-10-02
220.0,21,1918,2026-10-17,2026-10-02
230.0,5,2691,2026-10-17,2026-10-02
240.0,25,653,2026-10-17,2026-10-02
250.0,518,650,2026-10-17,2026-10-02
260.0,60,2333,2026-10-17,2026-10-02
270.0,67,801,2026-10-17,2026-10-02
280.0,315,879,2026-10-17,2026-10-02
290.0,262,721,2026-10-17,2026-10-02
300.0,259,2155,2026-10-17,2026-10-02
310.0,444,1137,2026-10-17,2026-10-02
320.0,228,2724,2026-10-17,2026-10-02
330.0,35,2124,2026-10-17,2026-10-02
340.0,287,5140,2026-10-17,2026-10-02
350.0,314,960,2026-10-17,2026-10-02
360.0,180,2949,2026-10-17,2026-10-02
370.0,122,1387,2026-10-17,2026-10-02
380.0,144,3623,2026-10-17,2026-10-02
390.0,83,749,2026-10-17,2026-10-02
400.0,732,2673,2026-10-17,2026-10-02
410.0,306,819,2026-10-17,2026-10-02
420.0,343,876,2026-10-17,2026-10-02
430.0,130,478,2026-10-17,2026-10-02
440.0,166,415,2026-10-17,2026-10-02
450.0,712,3243,2026-10-17,2026-10-02
460.0,410,959,2026-10-17,2026-10-02
470.0,595,735,2026-10-17,2026-10-02
480.0,442,684,2026-10-17,2026-10-02
490.0,210,742,2026-10-17,2026-10-02
500.0,649,3417,2026-10-17,2026-10-02
510.0,293,522,2026-10-17,2026-10-02
520.0,348,1117,2026-10-17,2026-10-02
530.0,568,1116,2026-10-17,2026-10-02
540.0,554,1274,2026-10-17,2026-10-02
550.0,6,560,2026-10-17,2026-10-02
560.0,725,1861,2026-10-17,2026-10-02
570.0,0,354,2026-10-17,2026-10-02
580.0,192,1703,2026-10-17,2026-10-02
590.0,1,433,2026-10-17,2026-10-02
600.0,1459,5486,2026-10-17,2026-10-02
610.0,3,181,2026-10-17,2026-10-02
620.0,772,1702,2026-10-17,2026-10-02
630.0,3,700,2026-10-17,2026-10-02
640.0,1699,3533,2026-10-17,2026-10-02
650.0,2,2660,2026-10-17,2026-10-02
660.0,332,1835,2026-10-17,2026-10-02
670.0,14,472,2026-10-17,2026-10-02
680.0,417,2237,2026-10-17,2026-10-02
690.0,15,1021,2026-10-17,2026-10-02
700.0,1179,6609,2026-10-17,2026-10-02
710.0,10,259,2026-10-17,2026-10-02
720.0,480,616,2026-10-17,2026-10-02
730.0,20,859,2026-10-17,2026-10-02
740.0,634,1926,2026-10-17,2026-10-02
750.0,39,4051,2026-10-17,2026-10-02
760.0,300,2715,2026-10-17,2026-10-02
770.0,135,529,2026-10-17,2026-10-02
775.0,0,9,2026-10-17,2026-10-02
780.0,1203,2057,2026-10-17,2026-10-02
790.0,161,505,2026-10-17,2026-10-02
800.0,1287,5675,2026-10-17,2026-10-02
810.0,1423,660,2026-10-17,2026-10-02
820.0,548,1990,2026-10-17,2026-10-02
830.0,93,547,2026-10-17,2026-10-02
840.0,1434,1698,2026-10-17,2026-10-02
850.0,128,2524,2026-10-17,2026-10-02
860.0,863,2388,2026-10-17,2026-10-02
870.0,2500,2500,2026-10-17,2026-10-02
870.0,52,2175,2026-10-17,2026-10-02
875.0,2000,2000,2026-10-17,2026-10-02
880.0,336,1788,2026-10-17,2026-10-02
890.0,129,871,2026-10-17,2026-10-02
900.0,4102,4796,2026-10-17,2026-10-02
910.0,1887,1600,2026-10-17,2026-10-02
920.0,1086,1086,2026-10-17,2026-10-02
920.0,806,2307,2026-10-17,2026-10-02
925.0,66,288,2026-10-17,2026-10-02
930.0,200,200,2026-10-17,2026-10-02
930.0,652,1244,2026-10-17,2026-10-02
935.0,250,250,2026-10-17,2026-10-02
935.0,21,188,2026-10-17,2026-10-02
940.0,592,2068,2026-10-17,2026-10-02
945.0,36,366,2026-10-17,2026-10-02
950.0,3000,3000,2026-10-17,2026-10-02
950.0,3430,3396,2026-10-17,2026-10-02
955.0,20,435,2026-10-17,2026-10-02
960.0,858,3036,2026-10-17,2026-10-02
965.0,33,409,2026-10-17,2026-10-02
970.0,916,2243,2026-10-17,2026-10-02
975.0,35,427,2026-10-17,2026-10-02
980.0,6274,7298,2026-10-17,2026-10-02
985.0,4470,4470,2026-10-17,2026-10-02
985.0,67,272,2026-10-17,2026-10-02
990.0,994,1429,2026-10-17,2026-10-02
995.0,57,367,2026-10-17,2026-10-02
1000.0,3450,3450,2026-10-17,2026-10-02
1000.0,10266,8195,2026-10-17,2026-10-02
1005.0,97,199,2026-10-17,2026-10-02
1010.0,832,464,2026-10-17,2026-10-02
1015.0,99,328,2026-10-17,2026-10-02
1020.0,1074,979,2026-10-17,2026-10-02
1025.0,160,299,2026-10-17,2026-10-02
1030.0,2700,2700,2026-10-17,2026-10-02
1030.0,861,506,2026-10-17,2026-10-02
1035.0,271,222,2026-10-17,2026-10-02
1040.0,1165,1545,2026-10-17,2026-10-02
1045.0,171,815,2026-10-17,2026-10-02
1050.0,3768,6585,2026-10-17,2026-10-02
1055.0,260,197,2026-10-17,2026-10-02
1060.0,1077,591,2026-10-17,2026-10-02
1065.0,409,407,2026-10-17,2026-10-02
1070.0,1189,1559,2026-10-17,2026-10-02
1080.0,2199,1020,2026-10-17,2026-10-02
1090.0,1301,507,2026-10-17,2026-10-02
1100.0,9,0,2026-10-17,2026-10-02
1100.0,8229,4138,2026-10-17,2026-10-02
1110.0,1145,229,2026-10-17,2026-10-02
1120.0,1168,472,2026-10-17,2026-10-02
1130.0,718,281,2026-10-17,2026-10-02
1140.0,750,212,2026-10-17,2026-10-02
1150.0,9,0,2026-10-17,2026-10-02
1150.0,10190,232,2026-10-17,2026-10-02
1160.0,674,274,2026-10-17,2026-10-02
1170.0,618,186,2026-10-17,2026-10-02
1180.0,717,118,2026-10-17,2026-10-02
1190.0,534,115,2026-10-17,2026-10-02
1200.0,7964,663,2026-10-17,2026-10-02
1210.0,2,0,2026-10-17,2026-10-02
1210.0,1292,51,2026-10-17,2026-10-02
1220.0,2183,46,2026-10-17,2026-10-02
1230.0,761,23,2026-10-17,2026-10-02
1240.0,448,41,2026-10-17,2026-10-02
1250.0,2502,363,2026-10-17,2026-10-02
1260.0,606,102,2026-10-17,2026-10-02
1270.0,668,86,2026-10-17,2026-10-02
1280.0,685,49,2026-10-17,2026-10-02
1290.0,480,62,2026-10-17,2026-10-02
1300.0,17742,151,2026-10-17,2026-10-02
1310.0,386,38,2026-10-17,2026-10-02
1320.0,482,68,2026-10-17,2026-10-02
1330.0,20,0,2026-10-17,2026-10-02
1330.0,964,15,2026-10-17,2026-10-02
1340.0,367,40,2026-10-17,2026-10-02
1350.0,1049,235,2026-10-17,2026-10-02
1360.0,472,28,2026-10-17,2026-10-02
1370.0,212,37,2026-10-17,2026-10-02
1380.0,288,27,2026-10-17,2026-10-02
1390.0,422,13,2026-10-17,2026-10-02
1400.0,4214,31,2026-10-17,2026-10-02
1410.0,338,90,2026-10-17,2026-10-02
1420.0,312,10,2026-10-17,2026-10-02
1430.0,475,31,2026-10-17,2026-10-02
1440.0,236,30,2026-10-17,2026-10-02
1450.0,1204,55,2026-10-17,2026-10-02
1460.0,20,0,2026-10-17,2026-10-02
1460.0,401,1,2026-10-17,2026-10-02
1470.0,396,0,2026-10-17,2026-10-02
1480.0,321,0,2026-10-17,2026-10-02
1490.0,318,0,2026-10-17,2026-10-02
1500.0,4714,0,2026-10-17,2026-10-02
1510.0,645,0,2026-10-17,2026-10-02
1520.0,436,0,2026-10-17,2026-10-02
1530.0,262,0,2026-10-17,2026-10-02
1540.0,281,0,2026-10-17,2026-10-02
1550.0,1306,0,2026-10-17,2026-10-02
1560.0,139,0,2026-10-17,2026-10-02
1570.0,396,0,2026-10-17,2026-10-02
1580.0,210,0,2026-10-17,2026-10-02
1590.0,271,0,2026-10-17,2026-10-02
1600.0,1624,0,2026-10-17,2026-10-02
1610.0,291,0,2026-10-17,2026-10-02
1620.0,209,0,2026-10-17,2026-10-02
1630.0,318,0,2026-10-17,2026-10-02
1640.0,113,0,2026-10-17,2026-10-02
1650.0,257,0,2026-10-17,2026-10-02
1660.0,567,0,2026-10-17,2026-10-02
1670.0,258,0,2026-10-17,2026-10-02
1680.0,588,0,2026-10-17,2026-10-02
1690.0,911,0,2026-10-17,2026-10-02
1700.0,1231,0,2026-10-17,2026-10-02
1710.0,215,0,2026-10-17,2026-10-02
1720.0,176,0,2026-10-17,2026-10-02
1730.0,277,0,2026-10-17,2026-10-02
1740.0,354,0,2026-10-17,2026-10-02
1750.0,269,0,2026-10-17,2026-10-02
1760.0,287,0,2026-10-17,2026-10-02
1770.0,443,0,2026-10-17,2026-10-02
1780.0,212,0,2026-10-17,2026-10-02
1790.0,417,0,2026-10-17,2026-10-02
1800.0,1387,0,2026-10-17,2026-10-02
1810.0,509,0,2026-10-17,2026-10-02
1820.0,1092,0,2026-10-17,2026-10-02
1830.0,1483,0,2026-10-17,2026-10-02
1840.0,520,0,2026-10-17,2026-10-02
1850.0,746,0,2026-10-17,2026-10-02
1860.0,229,0,2026-10-17,2026-10-02
1870.0,244,0,2026-10-17,2026-10-02
1880.0,295,0,2026-10-17,2026-10-02
1890.0,416,0,2026-10-17,2026-10-02
1900.0,667,0,2026-10-17,2026-10-02
1910.0,1046,0,2026-10-17,2026-10-02
1920.0,147,0,2026-10-17,2026-10-02
1930.0,420,0,2026-10-17,2026-10-02
1940.0,256,0,2026-10-17,2026-10-02
1950.0,434,0,2026-10-17,2026-10-02
1960.0,431,0,2026-10-17,2026-10-02
1970.0,102,0,2026-10-17,2026-10-02
1980.0,163,0,2026-10-17,2026-10-02
1990.0,138,0,2026-10-17,2026-10-02
2000.0,2895,0,2026-10-17,2026-10-02
2010.0,79,0,2026-10-17,2026-10-02
2020.0,92,0,2026-10-17,2026-10-02
2030.0,271,0,2026-10-17,2026-10-02
2040.0,65,0,2026-10-17,2026-10-02
2050.0,260,0,2026-10-17,2026-10-02
2060.0,278,0,2026-10-17,2026-10-02
2070.0,90,0,2026-10-17,2026-10-02
2080.0,323,0,2026-10-17,2026-10-02
2090.0,298,0,2026-10-17,2026-10-02
2100.0,301,0,2026-10-17,2026-10-02
2110.0,139,0,2026-10-17,2026-10-02
2120.0,547,0,2026-10-17,2026-10-02
2130.0,152,0,2026-10-17,2026-10-02
2140.0,245,0,2026-10-17,2026-10-02
2150.0,248,0,2026-10-17,2026-10-02
2160.0,170,0,2026-10-17,2026-10-02
2170.0,447,0,2026-10-17,2026-10-02
2180.0,63,0,2026-10-17,2026-10-02
2190.0,374,0,2026-10-17,2026-10-02
2200.0,652,0,2026-10-17,2026-10-02
2210.0,297,0,2026-10-17,2026-10-02
2220.0,273,0,2026-10-17,2026-10-02
2230.0,263,0,2026-10-17,2026-10-02
2240.0,858,0,2026-10-17,2026-10-02
2250.0,359,0,2026-10-17,2026-10-02
2260.0,706,0,2026-10-17,2026-10-02
2270.0,964,0,2026-10-17,2026-10-02
2280.0,622,0,2026-10-17,2026-10-02
2290.0,1027,0,2026-10-17,2026-10-02
2300.0,2213,0,2026-10-17,2026-10-02
2310.0,608,0,2026-10-17,2026-10-02
2320.0,562,0,2026-10-17,2026-10-02
2330.0,428,0,2026-10-17,2026-10-02
2340.0,447,0,2026-10-17,2026-10-02
2350.0,326,0,2026-10-17,2026-10-02
2360.0,475,0,2026-10-17,2026-10-02
2370.0,360,0,2026-10-17,2026-10-02
2380.0,98,0,2026-10-17,2026-10-02
2390.0,295,0,2026-10-17,2026-10-02
2400.0,331,0,2026-10-17,2026-10-02
2410.0,239,0,2026-10-17,2026-10-02
2420.0,757,0,2026-10-17,2026-10-02
2440.0,267,0,2026-10-17,2026-10-02
2460.0,320,0,2026-10-17,2026-10-02
2480.0,314,0,2026-10-17,2026-10-02
2500.0,3641,0,2026-10-17,2026-10-02
999.03,1144,1144,2026-10-21,2026-10-02
5.0,0,1,2026-10-24,2026-10-02
10.0,0,0,2026-10-24,2026-10-02
15.0,0,0,2026-10-24,2026-10-02
20.0,0,0,2026-10-24,2026-10-02
25.0,0,0,2026-10-24,2026-10-02
30.0,0,3,2026-10-24,2026-10-02
35.0,0,8,2026-10-24,2026-10-02
40.0,0,0,2026-10-24,2026-10-02
45.0,0,41,2026-10-24,2026-10-02
50.0,0,55,2026-10-24,2026-10-02
55.0,0,10,2026-10-24,2026-10-02
60.0,0,95,2026-10-24,2026-10-02
65.0,1,8,2026-10-24,2026-10-02
70.0,0,65,2026-10-24,2026-10-02
75.0,0,56,2026-10-24,2026-10-02
80.0,0,110,2026-10-24,2026-10-02
85.0,3,43,2026-10-24,2026-10-02
90.0,1,81,2026-10-24,2026-10-02
95.0,1,45,2026-10-24,2026-10-02
100.0,2,108,2026-10-24,2026-10-02
105.0,0,45,2026-10-24,2026-10-02
110.0,0,105,2026-10-24,2026-10-02
115.0,0,0,2026-10-24,2026-10-02
120.0,0,0,2026-10-24,2026-10-02
125.0,0,0,2026-10-24,2026-10-02
130.0,0,0,2026-10-24,2026-10-02
135.0,1,0,2026-10-24,2026-10-02
140.0,0,0,2026-10-24,2026-10-02
145.0,0,6,2026-10-24,2026-10-02
150.0,0,0,2026-10-24,2026-10-02
155.0,0,0,2026-10-24,2026-10-02
160.0,0,0,2026-10-24,2026-10-02
165.0,0,0,2026-10-24,2026-10-02
170.0,0,0,2026-10-24,2026-10-02
175.0,0,0,2026-10-24,2026-10-02
180.0,0,1,2026-10-24,2026-10-02
185.0,0,5,2026-10-24,2026-10-02
190.0,0,11,2026-10-24,2026-10-02
195.0,0,8,2026-10-24,2026-10-02
200.0,0,29,2026-10-24,2026-10-02
205.0,0,8,2026-10-24,2026-10-02
210.0,0,31,2026-10-24,2026-10-02
215.0,0,27,2026-10-24,2026-10-02
220.0,0,57,2026-10-24,2026-10-02
225.0,0,58,2026-10-24,2026-10-02
230.0,0,38,2026-10-24,2026-10-02
235.0,0,39,2026-10-24,2026-10-02
240.0,0,236,2026-10-24,2026-10-02
245.0,0,76,2026-10-24,2026-10-02
250.0,0,81,2026-10-24,2026-10-02
255.0,0,252,2026-10-24,2026-10-02
260.0,0,755,2026-10-24,2026-10-02
265.0,0,440,2026-10-24,2026-10-02
270.0,0,272,2026-10-24,2026-10-02
275.0,2,131,2026-10-24,2026-10-02
280.0,0,157,2026-10-24,2026-10-02
285.0,0,152,2026-10-24,2026-10-02
290.0,0,174,2026-10-24,2026-10-02
295.0,0,26,2026-10-24,2026-10-02
300.0,0,44,2026-10-24,2026-10-02
305.0,0,108,2026-10-24,2026-10-02
310.0,0,208,2026-10-24,2026-10-02
315.0,0,13,2026-10-24,2026-10-02
320.0,0,44,2026-10-24,2026-10-02
325.0,0,168,2026-10-24,2026-10-02
330.0,0,70,2026-10-24,2026-10-02
335.0,0,71,2026-10-24,2026-10-02
340.0,0,87,2026-10-24,2026-10-02
345.0,0,65,2026-10-24,2026-10-02
350.0,0,111,2026-10-24,2026-10-02
355.0,0,112,2026-10-24,2026-10-02
360.0,0,245,2026-10-24,2026-10-02
365.0,0,37,2026-10-24,2026-10-02
370.0,0,145,2026-10-24,2026-10-02
375.0,1,101,2026-10-24,2026-10-02
380.0,0,11,2026-10-24,2026-10-02
385.0,0,31,2026-10-24,2026-10-02
390.0,3,11,2026-10-24,2026-10-02
395.0,0,6,2026-10-24,2026-10-02
400.0,0,40,2026-10-24,2026-10-02
405.0,6,27,2026-10-24,2026-10-02
410.0,1,8,2026-10-24,2026-10-02
415.0,0,13,2026-10-24,2026-10-02
420.0,0,17,2026-10-24,2026-10-02
425.0,0,20,2026-10-24,2026-10-02
430.0,1,26,2026-10-24,2026-10-02
435.0,0,24,2026-10-24,2026-10-02
440.0,3,9,2026-10-24,2026-10-02
445.0,0,15,2026-10-24,2026-10-02
450.0,1,17,2026-10-24,2026-10-02
455.0,0,9,2026-10-24,2026-10-02
460.0,0,13,2026-10-24,2026-10-02
465.0,0,16,2026-10-24,2026-10-02
470.0,0,17,2026-10-24,2026-10-02
475.0,1,54,2026-10-24,2026-10-02
480.0,2,30,2026-10-24,2026-10-02
485.0,0,24,2026-10-24,2026-10-02
490.0,1,31,2026-10-24,2026-10-02
495.0,0,36,2026-10-24,2026-10-02
500.0,1,64,2026-10-24,2026-10-02
505.0,0,45,2026-10-24,2026-10-02
510.0,1,59,2026-10-24,2026-10-02
515.0,0,5,2026-10-24,2026-10-02
520.0,0,95,2026-10-24,2026-10-02
525.0,0,6,2026-10-24,2026-10-02
530.0,0,242,2026-10-24,2026-10-02
535.0,1,50,2026-10-24,2026-10-02
540.0,0,61,2026-10-24,2026-10-02
545.0,0,23,2026-10-24,2026-10-02
550.0,0,148,2026-10-24,2026-10-02
555.0,4,105,2026-10-24,2026-10-02
560.0,1,13,2026-10-24,2026-10-02
565.0,0,99,2026-10-24,2026-10-02
570.0,0,72,2026-10-24,2026-10-02
575.0,0,48,2026-10-24,2026-10-02
580.0,1,45,2026-10-24,2026-10-02
585.0,1,100,2026-10-24,2026-10-02
590.0,1,12,2026-10-24,2026-10-02
595.0,0,24,2026-10-24,2026-10-02
600.0,2,43,2026-10-24,2026-10-02
605.0,0,7,2026-10-24,2026-10-02
610.0,1,15,2026-10-24,2026-10-02
615.0,1,7,2026-10-24,2026-10-02
620.0,4,201,2026-10-24,2026-10-02
625.0,0,39,2026-10-24,2026-10-02
630.0,1,12,2026-10-24,2026-10-02
635.0,0,4,2026-10-24,2026-10-02
640.0,2,27,2026-10-24,2026-10-02
645.0,1,5,2026-10-24,2026-10-02
650.0,0,239,2026-10-24,2026-10-02
655.0,2,144,2026-10-24,2026-10-02
660.0,10,16,2026-10-24,2026-10-02
665.0,0,6,2026-10-24,2026-10-02
670.0,1,219,2026-10-24,2026-10-02
675.0,2,66,2026-10-24,2026-10-02
680.0,0,62,2026-10-24,2026-10-02
685.0,1,84,2026-10-24,2026-10-02
690.0,3,173,2026-10-24,2026-10-02
695.0,5,175,2026-10-24,2026-10-02
700.0,3,130,2026-10-24,2026-10-02
705.0,1,87,2026-10-24,2026-10-02
710.0,0,84,2026-10-24,2026-10-02
715.0,4,101,2026-10-24,2026-10-02
720.0,1,59,2026-10-24,2026-10-02
725.0,1,44,2026-10-24,2026-10-02
730.0,9,185,2026-10-24,2026-10-02
735.0,1,18,2026-10-24,2026-10-02
740.0,11,72,2026-10-24,2026-10-02
745.0,2,60,2026-10-24,2026-10-02
750.0,15,175,2026-10-24,2026-10-02
755.0,15,239,2026-10-24,2026-10-02
760.0,1,89,2026-10-24,2026-10-02
765.0,15,56,2026-10-24,2026-10-02
770.0,2,179,2026-10-24,2026-10-02
775.0,3,212,2026-10-24,2026-10-02
780.0,13,123,2026-10-24,2026-10-02
785.0,2,84,2026-10-24,2026-10-02
790.0,28,175,2026-10-24,2026-10-02
795.0,26,87,2026-10-24,2026-10-02
800.0,201,477,2026-10-24,2026-10-02
805.0,0,124,2026-10-24,2026-10-02
810.0,1,197,2026-10-24,2026-10-02
815.0,1,264,2026-10-24,2026-10-02
820.0,3,193,2026-10-24,2026-10-02
825.0,7,86,2026-10-24,2026-10-02
830.0,13,210,2026-10-24,2026-10-02
835.0,1,79,2026-10-24,2026-10-02
840.0,51,52,2026-10-24,2026-10-02
845.0,0,92,2026-10-24,2026-10-02
850.0,5,797,2026-10-24,2026-10-02
855.0,1,63,2026-10-24,2026-10-02
860.0,1,148,2026-10-24,2026-10-02
865.0,1,66,2026-10-24,2026-10-02
870.0,2,195,2026-10-24,2026-10-02
875.0,11,190,2026-10-24,2026-10-02
880.0,9,203,2026-10-24,2026-10-02
885.0,3,63,2026-10-24,2026-10-02
890.0,19,81,2026-10-24,2026-10-02
895.0,27,178,2026-10-24,2026-10-02
900.0,279,477,2026-10-24,2026-10-02
905.0,22,94,2026-10-24,2026-10-02
910.0,9,820,2026-10-24,2026-10-02
915.0,14,42,2026-10-24,2026-10-02
920.0,1500,1500,2026-10-24,2026-10-02
920.0,78,145,2026-10-24,2026-10-02
925.0,78,124,2026-10-24,2026-10-02
930.0,58,215,2026-10-24,2026-10-02
935.0,69,106,2026-10-24,2026-10-02
940.0,51,237,2026-10-24,2026-10-02
945.0,23,189,2026-10-24,2026-10-02
950.0,43,781,2026-10-24,2026-10-02
955.0,84,104,2026-10-24,2026-10-02
960.0,44,210,2026-10-24,2026-10-02
965.0,8,121,2026-10-24,2026-10-02
970.0,66,106,2026-10-24,2026-10-02
975.0,81,364,2026-10-24,2026-10-02
980.0,60,202,2026-10-24,2026-10-02
985.0,29,128,2026-10-24,2026-10-02
990.0,64,68,2026-10-24,2026-10-02
995.0,75,156,2026-10-24,2026-10-02
1000.0,340,944,2026-10-24,2026-10-02
1005.0,50,133,2026-10-24,2026-10-02
1010.0,112,97,2026-10-24,2026-10-02
1015.0,47,97,2026-10-24,2026-10-02
1020.0,172,123,2026-10-24,2026-10-02
1025.0,95,103,2026-10-24,2026-10-02
1030.0,55,155,2026-10-24,2026-10-02
1035.0,65,148,2026-10-24,2026-10-02
1040.0,143,93,2026-10-24,2026-10-02
1045.0,80,54,2026-10-24,2026-10-02
1050.0,299,500,2026-10-24,2026-10-02
1055.0,132,31,2026-10-24,2026-10-02
1060.0,334,41,2026-10-24,2026-10-02
1065.0,169,72,2026-10-24,2026-10-02
1070.0,587,539,2026-10-24,2026-10-02
1075.0,586,66,2026-10-24,2026-10-02
1080.0,482,313,2026-10-24,2026-10-02
1085.0,146,26,2026-10-24,2026-10-02
1090.0,107,26,2026-10-24,2026-10-02
1095.0,94,19,2026-10-24,2026-10-02
1100.0,629,363,2026-10-24,2026-10-02
1105.0,177,14,2026-10-24,2026-10-02
1110.0,104,29,2026-10-24,2026-10-02
1115.0,75,7,2026-10-24,2026-10-02
1120.0,101,5,2026-10-24,2026-10-02
1125.0,47,0,2026-10-24,2026-10-02
1130.0,73,32,2026-10-24,2026-10-02
1135.0,84,2,2026-10-24,2026-10-02
1140.0,84,1,2026-10-24,2026-10-02
1145.0,71,0,2026-10-24,2026-10-02
1150.0,444,23,2026-10-24,2026-10-02
1160.0,112,38,2026-10-24,2026-10-02
1170.0,99,12,2026-10-24,2026-10-02
1180.0,265,19,2026-10-24,2026-10-02
1190.0,86,15,2026-10-24,2026-10-02
1200.0,555,54,2026-10-24,2026-10-02
1210.0,174,17,2026-10-24,2026-10-02
1220.0,141,10,2026-10-24,2026-10-02
1230.0,214,40,2026-10-24,2026-10-02
1240.0,95,6,2026-10-24,2026-10-02
1250.0,405,2,2026-10-24,2026-10-02
1260.0,250,1,2026-10-24,2026-10-02
1270.0,136,5,2026-10-24,2026-10-02
1280.0,70,4,2026-10-24,2026-10-02
1290.0,74,1,2026-10-24,2026-10-02
1300.0,612,1,2026-10-24,2026-10-02
1310.0,55,0,2026-10-24,2026-10-02
1320.0,34,3,2026-10-24,2026-10-02
1330.0,100,0,2026-10-24,2026-10-02
1340.0,135,1,2026-10-24,2026-10-02
1350.0,500,0,2026-10-24,2026-10-02
1360.0,49,0,2026-10-24,2026-10-02
1370.0,42,2,2026-10-24,2026-10-02
1380.0,102,0,2026-10-24,2026-10-02
1390.0,48,0,2026-10-24,2026-10-02
1400.0,319,2,2026-10-24,2026-10-02
1410.0,25,0,2026-10-24,2026-10-02
1420.0,48,0,2026-10-24,2026-10-02
1430.0,30,0,2026-10-24,2026-10-02
1440.0,20,0,2026-10-24,2026-10-02
1450.0,181,0,2026-10-24,2026-10-02
1460.0,36,0,2026-10-24,2026-10-02
1470.0,35,0,2026-10-24,2026-10-02
1480.0,16,0,2026-10-24,2026-10-02
1490.0,549,0,2026-10-24,2026-10-02
1500.0,385,0,2026-10-24,2026-10-02
1510.0,39,0,2026-10-24,2026-10-02
1520.0,31,0,2026-10-24,2026-10-02
1530.0,506,0,2026-10-24,2026-10-02
1540.0,39,0,2026-10-24,2026-10-02
1550.0,19,0,2026-10-24,2026-10-02
1560.0,13,0,2026-10-24,2026-10-02
1570.0,74,0,2026-10-24,2026-10-02
1580.0,5,0,2026-10-24,2026-10-02
1590.0,26,0,2026-10-24,2026-10-02
1600.0,41,0,2026-10-24,2026-10-02
1610.0,42,0,2026-10-24,2026-10-02
1620.0,80,0,2026-10-24,2026-10-02
1630.0,9,0,2026-10-24,2026-10-02
1640.0,8,0,2026-10-24,2026-10-02
1650.0,21,0,2026-10-24,2026-10-02
1660.0,15,0,2026-10-24,2026-10-02
1670.0,7,0,2026-10-24,2026-10-02
1680.0,8,0,2026-10-24,2026-10-02
1690.0,35,0,2026-10-24,2026-10-02
1700.0,116,0,2026-10-24,2026-10-02
1710.0,3,0,2026-10-24,2026-10-02
1720.0,6,0,2026-10-24,2026-10-02
1730.0,411,0,2026-10-24,2026-10-02
1100.0,29,0,2026-10-29,2026-10-02
1000.0,4150,4150,2026-10-30,2026-10-02
5.0,0,0,2026-10-31,2026-10-02
10.0,0,0,2026-10-31,2026-10-02
15.0,0,0,2026-10-31,2026-10-02
20.0,0,0,2026-10-31,2026-10-02
25.0,0,0,2026-10-31,2026-10-02
30.0,0,0,2026-10-31,2026-10-02
35.0,0,1,2026-10-31,2026-10-02
40.0,0,0,2026-10-31,2026-10-02
45.0,0,1,2026-10-31,2026-10-02
50.0,0,0,2026-10-31,2026-10-02
55.0,0,0,2026-10-31,2026-10-02
60.0,1,0,2026-10-31,2026-10-02
65.0,0,0,2026-10-31,2026-10-02
70.0,0,0,2026-10-31,2026-10-02
75.0,0,0,2026-10-31,2026-10-02
80.0,0,0,2026-10-31,2026-10-02
85.0,0,0,2026-10-31,2026-10-02
90.0,0,2,2026-10-31,2026-10-02
95.0,0,0,2026-10-31,2026-10-02
100.0,0,0,2026-10-31,2026-10-02
105.0,0,0,2026-10-31,2026-10-02
110.0,0,0,2026-10-31,2026-10-02
115.0,0,0,2026-10-31,2026-10-02
120.0,0,0,2026-10-31,2026-10-02
125.0,0,1,2026-10-31,2026-10-02
130.0,0,0,2026-10-31,2026-10-02
135.0,0,0,2026-10-31,2026-10-02
140.0,0,0,2026-10-31,2026-10-02
145.0,0,0,2026-10-31,2026-10-02
150.0,0,0,2026-10-31,2026-10-02
155.0,0,0,2026-10-31,2026-10-02
160.0,0,0,2026-10-31,2026-10-02
165.0,0,0,2026-10-31,2026-10-02
170.0,0,0,2026-10-31,2026-10-02
175.0,0,0,2026-10-31,2026-10-02
180.0,0,0,2026-10-31,2026-10-02
185.0,1,79,2026-10-31,2026-10-02
190.0,0,129,2026-10-31,2026-10-02
195.0,0,57,2026-10-31,2026-10-02
200.0,0,109,2026-10-31,2026-10-02
210.0,0,35,2026-10-31,2026-10-02
220.0,1,40,2026-10-31,2026-10-02
230.0,0,40,2026-10-31,2026-10-02
240.0,0,37,2026-10-31,2026-10-02
250.0,0,38,2026-10-31,2026-10-02
260.0,0,33,2026-10-31,2026-10-02
270.0,0,45,2026-10-31,2026-10-02
280.0,2,32,2026-10-31,2026-10-02
290.0,0,24,2026-10-31,2026-10-02
300.0,20,17,2026-10-31,2026-10-02
310.0,0,26,2026-10-31,2026-10-02
320.0,0,29,2026-10-31,2026-10-02
330.0,0,23,2026-10-31,2026-10-02
340.0,0,39,2026-10-31,2026-10-02
350.0,6,36,2026-10-31,2026-10-02
360.0,0,87,2026-10-31,2026-10-02
370.0,26,42,2026-10-31,2026-10-02
380.0,0,25,2026-10-31,2026-10-02
390.0,0,27,2026-10-31,2026-10-02
400.0,0,31,2026-10-31,2026-10-02
410.0,0,9,2026-10-31,2026-10-02
420.0,3,55,2026-10-31,2026-10-02
430.0,10,8,2026-10-31,2026-10-02
440.0,0,12,2026-10-31,2026-10-02
450.0,0,16,2026-10-31,2026-10-02
460.0,38,10,2026-10-31,2026-10-02
470.0,0,4,2026-10-31,2026-10-02
480.0,0,9,2026-10-31,2026-10-02
490.0,0,9,2026-10-31,2026-10-02
500.0,2,26,2026-10-31,2026-10-02
510.0,2,44,2026-10-31,2026-10-02
520.0,1,32,2026-10-31,2026-10-02
530.0,1,36,2026-10-31,2026-10-02
540.0,0,29,2026-10-31,2026-10-02
550.0,0,35,2026-10-31,2026-10-02
560.0,2,12,2026-10-31,2026-10-02
570.0,0,6,2026-10-31,2026-10-02
580.0,2,7,2026-10-31,2026-10-02
590.0,1,12,2026-10-31,2026-10-02
600.0,1,427,2026-10-31,2026-10-02
610.0,0,18,2026-10-31,2026-10-02
620.0,0,25,2026-10-31,2026-10-02
630.0,1,61,2026-10-31,2026-10-02
640.0,1,11,2026-10-31,2026-10-02
650.0,3,174,2026-10-31,2026-10-02
660.0,3,38,2026-10-31,2026-10-02
670.0,0,69,2026-10-31,2026-10-02
680.0,2,28,2026-10-31,2026-10-02
690.0,1,25,2026-10-31,2026-10-02
700.0,88,223,2026-10-31,2026-10-02
710.0,3,52,2026-10-31,2026-10-02
720.0,8,155,2026-10-31,2026-10-02
730.0,23,88,2026-10-31,2026-10-02
740.0,0,42,2026-10-31,2026-10-02
750.0,101,261,2026-10-31,2026-10-02
760.0,2,73,2026-10-31,2026-10-02
770.0,48,251,2026-10-31,2026-10-02
780.0,9,101,2026-10-31,2026-10-02
790.0,1,77,2026-10-31,2026-10-02
795.0,3,1495,2026-10-31,2026-10-02
800.0,67,489,2026-10-31,2026-10-02
805.0,1,154,2026-10-31,2026-10-02
810.0,11,182,2026-10-31,2026-10-02
815.0,27,94,2026-10-31,2026-10-02
820.0,5,193,2026-10-31,2026-10-02
825.0,103,91,2026-10-31,2026-10-02
830.0,13,94,2026-10-31,2026-10-02
835.0,2,73,2026-10-31,2026-10-02
840.0,12,212,2026-10-31,2026-10-02
845.0,3,95,2026-10-31,2026-10-02
850.0,24,1061,2026-10-31,2026-10-02
855.0,1,126,2026-10-31,2026-10-02
860.0,11,176,2026-10-31,2026-10-02
865.0,45,595,2026-10-31,2026-10-02
870.0,31,121,2026-10-31,2026-10-02
875.0,2,298,2026-10-31,2026-10-02
880.0,81,183,2026-10-31,2026-10-02
885.0,5,115,2026-10-31,2026-10-02
890.0,72,208,2026-10-31,2026-10-02
895.0,10,117,2026-10-31,2026-10-02
900.0,366,1069,2026-10-31,2026-10-02
905.0,453,202,2026-10-31,2026-10-02
910.0,252,205,2026-10-31,2026-10-02
915.0,18,206,2026-10-31,2026-10-02
920.0,91,653,2026-10-31,2026-10-02
925.0,74,149,2026-10-31,2026-10-02
930.0,46,187,2026-10-31,2026-10-02
935.0,13,152,2026-10-31,2026-10-02
940.0,151,163,2026-10-31,2026-10-02
945.0,36,84,2026-10-31,2026-10-02
950.0,300,377,2026-10-31,2026-10-02
955.0,41,112,2026-10-31,2026-10-02
960.0,25,204,2026-10-31,2026-10-02
965.0,13,37,2026-10-31,2026-10-02
970.0,46,126,2026-10-31,2026-10-02
975.0,56,164,2026-10-31,2026-10-02
980.0,270,259,2026-10-31,2026-10-02
985.0,82,121,2026-10-31,2026-10-02
990.0,125,121,2026-10-31,2026-10-02
995.0,63,113,2026-10-31,2026-10-02
1000.0,490,617,2026-10-31,2026-10-02
1005.0,65,42,2026-10-31,2026-10-02
1010.0,37,56,2026-10-31,2026-10-02
1015.0,15,43,2026-10-31,2026-10-02
1020.0,296,43,2026-10-31,2026-10-02
1025.0,233,71,2026-10-31,2026-10-02
1030.0,117,104,2026-10-31,2026-10-02
1035.0,62,114,2026-10-31,2026-10-02
1040.0,100,69,2026-10-31,2026-10-02
1045.0,77,203,2026-10-31,2026-10-02
1050.0,600,600,2026-10-31,2026-10-02
1050.0,519,142,2026-10-31,2026-10-02
1055.0,64,69,2026-10-31,2026-10-02
1060.0,118,80,2026-10-31,2026-10-02
1065.0,84,183,2026-10-31,2026-10-02
1070.0,294,97,2026-10-31,2026-10-02
1075.0,333,80,2026-10-31,2026-10-02
1080.0,214,62,2026-10-31,2026-10-02
1085.0,170,103,2026-10-31,2026-10-02
1090.0,285,95,2026-10-31,2026-10-02
1095.0,99,217,2026-10-31,2026-10-02
1100.0,987,415,2026-10-31,2026-10-02
1105.0,24,66,2026-10-31,2026-10-02
1110.0,235,51,2026-10-31,2026-10-02
1115.0,117,44,2026-10-31,2026-10-02
1120.0,141,27,2026-10-31,2026-10-02
1125.0,98,8,2026-10-31,2026-10-02
1130.0,201,19,2026-10-31,2026-10-02
1135.0,34,2,2026-10-31,2026-10-02
1140.0,5,0,2026-10-31,2026-10-02
1140.0,169,3,2026-10-31,2026-10-02
1145.0,82,0,2026-10-31,2026-10-02
1150.0,404,35,2026-10-31,2026-10-02
1160.0,98,2,2026-10-31,2026-10-02
1170.0,168,3,2026-10-31,2026-10-02
1180.0,97,28,2026-10-31,2026-10-02
1190.0,172,10,2026-10-31,2026-10-02
1200.0,784,113,2026-10-31,2026-10-02
1210.0,153,16,2026-10-31,2026-10-02
1220.0,115,1,2026-10-31,2026-10-02
1230.0,94,11,2026-10-31,2026-10-02
1240.0,119,48,2026-10-31,2026-10-02
1250.0,1179,6,2026-10-31,2026-10-02
1260.0,315,0,2026-10-31,2026-10-02
1270.0,121,1,2026-10-31,2026-10-02
1280.0,177,0,2026-10-31,2026-10-02
1290.0,90,17,2026-10-31,2026-10-02
1300.0,5594,2,2026-10-31,2026-10-02
1310.0,78,0,2026-10-31,2026-10-02
1320.0,211,0,2026-10-31,2026-10-02
1330.0,60,0,2026-10-31,2026-10-02
1340.0,42,2,2026-10-31,2026-10-02
1350.0,296,0,2026-10-31,2026-10-02
1360.0,170,0,2026-10-31,2026-10-02
1370.0,83,0,2026-10-31,2026-10-02
1380.0,271,0,2026-10-31,2026-10-02
1390.0,25,0,2026-10-31,2026-10-02
1400.0,575,18,2026-10-31,2026-10-02
1410.0,20,0,2026-10-31,2026-10-02
1420.0,64,0,2026-10-31,2026-10-02
1430.0,70,0,2026-10-31,2026-10-02
1440.0,53,1,2026-10-31,2026-10-02
1450.0,340,1,2026-10-31,2026-10-02
1460.0,162,0,2026-10-31,2026-10-02
1470.0,49,3,2026-10-31,2026-10-02
1480.0,11,2,2026-10-31,2026-10-02
1490.0,107,0,2026-10-31,2026-10-02
1500.0,979,0,2026-10-31,2026-10-02
1510.0,350,0,2026-10-31,2026-10-02
1520.0,71,0,2026-10-31,2026-10-02
1530.0,123,0,2026-10-31,2026-10-02
1540.0,16,0,2026-10-31,2026-10-02
1550.0,75,0,2026-10-31,2026-10-02
1560.0,37,0,2026-10-31,2026-10-02
1570.0,17,0,2026-10-31,2026-10-02
1580.0,5,0,2026-10-31,2026-10-02
1590.0,13,0,2026-10-31,2026-10-02
1600.0,51,0,2026-10-31,2026-10-02
1610.0,23,0,2026-10-31,2026-10-02
1620.0,16,0,2026-10-31,2026-10-02
1630.0,9,0,2026-10-31,2026-10-02
1640.0,6,0,2026-10-31,2026-10-02
1650.0,18,0,2026-10-31,2026-10-02
1660.0,4,0,2026-10-31,2026-10-02
1670.0,23,0,2026-10-31,2026-10-02
1680.0,9,0,2026-10-31,2026-10-02
1690.0,3,0,2026-10-31,2026-10-02
1700.0,82,0,2026-10-31,2026-10-02
1710.0,16,0,2026-10-31,2026-10-02
1720.0,13,0,2026-10-31,2026-10-02
1730.0,421,0,2026-10-31,2026-10-02
1250.0,29,0,2026-11-05,2026-10-02
1340.0,9,0,2026-11-05,2026-10-02
5.0,0,0,2026-11-07,2026-10-02
10.0,0,0,2026-11-07,2026-10-02
15.0,0,1,2026-11-07,2026-10-02
20.0,0,0,2026-11-07,2026-10-02
25.0,0,0,2026-11-07,2026-10-02
30.0,0,0,2026-11-07,2026-10-02
35.0,0,0,2026-11-07,2026-10-02
40.0,0,0,2026-11-07,2026-10-02
45.0,0,0,2026-11-07,2026-10-02
50.0,0,0,2026-11-07,2026-10-02
55.0,0,0,2026-11-07,2026-10-02
60.0,0,0,2026-11-07,2026-10-02
65.0,0,0,2026-11-07,2026-10-02
70.0,0,0,2026-11-07,2026-10-02
75.0,0,0,2026-11-07,2026-10-02
80.0,0,0,2026-11-07,2026-10-02
85.0,0,0,2026-11-07,2026-10-02
90.0,0,0,2026-11-07,2026-10-02
95.0,0,0,2026-11-07,2026-10-02
100.0,0,0,2026-11-07,2026-10-02
105.0,0,0,2026-11-07,2026-10-02
110.0,0,0,2026-11-07,2026-10-02
115.0,0,0,2026-11-07,2026-10-02
120.0,0,0,2026-11-07,2026-10-02
125.0,0,0,2026-11-07,2026-10-02
130.0,0,0,2026-11-07,2026-10-02
135.0,0,0,2026-11-07,2026-10-02
140.0,0,0,2026-11-07,2026-10-02
145.0,0,0,2026-11-07,2026-10-02
150.0,0,0,2026-11-07,2026-10-02
155.0,0,0,2026-11-07,2026-10-02
160.0,0,0,2026-11-07,2026-10-02
165.0,0,0,2026-11-07,2026-10-02
170.0,0,0,2026-11-07,2026-10-02
175.0,0,3,2026-11-07,2026-10-02
180.0,0,4,2026-11-07,2026-10-02
185.0,0,2,2026-11-07,2026-10-02
190.0,0,2,2026-11-07,2026-10-02
195.0,0,13,2026-11-07,2026-10-02
200.0,0,24,2026-11-07,2026-10-02
210.0,0,4,2026-11-07,2026-10-02
220.0,0,14,2026-11-07,2026-10-02
230.0,0,14,2026-11-07,2026-10-02
240.0,0,9,2026-11-07,2026-10-02
250.0,0,26,2026-11-07,2026-10-02
260.0,0,18,2026-11-07,2026-10-02
270.0,0,25,2026-11-07,2026-10-02
280.0,8,14,2026-11-07,2026-10-02
290.0,0,11,2026-11-07,2026-10-02
300.0,0,21,2026-11-07,2026-10-02
310.0,0,9,2026-11-07,2026-10-02
320.0,0,33,2026-11-07,2026-10-02
330.0,0,69,2026-11-07,2026-10-02
340.0,0,3,2026-11-07,2026-10-02
350.0,0,10,2026-11-07,2026-10-02
360.0,0,4,2026-11-07,2026-10-02
370.0,0,9,2026-11-07,2026-10-02
380.0,0,28,2026-11-07,2026-10-02
390.0,0,11,2026-11-07,2026-10-02
400.0,0,10,2026-11-07,2026-10-02
410.0,0,8,2026-11-07,2026-10-02
420.0,0,6,2026-11-07,2026-10-02
430.0,0,7,2026-11-07,2026-10-02
440.0,1,10,2026-11-07,2026-10-02
450.0,0,3,2026-11-07,2026-10-02
460.0,0,10,2026-11-07,2026-10-02
470.0,0,79,2026-11-07,2026-10-02
480.0,0,32,2026-11-07,2026-10-02
490.0,0,5,2026-11-07,2026-10-02
500.0,1,26,2026-11-07,2026-10-02
510.0,0,65,2026-11-07,2026-10-02
520.0,0,6,2026-11-07,2026-10-02
530.0,0,6,2026-11-07,2026-10-02
540.0,5,0,2026-11-07,2026-10-02
550.0,0,1,2026-11-07,2026-10-02
560.0,1,1,2026-11-07,2026-10-02
570.0,0,1,2026-11-07,2026-10-02
580.0,0,4,2026-11-07,2026-10-02
590.0,0,1,2026-11-07,2026-10-02
600.0,0,38,2026-11-07,2026-10-02
610.0,0,6,2026-11-07,2026-10-02
620.0,0,4,2026-11-07,2026-10-02
630.0,0,41,2026-11-07,2026-10-02
640.0,0,22,2026-11-07,2026-10-02
650.0,0,139,2026-11-07,2026-10-02
660.0,0,20,2026-11-07,2026-10-02
670.0,0,12,2026-11-07,2026-10-02
680.0,0,38,2026-11-07,2026-10-02
690.0,0,21,2026-11-07,2026-10-02
700.0,1,340,2026-11-07,2026-10-02
710.0,1,34,2026-11-07,2026-10-02
720.0,0,4,2026-11-07,2026-10-02
730.0,0,5,2026-11-07,2026-10-02
740.0,0,36,2026-11-07,2026-10-02
750.0,1,56,2026-11-07,2026-10-02
760.0,1,10,2026-11-07,2026-10-02
770.0,0,28,2026-11-07,2026-10-02
780.0,0,24,2026-11-07,2026-10-02
790.0,0,26,2026-11-07,2026-10-02
795.0,0,14,2026-11-07,2026-10-02
800.0,11,73,2026-11-07,2026-10-02
805.0,5,30,2026-11-07,2026-10-02
810.0,0,35,2026-11-07,2026-10-02
815.0,0,17,2026-11-07,2026-10-02
820.0,2,61,2026-11-07,2026-10-02
825.0,0,35,2026-11-07,2026-10-02
830.0,0,83,2026-11-07,2026-10-02
835.0,5,2267,2026-11-07,2026-10-02
840.0,1,48,2026-11-07,2026-10-02
845.0,3,24,2026-11-07,2026-10-02
850.0,20,153,2026-11-07,2026-10-02
855.0,0,39,2026-11-07,2026-10-02
860.0,1,110,2026-11-07,2026-10-02
865.0,0,38,2026-11-07,2026-10-02
870.0,0,117,2026-11-07,2026-10-02
875.0,1,173,2026-11-07,2026-10-02
880.0,0,91,2026-11-07,2026-10-02
885.0,0,53,2026-11-07,2026-10-02
890.0,3,129,2026-11-07,2026-10-02
895.0,0,68,2026-11-07,2026-10-02
900.0,33,386,2026-11-07,2026-10-02
905.0,6,23,2026-11-07,2026-10-02
910.0,0,36,2026-11-07,2026-10-02
915.0,12,49,2026-11-07,2026-10-02
920.0,0,55,2026-11-07,2026-10-02
925.0,0,61,2026-11-07,2026-10-02
930.0,2,70,2026-11-07,2026-10-02
935.0,0,81,2026-11-07,2026-10-02
940.0,6,121,2026-11-07,2026-10-02
945.0,0,74,2026-11-07,2026-10-02
950.0,24,133,2026-11-07,2026-10-02
955.0,8,35,2026-11-07,2026-10-02
960.0,0,84,2026-11-07,2026-10-02
965.0,3,42,2026-11-07,2026-10-02
970.0,10,110,2026-11-07,2026-10-02
975.0,3,45,2026-11-07,2026-10-02
980.0,26,88,2026-11-07,2026-10-02
985.0,1,25,2026-11-07,2026-10-02
990.0,3,64,2026-11-07,2026-10-02
995.0,24,30,2026-11-07,2026-10-02
1000.0,39,315,2026-11-07,2026-10-02
1005.0,3,78,2026-11-07,2026-10-02
1010.0,8,117,2026-11-07,2026-10-02
1015.0,32,21,2026-11-07,2026-10-02
1020.0,31,34,2026-11-07,2026-10-02
1025.0,29,28,2026-11-07,2026-10-02
1030.0,22,50,2026-11-07,2026-10-02
1035.0,40,42,2026-11-07,2026-10-02
1040.0,11,28,2026-11-07,2026-10-02
1045.0,25,75,2026-11-07,2026-10-02
1050.0,51,177,2026-11-07,2026-10-02
1055.0,23,22,2026-11-07,2026-10-02
1060.0,69,51,2026-11-07,2026-10-02
1065.0,226,11,2026-11-07,2026-10-02
1070.0,568,25,2026-11-07,2026-10-02
1075.0,327,54,2026-11-07,2026-10-02
1080.0,48,28,2026-11-07,2026-10-02
1085.0,67,32,2026-11-07,2026-10-02
1090.0,46,10,2026-11-07,2026-10-02
1095.0,16,7,2026-11-07,2026-10-02
1100.0,300,300,2026-11-07,2026-10-02
1100.0,216,22,2026-11-07,2026-10-02
1105.0,5,18,2026-11-07,2026-10-02
1110.0,50,5,2026-11-07,2026-10-02
1115.0,15,0,2026-11-07,2026-10-02
1120.0,46,7,2026-11-07,2026-10-02
1125.0,32,6,2026-11-07,2026-10-02
1130.0,40,6,2026-11-07,2026-10-02
1135.0,10,6,2026-11-07,2026-10-02
1140.0,15,1,2026-11-07,2026-10-02
1145.0,54,2,2026-11-07,2026-10-02
1150.0,77,152,2026-11-07,2026-10-02
1160.0,104,1,2026-11-07,2026-10-02
1170.0,123,3,2026-11-07,2026-10-02
1180.0,44,21,2026-11-07,2026-10-02
1190.0,26,40,2026-11-07,2026-10-02
1200.0,217,45,2026-11-07,2026-10-02
1210.0,17,3,2026-11-07,2026-10-02
1220.0,56,1,2026-11-07,2026-10-02
1230.0,98,0,2026-11-07,2026-10-02
1240.0,52,0,2026-11-07,2026-10-02
1250.0,166,1,2026-11-07,2026-10-02
1260.0,129,2,2026-11-07,2026-10-02
1270.0,68,7,2026-11-07,2026-10-02
1280.0,35,5,2026-11-07,2026-10-02
1290.0,55,8,2026-11-07,2026-10-02
1300.0,206,2,2026-11-07,2026-10-02
1310.0,91,0,2026-11-07,2026-10-02
1320.0,33,0,2026-11-07,2026-10-02
1330.0,152,0,2026-11-07,2026-10-02
1340.0,44,1,2026-11-07,2026-10-02
1350.0,64,1,2026-11-07,2026-10-02
1360.0,15,0,2026-11-07,2026-10-02
1370.0,8,0,2026-11-07,2026-10-02
1380.0,47,0,2026-11-07,2026-10-02
1390.0,10,0,2026-11-07,2026-10-02
1400.0,82,0,2026-11-07,2026-10-02
1410.0,15,1,2026-11-07,2026-10-02
1420.0,12,0,2026-11-07,2026-10-02
1430.0,1,0,2026-11-07,2026-10-02
1440.0,11,0,2026-11-07,2026-10-02
1450.0,6,0,2026-11-07,2026-10-02
1460.0,15,0,2026-11-07,2026-10-02
1470.0,4,0,2026-11-07,2026-10-02
1480.0,3,0,2026-11-07,2026-10-02
1490.0,2,0,2026-11-07,2026-10-02
1500.0,41,0,2026-11-07,2026-10-02
1510.0,14,0,2026-11-07,2026-10-02
1520.0,10,0,2026-11-07,2026-10-02
1530.0,12,0,2026-11-07,2026-10-02
1540.0,1,0,2026-11-07,2026-10-02
1550.0,16,0,2026-11-07,2026-10-02
1560.0,3,3,2026-11-07,2026-10-02
1570.0,31,0,2026-11-07,2026-10-02
1580.0,1,0,2026-11-07,2026-10-02
1590.0,4,0,2026-11-07,2026-10-02
1600.0,27,0,2026-11-07,2026-10-02
1610.0,27,1,2026-11-07,2026-10-02
1620.0,6,0,2026-11-07,2026-10-02
1630.0,8,0,2026-11-07,2026-10-02
1640.0,45,0,2026-11-07,2026-10-02
1650.0,87,0,2026-11-07,2026-10-02
1660.0,12,0,2026-11-07,2026-10-02
1670.0,1,0,2026-11-07,2026-10-02
1680.0,2,0,2026-11-07,2026-10-02
1690.0,8,0,2026-11-07,2026-10-02
1700.0,14,0,2026-11-07,2026-10-02
1710.0,0,0,2026-11-07,2026-10-02
1720.0,0,0,2026-11-07,2026-10-02
1730.0,30,0,2026-11-07,2026-10-02
995.0,2,25,2026-11-14,2026-10-02
1000.0,1,26,2026-11-14,2026-10-02
1005.0,1,2,2026-11-14,2026-10-02
1010.0,1,13,2026-11-14,2026-10-02
1015.0,1,0,2026-11-14,2026-10-02
1020.0,2,8,2026-11-14,2026-10-02
1025.0,0,9,2026-11-14,2026-10-02
1030.0,10,1,2026-11-14,2026-10-02
1035.0,6,1,2026-11-14,2026-10-02
1040.0,3,19,2026-11-14,2026-10-02
1045.0,20,1,2026-11-14,2026-10-02
1050.0,4,7,2026-11-14,2026-10-02
1055.0,1,1,2026-11-14,2026-10-02
1060.0,36,3,2026-11-14,2026-10-02
1065.0,7,5,2026-11-14,2026-10-02
1070.0,6,1,2026-11-14,2026-10-02
1075.0,4,3,2026-11-14,2026-10-02
1080.0,2,4,2026-11-14,2026-10-02
1085.0,2,3,2026-11-14,2026-10-02
1090.0,4,2,2026-11-14,2026-10-02
1095.0,1,9,2026-11-14,2026-10-02
1100.0,550,550,2026-11-14,2026-10-02
1100.0,27,12,2026-11-14,2026-10-02
1105.0,6,0,2026-11-14,2026-10-02
1110.0,2,0,2026-11-14,2026-10-02
1115.0,1,0,2026-11-14,2026-10-02
1120.0,4,0,2026-11-14,2026-10-02
1125.0,3,0,2026-11-14,2026-10-02
1130.0,9,0,2026-11-14,2026-10-02
1135.0,19,10,2026-11-14,2026-10-02
5.0,9,87,2026-11-21,2026-10-02
10.0,0,49,2026-11-21,2026-10-02
15.0,0,644,2026-11-21,2026-10-02
20.0,1,165,2026-11-21,2026-10-02
25.0,0,141,2026-11-21,2026-10-02
30.0,1,52,2026-11-21,2026-10-02
35.0,9,815,2026-11-21,2026-10-02
40.0,4,47,2026-11-21,2026-10-02
45.0,2,88,2026-11-21,2026-10-02
50.0,5,52,2026-11-21,2026-10-02
55.0,8,194,2026-11-21,2026-10-02
60.0,12,285,2026-11-21,2026-10-02
65.0,3,560,2026-11-21,2026-10-02
70.0,1,897,2026-11-21,2026-10-02
75.0,11,52,2026-11-21,2026-10-02
80.0,4,56,2026-11-21,2026-10-02
85.0,1,36,2026-11-21,2026-10-02
90.0,12,158,2026-11-21,2026-10-02
95.0,5,724,2026-11-21,2026-10-02
100.0,40,982,2026-11-21,2026-10-02
105.0,2,170,2026-11-21,2026-10-02
110.0,48,381,2026-11-21,2026-10-02
115.0,5,185,2026-11-21,2026-10-02
120.0,16,132,2026-11-21,2026-10-02
125.0,2,468,2026-11-21,2026-10-02
130.0,24,140,2026-11-21,2026-10-02
135.0,10,4128,2026-11-21,2026-10-02
140.0,18,53,2026-11-21,2026-10-02
145.0,3,221,2026-11-21,2026-10-02
150.0,3,780,2026-11-21,2026-10-02
155.0,19,121,2026-11-21,2026-10-02
160.0,28,242,2026-11-21,2026-10-02
165.0,28,93,2026-11-21,2026-10-02
170.0,9,97,2026-11-21,2026-10-02
175.0,19,239,2026-11-21,2026-10-02
180.0,24,140,2026-11-21,2026-10-02
185.0,9,151,2026-11-21,2026-10-02
190.0,6,322,2026-11-21,2026-10-02
195.0,116,2736,2026-11-21,2026-10-02
200.0,75,1894,2026-11-21,2026-10-02
210.0,39,203,2026-11-21,2026-10-02
220.0,36,422,2026-11-21,2026-10-02
230.0,79,1700,2026-11-21,2026-10-02
240.0,15,759,2026-11-21,2026-10-02
250.0,100,1090,2026-11-21,2026-10-02
260.0,142,1567,2026-11-21,2026-10-02
270.0,33,579,2026-11-21,2026-10-02
280.0,213,1876,2026-11-21,2026-10-02
290.0,47,1787,2026-11-21,2026-10-02
300.0,201,1657,2026-11-21,2026-10-02
310.0,13,408,2026-11-21,2026-10-02
320.0,88,585,2026-11-21,2026-10-02
330.0,200,940,2026-11-21,2026-10-02
340.0,445,227,2026-11-21,2026-10-02
350.0,158,2873,2026-11-21,2026-10-02
360.0,109,3433,2026-11-21,2026-10-02
370.0,85,755,2026-11-21,2026-10-02
380.0,769,4377,2026-11-21,2026-10-02
390.0,194,446,2026-11-21,2026-10-02
400.0,385,1695,2026-11-21,2026-10-02
410.0,204,532,2026-11-21,2026-10-02
420.0,485,918,2026-11-21,2026-10-02
430.0,810,1038,2026-11-21,2026-10-02
440.0,1204,661,2026-11-21,2026-10-02
450.0,786,1836,2026-11-21,2026-10-02
460.0,383,906,2026-11-21,2026-10-02
470.0,215,292,2026-11-21,2026-10-02
480.0,291,467,2026-11-21,2026-10-02
490.0,322,642,2026-11-21,2026-10-02
500.0,1125,3327,2026-11-21,2026-10-02
510.0,173,198,2026-11-21,2026-10-02
520.0,219,965,2026-11-21,2026-10-02
530.0,307,491,2026-11-21,2026-10-02
540.0,296,1436,2026-11-21,2026-10-02
550.0,233,1617,2026-11-21,2026-10-02
560.0,218,266,2026-11-21,2026-10-02
570.0,1205,3654,2026-11-21,2026-10-02
580.0,116,1143,2026-11-21,2026-10-02
590.0,368,633,2026-11-21,2026-10-02
600.0,513,3574,2026-11-21,2026-10-02
610.0,158,1044,2026-11-21,2026-10-02
620.0,368,2485,2026-11-21,2026-10-02
630.0,192,1171,2026-11-21,2026-10-02
640.0,300,976,2026-11-21,2026-10-02
650.0,744,2634,2026-11-21,2026-10-02
660.0,310,1151,2026-11-21,2026-10-02
670.0,276,771,2026-11-21,2026-10-02
680.0,152,924,2026-11-21,2026-10-02
690.0,2,67,2026-11-21,2026-10-02
700.0,985,3270,2026-11-21,2026-10-02
710.0,327,275,2026-11-21,2026-10-02
720.0,233,609,2026-11-21,2026-10-02
730.0,377,464,2026-11-21,2026-10-02
740.0,340,1885,2026-11-21,2026-10-02
750.0,433,3401,2026-11-21,2026-10-02
760.0,477,736,2026-11-21,2026-10-02
770.0,340,402,2026-11-21,2026-10-02
780.0,309,1292,2026-11-21,2026-10-02
790.0,278,570,2026-11-21,2026-10-02
800.0,1810,4733,2026-11-21,2026-10-02
810.0,726,2207,2026-11-21,2026-10-02
820.0,763,1312,2026-11-21,2026-10-02
830.0,549,662,2026-11-21,2026-10-02
840.0,449,827,2026-11-21,2026-10-02
850.0,531,2104,2026-11-21,2026-10-02
860.0,451,1174,2026-11-21,2026-10-02
870.0,339,1056,2026-11-21,2026-10-02
880.0,539,972,2026-11-21,2026-10-02
890.0,239,811,2026-11-21,2026-10-02
900.0,2178,4339,2026-11-21,2026-10-02
910.0,7098,1237,2026-11-21,2026-10-02
920.0,661,1835,2026-11-21,2026-10-02
930.0,482,1523,2026-11-21,2026-10-02
940.0,650,650,2026-11-21,2026-10-02
940.0,363,667,2026-11-21,2026-10-02
950.0,1005,2280,2026-11-21,2026-10-02
960.0,394,611,2026-11-21,2026-10-02
970.0,479,735,2026-11-21,2026-10-02
980.0,360,1066,2026-11-21,2026-10-02
990.0,315,568,2026-11-21,2026-10-02
1000.0,1000,1000,2026-11-21,2026-10-02
1000.0,2794,2247,2026-11-21,2026-10-02
1010.0,805,513,2026-11-21,2026-10-02
1020.0,677,481,2026-11-21,2026-10-02
1030.0,602,411,2026-11-21,2026-10-02
1040.0,2726,452,2026-11-21,2026-10-02
1050.0,9715,838,2026-11-21,2026-10-02
1050.01,29,29,2026-11-21,2026-10-02
1060.0,1030,543,2026-11-21,2026-10-02
1070.0,200,200,2026-11-21,2026-10-02
1070.0,776,530,2026-11-21,2026-10-02
1080.0,150,150,2026-11-21,2026-10-02
1080.0,666,299,2026-11-21,2026-10-02
1090.0,522,296,2026-11-21,2026-10-02
1100.0,2030,2030,2026-11-21,2026-10-02
1100.0,3488,708,2026-11-21,2026-10-02
1110.0,742,123,2026-11-21,2026-10-02
1120.0,1026,96,2026-11-21,2026-10-02
1130.0,468,123,2026-11-21,2026-10-02
1140.0,774,76,2026-11-21,2026-10-02
1150.0,1235,213,2026-11-21,2026-10-02
1160.0,543,90,2026-11-21,2026-10-02
1170.0,363,41,2026-11-21,2026-10-02
1180.0,469,40,2026-11-21,2026-10-02
1190.0,1136,42,2026-11-21,2026-10-02
1200.0,2780,202,2026-11-21,2026-10-02
1210.0,965,125,2026-11-21,2026-10-02
1220.0,424,48,2026-11-21,2026-10-02
1230.0,494,47,2026-11-21,2026-10-02
1240.0,554,38,2026-11-21,2026-10-02
1250.0,2335,94,2026-11-21,2026-10-02
1260.0,598,66,2026-11-21,2026-10-02
1270.0,563,53,2026-11-21,2026-10-02
1280.0,404,76,2026-11-21,2026-10-02
1290.0,490,51,2026-11-21,2026-10-02
1300.0,4084,1102,2026-11-21,2026-10-02
1310.0,601,65,2026-11-21,2026-10-02
1320.0,397,34,2026-11-21,2026-10-02
1330.0,567,50,2026-11-21,2026-10-02
1340.0,341,62,2026-11-21,2026-10-02
1350.0,7499,15,2026-11-21,2026-10-02
1360.0,253,69,2026-11-21,2026-10-02
1370.0,207,57,2026-11-21,2026-10-02
1380.0,645,21,2026-11-21,2026-10-02
1390.0,268,13,2026-11-21,2026-10-02
1400.0,1441,16,2026-11-21,2026-10-02
1410.0,402,15,2026-11-21,2026-10-02
1420.0,401,13,2026-11-21,2026-10-02
1430.0,156,305,2026-11-21,2026-10-02
1440.0,321,13,2026-11-21,2026-10-02
1450.0,545,7,2026-11-21,2026-10-02
1460.0,215,2,2026-11-21,2026-10-02
1470.0,372,12,2026-11-21,2026-10-02
1480.0,494,10,2026-11-21,2026-10-02
1490.0,252,2,2026-11-21,2026-10-02
1500.0,2951,152,2026-11-21,2026-10-02
1510.0,549,2,2026-11-21,2026-10-02
1520.0,947,21,2026-11-21,2026-10-02
1530.0,794,2,2026-11-21,2026-10-02
1540.0,260,14,2026-11-21,2026-10-02
1550.0,375,16,2026-11-21,2026-10-02
1560.0,501,5,2026-11-21,2026-10-02
1570.0,209,0,2026-11-21,2026-10-02
1580.0,130,10,2026-11-21,2026-10-02
1590.0,478,2,2026-11-21,2026-10-02
1600.0,712,17,2026-11-21,2026-10-02
1610.0,436,6,2026-11-21,2026-10-02
1620.0,163,0,2026-11-21,2026-10-02
1630.0,421,0,2026-11-21,2026-10-02
1640.0,174,3,2026-11-21,2026-10-02
1650.0,331,5,2026-11-21,2026-10-02
1660.0,69,0,2026-11-21,2026-10-02
1670.0,173,0,2026-11-21,2026-10-02
1680.0,176,0,2026-11-21,2026-10-02
1690.0,179,0,2026-11-21,2026-10-02
1700.0,472,74,2026-11-21,2026-10-02
1710.0,164,12,2026-11-21,2026-10-02
1720.0,248,0,2026-11-21,2026-10-02
1730.0,135,0,2026-11-21,2026-10-02
1740.0,245,0,2026-11-21,2026-10-02
1750.0,198,0,2026-11-21,2026-10-02
1760.0,85,0,2026-11-21,2026-10-02
1770.0,188,0,2026-11-21,2026-10-02
1780.0,256,0,2026-11-21,2026-10-02
1790.0,200,0,2026-11-21,2026-10-02
1800.0,2083,0,2026-11-21,2026-10-02
1810.0,91,0,2026-11-21,2026-10-02
1820.0,629,0,2026-11-21,2026-10-02
1830.0,349,0,2026-11-21,2026-10-02
1840.0,398,0,2026-11-21,2026-10-02
1850.0,438,0,2026-11-21,2026-10-02
1860.0,163,0,2026-11-21,2026-10-02
1870.0,203,0,2026-11-21,2026-10-02
1880.0,598,0,2026-11-21,2026-10-02
1890.0,210,0,2026-11-21,2026-10-02
1900.0,483,0,2026-11-21,2026-10-02
1910.0,733,0,2026-11-21,2026-10-02
1920.0,172,0,2026-11-21,2026-10-02
1930.0,235,0,2026-11-21,2026-10-02
1940.0,176,0,2026-11-21,2026-10-02
1950.0,390,0,2026-11-21,2026-10-02
1960.0,350,0,2026-11-21,2026-10-02
1970.0,219,0,2026-11-21,2026-10-02
1980.0,58,0,2026-11-21,2026-10-02
1990.0,174,0,2026-11-21,2026-10-02
2000.0,933,0,2026-11-21,2026-10-02
2010.0,172,0,2026-11-21,2026-10-02
2020.0,235,0,2026-11-21,2026-10-02
2030.0,302,0,2026-11-21,2026-10-02
2040.0,232,0,2026-11-21,2026-10-02
2050.0,306,0,2026-11-21,2026-10-02
2060.0,236,0,2026-11-21,2026-10-02
2070.0,247,0,2026-11-21,2026-10-02
2080.0,148,0,2026-11-21,2026-10-02
2090.0,126,0,2026-11-21,2026-10-02
2100.0,313,0,2026-11-21,2026-10-02
2110.0,366,0,2026-11-21,2026-10-02
2120.0,148,0,2026-11-21,2026-10-02
2130.0,156,0,2026-11-21,2026-10-02
2140.0,457,0,2026-11-21,2026-10-02
2150.0,286,0,2026-11-21,2026-10-02
2160.0,54,0,2026-11-21,2026-10-02
2170.0,382,0,2026-11-21,2026-10-02
2180.0,178,0,2026-11-21,2026-10-02
2190.0,235,0,2026-11-21,2026-10-02
2200.0,262,0,2026-11-21,2026-10-02
2210.0,31,0,2026-11-21,2026-10-02
2220.0,61,0,2026-11-21,2026-10-02
2230.0,125,0,2026-11-21,2026-10-02
2240.0,66,0,2026-11-21,2026-10-02
2250.0,55,0,2026-11-21,2026-10-02
2260.0,86,0,2026-11-21,2026-10-02
2270.0,94,0,2026-11-21,2026-10-02
2280.0,148,0,2026-11-21,2026-10-02
2290.0,895,0,2026-11-21,2026-10-02
2300.0,104,0,2026-11-21,2026-10-02
2310.0,42,0,2026-11-21,2026-10-02
2320.0,23,0,2026-11-21,2026-10-02
2330.0,38,0,2026-11-21,2026-10-02
2340.0,51,0,2026-11-21,2026-10-02
2350.0,107,0,2026-11-21,2026-10-02
2360.0,21,0,2026-11-21,2026-10-02
2370.0,135,0,2026-11-21,2026-10-02
2380.0,45,0,2026-11-21,2026-10-02
2390.0,207,0,2026-11-21,2026-10-02
2400.0,117,0,2026-11-21,2026-10-02
2410.0,206,0,2026-11-21,2026-10-02
2420.0,192,0,2026-11-21,2026-10-02
2440.0,146,0,2026-11-21,2026-10-02
2460.0,124,0,2026-11-21,2026-10-02
2480.0,438,0,2026-11-21,2026-10-02
2500.0,3093,0,2026-11-21,2026-10-02
5.0,30,75,2026-12-19,2026-10-02
10.0,21,141,2026-12-19,2026-10-02
15.0,31,99,2026-12-19,2026-10-02
20.0,10,27,2026-12-19,2026-10-02
25.0,38,37,2026-12-19,2026-10-02
30.0,0,4531,2026-12-19,2026-10-02
35.0,36,3239,2026-12-19,2026-10-02
40.0,42,1340,2026-12-19,2026-10-02
45.0,94,3016,2026-12-19,2026-10-02
47.5,162,2266,2026-12-19,2026-10-02
50.0,238,1149,2026-12-19,2026-10-02
55.0,102,3872,2026-12-19,2026-10-02
60.0,88,4317,2026-12-19,2026-10-02
65.0,150,1276,2026-12-19,2026-10-02
70.0,270,4360,2026-12-19,2026-10-02
75.0,265,3347,2026-12-19,2026-10-02
80.0,304,4321,2026-12-19,2026-10-02
85.0,470,5146,2026-12-19,2026-10-02
87.5,185,2922,2026-12-19,2026-10-02
90.0,1011,4004,2026-12-19,2026-10-02
92.5,153,362,2026-12-19,2026-10-02
95.0,612,1232,2026-12-19,2026-10-02
97.5,163,165,2026-12-19,2026-10-02
100.0,781,2661,2026-12-19,2026-10-02
105.0,395,1055,2026-12-19,2026-10-02
110.0,922,1224,2026-12-19,2026-10-02
115.0,89,1215,2026-12-19,2026-10-02
120.0,423,1095,2026-12-19,2026-10-02
125.0,501,1981,2026-12-19,2026-10-02
130.0,424,1340,2026-12-19,2026-10-02
135.0,177,416,2026-12-19,2026-10-02
140.0,1238,928,2026-12-19,2026-10-02
145.0,249,250,2026-12-19,2026-10-02
150.0,499,1372,2026-12-19,2026-10-02
155.0,192,317,2026-12-19,2026-10-02
160.0,675,1128,2026-12-19,2026-10-02
165.0,860,451,2026-12-19,2026-10-02
170.0,434,826,2026-12-19,2026-10-02
175.0,338,363,2026-12-19,2026-10-02
180.0,750,782,2026-12-19,2026-10-02
185.0,167,365,2026-12-19,2026-10-02
190.0,874,1468,2026-12-19,2026-10-02
195.0,135,1049,2026-12-19,2026-10-02
200.0,0,0,2026-12-19,2026-10-02
200.0,1416,2256,2026-12-19,2026-10-02
210.0,734,2687,2026-12-19,2026-10-02
220.0,2072,1884,2026-12-19,2026-10-02
230.0,599,976,2026-12-19,2026-10-02
240.0,898,1520,2026-12-19,2026-10-02
250.0,1040,2232,2026-12-19,2026-10-02
260.0,526,524,2026-12-19,2026-10-02
270.0,531,1796,2026-12-19,2026-10-02
280.0,2157,3263,2026-12-19,2026-10-02
290.0,250,1725,2026-12-19,2026-10-02
300.0,1260,2972,2026-12-19,2026-10-02
310.0,447,1938,2026-12-19,2026-10-02
320.0,402,427,2026-12-19,2026-10-02
330.0,998,787,2026-12-19,2026-10-02
340.0,1449,819,2026-12-19,2026-10-02
350.0,654,2424,2026-12-19,2026-10-02
360.0,483,10541,2026-12-19,2026-10-02
370.0,199,3489,2026-12-19,2026-10-02
380.0,789,6003,2026-12-19,2026-10-02
390.0,485,2603,2026-12-19,2026-10-02
400.0,812,5428,2026-12-19,2026-10-02
410.0,363,1130,2026-12-19,2026-10-02
420.0,1470,4020,2026-12-19,2026-10-02
430.0,203,651,2026-12-19,2026-10-02
440.0,248,1115,2026-12-19,2026-10-02
450.0,1227,2635,2026-12-19,2026-10-02
460.0,711,419,2026-12-19,2026-10-02
470.0,450,657,2026-12-19,2026-10-02
480.0,782,1388,2026-12-19,2026-10-02
490.0,577,3521,2026-12-19,2026-10-02
500.0,1462,5132,2026-12-19,2026-10-02
510.0,716,449,2026-12-19,2026-10-02
520.0,852,1923,2026-12-19,2026-10-02
530.0,206,1262,2026-12-19,2026-10-02
540.0,290,2909,2026-12-19,2026-10-02
550.0,643,4308,2026-12-19,2026-10-02
560.0,169,689,2026-12-19,2026-10-02
570.0,579,325,2026-12-19,2026-10-02
580.0,2974,3790,2026-12-19,2026-10-02
590.0,347,509,2026-12-19,2026-10-02
600.0,1412,5107,2026-12-19,2026-10-02
610.0,423,876,2026-12-19,2026-10-02
620.0,912,945,2026-12-19,2026-10-02
630.0,200,626,2026-12-19,2026-10-02
640.0,356,1393,2026-12-19,2026-10-02
650.0,719,3203,2026-12-19,2026-10-02
660.0,315,873,2026-12-19,2026-10-02
670.0,336,518,2026-12-19,2026-10-02
680.0,389,627,2026-12-19,2026-10-02
690.0,393,539,2026-12-19,2026-10-02
700.0,4293,4064,2026-12-19,2026-10-02
710.0,547,1070,2026-12-19,2026-10-02
720.0,321,592,2026-12-19,2026-10-02
730.0,278,690,2026-12-19,2026-10-02
740.0,912,518,2026-12-19,2026-10-02
750.0,526,2822,2026-12-19,2026-10-02
760.0,281,1096,2026-12-19,2026-10-02
770.0,392,624,2026-12-19,2026-10-02
780.0,625,559,2026-12-19,2026-10-02
790.0,240,862,2026-12-19,2026-10-02
800.0,3457,5022,2026-12-19,2026-10-02
810.0,604,742,2026-12-19,2026-10-02
820.0,414,1574,2026-12-19,2026-10-02
830.0,692,654,2026-12-19,2026-10-02
840.0,818,1167,2026-12-19,2026-10-02
850.0,1138,2055,2026-12-19,2026-10-02
860.0,658,760,2026-12-19,2026-10-02
870.0,386,1135,2026-12-19,2026-10-02
880.0,678,1290,2026-12-19,2026-10-02
890.0,795,733,2026-12-19,2026-10-02
900.0,2762,3399,2026-12-19,2026-10-02
910.0,1257,746,2026-12-19,2026-10-02
920.0,1630,855,2026-12-19,2026-10-02
930.0,138,138,2026-12-19,2026-10-02
930.0,754,1891,2026-12-19,2026-10-02
940.0,484,925,2026-12-19,2026-10-02
950.0,1032,1689,2026-12-19,2026-10-02
960.0,513,876,2026-12-19,2026-10-02
970.0,566,1259,2026-12-19,2026-10-02
980.0,552,909,2026-12-19,2026-10-02
990.0,373,629,2026-12-19,2026-10-02
1000.0,2624,1821,2026-12-19,2026-10-02
1010.0,534,377,2026-12-19,2026-10-02
1020.0,744,225,2026-12-19,2026-10-02
1030.0,477,347,2026-12-19,2026-10-02
1040.0,371,262,2026-12-19,2026-10-02
1050.0,2130,403,2026-12-19,2026-10-02
1060.0,797,252,2026-12-19,2026-10-02
1070.0,497,544,2026-12-19,2026-10-02
1080.0,510,1196,2026-12-19,2026-10-02
1090.0,412,290,2026-12-19,2026-10-02
1100.0,3117,572,2026-12-19,2026-10-02
1110.0,809,204,2026-12-19,2026-10-02
1120.0,452,161,2026-12-19,2026-10-02
1130.0,561,80,2026-12-19,2026-10-02
1140.0,435,252,2026-12-19,2026-10-02
1150.0,930,541,2026-12-19,2026-10-02
1160.0,414,106,2026-12-19,2026-10-02
1170.0,514,75,2026-12-19,2026-10-02
1180.0,644,163,2026-12-19,2026-10-02
1190.0,235,287,2026-12-19,2026-10-02
1200.0,15172,988,2026-12-19,2026-10-02
1210.0,426,45,2026-12-19,2026-10-02
1220.0,678,45,2026-12-19,2026-10-02
1230.0,381,35,2026-12-19,2026-10-02
1240.0,387,29,2026-12-19,2026-10-02
1250.0,1476,198,2026-12-19,2026-10-02
1260.0,651,25,2026-12-19,2026-10-02
1270.0,683,120,2026-12-19,2026-10-02
1280.0,357,84,2026-12-19,2026-10-02
1290.0,350,75,2026-12-19,2026-10-02
1300.0,2764,102,2026-12-19,2026-10-02
1310.0,412,18,2026-12-19,2026-10-02
1320.0,700,115,2026-12-19,2026-10-02
1330.0,1152,57,2026-12-19,2026-10-02
1340.0,810,107,2026-12-19,2026-10-02
1350.0,833,111,2026-12-19,2026-10-02
1360.0,538,85,2026-12-19,2026-10-02
1370.0,725,57,2026-12-19,2026-10-02
1380.0,377,24,2026-12-19,2026-10-02
1390.0,596,39,2026-12-19,2026-10-02
1400.0,2266,105,2026-12-19,2026-10-02
1410.0,294,6,2026-12-19,2026-10-02
1420.0,493,15,2026-12-19,2026-10-02
1430.0,145,9,2026-12-19,2026-10-02
1440.0,260,11,2026-12-19,2026-10-02
1450.0,619,7,2026-12-19,2026-10-02
1460.0,669,6,2026-12-19,2026-10-02
1470.0,254,6,2026-12-19,2026-10-02
1480.0,547,53,2026-12-19,2026-10-02
1490.0,222,32,2026-12-19,2026-10-02
1500.0,12784,67,2026-12-19,2026-10-02
1510.0,505,13,2026-12-19,2026-10-02
1520.0,515,3,2026-12-19,2026-10-02
1530.0,331,68,2026-12-19,2026-10-02
1540.0,821,2,2026-12-19,2026-10-02
1550.0,631,70,2026-12-19,2026-10-02
1560.0,248,7,2026-12-19,2026-10-02
1570.0,289,0,2026-12-19,2026-10-02
1580.0,249,1,2026-12-19,2026-10-02
1590.0,215,0,2026-12-19,2026-10-02
1600.0,1846,20,2026-12-19,2026-10-02
1610.0,1008,17,2026-12-19,2026-10-02
1620.0,644,72,2026-12-19,2026-10-02
1630.0,611,11,2026-12-19,2026-10-02
1640.0,183,41,2026-12-19,2026-10-02
1650.0,226,0,2026-12-19,2026-10-02
1660.0,196,5,2026-12-19,2026-10-02
1670.0,208,0,2026-12-19,2026-10-02
1680.0,235,3,2026-12-19,2026-10-02
1690.0,291,1,2026-12-19,2026-10-02
1700.0,602,5,2026-12-19,2026-10-02
1710.0,240,2,2026-12-19,2026-10-02
1720.0,135,1,2026-12-19,2026-10-02
1730.0,303,0,2026-12-19,2026-10-02
1740.0,188,0,2026-12-19,2026-10-02
1750.0,542,2,2026-12-19,2026-10-02
1760.0,191,0,2026-12-19,2026-10-02
1770.0,223,0,2026-12-19,2026-10-02
1780.0,102,0,2026-12-19,2026-10-02
1790.0,242,0,2026-12-19,2026-10-02
1800.0,627,7,2026-12-19,2026-10-02
1810.0,371,0,2026-12-19,2026-10-02
1820.0,968,7,2026-12-19,2026-10-02
1830.0,1250,0,2026-12-19,2026-10-02
1840.0,276,0,2026-12-19,2026-10-02
1850.0,85,0,2026-12-19,2026-10-02
1860.0,431,0,2026-12-19,2026-10-02
1870.0,292,0,2026-12-19,2026-10-02
1880.0,318,0,2026-12-19,2026-10-02
1890.0,200,0,2026-12-19,2026-10-02
1900.0,544,0,2026-12-19,2026-10-02
1910.0,415,0,2026-12-19,2026-10-02
1920.0,268,0,2026-12-19,2026-10-02
1930.0,660,0,2026-12-19,2026-10-02
1940.0,482,0,2026-12-19,2026-10-02
1950.0,289,0,2026-12-19,2026-10-02
1960.0,250,0,2026-12-19,2026-10-02
1970.0,580,0,2026-12-19,2026-10-02
1980.0,325,0,2026-12-19,2026-10-02
1990.0,256,0,2026-12-19,2026-10-02
2000.0,1304,0,2026-12-19,2026-10-02
2010.0,110,0,2026-12-19,2026-10-02
2020.0,202,0,2026-12-19,2026-10-02
2030.0,183,0,2026-12-19,2026-10-02
2040.0,237,0,2026-12-19,2026-10-02
2050.0,104,0,2026-12-19,2026-10-02
2060.0,86,0,2026-12-19,2026-10-02
2070.0,316,0,2026-12-19,2026-10-02
2080.0,168,0,2026-12-19,2026-10-02
2090.0,371,0,2026-12-19,2026-10-02
2100.0,636,0,2026-12-19,2026-10-02
2110.0,208,0,2026-12-19,2026-10-02
2120.0,289,0,2026-12-19,2026-10-02
2130.0,197,0,2026-12-19,2026-10-02
2140.0,294,0,2026-12-19,2026-10-02
2150.0,210,0,2026-12-19,2026-10-02
2160.0,407,0,2026-12-19,2026-10-02
2170.0,733,0,2026-12-19,2026-10-02
2180.0,81,0,2026-12-19,2026-10-02
2190.0,272,0,2026-12-19,2026-10-02
2200.0,707,0,2026-12-19,2026-10-02
2210.0,61,0,2026-12-19,2026-10-02
2220.0,224,0,2026-12-19,2026-10-02
2230.0,63,0,2026-12-19,2026-10-02
2240.0,40,0,2026-12-19,2026-10-02
2250.0,321,0,2026-12-19,2026-10-02
2260.0,282,0,2026-12-19,2026-10-02
2270.0,228,0,2026-12-19,2026-10-02
2280.0,193,0,2026-12-19,2026-10-02
2290.0,227,0,2026-12-19,2026-10-02
2300.0,223,0,2026-12-19,2026-10-02
2310.0,144,0,2026-12-19,2026-10-02
2320.0,186,0,2026-12-19,2026-10-02
2330.0,103,0,2026-12-19,2026-10-02
2340.0,219,0,2026-12-19,2026-10-02
2350.0,171,0,2026-12-19,2026-10-02
2360.0,304,0,2026-12-19,2026-10-02
2370.0,220,0,2026-12-19,2026-10-02
2380.0,86,0,2026-12-19,2026-10-02
2390.0,155,0,2026-12-19,2026-10-02
2400.0,429,0,2026-12-19,2026-10-02
2410.0,138,0,2026-12-19,2026-10-02
2420.0,494,0,2026-12-19,2026-10-02
2440.0,148,0,2026-12-19,2026-10-02
2460.0,253,0,2026-12-19,2026-10-02
2480.0,230,0,2026-12-19,2026-10-02
2500.0,3994,0,2026-12-19,2026-10-02
289.62,0,55,2026-12-31,2026-10-02
505.0,16450,16450,2027-01-15,2026-10-02
1030.04,13000,13000,2027-01-15,2026-10-02
35.0,107,2229,2027-01-16,2026-10-02
40.0,116,4089,2027-01-16,2026-10-02
45.0,178,3692,2027-01-16,2026-10-02
50.0,329,2244,2027-01-16,2026-10-02
55.0,103,2972,2027-01-16,2026-10-02
60.0,233,6076,2027-01-16,2026-10-02
65.0,71,3004,2027-01-16,2026-10-02
70.0,350,5703,2027-01-16,2026-10-02
75.0,335,6558,2027-01-16,2026-10-02
80.0,1722,7925,2027-01-16,2026-10-02
85.0,1284,3108,2027-01-16,2026-10-02
86.0,28,0,2027-01-16,2026-10-02
90.0,4463,4201,2027-01-16,2026-10-02
95.0,587,2445,2027-01-16,2026-10-02
100.0,657,2892,2027-01-16,2026-10-02
105.0,389,2287,2027-01-16,2026-10-02
110.0,1828,4025,2027-01-16,2026-10-02
115.0,366,1639,2027-01-16,2026-10-02
120.0,600,1868,2027-01-16,2026-10-02
125.0,401,1246,2027-01-16,2026-10-02
130.0,632,6031,2027-01-16,2026-10-02
135.0,467,728,2027-01-16,2026-10-02
140.0,2502,979,2027-01-16,2026-10-02
145.0,368,585,2027-01-16,2026-10-02
150.0,2069,3867,2027-01-16,2026-10-02
155.0,368,356,2027-01-16,2026-10-02
160.0,2296,2803,2027-01-16,2026-10-02
165.0,882,376,2027-01-16,2026-10-02
170.0,893,1036,2027-01-16,2026-10-02
175.0,682,657,2027-01-16,2026-10-02
180.0,799,1435,2027-01-16,2026-10-02
185.0,315,413,2027-01-16,2026-10-02
190.0,1290,630,2027-01-16,2026-10-02
195.0,998,464,2027-01-16,2026-10-02
200.0,1415,3446,2027-01-16,2026-10-02
210.0,538,794,2027-01-16,2026-10-02
220.0,3660,1442,2027-01-16,2026-10-02
225.0,0,20,2027-01-16,2026-10-02
230.0,959,1742,2027-01-16,2026-10-02
240.0,999,1939,2027-01-16,2026-10-02
250.0,525,5064,2027-01-16,2026-10-02
260.0,415,1684,2027-01-16,2026-10-02
270.0,585,1482,2027-01-16,2026-10-02
280.0,250,1662,2027-01-16,2026-10-02
290.0,343,1180,2027-01-16,2026-10-02
300.0,0,0,2027-01-16,2026-10-02
300.0,1361,8009,2027-01-16,2026-10-02
310.0,755,1110,2027-01-16,2026-10-02
320.0,1959,2817,2027-01-16,2026-10-02
330.0,1546,2197,2027-01-16,2026-10-02
340.0,0,0,2027-01-16,2026-10-02
340.0,750,1891,2027-01-16,2026-10-02
350.0,9,0,2027-01-16,2026-10-02
350.0,2310,3816,2027-01-16,2026-10-02
360.0,0,0,2027-01-16,2026-10-02
360.0,597,4321,2027-01-16,2026-10-02
370.0,0,0,2027-01-16,2026-10-02
370.0,333,1486,2027-01-16,2026-10-02
380.0,705,2078,2027-01-16,2026-10-02
390.0,405,2030,2027-01-16,2026-10-02
400.0,10,0,2027-01-16,2026-10-02
400.0,1691,4415,2027-01-16,2026-10-02
410.0,569,918,2027-01-16,2026-10-02
420.0,760,1025,2027-01-16,2026-10-02
430.0,8,0,2027-01-16,2026-10-02
430.0,959,2521,2027-01-16,2026-10-02
440.0,0,0,2027-01-16,2026-10-02
440.0,961,1396,2027-01-16,2026-10-02
450.0,0,0,2027-01-16,2026-10-02
450.0,3965,3450,2027-01-16,2026-10-02
460.0,700,1388,2027-01-16,2026-10-02
470.0,527,1730,2027-01-16,2026-10-02
480.0,1473,1311,2027-01-16,2026-10-02
490.0,1335,1414,2027-01-16,2026-10-02
500.0,0,0,2027-01-16,2026-10-02
500.0,5835,4208,2027-01-16,2026-10-02
505.0,16450,16450,2027-01-16,2026-10-02
510.0,1132,870,2027-01-16,2026-10-02
520.0,1365,1029,2027-01-16,2026-10-02
530.0,609,927,2027-01-16,2026-10-02
539.38,20,0,2027-01-16,2026-10-02
540.0,598,755,2027-01-16,2026-10-02
550.0,10,0,2027-01-16,2026-10-02
550.0,3538,4903,2027-01-16,2026-10-02
560.0,539,529,2027-01-16,2026-10-02
570.0,643,523,2027-01-16,2026-10-02
580.0,1367,762,2027-01-16,2026-10-02
590.0,397,961,2027-01-16,2026-10-02
600.0,24,0,2027-01-16,2026-10-02
600.0,4837,3401,2027-01-16,2026-10-02
610.0,10,0,2027-01-16,2026-10-02
610.0,944,810,2027-01-16,2026-10-02
620.0,1167,1732,2027-01-16,2026-10-02
630.0,1561,481,2027-01-16,2026-10-02
640.0,0,0,2027-01-16,2026-10-02
640.0,556,687,2027-01-16,2026-10-02
650.0,3489,3110,2027-01-16,2026-10-02
660.0,1336,633,2027-01-16,2026-10-02
670.0,242,354,2027-01-16,2026-10-02
680.0,1330,747,2027-01-16,2026-10-02
690.0,1445,1013,2027-01-16,2026-10-02
700.0,14,0,2027-01-16,2026-10-02
700.0,4414,6455,2027-01-16,2026-10-02
710.0,1218,686,2027-01-16,2026-10-02
720.0,0,0,2027-01-16,2026-10-02
720.0,1134,2273,2027-01-16,2026-10-02
730.0,331,637,2027-01-16,2026-10-02
740.0,3975,389,2027-01-16,2026-10-02
750.0,3739,3803,2027-01-16,2026-10-02
760.0,404,657,2027-01-16,2026-10-02
770.0,5,0,2027-01-16,2026-10-02
770.0,469,564,2027-01-16,2026-10-02
780.0,745,1300,2027-01-16,2026-10-02
790.0,845,1135,2027-01-16,2026-10-02
800.0,4732,5606,2027-01-16,2026-10-02
810.0,499,414,2027-01-16,2026-10-02
820.0,582,731,2027-01-16,2026-10-02
830.0,955,2172,2027-01-16,2026-10-02
840.0,1332,794,2027-01-16,2026-10-02
850.0,2917,4093,2027-01-16,2026-10-02
851.0,650,650,2027-01-16,2026-10-02
860.0,527,600,2027-01-16,2026-10-02
870.0,606,1633,2027-01-16,2026-10-02
880.0,5,0,2027-01-16,2026-10-02
880.0,673,987,2027-01-16,2026-10-02
890.0,606,1055,2027-01-16,2026-10-02
900.0,10,0,2027-01-16,2026-10-02
900.0,5763,3161,2027-01-16,2026-10-02
910.0,0,0,2027-01-16,2026-10-02
910.0,2081,412,2027-01-16,2026-10-02
920.0,709,1022,2027-01-16,2026-10-02
930.0,861,944,2027-01-16,2026-10-02
940.0,568,719,2027-01-16,2026-10-02
950.0,4215,2393,2027-01-16,2026-10-02
960.0,760,857,2027-01-16,2026-10-02
970.0,429,424,2027-01-16,2026-10-02
980.0,669,662,2027-01-16,2026-10-02
990.0,309,577,2027-01-16,2026-10-02
1000.0,0,0,2027-01-16,2026-10-02
1000.0,7899,6572,2027-01-16,2026-10-02
1010.0,0,0,2027-01-16,2026-10-02
1010.0,512,530,2027-01-16,2026-10-02
1020.0,717,324,2027-01-16,2026-10-02
1030.0,660,589,2027-01-16,2026-10-02
1040.0,690,221,2027-01-16,2026-10-02
1050.0,3381,1368,2027-01-16,2026-10-02
1060.0,633,612,2027-01-16,2026-10-02
1070.0,781,387,2027-01-16,2026-10-02
1080.0,780,171,2027-01-16,2026-10-02
1090.0,1109,192,2027-01-16,2026-10-02
1100.0,1008,1000,2027-01-16,2026-10-02
1100.0,3944,1660,2027-01-16,2026-10-02
1110.0,369,120,2027-01-16,2026-10-02
1120.0,414,243,2027-01-16,2026-10-02
1130.0,425,137,2027-01-16,2026-10-02
1140.0,415,118,2027-01-16,2026-10-02
1150.0,4025,188,2027-01-16,2026-10-02
1160.0,454,71,2027-01-16,2026-10-02
1170.0,466,144,2027-01-16,2026-10-02
1180.0,989,70,2027-01-16,2026-10-02
1190.0,507,135,2027-01-16,2026-10-02
1200.0,2,0,2027-01-16,2026-10-02
1200.0,6275,1369,2027-01-16,2026-10-02
1210.0,488,47,2027-01-16,2026-10-02
1220.0,1068,59,2027-01-16,2026-10-02
1230.0,388,33,2027-01-16,2026-10-02
1240.0,490,451,2027-01-16,2026-10-02
1250.0,3368,72,2027-01-16,2026-10-02
1260.0,1407,74,2027-01-16,2026-10-02
1270.0,264,51,2027-01-16,2026-10-02
1280.0,634,96,2027-01-16,2026-10-02
1290.0,302,29,2027-01-16,2026-10-02
1300.0,7982,149,2027-01-16,2026-10-02
1310.0,423,28,2027-01-16,2026-10-02
1320.0,644,40,2027-01-16,2026-10-02
1330.0,178,77,2027-01-16,2026-10-02
1340.0,1589,31,2027-01-16,2026-10-02
1350.0,2111,25,2027-01-16,2026-10-02
1360.0,1048,55,2027-01-16,2026-10-02
1370.0,305,29,2027-01-16,2026-10-02
1380.0,859,81,2027-01-16,2026-10-02
1390.0,414,65,2027-01-16,2026-10-02
1400.0,5381,278,2027-01-16,2026-10-02
1410.0,873,89,2027-01-16,2026-10-02
1420.0,706,44,2027-01-16,2026-10-02
1430.0,225,14,2027-01-16,2026-10-02
1440.0,565,71,2027-01-16,2026-10-02
1450.0,456,67,2027-01-16,2026-10-02
1460.0,628,19,2027-01-16,2026-10-02
1470.0,475,68,2027-01-16,2026-10-02
1480.0,843,159,2027-01-16,2026-10-02
1490.0,686,13,2027-01-16,2026-10-02
1500.0,11,0,2027-01-16,2026-10-02
1500.0,5912,424,2027-01-16,2026-10-02
1503.0,5,0,2027-01-16,2026-10-02
1510.0,240,10,2027-01-16,2026-10-02
1520.0,265,7,2027-01-16,2026-10-02
1530.0,225,2,2027-01-16,2026-10-02
1540.0,693,11,2027-01-16,2026-10-02
1550.0,740,3,2027-01-16,2026-10-02
1560.0,523,3,2027-01-16,2026-10-02
1570.0,647,2,2027-01-16,2026-10-02
1580.0,479,7,2027-01-16,2026-10-02
1590.0,430,2,2027-01-16,2026-10-02
1600.0,2485,23,2027-01-16,2026-10-02
1610.0,522,5,2027-01-16,2026-10-02
1620.0,435,6,2027-01-16,2026-10-02
1630.0,821,91,2027-01-16,2026-10-02
1640.0,87,25,2027-01-16,2026-10-02
1650.0,804,144,2027-01-16,2026-10-02
1660.0,319,6,2027-01-16,2026-10-02
1670.0,523,4,2027-01-16,2026-10-02
1680.0,264,15,2027-01-16,2026-10-02
1690.0,303,9,2027-01-16,2026-10-02
1700.0,1520,37,2027-01-16,2026-10-02
1710.0,370,6,2027-01-16,2026-10-02
1720.0,302,7,2027-01-16,2026-10-02
1730.0,223,1,2027-01-16,2026-10-02
1740.0,207,2,2027-01-16,2026-10-02
1750.0,1034,4,2027-01-16,2026-10-02
1760.0,519,40,2027-01-16,2026-10-02
1770.0,316,1,2027-01-16,2026-10-02
1780.0,249,1,2027-01-16,2026-10-02
1790.0,404,7,2027-01-16,2026-10-02
1800.0,1983,2,2027-01-16,2026-10-02
1810.0,615,4,2027-01-16,2026-10-02
1820.0,252,1,2027-01-16,2026-10-02
1830.0,1150,42,2027-01-16,2026-10-02
1840.0,161,7,2027-01-16,2026-10-02
1850.0,497,1,2027-01-16,2026-10-02
1860.0,106,5,2027-01-16,2026-10-02
1870.0,105,0,2027-01-16,2026-10-02
1880.0,127,1,2027-01-16,2026-10-02
1890.0,76,0,2027-01-16,2026-10-02
1900.0,1383,5,2027-01-16,2026-10-02
1910.0,686,1,2027-01-16,2026-10-02
1920.0,265,0,2027-01-16,2026-10-02
1930.0,110,0,2027-01-16,2026-10-02
1940.0,170,0,2027-01-16,2026-10-02
1950.0,866,0,2027-01-16,2026-10-02
1960.0,267,0,2027-01-16,2026-10-02
1970.0,128,0,2027-01-16,2026-10-02
1980.0,346,0,2027-01-16,2026-10-02
1990.0,193,1,2027-01-16,2026-10-02
2000.0,2720,0,2027-01-16,2026-10-02
2010.0,147,0,2027-01-16,2026-10-02
2020.0,313,0,2027-01-16,2026-10-02
2030.0,179,0,2027-01-16,2026-10-02
2040.0,75,0,2027-01-16,2026-10-02
2050.0,792,0,2027-01-16,2026-10-02
2060.0,221,0,2027-01-16,2026-10-02
2070.0,143,0,2027-01-16,2026-10-02
2080.0,234,0,2027-01-16,2026-10-02
2090.0,225,0,2027-01-16,2026-10-02
2100.0,567,0,2027-01-16,2026-10-02
2110.0,146,0,2027-01-16,2026-10-02
2120.0,123,0,2027-01-16,2026-10-02
2130.0,88,0,2027-01-16,2026-10-02
2140.0,38,0,2027-01-16,2026-10-02
2150.0,1340,0,2027-01-16,2026-10-02
2160.0,172,0,2027-01-16,2026-10-02
2170.0,1506,0,2027-01-16,2026-10-02
2180.0,178,0,2027-01-16,2026-10-02
2190.0,136,0,2027-01-16,2026-10-02
2200.0,466,0,2027-01-16,2026-10-02
2210.0,548,0,2027-01-16,2026-10-02
2220.0,96,0,2027-01-16,2026-10-02
2230.0,53,0,2027-01-16,2026-10-02
2240.0,51,0,2027-01-16,2026-10-02
2250.0,344,0,2027-01-16,2026-10-02
2260.0,147,0,2027-01-16,2026-10-02
2270.0,167,0,2027-01-16,2026-10-02
2280.0,126,0,2027-01-16,2026-10-02
2290.0,163,0,2027-01-16,2026-10-02
2300.0,115,0,2027-01-16,2026-10-02
2310.0,166,0,2027-01-16,2026-10-02
2320.0,207,0,2027-01-16,2026-10-02
2330.0,64,0,2027-01-16,2026-10-02
2340.0,135,0,2027-01-16,2026-10-02
2350.0,156,0,2027-01-16,2026-10-02
2360.0,233,0,2027-01-16,2026-10-02
2370.0,233,0,2027-01-16,2026-10-02
2380.0,152,0,2027-01-16,2026-10-02
2390.0,232,0,2027-01-16,2026-10-02
2400.0,861,0,2027-01-16,2026-10-02
2410.0,145,0,2027-01-16,2026-10-02
2420.0,350,0,2027-01-16,2026-10-02
2440.0,199,0,2027-01-16,2026-10-02
2460.0,212,0,2027-01-16,2026-10-02
2480.0,375,0,2027-01-16,2026-10-02
2500.0,4373,0,2027-01-16,2026-10-02
50.0,1,50,2027-02-20,2026-10-02
55.0,1,50,2027-02-20,2026-10-02
60.0,0,303,2027-02-20,2026-10-02
65.0,0,1,2027-02-20,2026-10-02
70.0,0,0,2027-02-20,2026-10-02
75.0,0,201,2027-02-20,2026-10-02
80.0,0,202,2027-02-20,2026-10-02
85.0,0,407,2027-02-20,2026-10-02
90.0,0,1426,2027-02-20,2026-10-02
95.0,0,501,2027-02-20,2026-10-02
100.0,0,792,2027-02-20,2026-10-02
105.0,1,300,2027-02-20,2026-10-02
110.0,1,350,2027-02-20,2026-10-02
115.0,0,619,2027-02-20,2026-10-02
120.0,1,729,2027-02-20,2026-10-02
125.0,0,442,2027-02-20,2026-10-02
130.0,1,4065,2027-02-20,2026-10-02
135.0,1,700,2027-02-20,2026-10-02
140.0,0,154,2027-02-20,2026-10-02
145.0,0,9,2027-02-20,2026-10-02
150.0,0,53,2027-02-20,2026-10-02
155.0,0,7,2027-02-20,2026-10-02
160.0,0,0,2027-02-20,2026-10-02
165.0,0,2,2027-02-20,2026-10-02
170.0,0,5,2027-02-20,2026-10-02
175.0,72,3,2027-02-20,2026-10-02
180.0,0,86,2027-02-20,2026-10-02
185.0,1,37,2027-02-20,2026-10-02
190.0,1,8,2027-02-20,2026-10-02
195.0,0,18,2027-02-20,2026-10-02
200.0,0,79,2027-02-20,2026-10-02
210.0,0,161,2027-02-20,2026-10-02
220.0,0,28,2027-02-20,2026-10-02
230.0,1,132,2027-02-20,2026-10-02
240.0,0,43,2027-02-20,2026-10-02
250.0,1,56,2027-02-20,2026-10-02
260.0,0,214,2027-02-20,2026-10-02
270.0,3,166,2027-02-20,2026-10-02
280.0,3,41,2027-02-20,2026-10-02
290.0,1,48,2027-02-20,2026-10-02
300.0,31,80,2027-02-20,2026-10-02
310.0,9,30,2027-02-20,2026-10-02
320.0,5,19,2027-02-20,2026-10-02
330.0,1,108,2027-02-20,2026-10-02
340.0,1,30,2027-02-20,2026-10-02
350.0,21,349,2027-02-20,2026-10-02
360.0,0,2,2027-02-20,2026-10-02
360.0,5,125,2027-02-20,2026-10-02
370.0,2,65,2027-02-20,2026-10-02
380.0,10,166,2027-02-20,2026-10-02
390.0,1,113,2027-02-20,2026-10-02
400.0,55,513,2027-02-20,2026-10-02
410.0,6,77,2027-02-20,2026-10-02
420.0,2,243,2027-02-20,2026-10-02
430.0,3,233,2027-02-20,2026-10-02
440.0,6,111,2027-02-20,2026-10-02
450.0,9,1162,2027-02-20,2026-10-02
460.0,11,237,2027-02-20,2026-10-02
470.0,2,177,2027-02-20,2026-10-02
480.0,3,174,2027-02-20,2026-10-02
490.0,2,0,2027-02-20,2026-10-02
490.0,2,330,2027-02-20,2026-10-02
500.0,95,1108,2027-02-20,2026-10-02
510.0,9,185,2027-02-20,2026-10-02
520.0,82,126,2027-02-20,2026-10-02
530.0,6,522,2027-02-20,2026-10-02
540.0,25,281,2027-02-20,2026-10-02
550.0,8,765,2027-02-20,2026-10-02
560.0,11,316,2027-02-20,2026-10-02
570.0,18,748,2027-02-20,2026-10-02
580.0,25,82,2027-02-20,2026-10-02
590.0,18,177,2027-02-20,2026-10-02
600.0,30,1263,2027-02-20,2026-10-02
610.0,12,107,2027-02-20,2026-10-02
620.0,32,537,2027-02-20,2026-10-02
630.0,55,131,2027-02-20,2026-10-02
640.0,55,128,2027-02-20,2026-10-02
650.0,24,491,2027-02-20,2026-10-02
660.0,2,266,2027-02-20,2026-10-02
670.0,4,424,2027-02-20,2026-10-02
680.0,12,286,2027-02-20,2026-10-02
690.0,27,227,2027-02-20,2026-10-02
700.0,87,1442,2027-02-20,2026-10-02
710.0,30,557,2027-02-20,2026-10-02
720.0,12,474,2027-02-20,2026-10-02
730.0,7,261,2027-02-20,2026-10-02
740.0,38,180,2027-02-20,2026-10-02
750.0,81,1081,2027-02-20,2026-10-02
760.0,49,422,2027-02-20,2026-10-02
770.0,286,198,2027-02-20,2026-10-02
780.0,180,310,2027-02-20,2026-10-02
790.0,29,661,2027-02-20,2026-10-02
800.0,120,978,2027-02-20,2026-10-02
810.0,92,337,2027-02-20,2026-10-02
820.0,257,297,2027-02-20,2026-10-02
830.0,366,331,2027-02-20,2026-10-02
840.0,95,791,2027-02-20,2026-10-02
850.0,778,1327,2027-02-20,2026-10-02
860.0,237,424,2027-02-20,2026-10-02
870.0,146,623,2027-02-20,2026-10-02
880.0,81,198,2027-02-20,2026-10-02
890.0,126,218,2027-02-20,2026-10-02
900.0,421,932,2027-02-20,2026-10-02
910.0,420,149,2027-02-20,2026-10-02
920.0,292,291,2027-02-20,2026-10-02
930.0,163,189,2027-02-20,2026-10-02
940.0,392,277,2027-02-20,2026-10-02
950.0,6500,6500,2027-02-20,2026-10-02
950.0,402,207,2027-02-20,2026-10-02
960.0,612,128,2027-02-20,2026-10-02
970.0,234,118,2027-02-20,2026-10-02
980.0,252,132,2027-02-20,2026-10-02
990.0,66,386,2027-02-20,2026-10-02
1000.0,716,419,2027-02-20,2026-10-02
1010.0,225,142,2027-02-20,2026-10-02
1020.0,224,36,2027-02-20,2026-10-02
1030.0,154,113,2027-02-20,2026-10-02
1040.0,128,96,2027-02-20,2026-10-02
1050.0,114,245,2027-02-20,2026-10-02
1060.0,10000,10000,2027-02-20,2026-10-02
1060.0,104,103,2027-02-20,2026-10-02
1070.0,224,132,2027-02-20,2026-10-02
1080.0,115,112,2027-02-20,2026-10-02
1090.0,108,57,2027-02-20,2026-10-02
1100.0,594,109,2027-02-20,2026-10-02
1110.0,270,18,2027-02-20,2026-10-02
1120.0,200,80,2027-02-20,2026-10-02
1130.0,185,49,2027-02-20,2026-10-02
1140.0,167,72,2027-02-20,2026-10-02
1150.0,164,88,2027-02-20,2026-10-02
1160.0,205,11,2027-02-20,2026-10-02
1170.0,151,45,2027-02-20,2026-10-02
1180.0,323,36,2027-02-20,2026-10-02
1190.0,193,35,2027-02-20,2026-10-02
1200.0,1215,56,2027-02-20,2026-10-02
1210.0,106,5,2027-02-20,2026-10-02
1220.0,172,62,2027-02-20,2026-10-02
1230.0,133,6,2027-02-20,2026-10-02
1240.0,147,6,2027-02-20,2026-10-02
1250.0,627,7,2027-02-20,2026-10-02
1260.0,236,2,2027-02-20,2026-10-02
1270.0,200,3,2027-02-20,2026-10-02
1280.0,208,64,2027-02-20,2026-10-02
1290.0,212,3,2027-02-20,2026-10-02
1300.0,305,24,2027-02-20,2026-10-02
1310.0,327,2,2027-02-20,2026-10-02
1320.0,182,0,2027-02-20,2026-10-02
1330.0,199,12,2027-02-20,2026-10-02
1340.0,76,1,2027-02-20,2026-10-02
1350.0,247,1,2027-02-20,2026-10-02
1360.0,455,2,2027-02-20,2026-10-02
1370.0,111,50,2027-02-20,2026-10-02
1380.0,144,6,2027-02-20,2026-10-02
1390.0,134,1,2027-02-20,2026-10-02
1400.0,474,71,2027-02-20,2026-10-02
1410.0,117,3,2027-02-20,2026-10-02
1420.0,123,0,2027-02-20,2026-10-02
1430.0,59,1,2027-02-20,2026-10-02
1440.0,441,0,2027-02-20,2026-10-02
1450.0,200,6,2027-02-20,2026-10-02
1460.0,164,2,2027-02-20,2026-10-02
1470.0,210,4,2027-02-20,2026-10-02
1480.0,272,105,2027-02-20,2026-10-02
1490.0,153,2,2027-02-20,2026-10-02
1500.0,738,91,2027-02-20,2026-10-02
1510.0,157,15,2027-02-20,2026-10-02
1520.0,424,0,2027-02-20,2026-10-02
1530.0,268,1,2027-02-20,2026-10-02
1540.0,206,0,2027-02-20,2026-10-02
1550.0,208,0,2027-02-20,2026-10-02
1560.0,81,0,2027-02-20,2026-10-02
1570.0,444,0,2027-02-20,2026-10-02
1580.0,253,0,2027-02-20,2026-10-02
1590.0,141,0,2027-02-20,2026-10-02
1600.0,270,0,2027-02-20,2026-10-02
1610.0,81,26,2027-02-20,2026-10-02
1620.0,203,0,2027-02-20,2026-10-02
1630.0,514,0,2027-02-20,2026-10-02
1640.0,192,1,2027-02-20,2026-10-02
1650.0,223,0,2027-02-20,2026-10-02
1660.0,115,7,2027-02-20,2026-10-02
1670.0,152,0,2027-02-20,2026-10-02
1680.0,140,0,2027-02-20,2026-10-02
1690.0,98,0,2027-02-20,2026-10-02
1700.0,535,4,2027-02-20,2026-10-02
1710.0,136,1,2027-02-20,2026-10-02
1720.0,211,1,2027-02-20,2026-10-02
1730.0,392,0,2027-02-20,2026-10-02
1740.0,221,0,2027-02-20,2026-10-02
1750.0,161,1,2027-02-20,2026-10-02
1760.0,37,0,2027-02-20,2026-10-02
1770.0,106,0,2027-02-20,2026-10-02
1780.0,384,0,2027-02-20,2026-10-02
1790.0,180,0,2027-02-20,2026-10-02
1800.0,238,0,2027-02-20,2026-10-02
1810.0,16,0,2027-02-20,2026-10-02
1820.0,181,0,2027-02-20,2026-10-02
1830.0,241,0,2027-02-20,2026-10-02
1840.0,31,0,2027-02-20,2026-10-02
1850.0,259,0,2027-02-20,2026-10-02
1860.0,159,0,2027-02-20,2026-10-02
1870.0,134,0,2027-02-20,2026-10-02
1880.0,72,0,2027-02-20,2026-10-02
1890.0,670,0,2027-02-20,2026-10-02
1900.0,129,21,2027-02-20,2026-10-02
1910.0,50,0,2027-02-20,2026-10-02
1920.0,73,1,2027-02-20,2026-10-02
1930.0,118,0,2027-02-20,2026-10-02
1940.0,98,0,2027-02-20,2026-10-02
1950.0,948,0,2027-02-20,2026-10-02
1960.0,122,0,2027-02-20,2026-10-02
1970.0,204,0,2027-02-20,2026-10-02
1980.0,158,0,2027-02-20,2026-10-02
1990.0,143,0,2027-02-20,2026-10-02
2000.0,221,1,2027-02-20,2026-10-02
2010.0,50,0,2027-02-20,2026-10-02
2020.0,322,0,2027-02-20,2026-10-02
2030.0,267,0,2027-02-20,2026-10-02
2040.0,273,0,2027-02-20,2026-10-02
2050.0,268,0,2027-02-20,2026-10-02
2060.0,382,0,2027-02-20,2026-10-02
2070.0,180,0,2027-02-20,2026-10-02
2080.0,215,0,2027-02-20,2026-10-02
2090.0,397,0,2027-02-20,2026-10-02
2100.0,360,0,2027-02-20,2026-10-02
2110.0,501,0,2027-02-20,2026-10-02
2120.0,408,0,2027-02-20,2026-10-02
5.0,631,845,2027-03-20,2026-10-02
10.0,115,121,2027-03-20,2026-10-02
15.0,12,162,2027-03-20,2026-10-02
20.0,0,26,2027-03-20,2026-10-02
25.0,0,10,2027-03-20,2026-10-02
30.0,1,0,2027-03-20,2026-10-02
35.0,0,7,2027-03-20,2026-10-02
40.0,1,1160,2027-03-20,2026-10-02
45.0,27,430,2027-03-20,2026-10-02
50.0,12,20,2027-03-20,2026-10-02
55.0,1,80,2027-03-20,2026-10-02
60.0,3,59,2027-03-20,2026-10-02
65.0,1,47,2027-03-20,2026-10-02
70.0,1,22,2027-03-20,2026-10-02
75.0,0,19,2027-03-20,2026-10-02
80.0,0,50,2027-03-20,2026-10-02
85.0,16,34,2027-03-20,2026-10-02
90.0,40,46,2027-03-20,2026-10-02
95.0,61,58,2027-03-20,2026-10-02
100.0,61,81,2027-03-20,2026-10-02
105.0,11,122,2027-03-20,2026-10-02
110.0,10,721,2027-03-20,2026-10-02
115.0,4,200,2027-03-20,2026-10-02
120.0,20,132,2027-03-20,2026-10-02
125.0,24,717,2027-03-20,2026-10-02
130.0,4,125,2027-03-20,2026-10-02
135.0,7,164,2027-03-20,2026-10-02
140.0,10,54,2027-03-20,2026-10-02
145.0,5,75,2027-03-20,2026-10-02
150.0,147,717,2027-03-20,2026-10-02
155.0,2,96,2027-03-20,2026-10-02
160.0,6,117,2027-03-20,2026-10-02
165.0,11,35,2027-03-20,2026-10-02
170.0,11,133,2027-03-20,2026-10-02
175.0,1,141,2027-03-20,2026-10-02
180.0,10,187,2027-03-20,2026-10-02
185.0,16,520,2027-03-20,2026-10-02
190.0,13,195,2027-03-20,2026-10-02
195.0,9,1611,2027-03-20,2026-10-02
200.0,48,311,2027-03-20,2026-10-02
210.0,71,319,2027-03-20,2026-10-02
220.0,93,382,2027-03-20,2026-10-02
230.0,62,492,2027-03-20,2026-10-02
240.0,24,837,2027-03-20,2026-10-02
250.0,89,1406,2027-03-20,2026-10-02
260.0,135,970,2027-03-20,2026-10-02
270.0,20,600,2027-03-20,2026-10-02
280.0,45,445,2027-03-20,2026-10-02
290.0,159,727,2027-03-20,2026-10-02
300.0,151,1264,2027-03-20,2026-10-02
310.0,98,984,2027-03-20,2026-10-02
320.0,40,388,2027-03-20,2026-10-02
330.0,66,519,2027-03-20,2026-10-02
340.0,80,1666,2027-03-20,2026-10-02
350.0,269,1274,2027-03-20,2026-10-02
360.0,260,384,2027-03-20,2026-10-02
370.0,187,292,2027-03-20,2026-10-02
380.0,443,179,2027-03-20,2026-10-02
390.0,490,546,2027-03-20,2026-10-02
400.0,434,2212,2027-03-20,2026-10-02
410.0,80,233,2027-03-20,2026-10-02
420.0,134,878,2027-03-20,2026-10-02
430.0,343,684,2027-03-20,2026-10-02
440.0,107,366,2027-03-20,2026-10-02
450.0,531,1693,2027-03-20,2026-10-02
460.0,162,1726,2027-03-20,2026-10-02
470.0,159,1259,2027-03-20,2026-10-02
480.0,261,389,2027-03-20,2026-10-02
490.0,155,402,2027-03-20,2026-10-02
500.0,702,1916,2027-03-20,2026-10-02
510.0,215,286,2027-03-20,2026-10-02
520.0,3482,620,2027-03-20,2026-10-02
530.0,340,348,2027-03-20,2026-10-02
540.0,295,220,2027-03-20,2026-10-02
550.0,800,1200,2027-03-20,2026-10-02
560.0,321,1651,2027-03-20,2026-10-02
570.0,180,451,2027-03-20,2026-10-02
580.0,183,948,2027-03-20,2026-10-02
590.0,185,358,2027-03-20,2026-10-02
600.0,964,1830,2027-03-20,2026-10-02
610.0,170,411,2027-03-20,2026-10-02
620.0,234,420,2027-03-20,2026-10-02
630.0,123,1544,2027-03-20,2026-10-02
640.0,168,868,2027-03-20,2026-10-02
650.0,1009,2098,2027-03-20,2026-10-02
660.0,288,1667,2027-03-20,2026-10-02
670.0,675,563,2027-03-20,2026-10-02
680.0,188,556,2027-03-20,2026-10-02
690.0,219,626,2027-03-20,2026-10-02
700.0,664,3771,2027-03-20,2026-10-02
710.0,602,238,2027-03-20,2026-10-02
720.0,1337,351,2027-03-20,2026-10-02
730.0,144,880,2027-03-20,2026-10-02
740.0,561,424,2027-03-20,2026-10-02
750.0,589,2770,2027-03-20,2026-10-02
760.0,0,20,2027-03-20,2026-10-02
760.0,222,801,2027-03-20,2026-10-02
770.0,522,621,2027-03-20,2026-10-02
780.0,185,556,2027-03-20,2026-10-02
790.0,125,837,2027-03-20,2026-10-02
800.0,1828,4860,2027-03-20,2026-10-02
810.0,245,570,2027-03-20,2026-10-02
820.0,187,1239,2027-03-20,2026-10-02
830.0,562,363,2027-03-20,2026-10-02
840.0,233,522,2027-03-20,2026-10-02
850.0,892,2216,2027-03-20,2026-10-02
860.0,183,864,2027-03-20,2026-10-02
870.0,401,494,2027-03-20,2026-10-02
880.0,490,628,2027-03-20,2026-10-02
890.0,195,250,2027-03-20,2026-10-02
900.0,1242,2671,2027-03-20,2026-10-02
910.0,210,390,2027-03-20,2026-10-02
920.0,1033,170,2027-03-20,2026-10-02
930.0,131,231,2027-03-20,2026-10-02
940.0,321,440,2027-03-20,2026-10-02
950.0,1000,1000,2027-03-20,2026-10-02
950.0,865,697,2027-03-20,2026-10-02
960.0,798,316,2027-03-20,2026-10-02
970.0,632,274,2027-03-20,2026-10-02
980.0,342,242,2027-03-20,2026-10-02
990.0,311,184,2027-03-20,2026-10-02
1000.0,2410,904,2027-03-20,2026-10-02
1010.0,619,207,2027-03-20,2026-10-02
1020.0,776,552,2027-03-20,2026-10-02
1030.0,511,158,2027-03-20,2026-10-02
1040.0,437,296,2027-03-20,2026-10-02
1050.0,2168,571,2027-03-20,2026-10-02
1060.0,455,360,2027-03-20,2026-10-02
1070.0,285,308,2027-03-20,2026-10-02
1080.0,960,311,2027-03-20,2026-10-02
1090.0,294,128,2027-03-20,2026-10-02
1100.0,10,0,2027-03-20,2026-10-02
1100.0,1072,369,2027-03-20,2026-10-02
1110.0,347,98,2027-03-20,2026-10-02
1120.0,266,58,2027-03-20,2026-10-02
1130.0,235,87,2027-03-20,2026-10-02
1140.0,193,94,2027-03-20,2026-10-02
1150.0,1123,108,2027-03-20,2026-10-02
1160.0,311,37,2027-03-20,2026-10-02
1170.0,69,152,2027-03-20,2026-10-02
1180.0,412,72,2027-03-20,2026-10-02
1190.0,170,53,2027-03-20,2026-10-02
1200.0,1930,429,2027-03-20,2026-10-02
1210.0,187,40,2027-03-20,2026-10-02
1220.0,553,42,2027-03-20,2026-10-02
1230.0,83,15,2027-03-20,2026-10-02
1240.0,568,43,2027-03-20,2026-10-02
1250.0,576,315,2027-03-20,2026-10-02
1260.0,322,17,2027-03-20,2026-10-02
1270.0,240,43,2027-03-20,2026-10-02
1280.0,641,35,2027-03-20,2026-10-02
1290.0,94,10,2027-03-20,2026-10-02
1300.0,3224,26,2027-03-20,2026-10-02
1310.0,536,41,2027-03-20,2026-10-02
1320.0,497,15,2027-03-20,2026-10-02
1330.0,137,48,2027-03-20,2026-10-02
1340.0,478,88,2027-03-20,2026-10-02
1350.0,922,86,2027-03-20,2026-10-02
1360.0,708,14,2027-03-20,2026-10-02
1370.0,272,40,2027-03-20,2026-10-02
1380.0,10,0,2027-03-20,2026-10-02
1380.0,132,13,2027-03-20,2026-10-02
1390.0,0,0,2027-03-20,2026-10-02
1390.0,324,9,2027-03-20,2026-10-02
1400.0,10,0,2027-03-20,2026-10-02
1400.0,3319,17,2027-03-20,2026-10-02
1410.0,20,0,2027-03-20,2026-10-02
1410.0,346,45,2027-03-20,2026-10-02
1420.0,595,20,2027-03-20,2026-10-02
1430.0,254,44,2027-03-20,2026-10-02
1440.0,10,0,2027-03-20,2026-10-02
1440.0,241,14,2027-03-20,2026-10-02
1450.0,339,39,2027-03-20,2026-10-02
1460.0,224,28,2027-03-20,2026-10-02
1470.0,142,45,2027-03-20,2026-10-02
1480.0,480,13,2027-03-20,2026-10-02
1490.0,415,11,2027-03-20,2026-10-02
1500.0,2333,82,2027-03-20,2026-10-02
1510.0,526,12,2027-03-20,2026-10-02
1520.0,206,3,2027-03-20,2026-10-02
1530.0,634,30,2027-03-20,2026-10-02
1540.0,239,49,2027-03-20,2026-10-02
1550.0,213,65,2027-03-20,2026-10-02
1560.0,394,8,2027-03-20,2026-10-02
1570.0,192,6,2027-03-20,2026-10-02
1580.0,254,32,2027-03-20,2026-10-02
1590.0,601,38,2027-03-20,2026-10-02
1600.0,0,0,2027-03-20,2026-10-02
1600.0,589,13,2027-03-20,2026-10-02
1610.0,134,8,2027-03-20,2026-10-02
1620.0,334,74,2027-03-20,2026-10-02
1630.0,573,85,2027-03-20,2026-10-02
1640.0,147,1,2027-03-20,2026-10-02
1650.0,114,21,2027-03-20,2026-10-02
1660.0,702,22,2027-03-20,2026-10-02
1670.0,200,7,2027-03-20,2026-10-02
1680.0,350,3,2027-03-20,2026-10-02
1690.0,253,3,2027-03-20,2026-10-02
1700.0,447,2,2027-03-20,2026-10-02
1710.0,138,19,2027-03-20,2026-10-02
1720.0,281,4,2027-03-20,2026-10-02
1730.0,158,2,2027-03-20,2026-10-02
1740.0,243,5,2027-03-20,2026-10-02
1750.0,263,20,2027-03-20,2026-10-02
1760.0,395,2,2027-03-20,2026-10-02
1770.0,387,0,2027-03-20,2026-10-02
1780.0,138,4,2027-03-20,2026-10-02
1790.0,203,23,2027-03-20,2026-10-02
1800.0,593,28,2027-03-20,2026-10-02
1810.0,185,25,2027-03-20,2026-10-02
1820.0,138,0,2027-03-20,2026-10-02
1830.0,273,101,2027-03-20,2026-10-02
1840.0,53,0,2027-03-20,2026-10-02
1850.0,100,132,2027-03-20,2026-10-02
1860.0,180,5,2027-03-20,2026-10-02
1870.0,72,30,2027-03-20,2026-10-02
1880.0,105,23,2027-03-20,2026-10-02
1890.0,362,2,2027-03-20,2026-10-02
1900.0,832,8,2027-03-20,2026-10-02
1910.0,396,48,2027-03-20,2026-10-02
1920.0,116,4,2027-03-20,2026-10-02
1930.0,82,3,2027-03-20,2026-10-02
1940.0,164,0,2027-03-20,2026-10-02
1950.0,269,14,2027-03-20,2026-10-02
1960.0,200,0,2027-03-20,2026-10-02
1970.0,127,2,2027-03-20,2026-10-02
1980.0,216,0,2027-03-20,2026-10-02
1990.0,101,1,2027-03-20,2026-10-02
2000.0,1023,8,2027-03-20,2026-10-02
2010.0,67,3,2027-03-20,2026-10-02
2020.0,184,0,2027-03-20,2026-10-02
2030.0,199,0,2027-03-20,2026-10-02
2040.0,115,0,2027-03-20,2026-10-02
2050.0,157,0,2027-03-20,2026-10-02
2060.0,90,1,2027-03-20,2026-10-02
2070.0,120,2,2027-03-20,2026-10-02
2080.0,236,0,2027-03-20,2026-10-02
2090.0,181,2,2027-03-20,2026-10-02
2100.0,314,5,2027-03-20,2026-10-02
2110.0,109,0,2027-03-20,2026-10-02
2120.0,136,0,2027-03-20,2026-10-02
2130.0,91,0,2027-03-20,2026-10-02
2140.0,114,0,2027-03-20,2026-10-02
2150.0,266,0,2027-03-20,2026-10-02
2160.0,154,0,2027-03-20,2026-10-02
2170.0,451,0,2027-03-20,2026-10-02
2180.0,277,0,2027-03-20,2026-10-02
2190.0,190,0,2027-03-20,2026-10-02
2200.0,257,0,2027-03-20,2026-10-02
2210.0,24,0,2027-03-20,2026-10-02
2220.0,149,0,2027-03-20,2026-10-02
2230.0,75,0,2027-03-20,2026-10-02
2240.0,177,0,2027-03-20,2026-10-02
2250.0,194,0,2027-03-20,2026-10-02
2260.0,145,0,2027-03-20,2026-10-02
2270.0,49,0,2027-03-20,2026-10-02
2280.0,81,0,2027-03-20,2026-10-02
2290.0,56,0,2027-03-20,2026-10-02
2300.0,40,0,2027-03-20,2026-10-02
2310.0,33,0,2027-03-20,2026-10-02
2320.0,53,0,2027-03-20,2026-10-02
2330.0,24,0,2027-03-20,2026-10-02
2340.0,158,0,2027-03-20,2026-10-02
2350.0,234,0,2027-03-20,2026-10-02
2360.0,82,0,2027-03-20,2026-10-02
2370.0,84,0,2027-03-20,2026-10-02
2380.0,86,0,2027-03-20,2026-10-02
2390.0,296,0,2027-03-20,2026-10-02
2400.0,867,0,2027-03-20,2026-10-02
2410.0,494,0,2027-03-20,2026-10-02
2420.0,161,0,2027-03-20,2026-10-02
2440.0,98,0,2027-03-20,2026-10-02
2460.0,274,0,2027-03-20,2026-10-02
2480.0,303,0,2027-03-20,2026-10-02
2500.0,3812,0,2027-03-20,2026-10-02
305.67,0,25,2027-03-26,2026-10-02
284.37,0,55,2027-03-31,2026-10-02
470.0,3,307,2027-04-17,2026-10-02
480.0,0,214,2027-04-17,2026-10-02
490.0,0,0,2027-04-17,2026-10-02
490.0,1,857,2027-04-17,2026-10-02
500.0,7,269,2027-04-17,2026-10-02
520.0,1,156,2027-04-17,2026-10-02
540.0,3,614,2027-04-17,2026-10-02
560.0,3,174,2027-04-17,2026-10-02
580.0,2,287,2027-04-17,2026-10-02
600.0,13,534,2027-04-17,2026-10-02
620.0,4,250,2027-04-17,2026-10-02
640.0,8,364,2027-04-17,2026-10-02
660.0,2,545,2027-04-17,2026-10-02
680.0,21,381,2027-04-17,2026-10-02
700.0,37,306,2027-04-17,2026-10-02
720.0,4,276,2027-04-17,2026-10-02
740.0,7,400,2027-04-17,2026-10-02
760.0,2,588,2027-04-17,2026-10-02
780.0,55,413,2027-04-17,2026-10-02
790.0,4,550,2027-04-17,2026-10-02
800.0,304,1548,2027-04-17,2026-10-02
810.0,16,365,2027-04-17,2026-10-02
820.0,14,146,2027-04-17,2026-10-02
830.0,80,359,2027-04-17,2026-10-02
840.0,81,122,2027-04-17,2026-10-02
850.0,218,372,2027-04-17,2026-10-02
860.0,20,338,2027-04-17,2026-10-02
870.0,23,77,2027-04-17,2026-10-02
880.0,225,266,2027-04-17,2026-10-02
890.0,55,137,2027-04-17,2026-10-02
900.0,98,334,2027-04-17,2026-10-02
910.0,292,79,2027-04-17,2026-10-02
920.0,157,56,2027-04-17,2026-10-02
930.0,217,323,2027-04-17,2026-10-02
940.0,48,102,2027-04-17,2026-10-02
950.0,222,201,2027-04-17,2026-10-02
960.0,110,86,2027-04-17,2026-10-02
970.0,77,53,2027-04-17,2026-10-02
980.0,44,177,2027-04-17,2026-10-02
990.0,74,124,2027-04-17,2026-10-02
1000.0,365,276,2027-04-17,2026-10-02
1010.0,69,108,2027-04-17,2026-10-02
1020.0,280,304,2027-04-17,2026-10-02
1030.0,42,163,2027-04-17,2026-10-02
1040.0,113,348,2027-04-17,2026-10-02
1050.0,99,81,2027-04-17,2026-10-02
1060.0,227,184,2027-04-17,2026-10-02
1070.0,64,57,2027-04-17,2026-10-02
1080.0,85,60,2027-04-17,2026-10-02
1100.0,0,0,2027-04-17,2026-10-02
1100.0,421,327,2027-04-17,2026-10-02
1120.0,92,70,2027-04-17,2026-10-02
1140.0,103,9,2027-04-17,2026-10-02
1160.0,822,10,2027-04-17,2026-10-02
1180.0,34,59,2027-04-17,2026-10-02
1200.0,234,219,2027-04-17,2026-10-02
1220.0,137,110,2027-04-17,2026-10-02
1240.0,48,9,2027-04-17,2026-10-02
1260.0,113,12,2027-04-17,2026-10-02
1280.0,339,12,2027-04-17,2026-10-02
1300.0,822,13,2027-04-17,2026-10-02
1320.0,123,7,2027-04-17,2026-10-02
1340.0,232,51,2027-04-17,2026-10-02
1360.0,127,1,2027-04-17,2026-10-02
1380.0,66,1,2027-04-17,2026-10-02
1400.0,223,3,2027-04-17,2026-10-02
1420.0,74,1,2027-04-17,2026-10-02
1440.0,204,2,2027-04-17,2026-10-02
1460.0,457,0,2027-04-17,2026-10-02
1480.0,348,10,2027-04-17,2026-10-02
1500.0,167,11,2027-04-17,2026-10-02
1520.0,41,0,2027-04-17,2026-10-02
1540.0,22,0,2027-04-17,2026-10-02
1560.0,100,0,2027-04-17,2026-10-02
1580.0,58,1,2027-04-17,2026-10-02
1600.0,313,1,2027-04-17,2026-10-02
5.0,1611,2,2027-06-18,2026-10-02
10.0,5,2,2027-06-18,2026-10-02
15.0,28,3,2027-06-18,2026-10-02
20.0,0,11,2027-06-18,2026-10-02
25.0,7,35,2027-06-18,2026-10-02
30.0,1,2,2027-06-18,2026-10-02
35.0,32,2522,2027-06-18,2026-10-02
40.0,5,968,2027-06-18,2026-10-02
45.0,80,1235,2027-06-18,2026-10-02
50.0,55,84,2027-06-18,2026-10-02
55.0,68,664,2027-06-18,2026-10-02
60.0,117,1164,2027-06-18,2026-10-02
65.0,113,343,2027-06-18,2026-10-02
70.0,156,5133,2027-06-18,2026-10-02
75.0,116,747,2027-06-18,2026-10-02
80.0,245,400,2027-06-18,2026-10-02
85.0,153,1284,2027-06-18,2026-10-02
90.0,122,2089,2027-06-18,2026-10-02
95.0,134,966,2027-06-18,2026-10-02
100.0,305,417,2027-06-18,2026-10-02
105.0,252,243,2027-06-18,2026-10-02
110.0,265,558,2027-06-18,2026-10-02
115.0,196,288,2027-06-18,2026-10-02
120.0,429,358,2027-06-18,2026-10-02
125.0,143,150,2027-06-18,2026-10-02
130.0,463,535,2027-06-18,2026-10-02
135.0,288,103,2027-06-18,2026-10-02
140.0,2680,173,2027-06-18,2026-10-02
145.0,86,180,2027-06-18,2026-10-02
150.0,206,1394,2027-06-18,2026-10-02
155.0,172,162,2027-06-18,2026-10-02
160.0,110,337,2027-06-18,2026-10-02
165.0,185,218,2027-06-18,2026-10-02
170.0,132,273,2027-06-18,2026-10-02
175.0,118,209,2027-06-18,2026-10-02
180.0,115,442,2027-06-18,2026-10-02
185.0,225,124,2027-06-18,2026-10-02
190.0,122,100,2027-06-18,2026-10-02
195.0,89,132,2027-06-18,2026-10-02
200.0,405,1023,2027-06-18,2026-10-02
210.0,172,260,2027-06-18,2026-10-02
220.0,138,440,2027-06-18,2026-10-02
230.0,223,627,2027-06-18,2026-10-02
240.0,149,1005,2027-06-18,2026-10-02
250.0,429,2693,2027-06-18,2026-10-02
260.0,3855,316,2027-06-18,2026-10-02
270.0,94,597,2027-06-18,2026-10-02
280.0,69,549,2027-06-18,2026-10-02
290.0,662,636,2027-06-18,2026-10-02
300.0,623,3708,2027-06-18,2026-10-02
310.0,144,464,2027-06-18,2026-10-02
320.0,145,143,2027-06-18,2026-10-02
330.0,306,627,2027-06-18,2026-10-02
340.0,270,357,2027-06-18,2026-10-02
350.0,423,937,2027-06-18,2026-10-02
360.0,153,679,2027-06-18,2026-10-02
370.0,123,455,2027-06-18,2026-10-02
380.0,495,642,2027-06-18,2026-10-02
390.0,265,576,2027-06-18,2026-10-02
400.0,1115,4391,2027-06-18,2026-10-02
410.0,286,627,2027-06-18,2026-10-02
420.0,329,531,2027-06-18,2026-10-02
430.0,367,413,2027-06-18,2026-10-02
440.0,288,524,2027-06-18,2026-10-02
450.0,385,1333,2027-06-18,2026-10-02
460.0,161,335,2027-06-18,2026-10-02
470.0,737,846,2027-06-18,2026-10-02
480.0,427,367,2027-06-18,2026-10-02
490.0,300,709,2027-06-18,2026-10-02
500.0,1427,2753,2027-06-18,2026-10-02
510.0,676,760,2027-06-18,2026-10-02
520.0,266,317,2027-06-18,2026-10-02
530.0,30,0,2027-06-18,2026-10-02
530.0,368,351,2027-06-18,2026-10-02
540.0,1948,700,2027-06-18,2026-10-02
550.0,742,2512,2027-06-18,2026-10-02
560.0,465,607,2027-06-18,2026-10-02
570.0,266,272,2027-06-18,2026-10-02
580.0,353,948,2027-06-18,2026-10-02
590.0,221,1029,2027-06-18,2026-10-02
600.0,1399,4559,2027-06-18,2026-10-02
610.0,421,461,2027-06-18,2026-10-02
620.0,182,931,2027-06-18,2026-10-02
630.0,501,404,2027-06-18,2026-10-02
640.0,448,1181,2027-06-18,2026-10-02
650.0,1039,2815,2027-06-18,2026-10-02
660.0,265,292,2027-06-18,2026-10-02
670.0,273,337,2027-06-18,2026-10-02
680.0,399,786,2027-06-18,2026-10-02
690.0,2261,372,2027-06-18,2026-10-02
700.0,2442,2501,2027-06-18,2026-10-02
710.0,277,246,2027-06-18,2026-10-02
720.0,939,1202,2027-06-18,2026-10-02
730.0,441,428,2027-06-18,2026-10-02
740.0,2750,451,2027-06-18,2026-10-02
750.0,1671,3434,2027-06-18,2026-10-02
760.0,596,434,2027-06-18,2026-10-02
770.0,223,355,2027-06-18,2026-10-02
780.0,468,1732,2027-06-18,2026-10-02
790.0,1232,298,2027-06-18,2026-10-02
800.0,0,290,2027-06-18,2026-10-02
800.0,1849,3110,2027-06-18,2026-10-02
810.0,155,437,2027-06-18,2026-10-02
820.0,401,296,2027-06-18,2026-10-02
830.0,635,463,2027-06-18,2026-10-02
840.0,268,741,2027-06-18,2026-10-02
850.0,821,1556,2027-06-18,2026-10-02
860.0,281,322,2027-06-18,2026-10-02
870.0,1302,631,2027-06-18,2026-10-02
880.0,674,731,2027-06-18,2026-10-02
890.0,2078,475,2027-06-18,2026-10-02
900.0,3055,5420,2027-06-18,2026-10-02
910.0,1674,468,2027-06-18,2026-10-02
920.0,373,254,2027-06-18,2026-10-02
930.0,483,658,2027-06-18,2026-10-02
940.0,336,258,2027-06-18,2026-10-02
950.0,1297,1212,2027-06-18,2026-10-02
960.0,401,380,2027-06-18,2026-10-02
970.0,256,486,2027-06-18,2026-10-02
980.0,365,189,2027-06-18,2026-10-02
990.0,218,115,2027-06-18,2026-10-02
1000.0,2498,1596,2027-06-18,2026-10-02
1010.0,145,335,2027-06-18,2026-10-02
1020.0,289,75,2027-06-18,2026-10-02
1030.0,182,239,2027-06-18,2026-10-02
1040.0,222,95,2027-06-18,2026-10-02
1050.0,641,539,2027-06-18,2026-10-02
1060.0,744,691,2027-06-18,2026-10-02
1070.0,246,146,2027-06-18,2026-10-02
1080.0,482,165,2027-06-18,2026-10-02
1090.0,368,205,2027-06-18,2026-10-02
1100.0,2138,627,2027-06-18,2026-10-02
1110.0,256,149,2027-06-18,2026-10-02
1120.0,203,101,2027-06-18,2026-10-02
1130.0,107,53,2027-06-18,2026-10-02
1140.0,253,80,2027-06-18,2026-10-02
1150.0,746,1021,2027-06-18,2026-10-02
1160.0,368,37,2027-06-18,2026-10-02
1170.0,197,122,2027-06-18,2026-10-02
1180.0,308,119,2027-06-18,2026-10-02
1190.0,68,57,2027-06-18,2026-10-02
1200.0,2159,117,2027-06-18,2026-10-02
1210.0,1448,30,2027-06-18,2026-10-02
1220.0,204,47,2027-06-18,2026-10-02
1230.0,97,30,2027-06-18,2026-10-02
1240.0,334,106,2027-06-18,2026-10-02
1250.0,11,0,2027-06-18,2026-10-02
1250.0,868,526,2027-06-18,2026-10-02
1260.0,175,43,2027-06-18,2026-10-02
1270.0,99,31,2027-06-18,2026-10-02
1280.0,108,87,2027-06-18,2026-10-02
1290.0,534,114,2027-06-18,2026-10-02
1300.0,1427,285,2027-06-18,2026-10-02
1310.0,57,41,2027-06-18,2026-10-02
1320.0,210,79,2027-06-18,2026-10-02
1330.0,138,88,2027-06-18,2026-10-02
1340.0,270,59,2027-06-18,2026-10-02
1350.0,466,569,2027-06-18,2026-10-02
1360.0,334,49,2027-06-18,2026-10-02
1370.0,215,38,2027-06-18,2026-10-02
1380.0,298,65,2027-06-18,2026-10-02
1390.0,217,94,2027-06-18,2026-10-02
1400.0,1162,173,2027-06-18,2026-10-02
1410.0,417,141,2027-06-18,2026-10-02
1420.0,334,156,2027-06-18,2026-10-02
1430.0,418,81,2027-06-18,2026-10-02
1440.0,278,161,2027-06-18,2026-10-02
1450.0,538,79,2027-06-18,2026-10-02
1460.0,562,117,2027-06-18,2026-10-02
1470.0,286,19,2027-06-18,2026-10-02
1480.0,411,50,2027-06-18,2026-10-02
1490.0,169,38,2027-06-18,2026-10-02
1500.0,2326,110,2027-06-18,2026-10-02
1510.0,255,11,2027-06-18,2026-10-02
1520.0,546,35,2027-06-18,2026-10-02
1530.0,185,36,2027-06-18,2026-10-02
1540.0,160,28,2027-06-18,2026-10-02
1550.0,131,13,2027-06-18,2026-10-02
1560.0,358,13,2027-06-18,2026-10-02
1570.0,517,12,2027-06-18,2026-10-02
1580.0,104,31,2027-06-18,2026-10-02
1590.0,417,10,2027-06-18,2026-10-02
1600.0,2018,70,2027-06-18,2026-10-02
1610.0,179,10,2027-06-18,2026-10-02
1620.0,464,30,2027-06-18,2026-10-02
1630.0,201,77,2027-06-18,2026-10-02
1640.0,301,20,2027-06-18,2026-10-02
1650.0,318,28,2027-06-18,2026-10-02
1660.0,749,17,2027-06-18,2026-10-02
1670.0,139,82,2027-06-18,2026-10-02
1680.0,123,6,2027-06-18,2026-10-02
1690.0,262,35,2027-06-18,2026-10-02
1700.0,423,83,2027-06-18,2026-10-02
1710.0,304,27,2027-06-18,2026-10-02
1720.0,451,23,2027-06-18,2026-10-02
1730.0,182,17,2027-06-18,2026-10-02
1740.0,135,26,2027-06-18,2026-10-02
1750.0,437,16,2027-06-18,2026-10-02
1760.0,113,48,2027-06-18,2026-10-02
1770.0,174,18,2027-06-18,2026-10-02
1775.0,290,0,2027-06-18,2026-10-02
1780.0,307,52,2027-06-18,2026-10-02
1790.0,237,11,2027-06-18,2026-10-02
1800.0,1981,30,2027-06-18,2026-10-02
1810.0,191,7,2027-06-18,2026-10-02
1820.0,231,1,2027-06-18,2026-10-02
1830.0,386,2,2027-06-18,2026-10-02
1840.0,335,3,2027-06-18,2026-10-02
1850.0,216,20,2027-06-18,2026-10-02
1860.0,252,19,2027-06-18,2026-10-02
1870.0,163,0,2027-06-18,2026-10-02
1880.0,364,25,2027-06-18,2026-10-02
1890.0,313,0,2027-06-18,2026-10-02
1900.0,768,7,2027-06-18,2026-10-02
1910.0,560,99,2027-06-18,2026-10-02
1920.0,447,1,2027-06-18,2026-10-02
1930.0,526,1,2027-06-18,2026-10-02
1940.0,376,7,2027-06-18,2026-10-02
1950.0,362,0,2027-06-18,2026-10-02
1960.0,468,0,2027-06-18,2026-10-02
1970.0,123,1,2027-06-18,2026-10-02
1980.0,100,5,2027-06-18,2026-10-02
1990.0,45,1,2027-06-18,2026-10-02
2000.0,1931,6,2027-06-18,2026-10-02
2010.0,90,31,2027-06-18,2026-10-02
2020.0,247,1,2027-06-18,2026-10-02
2030.0,46,4,2027-06-18,2026-10-02
2040.0,141,10,2027-06-18,2026-10-02
2050.0,69,6,2027-06-18,2026-10-02
2060.0,106,10,2027-06-18,2026-10-02
2070.0,13,7,2027-06-18,2026-10-02
2080.0,46,10,2027-06-18,2026-10-02
2090.0,55,7,2027-06-18,2026-10-02
2100.0,344,34,2027-06-18,2026-10-02
2110.0,103,2,2027-06-18,2026-10-02
2120.0,26,0,2027-06-18,2026-10-02
2130.0,57,0,2027-06-18,2026-10-02
2140.0,228,47,2027-06-18,2026-10-02
2150.0,284,4,2027-06-18,2026-10-02
2160.0,280,0,2027-06-18,2026-10-02
2170.0,331,2,2027-06-18,2026-10-02
2180.0,228,3,2027-06-18,2026-10-02
2190.0,201,5,2027-06-18,2026-10-02
2200.0,141,18,2027-06-18,2026-10-02
2210.0,119,0,2027-06-18,2026-10-02
2220.0,126,6,2027-06-18,2026-10-02
2230.0,208,1,2027-06-18,2026-10-02
2240.0,18,0,2027-06-18,2026-10-02
2250.0,108,1,2027-06-18,2026-10-02
2260.0,82,0,2027-06-18,2026-10-02
2270.0,217,0,2027-06-18,2026-10-02
2280.0,35,0,2027-06-18,2026-10-02
2290.0,758,6,2027-06-18,2026-10-02
2300.0,185,0,2027-06-18,2026-10-02
2310.0,207,0,2027-06-18,2026-10-02
2320.0,326,0,2027-06-18,2026-10-02
2330.0,127,0,2027-06-18,2026-10-02
2340.0,201,0,2027-06-18,2026-10-02
2350.0,123,1,2027-06-18,2026-10-02
2360.0,188,0,2027-06-18,2026-10-02
2370.0,295,0,2027-06-18,2026-10-02
2380.0,304,0,2027-06-18,2026-10-02
2390.0,492,0,2027-06-18,2026-10-02
2400.0,215,0,2027-06-18,2026-10-02
2410.0,489,0,2027-06-18,2026-10-02
2420.0,293,0,2027-06-18,2026-10-02
2440.0,343,0,2027-06-18,2026-10-02
2460.0,631,0,2027-06-18,2026-10-02
2480.0,471,0,2027-06-18,2026-10-02
2500.0,3319,0,2027-06-18,2026-10-02
500.0,1,244,2027-07-17,2026-10-02
510.0,1,29,2027-07-17,2026-10-02
520.0,1,54,2027-07-17,2026-10-02
530.0,0,42,2027-07-17,2026-10-02
540.0,0,10,2027-07-17,2026-10-02
550.0,0,57,2027-07-17,2026-10-02
560.0,1,52,2027-07-17,2026-10-02
570.0,3,9,2027-07-17,2026-10-02
580.0,0,14,2027-07-17,2026-10-02
590.0,0,49,2027-07-17,2026-10-02
600.0,0,33,2027-07-17,2026-10-02
610.0,0,6,2027-07-17,2026-10-02
620.0,0,66,2027-07-17,2026-10-02
630.0,0,10,2027-07-17,2026-10-02
640.0,0,11,2027-07-17,2026-10-02
650.0,0,24,2027-07-17,2026-10-02
660.0,0,11,2027-07-17,2026-10-02
670.0,0,37,2027-07-17,2026-10-02
680.0,0,51,2027-07-17,2026-10-02
690.0,0,10,2027-07-17,2026-10-02
700.0,0,30,2027-07-17,2026-10-02
710.0,0,46,2027-07-17,2026-10-02
720.0,3,45,2027-07-17,2026-10-02
730.0,0,12,2027-07-17,2026-10-02
740.0,0,18,2027-07-17,2026-10-02
750.0,0,126,2027-07-17,2026-10-02
760.0,0,2,2027-07-17,2026-10-02
770.0,0,0,2027-07-17,2026-10-02
780.0,0,29,2027-07-17,2026-10-02
790.0,0,31,2027-07-17,2026-10-02
800.0,7,99,2027-07-17,2026-10-02
810.0,0,46,2027-07-17,2026-10-02
820.0,0,70,2027-07-17,2026-10-02
830.0,0,36,2027-07-17,2026-10-02
840.0,0,52,2027-07-17,2026-10-02
850.0,0,50,2027-07-17,2026-10-02
860.0,2,34,2027-07-17,2026-10-02
870.0,0,79,2027-07-17,2026-10-02
880.0,0,18,2027-07-17,2026-10-02
890.0,0,152,2027-07-17,2026-10-02
900.0,5,149,2027-07-17,2026-10-02
910.0,1,24,2027-07-17,2026-10-02
920.0,2,15,2027-07-17,2026-10-02
930.0,10,7,2027-07-17,2026-10-02
940.0,18,10,2027-07-17,2026-10-02
950.0,18,10,2027-07-17,2026-10-02
960.0,25,12,2027-07-17,2026-10-02
970.0,1,17,2027-07-17,2026-10-02
980.0,1,141,2027-07-17,2026-10-02
990.0,2,38,2027-07-17,2026-10-02
1000.0,32,84,2027-07-17,2026-10-02
1010.0,14,101,2027-07-17,2026-10-02
1020.0,2,66,2027-07-17,2026-10-02
1030.0,23,58,2027-07-17,2026-10-02
1040.0,12,64,2027-07-17,2026-10-02
1050.0,58,323,2027-07-17,2026-10-02
1060.0,23,106,2027-07-17,2026-10-02
1070.0,9,128,2027-07-17,2026-10-02
1080.0,3,32,2027-07-17,2026-10-02
1090.0,30,24,2027-07-17,2026-10-02
1100.0,104,3,2027-07-17,2026-10-02
1110.0,11,1,2027-07-17,2026-10-02
1120.0,54,34,2027-07-17,2026-10-02
1130.0,10,5,2027-07-17,2026-10-02
1140.0,78,2,2027-07-17,2026-10-02
1150.0,36,6,2027-07-17,2026-10-02
1160.0,29,2,2027-07-17,2026-10-02
1170.0,25,0,2027-07-17,2026-10-02
1180.0,43,3,2027-07-17,2026-10-02
1190.0,2,2,2027-07-17,2026-10-02
1200.0,33,49,2027-07-17,2026-10-02
1210.0,15,5,2027-07-17,2026-10-02
1220.0,35,3,2027-07-17,2026-10-02
1230.0,2,0,2027-07-17,2026-10-02
1240.0,14,3,2027-07-17,2026-10-02
1250.0,45,0,2027-07-17,2026-10-02
1260.0,46,10,2027-07-17,2026-10-02
1270.0,47,3,2027-07-17,2026-10-02
1280.0,4,3,2027-07-17,2026-10-02
1290.0,6,3,2027-07-17,2026-10-02
1300.0,44,13,2027-07-17,2026-10-02
1310.0,31,7,2027-07-17,2026-10-02
1320.0,38,4,2027-07-17,2026-10-02
1330.0,23,0,2027-07-17,2026-10-02
1340.0,57,3,2027-07-17,2026-10-02
1350.0,26,5,2027-07-17,2026-10-02
1360.0,29,2,2027-07-17,2026-10-02
1370.0,11,1,2027-07-17,2026-10-02
1380.0,3,0,2027-07-17,2026-10-02
1390.0,23,23,2027-07-17,2026-10-02
1400.0,25,0,2027-07-17,2026-10-02
1420.0,6,0,2027-07-17,2026-10-02
1440.0,20,0,2027-07-17,2026-10-02
1460.0,0,1,2027-07-17,2026-10-02
1480.0,18,0,2027-07-17,2026-10-02
1500.0,14,73,2027-07-17,2026-10-02
1520.0,4,0,2027-07-17,2026-10-02
1540.0,11,0,2027-07-17,2026-10-02
1560.0,3,0,2027-07-17,2026-10-02
1580.0,9,0,2027-07-17,2026-10-02
1600.0,108,4,2027-07-17,2026-10-02
5.0,4413,107,2027-09-18,2026-10-02
10.0,584,0,2027-09-18,2026-10-02
15.0,0,2,2027-09-18,2026-10-02
20.0,1,3,2027-09-18,2026-10-02
25.0,0,4,2027-09-18,2026-10-02
30.0,0,3,2027-09-18,2026-10-02
40.0,0,12,2027-09-18,2026-10-02
50.0,1,37,2027-09-18,2026-10-02
60.0,0,82,2027-09-18,2026-10-02
70.0,1,175,2027-09-18,2026-10-02
80.0,1,493,2027-09-18,2026-10-02
90.0,12,335,2027-09-18,2026-10-02
100.0,22,1198,2027-09-18,2026-10-02
110.0,5,134,2027-09-18,2026-10-02
120.0,2,755,2027-09-18,2026-10-02
130.0,6,146,2027-09-18,2026-10-02
140.0,4,551,2027-09-18,2026-10-02
150.0,5,355,2027-09-18,2026-10-02
160.0,14,437,2027-09-18,2026-10-02
170.0,128,182,2027-09-18,2026-10-02
180.0,4,44,2027-09-18,2026-10-02
185.0,2,10,2027-09-18,2026-10-02
190.0,158,220,2027-09-18,2026-10-02
195.0,3,212,2027-09-18,2026-10-02
200.0,12,189,2027-09-18,2026-10-02
210.0,6,53,2027-09-18,2026-10-02
220.0,8,118,2027-09-18,2026-10-02
230.0,8,62,2027-09-18,2026-10-02
240.0,5,185,2027-09-18,2026-10-02
250.0,47,296,2027-09-18,2026-10-02
260.0,31,215,2027-09-18,2026-10-02
270.0,7,108,2027-09-18,2026-10-02
280.0,48,85,2027-09-18,2026-10-02
290.0,8,561,2027-09-18,2026-10-02
300.0,97,254,2027-09-18,2026-10-02
310.0,33,122,2027-09-18,2026-10-02
320.0,27,98,2027-09-18,2026-10-02
330.0,30,54,2027-09-18,2026-10-02
340.0,16,116,2027-09-18,2026-10-02
350.0,110,229,2027-09-18,2026-10-02
360.0,17,66,2027-09-18,2026-10-02
370.0,31,132,2027-09-18,2026-10-02
380.0,13,103,2027-09-18,2026-10-02
390.0,56,93,2027-09-18,2026-10-02
400.0,99,350,2027-09-18,2026-10-02
410.0,22,119,2027-09-18,2026-10-02
420.0,48,53,2027-09-18,2026-10-02
430.0,244,110,2027-09-18,2026-10-02
440.0,103,88,2027-09-18,2026-10-02
450.0,81,187,2027-09-18,2026-10-02
460.0,17,81,2027-09-18,2026-10-02
470.0,45,90,2027-09-18,2026-10-02
480.0,63,228,2027-09-18,2026-10-02
490.0,47,155,2027-09-18,2026-10-02
500.0,308,609,2027-09-18,2026-10-02
510.0,168,117,2027-09-18,2026-10-02
520.0,10,321,2027-09-18,2026-10-02
530.0,58,184,2027-09-18,2026-10-02
540.0,28,104,2027-09-18,2026-10-02
550.0,168,446,2027-09-18,2026-10-02
560.0,153,224,2027-09-18,2026-10-02
570.0,276,136,2027-09-18,2026-10-02
580.0,65,303,2027-09-18,2026-10-02
590.0,23,166,2027-09-18,2026-10-02
600.0,608,978,2027-09-18,2026-10-02
610.0,80,233,2027-09-18,2026-10-02
620.0,65,153,2027-09-18,2026-10-02
630.0,105,393,2027-09-18,2026-10-02
640.0,93,197,2027-09-18,2026-10-02
650.0,133,1444,2027-09-18,2026-10-02
660.0,277,177,2027-09-18,2026-10-02
670.0,120,232,2027-09-18,2026-10-02
680.0,123,207,2027-09-18,2026-10-02
690.0,92,231,2027-09-18,2026-10-02
700.0,639,803,2027-09-18,2026-10-02
710.0,51,150,2027-09-18,2026-10-02
720.0,109,70,2027-09-18,2026-10-02
730.0,103,154,2027-09-18,2026-10-02
740.0,65,163,2027-09-18,2026-10-02
750.0,384,347,2027-09-18,2026-10-02
760.0,60,324,2027-09-18,2026-10-02
770.0,259,169,2027-09-18,2026-10-02
780.0,97,411,2027-09-18,2026-10-02
790.0,70,73,2027-09-18,2026-10-02
800.0,572,568,2027-09-18,2026-10-02
810.0,162,79,2027-09-18,2026-10-02
820.0,144,504,2027-09-18,2026-10-02
830.0,245,268,2027-09-18,2026-10-02
840.0,90,234,2027-09-18,2026-10-02
850.0,322,755,2027-09-18,2026-10-02
860.0,225,157,2027-09-18,2026-10-02
870.0,268,224,2027-09-18,2026-10-02
880.0,555,378,2027-09-18,2026-10-02
890.0,440,133,2027-09-18,2026-10-02
900.0,692,984,2027-09-18,2026-10-02
920.0,148,222,2027-09-18,2026-10-02
930.0,474,114,2027-09-18,2026-10-02
940.0,468,243,2027-09-18,2026-10-02
950.0,309,87,2027-09-18,2026-10-02
960.0,405,87,2027-09-18,2026-10-02
970.0,349,79,2027-09-18,2026-10-02
980.0,115,102,2027-09-18,2026-10-02
990.0,230,126,2027-09-18,2026-10-02
1000.0,911,359,2027-09-18,2026-10-02
1010.0,110,186,2027-09-18,2026-10-02
1020.0,247,62,2027-09-18,2026-10-02
1030.0,81,88,2027-09-18,2026-10-02
1040.0,98,102,2027-09-18,2026-10-02
1050.0,186,53,2027-09-18,2026-10-02
1060.0,174,61,2027-09-18,2026-10-02
1070.0,236,99,2027-09-18,2026-10-02
1080.0,127,250,2027-09-18,2026-10-02
1090.0,90,119,2027-09-18,2026-10-02
1100.0,536,876,2027-09-18,2026-10-02
1110.0,315,82,2027-09-18,2026-10-02
1120.0,135,21,2027-09-18,2026-10-02
1130.0,234,43,2027-09-18,2026-10-02
1140.0,63,63,2027-09-18,2026-10-02
1150.0,386,90,2027-09-18,2026-10-02
1160.0,78,23,2027-09-18,2026-10-02
1170.0,258,41,2027-09-18,2026-10-02
1180.0,53,15,2027-09-18,2026-10-02
1190.0,50,19,2027-09-18,2026-10-02
1200.0,613,625,2027-09-18,2026-10-02
1210.0,363,38,2027-09-18,2026-10-02
1220.0,563,55,2027-09-18,2026-10-02
1230.0,95,348,2027-09-18,2026-10-02
1240.0,542,176,2027-09-18,2026-10-02
1250.0,11,0,2027-09-18,2026-10-02
1250.0,192,310,2027-09-18,2026-10-02
1260.0,386,39,2027-09-18,2026-10-02
1270.0,470,12,2027-09-18,2026-10-02
1280.0,57,456,2027-09-18,2026-10-02
1290.0,92,15,2027-09-18,2026-10-02
1300.0,277,222,2027-09-18,2026-10-02
1310.0,140,12,2027-09-18,2026-10-02
1320.0,496,147,2027-09-18,2026-10-02
1330.0,80,7,2027-09-18,2026-10-02
1340.0,82,3,2027-09-18,2026-10-02
1350.0,238,11,2027-09-18,2026-10-02
1360.0,162,64,2027-09-18,2026-10-02
1370.0,54,300,2027-09-18,2026-10-02
1380.0,32,5,2027-09-18,2026-10-02
1390.0,55,4,2027-09-18,2026-10-02
1400.0,719,86,2027-09-18,2026-10-02
1410.0,52,3,2027-09-18,2026-10-02
1420.0,645,32,2027-09-18,2026-10-02
1430.0,48,77,2027-09-18,2026-10-02
1440.0,130,12,2027-09-18,2026-10-02
1450.0,113,19,2027-09-18,2026-10-02
1460.0,132,66,2027-09-18,2026-10-02
1470.0,29,1,2027-09-18,2026-10-02
1480.0,122,444,2027-09-18,2026-10-02
1490.0,282,1,2027-09-18,2026-10-02
1500.0,398,294,2027-09-18,2026-10-02
1510.0,250,7,2027-09-18,2026-10-02
1520.0,312,3,2027-09-18,2026-10-02
1530.0,439,7,2027-09-18,2026-10-02
1540.0,238,33,2027-09-18,2026-10-02
1550.0,378,29,2027-09-18,2026-10-02
1560.0,457,8,2027-09-18,2026-10-02
1570.0,101,12,2027-09-18,2026-10-02
1580.0,298,101,2027-09-18,2026-10-02
1590.0,185,3,2027-09-18,2026-10-02
1600.0,194,47,2027-09-18,2026-10-02
1610.0,277,14,2027-09-18,2026-10-02
1620.0,889,90,2027-09-18,2026-10-02
1630.0,480,118,2027-09-18,2026-10-02
1640.0,137,3,2027-09-18,2026-10-02
1650.0,256,1,2027-09-18,2026-10-02
1660.0,785,16,2027-09-18,2026-10-02
1670.0,207,1,2027-09-18,2026-10-02
1680.0,226,2,2027-09-18,2026-10-02
1690.0,73,7,2027-09-18,2026-10-02
1700.0,117,255,2027-09-18,2026-10-02
1710.0,278,4,2027-09-18,2026-10-02
1720.0,150,12,2027-09-18,2026-10-02
1730.0,239,4,2027-09-18,2026-10-02
1740.0,409,7,2027-09-18,2026-10-02
1750.0,113,25,2027-09-18,2026-10-02
1760.0,128,6,2027-09-18,2026-10-02
1770.0,72,4,2027-09-18,2026-10-02
1780.0,378,7,2027-09-18,2026-10-02
1790.0,563,11,2027-09-18,2026-10-02
1800.0,456,4,2027-09-18,2026-10-02
1810.0,197,4,2027-09-18,2026-10-02
1820.0,159,3,2027-09-18,2026-10-02
1830.0,166,74,2027-09-18,2026-10-02
1840.0,181,5,2027-09-18,2026-10-02
1850.0,106,1,2027-09-18,2026-10-02
1860.0,98,1,2027-09-18,2026-10-02
1870.0,117,0,2027-09-18,2026-10-02
1880.0,259,3,2027-09-18,2026-10-02
1890.0,212,13,2027-09-18,2026-10-02
1900.0,359,31,2027-09-18,2026-10-02
1910.0,51,7,2027-09-18,2026-10-02
1920.0,18,0,2027-09-18,2026-10-02
1930.0,49,0,2027-09-18,2026-10-02
1940.0,54,0,2027-09-18,2026-10-02
1950.0,70,1,2027-09-18,2026-10-02
1960.0,14,0,2027-09-18,2026-10-02
1970.0,71,43,2027-09-18,2026-10-02
1980.0,201,40,2027-09-18,2026-10-02
1990.0,103,3,2027-09-18,2026-10-02
2000.0,622,4,2027-09-18,2026-10-02
2010.0,697,2,2027-09-18,2026-10-02
2020.0,81,0,2027-09-18,2026-10-02
2030.0,54,1,2027-09-18,2026-10-02
2040.0,41,0,2027-09-18,2026-10-02
2050.0,55,2,2027-09-18,2026-10-02
2060.0,57,1,2027-09-18,2026-10-02
2070.0,83,0,2027-09-18,2026-10-02
2080.0,45,6,2027-09-18,2026-10-02
2090.0,104,2,2027-09-18,2026-10-02
2100.0,74,24,2027-09-18,2026-10-02
2110.0,200,0,2027-09-18,2026-10-02
2120.0,39,0,2027-09-18,2026-10-02
2130.0,37,0,2027-09-18,2026-10-02
2140.0,55,1,2027-09-18,2026-10-02
2150.0,126,0,2027-09-18,2026-10-02
2160.0,35,2,2027-09-18,2026-10-02
2170.0,372,7,2027-09-18,2026-10-02
2180.0,3,2,2027-09-18,2026-10-02
2190.0,69,3,2027-09-18,2026-10-02
2200.0,126,7,2027-09-18,2026-10-02
2210.0,66,0,2027-09-18,2026-10-02
2220.0,51,5,2027-09-18,2026-10-02
2230.0,11,0,2027-09-18,2026-10-02
2240.0,123,1,2027-09-18,2026-10-02
2250.0,78,3,2027-09-18,2026-10-02
2260.0,133,1,2027-09-18,2026-10-02
2270.0,65,0,2027-09-18,2026-10-02
2280.0,16,1,2027-09-18,2026-10-02
2290.0,34,2,2027-09-18,2026-10-02
2300.0,31,1,2027-09-18,2026-10-02
2310.0,41,2,2027-09-18,2026-10-02
2320.0,99,2,2027-09-18,2026-10-02
2330.0,117,1,2027-09-18,2026-10-02
2340.0,118,1,2027-09-18,2026-10-02
2350.0,59,2,2027-09-18,2026-10-02
2360.0,109,3,2027-09-18,2026-10-02
2370.0,54,7,2027-09-18,2026-10-02
2380.0,141,3,2027-09-18,2026-10-02
2390.0,173,0,2027-09-18,2026-10-02
2400.0,317,0,2027-09-18,2026-10-02
2410.0,289,0,2027-09-18,2026-10-02
2420.0,352,5,2027-09-18,2026-10-02
2440.0,642,0,2027-09-18,2026-10-02
2460.0,687,0,2027-09-18,2026-10-02
2480.0,1064,3,2027-09-18,2026-10-02
2500.0,942,10,2027-09-18,2026-10-02
5.0,6274,1247,2027-12-18,2026-10-02
10.0,7,3,2027-12-18,2026-10-02
15.0,2,9,2027-12-18,2026-10-02
20.0,4,17,2027-12-18,2026-10-02
25.0,2201,1202,2027-12-18,2026-10-02
30.0,62,458,2027-12-18,2026-10-02
35.0,70,467,2027-12-18,2026-10-02
40.0,112,5497,2027-12-18,2026-10-02
45.0,97,399,2027-12-18,2026-10-02
50.0,155,853,2027-12-18,2026-10-02
55.0,189,1613,2027-12-18,2026-10-02
60.0,849,1145,2027-12-18,2026-10-02
65.0,136,1710,2027-12-18,2026-10-02
70.0,149,2453,2027-12-18,2026-10-02
75.0,494,1296,2027-12-18,2026-10-02
80.0,201,897,2027-12-18,2026-10-02
85.0,172,353,2027-12-18,2026-10-02
90.0,308,245,2027-12-18,2026-10-02
95.0,156,223,2027-12-18,2026-10-02
100.0,317,662,2027-12-18,2026-10-02
105.0,149,289,2027-12-18,2026-10-02
110.0,303,533,2027-12-18,2026-10-02
115.0,300,147,2027-12-18,2026-10-02
120.0,221,208,2027-12-18,2026-10-02
125.0,271,301,2027-12-18,2026-10-02
130.0,254,278,2027-12-18,2026-10-02
135.0,210,256,2027-12-18,2026-10-02
140.0,133,322,2027-12-18,2026-10-02
145.0,197,123,2027-12-18,2026-10-02
150.0,474,340,2027-12-18,2026-10-02
155.0,83,69,2027-12-18,2026-10-02
160.0,185,129,2027-12-18,2026-10-02
165.0,155,69,2027-12-18,2026-10-02
170.0,517,733,2027-12-18,2026-10-02
175.0,98,82,2027-12-18,2026-10-02
180.0,78,377,2027-12-18,2026-10-02
185.0,36,241,2027-12-18,2026-10-02
190.0,1360,681,2027-12-18,2026-10-02
195.0,231,43,2027-12-18,2026-10-02
200.0,383,443,2027-12-18,2026-10-02
210.0,299,249,2027-12-18,2026-10-02
220.0,160,129,2027-12-18,2026-10-02
230.0,240,165,2027-12-18,2026-10-02
240.0,130,126,2027-12-18,2026-10-02
250.0,50,0,2027-12-18,2026-10-02
250.0,94,381,2027-12-18,2026-10-02
260.0,144,188,2027-12-18,2026-10-02
270.0,89,86,2027-12-18,2026-10-02
280.0,196,435,2027-12-18,2026-10-02
290.0,165,486,2027-12-18,2026-10-02
300.0,320,373,2027-12-18,2026-10-02
310.0,171,107,2027-12-18,2026-10-02
320.0,124,154,2027-12-18,2026-10-02
330.0,213,242,2027-12-18,2026-10-02
340.0,120,124,2027-12-18,2026-10-02
350.0,83,98,2027-12-18,2026-10-02
360.0,87,164,2027-12-18,2026-10-02
370.0,89,219,2027-12-18,2026-10-02
380.0,175,138,2027-12-18,2026-10-02
390.0,137,138,2027-12-18,2026-10-02
400.0,795,736,2027-12-18,2026-10-02
410.0,158,191,2027-12-18,2026-10-02
420.0,121,156,2027-12-18,2026-10-02
430.0,397,376,2027-12-18,2026-10-02
440.0,68,213,2027-12-18,2026-10-02
450.0,361,205,2027-12-18,2026-10-02
460.0,87,35,2027-12-18,2026-10-02
470.0,579,85,2027-12-18,2026-10-02
480.0,124,141,2027-12-18,2026-10-02
490.0,254,371,2027-12-18,2026-10-02
500.0,508,734,2027-12-18,2026-10-02
510.0,192,132,2027-12-18,2026-10-02
520.0,263,93,2027-12-18,2026-10-02
530.0,270,62,2027-12-18,2026-10-02
540.0,74,63,2027-12-18,2026-10-02
550.0,381,229,2027-12-18,2026-10-02
560.0,246,86,2027-12-18,2026-10-02
570.0,149,94,2027-12-18,2026-10-02
580.0,291,92,2027-12-18,2026-10-02
590.0,143,97,2027-12-18,2026-10-02
600.0,449,372,2027-12-18,2026-10-02
610.0,86,95,2027-12-18,2026-10-02
620.0,147,79,2027-12-18,2026-10-02
630.0,543,187,2027-12-18,2026-10-02
640.0,291,185,2027-12-18,2026-10-02
650.0,584,709,2027-12-18,2026-10-02
660.0,95,185,2027-12-18,2026-10-02
670.0,74,27,2027-12-18,2026-10-02
680.0,377,485,2027-12-18,2026-10-02
690.0,386,85,2027-12-18,2026-10-02
700.0,785,1165,2027-12-18,2026-10-02
710.0,138,306,2027-12-18,2026-10-02
720.0,303,555,2027-12-18,2026-10-02
730.0,332,67,2027-12-18,2026-10-02
740.0,376,43,2027-12-18,2026-10-02
750.0,420,258,2027-12-18,2026-10-02
760.0,230,151,2027-12-18,2026-10-02
770.0,130,162,2027-12-18,2026-10-02
780.0,190,148,2027-12-18,2026-10-02
790.0,272,48,2027-12-18,2026-10-02
800.0,1060,630,2027-12-18,2026-10-02
810.0,227,238,2027-12-18,2026-10-02
820.0,235,179,2027-12-18,2026-10-02
830.0,145,289,2027-12-18,2026-10-02
840.0,199,685,2027-12-18,2026-10-02
850.0,239,496,2027-12-18,2026-10-02
860.0,235,275,2027-12-18,2026-10-02
870.0,321,147,2027-12-18,2026-10-02
880.0,505,332,2027-12-18,2026-10-02
890.0,654,246,2027-12-18,2026-10-02
900.0,1045,575,2027-12-18,2026-10-02
910.0,1323,46,2027-12-18,2026-10-02
920.0,199,303,2027-12-18,2026-10-02
930.0,146,413,2027-12-18,2026-10-02
940.0,172,47,2027-12-18,2026-10-02
950.0,713,374,2027-12-18,2026-10-02
960.0,289,159,2027-12-18,2026-10-02
970.0,485,175,2027-12-18,2026-10-02
980.0,191,80,2027-12-18,2026-10-02
990.0,64,93,2027-12-18,2026-10-02
1000.0,778,1497,2027-12-18,2026-10-02
1010.0,151,113,2027-12-18,2026-10-02
1020.0,471,44,2027-12-18,2026-10-02
1030.0,163,79,2027-12-18,2026-10-02
1040.0,422,64,2027-12-18,2026-10-02
1050.0,468,38,2027-12-18,2026-10-02
1060.0,363,33,2027-12-18,2026-10-02
1070.0,590,112,2027-12-18,2026-10-02
1080.0,218,140,2027-12-18,2026-10-02
1090.0,276,172,2027-12-18,2026-10-02
1100.0,1180,357,2027-12-18,2026-10-02
1110.0,476,52,2027-12-18,2026-10-02
1120.0,230,83,2027-12-18,2026-10-02
1130.0,485,33,2027-12-18,2026-10-02
1140.0,164,13,2027-12-18,2026-10-02
1150.0,120,21,2027-12-18,2026-10-02
1160.0,132,22,2027-12-18,2026-10-02
1170.0,434,29,2027-12-18,2026-10-02
1180.0,274,41,2027-12-18,2026-10-02
1200.0,788,358,2027-12-18,2026-10-02
1220.0,339,164,2027-12-18,2026-10-02
1240.0,298,78,2027-12-18,2026-10-02
1260.0,813,427,2027-12-18,2026-10-02
1280.0,934,253,2027-12-18,2026-10-02
1300.0,1001,254,2027-12-18,2026-10-02
1320.0,565,270,2027-12-18,2026-10-02
1340.0,414,36,2027-12-18,2026-10-02
1360.0,544,46,2027-12-18,2026-10-02
1380.0,467,67,2027-12-18,2026-10-02
1400.0,663,284,2027-12-18,2026-10-02
1420.0,573,146,2027-12-18,2026-10-02
1440.0,438,57,2027-12-18,2026-10-02
1460.0,347,289,2027-12-18,2026-10-02
1480.0,746,195,2027-12-18,2026-10-02
1490.0,247,73,2027-12-18,2026-10-02
1500.0,1770,239,2027-12-18,2026-10-02
1510.0,179,3,2027-12-18,2026-10-02
1520.0,210,50,2027-12-18,2026-10-02
1530.0,92,7,2027-12-18,2026-10-02
1540.0,87,11,2027-12-18,2026-10-02
1550.0,232,6,2027-12-18,2026-10-02
1560.0,62,39,2027-12-18,2026-10-02
1570.0,139,22,2027-12-18,2026-10-02
1580.0,177,112,2027-12-18,2026-10-02
1590.0,300,24,2027-12-18,2026-10-02
1600.0,554,52,2027-12-18,2026-10-02
1610.0,143,24,2027-12-18,2026-10-02
1620.0,227,5,2027-12-18,2026-10-02
1630.0,687,280,2027-12-18,2026-10-02
1640.0,119,48,2027-12-18,2026-10-02
1650.0,49,5,2027-12-18,2026-10-02
1660.0,79,7,2027-12-18,2026-10-02
1670.0,145,12,2027-12-18,2026-10-02
1680.0,355,9,2027-12-18,2026-10-02
1690.0,248,3,2027-12-18,2026-10-02
1700.0,1346,50,2027-12-18,2026-10-02
1710.0,155,11,2027-12-18,2026-10-02
1720.0,69,23,2027-12-18,2026-10-02
1730.0,120,1,2027-12-18,2026-10-02
1740.0,160,8,2027-12-18,2026-10-02
1750.0,263,4,2027-12-18,2026-10-02
1760.0,234,3,2027-12-18,2026-10-02
1770.0,122,14,2027-12-18,2026-10-02
1780.0,563,10,2027-12-18,2026-10-02
1790.0,256,26,2027-12-18,2026-10-02
1800.0,1392,81,2027-12-18,2026-10-02
1810.0,490,41,2027-12-18,2026-10-02
1820.0,598,15,2027-12-18,2026-10-02
1830.0,827,23,2027-12-18,2026-10-02
1840.0,186,5,2027-12-18,2026-10-02
1850.0,177,13,2027-12-18,2026-10-02
1860.0,68,15,2027-12-18,2026-10-02
1870.0,26,0,2027-12-18,2026-10-02
1880.0,349,125,2027-12-18,2026-10-02
1890.0,238,1,2027-12-18,2026-10-02
1900.0,375,200,2027-12-18,2026-10-02
1910.0,292,2,2027-12-18,2026-10-02
1920.0,234,11,2027-12-18,2026-10-02
1930.0,227,2,2027-12-18,2026-10-02
1940.0,87,1,2027-12-18,2026-10-02
1950.0,35,4,2027-12-18,2026-10-02
1960.0,162,1,2027-12-18,2026-10-02
1970.0,79,2,2027-12-18,2026-10-02
1980.0,543,15,2027-12-18,2026-10-02
1990.0,173,5,2027-12-18,2026-10-02
2000.0,860,126,2027-12-18,2026-10-02
2010.0,111,1,2027-12-18,2026-10-02
2020.0,174,4,2027-12-18,2026-10-02
2030.0,83,10,2027-12-18,2026-10-02
2040.0,60,4,2027-12-18,2026-10-02
2050.0,52,6,2027-12-18,2026-10-02
2060.0,37,19,2027-12-18,2026-10-02
2070.0,19,2,2027-12-18,2026-10-02
2080.0,28,113,2027-12-18,2026-10-02
2090.0,96,4,2027-12-18,2026-10-02
2100.0,137,47,2027-12-18,2026-10-02
2110.0,60,46,2027-12-18,2026-10-02
2120.0,210,5,2027-12-18,2026-10-02
2130.0,126,4,2027-12-18,2026-10-02
2140.0,40,6,2027-12-18,2026-10-02
2150.0,70,20,2027-12-18,2026-10-02
2160.0,157,26,2027-12-18,2026-10-02
2170.0,1014,36,2027-12-18,2026-10-02
2180.0,66,3,2027-12-18,2026-10-02
2190.0,143,32,2027-12-18,2026-10-02
2200.0,339,6,2027-12-18,2026-10-02
2210.0,15,6,2027-12-18,2026-10-02
2220.0,134,7,2027-12-18,2026-10-02
2230.0,119,11,2027-12-18,2026-10-02
2240.0,23,1,2027-12-18,2026-10-02
2250.0,20,22,2027-12-18,2026-10-02
2260.0,47,2,2027-12-18,2026-10-02
2270.0,23,4,2027-12-18,2026-10-02
2280.0,20,0,2027-12-18,2026-10-02
2290.0,712,9,2027-12-18,2026-10-02
2300.0,183,9,2027-12-18,2026-10-02
2310.0,29,1,2027-12-18,2026-10-02
2320.0,117,7,2027-12-18,2026-10-02
2330.0,460,2,2027-12-18,2026-10-02
2340.0,360,6,2027-12-18,2026-10-02
2350.0,102,1,2027-12-18,2026-10-02
2360.0,500,7,2027-12-18,2026-10-02
2370.0,173,5,2027-12-18,2026-10-02
2380.0,94,3,2027-12-18,2026-10-02
2390.0,282,9,2027-12-18,2026-10-02
2400.0,263,26,2027-12-18,2026-10-02
2410.0,365,22,2027-12-18,2026-10-02
2420.0,290,19,2027-12-18,2026-10-02
2440.0,357,97,2027-12-18,2026-10-02
2460.0,371,30,2027-12-18,2026-10-02
2480.0,577,53,2027-12-18,2026-10-02
2500.0,2073,109,2027-12-18,2026-10-02
5.0,1468,896,2028-01-22,2026-10-02
10.0,158,22,2028-01-22,2026-10-02
15.0,3,26,2028-01-22,2026-10-02
20.0,10,30,2028-01-22,2026-10-02
25.0,0,50,2028-01-22,2026-10-02
30.0,0,81,2028-01-22,2026-10-02
35.0,56,604,2028-01-22,2026-10-02
40.0,91,289,2028-01-22,2026-10-02
45.0,22,487,2028-01-22,2026-10-02
50.0,4,1877,2028-01-22,2026-10-02
55.0,3,80,2028-01-22,2026-10-02
60.0,26,803,2028-01-22,2026-10-02
65.0,1,46,2028-01-22,2026-10-02
70.0,164,508,2028-01-22,2026-10-02
75.0,15,330,2028-01-22,2026-10-02
80.0,31,126,2028-01-22,2026-10-02
85.0,14,139,2028-01-22,2026-10-02
90.0,22,232,2028-01-22,2026-10-02
95.0,26,326,2028-01-22,2026-10-02
100.0,121,2600,2028-01-22,2026-10-02
105.0,32,213,2028-01-22,2026-10-02
110.0,52,355,2028-01-22,2026-10-02
115.0,31,291,2028-01-22,2026-10-02
120.0,97,536,2028-01-22,2026-10-02
125.0,33,167,2028-01-22,2026-10-02
130.0,121,379,2028-01-22,2026-10-02
135.0,84,60,2028-01-22,2026-10-02
140.0,100,174,2028-01-22,2026-10-02
145.0,42,40,2028-01-22,2026-10-02
150.0,262,136,2028-01-22,2026-10-02
155.0,79,385,2028-01-22,2026-10-02
160.0,77,744,2028-01-22,2026-10-02
165.0,207,173,2028-01-22,2026-10-02
170.0,215,307,2028-01-22,2026-10-02
175.0,97,244,2028-01-22,2026-10-02
180.0,93,224,2028-01-22,2026-10-02
185.0,70,431,2028-01-22,2026-10-02
190.0,244,209,2028-01-22,2026-10-02
195.0,107,475,2028-01-22,2026-10-02
200.0,2365,3920,2028-01-22,2026-10-02
210.0,167,327,2028-01-22,2026-10-02
220.0,255,558,2028-01-22,2026-10-02
230.0,542,357,2028-01-22,2026-10-02
240.0,300,471,2028-01-22,2026-10-02
250.0,0,10,2028-01-22,2026-10-02
250.0,421,954,2028-01-22,2026-10-02
260.0,485,307,2028-01-22,2026-10-02
270.0,178,637,2028-01-22,2026-10-02
280.0,410,716,2028-01-22,2026-10-02
290.0,183,585,2028-01-22,2026-10-02
300.0,808,2078,2028-01-22,2026-10-02
310.0,320,410,2028-01-22,2026-10-02
320.0,222,1414,2028-01-22,2026-10-02
330.0,1422,1048,2028-01-22,2026-10-02
340.0,305,380,2028-01-22,2026-10-02
350.0,815,494,2028-01-22,2026-10-02
360.0,361,92,2028-01-22,2026-10-02
370.0,460,230,2028-01-22,2026-10-02
380.0,332,150,2028-01-22,2026-10-02
390.0,123,113,2028-01-22,2026-10-02
400.0,551,616,2028-01-22,2026-10-02
410.0,334,232,2028-01-22,2026-10-02
420.0,109,245,2028-01-22,2026-10-02
430.0,187,510,2028-01-22,2026-10-02
440.0,256,142,2028-01-22,2026-10-02
450.0,412,805,2028-01-22,2026-10-02
460.0,149,194,2028-01-22,2026-10-02
470.0,138,1228,2028-01-22,2026-10-02
480.0,197,780,2028-01-22,2026-10-02
490.0,349,248,2028-01-22,2026-10-02
500.0,1896,3057,2028-01-22,2026-10-02
510.0,193,76,2028-01-22,2026-10-02
520.0,482,675,2028-01-22,2026-10-02
530.0,85,100,2028-01-22,2026-10-02
540.0,608,171,2028-01-22,2026-10-02
550.0,467,593,2028-01-22,2026-10-02
560.0,351,472,2028-01-22,2026-10-02
570.0,174,145,2028-01-22,2026-10-02
580.0,76,288,2028-01-22,2026-10-02
590.0,153,168,2028-01-22,2026-10-02
600.0,1166,1606,2028-01-22,2026-10-02
610.0,207,104,2028-01-22,2026-10-02
620.0,201,162,2028-01-22,2026-10-02
630.0,65,220,2028-01-22,2026-10-02
640.0,158,331,2028-01-22,2026-10-02
650.0,381,264,2028-01-22,2026-10-02
660.0,91,155,2028-01-22,2026-10-02
670.0,299,318,2028-01-22,2026-10-02
680.0,373,302,2028-01-22,2026-10-02
690.0,390,141,2028-01-22,2026-10-02
700.0,1185,1211,2028-01-22,2026-10-02
710.0,199,185,2028-01-22,2026-10-02
720.0,975,145,2028-01-22,2026-10-02
730.0,641,434,2028-01-22,2026-10-02
740.0,209,303,2028-01-22,2026-10-02
750.0,608,1356,2028-01-22,2026-10-02
760.0,0,20,2028-01-22,2026-10-02
760.0,489,153,2028-01-22,2026-10-02
770.0,107,210,2028-01-22,2026-10-02
780.0,325,482,2028-01-22,2026-10-02
790.0,217,326,2028-01-22,2026-10-02
800.0,761,2856,2028-01-22,2026-10-02
810.0,629,83,2028-01-22,2026-10-02
820.0,791,271,2028-01-22,2026-10-02
830.0,247,144,2028-01-22,2026-10-02
840.0,168,499,2028-01-22,2026-10-02
850.0,501,818,2028-01-22,2026-10-02
860.0,167,101,2028-01-22,2026-10-02
870.0,303,134,2028-01-22,2026-10-02
880.0,418,266,2028-01-22,2026-10-02
890.0,585,339,2028-01-22,2026-10-02
900.0,3286,1599,2028-01-22,2026-10-02
910.0,2083,159,2028-01-22,2026-10-02
920.0,158,424,2028-01-22,2026-10-02
930.0,148,140,2028-01-22,2026-10-02
940.0,429,664,2028-01-22,2026-10-02
950.0,772,479,2028-01-22,2026-10-02
960.0,80,314,2028-01-22,2026-10-02
970.0,212,55,2028-01-22,2026-10-02
980.0,504,162,2028-01-22,2026-10-02
990.0,323,172,2028-01-22,2026-10-02
1000.0,1256,1215,2028-01-22,2026-10-02
1010.0,310,206,2028-01-22,2026-10-02
1020.0,288,102,2028-01-22,2026-10-02
1030.0,267,66,2028-01-22,2026-10-02
1040.0,434,97,2028-01-22,2026-10-02
1050.0,425,309,2028-01-22,2026-10-02
1060.0,455,83,2028-01-22,2026-10-02
1070.0,119,367,2028-01-22,2026-10-02
1080.0,507,210,2028-01-22,2026-10-02
1090.0,362,194,2028-01-22,2026-10-02
1100.0,2019,1387,2028-01-22,2026-10-02
1110.0,236,40,2028-01-22,2026-10-02
1120.0,181,104,2028-01-22,2026-10-02
1130.0,142,71,2028-01-22,2026-10-02
1140.0,432,62,2028-01-22,2026-10-02
1150.0,179,232,2028-01-22,2026-10-02
1160.0,104,53,2028-01-22,2026-10-02
1170.0,306,54,2028-01-22,2026-10-02
1180.0,424,15,2028-01-22,2026-10-02
1190.0,107,23,2028-01-22,2026-10-02
1200.0,1738,714,2028-01-22,2026-10-02
1210.0,490,116,2028-01-22,2026-10-02
1220.0,187,375,2028-01-22,2026-10-02
1230.0,241,45,2028-01-22,2026-10-02
1240.0,133,77,2028-01-22,2026-10-02
1250.0,411,1081,2028-01-22,2026-10-02
1260.0,1181,137,2028-01-22,2026-10-02
1270.0,208,10,2028-01-22,2026-10-02
1280.0,3145,937,2028-01-22,2026-10-02
1290.0,407,95,2028-01-22,2026-10-02
1300.0,1086,434,2028-01-22,2026-10-02
1310.0,233,584,2028-01-22,2026-10-02
1320.0,642,67,2028-01-22,2026-10-02
1330.0,308,8,2028-01-22,2026-10-02
1340.0,456,20,2028-01-22,2026-10-02
1350.0,704,243,2028-01-22,2026-10-02
1360.0,398,11,2028-01-22,2026-10-02
1370.0,235,19,2028-01-22,2026-10-02
1380.0,173,20,2028-01-22,2026-10-02
1390.0,54,315,2028-01-22,2026-10-02
1400.0,1863,230,2028-01-22,2026-10-02
1410.0,83,25,2028-01-22,2026-10-02
1420.0,511,17,2028-01-22,2026-10-02
1430.0,94,14,2028-01-22,2026-10-02
1440.0,198,197,2028-01-22,2026-10-02
1450.0,294,14,2028-01-22,2026-10-02
1460.0,116,79,2028-01-22,2026-10-02
1470.0,88,29,2028-01-22,2026-10-02
1480.0,3320,950,2028-01-22,2026-10-02
1490.0,290,49,2028-01-22,2026-10-02
1500.0,1338,334,2028-01-22,2026-10-02
1510.0,729,18,2028-01-22,2026-10-02
1520.0,740,63,2028-01-22,2026-10-02
1530.0,312,8,2028-01-22,2026-10-02
1540.0,121,24,2028-01-22,2026-10-02
1550.0,501,17,2028-01-22,2026-10-02
1560.0,293,279,2028-01-22,2026-10-02
1570.0,582,9,2028-01-22,2026-10-02
1580.0,341,194,2028-01-22,2026-10-02
1590.0,330,90,2028-01-22,2026-10-02
1600.0,877,187,2028-01-22,2026-10-02
1610.0,583,2,2028-01-22,2026-10-02
1620.0,216,569,2028-01-22,2026-10-02
1630.0,1107,66,2028-01-22,2026-10-02
1640.0,117,2,2028-01-22,2026-10-02
1650.0,60,44,2028-01-22,2026-10-02
1660.0,106,10,2028-01-22,2026-10-02
1670.0,303,5,2028-01-22,2026-10-02
1680.0,835,5,2028-01-22,2026-10-02
1690.0,89,82,2028-01-22,2026-10-02
1700.0,568,51,2028-01-22,2026-10-02
1710.0,141,28,2028-01-22,2026-10-02
1720.0,392,28,2028-01-22,2026-10-02
1730.0,87,62,2028-01-22,2026-10-02
1740.0,0,0,2028-01-22,2026-10-02
1740.0,58,21,2028-01-22,2026-10-02
1750.0,140,77,2028-01-22,2026-10-02
1760.0,20,0,2028-01-22,2026-10-02
1760.0,231,23,2028-01-22,2026-10-02
1770.0,34,4,2028-01-22,2026-10-02
1780.0,51,265,2028-01-22,2026-10-02
1790.0,241,195,2028-01-22,2026-10-02
1800.0,719,39,2028-01-22,2026-10-02
1805.0,3,0,2028-01-22,2026-10-02
1810.0,231,267,2028-01-22,2026-10-02
1820.0,1551,39,2028-01-22,2026-10-02
1830.0,1745,67,2028-01-22,2026-10-02
1835.0,50,0,2028-01-22,2026-10-02
1840.0,83,195,2028-01-22,2026-10-02
1847.0,5,0,2028-01-22,2026-10-02
1850.0,565,23,2028-01-22,2026-10-02
1860.0,63,29,2028-01-22,2026-10-02
1870.0,161,3,2028-01-22,2026-10-02
1880.0,49,36,2028-01-22,2026-10-02
1890.0,127,24,2028-01-22,2026-10-02
1900.0,462,156,2028-01-22,2026-10-02
1910.0,574,2,2028-01-22,2026-10-02
1920.0,85,20,2028-01-22,2026-10-02
1930.0,238,3,2028-01-22,2026-10-02
1940.0,133,3,2028-01-22,2026-10-02
1950.0,446,15,2028-01-22,2026-10-02
1960.0,548,1,2028-01-22,2026-10-02
1970.0,381,21,2028-01-22,2026-10-02
1980.0,39,11,2028-01-22,2026-10-02
1990.0,686,13,2028-01-22,2026-10-02
2000.0,1971,28,2028-01-22,2026-10-02
2070.0,198,23,2028-01-22,2026-10-02
2080.0,289,25,2028-01-22,2026-10-02
2090.0,272,194,2028-01-22,2026-10-02
2100.0,355,155,2028-01-22,2026-10-02
2110.0,62,1,2028-01-22,2026-10-02
2120.0,224,1,2028-01-22,2026-10-02
2130.0,79,21,2028-01-22,2026-10-02
2140.0,171,23,2028-01-22,2026-10-02
2150.0,222,50,2028-01-22,2026-10-02
2160.0,68,18,2028-01-22,2026-10-02
2170.0,99,26,2028-01-22,2026-10-02
2180.0,20,2,2028-01-22,2026-10-02
2190.0,54,1,2028-01-22,2026-10-02
2200.0,419,22,2028-01-22,2026-10-02
2210.0,62,0,2028-01-22,2026-10-02
2220.0,90,16,2028-01-22,2026-10-02
2230.0,7,1,2028-01-22,2026-10-02
2240.0,27,14,2028-01-22,2026-10-02
2250.0,48,4,2028-01-22,2026-10-02
2260.0,11,5,2028-01-22,2026-10-02
2270.0,111,0,2028-01-22,2026-10-02
2280.0,12,5,2028-01-22,2026-10-02
2290.0,100,189,2028-01-22,2026-10-02
2300.0,186,11,2028-01-22,2026-10-02
2310.0,107,1,2028-01-22,2026-10-02
2320.0,14,0,2028-01-22,2026-10-02
2330.0,63,2,2028-01-22,2026-10-02
2340.0,49,0,2028-01-22,2026-10-02
2350.0,491,3,2028-01-22,2026-10-02
2360.0,135,0,2028-01-22,2026-10-02
2370.0,63,1,2028-01-22,2026-10-02
2380.0,735,16,2028-01-22,2026-10-02
2390.0,448,4,2028-01-22,2026-10-02
2400.0,1000,16,2028-01-22,2026-10-02
2410.0,214,2,2028-01-22,2026-10-02
2420.0,629,75,2028-01-22,2026-10-02
2440.0,334,17,2028-01-22,2026-10-02
2460.0,665,16,2028-01-22,2026-10-02
2480.0,991,19,2028-01-22,2026-10-02
2500.0,3312,103,2028-01-22,2026-10-02
5.0,622,55,2028-06-17,2026-10-02
10.0,7,3,2028-06-17,2026-10-02
15.0,0,3,2028-06-17,2026-10-02
20.0,1,10,2028-06-17,2026-10-02
25.0,19,28,2028-06-17,2026-10-02
30.0,1,34,2028-06-17,2026-10-02
35.0,1,9,2028-06-17,2026-10-02
40.0,0,35,2028-06-17,2026-10-02
45.0,1,4,2028-06-17,2026-10-02
50.0,0,180,2028-06-17,2026-10-02
55.0,0,36,2028-06-17,2026-10-02
60.0,0,28,2028-06-17,2026-10-02
65.0,0,24,2028-06-17,2026-10-02
70.0,0,32,2028-06-17,2026-10-02
75.0,0,524,2028-06-17,2026-10-02
80.0,19,299,2028-06-17,2026-10-02
85.0,0,233,2028-06-17,2026-10-02
90.0,1,871,2028-06-17,2026-10-02
95.0,0,311,2028-06-17,2026-10-02
100.0,13,1414,2028-06-17,2026-10-02
105.0,8,832,2028-06-17,2026-10-02
110.0,1,1656,2028-06-17,2026-10-02
115.0,0,294,2028-06-17,2026-10-02
120.0,2,530,2028-06-17,2026-10-02
125.0,1,220,2028-06-17,2026-10-02
130.0,7,932,2028-06-17,2026-10-02
135.0,3,510,2028-06-17,2026-10-02
140.0,5,648,2028-06-17,2026-10-02
145.0,2,48,2028-06-17,2026-10-02
150.0,5,21,2028-06-17,2026-10-02
155.0,16,85,2028-06-17,2026-10-02
160.0,4,221,2028-06-17,2026-10-02
165.0,2,29,2028-06-17,2026-10-02
170.0,3,712,2028-06-17,2026-10-02
175.0,2,51,2028-06-17,2026-10-02
180.0,8,38,2028-06-17,2026-10-02
185.0,18,16,2028-06-17,2026-10-02
190.0,8,39,2028-06-17,2026-10-02
195.0,5,84,2028-06-17,2026-10-02
200.0,108,295,2028-06-17,2026-10-02
210.0,21,37,2028-06-17,2026-10-02
220.0,157,68,2028-06-17,2026-10-02
230.0,2,92,2028-06-17,2026-10-02
240.0,12,141,2028-06-17,2026-10-02
250.0,26,121,2028-06-17,2026-10-02
260.0,7,27,2028-06-17,2026-10-02
270.0,11,278,2028-06-17,2026-10-02
280.0,1,29,2028-06-17,2026-10-02
290.0,7,9,2028-06-17,2026-10-02
300.0,29,143,2028-06-17,2026-10-02
310.0,7,63,2028-06-17,2026-10-02
320.0,14,161,2028-06-17,2026-10-02
330.0,5,106,2028-06-17,2026-10-02
340.0,6,70,2028-06-17,2026-10-02
350.0,35,353,2028-06-17,2026-10-02
360.0,9,32,2028-06-17,2026-10-02
370.0,17,44,2028-06-17,2026-10-02
380.0,11,27,2028-06-17,2026-10-02
390.0,43,70,2028-06-17,2026-10-02
400.0,107,97,2028-06-17,2026-10-02
410.0,42,21,2028-06-17,2026-10-02
420.0,22,63,2028-06-17,2026-10-02
430.0,17,58,2028-06-17,2026-10-02
440.0,36,62,2028-06-17,2026-10-02
450.0,42,116,2028-06-17,2026-10-02
460.0,99,84,2028-06-17,2026-10-02
470.0,58,42,2028-06-17,2026-10-02
480.0,40,65,2028-06-17,2026-10-02
490.0,92,71,2028-06-17,2026-10-02
500.0,120,516,2028-06-17,2026-10-02
510.0,24,126,2028-06-17,2026-10-02
520.0,119,102,2028-06-17,2026-10-02
530.0,83,38,2028-06-17,2026-10-02
540.0,114,97,2028-06-17,2026-10-02
550.0,123,49,2028-06-17,2026-10-02
560.0,312,116,2028-06-17,2026-10-02
570.0,71,47,2028-06-17,2026-10-02
580.0,104,105,2028-06-17,2026-10-02
590.0,85,59,2028-06-17,2026-10-02
600.0,260,321,2028-06-17,2026-10-02
610.0,23,34,2028-06-17,2026-10-02
620.0,37,40,2028-06-17,2026-10-02
630.0,149,64,2028-06-17,2026-10-02
640.0,330,123,2028-06-17,2026-10-02
650.0,106,114,2028-06-17,2026-10-02
660.0,56,41,2028-06-17,2026-10-02
670.0,50,47,2028-06-17,2026-10-02
680.0,17,87,2028-06-17,2026-10-02
690.0,69,58,2028-06-17,2026-10-02
700.0,155,529,2028-06-17,2026-10-02
710.0,22,105,2028-06-17,2026-10-02
720.0,133,45,2028-06-17,2026-10-02
730.0,45,324,2028-06-17,2026-10-02
740.0,46,86,2028-06-17,2026-10-02
750.0,286,310,2028-06-17,2026-10-02
760.0,65,22,2028-06-17,2026-10-02
770.0,39,67,2028-06-17,2026-10-02
780.0,150,165,2028-06-17,2026-10-02
790.0,241,154,2028-06-17,2026-10-02
800.0,360,494,2028-06-17,2026-10-02
810.0,113,116,2028-06-17,2026-10-02
820.0,28,610,2028-06-17,2026-10-02
830.0,127,328,2028-06-17,2026-10-02
840.0,78,175,2028-06-17,2026-10-02
850.0,74,445,2028-06-17,2026-10-02
860.0,76,130,2028-06-17,2026-10-02
870.0,45,90,2028-06-17,2026-10-02
880.0,50,173,2028-06-17,2026-10-02
890.0,150,131,2028-06-17,2026-10-02
900.0,908,398,2028-06-17,2026-10-02
910.0,69,235,2028-06-17,2026-10-02
920.0,173,39,2028-06-17,2026-10-02
930.0,112,167,2028-06-17,2026-10-02
940.0,79,44,2028-06-17,2026-10-02
950.0,175,224,2028-06-17,2026-10-02
960.0,324,95,2028-06-17,2026-10-02
970.0,225,167,2028-06-17,2026-10-02
980.0,156,31,2028-06-17,2026-10-02
990.0,118,100,2028-06-17,2026-10-02
1000.0,1161,221,2028-06-17,2026-10-02
1010.0,221,236,2028-06-17,2026-10-02
1020.0,94,249,2028-06-17,2026-10-02
1030.0,353,325,2028-06-17,2026-10-02
1040.0,92,513,2028-06-17,2026-10-02
1050.0,30,537,2028-06-17,2026-10-02
1060.0,110,368,2028-06-17,2026-10-02
1070.0,85,433,2028-06-17,2026-10-02
1080.0,172,115,2028-06-17,2026-10-02
1090.0,173,131,2028-06-17,2026-10-02
1100.0,939,161,2028-06-17,2026-10-02
1110.0,31,28,2028-06-17,2026-10-02
1120.0,149,36,2028-06-17,2026-10-02
1130.0,28,94,2028-06-17,2026-10-02
1140.0,44,29,2028-06-17,2026-10-02
1150.0,366,93,2028-06-17,2026-10-02
1160.0,13,17,2028-06-17,2026-10-02
1170.0,223,59,2028-06-17,2026-10-02
1180.0,400,126,2028-06-17,2026-10-02
1190.0,16,164,2028-06-17,2026-10-02
1200.0,1199,291,2028-06-17,2026-10-02
1210.0,27,43,2028-06-17,2026-10-02
1220.0,499,63,2028-06-17,2026-10-02
1230.0,78,37,2028-06-17,2026-10-02
1240.0,103,35,2028-06-17,2026-10-02
1250.0,90,76,2028-06-17,2026-10-02
1260.0,206,152,2028-06-17,2026-10-02
1270.0,160,119,2028-06-17,2026-10-02
1280.0,362,411,2028-06-17,2026-10-02
1290.0,64,292,2028-06-17,2026-10-02
1300.0,603,117,2028-06-17,2026-10-02
1310.0,198,76,2028-06-17,2026-10-02
1320.0,260,113,2028-06-17,2026-10-02
1330.0,114,63,2028-06-17,2026-10-02
1340.0,256,40,2028-06-17,2026-10-02
1350.0,141,48,2028-06-17,2026-10-02
1360.0,222,22,2028-06-17,2026-10-02
1370.0,129,61,2028-06-17,2026-10-02
1380.0,55,213,2028-06-17,2026-10-02
1390.0,113,34,2028-06-17,2026-10-02
1400.0,612,97,2028-06-17,2026-10-02
1410.0,50,35,2028-06-17,2026-10-02
1420.0,208,27,2028-06-17,2026-10-02
1430.0,101,8,2028-06-17,2026-10-02
1440.0,143,32,2028-06-17,2026-10-02
1450.0,22,12,2028-06-17,2026-10-02
1460.0,178,29,2028-06-17,2026-10-02
1470.0,384,17,2028-06-17,2026-10-02
1480.0,263,97,2028-06-17,2026-10-02
1490.0,78,18,2028-06-17,2026-10-02
1500.0,709,79,2028-06-17,2026-10-02
1510.0,68,36,2028-06-17,2026-10-02
1520.0,223,8,2028-06-17,2026-10-02
1530.0,71,68,2028-06-17,2026-10-02
1540.0,28,36,2028-06-17,2026-10-02
1550.0,92,31,2028-06-17,2026-10-02
1560.0,63,17,2028-06-17,2026-10-02
1570.0,89,2,2028-06-17,2026-10-02
1580.0,14,28,2028-06-17,2026-10-02
1590.0,237,82,2028-06-17,2026-10-02
1600.0,155,171,2028-06-17,2026-10-02
1610.0,92,31,2028-06-17,2026-10-02
1620.0,177,87,2028-06-17,2026-10-02
1630.0,216,74,2028-06-17,2026-10-02
1640.0,53,2,2028-06-17,2026-10-02
1650.0,75,47,2028-06-17,2026-10-02
1660.0,36,2,2028-06-17,2026-10-02
1670.0,49,7,2028-06-17,2026-10-02
1680.0,96,15,2028-06-17,2026-10-02
1690.0,50,4,2028-06-17,2026-10-02
1700.0,497,104,2028-06-17,2026-10-02
1710.0,49,36,2028-06-17,2026-10-02
1720.0,135,17,2028-06-17,2026-10-02
1730.0,547,15,2028-06-17,2026-10-02
1740.0,276,9,2028-06-17,2026-10-02
1750.0,128,31,2028-06-17,2026-10-02
1760.0,122,6,2028-06-17,2026-10-02
1770.0,160,14,2028-06-17,2026-10-02
1780.0,163,4,2028-06-17,2026-10-02
1790.0,42,174,2028-06-17,2026-10-02
1800.0,146,131,2028-06-17,2026-10-02
1810.0,630,11,2028-06-17,2026-10-02
1820.0,149,35,2028-06-17,2026-10-02
1830.0,161,15,2028-06-17,2026-10-02
1840.0,150,143,2028-06-17,2026-10-02
1850.0,101,4,2028-06-17,2026-10-02
1860.0,207,2,2028-06-17,2026-10-02
1870.0,177,2,2028-06-17,2026-10-02
1880.0,80,4,2028-06-17,2026-10-02
1890.0,46,29,2028-06-17,2026-10-02
1900.0,123,12,2028-06-17,2026-10-02
1910.0,67,5,2028-06-17,2026-10-02
1920.0,215,1,2028-06-17,2026-10-02
1930.0,99,17,2028-06-17,2026-10-02
1940.0,70,12,2028-06-17,2026-10-02
1950.0,898,30,2028-06-17,2026-10-02
1960.0,85,4,2028-06-17,2026-10-02
1970.0,35,0,2028-06-17,2026-10-02
1980.0,182,5,2028-06-17,2026-10-02
1990.0,88,44,2028-06-17,2026-10-02
2000.0,193,56,2028-06-17,2026-10-02
2010.0,170,8,2028-06-17,2026-10-02
2020.0,62,6,2028-06-17,2026-10-02
2030.0,185,2,2028-06-17,2026-10-02
2040.0,82,4,2028-06-17,2026-10-02
2050.0,47,53,2028-06-17,2026-10-02
2060.0,113,2,2028-06-17,2026-10-02
2070.0,51,2,2028-06-17,2026-10-02
2080.0,159,15,2028-06-17,2026-10-02
2090.0,80,0,2028-06-17,2026-10-02
2100.0,288,27,2028-06-17,2026-10-02
2110.0,26,3,2028-06-17,2026-10-02
2120.0,125,6,2028-06-17,2026-10-02
2130.0,90,2,2028-06-17,2026-10-02
2140.0,126,3,2028-06-17,2026-10-02
2150.0,81,21,2028-06-17,2026-10-02
2160.0,64,7,2028-06-17,2026-10-02
2170.0,99,11,2028-06-17,2026-10-02
2180.0,14,2,2028-06-17,2026-10-02
2190.0,57,0,2028-06-17,2026-10-02
2200.0,348,7,2028-06-17,2026-10-02
2210.0,183,0,2028-06-17,2026-10-02
2220.0,109,13,2028-06-17,2026-10-02
2230.0,51,9,2028-06-17,2026-10-02
2240.0,106,142,2028-06-17,2026-10-02
2250.0,58,25,2028-06-17,2026-10-02
2260.0,42,1,2028-06-17,2026-10-02
2270.0,188,3,2028-06-17,2026-10-02
2280.0,25,2,2028-06-17,2026-10-02
2290.0,24,2,2028-06-17,2026-10-02
2300.0,163,7,2028-06-17,2026-10-02
2310.0,55,4,2028-06-17,2026-10-02
2320.0,99,21,2028-06-17,2026-10-02
2330.0,105,7,2028-06-17,2026-10-02
2340.0,19,3,2028-06-17,2026-10-02
2350.0,22,51,2028-06-17,2026-10-02
2360.0,84,12,2028-06-17,2026-10-02
2370.0,259,26,2028-06-17,2026-10-02
2380.0,140,133,2028-06-17,2026-10-02
2390.0,156,2,2028-06-17,2026-10-02
2400.0,270,27,2028-06-17,2026-10-02
2410.0,172,10,2028-06-17,2026-10-02
2420.0,200,18,2028-06-17,2026-10-02
2440.0,189,6,2028-06-17,2026-10-02
2460.0,466,45,2028-06-17,2026-10-02
2480.0,815,53,2028-06-17,2026-10-02
2500.0,2349,88,2028-06-17,2026-10-02
5.0,2176,1376,2028-12-16,2026-10-02
10.0,101,75,2028-12-16,2026-10-02
15.0,11,124,2028-12-16,2026-10-02
20.0,3,63,2028-12-16,2026-10-02
25.0,43,2012,2028-12-16,2026-10-02
30.0,9,111,2028-12-16,2026-10-02
35.0,5,345,2028-12-16,2026-10-02
40.0,2,1115,2028-12-16,2026-10-02
45.0,2,1106,2028-12-16,2026-10-02
50.0,56,1841,2028-12-16,2026-10-02
55.0,24,114,2028-12-16,2026-10-02
60.0,17,217,2028-12-16,2026-10-02
65.0,1,134,2028-12-16,2026-10-02
70.0,126,43,2028-12-16,2026-10-02
75.0,23,123,2028-12-16,2026-10-02
80.0,50,144,2028-12-16,2026-10-02
85.0,38,971,2028-12-16,2026-10-02
90.0,29,232,2028-12-16,2026-10-02
95.0,48,163,2028-12-16,2026-10-02
100.0,236,1185,2028-12-16,2026-10-02
105.0,19,482,2028-12-16,2026-10-02
110.0,44,491,2028-12-16,2026-10-02
115.0,33,419,2028-12-16,2026-10-02
120.0,50,477,2028-12-16,2026-10-02
125.0,36,520,2028-12-16,2026-10-02
130.0,54,487,2028-12-16,2026-10-02
135.0,14,824,2028-12-16,2026-10-02
140.0,2763,220,2028-12-16,2026-10-02
145.0,68,31,2028-12-16,2026-10-02
150.0,194,506,2028-12-16,2026-10-02
160.0,49,1084,2028-12-16,2026-10-02
165.0,71,184,2028-12-16,2026-10-02
170.0,75,427,2028-12-16,2026-10-02
175.0,71,45,2028-12-16,2026-10-02
180.0,141,142,2028-12-16,2026-10-02
185.0,65,121,2028-12-16,2026-10-02
190.0,49,149,2028-12-16,2026-10-02
195.0,34,72,2028-12-16,2026-10-02
200.0,595,1086,2028-12-16,2026-10-02
210.0,84,129,2028-12-16,2026-10-02
220.0,68,222,2028-12-16,2026-10-02
230.0,118,536,2028-12-16,2026-10-02
240.0,233,181,2028-12-16,2026-10-02
250.0,453,380,2028-12-16,2026-10-02
260.0,87,435,2028-12-16,2026-10-02
270.0,52,243,2028-12-16,2026-10-02
280.0,66,547,2028-12-16,2026-10-02
290.0,94,265,2028-12-16,2026-10-02
300.0,371,1775,2028-12-16,2026-10-02
310.0,248,245,2028-12-16,2026-10-02
320.0,194,265,2028-12-16,2026-10-02
330.0,164,127,2028-12-16,2026-10-02
340.0,188,302,2028-12-16,2026-10-02
350.0,1718,355,2028-12-16,2026-10-02
360.0,574,333,2028-12-16,2026-10-02
370.0,237,324,2028-12-16,2026-10-02
380.0,353,541,2028-12-16,2026-10-02
390.0,256,250,2028-12-16,2026-10-02
400.0,1261,1725,2028-12-16,2026-10-02
410.0,142,216,2028-12-16,2026-10-02
420.0,300,407,2028-12-16,2026-10-02
430.0,181,187,2028-12-16,2026-10-02
440.0,160,318,2028-12-16,2026-10-02
450.0,439,491,2028-12-16,2026-10-02
460.0,171,191,2028-12-16,2026-10-02
470.0,122,101,2028-12-16,2026-10-02
480.0,156,487,2028-12-16,2026-10-02
490.0,360,204,2028-12-16,2026-10-02
500.0,849,1842,2028-12-16,2026-10-02
510.0,146,154,2028-12-16,2026-10-02
520.0,163,82,2028-12-16,2026-10-02
530.0,220,86,2028-12-16,2026-10-02
540.0,82,215,2028-12-16,2026-10-02
550.0,301,546,2028-12-16,2026-10-02
560.0,81,186,2028-12-16,2026-10-02
570.0,164,239,2028-12-16,2026-10-02
580.0,108,134,2028-12-16,2026-10-02
590.0,180,321,2028-12-16,2026-10-02
600.0,517,1077,2028-12-16,2026-10-02
610.0,104,339,2028-12-16,2026-10-02
620.0,202,146,2028-12-16,2026-10-02
630.0,219,80,2028-12-16,2026-10-02
640.0,84,240,2028-12-16,2026-10-02
650.0,312,533,2028-12-16,2026-10-02
660.0,118,256,2028-12-16,2026-10-02
670.0,137,145,2028-12-16,2026-10-02
680.0,206,260,2028-12-16,2026-10-02
690.0,133,264,2028-12-16,2026-10-02
700.0,1718,1323,2028-12-16,2026-10-02
710.0,694,183,2028-12-16,2026-10-02
720.0,714,153,2028-12-16,2026-10-02
730.0,438,95,2028-12-16,2026-10-02
740.0,487,132,2028-12-16,2026-10-02
750.0,1851,417,2028-12-16,2026-10-02
760.0,947,536,2028-12-16,2026-10-02
780.0,194,362,2028-12-16,2026-10-02
790.0,385,143,2028-12-16,2026-10-02
800.0,943,685,2028-12-16,2026-10-02
810.0,444,93,2028-12-16,2026-10-02
820.0,235,123,2028-12-16,2026-10-02
830.0,131,127,2028-12-16,2026-10-02
840.0,407,108,2028-12-16,2026-10-02
850.0,1083,572,2028-12-16,2026-10-02
860.0,260,311,2028-12-16,2026-10-02
870.0,288,510,2028-12-16,2026-10-02
880.0,288,650,2028-12-16,2026-10-02
890.0,168,362,2028-12-16,2026-10-02
900.0,0,125,2028-12-16,2026-10-02
900.0,1579,1229,2028-12-16,2026-10-02
910.0,1737,238,2028-12-16,2026-10-02
920.0,307,190,2028-12-16,2026-10-02
930.0,378,314,2028-12-16,2026-10-02
940.0,176,150,2028-12-16,2026-10-02
950.0,609,474,2028-12-16,2026-10-02
960.0,253,217,2028-12-16,2026-10-02
970.0,232,216,2028-12-16,2026-10-02
980.0,229,141,2028-12-16,2026-10-02
990.0,241,420,2028-12-16,2026-10-02
1000.0,1524,667,2028-12-16,2026-10-02
1010.0,479,344,2028-12-16,2026-10-02
1020.0,302,305,2028-12-16,2026-10-02
1030.0,177,330,2028-12-16,2026-10-02
1040.0,214,192,2028-12-16,2026-10-02
1050.0,474,339,2028-12-16,2026-10-02
1060.0,639,391,2028-12-16,2026-10-02
1070.0,176,472,2028-12-16,2026-10-02
1080.0,388,1050,2028-12-16,2026-10-02
1090.0,233,279,2028-12-16,2026-10-02
1100.0,787,672,2028-12-16,2026-10-02
1110.0,285,264,2028-12-16,2026-10-02
1120.0,135,216,2028-12-16,2026-10-02
1130.0,41,89,2028-12-16,2026-10-02
1140.0,136,140,2028-12-16,2026-10-02
1150.0,386,420,2028-12-16,2026-10-02
1160.0,72,159,2028-12-16,2026-10-02
1170.0,172,192,2028-12-16,2026-10-02
1180.0,1905,199,2028-12-16,2026-10-02
1190.0,216,239,2028-12-16,2026-10-02
1200.0,1555,1105,2028-12-16,2026-10-02
1210.0,141,136,2028-12-16,2026-10-02
1220.0,316,199,2028-12-16,2026-10-02
1230.0,160,146,2028-12-16,2026-10-02
1240.0,396,235,2028-12-16,2026-10-02
1250.0,589,128,2028-12-16,2026-10-02
1260.0,220,339,2028-12-16,2026-10-02
1270.0,225,290,2028-12-16,2026-10-02
1280.0,451,383,2028-12-16,2026-10-02
1290.0,162,92,2028-12-16,2026-10-02
1300.0,1068,339,2028-12-16,2026-10-02
1310.0,62,92,2028-12-16,2026-10-02
1320.0,101,189,2028-12-16,2026-10-02
1330.0,38,196,2028-12-16,2026-10-02
1340.0,98,155,2028-12-16,2026-10-02
1350.0,284,244,2028-12-16,2026-10-02
1360.0,163,77,2028-12-16,2026-10-02
1370.0,23,176,2028-12-16,2026-10-02
1380.0,347,217,2028-12-16,2026-10-02
1390.0,287,159,2028-12-16,2026-10-02
1400.0,2341,825,2028-12-16,2026-10-02
1410.0,129,178,2028-12-16,2026-10-02
1420.0,736,306,2028-12-16,2026-10-02
1430.0,93,105,2028-12-16,2026-10-02
1440.0,418,347,2028-12-16,2026-10-02
1450.0,268,191,2028-12-16,2026-10-02
1460.0,79,100,2028-12-16,2026-10-02
1470.0,292,151,2028-12-16,2026-10-02
1480.0,434,407,2028-12-16,2026-10-02
1490.0,93,246,2028-12-16,2026-10-02
1500.0,2584,614,2028-12-16,2026-10-02
1510.0,161,28,2028-12-16,2026-10-02
1520.0,86,129,2028-12-16,2026-10-02
1530.0,146,123,2028-12-16,2026-10-02
1540.0,313,190,2028-12-16,2026-10-02
1550.0,264,39,2028-12-16,2026-10-02
1560.0,162,85,2028-12-16,2026-10-02
1570.0,44,22,2028-12-16,2026-10-02
1580.0,150,121,2028-12-16,2026-10-02
1590.0,57,52,2028-12-16,2026-10-02
1600.0,474,734,2028-12-16,2026-10-02
1610.0,51,94,2028-12-16,2026-10-02
1620.0,437,301,2028-12-16,2026-10-02
1630.0,894,39,2028-12-16,2026-10-02
1640.0,20,10,2028-12-16,2026-10-02
1650.0,175,67,2028-12-16,2026-10-02
1660.0,79,18,2028-12-16,2026-10-02
1670.0,100,16,2028-12-16,2026-10-02
1680.0,289,129,2028-12-16,2026-10-02
1690.0,61,58,2028-12-16,2026-10-02
1700.0,1389,731,2028-12-16,2026-10-02
1710.0,86,216,2028-12-16,2026-10-02
1720.0,338,59,2028-12-16,2026-10-02
1730.0,42,106,2028-12-16,2026-10-02
1740.0,371,194,2028-12-16,2026-10-02
1750.0,188,285,2028-12-16,2026-10-02
1760.0,171,90,2028-12-16,2026-10-02
1770.0,105,31,2028-12-16,2026-10-02
1780.0,50,113,2028-12-16,2026-10-02
1790.0,103,127,2028-12-16,2026-10-02
1800.0,543,318,2028-12-16,2026-10-02
1810.0,145,234,2028-12-16,2026-10-02
1820.0,196,63,2028-12-16,2026-10-02
1830.0,218,67,2028-12-16,2026-10-02
1840.0,286,10,2028-12-16,2026-10-02
1850.0,294,221,2028-12-16,2026-10-02
1860.0,293,47,2028-12-16,2026-10-02
1870.0,244,48,2028-12-16,2026-10-02
1880.0,285,343,2028-12-16,2026-10-02
1890.0,246,234,2028-12-16,2026-10-02
1900.0,170,548,2028-12-16,2026-10-02
1910.0,278,24,2028-12-16,2026-10-02
1920.0,88,11,2028-12-16,2026-10-02
1930.0,86,33,2028-12-16,2026-10-02
1940.0,26,51,2028-12-16,2026-10-02
1950.0,177,10,2028-12-16,2026-10-02
1960.0,71,6,2028-12-16,2026-10-02
1970.0,415,23,2028-12-16,2026-10-02
1980.0,235,315,2028-12-16,2026-10-02
1990.0,58,219,2028-12-16,2026-10-02
2000.0,125,0,2028-12-16,2026-10-02
2000.0,652,265,2028-12-16,2026-10-02
2010.0,74,107,2028-12-16,2026-10-02
2020.0,121,4,2028-12-16,2026-10-02
2030.0,23,1,2028-12-16,2026-10-02
2040.0,424,48,2028-12-16,2026-10-02
2050.0,186,411,2028-12-16,2026-10-02
2060.0,18,35,2028-12-16,2026-10-02
2070.0,50,4,2028-12-16,2026-10-02
2080.0,32,109,2028-12-16,2026-10-02
2090.0,64,22,2028-12-16,2026-10-02
2100.0,151,225,2028-12-16,2026-10-02
2110.0,93,267,2028-12-16,2026-10-02
2120.0,49,12,2028-12-16,2026-10-02
2130.0,23,12,2028-12-16,2026-10-02
2140.0,117,21,2028-12-16,2026-10-02
2150.0,79,110,2028-12-16,2026-10-02
2160.0,89,127,2028-12-16,2026-10-02
2170.0,683,20,2028-12-16,2026-10-02
2180.0,133,27,2028-12-16,2026-10-02
2190.0,98,11,2028-12-16,2026-10-02
2200.0,436,236,2028-12-16,2026-10-02
2210.0,217,32,2028-12-16,2026-10-02
2220.0,241,31,2028-12-16,2026-10-02
2230.0,26,14,2028-12-16,2026-10-02
2240.0,141,79,2028-12-16,2026-10-02
2250.0,82,243,2028-12-16,2026-10-02
2260.0,163,55,2028-12-16,2026-10-02
2270.0,18,15,2028-12-16,2026-10-02
2280.0,33,4,2028-12-16,2026-10-02
2290.0,85,23,2028-12-16,2026-10-02
2300.0,168,452,2028-12-16,2026-10-02
2310.0,27,21,2028-12-16,2026-10-02
2320.0,43,10,2028-12-16,2026-10-02
2330.0,159,34,2028-12-16,2026-10-02
2340.0,106,53,2028-12-16,2026-10-02
2350.0,80,66,2028-12-16,2026-10-02
2360.0,74,19,2028-12-16,2026-10-02
2370.0,251,53,2028-12-16,2026-10-02
2380.0,61,318,2028-12-16,2026-10-02
2390.0,97,240,2028-12-16,2026-10-02
2400.0,421,131,2028-12-16,2026-10-02
2410.0,35,97,2028-12-16,2026-10-02
2420.0,462,31,2028-12-16,2026-10-02
2440.0,106,53,2028-12-16,2026-10-02
2460.0,107,63,2028-12-16,2026-10-02
2480.0,362,124,2028-12-16,2026-10-02
2500.0,3101,128,2028-12-16,2026-10-02
5.0,14,0,2029-01-20,2026-10-02
10.0,1,0,2029-01-20,2026-10-02
15.0,0,0,2029-01-20,2026-10-02
20.0,0,0,2029-01-20,2026-10-02
25.0,0,0,2029-01-20,2026-10-02
30.0,1,1,2029-01-20,2026-10-02
35.0,0,0,2029-01-20,2026-10-02
40.0,0,1,2029-01-20,2026-10-02
45.0,0,0,2029-01-20,2026-10-02
50.0,0,0,2029-01-20,2026-10-02
55.0,0,0,2029-01-20,2026-10-02
60.0,0,0,2029-01-20,2026-10-02
65.0,0,0,2029-01-20,2026-10-02
70.0,1,0,2029-01-20,2026-10-02
75.0,16,1,2029-01-20,2026-10-02
80.0,4,3,2029-01-20,2026-10-02
85.0,0,25,2029-01-20,2026-10-02
90.0,2,4,2029-01-20,2026-10-02
95.0,0,0,2029-01-20,2026-10-02
100.0,1,66,2029-01-20,2026-10-02
105.0,0,197,2029-01-20,2026-10-02
110.0,0,2,2029-01-20,2026-10-02
115.0,0,1,2029-01-20,2026-10-02
120.0,0,2,2029-01-20,2026-10-02
125.0,0,0,2029-01-20,2026-10-02
130.0,0,0,2029-01-20,2026-10-02
135.0,0,10,2029-01-20,2026-10-02
140.0,1,10,2029-01-20,2026-10-02
145.0,0,0,2029-01-20,2026-10-02
150.0,1,41,2029-01-20,2026-10-02
160.0,0,1,2029-01-20,2026-10-02
165.0,0,0,2029-01-20,2026-10-02
170.0,0,0,2029-01-20,2026-10-02
175.0,2,1,2029-01-20,2026-10-02
180.0,11,0,2029-01-20,2026-10-02
185.0,0,0,2029-01-20,2026-10-02
190.0,0,1,2029-01-20,2026-10-02
195.0,0,4,2029-01-20,2026-10-02
200.0,5,61,2029-01-20,2026-10-02
210.0,1,3,2029-01-20,2026-10-02
220.0,0,5,2029-01-20,2026-10-02
230.0,1,2,2029-01-20,2026-10-02
240.0,2,1,2029-01-20,2026-10-02
250.0,3,2,2029-01-20,2026-10-02
260.0,0,0,2029-01-20,2026-10-02
270.0,1,1,2029-01-20,2026-10-02
280.0,0,17,2029-01-20,2026-10-02
290.0,0,19,2029-01-20,2026-10-02
300.0,1,19,2029-01-20,2026-10-02
310.0,3,1,2029-01-20,2026-10-02
320.0,0,0,2029-01-20,2026-10-02
330.0,0,2,2029-01-20,2026-10-02
340.0,1,0,2029-01-20,2026-10-02
350.0,0,15,2029-01-20,2026-10-02
360.0,1,2,2029-01-20,2026-10-02
370.0,3,2,2029-01-20,2026-10-02
380.0,2,5,2029-01-20,2026-10-02
390.0,1,4,2029-01-20,2026-10-02
400.0,3,28,2029-01-20,2026-10-02
410.0,0,3,2029-01-20,2026-10-02
420.0,1,2,2029-01-20,2026-10-02
430.0,0,3,2029-01-20,2026-10-02
440.0,0,7,2029-01-20,2026-10-02
450.0,4,33,2029-01-20,2026-10-02
460.0,0,4,2029-01-20,2026-10-02
470.0,1,7,2029-01-20,2026-10-02
480.0,0,4,2029-01-20,2026-10-02
490.0,0,8,2029-01-20,2026-10-02
500.0,17,26,2029-01-20,2026-10-02
510.0,0,16,2029-01-20,2026-10-02
520.0,0,15,2029-01-20,2026-10-02
530.0,0,4,2029-01-20,2026-10-02
540.0,0,10,2029-01-20,2026-10-02
550.0,9,47,2029-01-20,2026-10-02
560.0,5,13,2029-01-20,2026-10-02
570.0,1,24,2029-01-20,2026-10-02
580.0,3,6,2029-01-20,2026-10-02
590.0,2,29,2029-01-20,2026-10-02
600.0,12,28,2029-01-20,2026-10-02
610.0,1,33,2029-01-20,2026-10-02
620.0,1,11,2029-01-20,2026-10-02
630.0,2,13,2029-01-20,2026-10-02
640.0,11,8,2029-01-20,2026-10-02
650.0,1,16,2029-01-20,2026-10-02
660.0,2,4,2029-01-20,2026-10-02
670.0,0,10,2029-01-20,2026-10-02
680.0,3,3,2029-01-20,2026-10-02
690.0,1,6,2029-01-20,2026-10-02
700.0,31,27,2029-01-20,2026-10-02
710.0,1,12,2029-01-20,2026-10-02
720.0,12,5,2029-01-20,2026-10-02
730.0,4,5,2029-01-20,2026-10-02
740.0,9,47,2029-01-20,2026-10-02
750.0,10,12,2029-01-20,2026-10-02
760.0,7,8,2029-01-20,2026-10-02
770.0,12,4,2029-01-20,2026-10-02
780.0,18,4,2029-01-20,2026-10-02
790.0,3,28,2029-01-20,2026-10-02
800.0,126,433,2029-01-20,2026-10-02
810.0,2,6,2029-01-20,2026-10-02
820.0,2,5,2029-01-20,2026-10-02
830.0,13,29,2029-01-20,2026-10-02
840.0,20,31,2029-01-20,2026-10-02
850.0,22,9,2029-01-20,2026-10-02
860.0,8,13,2029-01-20,2026-10-02
870.0,3,12,2029-01-20,2026-10-02
880.0,4,37,2029-01-20,2026-10-02
890.0,1,1,2029-01-20,2026-10-02
900.0,153,161,2029-01-20,2026-10-02
910.0,2,25,2029-01-20,2026-10-02
920.0,22,9,2029-01-20,2026-10-02
930.0,28,8,2029-01-20,2026-10-02
940.0,7,7,2029-01-20,2026-10-02
950.0,17,12,2029-01-20,2026-10-02
960.0,4,12,2029-01-20,2026-10-02
970.0,4,17,2029-01-20,2026-10-02
980.0,14,6,2029-01-20,2026-10-02
990.0,4,4,2029-01-20,2026-10-02
1000.0,116,145,2029-01-20,2026-10-02
1010.0,1,0,2029-01-20,2026-10-02
1020.0,11,2,2029-01-20,2026-10-02
1030.0,29,40,2029-01-20,2026-10-02
1040.0,22,15,2029-01-20,2026-10-02
1050.0,30,38,2029-01-20,2026-10-02
1060.0,34,44,2029-01-20,2026-10-02
1070.0,75,413,2029-01-20,2026-10-02
1080.0,31,38,2029-01-20,2026-10-02
1090.0,15,34,2029-01-20,2026-10-02
1100.0,56,70,2029-01-20,2026-10-02
1110.0,7,7,2029-01-20,2026-10-02
1120.0,4,2,2029-01-20,2026-10-02
1130.0,28,41,2029-01-20,2026-10-02
1140.0,0,4,2029-01-20,2026-10-02
1150.0,85,124,2029-01-20,2026-10-02
1160.0,4,4,2029-01-20,2026-10-02
1170.0,3,1,2029-01-20,2026-10-02
1180.0,16,1,2029-01-20,2026-10-02
1190.0,10,25,2029-01-20,2026-10-02
1200.0,212,32,2029-01-20,2026-10-02
1210.0,14,39,2029-01-20,2026-10-02
1220.0,147,305,2029-01-20,2026-10-02
1230.0,16,25,2029-01-20,2026-10-02
1240.0,23,40,2029-01-20,2026-10-02
1250.0,96,385,2029-01-20,2026-10-02
1260.0,4,2,2029-01-20,2026-10-02
1270.0,4,15,2029-01-20,2026-10-02
1280.0,1,1,2029-01-20,2026-10-02
1290.0,5,1,2029-01-20,2026-10-02
1300.0,125,54,2029-01-20,2026-10-02
1310.0,3,0,2029-01-20,2026-10-02
1320.0,2,0,2029-01-20,2026-10-02
1330.0,9,1,2029-01-20,2026-10-02
1340.0,0,1,2029-01-20,2026-10-02
1350.0,4,1,2029-01-20,2026-10-02
1360.0,0,18,2029-01-20,2026-10-02
1370.0,65,116,2029-01-20,2026-10-02
1380.0,1,25,2029-01-20,2026-10-02
1390.0,12,37,2029-01-20,2026-10-02
1400.0,117,368,2029-01-20,2026-10-02
1410.0,5,2,2029-01-20,2026-10-02
1420.0,0,1,2029-01-20,2026-10-02
1430.0,3,0,2029-01-20,2026-10-02
1440.0,4,40,2029-01-20,2026-10-02
1450.0,50,2,2029-01-20,2026-10-02
1460.0,51,11,2029-01-20,2026-10-02
1470.0,5,0,2029-01-20,2026-10-02
1480.0,3,1,2029-01-20,2026-10-02
1490.0,5,21,2029-01-20,2026-10-02
1500.0,38,52,2029-01-20,2026-10-02
1510.0,12,0,2029-01-20,2026-10-02
1520.0,5,0,2029-01-20,2026-10-02
1530.0,2,0,2029-01-20,2026-10-02
1540.0,27,49,2029-01-20,2026-10-02
1550.0,175,1,2029-01-20,2026-10-02
1560.0,29,0,2029-01-20,2026-10-02
1570.0,0,14,2029-01-20,2026-10-02
1580.0,7,3,2029-01-20,2026-10-02
1590.0,0,1,2029-01-20,2026-10-02
1600.0,139,46,2029-01-20,2026-10-02
1610.0,0,0,2029-01-20,2026-10-02
1620.0,11,2,2029-01-20,2026-10-02
1630.0,1,0,2029-01-20,2026-10-02
1640.0,16,45,2029-01-20,2026-10-02
1650.0,177,1,2029-01-20,2026-10-02
1660.0,60,0,2029-01-20,2026-10-02
1670.0,2,15,2029-01-20,2026-10-02
1680.0,7,3,2029-01-20,2026-10-02
1690.0,174,0,2029-01-20,2026-10-02
1700.0,95,10,2029-01-20,2026-10-02
1710.0,25,14,2029-01-20,2026-10-02
1720.0,4,2,2029-01-20,2026-10-02
1730.0,2,0,2029-01-20,2026-10-02
1740.0,102,50,2029-01-20,2026-10-02
1750.0,5,3,2029-01-20,2026-10-02
1760.0,0,24,2029-01-20,2026-10-02
1770.0,1,0,2029-01-20,2026-10-02
1780.0,30,0,2029-01-20,2026-10-02
1790.0,180,21,2029-01-20,2026-10-02
1800.0,45,1,2029-01-20,2026-10-02
1810.0,12,19,2029-01-20,2026-10-02
1820.0,14,3,2029-01-20,2026-10-02
1840.0,198,71,2029-01-20,2026-10-02
