Strike,Call,Put,Expiry,Date
5.0,0,33,2026-09-26,2026-09-28
10.0,0,0,2026-09-26,2026-09-28
15.0,0,0,2026-09-26,2026-09-28
20.0,0,5,2026-09-26,2026-09-28
25.0,0,0,2026-09-26,2026-09-28
30.0,0,0,2026-09-26,2026-09-28
35.0,0,0,2026-09-26,2026-09-28
40.0,0,0,2026-09-26,2026-09-28
45.0,0,0,2026-09-26,2026-09-28
50.0,0,0,2026-09-26,2026-09-28
55.0,0,12,2026-09-26,2026-09-28
60.0,0,0,2026-09-26,2026-09-28
65.0,0,21,2026-09-26,2026-09-28
70.0,0,0,2026-09-26,2026-09-28
75.0,0,10,2026-09-26,2026-09-28
80.0,0,17,2026-09-26,2026-09-28
85.0,0,0,2026-09-26,2026-09-28
90.0,0,0,2026-09-26,2026-09-28
95.0,0,0,2026-09-26,2026-09-28
100.0,0,44,2026-09-26,2026-09-28
105.0,0,0,2026-09-26,2026-09-28
110.0,0,0,2026-09-26,2026-09-28
115.0,0,1,2026-09-26,2026-09-28
120.0,0,1,2026-09-26,2026-09-28
125.0,0,0,2026-09-26,2026-09-28
130.0,0,1,2026-09-26,2026-09-28
135.0,0,0,2026-09-26,2026-09-28
140.0,0,0,2026-09-26,2026-09-28
145.0,0,2,2026-09-26,2026-09-28
150.0,0,0,2026-09-26,2026-09-28
155.0,0,1,2026-09-26,2026-09-28
160.0,0,1,2026-09-26,2026-09-28
165.0,0,1,2026-09-26,2026-09-28
170.0,0,2,2026-09-26,2026-09-28
175.0,0,0,2026-09-26,2026-09-28
180.0,0,0,2026-09-26,2026-09-28
185.0,0,2507,2026-09-26,2026-09-28
190.0,0,11669,2026-09-26,2026-09-28
195.0,0,644,2026-09-26,2026-09-28
200.0,0,1594,2026-09-26,2026-09-28
205.0,0,1004,2026-09-26,2026-09-28
210.0,0,1000,2026-09-26,2026-09-28
215.0,0,1000,2026-09-26,2026-09-28
220.0,0,997,2026-09-26,2026-09-28
225.0,0,1026,2026-09-26,2026-09-28
230.0,0,1892,2026-09-26,2026-09-28
235.0,0,377,2026-09-26,2026-09-28
240.0,0,342,2026-09-26,2026-09-28
245.0,0,333,2026-09-26,2026-09-28
250.0,0,291,2026-09-26,2026-09-28
255.0,0,243,2026-09-26,2026-09-28
260.0,0,668,2026-09-26,2026-09-28
265.0,0,526,2026-09-26,2026-09-28
270.0,0,565,2026-09-26,2026-09-28
275.0,0,301,2026-09-26,2026-09-28
280.0,0,198,2026-09-26,2026-09-28
285.0,0,330,2026-09-26,2026-09-28
290.0,0,299,2026-09-26,2026-09-28
295.0,0,370,2026-09-26,2026-09-28
300.0,0,920,2026-09-26,2026-09-28
305.0,0,252,2026-09-26,2026-09-28
310.0,0,109,2026-09-26,2026-09-28
315.0,0,171,2026-09-26,2026-09-28
320.0,0,172,2026-09-26,2026-09-28
325.0,0,400,2026-09-26,2026-09-28
330.0,0,175,2026-09-26,2026-09-28
335.0,0,509,2026-09-26,2026-09-28
340.0,0,133,2026-09-26,2026-09-28
345.0,0,115,2026-09-26,2026-09-28
350.0,0,394,2026-09-26,2026-09-28
355.0,0,177,2026-09-26,2026-09-28
360.0,0,198,2026-09-26,2026-09-28
365.0,0,1689,2026-09-26,2026-09-28
370.0,0,166,2026-09-26,2026-09-28
375.0,0,182,2026-09-26,2026-09-28
380.0,0,739,2026-09-26,2026-09-28
385.0,0,417,2026-09-26,2026-09-28
390.0,0,556,2026-09-26,2026-09-28
395.0,0,399,2026-09-26,2026-09-28
400.0,0,455,2026-09-26,2026-09-28
405.0,0,52,2026-09-26,2026-09-28
410.0,0,68,2026-09-26,2026-09-28
415.0,0,330,2026-09-26,2026-09-28
420.0,0,64,2026-09-26,2026-09-28
425.0,0,155,2026-09-26,2026-09-28
430.0,0,34,2026-09-26,2026-09-28
435.0,0,77,2026-09-26,2026-09-28
440.0,0,62,2026-09-26,2026-09-28
445.0,0,60,2026-09-26,2026-09-28
450.0,0,106,2026-09-26,2026-09-28
455.0,0,71,2026-09-26,2026-09-28
460.0,0,71,2026-09-26,2026-09-28
465.0,0,21,2026-09-26,2026-09-28
470.0,0,55,2026-09-26,2026-09-28
475.0,0,45,2026-09-26,2026-09-28
480.0,0,205,2026-09-26,2026-09-28
485.0,0,73,2026-09-26,2026-09-28
490.0,0,44,2026-09-26,2026-09-28
495.0,0,739,2026-09-26,2026-09-28
500.0,0,306,2026-09-26,2026-09-28
505.0,0,168,2026-09-26,2026-09-28
510.0,0,260,2026-09-26,2026-09-28
515.0,0,95,2026-09-26,2026-09-28
520.0,0,66,2026-09-26,2026-09-28
525.0,0,96,2026-09-26,2026-09-28
530.0,0,73,2026-09-26,2026-09-28
535.0,0,136,2026-09-26,2026-09-28
540.0,0,290,2026-09-26,2026-09-28
545.0,0,361,2026-09-26,2026-09-28
550.0,0,4407,2026-09-26,2026-09-28
555.0,0,8582,2026-09-26,2026-09-28
560.0,0,419,2026-09-26,2026-09-28
565.0,0,266,2026-09-26,2026-09-28
570.0,0,94,2026-09-26,2026-09-28
575.0,0,122,2026-09-26,2026-09-28
580.0,0,242,2026-09-26,2026-09-28
585.0,0,69,2026-09-26,2026-09-28
590.0,0,2934,2026-09-26,2026-09-28
595.0,0,5531,2026-09-26,2026-09-28
600.0,0,26886,2026-09-26,2026-09-28
605.0,0,743,2026-09-26,2026-09-28
610.0,0,871,2026-09-26,2026-09-28
615.0,0,1358,2026-09-26,2026-09-28
620.0,0,4129,2026-09-26,2026-09-28
625.0,0,1195,2026-09-26,2026-09-28
630.0,0,269,2026-09-26,2026-09-28
635.0,0,180,2026-09-26,2026-09-28
640.0,0,203,2026-09-26,2026-09-28
645.0,0,379,2026-09-26,2026-09-28
650.0,0,1473,2026-09-26,2026-09-28
655.0,0,56,2026-09-26,2026-09-28
660.0,0,264,2026-09-26,2026-09-28
665.0,0,325,2026-09-26,2026-09-28
670.0,0,131,2026-09-26,2026-09-28
675.0,0,242,2026-09-26,2026-09-28
680.0,0,315,2026-09-26,2026-09-28
685.0,0,447,2026-09-26,2026-09-28
690.0,0,293,2026-09-26,2026-09-28
695.0,0,268,2026-09-26,2026-09-28
700.0,0,3313,2026-09-26,2026-09-28
705.0,0,143,2026-09-26,2026-09-28
710.0,0,252,2026-09-26,2026-09-28
715.0,0,336,2026-09-26,2026-09-28
720.0,0,1426,2026-09-26,2026-09-28
725.0,0,763,2026-09-26,2026-09-28
730.0,0,855,2026-09-26,2026-09-28
735.0,0,269,2026-09-26,2026-09-28
740.0,0,557,2026-09-26,2026-09-28
745.0,0,241,2026-09-26,2026-09-28
750.0,0,2384,2026-09-26,2026-09-28
755.0,0,184,2026-09-26,2026-09-28
760.0,0,222,2026-09-26,2026-09-28
765.0,0,247,2026-09-26,2026-09-28
770.0,0,537,2026-09-26,2026-09-28
775.0,0,351,2026-09-26,2026-09-28
780.0,0,240,2026-09-26,2026-09-28
785.0,0,145,2026-09-26,2026-09-28
790.0,0,620,2026-09-26,2026-09-28
795.0,0,334,2026-09-26,2026-09-28
800.0,0,1914,2026-09-26,2026-09-28
805.0,0,346,2026-09-26,2026-09-28
810.0,0,1089,2026-09-26,2026-09-28
815.0,0,440,2026-09-26,2026-09-28
820.0,0,1613,2026-09-26,2026-09-28
825.0,0,439,2026-09-26,2026-09-28
830.0,0,1033,2026-09-26,2026-09-28
835.0,0,375,2026-09-26,2026-09-28
840.0,0,896,2026-09-26,2026-09-28
845.0,0,276,2026-09-26,2026-09-28
850.0,0,3145,2026-09-26,2026-09-28
855.0,0,683,2026-09-26,2026-09-28
860.0,0,1202,2026-09-26,2026-09-28
865.0,0,340,2026-09-26,2026-09-28
870.0,0,601,2026-09-26,2026-09-28
875.0,0,656,2026-09-26,2026-09-28
880.0,0,1090,2026-09-26,2026-09-28
885.0,0,623,2026-09-26,2026-09-28
890.0,0,0,2026-09-26,2026-09-28
890.0,0,839,2026-09-26,2026-09-28
895.0,0,1641,2026-09-26,2026-09-28
900.0,0,3597,2026-09-26,2026-09-28
901.0,0,2500,2026-09-26,2026-09-28
905.0,0,874,2026-09-26,2026-09-28
910.0,0,1805,2026-09-26,2026-09-28
915.0,0,587,2026-09-26,2026-09-28
920.0,0,130,2026-09-26,2026-09-28
920.0,0,1313,2026-09-26,2026-09-28
925.0,0,657,2026-09-26,2026-09-28
930.0,0,2424,2026-09-26,2026-09-28
935.0,0,760,2026-09-26,2026-09-28
940.0,0,1792,2026-09-26,2026-09-28
945.0,0,460,2026-09-26,2026-09-28
950.0,0,2074,2026-09-26,2026-09-28
952.5,0,191,2026-09-26,2026-09-28
955.0,0,445,2026-09-26,2026-09-28
957.5,0,312,2026-09-26,2026-09-28
960.0,0,1317,2026-09-26,2026-09-28
965.0,0,1349,2026-09-26,2026-09-28
970.0,0,1866,2026-09-26,2026-09-28
975.0,0,985,2026-09-26,2026-09-28
980.0,0,1275,2026-09-26,2026-09-28
985.0,0,931,2026-09-26,2026-09-28
990.0,0,2002,2026-09-26,2026-09-28
995.0,0,1008,2026-09-26,2026-09-28
1000.0,0,6572,2026-09-26,2026-09-28
1005.0,0,704,2026-09-26,2026-09-28
1010.0,0,2082,2026-09-26,2026-09-28
1015.0,0,1186,2026-09-26,2026-09-28
1017.5,0,490,2026-09-26,2026-09-28
1020.0,0,1426,2026-09-26,2026-09-28
1022.5,0,250,2026-09-26,2026-09-28
1025.0,0,1517,2026-09-26,2026-09-28
1027.5,0,289,2026-09-26,2026-09-28
1030.0,0,1395,2026-09-26,2026-09-28
1032.5,0,323,2026-09-26,2026-09-28
1035.0,0,10622,2026-09-26,2026-09-28
1037.5,0,669,2026-09-26,2026-09-28
1040.0,0,3512,2026-09-26,2026-09-28
1045.0,0,1093,2026-09-26,2026-09-28
1050.0,0,3730,2026-09-26,2026-09-28
1055.0,0,2606,2026-09-26,2026-09-28
1060.0,0,2110,2026-09-26,2026-09-28
1065.0,0,1271,2026-09-26,2026-09-28
1070.0,0,3036,2026-09-26,2026-09-28
1075.0,0,1733,2026-09-26,2026-09-28
1080.0,1,2529,2026-09-26,2026-09-28
1085.0,2582,0,2026-09-26,2026-09-28
1090.0,5222,0,2026-09-26,2026-09-28
1095.0,3751,0,2026-09-26,2026-09-28
1100.0,10259,0,2026-09-26,2026-09-28
1105.0,3035,0,2026-09-26,2026-09-28
1110.0,5846,0,2026-09-26,2026-09-28
1115.0,2056,0,2026-09-26,2026-09-28
1120.0,7425,0,2026-09-26,2026-09-28
1125.0,3260,0,2026-09-26,2026-09-28
1130.0,4717,0,2026-09-26,2026-09-28
1135.0,1515,0,2026-09-26,2026-09-28
1140.0,2958,0,2026-09-26,2026-09-28
1145.0,3293,0,2026-09-26,2026-09-28
1150.0,7576,0,2026-09-26,2026-09-28
1155.0,821,0,2026-09-26,2026-09-28
1160.0,1498,0,2026-09-26,2026-09-28
1165.0,1039,0,2026-09-26,2026-09-28
1170.0,732,0,2026-09-26,2026-09-28
1175.0,920,0,2026-09-26,2026-09-28
1180.0,1147,0,2026-09-26,2026-09-28
1185.0,696,0,2026-09-26,2026-09-28
1190.0,671,0,2026-09-26,2026-09-28
1195.0,820,0,2026-09-26,2026-09-28
1200.0,9561,0,2026-09-26,2026-09-28
1205.0,308,0,2026-09-26,2026-09-28
1210.0,1116,0,2026-09-26,2026-09-28
1215.0,898,0,2026-09-26,2026-09-28
1220.0,1557,0,2026-09-26,2026-09-28
1225.0,930,0,2026-09-26,2026-09-28
1230.0,926,0,2026-09-26,2026-09-28
1235.0,110,0,2026-09-26,2026-09-28
1240.0,1028,0,2026-09-26,2026-09-28
1245.0,137,0,2026-09-26,2026-09-28
1250.0,2993,0,2026-09-26,2026-09-28
1255.0,141,0,2026-09-26,2026-09-28
1260.0,439,0,2026-09-26,2026-09-28
1265.0,232,0,2026-09-26,2026-09-28
1270.0,491,0,2026-09-26,2026-09-28
1275.0,118,0,2026-09-26,2026-09-28
1280.0,236,0,2026-09-26,2026-09-28
1285.0,21,0,2026-09-26,2026-09-28
1290.0,240,0,2026-09-26,2026-09-28
1295.0,83,0,2026-09-26,2026-09-28
1300.0,2991,0,2026-09-26,2026-09-28
1305.0,90,0,2026-09-26,2026-09-28
1310.0,20,0,2026-09-26,2026-09-28
1310.0,421,0,2026-09-26,2026-09-28
1315.0,114,0,2026-09-26,2026-09-28
1320.0,159,0,2026-09-26,2026-09-28
1325.0,43,0,2026-09-26,2026-09-28
1330.0,75,0,2026-09-26,2026-09-28
1335.0,438,0,2026-09-26,2026-09-28
1340.0,158,0,2026-09-26,2026-09-28
1345.0,60,0,2026-09-26,2026-09-28
1350.0,340,0,2026-09-26,2026-09-28
1360.0,97,0,2026-09-26,2026-09-28
1370.0,156,0,2026-09-26,2026-09-28
1380.0,102,0,2026-09-26,2026-09-28
1390.0,113,0,2026-09-26,2026-09-28
1400.0,543,0,2026-09-26,2026-09-28
1410.0,171,0,2026-09-26,2026-09-28
1420.0,20,0,2026-09-26,2026-09-28
1420.0,289,0,2026-09-26,2026-09-28
1430.0,269,0,2026-09-26,2026-09-28
1440.0,81,0,2026-09-26,2026-09-28
1450.0,94,0,2026-09-26,2026-09-28
1460.0,190,0,2026-09-26,2026-09-28
1470.0,62,0,2026-09-26,2026-09-28
1480.0,230,0,2026-09-26,2026-09-28
1490.0,129,0,2026-09-26,2026-09-28
1500.0,1222,0,2026-09-26,2026-09-28
1510.0,122,0,2026-09-26,2026-09-28
1520.0,111,0,2026-09-26,2026-09-28
1530.0,54,0,2026-09-26,2026-09-28
1540.0,134,0,2026-09-26,2026-09-28
1550.0,349,0,2026-09-26,2026-09-28
1560.0,108,0,2026-09-26,2026-09-28
1570.0,54,0,2026-09-26,2026-09-28
1580.0,14,0,2026-09-26,2026-09-28
1590.0,28,0,2026-09-26,2026-09-28
1600.0,584,0,2026-09-26,2026-09-28
1610.0,45,0,2026-09-26,2026-09-28
1620.0,81,0,2026-09-26,2026-09-28
1630.0,17,0,2026-09-26,2026-09-28
1640.0,25,0,2026-09-26,2026-09-28
1650.0,24,0,2026-09-26,2026-09-28
1660.0,29,0,2026-09-26,2026-09-28
1670.0,122,0,2026-09-26,2026-09-28
1680.0,91,0,2026-09-26,2026-09-28
1690.0,47,0,2026-09-26,2026-09-28
1700.0,98,0,2026-09-26,2026-09-28
1710.0,25,0,2026-09-26,2026-09-28
1720.0,63,0,2026-09-26,2026-09-28
1730.0,957,0,2026-09-26,2026-09-28
600.0,0,14,2026-09-29,2026-09-28
610.0,0,30,2026-09-29,2026-09-28
620.0,0,28,2026-09-29,2026-09-28
630.0,0,4,2026-09-29,2026-09-28
640.0,0,2,2026-09-29,2026-09-28
650.0,0,203,2026-09-29,2026-09-28
660.0,1,14,2026-09-29,2026-09-28
670.0,0,45,2026-09-29,2026-09-28
680.0,0,107,2026-09-29,2026-09-28
690.0,0,88,2026-09-29,2026-09-28
700.0,2,169,2026-09-29,2026-09-28
710.0,1,35,2026-09-29,2026-09-28
720.0,0,38,2026-09-29,2026-09-28
730.0,0,46,2026-09-29,2026-09-28
740.0,0,40,2026-09-29,2026-09-28
750.0,0,29,2026-09-29,2026-09-28
760.0,0,157,2026-09-29,2026-09-28
770.0,2,16,2026-09-29,2026-09-28
775.0,0,10,2026-09-29,2026-09-28
780.0,0,65,2026-09-29,2026-09-28
785.0,0,941,2026-09-29,2026-09-28
790.0,3,50,2026-09-29,2026-09-28
795.0,0,19,2026-09-29,2026-09-28
800.0,10,74,2026-09-29,2026-09-28
805.0,0,31,2026-09-29,2026-09-28
810.0,4,32,2026-09-29,2026-09-28
815.0,0,93,2026-09-29,2026-09-28
820.0,1,165,2026-09-29,2026-09-28
825.0,0,242,2026-09-29,2026-09-28
830.0,1,278,2026-09-29,2026-09-28
835.0,1,31,2026-09-29,2026-09-28
840.0,0,570,2026-09-29,2026-09-28
845.0,0,31,2026-09-29,2026-09-28
850.0,49,249,2026-09-29,2026-09-28
855.0,8,17,2026-09-29,2026-09-28
860.0,3,46,2026-09-29,2026-09-28
865.0,1,20,2026-09-29,2026-09-28
870.0,18,204,2026-09-29,2026-09-28
875.0,20,707,2026-09-29,2026-09-28
880.0,17,456,2026-09-29,2026-09-28
885.0,5,76,2026-09-29,2026-09-28
890.0,16,64,2026-09-29,2026-09-28
895.0,43,76,2026-09-29,2026-09-28
900.0,575,494,2026-09-29,2026-09-28
905.0,27,93,2026-09-29,2026-09-28
910.0,349,132,2026-09-29,2026-09-28
915.0,17,63,2026-09-29,2026-09-28
920.0,80,391,2026-09-29,2026-09-28
925.0,47,119,2026-09-29,2026-09-28
930.0,241,275,2026-09-29,2026-09-28
935.0,230,102,2026-09-29,2026-09-28
940.0,18,316,2026-09-29,2026-09-28
945.0,54,138,2026-09-29,2026-09-28
950.0,624,579,2026-09-29,2026-09-28
955.0,86,183,2026-09-29,2026-09-28
960.0,104,469,2026-09-29,2026-09-28
965.0,16,278,2026-09-29,2026-09-28
970.0,55,833,2026-09-29,2026-09-28
975.0,79,593,2026-09-29,2026-09-28
980.0,127,800,2026-09-29,2026-09-28
985.0,33,735,2026-09-29,2026-09-28
990.0,115,601,2026-09-29,2026-09-28
995.0,69,338,2026-09-29,2026-09-28
1000.0,654,1823,2026-09-29,2026-09-28
1005.0,154,427,2026-09-29,2026-09-28
1010.0,220,2193,2026-09-29,2026-09-28
1015.0,57,403,2026-09-29,2026-09-28
1020.0,503,2510,2026-09-29,2026-09-28
1025.0,75,793,2026-09-29,2026-09-28
1030.0,311,1219,2026-09-29,2026-09-28
1035.0,129,929,2026-09-29,2026-09-28
1040.0,662,2779,2026-09-29,2026-09-28
1045.0,437,778,2026-09-29,2026-09-28
1050.0,2001,995,2026-09-29,2026-09-28
1055.0,317,1207,2026-09-29,2026-09-28
1060.0,706,1046,2026-09-29,2026-09-28
1065.0,866,460,2026-09-29,2026-09-28
1070.0,1228,1385,2026-09-29,2026-09-28
1075.0,1071,767,2026-09-29,2026-09-28
1080.0,1154,1133,2026-09-29,2026-09-28
1085.0,1513,1502,2026-09-29,2026-09-28
1090.0,1664,734,2026-09-29,2026-09-28
1095.0,730,189,2026-09-29,2026-09-28
1100.0,4357,575,2026-09-29,2026-09-28
1105.0,867,78,2026-09-29,2026-09-28
1110.0,1520,316,2026-09-29,2026-09-28
1115.0,519,23,2026-09-29,2026-09-28
1120.0,1559,27,2026-09-29,2026-09-28
1125.0,1166,17,2026-09-29,2026-09-28
1130.0,1102,43,2026-09-29,2026-09-28
1135.0,816,29,2026-09-29,2026-09-28
1140.0,901,33,2026-09-29,2026-09-28
1145.0,749,13,2026-09-29,2026-09-28
1150.0,3843,25,2026-09-29,2026-09-28
1155.0,343,7,2026-09-29,2026-09-28
1160.0,926,10,2026-09-29,2026-09-28
1165.0,334,5,2026-09-29,2026-09-28
1170.0,397,1,2026-09-29,2026-09-28
1175.0,428,1,2026-09-29,2026-09-28
1180.0,472,6,2026-09-29,2026-09-28
1185.0,174,0,2026-09-29,2026-09-28
1190.0,277,2,2026-09-29,2026-09-28
1195.0,99,0,2026-09-29,2026-09-28
1200.0,5029,0,2026-09-29,2026-09-28
1205.0,50,0,2026-09-29,2026-09-28
1210.0,235,0,2026-09-29,2026-09-28
1215.0,147,0,2026-09-29,2026-09-28
1220.0,300,0,2026-09-29,2026-09-28
1225.0,133,0,2026-09-29,2026-09-28
1230.0,161,0,2026-09-29,2026-09-28
1235.0,54,0,2026-09-29,2026-09-28
1240.0,290,0,2026-09-29,2026-09-28
1245.0,69,0,2026-09-29,2026-09-28
1250.0,1669,0,2026-09-29,2026-09-28
1260.0,179,0,2026-09-29,2026-09-28
1270.0,275,0,2026-09-29,2026-09-28
1280.0,575,0,2026-09-29,2026-09-28
1290.0,175,0,2026-09-29,2026-09-28
1300.0,1185,0,2026-09-29,2026-09-28
1310.0,203,0,2026-09-29,2026-09-28
1320.0,73,0,2026-09-29,2026-09-28
1330.0,57,0,2026-09-29,2026-09-28
1340.0,26,0,2026-09-29,2026-09-28
1350.0,62,0,2026-09-29,2026-09-28
1360.0,27,0,2026-09-29,2026-09-28
1370.0,114,0,2026-09-29,2026-09-28
1380.0,17,0,2026-09-29,2026-09-28
1390.0,40,0,2026-09-29,2026-09-28
1400.0,641,0,2026-09-29,2026-09-28
756.0,0,7,2026-10-01,2026-09-28
1215.0,7,0,2026-10-01,2026-09-28
5.0,0,15,2026-10-03,2026-09-28
10.0,0,3,2026-10-03,2026-09-28
15.0,0,0,2026-10-03,2026-09-28
20.0,0,0,2026-10-03,2026-09-28
25.0,0,0,2026-10-03,2026-09-28
30.0,0,0,2026-10-03,2026-09-28
35.0,0,0,2026-10-03,2026-09-28
40.0,0,0,2026-10-03,2026-09-28
45.0,0,0,2026-10-03,2026-09-28
50.0,0,0,2026-10-03,2026-09-28
55.0,0,0,2026-10-03,2026-09-28
60.0,0,0,2026-10-03,2026-09-28
65.0,0,0,2026-10-03,2026-09-28
70.0,0,0,2026-10-03,2026-09-28
75.0,1,0,2026-10-03,2026-09-28
80.0,1,0,2026-10-03,2026-09-28
85.0,0,0,2026-10-03,2026-09-28
90.0,0,1001,2026-10-03,2026-09-28
95.0,0,988,2026-10-03,2026-09-28
100.0,8,1030,2026-10-03,2026-09-28
105.0,0,11,2026-10-03,2026-09-28
110.0,0,0,2026-10-03,2026-09-28
115.0,0,4,2026-10-03,2026-09-28
120.0,3,0,2026-10-03,2026-09-28
125.0,0,0,2026-10-03,2026-09-28
130.0,3,1,2026-10-03,2026-09-28
135.0,20,2,2026-10-03,2026-09-28
140.0,0,0,2026-10-03,2026-09-28
145.0,0,0,2026-10-03,2026-09-28
150.0,0,2,2026-10-03,2026-09-28
155.0,0,0,2026-10-03,2026-09-28
160.0,0,0,2026-10-03,2026-09-28
165.0,0,0,2026-10-03,2026-09-28
170.0,0,0,2026-10-03,2026-09-28
175.0,0,5,2026-10-03,2026-09-28
180.0,0,0,2026-10-03,2026-09-28
185.0,0,0,2026-10-03,2026-09-28
190.0,1,0,2026-10-03,2026-09-28
195.0,0,0,2026-10-03,2026-09-28
200.0,11,21617,2026-10-03,2026-09-28
205.0,0,826,2026-10-03,2026-09-28
210.0,0,952,2026-10-03,2026-09-28
215.0,0,493,2026-10-03,2026-09-28
220.0,0,292,2026-10-03,2026-09-28
225.0,0,72,2026-10-03,2026-09-28
230.0,0,144,2026-10-03,2026-09-28
235.0,0,99,2026-10-03,2026-09-28
240.0,0,155,2026-10-03,2026-09-28
245.0,0,131,2026-10-03,2026-09-28
250.0,0,96,2026-10-03,2026-09-28
255.0,0,68,2026-10-03,2026-09-28
260.0,0,41,2026-10-03,2026-09-28
265.0,0,60,2026-10-03,2026-09-28
270.0,0,79,2026-10-03,2026-09-28
275.0,0,101,2026-10-03,2026-09-28
280.0,0,88,2026-10-03,2026-09-28
285.0,0,159,2026-10-03,2026-09-28
290.0,1,183,2026-10-03,2026-09-28
295.0,0,238,2026-10-03,2026-09-28
300.0,30,133,2026-10-03,2026-09-28
305.0,0,1190,2026-10-03,2026-09-28
310.0,0,243,2026-10-03,2026-09-28
315.0,0,108,2026-10-03,2026-09-28
320.0,0,171,2026-10-03,2026-09-28
325.0,0,103,2026-10-03,2026-09-28
330.0,0,185,2026-10-03,2026-09-28
335.0,0,75,2026-10-03,2026-09-28
340.0,0,391,2026-10-03,2026-09-28
345.0,0,399,2026-10-03,2026-09-28
350.0,0,239,2026-10-03,2026-09-28
355.0,0,132,2026-10-03,2026-09-28
360.0,0,202,2026-10-03,2026-09-28
365.0,0,117,2026-10-03,2026-09-28
370.0,2,74,2026-10-03,2026-09-28
375.0,0,86,2026-10-03,2026-09-28
380.0,16,129,2026-10-03,2026-09-28
385.0,0,96,2026-10-03,2026-09-28
390.0,1,122,2026-10-03,2026-09-28
395.0,0,378,2026-10-03,2026-09-28
400.0,2,286,2026-10-03,2026-09-28
405.0,1,104,2026-10-03,2026-09-28
410.0,0,97,2026-10-03,2026-09-28
415.0,0,81,2026-10-03,2026-09-28
420.0,0,328,2026-10-03,2026-09-28
425.0,0,45,2026-10-03,2026-09-28
430.0,3,72,2026-10-03,2026-09-28
435.0,0,42,2026-10-03,2026-09-28
440.0,10,128,2026-10-03,2026-09-28
445.0,0,114,2026-10-03,2026-09-28
450.0,2,636,2026-10-03,2026-09-28
455.0,0,44,2026-10-03,2026-09-28
460.0,1,681,2026-10-03,2026-09-28
465.0,0,926,2026-10-03,2026-09-28
470.0,4,67,2026-10-03,2026-09-28
475.0,1,41,2026-10-03,2026-09-28
480.0,1,52,2026-10-03,2026-09-28
485.0,0,166,2026-10-03,2026-09-28
490.0,4,110,2026-10-03,2026-09-28
495.0,3,80,2026-10-03,2026-09-28
500.0,76,1371,2026-10-03,2026-09-28
505.0,26,214,2026-10-03,2026-09-28
510.0,15,75,2026-10-03,2026-09-28
515.0,0,86,2026-10-03,2026-09-28
520.0,10,44,2026-10-03,2026-09-28
525.0,0,101,2026-10-03,2026-09-28
530.0,2,23,2026-10-03,2026-09-28
535.0,0,24,2026-10-03,2026-09-28
540.0,11,19700,2026-10-03,2026-09-28
545.0,2,66,2026-10-03,2026-09-28
550.0,3,84,2026-10-03,2026-09-28
555.0,1,467,2026-10-03,2026-09-28
560.0,0,709,2026-10-03,2026-09-28
565.0,0,18,2026-10-03,2026-09-28
570.0,2,14,2026-10-03,2026-09-28
575.0,0,339,2026-10-03,2026-09-28
580.0,1,682,2026-10-03,2026-09-28
585.0,1,546,2026-10-03,2026-09-28
590.0,4,129,2026-10-03,2026-09-28
595.0,0,136,2026-10-03,2026-09-28
600.0,10,19627,2026-10-03,2026-09-28
605.0,0,60,2026-10-03,2026-09-28
610.0,12,31,2026-10-03,2026-09-28
615.0,0,90,2026-10-03,2026-09-28
620.0,3,192,2026-10-03,2026-09-28
625.0,1,353,2026-10-03,2026-09-28
630.0,1,54,2026-10-03,2026-09-28
635.0,3,110,2026-10-03,2026-09-28
640.0,0,197,2026-10-03,2026-09-28
645.0,0,59,2026-10-03,2026-09-28
650.0,35,12572,2026-10-03,2026-09-28
655.0,1,63,2026-10-03,2026-09-28
660.0,2,267,2026-10-03,2026-09-28
665.0,0,2537,2026-10-03,2026-09-28
670.0,2,336,2026-10-03,2026-09-28
675.0,1,116,2026-10-03,2026-09-28
680.0,1,349,2026-10-03,2026-09-28
685.0,7,481,2026-10-03,2026-09-28
690.0,1,219,2026-10-03,2026-09-28
695.0,2,413,2026-10-03,2026-09-28
700.0,12,1475,2026-10-03,2026-09-28
702.5,0,10,2026-10-03,2026-09-28
705.0,12,55,2026-10-03,2026-09-28
707.5,0,18,2026-10-03,2026-09-28
710.0,3,396,2026-10-03,2026-09-28
712.5,0,5,2026-10-03,2026-09-28
715.0,1,165,2026-10-03,2026-09-28
717.5,0,22,2026-10-03,2026-09-28
720.0,2,1119,2026-10-03,2026-09-28
722.5,2,33,2026-10-03,2026-09-28
725.0,9,369,2026-10-03,2026-09-28
727.5,0,9,2026-10-03,2026-09-28
730.0,1,965,2026-10-03,2026-09-28
732.5,0,6,2026-10-03,2026-09-28
735.0,0,98,2026-10-03,2026-09-28
737.5,0,5,2026-10-03,2026-09-28
740.0,3,311,2026-10-03,2026-09-28
742.5,0,9,2026-10-03,2026-09-28
745.0,2,96,2026-10-03,2026-09-28
747.5,2,12,2026-10-03,2026-09-28
750.0,293,2606,2026-10-03,2026-09-28
755.0,1,70,2026-10-03,2026-09-28
760.0,11,258,2026-10-03,2026-09-28
765.0,2,129,2026-10-03,2026-09-28
770.0,3,604,2026-10-03,2026-09-28
775.0,7,146,2026-10-03,2026-09-28
780.0,18,892,2026-10-03,2026-09-28
785.0,5,112,2026-10-03,2026-09-28
790.0,5,418,2026-10-03,2026-09-28
795.0,10,331,2026-10-03,2026-09-28
800.0,2068,3284,2026-10-03,2026-09-28
805.0,6,244,2026-10-03,2026-09-28
810.0,1022,138,2026-10-03,2026-09-28
815.0,82,115,2026-10-03,2026-09-28
820.0,159,398,2026-10-03,2026-09-28
825.0,25,188,2026-10-03,2026-09-28
830.0,46,719,2026-10-03,2026-09-28
835.0,8,262,2026-10-03,2026-09-28
840.0,35,297,2026-10-03,2026-09-28
845.0,140,86,2026-10-03,2026-09-28
850.0,163,1370,2026-10-03,2026-09-28
855.0,27,327,2026-10-03,2026-09-28
860.0,31,302,2026-10-03,2026-09-28
865.0,123,195,2026-10-03,2026-09-28
870.0,42,433,2026-10-03,2026-09-28
875.0,79,399,2026-10-03,2026-09-28
880.0,74,701,2026-10-03,2026-09-28
885.0,42,320,2026-10-03,2026-09-28
890.0,131,793,2026-10-03,2026-09-28
895.0,81,322,2026-10-03,2026-09-28
900.0,883,2849,2026-10-03,2026-09-28
905.0,57,861,2026-10-03,2026-09-28
910.0,1278,597,2026-10-03,2026-09-28
915.0,112,243,2026-10-03,2026-09-28
920.0,770,1168,2026-10-03,2026-09-28
925.0,588,924,2026-10-03,2026-09-28
930.0,536,1892,2026-10-03,2026-09-28
935.0,153,499,2026-10-03,2026-09-28
940.0,459,563,2026-10-03,2026-09-28
945.0,119,271,2026-10-03,2026-09-28
950.0,1600,1600,2026-10-03,2026-09-28
950.0,1215,2751,2026-10-03,2026-09-28
952.5,11,256,2026-10-03,2026-09-28
955.0,198,236,2026-10-03,2026-09-28
957.5,40,97,2026-10-03,2026-09-28
960.0,730,467,2026-10-03,2026-09-28
965.0,232,456,2026-10-03,2026-09-28
970.0,1411,560,2026-10-03,2026-09-28
975.0,267,947,2026-10-03,2026-09-28
980.0,1669,1276,2026-10-03,2026-09-28
985.0,372,463,2026-10-03,2026-09-28
990.0,2000,2000,2026-10-03,2026-09-28
990.0,690,741,2026-10-03,2026-09-28
995.0,354,244,2026-10-03,2026-09-28
1000.0,150,150,2026-10-03,2026-09-28
1000.0,3904,2559,2026-10-03,2026-09-28
1005.0,236,445,2026-10-03,2026-09-28
1010.0,569,522,2026-10-03,2026-09-28
1015.0,630,346,2026-10-03,2026-09-28
1020.0,829,728,2026-10-03,2026-09-28
1025.0,573,545,2026-10-03,2026-09-28
1030.0,883,398,2026-10-03,2026-09-28
1035.0,588,272,2026-10-03,2026-09-28
1040.0,857,462,2026-10-03,2026-09-28
1045.0,323,294,2026-10-03,2026-09-28
1050.0,4378,1488,2026-10-03,2026-09-28
1055.0,492,256,2026-10-03,2026-09-28
1060.0,2878,360,2026-10-03,2026-09-28
1062.5,97,31,2026-10-03,2026-09-28
1065.0,423,178,2026-10-03,2026-09-28
1067.5,52,40,2026-10-03,2026-09-28
1070.0,581,1071,2026-10-03,2026-09-28
1072.5,42,25,2026-10-03,2026-09-28
1075.0,795,412,2026-10-03,2026-09-28
1077.5,100,58,2026-10-03,2026-09-28
1080.0,1809,596,2026-10-03,2026-09-28
1082.5,156,80,2026-10-03,2026-09-28
1085.0,944,685,2026-10-03,2026-09-28
1090.0,994,294,2026-10-03,2026-09-28
1095.0,556,245,2026-10-03,2026-09-28
1100.0,9048,3016,2026-10-03,2026-09-28
1105.0,587,52,2026-10-03,2026-09-28
1110.0,2167,56,2026-10-03,2026-09-28
1115.0,543,23,2026-10-03,2026-09-28
1120.0,839,80,2026-10-03,2026-09-28
1125.0,544,22,2026-10-03,2026-09-28
1130.0,637,140,2026-10-03,2026-09-28
1135.0,304,30,2026-10-03,2026-09-28
1140.0,528,120,2026-10-03,2026-09-28
1145.0,374,10,2026-10-03,2026-09-28
1150.0,4176,405,2026-10-03,2026-09-28
1155.0,191,12,2026-10-03,2026-09-28
1160.0,521,143,2026-10-03,2026-09-28
1165.0,91,1,2026-10-03,2026-09-28
1170.0,462,36,2026-10-03,2026-09-28
1175.0,841,9,2026-10-03,2026-09-28
1180.0,706,12,2026-10-03,2026-09-28
1185.0,136,0,2026-10-03,2026-09-28
1190.0,348,13,2026-10-03,2026-09-28
1195.0,181,3,2026-10-03,2026-09-28
1200.0,5673,323,2026-10-03,2026-09-28
1205.0,124,0,2026-10-03,2026-09-28
1210.0,292,0,2026-10-03,2026-09-28
1215.0,80,0,2026-10-03,2026-09-28
1220.0,463,17,2026-10-03,2026-09-28
1225.0,154,4,2026-10-03,2026-09-28
1230.0,280,2,2026-10-03,2026-09-28
1235.0,145,2,2026-10-03,2026-09-28
1240.0,343,7,2026-10-03,2026-09-28
1245.0,68,0,2026-10-03,2026-09-28
1250.0,2137,16,2026-10-03,2026-09-28
1255.0,103,0,2026-10-03,2026-09-28
1260.0,820,10,2026-10-03,2026-09-28
1265.0,45,0,2026-10-03,2026-09-28
1270.0,269,4,2026-10-03,2026-09-28
1275.0,49,8,2026-10-03,2026-09-28
1280.0,181,14,2026-10-03,2026-09-28
1285.0,29,0,2026-10-03,2026-09-28
1290.0,475,14,2026-10-03,2026-09-28
1295.0,47,0,2026-10-03,2026-09-28
1300.0,20,0,2026-10-03,2026-09-28
1300.0,3365,5,2026-10-03,2026-09-28
1305.0,19,5,2026-10-03,2026-09-28
1310.0,504,0,2026-10-03,2026-09-28
1315.0,24,0,2026-10-03,2026-09-28
1320.0,191,0,2026-10-03,2026-09-28
1325.0,112,0,2026-10-03,2026-09-28
1330.0,163,0,2026-10-03,2026-09-28
1335.0,18,0,2026-10-03,2026-09-28
1340.0,114,0,2026-10-03,2026-09-28
1345.0,61,0,2026-10-03,2026-09-28
1350.0,1445,0,2026-10-03,2026-09-28
1355.0,27,0,2026-10-03,2026-09-28
1360.0,226,0,2026-10-03,2026-09-28
1365.0,13,0,2026-10-03,2026-09-28
1370.0,610,1,2026-10-03,2026-09-28
1375.0,12,0,2026-10-03,2026-09-28
1380.0,332,0,2026-10-03,2026-09-28
1385.0,24,0,2026-10-03,2026-09-28
1390.0,160,1,2026-10-03,2026-09-28
1395.0,34,0,2026-10-03,2026-09-28
1400.0,2374,0,2026-10-03,2026-09-28
1405.0,22,0,2026-10-03,2026-09-28
1410.0,20,0,2026-10-03,2026-09-28
1410.0,169,1,2026-10-03,2026-09-28
1415.0,18,0,2026-10-03,2026-09-28
1420.0,68,0,2026-10-03,2026-09-28
1425.0,19,0,2026-10-03,2026-09-28
1430.0,1825,0,2026-10-03,2026-09-28
1435.0,6,0,2026-10-03,2026-09-28
1440.0,497,0,2026-10-03,2026-09-28
1445.0,256,0,2026-10-03,2026-09-28
1450.0,1080,0,2026-10-03,2026-09-28
1460.0,851,0,2026-10-03,2026-09-28
1470.0,719,0,2026-10-03,2026-09-28
1480.0,229,0,2026-10-03,2026-09-28
1490.0,399,0,2026-10-03,2026-09-28
1500.0,2704,0,2026-10-03,2026-09-28
1510.0,336,0,2026-10-03,2026-09-28
1520.0,183,0,2026-10-03,2026-09-28
1530.0,45,0,2026-10-03,2026-09-28
1540.0,86,0,2026-10-03,2026-09-28
1550.0,420,0,2026-10-03,2026-09-28
1560.0,163,0,2026-10-03,2026-09-28
1570.0,28,0,2026-10-03,2026-09-28
1580.0,263,0,2026-10-03,2026-09-28
1590.0,42,0,2026-10-03,2026-09-28
1600.0,285,0,2026-10-03,2026-09-28
1610.0,38,0,2026-10-03,2026-09-28
1620.0,27,0,2026-10-03,2026-09-28
1630.0,78,0,2026-10-03,2026-09-28
1640.0,344,0,2026-10-03,2026-09-28
1650.0,368,0,2026-10-03,2026-09-28
1660.0,381,0,2026-10-03,2026-09-28
1670.0,381,0,2026-10-03,2026-09-28
1680.0,26,0,2026-10-03,2026-09-28
1690.0,30,0,2026-10-03,2026-09-28
1700.0,854,0,2026-10-03,2026-09-28
1710.0,77,0,2026-10-03,2026-09-28
1720.0,131,0,2026-10-03,2026-09-28
1730.0,2045,0,2026-10-03,2026-09-28
600.0,29,36,2026-10-06,2026-09-28
610.0,23,4,2026-10-06,2026-09-28
620.0,20,5,2026-10-06,2026-09-28
630.0,20,7,2026-10-06,2026-09-28
640.0,20,7,2026-10-06,2026-09-28
650.0,25,20,2026-10-06,2026-09-28
660.0,16,2,2026-10-06,2026-09-28
670.0,15,3,2026-10-06,2026-09-28
680.0,5,0,2026-10-06,2026-09-28
690.0,8,13,2026-10-06,2026-09-28
700.0,2,24,2026-10-06,2026-09-28
710.0,5,0,2026-10-06,2026-09-28
720.0,0,6,2026-10-06,2026-09-28
730.0,1,61,2026-10-06,2026-09-28
740.0,3,25,2026-10-06,2026-09-28
750.0,2,23,2026-10-06,2026-09-28
760.0,0,3,2026-10-06,2026-09-28
770.0,1,3,2026-10-06,2026-09-28
775.0,3,2,2026-10-06,2026-09-28
780.0,9,18,2026-10-06,2026-09-28
785.0,3,5,2026-10-06,2026-09-28
790.0,9,20,2026-10-06,2026-09-28
795.0,10,6,2026-10-06,2026-09-28
800.0,7,18,2026-10-06,2026-09-28
805.0,20,5,2026-10-06,2026-09-28
810.0,11,5,2026-10-06,2026-09-28
815.0,9,3,2026-10-06,2026-09-28
820.0,10,14,2026-10-06,2026-09-28
825.0,10,21,2026-10-06,2026-09-28
830.0,15,12,2026-10-06,2026-09-28
835.0,12,1,2026-10-06,2026-09-28
840.0,11,4,2026-10-06,2026-09-28
845.0,10,8,2026-10-06,2026-09-28
850.0,5,22,2026-10-06,2026-09-28
855.0,10,12,2026-10-06,2026-09-28
860.0,5,29,2026-10-06,2026-09-28
865.0,4,24,2026-10-06,2026-09-28
870.0,1,31,2026-10-06,2026-09-28
875.0,0,35,2026-10-06,2026-09-28
880.0,1,23,2026-10-06,2026-09-28
885.0,0,4,2026-10-06,2026-09-28
890.0,1,27,2026-10-06,2026-09-28
895.0,0,19,2026-10-06,2026-09-28
900.0,20,40,2026-10-06,2026-09-28
905.0,3,6,2026-10-06,2026-09-28
910.0,1,10,2026-10-06,2026-09-28
915.0,0,36,2026-10-06,2026-09-28
920.0,12,41,2026-10-06,2026-09-28
925.0,0,10,2026-10-06,2026-09-28
930.0,0,55,2026-10-06,2026-09-28
935.0,1,25,2026-10-06,2026-09-28
940.0,12,55,2026-10-06,2026-09-28
945.0,35,16,2026-10-06,2026-09-28
950.0,21,544,2026-10-06,2026-09-28
955.0,0,76,2026-10-06,2026-09-28
960.0,3,27,2026-10-06,2026-09-28
965.0,1,27,2026-10-06,2026-09-28
970.0,6,80,2026-10-06,2026-09-28
975.0,6,18,2026-10-06,2026-09-28
980.0,7,84,2026-10-06,2026-09-28
985.0,1,15,2026-10-06,2026-09-28
990.0,15,48,2026-10-06,2026-09-28
995.0,7,30,2026-10-06,2026-09-28
1000.0,87,161,2026-10-06,2026-09-28
1005.0,18,19,2026-10-06,2026-09-28
1010.0,18,86,2026-10-06,2026-09-28
1015.0,42,9,2026-10-06,2026-09-28
1020.0,11,230,2026-10-06,2026-09-28
1025.0,24,51,2026-10-06,2026-09-28
1030.0,23,28,2026-10-06,2026-09-28
1035.0,14,40,2026-10-06,2026-09-28
1040.0,26,167,2026-10-06,2026-09-28
1045.0,23,33,2026-10-06,2026-09-28
1050.0,2850,2850,2026-10-06,2026-09-28
1050.0,117,209,2026-10-06,2026-09-28
1055.0,169,66,2026-10-06,2026-09-28
1060.0,357,66,2026-10-06,2026-09-28
1065.0,81,63,2026-10-06,2026-09-28
1070.0,209,80,2026-10-06,2026-09-28
1075.0,283,72,2026-10-06,2026-09-28
1080.0,160,57,2026-10-06,2026-09-28
1085.0,120,37,2026-10-06,2026-09-28
1090.0,158,43,2026-10-06,2026-09-28
1095.0,58,12,2026-10-06,2026-09-28
1100.0,770,257,2026-10-06,2026-09-28
1105.0,12,17,2026-10-06,2026-09-28
1110.0,30,8,2026-10-06,2026-09-28
1115.0,50,2,2026-10-06,2026-09-28
1120.0,35,4,2026-10-06,2026-09-28
1125.0,57,3,2026-10-06,2026-09-28
1130.0,25,2,2026-10-06,2026-09-28
1135.0,8,0,2026-10-06,2026-09-28
1140.0,30,3,2026-10-06,2026-09-28
1145.0,35,1,2026-10-06,2026-09-28
1150.0,260,10,2026-10-06,2026-09-28
1155.0,56,0,2026-10-06,2026-09-28
1160.0,79,1,2026-10-06,2026-09-28
1165.0,14,0,2026-10-06,2026-09-28
1170.0,37,0,2026-10-06,2026-09-28
1175.0,23,5,2026-10-06,2026-09-28
1180.0,25,1,2026-10-06,2026-09-28
1185.0,16,10,2026-10-06,2026-09-28
1190.0,34,0,2026-10-06,2026-09-28
1195.0,4,0,2026-10-06,2026-09-28
1200.0,347,4,2026-10-06,2026-09-28
1205.0,25,0,2026-10-06,2026-09-28
1210.0,11,0,2026-10-06,2026-09-28
1215.0,14,0,2026-10-06,2026-09-28
1220.0,75,1,2026-10-06,2026-09-28
1225.0,9,4,2026-10-06,2026-09-28
1230.0,10,2,2026-10-06,2026-09-28
1235.0,1,0,2026-10-06,2026-09-28
1240.0,59,1,2026-10-06,2026-09-28
1245.0,18,0,2026-10-06,2026-09-28
1250.0,41,5,2026-10-06,2026-09-28
1255.0,9,0,2026-10-06,2026-09-28
1260.0,7,0,2026-10-06,2026-09-28
1265.0,11,0,2026-10-06,2026-09-28
1270.0,6,1,2026-10-06,2026-09-28
1275.0,30,0,2026-10-06,2026-09-28
1280.0,25,0,2026-10-06,2026-09-28
1285.0,3,0,2026-10-06,2026-09-28
1290.0,9,5,2026-10-06,2026-09-28
1295.0,5,0,2026-10-06,2026-09-28
1300.0,115,2,2026-10-06,2026-09-28
1305.0,15,0,2026-10-06,2026-09-28
1310.0,26,0,2026-10-06,2026-09-28
1315.0,2,0,2026-10-06,2026-09-28
1320.0,28,0,2026-10-06,2026-09-28
1325.0,4,0,2026-10-06,2026-09-28
1330.0,5,0,2026-10-06,2026-09-28
1335.0,4,0,2026-10-06,2026-09-28
1340.0,7,0,2026-10-06,2026-09-28
1345.0,8,0,2026-10-06,2026-09-28
1350.0,41,0,2026-10-06,2026-09-28
1355.0,3,0,2026-10-06,2026-09-28
1360.0,3,0,2026-10-06,2026-09-28
1365.0,3,0,2026-10-06,2026-09-28
1370.0,2,0,2026-10-06,2026-09-28
1375.0,2,0,2026-10-06,2026-09-28
1380.0,17,10,2026-10-06,2026-09-28
1385.0,3,0,2026-10-06,2026-09-28
1390.0,5,0,2026-10-06,2026-09-28
1395.0,2,0,2026-10-06,2026-09-28
1400.0,131,0,2026-10-06,2026-09-28
1405.0,4,0,2026-10-06,2026-09-28
1410.0,0,0,2026-10-06,2026-09-28
1415.0,0,0,2026-10-06,2026-09-28
1420.0,15,0,2026-10-06,2026-09-28
1425.0,0,0,2026-10-06,2026-09-28
1430.0,1,0,2026-10-06,2026-09-28
1435.0,3,0,2026-10-06,2026-09-28
1440.0,3,0,2026-10-06,2026-09-28
1445.0,3,0,2026-10-06,2026-09-28
1450.0,37,0,2026-10-06,2026-09-28
940.0,2600,2600,2026-10-07,2026-09-28
600.0,0,10,2026-10-08,2026-09-28
610.0,0,0,2026-10-08,2026-09-28
620.0,0,0,2026-10-08,2026-09-28
630.0,0,0,2026-10-08,2026-09-28
640.0,0,0,2026-10-08,2026-09-28
650.0,0,10,2026-10-08,2026-09-28
660.0,0,0,2026-10-08,2026-09-28
670.0,0,0,2026-10-08,2026-09-28
680.0,0,0,2026-10-08,2026-09-28
690.0,0,0,2026-10-08,2026-09-28
700.0,0,0,2026-10-08,2026-09-28
710.0,0,0,2026-10-08,2026-09-28
720.0,0,0,2026-10-08,2026-09-28
730.0,0,0,2026-10-08,2026-09-28
740.0,0,4,2026-10-08,2026-09-28
750.0,0,21,2026-10-08,2026-09-28
760.0,0,24,2026-10-08,2026-09-28
770.0,2,21,2026-10-08,2026-09-28
775.0,0,17,2026-10-08,2026-09-28
780.0,0,8,2026-10-08,2026-09-28
785.0,0,13,2026-10-08,2026-09-28
790.0,0,29,2026-10-08,2026-09-28
795.0,0,0,2026-10-08,2026-09-28
800.0,0,0,2026-10-08,2026-09-28
805.0,0,0,2026-10-08,2026-09-28
810.0,0,0,2026-10-08,2026-09-28
815.0,0,0,2026-10-08,2026-09-28
820.0,0,0,2026-10-08,2026-09-28
825.0,0,1,2026-10-08,2026-09-28
830.0,0,0,2026-10-08,2026-09-28
835.0,0,0,2026-10-08,2026-09-28
840.0,0,0,2026-10-08,2026-09-28
845.0,0,0,2026-10-08,2026-09-28
850.0,0,5,2026-10-08,2026-09-28
855.0,0,0,2026-10-08,2026-09-28
860.0,0,0,2026-10-08,2026-09-28
865.0,0,0,2026-10-08,2026-09-28
870.0,0,0,2026-10-08,2026-09-28
875.0,0,2,2026-10-08,2026-09-28
880.0,0,6,2026-10-08,2026-09-28
885.0,0,1,2026-10-08,2026-09-28
890.0,0,2,2026-10-08,2026-09-28
895.0,0,2,2026-10-08,2026-09-28
900.0,0,12,2026-10-08,2026-09-28
905.0,0,1,2026-10-08,2026-09-28
910.0,0,0,2026-10-08,2026-09-28
915.0,0,0,2026-10-08,2026-09-28
920.0,0,0,2026-10-08,2026-09-28
925.0,0,0,2026-10-08,2026-09-28
930.0,0,0,2026-10-08,2026-09-28
935.0,0,0,2026-10-08,2026-09-28
940.0,0,0,2026-10-08,2026-09-28
945.0,0,1,2026-10-08,2026-09-28
950.0,3,30,2026-10-08,2026-09-28
955.0,0,6,2026-10-08,2026-09-28
960.0,0,19,2026-10-08,2026-09-28
965.0,0,1,2026-10-08,2026-09-28
970.0,1,5,2026-10-08,2026-09-28
975.0,1,0,2026-10-08,2026-09-28
980.0,0,25,2026-10-08,2026-09-28
985.0,0,0,2026-10-08,2026-09-28
990.0,12,11,2026-10-08,2026-09-28
995.0,10,2,2026-10-08,2026-09-28
1000.0,13,12,2026-10-08,2026-09-28
1005.0,0,32,2026-10-08,2026-09-28
1010.0,0,7,2026-10-08,2026-09-28
1015.0,0,0,2026-10-08,2026-09-28
1020.0,48,55,2026-10-08,2026-09-28
1025.0,20,22,2026-10-08,2026-09-28
1030.0,3,53,2026-10-08,2026-09-28
1035.0,1,5,2026-10-08,2026-09-28
1040.0,7,6,2026-10-08,2026-09-28
1045.0,1,0,2026-10-08,2026-09-28
1050.0,21,19,2026-10-08,2026-09-28
1055.0,0,8,2026-10-08,2026-09-28
1060.0,32,4,2026-10-08,2026-09-28
1065.0,0,0,2026-10-08,2026-09-28
1070.0,36,2,2026-10-08,2026-09-28
1075.0,5,3,2026-10-08,2026-09-28
1080.0,37,34,2026-10-08,2026-09-28
1085.0,27,8,2026-10-08,2026-09-28
1090.0,39,1,2026-10-08,2026-09-28
1095.0,5,7,2026-10-08,2026-09-28
1100.0,48,38,2026-10-08,2026-09-28
1105.0,4,0,2026-10-08,2026-09-28
1110.0,51,0,2026-10-08,2026-09-28
1115.0,30,0,2026-10-08,2026-09-28
1120.0,3,5,2026-10-08,2026-09-28
1125.0,1,4,2026-10-08,2026-09-28
1130.0,13,0,2026-10-08,2026-09-28
1135.0,0,0,2026-10-08,2026-09-28
1140.0,34,1,2026-10-08,2026-09-28
1145.0,0,0,2026-10-08,2026-09-28
1150.0,53,1,2026-10-08,2026-09-28
1155.0,0,0,2026-10-08,2026-09-28
1160.0,70,0,2026-10-08,2026-09-28
1165.0,0,0,2026-10-08,2026-09-28
1170.0,73,0,2026-10-08,2026-09-28
1175.0,4,0,2026-10-08,2026-09-28
1180.0,67,0,2026-10-08,2026-09-28
1185.0,1,0,2026-10-08,2026-09-28
1190.0,29,0,2026-10-08,2026-09-28
1195.0,0,0,2026-10-08,2026-09-28
1200.0,27,0,2026-10-08,2026-09-28
1205.0,0,0,2026-10-08,2026-09-28
1210.0,8,0,2026-10-08,2026-09-28
1215.0,2,0,2026-10-08,2026-09-28
1220.0,12,0,2026-10-08,2026-09-28
1225.0,3,0,2026-10-08,2026-09-28
1230.0,9,2,2026-10-08,2026-09-28
1235.0,1,0,2026-10-08,2026-09-28
1240.0,38,0,2026-10-08,2026-09-28
1245.0,0,0,2026-10-08,2026-09-28
1250.0,9,0,2026-10-08,2026-09-28
1255.0,1,0,2026-10-08,2026-09-28
1260.0,2,0,2026-10-08,2026-09-28
1265.0,0,0,2026-10-08,2026-09-28
1270.0,0,0,2026-10-08,2026-09-28
1275.0,3,0,2026-10-08,2026-09-28
1280.0,2,0,2026-10-08,2026-09-28
1285.0,1,0,2026-10-08,2026-09-28
1290.0,0,0,2026-10-08,2026-09-28
1295.0,0,0,2026-10-08,2026-09-28
1300.0,6,0,2026-10-08,2026-09-28
1305.0,0,0,2026-10-08,2026-09-28
1310.0,0,0,2026-10-08,2026-09-28
1315.0,23,0,2026-10-08,2026-09-28
1320.0,0,0,2026-10-08,2026-09-28
1325.0,0,0,2026-10-08,2026-09-28
1330.0,0,0,2026-10-08,2026-09-28
1335.0,0,0,2026-10-08,2026-09-28
1340.0,0,0,2026-10-08,2026-09-28
1345.0,0,0,2026-10-08,2026-09-28
1350.0,1,0,2026-10-08,2026-09-28
1355.0,0,0,2026-10-08,2026-09-28
1360.0,0,0,2026-10-08,2026-09-28
1365.0,5,0,2026-10-08,2026-09-28
1370.0,0,0,2026-10-08,2026-09-28
1375.0,0,0,2026-10-08,2026-09-28
1380.0,0,0,2026-10-08,2026-09-28
1385.0,0,0,2026-10-08,2026-09-28
1390.0,0,0,2026-10-08,2026-09-28
1395.0,0,0,2026-10-08,2026-09-28
1400.0,0,0,2026-10-08,2026-09-28
1405.0,0,0,2026-10-08,2026-09-28
1410.0,1,0,2026-10-08,2026-09-28
1415.0,0,0,2026-10-08,2026-09-28
1420.0,0,0,2026-10-08,2026-09-28
1425.0,0,0,2026-10-08,2026-09-28
1430.0,0,0,2026-10-08,2026-09-28
1435.0,0,0,2026-10-08,2026-09-28
1440.0,0,0,2026-10-08,2026-09-28
1445.0,0,0,2026-10-08,2026-09-28
1450.0,2,0,2026-10-08,2026-09-28
1080.0,29,0,2026-10-09,2026-09-28
1284.21,1,0,2026-10-09,2026-09-28
5.0,0,3,2026-10-10,2026-09-28
10.0,0,0,2026-10-10,2026-09-28
15.0,0,0,2026-10-10,2026-09-28
20.0,0,0,2026-10-10,2026-09-28
25.0,0,0,2026-10-10,2026-09-28
30.0,0,0,2026-10-10,2026-09-28
35.0,0,1,2026-10-10,2026-09-28
40.0,0,0,2026-10-10,2026-09-28
45.0,0,0,2026-10-10,2026-09-28
50.0,0,0,2026-10-10,2026-09-28
55.0,0,0,2026-10-10,2026-09-28
60.0,0,0,2026-10-10,2026-09-28
65.0,0,0,2026-10-10,2026-09-28
70.0,0,0,2026-10-10,2026-09-28
75.0,0,0,2026-10-10,2026-09-28
80.0,0,0,2026-10-10,2026-09-28
85.0,0,0,2026-10-10,2026-09-28
90.0,1,0,2026-10-10,2026-09-28
95.0,0,0,2026-10-10,2026-09-28
100.0,0,0,2026-10-10,2026-09-28
105.0,0,0,2026-10-10,2026-09-28
110.0,0,0,2026-10-10,2026-09-28
115.0,0,0,2026-10-10,2026-09-28
120.0,0,0,2026-10-10,2026-09-28
125.0,0,0,2026-10-10,2026-09-28
130.0,0,0,2026-10-10,2026-09-28
135.0,0,0,2026-10-10,2026-09-28
140.0,0,0,2026-10-10,2026-09-28
145.0,0,0,2026-10-10,2026-09-28
150.0,0,0,2026-10-10,2026-09-28
155.0,0,0,2026-10-10,2026-09-28
160.0,0,0,2026-10-10,2026-09-28
165.0,0,0,2026-10-10,2026-09-28
170.0,0,0,2026-10-10,2026-09-28
175.0,0,0,2026-10-10,2026-09-28
180.0,0,0,2026-10-10,2026-09-28
185.0,0,0,2026-10-10,2026-09-28
190.0,1,0,2026-10-10,2026-09-28
195.0,0,0,2026-10-10,2026-09-28
200.0,0,4,2026-10-10,2026-09-28
205.0,0,2,2026-10-10,2026-09-28
210.0,1,2,2026-10-10,2026-09-28
215.0,0,1,2026-10-10,2026-09-28
220.0,0,4,2026-10-10,2026-09-28
225.0,0,10,2026-10-10,2026-09-28
230.0,0,19,2026-10-10,2026-09-28
235.0,0,7,2026-10-10,2026-09-28
240.0,0,13,2026-10-10,2026-09-28
245.0,5,23,2026-10-10,2026-09-28
250.0,0,23,2026-10-10,2026-09-28
255.0,0,47,2026-10-10,2026-09-28
260.0,1,19,2026-10-10,2026-09-28
265.0,0,73,2026-10-10,2026-09-28
270.0,0,107,2026-10-10,2026-09-28
275.0,0,54,2026-10-10,2026-09-28
280.0,0,128,2026-10-10,2026-09-28
285.0,0,310,2026-10-10,2026-09-28
290.0,0,166,2026-10-10,2026-09-28
295.0,0,92,2026-10-10,2026-09-28
300.0,0,278,2026-10-10,2026-09-28
305.0,0,22,2026-10-10,2026-09-28
310.0,0,223,2026-10-10,2026-09-28
315.0,0,26,2026-10-10,2026-09-28
320.0,0,1545,2026-10-10,2026-09-28
325.0,0,90,2026-10-10,2026-09-28
330.0,0,120,2026-10-10,2026-09-28
335.0,0,27,2026-10-10,2026-09-28
340.0,0,2234,2026-10-10,2026-09-28
345.0,0,44,2026-10-10,2026-09-28
350.0,0,219,2026-10-10,2026-09-28
355.0,0,54,2026-10-10,2026-09-28
360.0,0,1045,2026-10-10,2026-09-28
365.0,0,123,2026-10-10,2026-09-28
370.0,0,45,2026-10-10,2026-09-28
375.0,0,21,2026-10-10,2026-09-28
380.0,0,23,2026-10-10,2026-09-28
385.0,1,14,2026-10-10,2026-09-28
390.0,0,36,2026-10-10,2026-09-28
395.0,1,27,2026-10-10,2026-09-28
400.0,0,23,2026-10-10,2026-09-28
405.0,0,36,2026-10-10,2026-09-28
410.0,0,46,2026-10-10,2026-09-28
415.0,0,20,2026-10-10,2026-09-28
420.0,0,29,2026-10-10,2026-09-28
425.0,0,41,2026-10-10,2026-09-28
430.0,10,31,2026-10-10,2026-09-28
435.0,0,14,2026-10-10,2026-09-28
440.0,0,34,2026-10-10,2026-09-28
445.0,0,19,2026-10-10,2026-09-28
450.0,1,38,2026-10-10,2026-09-28
455.0,0,20,2026-10-10,2026-09-28
460.0,0,20,2026-10-10,2026-09-28
465.0,0,67,2026-10-10,2026-09-28
470.0,0,17,2026-10-10,2026-09-28
475.0,0,24,2026-10-10,2026-09-28
480.0,0,23,2026-10-10,2026-09-28
485.0,0,13,2026-10-10,2026-09-28
490.0,0,32,2026-10-10,2026-09-28
495.0,0,15,2026-10-10,2026-09-28
500.0,148,37,2026-10-10,2026-09-28
505.0,1,13,2026-10-10,2026-09-28
510.0,3,45,2026-10-10,2026-09-28
515.0,0,11,2026-10-10,2026-09-28
520.0,0,15,2026-10-10,2026-09-28
525.0,0,42,2026-10-10,2026-09-28
530.0,0,8,2026-10-10,2026-09-28
535.0,0,32,2026-10-10,2026-09-28
540.0,0,33,2026-10-10,2026-09-28
545.0,0,8,2026-10-10,2026-09-28
550.0,6,103,2026-10-10,2026-09-28
555.0,0,10,2026-10-10,2026-09-28
560.0,0,3,2026-10-10,2026-09-28
565.0,3,7,2026-10-10,2026-09-28
570.0,0,19,2026-10-10,2026-09-28
575.0,0,11,2026-10-10,2026-09-28
580.0,0,5,2026-10-10,2026-09-28
585.0,1,30,2026-10-10,2026-09-28
590.0,4,15,2026-10-10,2026-09-28
595.0,4,23,2026-10-10,2026-09-28
600.0,1,3597,2026-10-10,2026-09-28
605.0,0,28,2026-10-10,2026-09-28
610.0,0,9,2026-10-10,2026-09-28
615.0,1,78,2026-10-10,2026-09-28
620.0,0,172,2026-10-10,2026-09-28
625.0,1,56,2026-10-10,2026-09-28
630.0,1,23,2026-10-10,2026-09-28
635.0,0,13,2026-10-10,2026-09-28
640.0,1,32,2026-10-10,2026-09-28
645.0,0,26,2026-10-10,2026-09-28
650.0,2,149,2026-10-10,2026-09-28
655.0,10,35,2026-10-10,2026-09-28
660.0,3,50,2026-10-10,2026-09-28
665.0,1,24,2026-10-10,2026-09-28
670.0,1,55,2026-10-10,2026-09-28
675.0,0,25,2026-10-10,2026-09-28
680.0,1,52,2026-10-10,2026-09-28
685.0,0,69,2026-10-10,2026-09-28
690.0,4,64,2026-10-10,2026-09-28
695.0,5,49,2026-10-10,2026-09-28
700.0,50,157,2026-10-10,2026-09-28
705.0,0,82,2026-10-10,2026-09-28
710.0,2,24,2026-10-10,2026-09-28
715.0,0,21,2026-10-10,2026-09-28
720.0,0,50,2026-10-10,2026-09-28
725.0,0,29,2026-10-10,2026-09-28
730.0,0,58,2026-10-10,2026-09-28
735.0,0,79,2026-10-10,2026-09-28
740.0,2,69,2026-10-10,2026-09-28
745.0,5,25,2026-10-10,2026-09-28
750.0,3,280,2026-10-10,2026-09-28
755.0,1,28,2026-10-10,2026-09-28
760.0,3,56,2026-10-10,2026-09-28
765.0,5,104,2026-10-10,2026-09-28
770.0,6,103,2026-10-10,2026-09-28
775.0,8,85,2026-10-10,2026-09-28
780.0,4,249,2026-10-10,2026-09-28
785.0,1,88,2026-10-10,2026-09-28
790.0,1,168,2026-10-10,2026-09-28
795.0,5,224,2026-10-10,2026-09-28
800.0,147,636,2026-10-10,2026-09-28
805.0,83,27,2026-10-10,2026-09-28
810.0,15,534,2026-10-10,2026-09-28
815.0,16,65,2026-10-10,2026-09-28
820.0,93,183,2026-10-10,2026-09-28
825.0,8,73,2026-10-10,2026-09-28
830.0,67,107,2026-10-10,2026-09-28
835.0,6,40,2026-10-10,2026-09-28
840.0,17,382,2026-10-10,2026-09-28
845.0,1,100,2026-10-10,2026-09-28
850.0,66,680,2026-10-10,2026-09-28
855.0,2,59,2026-10-10,2026-09-28
860.0,17,183,2026-10-10,2026-09-28
865.0,16,90,2026-10-10,2026-09-28
870.0,29,319,2026-10-10,2026-09-28
875.0,16,94,2026-10-10,2026-09-28
880.0,37,231,2026-10-10,2026-09-28
885.0,17,91,2026-10-10,2026-09-28
890.0,76,205,2026-10-10,2026-09-28
895.0,3,63,2026-10-10,2026-09-28
900.0,2137,664,2026-10-10,2026-09-28
905.0,34,143,2026-10-10,2026-09-28
910.0,67,96,2026-10-10,2026-09-28
915.0,18,81,2026-10-10,2026-09-28
920.0,489,384,2026-10-10,2026-09-28
925.0,102,148,2026-10-10,2026-09-28
930.0,626,985,2026-10-10,2026-09-28
935.0,35,95,2026-10-10,2026-09-28
940.0,220,488,2026-10-10,2026-09-28
945.0,72,244,2026-10-10,2026-09-28
950.0,618,1341,2026-10-10,2026-09-28
955.0,39,85,2026-10-10,2026-09-28
960.0,390,105,2026-10-10,2026-09-28
965.0,62,59,2026-10-10,2026-09-28
970.0,191,151,2026-10-10,2026-09-28
975.0,241,144,2026-10-10,2026-09-28
980.0,433,921,2026-10-10,2026-09-28
985.0,73,134,2026-10-10,2026-09-28
990.0,361,185,2026-10-10,2026-09-28
995.0,96,89,2026-10-10,2026-09-28
1000.0,684,416,2026-10-10,2026-09-28
1005.0,197,63,2026-10-10,2026-09-28
1010.0,123,112,2026-10-10,2026-09-28
1015.0,415,57,2026-10-10,2026-09-28
1020.0,195,50,2026-10-10,2026-09-28
1025.0,191,188,2026-10-10,2026-09-28
1030.0,327,67,2026-10-10,2026-09-28
1035.0,92,139,2026-10-10,2026-09-28
1040.0,262,204,2026-10-10,2026-09-28
1045.0,46,183,2026-10-10,2026-09-28
1050.0,947,232,2026-10-10,2026-09-28
1055.0,59,8,2026-10-10,2026-09-28
1060.0,333,92,2026-10-10,2026-09-28
1062.5,2,1,2026-10-10,2026-09-28
1065.0,126,76,2026-10-10,2026-09-28
1067.5,7,8,2026-10-10,2026-09-28
1070.0,468,279,2026-10-10,2026-09-28
1072.5,10,3,2026-10-10,2026-09-28
1075.0,172,71,2026-10-10,2026-09-28
1077.5,21,2,2026-10-10,2026-09-28
1080.0,484,264,2026-10-10,2026-09-28
1082.5,20,1,2026-10-10,2026-09-28
1085.0,84,15,2026-10-10,2026-09-28
1090.0,299,40,2026-10-10,2026-09-28
1095.0,160,107,2026-10-10,2026-09-28
1100.0,837,223,2026-10-10,2026-09-28
1105.0,145,57,2026-10-10,2026-09-28
1110.0,490,36,2026-10-10,2026-09-28
1115.0,73,32,2026-10-10,2026-09-28
1120.0,161,205,2026-10-10,2026-09-28
1125.0,234,19,2026-10-10,2026-09-28
1130.0,97,97,2026-10-10,2026-09-28
1135.0,69,10,2026-10-10,2026-09-28
1140.0,217,130,2026-10-10,2026-09-28
1145.0,1,7,2026-10-10,2026-09-28
1150.0,434,181,2026-10-10,2026-09-28
1160.0,93,8,2026-10-10,2026-09-28
1170.0,93,1,2026-10-10,2026-09-28
1180.0,141,0,2026-10-10,2026-09-28
1190.0,207,1,2026-10-10,2026-09-28
1200.0,1217,7,2026-10-10,2026-09-28
1210.0,262,1,2026-10-10,2026-09-28
1220.0,109,1,2026-10-10,2026-09-28
1230.0,197,2,2026-10-10,2026-09-28
1240.0,235,1,2026-10-10,2026-09-28
1250.0,413,3,2026-10-10,2026-09-28
1260.0,143,6,2026-10-10,2026-09-28
1270.0,92,4,2026-10-10,2026-09-28
1280.0,89,2,2026-10-10,2026-09-28
1290.0,66,5,2026-10-10,2026-09-28
1300.0,530,24,2026-10-10,2026-09-28
1310.0,542,15,2026-10-10,2026-09-28
1320.0,44,5,2026-10-10,2026-09-28
1330.0,542,1,2026-10-10,2026-09-28
1340.0,75,0,2026-10-10,2026-09-28
1350.0,272,1,2026-10-10,2026-09-28
1360.0,44,0,2026-10-10,2026-09-28
1370.0,25,0,2026-10-10,2026-09-28
1380.0,406,1,2026-10-10,2026-09-28
1390.0,43,0,2026-10-10,2026-09-28
1400.0,173,0,2026-10-10,2026-09-28
1410.0,45,2,2026-10-10,2026-09-28
1420.0,46,0,2026-10-10,2026-09-28
1430.0,65,0,2026-10-10,2026-09-28
1440.0,150,0,2026-10-10,2026-09-28
1450.0,96,0,2026-10-10,2026-09-28
1460.0,117,0,2026-10-10,2026-09-28
1470.0,22,0,2026-10-10,2026-09-28
1480.0,11,0,2026-10-10,2026-09-28
1490.0,6,0,2026-10-10,2026-09-28
1500.0,348,0,2026-10-10,2026-09-28
1510.0,52,0,2026-10-10,2026-09-28
1520.0,12,0,2026-10-10,2026-09-28
1530.0,105,0,2026-10-10,2026-09-28
1540.0,24,0,2026-10-10,2026-09-28
1550.0,23,1,2026-10-10,2026-09-28
1560.0,7,0,2026-10-10,2026-09-28
1570.0,13,0,2026-10-10,2026-09-28
1580.0,48,0,2026-10-10,2026-09-28
1590.0,5,0,2026-10-10,2026-09-28
1600.0,97,0,2026-10-10,2026-09-28
1610.0,9,0,2026-10-10,2026-09-28
1620.0,6,0,2026-10-10,2026-09-28
1630.0,3,0,2026-10-10,2026-09-28
1640.0,36,0,2026-10-10,2026-09-28
1650.0,25,0,2026-10-10,2026-09-28
1660.0,18,0,2026-10-10,2026-09-28
1670.0,18,0,2026-10-10,2026-09-28
1680.0,10,0,2026-10-10,2026-09-28
1690.0,10,0,2026-10-10,2026-09-28
1700.0,74,0,2026-10-10,2026-09-28
1710.0,6,0,2026-10-10,2026-09-28
1720.0,6,0,2026-10-10,2026-09-28
1730.0,508,0,2026-10-10,2026-09-28
611.0,0,2230,2026-10-13,2026-09-28
5.0,594,167,2026-10-17,2026-09-28
10.0,5,97,2026-10-17,2026-09-28
15.0,10,180,2026-10-17,2026-09-28
20.0,19,258,2026-10-17,2026-09-28
25.0,50,346,2026-10-17,2026-09-28
30.0,35,380,2026-10-17,2026-09-28
35.0,5,775,2026-10-17,2026-09-28
40.0,6,699,2026-10-17,2026-09-28
45.0,21,631,2026-10-17,2026-09-28
50.0,31,1383,2026-10-17,2026-09-28
55.0,0,5013,2026-10-17,2026-09-28
60.0,5,14619,2026-10-17,2026-09-28
185.0,14,223,2026-10-17,2026-09-28
190.0,7,134,2026-10-17,2026-09-28
195.0,4,1762,2026-10-17,2026-09-28
200.0,44,1868,2026-10-17,2026-09-28
210.0,67,1009,2026-10-17,2026-09-28
220.0,21,1918,2026-10-17,2026-09-28
230.0,6,2692,2026-10-17,2026-09-28
240.0,25,654,2026-10-17,2026-09-28
250.0,529,649,2026-10-17,2026-09-28
260.0,60,2333,2026-10-17,2026-09-28
270.0,67,792,2026-10-17,2026-09-28
280.0,315,851,2026-10-17,2026-09-28
290.0,261,729,2026-10-17,2026-09-28
300.0,240,2210,2026-10-17,2026-09-28
310.0,444,1076,2026-10-17,2026-09-28
320.0,228,2708,2026-10-17,2026-09-28
330.0,35,1946,2026-10-17,2026-09-28
340.0,289,5138,2026-10-17,2026-09-28
350.0,316,952,2026-10-17,2026-09-28
360.0,182,2937,2026-10-17,2026-09-28
370.0,122,1372,2026-10-17,2026-09-28
380.0,145,3639,2026-10-17,2026-09-28
390.0,90,642,2026-10-17,2026-09-28
400.0,732,2608,2026-10-17,2026-09-28
410.0,306,820,2026-10-17,2026-09-28
420.0,343,876,2026-10-17,2026-09-28
430.0,136,475,2026-10-17,2026-09-28
440.0,169,416,2026-10-17,2026-09-28
450.0,715,3255,2026-10-17,2026-09-28
460.0,412,960,2026-10-17,2026-09-28
470.0,599,670,2026-10-17,2026-09-28
480.0,443,683,2026-10-17,2026-09-28
490.0,212,736,2026-10-17,2026-09-28
500.0,651,3379,2026-10-17,2026-09-28
510.0,293,509,2026-10-17,2026-09-28
520.0,348,1019,2026-10-17,2026-09-28
530.0,568,1106,2026-10-17,2026-09-28
540.0,560,1229,2026-10-17,2026-09-28
550.0,8,237,2026-10-17,2026-09-28
560.0,725,1850,2026-10-17,2026-09-28
570.0,0,353,2026-10-17,2026-09-28
580.0,193,1705,2026-10-17,2026-09-28
590.0,0,426,2026-10-17,2026-09-28
600.0,1502,5367,2026-10-17,2026-09-28
610.0,3,177,2026-10-17,2026-09-28
620.0,772,1758,2026-10-17,2026-09-28
630.0,3,692,2026-10-17,2026-09-28
640.0,1702,3587,2026-10-17,2026-09-28
650.0,2,387,2026-10-17,2026-09-28
660.0,332,1765,2026-10-17,2026-09-28
670.0,13,416,2026-10-17,2026-09-28
680.0,417,2254,2026-10-17,2026-09-28
690.0,15,902,2026-10-17,2026-09-28
700.0,1190,7201,2026-10-17,2026-09-28
710.0,10,233,2026-10-17,2026-09-28
720.0,568,740,2026-10-17,2026-09-28
730.0,15,802,2026-10-17,2026-09-28
740.0,749,1952,2026-10-17,2026-09-28
750.0,32,4102,2026-10-17,2026-09-28
760.0,403,2787,2026-10-17,2026-09-28
770.0,125,558,2026-10-17,2026-09-28
775.0,0,9,2026-10-17,2026-09-28
780.0,1259,1760,2026-10-17,2026-09-28
790.0,156,431,2026-10-17,2026-09-28
800.0,1461,5338,2026-10-17,2026-09-28
810.0,1422,574,2026-10-17,2026-09-28
820.0,618,2037,2026-10-17,2026-09-28
830.0,36,427,2026-10-17,2026-09-28
840.0,1545,1753,2026-10-17,2026-09-28
850.0,133,2602,2026-10-17,2026-09-28
860.0,870,2114,2026-10-17,2026-09-28
870.0,2500,2500,2026-10-17,2026-09-28
870.0,53,1600,2026-10-17,2026-09-28
875.0,2000,2000,2026-10-17,2026-09-28
880.0,373,1672,2026-10-17,2026-09-28
890.0,95,720,2026-10-17,2026-09-28
900.0,4339,5668,2026-10-17,2026-09-28
910.0,1903,1548,2026-10-17,2026-09-28
920.0,1086,1086,2026-10-17,2026-09-28
920.0,869,2394,2026-10-17,2026-09-28
925.0,19,149,2026-10-17,2026-09-28
930.0,200,200,2026-10-17,2026-09-28
930.0,700,1079,2026-10-17,2026-09-28
935.0,250,250,2026-10-17,2026-09-28
935.0,3,95,2026-10-17,2026-09-28
940.0,600,2299,2026-10-17,2026-09-28
945.0,12,115,2026-10-17,2026-09-28
950.0,3000,3000,2026-10-17,2026-09-28
950.0,3700,2729,2026-10-17,2026-09-28
955.0,14,297,2026-10-17,2026-09-28
960.0,884,2487,2026-10-17,2026-09-28
965.0,8,247,2026-10-17,2026-09-28
970.0,960,1597,2026-10-17,2026-09-28
975.0,11,231,2026-10-17,2026-09-28
980.0,6307,7150,2026-10-17,2026-09-28
985.0,4470,4470,2026-10-17,2026-09-28
985.0,13,211,2026-10-17,2026-09-28
990.0,1045,1311,2026-10-17,2026-09-28
995.0,21,225,2026-10-17,2026-09-28
1000.0,3450,3450,2026-10-17,2026-09-28
1000.0,11012,7093,2026-10-17,2026-09-28
1005.0,50,104,2026-10-17,2026-09-28
1010.0,893,399,2026-10-17,2026-09-28
1015.0,50,200,2026-10-17,2026-09-28
1020.0,1071,536,2026-10-17,2026-09-28
1025.0,82,108,2026-10-17,2026-09-28
1030.0,763,490,2026-10-17,2026-09-28
1035.0,111,131,2026-10-17,2026-09-28
1040.0,882,978,2026-10-17,2026-09-28
1045.0,105,525,2026-10-17,2026-09-28
1050.0,3857,1359,2026-10-17,2026-09-28
1055.0,148,160,2026-10-17,2026-09-28
1060.0,866,417,2026-10-17,2026-09-28
1065.0,236,170,2026-10-17,2026-09-28
1070.0,787,517,2026-10-17,2026-09-28
1080.0,1657,946,2026-10-17,2026-09-28
1090.0,1161,439,2026-10-17,2026-09-28
1100.0,9,0,2026-10-17,2026-09-28
1100.0,7644,4095,2026-10-17,2026-09-28
1110.0,954,147,2026-10-17,2026-09-28
1120.0,845,364,2026-10-17,2026-09-28
1130.0,603,291,2026-10-17,2026-09-28
1140.0,466,189,2026-10-17,2026-09-28
1150.0,9,0,2026-10-17,2026-09-28
1150.0,3793,110,2026-10-17,2026-09-28
1160.0,606,251,2026-10-17,2026-09-28
1170.0,535,174,2026-10-17,2026-09-28
1180.0,532,97,2026-10-17,2026-09-28
1190.0,550,92,2026-10-17,2026-09-28
1200.0,8469,559,2026-10-17,2026-09-28
1210.0,860,58,2026-10-17,2026-09-28
1220.0,1648,48,2026-10-17,2026-09-28
1230.0,479,21,2026-10-17,2026-09-28
1240.0,402,37,2026-10-17,2026-09-28
1250.0,2287,362,2026-10-17,2026-09-28
1260.0,544,103,2026-10-17,2026-09-28
1270.0,582,91,2026-10-17,2026-09-28
1280.0,591,49,2026-10-17,2026-09-28
1290.0,386,60,2026-10-17,2026-09-28
1300.0,8818,147,2026-10-17,2026-09-28
1310.0,397,38,2026-10-17,2026-09-28
1320.0,429,67,2026-10-17,2026-09-28
1330.0,20,0,2026-10-17,2026-09-28
1330.0,826,13,2026-10-17,2026-09-28
1340.0,298,44,2026-10-17,2026-09-28
1350.0,859,195,2026-10-17,2026-09-28
1360.0,520,27,2026-10-17,2026-09-28
1370.0,246,36,2026-10-17,2026-09-28
1380.0,234,27,2026-10-17,2026-09-28
1390.0,333,13,2026-10-17,2026-09-28
1400.0,3896,33,2026-10-17,2026-09-28
1410.0,276,90,2026-10-17,2026-09-28
1420.0,313,7,2026-10-17,2026-09-28
1430.0,485,21,2026-10-17,2026-09-28
1440.0,226,18,2026-10-17,2026-09-28
1450.0,1300,17,2026-10-17,2026-09-28
1460.0,20,0,2026-10-17,2026-09-28
1460.0,344,1,2026-10-17,2026-09-28
1470.0,361,0,2026-10-17,2026-09-28
1480.0,285,0,2026-10-17,2026-09-28
1490.0,350,1,2026-10-17,2026-09-28
1500.0,6166,22,2026-10-17,2026-09-28
1510.0,657,0,2026-10-17,2026-09-28
1520.0,414,0,2026-10-17,2026-09-28
1530.0,269,0,2026-10-17,2026-09-28
1540.0,286,0,2026-10-17,2026-09-28
1550.0,692,0,2026-10-17,2026-09-28
1560.0,134,0,2026-10-17,2026-09-28
1570.0,321,1,2026-10-17,2026-09-28
1580.0,194,0,2026-10-17,2026-09-28
1590.0,215,0,2026-10-17,2026-09-28
1600.0,1662,0,2026-10-17,2026-09-28
1610.0,285,1,2026-10-17,2026-09-28
1620.0,250,0,2026-10-17,2026-09-28
1630.0,317,0,2026-10-17,2026-09-28
1640.0,86,0,2026-10-17,2026-09-28
1650.0,222,0,2026-10-17,2026-09-28
1660.0,551,0,2026-10-17,2026-09-28
1670.0,255,0,2026-10-17,2026-09-28
1680.0,578,0,2026-10-17,2026-09-28
1690.0,839,0,2026-10-17,2026-09-28
1700.0,1325,0,2026-10-17,2026-09-28
1710.0,175,0,2026-10-17,2026-09-28
1720.0,151,0,2026-10-17,2026-09-28
1730.0,275,0,2026-10-17,2026-09-28
1740.0,287,0,2026-10-17,2026-09-28
1750.0,236,0,2026-10-17,2026-09-28
1760.0,287,0,2026-10-17,2026-09-28
1770.0,441,0,2026-10-17,2026-09-28
1780.0,206,0,2026-10-17,2026-09-28
1790.0,424,0,2026-10-17,2026-09-28
1800.0,990,0,2026-10-17,2026-09-28
1810.0,510,0,2026-10-17,2026-09-28
1820.0,1088,0,2026-10-17,2026-09-28
1830.0,1482,0,2026-10-17,2026-09-28
1840.0,507,0,2026-10-17,2026-09-28
1850.0,744,0,2026-10-17,2026-09-28
1860.0,229,0,2026-10-17,2026-09-28
1870.0,241,0,2026-10-17,2026-09-28
1880.0,294,0,2026-10-17,2026-09-28
1890.0,415,0,2026-10-17,2026-09-28
1900.0,594,0,2026-10-17,2026-09-28
1910.0,1042,0,2026-10-17,2026-09-28
1920.0,131,0,2026-10-17,2026-09-28
1930.0,408,0,2026-10-17,2026-09-28
1940.0,252,0,2026-10-17,2026-09-28
1950.0,416,0,2026-10-17,2026-09-28
1960.0,424,0,2026-10-17,2026-09-28
1970.0,96,0,2026-10-17,2026-09-28
1980.0,160,0,2026-10-17,2026-09-28
1990.0,120,0,2026-10-17,2026-09-28
2000.0,2207,0,2026-10-17,2026-09-28
2010.0,77,0,2026-10-17,2026-09-28
2020.0,86,0,2026-10-17,2026-09-28
2030.0,262,0,2026-10-17,2026-09-28
2040.0,48,0,2026-10-17,2026-09-28
2050.0,258,0,2026-10-17,2026-09-28
2060.0,272,0,2026-10-17,2026-09-28
2070.0,86,0,2026-10-17,2026-09-28
2080.0,319,0,2026-10-17,2026-09-28
2090.0,276,0,2026-10-17,2026-09-28
2100.0,291,0,2026-10-17,2026-09-28
2110.0,137,0,2026-10-17,2026-09-28
2120.0,547,0,2026-10-17,2026-09-28
2130.0,104,0,2026-10-17,2026-09-28
2140.0,144,0,2026-10-17,2026-09-28
2150.0,244,0,2026-10-17,2026-09-28
2160.0,89,0,2026-10-17,2026-09-28
2170.0,316,0,2026-10-17,2026-09-28
2180.0,61,0,2026-10-17,2026-09-28
2190.0,87,0,2026-10-17,2026-09-28
2200.0,302,0,2026-10-17,2026-09-28
2210.0,60,0,2026-10-17,2026-09-28
2220.0,163,0,2026-10-17,2026-09-28
2230.0,37,0,2026-10-17,2026-09-28
2240.0,126,0,2026-10-17,2026-09-28
2250.0,304,0,2026-10-17,2026-09-28
2260.0,508,0,2026-10-17,2026-09-28
2270.0,787,0,2026-10-17,2026-09-28
2280.0,529,0,2026-10-17,2026-09-28
2290.0,925,0,2026-10-17,2026-09-28
2300.0,2196,0,2026-10-17,2026-09-28
2310.0,557,0,2026-10-17,2026-09-28
2320.0,466,0,2026-10-17,2026-09-28
2330.0,333,0,2026-10-17,2026-09-28
2340.0,484,0,2026-10-17,2026-09-28
2350.0,158,0,2026-10-17,2026-09-28
2360.0,493,0,2026-10-17,2026-09-28
2370.0,344,0,2026-10-17,2026-09-28
2380.0,81,0,2026-10-17,2026-09-28
2390.0,252,0,2026-10-17,2026-09-28
2400.0,279,0,2026-10-17,2026-09-28
2410.0,239,0,2026-10-17,2026-09-28
2420.0,767,0,2026-10-17,2026-09-28
2440.0,262,0,2026-10-17,2026-09-28
2460.0,318,0,2026-10-17,2026-09-28
2480.0,283,0,2026-10-17,2026-09-28
2500.0,3462,0,2026-10-17,2026-09-28
999.03,1144,1144,2026-10-21,2026-09-28
5.0,0,1,2026-10-24,2026-09-28
10.0,0,0,2026-10-24,2026-09-28
15.0,0,0,2026-10-24,2026-09-28
20.0,0,0,2026-10-24,2026-09-28
25.0,0,0,2026-10-24,2026-09-28
30.0,0,3,2026-10-24,2026-09-28
35.0,0,8,2026-10-24,2026-09-28
40.0,0,0,2026-10-24,2026-09-28
45.0,0,41,2026-10-24,2026-09-28
50.0,0,55,2026-10-24,2026-09-28
55.0,0,10,2026-10-24,2026-09-28
60.0,0,95,2026-10-24,2026-09-28
65.0,1,7,2026-10-24,2026-09-28
70.0,0,65,2026-10-24,2026-09-28
75.0,0,56,2026-10-24,2026-09-28
80.0,0,110,2026-10-24,2026-09-28
85.0,3,43,2026-10-24,2026-09-28
90.0,1,81,2026-10-24,2026-09-28
95.0,1,45,2026-10-24,2026-09-28
100.0,2,108,2026-10-24,2026-09-28
105.0,0,45,2026-10-24,2026-09-28
110.0,0,105,2026-10-24,2026-09-28
115.0,0,0,2026-10-24,2026-09-28
120.0,0,0,2026-10-24,2026-09-28
125.0,0,0,2026-10-24,2026-09-28
130.0,0,0,2026-10-24,2026-09-28
135.0,1,0,2026-10-24,2026-09-28
140.0,0,0,2026-10-24,2026-09-28
145.0,0,6,2026-10-24,2026-09-28
150.0,0,0,2026-10-24,2026-09-28
155.0,0,0,2026-10-24,2026-09-28
160.0,0,0,2026-10-24,2026-09-28
165.0,0,0,2026-10-24,2026-09-28
170.0,0,0,2026-10-24,2026-09-28
175.0,0,0,2026-10-24,2026-09-28
180.0,0,1,2026-10-24,2026-09-28
185.0,0,5,2026-10-24,2026-09-28
190.0,0,11,2026-10-24,2026-09-28
195.0,0,8,2026-10-24,2026-09-28
200.0,0,28,2026-10-24,2026-09-28
205.0,0,8,2026-10-24,2026-09-28
210.0,0,31,2026-10-24,2026-09-28
215.0,0,27,2026-10-24,2026-09-28
220.0,0,57,2026-10-24,2026-09-28
225.0,0,58,2026-10-24,2026-09-28
230.0,0,36,2026-10-24,2026-09-28
235.0,0,39,2026-10-24,2026-09-28
240.0,0,235,2026-10-24,2026-09-28
245.0,0,69,2026-10-24,2026-09-28
250.0,0,85,2026-10-24,2026-09-28
255.0,0,229,2026-10-24,2026-09-28
260.0,0,580,2026-10-24,2026-09-28
265.0,0,405,2026-10-24,2026-09-28
270.0,0,260,2026-10-24,2026-09-28
275.0,3,99,2026-10-24,2026-09-28
280.0,0,57,2026-10-24,2026-09-28
285.0,0,138,2026-10-24,2026-09-28
290.0,0,86,2026-10-24,2026-09-28
295.0,0,29,2026-10-24,2026-09-28
300.0,0,23,2026-10-24,2026-09-28
305.0,0,96,2026-10-24,2026-09-28
310.0,0,201,2026-10-24,2026-09-28
315.0,0,24,2026-10-24,2026-09-28
320.0,0,34,2026-10-24,2026-09-28
325.0,0,166,2026-10-24,2026-09-28
330.0,0,28,2026-10-24,2026-09-28
335.0,0,43,2026-10-24,2026-09-28
340.0,0,47,2026-10-24,2026-09-28
345.0,0,34,2026-10-24,2026-09-28
350.0,0,40,2026-10-24,2026-09-28
355.0,0,16,2026-10-24,2026-09-28
360.0,0,8,2026-10-24,2026-09-28
365.0,0,13,2026-10-24,2026-09-28
370.0,0,17,2026-10-24,2026-09-28
375.0,1,10,2026-10-24,2026-09-28
380.0,0,6,2026-10-24,2026-09-28
385.0,0,21,2026-10-24,2026-09-28
390.0,3,12,2026-10-24,2026-09-28
395.0,0,7,2026-10-24,2026-09-28
400.0,0,20,2026-10-24,2026-09-28
405.0,6,8,2026-10-24,2026-09-28
410.0,1,2,2026-10-24,2026-09-28
415.0,0,10,2026-10-24,2026-09-28
420.0,0,6,2026-10-24,2026-09-28
425.0,0,22,2026-10-24,2026-09-28
430.0,1,19,2026-10-24,2026-09-28
435.0,0,4,2026-10-24,2026-09-28
440.0,3,8,2026-10-24,2026-09-28
445.0,0,10,2026-10-24,2026-09-28
450.0,1,13,2026-10-24,2026-09-28
455.0,0,8,2026-10-24,2026-09-28
460.0,0,12,2026-10-24,2026-09-28
465.0,0,8,2026-10-24,2026-09-28
470.0,0,4,2026-10-24,2026-09-28
475.0,1,7,2026-10-24,2026-09-28
480.0,2,17,2026-10-24,2026-09-28
485.0,0,13,2026-10-24,2026-09-28
490.0,2,3,2026-10-24,2026-09-28
495.0,0,33,2026-10-24,2026-09-28
500.0,1,62,2026-10-24,2026-09-28
505.0,0,41,2026-10-24,2026-09-28
510.0,1,52,2026-10-24,2026-09-28
515.0,0,3,2026-10-24,2026-09-28
520.0,0,33,2026-10-24,2026-09-28
525.0,0,2,2026-10-24,2026-09-28
530.0,0,202,2026-10-24,2026-09-28
535.0,1,49,2026-10-24,2026-09-28
540.0,0,61,2026-10-24,2026-09-28
545.0,0,21,2026-10-24,2026-09-28
550.0,0,102,2026-10-24,2026-09-28
555.0,4,103,2026-10-24,2026-09-28
560.0,1,6,2026-10-24,2026-09-28
565.0,0,79,2026-10-24,2026-09-28
570.0,0,61,2026-10-24,2026-09-28
575.0,0,44,2026-10-24,2026-09-28
580.0,1,47,2026-10-24,2026-09-28
585.0,1,100,2026-10-24,2026-09-28
590.0,1,6,2026-10-24,2026-09-28
595.0,0,23,2026-10-24,2026-09-28
600.0,1,38,2026-10-24,2026-09-28
605.0,0,5,2026-10-24,2026-09-28
610.0,0,13,2026-10-24,2026-09-28
615.0,1,5,2026-10-24,2026-09-28
620.0,4,201,2026-10-24,2026-09-28
625.0,1,30,2026-10-24,2026-09-28
630.0,1,2,2026-10-24,2026-09-28
635.0,0,4,2026-10-24,2026-09-28
640.0,1,27,2026-10-24,2026-09-28
645.0,1,5,2026-10-24,2026-09-28
650.0,0,231,2026-10-24,2026-09-28
655.0,2,144,2026-10-24,2026-09-28
660.0,0,10,2026-10-24,2026-09-28
665.0,0,6,2026-10-24,2026-09-28
670.0,0,219,2026-10-24,2026-09-28
675.0,2,63,2026-10-24,2026-09-28
680.0,0,62,2026-10-24,2026-09-28
685.0,1,84,2026-10-24,2026-09-28
690.0,2,163,2026-10-24,2026-09-28
695.0,5,175,2026-10-24,2026-09-28
700.0,3,166,2026-10-24,2026-09-28
705.0,0,82,2026-10-24,2026-09-28
710.0,0,77,2026-10-24,2026-09-28
715.0,3,101,2026-10-24,2026-09-28
720.0,1,53,2026-10-24,2026-09-28
725.0,0,36,2026-10-24,2026-09-28
730.0,2,187,2026-10-24,2026-09-28
735.0,0,11,2026-10-24,2026-09-28
740.0,10,77,2026-10-24,2026-09-28
745.0,2,61,2026-10-24,2026-09-28
750.0,5,209,2026-10-24,2026-09-28
755.0,6,239,2026-10-24,2026-09-28
760.0,0,87,2026-10-24,2026-09-28
765.0,5,41,2026-10-24,2026-09-28
770.0,0,121,2026-10-24,2026-09-28
775.0,3,210,2026-10-24,2026-09-28
780.0,13,129,2026-10-24,2026-09-28
785.0,1,78,2026-10-24,2026-09-28
790.0,28,140,2026-10-24,2026-09-28
795.0,26,83,2026-10-24,2026-09-28
800.0,198,425,2026-10-24,2026-09-28
805.0,0,121,2026-10-24,2026-09-28
810.0,0,199,2026-10-24,2026-09-28
815.0,1,50,2026-10-24,2026-09-28
820.0,2,234,2026-10-24,2026-09-28
825.0,7,91,2026-10-24,2026-09-28
830.0,11,215,2026-10-24,2026-09-28
835.0,1,80,2026-10-24,2026-09-28
840.0,52,44,2026-10-24,2026-09-28
845.0,0,90,2026-10-24,2026-09-28
850.0,4,822,2026-10-24,2026-09-28
855.0,1,44,2026-10-24,2026-09-28
860.0,1,136,2026-10-24,2026-09-28
865.0,1,38,2026-10-24,2026-09-28
870.0,1,175,2026-10-24,2026-09-28
875.0,11,71,2026-10-24,2026-09-28
880.0,10,232,2026-10-24,2026-09-28
885.0,1,44,2026-10-24,2026-09-28
890.0,19,78,2026-10-24,2026-09-28
895.0,27,158,2026-10-24,2026-09-28
900.0,268,403,2026-10-24,2026-09-28
905.0,22,78,2026-10-24,2026-09-28
910.0,9,70,2026-10-24,2026-09-28
915.0,14,41,2026-10-24,2026-09-28
920.0,1500,1500,2026-10-24,2026-09-28
920.0,58,92,2026-10-24,2026-09-28
925.0,69,80,2026-10-24,2026-09-28
930.0,59,143,2026-10-24,2026-09-28
935.0,68,77,2026-10-24,2026-09-28
940.0,51,102,2026-10-24,2026-09-28
945.0,24,42,2026-10-24,2026-09-28
950.0,43,385,2026-10-24,2026-09-28
955.0,84,54,2026-10-24,2026-09-28
960.0,49,82,2026-10-24,2026-09-28
965.0,5,44,2026-10-24,2026-09-28
970.0,55,114,2026-10-24,2026-09-28
975.0,66,69,2026-10-24,2026-09-28
980.0,62,77,2026-10-24,2026-09-28
985.0,14,90,2026-10-24,2026-09-28
990.0,57,28,2026-10-24,2026-09-28
995.0,65,89,2026-10-24,2026-09-28
1000.0,194,450,2026-10-24,2026-09-28
1005.0,42,44,2026-10-24,2026-09-28
1010.0,109,29,2026-10-24,2026-09-28
1015.0,43,37,2026-10-24,2026-09-28
1020.0,166,152,2026-10-24,2026-09-28
1025.0,95,46,2026-10-24,2026-09-28
1030.0,52,38,2026-10-24,2026-09-28
1035.0,42,25,2026-10-24,2026-09-28
1040.0,121,40,2026-10-24,2026-09-28
1045.0,64,25,2026-10-24,2026-09-28
1050.0,230,442,2026-10-24,2026-09-28
1055.0,82,18,2026-10-24,2026-09-28
1060.0,224,38,2026-10-24,2026-09-28
1065.0,22,38,2026-10-24,2026-09-28
1070.0,112,65,2026-10-24,2026-09-28
1075.0,139,69,2026-10-24,2026-09-28
1080.0,151,48,2026-10-24,2026-09-28
1085.0,144,19,2026-10-24,2026-09-28
1090.0,95,11,2026-10-24,2026-09-28
1095.0,86,14,2026-10-24,2026-09-28
1100.0,396,384,2026-10-24,2026-09-28
1105.0,171,14,2026-10-24,2026-09-28
1110.0,67,26,2026-10-24,2026-09-28
1115.0,24,5,2026-10-24,2026-09-28
1120.0,62,0,2026-10-24,2026-09-28
1125.0,65,0,2026-10-24,2026-09-28
1130.0,36,6,2026-10-24,2026-09-28
1135.0,31,2,2026-10-24,2026-09-28
1140.0,37,0,2026-10-24,2026-09-28
1145.0,18,0,2026-10-24,2026-09-28
1150.0,408,6,2026-10-24,2026-09-28
1160.0,72,36,2026-10-24,2026-09-28
1170.0,83,13,2026-10-24,2026-09-28
1180.0,250,19,2026-10-24,2026-09-28
1190.0,51,15,2026-10-24,2026-09-28
1200.0,390,47,2026-10-24,2026-09-28
1210.0,99,15,2026-10-24,2026-09-28
1220.0,124,8,2026-10-24,2026-09-28
1230.0,245,40,2026-10-24,2026-09-28
1240.0,65,5,2026-10-24,2026-09-28
1250.0,201,0,2026-10-24,2026-09-28
1260.0,271,0,2026-10-24,2026-09-28
1270.0,135,5,2026-10-24,2026-09-28
1280.0,38,4,2026-10-24,2026-09-28
1290.0,157,1,2026-10-24,2026-09-28
1300.0,490,1,2026-10-24,2026-09-28
1310.0,40,0,2026-10-24,2026-09-28
1320.0,23,0,2026-10-24,2026-09-28
1330.0,68,0,2026-10-24,2026-09-28
1340.0,113,0,2026-10-24,2026-09-28
1350.0,56,0,2026-10-24,2026-09-28
1360.0,45,0,2026-10-24,2026-09-28
1370.0,37,2,2026-10-24,2026-09-28
1380.0,103,0,2026-10-24,2026-09-28
1390.0,47,0,2026-10-24,2026-09-28
1400.0,307,2,2026-10-24,2026-09-28
1410.0,19,0,2026-10-24,2026-09-28
1420.0,30,0,2026-10-24,2026-09-28
1430.0,54,0,2026-10-24,2026-09-28
1440.0,29,0,2026-10-24,2026-09-28
1450.0,139,0,2026-10-24,2026-09-28
1460.0,32,0,2026-10-24,2026-09-28
1470.0,19,0,2026-10-24,2026-09-28
1480.0,16,0,2026-10-24,2026-09-28
1490.0,551,0,2026-10-24,2026-09-28
1500.0,151,0,2026-10-24,2026-09-28
1510.0,29,0,2026-10-24,2026-09-28
1520.0,31,0,2026-10-24,2026-09-28
1530.0,484,0,2026-10-24,2026-09-28
1540.0,38,0,2026-10-24,2026-09-28
1550.0,11,0,2026-10-24,2026-09-28
1560.0,10,0,2026-10-24,2026-09-28
1570.0,20,0,2026-10-24,2026-09-28
1580.0,3,0,2026-10-24,2026-09-28
1590.0,19,0,2026-10-24,2026-09-28
1600.0,33,0,2026-10-24,2026-09-28
1610.0,37,0,2026-10-24,2026-09-28
1620.0,10,0,2026-10-24,2026-09-28
1630.0,9,0,2026-10-24,2026-09-28
1640.0,16,0,2026-10-24,2026-09-28
1650.0,12,0,2026-10-24,2026-09-28
1660.0,14,0,2026-10-24,2026-09-28
1670.0,6,0,2026-10-24,2026-09-28
1680.0,5,0,2026-10-24,2026-09-28
1690.0,36,0,2026-10-24,2026-09-28
1700.0,29,0,2026-10-24,2026-09-28
1710.0,5,0,2026-10-24,2026-09-28
1720.0,3,0,2026-10-24,2026-09-28
1730.0,166,0,2026-10-24,2026-09-28
1100.0,29,0,2026-10-29,2026-09-28
1000.0,4150,4150,2026-10-30,2026-09-28
5.0,0,0,2026-10-31,2026-09-28
10.0,0,0,2026-10-31,2026-09-28
15.0,0,0,2026-10-31,2026-09-28
20.0,0,0,2026-10-31,2026-09-28
25.0,0,0,2026-10-31,2026-09-28
30.0,0,0,2026-10-31,2026-09-28
35.0,0,1,2026-10-31,2026-09-28
40.0,0,0,2026-10-31,2026-09-28
45.0,0,0,2026-10-31,2026-09-28
50.0,0,0,2026-10-31,2026-09-28
55.0,0,0,2026-10-31,2026-09-28
60.0,0,0,2026-10-31,2026-09-28
65.0,0,0,2026-10-31,2026-09-28
70.0,0,0,2026-10-31,2026-09-28
75.0,0,0,2026-10-31,2026-09-28
80.0,0,0,2026-10-31,2026-09-28
85.0,0,0,2026-10-31,2026-09-28
90.0,0,0,2026-10-31,2026-09-28
95.0,0,0,2026-10-31,2026-09-28
100.0,0,0,2026-10-31,2026-09-28
105.0,0,0,2026-10-31,2026-09-28
110.0,0,0,2026-10-31,2026-09-28
115.0,0,0,2026-10-31,2026-09-28
120.0,0,0,2026-10-31,2026-09-28
125.0,0,1,2026-10-31,2026-09-28
130.0,0,0,2026-10-31,2026-09-28
135.0,0,0,2026-10-31,2026-09-28
140.0,0,0,2026-10-31,2026-09-28
145.0,0,0,2026-10-31,2026-09-28
150.0,0,0,2026-10-31,2026-09-28
155.0,0,0,2026-10-31,2026-09-28
160.0,0,0,2026-10-31,2026-09-28
165.0,0,0,2026-10-31,2026-09-28
170.0,0,0,2026-10-31,2026-09-28
175.0,0,0,2026-10-31,2026-09-28
180.0,0,0,2026-10-31,2026-09-28
185.0,1,79,2026-10-31,2026-09-28
190.0,0,129,2026-10-31,2026-09-28
195.0,0,57,2026-10-31,2026-09-28
200.0,0,109,2026-10-31,2026-09-28
210.0,0,35,2026-10-31,2026-09-28
220.0,1,32,2026-10-31,2026-09-28
230.0,0,25,2026-10-31,2026-09-28
240.0,0,14,2026-10-31,2026-09-28
250.0,0,36,2026-10-31,2026-09-28
260.0,0,23,2026-10-31,2026-09-28
270.0,8,46,2026-10-31,2026-09-28
280.0,2,25,2026-10-31,2026-09-28
290.0,0,24,2026-10-31,2026-09-28
300.0,20,23,2026-10-31,2026-09-28
310.0,0,21,2026-10-31,2026-09-28
320.0,0,15,2026-10-31,2026-09-28
330.0,0,9,2026-10-31,2026-09-28
340.0,0,30,2026-10-31,2026-09-28
350.0,6,24,2026-10-31,2026-09-28
360.0,0,63,2026-10-31,2026-09-28
370.0,26,37,2026-10-31,2026-09-28
380.0,0,20,2026-10-31,2026-09-28
390.0,0,25,2026-10-31,2026-09-28
400.0,0,31,2026-10-31,2026-09-28
410.0,0,5,2026-10-31,2026-09-28
420.0,3,11,2026-10-31,2026-09-28
430.0,10,3,2026-10-31,2026-09-28
440.0,0,4,2026-10-31,2026-09-28
450.0,0,9,2026-10-31,2026-09-28
460.0,38,9,2026-10-31,2026-09-28
470.0,0,0,2026-10-31,2026-09-28
480.0,0,4,2026-10-31,2026-09-28
490.0,0,5,2026-10-31,2026-09-28
500.0,1,6,2026-10-31,2026-09-28
510.0,1,31,2026-10-31,2026-09-28
520.0,1,31,2026-10-31,2026-09-28
530.0,1,20,2026-10-31,2026-09-28
540.0,0,8,2026-10-31,2026-09-28
550.0,0,11,2026-10-31,2026-09-28
560.0,2,11,2026-10-31,2026-09-28
570.0,0,5,2026-10-31,2026-09-28
580.0,2,7,2026-10-31,2026-09-28
590.0,0,11,2026-10-31,2026-09-28
600.0,1,403,2026-10-31,2026-09-28
610.0,0,15,2026-10-31,2026-09-28
620.0,0,25,2026-10-31,2026-09-28
630.0,0,53,2026-10-31,2026-09-28
640.0,1,6,2026-10-31,2026-09-28
650.0,3,81,2026-10-31,2026-09-28
660.0,2,34,2026-10-31,2026-09-28
670.0,0,23,2026-10-31,2026-09-28
680.0,1,25,2026-10-31,2026-09-28
690.0,1,9,2026-10-31,2026-09-28
700.0,88,216,2026-10-31,2026-09-28
710.0,4,53,2026-10-31,2026-09-28
720.0,4,164,2026-10-31,2026-09-28
730.0,23,85,2026-10-31,2026-09-28
740.0,1,24,2026-10-31,2026-09-28
750.0,101,202,2026-10-31,2026-09-28
760.0,1,70,2026-10-31,2026-09-28
770.0,48,242,2026-10-31,2026-09-28
780.0,9,100,2026-10-31,2026-09-28
790.0,1,67,2026-10-31,2026-09-28
795.0,3,29,2026-10-31,2026-09-28
800.0,65,414,2026-10-31,2026-09-28
805.0,1,94,2026-10-31,2026-09-28
810.0,10,47,2026-10-31,2026-09-28
815.0,19,86,2026-10-31,2026-09-28
820.0,4,174,2026-10-31,2026-09-28
825.0,103,59,2026-10-31,2026-09-28
830.0,12,72,2026-10-31,2026-09-28
835.0,2,62,2026-10-31,2026-09-28
840.0,2,133,2026-10-31,2026-09-28
845.0,3,67,2026-10-31,2026-09-28
850.0,16,843,2026-10-31,2026-09-28
855.0,1,51,2026-10-31,2026-09-28
860.0,12,86,2026-10-31,2026-09-28
865.0,45,423,2026-10-31,2026-09-28
870.0,32,128,2026-10-31,2026-09-28
875.0,1,55,2026-10-31,2026-09-28
880.0,78,109,2026-10-31,2026-09-28
885.0,5,69,2026-10-31,2026-09-28
890.0,63,143,2026-10-31,2026-09-28
895.0,3,109,2026-10-31,2026-09-28
900.0,350,681,2026-10-31,2026-09-28
905.0,422,63,2026-10-31,2026-09-28
910.0,252,98,2026-10-31,2026-09-28
915.0,18,217,2026-10-31,2026-09-28
920.0,87,248,2026-10-31,2026-09-28
925.0,95,81,2026-10-31,2026-09-28
930.0,32,126,2026-10-31,2026-09-28
935.0,13,55,2026-10-31,2026-09-28
940.0,129,55,2026-10-31,2026-09-28
945.0,36,24,2026-10-31,2026-09-28
950.0,290,145,2026-10-31,2026-09-28
955.0,41,67,2026-10-31,2026-09-28
960.0,22,60,2026-10-31,2026-09-28
965.0,13,29,2026-10-31,2026-09-28
970.0,51,66,2026-10-31,2026-09-28
975.0,35,150,2026-10-31,2026-09-28
980.0,64,181,2026-10-31,2026-09-28
985.0,69,86,2026-10-31,2026-09-28
990.0,110,46,2026-10-31,2026-09-28
995.0,63,74,2026-10-31,2026-09-28
1000.0,392,285,2026-10-31,2026-09-28
1005.0,65,22,2026-10-31,2026-09-28
1010.0,35,24,2026-10-31,2026-09-28
1015.0,22,11,2026-10-31,2026-09-28
1020.0,239,35,2026-10-31,2026-09-28
1025.0,219,30,2026-10-31,2026-09-28
1030.0,105,22,2026-10-31,2026-09-28
1035.0,47,43,2026-10-31,2026-09-28
1040.0,62,40,2026-10-31,2026-09-28
1045.0,54,178,2026-10-31,2026-09-28
1050.0,600,600,2026-10-31,2026-09-28
1050.0,237,58,2026-10-31,2026-09-28
1055.0,36,65,2026-10-31,2026-09-28
1060.0,66,48,2026-10-31,2026-09-28
1065.0,34,144,2026-10-31,2026-09-28
1070.0,139,48,2026-10-31,2026-09-28
1075.0,176,51,2026-10-31,2026-09-28
1080.0,108,49,2026-10-31,2026-09-28
1085.0,81,43,2026-10-31,2026-09-28
1090.0,232,90,2026-10-31,2026-09-28
1095.0,65,74,2026-10-31,2026-09-28
1100.0,748,335,2026-10-31,2026-09-28
1105.0,26,1,2026-10-31,2026-09-28
1110.0,183,46,2026-10-31,2026-09-28
1115.0,55,44,2026-10-31,2026-09-28
1120.0,120,10,2026-10-31,2026-09-28
1125.0,83,2,2026-10-31,2026-09-28
1130.0,198,18,2026-10-31,2026-09-28
1135.0,21,1,2026-10-31,2026-09-28
1140.0,5,0,2026-10-31,2026-09-28
1140.0,126,3,2026-10-31,2026-09-28
1145.0,7,0,2026-10-31,2026-09-28
1150.0,186,18,2026-10-31,2026-09-28
1160.0,80,2,2026-10-31,2026-09-28
1170.0,123,2,2026-10-31,2026-09-28
1180.0,39,1,2026-10-31,2026-09-28
1190.0,136,0,2026-10-31,2026-09-28
1200.0,438,7,2026-10-31,2026-09-28
1210.0,52,3,2026-10-31,2026-09-28
1220.0,48,1,2026-10-31,2026-09-28
1230.0,60,1,2026-10-31,2026-09-28
1240.0,36,1,2026-10-31,2026-09-28
1250.0,299,3,2026-10-31,2026-09-28
1260.0,121,0,2026-10-31,2026-09-28
1270.0,111,1,2026-10-31,2026-09-28
1280.0,126,0,2026-10-31,2026-09-28
1290.0,51,1,2026-10-31,2026-09-28
1300.0,495,1,2026-10-31,2026-09-28
1310.0,35,0,2026-10-31,2026-09-28
1320.0,63,0,2026-10-31,2026-09-28
1330.0,44,0,2026-10-31,2026-09-28
1340.0,34,2,2026-10-31,2026-09-28
1350.0,129,0,2026-10-31,2026-09-28
1360.0,148,0,2026-10-31,2026-09-28
1370.0,64,0,2026-10-31,2026-09-28
1380.0,117,0,2026-10-31,2026-09-28
1390.0,18,0,2026-10-31,2026-09-28
1400.0,325,0,2026-10-31,2026-09-28
1410.0,14,0,2026-10-31,2026-09-28
1420.0,159,1,2026-10-31,2026-09-28
1430.0,9,0,2026-10-31,2026-09-28
1440.0,159,1,2026-10-31,2026-09-28
1450.0,39,0,2026-10-31,2026-09-28
1460.0,22,0,2026-10-31,2026-09-28
1470.0,12,3,2026-10-31,2026-09-28
1480.0,7,2,2026-10-31,2026-09-28
1490.0,6,0,2026-10-31,2026-09-28
1500.0,823,0,2026-10-31,2026-09-28
1510.0,76,0,2026-10-31,2026-09-28
1520.0,4,0,2026-10-31,2026-09-28
1530.0,30,0,2026-10-31,2026-09-28
1540.0,2,0,2026-10-31,2026-09-28
1550.0,35,0,2026-10-31,2026-09-28
1560.0,2,0,2026-10-31,2026-09-28
1570.0,1,0,2026-10-31,2026-09-28
1580.0,5,0,2026-10-31,2026-09-28
1590.0,12,0,2026-10-31,2026-09-28
1600.0,39,0,2026-10-31,2026-09-28
1610.0,37,1,2026-10-31,2026-09-28
1620.0,6,0,2026-10-31,2026-09-28
1630.0,3,0,2026-10-31,2026-09-28
1640.0,2,0,2026-10-31,2026-09-28
1650.0,15,0,2026-10-31,2026-09-28
1660.0,1,0,2026-10-31,2026-09-28
1670.0,2,0,2026-10-31,2026-09-28
1680.0,7,0,2026-10-31,2026-09-28
1690.0,2,0,2026-10-31,2026-09-28
1700.0,89,0,2026-10-31,2026-09-28
1710.0,14,0,2026-10-31,2026-09-28
1720.0,9,0,2026-10-31,2026-09-28
1730.0,390,0,2026-10-31,2026-09-28
1250.0,29,0,2026-11-05,2026-09-28
1340.0,9,0,2026-11-05,2026-09-28
5.0,0,0,2026-11-07,2026-09-28
10.0,0,0,2026-11-07,2026-09-28
15.0,0,0,2026-11-07,2026-09-28
20.0,0,0,2026-11-07,2026-09-28
25.0,0,0,2026-11-07,2026-09-28
30.0,0,0,2026-11-07,2026-09-28
35.0,0,0,2026-11-07,2026-09-28
40.0,0,0,2026-11-07,2026-09-28
45.0,0,0,2026-11-07,2026-09-28
50.0,0,0,2026-11-07,2026-09-28
55.0,0,0,2026-11-07,2026-09-28
60.0,0,0,2026-11-07,2026-09-28
65.0,0,0,2026-11-07,2026-09-28
70.0,0,0,2026-11-07,2026-09-28
75.0,0,0,2026-11-07,2026-09-28
80.0,0,0,2026-11-07,2026-09-28
85.0,0,0,2026-11-07,2026-09-28
90.0,0,0,2026-11-07,2026-09-28
95.0,0,0,2026-11-07,2026-09-28
100.0,0,0,2026-11-07,2026-09-28
105.0,0,0,2026-11-07,2026-09-28
110.0,0,0,2026-11-07,2026-09-28
115.0,0,0,2026-11-07,2026-09-28
120.0,0,0,2026-11-07,2026-09-28
125.0,0,0,2026-11-07,2026-09-28
130.0,0,0,2026-11-07,2026-09-28
135.0,0,0,2026-11-07,2026-09-28
140.0,0,0,2026-11-07,2026-09-28
145.0,0,0,2026-11-07,2026-09-28
150.0,0,0,2026-11-07,2026-09-28
155.0,0,0,2026-11-07,2026-09-28
160.0,0,0,2026-11-07,2026-09-28
165.0,0,0,2026-11-07,2026-09-28
170.0,0,0,2026-11-07,2026-09-28
175.0,0,3,2026-11-07,2026-09-28
180.0,0,4,2026-11-07,2026-09-28
185.0,0,2,2026-11-07,2026-09-28
190.0,0,2,2026-11-07,2026-09-28
195.0,0,6,2026-11-07,2026-09-28
200.0,0,10,2026-11-07,2026-09-28
210.0,0,2,2026-11-07,2026-09-28
220.0,0,4,2026-11-07,2026-09-28
230.0,0,7,2026-11-07,2026-09-28
240.0,0,7,2026-11-07,2026-09-28
250.0,0,22,2026-11-07,2026-09-28
260.0,0,3,2026-11-07,2026-09-28
270.0,0,5,2026-11-07,2026-09-28
280.0,0,2,2026-11-07,2026-09-28
290.0,0,4,2026-11-07,2026-09-28
300.0,0,11,2026-11-07,2026-09-28
310.0,0,5,2026-11-07,2026-09-28
320.0,0,0,2026-11-07,2026-09-28
330.0,0,5,2026-11-07,2026-09-28
340.0,0,0,2026-11-07,2026-09-28
350.0,0,0,2026-11-07,2026-09-28
360.0,0,0,2026-11-07,2026-09-28
370.0,0,0,2026-11-07,2026-09-28
380.0,0,0,2026-11-07,2026-09-28
390.0,0,0,2026-11-07,2026-09-28
400.0,0,0,2026-11-07,2026-09-28
410.0,0,0,2026-11-07,2026-09-28
420.0,0,0,2026-11-07,2026-09-28
430.0,0,0,2026-11-07,2026-09-28
440.0,1,0,2026-11-07,2026-09-28
450.0,0,0,2026-11-07,2026-09-28
460.0,0,2,2026-11-07,2026-09-28
470.0,0,0,2026-11-07,2026-09-28
480.0,0,0,2026-11-07,2026-09-28
490.0,0,0,2026-11-07,2026-09-28
500.0,0,0,2026-11-07,2026-09-28
510.0,0,0,2026-11-07,2026-09-28
520.0,0,0,2026-11-07,2026-09-28
530.0,0,0,2026-11-07,2026-09-28
540.0,0,0,2026-11-07,2026-09-28
550.0,0,0,2026-11-07,2026-09-28
560.0,1,2,2026-11-07,2026-09-28
570.0,0,0,2026-11-07,2026-09-28
580.0,0,2,2026-11-07,2026-09-28
590.0,0,0,2026-11-07,2026-09-28
600.0,0,5,2026-11-07,2026-09-28
610.0,0,0,2026-11-07,2026-09-28
620.0,0,0,2026-11-07,2026-09-28
630.0,0,0,2026-11-07,2026-09-28
640.0,0,0,2026-11-07,2026-09-28
650.0,0,4,2026-11-07,2026-09-28
660.0,0,7,2026-11-07,2026-09-28
670.0,0,2,2026-11-07,2026-09-28
680.0,0,34,2026-11-07,2026-09-28
690.0,0,0,2026-11-07,2026-09-28
700.0,1,22,2026-11-07,2026-09-28
710.0,0,1,2026-11-07,2026-09-28
720.0,0,0,2026-11-07,2026-09-28
730.0,0,1,2026-11-07,2026-09-28
740.0,0,0,2026-11-07,2026-09-28
750.0,0,0,2026-11-07,2026-09-28
760.0,0,5,2026-11-07,2026-09-28
770.0,0,6,2026-11-07,2026-09-28
780.0,0,5,2026-11-07,2026-09-28
790.0,0,0,2026-11-07,2026-09-28
795.0,0,0,2026-11-07,2026-09-28
800.0,4,5,2026-11-07,2026-09-28
805.0,0,0,2026-11-07,2026-09-28
810.0,0,1,2026-11-07,2026-09-28
815.0,0,1,2026-11-07,2026-09-28
820.0,0,3,2026-11-07,2026-09-28
825.0,0,0,2026-11-07,2026-09-28
830.0,0,17,2026-11-07,2026-09-28
835.0,0,1,2026-11-07,2026-09-28
840.0,1,16,2026-11-07,2026-09-28
845.0,2,2,2026-11-07,2026-09-28
850.0,0,9,2026-11-07,2026-09-28
855.0,0,11,2026-11-07,2026-09-28
860.0,0,26,2026-11-07,2026-09-28
865.0,0,1,2026-11-07,2026-09-28
870.0,0,9,2026-11-07,2026-09-28
875.0,0,2,2026-11-07,2026-09-28
880.0,0,13,2026-11-07,2026-09-28
885.0,0,11,2026-11-07,2026-09-28
890.0,0,10,2026-11-07,2026-09-28
895.0,0,1,2026-11-07,2026-09-28
900.0,0,24,2026-11-07,2026-09-28
905.0,0,3,2026-11-07,2026-09-28
910.0,0,3,2026-11-07,2026-09-28
915.0,0,1,2026-11-07,2026-09-28
920.0,0,13,2026-11-07,2026-09-28
925.0,0,10,2026-11-07,2026-09-28
930.0,0,3,2026-11-07,2026-09-28
935.0,0,19,2026-11-07,2026-09-28
940.0,0,14,2026-11-07,2026-09-28
945.0,0,11,2026-11-07,2026-09-28
950.0,0,8,2026-11-07,2026-09-28
955.0,0,3,2026-11-07,2026-09-28
960.0,0,30,2026-11-07,2026-09-28
965.0,0,6,2026-11-07,2026-09-28
970.0,0,5,2026-11-07,2026-09-28
975.0,0,1,2026-11-07,2026-09-28
980.0,5,9,2026-11-07,2026-09-28
985.0,0,5,2026-11-07,2026-09-28
990.0,0,4,2026-11-07,2026-09-28
995.0,0,3,2026-11-07,2026-09-28
1000.0,1,8,2026-11-07,2026-09-28
1005.0,1,28,2026-11-07,2026-09-28
1010.0,4,80,2026-11-07,2026-09-28
1015.0,20,1,2026-11-07,2026-09-28
1020.0,3,1,2026-11-07,2026-09-28
1025.0,0,2,2026-11-07,2026-09-28
1030.0,0,0,2026-11-07,2026-09-28
1035.0,0,1,2026-11-07,2026-09-28
1040.0,0,3,2026-11-07,2026-09-28
1045.0,0,30,2026-11-07,2026-09-28
1050.0,7,85,2026-11-07,2026-09-28
1055.0,1,3,2026-11-07,2026-09-28
1060.0,3,18,2026-11-07,2026-09-28
1065.0,14,0,2026-11-07,2026-09-28
1070.0,6,5,2026-11-07,2026-09-28
1075.0,45,6,2026-11-07,2026-09-28
1080.0,14,2,2026-11-07,2026-09-28
1085.0,40,25,2026-11-07,2026-09-28
1090.0,17,0,2026-11-07,2026-09-28
1095.0,2,1,2026-11-07,2026-09-28
1100.0,300,300,2026-11-07,2026-09-28
1100.0,31,3,2026-11-07,2026-09-28
1105.0,1,0,2026-11-07,2026-09-28
1110.0,8,2,2026-11-07,2026-09-28
1115.0,8,0,2026-11-07,2026-09-28
1120.0,29,0,2026-11-07,2026-09-28
1125.0,16,1,2026-11-07,2026-09-28
1130.0,43,0,2026-11-07,2026-09-28
1135.0,2,0,2026-11-07,2026-09-28
1140.0,1,0,2026-11-07,2026-09-28
1145.0,34,1,2026-11-07,2026-09-28
1150.0,4,0,2026-11-07,2026-09-28
1160.0,0,0,2026-11-07,2026-09-28
1170.0,0,0,2026-11-07,2026-09-28
1180.0,9,18,2026-11-07,2026-09-28
1190.0,0,0,2026-11-07,2026-09-28
1200.0,15,0,2026-11-07,2026-09-28
1210.0,0,0,2026-11-07,2026-09-28
1220.0,0,0,2026-11-07,2026-09-28
1230.0,0,0,2026-11-07,2026-09-28
1240.0,0,0,2026-11-07,2026-09-28
1250.0,24,1,2026-11-07,2026-09-28
1260.0,1,0,2026-11-07,2026-09-28
1270.0,3,0,2026-11-07,2026-09-28
1280.0,0,0,2026-11-07,2026-09-28
1290.0,5,0,2026-11-07,2026-09-28
1300.0,39,0,2026-11-07,2026-09-28
1310.0,0,0,2026-11-07,2026-09-28
1320.0,0,0,2026-11-07,2026-09-28
1330.0,1,0,2026-11-07,2026-09-28
1340.0,0,0,2026-11-07,2026-09-28
1350.0,35,0,2026-11-07,2026-09-28
1360.0,0,0,2026-11-07,2026-09-28
1370.0,0,0,2026-11-07,2026-09-28
1380.0,3,0,2026-11-07,2026-09-28
1390.0,1,0,2026-11-07,2026-09-28
1400.0,2,0,2026-11-07,2026-09-28
1410.0,0,0,2026-11-07,2026-09-28
1420.0,0,0,2026-11-07,2026-09-28
1430.0,0,0,2026-11-07,2026-09-28
1440.0,0,0,2026-11-07,2026-09-28
1450.0,0,0,2026-11-07,2026-09-28
1460.0,0,0,2026-11-07,2026-09-28
1470.0,0,0,2026-11-07,2026-09-28
1480.0,1,0,2026-11-07,2026-09-28
1490.0,1,0,2026-11-07,2026-09-28
1500.0,5,0,2026-11-07,2026-09-28
1510.0,0,0,2026-11-07,2026-09-28
1520.0,0,0,2026-11-07,2026-09-28
1530.0,0,0,2026-11-07,2026-09-28
1540.0,0,0,2026-11-07,2026-09-28
1550.0,5,0,2026-11-07,2026-09-28
1560.0,1,0,2026-11-07,2026-09-28
1570.0,0,0,2026-11-07,2026-09-28
1580.0,0,0,2026-11-07,2026-09-28
1590.0,0,0,2026-11-07,2026-09-28
1600.0,2,0,2026-11-07,2026-09-28
1610.0,0,0,2026-11-07,2026-09-28
1620.0,0,0,2026-11-07,2026-09-28
1630.0,0,0,2026-11-07,2026-09-28
1640.0,0,0,2026-11-07,2026-09-28
1650.0,0,0,2026-11-07,2026-09-28
1660.0,0,0,2026-11-07,2026-09-28
1670.0,0,0,2026-11-07,2026-09-28
1680.0,0,0,2026-11-07,2026-09-28
1690.0,0,0,2026-11-07,2026-09-28
1700.0,1,0,2026-11-07,2026-09-28
1710.0,0,0,2026-11-07,2026-09-28
1720.0,0,0,2026-11-07,2026-09-28
1730.0,1,0,2026-11-07,2026-09-28
1100.0,550,550,2026-11-14,2026-09-28
5.0,1,87,2026-11-21,2026-09-28
10.0,0,49,2026-11-21,2026-09-28
15.0,0,644,2026-11-21,2026-09-28
20.0,1,165,2026-11-21,2026-09-28
25.0,0,141,2026-11-21,2026-09-28
30.0,1,52,2026-11-21,2026-09-28
35.0,9,815,2026-11-21,2026-09-28
40.0,4,47,2026-11-21,2026-09-28
45.0,2,88,2026-11-21,2026-09-28
50.0,5,52,2026-11-21,2026-09-28
55.0,8,194,2026-11-21,2026-09-28
60.0,12,285,2026-11-21,2026-09-28
65.0,3,560,2026-11-21,2026-09-28
70.0,1,895,2026-11-21,2026-09-28
75.0,11,52,2026-11-21,2026-09-28
80.0,4,56,2026-11-21,2026-09-28
85.0,1,36,2026-11-21,2026-09-28
90.0,12,158,2026-11-21,2026-09-28
95.0,5,724,2026-11-21,2026-09-28
100.0,40,982,2026-11-21,2026-09-28
105.0,2,170,2026-11-21,2026-09-28
110.0,48,381,2026-11-21,2026-09-28
115.0,5,185,2026-11-21,2026-09-28
120.0,16,96,2026-11-21,2026-09-28
125.0,2,467,2026-11-21,2026-09-28
130.0,24,140,2026-11-21,2026-09-28
135.0,10,4122,2026-11-21,2026-09-28
140.0,18,53,2026-11-21,2026-09-28
145.0,3,221,2026-11-21,2026-09-28
150.0,3,686,2026-11-21,2026-09-28
155.0,19,121,2026-11-21,2026-09-28
160.0,28,241,2026-11-21,2026-09-28
165.0,28,89,2026-11-21,2026-09-28
170.0,9,95,2026-11-21,2026-09-28
175.0,19,234,2026-11-21,2026-09-28
180.0,24,134,2026-11-21,2026-09-28
185.0,9,148,2026-11-21,2026-09-28
190.0,6,306,2026-11-21,2026-09-28
195.0,116,2736,2026-11-21,2026-09-28
200.0,75,1893,2026-11-21,2026-09-28
210.0,39,203,2026-11-21,2026-09-28
220.0,36,419,2026-11-21,2026-09-28
230.0,79,1702,2026-11-21,2026-09-28
240.0,15,760,2026-11-21,2026-09-28
250.0,100,1094,2026-11-21,2026-09-28
260.0,142,1563,2026-11-21,2026-09-28
270.0,33,564,2026-11-21,2026-09-28
280.0,211,1275,2026-11-21,2026-09-28
290.0,47,1786,2026-11-21,2026-09-28
300.0,201,1938,2026-11-21,2026-09-28
310.0,13,403,2026-11-21,2026-09-28
320.0,88,569,2026-11-21,2026-09-28
330.0,200,678,2026-11-21,2026-09-28
340.0,445,227,2026-11-21,2026-09-28
350.0,160,2872,2026-11-21,2026-09-28
360.0,109,3424,2026-11-21,2026-09-28
370.0,85,750,2026-11-21,2026-09-28
380.0,769,6382,2026-11-21,2026-09-28
390.0,193,448,2026-11-21,2026-09-28
400.0,385,1684,2026-11-21,2026-09-28
410.0,204,537,2026-11-21,2026-09-28
420.0,485,915,2026-11-21,2026-09-28
430.0,809,1033,2026-11-21,2026-09-28
440.0,1204,651,2026-11-21,2026-09-28
450.0,786,1157,2026-11-21,2026-09-28
460.0,385,904,2026-11-21,2026-09-28
470.0,213,279,2026-11-21,2026-09-28
480.0,290,462,2026-11-21,2026-09-28
490.0,324,624,2026-11-21,2026-09-28
500.0,1112,3279,2026-11-21,2026-09-28
510.0,174,208,2026-11-21,2026-09-28
520.0,219,967,2026-11-21,2026-09-28
530.0,307,485,2026-11-21,2026-09-28
540.0,296,1474,2026-11-21,2026-09-28
550.0,231,1598,2026-11-21,2026-09-28
560.0,218,266,2026-11-21,2026-09-28
570.0,1205,3651,2026-11-21,2026-09-28
580.0,117,1136,2026-11-21,2026-09-28
590.0,369,657,2026-11-21,2026-09-28
600.0,511,3946,2026-11-21,2026-09-28
610.0,159,990,2026-11-21,2026-09-28
620.0,369,2535,2026-11-21,2026-09-28
630.0,192,1098,2026-11-21,2026-09-28
640.0,302,913,2026-11-21,2026-09-28
650.0,745,1963,2026-11-21,2026-09-28
660.0,310,1129,2026-11-21,2026-09-28
670.0,276,792,2026-11-21,2026-09-28
680.0,152,792,2026-11-21,2026-09-28
690.0,2,22,2026-11-21,2026-09-28
700.0,990,2766,2026-11-21,2026-09-28
710.0,227,271,2026-11-21,2026-09-28
720.0,236,540,2026-11-21,2026-09-28
730.0,378,468,2026-11-21,2026-09-28
740.0,340,1847,2026-11-21,2026-09-28
750.0,430,3148,2026-11-21,2026-09-28
760.0,476,799,2026-11-21,2026-09-28
770.0,340,403,2026-11-21,2026-09-28
780.0,307,1285,2026-11-21,2026-09-28
790.0,277,485,2026-11-21,2026-09-28
800.0,1813,3591,2026-11-21,2026-09-28
810.0,726,686,2026-11-21,2026-09-28
820.0,758,1177,2026-11-21,2026-09-28
830.0,555,576,2026-11-21,2026-09-28
840.0,461,727,2026-11-21,2026-09-28
850.0,641,1715,2026-11-21,2026-09-28
860.0,356,874,2026-11-21,2026-09-28
870.0,351,813,2026-11-21,2026-09-28
880.0,531,912,2026-11-21,2026-09-28
890.0,227,642,2026-11-21,2026-09-28
900.0,2157,2580,2026-11-21,2026-09-28
910.0,7102,1234,2026-11-21,2026-09-28
920.0,665,1601,2026-11-21,2026-09-28
930.0,496,1259,2026-11-21,2026-09-28
940.0,650,650,2026-11-21,2026-09-28
940.0,331,542,2026-11-21,2026-09-28
950.0,960,1582,2026-11-21,2026-09-28
960.0,392,439,2026-11-21,2026-09-28
970.0,466,472,2026-11-21,2026-09-28
980.0,360,776,2026-11-21,2026-09-28
990.0,309,495,2026-11-21,2026-09-28
1000.0,1000,1000,2026-11-21,2026-09-28
1000.0,2965,1538,2026-11-21,2026-09-28
1010.0,816,334,2026-11-21,2026-09-28
1020.0,683,339,2026-11-21,2026-09-28
1030.0,579,357,2026-11-21,2026-09-28
1040.0,518,303,2026-11-21,2026-09-28
1050.0,8570,360,2026-11-21,2026-09-28
1060.0,510,234,2026-11-21,2026-09-28
1070.0,200,200,2026-11-21,2026-09-28
1070.0,535,283,2026-11-21,2026-09-28
1080.0,150,150,2026-11-21,2026-09-28
1080.0,651,196,2026-11-21,2026-09-28
1090.0,423,290,2026-11-21,2026-09-28
1100.0,1030,1030,2026-11-21,2026-09-28
1100.0,2946,586,2026-11-21,2026-09-28
1110.0,446,111,2026-11-21,2026-09-28
1120.0,985,82,2026-11-21,2026-09-28
1130.0,243,117,2026-11-21,2026-09-28
1140.0,715,76,2026-11-21,2026-09-28
1150.0,888,256,2026-11-21,2026-09-28
1160.0,477,85,2026-11-21,2026-09-28
1170.0,462,35,2026-11-21,2026-09-28
1180.0,437,24,2026-11-21,2026-09-28
1190.0,1154,42,2026-11-21,2026-09-28
1200.0,2682,225,2026-11-21,2026-09-28
1210.0,877,118,2026-11-21,2026-09-28
1220.0,303,42,2026-11-21,2026-09-28
1230.0,435,42,2026-11-21,2026-09-28
1240.0,336,17,2026-11-21,2026-09-28
1250.0,2384,52,2026-11-21,2026-09-28
1260.0,351,57,2026-11-21,2026-09-28
1270.0,416,58,2026-11-21,2026-09-28
1280.0,342,84,2026-11-21,2026-09-28
1290.0,448,43,2026-11-21,2026-09-28
1300.0,3600,1102,2026-11-21,2026-09-28
1310.0,598,55,2026-11-21,2026-09-28
1320.0,329,40,2026-11-21,2026-09-28
1330.0,522,50,2026-11-21,2026-09-28
1340.0,271,63,2026-11-21,2026-09-28
1350.0,8228,18,2026-11-21,2026-09-28
1360.0,240,60,2026-11-21,2026-09-28
1370.0,191,50,2026-11-21,2026-09-28
1380.0,457,33,2026-11-21,2026-09-28
1390.0,111,7,2026-11-21,2026-09-28
1400.0,1147,8,2026-11-21,2026-09-28
1410.0,365,15,2026-11-21,2026-09-28
1420.0,361,3,2026-11-21,2026-09-28
1430.0,72,303,2026-11-21,2026-09-28
1440.0,269,13,2026-11-21,2026-09-28
1450.0,397,7,2026-11-21,2026-09-28
1460.0,135,2,2026-11-21,2026-09-28
1470.0,348,12,2026-11-21,2026-09-28
1480.0,470,10,2026-11-21,2026-09-28
1490.0,259,2,2026-11-21,2026-09-28
1500.0,2150,133,2026-11-21,2026-09-28
1510.0,507,2,2026-11-21,2026-09-28
1520.0,943,21,2026-11-21,2026-09-28
1530.0,801,2,2026-11-21,2026-09-28
1540.0,265,14,2026-11-21,2026-09-28
1550.0,272,16,2026-11-21,2026-09-28
1560.0,326,5,2026-11-21,2026-09-28
1570.0,149,0,2026-11-21,2026-09-28
1580.0,96,10,2026-11-21,2026-09-28
1590.0,490,2,2026-11-21,2026-09-28
1600.0,878,13,2026-11-21,2026-09-28
1610.0,428,6,2026-11-21,2026-09-28
1620.0,131,0,2026-11-21,2026-09-28
1630.0,428,0,2026-11-21,2026-09-28
1640.0,86,3,2026-11-21,2026-09-28
1650.0,234,5,2026-11-21,2026-09-28
1660.0,78,0,2026-11-21,2026-09-28
1670.0,130,0,2026-11-21,2026-09-28
1680.0,166,0,2026-11-21,2026-09-28
1690.0,171,0,2026-11-21,2026-09-28
1700.0,337,67,2026-11-21,2026-09-28
1710.0,163,0,2026-11-21,2026-09-28
1720.0,243,0,2026-11-21,2026-09-28
1730.0,132,0,2026-11-21,2026-09-28
1740.0,247,0,2026-11-21,2026-09-28
1750.0,216,0,2026-11-21,2026-09-28
1760.0,80,0,2026-11-21,2026-09-28
1770.0,186,0,2026-11-21,2026-09-28
1780.0,212,0,2026-11-21,2026-09-28
1790.0,198,0,2026-11-21,2026-09-28
1800.0,2116,0,2026-11-21,2026-09-28
1810.0,89,0,2026-11-21,2026-09-28
1820.0,589,0,2026-11-21,2026-09-28
1830.0,353,0,2026-11-21,2026-09-28
1840.0,356,0,2026-11-21,2026-09-28
1850.0,416,0,2026-11-21,2026-09-28
1860.0,168,0,2026-11-21,2026-09-28
1870.0,202,0,2026-11-21,2026-09-28
1880.0,596,0,2026-11-21,2026-09-28
1890.0,198,0,2026-11-21,2026-09-28
1900.0,323,0,2026-11-21,2026-09-28
1910.0,725,0,2026-11-21,2026-09-28
1920.0,158,0,2026-11-21,2026-09-28
1930.0,236,0,2026-11-21,2026-09-28
1940.0,172,0,2026-11-21,2026-09-28
1950.0,259,0,2026-11-21,2026-09-28
1960.0,343,0,2026-11-21,2026-09-28
1970.0,216,0,2026-11-21,2026-09-28
1980.0,57,0,2026-11-21,2026-09-28
1990.0,172,0,2026-11-21,2026-09-28
2000.0,868,0,2026-11-21,2026-09-28
2010.0,172,0,2026-11-21,2026-09-28
2020.0,225,0,2026-11-21,2026-09-28
2030.0,303,0,2026-11-21,2026-09-28
2040.0,231,0,2026-11-21,2026-09-28
2050.0,186,0,2026-11-21,2026-09-28
2060.0,235,0,2026-11-21,2026-09-28
2070.0,246,0,2026-11-21,2026-09-28
2080.0,148,0,2026-11-21,2026-09-28
2090.0,126,0,2026-11-21,2026-09-28
2100.0,313,0,2026-11-21,2026-09-28
2110.0,366,0,2026-11-21,2026-09-28
2120.0,148,0,2026-11-21,2026-09-28
2130.0,154,0,2026-11-21,2026-09-28
2140.0,451,0,2026-11-21,2026-09-28
2150.0,265,0,2026-11-21,2026-09-28
2160.0,56,0,2026-11-21,2026-09-28
2170.0,253,0,2026-11-21,2026-09-28
2180.0,177,0,2026-11-21,2026-09-28
2190.0,147,0,2026-11-21,2026-09-28
2200.0,63,0,2026-11-21,2026-09-28
2210.0,11,0,2026-11-21,2026-09-28
2220.0,39,0,2026-11-21,2026-09-28
2230.0,124,0,2026-11-21,2026-09-28
2240.0,64,0,2026-11-21,2026-09-28
2250.0,49,0,2026-11-21,2026-09-28
2260.0,76,0,2026-11-21,2026-09-28
2270.0,93,0,2026-11-21,2026-09-28
2280.0,144,0,2026-11-21,2026-09-28
2290.0,812,0,2026-11-21,2026-09-28
2300.0,97,0,2026-11-21,2026-09-28
2310.0,43,0,2026-11-21,2026-09-28
2320.0,21,0,2026-11-21,2026-09-28
2330.0,35,0,2026-11-21,2026-09-28
2340.0,50,0,2026-11-21,2026-09-28
2350.0,104,0,2026-11-21,2026-09-28
2360.0,21,0,2026-11-21,2026-09-28
2370.0,135,0,2026-11-21,2026-09-28
2380.0,45,0,2026-11-21,2026-09-28
2390.0,207,0,2026-11-21,2026-09-28
2400.0,101,0,2026-11-21,2026-09-28
2410.0,196,0,2026-11-21,2026-09-28
2420.0,188,0,2026-11-21,2026-09-28
2440.0,144,0,2026-11-21,2026-09-28
2460.0,104,0,2026-11-21,2026-09-28
2480.0,424,0,2026-11-21,2026-09-28
2500.0,1423,0,2026-11-21,2026-09-28
5.0,20,75,2026-12-19,2026-09-28
10.0,21,141,2026-12-19,2026-09-28
15.0,31,99,2026-12-19,2026-09-28
20.0,10,27,2026-12-19,2026-09-28
25.0,38,37,2026-12-19,2026-09-28
30.0,0,4531,2026-12-19,2026-09-28
35.0,36,3356,2026-12-19,2026-09-28
40.0,42,1247,2026-12-19,2026-09-28
45.0,94,3016,2026-12-19,2026-09-28
47.5,162,2278,2026-12-19,2026-09-28
50.0,238,1149,2026-12-19,2026-09-28
55.0,102,3872,2026-12-19,2026-09-28
60.0,88,4317,2026-12-19,2026-09-28
65.0,157,1277,2026-12-19,2026-09-28
70.0,270,4342,2026-12-19,2026-09-28
75.0,265,3373,2026-12-19,2026-09-28
80.0,314,4321,2026-12-19,2026-09-28
85.0,470,5146,2026-12-19,2026-09-28
87.5,185,2919,2026-12-19,2026-09-28
90.0,1011,4006,2026-12-19,2026-09-28
92.5,153,362,2026-12-19,2026-09-28
95.0,618,1218,2026-12-19,2026-09-28
97.5,163,165,2026-12-19,2026-09-28
100.0,781,2664,2026-12-19,2026-09-28
105.0,395,1055,2026-12-19,2026-09-28
110.0,922,1224,2026-12-19,2026-09-28
115.0,89,1215,2026-12-19,2026-09-28
120.0,423,1095,2026-12-19,2026-09-28
125.0,501,1981,2026-12-19,2026-09-28
130.0,426,1340,2026-12-19,2026-09-28
135.0,177,414,2026-12-19,2026-09-28
140.0,1238,928,2026-12-19,2026-09-28
145.0,249,250,2026-12-19,2026-09-28
150.0,504,1262,2026-12-19,2026-09-28
155.0,192,316,2026-12-19,2026-09-28
160.0,675,1123,2026-12-19,2026-09-28
165.0,860,450,2026-12-19,2026-09-28
170.0,434,821,2026-12-19,2026-09-28
175.0,338,359,2026-12-19,2026-09-28
180.0,750,779,2026-12-19,2026-09-28
185.0,167,342,2026-12-19,2026-09-28
190.0,874,1460,2026-12-19,2026-09-28
195.0,135,1042,2026-12-19,2026-09-28
200.0,0,0,2026-12-19,2026-09-28
200.0,1416,2256,2026-12-19,2026-09-28
210.0,734,2687,2026-12-19,2026-09-28
220.0,2072,1889,2026-12-19,2026-09-28
230.0,600,979,2026-12-19,2026-09-28
240.0,898,1610,2026-12-19,2026-09-28
250.0,1042,2252,2026-12-19,2026-09-28
260.0,526,524,2026-12-19,2026-09-28
270.0,531,1798,2026-12-19,2026-09-28
280.0,2158,3262,2026-12-19,2026-09-28
290.0,250,1611,2026-12-19,2026-09-28
300.0,1264,2941,2026-12-19,2026-09-28
310.0,447,2702,2026-12-19,2026-09-28
320.0,402,427,2026-12-19,2026-09-28
330.0,998,769,2026-12-19,2026-09-28
340.0,1449,746,2026-12-19,2026-09-28
350.0,654,2398,2026-12-19,2026-09-28
360.0,485,10933,2026-12-19,2026-09-28
370.0,199,3481,2026-12-19,2026-09-28
380.0,794,6660,2026-12-19,2026-09-28
390.0,487,2269,2026-12-19,2026-09-28
400.0,830,5459,2026-12-19,2026-09-28
410.0,368,1128,2026-12-19,2026-09-28
420.0,1471,4002,2026-12-19,2026-09-28
430.0,203,618,2026-12-19,2026-09-28
440.0,247,1116,2026-12-19,2026-09-28
450.0,1233,2622,2026-12-19,2026-09-28
460.0,711,431,2026-12-19,2026-09-28
470.0,450,659,2026-12-19,2026-09-28
480.0,783,1388,2026-12-19,2026-09-28
490.0,577,3508,2026-12-19,2026-09-28
500.0,1472,5148,2026-12-19,2026-09-28
510.0,716,415,2026-12-19,2026-09-28
520.0,857,1872,2026-12-19,2026-09-28
530.0,204,1250,2026-12-19,2026-09-28
540.0,290,2903,2026-12-19,2026-09-28
550.0,649,4212,2026-12-19,2026-09-28
560.0,169,697,2026-12-19,2026-09-28
570.0,579,368,2026-12-19,2026-09-28
580.0,2974,3784,2026-12-19,2026-09-28
590.0,349,462,2026-12-19,2026-09-28
600.0,1390,5122,2026-12-19,2026-09-28
610.0,424,874,2026-12-19,2026-09-28
620.0,913,932,2026-12-19,2026-09-28
630.0,201,635,2026-12-19,2026-09-28
640.0,357,1393,2026-12-19,2026-09-28
650.0,719,3147,2026-12-19,2026-09-28
660.0,316,884,2026-12-19,2026-09-28
670.0,337,488,2026-12-19,2026-09-28
680.0,391,513,2026-12-19,2026-09-28
690.0,394,509,2026-12-19,2026-09-28
700.0,4448,3785,2026-12-19,2026-09-28
710.0,547,1185,2026-12-19,2026-09-28
720.0,324,592,2026-12-19,2026-09-28
730.0,278,634,2026-12-19,2026-09-28
740.0,912,546,2026-12-19,2026-09-28
750.0,524,2848,2026-12-19,2026-09-28
760.0,281,1255,2026-12-19,2026-09-28
770.0,434,515,2026-12-19,2026-09-28
780.0,637,518,2026-12-19,2026-09-28
790.0,240,825,2026-12-19,2026-09-28
800.0,3834,5018,2026-12-19,2026-09-28
810.0,598,759,2026-12-19,2026-09-28
820.0,413,1411,2026-12-19,2026-09-28
830.0,693,647,2026-12-19,2026-09-28
840.0,831,1082,2026-12-19,2026-09-28
850.0,1154,1906,2026-12-19,2026-09-28
860.0,650,717,2026-12-19,2026-09-28
870.0,404,931,2026-12-19,2026-09-28
880.0,659,1177,2026-12-19,2026-09-28
890.0,625,684,2026-12-19,2026-09-28
900.0,2394,2683,2026-12-19,2026-09-28
910.0,1253,727,2026-12-19,2026-09-28
920.0,1627,729,2026-12-19,2026-09-28
930.0,138,138,2026-12-19,2026-09-28
930.0,627,1575,2026-12-19,2026-09-28
940.0,449,763,2026-12-19,2026-09-28
950.0,1160,1395,2026-12-19,2026-09-28
960.0,475,807,2026-12-19,2026-09-28
970.0,546,1223,2026-12-19,2026-09-28
980.0,555,863,2026-12-19,2026-09-28
990.0,353,586,2026-12-19,2026-09-28
1000.0,2667,1464,2026-12-19,2026-09-28
1010.0,533,361,2026-12-19,2026-09-28
1020.0,777,181,2026-12-19,2026-09-28
1030.0,441,205,2026-12-19,2026-09-28
1040.0,308,135,2026-12-19,2026-09-28
1050.0,1326,293,2026-12-19,2026-09-28
1060.0,684,194,2026-12-19,2026-09-28
1070.0,440,232,2026-12-19,2026-09-28
1080.0,455,1153,2026-12-19,2026-09-28
1090.0,318,252,2026-12-19,2026-09-28
1100.0,2625,488,2026-12-19,2026-09-28
1110.0,768,172,2026-12-19,2026-09-28
1120.0,431,122,2026-12-19,2026-09-28
1130.0,521,74,2026-12-19,2026-09-28
1140.0,417,107,2026-12-19,2026-09-28
1150.0,924,502,2026-12-19,2026-09-28
1160.0,307,78,2026-12-19,2026-09-28
1170.0,509,75,2026-12-19,2026-09-28
1180.0,642,162,2026-12-19,2026-09-28
1190.0,204,264,2026-12-19,2026-09-28
1200.0,3601,932,2026-12-19,2026-09-28
1210.0,405,38,2026-12-19,2026-09-28
1220.0,642,46,2026-12-19,2026-09-28
1230.0,308,16,2026-12-19,2026-09-28
1240.0,342,13,2026-12-19,2026-09-28
1250.0,1209,151,2026-12-19,2026-09-28
1260.0,728,22,2026-12-19,2026-09-28
1270.0,658,120,2026-12-19,2026-09-28
1280.0,248,84,2026-12-19,2026-09-28
1290.0,337,75,2026-12-19,2026-09-28
1300.0,2476,102,2026-12-19,2026-09-28
1310.0,430,9,2026-12-19,2026-09-28
1320.0,687,115,2026-12-19,2026-09-28
1330.0,1154,57,2026-12-19,2026-09-28
1340.0,639,113,2026-12-19,2026-09-28
1350.0,771,112,2026-12-19,2026-09-28
1360.0,558,68,2026-12-19,2026-09-28
1370.0,677,7,2026-12-19,2026-09-28
1380.0,378,24,2026-12-19,2026-09-28
1390.0,504,27,2026-12-19,2026-09-28
1400.0,2246,100,2026-12-19,2026-09-28
1410.0,222,6,2026-12-19,2026-09-28
1420.0,637,15,2026-12-19,2026-09-28
1430.0,141,9,2026-12-19,2026-09-28
1440.0,274,11,2026-12-19,2026-09-28
1450.0,637,7,2026-12-19,2026-09-28
1460.0,626,6,2026-12-19,2026-09-28
1470.0,196,6,2026-12-19,2026-09-28
1480.0,412,7,2026-12-19,2026-09-28
1490.0,226,32,2026-12-19,2026-09-28
1500.0,1833,72,2026-12-19,2026-09-28
1510.0,486,13,2026-12-19,2026-09-28
1520.0,493,1,2026-12-19,2026-09-28
1530.0,269,68,2026-12-19,2026-09-28
1540.0,685,2,2026-12-19,2026-09-28
1550.0,634,70,2026-12-19,2026-09-28
1560.0,246,7,2026-12-19,2026-09-28
1570.0,333,0,2026-12-19,2026-09-28
1580.0,215,1,2026-12-19,2026-09-28
1590.0,205,0,2026-12-19,2026-09-28
1600.0,1726,21,2026-12-19,2026-09-28
1610.0,1008,17,2026-12-19,2026-09-28
1620.0,642,72,2026-12-19,2026-09-28
1630.0,613,11,2026-12-19,2026-09-28
1640.0,185,41,2026-12-19,2026-09-28
1650.0,218,0,2026-12-19,2026-09-28
1660.0,194,5,2026-12-19,2026-09-28
1670.0,207,0,2026-12-19,2026-09-28
1680.0,236,3,2026-12-19,2026-09-28
1690.0,287,1,2026-12-19,2026-09-28
1700.0,488,5,2026-12-19,2026-09-28
1710.0,222,2,2026-12-19,2026-09-28
1720.0,64,1,2026-12-19,2026-09-28
1730.0,242,0,2026-12-19,2026-09-28
1740.0,188,0,2026-12-19,2026-09-28
1750.0,419,2,2026-12-19,2026-09-28
1760.0,187,0,2026-12-19,2026-09-28
1770.0,219,0,2026-12-19,2026-09-28
1780.0,99,0,2026-12-19,2026-09-28
1790.0,241,0,2026-12-19,2026-09-28
1800.0,623,2,2026-12-19,2026-09-28
1810.0,282,0,2026-12-19,2026-09-28
1820.0,969,2,2026-12-19,2026-09-28
1830.0,1252,0,2026-12-19,2026-09-28
1840.0,287,0,2026-12-19,2026-09-28
1850.0,84,0,2026-12-19,2026-09-28
1860.0,463,0,2026-12-19,2026-09-28
1870.0,292,0,2026-12-19,2026-09-28
1880.0,269,0,2026-12-19,2026-09-28
1890.0,192,0,2026-12-19,2026-09-28
1900.0,524,0,2026-12-19,2026-09-28
1910.0,413,0,2026-12-19,2026-09-28
1920.0,261,0,2026-12-19,2026-09-28
1930.0,657,0,2026-12-19,2026-09-28
1940.0,483,0,2026-12-19,2026-09-28
1950.0,284,0,2026-12-19,2026-09-28
1960.0,247,0,2026-12-19,2026-09-28
1970.0,577,0,2026-12-19,2026-09-28
1980.0,309,0,2026-12-19,2026-09-28
1990.0,255,0,2026-12-19,2026-09-28
2000.0,1389,0,2026-12-19,2026-09-28
2010.0,107,0,2026-12-19,2026-09-28
2020.0,171,0,2026-12-19,2026-09-28
2030.0,146,0,2026-12-19,2026-09-28
2040.0,217,0,2026-12-19,2026-09-28
2050.0,91,0,2026-12-19,2026-09-28
2060.0,66,0,2026-12-19,2026-09-28
2070.0,318,0,2026-12-19,2026-09-28
2080.0,152,0,2026-12-19,2026-09-28
2090.0,367,0,2026-12-19,2026-09-28
2100.0,613,0,2026-12-19,2026-09-28
2110.0,208,0,2026-12-19,2026-09-28
2120.0,218,0,2026-12-19,2026-09-28
2130.0,150,0,2026-12-19,2026-09-28
2140.0,249,0,2026-12-19,2026-09-28
2150.0,171,0,2026-12-19,2026-09-28
2160.0,360,0,2026-12-19,2026-09-28
2170.0,706,0,2026-12-19,2026-09-28
2180.0,81,0,2026-12-19,2026-09-28
2190.0,210,0,2026-12-19,2026-09-28
2200.0,684,0,2026-12-19,2026-09-28
2210.0,41,0,2026-12-19,2026-09-28
2220.0,212,0,2026-12-19,2026-09-28
2230.0,62,0,2026-12-19,2026-09-28
2240.0,37,0,2026-12-19,2026-09-28
2250.0,305,0,2026-12-19,2026-09-28
2260.0,271,0,2026-12-19,2026-09-28
2270.0,213,0,2026-12-19,2026-09-28
2280.0,182,0,2026-12-19,2026-09-28
2290.0,221,0,2026-12-19,2026-09-28
2300.0,204,0,2026-12-19,2026-09-28
2310.0,128,0,2026-12-19,2026-09-28
2320.0,171,0,2026-12-19,2026-09-28
2330.0,76,0,2026-12-19,2026-09-28
2340.0,204,0,2026-12-19,2026-09-28
2350.0,171,0,2026-12-19,2026-09-28
2360.0,302,0,2026-12-19,2026-09-28
2370.0,223,0,2026-12-19,2026-09-28
2380.0,76,0,2026-12-19,2026-09-28
2390.0,155,0,2026-12-19,2026-09-28
2400.0,359,0,2026-12-19,2026-09-28
2410.0,138,0,2026-12-19,2026-09-28
2420.0,494,0,2026-12-19,2026-09-28
2440.0,148,0,2026-12-19,2026-09-28
2460.0,253,0,2026-12-19,2026-09-28
2480.0,230,0,2026-12-19,2026-09-28
2500.0,3445,0,2026-12-19,2026-09-28
289.62,0,55,2026-12-31,2026-09-28
505.0,16450,16450,2027-01-15,2026-09-28
1030.04,13000,13000,2027-01-15,2026-09-28
35.0,108,2229,2027-01-16,2026-09-28
40.0,116,4089,2027-01-16,2026-09-28
45.0,178,3492,2027-01-16,2026-09-28
50.0,329,2247,2027-01-16,2026-09-28
55.0,103,3022,2027-01-16,2026-09-28
60.0,233,6069,2027-01-16,2026-09-28
65.0,71,3001,2027-01-16,2026-09-28
70.0,350,5703,2027-01-16,2026-09-28
75.0,335,6548,2027-01-16,2026-09-28
80.0,1722,7925,2027-01-16,2026-09-28
85.0,1284,3108,2027-01-16,2026-09-28
86.0,28,0,2027-01-16,2026-09-28
90.0,4463,4201,2027-01-16,2026-09-28
95.0,587,2445,2027-01-16,2026-09-28
100.0,658,2889,2027-01-16,2026-09-28
105.0,389,1288,2027-01-16,2026-09-28
110.0,1828,4035,2027-01-16,2026-09-28
115.0,366,1639,2027-01-16,2026-09-28
120.0,600,1885,2027-01-16,2026-09-28
125.0,404,1246,2027-01-16,2026-09-28
130.0,632,6029,2027-01-16,2026-09-28
135.0,467,728,2027-01-16,2026-09-28
140.0,2514,936,2027-01-16,2026-09-28
145.0,368,583,2027-01-16,2026-09-28
150.0,2085,3871,2027-01-16,2026-09-28
155.0,368,342,2027-01-16,2026-09-28
160.0,2297,2774,2027-01-16,2026-09-28
165.0,882,299,2027-01-16,2026-09-28
170.0,893,1033,2027-01-16,2026-09-28
175.0,682,647,2027-01-16,2026-09-28
180.0,799,1437,2027-01-16,2026-09-28
185.0,315,411,2027-01-16,2026-09-28
190.0,1291,634,2027-01-16,2026-09-28
195.0,998,456,2027-01-16,2026-09-28
200.0,1416,3461,2027-01-16,2026-09-28
210.0,538,795,2027-01-16,2026-09-28
220.0,3660,1443,2027-01-16,2026-09-28
225.0,0,20,2027-01-16,2026-09-28
230.0,959,1735,2027-01-16,2026-09-28
240.0,999,1897,2027-01-16,2026-09-28
250.0,528,4950,2027-01-16,2026-09-28
260.0,417,1682,2027-01-16,2026-09-28
270.0,626,1484,2027-01-16,2026-09-28
280.0,252,1666,2027-01-16,2026-09-28
290.0,343,1171,2027-01-16,2026-09-28
300.0,0,0,2027-01-16,2026-09-28
300.0,1356,8032,2027-01-16,2026-09-28
310.0,755,1077,2027-01-16,2026-09-28
320.0,1959,2817,2027-01-16,2026-09-28
330.0,1554,2135,2027-01-16,2026-09-28
340.0,0,0,2027-01-16,2026-09-28
340.0,745,1883,2027-01-16,2026-09-28
350.0,9,0,2027-01-16,2026-09-28
350.0,2259,3839,2027-01-16,2026-09-28
360.0,0,0,2027-01-16,2026-09-28
360.0,602,4323,2027-01-16,2026-09-28
370.0,0,0,2027-01-16,2026-09-28
370.0,335,1487,2027-01-16,2026-09-28
380.0,705,2084,2027-01-16,2026-09-28
390.0,406,2035,2027-01-16,2026-09-28
400.0,10,0,2027-01-16,2026-09-28
400.0,1598,4388,2027-01-16,2026-09-28
410.0,569,918,2027-01-16,2026-09-28
420.0,762,1018,2027-01-16,2026-09-28
430.0,8,0,2027-01-16,2026-09-28
430.0,960,2520,2027-01-16,2026-09-28
440.0,0,0,2027-01-16,2026-09-28
440.0,961,1396,2027-01-16,2026-09-28
450.0,0,0,2027-01-16,2026-09-28
450.0,3970,3234,2027-01-16,2026-09-28
460.0,700,1386,2027-01-16,2026-09-28
470.0,527,1718,2027-01-16,2026-09-28
480.0,1473,1317,2027-01-16,2026-09-28
490.0,1336,1333,2027-01-16,2026-09-28
500.0,0,0,2027-01-16,2026-09-28
500.0,5837,4236,2027-01-16,2026-09-28
505.0,16450,16450,2027-01-16,2026-09-28
510.0,1132,873,2027-01-16,2026-09-28
520.0,1366,1036,2027-01-16,2026-09-28
530.0,609,933,2027-01-16,2026-09-28
539.38,20,0,2027-01-16,2026-09-28
540.0,598,745,2027-01-16,2026-09-28
550.0,10,0,2027-01-16,2026-09-28
550.0,3539,4888,2027-01-16,2026-09-28
560.0,540,539,2027-01-16,2026-09-28
570.0,599,526,2027-01-16,2026-09-28
580.0,1367,780,2027-01-16,2026-09-28
590.0,399,958,2027-01-16,2026-09-28
600.0,24,0,2027-01-16,2026-09-28
600.0,4745,3486,2027-01-16,2026-09-28
610.0,10,0,2027-01-16,2026-09-28
610.0,947,807,2027-01-16,2026-09-28
620.0,1177,1742,2027-01-16,2026-09-28
630.0,1562,476,2027-01-16,2026-09-28
640.0,0,0,2027-01-16,2026-09-28
640.0,556,664,2027-01-16,2026-09-28
650.0,3480,3159,2027-01-16,2026-09-28
660.0,1336,642,2027-01-16,2026-09-28
670.0,247,368,2027-01-16,2026-09-28
680.0,1330,731,2027-01-16,2026-09-28
690.0,1445,994,2027-01-16,2026-09-28
700.0,14,0,2027-01-16,2026-09-28
700.0,4431,6429,2027-01-16,2026-09-28
710.0,1219,687,2027-01-16,2026-09-28
720.0,0,0,2027-01-16,2026-09-28
720.0,1136,2274,2027-01-16,2026-09-28
730.0,331,652,2027-01-16,2026-09-28
740.0,3981,387,2027-01-16,2026-09-28
750.0,3730,3732,2027-01-16,2026-09-28
760.0,408,565,2027-01-16,2026-09-28
770.0,5,0,2027-01-16,2026-09-28
770.0,470,555,2027-01-16,2026-09-28
780.0,748,1294,2027-01-16,2026-09-28
790.0,850,1074,2027-01-16,2026-09-28
800.0,4680,5641,2027-01-16,2026-09-28
810.0,493,411,2027-01-16,2026-09-28
820.0,587,699,2027-01-16,2026-09-28
830.0,981,2198,2027-01-16,2026-09-28
840.0,1339,764,2027-01-16,2026-09-28
850.0,3106,3740,2027-01-16,2026-09-28
851.0,650,650,2027-01-16,2026-09-28
860.0,515,607,2027-01-16,2026-09-28
870.0,613,1634,2027-01-16,2026-09-28
880.0,5,0,2027-01-16,2026-09-28
880.0,669,950,2027-01-16,2026-09-28
890.0,566,929,2027-01-16,2026-09-28
900.0,10,0,2027-01-16,2026-09-28
900.0,5839,2960,2027-01-16,2026-09-28
910.0,0,0,2027-01-16,2026-09-28
910.0,2054,382,2027-01-16,2026-09-28
920.0,702,1004,2027-01-16,2026-09-28
930.0,834,1006,2027-01-16,2026-09-28
940.0,580,672,2027-01-16,2026-09-28
950.0,4226,2332,2027-01-16,2026-09-28
960.0,717,716,2027-01-16,2026-09-28
970.0,443,350,2027-01-16,2026-09-28
980.0,665,617,2027-01-16,2026-09-28
990.0,269,431,2027-01-16,2026-09-28
1000.0,0,0,2027-01-16,2026-09-28
1000.0,8240,5847,2027-01-16,2026-09-28
1010.0,0,0,2027-01-16,2026-09-28
1010.0,508,389,2027-01-16,2026-09-28
1020.0,686,316,2027-01-16,2026-09-28
1030.0,635,532,2027-01-16,2026-09-28
1040.0,788,240,2027-01-16,2026-09-28
1050.0,3075,463,2027-01-16,2026-09-28
1060.0,624,657,2027-01-16,2026-09-28
1070.0,567,292,2027-01-16,2026-09-28
1080.0,799,190,2027-01-16,2026-09-28
1090.0,1083,122,2027-01-16,2026-09-28
1100.0,1008,1000,2027-01-16,2026-09-28
1100.0,3534,1563,2027-01-16,2026-09-28
1110.0,403,116,2027-01-16,2026-09-28
1120.0,381,201,2027-01-16,2026-09-28
1130.0,288,136,2027-01-16,2026-09-28
1140.0,432,114,2027-01-16,2026-09-28
1150.0,3705,189,2027-01-16,2026-09-28
1160.0,540,57,2027-01-16,2026-09-28
1170.0,447,132,2027-01-16,2026-09-28
1180.0,851,59,2027-01-16,2026-09-28
1190.0,417,132,2027-01-16,2026-09-28
1200.0,2,0,2027-01-16,2026-09-28
1200.0,6289,1759,2027-01-16,2026-09-28
1210.0,494,60,2027-01-16,2026-09-28
1220.0,945,49,2027-01-16,2026-09-28
1230.0,349,20,2027-01-16,2026-09-28
1240.0,485,447,2027-01-16,2026-09-28
1250.0,2548,47,2027-01-16,2026-09-28
1260.0,1419,70,2027-01-16,2026-09-28
1270.0,248,50,2027-01-16,2026-09-28
1280.0,630,96,2027-01-16,2026-09-28
1290.0,309,26,2027-01-16,2026-09-28
1300.0,8176,148,2027-01-16,2026-09-28
1310.0,320,23,2027-01-16,2026-09-28
1320.0,580,46,2027-01-16,2026-09-28
1330.0,181,77,2027-01-16,2026-09-28
1340.0,1576,28,2027-01-16,2026-09-28
1350.0,2046,28,2027-01-16,2026-09-28
1360.0,996,47,2027-01-16,2026-09-28
1370.0,292,19,2027-01-16,2026-09-28
1380.0,866,81,2027-01-16,2026-09-28
1390.0,421,65,2027-01-16,2026-09-28
1400.0,5253,282,2027-01-16,2026-09-28
1410.0,778,89,2027-01-16,2026-09-28
1420.0,710,44,2027-01-16,2026-09-28
1430.0,209,14,2027-01-16,2026-09-28
1440.0,517,71,2027-01-16,2026-09-28
1450.0,385,67,2027-01-16,2026-09-28
1460.0,656,19,2027-01-16,2026-09-28
1470.0,429,68,2027-01-16,2026-09-28
1480.0,833,159,2027-01-16,2026-09-28
1490.0,667,13,2027-01-16,2026-09-28
1500.0,10,0,2027-01-16,2026-09-28
1500.0,5519,427,2027-01-16,2026-09-28
1503.0,5,0,2027-01-16,2026-09-28
1510.0,229,10,2027-01-16,2026-09-28
1520.0,243,7,2027-01-16,2026-09-28
1530.0,198,2,2027-01-16,2026-09-28
1540.0,633,11,2027-01-16,2026-09-28
1550.0,725,3,2027-01-16,2026-09-28
1560.0,442,3,2027-01-16,2026-09-28
1570.0,534,2,2027-01-16,2026-09-28
1580.0,374,7,2027-01-16,2026-09-28
1590.0,391,2,2027-01-16,2026-09-28
1600.0,2663,23,2027-01-16,2026-09-28
1610.0,553,5,2027-01-16,2026-09-28
1620.0,436,6,2027-01-16,2026-09-28
1630.0,833,91,2027-01-16,2026-09-28
1640.0,93,25,2027-01-16,2026-09-28
1650.0,619,2,2027-01-16,2026-09-28
1660.0,306,6,2027-01-16,2026-09-28
1670.0,514,4,2027-01-16,2026-09-28
1680.0,254,14,2027-01-16,2026-09-28
1690.0,312,9,2027-01-16,2026-09-28
1700.0,1474,27,2027-01-16,2026-09-28
1710.0,372,6,2027-01-16,2026-09-28
1720.0,285,7,2027-01-16,2026-09-28
1730.0,220,1,2027-01-16,2026-09-28
1740.0,205,2,2027-01-16,2026-09-28
1750.0,1028,4,2027-01-16,2026-09-28
1760.0,519,40,2027-01-16,2026-09-28
1770.0,309,1,2027-01-16,2026-09-28
1780.0,251,1,2027-01-16,2026-09-28
1790.0,405,7,2027-01-16,2026-09-28
1800.0,1999,2,2027-01-16,2026-09-28
1810.0,615,4,2027-01-16,2026-09-28
1820.0,252,1,2027-01-16,2026-09-28
1830.0,1160,42,2027-01-16,2026-09-28
1840.0,161,7,2027-01-16,2026-09-28
1850.0,501,1,2027-01-16,2026-09-28
1860.0,109,5,2027-01-16,2026-09-28
1870.0,91,0,2027-01-16,2026-09-28
1880.0,123,1,2027-01-16,2026-09-28
1890.0,76,0,2027-01-16,2026-09-28
1900.0,1382,5,2027-01-16,2026-09-28
1910.0,684,1,2027-01-16,2026-09-28
1920.0,263,0,2027-01-16,2026-09-28
1930.0,109,0,2027-01-16,2026-09-28
1940.0,161,0,2027-01-16,2026-09-28
1950.0,866,0,2027-01-16,2026-09-28
1960.0,219,0,2027-01-16,2026-09-28
1970.0,126,0,2027-01-16,2026-09-28
1980.0,342,0,2027-01-16,2026-09-28
1990.0,184,1,2027-01-16,2026-09-28
2000.0,2485,0,2027-01-16,2026-09-28
2010.0,146,0,2027-01-16,2026-09-28
2020.0,311,0,2027-01-16,2026-09-28
2030.0,178,0,2027-01-16,2026-09-28
2040.0,74,0,2027-01-16,2026-09-28
2050.0,795,0,2027-01-16,2026-09-28
2060.0,248,0,2027-01-16,2026-09-28
2070.0,140,0,2027-01-16,2026-09-28
2080.0,209,0,2027-01-16,2026-09-28
2090.0,228,0,2027-01-16,2026-09-28
2100.0,550,0,2027-01-16,2026-09-28
2110.0,140,0,2027-01-16,2026-09-28
2120.0,142,1,2027-01-16,2026-09-28
2130.0,87,0,2027-01-16,2026-09-28
2140.0,36,0,2027-01-16,2026-09-28
2150.0,1333,0,2027-01-16,2026-09-28
2160.0,172,0,2027-01-16,2026-09-28
2170.0,1510,0,2027-01-16,2026-09-28
2180.0,129,0,2027-01-16,2026-09-28
2190.0,132,0,2027-01-16,2026-09-28
2200.0,467,0,2027-01-16,2026-09-28
2210.0,142,0,2027-01-16,2026-09-28
2220.0,96,0,2027-01-16,2026-09-28
2230.0,53,0,2027-01-16,2026-09-28
2240.0,46,0,2027-01-16,2026-09-28
2250.0,251,0,2027-01-16,2026-09-28
2260.0,114,0,2027-01-16,2026-09-28
2270.0,177,0,2027-01-16,2026-09-28
2280.0,126,0,2027-01-16,2026-09-28
2290.0,167,0,2027-01-16,2026-09-28
2300.0,113,0,2027-01-16,2026-09-28
2310.0,185,0,2027-01-16,2026-09-28
2320.0,153,0,2027-01-16,2026-09-28
2330.0,30,0,2027-01-16,2026-09-28
2340.0,116,0,2027-01-16,2026-09-28
2350.0,154,0,2027-01-16,2026-09-28
2360.0,163,0,2027-01-16,2026-09-28
2370.0,233,0,2027-01-16,2026-09-28
2380.0,152,0,2027-01-16,2026-09-28
2390.0,236,0,2027-01-16,2026-09-28
2400.0,855,0,2027-01-16,2026-09-28
2410.0,145,0,2027-01-16,2026-09-28
2420.0,350,0,2027-01-16,2026-09-28
2440.0,191,0,2027-01-16,2026-09-28
2460.0,212,0,2027-01-16,2026-09-28
2480.0,371,0,2027-01-16,2026-09-28
2500.0,4298,0,2027-01-16,2026-09-28
50.0,1,50,2027-02-20,2026-09-28
55.0,1,50,2027-02-20,2026-09-28
60.0,0,303,2027-02-20,2026-09-28
65.0,0,1,2027-02-20,2026-09-28
70.0,0,0,2027-02-20,2026-09-28
75.0,0,201,2027-02-20,2026-09-28
80.0,0,202,2027-02-20,2026-09-28
85.0,0,407,2027-02-20,2026-09-28
90.0,0,1426,2027-02-20,2026-09-28
95.0,0,501,2027-02-20,2026-09-28
100.0,0,792,2027-02-20,2026-09-28
105.0,1,300,2027-02-20,2026-09-28
110.0,1,349,2027-02-20,2026-09-28
115.0,0,605,2027-02-20,2026-09-28
120.0,1,728,2027-02-20,2026-09-28
125.0,0,436,2027-02-20,2026-09-28
130.0,1,4066,2027-02-20,2026-09-28
135.0,1,698,2027-02-20,2026-09-28
140.0,0,155,2027-02-20,2026-09-28
145.0,0,9,2027-02-20,2026-09-28
150.0,0,61,2027-02-20,2026-09-28
155.0,0,7,2027-02-20,2026-09-28
160.0,0,0,2027-02-20,2026-09-28
165.0,0,2,2027-02-20,2026-09-28
170.0,0,5,2027-02-20,2026-09-28
175.0,72,3,2027-02-20,2026-09-28
180.0,0,86,2027-02-20,2026-09-28
185.0,1,37,2027-02-20,2026-09-28
190.0,1,8,2027-02-20,2026-09-28
195.0,0,18,2027-02-20,2026-09-28
200.0,0,79,2027-02-20,2026-09-28
210.0,0,161,2027-02-20,2026-09-28
220.0,0,28,2027-02-20,2026-09-28
230.0,1,132,2027-02-20,2026-09-28
240.0,0,43,2027-02-20,2026-09-28
250.0,1,56,2027-02-20,2026-09-28
260.0,1,214,2027-02-20,2026-09-28
270.0,3,166,2027-02-20,2026-09-28
280.0,0,41,2027-02-20,2026-09-28
290.0,1,25,2027-02-20,2026-09-28
300.0,31,80,2027-02-20,2026-09-28
310.0,9,18,2027-02-20,2026-09-28
320.0,5,19,2027-02-20,2026-09-28
330.0,1,108,2027-02-20,2026-09-28
340.0,1,30,2027-02-20,2026-09-28
350.0,21,349,2027-02-20,2026-09-28
360.0,0,2,2027-02-20,2026-09-28
360.0,5,122,2027-02-20,2026-09-28
370.0,2,65,2027-02-20,2026-09-28
380.0,10,166,2027-02-20,2026-09-28
390.0,0,113,2027-02-20,2026-09-28
400.0,55,540,2027-02-20,2026-09-28
410.0,6,77,2027-02-20,2026-09-28
420.0,2,233,2027-02-20,2026-09-28
430.0,3,230,2027-02-20,2026-09-28
440.0,6,101,2027-02-20,2026-09-28
450.0,9,1162,2027-02-20,2026-09-28
460.0,12,236,2027-02-20,2026-09-28
470.0,2,177,2027-02-20,2026-09-28
480.0,3,175,2027-02-20,2026-09-28
490.0,2,0,2027-02-20,2026-09-28
490.0,2,330,2027-02-20,2026-09-28
500.0,94,1103,2027-02-20,2026-09-28
510.0,9,183,2027-02-20,2026-09-28
520.0,80,127,2027-02-20,2026-09-28
530.0,6,514,2027-02-20,2026-09-28
540.0,25,283,2027-02-20,2026-09-28
550.0,8,772,2027-02-20,2026-09-28
560.0,11,316,2027-02-20,2026-09-28
570.0,18,740,2027-02-20,2026-09-28
580.0,25,85,2027-02-20,2026-09-28
590.0,18,180,2027-02-20,2026-09-28
600.0,29,1301,2027-02-20,2026-09-28
610.0,11,107,2027-02-20,2026-09-28
620.0,32,533,2027-02-20,2026-09-28
630.0,55,131,2027-02-20,2026-09-28
640.0,55,122,2027-02-20,2026-09-28
650.0,24,516,2027-02-20,2026-09-28
660.0,2,260,2027-02-20,2026-09-28
670.0,4,431,2027-02-20,2026-09-28
680.0,12,270,2027-02-20,2026-09-28
690.0,27,217,2027-02-20,2026-09-28
700.0,91,1458,2027-02-20,2026-09-28
710.0,30,592,2027-02-20,2026-09-28
720.0,12,474,2027-02-20,2026-09-28
730.0,8,241,2027-02-20,2026-09-28
740.0,38,174,2027-02-20,2026-09-28
750.0,81,1045,2027-02-20,2026-09-28
760.0,49,426,2027-02-20,2026-09-28
770.0,285,187,2027-02-20,2026-09-28
780.0,150,301,2027-02-20,2026-09-28
790.0,29,655,2027-02-20,2026-09-28
800.0,111,935,2027-02-20,2026-09-28
810.0,92,212,2027-02-20,2026-09-28
820.0,258,299,2027-02-20,2026-09-28
830.0,371,330,2027-02-20,2026-09-28
840.0,88,778,2027-02-20,2026-09-28
850.0,769,1317,2027-02-20,2026-09-28
860.0,238,387,2027-02-20,2026-09-28
870.0,146,519,2027-02-20,2026-09-28
880.0,82,206,2027-02-20,2026-09-28
890.0,130,166,2027-02-20,2026-09-28
900.0,392,1476,2027-02-20,2026-09-28
910.0,421,137,2027-02-20,2026-09-28
920.0,286,248,2027-02-20,2026-09-28
930.0,157,189,2027-02-20,2026-09-28
940.0,391,294,2027-02-20,2026-09-28
950.0,6500,6500,2027-02-20,2026-09-28
950.0,415,210,2027-02-20,2026-09-28
960.0,613,103,2027-02-20,2026-09-28
970.0,230,117,2027-02-20,2026-09-28
980.0,195,110,2027-02-20,2026-09-28
990.0,53,373,2027-02-20,2026-09-28
1000.0,499,377,2027-02-20,2026-09-28
1010.0,218,99,2027-02-20,2026-09-28
1020.0,225,83,2027-02-20,2026-09-28
1030.0,147,108,2027-02-20,2026-09-28
1040.0,134,70,2027-02-20,2026-09-28
1050.0,108,128,2027-02-20,2026-09-28
1060.0,73,95,2027-02-20,2026-09-28
1070.0,182,143,2027-02-20,2026-09-28
1080.0,110,112,2027-02-20,2026-09-28
1090.0,101,54,2027-02-20,2026-09-28
1100.0,574,58,2027-02-20,2026-09-28
1110.0,273,19,2027-02-20,2026-09-28
1120.0,179,80,2027-02-20,2026-09-28
1130.0,179,45,2027-02-20,2026-09-28
1140.0,169,71,2027-02-20,2026-09-28
1150.0,132,84,2027-02-20,2026-09-28
1160.0,199,9,2027-02-20,2026-09-28
1170.0,150,45,2027-02-20,2026-09-28
1180.0,248,36,2027-02-20,2026-09-28
1190.0,195,35,2027-02-20,2026-09-28
1200.0,1320,39,2027-02-20,2026-09-28
1210.0,108,5,2027-02-20,2026-09-28
1220.0,144,54,2027-02-20,2026-09-28
1230.0,134,5,2027-02-20,2026-09-28
1240.0,79,4,2027-02-20,2026-09-28
1250.0,639,5,2027-02-20,2026-09-28
1260.0,231,1,2027-02-20,2026-09-28
1270.0,198,2,2027-02-20,2026-09-28
1280.0,183,64,2027-02-20,2026-09-28
1290.0,196,3,2027-02-20,2026-09-28
1300.0,283,75,2027-02-20,2026-09-28
1310.0,314,2,2027-02-20,2026-09-28
1320.0,170,0,2027-02-20,2026-09-28
1330.0,193,2,2027-02-20,2026-09-28
1340.0,77,1,2027-02-20,2026-09-28
1350.0,241,1,2027-02-20,2026-09-28
1360.0,459,2,2027-02-20,2026-09-28
1370.0,111,51,2027-02-20,2026-09-28
1380.0,146,6,2027-02-20,2026-09-28
1390.0,131,1,2027-02-20,2026-09-28
1400.0,490,71,2027-02-20,2026-09-28
1410.0,75,3,2027-02-20,2026-09-28
1420.0,120,0,2027-02-20,2026-09-28
1430.0,54,1,2027-02-20,2026-09-28
1440.0,440,0,2027-02-20,2026-09-28
1450.0,180,5,2027-02-20,2026-09-28
1460.0,174,2,2027-02-20,2026-09-28
1470.0,210,4,2027-02-20,2026-09-28
1480.0,270,105,2027-02-20,2026-09-28
1490.0,147,2,2027-02-20,2026-09-28
1500.0,784,92,2027-02-20,2026-09-28
1510.0,154,15,2027-02-20,2026-09-28
1520.0,424,0,2027-02-20,2026-09-28
1530.0,267,1,2027-02-20,2026-09-28
1540.0,206,0,2027-02-20,2026-09-28
1550.0,207,0,2027-02-20,2026-09-28
1560.0,74,0,2027-02-20,2026-09-28
1570.0,443,0,2027-02-20,2026-09-28
1580.0,235,0,2027-02-20,2026-09-28
1590.0,132,0,2027-02-20,2026-09-28
1600.0,221,0,2027-02-20,2026-09-28
1610.0,81,26,2027-02-20,2026-09-28
1620.0,203,0,2027-02-20,2026-09-28
1630.0,517,0,2027-02-20,2026-09-28
1640.0,193,1,2027-02-20,2026-09-28
1650.0,227,0,2027-02-20,2026-09-28
1660.0,115,7,2027-02-20,2026-09-28
1670.0,136,0,2027-02-20,2026-09-28
1680.0,149,0,2027-02-20,2026-09-28
1690.0,39,0,2027-02-20,2026-09-28
1700.0,453,4,2027-02-20,2026-09-28
1710.0,138,1,2027-02-20,2026-09-28
1720.0,206,1,2027-02-20,2026-09-28
1730.0,352,0,2027-02-20,2026-09-28
1740.0,197,0,2027-02-20,2026-09-28
1750.0,161,1,2027-02-20,2026-09-28
1760.0,27,0,2027-02-20,2026-09-28
1770.0,53,0,2027-02-20,2026-09-28
1780.0,388,0,2027-02-20,2026-09-28
1790.0,178,0,2027-02-20,2026-09-28
1800.0,211,0,2027-02-20,2026-09-28
1810.0,22,0,2027-02-20,2026-09-28
1820.0,158,0,2027-02-20,2026-09-28
1830.0,238,0,2027-02-20,2026-09-28
1840.0,28,0,2027-02-20,2026-09-28
1850.0,257,0,2027-02-20,2026-09-28
1860.0,160,0,2027-02-20,2026-09-28
1870.0,129,0,2027-02-20,2026-09-28
1880.0,63,0,2027-02-20,2026-09-28
1890.0,645,0,2027-02-20,2026-09-28
1900.0,130,21,2027-02-20,2026-09-28
1910.0,53,0,2027-02-20,2026-09-28
1920.0,67,0,2027-02-20,2026-09-28
1930.0,118,0,2027-02-20,2026-09-28
1940.0,94,0,2027-02-20,2026-09-28
1950.0,949,0,2027-02-20,2026-09-28
1960.0,121,0,2027-02-20,2026-09-28
1970.0,203,0,2027-02-20,2026-09-28
1980.0,77,0,2027-02-20,2026-09-28
1990.0,143,0,2027-02-20,2026-09-28
2000.0,212,1,2027-02-20,2026-09-28
2010.0,53,0,2027-02-20,2026-09-28
2020.0,321,0,2027-02-20,2026-09-28
2030.0,267,0,2027-02-20,2026-09-28
2040.0,272,0,2027-02-20,2026-09-28
2050.0,268,0,2027-02-20,2026-09-28
2060.0,331,0,2027-02-20,2026-09-28
2070.0,185,0,2027-02-20,2026-09-28
2080.0,194,0,2027-02-20,2026-09-28
2090.0,386,0,2027-02-20,2026-09-28
2100.0,364,0,2027-02-20,2026-09-28
2110.0,500,0,2027-02-20,2026-09-28
2120.0,408,0,2027-02-20,2026-09-28
5.0,627,845,2027-03-20,2026-09-28
10.0,115,121,2027-03-20,2026-09-28
15.0,12,162,2027-03-20,2026-09-28
20.0,0,26,2027-03-20,2026-09-28
25.0,0,10,2027-03-20,2026-09-28
30.0,1,0,2027-03-20,2026-09-28
35.0,0,7,2027-03-20,2026-09-28
40.0,1,1160,2027-03-20,2026-09-28
45.0,27,430,2027-03-20,2026-09-28
50.0,13,20,2027-03-20,2026-09-28
55.0,1,80,2027-03-20,2026-09-28
60.0,3,59,2027-03-20,2026-09-28
65.0,1,47,2027-03-20,2026-09-28
70.0,1,22,2027-03-20,2026-09-28
75.0,0,19,2027-03-20,2026-09-28
80.0,0,50,2027-03-20,2026-09-28
85.0,16,34,2027-03-20,2026-09-28
90.0,40,46,2027-03-20,2026-09-28
95.0,61,58,2027-03-20,2026-09-28
100.0,61,81,2027-03-20,2026-09-28
105.0,11,122,2027-03-20,2026-09-28
110.0,10,721,2027-03-20,2026-09-28
115.0,4,200,2027-03-20,2026-09-28
120.0,20,132,2027-03-20,2026-09-28
125.0,24,717,2027-03-20,2026-09-28
130.0,4,125,2027-03-20,2026-09-28
135.0,7,164,2027-03-20,2026-09-28
140.0,10,54,2027-03-20,2026-09-28
145.0,5,75,2027-03-20,2026-09-28
150.0,147,717,2027-03-20,2026-09-28
155.0,2,96,2027-03-20,2026-09-28
160.0,6,117,2027-03-20,2026-09-28
165.0,11,35,2027-03-20,2026-09-28
170.0,11,133,2027-03-20,2026-09-28
175.0,1,141,2027-03-20,2026-09-28
180.0,10,187,2027-03-20,2026-09-28
185.0,16,484,2027-03-20,2026-09-28
190.0,13,194,2027-03-20,2026-09-28
195.0,9,1615,2027-03-20,2026-09-28
200.0,48,311,2027-03-20,2026-09-28
210.0,72,319,2027-03-20,2026-09-28
220.0,93,382,2027-03-20,2026-09-28
230.0,62,492,2027-03-20,2026-09-28
240.0,24,837,2027-03-20,2026-09-28
250.0,89,1411,2027-03-20,2026-09-28
260.0,135,957,2027-03-20,2026-09-28
270.0,20,590,2027-03-20,2026-09-28
280.0,45,177,2027-03-20,2026-09-28
290.0,159,733,2027-03-20,2026-09-28
300.0,153,1243,2027-03-20,2026-09-28
310.0,98,943,2027-03-20,2026-09-28
320.0,40,388,2027-03-20,2026-09-28
330.0,66,519,2027-03-20,2026-09-28
340.0,81,1666,2027-03-20,2026-09-28
350.0,269,1274,2027-03-20,2026-09-28
360.0,259,375,2027-03-20,2026-09-28
370.0,187,292,2027-03-20,2026-09-28
380.0,443,187,2027-03-20,2026-09-28
390.0,490,529,2027-03-20,2026-09-28
400.0,434,2623,2027-03-20,2026-09-28
410.0,80,232,2027-03-20,2026-09-28
420.0,134,875,2027-03-20,2026-09-28
430.0,343,683,2027-03-20,2026-09-28
440.0,107,368,2027-03-20,2026-09-28
450.0,533,1704,2027-03-20,2026-09-28
460.0,162,1726,2027-03-20,2026-09-28
470.0,159,1269,2027-03-20,2026-09-28
480.0,261,387,2027-03-20,2026-09-28
490.0,155,402,2027-03-20,2026-09-28
500.0,701,1892,2027-03-20,2026-09-28
510.0,215,282,2027-03-20,2026-09-28
520.0,3492,601,2027-03-20,2026-09-28
530.0,343,347,2027-03-20,2026-09-28
540.0,296,219,2027-03-20,2026-09-28
550.0,815,696,2027-03-20,2026-09-28
560.0,321,1635,2027-03-20,2026-09-28
570.0,180,453,2027-03-20,2026-09-28
580.0,183,944,2027-03-20,2026-09-28
590.0,185,347,2027-03-20,2026-09-28
600.0,969,1821,2027-03-20,2026-09-28
610.0,170,397,2027-03-20,2026-09-28
620.0,234,421,2027-03-20,2026-09-28
630.0,123,1544,2027-03-20,2026-09-28
640.0,169,872,2027-03-20,2026-09-28
650.0,1010,2271,2027-03-20,2026-09-28
660.0,288,1666,2027-03-20,2026-09-28
670.0,674,555,2027-03-20,2026-09-28
680.0,187,558,2027-03-20,2026-09-28
690.0,219,622,2027-03-20,2026-09-28
700.0,663,3780,2027-03-20,2026-09-28
710.0,602,221,2027-03-20,2026-09-28
720.0,1337,319,2027-03-20,2026-09-28
730.0,144,854,2027-03-20,2026-09-28
740.0,561,416,2027-03-20,2026-09-28
750.0,586,2651,2027-03-20,2026-09-28
760.0,0,20,2027-03-20,2026-09-28
760.0,222,796,2027-03-20,2026-09-28
770.0,522,627,2027-03-20,2026-09-28
780.0,185,553,2027-03-20,2026-09-28
790.0,124,828,2027-03-20,2026-09-28
800.0,1828,4853,2027-03-20,2026-09-28
810.0,263,549,2027-03-20,2026-09-28
820.0,185,1256,2027-03-20,2026-09-28
830.0,563,352,2027-03-20,2026-09-28
840.0,231,468,2027-03-20,2026-09-28
850.0,867,2235,2027-03-20,2026-09-28
860.0,183,854,2027-03-20,2026-09-28
870.0,401,357,2027-03-20,2026-09-28
880.0,491,605,2027-03-20,2026-09-28
890.0,197,220,2027-03-20,2026-09-28
900.0,1209,2770,2027-03-20,2026-09-28
910.0,209,354,2027-03-20,2026-09-28
920.0,1024,160,2027-03-20,2026-09-28
930.0,127,215,2027-03-20,2026-09-28
940.0,319,350,2027-03-20,2026-09-28
950.0,1000,1000,2027-03-20,2026-09-28
950.0,849,509,2027-03-20,2026-09-28
960.0,783,295,2027-03-20,2026-09-28
970.0,626,256,2027-03-20,2026-09-28
980.0,289,214,2027-03-20,2026-09-28
990.0,296,178,2027-03-20,2026-09-28
1000.0,2096,719,2027-03-20,2026-09-28
1010.0,623,194,2027-03-20,2026-09-28
1020.0,754,208,2027-03-20,2026-09-28
1030.0,583,79,2027-03-20,2026-09-28
1040.0,386,289,2027-03-20,2026-09-28
1050.0,1578,511,2027-03-20,2026-09-28
1060.0,452,229,2027-03-20,2026-09-28
1070.0,263,305,2027-03-20,2026-09-28
1080.0,889,284,2027-03-20,2026-09-28
1090.0,300,131,2027-03-20,2026-09-28
1100.0,10,0,2027-03-20,2026-09-28
1100.0,1014,428,2027-03-20,2026-09-28
1110.0,338,97,2027-03-20,2026-09-28
1120.0,254,47,2027-03-20,2026-09-28
1130.0,235,86,2027-03-20,2026-09-28
1140.0,176,88,2027-03-20,2026-09-28
1150.0,1050,113,2027-03-20,2026-09-28
1160.0,180,38,2027-03-20,2026-09-28
1170.0,67,235,2027-03-20,2026-09-28
1180.0,407,69,2027-03-20,2026-09-28
1190.0,167,53,2027-03-20,2026-09-28
1200.0,1861,429,2027-03-20,2026-09-28
1210.0,183,40,2027-03-20,2026-09-28
1220.0,549,42,2027-03-20,2026-09-28
1230.0,96,15,2027-03-20,2026-09-28
1240.0,549,43,2027-03-20,2026-09-28
1250.0,527,309,2027-03-20,2026-09-28
1260.0,357,17,2027-03-20,2026-09-28
1270.0,239,43,2027-03-20,2026-09-28
1280.0,641,35,2027-03-20,2026-09-28
1290.0,81,10,2027-03-20,2026-09-28
1300.0,2719,27,2027-03-20,2026-09-28
1310.0,523,41,2027-03-20,2026-09-28
1320.0,502,15,2027-03-20,2026-09-28
1330.0,135,48,2027-03-20,2026-09-28
1340.0,454,89,2027-03-20,2026-09-28
1350.0,822,86,2027-03-20,2026-09-28
1360.0,720,14,2027-03-20,2026-09-28
1370.0,273,40,2027-03-20,2026-09-28
1380.0,10,0,2027-03-20,2026-09-28
1380.0,131,13,2027-03-20,2026-09-28
1390.0,0,0,2027-03-20,2026-09-28
1390.0,320,9,2027-03-20,2026-09-28
1400.0,10,0,2027-03-20,2026-09-28
1400.0,3307,17,2027-03-20,2026-09-28
1410.0,20,0,2027-03-20,2026-09-28
1410.0,345,45,2027-03-20,2026-09-28
1420.0,587,20,2027-03-20,2026-09-28
1430.0,253,44,2027-03-20,2026-09-28
1440.0,10,0,2027-03-20,2026-09-28
1440.0,241,14,2027-03-20,2026-09-28
1450.0,194,39,2027-03-20,2026-09-28
1460.0,219,28,2027-03-20,2026-09-28
1470.0,138,45,2027-03-20,2026-09-28
1480.0,403,13,2027-03-20,2026-09-28
1490.0,413,11,2027-03-20,2026-09-28
1500.0,2354,82,2027-03-20,2026-09-28
1510.0,526,12,2027-03-20,2026-09-28
1520.0,204,3,2027-03-20,2026-09-28
1530.0,682,30,2027-03-20,2026-09-28
1540.0,238,49,2027-03-20,2026-09-28
1550.0,164,65,2027-03-20,2026-09-28
1560.0,391,8,2027-03-20,2026-09-28
1570.0,194,6,2027-03-20,2026-09-28
1580.0,254,32,2027-03-20,2026-09-28
1590.0,601,38,2027-03-20,2026-09-28
1600.0,0,0,2027-03-20,2026-09-28
1600.0,644,13,2027-03-20,2026-09-28
1610.0,103,8,2027-03-20,2026-09-28
1620.0,337,74,2027-03-20,2026-09-28
1630.0,578,85,2027-03-20,2026-09-28
1640.0,146,1,2027-03-20,2026-09-28
1650.0,134,21,2027-03-20,2026-09-28
1660.0,702,22,2027-03-20,2026-09-28
1670.0,199,7,2027-03-20,2026-09-28
1680.0,350,3,2027-03-20,2026-09-28
1690.0,254,3,2027-03-20,2026-09-28
1700.0,437,2,2027-03-20,2026-09-28
1710.0,133,19,2027-03-20,2026-09-28
1720.0,280,4,2027-03-20,2026-09-28
1730.0,149,1,2027-03-20,2026-09-28
1740.0,247,3,2027-03-20,2026-09-28
1750.0,263,20,2027-03-20,2026-09-28
1760.0,397,2,2027-03-20,2026-09-28
1770.0,386,0,2027-03-20,2026-09-28
1780.0,139,4,2027-03-20,2026-09-28
1790.0,201,23,2027-03-20,2026-09-28
1800.0,554,28,2027-03-20,2026-09-28
1810.0,182,25,2027-03-20,2026-09-28
1820.0,125,0,2027-03-20,2026-09-28
1830.0,268,101,2027-03-20,2026-09-28
1840.0,52,0,2027-03-20,2026-09-28
1850.0,96,132,2027-03-20,2026-09-28
1860.0,179,5,2027-03-20,2026-09-28
1870.0,80,30,2027-03-20,2026-09-28
1880.0,105,23,2027-03-20,2026-09-28
1890.0,349,2,2027-03-20,2026-09-28
1900.0,833,8,2027-03-20,2026-09-28
1910.0,397,48,2027-03-20,2026-09-28
1920.0,114,4,2027-03-20,2026-09-28
1930.0,81,1,2027-03-20,2026-09-28
1940.0,135,0,2027-03-20,2026-09-28
1950.0,269,14,2027-03-20,2026-09-28
1960.0,200,0,2027-03-20,2026-09-28
1970.0,127,2,2027-03-20,2026-09-28
1980.0,217,0,2027-03-20,2026-09-28
1990.0,96,1,2027-03-20,2026-09-28
2000.0,948,8,2027-03-20,2026-09-28
2010.0,66,3,2027-03-20,2026-09-28
2020.0,158,0,2027-03-20,2026-09-28
2030.0,179,0,2027-03-20,2026-09-28
2040.0,103,0,2027-03-20,2026-09-28
2050.0,157,0,2027-03-20,2026-09-28
2060.0,65,1,2027-03-20,2026-09-28
2070.0,121,2,2027-03-20,2026-09-28
2080.0,237,0,2027-03-20,2026-09-28
2090.0,186,2,2027-03-20,2026-09-28
2100.0,309,5,2027-03-20,2026-09-28
2110.0,109,0,2027-03-20,2026-09-28
2120.0,133,0,2027-03-20,2026-09-28
2130.0,90,0,2027-03-20,2026-09-28
2140.0,112,0,2027-03-20,2026-09-28
2150.0,268,0,2027-03-20,2026-09-28
2160.0,152,0,2027-03-20,2026-09-28
2170.0,462,0,2027-03-20,2026-09-28
2180.0,277,0,2027-03-20,2026-09-28
2190.0,190,0,2027-03-20,2026-09-28
2200.0,242,0,2027-03-20,2026-09-28
2210.0,24,0,2027-03-20,2026-09-28
2220.0,150,0,2027-03-20,2026-09-28
2230.0,75,0,2027-03-20,2026-09-28
2240.0,183,0,2027-03-20,2026-09-28
2250.0,197,0,2027-03-20,2026-09-28
2260.0,145,0,2027-03-20,2026-09-28
2270.0,46,0,2027-03-20,2026-09-28
2280.0,84,0,2027-03-20,2026-09-28
2290.0,59,0,2027-03-20,2026-09-28
2300.0,44,0,2027-03-20,2026-09-28
2310.0,37,0,2027-03-20,2026-09-28
2320.0,52,0,2027-03-20,2026-09-28
2330.0,21,0,2027-03-20,2026-09-28
2340.0,159,0,2027-03-20,2026-09-28
2350.0,189,0,2027-03-20,2026-09-28
2360.0,77,0,2027-03-20,2026-09-28
2370.0,84,0,2027-03-20,2026-09-28
2380.0,85,0,2027-03-20,2026-09-28
2390.0,297,0,2027-03-20,2026-09-28
2400.0,820,0,2027-03-20,2026-09-28
2410.0,488,0,2027-03-20,2026-09-28
2420.0,180,0,2027-03-20,2026-09-28
2440.0,81,0,2027-03-20,2026-09-28
2460.0,187,0,2027-03-20,2026-09-28
2480.0,236,0,2027-03-20,2026-09-28
2500.0,3556,0,2027-03-20,2026-09-28
305.67,0,25,2027-03-26,2026-09-28
284.37,0,55,2027-03-31,2026-09-28
470.0,4,310,2027-04-17,2026-09-28
480.0,0,214,2027-04-17,2026-09-28
490.0,0,0,2027-04-17,2026-09-28
490.0,1,856,2027-04-17,2026-09-28
500.0,7,261,2027-04-17,2026-09-28
520.0,1,163,2027-04-17,2026-09-28
540.0,1,615,2027-04-17,2026-09-28
560.0,3,161,2027-04-17,2026-09-28
580.0,1,246,2027-04-17,2026-09-28
600.0,11,465,2027-04-17,2026-09-28
620.0,2,250,2027-04-17,2026-09-28
640.0,8,376,2027-04-17,2026-09-28
660.0,2,545,2027-04-17,2026-09-28
680.0,20,387,2027-04-17,2026-09-28
700.0,37,159,2027-04-17,2026-09-28
720.0,4,276,2027-04-17,2026-09-28
740.0,2,390,2027-04-17,2026-09-28
760.0,0,582,2027-04-17,2026-09-28
780.0,55,418,2027-04-17,2026-09-28
790.0,4,554,2027-04-17,2026-09-28
800.0,252,1499,2027-04-17,2026-09-28
810.0,16,358,2027-04-17,2026-09-28
820.0,13,130,2027-04-17,2026-09-28
830.0,80,356,2027-04-17,2026-09-28
840.0,81,117,2027-04-17,2026-09-28
850.0,179,245,2027-04-17,2026-09-28
860.0,20,341,2027-04-17,2026-09-28
870.0,23,72,2027-04-17,2026-09-28
880.0,223,205,2027-04-17,2026-09-28
890.0,55,90,2027-04-17,2026-09-28
900.0,108,269,2027-04-17,2026-09-28
910.0,292,72,2027-04-17,2026-09-28
920.0,156,46,2027-04-17,2026-09-28
930.0,218,302,2027-04-17,2026-09-28
940.0,45,100,2027-04-17,2026-09-28
950.0,201,175,2027-04-17,2026-09-28
960.0,74,34,2027-04-17,2026-09-28
970.0,63,43,2027-04-17,2026-09-28
980.0,38,71,2027-04-17,2026-09-28
990.0,99,143,2027-04-17,2026-09-28
1000.0,361,165,2027-04-17,2026-09-28
1010.0,88,103,2027-04-17,2026-09-28
1020.0,292,22,2027-04-17,2026-09-28
1030.0,38,159,2027-04-17,2026-09-28
1040.0,67,331,2027-04-17,2026-09-28
1050.0,127,77,2027-04-17,2026-09-28
1060.0,213,169,2027-04-17,2026-09-28
1070.0,59,54,2027-04-17,2026-09-28
1080.0,36,30,2027-04-17,2026-09-28
1100.0,0,0,2027-04-17,2026-09-28
1100.0,380,133,2027-04-17,2026-09-28
1120.0,54,58,2027-04-17,2026-09-28
1140.0,104,4,2027-04-17,2026-09-28
1160.0,811,6,2027-04-17,2026-09-28
1180.0,38,55,2027-04-17,2026-09-28
1200.0,175,67,2027-04-17,2026-09-28
1220.0,149,106,2027-04-17,2026-09-28
1240.0,61,8,2027-04-17,2026-09-28
1260.0,81,6,2027-04-17,2026-09-28
1280.0,315,8,2027-04-17,2026-09-28
1300.0,690,3,2027-04-17,2026-09-28
1320.0,123,5,2027-04-17,2026-09-28
1340.0,231,50,2027-04-17,2026-09-28
1360.0,93,0,2027-04-17,2026-09-28
1380.0,33,1,2027-04-17,2026-09-28
1400.0,147,2,2027-04-17,2026-09-28
1420.0,51,1,2027-04-17,2026-09-28
1440.0,203,0,2027-04-17,2026-09-28
1460.0,477,0,2027-04-17,2026-09-28
1480.0,158,9,2027-04-17,2026-09-28
1500.0,5,7,2027-04-17,2026-09-28
1520.0,2,0,2027-04-17,2026-09-28
1540.0,17,0,2027-04-17,2026-09-28
1560.0,65,0,2027-04-17,2026-09-28
1580.0,52,0,2027-04-17,2026-09-28
1600.0,12,0,2027-04-17,2026-09-28
5.0,1610,1,2027-06-18,2026-09-28
10.0,5,1,2027-06-18,2026-09-28
15.0,28,3,2027-06-18,2026-09-28
20.0,0,11,2027-06-18,2026-09-28
25.0,7,30,2027-06-18,2026-09-28
30.0,1,2,2027-06-18,2026-09-28
35.0,32,2522,2027-06-18,2026-09-28
40.0,5,968,2027-06-18,2026-09-28
45.0,80,1235,2027-06-18,2026-09-28
50.0,55,84,2027-06-18,2026-09-28
55.0,68,577,2027-06-18,2026-09-28
60.0,117,1084,2027-06-18,2026-09-28
65.0,113,343,2027-06-18,2026-09-28
70.0,156,5075,2027-06-18,2026-09-28
75.0,116,747,2027-06-18,2026-09-28
80.0,245,400,2027-06-18,2026-09-28
85.0,153,1283,2027-06-18,2026-09-28
90.0,123,1784,2027-06-18,2026-09-28
95.0,134,966,2027-06-18,2026-09-28
100.0,305,364,2027-06-18,2026-09-28
105.0,252,243,2027-06-18,2026-09-28
110.0,265,558,2027-06-18,2026-09-28
115.0,196,288,2027-06-18,2026-09-28
120.0,429,358,2027-06-18,2026-09-28
125.0,143,150,2027-06-18,2026-09-28
130.0,463,535,2027-06-18,2026-09-28
135.0,288,102,2027-06-18,2026-09-28
140.0,2680,173,2027-06-18,2026-09-28
145.0,86,180,2027-06-18,2026-09-28
150.0,206,1394,2027-06-18,2026-09-28
155.0,172,162,2027-06-18,2026-09-28
160.0,111,337,2027-06-18,2026-09-28
165.0,185,218,2027-06-18,2026-09-28
170.0,132,263,2027-06-18,2026-09-28
175.0,118,209,2027-06-18,2026-09-28
180.0,115,442,2027-06-18,2026-09-28
185.0,225,124,2027-06-18,2026-09-28
190.0,122,100,2027-06-18,2026-09-28
195.0,89,111,2027-06-18,2026-09-28
200.0,405,1022,2027-06-18,2026-09-28
210.0,172,259,2027-06-18,2026-09-28
220.0,138,436,2027-06-18,2026-09-28
230.0,223,627,2027-06-18,2026-09-28
240.0,149,1014,2027-06-18,2026-09-28
250.0,429,2691,2027-06-18,2026-09-28
260.0,3855,316,2027-06-18,2026-09-28
270.0,94,597,2027-06-18,2026-09-28
280.0,70,548,2027-06-18,2026-09-28
290.0,662,633,2027-06-18,2026-09-28
300.0,624,3707,2027-06-18,2026-09-28
310.0,144,467,2027-06-18,2026-09-28
320.0,145,144,2027-06-18,2026-09-28
330.0,308,633,2027-06-18,2026-09-28
340.0,270,358,2027-06-18,2026-09-28
350.0,425,940,2027-06-18,2026-09-28
360.0,153,677,2027-06-18,2026-09-28
370.0,123,458,2027-06-18,2026-09-28
380.0,495,637,2027-06-18,2026-09-28
390.0,265,577,2027-06-18,2026-09-28
400.0,1125,4380,2027-06-18,2026-09-28
410.0,286,641,2027-06-18,2026-09-28
420.0,329,534,2027-06-18,2026-09-28
430.0,369,403,2027-06-18,2026-09-28
440.0,288,526,2027-06-18,2026-09-28
450.0,385,1266,2027-06-18,2026-09-28
460.0,162,292,2027-06-18,2026-09-28
470.0,737,856,2027-06-18,2026-09-28
480.0,431,368,2027-06-18,2026-09-28
490.0,301,699,2027-06-18,2026-09-28
500.0,1428,1894,2027-06-18,2026-09-28
510.0,676,633,2027-06-18,2026-09-28
520.0,266,217,2027-06-18,2026-09-28
530.0,30,0,2027-06-18,2026-09-28
530.0,368,344,2027-06-18,2026-09-28
540.0,1948,689,2027-06-18,2026-09-28
550.0,743,2553,2027-06-18,2026-09-28
560.0,465,607,2027-06-18,2026-09-28
570.0,266,277,2027-06-18,2026-09-28
580.0,354,939,2027-06-18,2026-09-28
590.0,221,1011,2027-06-18,2026-09-28
600.0,1398,4546,2027-06-18,2026-09-28
610.0,421,448,2027-06-18,2026-09-28
620.0,183,935,2027-06-18,2026-09-28
630.0,501,399,2027-06-18,2026-09-28
640.0,448,1181,2027-06-18,2026-09-28
650.0,1039,2825,2027-06-18,2026-09-28
660.0,265,279,2027-06-18,2026-09-28
670.0,271,334,2027-06-18,2026-09-28
680.0,401,786,2027-06-18,2026-09-28
690.0,2261,376,2027-06-18,2026-09-28
700.0,2451,2478,2027-06-18,2026-09-28
710.0,278,246,2027-06-18,2026-09-28
720.0,939,1191,2027-06-18,2026-09-28
730.0,441,428,2027-06-18,2026-09-28
740.0,2751,452,2027-06-18,2026-09-28
750.0,1674,3280,2027-06-18,2026-09-28
760.0,595,426,2027-06-18,2026-09-28
770.0,225,374,2027-06-18,2026-09-28
780.0,468,1890,2027-06-18,2026-09-28
790.0,1234,303,2027-06-18,2026-09-28
800.0,0,290,2027-06-18,2026-09-28
800.0,1851,3111,2027-06-18,2026-09-28
810.0,160,435,2027-06-18,2026-09-28
820.0,395,297,2027-06-18,2026-09-28
830.0,632,469,2027-06-18,2026-09-28
840.0,268,740,2027-06-18,2026-09-28
850.0,822,1470,2027-06-18,2026-09-28
860.0,291,269,2027-06-18,2026-09-28
870.0,1301,612,2027-06-18,2026-09-28
880.0,677,679,2027-06-18,2026-09-28
890.0,2079,232,2027-06-18,2026-09-28
900.0,3001,4945,2027-06-18,2026-09-28
910.0,1675,442,2027-06-18,2026-09-28
920.0,374,245,2027-06-18,2026-09-28
930.0,547,643,2027-06-18,2026-09-28
940.0,339,259,2027-06-18,2026-09-28
950.0,1286,1200,2027-06-18,2026-09-28
960.0,361,380,2027-06-18,2026-09-28
970.0,266,480,2027-06-18,2026-09-28
980.0,384,173,2027-06-18,2026-09-28
990.0,218,99,2027-06-18,2026-09-28
1000.0,2585,1433,2027-06-18,2026-09-28
1010.0,220,289,2027-06-18,2026-09-28
1020.0,295,77,2027-06-18,2026-09-28
1030.0,173,153,2027-06-18,2026-09-28
1040.0,223,80,2027-06-18,2026-09-28
1050.0,637,598,2027-06-18,2026-09-28
1060.0,739,682,2027-06-18,2026-09-28
1070.0,247,77,2027-06-18,2026-09-28
1080.0,485,122,2027-06-18,2026-09-28
1090.0,361,197,2027-06-18,2026-09-28
1100.0,2084,617,2027-06-18,2026-09-28
1110.0,247,77,2027-06-18,2026-09-28
1120.0,191,102,2027-06-18,2026-09-28
1130.0,103,53,2027-06-18,2026-09-28
1140.0,251,120,2027-06-18,2026-09-28
1150.0,572,1023,2027-06-18,2026-09-28
1160.0,363,36,2027-06-18,2026-09-28
1170.0,185,119,2027-06-18,2026-09-28
1180.0,313,99,2027-06-18,2026-09-28
1190.0,78,57,2027-06-18,2026-09-28
1200.0,2033,58,2027-06-18,2026-09-28
1210.0,1447,30,2027-06-18,2026-09-28
1220.0,198,47,2027-06-18,2026-09-28
1230.0,83,30,2027-06-18,2026-09-28
1240.0,333,106,2027-06-18,2026-09-28
1250.0,11,0,2027-06-18,2026-09-28
1250.0,858,519,2027-06-18,2026-09-28
1260.0,188,39,2027-06-18,2026-09-28
1270.0,103,27,2027-06-18,2026-09-28
1280.0,104,94,2027-06-18,2026-09-28
1290.0,536,111,2027-06-18,2026-09-28
1300.0,1413,247,2027-06-18,2026-09-28
1310.0,67,37,2027-06-18,2026-09-28
1320.0,285,79,2027-06-18,2026-09-28
1330.0,161,88,2027-06-18,2026-09-28
1340.0,267,59,2027-06-18,2026-09-28
1350.0,545,569,2027-06-18,2026-09-28
1360.0,334,50,2027-06-18,2026-09-28
1370.0,214,28,2027-06-18,2026-09-28
1380.0,300,65,2027-06-18,2026-09-28
1390.0,208,94,2027-06-18,2026-09-28
1400.0,1084,173,2027-06-18,2026-09-28
1410.0,379,141,2027-06-18,2026-09-28
1420.0,331,156,2027-06-18,2026-09-28
1430.0,423,81,2027-06-18,2026-09-28
1440.0,280,161,2027-06-18,2026-09-28
1450.0,393,79,2027-06-18,2026-09-28
1460.0,562,117,2027-06-18,2026-09-28
1470.0,289,19,2027-06-18,2026-09-28
1480.0,411,50,2027-06-18,2026-09-28
1490.0,170,38,2027-06-18,2026-09-28
1500.0,2348,111,2027-06-18,2026-09-28
1510.0,181,11,2027-06-18,2026-09-28
1520.0,546,35,2027-06-18,2026-09-28
1530.0,185,36,2027-06-18,2026-09-28
1540.0,162,28,2027-06-18,2026-09-28
1550.0,143,13,2027-06-18,2026-09-28
1560.0,355,13,2027-06-18,2026-09-28
1570.0,532,12,2027-06-18,2026-09-28
1580.0,105,31,2027-06-18,2026-09-28
1590.0,417,10,2027-06-18,2026-09-28
1600.0,1732,69,2027-06-18,2026-09-28
1610.0,271,10,2027-06-18,2026-09-28
1620.0,459,30,2027-06-18,2026-09-28
1630.0,209,77,2027-06-18,2026-09-28
1640.0,300,20,2027-06-18,2026-09-28
1650.0,298,28,2027-06-18,2026-09-28
1660.0,587,17,2027-06-18,2026-09-28
1670.0,136,82,2027-06-18,2026-09-28
1680.0,112,6,2027-06-18,2026-09-28
1690.0,253,35,2027-06-18,2026-09-28
1700.0,426,83,2027-06-18,2026-09-28
1710.0,303,27,2027-06-18,2026-09-28
1720.0,443,23,2027-06-18,2026-09-28
1730.0,182,17,2027-06-18,2026-09-28
1740.0,137,26,2027-06-18,2026-09-28
1750.0,340,16,2027-06-18,2026-09-28
1760.0,113,48,2027-06-18,2026-09-28
1770.0,171,18,2027-06-18,2026-09-28
1775.0,290,0,2027-06-18,2026-09-28
1780.0,304,52,2027-06-18,2026-09-28
1790.0,227,11,2027-06-18,2026-09-28
1800.0,1943,30,2027-06-18,2026-09-28
1810.0,197,7,2027-06-18,2026-09-28
1820.0,232,1,2027-06-18,2026-09-28
1830.0,386,2,2027-06-18,2026-09-28
1840.0,334,3,2027-06-18,2026-09-28
1850.0,208,20,2027-06-18,2026-09-28
1860.0,250,19,2027-06-18,2026-09-28
1870.0,163,0,2027-06-18,2026-09-28
1880.0,368,25,2027-06-18,2026-09-28
1890.0,289,0,2027-06-18,2026-09-28
1900.0,762,7,2027-06-18,2026-09-28
1910.0,567,99,2027-06-18,2026-09-28
1920.0,460,1,2027-06-18,2026-09-28
1930.0,530,1,2027-06-18,2026-09-28
1940.0,389,7,2027-06-18,2026-09-28
1950.0,359,0,2027-06-18,2026-09-28
1960.0,468,0,2027-06-18,2026-09-28
1970.0,123,1,2027-06-18,2026-09-28
1980.0,100,5,2027-06-18,2026-09-28
1990.0,38,1,2027-06-18,2026-09-28
2000.0,1868,6,2027-06-18,2026-09-28
2010.0,84,31,2027-06-18,2026-09-28
2020.0,247,1,2027-06-18,2026-09-28
2030.0,46,2,2027-06-18,2026-09-28
2040.0,68,10,2027-06-18,2026-09-28
2050.0,68,6,2027-06-18,2026-09-28
2060.0,107,10,2027-06-18,2026-09-28
2070.0,14,7,2027-06-18,2026-09-28
2080.0,46,10,2027-06-18,2026-09-28
2090.0,55,7,2027-06-18,2026-09-28
2100.0,330,34,2027-06-18,2026-09-28
2110.0,105,2,2027-06-18,2026-09-28
2120.0,26,0,2027-06-18,2026-09-28
2130.0,59,0,2027-06-18,2026-09-28
2140.0,217,47,2027-06-18,2026-09-28
2150.0,281,4,2027-06-18,2026-09-28
2160.0,307,0,2027-06-18,2026-09-28
2170.0,337,2,2027-06-18,2026-09-28
2180.0,66,3,2027-06-18,2026-09-28
2190.0,201,5,2027-06-18,2026-09-28
2200.0,88,18,2027-06-18,2026-09-28
2210.0,118,1,2027-06-18,2026-09-28
2220.0,126,6,2027-06-18,2026-09-28
2230.0,204,1,2027-06-18,2026-09-28
2240.0,18,0,2027-06-18,2026-09-28
2250.0,108,1,2027-06-18,2026-09-28
2260.0,52,0,2027-06-18,2026-09-28
2270.0,214,0,2027-06-18,2026-09-28
2280.0,35,0,2027-06-18,2026-09-28
2290.0,758,6,2027-06-18,2026-09-28
2300.0,153,0,2027-06-18,2026-09-28
2310.0,207,0,2027-06-18,2026-09-28
2320.0,308,0,2027-06-18,2026-09-28
2330.0,128,0,2027-06-18,2026-09-28
2340.0,207,0,2027-06-18,2026-09-28
2350.0,122,1,2027-06-18,2026-09-28
2360.0,185,0,2027-06-18,2026-09-28
2370.0,295,0,2027-06-18,2026-09-28
2380.0,307,0,2027-06-18,2026-09-28
2390.0,493,0,2027-06-18,2026-09-28
2400.0,181,0,2027-06-18,2026-09-28
2410.0,488,0,2027-06-18,2026-09-28
2420.0,294,0,2027-06-18,2026-09-28
2440.0,316,0,2027-06-18,2026-09-28
2460.0,591,0,2027-06-18,2026-09-28
2480.0,446,1,2027-06-18,2026-09-28
2500.0,3047,0,2027-06-18,2026-09-28
500.0,0,111,2027-07-17,2026-09-28
510.0,0,26,2027-07-17,2026-09-28
520.0,0,53,2027-07-17,2026-09-28
530.0,0,41,2027-07-17,2026-09-28
540.0,0,7,2027-07-17,2026-09-28
550.0,0,6,2027-07-17,2026-09-28
560.0,0,52,2027-07-17,2026-09-28
570.0,4,9,2027-07-17,2026-09-28
580.0,0,14,2027-07-17,2026-09-28
590.0,0,8,2027-07-17,2026-09-28
600.0,0,22,2027-07-17,2026-09-28
610.0,0,5,2027-07-17,2026-09-28
620.0,0,4,2027-07-17,2026-09-28
630.0,0,4,2027-07-17,2026-09-28
640.0,0,3,2027-07-17,2026-09-28
650.0,0,10,2027-07-17,2026-09-28
660.0,0,9,2027-07-17,2026-09-28
670.0,0,37,2027-07-17,2026-09-28
680.0,0,31,2027-07-17,2026-09-28
690.0,0,8,2027-07-17,2026-09-28
700.0,0,10,2027-07-17,2026-09-28
710.0,0,13,2027-07-17,2026-09-28
720.0,3,13,2027-07-17,2026-09-28
730.0,0,2,2027-07-17,2026-09-28
740.0,0,3,2027-07-17,2026-09-28
750.0,0,25,2027-07-17,2026-09-28
760.0,0,1,2027-07-17,2026-09-28
770.0,0,0,2027-07-17,2026-09-28
780.0,0,14,2027-07-17,2026-09-28
790.0,0,19,2027-07-17,2026-09-28
800.0,4,76,2027-07-17,2026-09-28
810.0,0,14,2027-07-17,2026-09-28
820.0,0,69,2027-07-17,2026-09-28
830.0,0,22,2027-07-17,2026-09-28
840.0,0,21,2027-07-17,2026-09-28
850.0,0,16,2027-07-17,2026-09-28
860.0,0,33,2027-07-17,2026-09-28
870.0,0,88,2027-07-17,2026-09-28
880.0,0,13,2027-07-17,2026-09-28
890.0,0,143,2027-07-17,2026-09-28
900.0,2,10,2027-07-17,2026-09-28
910.0,1,21,2027-07-17,2026-09-28
920.0,3,11,2027-07-17,2026-09-28
930.0,9,2,2027-07-17,2026-09-28
940.0,14,2,2027-07-17,2026-09-28
950.0,16,7,2027-07-17,2026-09-28
960.0,24,3,2027-07-17,2026-09-28
970.0,1,5,2027-07-17,2026-09-28
980.0,1,6,2027-07-17,2026-09-28
990.0,1,16,2027-07-17,2026-09-28
1000.0,23,36,2027-07-17,2026-09-28
1010.0,1,108,2027-07-17,2026-09-28
1020.0,0,54,2027-07-17,2026-09-28
1030.0,23,31,2027-07-17,2026-09-28
1040.0,1,21,2027-07-17,2026-09-28
1050.0,5,1,2027-07-17,2026-09-28
1060.0,3,104,2027-07-17,2026-09-28
1070.0,3,107,2027-07-17,2026-09-28
1080.0,3,25,2027-07-17,2026-09-28
1090.0,20,0,2027-07-17,2026-09-28
1100.0,97,1,2027-07-17,2026-09-28
1110.0,5,1,2027-07-17,2026-09-28
1120.0,37,16,2027-07-17,2026-09-28
1130.0,8,4,2027-07-17,2026-09-28
1140.0,78,2,2027-07-17,2026-09-28
1150.0,36,3,2027-07-17,2026-09-28
1160.0,11,0,2027-07-17,2026-09-28
1170.0,24,0,2027-07-17,2026-09-28
1180.0,7,1,2027-07-17,2026-09-28
1190.0,1,2,2027-07-17,2026-09-28
1200.0,16,103,2027-07-17,2026-09-28
1210.0,1,3,2027-07-17,2026-09-28
1220.0,17,1,2027-07-17,2026-09-28
1230.0,0,0,2027-07-17,2026-09-28
1240.0,1,0,2027-07-17,2026-09-28
1250.0,2,0,2027-07-17,2026-09-28
1260.0,1,2,2027-07-17,2026-09-28
1270.0,0,1,2027-07-17,2026-09-28
1280.0,1,2,2027-07-17,2026-09-28
1290.0,2,2,2027-07-17,2026-09-28
1300.0,16,12,2027-07-17,2026-09-28
1310.0,30,2,2027-07-17,2026-09-28
1320.0,8,4,2027-07-17,2026-09-28
1330.0,12,0,2027-07-17,2026-09-28
1340.0,6,3,2027-07-17,2026-09-28
1350.0,7,5,2027-07-17,2026-09-28
1360.0,13,2,2027-07-17,2026-09-28
1370.0,6,1,2027-07-17,2026-09-28
1380.0,3,0,2027-07-17,2026-09-28
1390.0,3,1,2027-07-17,2026-09-28
1400.0,8,0,2027-07-17,2026-09-28
1420.0,0,0,2027-07-17,2026-09-28
1440.0,1,0,2027-07-17,2026-09-28
1460.0,0,0,2027-07-17,2026-09-28
1480.0,0,0,2027-07-17,2026-09-28
1500.0,1,0,2027-07-17,2026-09-28
1520.0,2,0,2027-07-17,2026-09-28
1540.0,2,0,2027-07-17,2026-09-28
1560.0,1,0,2027-07-17,2026-09-28
1580.0,7,0,2027-07-17,2026-09-28
1600.0,52,3,2027-07-17,2026-09-28
5.0,4412,107,2027-09-18,2026-09-28
10.0,584,0,2027-09-18,2026-09-28
15.0,0,2,2027-09-18,2026-09-28
20.0,0,3,2027-09-18,2026-09-28
25.0,0,4,2027-09-18,2026-09-28
30.0,0,3,2027-09-18,2026-09-28
40.0,0,12,2027-09-18,2026-09-28
50.0,1,37,2027-09-18,2026-09-28
60.0,0,82,2027-09-18,2026-09-28
70.0,1,175,2027-09-18,2026-09-28
80.0,1,211,2027-09-18,2026-09-28
90.0,12,335,2027-09-18,2026-09-28
100.0,25,765,2027-09-18,2026-09-28
110.0,5,134,2027-09-18,2026-09-28
120.0,2,754,2027-09-18,2026-09-28
130.0,6,146,2027-09-18,2026-09-28
140.0,4,551,2027-09-18,2026-09-28
150.0,5,344,2027-09-18,2026-09-28
160.0,14,437,2027-09-18,2026-09-28
170.0,128,182,2027-09-18,2026-09-28
180.0,4,44,2027-09-18,2026-09-28
185.0,2,10,2027-09-18,2026-09-28
190.0,158,220,2027-09-18,2026-09-28
195.0,3,209,2027-09-18,2026-09-28
200.0,12,122,2027-09-18,2026-09-28
210.0,6,45,2027-09-18,2026-09-28
220.0,8,118,2027-09-18,2026-09-28
230.0,8,61,2027-09-18,2026-09-28
240.0,5,181,2027-09-18,2026-09-28
250.0,47,292,2027-09-18,2026-09-28
260.0,31,218,2027-09-18,2026-09-28
270.0,7,82,2027-09-18,2026-09-28
280.0,48,84,2027-09-18,2026-09-28
290.0,8,561,2027-09-18,2026-09-28
300.0,100,254,2027-09-18,2026-09-28
310.0,33,121,2027-09-18,2026-09-28
320.0,27,93,2027-09-18,2026-09-28
330.0,30,52,2027-09-18,2026-09-28
340.0,16,115,2027-09-18,2026-09-28
350.0,113,225,2027-09-18,2026-09-28
360.0,17,53,2027-09-18,2026-09-28
370.0,32,128,2027-09-18,2026-09-28
380.0,13,114,2027-09-18,2026-09-28
390.0,56,72,2027-09-18,2026-09-28
400.0,89,342,2027-09-18,2026-09-28
410.0,22,119,2027-09-18,2026-09-28
420.0,48,44,2027-09-18,2026-09-28
430.0,244,100,2027-09-18,2026-09-28
440.0,103,83,2027-09-18,2026-09-28
450.0,81,190,2027-09-18,2026-09-28
460.0,17,79,2027-09-18,2026-09-28
470.0,45,90,2027-09-18,2026-09-28
480.0,63,224,2027-09-18,2026-09-28
490.0,47,139,2027-09-18,2026-09-28
500.0,308,609,2027-09-18,2026-09-28
510.0,168,103,2027-09-18,2026-09-28
520.0,10,255,2027-09-18,2026-09-28
530.0,58,184,2027-09-18,2026-09-28
540.0,28,105,2027-09-18,2026-09-28
550.0,167,438,2027-09-18,2026-09-28
560.0,153,224,2027-09-18,2026-09-28
570.0,276,137,2027-09-18,2026-09-28
580.0,65,295,2027-09-18,2026-09-28
590.0,22,167,2027-09-18,2026-09-28
600.0,609,958,2027-09-18,2026-09-28
610.0,80,224,2027-09-18,2026-09-28
620.0,65,139,2027-09-18,2026-09-28
630.0,105,393,2027-09-18,2026-09-28
640.0,93,197,2027-09-18,2026-09-28
650.0,133,1431,2027-09-18,2026-09-28
660.0,275,176,2027-09-18,2026-09-28
670.0,120,224,2027-09-18,2026-09-28
680.0,123,207,2027-09-18,2026-09-28
690.0,92,229,2027-09-18,2026-09-28
700.0,646,795,2027-09-18,2026-09-28
710.0,51,140,2027-09-18,2026-09-28
720.0,109,66,2027-09-18,2026-09-28
730.0,103,154,2027-09-18,2026-09-28
740.0,65,159,2027-09-18,2026-09-28
750.0,385,346,2027-09-18,2026-09-28
760.0,60,324,2027-09-18,2026-09-28
770.0,259,165,2027-09-18,2026-09-28
780.0,94,412,2027-09-18,2026-09-28
790.0,71,74,2027-09-18,2026-09-28
800.0,560,531,2027-09-18,2026-09-28
810.0,162,82,2027-09-18,2026-09-28
820.0,145,491,2027-09-18,2026-09-28
830.0,245,263,2027-09-18,2026-09-28
840.0,90,189,2027-09-18,2026-09-28
850.0,315,718,2027-09-18,2026-09-28
860.0,223,146,2027-09-18,2026-09-28
870.0,271,220,2027-09-18,2026-09-28
880.0,555,373,2027-09-18,2026-09-28
890.0,439,133,2027-09-18,2026-09-28
900.0,842,926,2027-09-18,2026-09-28
920.0,153,223,2027-09-18,2026-09-28
930.0,473,110,2027-09-18,2026-09-28
940.0,468,242,2027-09-18,2026-09-28
950.0,303,84,2027-09-18,2026-09-28
960.0,407,72,2027-09-18,2026-09-28
970.0,348,77,2027-09-18,2026-09-28
980.0,115,101,2027-09-18,2026-09-28
990.0,241,92,2027-09-18,2026-09-28
1000.0,909,216,2027-09-18,2026-09-28
1010.0,108,183,2027-09-18,2026-09-28
1020.0,247,58,2027-09-18,2026-09-28
1030.0,80,81,2027-09-18,2026-09-28
1040.0,94,99,2027-09-18,2026-09-28
1050.0,166,45,2027-09-18,2026-09-28
1060.0,152,41,2027-09-18,2026-09-28
1070.0,230,95,2027-09-18,2026-09-28
1080.0,99,250,2027-09-18,2026-09-28
1090.0,87,127,2027-09-18,2026-09-28
1100.0,531,835,2027-09-18,2026-09-28
1110.0,315,80,2027-09-18,2026-09-28
1120.0,132,19,2027-09-18,2026-09-28
1130.0,234,38,2027-09-18,2026-09-28
1140.0,63,62,2027-09-18,2026-09-28
1150.0,337,47,2027-09-18,2026-09-28
1160.0,78,22,2027-09-18,2026-09-28
1170.0,259,38,2027-09-18,2026-09-28
1180.0,53,12,2027-09-18,2026-09-28
1190.0,46,16,2027-09-18,2026-09-28
1200.0,580,526,2027-09-18,2026-09-28
1210.0,353,18,2027-09-18,2026-09-28
1220.0,566,54,2027-09-18,2026-09-28
1230.0,96,305,2027-09-18,2026-09-28
1240.0,538,169,2027-09-18,2026-09-28
1250.0,188,310,2027-09-18,2026-09-28
1260.0,371,38,2027-09-18,2026-09-28
1270.0,469,11,2027-09-18,2026-09-28
1280.0,45,444,2027-09-18,2026-09-28
1290.0,90,15,2027-09-18,2026-09-28
1300.0,245,222,2027-09-18,2026-09-28
1310.0,140,12,2027-09-18,2026-09-28
1320.0,490,146,2027-09-18,2026-09-28
1330.0,80,7,2027-09-18,2026-09-28
1340.0,72,3,2027-09-18,2026-09-28
1350.0,230,11,2027-09-18,2026-09-28
1360.0,160,63,2027-09-18,2026-09-28
1370.0,51,300,2027-09-18,2026-09-28
1380.0,34,4,2027-09-18,2026-09-28
1390.0,51,4,2027-09-18,2026-09-28
1400.0,720,86,2027-09-18,2026-09-28
1410.0,51,3,2027-09-18,2026-09-28
1420.0,645,32,2027-09-18,2026-09-28
1430.0,48,77,2027-09-18,2026-09-28
1440.0,102,11,2027-09-18,2026-09-28
1450.0,112,19,2027-09-18,2026-09-28
1460.0,133,66,2027-09-18,2026-09-28
1470.0,25,1,2027-09-18,2026-09-28
1480.0,122,444,2027-09-18,2026-09-28
1490.0,241,1,2027-09-18,2026-09-28
1500.0,389,294,2027-09-18,2026-09-28
1510.0,199,7,2027-09-18,2026-09-28
1520.0,312,3,2027-09-18,2026-09-28
1530.0,439,7,2027-09-18,2026-09-28
1540.0,187,33,2027-09-18,2026-09-28
1550.0,367,29,2027-09-18,2026-09-28
1560.0,457,8,2027-09-18,2026-09-28
1570.0,102,12,2027-09-18,2026-09-28
1580.0,298,101,2027-09-18,2026-09-28
1590.0,185,4,2027-09-18,2026-09-28
1600.0,220,47,2027-09-18,2026-09-28
1610.0,277,14,2027-09-18,2026-09-28
1620.0,892,90,2027-09-18,2026-09-28
1630.0,480,118,2027-09-18,2026-09-28
1640.0,136,1,2027-09-18,2026-09-28
1650.0,270,1,2027-09-18,2026-09-28
1660.0,787,16,2027-09-18,2026-09-28
1670.0,186,2,2027-09-18,2026-09-28
1680.0,189,2,2027-09-18,2026-09-28
1690.0,72,7,2027-09-18,2026-09-28
1700.0,109,255,2027-09-18,2026-09-28
1710.0,275,4,2027-09-18,2026-09-28
1720.0,147,12,2027-09-18,2026-09-28
1730.0,238,4,2027-09-18,2026-09-28
1740.0,410,7,2027-09-18,2026-09-28
1750.0,112,25,2027-09-18,2026-09-28
1760.0,144,6,2027-09-18,2026-09-28
1770.0,75,4,2027-09-18,2026-09-28
1780.0,363,7,2027-09-18,2026-09-28
1790.0,561,11,2027-09-18,2026-09-28
1800.0,451,4,2027-09-18,2026-09-28
1810.0,196,4,2027-09-18,2026-09-28
1820.0,158,3,2027-09-18,2026-09-28
1830.0,168,74,2027-09-18,2026-09-28
1840.0,180,5,2027-09-18,2026-09-28
1850.0,92,1,2027-09-18,2026-09-28
1860.0,96,1,2027-09-18,2026-09-28
1870.0,117,0,2027-09-18,2026-09-28
1880.0,158,4,2027-09-18,2026-09-28
1890.0,216,13,2027-09-18,2026-09-28
1900.0,359,31,2027-09-18,2026-09-28
1910.0,56,7,2027-09-18,2026-09-28
1920.0,18,0,2027-09-18,2026-09-28
1930.0,49,0,2027-09-18,2026-09-28
1940.0,54,0,2027-09-18,2026-09-28
1950.0,69,1,2027-09-18,2026-09-28
1960.0,14,0,2027-09-18,2026-09-28
1970.0,72,43,2027-09-18,2026-09-28
1980.0,200,40,2027-09-18,2026-09-28
1990.0,102,3,2027-09-18,2026-09-28
2000.0,620,4,2027-09-18,2026-09-28
2010.0,693,2,2027-09-18,2026-09-28
2020.0,79,0,2027-09-18,2026-09-28
2030.0,52,1,2027-09-18,2026-09-28
2040.0,21,0,2027-09-18,2026-09-28
2050.0,59,2,2027-09-18,2026-09-28
2060.0,18,1,2027-09-18,2026-09-28
2070.0,83,0,2027-09-18,2026-09-28
2080.0,45,6,2027-09-18,2026-09-28
2090.0,54,2,2027-09-18,2026-09-28
2100.0,71,24,2027-09-18,2026-09-28
2110.0,200,0,2027-09-18,2026-09-28
2120.0,37,0,2027-09-18,2026-09-28
2130.0,37,0,2027-09-18,2026-09-28
2140.0,54,1,2027-09-18,2026-09-28
2150.0,126,0,2027-09-18,2026-09-28
2160.0,35,2,2027-09-18,2026-09-28
2170.0,371,7,2027-09-18,2026-09-28
2180.0,3,2,2027-09-18,2026-09-28
2190.0,69,3,2027-09-18,2026-09-28
2200.0,129,11,2027-09-18,2026-09-28
2210.0,66,0,2027-09-18,2026-09-28
2220.0,51,5,2027-09-18,2026-09-28
2230.0,11,0,2027-09-18,2026-09-28
2240.0,121,1,2027-09-18,2026-09-28
2250.0,78,3,2027-09-18,2026-09-28
2260.0,133,1,2027-09-18,2026-09-28
2270.0,65,0,2027-09-18,2026-09-28
2280.0,14,1,2027-09-18,2026-09-28
2290.0,35,2,2027-09-18,2026-09-28
2300.0,29,1,2027-09-18,2026-09-28
2310.0,41,2,2027-09-18,2026-09-28
2320.0,99,2,2027-09-18,2026-09-28
2330.0,122,1,2027-09-18,2026-09-28
2340.0,119,1,2027-09-18,2026-09-28
2350.0,59,3,2027-09-18,2026-09-28
2360.0,88,2,2027-09-18,2026-09-28
2370.0,50,6,2027-09-18,2026-09-28
2380.0,140,3,2027-09-18,2026-09-28
2390.0,172,0,2027-09-18,2026-09-28
2400.0,261,0,2027-09-18,2026-09-28
2410.0,286,0,2027-09-18,2026-09-28
2420.0,340,5,2027-09-18,2026-09-28
2440.0,633,0,2027-09-18,2026-09-28
2460.0,642,0,2027-09-18,2026-09-28
2480.0,1060,3,2027-09-18,2026-09-28
2500.0,898,1,2027-09-18,2026-09-28
5.0,6272,1247,2027-12-18,2026-09-28
10.0,7,3,2027-12-18,2026-09-28
15.0,2,9,2027-12-18,2026-09-28
20.0,4,17,2027-12-18,2026-09-28
25.0,2201,1202,2027-12-18,2026-09-28
30.0,62,458,2027-12-18,2026-09-28
35.0,70,467,2027-12-18,2026-09-28
40.0,112,5497,2027-12-18,2026-09-28
45.0,113,399,2027-12-18,2026-09-28
50.0,155,853,2027-12-18,2026-09-28
55.0,189,1613,2027-12-18,2026-09-28
60.0,849,1145,2027-12-18,2026-09-28
65.0,136,1710,2027-12-18,2026-09-28
70.0,149,2453,2027-12-18,2026-09-28
75.0,501,1296,2027-12-18,2026-09-28
80.0,211,897,2027-12-18,2026-09-28
85.0,172,353,2027-12-18,2026-09-28
90.0,308,246,2027-12-18,2026-09-28
95.0,156,224,2027-12-18,2026-09-28
100.0,317,662,2027-12-18,2026-09-28
105.0,149,289,2027-12-18,2026-09-28
110.0,303,533,2027-12-18,2026-09-28
115.0,300,147,2027-12-18,2026-09-28
120.0,221,207,2027-12-18,2026-09-28
125.0,271,289,2027-12-18,2026-09-28
130.0,254,278,2027-12-18,2026-09-28
135.0,210,256,2027-12-18,2026-09-28
140.0,133,322,2027-12-18,2026-09-28
145.0,197,123,2027-12-18,2026-09-28
150.0,474,328,2027-12-18,2026-09-28
155.0,83,69,2027-12-18,2026-09-28
160.0,185,129,2027-12-18,2026-09-28
165.0,155,69,2027-12-18,2026-09-28
170.0,521,733,2027-12-18,2026-09-28
175.0,98,82,2027-12-18,2026-09-28
180.0,78,378,2027-12-18,2026-09-28
185.0,37,241,2027-12-18,2026-09-28
190.0,1360,670,2027-12-18,2026-09-28
195.0,231,43,2027-12-18,2026-09-28
200.0,383,418,2027-12-18,2026-09-28
210.0,299,243,2027-12-18,2026-09-28
220.0,160,129,2027-12-18,2026-09-28
230.0,240,165,2027-12-18,2026-09-28
240.0,130,123,2027-12-18,2026-09-28
250.0,50,0,2027-12-18,2026-09-28
250.0,94,217,2027-12-18,2026-09-28
260.0,144,188,2027-12-18,2026-09-28
270.0,89,86,2027-12-18,2026-09-28
280.0,196,434,2027-12-18,2026-09-28
290.0,165,486,2027-12-18,2026-09-28
300.0,320,348,2027-12-18,2026-09-28
310.0,171,99,2027-12-18,2026-09-28
320.0,124,147,2027-12-18,2026-09-28
330.0,213,242,2027-12-18,2026-09-28
340.0,120,104,2027-12-18,2026-09-28
350.0,92,95,2027-12-18,2026-09-28
360.0,87,165,2027-12-18,2026-09-28
370.0,89,221,2027-12-18,2026-09-28
380.0,177,137,2027-12-18,2026-09-28
390.0,137,136,2027-12-18,2026-09-28
400.0,795,722,2027-12-18,2026-09-28
410.0,158,181,2027-12-18,2026-09-28
420.0,121,149,2027-12-18,2026-09-28
430.0,397,288,2027-12-18,2026-09-28
440.0,68,210,2027-12-18,2026-09-28
450.0,361,205,2027-12-18,2026-09-28
460.0,87,38,2027-12-18,2026-09-28
470.0,579,85,2027-12-18,2026-09-28
480.0,124,111,2027-12-18,2026-09-28
490.0,254,358,2027-12-18,2026-09-28
500.0,517,771,2027-12-18,2026-09-28
510.0,192,134,2027-12-18,2026-09-28
520.0,263,93,2027-12-18,2026-09-28
530.0,270,62,2027-12-18,2026-09-28
540.0,74,61,2027-12-18,2026-09-28
550.0,381,210,2027-12-18,2026-09-28
560.0,246,86,2027-12-18,2026-09-28
570.0,149,89,2027-12-18,2026-09-28
580.0,291,92,2027-12-18,2026-09-28
590.0,143,100,2027-12-18,2026-09-28
600.0,451,347,2027-12-18,2026-09-28
610.0,86,95,2027-12-18,2026-09-28
620.0,147,74,2027-12-18,2026-09-28
630.0,543,183,2027-12-18,2026-09-28
640.0,289,172,2027-12-18,2026-09-28
650.0,587,772,2027-12-18,2026-09-28
660.0,96,184,2027-12-18,2026-09-28
670.0,77,27,2027-12-18,2026-09-28
680.0,377,479,2027-12-18,2026-09-28
690.0,386,86,2027-12-18,2026-09-28
700.0,792,1157,2027-12-18,2026-09-28
710.0,138,276,2027-12-18,2026-09-28
720.0,303,556,2027-12-18,2026-09-28
730.0,332,63,2027-12-18,2026-09-28
740.0,376,43,2027-12-18,2026-09-28
750.0,419,251,2027-12-18,2026-09-28
760.0,231,151,2027-12-18,2026-09-28
770.0,132,162,2027-12-18,2026-09-28
780.0,190,150,2027-12-18,2026-09-28
790.0,227,48,2027-12-18,2026-09-28
800.0,1024,636,2027-12-18,2026-09-28
810.0,227,239,2027-12-18,2026-09-28
820.0,236,169,2027-12-18,2026-09-28
830.0,147,307,2027-12-18,2026-09-28
840.0,198,634,2027-12-18,2026-09-28
850.0,229,457,2027-12-18,2026-09-28
860.0,235,267,2027-12-18,2026-09-28
870.0,320,68,2027-12-18,2026-09-28
880.0,505,332,2027-12-18,2026-09-28
890.0,658,262,2027-12-18,2026-09-28
900.0,770,562,2027-12-18,2026-09-28
910.0,1340,46,2027-12-18,2026-09-28
920.0,202,103,2027-12-18,2026-09-28
930.0,146,414,2027-12-18,2026-09-28
940.0,173,42,2027-12-18,2026-09-28
950.0,709,368,2027-12-18,2026-09-28
960.0,290,157,2027-12-18,2026-09-28
970.0,485,50,2027-12-18,2026-09-28
980.0,190,78,2027-12-18,2026-09-28
990.0,63,91,2027-12-18,2026-09-28
1000.0,636,1440,2027-12-18,2026-09-28
1010.0,151,113,2027-12-18,2026-09-28
1020.0,471,44,2027-12-18,2026-09-28
1030.0,162,79,2027-12-18,2026-09-28
1040.0,404,61,2027-12-18,2026-09-28
1050.0,468,31,2027-12-18,2026-09-28
1060.0,359,27,2027-12-18,2026-09-28
1070.0,571,49,2027-12-18,2026-09-28
1080.0,212,139,2027-12-18,2026-09-28
1090.0,273,200,2027-12-18,2026-09-28
1100.0,1158,321,2027-12-18,2026-09-28
1110.0,478,53,2027-12-18,2026-09-28
1120.0,229,83,2027-12-18,2026-09-28
1130.0,485,33,2027-12-18,2026-09-28
1140.0,168,13,2027-12-18,2026-09-28
1150.0,117,21,2027-12-18,2026-09-28
1160.0,132,22,2027-12-18,2026-09-28
1170.0,433,29,2027-12-18,2026-09-28
1180.0,286,47,2027-12-18,2026-09-28
1200.0,796,305,2027-12-18,2026-09-28
1220.0,345,163,2027-12-18,2026-09-28
1240.0,297,76,2027-12-18,2026-09-28
1260.0,783,428,2027-12-18,2026-09-28
1280.0,948,254,2027-12-18,2026-09-28
1300.0,902,250,2027-12-18,2026-09-28
1320.0,564,271,2027-12-18,2026-09-28
1340.0,391,30,2027-12-18,2026-09-28
1360.0,539,52,2027-12-18,2026-09-28
1380.0,418,66,2027-12-18,2026-09-28
1400.0,596,286,2027-12-18,2026-09-28
1420.0,568,147,2027-12-18,2026-09-28
1440.0,438,57,2027-12-18,2026-09-28
1460.0,340,271,2027-12-18,2026-09-28
1480.0,684,195,2027-12-18,2026-09-28
1490.0,247,73,2027-12-18,2026-09-28
1500.0,1777,239,2027-12-18,2026-09-28
1510.0,179,3,2027-12-18,2026-09-28
1520.0,210,50,2027-12-18,2026-09-28
1530.0,93,7,2027-12-18,2026-09-28
1540.0,87,11,2027-12-18,2026-09-28
1550.0,233,6,2027-12-18,2026-09-28
1560.0,61,39,2027-12-18,2026-09-28
1570.0,135,22,2027-12-18,2026-09-28
1580.0,120,112,2027-12-18,2026-09-28
1590.0,300,24,2027-12-18,2026-09-28
1600.0,552,52,2027-12-18,2026-09-28
1610.0,143,24,2027-12-18,2026-09-28
1620.0,227,5,2027-12-18,2026-09-28
1630.0,689,280,2027-12-18,2026-09-28
1640.0,118,48,2027-12-18,2026-09-28
1650.0,50,5,2027-12-18,2026-09-28
1660.0,72,7,2027-12-18,2026-09-28
1670.0,145,12,2027-12-18,2026-09-28
1680.0,354,7,2027-12-18,2026-09-28
1690.0,250,3,2027-12-18,2026-09-28
1700.0,1340,50,2027-12-18,2026-09-28
1710.0,154,11,2027-12-18,2026-09-28
1720.0,67,23,2027-12-18,2026-09-28
1730.0,111,1,2027-12-18,2026-09-28
1740.0,161,8,2027-12-18,2026-09-28
1750.0,256,4,2027-12-18,2026-09-28
1760.0,234,3,2027-12-18,2026-09-28
1770.0,122,14,2027-12-18,2026-09-28
1780.0,564,10,2027-12-18,2026-09-28
1790.0,246,26,2027-12-18,2026-09-28
1800.0,1338,81,2027-12-18,2026-09-28
1810.0,489,41,2027-12-18,2026-09-28
1820.0,535,15,2027-12-18,2026-09-28
1830.0,823,23,2027-12-18,2026-09-28
1840.0,181,5,2027-12-18,2026-09-28
1850.0,116,13,2027-12-18,2026-09-28
1860.0,91,8,2027-12-18,2026-09-28
1870.0,26,0,2027-12-18,2026-09-28
1880.0,349,125,2027-12-18,2026-09-28
1890.0,238,1,2027-12-18,2026-09-28
1900.0,348,201,2027-12-18,2026-09-28
1910.0,285,2,2027-12-18,2026-09-28
1920.0,234,11,2027-12-18,2026-09-28
1930.0,225,2,2027-12-18,2026-09-28
1940.0,86,1,2027-12-18,2026-09-28
1950.0,34,4,2027-12-18,2026-09-28
1960.0,161,1,2027-12-18,2026-09-28
1970.0,79,2,2027-12-18,2026-09-28
1980.0,544,15,2027-12-18,2026-09-28
1990.0,176,5,2027-12-18,2026-09-28
2000.0,834,132,2027-12-18,2026-09-28
2010.0,111,1,2027-12-18,2026-09-28
2020.0,164,4,2027-12-18,2026-09-28
2030.0,83,10,2027-12-18,2026-09-28
2040.0,60,4,2027-12-18,2026-09-28
2050.0,53,6,2027-12-18,2026-09-28
2060.0,37,20,2027-12-18,2026-09-28
2070.0,19,2,2027-12-18,2026-09-28
2080.0,30,120,2027-12-18,2026-09-28
2090.0,95,4,2027-12-18,2026-09-28
2100.0,157,47,2027-12-18,2026-09-28
2110.0,60,46,2027-12-18,2026-09-28
2120.0,208,5,2027-12-18,2026-09-28
2130.0,126,4,2027-12-18,2026-09-28
2140.0,32,6,2027-12-18,2026-09-28
2150.0,41,20,2027-12-18,2026-09-28
2160.0,158,26,2027-12-18,2026-09-28
2170.0,1031,36,2027-12-18,2026-09-28
2180.0,63,3,2027-12-18,2026-09-28
2190.0,143,32,2027-12-18,2026-09-28
2200.0,339,6,2027-12-18,2026-09-28
2210.0,15,6,2027-12-18,2026-09-28
2220.0,133,7,2027-12-18,2026-09-28
2230.0,119,11,2027-12-18,2026-09-28
2240.0,23,1,2027-12-18,2026-09-28
2250.0,19,22,2027-12-18,2026-09-28
2260.0,45,2,2027-12-18,2026-09-28
2270.0,23,4,2027-12-18,2026-09-28
2280.0,20,0,2027-12-18,2026-09-28
2290.0,701,9,2027-12-18,2026-09-28
2300.0,151,9,2027-12-18,2026-09-28
2310.0,30,1,2027-12-18,2026-09-28
2320.0,116,7,2027-12-18,2026-09-28
2330.0,451,2,2027-12-18,2026-09-28
2340.0,360,6,2027-12-18,2026-09-28
2350.0,102,1,2027-12-18,2026-09-28
2360.0,303,7,2027-12-18,2026-09-28
2370.0,154,5,2027-12-18,2026-09-28
2380.0,95,3,2027-12-18,2026-09-28
2390.0,281,9,2027-12-18,2026-09-28
2400.0,262,26,2027-12-18,2026-09-28
2410.0,274,22,2027-12-18,2026-09-28
2420.0,262,19,2027-12-18,2026-09-28
2440.0,258,97,2027-12-18,2026-09-28
2460.0,281,31,2027-12-18,2026-09-28
2480.0,517,62,2027-12-18,2026-09-28
2500.0,1963,115,2027-12-18,2026-09-28
5.0,1429,896,2028-01-22,2026-09-28
10.0,154,22,2028-01-22,2026-09-28
15.0,2,26,2028-01-22,2026-09-28
20.0,10,30,2028-01-22,2026-09-28
25.0,0,50,2028-01-22,2026-09-28
30.0,0,61,2028-01-22,2026-09-28
35.0,56,605,2028-01-22,2026-09-28
40.0,91,289,2028-01-22,2026-09-28
45.0,22,477,2028-01-22,2026-09-28
50.0,4,1375,2028-01-22,2026-09-28
55.0,3,78,2028-01-22,2026-09-28
60.0,26,801,2028-01-22,2026-09-28
65.0,1,47,2028-01-22,2026-09-28
70.0,164,508,2028-01-22,2026-09-28
75.0,16,330,2028-01-22,2026-09-28
80.0,31,129,2028-01-22,2026-09-28
85.0,14,133,2028-01-22,2026-09-28
90.0,22,232,2028-01-22,2026-09-28
95.0,26,306,2028-01-22,2026-09-28
100.0,121,2555,2028-01-22,2026-09-28
105.0,32,214,2028-01-22,2026-09-28
110.0,52,355,2028-01-22,2026-09-28
115.0,31,300,2028-01-22,2026-09-28
120.0,97,534,2028-01-22,2026-09-28
125.0,33,169,2028-01-22,2026-09-28
130.0,121,376,2028-01-22,2026-09-28
135.0,84,60,2028-01-22,2026-09-28
140.0,100,174,2028-01-22,2026-09-28
145.0,42,40,2028-01-22,2026-09-28
150.0,262,138,2028-01-22,2026-09-28
155.0,79,385,2028-01-22,2026-09-28
160.0,77,744,2028-01-22,2026-09-28
165.0,207,173,2028-01-22,2026-09-28
170.0,215,307,2028-01-22,2026-09-28
175.0,97,246,2028-01-22,2026-09-28
180.0,93,224,2028-01-22,2026-09-28
185.0,70,424,2028-01-22,2026-09-28
190.0,244,209,2028-01-22,2026-09-28
195.0,107,473,2028-01-22,2026-09-28
200.0,2367,3907,2028-01-22,2026-09-28
210.0,167,325,2028-01-22,2026-09-28
220.0,255,557,2028-01-22,2026-09-28
230.0,544,348,2028-01-22,2026-09-28
240.0,304,471,2028-01-22,2026-09-28
250.0,0,10,2028-01-22,2026-09-28
250.0,421,951,2028-01-22,2026-09-28
260.0,486,307,2028-01-22,2026-09-28
270.0,177,639,2028-01-22,2026-09-28
280.0,406,712,2028-01-22,2026-09-28
290.0,177,589,2028-01-22,2026-09-28
300.0,809,2074,2028-01-22,2026-09-28
310.0,340,411,2028-01-22,2026-09-28
320.0,206,1422,2028-01-22,2026-09-28
330.0,1422,1047,2028-01-22,2026-09-28
340.0,304,377,2028-01-22,2026-09-28
350.0,825,493,2028-01-22,2026-09-28
360.0,357,92,2028-01-22,2026-09-28
370.0,460,230,2028-01-22,2026-09-28
380.0,332,227,2028-01-22,2026-09-28
390.0,125,105,2028-01-22,2026-09-28
400.0,551,614,2028-01-22,2026-09-28
410.0,334,244,2028-01-22,2026-09-28
420.0,109,238,2028-01-22,2026-09-28
430.0,187,510,2028-01-22,2026-09-28
440.0,256,142,2028-01-22,2026-09-28
450.0,411,805,2028-01-22,2026-09-28
460.0,152,188,2028-01-22,2026-09-28
470.0,139,1228,2028-01-22,2026-09-28
480.0,198,779,2028-01-22,2026-09-28
490.0,350,249,2028-01-22,2026-09-28
500.0,1908,3066,2028-01-22,2026-09-28
510.0,193,74,2028-01-22,2026-09-28
520.0,486,674,2028-01-22,2026-09-28
530.0,85,100,2028-01-22,2026-09-28
540.0,608,175,2028-01-22,2026-09-28
550.0,468,598,2028-01-22,2026-09-28
560.0,351,471,2028-01-22,2026-09-28
570.0,174,143,2028-01-22,2026-09-28
580.0,76,313,2028-01-22,2026-09-28
590.0,153,147,2028-01-22,2026-09-28
600.0,1153,1630,2028-01-22,2026-09-28
610.0,207,104,2028-01-22,2026-09-28
620.0,201,162,2028-01-22,2026-09-28
630.0,65,219,2028-01-22,2026-09-28
640.0,158,321,2028-01-22,2026-09-28
650.0,381,251,2028-01-22,2026-09-28
660.0,92,154,2028-01-22,2026-09-28
670.0,300,320,2028-01-22,2026-09-28
680.0,373,269,2028-01-22,2026-09-28
690.0,390,125,2028-01-22,2026-09-28
700.0,1188,1236,2028-01-22,2026-09-28
710.0,198,183,2028-01-22,2026-09-28
720.0,975,161,2028-01-22,2026-09-28
730.0,641,352,2028-01-22,2026-09-28
740.0,209,262,2028-01-22,2026-09-28
750.0,602,1356,2028-01-22,2026-09-28
760.0,0,20,2028-01-22,2026-09-28
760.0,487,116,2028-01-22,2026-09-28
770.0,107,208,2028-01-22,2026-09-28
780.0,325,484,2028-01-22,2026-09-28
790.0,216,365,2028-01-22,2026-09-28
800.0,749,2419,2028-01-22,2026-09-28
810.0,630,82,2028-01-22,2026-09-28
820.0,790,254,2028-01-22,2026-09-28
830.0,247,101,2028-01-22,2026-09-28
840.0,169,485,2028-01-22,2026-09-28
850.0,489,868,2028-01-22,2026-09-28
860.0,166,100,2028-01-22,2026-09-28
870.0,303,133,2028-01-22,2026-09-28
880.0,418,267,2028-01-22,2026-09-28
890.0,585,334,2028-01-22,2026-09-28
900.0,3282,1587,2028-01-22,2026-09-28
910.0,2086,157,2028-01-22,2026-09-28
920.0,157,424,2028-01-22,2026-09-28
930.0,146,124,2028-01-22,2026-09-28
940.0,427,664,2028-01-22,2026-09-28
950.0,767,477,2028-01-22,2026-09-28
960.0,79,314,2028-01-22,2026-09-28
970.0,212,54,2028-01-22,2026-09-28
980.0,505,163,2028-01-22,2026-09-28
990.0,323,171,2028-01-22,2026-09-28
1000.0,1175,1056,2028-01-22,2026-09-28
1010.0,255,203,2028-01-22,2026-09-28
1020.0,286,90,2028-01-22,2026-09-28
1030.0,263,67,2028-01-22,2026-09-28
1040.0,431,96,2028-01-22,2026-09-28
1050.0,418,304,2028-01-22,2026-09-28
1060.0,449,91,2028-01-22,2026-09-28
1070.0,103,341,2028-01-22,2026-09-28
1080.0,501,210,2028-01-22,2026-09-28
1090.0,359,186,2028-01-22,2026-09-28
1100.0,1971,1198,2028-01-22,2026-09-28
1110.0,228,44,2028-01-22,2026-09-28
1120.0,182,104,2028-01-22,2026-09-28
1130.0,142,71,2028-01-22,2026-09-28
1140.0,423,62,2028-01-22,2026-09-28
1150.0,214,204,2028-01-22,2026-09-28
1160.0,99,53,2028-01-22,2026-09-28
1170.0,302,53,2028-01-22,2026-09-28
1180.0,423,15,2028-01-22,2026-09-28
1190.0,102,23,2028-01-22,2026-09-28
1200.0,2034,1618,2028-01-22,2026-09-28
1210.0,488,112,2028-01-22,2026-09-28
1220.0,185,312,2028-01-22,2026-09-28
1230.0,242,45,2028-01-22,2026-09-28
1240.0,133,44,2028-01-22,2026-09-28
1250.0,378,1073,2028-01-22,2026-09-28
1260.0,1177,134,2028-01-22,2026-09-28
1270.0,206,9,2028-01-22,2026-09-28
1280.0,3130,937,2028-01-22,2026-09-28
1290.0,408,95,2028-01-22,2026-09-28
1300.0,1063,435,2028-01-22,2026-09-28
1310.0,229,583,2028-01-22,2026-09-28
1320.0,642,66,2028-01-22,2026-09-28
1330.0,309,9,2028-01-22,2026-09-28
1340.0,453,20,2028-01-22,2026-09-28
1350.0,702,226,2028-01-22,2026-09-28
1360.0,398,11,2028-01-22,2026-09-28
1370.0,222,19,2028-01-22,2026-09-28
1380.0,170,19,2028-01-22,2026-09-28
1390.0,50,312,2028-01-22,2026-09-28
1400.0,1856,224,2028-01-22,2026-09-28
1410.0,83,17,2028-01-22,2026-09-28
1420.0,511,16,2028-01-22,2026-09-28
1430.0,93,10,2028-01-22,2026-09-28
1440.0,188,197,2028-01-22,2026-09-28
1450.0,290,13,2028-01-22,2026-09-28
1460.0,116,82,2028-01-22,2026-09-28
1470.0,88,29,2028-01-22,2026-09-28
1480.0,3320,950,2028-01-22,2026-09-28
1490.0,288,49,2028-01-22,2026-09-28
1500.0,1277,333,2028-01-22,2026-09-28
1510.0,729,17,2028-01-22,2026-09-28
1520.0,739,63,2028-01-22,2026-09-28
1530.0,313,8,2028-01-22,2026-09-28
1540.0,116,24,2028-01-22,2026-09-28
1550.0,502,17,2028-01-22,2026-09-28
1560.0,306,280,2028-01-22,2026-09-28
1570.0,547,8,2028-01-22,2026-09-28
1580.0,341,191,2028-01-22,2026-09-28
1590.0,330,90,2028-01-22,2026-09-28
1600.0,840,187,2028-01-22,2026-09-28
1610.0,593,2,2028-01-22,2026-09-28
1620.0,216,570,2028-01-22,2026-09-28
1630.0,1118,66,2028-01-22,2026-09-28
1640.0,117,2,2028-01-22,2026-09-28
1650.0,59,44,2028-01-22,2026-09-28
1660.0,106,10,2028-01-22,2026-09-28
1670.0,298,10,2028-01-22,2026-09-28
1680.0,835,5,2028-01-22,2026-09-28
1690.0,135,100,2028-01-22,2026-09-28
1700.0,561,51,2028-01-22,2026-09-28
1710.0,137,2,2028-01-22,2026-09-28
1720.0,392,2,2028-01-22,2026-09-28
1730.0,87,3,2028-01-22,2026-09-28
1740.0,0,0,2028-01-22,2026-09-28
1740.0,58,22,2028-01-22,2026-09-28
1750.0,139,77,2028-01-22,2026-09-28
1760.0,20,0,2028-01-22,2026-09-28
1760.0,224,23,2028-01-22,2026-09-28
1770.0,30,4,2028-01-22,2026-09-28
1780.0,50,265,2028-01-22,2026-09-28
1790.0,239,195,2028-01-22,2026-09-28
1800.0,748,36,2028-01-22,2026-09-28
1805.0,3,0,2028-01-22,2026-09-28
1810.0,231,267,2028-01-22,2026-09-28
1820.0,1640,39,2028-01-22,2026-09-28
1830.0,1745,67,2028-01-22,2026-09-28
1835.0,50,0,2028-01-22,2026-09-28
1840.0,82,195,2028-01-22,2026-09-28
1847.0,5,0,2028-01-22,2026-09-28
1850.0,517,23,2028-01-22,2026-09-28
1860.0,61,30,2028-01-22,2026-09-28
1870.0,135,3,2028-01-22,2026-09-28
1880.0,49,18,2028-01-22,2026-09-28
1890.0,126,24,2028-01-22,2026-09-28
1900.0,462,156,2028-01-22,2026-09-28
1910.0,580,2,2028-01-22,2026-09-28
1920.0,83,20,2028-01-22,2026-09-28
1930.0,211,3,2028-01-22,2026-09-28
1940.0,71,3,2028-01-22,2026-09-28
1950.0,393,15,2028-01-22,2026-09-28
1960.0,547,1,2028-01-22,2026-09-28
1970.0,380,21,2028-01-22,2026-09-28
1980.0,40,11,2028-01-22,2026-09-28
1990.0,548,13,2028-01-22,2026-09-28
2000.0,1845,28,2028-01-22,2026-09-28
2070.0,239,23,2028-01-22,2026-09-28
2080.0,289,24,2028-01-22,2026-09-28
2090.0,272,194,2028-01-22,2026-09-28
2100.0,354,155,2028-01-22,2026-09-28
2110.0,61,1,2028-01-22,2026-09-28
2120.0,224,1,2028-01-22,2026-09-28
2130.0,79,21,2028-01-22,2026-09-28
2140.0,154,23,2028-01-22,2026-09-28
2150.0,213,50,2028-01-22,2026-09-28
2160.0,66,18,2028-01-22,2026-09-28
2170.0,98,26,2028-01-22,2026-09-28
2180.0,20,2,2028-01-22,2026-09-28
2190.0,53,1,2028-01-22,2026-09-28
2200.0,419,22,2028-01-22,2026-09-28
2210.0,60,0,2028-01-22,2026-09-28
2220.0,97,16,2028-01-22,2026-09-28
2230.0,4,1,2028-01-22,2026-09-28
2240.0,21,14,2028-01-22,2026-09-28
2250.0,50,4,2028-01-22,2026-09-28
2260.0,11,5,2028-01-22,2026-09-28
2270.0,111,0,2028-01-22,2026-09-28
2280.0,12,5,2028-01-22,2026-09-28
2290.0,99,189,2028-01-22,2026-09-28
2300.0,185,11,2028-01-22,2026-09-28
2310.0,107,1,2028-01-22,2026-09-28
2320.0,14,0,2028-01-22,2026-09-28
2330.0,61,2,2028-01-22,2026-09-28
2340.0,49,0,2028-01-22,2026-09-28
2350.0,455,3,2028-01-22,2026-09-28
2360.0,135,0,2028-01-22,2026-09-28
2370.0,61,1,2028-01-22,2026-09-28
2380.0,635,16,2028-01-22,2026-09-28
2390.0,456,4,2028-01-22,2026-09-28
2400.0,816,16,2028-01-22,2026-09-28
2410.0,215,2,2028-01-22,2026-09-28
2420.0,584,76,2028-01-22,2026-09-28
2440.0,328,17,2028-01-22,2026-09-28
2460.0,662,16,2028-01-22,2026-09-28
2480.0,958,19,2028-01-22,2026-09-28
2500.0,3277,109,2028-01-22,2026-09-28
5.0,620,55,2028-06-17,2026-09-28
10.0,7,3,2028-06-17,2026-09-28
15.0,0,3,2028-06-17,2026-09-28
20.0,1,10,2028-06-17,2026-09-28
25.0,19,28,2028-06-17,2026-09-28
30.0,1,33,2028-06-17,2026-09-28
35.0,1,9,2028-06-17,2026-09-28
40.0,0,35,2028-06-17,2026-09-28
45.0,0,4,2028-06-17,2026-09-28
50.0,0,170,2028-06-17,2026-09-28
55.0,0,36,2028-06-17,2026-09-28
60.0,0,28,2028-06-17,2026-09-28
65.0,0,25,2028-06-17,2026-09-28
70.0,0,32,2028-06-17,2026-09-28
75.0,0,524,2028-06-17,2026-09-28
80.0,19,294,2028-06-17,2026-09-28
85.0,0,233,2028-06-17,2026-09-28
90.0,1,867,2028-06-17,2026-09-28
95.0,0,311,2028-06-17,2026-09-28
100.0,13,1412,2028-06-17,2026-09-28
105.0,8,832,2028-06-17,2026-09-28
110.0,1,1655,2028-06-17,2026-09-28
115.0,0,303,2028-06-17,2026-09-28
120.0,2,527,2028-06-17,2026-09-28
125.0,1,225,2028-06-17,2026-09-28
130.0,7,932,2028-06-17,2026-09-28
135.0,3,510,2028-06-17,2026-09-28
140.0,5,648,2028-06-17,2026-09-28
145.0,2,48,2028-06-17,2026-09-28
150.0,5,21,2028-06-17,2026-09-28
155.0,16,85,2028-06-17,2026-09-28
160.0,4,221,2028-06-17,2026-09-28
165.0,2,35,2028-06-17,2026-09-28
170.0,3,713,2028-06-17,2026-09-28
175.0,3,51,2028-06-17,2026-09-28
180.0,8,37,2028-06-17,2026-09-28
185.0,18,16,2028-06-17,2026-09-28
190.0,8,39,2028-06-17,2026-09-28
195.0,5,84,2028-06-17,2026-09-28
200.0,108,295,2028-06-17,2026-09-28
210.0,21,37,2028-06-17,2026-09-28
220.0,157,68,2028-06-17,2026-09-28
230.0,1,91,2028-06-17,2026-09-28
240.0,12,67,2028-06-17,2026-09-28
250.0,26,124,2028-06-17,2026-09-28
260.0,7,21,2028-06-17,2026-09-28
270.0,11,278,2028-06-17,2026-09-28
280.0,1,20,2028-06-17,2026-09-28
290.0,7,13,2028-06-17,2026-09-28
300.0,29,142,2028-06-17,2026-09-28
310.0,7,69,2028-06-17,2026-09-28
320.0,14,144,2028-06-17,2026-09-28
330.0,4,106,2028-06-17,2026-09-28
340.0,6,76,2028-06-17,2026-09-28
350.0,30,354,2028-06-17,2026-09-28
360.0,9,40,2028-06-17,2026-09-28
370.0,16,63,2028-06-17,2026-09-28
380.0,12,29,2028-06-17,2026-09-28
390.0,40,74,2028-06-17,2026-09-28
400.0,104,98,2028-06-17,2026-09-28
410.0,31,26,2028-06-17,2026-09-28
420.0,22,83,2028-06-17,2026-09-28
430.0,7,58,2028-06-17,2026-09-28
440.0,31,62,2028-06-17,2026-09-28
450.0,42,117,2028-06-17,2026-09-28
460.0,99,85,2028-06-17,2026-09-28
470.0,49,42,2028-06-17,2026-09-28
480.0,40,61,2028-06-17,2026-09-28
490.0,91,71,2028-06-17,2026-09-28
500.0,107,463,2028-06-17,2026-09-28
510.0,22,128,2028-06-17,2026-09-28
520.0,119,102,2028-06-17,2026-09-28
530.0,83,40,2028-06-17,2026-09-28
540.0,96,98,2028-06-17,2026-09-28
550.0,100,34,2028-06-17,2026-09-28
560.0,314,113,2028-06-17,2026-09-28
570.0,84,47,2028-06-17,2026-09-28
580.0,104,101,2028-06-17,2026-09-28
590.0,81,58,2028-06-17,2026-09-28
600.0,256,278,2028-06-17,2026-09-28
610.0,18,30,2028-06-17,2026-09-28
620.0,32,40,2028-06-17,2026-09-28
630.0,152,65,2028-06-17,2026-09-28
640.0,330,125,2028-06-17,2026-09-28
650.0,105,137,2028-06-17,2026-09-28
660.0,38,37,2028-06-17,2026-09-28
670.0,39,42,2028-06-17,2026-09-28
680.0,16,84,2028-06-17,2026-09-28
690.0,115,66,2028-06-17,2026-09-28
700.0,159,529,2028-06-17,2026-09-28
710.0,27,104,2028-06-17,2026-09-28
720.0,136,43,2028-06-17,2026-09-28
730.0,46,323,2028-06-17,2026-09-28
740.0,46,39,2028-06-17,2026-09-28
750.0,287,286,2028-06-17,2026-09-28
760.0,66,38,2028-06-17,2026-09-28
770.0,39,63,2028-06-17,2026-09-28
780.0,150,165,2028-06-17,2026-09-28
790.0,240,119,2028-06-17,2026-09-28
800.0,357,437,2028-06-17,2026-09-28
810.0,114,116,2028-06-17,2026-09-28
820.0,28,616,2028-06-17,2026-09-28
830.0,128,327,2028-06-17,2026-09-28
840.0,78,176,2028-06-17,2026-09-28
850.0,79,440,2028-06-17,2026-09-28
860.0,74,129,2028-06-17,2026-09-28
870.0,45,78,2028-06-17,2026-09-28
880.0,54,173,2028-06-17,2026-09-28
890.0,142,85,2028-06-17,2026-09-28
900.0,510,302,2028-06-17,2026-09-28
910.0,69,228,2028-06-17,2026-09-28
920.0,171,38,2028-06-17,2026-09-28
930.0,93,131,2028-06-17,2026-09-28
940.0,79,61,2028-06-17,2026-09-28
950.0,122,148,2028-06-17,2026-09-28
960.0,323,82,2028-06-17,2026-09-28
970.0,224,100,2028-06-17,2026-09-28
980.0,156,47,2028-06-17,2026-09-28
990.0,118,100,2028-06-17,2026-09-28
1000.0,715,213,2028-06-17,2026-09-28
1010.0,221,226,2028-06-17,2026-09-28
1020.0,94,249,2028-06-17,2026-09-28
1030.0,347,326,2028-06-17,2026-09-28
1040.0,91,513,2028-06-17,2026-09-28
1050.0,29,521,2028-06-17,2026-09-28
1060.0,111,386,2028-06-17,2026-09-28
1070.0,84,426,2028-06-17,2026-09-28
1080.0,172,116,2028-06-17,2026-09-28
1090.0,173,129,2028-06-17,2026-09-28
1100.0,246,166,2028-06-17,2026-09-28
1110.0,31,23,2028-06-17,2026-09-28
1120.0,149,35,2028-06-17,2026-09-28
1130.0,28,94,2028-06-17,2026-09-28
1140.0,44,28,2028-06-17,2026-09-28
1150.0,356,42,2028-06-17,2026-09-28
1160.0,12,14,2028-06-17,2026-09-28
1170.0,223,25,2028-06-17,2026-09-28
1180.0,396,116,2028-06-17,2026-09-28
1190.0,12,162,2028-06-17,2026-09-28
1200.0,457,269,2028-06-17,2026-09-28
1210.0,27,42,2028-06-17,2026-09-28
1220.0,453,23,2028-06-17,2026-09-28
1230.0,75,37,2028-06-17,2026-09-28
1240.0,102,35,2028-06-17,2026-09-28
1250.0,86,76,2028-06-17,2026-09-28
1260.0,205,153,2028-06-17,2026-09-28
1270.0,160,119,2028-06-17,2026-09-28
1280.0,361,411,2028-06-17,2026-09-28
1290.0,69,284,2028-06-17,2026-09-28
1300.0,582,116,2028-06-17,2026-09-28
1310.0,185,70,2028-06-17,2026-09-28
1320.0,259,114,2028-06-17,2026-09-28
1330.0,116,62,2028-06-17,2026-09-28
1340.0,255,40,2028-06-17,2026-09-28
1350.0,139,48,2028-06-17,2026-09-28
1360.0,221,22,2028-06-17,2026-09-28
1370.0,113,24,2028-06-17,2026-09-28
1380.0,22,215,2028-06-17,2026-09-28
1390.0,113,35,2028-06-17,2026-09-28
1400.0,611,102,2028-06-17,2026-09-28
1410.0,50,35,2028-06-17,2026-09-28
1420.0,208,24,2028-06-17,2026-09-28
1430.0,101,8,2028-06-17,2026-09-28
1440.0,136,30,2028-06-17,2026-09-28
1450.0,21,12,2028-06-17,2026-09-28
1460.0,180,29,2028-06-17,2026-09-28
1470.0,384,17,2028-06-17,2026-09-28
1480.0,262,97,2028-06-17,2026-09-28
1490.0,78,16,2028-06-17,2026-09-28
1500.0,705,77,2028-06-17,2026-09-28
1510.0,68,35,2028-06-17,2026-09-28
1520.0,230,8,2028-06-17,2026-09-28
1530.0,69,68,2028-06-17,2026-09-28
1540.0,28,36,2028-06-17,2026-09-28
1550.0,91,31,2028-06-17,2026-09-28
1560.0,59,17,2028-06-17,2026-09-28
1570.0,86,2,2028-06-17,2026-09-28
1580.0,14,29,2028-06-17,2026-09-28
1590.0,238,85,2028-06-17,2026-09-28
1600.0,184,168,2028-06-17,2026-09-28
1610.0,96,31,2028-06-17,2026-09-28
1620.0,174,87,2028-06-17,2026-09-28
1630.0,218,73,2028-06-17,2026-09-28
1640.0,54,2,2028-06-17,2026-09-28
1650.0,76,47,2028-06-17,2026-09-28
1660.0,36,1,2028-06-17,2026-09-28
1670.0,51,7,2028-06-17,2026-09-28
1680.0,95,16,2028-06-17,2026-09-28
1690.0,48,4,2028-06-17,2026-09-28
1700.0,498,99,2028-06-17,2026-09-28
1710.0,49,20,2028-06-17,2026-09-28
1720.0,135,16,2028-06-17,2026-09-28
1730.0,547,15,2028-06-17,2026-09-28
1740.0,276,9,2028-06-17,2026-09-28
1750.0,128,31,2028-06-17,2026-09-28
1760.0,125,6,2028-06-17,2026-09-28
1770.0,160,14,2028-06-17,2026-09-28
1780.0,163,4,2028-06-17,2026-09-28
1790.0,42,174,2028-06-17,2026-09-28
1800.0,147,126,2028-06-17,2026-09-28
1810.0,630,12,2028-06-17,2026-09-28
1820.0,149,35,2028-06-17,2026-09-28
1830.0,147,15,2028-06-17,2026-09-28
1840.0,141,144,2028-06-17,2026-09-28
1850.0,101,4,2028-06-17,2026-09-28
1860.0,207,2,2028-06-17,2026-09-28
1870.0,165,2,2028-06-17,2026-09-28
1880.0,77,4,2028-06-17,2026-09-28
1890.0,46,29,2028-06-17,2026-09-28
1900.0,124,12,2028-06-17,2026-09-28
1910.0,69,5,2028-06-17,2026-09-28
1920.0,174,1,2028-06-17,2026-09-28
1930.0,99,17,2028-06-17,2026-09-28
1940.0,70,12,2028-06-17,2026-09-28
1950.0,890,29,2028-06-17,2026-09-28
1960.0,85,4,2028-06-17,2026-09-28
1970.0,34,0,2028-06-17,2026-09-28
1980.0,173,6,2028-06-17,2026-09-28
1990.0,108,44,2028-06-17,2026-09-28
2000.0,169,56,2028-06-17,2026-09-28
2010.0,172,8,2028-06-17,2026-09-28
2020.0,95,6,2028-06-17,2026-09-28
2030.0,265,2,2028-06-17,2026-09-28
2040.0,56,4,2028-06-17,2026-09-28
2050.0,22,53,2028-06-17,2026-09-28
2060.0,110,2,2028-06-17,2026-09-28
2070.0,51,2,2028-06-17,2026-09-28
2080.0,159,15,2028-06-17,2026-09-28
2090.0,80,0,2028-06-17,2026-09-28
2100.0,283,27,2028-06-17,2026-09-28
2110.0,25,3,2028-06-17,2026-09-28
2120.0,126,6,2028-06-17,2026-09-28
2130.0,89,2,2028-06-17,2026-09-28
2140.0,126,3,2028-06-17,2026-09-28
2150.0,37,21,2028-06-17,2026-09-28
2160.0,63,7,2028-06-17,2026-09-28
2170.0,104,11,2028-06-17,2026-09-28
2180.0,14,2,2028-06-17,2026-09-28
2190.0,57,0,2028-06-17,2026-09-28
2200.0,347,7,2028-06-17,2026-09-28
2210.0,182,0,2028-06-17,2026-09-28
2220.0,107,13,2028-06-17,2026-09-28
2230.0,51,9,2028-06-17,2026-09-28
2240.0,105,142,2028-06-17,2026-09-28
2250.0,58,25,2028-06-17,2026-09-28
2260.0,42,1,2028-06-17,2026-09-28
2270.0,161,3,2028-06-17,2026-09-28
2280.0,20,2,2028-06-17,2026-09-28
2290.0,23,2,2028-06-17,2026-09-28
2300.0,163,7,2028-06-17,2026-09-28
2310.0,51,4,2028-06-17,2026-09-28
2320.0,100,21,2028-06-17,2026-09-28
2330.0,105,7,2028-06-17,2026-09-28
2340.0,17,2,2028-06-17,2026-09-28
2350.0,22,51,2028-06-17,2026-09-28
2360.0,46,12,2028-06-17,2026-09-28
2370.0,258,26,2028-06-17,2026-09-28
2380.0,154,133,2028-06-17,2026-09-28
2390.0,148,2,2028-06-17,2026-09-28
2400.0,260,27,2028-06-17,2026-09-28
2410.0,172,10,2028-06-17,2026-09-28
2420.0,198,18,2028-06-17,2026-09-28
2440.0,173,6,2028-06-17,2026-09-28
2460.0,466,45,2028-06-17,2026-09-28
2480.0,819,53,2028-06-17,2026-09-28
2500.0,2341,84,2028-06-17,2026-09-28
5.0,1603,1152,2028-12-16,2026-09-28
10.0,106,75,2028-12-16,2026-09-28
15.0,7,124,2028-12-16,2026-09-28
20.0,3,61,2028-12-16,2026-09-28
25.0,43,2012,2028-12-16,2026-09-28
30.0,9,110,2028-12-16,2026-09-28
35.0,5,345,2028-12-16,2026-09-28
40.0,2,1112,2028-12-16,2026-09-28
45.0,2,1106,2028-12-16,2026-09-28
50.0,56,1841,2028-12-16,2026-09-28
55.0,24,114,2028-12-16,2026-09-28
60.0,17,217,2028-12-16,2026-09-28
65.0,1,134,2028-12-16,2026-09-28
70.0,126,43,2028-12-16,2026-09-28
75.0,23,123,2028-12-16,2026-09-28
80.0,50,143,2028-12-16,2026-09-28
85.0,38,971,2028-12-16,2026-09-28
90.0,29,229,2028-12-16,2026-09-28
95.0,48,163,2028-12-16,2026-09-28
100.0,237,1179,2028-12-16,2026-09-28
105.0,19,482,2028-12-16,2026-09-28
110.0,44,491,2028-12-16,2026-09-28
115.0,33,419,2028-12-16,2026-09-28
120.0,50,477,2028-12-16,2026-09-28
125.0,36,520,2028-12-16,2026-09-28
130.0,51,487,2028-12-16,2026-09-28
135.0,14,825,2028-12-16,2026-09-28
140.0,2760,220,2028-12-16,2026-09-28
145.0,68,31,2028-12-16,2026-09-28
150.0,194,508,2028-12-16,2026-09-28
160.0,49,1084,2028-12-16,2026-09-28
165.0,71,185,2028-12-16,2026-09-28
170.0,74,415,2028-12-16,2026-09-28
175.0,55,45,2028-12-16,2026-09-28
180.0,131,142,2028-12-16,2026-09-28
185.0,62,121,2028-12-16,2026-09-28
190.0,49,149,2028-12-16,2026-09-28
195.0,34,72,2028-12-16,2026-09-28
200.0,595,1079,2028-12-16,2026-09-28
210.0,83,129,2028-12-16,2026-09-28
220.0,65,222,2028-12-16,2026-09-28
230.0,112,536,2028-12-16,2026-09-28
240.0,233,181,2028-12-16,2026-09-28
250.0,453,381,2028-12-16,2026-09-28
260.0,86,435,2028-12-16,2026-09-28
270.0,51,243,2028-12-16,2026-09-28
280.0,66,547,2028-12-16,2026-09-28
290.0,94,271,2028-12-16,2026-09-28
300.0,371,1826,2028-12-16,2026-09-28
310.0,247,244,2028-12-16,2026-09-28
320.0,194,265,2028-12-16,2026-09-28
330.0,164,127,2028-12-16,2026-09-28
340.0,189,302,2028-12-16,2026-09-28
350.0,1722,356,2028-12-16,2026-09-28
360.0,574,332,2028-12-16,2026-09-28
370.0,238,324,2028-12-16,2026-09-28
380.0,353,541,2028-12-16,2026-09-28
390.0,257,254,2028-12-16,2026-09-28
400.0,1263,1727,2028-12-16,2026-09-28
410.0,142,216,2028-12-16,2026-09-28
420.0,300,405,2028-12-16,2026-09-28
430.0,181,191,2028-12-16,2026-09-28
440.0,160,317,2028-12-16,2026-09-28
450.0,438,493,2028-12-16,2026-09-28
460.0,171,192,2028-12-16,2026-09-28
470.0,123,101,2028-12-16,2026-09-28
480.0,156,478,2028-12-16,2026-09-28
490.0,362,204,2028-12-16,2026-09-28
500.0,835,1776,2028-12-16,2026-09-28
510.0,146,154,2028-12-16,2026-09-28
520.0,164,80,2028-12-16,2026-09-28
530.0,216,84,2028-12-16,2026-09-28
540.0,75,215,2028-12-16,2026-09-28
550.0,301,547,2028-12-16,2026-09-28
560.0,81,186,2028-12-16,2026-09-28
570.0,164,229,2028-12-16,2026-09-28
580.0,108,134,2028-12-16,2026-09-28
590.0,190,322,2028-12-16,2026-09-28
600.0,517,1071,2028-12-16,2026-09-28
610.0,104,339,2028-12-16,2026-09-28
620.0,202,147,2028-12-16,2026-09-28
630.0,219,75,2028-12-16,2026-09-28
640.0,84,240,2028-12-16,2026-09-28
650.0,314,545,2028-12-16,2026-09-28
660.0,118,285,2028-12-16,2026-09-28
670.0,137,145,2028-12-16,2026-09-28
680.0,206,261,2028-12-16,2026-09-28
690.0,133,266,2028-12-16,2026-09-28
700.0,1717,1318,2028-12-16,2026-09-28
710.0,694,172,2028-12-16,2026-09-28
720.0,714,156,2028-12-16,2026-09-28
730.0,440,95,2028-12-16,2026-09-28
740.0,487,131,2028-12-16,2026-09-28
750.0,1849,422,2028-12-16,2026-09-28
760.0,950,531,2028-12-16,2026-09-28
780.0,193,363,2028-12-16,2026-09-28
790.0,314,138,2028-12-16,2026-09-28
800.0,942,709,2028-12-16,2026-09-28
810.0,444,93,2028-12-16,2026-09-28
820.0,233,123,2028-12-16,2026-09-28
830.0,130,126,2028-12-16,2026-09-28
840.0,405,108,2028-12-16,2026-09-28
850.0,1082,571,2028-12-16,2026-09-28
860.0,260,311,2028-12-16,2026-09-28
870.0,288,510,2028-12-16,2026-09-28
880.0,288,650,2028-12-16,2026-09-28
890.0,168,367,2028-12-16,2026-09-28
900.0,0,125,2028-12-16,2026-09-28
900.0,1573,1228,2028-12-16,2026-09-28
910.0,1737,237,2028-12-16,2026-09-28
920.0,307,191,2028-12-16,2026-09-28
930.0,376,315,2028-12-16,2026-09-28
940.0,178,150,2028-12-16,2026-09-28
950.0,654,474,2028-12-16,2026-09-28
960.0,253,217,2028-12-16,2026-09-28
970.0,232,214,2028-12-16,2026-09-28
980.0,229,142,2028-12-16,2026-09-28
990.0,255,410,2028-12-16,2026-09-28
1000.0,1536,666,2028-12-16,2026-09-28
1010.0,475,345,2028-12-16,2026-09-28
1020.0,302,304,2028-12-16,2026-09-28
1030.0,176,329,2028-12-16,2026-09-28
1040.0,214,191,2028-12-16,2026-09-28
1050.0,480,339,2028-12-16,2026-09-28
1060.0,641,390,2028-12-16,2026-09-28
1070.0,280,473,2028-12-16,2026-09-28
1080.0,361,1049,2028-12-16,2026-09-28
1090.0,233,279,2028-12-16,2026-09-28
1100.0,788,668,2028-12-16,2026-09-28
1110.0,283,263,2028-12-16,2026-09-28
1120.0,135,220,2028-12-16,2026-09-28
1130.0,41,159,2028-12-16,2026-09-28
1140.0,135,140,2028-12-16,2026-09-28
1150.0,389,415,2028-12-16,2026-09-28
1160.0,70,159,2028-12-16,2026-09-28
1170.0,171,192,2028-12-16,2026-09-28
1180.0,1903,199,2028-12-16,2026-09-28
1190.0,217,239,2028-12-16,2026-09-28
1200.0,1558,1023,2028-12-16,2026-09-28
1210.0,141,136,2028-12-16,2026-09-28
1220.0,315,213,2028-12-16,2026-09-28
1230.0,162,146,2028-12-16,2026-09-28
1240.0,396,244,2028-12-16,2026-09-28
1250.0,591,126,2028-12-16,2026-09-28
1260.0,217,339,2028-12-16,2026-09-28
1270.0,225,289,2028-12-16,2026-09-28
1280.0,449,384,2028-12-16,2026-09-28
1290.0,146,91,2028-12-16,2026-09-28
1300.0,1061,342,2028-12-16,2026-09-28
1310.0,64,92,2028-12-16,2026-09-28
1320.0,100,189,2028-12-16,2026-09-28
1330.0,38,196,2028-12-16,2026-09-28
1340.0,98,155,2028-12-16,2026-09-28
1350.0,286,244,2028-12-16,2026-09-28
1360.0,163,77,2028-12-16,2026-09-28
1370.0,24,176,2028-12-16,2026-09-28
1380.0,344,215,2028-12-16,2026-09-28
1390.0,217,158,2028-12-16,2026-09-28
1400.0,2344,827,2028-12-16,2026-09-28
1410.0,137,194,2028-12-16,2026-09-28
1420.0,738,306,2028-12-16,2026-09-28
1430.0,82,104,2028-12-16,2026-09-28
1440.0,415,347,2028-12-16,2026-09-28
1450.0,264,192,2028-12-16,2026-09-28
1460.0,77,100,2028-12-16,2026-09-28
1470.0,294,151,2028-12-16,2026-09-28
1480.0,433,407,2028-12-16,2026-09-28
1490.0,71,246,2028-12-16,2026-09-28
1500.0,2560,602,2028-12-16,2026-09-28
1510.0,162,28,2028-12-16,2026-09-28
1520.0,85,129,2028-12-16,2026-09-28
1530.0,143,123,2028-12-16,2026-09-28
1540.0,315,186,2028-12-16,2026-09-28
1550.0,263,39,2028-12-16,2026-09-28
1560.0,161,85,2028-12-16,2026-09-28
1570.0,44,22,2028-12-16,2026-09-28
1580.0,150,120,2028-12-16,2026-09-28
1590.0,57,52,2028-12-16,2026-09-28
1600.0,472,734,2028-12-16,2026-09-28
1610.0,51,94,2028-12-16,2026-09-28
1620.0,435,300,2028-12-16,2026-09-28
1630.0,897,39,2028-12-16,2026-09-28
1640.0,21,10,2028-12-16,2026-09-28
1650.0,178,67,2028-12-16,2026-09-28
1660.0,80,18,2028-12-16,2026-09-28
1670.0,99,17,2028-12-16,2026-09-28
1680.0,289,129,2028-12-16,2026-09-28
1690.0,60,58,2028-12-16,2026-09-28
1700.0,1383,727,2028-12-16,2026-09-28
1710.0,86,216,2028-12-16,2026-09-28
1720.0,338,59,2028-12-16,2026-09-28
1730.0,42,110,2028-12-16,2026-09-28
1740.0,333,208,2028-12-16,2026-09-28
1750.0,188,246,2028-12-16,2026-09-28
1760.0,170,76,2028-12-16,2026-09-28
1770.0,105,31,2028-12-16,2026-09-28
1780.0,46,111,2028-12-16,2026-09-28
1790.0,104,113,2028-12-16,2026-09-28
1800.0,550,320,2028-12-16,2026-09-28
1810.0,140,233,2028-12-16,2026-09-28
1820.0,166,61,2028-12-16,2026-09-28
1830.0,218,67,2028-12-16,2026-09-28
1840.0,289,10,2028-12-16,2026-09-28
1850.0,294,222,2028-12-16,2026-09-28
1860.0,284,37,2028-12-16,2026-09-28
1870.0,243,18,2028-12-16,2026-09-28
1880.0,282,343,2028-12-16,2026-09-28
1890.0,317,233,2028-12-16,2026-09-28
1900.0,173,542,2028-12-16,2026-09-28
1910.0,278,24,2028-12-16,2026-09-28
1920.0,89,11,2028-12-16,2026-09-28
1930.0,82,32,2028-12-16,2026-09-28
1940.0,25,6,2028-12-16,2026-09-28
1950.0,173,10,2028-12-16,2026-09-28
1960.0,71,9,2028-12-16,2026-09-28
1970.0,414,25,2028-12-16,2026-09-28
1980.0,234,315,2028-12-16,2026-09-28
1990.0,58,219,2028-12-16,2026-09-28
2000.0,125,0,2028-12-16,2026-09-28
2000.0,655,264,2028-12-16,2026-09-28
2010.0,74,107,2028-12-16,2026-09-28
2020.0,121,2,2028-12-16,2026-09-28
2030.0,17,1,2028-12-16,2026-09-28
2040.0,424,48,2028-12-16,2026-09-28
2050.0,183,417,2028-12-16,2026-09-28
2060.0,26,35,2028-12-16,2026-09-28
2070.0,49,4,2028-12-16,2026-09-28
2080.0,29,109,2028-12-16,2026-09-28
2090.0,64,22,2028-12-16,2026-09-28
2100.0,152,224,2028-12-16,2026-09-28
2110.0,92,267,2028-12-16,2026-09-28
2120.0,50,12,2028-12-16,2026-09-28
2130.0,23,12,2028-12-16,2026-09-28
2140.0,114,21,2028-12-16,2026-09-28
2150.0,81,110,2028-12-16,2026-09-28
2160.0,90,127,2028-12-16,2026-09-28
2170.0,683,20,2028-12-16,2026-09-28
2180.0,132,27,2028-12-16,2026-09-28
2190.0,110,11,2028-12-16,2026-09-28
2200.0,428,236,2028-12-16,2026-09-28
2210.0,225,32,2028-12-16,2026-09-28
2220.0,238,29,2028-12-16,2026-09-28
2230.0,25,14,2028-12-16,2026-09-28
2240.0,139,79,2028-12-16,2026-09-28
2250.0,83,248,2028-12-16,2026-09-28
2260.0,164,55,2028-12-16,2026-09-28
2270.0,18,15,2028-12-16,2026-09-28
2280.0,26,4,2028-12-16,2026-09-28
2290.0,85,23,2028-12-16,2026-09-28
2300.0,168,459,2028-12-16,2026-09-28
2310.0,31,21,2028-12-16,2026-09-28
2320.0,43,10,2028-12-16,2026-09-28
2330.0,164,34,2028-12-16,2026-09-28
2340.0,106,53,2028-12-16,2026-09-28
2350.0,77,66,2028-12-16,2026-09-28
2360.0,74,19,2028-12-16,2026-09-28
2370.0,250,53,2028-12-16,2026-09-28
2380.0,59,318,2028-12-16,2026-09-28
2390.0,97,240,2028-12-16,2026-09-28
2400.0,420,132,2028-12-16,2026-09-28
2410.0,34,98,2028-12-16,2026-09-28
2420.0,464,31,2028-12-16,2026-09-28
2440.0,107,53,2028-12-16,2026-09-28
2460.0,108,63,2028-12-16,2026-09-28
2480.0,374,124,2028-12-16,2026-09-28
2500.0,3037,179,2028-12-16,2026-09-28
5.0,0,0,2029-01-20,2026-09-28
10.0,0,0,2029-01-20,2026-09-28
15.0,0,0,2029-01-20,2026-09-28
20.0,0,0,2029-01-20,2026-09-28
25.0,0,0,2029-01-20,2026-09-28
30.0,1,0,2029-01-20,2026-09-28
35.0,0,0,2029-01-20,2026-09-28
40.0,0,0,2029-01-20,2026-09-28
45.0,0,0,2029-01-20,2026-09-28
50.0,0,0,2029-01-20,2026-09-28
55.0,0,0,2029-01-20,2026-09-28
60.0,0,0,2029-01-20,2026-09-28
65.0,0,0,2029-01-20,2026-09-28
70.0,1,0,2029-01-20,2026-09-28
75.0,15,0,2029-01-20,2026-09-28
80.0,0,2,2029-01-20,2026-09-28
85.0,0,25,2029-01-20,2026-09-28
90.0,0,0,2029-01-20,2026-09-28
95.0,0,0,2029-01-20,2026-09-28
100.0,1,16,2029-01-20,2026-09-28
105.0,0,197,2029-01-20,2026-09-28
110.0,0,1,2029-01-20,2026-09-28
115.0,0,1,2029-01-20,2026-09-28
120.0,0,2,2029-01-20,2026-09-28
125.0,0,0,2029-01-20,2026-09-28
130.0,0,0,2029-01-20,2026-09-28
135.0,0,10,2029-01-20,2026-09-28
140.0,1,10,2029-01-20,2026-09-28
145.0,0,0,2029-01-20,2026-09-28
150.0,1,8,2029-01-20,2026-09-28
160.0,0,1,2029-01-20,2026-09-28
165.0,0,0,2029-01-20,2026-09-28
170.0,0,0,2029-01-20,2026-09-28
175.0,2,1,2029-01-20,2026-09-28
180.0,11,0,2029-01-20,2026-09-28
185.0,0,0,2029-01-20,2026-09-28
190.0,0,1,2029-01-20,2026-09-28
195.0,0,0,2029-01-20,2026-09-28
200.0,5,30,2029-01-20,2026-09-28
210.0,1,3,2029-01-20,2026-09-28
220.0,0,5,2029-01-20,2026-09-28
230.0,1,2,2029-01-20,2026-09-28
240.0,1,0,2029-01-20,2026-09-28
250.0,2,2,2029-01-20,2026-09-28
260.0,0,0,2029-01-20,2026-09-28
270.0,0,1,2029-01-20,2026-09-28
280.0,0,16,2029-01-20,2026-09-28
290.0,0,11,2029-01-20,2026-09-28
300.0,1,1,2029-01-20,2026-09-28
310.0,3,0,2029-01-20,2026-09-28
320.0,0,0,2029-01-20,2026-09-28
330.0,0,2,2029-01-20,2026-09-28
340.0,1,0,2029-01-20,2026-09-28
350.0,0,2,2029-01-20,2026-09-28
360.0,1,1,2029-01-20,2026-09-28
370.0,0,0,2029-01-20,2026-09-28
380.0,2,2,2029-01-20,2026-09-28
390.0,0,0,2029-01-20,2026-09-28
400.0,4,28,2029-01-20,2026-09-28
410.0,0,1,2029-01-20,2026-09-28
420.0,1,1,2029-01-20,2026-09-28
430.0,0,2,2029-01-20,2026-09-28
440.0,0,7,2029-01-20,2026-09-28
450.0,0,20,2029-01-20,2026-09-28
460.0,0,4,2029-01-20,2026-09-28
470.0,1,2,2029-01-20,2026-09-28
480.0,0,2,2029-01-20,2026-09-28
490.0,0,3,2029-01-20,2026-09-28
500.0,14,18,2029-01-20,2026-09-28
510.0,0,5,2029-01-20,2026-09-28
520.0,0,7,2029-01-20,2026-09-28
530.0,0,2,2029-01-20,2026-09-28
540.0,0,4,2029-01-20,2026-09-28
550.0,3,25,2029-01-20,2026-09-28
560.0,1,2,2029-01-20,2026-09-28
570.0,0,2,2029-01-20,2026-09-28
580.0,3,2,2029-01-20,2026-09-28
590.0,2,12,2029-01-20,2026-09-28
600.0,1,21,2029-01-20,2026-09-28
610.0,1,0,2029-01-20,2026-09-28
620.0,0,8,2029-01-20,2026-09-28
630.0,0,2,2029-01-20,2026-09-28
640.0,2,5,2029-01-20,2026-09-28
650.0,0,15,2029-01-20,2026-09-28
660.0,0,20,2029-01-20,2026-09-28
670.0,0,0,2029-01-20,2026-09-28
680.0,1,0,2029-01-20,2026-09-28
690.0,1,6,2029-01-20,2026-09-28
700.0,22,23,2029-01-20,2026-09-28
710.0,1,10,2029-01-20,2026-09-28
720.0,12,3,2029-01-20,2026-09-28
730.0,3,2,2029-01-20,2026-09-28
740.0,9,3,2029-01-20,2026-09-28
750.0,8,8,2029-01-20,2026-09-28
760.0,6,9,2029-01-20,2026-09-28
770.0,5,7,2029-01-20,2026-09-28
780.0,3,0,2029-01-20,2026-09-28
790.0,0,18,2029-01-20,2026-09-28
800.0,115,12,2029-01-20,2026-09-28
810.0,1,4,2029-01-20,2026-09-28
820.0,0,5,2029-01-20,2026-09-28
830.0,12,27,2029-01-20,2026-09-28
840.0,4,31,2029-01-20,2026-09-28
850.0,19,5,2029-01-20,2026-09-28
860.0,8,13,2029-01-20,2026-09-28
870.0,2,11,2029-01-20,2026-09-28
880.0,4,5,2029-01-20,2026-09-28
890.0,1,1,2029-01-20,2026-09-28
900.0,145,129,2029-01-20,2026-09-28
910.0,2,26,2029-01-20,2026-09-28
920.0,12,7,2029-01-20,2026-09-28
930.0,28,8,2029-01-20,2026-09-28
940.0,7,4,2029-01-20,2026-09-28
950.0,17,4,2029-01-20,2026-09-28
960.0,4,0,2029-01-20,2026-09-28
970.0,4,1,2029-01-20,2026-09-28
980.0,14,3,2029-01-20,2026-09-28
990.0,4,4,2029-01-20,2026-09-28
1000.0,38,38,2029-01-20,2026-09-28
1010.0,1,0,2029-01-20,2026-09-28
1020.0,6,0,2029-01-20,2026-09-28
1030.0,29,30,2029-01-20,2026-09-28
1040.0,11,6,2029-01-20,2026-09-28
1050.0,23,38,2029-01-20,2026-09-28
1060.0,18,1,2029-01-20,2026-09-28
1070.0,4,6,2029-01-20,2026-09-28
1080.0,17,36,2029-01-20,2026-09-28
1090.0,14,30,2029-01-20,2026-09-28
1100.0,39,68,2029-01-20,2026-09-28
1110.0,5,0,2029-01-20,2026-09-28
1120.0,0,9,2029-01-20,2026-09-28
1130.0,27,41,2029-01-20,2026-09-28
1140.0,0,0,2029-01-20,2026-09-28
1150.0,9,13,2029-01-20,2026-09-28
1160.0,3,0,2029-01-20,2026-09-28
1170.0,5,1,2029-01-20,2026-09-28
1180.0,1,1,2029-01-20,2026-09-28
1190.0,2,18,2029-01-20,2026-09-28
1200.0,137,19,2029-01-20,2026-09-28
1210.0,4,0,2029-01-20,2026-09-28
1220.0,7,1,2029-01-20,2026-09-28
1230.0,1,1,2029-01-20,2026-09-28
1240.0,4,0,2029-01-20,2026-09-28
1250.0,13,41,2029-01-20,2026-09-28
1260.0,0,1,2029-01-20,2026-09-28
1270.0,3,0,2029-01-20,2026-09-28
1280.0,0,0,2029-01-20,2026-09-28
1290.0,0,1,2029-01-20,2026-09-28
1300.0,119,54,2029-01-20,2026-09-28
1310.0,0,0,2029-01-20,2026-09-28
1320.0,2,0,2029-01-20,2026-09-28
1330.0,9,1,2029-01-20,2026-09-28
1340.0,0,0,2029-01-20,2026-09-28
1350.0,3,0,2029-01-20,2026-09-28
1360.0,0,0,2029-01-20,2026-09-28
1370.0,3,0,2029-01-20,2026-09-28
1380.0,0,1,2029-01-20,2026-09-28
1390.0,1,0,2029-01-20,2026-09-28
1400.0,50,22,2029-01-20,2026-09-28
1410.0,3,0,2029-01-20,2026-09-28
1420.0,0,1,2029-01-20,2026-09-28
1430.0,3,0,2029-01-20,2026-09-28
1440.0,4,23,2029-01-20,2026-09-28
1450.0,48,0,2029-01-20,2026-09-28
1460.0,51,0,2029-01-20,2026-09-28
1470.0,4,0,2029-01-20,2026-09-28
1480.0,1,0,2029-01-20,2026-09-28
1490.0,3,18,2029-01-20,2026-09-28
1500.0,11,47,2029-01-20,2026-09-28
1510.0,3,0,2029-01-20,2026-09-28
1520.0,4,0,2029-01-20,2026-09-28
1530.0,0,0,2029-01-20,2026-09-28
1540.0,5,47,2029-01-20,2026-09-28
1550.0,176,0,2029-01-20,2026-09-28
1560.0,29,1,2029-01-20,2026-09-28
1570.0,0,29,2029-01-20,2026-09-28
1580.0,3,2,2029-01-20,2026-09-28
1590.0,0,1,2029-01-20,2026-09-28
1600.0,87,4,2029-01-20,2026-09-28
1610.0,0,0,2029-01-20,2026-09-28
1620.0,12,0,2029-01-20,2026-09-28
1630.0,0,0,2029-01-20,2026-09-28
1640.0,15,3,2029-01-20,2026-09-28
1650.0,178,1,2029-01-20,2026-09-28
1660.0,60,1,2029-01-20,2026-09-28
1670.0,2,30,2029-01-20,2026-09-28
1680.0,7,2,2029-01-20,2026-09-28
1690.0,175,0,2029-01-20,2026-09-28
1700.0,94,1,2029-01-20,2026-09-28
1710.0,1,29,2029-01-20,2026-09-28
1720.0,4,2,2029-01-20,2026-09-28
1730.0,3,0,2029-01-20,2026-09-28
1740.0,67,47,2029-01-20,2026-09-28
1750.0,2,4,2029-01-20,2026-09-28
1760.0,0,0,2029-01-20,2026-09-28
1770.0,1,0,2029-01-20,2026-09-28
1780.0,6,0,2029-01-20,2026-09-28
1790.0,176,0,2029-01-20,2026-09-28
1800.0,36,1,2029-01-20,2026-09-28
1810.0,14,34,2029-01-20,2026-09-28
1820.0,14,2,2029-01-20,2026-09-28
1840.0,151,28,2029-01-20,2026-09-28
