Strike,Call,Put,Expiry,Date
756.0,0,7,2026-10-01,2026-09-30
1215.0,7,0,2026-10-01,2026-09-30
5.0,20,23,2026-10-03,2026-09-30
10.0,10,6,2026-10-03,2026-09-30
15.0,10,0,2026-10-03,2026-09-30
20.0,16,0,2026-10-03,2026-09-30
25.0,10,1,2026-10-03,2026-09-30
30.0,5,0,2026-10-03,2026-09-30
35.0,11,0,2026-10-03,2026-09-30
40.0,10,0,2026-10-03,2026-09-30
45.0,5,0,2026-10-03,2026-09-30
50.0,10,0,2026-10-03,2026-09-30
55.0,0,0,2026-10-03,2026-09-30
60.0,0,0,2026-10-03,2026-09-30
65.0,0,0,2026-10-03,2026-09-30
70.0,0,0,2026-10-03,2026-09-30
75.0,1,0,2026-10-03,2026-09-30
80.0,2,0,2026-10-03,2026-09-30
85.0,0,0,2026-10-03,2026-09-30
90.0,0,1001,2026-10-03,2026-09-30
95.0,0,988,2026-10-03,2026-09-30
100.0,11,1029,2026-10-03,2026-09-30
105.0,0,11,2026-10-03,2026-09-30
110.0,0,0,2026-10-03,2026-09-30
115.0,0,4,2026-10-03,2026-09-30
120.0,3,0,2026-10-03,2026-09-30
125.0,0,0,2026-10-03,2026-09-30
130.0,3,1,2026-10-03,2026-09-30
135.0,20,2,2026-10-03,2026-09-30
140.0,0,0,2026-10-03,2026-09-30
145.0,0,0,2026-10-03,2026-09-30
150.0,0,2,2026-10-03,2026-09-30
155.0,0,0,2026-10-03,2026-09-30
160.0,0,0,2026-10-03,2026-09-30
165.0,0,0,2026-10-03,2026-09-30
170.0,0,0,2026-10-03,2026-09-30
175.0,0,5,2026-10-03,2026-09-30
180.0,0,0,2026-10-03,2026-09-30
185.0,0,0,2026-10-03,2026-09-30
190.0,1,0,2026-10-03,2026-09-30
195.0,0,0,2026-10-03,2026-09-30
200.0,45,21618,2026-10-03,2026-09-30
205.0,0,826,2026-10-03,2026-09-30
210.0,0,952,2026-10-03,2026-09-30
215.0,0,493,2026-10-03,2026-09-30
220.0,0,292,2026-10-03,2026-09-30
225.0,0,72,2026-10-03,2026-09-30
230.0,0,144,2026-10-03,2026-09-30
235.0,0,99,2026-10-03,2026-09-30
240.0,0,155,2026-10-03,2026-09-30
245.0,0,131,2026-10-03,2026-09-30
250.0,0,96,2026-10-03,2026-09-30
255.0,0,68,2026-10-03,2026-09-30
260.0,0,41,2026-10-03,2026-09-30
265.0,0,60,2026-10-03,2026-09-30
270.0,0,79,2026-10-03,2026-09-30
275.0,0,101,2026-10-03,2026-09-30
280.0,0,88,2026-10-03,2026-09-30
285.0,0,159,2026-10-03,2026-09-30
290.0,1,183,2026-10-03,2026-09-30
295.0,0,238,2026-10-03,2026-09-30
300.0,30,133,2026-10-03,2026-09-30
305.0,0,1190,2026-10-03,2026-09-30
310.0,0,243,2026-10-03,2026-09-30
315.0,0,108,2026-10-03,2026-09-30
320.0,0,171,2026-10-03,2026-09-30
325.0,0,103,2026-10-03,2026-09-30
330.0,0,185,2026-10-03,2026-09-30
335.0,0,75,2026-10-03,2026-09-30
340.0,0,391,2026-10-03,2026-09-30
345.0,0,399,2026-10-03,2026-09-30
350.0,0,239,2026-10-03,2026-09-30
355.0,0,132,2026-10-03,2026-09-30
360.0,0,202,2026-10-03,2026-09-30
365.0,0,117,2026-10-03,2026-09-30
370.0,2,74,2026-10-03,2026-09-30
375.0,0,86,2026-10-03,2026-09-30
380.0,16,129,2026-10-03,2026-09-30
385.0,0,96,2026-10-03,2026-09-30
390.0,1,122,2026-10-03,2026-09-30
395.0,0,378,2026-10-03,2026-09-30
400.0,3,287,2026-10-03,2026-09-30
405.0,0,104,2026-10-03,2026-09-30
410.0,0,97,2026-10-03,2026-09-30
415.0,0,81,2026-10-03,2026-09-30
420.0,0,357,2026-10-03,2026-09-30
425.0,0,45,2026-10-03,2026-09-30
430.0,3,72,2026-10-03,2026-09-30
435.0,0,42,2026-10-03,2026-09-30
440.0,10,127,2026-10-03,2026-09-30
445.0,0,114,2026-10-03,2026-09-30
450.0,2,695,2026-10-03,2026-09-30
455.0,0,46,2026-10-03,2026-09-30
460.0,1,684,2026-10-03,2026-09-30
465.0,0,923,2026-10-03,2026-09-30
470.0,2,75,2026-10-03,2026-09-30
475.0,1,71,2026-10-03,2026-09-30
480.0,0,229,2026-10-03,2026-09-30
485.0,0,240,2026-10-03,2026-09-30
490.0,4,129,2026-10-03,2026-09-30
495.0,3,82,2026-10-03,2026-09-30
500.0,75,1386,2026-10-03,2026-09-30
505.0,26,281,2026-10-03,2026-09-30
510.0,15,234,2026-10-03,2026-09-30
515.0,0,117,2026-10-03,2026-09-30
520.0,6,396,2026-10-03,2026-09-30
525.0,0,130,2026-10-03,2026-09-30
530.0,2,399,2026-10-03,2026-09-30
535.0,0,150,2026-10-03,2026-09-30
540.0,11,20082,2026-10-03,2026-09-30
545.0,2,71,2026-10-03,2026-09-30
550.0,2,80,2026-10-03,2026-09-30
555.0,1,469,2026-10-03,2026-09-30
560.0,0,711,2026-10-03,2026-09-30
565.0,0,372,2026-10-03,2026-09-30
570.0,2,76,2026-10-03,2026-09-30
575.0,0,307,2026-10-03,2026-09-30
580.0,1,699,2026-10-03,2026-09-30
585.0,1,594,2026-10-03,2026-09-30
590.0,4,122,2026-10-03,2026-09-30
595.0,0,206,2026-10-03,2026-09-30
600.0,11,19951,2026-10-03,2026-09-30
605.0,0,103,2026-10-03,2026-09-30
610.0,11,77,2026-10-03,2026-09-30
615.0,0,127,2026-10-03,2026-09-30
620.0,4,3075,2026-10-03,2026-09-30
625.0,1,359,2026-10-03,2026-09-30
630.0,1,814,2026-10-03,2026-09-30
635.0,3,129,2026-10-03,2026-09-30
640.0,0,244,2026-10-03,2026-09-30
645.0,0,92,2026-10-03,2026-09-30
650.0,35,10459,2026-10-03,2026-09-30
655.0,1,667,2026-10-03,2026-09-30
660.0,2,868,2026-10-03,2026-09-30
665.0,0,2624,2026-10-03,2026-09-30
670.0,2,392,2026-10-03,2026-09-30
675.0,1,272,2026-10-03,2026-09-30
680.0,1,350,2026-10-03,2026-09-30
685.0,17,481,2026-10-03,2026-09-30
690.0,16,187,2026-10-03,2026-09-30
695.0,11,558,2026-10-03,2026-09-30
700.0,12,1715,2026-10-03,2026-09-30
702.5,0,24,2026-10-03,2026-09-30
705.0,12,77,2026-10-03,2026-09-30
707.5,0,20,2026-10-03,2026-09-30
710.0,3,411,2026-10-03,2026-09-30
712.5,0,7,2026-10-03,2026-09-30
715.0,1,172,2026-10-03,2026-09-30
717.5,0,47,2026-10-03,2026-09-30
720.0,2,1260,2026-10-03,2026-09-30
722.5,2,52,2026-10-03,2026-09-30
725.0,9,355,2026-10-03,2026-09-30
727.5,0,46,2026-10-03,2026-09-30
730.0,1,939,2026-10-03,2026-09-30
732.5,0,39,2026-10-03,2026-09-30
735.0,2,226,2026-10-03,2026-09-30
737.5,0,36,2026-10-03,2026-09-30
740.0,3,475,2026-10-03,2026-09-30
742.5,0,22,2026-10-03,2026-09-30
745.0,2,129,2026-10-03,2026-09-30
747.5,2,84,2026-10-03,2026-09-30
750.0,294,3997,2026-10-03,2026-09-30
755.0,1,109,2026-10-03,2026-09-30
760.0,11,308,2026-10-03,2026-09-30
765.0,2,132,2026-10-03,2026-09-30
770.0,4,718,2026-10-03,2026-09-30
775.0,8,183,2026-10-03,2026-09-30
780.0,18,1959,2026-10-03,2026-09-30
785.0,6,206,2026-10-03,2026-09-30
790.0,10,469,2026-10-03,2026-09-30
795.0,51,337,2026-10-03,2026-09-30
800.0,2059,4010,2026-10-03,2026-09-30
805.0,6,385,2026-10-03,2026-09-30
810.0,1021,281,2026-10-03,2026-09-30
815.0,82,133,2026-10-03,2026-09-30
820.0,158,464,2026-10-03,2026-09-30
825.0,25,341,2026-10-03,2026-09-30
830.0,47,763,2026-10-03,2026-09-30
835.0,8,350,2026-10-03,2026-09-30
840.0,33,629,2026-10-03,2026-09-30
845.0,140,174,2026-10-03,2026-09-30
850.0,167,2014,2026-10-03,2026-09-30
855.0,27,510,2026-10-03,2026-09-30
860.0,30,668,2026-10-03,2026-09-30
865.0,117,265,2026-10-03,2026-09-30
870.0,48,672,2026-10-03,2026-09-30
875.0,115,697,2026-10-03,2026-09-30
880.0,80,1097,2026-10-03,2026-09-30
885.0,49,943,2026-10-03,2026-09-30
890.0,130,1848,2026-10-03,2026-09-30
895.0,109,659,2026-10-03,2026-09-30
900.0,715,3947,2026-10-03,2026-09-30
905.0,58,1071,2026-10-03,2026-09-30
910.0,1269,1990,2026-10-03,2026-09-30
915.0,114,971,2026-10-03,2026-09-30
920.0,750,1740,2026-10-03,2026-09-30
925.0,594,1257,2026-10-03,2026-09-30
930.0,538,2451,2026-10-03,2026-09-30
935.0,2795,2795,2026-10-03,2026-09-30
935.0,152,891,2026-10-03,2026-09-30
940.0,452,1673,2026-10-03,2026-09-30
945.0,124,667,2026-10-03,2026-09-30
950.0,1600,1600,2026-10-03,2026-09-30
950.0,1066,4019,2026-10-03,2026-09-30
952.5,12,328,2026-10-03,2026-09-30
955.0,219,490,2026-10-03,2026-09-30
957.5,34,182,2026-10-03,2026-09-30
960.0,760,1523,2026-10-03,2026-09-30
965.0,257,1038,2026-10-03,2026-09-30
970.0,1411,1287,2026-10-03,2026-09-30
975.0,330,1515,2026-10-03,2026-09-30
980.0,1687,2051,2026-10-03,2026-09-30
985.0,365,777,2026-10-03,2026-09-30
990.0,2000,2000,2026-10-03,2026-09-30
990.0,682,2232,2026-10-03,2026-09-30
995.0,339,782,2026-10-03,2026-09-30
1000.0,150,150,2026-10-03,2026-09-30
1000.0,3702,6331,2026-10-03,2026-09-30
1005.0,369,698,2026-10-03,2026-09-30
1010.0,575,1812,2026-10-03,2026-09-30
1015.0,651,908,2026-10-03,2026-09-30
1020.0,816,1237,2026-10-03,2026-09-30
1025.0,597,784,2026-10-03,2026-09-30
1030.0,1013,912,2026-10-03,2026-09-30
1035.0,678,547,2026-10-03,2026-09-30
1040.0,911,1175,2026-10-03,2026-09-30
1045.0,716,649,2026-10-03,2026-09-30
1050.0,4954,3352,2026-10-03,2026-09-30
1055.0,750,750,2026-10-03,2026-09-30
1055.0,814,612,2026-10-03,2026-09-30
1060.0,3663,1424,2026-10-03,2026-09-30
1062.5,408,192,2026-10-03,2026-09-30
1065.0,1132,479,2026-10-03,2026-09-30
1067.5,484,183,2026-10-03,2026-09-30
1070.0,2154,1416,2026-10-03,2026-09-30
1072.5,521,510,2026-10-03,2026-09-30
1075.0,1490,541,2026-10-03,2026-09-30
1077.5,319,172,2026-10-03,2026-09-30
1080.0,2752,1314,2026-10-03,2026-09-30
1082.5,396,177,2026-10-03,2026-09-30
1085.0,1035,813,2026-10-03,2026-09-30
1090.0,1380,280,2026-10-03,2026-09-30
1095.0,1131,300,2026-10-03,2026-09-30
1100.0,11890,3161,2026-10-03,2026-09-30
1105.0,696,79,2026-10-03,2026-09-30
1110.0,3018,114,2026-10-03,2026-09-30
1115.0,769,50,2026-10-03,2026-09-30
1120.0,1602,90,2026-10-03,2026-09-30
1125.0,934,44,2026-10-03,2026-09-30
1130.0,938,152,2026-10-03,2026-09-30
1135.0,506,30,2026-10-03,2026-09-30
1140.0,847,154,2026-10-03,2026-09-30
1145.0,755,30,2026-10-03,2026-09-30
1150.0,6056,418,2026-10-03,2026-09-30
1155.0,587,30,2026-10-03,2026-09-30
1160.0,947,151,2026-10-03,2026-09-30
1165.0,306,7,2026-10-03,2026-09-30
1170.0,1298,89,2026-10-03,2026-09-30
1175.0,1635,13,2026-10-03,2026-09-30
1180.0,956,37,2026-10-03,2026-09-30
1185.0,421,1,2026-10-03,2026-09-30
1190.0,457,11,2026-10-03,2026-09-30
1195.0,800,7,2026-10-03,2026-09-30
1200.0,9630,386,2026-10-03,2026-09-30
1205.0,350,3,2026-10-03,2026-09-30
1210.0,1403,4,2026-10-03,2026-09-30
1215.0,630,0,2026-10-03,2026-09-30
1220.0,807,19,2026-10-03,2026-09-30
1225.0,2858,4,2026-10-03,2026-09-30
1230.0,550,1,2026-10-03,2026-09-30
1235.0,258,16,2026-10-03,2026-09-30
1240.0,2565,12,2026-10-03,2026-09-30
1245.0,223,0,2026-10-03,2026-09-30
1250.0,4477,39,2026-10-03,2026-09-30
1255.0,186,0,2026-10-03,2026-09-30
1260.0,1230,8,2026-10-03,2026-09-30
1265.0,599,0,2026-10-03,2026-09-30
1270.0,346,4,2026-10-03,2026-09-30
1275.0,824,9,2026-10-03,2026-09-30
1280.0,466,14,2026-10-03,2026-09-30
1285.0,243,0,2026-10-03,2026-09-30
1290.0,821,15,2026-10-03,2026-09-30
1295.0,419,0,2026-10-03,2026-09-30
1300.0,20,0,2026-10-03,2026-09-30
1300.0,4129,16,2026-10-03,2026-09-30
1305.0,252,5,2026-10-03,2026-09-30
1310.0,652,1,2026-10-03,2026-09-30
1315.0,148,0,2026-10-03,2026-09-30
1320.0,274,0,2026-10-03,2026-09-30
1325.0,300,0,2026-10-03,2026-09-30
1330.0,443,0,2026-10-03,2026-09-30
1335.0,87,0,2026-10-03,2026-09-30
1340.0,258,0,2026-10-03,2026-09-30
1345.0,149,0,2026-10-03,2026-09-30
1350.0,1986,0,2026-10-03,2026-09-30
1355.0,192,0,2026-10-03,2026-09-30
1360.0,312,0,2026-10-03,2026-09-30
1365.0,260,0,2026-10-03,2026-09-30
1370.0,797,1,2026-10-03,2026-09-30
1375.0,197,0,2026-10-03,2026-09-30
1380.0,589,0,2026-10-03,2026-09-30
1385.0,168,0,2026-10-03,2026-09-30
1390.0,280,1,2026-10-03,2026-09-30
1395.0,180,0,2026-10-03,2026-09-30
1400.0,2825,20,2026-10-03,2026-09-30
1405.0,43,0,2026-10-03,2026-09-30
1410.0,20,0,2026-10-03,2026-09-30
1410.0,193,4,2026-10-03,2026-09-30
1415.0,27,0,2026-10-03,2026-09-30
1420.0,365,0,2026-10-03,2026-09-30
1425.0,144,0,2026-10-03,2026-09-30
1430.0,2280,0,2026-10-03,2026-09-30
1435.0,13,10,2026-10-03,2026-09-30
1440.0,702,15,2026-10-03,2026-09-30
1445.0,273,9,2026-10-03,2026-09-30
1450.0,1671,10,2026-10-03,2026-09-30
1460.0,912,0,2026-10-03,2026-09-30
1470.0,870,0,2026-10-03,2026-09-30
1480.0,686,0,2026-10-03,2026-09-30
1490.0,409,0,2026-10-03,2026-09-30
1500.0,3089,0,2026-10-03,2026-09-30
1510.0,364,0,2026-10-03,2026-09-30
1520.0,449,0,2026-10-03,2026-09-30
1530.0,53,0,2026-10-03,2026-09-30
1540.0,146,0,2026-10-03,2026-09-30
1550.0,513,0,2026-10-03,2026-09-30
1560.0,194,0,2026-10-03,2026-09-30
1570.0,63,0,2026-10-03,2026-09-30
1580.0,303,0,2026-10-03,2026-09-30
1590.0,69,0,2026-10-03,2026-09-30
1600.0,637,0,2026-10-03,2026-09-30
1610.0,257,0,2026-10-03,2026-09-30
1620.0,87,0,2026-10-03,2026-09-30
1630.0,82,0,2026-10-03,2026-09-30
1640.0,399,0,2026-10-03,2026-09-30
1650.0,428,0,2026-10-03,2026-09-30
1660.0,390,0,2026-10-03,2026-09-30
1670.0,393,0,2026-10-03,2026-09-30
1680.0,53,0,2026-10-03,2026-09-30
1690.0,297,0,2026-10-03,2026-09-30
1700.0,1119,1,2026-10-03,2026-09-30
1710.0,228,0,2026-10-03,2026-09-30
1720.0,414,0,2026-10-03,2026-09-30
1730.0,3209,0,2026-10-03,2026-09-30
600.0,36,36,2026-10-06,2026-09-30
610.0,23,9,2026-10-06,2026-09-30
620.0,20,12,2026-10-06,2026-09-30
630.0,20,8,2026-10-06,2026-09-30
640.0,20,16,2026-10-06,2026-09-30
650.0,25,26,2026-10-06,2026-09-30
660.0,16,4,2026-10-06,2026-09-30
670.0,15,536,2026-10-06,2026-09-30
680.0,5,805,2026-10-06,2026-09-30
690.0,8,41,2026-10-06,2026-09-30
700.0,2,29,2026-10-06,2026-09-30
710.0,5,1,2026-10-06,2026-09-30
720.0,0,18,2026-10-06,2026-09-30
730.0,1,64,2026-10-06,2026-09-30
740.0,3,32,2026-10-06,2026-09-30
750.0,2,107,2026-10-06,2026-09-30
760.0,0,6,2026-10-06,2026-09-30
770.0,1,11,2026-10-06,2026-09-30
775.0,12,16,2026-10-06,2026-09-30
780.0,9,18,2026-10-06,2026-09-30
785.0,5,14,2026-10-06,2026-09-30
790.0,9,21,2026-10-06,2026-09-30
795.0,10,7,2026-10-06,2026-09-30
800.0,7,49,2026-10-06,2026-09-30
805.0,20,15,2026-10-06,2026-09-30
810.0,11,5,2026-10-06,2026-09-30
815.0,9,20,2026-10-06,2026-09-30
820.0,10,26,2026-10-06,2026-09-30
825.0,10,23,2026-10-06,2026-09-30
830.0,15,13,2026-10-06,2026-09-30
835.0,12,10,2026-10-06,2026-09-30
840.0,11,20,2026-10-06,2026-09-30
845.0,10,9,2026-10-06,2026-09-30
850.0,100,37,2026-10-06,2026-09-30
855.0,10,19,2026-10-06,2026-09-30
860.0,5,47,2026-10-06,2026-09-30
865.0,4,47,2026-10-06,2026-09-30
870.0,1,79,2026-10-06,2026-09-30
875.0,0,327,2026-10-06,2026-09-30
880.0,1,63,2026-10-06,2026-09-30
885.0,0,27,2026-10-06,2026-09-30
890.0,1,55,2026-10-06,2026-09-30
895.0,0,34,2026-10-06,2026-09-30
900.0,22,577,2026-10-06,2026-09-30
905.0,3,70,2026-10-06,2026-09-30
910.0,1,47,2026-10-06,2026-09-30
915.0,4,70,2026-10-06,2026-09-30
920.0,11,192,2026-10-06,2026-09-30
925.0,5,186,2026-10-06,2026-09-30
930.0,0,95,2026-10-06,2026-09-30
935.0,2,50,2026-10-06,2026-09-30
940.0,12,151,2026-10-06,2026-09-30
945.0,35,70,2026-10-06,2026-09-30
950.0,35,760,2026-10-06,2026-09-30
955.0,0,114,2026-10-06,2026-09-30
960.0,30,279,2026-10-06,2026-09-30
965.0,2,104,2026-10-06,2026-09-30
970.0,33,128,2026-10-06,2026-09-30
975.0,7,92,2026-10-06,2026-09-30
980.0,10,178,2026-10-06,2026-09-30
985.0,17,78,2026-10-06,2026-09-30
990.0,27,124,2026-10-06,2026-09-30
995.0,8,67,2026-10-06,2026-09-30
1000.0,121,599,2026-10-06,2026-09-30
1005.0,19,41,2026-10-06,2026-09-30
1010.0,46,158,2026-10-06,2026-09-30
1015.0,41,57,2026-10-06,2026-09-30
1020.0,30,417,2026-10-06,2026-09-30
1025.0,54,85,2026-10-06,2026-09-30
1030.0,49,77,2026-10-06,2026-09-30
1035.0,25,136,2026-10-06,2026-09-30
1040.0,198,122,2026-10-06,2026-09-30
1045.0,86,63,2026-10-06,2026-09-30
1050.0,2850,2850,2026-10-06,2026-09-30
1050.0,347,275,2026-10-06,2026-09-30
1055.0,205,161,2026-10-06,2026-09-30
1060.0,900,672,2026-10-06,2026-09-30
1065.0,393,106,2026-10-06,2026-09-30
1070.0,340,134,2026-10-06,2026-09-30
1075.0,745,140,2026-10-06,2026-09-30
1080.0,340,169,2026-10-06,2026-09-30
1085.0,148,62,2026-10-06,2026-09-30
1090.0,219,55,2026-10-06,2026-09-30
1095.0,94,15,2026-10-06,2026-09-30
1100.0,1479,492,2026-10-06,2026-09-30
1105.0,76,21,2026-10-06,2026-09-30
1110.0,118,12,2026-10-06,2026-09-30
1115.0,58,21,2026-10-06,2026-09-30
1120.0,87,12,2026-10-06,2026-09-30
1125.0,140,18,2026-10-06,2026-09-30
1130.0,158,11,2026-10-06,2026-09-30
1135.0,21,3,2026-10-06,2026-09-30
1140.0,98,19,2026-10-06,2026-09-30
1145.0,48,4,2026-10-06,2026-09-30
1150.0,665,42,2026-10-06,2026-09-30
1155.0,94,4,2026-10-06,2026-09-30
1160.0,141,4,2026-10-06,2026-09-30
1165.0,162,2,2026-10-06,2026-09-30
1170.0,156,1,2026-10-06,2026-09-30
1175.0,49,5,2026-10-06,2026-09-30
1180.0,72,1,2026-10-06,2026-09-30
1185.0,833,9,2026-10-06,2026-09-30
1190.0,424,0,2026-10-06,2026-09-30
1195.0,21,0,2026-10-06,2026-09-30
1200.0,1113,26,2026-10-06,2026-09-30
1205.0,45,0,2026-10-06,2026-09-30
1210.0,35,0,2026-10-06,2026-09-30
1215.0,36,0,2026-10-06,2026-09-30
1220.0,93,1,2026-10-06,2026-09-30
1225.0,30,4,2026-10-06,2026-09-30
1230.0,80,2,2026-10-06,2026-09-30
1235.0,25,0,2026-10-06,2026-09-30
1240.0,85,1,2026-10-06,2026-09-30
1245.0,42,0,2026-10-06,2026-09-30
1250.0,146,10,2026-10-06,2026-09-30
1255.0,58,0,2026-10-06,2026-09-30
1260.0,154,0,2026-10-06,2026-09-30
1265.0,46,0,2026-10-06,2026-09-30
1270.0,18,1,2026-10-06,2026-09-30
1275.0,65,0,2026-10-06,2026-09-30
1280.0,31,0,2026-10-06,2026-09-30
1285.0,43,0,2026-10-06,2026-09-30
1290.0,18,7,2026-10-06,2026-09-30
1295.0,31,0,2026-10-06,2026-09-30
1300.0,281,14,2026-10-06,2026-09-30
1305.0,18,0,2026-10-06,2026-09-30
1310.0,757,0,2026-10-06,2026-09-30
1315.0,16,0,2026-10-06,2026-09-30
1320.0,33,0,2026-10-06,2026-09-30
1325.0,14,0,2026-10-06,2026-09-30
1330.0,12,0,2026-10-06,2026-09-30
1335.0,7,0,2026-10-06,2026-09-30
1340.0,13,0,2026-10-06,2026-09-30
1345.0,10,0,2026-10-06,2026-09-30
1350.0,166,0,2026-10-06,2026-09-30
1355.0,10,0,2026-10-06,2026-09-30
1360.0,8,0,2026-10-06,2026-09-30
1365.0,20,0,2026-10-06,2026-09-30
1370.0,14,0,2026-10-06,2026-09-30
1375.0,5,0,2026-10-06,2026-09-30
1380.0,25,10,2026-10-06,2026-09-30
1385.0,7,0,2026-10-06,2026-09-30
1390.0,7,0,2026-10-06,2026-09-30
1395.0,22,0,2026-10-06,2026-09-30
1400.0,407,20,2026-10-06,2026-09-30
1405.0,4,0,2026-10-06,2026-09-30
1410.0,1,0,2026-10-06,2026-09-30
1415.0,2,0,2026-10-06,2026-09-30
1420.0,15,0,2026-10-06,2026-09-30
1425.0,0,0,2026-10-06,2026-09-30
1430.0,14,0,2026-10-06,2026-09-30
1435.0,3,0,2026-10-06,2026-09-30
1440.0,23,0,2026-10-06,2026-09-30
1445.0,29,0,2026-10-06,2026-09-30
1450.0,209,10,2026-10-06,2026-09-30
940.0,2600,2600,2026-10-07,2026-09-30
600.0,0,12,2026-10-08,2026-09-30
610.0,0,3,2026-10-08,2026-09-30
620.0,0,1,2026-10-08,2026-09-30
630.0,0,8,2026-10-08,2026-09-30
640.0,0,1,2026-10-08,2026-09-30
650.0,0,10,2026-10-08,2026-09-30
660.0,0,3,2026-10-08,2026-09-30
670.0,0,0,2026-10-08,2026-09-30
680.0,0,0,2026-10-08,2026-09-30
690.0,0,1,2026-10-08,2026-09-30
700.0,0,0,2026-10-08,2026-09-30
710.0,0,0,2026-10-08,2026-09-30
720.0,0,2,2026-10-08,2026-09-30
730.0,0,3,2026-10-08,2026-09-30
740.0,0,4,2026-10-08,2026-09-30
750.0,0,47,2026-10-08,2026-09-30
760.0,0,24,2026-10-08,2026-09-30
770.0,2,23,2026-10-08,2026-09-30
775.0,0,19,2026-10-08,2026-09-30
780.0,0,12,2026-10-08,2026-09-30
785.0,0,13,2026-10-08,2026-09-30
790.0,0,39,2026-10-08,2026-09-30
795.0,2,2,2026-10-08,2026-09-30
800.0,0,7,2026-10-08,2026-09-30
805.0,0,1,2026-10-08,2026-09-30
810.0,0,1,2026-10-08,2026-09-30
815.0,0,1,2026-10-08,2026-09-30
820.0,0,2,2026-10-08,2026-09-30
825.0,0,40,2026-10-08,2026-09-30
830.0,0,22,2026-10-08,2026-09-30
835.0,0,1,2026-10-08,2026-09-30
840.0,0,5,2026-10-08,2026-09-30
845.0,0,10,2026-10-08,2026-09-30
850.0,0,15,2026-10-08,2026-09-30
855.0,0,3,2026-10-08,2026-09-30
860.0,0,2,2026-10-08,2026-09-30
865.0,0,3,2026-10-08,2026-09-30
870.0,0,9,2026-10-08,2026-09-30
875.0,0,12,2026-10-08,2026-09-30
880.0,0,18,2026-10-08,2026-09-30
885.0,0,9,2026-10-08,2026-09-30
890.0,0,23,2026-10-08,2026-09-30
895.0,0,11,2026-10-08,2026-09-30
900.0,10,130,2026-10-08,2026-09-30
905.0,2,23,2026-10-08,2026-09-30
910.0,0,5,2026-10-08,2026-09-30
915.0,0,26,2026-10-08,2026-09-30
920.0,1,87,2026-10-08,2026-09-30
925.0,0,29,2026-10-08,2026-09-30
930.0,0,76,2026-10-08,2026-09-30
935.0,0,21,2026-10-08,2026-09-30
940.0,2,66,2026-10-08,2026-09-30
945.0,0,15,2026-10-08,2026-09-30
950.0,3,49,2026-10-08,2026-09-30
955.0,0,23,2026-10-08,2026-09-30
960.0,0,97,2026-10-08,2026-09-30
965.0,0,37,2026-10-08,2026-09-30
970.0,6,12,2026-10-08,2026-09-30
975.0,4,32,2026-10-08,2026-09-30
980.0,5,72,2026-10-08,2026-09-30
985.0,0,158,2026-10-08,2026-09-30
990.0,12,19,2026-10-08,2026-09-30
995.0,10,11,2026-10-08,2026-09-30
1000.0,24,233,2026-10-08,2026-09-30
1005.0,3,35,2026-10-08,2026-09-30
1010.0,10,21,2026-10-08,2026-09-30
1015.0,4,6,2026-10-08,2026-09-30
1020.0,74,60,2026-10-08,2026-09-30
1025.0,22,32,2026-10-08,2026-09-30
1030.0,17,69,2026-10-08,2026-09-30
1035.0,6,6,2026-10-08,2026-09-30
1040.0,36,96,2026-10-08,2026-09-30
1045.0,18,8,2026-10-08,2026-09-30
1050.0,238,89,2026-10-08,2026-09-30
1055.0,26,18,2026-10-08,2026-09-30
1060.0,52,19,2026-10-08,2026-09-30
1065.0,37,25,2026-10-08,2026-09-30
1070.0,100,40,2026-10-08,2026-09-30
1075.0,52,7,2026-10-08,2026-09-30
1080.0,62,41,2026-10-08,2026-09-30
1085.0,346,10,2026-10-08,2026-09-30
1090.0,65,12,2026-10-08,2026-09-30
1095.0,14,36,2026-10-08,2026-09-30
1100.0,153,52,2026-10-08,2026-09-30
1105.0,10,1,2026-10-08,2026-09-30
1110.0,94,30,2026-10-08,2026-09-30
1115.0,35,0,2026-10-08,2026-09-30
1120.0,22,5,2026-10-08,2026-09-30
1125.0,28,4,2026-10-08,2026-09-30
1130.0,30,0,2026-10-08,2026-09-30
1135.0,11,0,2026-10-08,2026-09-30
1140.0,50,2,2026-10-08,2026-09-30
1145.0,2,0,2026-10-08,2026-09-30
1150.0,78,5,2026-10-08,2026-09-30
1155.0,74,0,2026-10-08,2026-09-30
1160.0,72,0,2026-10-08,2026-09-30
1165.0,12,0,2026-10-08,2026-09-30
1170.0,66,0,2026-10-08,2026-09-30
1175.0,13,0,2026-10-08,2026-09-30
1180.0,74,2,2026-10-08,2026-09-30
1185.0,21,0,2026-10-08,2026-09-30
1190.0,50,0,2026-10-08,2026-09-30
1195.0,8,0,2026-10-08,2026-09-30
1200.0,195,2,2026-10-08,2026-09-30
1205.0,105,0,2026-10-08,2026-09-30
1210.0,11,0,2026-10-08,2026-09-30
1215.0,6,0,2026-10-08,2026-09-30
1220.0,20,0,2026-10-08,2026-09-30
1225.0,5,0,2026-10-08,2026-09-30
1230.0,10,2,2026-10-08,2026-09-30
1235.0,3,0,2026-10-08,2026-09-30
1240.0,40,0,2026-10-08,2026-09-30
1245.0,2,0,2026-10-08,2026-09-30
1250.0,22,0,2026-10-08,2026-09-30
1255.0,11,0,2026-10-08,2026-09-30
1260.0,4,0,2026-10-08,2026-09-30
1265.0,7,0,2026-10-08,2026-09-30
1270.0,61,0,2026-10-08,2026-09-30
1275.0,8,0,2026-10-08,2026-09-30
1280.0,55,0,2026-10-08,2026-09-30
1285.0,4,0,2026-10-08,2026-09-30
1290.0,12,0,2026-10-08,2026-09-30
1295.0,7,0,2026-10-08,2026-09-30
1300.0,49,0,2026-10-08,2026-09-30
1305.0,3,0,2026-10-08,2026-09-30
1310.0,4,0,2026-10-08,2026-09-30
1315.0,26,0,2026-10-08,2026-09-30
1320.0,9,0,2026-10-08,2026-09-30
1325.0,7,0,2026-10-08,2026-09-30
1330.0,41,0,2026-10-08,2026-09-30
1335.0,4,0,2026-10-08,2026-09-30
1340.0,2,0,2026-10-08,2026-09-30
1345.0,0,0,2026-10-08,2026-09-30
1350.0,5,0,2026-10-08,2026-09-30
1355.0,3,0,2026-10-08,2026-09-30
1360.0,4,0,2026-10-08,2026-09-30
1365.0,6,0,2026-10-08,2026-09-30
1370.0,2,0,2026-10-08,2026-09-30
1375.0,1,0,2026-10-08,2026-09-30
1380.0,1,0,2026-10-08,2026-09-30
1385.0,1,0,2026-10-08,2026-09-30
1390.0,0,0,2026-10-08,2026-09-30
1395.0,5,0,2026-10-08,2026-09-30
1400.0,24,0,2026-10-08,2026-09-30
1405.0,3,0,2026-10-08,2026-09-30
1410.0,0,0,2026-10-08,2026-09-30
1415.0,46,0,2026-10-08,2026-09-30
1420.0,2,0,2026-10-08,2026-09-30
1425.0,1,0,2026-10-08,2026-09-30
1430.0,1,0,2026-10-08,2026-09-30
1435.0,3,0,2026-10-08,2026-09-30
1440.0,7,0,2026-10-08,2026-09-30
1445.0,111,0,2026-10-08,2026-09-30
1450.0,126,0,2026-10-08,2026-09-30
1080.0,29,0,2026-10-09,2026-09-30
1284.21,1,0,2026-10-09,2026-09-30
5.0,20,3,2026-10-10,2026-09-30
10.0,0,0,2026-10-10,2026-09-30
15.0,0,0,2026-10-10,2026-09-30
20.0,0,0,2026-10-10,2026-09-30
25.0,0,0,2026-10-10,2026-09-30
30.0,0,0,2026-10-10,2026-09-30
35.0,0,1,2026-10-10,2026-09-30
40.0,0,0,2026-10-10,2026-09-30
45.0,0,0,2026-10-10,2026-09-30
50.0,0,0,2026-10-10,2026-09-30
55.0,0,0,2026-10-10,2026-09-30
60.0,0,0,2026-10-10,2026-09-30
65.0,0,0,2026-10-10,2026-09-30
70.0,0,0,2026-10-10,2026-09-30
75.0,0,0,2026-10-10,2026-09-30
80.0,0,0,2026-10-10,2026-09-30
85.0,0,0,2026-10-10,2026-09-30
90.0,1,0,2026-10-10,2026-09-30
95.0,0,0,2026-10-10,2026-09-30
100.0,0,0,2026-10-10,2026-09-30
105.0,0,0,2026-10-10,2026-09-30
110.0,0,0,2026-10-10,2026-09-30
115.0,0,0,2026-10-10,2026-09-30
120.0,0,0,2026-10-10,2026-09-30
125.0,0,0,2026-10-10,2026-09-30
130.0,0,0,2026-10-10,2026-09-30
135.0,0,0,2026-10-10,2026-09-30
140.0,0,0,2026-10-10,2026-09-30
145.0,0,0,2026-10-10,2026-09-30
150.0,0,0,2026-10-10,2026-09-30
155.0,0,0,2026-10-10,2026-09-30
160.0,0,0,2026-10-10,2026-09-30
165.0,0,0,2026-10-10,2026-09-30
170.0,0,0,2026-10-10,2026-09-30
175.0,0,0,2026-10-10,2026-09-30
180.0,0,0,2026-10-10,2026-09-30
185.0,0,0,2026-10-10,2026-09-30
190.0,1,0,2026-10-10,2026-09-30
195.0,0,0,2026-10-10,2026-09-30
200.0,0,4,2026-10-10,2026-09-30
205.0,0,2,2026-10-10,2026-09-30
210.0,1,2,2026-10-10,2026-09-30
215.0,0,1,2026-10-10,2026-09-30
220.0,0,4,2026-10-10,2026-09-30
225.0,0,10,2026-10-10,2026-09-30
230.0,0,19,2026-10-10,2026-09-30
235.0,0,7,2026-10-10,2026-09-30
240.0,0,13,2026-10-10,2026-09-30
245.0,5,24,2026-10-10,2026-09-30
250.0,0,24,2026-10-10,2026-09-30
255.0,0,47,2026-10-10,2026-09-30
260.0,1,24,2026-10-10,2026-09-30
265.0,0,76,2026-10-10,2026-09-30
270.0,0,108,2026-10-10,2026-09-30
275.0,0,54,2026-10-10,2026-09-30
280.0,0,132,2026-10-10,2026-09-30
285.0,0,310,2026-10-10,2026-09-30
290.0,1,166,2026-10-10,2026-09-30
295.0,0,92,2026-10-10,2026-09-30
300.0,1,278,2026-10-10,2026-09-30
305.0,0,22,2026-10-10,2026-09-30
310.0,0,223,2026-10-10,2026-09-30
315.0,0,26,2026-10-10,2026-09-30
320.0,0,1545,2026-10-10,2026-09-30
325.0,0,90,2026-10-10,2026-09-30
330.0,0,120,2026-10-10,2026-09-30
335.0,0,27,2026-10-10,2026-09-30
340.0,0,2240,2026-10-10,2026-09-30
345.0,0,43,2026-10-10,2026-09-30
350.0,0,216,2026-10-10,2026-09-30
355.0,0,54,2026-10-10,2026-09-30
360.0,0,1048,2026-10-10,2026-09-30
365.0,0,115,2026-10-10,2026-09-30
370.0,0,48,2026-10-10,2026-09-30
375.0,0,27,2026-10-10,2026-09-30
380.0,0,47,2026-10-10,2026-09-30
385.0,1,38,2026-10-10,2026-09-30
390.0,0,70,2026-10-10,2026-09-30
395.0,1,63,2026-10-10,2026-09-30
400.0,0,55,2026-10-10,2026-09-30
405.0,1,97,2026-10-10,2026-09-30
410.0,0,106,2026-10-10,2026-09-30
415.0,0,80,2026-10-10,2026-09-30
420.0,0,58,2026-10-10,2026-09-30
425.0,0,50,2026-10-10,2026-09-30
430.0,10,31,2026-10-10,2026-09-30
435.0,0,24,2026-10-10,2026-09-30
440.0,0,38,2026-10-10,2026-09-30
445.0,0,24,2026-10-10,2026-09-30
450.0,1,68,2026-10-10,2026-09-30
455.0,0,29,2026-10-10,2026-09-30
460.0,0,21,2026-10-10,2026-09-30
465.0,0,120,2026-10-10,2026-09-30
470.0,0,17,2026-10-10,2026-09-30
475.0,0,24,2026-10-10,2026-09-30
480.0,0,34,2026-10-10,2026-09-30
485.0,0,19,2026-10-10,2026-09-30
490.0,0,70,2026-10-10,2026-09-30
495.0,0,19,2026-10-10,2026-09-30
500.0,148,47,2026-10-10,2026-09-30
505.0,1,17,2026-10-10,2026-09-30
510.0,3,50,2026-10-10,2026-09-30
515.0,0,11,2026-10-10,2026-09-30
520.0,0,14,2026-10-10,2026-09-30
525.0,0,42,2026-10-10,2026-09-30
530.0,0,9,2026-10-10,2026-09-30
535.0,0,32,2026-10-10,2026-09-30
540.0,0,33,2026-10-10,2026-09-30
545.0,0,8,2026-10-10,2026-09-30
550.0,6,103,2026-10-10,2026-09-30
555.0,0,12,2026-10-10,2026-09-30
560.0,0,4,2026-10-10,2026-09-30
565.0,3,11,2026-10-10,2026-09-30
570.0,0,20,2026-10-10,2026-09-30
575.0,0,12,2026-10-10,2026-09-30
580.0,0,6,2026-10-10,2026-09-30
585.0,1,34,2026-10-10,2026-09-30
590.0,5,16,2026-10-10,2026-09-30
595.0,4,23,2026-10-10,2026-09-30
600.0,1,3603,2026-10-10,2026-09-30
605.0,0,65,2026-10-10,2026-09-30
610.0,1,10,2026-10-10,2026-09-30
615.0,1,117,2026-10-10,2026-09-30
620.0,0,172,2026-10-10,2026-09-30
625.0,1,56,2026-10-10,2026-09-30
630.0,1,25,2026-10-10,2026-09-30
635.0,0,16,2026-10-10,2026-09-30
640.0,1,31,2026-10-10,2026-09-30
645.0,0,30,2026-10-10,2026-09-30
650.0,2,256,2026-10-10,2026-09-30
655.0,10,96,2026-10-10,2026-09-30
660.0,3,55,2026-10-10,2026-09-30
665.0,1,51,2026-10-10,2026-09-30
670.0,1,54,2026-10-10,2026-09-30
675.0,0,28,2026-10-10,2026-09-30
680.0,1,52,2026-10-10,2026-09-30
685.0,0,72,2026-10-10,2026-09-30
690.0,4,63,2026-10-10,2026-09-30
695.0,5,61,2026-10-10,2026-09-30
700.0,51,343,2026-10-10,2026-09-30
705.0,0,86,2026-10-10,2026-09-30
710.0,2,40,2026-10-10,2026-09-30
715.0,0,21,2026-10-10,2026-09-30
720.0,0,108,2026-10-10,2026-09-30
725.0,0,31,2026-10-10,2026-09-30
730.0,0,67,2026-10-10,2026-09-30
735.0,0,80,2026-10-10,2026-09-30
740.0,2,116,2026-10-10,2026-09-30
745.0,5,26,2026-10-10,2026-09-30
750.0,3,336,2026-10-10,2026-09-30
755.0,1,37,2026-10-10,2026-09-30
760.0,3,58,2026-10-10,2026-09-30
765.0,5,106,2026-10-10,2026-09-30
770.0,6,115,2026-10-10,2026-09-30
775.0,8,112,2026-10-10,2026-09-30
780.0,4,249,2026-10-10,2026-09-30
785.0,1,88,2026-10-10,2026-09-30
790.0,1,198,2026-10-10,2026-09-30
795.0,5,227,2026-10-10,2026-09-30
800.0,147,730,2026-10-10,2026-09-30
805.0,83,55,2026-10-10,2026-09-30
810.0,14,492,2026-10-10,2026-09-30
815.0,17,63,2026-10-10,2026-09-30
820.0,93,214,2026-10-10,2026-09-30
825.0,8,82,2026-10-10,2026-09-30
830.0,68,148,2026-10-10,2026-09-30
835.0,7,38,2026-10-10,2026-09-30
840.0,18,387,2026-10-10,2026-09-30
845.0,1,120,2026-10-10,2026-09-30
850.0,65,734,2026-10-10,2026-09-30
855.0,2,87,2026-10-10,2026-09-30
860.0,27,179,2026-10-10,2026-09-30
865.0,17,122,2026-10-10,2026-09-30
870.0,28,316,2026-10-10,2026-09-30
875.0,17,104,2026-10-10,2026-09-30
880.0,37,266,2026-10-10,2026-09-30
885.0,17,92,2026-10-10,2026-09-30
890.0,76,223,2026-10-10,2026-09-30
895.0,3,88,2026-10-10,2026-09-30
900.0,2173,872,2026-10-10,2026-09-30
905.0,36,162,2026-10-10,2026-09-30
910.0,74,160,2026-10-10,2026-09-30
915.0,17,104,2026-10-10,2026-09-30
920.0,496,411,2026-10-10,2026-09-30
925.0,104,214,2026-10-10,2026-09-30
930.0,624,1004,2026-10-10,2026-09-30
935.0,35,107,2026-10-10,2026-09-30
940.0,223,498,2026-10-10,2026-09-30
945.0,70,254,2026-10-10,2026-09-30
950.0,618,1250,2026-10-10,2026-09-30
955.0,37,111,2026-10-10,2026-09-30
960.0,388,114,2026-10-10,2026-09-30
965.0,63,211,2026-10-10,2026-09-30
970.0,199,183,2026-10-10,2026-09-30
975.0,243,181,2026-10-10,2026-09-30
980.0,437,970,2026-10-10,2026-09-30
985.0,70,130,2026-10-10,2026-09-30
990.0,363,228,2026-10-10,2026-09-30
995.0,95,94,2026-10-10,2026-09-30
1000.0,744,489,2026-10-10,2026-09-30
1005.0,199,71,2026-10-10,2026-09-30
1010.0,128,154,2026-10-10,2026-09-30
1015.0,416,75,2026-10-10,2026-09-30
1020.0,200,91,2026-10-10,2026-09-30
1025.0,177,210,2026-10-10,2026-09-30
1030.0,320,388,2026-10-10,2026-09-30
1035.0,117,170,2026-10-10,2026-09-30
1040.0,155,384,2026-10-10,2026-09-30
1045.0,45,195,2026-10-10,2026-09-30
1050.0,1644,541,2026-10-10,2026-09-30
1055.0,0,0,2026-10-10,2026-09-30
1055.0,95,122,2026-10-10,2026-09-30
1060.0,418,149,2026-10-10,2026-09-30
1062.5,16,20,2026-10-10,2026-09-30
1065.0,166,77,2026-10-10,2026-09-30
1067.5,25,69,2026-10-10,2026-09-30
1070.0,586,874,2026-10-10,2026-09-30
1072.5,26,33,2026-10-10,2026-09-30
1075.0,215,42,2026-10-10,2026-09-30
1077.5,341,28,2026-10-10,2026-09-30
1080.0,860,302,2026-10-10,2026-09-30
1082.5,27,5,2026-10-10,2026-09-30
1085.0,95,32,2026-10-10,2026-09-30
1090.0,291,39,2026-10-10,2026-09-30
1095.0,166,107,2026-10-10,2026-09-30
1100.0,1077,232,2026-10-10,2026-09-30
1105.0,162,60,2026-10-10,2026-09-30
1110.0,567,37,2026-10-10,2026-09-30
1115.0,80,36,2026-10-10,2026-09-30
1120.0,1157,212,2026-10-10,2026-09-30
1125.0,253,19,2026-10-10,2026-09-30
1130.0,116,101,2026-10-10,2026-09-30
1135.0,83,28,2026-10-10,2026-09-30
1140.0,135,133,2026-10-10,2026-09-30
1145.0,21,7,2026-10-10,2026-09-30
1150.0,504,181,2026-10-10,2026-09-30
1155.0,1,0,2026-10-10,2026-09-30
1160.0,108,8,2026-10-10,2026-09-30
1165.0,11,0,2026-10-10,2026-09-30
1170.0,128,2,2026-10-10,2026-09-30
1175.0,2,0,2026-10-10,2026-09-30
1180.0,219,0,2026-10-10,2026-09-30
1185.0,206,0,2026-10-10,2026-09-30
1190.0,205,2,2026-10-10,2026-09-30
1195.0,6,0,2026-10-10,2026-09-30
1200.0,1546,14,2026-10-10,2026-09-30
1205.0,6,0,2026-10-10,2026-09-30
1210.0,491,10,2026-10-10,2026-09-30
1215.0,19,0,2026-10-10,2026-09-30
1220.0,169,1,2026-10-10,2026-09-30
1225.0,24,0,2026-10-10,2026-09-30
1230.0,265,2,2026-10-10,2026-09-30
1235.0,9,0,2026-10-10,2026-09-30
1240.0,243,1,2026-10-10,2026-09-30
1245.0,24,0,2026-10-10,2026-09-30
1250.0,1064,4,2026-10-10,2026-09-30
1255.0,12,0,2026-10-10,2026-09-30
1260.0,148,6,2026-10-10,2026-09-30
1265.0,18,0,2026-10-10,2026-09-30
1270.0,101,4,2026-10-10,2026-09-30
1275.0,6,0,2026-10-10,2026-09-30
1280.0,120,2,2026-10-10,2026-09-30
1285.0,211,0,2026-10-10,2026-09-30
1290.0,70,5,2026-10-10,2026-09-30
1295.0,20,0,2026-10-10,2026-09-30
1300.0,654,24,2026-10-10,2026-09-30
1305.0,17,0,2026-10-10,2026-09-30
1310.0,542,15,2026-10-10,2026-09-30
1315.0,0,0,2026-10-10,2026-09-30
1320.0,76,5,2026-10-10,2026-09-30
1325.0,0,0,2026-10-10,2026-09-30
1330.0,553,1,2026-10-10,2026-09-30
1335.0,4,0,2026-10-10,2026-09-30
1340.0,176,0,2026-10-10,2026-09-30
1345.0,2,0,2026-10-10,2026-09-30
1350.0,302,1,2026-10-10,2026-09-30
1355.0,12,0,2026-10-10,2026-09-30
1360.0,63,0,2026-10-10,2026-09-30
1365.0,2,0,2026-10-10,2026-09-30
1370.0,84,0,2026-10-10,2026-09-30
1375.0,1,0,2026-10-10,2026-09-30
1380.0,408,1,2026-10-10,2026-09-30
1385.0,1,0,2026-10-10,2026-09-30
1390.0,69,0,2026-10-10,2026-09-30
1395.0,1,0,2026-10-10,2026-09-30
1400.0,334,0,2026-10-10,2026-09-30
1410.0,150,2,2026-10-10,2026-09-30
1420.0,50,0,2026-10-10,2026-09-30
1430.0,65,0,2026-10-10,2026-09-30
1440.0,150,0,2026-10-10,2026-09-30
1450.0,125,0,2026-10-10,2026-09-30
1460.0,122,0,2026-10-10,2026-09-30
1470.0,25,0,2026-10-10,2026-09-30
1480.0,20,0,2026-10-10,2026-09-30
1490.0,13,0,2026-10-10,2026-09-30
1500.0,537,0,2026-10-10,2026-09-30
1510.0,164,0,2026-10-10,2026-09-30
1520.0,13,0,2026-10-10,2026-09-30
1530.0,119,0,2026-10-10,2026-09-30
1540.0,28,0,2026-10-10,2026-09-30
1550.0,77,1,2026-10-10,2026-09-30
1560.0,6,0,2026-10-10,2026-09-30
1570.0,15,0,2026-10-10,2026-09-30
1580.0,50,0,2026-10-10,2026-09-30
1590.0,8,0,2026-10-10,2026-09-30
1600.0,145,0,2026-10-10,2026-09-30
1610.0,21,0,2026-10-10,2026-09-30
1620.0,7,0,2026-10-10,2026-09-30
1630.0,21,0,2026-10-10,2026-09-30
1640.0,36,0,2026-10-10,2026-09-30
1650.0,25,0,2026-10-10,2026-09-30
1660.0,18,0,2026-10-10,2026-09-30
1670.0,19,0,2026-10-10,2026-09-30
1680.0,13,0,2026-10-10,2026-09-30
1690.0,11,0,2026-10-10,2026-09-30
1700.0,76,0,2026-10-10,2026-09-30
1710.0,8,0,2026-10-10,2026-09-30
1720.0,8,0,2026-10-10,2026-09-30
1730.0,732,0,2026-10-10,2026-09-30
600.0,0,2,2026-10-13,2026-09-30
610.0,0,20,2026-10-13,2026-09-30
611.0,0,2230,2026-10-13,2026-09-30
620.0,0,5,2026-10-13,2026-09-30
630.0,0,0,2026-10-13,2026-09-30
640.0,0,2,2026-10-13,2026-09-30
650.0,0,0,2026-10-13,2026-09-30
660.0,0,0,2026-10-13,2026-09-30
670.0,0,0,2026-10-13,2026-09-30
680.0,0,2,2026-10-13,2026-09-30
690.0,0,0,2026-10-13,2026-09-30
700.0,0,2,2026-10-13,2026-09-30
710.0,0,0,2026-10-13,2026-09-30
720.0,0,2,2026-10-13,2026-09-30
730.0,0,10,2026-10-13,2026-09-30
740.0,0,7,2026-10-13,2026-09-30
750.0,0,8,2026-10-13,2026-09-30
760.0,0,2,2026-10-13,2026-09-30
770.0,0,2,2026-10-13,2026-09-30
775.0,0,1,2026-10-13,2026-09-30
780.0,0,1,2026-10-13,2026-09-30
785.0,0,12,2026-10-13,2026-09-30
790.0,0,21,2026-10-13,2026-09-30
795.0,0,20,2026-10-13,2026-09-30
800.0,1,11,2026-10-13,2026-09-30
805.0,0,1,2026-10-13,2026-09-30
810.0,0,1,2026-10-13,2026-09-30
815.0,0,1,2026-10-13,2026-09-30
820.0,0,0,2026-10-13,2026-09-30
825.0,0,0,2026-10-13,2026-09-30
830.0,0,0,2026-10-13,2026-09-30
835.0,0,1,2026-10-13,2026-09-30
840.0,0,0,2026-10-13,2026-09-30
845.0,0,0,2026-10-13,2026-09-30
850.0,0,0,2026-10-13,2026-09-30
855.0,0,0,2026-10-13,2026-09-30
860.0,0,30,2026-10-13,2026-09-30
865.0,8,1,2026-10-13,2026-09-30
870.0,0,0,2026-10-13,2026-09-30
875.0,0,0,2026-10-13,2026-09-30
880.0,0,0,2026-10-13,2026-09-30
885.0,0,0,2026-10-13,2026-09-30
890.0,0,0,2026-10-13,2026-09-30
895.0,0,1,2026-10-13,2026-09-30
900.0,0,2,2026-10-13,2026-09-30
905.0,0,3,2026-10-13,2026-09-30
910.0,0,0,2026-10-13,2026-09-30
915.0,0,7,2026-10-13,2026-09-30
920.0,0,14,2026-10-13,2026-09-30
925.0,0,2,2026-10-13,2026-09-30
930.0,0,4,2026-10-13,2026-09-30
935.0,0,3,2026-10-13,2026-09-30
940.0,0,2,2026-10-13,2026-09-30
945.0,0,1,2026-10-13,2026-09-30
950.0,0,28,2026-10-13,2026-09-30
955.0,0,47,2026-10-13,2026-09-30
960.0,1,5,2026-10-13,2026-09-30
965.0,1,0,2026-10-13,2026-09-30
970.0,0,40,2026-10-13,2026-09-30
975.0,0,3,2026-10-13,2026-09-30
980.0,71,0,2026-10-13,2026-09-30
985.0,0,2,2026-10-13,2026-09-30
990.0,41,7,2026-10-13,2026-09-30
995.0,1,2,2026-10-13,2026-09-30
1000.0,53,5,2026-10-13,2026-09-30
1005.0,11,5,2026-10-13,2026-09-30
1010.0,8,16,2026-10-13,2026-09-30
1015.0,5,5,2026-10-13,2026-09-30
1020.0,4,7,2026-10-13,2026-09-30
1025.0,7,33,2026-10-13,2026-09-30
1030.0,10,1,2026-10-13,2026-09-30
1035.0,25,13,2026-10-13,2026-09-30
1040.0,27,15,2026-10-13,2026-09-30
1045.0,21,7,2026-10-13,2026-09-30
1050.0,55,19,2026-10-13,2026-09-30
1055.0,22,18,2026-10-13,2026-09-30
1060.0,19,6,2026-10-13,2026-09-30
1065.0,24,5,2026-10-13,2026-09-30
1070.0,25,25,2026-10-13,2026-09-30
1075.0,37,4,2026-10-13,2026-09-30
1080.0,4,10,2026-10-13,2026-09-30
1085.0,5,1,2026-10-13,2026-09-30
1090.0,9,5,2026-10-13,2026-09-30
1095.0,31,0,2026-10-13,2026-09-30
1100.0,132,5,2026-10-13,2026-09-30
1105.0,104,0,2026-10-13,2026-09-30
1110.0,4,0,2026-10-13,2026-09-30
1115.0,0,0,2026-10-13,2026-09-30
1120.0,4,1,2026-10-13,2026-09-30
1125.0,6,1,2026-10-13,2026-09-30
1130.0,12,0,2026-10-13,2026-09-30
1135.0,7,6,2026-10-13,2026-09-30
1140.0,6,0,2026-10-13,2026-09-30
1145.0,20,0,2026-10-13,2026-09-30
1150.0,139,0,2026-10-13,2026-09-30
1155.0,10,1,2026-10-13,2026-09-30
1160.0,6,0,2026-10-13,2026-09-30
1165.0,5,0,2026-10-13,2026-09-30
1170.0,14,0,2026-10-13,2026-09-30
1175.0,1,0,2026-10-13,2026-09-30
1180.0,3,0,2026-10-13,2026-09-30
1185.0,1,0,2026-10-13,2026-09-30
1190.0,1,0,2026-10-13,2026-09-30
1195.0,3,0,2026-10-13,2026-09-30
1200.0,225,0,2026-10-13,2026-09-30
1205.0,0,0,2026-10-13,2026-09-30
1210.0,1,1,2026-10-13,2026-09-30
1215.0,1,0,2026-10-13,2026-09-30
1220.0,1,0,2026-10-13,2026-09-30
1225.0,3,0,2026-10-13,2026-09-30
1230.0,2,0,2026-10-13,2026-09-30
1235.0,0,0,2026-10-13,2026-09-30
1240.0,1,0,2026-10-13,2026-09-30
1245.0,0,0,2026-10-13,2026-09-30
1250.0,4,0,2026-10-13,2026-09-30
1255.0,0,0,2026-10-13,2026-09-30
1260.0,0,0,2026-10-13,2026-09-30
1265.0,0,0,2026-10-13,2026-09-30
1270.0,14,0,2026-10-13,2026-09-30
1275.0,0,0,2026-10-13,2026-09-30
1280.0,3,0,2026-10-13,2026-09-30
1285.0,0,0,2026-10-13,2026-09-30
1290.0,5,0,2026-10-13,2026-09-30
1295.0,1,0,2026-10-13,2026-09-30
1300.0,11,0,2026-10-13,2026-09-30
1305.0,0,0,2026-10-13,2026-09-30
1310.0,0,0,2026-10-13,2026-09-30
1315.0,0,0,2026-10-13,2026-09-30
1320.0,0,0,2026-10-13,2026-09-30
1325.0,0,0,2026-10-13,2026-09-30
1330.0,0,0,2026-10-13,2026-09-30
1335.0,0,0,2026-10-13,2026-09-30
1340.0,0,0,2026-10-13,2026-09-30
1345.0,0,0,2026-10-13,2026-09-30
1350.0,0,0,2026-10-13,2026-09-30
1355.0,2,0,2026-10-13,2026-09-30
1360.0,0,0,2026-10-13,2026-09-30
1365.0,0,0,2026-10-13,2026-09-30
1370.0,0,0,2026-10-13,2026-09-30
1375.0,71,0,2026-10-13,2026-09-30
1380.0,0,0,2026-10-13,2026-09-30
1385.0,0,0,2026-10-13,2026-09-30
1390.0,0,0,2026-10-13,2026-09-30
1395.0,0,0,2026-10-13,2026-09-30
1400.0,0,0,2026-10-13,2026-09-30
1405.0,0,0,2026-10-13,2026-09-30
1410.0,1,0,2026-10-13,2026-09-30
1415.0,0,0,2026-10-13,2026-09-30
1420.0,0,0,2026-10-13,2026-09-30
1425.0,0,0,2026-10-13,2026-09-30
1430.0,0,0,2026-10-13,2026-09-30
1435.0,0,0,2026-10-13,2026-09-30
1440.0,0,0,2026-10-13,2026-09-30
1445.0,0,0,2026-10-13,2026-09-30
1450.0,10,0,2026-10-13,2026-09-30
870.0,0,30,2026-10-15,2026-09-30
880.0,0,3,2026-10-15,2026-09-30
890.0,0,3,2026-10-15,2026-09-30
900.0,1,3,2026-10-15,2026-09-30
910.0,0,0,2026-10-15,2026-09-30
920.0,0,56,2026-10-15,2026-09-30
930.0,0,28,2026-10-15,2026-09-30
940.0,0,5,2026-10-15,2026-09-30
950.0,1,7,2026-10-15,2026-09-30
960.0,1,0,2026-10-15,2026-09-30
970.0,5,16,2026-10-15,2026-09-30
980.0,1,3,2026-10-15,2026-09-30
990.0,0,2,2026-10-15,2026-09-30
1000.0,2,17,2026-10-15,2026-09-30
1010.0,0,2,2026-10-15,2026-09-30
1020.0,1,4,2026-10-15,2026-09-30
1030.0,0,9,2026-10-15,2026-09-30
1040.0,0,48,2026-10-15,2026-09-30
1050.0,23,4,2026-10-15,2026-09-30
1060.0,3,24,2026-10-15,2026-09-30
1070.0,42,13,2026-10-15,2026-09-30
1080.0,12,1,2026-10-15,2026-09-30
1090.0,2,7,2026-10-15,2026-09-30
1100.0,7,2,2026-10-15,2026-09-30
1110.0,14,2,2026-10-15,2026-09-30
1120.0,40,6,2026-10-15,2026-09-30
1130.0,3,3,2026-10-15,2026-09-30
1140.0,18,21,2026-10-15,2026-09-30
1150.0,5,1,2026-10-15,2026-09-30
1160.0,23,1,2026-10-15,2026-09-30
5.0,634,169,2026-10-17,2026-09-30
10.0,6,97,2026-10-17,2026-09-30
15.0,10,188,2026-10-17,2026-09-30
20.0,19,258,2026-10-17,2026-09-30
25.0,50,346,2026-10-17,2026-09-30
30.0,35,380,2026-10-17,2026-09-30
35.0,10,775,2026-10-17,2026-09-30
40.0,17,699,2026-10-17,2026-09-30
45.0,21,631,2026-10-17,2026-09-30
50.0,31,1383,2026-10-17,2026-09-30
55.0,0,5013,2026-10-17,2026-09-30
60.0,5,14619,2026-10-17,2026-09-30
185.0,14,223,2026-10-17,2026-09-30
190.0,7,134,2026-10-17,2026-09-30
195.0,4,1760,2026-10-17,2026-09-30
200.0,44,1868,2026-10-17,2026-09-30
210.0,66,1009,2026-10-17,2026-09-30
220.0,21,1918,2026-10-17,2026-09-30
230.0,6,2691,2026-10-17,2026-09-30
240.0,25,653,2026-10-17,2026-09-30
250.0,519,649,2026-10-17,2026-09-30
260.0,60,2333,2026-10-17,2026-09-30
270.0,67,801,2026-10-17,2026-09-30
280.0,315,879,2026-10-17,2026-09-30
290.0,262,719,2026-10-17,2026-09-30
300.0,240,2222,2026-10-17,2026-09-30
310.0,444,1137,2026-10-17,2026-09-30
320.0,228,2715,2026-10-17,2026-09-30
330.0,35,1946,2026-10-17,2026-09-30
340.0,289,5138,2026-10-17,2026-09-30
350.0,316,955,2026-10-17,2026-09-30
360.0,182,2946,2026-10-17,2026-09-30
370.0,122,1382,2026-10-17,2026-09-30
380.0,145,3625,2026-10-17,2026-09-30
390.0,90,638,2026-10-17,2026-09-30
400.0,732,2608,2026-10-17,2026-09-30
410.0,306,819,2026-10-17,2026-09-30
420.0,343,876,2026-10-17,2026-09-30
430.0,136,478,2026-10-17,2026-09-30
440.0,166,417,2026-10-17,2026-09-30
450.0,714,3254,2026-10-17,2026-09-30
460.0,411,960,2026-10-17,2026-09-30
470.0,599,741,2026-10-17,2026-09-30
480.0,443,684,2026-10-17,2026-09-30
490.0,210,740,2026-10-17,2026-09-30
500.0,651,3449,2026-10-17,2026-09-30
510.0,293,509,2026-10-17,2026-09-30
520.0,348,1122,2026-10-17,2026-09-30
530.0,568,1121,2026-10-17,2026-09-30
540.0,555,1231,2026-10-17,2026-09-30
550.0,7,495,2026-10-17,2026-09-30
560.0,725,1854,2026-10-17,2026-09-30
570.0,0,357,2026-10-17,2026-09-30
580.0,193,1705,2026-10-17,2026-09-30
590.0,0,432,2026-10-17,2026-09-30
600.0,1499,5376,2026-10-17,2026-09-30
610.0,3,177,2026-10-17,2026-09-30
620.0,772,1730,2026-10-17,2026-09-30
630.0,3,691,2026-10-17,2026-09-30
640.0,1702,3521,2026-10-17,2026-09-30
650.0,2,2364,2026-10-17,2026-09-30
660.0,332,1762,2026-10-17,2026-09-30
670.0,13,381,2026-10-17,2026-09-30
680.0,417,2252,2026-10-17,2026-09-30
690.0,15,1009,2026-10-17,2026-09-30
700.0,1188,6585,2026-10-17,2026-09-30
710.0,10,230,2026-10-17,2026-09-30
720.0,480,631,2026-10-17,2026-09-30
730.0,15,800,2026-10-17,2026-09-30
740.0,649,1907,2026-10-17,2026-09-30
750.0,32,4085,2026-10-17,2026-09-30
760.0,314,2749,2026-10-17,2026-09-30
770.0,125,525,2026-10-17,2026-09-30
775.0,0,9,2026-10-17,2026-09-30
780.0,1219,1715,2026-10-17,2026-09-30
790.0,156,404,2026-10-17,2026-09-30
800.0,1432,5063,2026-10-17,2026-09-30
810.0,1423,608,2026-10-17,2026-09-30
820.0,618,1916,2026-10-17,2026-09-30
830.0,91,522,2026-10-17,2026-09-30
840.0,1562,1729,2026-10-17,2026-09-30
850.0,127,2568,2026-10-17,2026-09-30
860.0,874,2034,2026-10-17,2026-09-30
870.0,2500,2500,2026-10-17,2026-09-30
870.0,53,1508,2026-10-17,2026-09-30
875.0,2000,2000,2026-10-17,2026-09-30
880.0,368,1552,2026-10-17,2026-09-30
890.0,129,840,2026-10-17,2026-09-30
900.0,4270,5013,2026-10-17,2026-09-30
910.0,1893,1577,2026-10-17,2026-09-30
920.0,1086,1086,2026-10-17,2026-09-30
920.0,845,2047,2026-10-17,2026-09-30
925.0,30,219,2026-10-17,2026-09-30
930.0,200,200,2026-10-17,2026-09-30
930.0,677,1234,2026-10-17,2026-09-30
935.0,250,250,2026-10-17,2026-09-30
935.0,25,142,2026-10-17,2026-09-30
940.0,604,2018,2026-10-17,2026-09-30
945.0,37,185,2026-10-17,2026-09-30
950.0,3000,3000,2026-10-17,2026-09-30
950.0,3629,3063,2026-10-17,2026-09-30
955.0,11,357,2026-10-17,2026-09-30
960.0,878,2553,2026-10-17,2026-09-30
965.0,20,327,2026-10-17,2026-09-30
970.0,936,1602,2026-10-17,2026-09-30
975.0,28,213,2026-10-17,2026-09-30
980.0,6312,7169,2026-10-17,2026-09-30
985.0,4470,4470,2026-10-17,2026-09-30
985.0,24,223,2026-10-17,2026-09-30
990.0,1046,1346,2026-10-17,2026-09-30
995.0,48,242,2026-10-17,2026-09-30
1000.0,3450,3450,2026-10-17,2026-09-30
1000.0,10893,7054,2026-10-17,2026-09-30
1005.0,64,154,2026-10-17,2026-09-30
1010.0,874,421,2026-10-17,2026-09-30
1015.0,64,229,2026-10-17,2026-09-30
1020.0,1079,967,2026-10-17,2026-09-30
1025.0,141,160,2026-10-17,2026-09-30
1030.0,833,471,2026-10-17,2026-09-30
1035.0,260,161,2026-10-17,2026-09-30
1040.0,1135,1069,2026-10-17,2026-09-30
1045.0,151,592,2026-10-17,2026-09-30
1050.0,4105,1487,2026-10-17,2026-09-30
1055.0,251,179,2026-10-17,2026-09-30
1060.0,1058,431,2026-10-17,2026-09-30
1065.0,311,374,2026-10-17,2026-09-30
1070.0,906,929,2026-10-17,2026-09-30
1080.0,1707,835,2026-10-17,2026-09-30
1090.0,1196,469,2026-10-17,2026-09-30
1100.0,9,0,2026-10-17,2026-09-30
1100.0,7867,4124,2026-10-17,2026-09-30
1110.0,821,171,2026-10-17,2026-09-30
1120.0,842,442,2026-10-17,2026-09-30
1130.0,649,286,2026-10-17,2026-09-30
1140.0,457,204,2026-10-17,2026-09-30
1150.0,9,0,2026-10-17,2026-09-30
1150.0,14040,155,2026-10-17,2026-09-30
1160.0,666,258,2026-10-17,2026-09-30
1170.0,558,177,2026-10-17,2026-09-30
1180.0,593,104,2026-10-17,2026-09-30
1190.0,538,101,2026-10-17,2026-09-30
1200.0,7933,555,2026-10-17,2026-09-30
1210.0,2,0,2026-10-17,2026-09-30
1210.0,831,52,2026-10-17,2026-09-30
1220.0,1645,46,2026-10-17,2026-09-30
1230.0,459,22,2026-10-17,2026-09-30
1240.0,406,38,2026-10-17,2026-09-30
1250.0,2267,367,2026-10-17,2026-09-30
1260.0,532,102,2026-10-17,2026-09-30
1270.0,562,86,2026-10-17,2026-09-30
1280.0,600,49,2026-10-17,2026-09-30
1290.0,459,63,2026-10-17,2026-09-30
1300.0,21074,149,2026-10-17,2026-09-30
1310.0,400,38,2026-10-17,2026-09-30
1320.0,413,68,2026-10-17,2026-09-30
1330.0,20,0,2026-10-17,2026-09-30
1330.0,832,13,2026-10-17,2026-09-30
1340.0,329,44,2026-10-17,2026-09-30
1350.0,878,195,2026-10-17,2026-09-30
1360.0,442,28,2026-10-17,2026-09-30
1370.0,269,37,2026-10-17,2026-09-30
1380.0,263,27,2026-10-17,2026-09-30
1390.0,363,13,2026-10-17,2026-09-30
1400.0,3916,32,2026-10-17,2026-09-30
1410.0,293,90,2026-10-17,2026-09-30
1420.0,317,10,2026-10-17,2026-09-30
1430.0,476,31,2026-10-17,2026-09-30
1440.0,226,30,2026-10-17,2026-09-30
1450.0,1226,17,2026-10-17,2026-09-30
1460.0,20,0,2026-10-17,2026-09-30
1460.0,350,1,2026-10-17,2026-09-30
1470.0,386,0,2026-10-17,2026-09-30
1480.0,306,0,2026-10-17,2026-09-30
1490.0,350,7,2026-10-17,2026-09-30
1500.0,7212,22,2026-10-17,2026-09-30
1510.0,657,1,2026-10-17,2026-09-30
1520.0,414,0,2026-10-17,2026-09-30
1530.0,262,0,2026-10-17,2026-09-30
1540.0,286,0,2026-10-17,2026-09-30
1550.0,1340,0,2026-10-17,2026-09-30
1560.0,134,4,2026-10-17,2026-09-30
1570.0,402,1,2026-10-17,2026-09-30
1580.0,198,0,2026-10-17,2026-09-30
1590.0,256,0,2026-10-17,2026-09-30
1600.0,1666,0,2026-10-17,2026-09-30
1610.0,287,1,2026-10-17,2026-09-30
1620.0,237,2,2026-10-17,2026-09-30
1630.0,317,1,2026-10-17,2026-09-30
1640.0,86,0,2026-10-17,2026-09-30
1650.0,227,0,2026-10-17,2026-09-30
1660.0,552,0,2026-10-17,2026-09-30
1670.0,255,0,2026-10-17,2026-09-30
1680.0,587,0,2026-10-17,2026-09-30
1690.0,910,0,2026-10-17,2026-09-30
1700.0,1341,0,2026-10-17,2026-09-30
1710.0,164,0,2026-10-17,2026-09-30
1720.0,172,0,2026-10-17,2026-09-30
1730.0,270,0,2026-10-17,2026-09-30
1740.0,355,0,2026-10-17,2026-09-30
1750.0,234,0,2026-10-17,2026-09-30
1760.0,287,0,2026-10-17,2026-09-30
1770.0,441,0,2026-10-17,2026-09-30
1780.0,206,0,2026-10-17,2026-09-30
1790.0,415,0,2026-10-17,2026-09-30
1800.0,1008,0,2026-10-17,2026-09-30
1810.0,510,0,2026-10-17,2026-09-30
1820.0,1088,0,2026-10-17,2026-09-30
1830.0,1492,0,2026-10-17,2026-09-30
1840.0,519,0,2026-10-17,2026-09-30
1850.0,745,0,2026-10-17,2026-09-30
1860.0,229,0,2026-10-17,2026-09-30
1870.0,241,0,2026-10-17,2026-09-30
1880.0,294,0,2026-10-17,2026-09-30
1890.0,415,0,2026-10-17,2026-09-30
1900.0,598,0,2026-10-17,2026-09-30
1910.0,1044,0,2026-10-17,2026-09-30
1920.0,133,0,2026-10-17,2026-09-30
1930.0,410,0,2026-10-17,2026-09-30
1940.0,253,0,2026-10-17,2026-09-30
1950.0,417,0,2026-10-17,2026-09-30
1960.0,424,0,2026-10-17,2026-09-30
1970.0,96,0,2026-10-17,2026-09-30
1980.0,160,0,2026-10-17,2026-09-30
1990.0,130,0,2026-10-17,2026-09-30
2000.0,2299,0,2026-10-17,2026-09-30
2010.0,77,0,2026-10-17,2026-09-30
2020.0,85,0,2026-10-17,2026-09-30
2030.0,262,0,2026-10-17,2026-09-30
2040.0,46,0,2026-10-17,2026-09-30
2050.0,258,0,2026-10-17,2026-09-30
2060.0,274,0,2026-10-17,2026-09-30
2070.0,88,0,2026-10-17,2026-09-30
2080.0,321,0,2026-10-17,2026-09-30
2090.0,282,0,2026-10-17,2026-09-30
2100.0,290,0,2026-10-17,2026-09-30
2110.0,137,0,2026-10-17,2026-09-30
2120.0,547,0,2026-10-17,2026-09-30
2130.0,104,0,2026-10-17,2026-09-30
2140.0,244,0,2026-10-17,2026-09-30
2150.0,242,0,2026-10-17,2026-09-30
2160.0,170,0,2026-10-17,2026-09-30
2170.0,447,0,2026-10-17,2026-09-30
2180.0,61,0,2026-10-17,2026-09-30
2190.0,367,0,2026-10-17,2026-09-30
2200.0,640,0,2026-10-17,2026-09-30
2210.0,294,0,2026-10-17,2026-09-30
2220.0,272,0,2026-10-17,2026-09-30
2230.0,262,0,2026-10-17,2026-09-30
2240.0,854,0,2026-10-17,2026-09-30
2250.0,321,0,2026-10-17,2026-09-30
2260.0,702,0,2026-10-17,2026-09-30
2270.0,958,0,2026-10-17,2026-09-30
2280.0,617,0,2026-10-17,2026-09-30
2290.0,1022,0,2026-10-17,2026-09-30
2300.0,2220,0,2026-10-17,2026-09-30
2310.0,605,0,2026-10-17,2026-09-30
2320.0,560,0,2026-10-17,2026-09-30
2330.0,419,0,2026-10-17,2026-09-30
2340.0,445,0,2026-10-17,2026-09-30
2350.0,323,0,2026-10-17,2026-09-30
2360.0,459,0,2026-10-17,2026-09-30
2370.0,351,0,2026-10-17,2026-09-30
2380.0,91,0,2026-10-17,2026-09-30
2390.0,253,0,2026-10-17,2026-09-30
2400.0,294,0,2026-10-17,2026-09-30
2410.0,239,0,2026-10-17,2026-09-30
2420.0,763,0,2026-10-17,2026-09-30
2440.0,254,0,2026-10-17,2026-09-30
2460.0,312,0,2026-10-17,2026-09-30
2480.0,282,0,2026-10-17,2026-09-30
2500.0,3582,0,2026-10-17,2026-09-30
999.03,1144,1144,2026-10-21,2026-09-30
5.0,0,1,2026-10-24,2026-09-30
10.0,0,0,2026-10-24,2026-09-30
15.0,0,0,2026-10-24,2026-09-30
20.0,0,0,2026-10-24,2026-09-30
25.0,0,0,2026-10-24,2026-09-30
30.0,0,3,2026-10-24,2026-09-30
35.0,0,8,2026-10-24,2026-09-30
40.0,0,0,2026-10-24,2026-09-30
45.0,0,41,2026-10-24,2026-09-30
50.0,0,55,2026-10-24,2026-09-30
55.0,0,10,2026-10-24,2026-09-30
60.0,0,95,2026-10-24,2026-09-30
65.0,1,8,2026-10-24,2026-09-30
70.0,0,65,2026-10-24,2026-09-30
75.0,0,56,2026-10-24,2026-09-30
80.0,0,110,2026-10-24,2026-09-30
85.0,3,43,2026-10-24,2026-09-30
90.0,1,81,2026-10-24,2026-09-30
95.0,1,45,2026-10-24,2026-09-30
100.0,2,108,2026-10-24,2026-09-30
105.0,0,45,2026-10-24,2026-09-30
110.0,0,105,2026-10-24,2026-09-30
115.0,0,0,2026-10-24,2026-09-30
120.0,0,0,2026-10-24,2026-09-30
125.0,0,0,2026-10-24,2026-09-30
130.0,0,0,2026-10-24,2026-09-30
135.0,1,0,2026-10-24,2026-09-30
140.0,0,0,2026-10-24,2026-09-30
145.0,0,6,2026-10-24,2026-09-30
150.0,0,0,2026-10-24,2026-09-30
155.0,0,0,2026-10-24,2026-09-30
160.0,0,0,2026-10-24,2026-09-30
165.0,0,0,2026-10-24,2026-09-30
170.0,0,0,2026-10-24,2026-09-30
175.0,0,0,2026-10-24,2026-09-30
180.0,0,1,2026-10-24,2026-09-30
185.0,0,5,2026-10-24,2026-09-30
190.0,0,11,2026-10-24,2026-09-30
195.0,0,8,2026-10-24,2026-09-30
200.0,0,28,2026-10-24,2026-09-30
205.0,0,8,2026-10-24,2026-09-30
210.0,0,31,2026-10-24,2026-09-30
215.0,0,27,2026-10-24,2026-09-30
220.0,0,57,2026-10-24,2026-09-30
225.0,0,58,2026-10-24,2026-09-30
230.0,0,37,2026-10-24,2026-09-30
235.0,0,39,2026-10-24,2026-09-30
240.0,0,236,2026-10-24,2026-09-30
245.0,0,76,2026-10-24,2026-09-30
250.0,0,81,2026-10-24,2026-09-30
255.0,0,252,2026-10-24,2026-09-30
260.0,0,755,2026-10-24,2026-09-30
265.0,0,439,2026-10-24,2026-09-30
270.0,0,271,2026-10-24,2026-09-30
275.0,3,130,2026-10-24,2026-09-30
280.0,0,154,2026-10-24,2026-09-30
285.0,0,147,2026-10-24,2026-09-30
290.0,0,168,2026-10-24,2026-09-30
295.0,0,25,2026-10-24,2026-09-30
300.0,0,35,2026-10-24,2026-09-30
305.0,0,108,2026-10-24,2026-09-30
310.0,0,202,2026-10-24,2026-09-30
315.0,0,16,2026-10-24,2026-09-30
320.0,0,36,2026-10-24,2026-09-30
325.0,0,165,2026-10-24,2026-09-30
330.0,0,29,2026-10-24,2026-09-30
335.0,0,39,2026-10-24,2026-09-30
340.0,0,47,2026-10-24,2026-09-30
345.0,0,43,2026-10-24,2026-09-30
350.0,0,43,2026-10-24,2026-09-30
355.0,0,49,2026-10-24,2026-09-30
360.0,0,11,2026-10-24,2026-09-30
365.0,0,16,2026-10-24,2026-09-30
370.0,0,17,2026-10-24,2026-09-30
375.0,1,20,2026-10-24,2026-09-30
380.0,0,11,2026-10-24,2026-09-30
385.0,0,29,2026-10-24,2026-09-30
390.0,3,11,2026-10-24,2026-09-30
395.0,0,5,2026-10-24,2026-09-30
400.0,0,30,2026-10-24,2026-09-30
405.0,6,14,2026-10-24,2026-09-30
410.0,1,8,2026-10-24,2026-09-30
415.0,0,8,2026-10-24,2026-09-30
420.0,0,10,2026-10-24,2026-09-30
425.0,0,17,2026-10-24,2026-09-30
430.0,1,25,2026-10-24,2026-09-30
435.0,0,12,2026-10-24,2026-09-30
440.0,3,8,2026-10-24,2026-09-30
445.0,0,8,2026-10-24,2026-09-30
450.0,1,18,2026-10-24,2026-09-30
455.0,0,8,2026-10-24,2026-09-30
460.0,0,12,2026-10-24,2026-09-30
465.0,0,6,2026-10-24,2026-09-30
470.0,0,6,2026-10-24,2026-09-30
475.0,1,8,2026-10-24,2026-09-30
480.0,2,17,2026-10-24,2026-09-30
485.0,0,15,2026-10-24,2026-09-30
490.0,2,5,2026-10-24,2026-09-30
495.0,0,34,2026-10-24,2026-09-30
500.0,1,59,2026-10-24,2026-09-30
505.0,0,42,2026-10-24,2026-09-30
510.0,1,52,2026-10-24,2026-09-30
515.0,0,3,2026-10-24,2026-09-30
520.0,0,33,2026-10-24,2026-09-30
525.0,0,2,2026-10-24,2026-09-30
530.0,0,202,2026-10-24,2026-09-30
535.0,1,49,2026-10-24,2026-09-30
540.0,0,62,2026-10-24,2026-09-30
545.0,0,21,2026-10-24,2026-09-30
550.0,0,130,2026-10-24,2026-09-30
555.0,4,104,2026-10-24,2026-09-30
560.0,1,9,2026-10-24,2026-09-30
565.0,0,79,2026-10-24,2026-09-30
570.0,0,61,2026-10-24,2026-09-30
575.0,0,44,2026-10-24,2026-09-30
580.0,1,47,2026-10-24,2026-09-30
585.0,1,100,2026-10-24,2026-09-30
590.0,1,6,2026-10-24,2026-09-30
595.0,0,23,2026-10-24,2026-09-30
600.0,2,38,2026-10-24,2026-09-30
605.0,0,6,2026-10-24,2026-09-30
610.0,1,15,2026-10-24,2026-09-30
615.0,1,7,2026-10-24,2026-09-30
620.0,4,201,2026-10-24,2026-09-30
625.0,0,40,2026-10-24,2026-09-30
630.0,1,2,2026-10-24,2026-09-30
635.0,0,4,2026-10-24,2026-09-30
640.0,2,27,2026-10-24,2026-09-30
645.0,1,5,2026-10-24,2026-09-30
650.0,0,236,2026-10-24,2026-09-30
655.0,2,144,2026-10-24,2026-09-30
660.0,10,13,2026-10-24,2026-09-30
665.0,0,6,2026-10-24,2026-09-30
670.0,1,219,2026-10-24,2026-09-30
675.0,2,64,2026-10-24,2026-09-30
680.0,0,62,2026-10-24,2026-09-30
685.0,1,84,2026-10-24,2026-09-30
690.0,2,164,2026-10-24,2026-09-30
695.0,5,177,2026-10-24,2026-09-30
700.0,3,174,2026-10-24,2026-09-30
705.0,1,82,2026-10-24,2026-09-30
710.0,0,78,2026-10-24,2026-09-30
715.0,4,101,2026-10-24,2026-09-30
720.0,1,60,2026-10-24,2026-09-30
725.0,1,45,2026-10-24,2026-09-30
730.0,9,187,2026-10-24,2026-09-30
735.0,1,21,2026-10-24,2026-09-30
740.0,11,75,2026-10-24,2026-09-30
745.0,2,62,2026-10-24,2026-09-30
750.0,15,197,2026-10-24,2026-09-30
755.0,15,238,2026-10-24,2026-09-30
760.0,0,88,2026-10-24,2026-09-30
765.0,15,43,2026-10-24,2026-09-30
770.0,2,119,2026-10-24,2026-09-30
775.0,3,215,2026-10-24,2026-09-30
780.0,13,126,2026-10-24,2026-09-30
785.0,1,87,2026-10-24,2026-09-30
790.0,28,175,2026-10-24,2026-09-30
795.0,26,85,2026-10-24,2026-09-30
800.0,198,461,2026-10-24,2026-09-30
805.0,0,120,2026-10-24,2026-09-30
810.0,1,198,2026-10-24,2026-09-30
815.0,1,46,2026-10-24,2026-09-30
820.0,3,249,2026-10-24,2026-09-30
825.0,7,98,2026-10-24,2026-09-30
830.0,11,211,2026-10-24,2026-09-30
835.0,1,81,2026-10-24,2026-09-30
840.0,52,45,2026-10-24,2026-09-30
845.0,0,94,2026-10-24,2026-09-30
850.0,5,834,2026-10-24,2026-09-30
855.0,1,54,2026-10-24,2026-09-30
860.0,1,141,2026-10-24,2026-09-30
865.0,1,46,2026-10-24,2026-09-30
870.0,1,175,2026-10-24,2026-09-30
875.0,11,89,2026-10-24,2026-09-30
880.0,10,225,2026-10-24,2026-09-30
885.0,2,53,2026-10-24,2026-09-30
890.0,19,94,2026-10-24,2026-09-30
895.0,27,175,2026-10-24,2026-09-30
900.0,269,442,2026-10-24,2026-09-30
905.0,22,101,2026-10-24,2026-09-30
910.0,9,115,2026-10-24,2026-09-30
915.0,14,42,2026-10-24,2026-09-30
920.0,1500,1500,2026-10-24,2026-09-30
920.0,58,115,2026-10-24,2026-09-30
925.0,69,129,2026-10-24,2026-09-30
930.0,59,178,2026-10-24,2026-09-30
935.0,68,92,2026-10-24,2026-09-30
940.0,51,137,2026-10-24,2026-09-30
945.0,23,74,2026-10-24,2026-09-30
950.0,42,385,2026-10-24,2026-09-30
955.0,84,76,2026-10-24,2026-09-30
960.0,46,77,2026-10-24,2026-09-30
965.0,6,44,2026-10-24,2026-09-30
970.0,55,115,2026-10-24,2026-09-30
975.0,65,68,2026-10-24,2026-09-30
980.0,62,84,2026-10-24,2026-09-30
985.0,14,90,2026-10-24,2026-09-30
990.0,58,38,2026-10-24,2026-09-30
995.0,66,75,2026-10-24,2026-09-30
1000.0,201,462,2026-10-24,2026-09-30
1005.0,39,44,2026-10-24,2026-09-30
1010.0,110,31,2026-10-24,2026-09-30
1015.0,44,41,2026-10-24,2026-09-30
1020.0,173,158,2026-10-24,2026-09-30
1025.0,100,63,2026-10-24,2026-09-30
1030.0,55,45,2026-10-24,2026-09-30
1035.0,45,55,2026-10-24,2026-09-30
1040.0,130,48,2026-10-24,2026-09-30
1045.0,67,27,2026-10-24,2026-09-30
1050.0,231,475,2026-10-24,2026-09-30
1055.0,111,19,2026-10-24,2026-09-30
1060.0,259,38,2026-10-24,2026-09-30
1065.0,45,48,2026-10-24,2026-09-30
1070.0,166,516,2026-10-24,2026-09-30
1075.0,313,69,2026-10-24,2026-09-30
1080.0,161,49,2026-10-24,2026-09-30
1085.0,143,19,2026-10-24,2026-09-30
1090.0,112,18,2026-10-24,2026-09-30
1095.0,85,19,2026-10-24,2026-09-30
1100.0,447,381,2026-10-24,2026-09-30
1105.0,176,14,2026-10-24,2026-09-30
1110.0,73,27,2026-10-24,2026-09-30
1115.0,73,7,2026-10-24,2026-09-30
1120.0,63,5,2026-10-24,2026-09-30
1125.0,69,0,2026-10-24,2026-09-30
1130.0,41,32,2026-10-24,2026-09-30
1135.0,51,2,2026-10-24,2026-09-30
1140.0,34,1,2026-10-24,2026-09-30
1145.0,27,0,2026-10-24,2026-09-30
1150.0,435,14,2026-10-24,2026-09-30
1160.0,71,37,2026-10-24,2026-09-30
1170.0,88,13,2026-10-24,2026-09-30
1180.0,261,19,2026-10-24,2026-09-30
1190.0,51,15,2026-10-24,2026-09-30
1200.0,440,51,2026-10-24,2026-09-30
1210.0,103,17,2026-10-24,2026-09-30
1220.0,132,10,2026-10-24,2026-09-30
1230.0,220,40,2026-10-24,2026-09-30
1240.0,63,5,2026-10-24,2026-09-30
1250.0,266,0,2026-10-24,2026-09-30
1260.0,277,0,2026-10-24,2026-09-30
1270.0,137,5,2026-10-24,2026-09-30
1280.0,34,4,2026-10-24,2026-09-30
1290.0,174,1,2026-10-24,2026-09-30
1300.0,500,1,2026-10-24,2026-09-30
1310.0,54,0,2026-10-24,2026-09-30
1320.0,36,0,2026-10-24,2026-09-30
1330.0,93,0,2026-10-24,2026-09-30
1340.0,127,1,2026-10-24,2026-09-30
1350.0,153,0,2026-10-24,2026-09-30
1360.0,49,0,2026-10-24,2026-09-30
1370.0,40,2,2026-10-24,2026-09-30
1380.0,103,0,2026-10-24,2026-09-30
1390.0,46,0,2026-10-24,2026-09-30
1400.0,314,2,2026-10-24,2026-09-30
1410.0,19,0,2026-10-24,2026-09-30
1420.0,54,0,2026-10-24,2026-09-30
1430.0,35,0,2026-10-24,2026-09-30
1440.0,29,0,2026-10-24,2026-09-30
1450.0,172,0,2026-10-24,2026-09-30
1460.0,30,0,2026-10-24,2026-09-30
1470.0,35,0,2026-10-24,2026-09-30
1480.0,16,0,2026-10-24,2026-09-30
1490.0,552,0,2026-10-24,2026-09-30
1500.0,239,0,2026-10-24,2026-09-30
1510.0,33,0,2026-10-24,2026-09-30
1520.0,31,0,2026-10-24,2026-09-30
1530.0,484,0,2026-10-24,2026-09-30
1540.0,38,0,2026-10-24,2026-09-30
1550.0,16,0,2026-10-24,2026-09-30
1560.0,12,0,2026-10-24,2026-09-30
1570.0,20,0,2026-10-24,2026-09-30
1580.0,3,0,2026-10-24,2026-09-30
1590.0,19,1,2026-10-24,2026-09-30
1600.0,41,0,2026-10-24,2026-09-30
1610.0,42,0,2026-10-24,2026-09-30
1620.0,35,0,2026-10-24,2026-09-30
1630.0,9,1,2026-10-24,2026-09-30
1640.0,8,0,2026-10-24,2026-09-30
1650.0,16,0,2026-10-24,2026-09-30
1660.0,15,0,2026-10-24,2026-09-30
1670.0,7,0,2026-10-24,2026-09-30
1680.0,6,0,2026-10-24,2026-09-30
1690.0,35,0,2026-10-24,2026-09-30
1700.0,29,0,2026-10-24,2026-09-30
1710.0,3,0,2026-10-24,2026-09-30
1720.0,4,0,2026-10-24,2026-09-30
1730.0,173,0,2026-10-24,2026-09-30
1100.0,29,0,2026-10-29,2026-09-30
1000.0,4150,4150,2026-10-30,2026-09-30
5.0,0,0,2026-10-31,2026-09-30
10.0,0,0,2026-10-31,2026-09-30
15.0,0,0,2026-10-31,2026-09-30
20.0,0,0,2026-10-31,2026-09-30
25.0,0,0,2026-10-31,2026-09-30
30.0,0,0,2026-10-31,2026-09-30
35.0,0,1,2026-10-31,2026-09-30
40.0,0,0,2026-10-31,2026-09-30
45.0,0,0,2026-10-31,2026-09-30
50.0,0,0,2026-10-31,2026-09-30
55.0,0,0,2026-10-31,2026-09-30
60.0,0,0,2026-10-31,2026-09-30
65.0,0,0,2026-10-31,2026-09-30
70.0,0,0,2026-10-31,2026-09-30
75.0,0,0,2026-10-31,2026-09-30
80.0,0,0,2026-10-31,2026-09-30
85.0,0,0,2026-10-31,2026-09-30
90.0,0,2,2026-10-31,2026-09-30
95.0,0,0,2026-10-31,2026-09-30
100.0,0,0,2026-10-31,2026-09-30
105.0,0,0,2026-10-31,2026-09-30
110.0,0,0,2026-10-31,2026-09-30
115.0,0,0,2026-10-31,2026-09-30
120.0,0,0,2026-10-31,2026-09-30
125.0,0,1,2026-10-31,2026-09-30
130.0,0,0,2026-10-31,2026-09-30
135.0,0,0,2026-10-31,2026-09-30
140.0,0,0,2026-10-31,2026-09-30
145.0,0,0,2026-10-31,2026-09-30
150.0,0,0,2026-10-31,2026-09-30
155.0,0,0,2026-10-31,2026-09-30
160.0,0,0,2026-10-31,2026-09-30
165.0,0,0,2026-10-31,2026-09-30
170.0,0,0,2026-10-31,2026-09-30
175.0,0,0,2026-10-31,2026-09-30
180.0,0,0,2026-10-31,2026-09-30
185.0,1,79,2026-10-31,2026-09-30
190.0,0,129,2026-10-31,2026-09-30
195.0,0,57,2026-10-31,2026-09-30
200.0,0,109,2026-10-31,2026-09-30
210.0,0,35,2026-10-31,2026-09-30
220.0,1,45,2026-10-31,2026-09-30
230.0,0,40,2026-10-31,2026-09-30
240.0,0,37,2026-10-31,2026-09-30
250.0,0,35,2026-10-31,2026-09-30
260.0,0,28,2026-10-31,2026-09-30
270.0,0,44,2026-10-31,2026-09-30
280.0,2,26,2026-10-31,2026-09-30
290.0,0,24,2026-10-31,2026-09-30
300.0,20,20,2026-10-31,2026-09-30
310.0,0,20,2026-10-31,2026-09-30
320.0,0,15,2026-10-31,2026-09-30
330.0,0,9,2026-10-31,2026-09-30
340.0,0,30,2026-10-31,2026-09-30
350.0,6,31,2026-10-31,2026-09-30
360.0,0,78,2026-10-31,2026-09-30
370.0,26,37,2026-10-31,2026-09-30
380.0,0,20,2026-10-31,2026-09-30
390.0,0,27,2026-10-31,2026-09-30
400.0,0,31,2026-10-31,2026-09-30
410.0,0,9,2026-10-31,2026-09-30
420.0,3,47,2026-10-31,2026-09-30
430.0,11,4,2026-10-31,2026-09-30
440.0,0,4,2026-10-31,2026-09-30
450.0,0,14,2026-10-31,2026-09-30
460.0,38,11,2026-10-31,2026-09-30
470.0,0,2,2026-10-31,2026-09-30
480.0,0,5,2026-10-31,2026-09-30
490.0,0,5,2026-10-31,2026-09-30
500.0,2,7,2026-10-31,2026-09-30
510.0,1,31,2026-10-31,2026-09-30
520.0,1,31,2026-10-31,2026-09-30
530.0,1,32,2026-10-31,2026-09-30
540.0,0,24,2026-10-31,2026-09-30
550.0,0,33,2026-10-31,2026-09-30
560.0,2,12,2026-10-31,2026-09-30
570.0,0,5,2026-10-31,2026-09-30
580.0,2,7,2026-10-31,2026-09-30
590.0,0,12,2026-10-31,2026-09-30
600.0,1,437,2026-10-31,2026-09-30
610.0,0,18,2026-10-31,2026-09-30
620.0,0,25,2026-10-31,2026-09-30
630.0,1,58,2026-10-31,2026-09-30
640.0,1,11,2026-10-31,2026-09-30
650.0,3,142,2026-10-31,2026-09-30
660.0,3,35,2026-10-31,2026-09-30
670.0,0,19,2026-10-31,2026-09-30
680.0,1,32,2026-10-31,2026-09-30
690.0,1,13,2026-10-31,2026-09-30
700.0,88,224,2026-10-31,2026-09-30
710.0,3,55,2026-10-31,2026-09-30
720.0,4,156,2026-10-31,2026-09-30
730.0,23,86,2026-10-31,2026-09-30
740.0,1,44,2026-10-31,2026-09-30
750.0,101,212,2026-10-31,2026-09-30
760.0,1,68,2026-10-31,2026-09-30
770.0,49,252,2026-10-31,2026-09-30
780.0,9,109,2026-10-31,2026-09-30
790.0,1,77,2026-10-31,2026-09-30
795.0,3,1495,2026-10-31,2026-09-30
800.0,65,464,2026-10-31,2026-09-30
805.0,1,103,2026-10-31,2026-09-30
810.0,10,49,2026-10-31,2026-09-30
815.0,27,83,2026-10-31,2026-09-30
820.0,5,180,2026-10-31,2026-09-30
825.0,103,64,2026-10-31,2026-09-30
830.0,12,81,2026-10-31,2026-09-30
835.0,2,65,2026-10-31,2026-09-30
840.0,11,163,2026-10-31,2026-09-30
845.0,3,101,2026-10-31,2026-09-30
850.0,24,870,2026-10-31,2026-09-30
855.0,1,126,2026-10-31,2026-09-30
860.0,12,131,2026-10-31,2026-09-30
865.0,45,536,2026-10-31,2026-09-30
870.0,31,105,2026-10-31,2026-09-30
875.0,1,70,2026-10-31,2026-09-30
880.0,80,134,2026-10-31,2026-09-30
885.0,5,71,2026-10-31,2026-09-30
890.0,65,126,2026-10-31,2026-09-30
895.0,7,127,2026-10-31,2026-09-30
900.0,367,789,2026-10-31,2026-09-30
905.0,422,95,2026-10-31,2026-09-30
910.0,253,124,2026-10-31,2026-09-30
915.0,18,210,2026-10-31,2026-09-30
920.0,86,276,2026-10-31,2026-09-30
925.0,76,104,2026-10-31,2026-09-30
930.0,35,156,2026-10-31,2026-09-30
935.0,13,87,2026-10-31,2026-09-30
940.0,128,79,2026-10-31,2026-09-30
945.0,36,32,2026-10-31,2026-09-30
950.0,288,196,2026-10-31,2026-09-30
955.0,41,68,2026-10-31,2026-09-30
960.0,24,71,2026-10-31,2026-09-30
965.0,13,28,2026-10-31,2026-09-30
970.0,51,68,2026-10-31,2026-09-30
975.0,37,160,2026-10-31,2026-09-30
980.0,65,241,2026-10-31,2026-09-30
985.0,69,126,2026-10-31,2026-09-30
990.0,121,77,2026-10-31,2026-09-30
995.0,65,70,2026-10-31,2026-09-30
1000.0,411,364,2026-10-31,2026-09-30
1005.0,60,35,2026-10-31,2026-09-30
1010.0,35,34,2026-10-31,2026-09-30
1015.0,24,22,2026-10-31,2026-09-30
1020.0,241,40,2026-10-31,2026-09-30
1025.0,231,28,2026-10-31,2026-09-30
1030.0,111,35,2026-10-31,2026-09-30
1035.0,53,49,2026-10-31,2026-09-30
1040.0,94,52,2026-10-31,2026-09-30
1045.0,62,186,2026-10-31,2026-09-30
1050.0,600,600,2026-10-31,2026-09-30
1050.0,316,93,2026-10-31,2026-09-30
1055.0,58,68,2026-10-31,2026-09-30
1060.0,93,71,2026-10-31,2026-09-30
1065.0,119,147,2026-10-31,2026-09-30
1070.0,176,66,2026-10-31,2026-09-30
1075.0,283,62,2026-10-31,2026-09-30
1080.0,129,43,2026-10-31,2026-09-30
1085.0,89,83,2026-10-31,2026-09-30
1090.0,239,91,2026-10-31,2026-09-30
1095.0,70,75,2026-10-31,2026-09-30
1100.0,845,400,2026-10-31,2026-09-30
1105.0,24,66,2026-10-31,2026-09-30
1110.0,208,52,2026-10-31,2026-09-30
1115.0,115,42,2026-10-31,2026-09-30
1120.0,124,22,2026-10-31,2026-09-30
1125.0,84,9,2026-10-31,2026-09-30
1130.0,195,19,2026-10-31,2026-09-30
1135.0,29,2,2026-10-31,2026-09-30
1140.0,5,0,2026-10-31,2026-09-30
1140.0,140,3,2026-10-31,2026-09-30
1145.0,52,0,2026-10-31,2026-09-30
1150.0,263,29,2026-10-31,2026-09-30
1160.0,88,2,2026-10-31,2026-09-30
1170.0,138,2,2026-10-31,2026-09-30
1180.0,58,1,2026-10-31,2026-09-30
1190.0,147,0,2026-10-31,2026-09-30
1200.0,532,18,2026-10-31,2026-09-30
1210.0,70,13,2026-10-31,2026-09-30
1220.0,59,1,2026-10-31,2026-09-30
1230.0,62,1,2026-10-31,2026-09-30
1240.0,42,1,2026-10-31,2026-09-30
1250.0,346,4,2026-10-31,2026-09-30
1260.0,127,0,2026-10-31,2026-09-30
1270.0,114,1,2026-10-31,2026-09-30
1280.0,138,0,2026-10-31,2026-09-30
1290.0,54,1,2026-10-31,2026-09-30
1300.0,704,1,2026-10-31,2026-09-30
1310.0,53,0,2026-10-31,2026-09-30
1320.0,73,0,2026-10-31,2026-09-30
1330.0,45,0,2026-10-31,2026-09-30
1340.0,31,2,2026-10-31,2026-09-30
1350.0,161,0,2026-10-31,2026-09-30
1360.0,127,0,2026-10-31,2026-09-30
1370.0,79,0,2026-10-31,2026-09-30
1380.0,126,0,2026-10-31,2026-09-30
1390.0,24,0,2026-10-31,2026-09-30
1400.0,343,0,2026-10-31,2026-09-30
1410.0,15,0,2026-10-31,2026-09-30
1420.0,162,1,2026-10-31,2026-09-30
1430.0,70,0,2026-10-31,2026-09-30
1440.0,155,1,2026-10-31,2026-09-30
1450.0,59,0,2026-10-31,2026-09-30
1460.0,32,0,2026-10-31,2026-09-30
1470.0,18,3,2026-10-31,2026-09-30
1480.0,10,2,2026-10-31,2026-09-30
1490.0,6,0,2026-10-31,2026-09-30
1500.0,807,0,2026-10-31,2026-09-30
1510.0,77,0,2026-10-31,2026-09-30
1520.0,5,0,2026-10-31,2026-09-30
1530.0,50,0,2026-10-31,2026-09-30
1540.0,2,0,2026-10-31,2026-09-30
1550.0,39,0,2026-10-31,2026-09-30
1560.0,2,0,2026-10-31,2026-09-30
1570.0,11,0,2026-10-31,2026-09-30
1580.0,5,0,2026-10-31,2026-09-30
1590.0,12,0,2026-10-31,2026-09-30
1600.0,47,0,2026-10-31,2026-09-30
1610.0,37,1,2026-10-31,2026-09-30
1620.0,6,0,2026-10-31,2026-09-30
1630.0,6,0,2026-10-31,2026-09-30
1640.0,5,0,2026-10-31,2026-09-30
1650.0,17,0,2026-10-31,2026-09-30
1660.0,2,0,2026-10-31,2026-09-30
1670.0,3,0,2026-10-31,2026-09-30
1680.0,8,0,2026-10-31,2026-09-30
1690.0,3,0,2026-10-31,2026-09-30
1700.0,81,0,2026-10-31,2026-09-30
1710.0,15,0,2026-10-31,2026-09-30
1720.0,10,0,2026-10-31,2026-09-30
1730.0,391,0,2026-10-31,2026-09-30
1250.0,29,0,2026-11-05,2026-09-30
1340.0,9,0,2026-11-05,2026-09-30
5.0,0,0,2026-11-07,2026-09-30
10.0,0,0,2026-11-07,2026-09-30
15.0,0,1,2026-11-07,2026-09-30
20.0,0,0,2026-11-07,2026-09-30
25.0,0,0,2026-11-07,2026-09-30
30.0,0,0,2026-11-07,2026-09-30
35.0,0,0,2026-11-07,2026-09-30
40.0,0,0,2026-11-07,2026-09-30
45.0,0,0,2026-11-07,2026-09-30
50.0,0,0,2026-11-07,2026-09-30
55.0,0,0,2026-11-07,2026-09-30
60.0,0,0,2026-11-07,2026-09-30
65.0,0,0,2026-11-07,2026-09-30
70.0,0,0,2026-11-07,2026-09-30
75.0,0,0,2026-11-07,2026-09-30
80.0,0,0,2026-11-07,2026-09-30
85.0,0,0,2026-11-07,2026-09-30
90.0,0,0,2026-11-07,2026-09-30
95.0,0,0,2026-11-07,2026-09-30
100.0,0,0,2026-11-07,2026-09-30
105.0,0,0,2026-11-07,2026-09-30
110.0,0,0,2026-11-07,2026-09-30
115.0,0,0,2026-11-07,2026-09-30
120.0,0,0,2026-11-07,2026-09-30
125.0,0,0,2026-11-07,2026-09-30
130.0,0,0,2026-11-07,2026-09-30
135.0,0,0,2026-11-07,2026-09-30
140.0,0,0,2026-11-07,2026-09-30
145.0,0,0,2026-11-07,2026-09-30
150.0,0,0,2026-11-07,2026-09-30
155.0,0,0,2026-11-07,2026-09-30
160.0,0,0,2026-11-07,2026-09-30
165.0,0,0,2026-11-07,2026-09-30
170.0,0,0,2026-11-07,2026-09-30
175.0,0,3,2026-11-07,2026-09-30
180.0,0,4,2026-11-07,2026-09-30
185.0,0,2,2026-11-07,2026-09-30
190.0,0,2,2026-11-07,2026-09-30
195.0,0,13,2026-11-07,2026-09-30
200.0,0,12,2026-11-07,2026-09-30
210.0,0,3,2026-11-07,2026-09-30
220.0,0,9,2026-11-07,2026-09-30
230.0,0,10,2026-11-07,2026-09-30
240.0,0,8,2026-11-07,2026-09-30
250.0,0,22,2026-11-07,2026-09-30
260.0,0,4,2026-11-07,2026-09-30
270.0,0,8,2026-11-07,2026-09-30
280.0,8,11,2026-11-07,2026-09-30
290.0,0,9,2026-11-07,2026-09-30
300.0,0,16,2026-11-07,2026-09-30
310.0,0,3,2026-11-07,2026-09-30
320.0,0,4,2026-11-07,2026-09-30
330.0,0,9,2026-11-07,2026-09-30
340.0,0,9,2026-11-07,2026-09-30
350.0,0,1,2026-11-07,2026-09-30
360.0,0,5,2026-11-07,2026-09-30
370.0,0,3,2026-11-07,2026-09-30
380.0,0,8,2026-11-07,2026-09-30
390.0,0,11,2026-11-07,2026-09-30
400.0,0,8,2026-11-07,2026-09-30
410.0,0,1,2026-11-07,2026-09-30
420.0,0,0,2026-11-07,2026-09-30
430.0,0,0,2026-11-07,2026-09-30
440.0,1,0,2026-11-07,2026-09-30
450.0,0,1,2026-11-07,2026-09-30
460.0,0,2,2026-11-07,2026-09-30
470.0,0,67,2026-11-07,2026-09-30
480.0,0,1,2026-11-07,2026-09-30
490.0,0,1,2026-11-07,2026-09-30
500.0,0,11,2026-11-07,2026-09-30
510.0,0,0,2026-11-07,2026-09-30
520.0,0,1,2026-11-07,2026-09-30
530.0,0,1,2026-11-07,2026-09-30
540.0,5,0,2026-11-07,2026-09-30
550.0,0,0,2026-11-07,2026-09-30
560.0,1,2,2026-11-07,2026-09-30
570.0,0,0,2026-11-07,2026-09-30
580.0,0,2,2026-11-07,2026-09-30
590.0,0,1,2026-11-07,2026-09-30
600.0,0,11,2026-11-07,2026-09-30
610.0,0,1,2026-11-07,2026-09-30
620.0,0,3,2026-11-07,2026-09-30
630.0,0,0,2026-11-07,2026-09-30
640.0,0,0,2026-11-07,2026-09-30
650.0,0,13,2026-11-07,2026-09-30
660.0,0,7,2026-11-07,2026-09-30
670.0,0,3,2026-11-07,2026-09-30
680.0,0,34,2026-11-07,2026-09-30
690.0,0,21,2026-11-07,2026-09-30
700.0,1,260,2026-11-07,2026-09-30
710.0,1,6,2026-11-07,2026-09-30
720.0,0,2,2026-11-07,2026-09-30
730.0,0,2,2026-11-07,2026-09-30
740.0,0,31,2026-11-07,2026-09-30
750.0,0,18,2026-11-07,2026-09-30
760.0,0,8,2026-11-07,2026-09-30
770.0,0,22,2026-11-07,2026-09-30
780.0,0,12,2026-11-07,2026-09-30
790.0,0,14,2026-11-07,2026-09-30
795.0,0,9,2026-11-07,2026-09-30
800.0,10,25,2026-11-07,2026-09-30
805.0,5,3,2026-11-07,2026-09-30
810.0,0,9,2026-11-07,2026-09-30
815.0,0,2,2026-11-07,2026-09-30
820.0,2,28,2026-11-07,2026-09-30
825.0,0,28,2026-11-07,2026-09-30
830.0,0,34,2026-11-07,2026-09-30
835.0,5,2,2026-11-07,2026-09-30
840.0,1,28,2026-11-07,2026-09-30
845.0,3,14,2026-11-07,2026-09-30
850.0,0,62,2026-11-07,2026-09-30
855.0,0,12,2026-11-07,2026-09-30
860.0,0,34,2026-11-07,2026-09-30
865.0,0,1,2026-11-07,2026-09-30
870.0,0,91,2026-11-07,2026-09-30
875.0,1,104,2026-11-07,2026-09-30
880.0,0,29,2026-11-07,2026-09-30
885.0,0,39,2026-11-07,2026-09-30
890.0,0,50,2026-11-07,2026-09-30
895.0,0,48,2026-11-07,2026-09-30
900.0,3,128,2026-11-07,2026-09-30
905.0,2,12,2026-11-07,2026-09-30
910.0,0,26,2026-11-07,2026-09-30
915.0,1,24,2026-11-07,2026-09-30
920.0,0,30,2026-11-07,2026-09-30
925.0,0,17,2026-11-07,2026-09-30
930.0,0,16,2026-11-07,2026-09-30
935.0,0,34,2026-11-07,2026-09-30
940.0,5,59,2026-11-07,2026-09-30
945.0,0,30,2026-11-07,2026-09-30
950.0,9,38,2026-11-07,2026-09-30
955.0,1,30,2026-11-07,2026-09-30
960.0,0,65,2026-11-07,2026-09-30
965.0,1,8,2026-11-07,2026-09-30
970.0,0,39,2026-11-07,2026-09-30
975.0,2,4,2026-11-07,2026-09-30
980.0,6,64,2026-11-07,2026-09-30
985.0,0,9,2026-11-07,2026-09-30
990.0,1,30,2026-11-07,2026-09-30
995.0,1,7,2026-11-07,2026-09-30
1000.0,15,57,2026-11-07,2026-09-30
1005.0,1,30,2026-11-07,2026-09-30
1010.0,4,92,2026-11-07,2026-09-30
1015.0,24,2,2026-11-07,2026-09-30
1020.0,23,20,2026-11-07,2026-09-30
1025.0,0,19,2026-11-07,2026-09-30
1030.0,4,17,2026-11-07,2026-09-30
1035.0,7,7,2026-11-07,2026-09-30
1040.0,4,4,2026-11-07,2026-09-30
1045.0,12,44,2026-11-07,2026-09-30
1050.0,44,125,2026-11-07,2026-09-30
1055.0,7,6,2026-11-07,2026-09-30
1060.0,40,25,2026-11-07,2026-09-30
1065.0,223,4,2026-11-07,2026-09-30
1070.0,433,14,2026-11-07,2026-09-30
1075.0,285,26,2026-11-07,2026-09-30
1080.0,26,8,2026-11-07,2026-09-30
1085.0,45,31,2026-11-07,2026-09-30
1090.0,20,2,2026-11-07,2026-09-30
1095.0,9,2,2026-11-07,2026-09-30
1100.0,300,300,2026-11-07,2026-09-30
1100.0,34,25,2026-11-07,2026-09-30
1105.0,1,11,2026-11-07,2026-09-30
1110.0,40,10,2026-11-07,2026-09-30
1115.0,8,0,2026-11-07,2026-09-30
1120.0,40,7,2026-11-07,2026-09-30
1125.0,17,3,2026-11-07,2026-09-30
1130.0,53,6,2026-11-07,2026-09-30
1135.0,5,6,2026-11-07,2026-09-30
1140.0,13,0,2026-11-07,2026-09-30
1145.0,48,1,2026-11-07,2026-09-30
1150.0,30,0,2026-11-07,2026-09-30
1160.0,16,1,2026-11-07,2026-09-30
1170.0,106,4,2026-11-07,2026-09-30
1180.0,21,21,2026-11-07,2026-09-30
1190.0,14,40,2026-11-07,2026-09-30
1200.0,106,40,2026-11-07,2026-09-30
1210.0,5,0,2026-11-07,2026-09-30
1220.0,12,0,2026-11-07,2026-09-30
1230.0,2,0,2026-11-07,2026-09-30
1240.0,7,0,2026-11-07,2026-09-30
1250.0,87,1,2026-11-07,2026-09-30
1260.0,128,0,2026-11-07,2026-09-30
1270.0,14,5,2026-11-07,2026-09-30
1280.0,6,0,2026-11-07,2026-09-30
1290.0,9,0,2026-11-07,2026-09-30
1300.0,71,0,2026-11-07,2026-09-30
1310.0,62,0,2026-11-07,2026-09-30
1320.0,11,0,2026-11-07,2026-09-30
1330.0,24,0,2026-11-07,2026-09-30
1340.0,2,0,2026-11-07,2026-09-30
1350.0,46,0,2026-11-07,2026-09-30
1360.0,2,0,2026-11-07,2026-09-30
1370.0,5,0,2026-11-07,2026-09-30
1380.0,13,0,2026-11-07,2026-09-30
1390.0,3,0,2026-11-07,2026-09-30
1400.0,46,0,2026-11-07,2026-09-30
1410.0,4,1,2026-11-07,2026-09-30
1420.0,2,0,2026-11-07,2026-09-30
1430.0,0,0,2026-11-07,2026-09-30
1440.0,1,0,2026-11-07,2026-09-30
1450.0,3,0,2026-11-07,2026-09-30
1460.0,12,0,2026-11-07,2026-09-30
1470.0,0,0,2026-11-07,2026-09-30
1480.0,2,0,2026-11-07,2026-09-30
1490.0,1,0,2026-11-07,2026-09-30
1500.0,13,0,2026-11-07,2026-09-30
1510.0,2,0,2026-11-07,2026-09-30
1520.0,6,0,2026-11-07,2026-09-30
1530.0,6,0,2026-11-07,2026-09-30
1540.0,0,0,2026-11-07,2026-09-30
1550.0,12,0,2026-11-07,2026-09-30
1560.0,2,2,2026-11-07,2026-09-30
1570.0,0,0,2026-11-07,2026-09-30
1580.0,0,0,2026-11-07,2026-09-30
1590.0,2,0,2026-11-07,2026-09-30
1600.0,4,0,2026-11-07,2026-09-30
1610.0,0,0,2026-11-07,2026-09-30
1620.0,0,0,2026-11-07,2026-09-30
1630.0,0,0,2026-11-07,2026-09-30
1640.0,0,0,2026-11-07,2026-09-30
1650.0,6,0,2026-11-07,2026-09-30
1660.0,0,0,2026-11-07,2026-09-30
1670.0,0,0,2026-11-07,2026-09-30
1680.0,2,0,2026-11-07,2026-09-30
1690.0,2,0,2026-11-07,2026-09-30
1700.0,11,0,2026-11-07,2026-09-30
1710.0,0,0,2026-11-07,2026-09-30
1720.0,0,0,2026-11-07,2026-09-30
1730.0,26,0,2026-11-07,2026-09-30
1100.0,550,550,2026-11-14,2026-09-30
5.0,1,87,2026-11-21,2026-09-30
10.0,0,49,2026-11-21,2026-09-30
15.0,0,644,2026-11-21,2026-09-30
20.0,1,165,2026-11-21,2026-09-30
25.0,0,141,2026-11-21,2026-09-30
30.0,1,52,2026-11-21,2026-09-30
35.0,9,815,2026-11-21,2026-09-30
40.0,4,47,2026-11-21,2026-09-30
45.0,2,88,2026-11-21,2026-09-30
50.0,5,52,2026-11-21,2026-09-30
55.0,8,194,2026-11-21,2026-09-30
60.0,12,285,2026-11-21,2026-09-30
65.0,3,560,2026-11-21,2026-09-30
70.0,1,895,2026-11-21,2026-09-30
75.0,11,52,2026-11-21,2026-09-30
80.0,4,56,2026-11-21,2026-09-30
85.0,1,36,2026-11-21,2026-09-30
90.0,12,158,2026-11-21,2026-09-30
95.0,5,724,2026-11-21,2026-09-30
100.0,40,982,2026-11-21,2026-09-30
105.0,2,170,2026-11-21,2026-09-30
110.0,48,381,2026-11-21,2026-09-30
115.0,5,185,2026-11-21,2026-09-30
120.0,16,96,2026-11-21,2026-09-30
125.0,2,468,2026-11-21,2026-09-30
130.0,24,140,2026-11-21,2026-09-30
135.0,10,4124,2026-11-21,2026-09-30
140.0,18,53,2026-11-21,2026-09-30
145.0,3,221,2026-11-21,2026-09-30
150.0,3,688,2026-11-21,2026-09-30
155.0,19,120,2026-11-21,2026-09-30
160.0,28,241,2026-11-21,2026-09-30
165.0,28,89,2026-11-21,2026-09-30
170.0,9,96,2026-11-21,2026-09-30
175.0,19,234,2026-11-21,2026-09-30
180.0,24,135,2026-11-21,2026-09-30
185.0,9,148,2026-11-21,2026-09-30
190.0,6,306,2026-11-21,2026-09-30
195.0,116,2736,2026-11-21,2026-09-30
200.0,75,1893,2026-11-21,2026-09-30
210.0,39,203,2026-11-21,2026-09-30
220.0,36,419,2026-11-21,2026-09-30
230.0,79,1702,2026-11-21,2026-09-30
240.0,15,760,2026-11-21,2026-09-30
250.0,100,1094,2026-11-21,2026-09-30
260.0,142,1564,2026-11-21,2026-09-30
270.0,33,564,2026-11-21,2026-09-30
280.0,211,1274,2026-11-21,2026-09-30
290.0,47,1787,2026-11-21,2026-09-30
300.0,201,1657,2026-11-21,2026-09-30
310.0,13,404,2026-11-21,2026-09-30
320.0,88,569,2026-11-21,2026-09-30
330.0,200,940,2026-11-21,2026-09-30
340.0,445,228,2026-11-21,2026-09-30
350.0,160,2872,2026-11-21,2026-09-30
360.0,109,3433,2026-11-21,2026-09-30
370.0,85,750,2026-11-21,2026-09-30
380.0,769,4903,2026-11-21,2026-09-30
390.0,193,448,2026-11-21,2026-09-30
400.0,385,1684,2026-11-21,2026-09-30
410.0,204,532,2026-11-21,2026-09-30
420.0,485,916,2026-11-21,2026-09-30
430.0,809,1032,2026-11-21,2026-09-30
440.0,1204,649,2026-11-21,2026-09-30
450.0,785,1641,2026-11-21,2026-09-30
460.0,384,906,2026-11-21,2026-09-30
470.0,215,291,2026-11-21,2026-09-30
480.0,290,461,2026-11-21,2026-09-30
490.0,323,642,2026-11-21,2026-09-30
500.0,1111,3288,2026-11-21,2026-09-30
510.0,174,202,2026-11-21,2026-09-30
520.0,219,969,2026-11-21,2026-09-30
530.0,307,492,2026-11-21,2026-09-30
540.0,296,1438,2026-11-21,2026-09-30
550.0,231,1602,2026-11-21,2026-09-30
560.0,218,265,2026-11-21,2026-09-30
570.0,1205,3646,2026-11-21,2026-09-30
580.0,117,1138,2026-11-21,2026-09-30
590.0,368,632,2026-11-21,2026-09-30
600.0,513,3613,2026-11-21,2026-09-30
610.0,158,999,2026-11-21,2026-09-30
620.0,368,2496,2026-11-21,2026-09-30
630.0,192,1177,2026-11-21,2026-09-30
640.0,301,965,2026-11-21,2026-09-30
650.0,746,2512,2026-11-21,2026-09-30
660.0,310,1144,2026-11-21,2026-09-30
670.0,276,757,2026-11-21,2026-09-30
680.0,152,749,2026-11-21,2026-09-30
690.0,2,37,2026-11-21,2026-09-30
700.0,982,2736,2026-11-21,2026-09-30
710.0,327,264,2026-11-21,2026-09-30
720.0,233,536,2026-11-21,2026-09-30
730.0,378,441,2026-11-21,2026-09-30
740.0,340,1839,2026-11-21,2026-09-30
750.0,430,3248,2026-11-21,2026-09-30
760.0,477,741,2026-11-21,2026-09-30
770.0,340,401,2026-11-21,2026-09-30
780.0,308,1266,2026-11-21,2026-09-30
790.0,278,584,2026-11-21,2026-09-30
800.0,1811,3721,2026-11-21,2026-09-30
810.0,727,673,2026-11-21,2026-09-30
820.0,764,1226,2026-11-21,2026-09-30
830.0,555,609,2026-11-21,2026-09-30
840.0,454,738,2026-11-21,2026-09-30
850.0,583,1839,2026-11-21,2026-09-30
860.0,357,1073,2026-11-21,2026-09-30
870.0,354,981,2026-11-21,2026-09-30
880.0,531,907,2026-11-21,2026-09-30
890.0,227,654,2026-11-21,2026-09-30
900.0,2179,2883,2026-11-21,2026-09-30
910.0,7110,1219,2026-11-21,2026-09-30
920.0,662,1769,2026-11-21,2026-09-30
930.0,492,1256,2026-11-21,2026-09-30
940.0,650,650,2026-11-21,2026-09-30
940.0,351,579,2026-11-21,2026-09-30
950.0,959,1881,2026-11-21,2026-09-30
960.0,395,464,2026-11-21,2026-09-30
970.0,476,490,2026-11-21,2026-09-30
980.0,361,951,2026-11-21,2026-09-30
990.0,319,528,2026-11-21,2026-09-30
1000.0,1000,1000,2026-11-21,2026-09-30
1000.0,2970,1937,2026-11-21,2026-09-30
1010.0,817,351,2026-11-21,2026-09-30
1020.0,667,428,2026-11-21,2026-09-30
1030.0,584,402,2026-11-21,2026-09-30
1040.0,648,367,2026-11-21,2026-09-30
1050.0,8586,474,2026-11-21,2026-09-30
1050.01,12,12,2026-11-21,2026-09-30
1060.0,911,457,2026-11-21,2026-09-30
1070.0,200,200,2026-11-21,2026-09-30
1070.0,550,471,2026-11-21,2026-09-30
1080.0,150,150,2026-11-21,2026-09-30
1080.0,657,253,2026-11-21,2026-09-30
1090.0,494,284,2026-11-21,2026-09-30
1100.0,1030,1030,2026-11-21,2026-09-30
1100.0,3360,600,2026-11-21,2026-09-30
1110.0,455,112,2026-11-21,2026-09-30
1120.0,987,104,2026-11-21,2026-09-30
1130.0,251,117,2026-11-21,2026-09-30
1140.0,779,75,2026-11-21,2026-09-30
1150.0,1180,260,2026-11-21,2026-09-30
1160.0,508,91,2026-11-21,2026-09-30
1170.0,399,35,2026-11-21,2026-09-30
1180.0,455,25,2026-11-21,2026-09-30
1190.0,1137,42,2026-11-21,2026-09-30
1200.0,2688,224,2026-11-21,2026-09-30
1210.0,906,124,2026-11-21,2026-09-30
1220.0,333,42,2026-11-21,2026-09-30
1230.0,446,42,2026-11-21,2026-09-30
1240.0,344,17,2026-11-21,2026-09-30
1250.0,2228,47,2026-11-21,2026-09-30
1260.0,577,57,2026-11-21,2026-09-30
1270.0,447,58,2026-11-21,2026-09-30
1280.0,363,83,2026-11-21,2026-09-30
1290.0,497,42,2026-11-21,2026-09-30
1300.0,3722,1100,2026-11-21,2026-09-30
1310.0,585,55,2026-11-21,2026-09-30
1320.0,364,34,2026-11-21,2026-09-30
1330.0,542,57,2026-11-21,2026-09-30
1340.0,277,63,2026-11-21,2026-09-30
1350.0,7386,17,2026-11-21,2026-09-30
1360.0,244,69,2026-11-21,2026-09-30
1370.0,175,58,2026-11-21,2026-09-30
1380.0,445,33,2026-11-21,2026-09-30
1390.0,107,13,2026-11-21,2026-09-30
1400.0,1180,15,2026-11-21,2026-09-30
1410.0,375,15,2026-11-21,2026-09-30
1420.0,385,3,2026-11-21,2026-09-30
1430.0,95,303,2026-11-21,2026-09-30
1440.0,291,13,2026-11-21,2026-09-30
1450.0,456,7,2026-11-21,2026-09-30
1460.0,171,2,2026-11-21,2026-09-30
1470.0,350,12,2026-11-21,2026-09-30
1480.0,489,10,2026-11-21,2026-09-30
1490.0,248,2,2026-11-21,2026-09-30
1500.0,2195,133,2026-11-21,2026-09-30
1510.0,545,2,2026-11-21,2026-09-30
1520.0,964,21,2026-11-21,2026-09-30
1530.0,802,2,2026-11-21,2026-09-30
1540.0,256,14,2026-11-21,2026-09-30
1550.0,265,16,2026-11-21,2026-09-30
1560.0,331,5,2026-11-21,2026-09-30
1570.0,158,0,2026-11-21,2026-09-30
1580.0,104,10,2026-11-21,2026-09-30
1590.0,491,2,2026-11-21,2026-09-30
1600.0,849,15,2026-11-21,2026-09-30
1610.0,429,6,2026-11-21,2026-09-30
1620.0,165,0,2026-11-21,2026-09-30
1630.0,429,0,2026-11-21,2026-09-30
1640.0,91,3,2026-11-21,2026-09-30
1650.0,243,5,2026-11-21,2026-09-30
1660.0,65,0,2026-11-21,2026-09-30
1670.0,138,0,2026-11-21,2026-09-30
1680.0,171,0,2026-11-21,2026-09-30
1690.0,173,0,2026-11-21,2026-09-30
1700.0,349,67,2026-11-21,2026-09-30
1710.0,164,0,2026-11-21,2026-09-30
1720.0,247,0,2026-11-21,2026-09-30
1730.0,132,0,2026-11-21,2026-09-30
1740.0,246,0,2026-11-21,2026-09-30
1750.0,195,0,2026-11-21,2026-09-30
1760.0,80,0,2026-11-21,2026-09-30
1770.0,187,0,2026-11-21,2026-09-30
1780.0,250,0,2026-11-21,2026-09-30
1790.0,199,0,2026-11-21,2026-09-30
1800.0,2099,0,2026-11-21,2026-09-30
1810.0,91,0,2026-11-21,2026-09-30
1820.0,628,0,2026-11-21,2026-09-30
1830.0,349,0,2026-11-21,2026-09-30
1840.0,402,0,2026-11-21,2026-09-30
1850.0,426,0,2026-11-21,2026-09-30
1860.0,168,0,2026-11-21,2026-09-30
1870.0,203,0,2026-11-21,2026-09-30
1880.0,598,0,2026-11-21,2026-09-30
1890.0,198,0,2026-11-21,2026-09-30
1900.0,326,0,2026-11-21,2026-09-30
1910.0,725,0,2026-11-21,2026-09-30
1920.0,160,0,2026-11-21,2026-09-30
1930.0,240,0,2026-11-21,2026-09-30
1940.0,171,0,2026-11-21,2026-09-30
1950.0,261,0,2026-11-21,2026-09-30
1960.0,343,0,2026-11-21,2026-09-30
1970.0,217,0,2026-11-21,2026-09-30
1980.0,58,0,2026-11-21,2026-09-30
1990.0,173,0,2026-11-21,2026-09-30
2000.0,896,0,2026-11-21,2026-09-30
2010.0,172,0,2026-11-21,2026-09-30
2020.0,225,0,2026-11-21,2026-09-30
2030.0,304,0,2026-11-21,2026-09-30
2040.0,231,0,2026-11-21,2026-09-30
2050.0,302,0,2026-11-21,2026-09-30
2060.0,236,0,2026-11-21,2026-09-30
2070.0,246,0,2026-11-21,2026-09-30
2080.0,151,0,2026-11-21,2026-09-30
2090.0,126,0,2026-11-21,2026-09-30
2100.0,313,0,2026-11-21,2026-09-30
2110.0,366,0,2026-11-21,2026-09-30
2120.0,148,0,2026-11-21,2026-09-30
2130.0,155,0,2026-11-21,2026-09-30
2140.0,452,0,2026-11-21,2026-09-30
2150.0,286,0,2026-11-21,2026-09-30
2160.0,56,0,2026-11-21,2026-09-30
2170.0,382,0,2026-11-21,2026-09-30
2180.0,178,0,2026-11-21,2026-09-30
2190.0,234,0,2026-11-21,2026-09-30
2200.0,62,0,2026-11-21,2026-09-30
2210.0,30,0,2026-11-21,2026-09-30
2220.0,39,0,2026-11-21,2026-09-30
2230.0,124,0,2026-11-21,2026-09-30
2240.0,64,0,2026-11-21,2026-09-30
2250.0,51,0,2026-11-21,2026-09-30
2260.0,79,0,2026-11-21,2026-09-30
2270.0,93,0,2026-11-21,2026-09-30
2280.0,146,0,2026-11-21,2026-09-30
2290.0,857,0,2026-11-21,2026-09-30
2300.0,97,0,2026-11-21,2026-09-30
2310.0,43,0,2026-11-21,2026-09-30
2320.0,23,0,2026-11-21,2026-09-30
2330.0,37,0,2026-11-21,2026-09-30
2340.0,51,0,2026-11-21,2026-09-30
2350.0,106,0,2026-11-21,2026-09-30
2360.0,21,0,2026-11-21,2026-09-30
2370.0,135,0,2026-11-21,2026-09-30
2380.0,44,0,2026-11-21,2026-09-30
2390.0,207,0,2026-11-21,2026-09-30
2400.0,107,0,2026-11-21,2026-09-30
2410.0,196,0,2026-11-21,2026-09-30
2420.0,190,0,2026-11-21,2026-09-30
2440.0,145,0,2026-11-21,2026-09-30
2460.0,125,0,2026-11-21,2026-09-30
2480.0,437,0,2026-11-21,2026-09-30
2500.0,1531,0,2026-11-21,2026-09-30
5.0,20,75,2026-12-19,2026-09-30
10.0,21,141,2026-12-19,2026-09-30
15.0,31,99,2026-12-19,2026-09-30
20.0,10,27,2026-12-19,2026-09-30
25.0,38,37,2026-12-19,2026-09-30
30.0,0,4531,2026-12-19,2026-09-30
35.0,36,3356,2026-12-19,2026-09-30
40.0,42,1247,2026-12-19,2026-09-30
45.0,94,3016,2026-12-19,2026-09-30
47.5,162,2278,2026-12-19,2026-09-30
50.0,238,1149,2026-12-19,2026-09-30
55.0,102,3872,2026-12-19,2026-09-30
60.0,88,4317,2026-12-19,2026-09-30
65.0,157,1277,2026-12-19,2026-09-30
70.0,270,4349,2026-12-19,2026-09-30
75.0,265,3343,2026-12-19,2026-09-30
80.0,304,4321,2026-12-19,2026-09-30
85.0,470,5146,2026-12-19,2026-09-30
87.5,185,2920,2026-12-19,2026-09-30
90.0,1011,4004,2026-12-19,2026-09-30
92.5,153,362,2026-12-19,2026-09-30
95.0,612,1226,2026-12-19,2026-09-30
97.5,163,165,2026-12-19,2026-09-30
100.0,781,2662,2026-12-19,2026-09-30
105.0,395,1055,2026-12-19,2026-09-30
110.0,922,1224,2026-12-19,2026-09-30
115.0,89,1215,2026-12-19,2026-09-30
120.0,423,1095,2026-12-19,2026-09-30
125.0,501,1981,2026-12-19,2026-09-30
130.0,424,1340,2026-12-19,2026-09-30
135.0,177,414,2026-12-19,2026-09-30
140.0,1238,928,2026-12-19,2026-09-30
145.0,249,250,2026-12-19,2026-09-30
150.0,499,1266,2026-12-19,2026-09-30
155.0,192,317,2026-12-19,2026-09-30
160.0,675,1129,2026-12-19,2026-09-30
165.0,860,451,2026-12-19,2026-09-30
170.0,434,822,2026-12-19,2026-09-30
175.0,338,359,2026-12-19,2026-09-30
180.0,750,778,2026-12-19,2026-09-30
185.0,167,346,2026-12-19,2026-09-30
190.0,874,1462,2026-12-19,2026-09-30
195.0,135,1046,2026-12-19,2026-09-30
200.0,0,0,2026-12-19,2026-09-30
200.0,1416,2257,2026-12-19,2026-09-30
210.0,734,2686,2026-12-19,2026-09-30
220.0,2072,1889,2026-12-19,2026-09-30
230.0,600,975,2026-12-19,2026-09-30
240.0,898,1610,2026-12-19,2026-09-30
250.0,1040,2242,2026-12-19,2026-09-30
260.0,526,524,2026-12-19,2026-09-30
270.0,531,1796,2026-12-19,2026-09-30
280.0,2158,3262,2026-12-19,2026-09-30
290.0,250,1722,2026-12-19,2026-09-30
300.0,1264,2940,2026-12-19,2026-09-30
310.0,447,1937,2026-12-19,2026-09-30
320.0,402,427,2026-12-19,2026-09-30
330.0,998,781,2026-12-19,2026-09-30
340.0,1449,822,2026-12-19,2026-09-30
350.0,654,2414,2026-12-19,2026-09-30
360.0,485,10515,2026-12-19,2026-09-30
370.0,199,3500,2026-12-19,2026-09-30
380.0,789,5990,2026-12-19,2026-09-30
390.0,485,2280,2026-12-19,2026-09-30
400.0,830,5463,2026-12-19,2026-09-30
410.0,368,1130,2026-12-19,2026-09-30
420.0,1470,4005,2026-12-19,2026-09-30
430.0,203,618,2026-12-19,2026-09-30
440.0,247,1115,2026-12-19,2026-09-30
450.0,1233,2642,2026-12-19,2026-09-30
460.0,711,428,2026-12-19,2026-09-30
470.0,450,659,2026-12-19,2026-09-30
480.0,783,1390,2026-12-19,2026-09-30
490.0,577,3508,2026-12-19,2026-09-30
500.0,1472,5154,2026-12-19,2026-09-30
510.0,716,449,2026-12-19,2026-09-30
520.0,852,1923,2026-12-19,2026-09-30
530.0,206,1251,2026-12-19,2026-09-30
540.0,290,2909,2026-12-19,2026-09-30
550.0,649,4232,2026-12-19,2026-09-30
560.0,169,683,2026-12-19,2026-09-30
570.0,579,326,2026-12-19,2026-09-30
580.0,2974,3784,2026-12-19,2026-09-30
590.0,347,498,2026-12-19,2026-09-30
600.0,1389,5127,2026-12-19,2026-09-30
610.0,423,874,2026-12-19,2026-09-30
620.0,913,938,2026-12-19,2026-09-30
630.0,200,627,2026-12-19,2026-09-30
640.0,357,1388,2026-12-19,2026-09-30
650.0,719,3173,2026-12-19,2026-09-30
660.0,315,879,2026-12-19,2026-09-30
670.0,337,475,2026-12-19,2026-09-30
680.0,391,533,2026-12-19,2026-09-30
690.0,394,524,2026-12-19,2026-09-30
700.0,4299,4004,2026-12-19,2026-09-30
710.0,547,1055,2026-12-19,2026-09-30
720.0,324,633,2026-12-19,2026-09-30
730.0,278,681,2026-12-19,2026-09-30
740.0,913,536,2026-12-19,2026-09-30
750.0,523,2784,2026-12-19,2026-09-30
760.0,281,1080,2026-12-19,2026-09-30
770.0,433,515,2026-12-19,2026-09-30
780.0,631,544,2026-12-19,2026-09-30
790.0,241,830,2026-12-19,2026-09-30
800.0,3461,4904,2026-12-19,2026-09-30
810.0,599,749,2026-12-19,2026-09-30
820.0,413,1425,2026-12-19,2026-09-30
830.0,693,654,2026-12-19,2026-09-30
840.0,828,1110,2026-12-19,2026-09-30
850.0,1151,2080,2026-12-19,2026-09-30
860.0,649,715,2026-12-19,2026-09-30
870.0,403,973,2026-12-19,2026-09-30
880.0,663,1243,2026-12-19,2026-09-30
890.0,675,714,2026-12-19,2026-09-30
900.0,2597,2897,2026-12-19,2026-09-30
910.0,1250,732,2026-12-19,2026-09-30
920.0,1622,784,2026-12-19,2026-09-30
930.0,138,138,2026-12-19,2026-09-30
930.0,629,1638,2026-12-19,2026-09-30
940.0,483,786,2026-12-19,2026-09-30
950.0,1160,1475,2026-12-19,2026-09-30
960.0,487,822,2026-12-19,2026-09-30
970.0,561,1207,2026-12-19,2026-09-30
980.0,552,899,2026-12-19,2026-09-30
990.0,339,587,2026-12-19,2026-09-30
1000.0,2569,1605,2026-12-19,2026-09-30
1010.0,532,365,2026-12-19,2026-09-30
1020.0,789,206,2026-12-19,2026-09-30
1030.0,468,249,2026-12-19,2026-09-30
1040.0,302,159,2026-12-19,2026-09-30
1050.0,1740,357,2026-12-19,2026-09-30
1060.0,692,215,2026-12-19,2026-09-30
1070.0,469,514,2026-12-19,2026-09-30
1080.0,464,1194,2026-12-19,2026-09-30
1090.0,399,263,2026-12-19,2026-09-30
1100.0,2607,533,2026-12-19,2026-09-30
1110.0,790,185,2026-12-19,2026-09-30
1120.0,454,130,2026-12-19,2026-09-30
1130.0,530,80,2026-12-19,2026-09-30
1140.0,435,251,2026-12-19,2026-09-30
1150.0,914,502,2026-12-19,2026-09-30
1160.0,321,90,2026-12-19,2026-09-30
1170.0,453,75,2026-12-19,2026-09-30
1180.0,612,163,2026-12-19,2026-09-30
1190.0,215,264,2026-12-19,2026-09-30
1200.0,4155,942,2026-12-19,2026-09-30
1210.0,408,42,2026-12-19,2026-09-30
1220.0,691,46,2026-12-19,2026-09-30
1230.0,351,34,2026-12-19,2026-09-30
1240.0,386,13,2026-12-19,2026-09-30
1250.0,1298,177,2026-12-19,2026-09-30
1260.0,637,23,2026-12-19,2026-09-30
1270.0,627,120,2026-12-19,2026-09-30
1280.0,285,84,2026-12-19,2026-09-30
1290.0,334,75,2026-12-19,2026-09-30
1300.0,2662,102,2026-12-19,2026-09-30
1310.0,401,23,2026-12-19,2026-09-30
1320.0,696,115,2026-12-19,2026-09-30
1330.0,1154,75,2026-12-19,2026-09-30
1340.0,813,125,2026-12-19,2026-09-30
1350.0,805,117,2026-12-19,2026-09-30
1360.0,528,86,2026-12-19,2026-09-30
1370.0,703,28,2026-12-19,2026-09-30
1380.0,368,24,2026-12-19,2026-09-30
1390.0,508,39,2026-12-19,2026-09-30
1400.0,2237,109,2026-12-19,2026-09-30
1410.0,274,6,2026-12-19,2026-09-30
1420.0,533,15,2026-12-19,2026-09-30
1430.0,145,9,2026-12-19,2026-09-30
1440.0,249,11,2026-12-19,2026-09-30
1450.0,613,7,2026-12-19,2026-09-30
1460.0,614,6,2026-12-19,2026-09-30
1470.0,213,6,2026-12-19,2026-09-30
1480.0,525,37,2026-12-19,2026-09-30
1490.0,227,32,2026-12-19,2026-09-30
1500.0,1938,71,2026-12-19,2026-09-30
1510.0,490,13,2026-12-19,2026-09-30
1520.0,460,1,2026-12-19,2026-09-30
1530.0,305,68,2026-12-19,2026-09-30
1540.0,780,2,2026-12-19,2026-09-30
1550.0,646,70,2026-12-19,2026-09-30
1560.0,235,7,2026-12-19,2026-09-30
1570.0,327,0,2026-12-19,2026-09-30
1580.0,211,1,2026-12-19,2026-09-30
1590.0,211,0,2026-12-19,2026-09-30
1600.0,1823,21,2026-12-19,2026-09-30
1610.0,1004,17,2026-12-19,2026-09-30
1620.0,643,72,2026-12-19,2026-09-30
1630.0,614,11,2026-12-19,2026-09-30
1640.0,181,41,2026-12-19,2026-09-30
1650.0,230,0,2026-12-19,2026-09-30
1660.0,195,5,2026-12-19,2026-09-30
1670.0,206,0,2026-12-19,2026-09-30
1680.0,236,3,2026-12-19,2026-09-30
1690.0,291,1,2026-12-19,2026-09-30
1700.0,575,5,2026-12-19,2026-09-30
1710.0,235,2,2026-12-19,2026-09-30
1720.0,64,1,2026-12-19,2026-09-30
1730.0,238,0,2026-12-19,2026-09-30
1740.0,189,0,2026-12-19,2026-09-30
1750.0,428,2,2026-12-19,2026-09-30
1760.0,187,0,2026-12-19,2026-09-30
1770.0,220,0,2026-12-19,2026-09-30
1780.0,107,0,2026-12-19,2026-09-30
1790.0,242,0,2026-12-19,2026-09-30
1800.0,619,2,2026-12-19,2026-09-30
1810.0,302,0,2026-12-19,2026-09-30
1820.0,969,2,2026-12-19,2026-09-30
1830.0,1252,0,2026-12-19,2026-09-30
1840.0,270,0,2026-12-19,2026-09-30
1850.0,87,0,2026-12-19,2026-09-30
1860.0,429,0,2026-12-19,2026-09-30
1870.0,292,0,2026-12-19,2026-09-30
1880.0,320,0,2026-12-19,2026-09-30
1890.0,199,0,2026-12-19,2026-09-30
1900.0,542,0,2026-12-19,2026-09-30
1910.0,413,0,2026-12-19,2026-09-30
1920.0,265,0,2026-12-19,2026-09-30
1930.0,657,0,2026-12-19,2026-09-30
1940.0,483,0,2026-12-19,2026-09-30
1950.0,284,0,2026-12-19,2026-09-30
1960.0,247,0,2026-12-19,2026-09-30
1970.0,578,0,2026-12-19,2026-09-30
1980.0,317,0,2026-12-19,2026-09-30
1990.0,256,0,2026-12-19,2026-09-30
2000.0,1401,0,2026-12-19,2026-09-30
2010.0,111,0,2026-12-19,2026-09-30
2020.0,171,0,2026-12-19,2026-09-30
2030.0,151,0,2026-12-19,2026-09-30
2040.0,214,0,2026-12-19,2026-09-30
2050.0,86,0,2026-12-19,2026-09-30
2060.0,64,0,2026-12-19,2026-09-30
2070.0,317,0,2026-12-19,2026-09-30
2080.0,149,0,2026-12-19,2026-09-30
2090.0,357,0,2026-12-19,2026-09-30
2100.0,654,0,2026-12-19,2026-09-30
2110.0,208,0,2026-12-19,2026-09-30
2120.0,286,0,2026-12-19,2026-09-30
2130.0,191,0,2026-12-19,2026-09-30
2140.0,256,0,2026-12-19,2026-09-30
2150.0,183,0,2026-12-19,2026-09-30
2160.0,406,0,2026-12-19,2026-09-30
2170.0,732,0,2026-12-19,2026-09-30
2180.0,81,0,2026-12-19,2026-09-30
2190.0,259,0,2026-12-19,2026-09-30
2200.0,722,0,2026-12-19,2026-09-30
2210.0,61,0,2026-12-19,2026-09-30
2220.0,218,0,2026-12-19,2026-09-30
2230.0,62,0,2026-12-19,2026-09-30
2240.0,40,0,2026-12-19,2026-09-30
2250.0,322,0,2026-12-19,2026-09-30
2260.0,282,0,2026-12-19,2026-09-30
2270.0,228,0,2026-12-19,2026-09-30
2280.0,194,0,2026-12-19,2026-09-30
2290.0,227,0,2026-12-19,2026-09-30
2300.0,223,0,2026-12-19,2026-09-30
2310.0,144,0,2026-12-19,2026-09-30
2320.0,186,0,2026-12-19,2026-09-30
2330.0,103,0,2026-12-19,2026-09-30
2340.0,219,0,2026-12-19,2026-09-30
2350.0,171,0,2026-12-19,2026-09-30
2360.0,304,0,2026-12-19,2026-09-30
2370.0,216,0,2026-12-19,2026-09-30
2380.0,85,0,2026-12-19,2026-09-30
2390.0,155,0,2026-12-19,2026-09-30
2400.0,359,0,2026-12-19,2026-09-30
2410.0,138,0,2026-12-19,2026-09-30
2420.0,494,0,2026-12-19,2026-09-30
2440.0,148,0,2026-12-19,2026-09-30
2460.0,253,0,2026-12-19,2026-09-30
2480.0,230,0,2026-12-19,2026-09-30
2500.0,3541,0,2026-12-19,2026-09-30
289.62,0,55,2026-12-31,2026-09-30
505.0,16450,16450,2027-01-15,2026-09-30
1030.04,13000,13000,2027-01-15,2026-09-30
35.0,108,2229,2027-01-16,2026-09-30
40.0,116,4089,2027-01-16,2026-09-30
45.0,178,3492,2027-01-16,2026-09-30
50.0,329,2246,2027-01-16,2026-09-30
55.0,103,3023,2027-01-16,2026-09-30
60.0,233,6075,2027-01-16,2026-09-30
65.0,71,3004,2027-01-16,2026-09-30
70.0,350,5703,2027-01-16,2026-09-30
75.0,335,6555,2027-01-16,2026-09-30
80.0,1722,7925,2027-01-16,2026-09-30
85.0,1284,3108,2027-01-16,2026-09-30
86.0,28,0,2027-01-16,2026-09-30
90.0,4463,4201,2027-01-16,2026-09-30
95.0,587,2445,2027-01-16,2026-09-30
100.0,658,2892,2027-01-16,2026-09-30
105.0,389,2288,2027-01-16,2026-09-30
110.0,1828,4034,2027-01-16,2026-09-30
115.0,366,1639,2027-01-16,2026-09-30
120.0,600,1867,2027-01-16,2026-09-30
125.0,404,1246,2027-01-16,2026-09-30
130.0,632,6031,2027-01-16,2026-09-30
135.0,467,729,2027-01-16,2026-09-30
140.0,2514,936,2027-01-16,2026-09-30
145.0,368,583,2027-01-16,2026-09-30
150.0,2069,3868,2027-01-16,2026-09-30
155.0,368,344,2027-01-16,2026-09-30
160.0,2296,2776,2027-01-16,2026-09-30
165.0,882,303,2027-01-16,2026-09-30
170.0,893,1034,2027-01-16,2026-09-30
175.0,682,649,2027-01-16,2026-09-30
180.0,799,1436,2027-01-16,2026-09-30
185.0,315,413,2027-01-16,2026-09-30
190.0,1291,628,2027-01-16,2026-09-30
195.0,998,462,2027-01-16,2026-09-30
200.0,1414,3446,2027-01-16,2026-09-30
210.0,538,795,2027-01-16,2026-09-30
220.0,3660,1442,2027-01-16,2026-09-30
225.0,0,20,2027-01-16,2026-09-30
230.0,959,1735,2027-01-16,2026-09-30
240.0,999,1897,2027-01-16,2026-09-30
250.0,527,5051,2027-01-16,2026-09-30
260.0,417,1684,2027-01-16,2026-09-30
270.0,626,1482,2027-01-16,2026-09-30
280.0,252,1664,2027-01-16,2026-09-30
290.0,343,1170,2027-01-16,2026-09-30
300.0,0,0,2027-01-16,2026-09-30
300.0,1356,8032,2027-01-16,2026-09-30
310.0,755,1095,2027-01-16,2026-09-30
320.0,1959,2817,2027-01-16,2026-09-30
330.0,1550,2135,2027-01-16,2026-09-30
340.0,0,0,2027-01-16,2026-09-30
340.0,745,1879,2027-01-16,2026-09-30
350.0,9,0,2027-01-16,2026-09-30
350.0,2259,3823,2027-01-16,2026-09-30
360.0,0,0,2027-01-16,2026-09-30
360.0,601,4323,2027-01-16,2026-09-30
370.0,0,0,2027-01-16,2026-09-30
370.0,333,1490,2027-01-16,2026-09-30
380.0,705,2084,2027-01-16,2026-09-30
390.0,406,2033,2027-01-16,2026-09-30
400.0,10,0,2027-01-16,2026-09-30
400.0,1596,4263,2027-01-16,2026-09-30
410.0,569,918,2027-01-16,2026-09-30
420.0,762,1018,2027-01-16,2026-09-30
430.0,8,0,2027-01-16,2026-09-30
430.0,960,2524,2027-01-16,2026-09-30
440.0,0,0,2027-01-16,2026-09-30
440.0,961,1396,2027-01-16,2026-09-30
450.0,0,0,2027-01-16,2026-09-30
450.0,3971,3356,2027-01-16,2026-09-30
460.0,700,1389,2027-01-16,2026-09-30
470.0,527,1727,2027-01-16,2026-09-30
480.0,1473,1317,2027-01-16,2026-09-30
490.0,1336,1343,2027-01-16,2026-09-30
500.0,0,0,2027-01-16,2026-09-30
500.0,5837,4260,2027-01-16,2026-09-30
505.0,16450,16450,2027-01-16,2026-09-30
510.0,1132,872,2027-01-16,2026-09-30
520.0,1366,1035,2027-01-16,2026-09-30
530.0,609,933,2027-01-16,2026-09-30
539.38,20,0,2027-01-16,2026-09-30
540.0,598,744,2027-01-16,2026-09-30
550.0,10,0,2027-01-16,2026-09-30
550.0,3538,4904,2027-01-16,2026-09-30
560.0,539,537,2027-01-16,2026-09-30
570.0,602,526,2027-01-16,2026-09-30
580.0,1367,774,2027-01-16,2026-09-30
590.0,399,963,2027-01-16,2026-09-30
600.0,24,0,2027-01-16,2026-09-30
600.0,4759,3464,2027-01-16,2026-09-30
610.0,10,0,2027-01-16,2026-09-30
610.0,947,810,2027-01-16,2026-09-30
620.0,1177,1741,2027-01-16,2026-09-30
630.0,1561,488,2027-01-16,2026-09-30
640.0,0,0,2027-01-16,2026-09-30
640.0,556,659,2027-01-16,2026-09-30
650.0,3481,3019,2027-01-16,2026-09-30
660.0,1336,642,2027-01-16,2026-09-30
670.0,243,363,2027-01-16,2026-09-30
680.0,1330,732,2027-01-16,2026-09-30
690.0,1445,990,2027-01-16,2026-09-30
700.0,14,0,2027-01-16,2026-09-30
700.0,4414,6439,2027-01-16,2026-09-30
710.0,1219,691,2027-01-16,2026-09-30
720.0,0,0,2027-01-16,2026-09-30
720.0,1136,2287,2027-01-16,2026-09-30
730.0,333,658,2027-01-16,2026-09-30
740.0,3980,377,2027-01-16,2026-09-30
750.0,3728,3774,2027-01-16,2026-09-30
760.0,408,579,2027-01-16,2026-09-30
770.0,5,0,2027-01-16,2026-09-30
770.0,470,561,2027-01-16,2026-09-30
780.0,748,1286,2027-01-16,2026-09-30
790.0,850,1075,2027-01-16,2026-09-30
800.0,4724,5587,2027-01-16,2026-09-30
810.0,505,409,2027-01-16,2026-09-30
820.0,586,699,2027-01-16,2026-09-30
830.0,963,2194,2027-01-16,2026-09-30
840.0,1339,766,2027-01-16,2026-09-30
850.0,3122,3921,2027-01-16,2026-09-30
851.0,650,650,2027-01-16,2026-09-30
860.0,514,581,2027-01-16,2026-09-30
870.0,614,1635,2027-01-16,2026-09-30
880.0,5,0,2027-01-16,2026-09-30
880.0,668,962,2027-01-16,2026-09-30
890.0,567,974,2027-01-16,2026-09-30
900.0,10,0,2027-01-16,2026-09-30
900.0,5742,2998,2027-01-16,2026-09-30
910.0,0,0,2027-01-16,2026-09-30
910.0,2055,376,2027-01-16,2026-09-30
920.0,707,1050,2027-01-16,2026-09-30
930.0,837,1015,2027-01-16,2026-09-30
940.0,599,662,2027-01-16,2026-09-30
950.0,4218,2472,2027-01-16,2026-09-30
960.0,733,710,2027-01-16,2026-09-30
970.0,447,338,2027-01-16,2026-09-30
980.0,662,626,2027-01-16,2026-09-30
990.0,262,519,2027-01-16,2026-09-30
1000.0,0,0,2027-01-16,2026-09-30
1000.0,8168,6055,2027-01-16,2026-09-30
1010.0,0,0,2027-01-16,2026-09-30
1010.0,507,409,2027-01-16,2026-09-30
1020.0,686,319,2027-01-16,2026-09-30
1030.0,646,569,2027-01-16,2026-09-30
1040.0,677,216,2027-01-16,2026-09-30
1050.0,3112,420,2027-01-16,2026-09-30
1060.0,641,660,2027-01-16,2026-09-30
1070.0,647,327,2027-01-16,2026-09-30
1080.0,828,188,2027-01-16,2026-09-30
1090.0,1089,191,2027-01-16,2026-09-30
1100.0,1008,1000,2027-01-16,2026-09-30
1100.0,3667,1638,2027-01-16,2026-09-30
1110.0,387,116,2027-01-16,2026-09-30
1120.0,389,204,2027-01-16,2026-09-30
1130.0,283,134,2027-01-16,2026-09-30
1140.0,434,114,2027-01-16,2026-09-30
1150.0,3725,189,2027-01-16,2026-09-30
1160.0,476,61,2027-01-16,2026-09-30
1170.0,462,132,2027-01-16,2026-09-30
1180.0,864,59,2027-01-16,2026-09-30
1190.0,426,134,2027-01-16,2026-09-30
1200.0,2,0,2027-01-16,2026-09-30
1200.0,6356,1789,2027-01-16,2026-09-30
1210.0,489,60,2027-01-16,2026-09-30
1220.0,1038,45,2027-01-16,2026-09-30
1230.0,366,30,2027-01-16,2026-09-30
1240.0,491,447,2027-01-16,2026-09-30
1250.0,2545,63,2027-01-16,2026-09-30
1260.0,1377,72,2027-01-16,2026-09-30
1270.0,258,50,2027-01-16,2026-09-30
1280.0,640,96,2027-01-16,2026-09-30
1290.0,310,26,2027-01-16,2026-09-30
1300.0,7735,148,2027-01-16,2026-09-30
1310.0,349,30,2027-01-16,2026-09-30
1320.0,584,40,2027-01-16,2026-09-30
1330.0,181,87,2027-01-16,2026-09-30
1340.0,1605,31,2027-01-16,2026-09-30
1350.0,2026,27,2027-01-16,2026-09-30
1360.0,995,55,2027-01-16,2026-09-30
1370.0,300,29,2027-01-16,2026-09-30
1380.0,868,81,2027-01-16,2026-09-30
1390.0,430,65,2027-01-16,2026-09-30
1400.0,5303,278,2027-01-16,2026-09-30
1410.0,788,89,2027-01-16,2026-09-30
1420.0,711,44,2027-01-16,2026-09-30
1430.0,205,14,2027-01-16,2026-09-30
1440.0,536,71,2027-01-16,2026-09-30
1450.0,397,67,2027-01-16,2026-09-30
1460.0,635,19,2027-01-16,2026-09-30
1470.0,430,68,2027-01-16,2026-09-30
1480.0,841,159,2027-01-16,2026-09-30
1490.0,683,13,2027-01-16,2026-09-30
1500.0,10,0,2027-01-16,2026-09-30
1500.0,5627,423,2027-01-16,2026-09-30
1503.0,5,0,2027-01-16,2026-09-30
1510.0,229,10,2027-01-16,2026-09-30
1520.0,233,7,2027-01-16,2026-09-30
1530.0,226,2,2027-01-16,2026-09-30
1540.0,687,11,2027-01-16,2026-09-30
1550.0,723,3,2027-01-16,2026-09-30
1560.0,498,3,2027-01-16,2026-09-30
1570.0,525,2,2027-01-16,2026-09-30
1580.0,351,7,2027-01-16,2026-09-30
1590.0,430,2,2027-01-16,2026-09-30
1600.0,2615,23,2027-01-16,2026-09-30
1610.0,523,5,2027-01-16,2026-09-30
1620.0,421,6,2027-01-16,2026-09-30
1630.0,823,91,2027-01-16,2026-09-30
1640.0,93,25,2027-01-16,2026-09-30
1650.0,606,2,2027-01-16,2026-09-30
1660.0,305,6,2027-01-16,2026-09-30
1670.0,517,4,2027-01-16,2026-09-30
1680.0,253,14,2027-01-16,2026-09-30
1690.0,318,9,2027-01-16,2026-09-30
1700.0,1484,27,2027-01-16,2026-09-30
1710.0,373,6,2027-01-16,2026-09-30
1720.0,303,7,2027-01-16,2026-09-30
1730.0,223,1,2027-01-16,2026-09-30
1740.0,206,2,2027-01-16,2026-09-30
1750.0,1019,4,2027-01-16,2026-09-30
1760.0,519,40,2027-01-16,2026-09-30
1770.0,297,1,2027-01-16,2026-09-30
1780.0,251,1,2027-01-16,2026-09-30
1790.0,404,7,2027-01-16,2026-09-30
1800.0,2004,2,2027-01-16,2026-09-30
1810.0,615,4,2027-01-16,2026-09-30
1820.0,252,1,2027-01-16,2026-09-30
1830.0,1150,42,2027-01-16,2026-09-30
1840.0,161,7,2027-01-16,2026-09-30
1850.0,502,1,2027-01-16,2026-09-30
1860.0,108,5,2027-01-16,2026-09-30
1870.0,91,0,2027-01-16,2026-09-30
1880.0,124,1,2027-01-16,2026-09-30
1890.0,76,0,2027-01-16,2026-09-30
1900.0,1365,5,2027-01-16,2026-09-30
1910.0,685,1,2027-01-16,2026-09-30
1920.0,263,0,2027-01-16,2026-09-30
1930.0,109,0,2027-01-16,2026-09-30
1940.0,170,0,2027-01-16,2026-09-30
1950.0,866,0,2027-01-16,2026-09-30
1960.0,267,0,2027-01-16,2026-09-30
1970.0,126,0,2027-01-16,2026-09-30
1980.0,339,0,2027-01-16,2026-09-30
1990.0,167,1,2027-01-16,2026-09-30
2000.0,2474,0,2027-01-16,2026-09-30
2010.0,146,0,2027-01-16,2026-09-30
2020.0,311,0,2027-01-16,2026-09-30
2030.0,179,0,2027-01-16,2026-09-30
2040.0,74,0,2027-01-16,2026-09-30
2050.0,788,0,2027-01-16,2026-09-30
2060.0,221,0,2027-01-16,2026-09-30
2070.0,138,0,2027-01-16,2026-09-30
2080.0,234,0,2027-01-16,2026-09-30
2090.0,225,0,2027-01-16,2026-09-30
2100.0,555,0,2027-01-16,2026-09-30
2110.0,141,0,2027-01-16,2026-09-30
2120.0,126,1,2027-01-16,2026-09-30
2130.0,87,0,2027-01-16,2026-09-30
2140.0,38,0,2027-01-16,2026-09-30
2150.0,1334,0,2027-01-16,2026-09-30
2160.0,172,0,2027-01-16,2026-09-30
2170.0,1510,0,2027-01-16,2026-09-30
2180.0,128,0,2027-01-16,2026-09-30
2190.0,131,0,2027-01-16,2026-09-30
2200.0,461,0,2027-01-16,2026-09-30
2210.0,144,0,2027-01-16,2026-09-30
2220.0,96,0,2027-01-16,2026-09-30
2230.0,53,0,2027-01-16,2026-09-30
2240.0,46,0,2027-01-16,2026-09-30
2250.0,354,0,2027-01-16,2026-09-30
2260.0,138,0,2027-01-16,2026-09-30
2270.0,178,0,2027-01-16,2026-09-30
2280.0,126,0,2027-01-16,2026-09-30
2290.0,166,0,2027-01-16,2026-09-30
2300.0,116,0,2027-01-16,2026-09-30
2310.0,164,0,2027-01-16,2026-09-30
2320.0,194,0,2027-01-16,2026-09-30
2330.0,64,0,2027-01-16,2026-09-30
2340.0,120,0,2027-01-16,2026-09-30
2350.0,157,0,2027-01-16,2026-09-30
2360.0,230,0,2027-01-16,2026-09-30
2370.0,233,0,2027-01-16,2026-09-30
2380.0,152,0,2027-01-16,2026-09-30
2390.0,236,0,2027-01-16,2026-09-30
2400.0,866,0,2027-01-16,2026-09-30
2410.0,145,0,2027-01-16,2026-09-30
2420.0,350,0,2027-01-16,2026-09-30
2440.0,199,0,2027-01-16,2026-09-30
2460.0,212,0,2027-01-16,2026-09-30
2480.0,376,0,2027-01-16,2026-09-30
2500.0,4295,0,2027-01-16,2026-09-30
50.0,1,50,2027-02-20,2026-09-30
55.0,1,50,2027-02-20,2026-09-30
60.0,0,303,2027-02-20,2026-09-30
65.0,0,1,2027-02-20,2026-09-30
70.0,0,0,2027-02-20,2026-09-30
75.0,0,201,2027-02-20,2026-09-30
80.0,0,202,2027-02-20,2026-09-30
85.0,0,407,2027-02-20,2026-09-30
90.0,0,1426,2027-02-20,2026-09-30
95.0,0,501,2027-02-20,2026-09-30
100.0,0,792,2027-02-20,2026-09-30
105.0,1,300,2027-02-20,2026-09-30
110.0,1,350,2027-02-20,2026-09-30
115.0,0,605,2027-02-20,2026-09-30
120.0,1,728,2027-02-20,2026-09-30
125.0,0,438,2027-02-20,2026-09-30
130.0,1,4066,2027-02-20,2026-09-30
135.0,1,698,2027-02-20,2026-09-30
140.0,0,155,2027-02-20,2026-09-30
145.0,0,9,2027-02-20,2026-09-30
150.0,0,55,2027-02-20,2026-09-30
155.0,0,7,2027-02-20,2026-09-30
160.0,0,0,2027-02-20,2026-09-30
165.0,0,2,2027-02-20,2026-09-30
170.0,0,5,2027-02-20,2026-09-30
175.0,72,3,2027-02-20,2026-09-30
180.0,0,86,2027-02-20,2026-09-30
185.0,1,37,2027-02-20,2026-09-30
190.0,1,8,2027-02-20,2026-09-30
195.0,0,18,2027-02-20,2026-09-30
200.0,0,79,2027-02-20,2026-09-30
210.0,0,161,2027-02-20,2026-09-30
220.0,0,28,2027-02-20,2026-09-30
230.0,1,132,2027-02-20,2026-09-30
240.0,0,43,2027-02-20,2026-09-30
250.0,1,56,2027-02-20,2026-09-30
260.0,0,214,2027-02-20,2026-09-30
270.0,3,166,2027-02-20,2026-09-30
280.0,0,41,2027-02-20,2026-09-30
290.0,1,25,2027-02-20,2026-09-30
300.0,31,80,2027-02-20,2026-09-30
310.0,9,18,2027-02-20,2026-09-30
320.0,5,19,2027-02-20,2026-09-30
330.0,1,108,2027-02-20,2026-09-30
340.0,1,30,2027-02-20,2026-09-30
350.0,21,349,2027-02-20,2026-09-30
360.0,0,2,2027-02-20,2026-09-30
360.0,5,125,2027-02-20,2026-09-30
370.0,2,65,2027-02-20,2026-09-30
380.0,10,166,2027-02-20,2026-09-30
390.0,0,113,2027-02-20,2026-09-30
400.0,55,539,2027-02-20,2026-09-30
410.0,6,76,2027-02-20,2026-09-30
420.0,2,233,2027-02-20,2026-09-30
430.0,3,230,2027-02-20,2026-09-30
440.0,6,107,2027-02-20,2026-09-30
450.0,9,1162,2027-02-20,2026-09-30
460.0,12,237,2027-02-20,2026-09-30
470.0,2,177,2027-02-20,2026-09-30
480.0,3,173,2027-02-20,2026-09-30
490.0,2,0,2027-02-20,2026-09-30
490.0,2,331,2027-02-20,2026-09-30
500.0,95,1108,2027-02-20,2026-09-30
510.0,9,185,2027-02-20,2026-09-30
520.0,80,126,2027-02-20,2026-09-30
530.0,6,524,2027-02-20,2026-09-30
540.0,25,282,2027-02-20,2026-09-30
550.0,8,762,2027-02-20,2026-09-30
560.0,11,316,2027-02-20,2026-09-30
570.0,18,740,2027-02-20,2026-09-30
580.0,25,82,2027-02-20,2026-09-30
590.0,18,180,2027-02-20,2026-09-30
600.0,30,1247,2027-02-20,2026-09-30
610.0,11,107,2027-02-20,2026-09-30
620.0,32,531,2027-02-20,2026-09-30
630.0,55,132,2027-02-20,2026-09-30
640.0,55,125,2027-02-20,2026-09-30
650.0,24,500,2027-02-20,2026-09-30
660.0,2,266,2027-02-20,2026-09-30
670.0,4,425,2027-02-20,2026-09-30
680.0,12,288,2027-02-20,2026-09-30
690.0,27,218,2027-02-20,2026-09-30
700.0,87,1448,2027-02-20,2026-09-30
710.0,30,595,2027-02-20,2026-09-30
720.0,12,475,2027-02-20,2026-09-30
730.0,8,256,2027-02-20,2026-09-30
740.0,38,180,2027-02-20,2026-09-30
750.0,81,1045,2027-02-20,2026-09-30
760.0,49,421,2027-02-20,2026-09-30
770.0,286,187,2027-02-20,2026-09-30
780.0,150,304,2027-02-20,2026-09-30
790.0,29,657,2027-02-20,2026-09-30
800.0,113,936,2027-02-20,2026-09-30
810.0,92,322,2027-02-20,2026-09-30
820.0,257,300,2027-02-20,2026-09-30
830.0,371,325,2027-02-20,2026-09-30
840.0,93,786,2027-02-20,2026-09-30
850.0,768,1325,2027-02-20,2026-09-30
860.0,236,381,2027-02-20,2026-09-30
870.0,145,520,2027-02-20,2026-09-30
880.0,82,206,2027-02-20,2026-09-30
890.0,128,213,2027-02-20,2026-09-30
900.0,412,1486,2027-02-20,2026-09-30
910.0,421,137,2027-02-20,2026-09-30
920.0,285,291,2027-02-20,2026-09-30
930.0,157,189,2027-02-20,2026-09-30
940.0,391,269,2027-02-20,2026-09-30
950.0,6500,6500,2027-02-20,2026-09-30
950.0,416,194,2027-02-20,2026-09-30
960.0,613,108,2027-02-20,2026-09-30
970.0,230,115,2027-02-20,2026-09-30
980.0,209,114,2027-02-20,2026-09-30
990.0,56,373,2027-02-20,2026-09-30
1000.0,710,400,2027-02-20,2026-09-30
1010.0,216,143,2027-02-20,2026-09-30
1020.0,222,78,2027-02-20,2026-09-30
1030.0,147,107,2027-02-20,2026-09-30
1040.0,158,76,2027-02-20,2026-09-30
1050.0,109,166,2027-02-20,2026-09-30
1060.0,73,103,2027-02-20,2026-09-30
1070.0,184,143,2027-02-20,2026-09-30
1080.0,110,112,2027-02-20,2026-09-30
1090.0,93,54,2027-02-20,2026-09-30
1100.0,584,58,2027-02-20,2026-09-30
1110.0,275,19,2027-02-20,2026-09-30
1120.0,176,80,2027-02-20,2026-09-30
1130.0,179,45,2027-02-20,2026-09-30
1140.0,170,71,2027-02-20,2026-09-30
1150.0,160,84,2027-02-20,2026-09-30
1160.0,200,9,2027-02-20,2026-09-30
1170.0,150,45,2027-02-20,2026-09-30
1180.0,317,36,2027-02-20,2026-09-30
1190.0,195,35,2027-02-20,2026-09-30
1200.0,1256,45,2027-02-20,2026-09-30
1210.0,108,5,2027-02-20,2026-09-30
1220.0,148,62,2027-02-20,2026-09-30
1230.0,132,5,2027-02-20,2026-09-30
1240.0,98,6,2027-02-20,2026-09-30
1250.0,608,6,2027-02-20,2026-09-30
1260.0,232,1,2027-02-20,2026-09-30
1270.0,198,3,2027-02-20,2026-09-30
1280.0,212,64,2027-02-20,2026-09-30
1290.0,208,3,2027-02-20,2026-09-30
1300.0,288,75,2027-02-20,2026-09-30
1310.0,327,2,2027-02-20,2026-09-30
1320.0,175,0,2027-02-20,2026-09-30
1330.0,199,2,2027-02-20,2026-09-30
1340.0,77,1,2027-02-20,2026-09-30
1350.0,243,1,2027-02-20,2026-09-30
1360.0,456,2,2027-02-20,2026-09-30
1370.0,111,50,2027-02-20,2026-09-30
1380.0,144,6,2027-02-20,2026-09-30
1390.0,133,1,2027-02-20,2026-09-30
1400.0,476,71,2027-02-20,2026-09-30
1410.0,126,3,2027-02-20,2026-09-30
1420.0,120,0,2027-02-20,2026-09-30
1430.0,60,1,2027-02-20,2026-09-30
1440.0,440,0,2027-02-20,2026-09-30
1450.0,181,5,2027-02-20,2026-09-30
1460.0,163,2,2027-02-20,2026-09-30
1470.0,211,4,2027-02-20,2026-09-30
1480.0,270,105,2027-02-20,2026-09-30
1490.0,152,2,2027-02-20,2026-09-30
1500.0,813,91,2027-02-20,2026-09-30
1510.0,156,15,2027-02-20,2026-09-30
1520.0,425,0,2027-02-20,2026-09-30
1530.0,267,1,2027-02-20,2026-09-30
1540.0,206,0,2027-02-20,2026-09-30
1550.0,207,0,2027-02-20,2026-09-30
1560.0,74,0,2027-02-20,2026-09-30
1570.0,443,0,2027-02-20,2026-09-30
1580.0,229,0,2027-02-20,2026-09-30
1590.0,132,0,2027-02-20,2026-09-30
1600.0,222,0,2027-02-20,2026-09-30
1610.0,81,26,2027-02-20,2026-09-30
1620.0,203,0,2027-02-20,2026-09-30
1630.0,517,0,2027-02-20,2026-09-30
1640.0,193,1,2027-02-20,2026-09-30
1650.0,227,0,2027-02-20,2026-09-30
1660.0,115,7,2027-02-20,2026-09-30
1670.0,141,0,2027-02-20,2026-09-30
1680.0,146,0,2027-02-20,2026-09-30
1690.0,38,0,2027-02-20,2026-09-30
1700.0,469,4,2027-02-20,2026-09-30
1710.0,135,1,2027-02-20,2026-09-30
1720.0,212,1,2027-02-20,2026-09-30
1730.0,351,0,2027-02-20,2026-09-30
1740.0,220,0,2027-02-20,2026-09-30
1750.0,161,1,2027-02-20,2026-09-30
1760.0,41,0,2027-02-20,2026-09-30
1770.0,58,0,2027-02-20,2026-09-30
1780.0,394,0,2027-02-20,2026-09-30
1790.0,178,0,2027-02-20,2026-09-30
1800.0,212,0,2027-02-20,2026-09-30
1810.0,19,0,2027-02-20,2026-09-30
1820.0,161,0,2027-02-20,2026-09-30
1830.0,250,0,2027-02-20,2026-09-30
1840.0,28,0,2027-02-20,2026-09-30
1850.0,257,0,2027-02-20,2026-09-30
1860.0,160,0,2027-02-20,2026-09-30
1870.0,129,0,2027-02-20,2026-09-30
1880.0,63,0,2027-02-20,2026-09-30
1890.0,645,0,2027-02-20,2026-09-30
1900.0,130,21,2027-02-20,2026-09-30
1910.0,53,0,2027-02-20,2026-09-30
1920.0,67,0,2027-02-20,2026-09-30
1930.0,120,0,2027-02-20,2026-09-30
1940.0,98,0,2027-02-20,2026-09-30
1950.0,949,0,2027-02-20,2026-09-30
1960.0,121,0,2027-02-20,2026-09-30
1970.0,203,0,2027-02-20,2026-09-30
1980.0,138,0,2027-02-20,2026-09-30
1990.0,143,0,2027-02-20,2026-09-30
2000.0,209,1,2027-02-20,2026-09-30
2010.0,53,0,2027-02-20,2026-09-30
2020.0,322,0,2027-02-20,2026-09-30
2030.0,267,0,2027-02-20,2026-09-30
2040.0,273,0,2027-02-20,2026-09-30
2050.0,268,0,2027-02-20,2026-09-30
2060.0,381,0,2027-02-20,2026-09-30
2070.0,180,0,2027-02-20,2026-09-30
2080.0,212,0,2027-02-20,2026-09-30
2090.0,398,0,2027-02-20,2026-09-30
2100.0,364,0,2027-02-20,2026-09-30
2110.0,500,0,2027-02-20,2026-09-30
2120.0,413,0,2027-02-20,2026-09-30
5.0,627,845,2027-03-20,2026-09-30
10.0,115,121,2027-03-20,2026-09-30
15.0,12,162,2027-03-20,2026-09-30
20.0,0,26,2027-03-20,2026-09-30
25.0,0,10,2027-03-20,2026-09-30
30.0,1,0,2027-03-20,2026-09-30
35.0,0,7,2027-03-20,2026-09-30
40.0,1,1160,2027-03-20,2026-09-30
45.0,27,430,2027-03-20,2026-09-30
50.0,13,20,2027-03-20,2026-09-30
55.0,1,80,2027-03-20,2026-09-30
60.0,3,59,2027-03-20,2026-09-30
65.0,1,47,2027-03-20,2026-09-30
70.0,1,22,2027-03-20,2026-09-30
75.0,0,19,2027-03-20,2026-09-30
80.0,0,50,2027-03-20,2026-09-30
85.0,16,34,2027-03-20,2026-09-30
90.0,40,46,2027-03-20,2026-09-30
95.0,61,58,2027-03-20,2026-09-30
100.0,61,81,2027-03-20,2026-09-30
105.0,11,122,2027-03-20,2026-09-30
110.0,10,721,2027-03-20,2026-09-30
115.0,4,200,2027-03-20,2026-09-30
120.0,20,132,2027-03-20,2026-09-30
125.0,24,717,2027-03-20,2026-09-30
130.0,4,125,2027-03-20,2026-09-30
135.0,7,164,2027-03-20,2026-09-30
140.0,10,54,2027-03-20,2026-09-30
145.0,5,75,2027-03-20,2026-09-30
150.0,147,717,2027-03-20,2026-09-30
155.0,2,96,2027-03-20,2026-09-30
160.0,6,117,2027-03-20,2026-09-30
165.0,11,35,2027-03-20,2026-09-30
170.0,11,133,2027-03-20,2026-09-30
175.0,1,141,2027-03-20,2026-09-30
180.0,10,187,2027-03-20,2026-09-30
185.0,16,484,2027-03-20,2026-09-30
190.0,13,195,2027-03-20,2026-09-30
195.0,9,1611,2027-03-20,2026-09-30
200.0,48,311,2027-03-20,2026-09-30
210.0,71,319,2027-03-20,2026-09-30
220.0,93,382,2027-03-20,2026-09-30
230.0,62,492,2027-03-20,2026-09-30
240.0,24,837,2027-03-20,2026-09-30
250.0,89,1407,2027-03-20,2026-09-30
260.0,135,957,2027-03-20,2026-09-30
270.0,20,590,2027-03-20,2026-09-30
280.0,45,182,2027-03-20,2026-09-30
290.0,159,729,2027-03-20,2026-09-30
300.0,153,1251,2027-03-20,2026-09-30
310.0,98,943,2027-03-20,2026-09-30
320.0,40,405,2027-03-20,2026-09-30
330.0,66,519,2027-03-20,2026-09-30
340.0,80,1666,2027-03-20,2026-09-30
350.0,269,1274,2027-03-20,2026-09-30
360.0,259,384,2027-03-20,2026-09-30
370.0,187,292,2027-03-20,2026-09-30
380.0,443,187,2027-03-20,2026-09-30
390.0,490,542,2027-03-20,2026-09-30
400.0,434,2561,2027-03-20,2026-09-30
410.0,80,232,2027-03-20,2026-09-30
420.0,134,875,2027-03-20,2026-09-30
430.0,343,683,2027-03-20,2026-09-30
440.0,107,367,2027-03-20,2026-09-30
450.0,533,1703,2027-03-20,2026-09-30
460.0,162,1726,2027-03-20,2026-09-30
470.0,159,1269,2027-03-20,2026-09-30
480.0,261,387,2027-03-20,2026-09-30
490.0,155,402,2027-03-20,2026-09-30
500.0,700,1896,2027-03-20,2026-09-30
510.0,215,282,2027-03-20,2026-09-30
520.0,3492,601,2027-03-20,2026-09-30
530.0,343,347,2027-03-20,2026-09-30
540.0,296,219,2027-03-20,2026-09-30
550.0,800,774,2027-03-20,2026-09-30
560.0,321,1644,2027-03-20,2026-09-30
570.0,180,453,2027-03-20,2026-09-30
580.0,183,944,2027-03-20,2026-09-30
590.0,185,351,2027-03-20,2026-09-30
600.0,974,1817,2027-03-20,2026-09-30
610.0,170,398,2027-03-20,2026-09-30
620.0,234,420,2027-03-20,2026-09-30
630.0,123,1544,2027-03-20,2026-09-30
640.0,168,870,2027-03-20,2026-09-30
650.0,1009,2285,2027-03-20,2026-09-30
660.0,288,1667,2027-03-20,2026-09-30
670.0,674,557,2027-03-20,2026-09-30
680.0,187,556,2027-03-20,2026-09-30
690.0,219,621,2027-03-20,2026-09-30
700.0,664,3754,2027-03-20,2026-09-30
710.0,603,227,2027-03-20,2026-09-30
720.0,1337,329,2027-03-20,2026-09-30
730.0,144,853,2027-03-20,2026-09-30
740.0,561,413,2027-03-20,2026-09-30
750.0,586,2762,2027-03-20,2026-09-30
760.0,0,20,2027-03-20,2026-09-30
760.0,222,797,2027-03-20,2026-09-30
770.0,522,629,2027-03-20,2026-09-30
780.0,185,558,2027-03-20,2026-09-30
790.0,125,836,2027-03-20,2026-09-30
800.0,1817,4845,2027-03-20,2026-09-30
810.0,263,565,2027-03-20,2026-09-30
820.0,185,1258,2027-03-20,2026-09-30
830.0,563,354,2027-03-20,2026-09-30
840.0,233,484,2027-03-20,2026-09-30
850.0,869,2235,2027-03-20,2026-09-30
860.0,183,854,2027-03-20,2026-09-30
870.0,401,358,2027-03-20,2026-09-30
880.0,490,583,2027-03-20,2026-09-30
890.0,195,223,2027-03-20,2026-09-30
900.0,1234,2757,2027-03-20,2026-09-30
910.0,209,368,2027-03-20,2026-09-30
920.0,1035,162,2027-03-20,2026-09-30
930.0,127,214,2027-03-20,2026-09-30
940.0,320,436,2027-03-20,2026-09-30
950.0,1000,1000,2027-03-20,2026-09-30
950.0,850,522,2027-03-20,2026-09-30
960.0,785,291,2027-03-20,2026-09-30
970.0,624,279,2027-03-20,2026-09-30
980.0,311,225,2027-03-20,2026-09-30
990.0,301,181,2027-03-20,2026-09-30
1000.0,2350,743,2027-03-20,2026-09-30
1010.0,622,208,2027-03-20,2026-09-30
1020.0,771,321,2027-03-20,2026-09-30
1030.0,586,102,2027-03-20,2026-09-30
1040.0,425,290,2027-03-20,2026-09-30
1050.0,1592,538,2027-03-20,2026-09-30
1060.0,452,370,2027-03-20,2026-09-30
1070.0,276,309,2027-03-20,2026-09-30
1080.0,897,290,2027-03-20,2026-09-30
1090.0,295,131,2027-03-20,2026-09-30
1100.0,10,0,2027-03-20,2026-09-30
1100.0,1017,371,2027-03-20,2026-09-30
1110.0,340,97,2027-03-20,2026-09-30
1120.0,257,47,2027-03-20,2026-09-30
1130.0,236,86,2027-03-20,2026-09-30
1140.0,176,88,2027-03-20,2026-09-30
1150.0,1063,113,2027-03-20,2026-09-30
1160.0,306,38,2027-03-20,2026-09-30
1170.0,67,235,2027-03-20,2026-09-30
1180.0,411,69,2027-03-20,2026-09-30
1190.0,172,53,2027-03-20,2026-09-30
1200.0,1898,429,2027-03-20,2026-09-30
1210.0,182,40,2027-03-20,2026-09-30
1220.0,550,42,2027-03-20,2026-09-30
1230.0,96,15,2027-03-20,2026-09-30
1240.0,552,43,2027-03-20,2026-09-30
1250.0,589,309,2027-03-20,2026-09-30
1260.0,357,17,2027-03-20,2026-09-30
1270.0,240,44,2027-03-20,2026-09-30
1280.0,641,35,2027-03-20,2026-09-30
1290.0,92,10,2027-03-20,2026-09-30
1300.0,2715,27,2027-03-20,2026-09-30
1310.0,522,41,2027-03-20,2026-09-30
1320.0,502,15,2027-03-20,2026-09-30
1330.0,135,48,2027-03-20,2026-09-30
1340.0,477,89,2027-03-20,2026-09-30
1350.0,827,86,2027-03-20,2026-09-30
1360.0,706,14,2027-03-20,2026-09-30
1370.0,275,40,2027-03-20,2026-09-30
1380.0,10,0,2027-03-20,2026-09-30
1380.0,131,13,2027-03-20,2026-09-30
1390.0,0,0,2027-03-20,2026-09-30
1390.0,321,9,2027-03-20,2026-09-30
1400.0,10,0,2027-03-20,2026-09-30
1400.0,3318,17,2027-03-20,2026-09-30
1410.0,20,0,2027-03-20,2026-09-30
1410.0,345,45,2027-03-20,2026-09-30
1420.0,585,20,2027-03-20,2026-09-30
1430.0,254,44,2027-03-20,2026-09-30
1440.0,10,0,2027-03-20,2026-09-30
1440.0,241,14,2027-03-20,2026-09-30
1450.0,284,39,2027-03-20,2026-09-30
1460.0,219,28,2027-03-20,2026-09-30
1470.0,142,45,2027-03-20,2026-09-30
1480.0,404,13,2027-03-20,2026-09-30
1490.0,413,11,2027-03-20,2026-09-30
1500.0,2329,82,2027-03-20,2026-09-30
1510.0,526,12,2027-03-20,2026-09-30
1520.0,204,3,2027-03-20,2026-09-30
1530.0,684,30,2027-03-20,2026-09-30
1540.0,239,49,2027-03-20,2026-09-30
1550.0,165,65,2027-03-20,2026-09-30
1560.0,393,8,2027-03-20,2026-09-30
1570.0,194,6,2027-03-20,2026-09-30
1580.0,254,32,2027-03-20,2026-09-30
1590.0,601,38,2027-03-20,2026-09-30
1600.0,0,0,2027-03-20,2026-09-30
1600.0,603,13,2027-03-20,2026-09-30
1610.0,107,8,2027-03-20,2026-09-30
1620.0,337,74,2027-03-20,2026-09-30
1630.0,578,85,2027-03-20,2026-09-30
1640.0,147,1,2027-03-20,2026-09-30
1650.0,116,21,2027-03-20,2026-09-30
1660.0,702,22,2027-03-20,2026-09-30
1670.0,199,7,2027-03-20,2026-09-30
1680.0,350,3,2027-03-20,2026-09-30
1690.0,254,3,2027-03-20,2026-09-30
1700.0,448,2,2027-03-20,2026-09-30
1710.0,133,19,2027-03-20,2026-09-30
1720.0,280,4,2027-03-20,2026-09-30
1730.0,157,1,2027-03-20,2026-09-30
1740.0,248,3,2027-03-20,2026-09-30
1750.0,267,20,2027-03-20,2026-09-30
1760.0,398,2,2027-03-20,2026-09-30
1770.0,386,0,2027-03-20,2026-09-30
1780.0,139,4,2027-03-20,2026-09-30
1790.0,202,23,2027-03-20,2026-09-30
1800.0,565,28,2027-03-20,2026-09-30
1810.0,185,25,2027-03-20,2026-09-30
1820.0,126,0,2027-03-20,2026-09-30
1830.0,267,101,2027-03-20,2026-09-30
1840.0,53,0,2027-03-20,2026-09-30
1850.0,96,132,2027-03-20,2026-09-30
1860.0,180,5,2027-03-20,2026-09-30
1870.0,84,30,2027-03-20,2026-09-30
1880.0,105,23,2027-03-20,2026-09-30
1890.0,358,2,2027-03-20,2026-09-30
1900.0,833,8,2027-03-20,2026-09-30
1910.0,397,48,2027-03-20,2026-09-30
1920.0,116,4,2027-03-20,2026-09-30
1930.0,81,1,2027-03-20,2026-09-30
1940.0,158,0,2027-03-20,2026-09-30
1950.0,269,14,2027-03-20,2026-09-30
1960.0,200,0,2027-03-20,2026-09-30
1970.0,127,2,2027-03-20,2026-09-30
1980.0,217,0,2027-03-20,2026-09-30
1990.0,96,1,2027-03-20,2026-09-30
2000.0,947,8,2027-03-20,2026-09-30
2010.0,66,3,2027-03-20,2026-09-30
2020.0,158,0,2027-03-20,2026-09-30
2030.0,200,0,2027-03-20,2026-09-30
2040.0,115,0,2027-03-20,2026-09-30
2050.0,157,0,2027-03-20,2026-09-30
2060.0,69,1,2027-03-20,2026-09-30
2070.0,120,2,2027-03-20,2026-09-30
2080.0,236,0,2027-03-20,2026-09-30
2090.0,185,2,2027-03-20,2026-09-30
2100.0,315,5,2027-03-20,2026-09-30
2110.0,109,0,2027-03-20,2026-09-30
2120.0,136,0,2027-03-20,2026-09-30
2130.0,91,0,2027-03-20,2026-09-30
2140.0,109,0,2027-03-20,2026-09-30
2150.0,268,0,2027-03-20,2026-09-30
2160.0,154,0,2027-03-20,2026-09-30
2170.0,462,0,2027-03-20,2026-09-30
2180.0,277,0,2027-03-20,2026-09-30
2190.0,190,0,2027-03-20,2026-09-30
2200.0,242,0,2027-03-20,2026-09-30
2210.0,24,0,2027-03-20,2026-09-30
2220.0,150,0,2027-03-20,2026-09-30
2230.0,75,0,2027-03-20,2026-09-30
2240.0,182,0,2027-03-20,2026-09-30
2250.0,197,0,2027-03-20,2026-09-30
2260.0,145,0,2027-03-20,2026-09-30
2270.0,46,0,2027-03-20,2026-09-30
2280.0,84,0,2027-03-20,2026-09-30
2290.0,59,0,2027-03-20,2026-09-30
2300.0,43,0,2027-03-20,2026-09-30
2310.0,35,0,2027-03-20,2026-09-30
2320.0,53,0,2027-03-20,2026-09-30
2330.0,21,0,2027-03-20,2026-09-30
2340.0,159,0,2027-03-20,2026-09-30
2350.0,189,0,2027-03-20,2026-09-30
2360.0,81,0,2027-03-20,2026-09-30
2370.0,84,0,2027-03-20,2026-09-30
2380.0,86,0,2027-03-20,2026-09-30
2390.0,296,0,2027-03-20,2026-09-30
2400.0,868,0,2027-03-20,2026-09-30
2410.0,494,0,2027-03-20,2026-09-30
2420.0,180,0,2027-03-20,2026-09-30
2440.0,97,0,2027-03-20,2026-09-30
2460.0,274,0,2027-03-20,2026-09-30
2480.0,256,0,2027-03-20,2026-09-30
2500.0,3695,0,2027-03-20,2026-09-30
305.67,0,25,2027-03-26,2026-09-30
284.37,0,55,2027-03-31,2026-09-30
470.0,4,319,2027-04-17,2026-09-30
480.0,0,214,2027-04-17,2026-09-30
490.0,0,0,2027-04-17,2026-09-30
490.0,1,857,2027-04-17,2026-09-30
500.0,7,265,2027-04-17,2026-09-30
520.0,1,164,2027-04-17,2026-09-30
540.0,1,617,2027-04-17,2026-09-30
560.0,3,166,2027-04-17,2026-09-30
580.0,1,247,2027-04-17,2026-09-30
600.0,13,489,2027-04-17,2026-09-30
620.0,2,250,2027-04-17,2026-09-30
640.0,8,377,2027-04-17,2026-09-30
660.0,2,545,2027-04-17,2026-09-30
680.0,20,374,2027-04-17,2026-09-30
700.0,37,259,2027-04-17,2026-09-30
720.0,4,272,2027-04-17,2026-09-30
740.0,2,391,2027-04-17,2026-09-30
760.0,0,580,2027-04-17,2026-09-30
780.0,55,420,2027-04-17,2026-09-30
790.0,4,557,2027-04-17,2026-09-30
800.0,254,1546,2027-04-17,2026-09-30
810.0,16,367,2027-04-17,2026-09-30
820.0,14,134,2027-04-17,2026-09-30
830.0,80,356,2027-04-17,2026-09-30
840.0,81,121,2027-04-17,2026-09-30
850.0,179,249,2027-04-17,2026-09-30
860.0,20,340,2027-04-17,2026-09-30
870.0,23,71,2027-04-17,2026-09-30
880.0,225,265,2027-04-17,2026-09-30
890.0,55,90,2027-04-17,2026-09-30
900.0,109,325,2027-04-17,2026-09-30
910.0,292,77,2027-04-17,2026-09-30
920.0,157,55,2027-04-17,2026-09-30
930.0,217,312,2027-04-17,2026-09-30
940.0,46,100,2027-04-17,2026-09-30
950.0,206,175,2027-04-17,2026-09-30
960.0,86,29,2027-04-17,2026-09-30
970.0,73,43,2027-04-17,2026-09-30
980.0,32,174,2027-04-17,2026-09-30
990.0,90,122,2027-04-17,2026-09-30
1000.0,366,170,2027-04-17,2026-09-30
1010.0,70,92,2027-04-17,2026-09-30
1020.0,280,113,2027-04-17,2026-09-30
1030.0,35,159,2027-04-17,2026-09-30
1040.0,108,331,2027-04-17,2026-09-30
1050.0,96,91,2027-04-17,2026-09-30
1060.0,223,188,2027-04-17,2026-09-30
1070.0,69,56,2027-04-17,2026-09-30
1080.0,36,34,2027-04-17,2026-09-30
1100.0,0,0,2027-04-17,2026-09-30
1100.0,385,131,2027-04-17,2026-09-30
1120.0,88,59,2027-04-17,2026-09-30
1140.0,104,5,2027-04-17,2026-09-30
1160.0,813,8,2027-04-17,2026-09-30
1180.0,37,58,2027-04-17,2026-09-30
1200.0,186,67,2027-04-17,2026-09-30
1220.0,142,107,2027-04-17,2026-09-30
1240.0,43,8,2027-04-17,2026-09-30
1260.0,112,6,2027-04-17,2026-09-30
1280.0,337,11,2027-04-17,2026-09-30
1300.0,803,3,2027-04-17,2026-09-30
1320.0,122,7,2027-04-17,2026-09-30
1340.0,231,50,2027-04-17,2026-09-30
1360.0,90,0,2027-04-17,2026-09-30
1380.0,36,1,2027-04-17,2026-09-30
1400.0,168,2,2027-04-17,2026-09-30
1420.0,69,1,2027-04-17,2026-09-30
1440.0,190,2,2027-04-17,2026-09-30
1460.0,477,0,2027-04-17,2026-09-30
1480.0,262,9,2027-04-17,2026-09-30
1500.0,56,8,2027-04-17,2026-09-30
1520.0,18,0,2027-04-17,2026-09-30
1540.0,19,0,2027-04-17,2026-09-30
1560.0,82,0,2027-04-17,2026-09-30
1580.0,63,0,2027-04-17,2026-09-30
1600.0,211,0,2027-04-17,2026-09-30
5.0,1610,1,2027-06-18,2026-09-30
10.0,5,2,2027-06-18,2026-09-30
15.0,28,3,2027-06-18,2026-09-30
20.0,0,11,2027-06-18,2026-09-30
25.0,7,32,2027-06-18,2026-09-30
30.0,1,2,2027-06-18,2026-09-30
35.0,32,2522,2027-06-18,2026-09-30
40.0,5,968,2027-06-18,2026-09-30
45.0,80,1235,2027-06-18,2026-09-30
50.0,55,84,2027-06-18,2026-09-30
55.0,68,664,2027-06-18,2026-09-30
60.0,117,1139,2027-06-18,2026-09-30
65.0,113,343,2027-06-18,2026-09-30
70.0,156,5083,2027-06-18,2026-09-30
75.0,116,747,2027-06-18,2026-09-30
80.0,245,400,2027-06-18,2026-09-30
85.0,153,1284,2027-06-18,2026-09-30
90.0,122,1785,2027-06-18,2026-09-30
95.0,134,966,2027-06-18,2026-09-30
100.0,305,364,2027-06-18,2026-09-30
105.0,252,243,2027-06-18,2026-09-30
110.0,265,558,2027-06-18,2026-09-30
115.0,196,288,2027-06-18,2026-09-30
120.0,429,358,2027-06-18,2026-09-30
125.0,143,150,2027-06-18,2026-09-30
130.0,463,535,2027-06-18,2026-09-30
135.0,288,103,2027-06-18,2026-09-30
140.0,2680,173,2027-06-18,2026-09-30
145.0,86,180,2027-06-18,2026-09-30
150.0,206,1394,2027-06-18,2026-09-30
155.0,172,162,2027-06-18,2026-09-30
160.0,111,337,2027-06-18,2026-09-30
165.0,185,218,2027-06-18,2026-09-30
170.0,132,273,2027-06-18,2026-09-30
175.0,118,209,2027-06-18,2026-09-30
180.0,115,442,2027-06-18,2026-09-30
185.0,225,124,2027-06-18,2026-09-30
190.0,122,100,2027-06-18,2026-09-30
195.0,89,121,2027-06-18,2026-09-30
200.0,405,1022,2027-06-18,2026-09-30
210.0,172,259,2027-06-18,2026-09-30
220.0,138,435,2027-06-18,2026-09-30
230.0,223,627,2027-06-18,2026-09-30
240.0,149,1015,2027-06-18,2026-09-30
250.0,429,2681,2027-06-18,2026-09-30
260.0,3855,316,2027-06-18,2026-09-30
270.0,94,597,2027-06-18,2026-09-30
280.0,70,548,2027-06-18,2026-09-30
290.0,662,633,2027-06-18,2026-09-30
300.0,624,3704,2027-06-18,2026-09-30
310.0,144,463,2027-06-18,2026-09-30
320.0,145,143,2027-06-18,2026-09-30
330.0,307,629,2027-06-18,2026-09-30
340.0,270,358,2027-06-18,2026-09-30
350.0,425,941,2027-06-18,2026-09-30
360.0,153,678,2027-06-18,2026-09-30
370.0,123,458,2027-06-18,2026-09-30
380.0,495,641,2027-06-18,2026-09-30
390.0,265,577,2027-06-18,2026-09-30
400.0,1115,4371,2027-06-18,2026-09-30
410.0,286,641,2027-06-18,2026-09-30
420.0,329,533,2027-06-18,2026-09-30
430.0,369,403,2027-06-18,2026-09-30
440.0,288,524,2027-06-18,2026-09-30
450.0,385,1332,2027-06-18,2026-09-30
460.0,162,292,2027-06-18,2026-09-30
470.0,737,856,2027-06-18,2026-09-30
480.0,430,366,2027-06-18,2026-09-30
490.0,300,696,2027-06-18,2026-09-30
500.0,1427,2425,2027-06-18,2026-09-30
510.0,676,765,2027-06-18,2026-09-30
520.0,266,293,2027-06-18,2026-09-30
530.0,30,0,2027-06-18,2026-09-30
530.0,368,344,2027-06-18,2026-09-30
540.0,1948,705,2027-06-18,2026-09-30
550.0,743,2520,2027-06-18,2026-09-30
560.0,465,607,2027-06-18,2026-09-30
570.0,266,271,2027-06-18,2026-09-30
580.0,354,939,2027-06-18,2026-09-30
590.0,221,1014,2027-06-18,2026-09-30
600.0,1398,4536,2027-06-18,2026-09-30
610.0,421,448,2027-06-18,2026-09-30
620.0,182,935,2027-06-18,2026-09-30
630.0,501,402,2027-06-18,2026-09-30
640.0,448,1181,2027-06-18,2026-09-30
650.0,1039,2856,2027-06-18,2026-09-30
660.0,265,279,2027-06-18,2026-09-30
670.0,271,330,2027-06-18,2026-09-30
680.0,399,786,2027-06-18,2026-09-30
690.0,2261,377,2027-06-18,2026-09-30
700.0,2444,2472,2027-06-18,2026-09-30
710.0,278,246,2027-06-18,2026-09-30
720.0,939,1191,2027-06-18,2026-09-30
730.0,441,428,2027-06-18,2026-09-30
740.0,2751,463,2027-06-18,2026-09-30
750.0,1670,3280,2027-06-18,2026-09-30
760.0,597,431,2027-06-18,2026-09-30
770.0,225,359,2027-06-18,2026-09-30
780.0,468,1858,2027-06-18,2026-09-30
790.0,1234,300,2027-06-18,2026-09-30
800.0,0,290,2027-06-18,2026-09-30
800.0,1847,3101,2027-06-18,2026-09-30
810.0,161,435,2027-06-18,2026-09-30
820.0,395,297,2027-06-18,2026-09-30
830.0,632,467,2027-06-18,2026-09-30
840.0,268,740,2027-06-18,2026-09-30
850.0,822,1407,2027-06-18,2026-09-30
860.0,291,321,2027-06-18,2026-09-30
870.0,1302,618,2027-06-18,2026-09-30
880.0,677,724,2027-06-18,2026-09-30
890.0,2079,242,2027-06-18,2026-09-30
900.0,3014,4935,2027-06-18,2026-09-30
910.0,1675,455,2027-06-18,2026-09-30
920.0,375,257,2027-06-18,2026-09-30
930.0,548,644,2027-06-18,2026-09-30
940.0,339,259,2027-06-18,2026-09-30
950.0,1284,1202,2027-06-18,2026-09-30
960.0,360,380,2027-06-18,2026-09-30
970.0,265,480,2027-06-18,2026-09-30
980.0,365,175,2027-06-18,2026-09-30
990.0,221,114,2027-06-18,2026-09-30
1000.0,2592,1437,2027-06-18,2026-09-30
1010.0,219,328,2027-06-18,2026-09-30
1020.0,295,77,2027-06-18,2026-09-30
1030.0,177,150,2027-06-18,2026-09-30
1040.0,215,83,2027-06-18,2026-09-30
1050.0,638,607,2027-06-18,2026-09-30
1060.0,742,694,2027-06-18,2026-09-30
1070.0,248,82,2027-06-18,2026-09-30
1080.0,484,123,2027-06-18,2026-09-30
1090.0,362,198,2027-06-18,2026-09-30
1100.0,2101,621,2027-06-18,2026-09-30
1110.0,257,77,2027-06-18,2026-09-30
1120.0,203,102,2027-06-18,2026-09-30
1130.0,106,53,2027-06-18,2026-09-30
1140.0,251,120,2027-06-18,2026-09-30
1150.0,572,1023,2027-06-18,2026-09-30
1160.0,366,36,2027-06-18,2026-09-30
1170.0,186,119,2027-06-18,2026-09-30
1180.0,313,99,2027-06-18,2026-09-30
1190.0,78,57,2027-06-18,2026-09-30
1200.0,2021,58,2027-06-18,2026-09-30
1210.0,1447,30,2027-06-18,2026-09-30
1220.0,199,47,2027-06-18,2026-09-30
1230.0,96,30,2027-06-18,2026-09-30
1240.0,334,106,2027-06-18,2026-09-30
1250.0,11,0,2027-06-18,2026-09-30
1250.0,860,521,2027-06-18,2026-09-30
1260.0,175,43,2027-06-18,2026-09-30
1270.0,103,27,2027-06-18,2026-09-30
1280.0,105,85,2027-06-18,2026-09-30
1290.0,536,111,2027-06-18,2026-09-30
1300.0,1425,247,2027-06-18,2026-09-30
1310.0,67,37,2027-06-18,2026-09-30
1320.0,267,79,2027-06-18,2026-09-30
1330.0,139,88,2027-06-18,2026-09-30
1340.0,268,59,2027-06-18,2026-09-30
1350.0,549,569,2027-06-18,2026-09-30
1360.0,334,50,2027-06-18,2026-09-30
1370.0,216,28,2027-06-18,2026-09-30
1380.0,300,65,2027-06-18,2026-09-30
1390.0,208,94,2027-06-18,2026-09-30
1400.0,1097,173,2027-06-18,2026-09-30
1410.0,417,141,2027-06-18,2026-09-30
1420.0,331,156,2027-06-18,2026-09-30
1430.0,418,81,2027-06-18,2026-09-30
1440.0,278,161,2027-06-18,2026-09-30
1450.0,423,79,2027-06-18,2026-09-30
1460.0,560,117,2027-06-18,2026-09-30
1470.0,288,19,2027-06-18,2026-09-30
1480.0,410,50,2027-06-18,2026-09-30
1490.0,169,38,2027-06-18,2026-09-30
1500.0,2344,111,2027-06-18,2026-09-30
1510.0,181,11,2027-06-18,2026-09-30
1520.0,546,35,2027-06-18,2026-09-30
1530.0,185,36,2027-06-18,2026-09-30
1540.0,162,28,2027-06-18,2026-09-30
1550.0,149,13,2027-06-18,2026-09-30
1560.0,356,13,2027-06-18,2026-09-30
1570.0,532,12,2027-06-18,2026-09-30
1580.0,104,31,2027-06-18,2026-09-30
1590.0,417,10,2027-06-18,2026-09-30
1600.0,1742,69,2027-06-18,2026-09-30
1610.0,179,10,2027-06-18,2026-09-30
1620.0,458,30,2027-06-18,2026-09-30
1630.0,200,77,2027-06-18,2026-09-30
1640.0,300,20,2027-06-18,2026-09-30
1650.0,318,28,2027-06-18,2026-09-30
1660.0,610,17,2027-06-18,2026-09-30
1670.0,133,82,2027-06-18,2026-09-30
1680.0,123,6,2027-06-18,2026-09-30
1690.0,262,35,2027-06-18,2026-09-30
1700.0,358,83,2027-06-18,2026-09-30
1710.0,303,27,2027-06-18,2026-09-30
1720.0,450,23,2027-06-18,2026-09-30
1730.0,182,17,2027-06-18,2026-09-30
1740.0,136,26,2027-06-18,2026-09-30
1750.0,321,16,2027-06-18,2026-09-30
1760.0,113,48,2027-06-18,2026-09-30
1770.0,170,18,2027-06-18,2026-09-30
1775.0,290,0,2027-06-18,2026-09-30
1780.0,305,52,2027-06-18,2026-09-30
1790.0,237,11,2027-06-18,2026-09-30
1800.0,1941,30,2027-06-18,2026-09-30
1810.0,190,7,2027-06-18,2026-09-30
1820.0,227,1,2027-06-18,2026-09-30
1830.0,386,2,2027-06-18,2026-09-30
1840.0,335,3,2027-06-18,2026-09-30
1850.0,212,20,2027-06-18,2026-09-30
1860.0,252,19,2027-06-18,2026-09-30
1870.0,163,0,2027-06-18,2026-09-30
1880.0,363,25,2027-06-18,2026-09-30
1890.0,288,0,2027-06-18,2026-09-30
1900.0,752,7,2027-06-18,2026-09-30
1910.0,560,99,2027-06-18,2026-09-30
1920.0,450,1,2027-06-18,2026-09-30
1930.0,529,1,2027-06-18,2026-09-30
1940.0,376,7,2027-06-18,2026-09-30
1950.0,361,0,2027-06-18,2026-09-30
1960.0,468,0,2027-06-18,2026-09-30
1970.0,123,1,2027-06-18,2026-09-30
1980.0,100,5,2027-06-18,2026-09-30
1990.0,39,1,2027-06-18,2026-09-30
2000.0,1869,6,2027-06-18,2026-09-30
2010.0,81,31,2027-06-18,2026-09-30
2020.0,247,1,2027-06-18,2026-09-30
2030.0,46,2,2027-06-18,2026-09-30
2040.0,142,10,2027-06-18,2026-09-30
2050.0,69,6,2027-06-18,2026-09-30
2060.0,107,10,2027-06-18,2026-09-30
2070.0,13,7,2027-06-18,2026-09-30
2080.0,46,10,2027-06-18,2026-09-30
2090.0,55,7,2027-06-18,2026-09-30
2100.0,331,34,2027-06-18,2026-09-30
2110.0,104,2,2027-06-18,2026-09-30
2120.0,27,0,2027-06-18,2026-09-30
2130.0,70,0,2027-06-18,2026-09-30
2140.0,212,47,2027-06-18,2026-09-30
2150.0,279,4,2027-06-18,2026-09-30
2160.0,309,0,2027-06-18,2026-09-30
2170.0,337,2,2027-06-18,2026-09-30
2180.0,72,3,2027-06-18,2026-09-30
2190.0,207,5,2027-06-18,2026-09-30
2200.0,97,18,2027-06-18,2026-09-30
2210.0,129,1,2027-06-18,2026-09-30
2220.0,126,6,2027-06-18,2026-09-30
2230.0,202,1,2027-06-18,2026-09-30
2240.0,18,0,2027-06-18,2026-09-30
2250.0,108,1,2027-06-18,2026-09-30
2260.0,52,0,2027-06-18,2026-09-30
2270.0,215,0,2027-06-18,2026-09-30
2280.0,35,0,2027-06-18,2026-09-30
2290.0,758,6,2027-06-18,2026-09-30
2300.0,154,0,2027-06-18,2026-09-30
2310.0,209,0,2027-06-18,2026-09-30
2320.0,308,0,2027-06-18,2026-09-30
2330.0,130,0,2027-06-18,2026-09-30
2340.0,207,0,2027-06-18,2026-09-30
2350.0,128,1,2027-06-18,2026-09-30
2360.0,193,0,2027-06-18,2026-09-30
2370.0,297,0,2027-06-18,2026-09-30
2380.0,308,0,2027-06-18,2026-09-30
2390.0,493,0,2027-06-18,2026-09-30
2400.0,192,0,2027-06-18,2026-09-30
2410.0,489,0,2027-06-18,2026-09-30
2420.0,294,0,2027-06-18,2026-09-30
2440.0,344,0,2027-06-18,2026-09-30
2460.0,630,0,2027-06-18,2026-09-30
2480.0,451,1,2027-06-18,2026-09-30
2500.0,3109,0,2027-06-18,2026-09-30
500.0,0,231,2027-07-17,2026-09-30
510.0,1,29,2027-07-17,2026-09-30
520.0,1,53,2027-07-17,2026-09-30
530.0,0,41,2027-07-17,2026-09-30
540.0,0,9,2027-07-17,2026-09-30
550.0,0,54,2027-07-17,2026-09-30
560.0,0,52,2027-07-17,2026-09-30
570.0,4,9,2027-07-17,2026-09-30
580.0,0,14,2027-07-17,2026-09-30
590.0,0,49,2027-07-17,2026-09-30
600.0,0,26,2027-07-17,2026-09-30
610.0,0,6,2027-07-17,2026-09-30
620.0,0,60,2027-07-17,2026-09-30
630.0,0,10,2027-07-17,2026-09-30
640.0,0,8,2027-07-17,2026-09-30
650.0,0,16,2027-07-17,2026-09-30
660.0,0,10,2027-07-17,2026-09-30
670.0,0,37,2027-07-17,2026-09-30
680.0,0,51,2027-07-17,2026-09-30
690.0,0,10,2027-07-17,2026-09-30
700.0,0,17,2027-07-17,2026-09-30
710.0,0,29,2027-07-17,2026-09-30
720.0,3,15,2027-07-17,2026-09-30
730.0,0,7,2027-07-17,2026-09-30
740.0,0,13,2027-07-17,2026-09-30
750.0,0,118,2027-07-17,2026-09-30
760.0,0,2,2027-07-17,2026-09-30
770.0,0,0,2027-07-17,2026-09-30
780.0,0,16,2027-07-17,2026-09-30
790.0,0,19,2027-07-17,2026-09-30
800.0,5,79,2027-07-17,2026-09-30
810.0,0,14,2027-07-17,2026-09-30
820.0,0,68,2027-07-17,2026-09-30
830.0,0,22,2027-07-17,2026-09-30
840.0,0,76,2027-07-17,2026-09-30
850.0,0,27,2027-07-17,2026-09-30
860.0,0,34,2027-07-17,2026-09-30
870.0,0,88,2027-07-17,2026-09-30
880.0,0,15,2027-07-17,2026-09-30
890.0,0,142,2027-07-17,2026-09-30
900.0,4,151,2027-07-17,2026-09-30
910.0,1,23,2027-07-17,2026-09-30
920.0,2,15,2027-07-17,2026-09-30
930.0,9,3,2027-07-17,2026-09-30
940.0,15,9,2027-07-17,2026-09-30
950.0,16,7,2027-07-17,2026-09-30
960.0,24,3,2027-07-17,2026-09-30
970.0,1,16,2027-07-17,2026-09-30
980.0,1,141,2027-07-17,2026-09-30
990.0,1,39,2027-07-17,2026-09-30
1000.0,23,80,2027-07-17,2026-09-30
1010.0,9,100,2027-07-17,2026-09-30
1020.0,0,62,2027-07-17,2026-09-30
1030.0,22,32,2027-07-17,2026-09-30
1040.0,2,22,2027-07-17,2026-09-30
1050.0,51,307,2027-07-17,2026-09-30
1060.0,16,106,2027-07-17,2026-09-30
1070.0,6,126,2027-07-17,2026-09-30
1080.0,2,25,2027-07-17,2026-09-30
1090.0,20,9,2027-07-17,2026-09-30
1100.0,103,2,2027-07-17,2026-09-30
1110.0,8,1,2027-07-17,2026-09-30
1120.0,54,16,2027-07-17,2026-09-30
1130.0,9,5,2027-07-17,2026-09-30
1140.0,78,2,2027-07-17,2026-09-30
1150.0,36,5,2027-07-17,2026-09-30
1160.0,28,1,2027-07-17,2026-09-30
1170.0,24,0,2027-07-17,2026-09-30
1180.0,39,2,2027-07-17,2026-09-30
1190.0,1,2,2027-07-17,2026-09-30
1200.0,15,103,2027-07-17,2026-09-30
1210.0,1,3,2027-07-17,2026-09-30
1220.0,37,1,2027-07-17,2026-09-30
1230.0,1,0,2027-07-17,2026-09-30
1240.0,1,2,2027-07-17,2026-09-30
1250.0,2,0,2027-07-17,2026-09-30
1260.0,45,3,2027-07-17,2026-09-30
1270.0,47,2,2027-07-17,2026-09-30
1280.0,1,2,2027-07-17,2026-09-30
1290.0,6,3,2027-07-17,2026-09-30
1300.0,27,12,2027-07-17,2026-09-30
1310.0,30,5,2027-07-17,2026-09-30
1320.0,38,4,2027-07-17,2026-09-30
1330.0,24,0,2027-07-17,2026-09-30
1340.0,45,3,2027-07-17,2026-09-30
1350.0,25,5,2027-07-17,2026-09-30
1360.0,13,2,2027-07-17,2026-09-30
1370.0,10,1,2027-07-17,2026-09-30
1380.0,3,0,2027-07-17,2026-09-30
1390.0,5,1,2027-07-17,2026-09-30
1400.0,19,0,2027-07-17,2026-09-30
1420.0,2,0,2027-07-17,2026-09-30
1440.0,1,0,2027-07-17,2026-09-30
1460.0,0,1,2027-07-17,2026-09-30
1480.0,1,0,2027-07-17,2026-09-30
1500.0,1,0,2027-07-17,2026-09-30
1520.0,2,0,2027-07-17,2026-09-30
1540.0,3,0,2027-07-17,2026-09-30
1560.0,2,0,2027-07-17,2026-09-30
1580.0,8,0,2027-07-17,2026-09-30
1600.0,52,3,2027-07-17,2026-09-30
5.0,4412,107,2027-09-18,2026-09-30
10.0,584,0,2027-09-18,2026-09-30
15.0,0,2,2027-09-18,2026-09-30
20.0,0,3,2027-09-18,2026-09-30
25.0,0,4,2027-09-18,2026-09-30
30.0,0,3,2027-09-18,2026-09-30
40.0,0,12,2027-09-18,2026-09-30
50.0,1,37,2027-09-18,2026-09-30
60.0,0,82,2027-09-18,2026-09-30
70.0,1,175,2027-09-18,2026-09-30
80.0,1,236,2027-09-18,2026-09-30
90.0,12,335,2027-09-18,2026-09-30
100.0,25,764,2027-09-18,2026-09-30
110.0,5,134,2027-09-18,2026-09-30
120.0,2,754,2027-09-18,2026-09-30
130.0,6,146,2027-09-18,2026-09-30
140.0,4,551,2027-09-18,2026-09-30
150.0,5,344,2027-09-18,2026-09-30
160.0,14,437,2027-09-18,2026-09-30
170.0,128,182,2027-09-18,2026-09-30
180.0,4,44,2027-09-18,2026-09-30
185.0,2,10,2027-09-18,2026-09-30
190.0,158,220,2027-09-18,2026-09-30
195.0,3,212,2027-09-18,2026-09-30
200.0,12,141,2027-09-18,2026-09-30
210.0,6,45,2027-09-18,2026-09-30
220.0,8,118,2027-09-18,2026-09-30
230.0,8,61,2027-09-18,2026-09-30
240.0,5,181,2027-09-18,2026-09-30
250.0,47,290,2027-09-18,2026-09-30
260.0,31,218,2027-09-18,2026-09-30
270.0,7,107,2027-09-18,2026-09-30
280.0,48,87,2027-09-18,2026-09-30
290.0,8,561,2027-09-18,2026-09-30
300.0,97,254,2027-09-18,2026-09-30
310.0,33,122,2027-09-18,2026-09-30
320.0,27,97,2027-09-18,2026-09-30
330.0,30,54,2027-09-18,2026-09-30
340.0,16,118,2027-09-18,2026-09-30
350.0,110,228,2027-09-18,2026-09-30
360.0,17,66,2027-09-18,2026-09-30
370.0,32,132,2027-09-18,2026-09-30
380.0,13,115,2027-09-18,2026-09-30
390.0,56,75,2027-09-18,2026-09-30
400.0,99,344,2027-09-18,2026-09-30
410.0,22,119,2027-09-18,2026-09-30
420.0,48,44,2027-09-18,2026-09-30
430.0,244,99,2027-09-18,2026-09-30
440.0,103,78,2027-09-18,2026-09-30
450.0,81,190,2027-09-18,2026-09-30
460.0,17,79,2027-09-18,2026-09-30
470.0,45,90,2027-09-18,2026-09-30
480.0,63,226,2027-09-18,2026-09-30
490.0,47,155,2027-09-18,2026-09-30
500.0,308,611,2027-09-18,2026-09-30
510.0,168,103,2027-09-18,2026-09-30
520.0,10,275,2027-09-18,2026-09-30
530.0,58,184,2027-09-18,2026-09-30
540.0,28,104,2027-09-18,2026-09-30
550.0,167,436,2027-09-18,2026-09-30
560.0,153,224,2027-09-18,2026-09-30
570.0,276,137,2027-09-18,2026-09-30
580.0,65,303,2027-09-18,2026-09-30
590.0,22,166,2027-09-18,2026-09-30
600.0,609,950,2027-09-18,2026-09-30
610.0,80,233,2027-09-18,2026-09-30
620.0,65,153,2027-09-18,2026-09-30
630.0,105,392,2027-09-18,2026-09-30
640.0,93,197,2027-09-18,2026-09-30
650.0,133,1431,2027-09-18,2026-09-30
660.0,275,176,2027-09-18,2026-09-30
670.0,120,232,2027-09-18,2026-09-30
680.0,123,207,2027-09-18,2026-09-30
690.0,92,231,2027-09-18,2026-09-30
700.0,647,800,2027-09-18,2026-09-30
710.0,51,149,2027-09-18,2026-09-30
720.0,109,71,2027-09-18,2026-09-30
730.0,103,154,2027-09-18,2026-09-30
740.0,65,159,2027-09-18,2026-09-30
750.0,385,345,2027-09-18,2026-09-30
760.0,60,324,2027-09-18,2026-09-30
770.0,259,168,2027-09-18,2026-09-30
780.0,95,413,2027-09-18,2026-09-30
790.0,70,77,2027-09-18,2026-09-30
800.0,561,542,2027-09-18,2026-09-30
810.0,162,81,2027-09-18,2026-09-30
820.0,143,500,2027-09-18,2026-09-30
830.0,245,268,2027-09-18,2026-09-30
840.0,90,199,2027-09-18,2026-09-30
850.0,324,723,2027-09-18,2026-09-30
860.0,225,149,2027-09-18,2026-09-30
870.0,268,220,2027-09-18,2026-09-30
880.0,556,374,2027-09-18,2026-09-30
890.0,439,134,2027-09-18,2026-09-30
900.0,843,941,2027-09-18,2026-09-30
920.0,152,223,2027-09-18,2026-09-30
930.0,473,112,2027-09-18,2026-09-30
940.0,468,243,2027-09-18,2026-09-30
950.0,308,85,2027-09-18,2026-09-30
960.0,406,73,2027-09-18,2026-09-30
970.0,348,78,2027-09-18,2026-09-30
980.0,115,101,2027-09-18,2026-09-30
990.0,241,125,2027-09-18,2026-09-30
1000.0,910,216,2027-09-18,2026-09-30
1010.0,108,184,2027-09-18,2026-09-30
1020.0,247,59,2027-09-18,2026-09-30
1030.0,81,85,2027-09-18,2026-09-30
1040.0,96,95,2027-09-18,2026-09-30
1050.0,178,50,2027-09-18,2026-09-30
1060.0,159,42,2027-09-18,2026-09-30
1070.0,230,93,2027-09-18,2026-09-30
1080.0,101,249,2027-09-18,2026-09-30
1090.0,86,119,2027-09-18,2026-09-30
1100.0,524,874,2027-09-18,2026-09-30
1110.0,315,81,2027-09-18,2026-09-30
1120.0,132,20,2027-09-18,2026-09-30
1130.0,233,41,2027-09-18,2026-09-30
1140.0,63,62,2027-09-18,2026-09-30
1150.0,374,89,2027-09-18,2026-09-30
1160.0,78,23,2027-09-18,2026-09-30
1170.0,259,39,2027-09-18,2026-09-30
1180.0,53,14,2027-09-18,2026-09-30
1190.0,46,18,2027-09-18,2026-09-30
1200.0,595,625,2027-09-18,2026-09-30
1210.0,352,20,2027-09-18,2026-09-30
1220.0,565,54,2027-09-18,2026-09-30
1230.0,96,311,2027-09-18,2026-09-30
1240.0,536,169,2027-09-18,2026-09-30
1250.0,11,0,2027-09-18,2026-09-30
1250.0,189,310,2027-09-18,2026-09-30
1260.0,371,38,2027-09-18,2026-09-30
1270.0,469,11,2027-09-18,2026-09-30
1280.0,46,452,2027-09-18,2026-09-30
1290.0,92,15,2027-09-18,2026-09-30
1300.0,256,222,2027-09-18,2026-09-30
1310.0,140,12,2027-09-18,2026-09-30
1320.0,490,146,2027-09-18,2026-09-30
1330.0,80,7,2027-09-18,2026-09-30
1340.0,78,3,2027-09-18,2026-09-30
1350.0,236,11,2027-09-18,2026-09-30
1360.0,160,63,2027-09-18,2026-09-30
1370.0,51,300,2027-09-18,2026-09-30
1380.0,34,4,2027-09-18,2026-09-30
1390.0,57,4,2027-09-18,2026-09-30
1400.0,720,86,2027-09-18,2026-09-30
1410.0,51,3,2027-09-18,2026-09-30
1420.0,645,32,2027-09-18,2026-09-30
1430.0,48,77,2027-09-18,2026-09-30
1440.0,102,11,2027-09-18,2026-09-30
1450.0,113,19,2027-09-18,2026-09-30
1460.0,133,66,2027-09-18,2026-09-30
1470.0,25,1,2027-09-18,2026-09-30
1480.0,122,444,2027-09-18,2026-09-30
1490.0,241,1,2027-09-18,2026-09-30
1500.0,397,294,2027-09-18,2026-09-30
1510.0,249,7,2027-09-18,2026-09-30
1520.0,312,3,2027-09-18,2026-09-30
1530.0,439,7,2027-09-18,2026-09-30
1540.0,237,33,2027-09-18,2026-09-30
1550.0,367,29,2027-09-18,2026-09-30
1560.0,457,8,2027-09-18,2026-09-30
1570.0,101,12,2027-09-18,2026-09-30
1580.0,298,101,2027-09-18,2026-09-30
1590.0,186,4,2027-09-18,2026-09-30
1600.0,194,47,2027-09-18,2026-09-30
1610.0,277,14,2027-09-18,2026-09-30
1620.0,892,90,2027-09-18,2026-09-30
1630.0,480,118,2027-09-18,2026-09-30
1640.0,136,1,2027-09-18,2026-09-30
1650.0,254,1,2027-09-18,2026-09-30
1660.0,787,16,2027-09-18,2026-09-30
1670.0,187,2,2027-09-18,2026-09-30
1680.0,224,2,2027-09-18,2026-09-30
1690.0,73,7,2027-09-18,2026-09-30
1700.0,109,255,2027-09-18,2026-09-30
1710.0,273,4,2027-09-18,2026-09-30
1720.0,144,12,2027-09-18,2026-09-30
1730.0,238,4,2027-09-18,2026-09-30
1740.0,410,7,2027-09-18,2026-09-30
1750.0,114,25,2027-09-18,2026-09-30
1760.0,144,6,2027-09-18,2026-09-30
1770.0,75,4,2027-09-18,2026-09-30
1780.0,363,7,2027-09-18,2026-09-30
1790.0,561,11,2027-09-18,2026-09-30
1800.0,457,4,2027-09-18,2026-09-30
1810.0,197,4,2027-09-18,2026-09-30
1820.0,158,3,2027-09-18,2026-09-30
1830.0,168,74,2027-09-18,2026-09-30
1840.0,180,5,2027-09-18,2026-09-30
1850.0,92,1,2027-09-18,2026-09-30
1860.0,96,1,2027-09-18,2026-09-30
1870.0,117,0,2027-09-18,2026-09-30
1880.0,261,4,2027-09-18,2026-09-30
1890.0,212,13,2027-09-18,2026-09-30
1900.0,359,31,2027-09-18,2026-09-30
1910.0,56,7,2027-09-18,2026-09-30
1920.0,18,0,2027-09-18,2026-09-30
1930.0,49,0,2027-09-18,2026-09-30
1940.0,54,0,2027-09-18,2026-09-30
1950.0,69,1,2027-09-18,2026-09-30
1960.0,14,0,2027-09-18,2026-09-30
1970.0,72,43,2027-09-18,2026-09-30
1980.0,199,40,2027-09-18,2026-09-30
1990.0,103,3,2027-09-18,2026-09-30
2000.0,620,4,2027-09-18,2026-09-30
2010.0,696,2,2027-09-18,2026-09-30
2020.0,81,0,2027-09-18,2026-09-30
2030.0,54,1,2027-09-18,2026-09-30
2040.0,41,0,2027-09-18,2026-09-30
2050.0,59,2,2027-09-18,2026-09-30
2060.0,57,1,2027-09-18,2026-09-30
2070.0,83,0,2027-09-18,2026-09-30
2080.0,45,6,2027-09-18,2026-09-30
2090.0,104,2,2027-09-18,2026-09-30
2100.0,71,24,2027-09-18,2026-09-30
2110.0,200,0,2027-09-18,2026-09-30
2120.0,39,0,2027-09-18,2026-09-30
2130.0,37,0,2027-09-18,2026-09-30
2140.0,54,1,2027-09-18,2026-09-30
2150.0,126,0,2027-09-18,2026-09-30
2160.0,35,2,2027-09-18,2026-09-30
2170.0,371,7,2027-09-18,2026-09-30
2180.0,3,2,2027-09-18,2026-09-30
2190.0,69,3,2027-09-18,2026-09-30
2200.0,127,11,2027-09-18,2026-09-30
2210.0,66,0,2027-09-18,2026-09-30
2220.0,51,5,2027-09-18,2026-09-30
2230.0,11,0,2027-09-18,2026-09-30
2240.0,123,1,2027-09-18,2026-09-30
2250.0,78,3,2027-09-18,2026-09-30
2260.0,133,1,2027-09-18,2026-09-30
2270.0,65,0,2027-09-18,2026-09-30
2280.0,14,1,2027-09-18,2026-09-30
2290.0,35,2,2027-09-18,2026-09-30
2300.0,29,1,2027-09-18,2026-09-30
2310.0,41,2,2027-09-18,2026-09-30
2320.0,99,2,2027-09-18,2026-09-30
2330.0,117,1,2027-09-18,2026-09-30
2340.0,118,1,2027-09-18,2026-09-30
2350.0,60,3,2027-09-18,2026-09-30
2360.0,89,2,2027-09-18,2026-09-30
2370.0,54,6,2027-09-18,2026-09-30
2380.0,140,3,2027-09-18,2026-09-30
2390.0,173,0,2027-09-18,2026-09-30
2400.0,282,0,2027-09-18,2026-09-30
2410.0,287,0,2027-09-18,2026-09-30
2420.0,342,5,2027-09-18,2026-09-30
2440.0,642,0,2027-09-18,2026-09-30
2460.0,645,0,2027-09-18,2026-09-30
2480.0,1063,3,2027-09-18,2026-09-30
2500.0,899,1,2027-09-18,2026-09-30
5.0,6274,1247,2027-12-18,2026-09-30
10.0,7,3,2027-12-18,2026-09-30
15.0,2,9,2027-12-18,2026-09-30
20.0,4,17,2027-12-18,2026-09-30
25.0,2201,1202,2027-12-18,2026-09-30
30.0,62,458,2027-12-18,2026-09-30
35.0,70,467,2027-12-18,2026-09-30
40.0,112,5497,2027-12-18,2026-09-30
45.0,113,399,2027-12-18,2026-09-30
50.0,155,853,2027-12-18,2026-09-30
55.0,189,1613,2027-12-18,2026-09-30
60.0,849,1145,2027-12-18,2026-09-30
65.0,136,1710,2027-12-18,2026-09-30
70.0,149,2453,2027-12-18,2026-09-30
75.0,496,1296,2027-12-18,2026-09-30
80.0,206,897,2027-12-18,2026-09-30
85.0,172,353,2027-12-18,2026-09-30
90.0,308,246,2027-12-18,2026-09-30
95.0,156,224,2027-12-18,2026-09-30
100.0,317,662,2027-12-18,2026-09-30
105.0,149,289,2027-12-18,2026-09-30
110.0,303,533,2027-12-18,2026-09-30
115.0,300,147,2027-12-18,2026-09-30
120.0,221,207,2027-12-18,2026-09-30
125.0,271,304,2027-12-18,2026-09-30
130.0,254,278,2027-12-18,2026-09-30
135.0,210,256,2027-12-18,2026-09-30
140.0,133,322,2027-12-18,2026-09-30
145.0,197,123,2027-12-18,2026-09-30
150.0,474,328,2027-12-18,2026-09-30
155.0,83,69,2027-12-18,2026-09-30
160.0,185,129,2027-12-18,2026-09-30
165.0,155,69,2027-12-18,2026-09-30
170.0,521,733,2027-12-18,2026-09-30
175.0,98,82,2027-12-18,2026-09-30
180.0,78,377,2027-12-18,2026-09-30
185.0,36,241,2027-12-18,2026-09-30
190.0,1360,670,2027-12-18,2026-09-30
195.0,231,43,2027-12-18,2026-09-30
200.0,383,419,2027-12-18,2026-09-30
210.0,299,243,2027-12-18,2026-09-30
220.0,160,129,2027-12-18,2026-09-30
230.0,240,165,2027-12-18,2026-09-30
240.0,130,123,2027-12-18,2026-09-30
250.0,50,0,2027-12-18,2026-09-30
250.0,94,361,2027-12-18,2026-09-30
260.0,144,188,2027-12-18,2026-09-30
270.0,89,86,2027-12-18,2026-09-30
280.0,196,435,2027-12-18,2026-09-30
290.0,165,486,2027-12-18,2026-09-30
300.0,320,368,2027-12-18,2026-09-30
310.0,171,107,2027-12-18,2026-09-30
320.0,124,147,2027-12-18,2026-09-30
330.0,213,242,2027-12-18,2026-09-30
340.0,120,104,2027-12-18,2026-09-30
350.0,92,97,2027-12-18,2026-09-30
360.0,87,164,2027-12-18,2026-09-30
370.0,89,219,2027-12-18,2026-09-30
380.0,175,137,2027-12-18,2026-09-30
390.0,137,138,2027-12-18,2026-09-30
400.0,795,720,2027-12-18,2026-09-30
410.0,158,187,2027-12-18,2026-09-30
420.0,121,152,2027-12-18,2026-09-30
430.0,397,296,2027-12-18,2026-09-30
440.0,68,210,2027-12-18,2026-09-30
450.0,360,203,2027-12-18,2026-09-30
460.0,87,34,2027-12-18,2026-09-30
470.0,579,85,2027-12-18,2026-09-30
480.0,124,111,2027-12-18,2026-09-30
490.0,254,366,2027-12-18,2026-09-30
500.0,518,755,2027-12-18,2026-09-30
510.0,192,131,2027-12-18,2026-09-30
520.0,263,93,2027-12-18,2026-09-30
530.0,270,62,2027-12-18,2026-09-30
540.0,74,63,2027-12-18,2026-09-30
550.0,381,234,2027-12-18,2026-09-30
560.0,246,86,2027-12-18,2026-09-30
570.0,149,94,2027-12-18,2026-09-30
580.0,291,93,2027-12-18,2026-09-30
590.0,143,100,2027-12-18,2026-09-30
600.0,451,359,2027-12-18,2026-09-30
610.0,86,98,2027-12-18,2026-09-30
620.0,147,79,2027-12-18,2026-09-30
630.0,543,187,2027-12-18,2026-09-30
640.0,291,185,2027-12-18,2026-09-30
650.0,587,707,2027-12-18,2026-09-30
660.0,96,184,2027-12-18,2026-09-30
670.0,74,27,2027-12-18,2026-09-30
680.0,377,485,2027-12-18,2026-09-30
690.0,386,86,2027-12-18,2026-09-30
700.0,791,1158,2027-12-18,2026-09-30
710.0,138,296,2027-12-18,2026-09-30
720.0,303,556,2027-12-18,2026-09-30
730.0,332,66,2027-12-18,2026-09-30
740.0,376,42,2027-12-18,2026-09-30
750.0,419,256,2027-12-18,2026-09-30
760.0,231,151,2027-12-18,2026-09-30
770.0,131,162,2027-12-18,2026-09-30
780.0,190,148,2027-12-18,2026-09-30
790.0,227,48,2027-12-18,2026-09-30
800.0,1059,627,2027-12-18,2026-09-30
810.0,227,237,2027-12-18,2026-09-30
820.0,235,169,2027-12-18,2026-09-30
830.0,147,290,2027-12-18,2026-09-30
840.0,199,684,2027-12-18,2026-09-30
850.0,239,461,2027-12-18,2026-09-30
860.0,235,273,2027-12-18,2026-09-30
870.0,321,69,2027-12-18,2026-09-30
880.0,505,332,2027-12-18,2026-09-30
890.0,658,246,2027-12-18,2026-09-30
900.0,1004,573,2027-12-18,2026-09-30
910.0,1326,46,2027-12-18,2026-09-30
920.0,200,119,2027-12-18,2026-09-30
930.0,146,414,2027-12-18,2026-09-30
940.0,173,46,2027-12-18,2026-09-30
950.0,710,375,2027-12-18,2026-09-30
960.0,290,158,2027-12-18,2026-09-30
970.0,485,50,2027-12-18,2026-09-30
980.0,190,80,2027-12-18,2026-09-30
990.0,63,90,2027-12-18,2026-09-30
1000.0,769,1448,2027-12-18,2026-09-30
1010.0,151,113,2027-12-18,2026-09-30
1020.0,470,44,2027-12-18,2026-09-30
1030.0,163,79,2027-12-18,2026-09-30
1040.0,404,61,2027-12-18,2026-09-30
1050.0,466,33,2027-12-18,2026-09-30
1060.0,360,31,2027-12-18,2026-09-30
1070.0,572,51,2027-12-18,2026-09-30
1080.0,212,140,2027-12-18,2026-09-30
1090.0,272,203,2027-12-18,2026-09-30
1100.0,1164,333,2027-12-18,2026-09-30
1110.0,477,52,2027-12-18,2026-09-30
1120.0,228,83,2027-12-18,2026-09-30
1130.0,485,33,2027-12-18,2026-09-30
1140.0,168,13,2027-12-18,2026-09-30
1150.0,118,21,2027-12-18,2026-09-30
1160.0,131,22,2027-12-18,2026-09-30
1170.0,433,29,2027-12-18,2026-09-30
1180.0,286,47,2027-12-18,2026-09-30
1200.0,791,305,2027-12-18,2026-09-30
1220.0,346,163,2027-12-18,2026-09-30
1240.0,297,77,2027-12-18,2026-09-30
1260.0,786,427,2027-12-18,2026-09-30
1280.0,952,254,2027-12-18,2026-09-30
1300.0,910,250,2027-12-18,2026-09-30
1320.0,566,270,2027-12-18,2026-09-30
1340.0,393,32,2027-12-18,2026-09-30
1360.0,542,46,2027-12-18,2026-09-30
1380.0,418,66,2027-12-18,2026-09-30
1400.0,609,286,2027-12-18,2026-09-30
1420.0,569,146,2027-12-18,2026-09-30
1440.0,438,57,2027-12-18,2026-09-30
1460.0,339,271,2027-12-18,2026-09-30
1480.0,684,195,2027-12-18,2026-09-30
1490.0,248,73,2027-12-18,2026-09-30
1500.0,1778,239,2027-12-18,2026-09-30
1510.0,179,3,2027-12-18,2026-09-30
1520.0,210,50,2027-12-18,2026-09-30
1530.0,92,7,2027-12-18,2026-09-30
1540.0,87,11,2027-12-18,2026-09-30
1550.0,232,6,2027-12-18,2026-09-30
1560.0,62,39,2027-12-18,2026-09-30
1570.0,135,22,2027-12-18,2026-09-30
1580.0,120,112,2027-12-18,2026-09-30
1590.0,300,24,2027-12-18,2026-09-30
1600.0,552,52,2027-12-18,2026-09-30
1610.0,143,24,2027-12-18,2026-09-30
1620.0,227,5,2027-12-18,2026-09-30
1630.0,688,280,2027-12-18,2026-09-30
1640.0,119,48,2027-12-18,2026-09-30
1650.0,50,5,2027-12-18,2026-09-30
1660.0,72,7,2027-12-18,2026-09-30
1670.0,144,12,2027-12-18,2026-09-30
1680.0,354,7,2027-12-18,2026-09-30
1690.0,248,3,2027-12-18,2026-09-30
1700.0,1337,50,2027-12-18,2026-09-30
1710.0,154,11,2027-12-18,2026-09-30
1720.0,67,23,2027-12-18,2026-09-30
1730.0,111,1,2027-12-18,2026-09-30
1740.0,161,8,2027-12-18,2026-09-30
1750.0,262,4,2027-12-18,2026-09-30
1760.0,234,3,2027-12-18,2026-09-30
1770.0,122,14,2027-12-18,2026-09-30
1780.0,564,10,2027-12-18,2026-09-30
1790.0,246,26,2027-12-18,2026-09-30
1800.0,1377,81,2027-12-18,2026-09-30
1810.0,490,41,2027-12-18,2026-09-30
1820.0,597,15,2027-12-18,2026-09-30
1830.0,825,23,2027-12-18,2026-09-30
1840.0,184,5,2027-12-18,2026-09-30
1850.0,179,13,2027-12-18,2026-09-30
1860.0,68,8,2027-12-18,2026-09-30
1870.0,25,0,2027-12-18,2026-09-30
1880.0,349,125,2027-12-18,2026-09-30
1890.0,238,1,2027-12-18,2026-09-30
1900.0,344,201,2027-12-18,2026-09-30
1910.0,292,2,2027-12-18,2026-09-30
1920.0,234,11,2027-12-18,2026-09-30
1930.0,225,2,2027-12-18,2026-09-30
1940.0,86,1,2027-12-18,2026-09-30
1950.0,35,4,2027-12-18,2026-09-30
1960.0,161,1,2027-12-18,2026-09-30
1970.0,79,2,2027-12-18,2026-09-30
1980.0,543,15,2027-12-18,2026-09-30
1990.0,173,5,2027-12-18,2026-09-30
2000.0,844,132,2027-12-18,2026-09-30
2010.0,112,1,2027-12-18,2026-09-30
2020.0,161,4,2027-12-18,2026-09-30
2030.0,83,10,2027-12-18,2026-09-30
2040.0,60,4,2027-12-18,2026-09-30
2050.0,52,6,2027-12-18,2026-09-30
2060.0,37,20,2027-12-18,2026-09-30
2070.0,19,2,2027-12-18,2026-09-30
2080.0,28,120,2027-12-18,2026-09-30
2090.0,96,4,2027-12-18,2026-09-30
2100.0,156,47,2027-12-18,2026-09-30
2110.0,60,46,2027-12-18,2026-09-30
2120.0,210,5,2027-12-18,2026-09-30
2130.0,126,4,2027-12-18,2026-09-30
2140.0,32,6,2027-12-18,2026-09-30
2150.0,41,20,2027-12-18,2026-09-30
2160.0,157,26,2027-12-18,2026-09-30
2170.0,1014,36,2027-12-18,2026-09-30
2180.0,66,3,2027-12-18,2026-09-30
2190.0,143,32,2027-12-18,2026-09-30
2200.0,339,6,2027-12-18,2026-09-30
2210.0,15,6,2027-12-18,2026-09-30
2220.0,133,7,2027-12-18,2026-09-30
2230.0,119,11,2027-12-18,2026-09-30
2240.0,23,1,2027-12-18,2026-09-30
2250.0,19,22,2027-12-18,2026-09-30
2260.0,46,2,2027-12-18,2026-09-30
2270.0,23,4,2027-12-18,2026-09-30
2280.0,20,0,2027-12-18,2026-09-30
2290.0,708,9,2027-12-18,2026-09-30
2300.0,151,9,2027-12-18,2026-09-30
2310.0,30,1,2027-12-18,2026-09-30
2320.0,116,7,2027-12-18,2026-09-30
2330.0,460,2,2027-12-18,2026-09-30
2340.0,360,6,2027-12-18,2026-09-30
2350.0,102,1,2027-12-18,2026-09-30
2360.0,500,7,2027-12-18,2026-09-30
2370.0,155,5,2027-12-18,2026-09-30
2380.0,94,3,2027-12-18,2026-09-30
2390.0,282,9,2027-12-18,2026-09-30
2400.0,263,26,2027-12-18,2026-09-30
2410.0,365,22,2027-12-18,2026-09-30
2420.0,263,19,2027-12-18,2026-09-30
2440.0,327,97,2027-12-18,2026-09-30
2460.0,331,31,2027-12-18,2026-09-30
2480.0,546,62,2027-12-18,2026-09-30
2500.0,2056,115,2027-12-18,2026-09-30
5.0,1458,896,2028-01-22,2026-09-30
10.0,158,22,2028-01-22,2026-09-30
15.0,3,26,2028-01-22,2026-09-30
20.0,10,30,2028-01-22,2026-09-30
25.0,0,50,2028-01-22,2026-09-30
30.0,0,61,2028-01-22,2026-09-30
35.0,56,604,2028-01-22,2026-09-30
40.0,91,289,2028-01-22,2026-09-30
45.0,22,487,2028-01-22,2026-09-30
50.0,4,1876,2028-01-22,2026-09-30
55.0,3,80,2028-01-22,2026-09-30
60.0,26,803,2028-01-22,2026-09-30
65.0,1,46,2028-01-22,2026-09-30
70.0,164,508,2028-01-22,2026-09-30
75.0,15,330,2028-01-22,2026-09-30
80.0,31,125,2028-01-22,2026-09-30
85.0,14,139,2028-01-22,2026-09-30
90.0,22,232,2028-01-22,2026-09-30
95.0,26,306,2028-01-22,2026-09-30
100.0,121,2547,2028-01-22,2026-09-30
105.0,32,213,2028-01-22,2026-09-30
110.0,52,355,2028-01-22,2026-09-30
115.0,31,294,2028-01-22,2026-09-30
120.0,97,536,2028-01-22,2026-09-30
125.0,33,167,2028-01-22,2026-09-30
130.0,121,379,2028-01-22,2026-09-30
135.0,84,60,2028-01-22,2026-09-30
140.0,100,174,2028-01-22,2026-09-30
145.0,42,40,2028-01-22,2026-09-30
150.0,262,136,2028-01-22,2026-09-30
155.0,79,385,2028-01-22,2026-09-30
160.0,77,744,2028-01-22,2026-09-30
165.0,207,173,2028-01-22,2026-09-30
170.0,215,307,2028-01-22,2026-09-30
175.0,97,246,2028-01-22,2026-09-30
180.0,93,224,2028-01-22,2026-09-30
185.0,70,430,2028-01-22,2026-09-30
190.0,244,209,2028-01-22,2026-09-30
195.0,107,475,2028-01-22,2026-09-30
200.0,2366,3919,2028-01-22,2026-09-30
210.0,167,327,2028-01-22,2026-09-30
220.0,255,558,2028-01-22,2026-09-30
230.0,542,357,2028-01-22,2026-09-30
240.0,304,471,2028-01-22,2026-09-30
250.0,0,10,2028-01-22,2026-09-30
250.0,421,952,2028-01-22,2026-09-30
260.0,485,307,2028-01-22,2026-09-30
270.0,178,639,2028-01-22,2026-09-30
280.0,409,716,2028-01-22,2026-09-30
290.0,187,585,2028-01-22,2026-09-30
300.0,809,2075,2028-01-22,2026-09-30
310.0,320,410,2028-01-22,2026-09-30
320.0,220,1422,2028-01-22,2026-09-30
330.0,1422,1048,2028-01-22,2026-09-30
340.0,304,380,2028-01-22,2026-09-30
350.0,825,493,2028-01-22,2026-09-30
360.0,361,94,2028-01-22,2026-09-30
370.0,460,230,2028-01-22,2026-09-30
380.0,332,226,2028-01-22,2026-09-30
390.0,123,105,2028-01-22,2026-09-30
400.0,551,621,2028-01-22,2026-09-30
410.0,334,244,2028-01-22,2026-09-30
420.0,109,244,2028-01-22,2026-09-30
430.0,187,506,2028-01-22,2026-09-30
440.0,256,142,2028-01-22,2026-09-30
450.0,412,805,2028-01-22,2026-09-30
460.0,149,194,2028-01-22,2026-09-30
470.0,138,1226,2028-01-22,2026-09-30
480.0,198,779,2028-01-22,2026-09-30
490.0,349,247,2028-01-22,2026-09-30
500.0,1901,3057,2028-01-22,2026-09-30
510.0,193,74,2028-01-22,2026-09-30
520.0,482,674,2028-01-22,2026-09-30
530.0,85,100,2028-01-22,2026-09-30
540.0,608,171,2028-01-22,2026-09-30
550.0,468,597,2028-01-22,2026-09-30
560.0,351,472,2028-01-22,2026-09-30
570.0,174,143,2028-01-22,2026-09-30
580.0,76,313,2028-01-22,2026-09-30
590.0,153,146,2028-01-22,2026-09-30
600.0,1161,1603,2028-01-22,2026-09-30
610.0,207,104,2028-01-22,2026-09-30
620.0,201,162,2028-01-22,2026-09-30
630.0,65,219,2028-01-22,2026-09-30
640.0,158,327,2028-01-22,2026-09-30
650.0,381,264,2028-01-22,2026-09-30
660.0,92,155,2028-01-22,2026-09-30
670.0,300,324,2028-01-22,2026-09-30
680.0,373,271,2028-01-22,2026-09-30
690.0,390,131,2028-01-22,2026-09-30
700.0,1189,1216,2028-01-22,2026-09-30
710.0,198,183,2028-01-22,2026-09-30
720.0,975,162,2028-01-22,2026-09-30
730.0,641,352,2028-01-22,2026-09-30
740.0,209,295,2028-01-22,2026-09-30
750.0,602,1353,2028-01-22,2026-09-30
760.0,0,20,2028-01-22,2026-09-30
760.0,487,109,2028-01-22,2026-09-30
770.0,107,210,2028-01-22,2026-09-30
780.0,325,483,2028-01-22,2026-09-30
790.0,216,325,2028-01-22,2026-09-30
800.0,758,3714,2028-01-22,2026-09-30
810.0,630,83,2028-01-22,2026-09-30
820.0,790,268,2028-01-22,2026-09-30
830.0,247,161,2028-01-22,2026-09-30
840.0,170,485,2028-01-22,2026-09-30
850.0,487,822,2028-01-22,2026-09-30
860.0,166,101,2028-01-22,2026-09-30
870.0,303,133,2028-01-22,2026-09-30
880.0,418,266,2028-01-22,2026-09-30
890.0,585,334,2028-01-22,2026-09-30
900.0,3283,1597,2028-01-22,2026-09-30
910.0,2085,157,2028-01-22,2026-09-30
920.0,157,424,2028-01-22,2026-09-30
930.0,146,140,2028-01-22,2026-09-30
940.0,427,664,2028-01-22,2026-09-30
950.0,768,477,2028-01-22,2026-09-30
960.0,79,314,2028-01-22,2026-09-30
970.0,212,54,2028-01-22,2026-09-30
980.0,505,154,2028-01-22,2026-09-30
990.0,323,172,2028-01-22,2026-09-30
1000.0,1162,1095,2028-01-22,2026-09-30
1010.0,256,206,2028-01-22,2026-09-30
1020.0,286,90,2028-01-22,2026-09-30
1030.0,264,67,2028-01-22,2026-09-30
1040.0,430,97,2028-01-22,2026-09-30
1050.0,421,303,2028-01-22,2026-09-30
1060.0,447,92,2028-01-22,2026-09-30
1070.0,105,341,2028-01-22,2026-09-30
1080.0,501,210,2028-01-22,2026-09-30
1090.0,359,186,2028-01-22,2026-09-30
1100.0,1984,1385,2028-01-22,2026-09-30
1110.0,228,44,2028-01-22,2026-09-30
1120.0,182,104,2028-01-22,2026-09-30
1130.0,142,71,2028-01-22,2026-09-30
1140.0,423,62,2028-01-22,2026-09-30
1150.0,180,203,2028-01-22,2026-09-30
1160.0,99,53,2028-01-22,2026-09-30
1170.0,305,54,2028-01-22,2026-09-30
1180.0,424,15,2028-01-22,2026-09-30
1190.0,104,23,2028-01-22,2026-09-30
1200.0,2037,1630,2028-01-22,2026-09-30
1210.0,490,112,2028-01-22,2026-09-30
1220.0,186,356,2028-01-22,2026-09-30
1230.0,242,45,2028-01-22,2026-09-30
1240.0,134,68,2028-01-22,2026-09-30
1250.0,380,1073,2028-01-22,2026-09-30
1260.0,1181,137,2028-01-22,2026-09-30
1270.0,206,7,2028-01-22,2026-09-30
1280.0,3130,937,2028-01-22,2026-09-30
1290.0,410,95,2028-01-22,2026-09-30
1300.0,1067,434,2028-01-22,2026-09-30
1310.0,233,583,2028-01-22,2026-09-30
1320.0,642,66,2028-01-22,2026-09-30
1330.0,309,9,2028-01-22,2026-09-30
1340.0,456,20,2028-01-22,2026-09-30
1350.0,695,226,2028-01-22,2026-09-30
1360.0,398,11,2028-01-22,2026-09-30
1370.0,235,19,2028-01-22,2026-09-30
1380.0,170,20,2028-01-22,2026-09-30
1390.0,54,312,2028-01-22,2026-09-30
1400.0,1857,224,2028-01-22,2026-09-30
1410.0,84,17,2028-01-22,2026-09-30
1420.0,511,16,2028-01-22,2026-09-30
1430.0,93,11,2028-01-22,2026-09-30
1440.0,195,197,2028-01-22,2026-09-30
1450.0,291,13,2028-01-22,2026-09-30
1460.0,116,82,2028-01-22,2026-09-30
1470.0,88,29,2028-01-22,2026-09-30
1480.0,3319,950,2028-01-22,2026-09-30
1490.0,290,49,2028-01-22,2026-09-30
1500.0,1309,333,2028-01-22,2026-09-30
1510.0,729,17,2028-01-22,2026-09-30
1520.0,740,63,2028-01-22,2026-09-30
1530.0,312,8,2028-01-22,2026-09-30
1540.0,116,24,2028-01-22,2026-09-30
1550.0,501,17,2028-01-22,2026-09-30
1560.0,306,280,2028-01-22,2026-09-30
1570.0,548,8,2028-01-22,2026-09-30
1580.0,341,191,2028-01-22,2026-09-30
1590.0,330,90,2028-01-22,2026-09-30
1600.0,840,187,2028-01-22,2026-09-30
1610.0,593,2,2028-01-22,2026-09-30
1620.0,216,570,2028-01-22,2026-09-30
1630.0,1100,66,2028-01-22,2026-09-30
1640.0,117,2,2028-01-22,2026-09-30
1650.0,59,44,2028-01-22,2026-09-30
1660.0,106,10,2028-01-22,2026-09-30
1670.0,303,10,2028-01-22,2026-09-30
1680.0,835,5,2028-01-22,2026-09-30
1690.0,87,60,2028-01-22,2026-09-30
1700.0,562,51,2028-01-22,2026-09-30
1710.0,137,2,2028-01-22,2026-09-30
1720.0,392,2,2028-01-22,2026-09-30
1730.0,87,3,2028-01-22,2026-09-30
1740.0,0,0,2028-01-22,2026-09-30
1740.0,58,22,2028-01-22,2026-09-30
1750.0,139,77,2028-01-22,2026-09-30
1760.0,20,0,2028-01-22,2026-09-30
1760.0,229,23,2028-01-22,2026-09-30
1770.0,30,4,2028-01-22,2026-09-30
1780.0,50,265,2028-01-22,2026-09-30
1790.0,239,195,2028-01-22,2026-09-30
1800.0,721,36,2028-01-22,2026-09-30
1805.0,3,0,2028-01-22,2026-09-30
1810.0,231,267,2028-01-22,2026-09-30
1820.0,1640,39,2028-01-22,2026-09-30
1830.0,1745,67,2028-01-22,2026-09-30
1835.0,50,0,2028-01-22,2026-09-30
1840.0,83,195,2028-01-22,2026-09-30
1847.0,5,0,2028-01-22,2026-09-30
1850.0,516,23,2028-01-22,2026-09-30
1860.0,63,30,2028-01-22,2026-09-30
1870.0,135,3,2028-01-22,2026-09-30
1880.0,49,18,2028-01-22,2026-09-30
1890.0,126,24,2028-01-22,2026-09-30
1900.0,463,156,2028-01-22,2026-09-30
1910.0,580,2,2028-01-22,2026-09-30
1920.0,84,20,2028-01-22,2026-09-30
1930.0,211,3,2028-01-22,2026-09-30
1940.0,71,3,2028-01-22,2026-09-30
1950.0,393,15,2028-01-22,2026-09-30
1960.0,547,1,2028-01-22,2026-09-30
1970.0,380,21,2028-01-22,2026-09-30
1980.0,39,11,2028-01-22,2026-09-30
1990.0,589,13,2028-01-22,2026-09-30
2000.0,1911,28,2028-01-22,2026-09-30
2070.0,198,23,2028-01-22,2026-09-30
2080.0,290,24,2028-01-22,2026-09-30
2090.0,272,194,2028-01-22,2026-09-30
2100.0,354,155,2028-01-22,2026-09-30
2110.0,62,1,2028-01-22,2026-09-30
2120.0,224,1,2028-01-22,2026-09-30
2130.0,79,21,2028-01-22,2026-09-30
2140.0,154,23,2028-01-22,2026-09-30
2150.0,222,50,2028-01-22,2026-09-30
2160.0,66,18,2028-01-22,2026-09-30
2170.0,98,26,2028-01-22,2026-09-30
2180.0,20,2,2028-01-22,2026-09-30
2190.0,53,1,2028-01-22,2026-09-30
2200.0,429,22,2028-01-22,2026-09-30
2210.0,62,0,2028-01-22,2026-09-30
2220.0,93,16,2028-01-22,2026-09-30
2230.0,7,1,2028-01-22,2026-09-30
2240.0,27,14,2028-01-22,2026-09-30
2250.0,48,4,2028-01-22,2026-09-30
2260.0,11,5,2028-01-22,2026-09-30
2270.0,111,0,2028-01-22,2026-09-30
2280.0,12,5,2028-01-22,2026-09-30
2290.0,100,189,2028-01-22,2026-09-30
2300.0,186,11,2028-01-22,2026-09-30
2310.0,107,1,2028-01-22,2026-09-30
2320.0,14,0,2028-01-22,2026-09-30
2330.0,61,2,2028-01-22,2026-09-30
2340.0,48,0,2028-01-22,2026-09-30
2350.0,458,3,2028-01-22,2026-09-30
2360.0,135,0,2028-01-22,2026-09-30
2370.0,61,1,2028-01-22,2026-09-30
2380.0,636,16,2028-01-22,2026-09-30
2390.0,456,4,2028-01-22,2026-09-30
2400.0,819,16,2028-01-22,2026-09-30
2410.0,215,2,2028-01-22,2026-09-30
2420.0,585,76,2028-01-22,2026-09-30
2440.0,330,17,2028-01-22,2026-09-30
2460.0,663,16,2028-01-22,2026-09-30
2480.0,982,19,2028-01-22,2026-09-30
2500.0,3411,109,2028-01-22,2026-09-30
5.0,621,55,2028-06-17,2026-09-30
10.0,7,3,2028-06-17,2026-09-30
15.0,0,3,2028-06-17,2026-09-30
20.0,1,10,2028-06-17,2026-09-30
25.0,19,28,2028-06-17,2026-09-30
30.0,1,34,2028-06-17,2026-09-30
35.0,1,9,2028-06-17,2026-09-30
40.0,0,35,2028-06-17,2026-09-30
45.0,1,4,2028-06-17,2026-09-30
50.0,0,171,2028-06-17,2026-09-30
55.0,0,36,2028-06-17,2026-09-30
60.0,0,28,2028-06-17,2026-09-30
65.0,0,24,2028-06-17,2026-09-30
70.0,0,32,2028-06-17,2026-09-30
75.0,0,524,2028-06-17,2026-09-30
80.0,19,299,2028-06-17,2026-09-30
85.0,0,233,2028-06-17,2026-09-30
90.0,1,868,2028-06-17,2026-09-30
95.0,0,311,2028-06-17,2026-09-30
100.0,13,1412,2028-06-17,2026-09-30
105.0,8,832,2028-06-17,2026-09-30
110.0,1,1656,2028-06-17,2026-09-30
115.0,0,297,2028-06-17,2026-09-30
120.0,2,530,2028-06-17,2026-09-30
125.0,1,220,2028-06-17,2026-09-30
130.0,7,932,2028-06-17,2026-09-30
135.0,3,510,2028-06-17,2026-09-30
140.0,5,648,2028-06-17,2026-09-30
145.0,2,48,2028-06-17,2026-09-30
150.0,5,21,2028-06-17,2026-09-30
155.0,16,85,2028-06-17,2026-09-30
160.0,4,221,2028-06-17,2026-09-30
165.0,2,29,2028-06-17,2026-09-30
170.0,3,713,2028-06-17,2026-09-30
175.0,2,51,2028-06-17,2026-09-30
180.0,8,38,2028-06-17,2026-09-30
185.0,18,16,2028-06-17,2026-09-30
190.0,8,39,2028-06-17,2026-09-30
195.0,5,84,2028-06-17,2026-09-30
200.0,108,295,2028-06-17,2026-09-30
210.0,21,37,2028-06-17,2026-09-30
220.0,157,68,2028-06-17,2026-09-30
230.0,2,92,2028-06-17,2026-09-30
240.0,12,141,2028-06-17,2026-09-30
250.0,26,121,2028-06-17,2026-09-30
260.0,7,22,2028-06-17,2026-09-30
270.0,11,278,2028-06-17,2026-09-30
280.0,1,29,2028-06-17,2026-09-30
290.0,7,10,2028-06-17,2026-09-30
300.0,29,142,2028-06-17,2026-09-30
310.0,7,64,2028-06-17,2026-09-30
320.0,14,156,2028-06-17,2026-09-30
330.0,4,106,2028-06-17,2026-09-30
340.0,6,76,2028-06-17,2026-09-30
350.0,35,354,2028-06-17,2026-09-30
360.0,9,35,2028-06-17,2026-09-30
370.0,17,51,2028-06-17,2026-09-30
380.0,11,30,2028-06-17,2026-09-30
390.0,43,70,2028-06-17,2026-09-30
400.0,107,93,2028-06-17,2026-09-30
410.0,42,21,2028-06-17,2026-09-30
420.0,22,73,2028-06-17,2026-09-30
430.0,17,58,2028-06-17,2026-09-30
440.0,36,62,2028-06-17,2026-09-30
450.0,42,116,2028-06-17,2026-09-30
460.0,99,85,2028-06-17,2026-09-30
470.0,58,43,2028-06-17,2026-09-30
480.0,40,61,2028-06-17,2026-09-30
490.0,92,71,2028-06-17,2026-09-30
500.0,117,518,2028-06-17,2026-09-30
510.0,23,131,2028-06-17,2026-09-30
520.0,119,102,2028-06-17,2026-09-30
530.0,83,39,2028-06-17,2026-09-30
540.0,111,98,2028-06-17,2026-09-30
550.0,122,37,2028-06-17,2026-09-30
560.0,314,113,2028-06-17,2026-09-30
570.0,71,47,2028-06-17,2026-09-30
580.0,104,101,2028-06-17,2026-09-30
590.0,84,59,2028-06-17,2026-09-30
600.0,260,310,2028-06-17,2026-09-30
610.0,23,31,2028-06-17,2026-09-30
620.0,37,37,2028-06-17,2026-09-30
630.0,149,64,2028-06-17,2026-09-30
640.0,330,124,2028-06-17,2026-09-30
650.0,105,136,2028-06-17,2026-09-30
660.0,56,40,2028-06-17,2026-09-30
670.0,40,43,2028-06-17,2026-09-30
680.0,17,84,2028-06-17,2026-09-30
690.0,115,65,2028-06-17,2026-09-30
700.0,160,526,2028-06-17,2026-09-30
710.0,27,104,2028-06-17,2026-09-30
720.0,133,45,2028-06-17,2026-09-30
730.0,46,323,2028-06-17,2026-09-30
740.0,46,39,2028-06-17,2026-09-30
750.0,287,305,2028-06-17,2026-09-30
760.0,65,38,2028-06-17,2026-09-30
770.0,39,61,2028-06-17,2026-09-30
780.0,150,165,2028-06-17,2026-09-30
790.0,241,130,2028-06-17,2026-09-30
800.0,359,435,2028-06-17,2026-09-30
810.0,113,116,2028-06-17,2026-09-30
820.0,28,616,2028-06-17,2026-09-30
830.0,128,328,2028-06-17,2026-09-30
840.0,78,176,2028-06-17,2026-09-30
850.0,79,445,2028-06-17,2026-09-30
860.0,75,129,2028-06-17,2026-09-30
870.0,45,78,2028-06-17,2026-09-30
880.0,50,233,2028-06-17,2026-09-30
890.0,148,85,2028-06-17,2026-09-30
900.0,513,314,2028-06-17,2026-09-30
910.0,69,254,2028-06-17,2026-09-30
920.0,172,38,2028-06-17,2026-09-30
930.0,112,167,2028-06-17,2026-09-30
940.0,79,63,2028-06-17,2026-09-30
950.0,160,148,2028-06-17,2026-09-30
960.0,324,81,2028-06-17,2026-09-30
970.0,224,100,2028-06-17,2026-09-30
980.0,156,40,2028-06-17,2026-09-30
990.0,118,100,2028-06-17,2026-09-30
1000.0,669,214,2028-06-17,2026-09-30
1010.0,221,228,2028-06-17,2026-09-30
1020.0,94,249,2028-06-17,2026-09-30
1030.0,349,325,2028-06-17,2026-09-30
1040.0,91,513,2028-06-17,2026-09-30
1050.0,30,521,2028-06-17,2026-09-30
1060.0,110,386,2028-06-17,2026-09-30
1070.0,85,433,2028-06-17,2026-09-30
1080.0,172,115,2028-06-17,2026-09-30
1090.0,173,131,2028-06-17,2026-09-30
1100.0,244,166,2028-06-17,2026-09-30
1110.0,31,23,2028-06-17,2026-09-30
1120.0,149,35,2028-06-17,2026-09-30
1130.0,29,94,2028-06-17,2026-09-30
1140.0,44,29,2028-06-17,2026-09-30
1150.0,356,80,2028-06-17,2026-09-30
1160.0,12,14,2028-06-17,2026-09-30
1170.0,223,25,2028-06-17,2026-09-30
1180.0,396,118,2028-06-17,2026-09-30
1190.0,12,162,2028-06-17,2026-09-30
1200.0,453,269,2028-06-17,2026-09-30
1210.0,27,42,2028-06-17,2026-09-30
1220.0,500,59,2028-06-17,2026-09-30
1230.0,73,37,2028-06-17,2026-09-30
1240.0,103,35,2028-06-17,2026-09-30
1250.0,90,76,2028-06-17,2026-09-30
1260.0,206,152,2028-06-17,2026-09-30
1270.0,160,119,2028-06-17,2026-09-30
1280.0,361,411,2028-06-17,2026-09-30
1290.0,69,284,2028-06-17,2026-09-30
1300.0,584,116,2028-06-17,2026-09-30
1310.0,204,77,2028-06-17,2026-09-30
1320.0,259,113,2028-06-17,2026-09-30
1330.0,115,62,2028-06-17,2026-09-30
1340.0,256,40,2028-06-17,2026-09-30
1350.0,139,48,2028-06-17,2026-09-30
1360.0,221,22,2028-06-17,2026-09-30
1370.0,129,61,2028-06-17,2026-09-30
1380.0,26,215,2028-06-17,2026-09-30
1390.0,112,35,2028-06-17,2026-09-30
1400.0,611,101,2028-06-17,2026-09-30
1410.0,50,35,2028-06-17,2026-09-30
1420.0,208,24,2028-06-17,2026-09-30
1430.0,100,8,2028-06-17,2026-09-30
1440.0,139,32,2028-06-17,2026-09-30
1450.0,21,12,2028-06-17,2026-09-30
1460.0,180,29,2028-06-17,2026-09-30
1470.0,384,17,2028-06-17,2026-09-30
1480.0,263,97,2028-06-17,2026-09-30
1490.0,78,16,2028-06-17,2026-09-30
1500.0,705,77,2028-06-17,2026-09-30
1510.0,68,35,2028-06-17,2026-09-30
1520.0,226,8,2028-06-17,2026-09-30
1530.0,69,68,2028-06-17,2026-09-30
1540.0,28,36,2028-06-17,2026-09-30
1550.0,91,31,2028-06-17,2026-09-30
1560.0,61,17,2028-06-17,2026-09-30
1570.0,89,2,2028-06-17,2026-09-30
1580.0,14,29,2028-06-17,2026-09-30
1590.0,237,85,2028-06-17,2026-09-30
1600.0,180,168,2028-06-17,2026-09-30
1610.0,96,31,2028-06-17,2026-09-30
1620.0,174,87,2028-06-17,2026-09-30
1630.0,218,73,2028-06-17,2026-09-30
1640.0,54,2,2028-06-17,2026-09-30
1650.0,75,47,2028-06-17,2026-09-30
1660.0,36,1,2028-06-17,2026-09-30
1670.0,49,7,2028-06-17,2026-09-30
1680.0,96,16,2028-06-17,2026-09-30
1690.0,49,4,2028-06-17,2026-09-30
1700.0,498,99,2028-06-17,2026-09-30
1710.0,49,20,2028-06-17,2026-09-30
1720.0,135,17,2028-06-17,2026-09-30
1730.0,547,15,2028-06-17,2026-09-30
1740.0,276,9,2028-06-17,2026-09-30
1750.0,128,31,2028-06-17,2026-09-30
1760.0,123,6,2028-06-17,2026-09-30
1770.0,160,14,2028-06-17,2026-09-30
1780.0,163,4,2028-06-17,2026-09-30
1790.0,42,174,2028-06-17,2026-09-30
1800.0,146,126,2028-06-17,2026-09-30
1810.0,630,12,2028-06-17,2026-09-30
1820.0,149,35,2028-06-17,2026-09-30
1830.0,147,15,2028-06-17,2026-09-30
1840.0,141,144,2028-06-17,2026-09-30
1850.0,101,4,2028-06-17,2026-09-30
1860.0,207,2,2028-06-17,2026-09-30
1870.0,165,2,2028-06-17,2026-09-30
1880.0,77,4,2028-06-17,2026-09-30
1890.0,46,29,2028-06-17,2026-09-30
1900.0,124,12,2028-06-17,2026-09-30
1910.0,67,5,2028-06-17,2026-09-30
1920.0,215,1,2028-06-17,2026-09-30
1930.0,99,17,2028-06-17,2026-09-30
1940.0,70,12,2028-06-17,2026-09-30
1950.0,890,30,2028-06-17,2026-09-30
1960.0,85,4,2028-06-17,2026-09-30
1970.0,34,0,2028-06-17,2026-09-30
1980.0,173,6,2028-06-17,2026-09-30
1990.0,107,44,2028-06-17,2026-09-30
2000.0,191,56,2028-06-17,2026-09-30
2010.0,171,8,2028-06-17,2026-09-30
2020.0,94,6,2028-06-17,2026-09-30
2030.0,264,2,2028-06-17,2026-09-30
2040.0,73,4,2028-06-17,2026-09-30
2050.0,22,53,2028-06-17,2026-09-30
2060.0,110,2,2028-06-17,2026-09-30
2070.0,50,2,2028-06-17,2026-09-30
2080.0,159,15,2028-06-17,2026-09-30
2090.0,80,0,2028-06-17,2026-09-30
2100.0,288,27,2028-06-17,2026-09-30
2110.0,26,3,2028-06-17,2026-09-30
2120.0,126,6,2028-06-17,2026-09-30
2130.0,90,2,2028-06-17,2026-09-30
2140.0,126,3,2028-06-17,2026-09-30
2150.0,81,21,2028-06-17,2026-09-30
2160.0,63,7,2028-06-17,2026-09-30
2170.0,99,11,2028-06-17,2026-09-30
2180.0,14,2,2028-06-17,2026-09-30
2190.0,57,0,2028-06-17,2026-09-30
2200.0,347,7,2028-06-17,2026-09-30
2210.0,183,0,2028-06-17,2026-09-30
2220.0,109,13,2028-06-17,2026-09-30
2230.0,51,9,2028-06-17,2026-09-30
2240.0,106,142,2028-06-17,2026-09-30
2250.0,58,25,2028-06-17,2026-09-30
2260.0,42,1,2028-06-17,2026-09-30
2270.0,162,3,2028-06-17,2026-09-30
2280.0,24,2,2028-06-17,2026-09-30
2290.0,24,2,2028-06-17,2026-09-30
2300.0,163,7,2028-06-17,2026-09-30
2310.0,51,4,2028-06-17,2026-09-30
2320.0,100,21,2028-06-17,2026-09-30
2330.0,105,7,2028-06-17,2026-09-30
2340.0,17,2,2028-06-17,2026-09-30
2350.0,22,51,2028-06-17,2026-09-30
2360.0,47,12,2028-06-17,2026-09-30
2370.0,258,26,2028-06-17,2026-09-30
2380.0,154,133,2028-06-17,2026-09-30
2390.0,148,2,2028-06-17,2026-09-30
2400.0,260,27,2028-06-17,2026-09-30
2410.0,172,10,2028-06-17,2026-09-30
2420.0,199,18,2028-06-17,2026-09-30
2440.0,176,6,2028-06-17,2026-09-30
2460.0,463,45,2028-06-17,2026-09-30
2480.0,815,53,2028-06-17,2026-09-30
2500.0,2337,84,2028-06-17,2026-09-30
5.0,1603,1152,2028-12-16,2026-09-30
10.0,106,75,2028-12-16,2026-09-30
15.0,10,124,2028-12-16,2026-09-30
20.0,3,61,2028-12-16,2026-09-30
25.0,43,2012,2028-12-16,2026-09-30
30.0,9,110,2028-12-16,2026-09-30
35.0,5,345,2028-12-16,2026-09-30
40.0,2,1113,2028-12-16,2026-09-30
45.0,2,1106,2028-12-16,2026-09-30
50.0,56,1841,2028-12-16,2026-09-30
55.0,24,114,2028-12-16,2026-09-30
60.0,17,217,2028-12-16,2026-09-30
65.0,1,134,2028-12-16,2026-09-30
70.0,126,43,2028-12-16,2026-09-30
75.0,23,123,2028-12-16,2026-09-30
80.0,50,143,2028-12-16,2026-09-30
85.0,38,971,2028-12-16,2026-09-30
90.0,29,231,2028-12-16,2026-09-30
95.0,48,163,2028-12-16,2026-09-30
100.0,236,1179,2028-12-16,2026-09-30
105.0,19,482,2028-12-16,2026-09-30
110.0,44,491,2028-12-16,2026-09-30
115.0,33,419,2028-12-16,2026-09-30
120.0,50,477,2028-12-16,2026-09-30
125.0,36,520,2028-12-16,2026-09-30
130.0,51,487,2028-12-16,2026-09-30
135.0,14,824,2028-12-16,2026-09-30
140.0,2760,220,2028-12-16,2026-09-30
145.0,68,31,2028-12-16,2026-09-30
150.0,194,506,2028-12-16,2026-09-30
160.0,49,1084,2028-12-16,2026-09-30
165.0,71,184,2028-12-16,2026-09-30
170.0,75,427,2028-12-16,2026-09-30
175.0,71,45,2028-12-16,2026-09-30
180.0,131,142,2028-12-16,2026-09-30
185.0,65,121,2028-12-16,2026-09-30
190.0,49,149,2028-12-16,2026-09-30
195.0,34,72,2028-12-16,2026-09-30
200.0,595,1085,2028-12-16,2026-09-30
210.0,84,129,2028-12-16,2026-09-30
220.0,65,222,2028-12-16,2026-09-30
230.0,112,536,2028-12-16,2026-09-30
240.0,233,181,2028-12-16,2026-09-30
250.0,453,381,2028-12-16,2026-09-30
260.0,87,435,2028-12-16,2026-09-30
270.0,52,243,2028-12-16,2026-09-30
280.0,66,547,2028-12-16,2026-09-30
290.0,94,266,2028-12-16,2026-09-30
300.0,371,1812,2028-12-16,2026-09-30
310.0,247,244,2028-12-16,2026-09-30
320.0,194,265,2028-12-16,2026-09-30
330.0,164,127,2028-12-16,2026-09-30
340.0,188,302,2028-12-16,2026-09-30
350.0,1720,356,2028-12-16,2026-09-30
360.0,574,332,2028-12-16,2026-09-30
370.0,238,324,2028-12-16,2026-09-30
380.0,353,541,2028-12-16,2026-09-30
390.0,257,250,2028-12-16,2026-09-30
400.0,1263,1727,2028-12-16,2026-09-30
410.0,142,216,2028-12-16,2026-09-30
420.0,300,407,2028-12-16,2026-09-30
430.0,181,191,2028-12-16,2026-09-30
440.0,160,317,2028-12-16,2026-09-30
450.0,438,493,2028-12-16,2026-09-30
460.0,171,191,2028-12-16,2026-09-30
470.0,122,101,2028-12-16,2026-09-30
480.0,156,487,2028-12-16,2026-09-30
490.0,361,204,2028-12-16,2026-09-30
500.0,848,1785,2028-12-16,2026-09-30
510.0,146,155,2028-12-16,2026-09-30
520.0,163,81,2028-12-16,2026-09-30
530.0,218,83,2028-12-16,2026-09-30
540.0,82,215,2028-12-16,2026-09-30
550.0,301,546,2028-12-16,2026-09-30
560.0,81,186,2028-12-16,2026-09-30
570.0,164,239,2028-12-16,2026-09-30
580.0,108,134,2028-12-16,2026-09-30
590.0,180,322,2028-12-16,2026-09-30
600.0,516,1073,2028-12-16,2026-09-30
610.0,104,339,2028-12-16,2026-09-30
620.0,202,146,2028-12-16,2026-09-30
630.0,219,80,2028-12-16,2026-09-30
640.0,84,240,2028-12-16,2026-09-30
650.0,312,548,2028-12-16,2026-09-30
660.0,118,256,2028-12-16,2026-09-30
670.0,137,145,2028-12-16,2026-09-30
680.0,206,260,2028-12-16,2026-09-30
690.0,133,266,2028-12-16,2026-09-30
700.0,1718,1319,2028-12-16,2026-09-30
710.0,694,185,2028-12-16,2026-09-30
720.0,714,156,2028-12-16,2026-09-30
730.0,438,95,2028-12-16,2026-09-30
740.0,487,131,2028-12-16,2026-09-30
750.0,1851,424,2028-12-16,2026-09-30
760.0,950,532,2028-12-16,2026-09-30
780.0,196,362,2028-12-16,2026-09-30
790.0,383,143,2028-12-16,2026-09-30
800.0,941,678,2028-12-16,2026-09-30
810.0,444,93,2028-12-16,2026-09-30
820.0,233,124,2028-12-16,2026-09-30
830.0,130,126,2028-12-16,2026-09-30
840.0,405,108,2028-12-16,2026-09-30
850.0,1082,571,2028-12-16,2026-09-30
860.0,260,311,2028-12-16,2026-09-30
870.0,288,510,2028-12-16,2026-09-30
880.0,288,650,2028-12-16,2026-09-30
890.0,168,367,2028-12-16,2026-09-30
900.0,0,125,2028-12-16,2026-09-30
900.0,1575,1223,2028-12-16,2026-09-30
910.0,1737,237,2028-12-16,2026-09-30
920.0,307,191,2028-12-16,2026-09-30
930.0,376,315,2028-12-16,2026-09-30
940.0,178,150,2028-12-16,2026-09-30
950.0,653,474,2028-12-16,2026-09-30
960.0,253,217,2028-12-16,2026-09-30
970.0,232,214,2028-12-16,2026-09-30
980.0,229,142,2028-12-16,2026-09-30
990.0,254,410,2028-12-16,2026-09-30
1000.0,1514,667,2028-12-16,2026-09-30
1010.0,485,345,2028-12-16,2026-09-30
1020.0,302,304,2028-12-16,2026-09-30
1030.0,176,330,2028-12-16,2026-09-30
1040.0,214,191,2028-12-16,2026-09-30
1050.0,474,339,2028-12-16,2026-09-30
1060.0,640,390,2028-12-16,2026-09-30
1070.0,168,472,2028-12-16,2026-09-30
1080.0,387,1049,2028-12-16,2026-09-30
1090.0,234,279,2028-12-16,2026-09-30
1100.0,785,668,2028-12-16,2026-09-30
1110.0,285,263,2028-12-16,2026-09-30
1120.0,135,220,2028-12-16,2026-09-30
1130.0,41,159,2028-12-16,2026-09-30
1140.0,135,140,2028-12-16,2026-09-30
1150.0,386,417,2028-12-16,2026-09-30
1160.0,70,159,2028-12-16,2026-09-30
1170.0,171,192,2028-12-16,2026-09-30
1180.0,1905,199,2028-12-16,2026-09-30
1190.0,217,239,2028-12-16,2026-09-30
1200.0,1564,1051,2028-12-16,2026-09-30
1210.0,141,136,2028-12-16,2026-09-30
1220.0,313,210,2028-12-16,2026-09-30
1230.0,162,146,2028-12-16,2026-09-30
1240.0,396,235,2028-12-16,2026-09-30
1250.0,590,126,2028-12-16,2026-09-30
1260.0,218,339,2028-12-16,2026-09-30
1270.0,225,289,2028-12-16,2026-09-30
1280.0,452,384,2028-12-16,2026-09-30
1290.0,161,92,2028-12-16,2026-09-30
1300.0,1064,339,2028-12-16,2026-09-30
1310.0,62,92,2028-12-16,2026-09-30
1320.0,99,189,2028-12-16,2026-09-30
1330.0,38,196,2028-12-16,2026-09-30
1340.0,98,155,2028-12-16,2026-09-30
1350.0,285,244,2028-12-16,2026-09-30
1360.0,163,77,2028-12-16,2026-09-30
1370.0,23,176,2028-12-16,2026-09-30
1380.0,345,215,2028-12-16,2026-09-30
1390.0,280,159,2028-12-16,2026-09-30
1400.0,2344,828,2028-12-16,2026-09-30
1410.0,137,194,2028-12-16,2026-09-30
1420.0,737,306,2028-12-16,2026-09-30
1430.0,83,105,2028-12-16,2026-09-30
1440.0,417,347,2028-12-16,2026-09-30
1450.0,266,192,2028-12-16,2026-09-30
1460.0,77,100,2028-12-16,2026-09-30
1470.0,292,151,2028-12-16,2026-09-30
1480.0,433,407,2028-12-16,2026-09-30
1490.0,92,246,2028-12-16,2026-09-30
1500.0,2570,612,2028-12-16,2026-09-30
1510.0,162,28,2028-12-16,2026-09-30
1520.0,85,129,2028-12-16,2026-09-30
1530.0,146,123,2028-12-16,2026-09-30
1540.0,315,186,2028-12-16,2026-09-30
1550.0,262,39,2028-12-16,2026-09-30
1560.0,161,85,2028-12-16,2026-09-30
1570.0,44,22,2028-12-16,2026-09-30
1580.0,150,120,2028-12-16,2026-09-30
1590.0,57,52,2028-12-16,2026-09-30
1600.0,472,734,2028-12-16,2026-09-30
1610.0,51,94,2028-12-16,2026-09-30
1620.0,436,300,2028-12-16,2026-09-30
1630.0,894,39,2028-12-16,2026-09-30
1640.0,21,10,2028-12-16,2026-09-30
1650.0,178,67,2028-12-16,2026-09-30
1660.0,79,18,2028-12-16,2026-09-30
1670.0,99,17,2028-12-16,2026-09-30
1680.0,287,129,2028-12-16,2026-09-30
1690.0,60,58,2028-12-16,2026-09-30
1700.0,1387,731,2028-12-16,2026-09-30
1710.0,86,216,2028-12-16,2026-09-30
1720.0,338,59,2028-12-16,2026-09-30
1730.0,42,110,2028-12-16,2026-09-30
1740.0,333,208,2028-12-16,2026-09-30
1750.0,188,247,2028-12-16,2026-09-30
1760.0,170,90,2028-12-16,2026-09-30
1770.0,105,31,2028-12-16,2026-09-30
1780.0,47,112,2028-12-16,2026-09-30
1790.0,103,113,2028-12-16,2026-09-30
1800.0,547,319,2028-12-16,2026-09-30
1810.0,141,233,2028-12-16,2026-09-30
1820.0,197,61,2028-12-16,2026-09-30
1830.0,218,67,2028-12-16,2026-09-30
1840.0,289,10,2028-12-16,2026-09-30
1850.0,294,221,2028-12-16,2026-09-30
1860.0,293,36,2028-12-16,2026-09-30
1870.0,244,18,2028-12-16,2026-09-30
1880.0,285,343,2028-12-16,2026-09-30
1890.0,247,234,2028-12-16,2026-09-30
1900.0,173,548,2028-12-16,2026-09-30
1910.0,278,24,2028-12-16,2026-09-30
1920.0,88,11,2028-12-16,2026-09-30
1930.0,86,33,2028-12-16,2026-09-30
1940.0,26,51,2028-12-16,2026-09-30
1950.0,174,10,2028-12-16,2026-09-30
1960.0,71,6,2028-12-16,2026-09-30
1970.0,415,26,2028-12-16,2026-09-30
1980.0,235,315,2028-12-16,2026-09-30
1990.0,58,219,2028-12-16,2026-09-30
2000.0,125,0,2028-12-16,2026-09-30
2000.0,654,264,2028-12-16,2026-09-30
2010.0,74,107,2028-12-16,2026-09-30
2020.0,121,4,2028-12-16,2026-09-30
2030.0,17,1,2028-12-16,2026-09-30
2040.0,429,48,2028-12-16,2026-09-30
2050.0,183,411,2028-12-16,2026-09-30
2060.0,21,35,2028-12-16,2026-09-30
2070.0,50,4,2028-12-16,2026-09-30
2080.0,29,109,2028-12-16,2026-09-30
2090.0,66,22,2028-12-16,2026-09-30
2100.0,150,225,2028-12-16,2026-09-30
2110.0,92,267,2028-12-16,2026-09-30
2120.0,50,12,2028-12-16,2026-09-30
2130.0,23,12,2028-12-16,2026-09-30
2140.0,115,21,2028-12-16,2026-09-30
2150.0,80,110,2028-12-16,2026-09-30
2160.0,90,127,2028-12-16,2026-09-30
2170.0,683,20,2028-12-16,2026-09-30
2180.0,132,27,2028-12-16,2026-09-30
2190.0,98,11,2028-12-16,2026-09-30
2200.0,427,236,2028-12-16,2026-09-30
2210.0,221,32,2028-12-16,2026-09-30
2220.0,247,31,2028-12-16,2026-09-30
2230.0,25,14,2028-12-16,2026-09-30
2240.0,138,79,2028-12-16,2026-09-30
2250.0,83,242,2028-12-16,2026-09-30
2260.0,164,55,2028-12-16,2026-09-30
2270.0,18,15,2028-12-16,2026-09-30
2280.0,36,4,2028-12-16,2026-09-30
2290.0,85,23,2028-12-16,2026-09-30
2300.0,168,452,2028-12-16,2026-09-30
2310.0,31,21,2028-12-16,2026-09-30
2320.0,43,10,2028-12-16,2026-09-30
2330.0,159,34,2028-12-16,2026-09-30
2340.0,106,53,2028-12-16,2026-09-30
2350.0,80,66,2028-12-16,2026-09-30
2360.0,74,19,2028-12-16,2026-09-30
2370.0,250,53,2028-12-16,2026-09-30
2380.0,59,318,2028-12-16,2026-09-30
2390.0,97,240,2028-12-16,2026-09-30
2400.0,420,132,2028-12-16,2026-09-30
2410.0,34,98,2028-12-16,2026-09-30
2420.0,464,31,2028-12-16,2026-09-30
2440.0,107,53,2028-12-16,2026-09-30
2460.0,108,63,2028-12-16,2026-09-30
2480.0,374,124,2028-12-16,2026-09-30
2500.0,3111,179,2028-12-16,2026-09-30
5.0,11,0,2029-01-20,2026-09-30
10.0,1,0,2029-01-20,2026-09-30
15.0,0,0,2029-01-20,2026-09-30
20.0,0,0,2029-01-20,2026-09-30
25.0,0,0,2029-01-20,2026-09-30
30.0,1,0,2029-01-20,2026-09-30
35.0,0,0,2029-01-20,2026-09-30
40.0,0,0,2029-01-20,2026-09-30
45.0,0,0,2029-01-20,2026-09-30
50.0,0,0,2029-01-20,2026-09-30
55.0,0,0,2029-01-20,2026-09-30
60.0,0,0,2029-01-20,2026-09-30
65.0,0,0,2029-01-20,2026-09-30
70.0,1,0,2029-01-20,2026-09-30
75.0,16,0,2029-01-20,2026-09-30
80.0,4,2,2029-01-20,2026-09-30
85.0,0,25,2029-01-20,2026-09-30
90.0,2,0,2029-01-20,2026-09-30
95.0,0,0,2029-01-20,2026-09-30
100.0,1,16,2029-01-20,2026-09-30
105.0,0,197,2029-01-20,2026-09-30
110.0,0,2,2029-01-20,2026-09-30
115.0,0,1,2029-01-20,2026-09-30
120.0,0,2,2029-01-20,2026-09-30
125.0,0,0,2029-01-20,2026-09-30
130.0,0,0,2029-01-20,2026-09-30
135.0,0,10,2029-01-20,2026-09-30
140.0,1,10,2029-01-20,2026-09-30
145.0,0,0,2029-01-20,2026-09-30
150.0,1,41,2029-01-20,2026-09-30
160.0,0,1,2029-01-20,2026-09-30
165.0,0,0,2029-01-20,2026-09-30
170.0,0,0,2029-01-20,2026-09-30
175.0,2,1,2029-01-20,2026-09-30
180.0,11,0,2029-01-20,2026-09-30
185.0,0,0,2029-01-20,2026-09-30
190.0,0,1,2029-01-20,2026-09-30
195.0,0,0,2029-01-20,2026-09-30
200.0,5,55,2029-01-20,2026-09-30
210.0,1,3,2029-01-20,2026-09-30
220.0,0,5,2029-01-20,2026-09-30
230.0,1,2,2029-01-20,2026-09-30
240.0,2,0,2029-01-20,2026-09-30
250.0,3,2,2029-01-20,2026-09-30
260.0,0,0,2029-01-20,2026-09-30
270.0,0,1,2029-01-20,2026-09-30
280.0,0,15,2029-01-20,2026-09-30
290.0,0,10,2029-01-20,2026-09-30
300.0,1,9,2029-01-20,2026-09-30
310.0,3,0,2029-01-20,2026-09-30
320.0,0,0,2029-01-20,2026-09-30
330.0,0,2,2029-01-20,2026-09-30
340.0,1,0,2029-01-20,2026-09-30
350.0,0,3,2029-01-20,2026-09-30
360.0,1,2,2029-01-20,2026-09-30
370.0,0,0,2029-01-20,2026-09-30
380.0,3,4,2029-01-20,2026-09-30
390.0,1,0,2029-01-20,2026-09-30
400.0,3,28,2029-01-20,2026-09-30
410.0,0,3,2029-01-20,2026-09-30
420.0,1,1,2029-01-20,2026-09-30
430.0,0,3,2029-01-20,2026-09-30
440.0,0,7,2029-01-20,2026-09-30
450.0,0,38,2029-01-20,2026-09-30
460.0,0,4,2029-01-20,2026-09-30
470.0,1,7,2029-01-20,2026-09-30
480.0,0,4,2029-01-20,2026-09-30
490.0,0,7,2029-01-20,2026-09-30
500.0,17,22,2029-01-20,2026-09-30
510.0,0,6,2029-01-20,2026-09-30
520.0,0,9,2029-01-20,2026-09-30
530.0,0,2,2029-01-20,2026-09-30
540.0,0,7,2029-01-20,2026-09-30
550.0,8,26,2029-01-20,2026-09-30
560.0,4,13,2029-01-20,2026-09-30
570.0,1,2,2029-01-20,2026-09-30
580.0,3,4,2029-01-20,2026-09-30
590.0,2,13,2029-01-20,2026-09-30
600.0,12,14,2029-01-20,2026-09-30
610.0,1,32,2029-01-20,2026-09-30
620.0,1,9,2029-01-20,2026-09-30
630.0,0,3,2029-01-20,2026-09-30
640.0,11,8,2029-01-20,2026-09-30
650.0,0,13,2029-01-20,2026-09-30
660.0,1,3,2029-01-20,2026-09-30
670.0,0,1,2029-01-20,2026-09-30
680.0,1,0,2029-01-20,2026-09-30
690.0,1,6,2029-01-20,2026-09-30
700.0,22,21,2029-01-20,2026-09-30
710.0,1,11,2029-01-20,2026-09-30
720.0,12,5,2029-01-20,2026-09-30
730.0,3,2,2029-01-20,2026-09-30
740.0,9,3,2029-01-20,2026-09-30
750.0,8,9,2029-01-20,2026-09-30
760.0,6,7,2029-01-20,2026-09-30
770.0,12,4,2029-01-20,2026-09-30
780.0,21,6,2029-01-20,2026-09-30
790.0,0,22,2029-01-20,2026-09-30
800.0,115,12,2029-01-20,2026-09-30
810.0,1,4,2029-01-20,2026-09-30
820.0,1,5,2029-01-20,2026-09-30
830.0,13,29,2029-01-20,2026-09-30
840.0,6,31,2029-01-20,2026-09-30
850.0,21,9,2029-01-20,2026-09-30
860.0,8,13,2029-01-20,2026-09-30
870.0,2,12,2029-01-20,2026-09-30
880.0,4,37,2029-01-20,2026-09-30
890.0,1,1,2029-01-20,2026-09-30
900.0,145,132,2029-01-20,2026-09-30
910.0,2,27,2029-01-20,2026-09-30
920.0,12,7,2029-01-20,2026-09-30
930.0,28,8,2029-01-20,2026-09-30
940.0,7,7,2029-01-20,2026-09-30
950.0,16,12,2029-01-20,2026-09-30
960.0,4,0,2029-01-20,2026-09-30
970.0,4,2,2029-01-20,2026-09-30
980.0,14,4,2029-01-20,2026-09-30
990.0,4,4,2029-01-20,2026-09-30
1000.0,105,88,2029-01-20,2026-09-30
1010.0,1,0,2029-01-20,2026-09-30
1020.0,6,0,2029-01-20,2026-09-30
1030.0,29,30,2029-01-20,2026-09-30
1040.0,19,6,2029-01-20,2026-09-30
1050.0,18,54,2029-01-20,2026-09-30
1060.0,20,7,2029-01-20,2026-09-30
1070.0,4,95,2029-01-20,2026-09-30
1080.0,22,37,2029-01-20,2026-09-30
1090.0,15,33,2029-01-20,2026-09-30
1100.0,41,67,2029-01-20,2026-09-30
1110.0,6,0,2029-01-20,2026-09-30
1120.0,0,7,2029-01-20,2026-09-30
1130.0,27,41,2029-01-20,2026-09-30
1140.0,0,0,2029-01-20,2026-09-30
1150.0,72,87,2029-01-20,2026-09-30
1160.0,3,0,2029-01-20,2026-09-30
1170.0,3,1,2029-01-20,2026-09-30
1180.0,1,1,2029-01-20,2026-09-30
1190.0,6,22,2029-01-20,2026-09-30
1200.0,198,20,2029-01-20,2026-09-30
1210.0,4,7,2029-01-20,2026-09-30
1220.0,73,41,2029-01-20,2026-09-30
1230.0,1,1,2029-01-20,2026-09-30
1240.0,23,7,2029-01-20,2026-09-30
1250.0,14,53,2029-01-20,2026-09-30
1260.0,0,1,2029-01-20,2026-09-30
1270.0,3,1,2029-01-20,2026-09-30
1280.0,1,0,2029-01-20,2026-09-30
1290.0,2,1,2029-01-20,2026-09-30
1300.0,123,54,2029-01-20,2026-09-30
1310.0,1,0,2029-01-20,2026-09-30
1320.0,2,0,2029-01-20,2026-09-30
1330.0,9,1,2029-01-20,2026-09-30
1340.0,0,0,2029-01-20,2026-09-30
1350.0,2,0,2029-01-20,2026-09-30
1360.0,0,18,2029-01-20,2026-09-30
1370.0,66,76,2029-01-20,2026-09-30
1380.0,0,1,2029-01-20,2026-09-30
1390.0,2,7,2029-01-20,2026-09-30
1400.0,50,90,2029-01-20,2026-09-30
1410.0,3,1,2029-01-20,2026-09-30
1420.0,0,1,2029-01-20,2026-09-30
1430.0,3,0,2029-01-20,2026-09-30
1440.0,4,40,2029-01-20,2026-09-30
1450.0,48,0,2029-01-20,2026-09-30
1460.0,51,11,2029-01-20,2026-09-30
1470.0,4,0,2029-01-20,2026-09-30
1480.0,1,1,2029-01-20,2026-09-30
1490.0,3,22,2029-01-20,2026-09-30
1500.0,11,51,2029-01-20,2026-09-30
1510.0,3,0,2029-01-20,2026-09-30
1520.0,4,0,2029-01-20,2026-09-30
1530.0,2,0,2029-01-20,2026-09-30
1540.0,5,47,2029-01-20,2026-09-30
1550.0,175,0,2029-01-20,2026-09-30
1560.0,29,0,2029-01-20,2026-09-30
1570.0,0,14,2029-01-20,2026-09-30
1580.0,3,2,2029-01-20,2026-09-30
1590.0,0,1,2029-01-20,2026-09-30
1600.0,88,4,2029-01-20,2026-09-30
1610.0,0,0,2029-01-20,2026-09-30
1620.0,12,0,2029-01-20,2026-09-30
1630.0,1,0,2029-01-20,2026-09-30
1640.0,15,3,2029-01-20,2026-09-30
1650.0,177,1,2029-01-20,2026-09-30
1660.0,60,0,2029-01-20,2026-09-30
1670.0,2,15,2029-01-20,2026-09-30
1680.0,7,3,2029-01-20,2026-09-30
1690.0,174,0,2029-01-20,2026-09-30
1700.0,93,0,2029-01-20,2026-09-30
1710.0,1,14,2029-01-20,2026-09-30
1720.0,4,2,2029-01-20,2026-09-30
1730.0,3,0,2029-01-20,2026-09-30
1740.0,66,50,2029-01-20,2026-09-30
1750.0,3,4,2029-01-20,2026-09-30
1760.0,0,0,2029-01-20,2026-09-30
1770.0,1,0,2029-01-20,2026-09-30
1780.0,6,0,2029-01-20,2026-09-30
1790.0,179,21,2029-01-20,2026-09-30
1800.0,45,0,2029-01-20,2026-09-30
1810.0,13,19,2029-01-20,2026-09-30
1820.0,14,2,2029-01-20,2026-09-30
1840.0,156,29,2029-01-20,2026-09-30
