Strike,Call,Put,Expiry,Date
559.03,0,1070,2026-10-02,2026-10-02
40.0,4,146,2026-10-03,2026-10-02
45.0,1,30,2026-10-03,2026-10-02
50.0,32,40,2026-10-03,2026-10-02
55.0,5,8,2026-10-03,2026-10-02
60.0,0,25,2026-10-03,2026-10-02
65.0,3,30,2026-10-03,2026-10-02
70.0,2,5,2026-10-03,2026-10-02
75.0,0,38,2026-10-03,2026-10-02
80.0,0,1,2026-10-03,2026-10-02
85.0,3,53,2026-10-03,2026-10-02
90.0,1,16,2026-10-03,2026-10-02
95.0,1,0,2026-10-03,2026-10-02
100.0,2,33,2026-10-03,2026-10-02
105.0,3,0,2026-10-03,2026-10-02
110.0,3,3,2026-10-03,2026-10-02
115.0,9,1,2026-10-03,2026-10-02
120.0,1,3,2026-10-03,2026-10-02
125.0,5,11,2026-10-03,2026-10-02
130.0,4,1001,2026-10-03,2026-10-02
135.0,2,5,2026-10-03,2026-10-02
140.0,0,1,2026-10-03,2026-10-02
145.0,8,5,2026-10-03,2026-10-02
150.0,0,6103,2026-10-03,2026-10-02
155.0,1,13,2026-10-03,2026-10-02
160.0,10,3045,2026-10-03,2026-10-02
165.0,36,13,2026-10-03,2026-10-02
170.0,18,4524,2026-10-03,2026-10-02
175.0,23,217,2026-10-03,2026-10-02
180.0,12,3051,2026-10-03,2026-10-02
185.0,7,114,2026-10-03,2026-10-02
190.0,22,92,2026-10-03,2026-10-02
195.0,3,113,2026-10-03,2026-10-02
200.0,22,3183,2026-10-03,2026-10-02
205.0,3,38,2026-10-03,2026-10-02
210.0,12,144,2026-10-03,2026-10-02
215.0,72,88,2026-10-03,2026-10-02
220.0,30,40,2026-10-03,2026-10-02
225.0,5,45,2026-10-03,2026-10-02
230.0,7,28,2026-10-03,2026-10-02
235.0,1,55,2026-10-03,2026-10-02
240.0,11,172,2026-10-03,2026-10-02
245.0,1,54,2026-10-03,2026-10-02
250.0,27,25,2026-10-03,2026-10-02
255.0,3,221,2026-10-03,2026-10-02
260.0,6,136,2026-10-03,2026-10-02
265.0,0,19,2026-10-03,2026-10-02
270.0,22,30,2026-10-03,2026-10-02
275.0,3,34,2026-10-03,2026-10-02
280.0,14,379,2026-10-03,2026-10-02
285.0,2,55,2026-10-03,2026-10-02
290.0,8,169,2026-10-03,2026-10-02
295.0,12,148,2026-10-03,2026-10-02
300.0,25,783,2026-10-03,2026-10-02
305.0,10,105,2026-10-03,2026-10-02
310.0,33,76,2026-10-03,2026-10-02
315.0,15,28,2026-10-03,2026-10-02
320.0,54,1755,2026-10-03,2026-10-02
325.0,15,104,2026-10-03,2026-10-02
330.0,20,377,2026-10-03,2026-10-02
335.0,12,53,2026-10-03,2026-10-02
340.0,16,194,2026-10-03,2026-10-02
345.0,88,155,2026-10-03,2026-10-02
350.0,39,232,2026-10-03,2026-10-02
355.0,4,1371,2026-10-03,2026-10-02
360.0,18,425,2026-10-03,2026-10-02
365.0,15,808,2026-10-03,2026-10-02
370.0,71,225,2026-10-03,2026-10-02
375.0,31,436,2026-10-03,2026-10-02
380.0,6,535,2026-10-03,2026-10-02
385.0,43,311,2026-10-03,2026-10-02
390.0,14,1544,2026-10-03,2026-10-02
395.0,1,173,2026-10-03,2026-10-02
400.0,170,1556,2026-10-03,2026-10-02
405.0,19,987,2026-10-03,2026-10-02
410.0,79,16000,2026-10-03,2026-10-02
415.0,110,1211,2026-10-03,2026-10-02
417.5,15,32,2026-10-03,2026-10-02
420.0,285,1851,2026-10-03,2026-10-02
422.5,7,22,2026-10-03,2026-10-02
425.0,29,1139,2026-10-03,2026-10-02
427.5,5,363,2026-10-03,2026-10-02
430.0,28,1322,2026-10-03,2026-10-02
432.5,4,31,2026-10-03,2026-10-02
435.0,22,600,2026-10-03,2026-10-02
437.5,7,22,2026-10-03,2026-10-02
440.0,63,1740,2026-10-03,2026-10-02
442.5,5,28,2026-10-03,2026-10-02
443.0,7600,7600,2026-10-03,2026-10-02
445.0,315,253,2026-10-03,2026-10-02
447.5,2,23,2026-10-03,2026-10-02
450.0,145,1838,2026-10-03,2026-10-02
452.5,6,73,2026-10-03,2026-10-02
455.0,75,979,2026-10-03,2026-10-02
457.5,6,71,2026-10-03,2026-10-02
460.0,176,3083,2026-10-03,2026-10-02
462.5,0,92,2026-10-03,2026-10-02
465.0,4500,4500,2026-10-03,2026-10-02
465.0,201,458,2026-10-03,2026-10-02
467.5,0,378,2026-10-03,2026-10-02
470.0,5817,5817,2026-10-03,2026-10-02
470.0,154,2006,2026-10-03,2026-10-02
472.5,27,147,2026-10-03,2026-10-02
475.0,1057,580,2026-10-03,2026-10-02
477.5,20,48,2026-10-03,2026-10-02
480.0,303,674,2026-10-03,2026-10-02
482.5,24,123,2026-10-03,2026-10-02
485.0,541,1010,2026-10-03,2026-10-02
487.5,3,207,2026-10-03,2026-10-02
490.0,369,380,2026-10-03,2026-10-02
492.5,44,333,2026-10-03,2026-10-02
495.0,184,604,2026-10-03,2026-10-02
497.5,21,313,2026-10-03,2026-10-02
500.0,703,4167,2026-10-03,2026-10-02
502.5,116,226,2026-10-03,2026-10-02
505.0,280,741,2026-10-03,2026-10-02
507.5,85,326,2026-10-03,2026-10-02
510.0,208,597,2026-10-03,2026-10-02
512.5,67,184,2026-10-03,2026-10-02
515.0,693,364,2026-10-03,2026-10-02
517.5,84,213,2026-10-03,2026-10-02
520.0,1152,1693,2026-10-03,2026-10-02
522.5,138,179,2026-10-03,2026-10-02
525.0,378,722,2026-10-03,2026-10-02
527.5,89,678,2026-10-03,2026-10-02
530.0,706,2585,2026-10-03,2026-10-02
532.5,136,881,2026-10-03,2026-10-02
535.0,221,769,2026-10-03,2026-10-02
537.5,167,491,2026-10-03,2026-10-02
540.0,702,2090,2026-10-03,2026-10-02
542.5,5611,5611,2026-10-03,2026-10-02
542.5,79,771,2026-10-03,2026-10-02
545.0,441,756,2026-10-03,2026-10-02
547.5,98,1263,2026-10-03,2026-10-02
550.0,1897,5715,2026-10-03,2026-10-02
552.5,141,666,2026-10-03,2026-10-02
555.0,1650,1373,2026-10-03,2026-10-02
557.5,171,666,2026-10-03,2026-10-02
560.0,840,2794,2026-10-03,2026-10-02
562.5,148,573,2026-10-03,2026-10-02
565.0,234,1552,2026-10-03,2026-10-02
567.5,147,504,2026-10-03,2026-10-02
570.0,556,1833,2026-10-03,2026-10-02
572.5,51,1829,2026-10-03,2026-10-02
575.0,1165,3907,2026-10-03,2026-10-02
577.5,61,1366,2026-10-03,2026-10-02
580.0,857,3568,2026-10-03,2026-10-02
582.5,157,1839,2026-10-03,2026-10-02
585.0,449,1806,2026-10-03,2026-10-02
587.5,106,1083,2026-10-03,2026-10-02
590.0,920,2913,2026-10-03,2026-10-02
592.5,137,1612,2026-10-03,2026-10-02
595.0,1026,3371,2026-10-03,2026-10-02
597.5,346,1049,2026-10-03,2026-10-02
600.0,1190,4711,2026-10-03,2026-10-02
602.5,660,1438,2026-10-03,2026-10-02
605.0,1288,1608,2026-10-03,2026-10-02
607.5,1363,981,2026-10-03,2026-10-02
610.0,5039,1956,2026-10-03,2026-10-02
612.5,776,843,2026-10-03,2026-10-02
615.0,3060,1453,2026-10-03,2026-10-02
617.5,975,780,2026-10-03,2026-10-02
620.0,5000,5000,2026-10-03,2026-10-02
620.0,3814,1348,2026-10-03,2026-10-02
622.5,758,258,2026-10-03,2026-10-02
625.0,1746,664,2026-10-03,2026-10-02
627.5,2051,198,2026-10-03,2026-10-02
630.0,2561,1172,2026-10-03,2026-10-02
632.5,1539,356,2026-10-03,2026-10-02
635.0,2930,360,2026-10-03,2026-10-02
637.5,6054,239,2026-10-03,2026-10-02
640.0,3365,392,2026-10-03,2026-10-02
642.5,2277,172,2026-10-03,2026-10-02
645.0,1181,203,2026-10-03,2026-10-02
647.5,1821,174,2026-10-03,2026-10-02
650.0,3777,189,2026-10-03,2026-10-02
652.5,4559,59,2026-10-03,2026-10-02
655.0,1516,7,2026-10-03,2026-10-02
657.5,708,0,2026-10-03,2026-10-02
660.0,2317,1,2026-10-03,2026-10-02
662.5,856,0,2026-10-03,2026-10-02
665.0,824,1,2026-10-03,2026-10-02
667.5,542,0,2026-10-03,2026-10-02
670.0,2434,0,2026-10-03,2026-10-02
672.5,1534,0,2026-10-03,2026-10-02
675.0,1603,1,2026-10-03,2026-10-02
677.5,191,0,2026-10-03,2026-10-02
680.0,2352,0,2026-10-03,2026-10-02
682.5,403,0,2026-10-03,2026-10-02
685.0,423,0,2026-10-03,2026-10-02
687.5,439,0,2026-10-03,2026-10-02
690.0,1385,0,2026-10-03,2026-10-02
692.5,245,0,2026-10-03,2026-10-02
695.0,1774,0,2026-10-03,2026-10-02
697.5,252,0,2026-10-03,2026-10-02
700.0,4464,9,2026-10-03,2026-10-02
702.5,287,0,2026-10-03,2026-10-02
705.0,474,0,2026-10-03,2026-10-02
707.5,192,0,2026-10-03,2026-10-02
710.0,892,0,2026-10-03,2026-10-02
712.5,268,0,2026-10-03,2026-10-02
715.0,1499,0,2026-10-03,2026-10-02
717.5,291,0,2026-10-03,2026-10-02
720.0,413,0,2026-10-03,2026-10-02
722.5,49,0,2026-10-03,2026-10-02
725.0,336,0,2026-10-03,2026-10-02
727.5,185,0,2026-10-03,2026-10-02
730.0,179,0,2026-10-03,2026-10-02
732.5,838,0,2026-10-03,2026-10-02
735.0,630,0,2026-10-03,2026-10-02
737.5,20,0,2026-10-03,2026-10-02
740.0,331,0,2026-10-03,2026-10-02
742.5,61,0,2026-10-03,2026-10-02
750.0,774,0,2026-10-03,2026-10-02
760.0,398,0,2026-10-03,2026-10-02
770.0,572,0,2026-10-03,2026-10-02
780.0,94,0,2026-10-03,2026-10-02
790.0,354,0,2026-10-03,2026-10-02
800.0,1487,0,2026-10-03,2026-10-02
810.0,116,0,2026-10-03,2026-10-02
820.0,57,0,2026-10-03,2026-10-02
830.0,26,0,2026-10-03,2026-10-02
840.0,110,0,2026-10-03,2026-10-02
850.0,173,0,2026-10-03,2026-10-02
860.0,90,0,2026-10-03,2026-10-02
870.0,180,0,2026-10-03,2026-10-02
880.0,50,0,2026-10-03,2026-10-02
890.0,46,0,2026-10-03,2026-10-02
900.0,208,0,2026-10-03,2026-10-02
910.0,18,0,2026-10-03,2026-10-02
920.0,110,0,2026-10-03,2026-10-02
930.0,44,0,2026-10-03,2026-10-02
940.0,117,0,2026-10-03,2026-10-02
950.0,42,0,2026-10-03,2026-10-02
960.0,40,0,2026-10-03,2026-10-02
970.0,46,0,2026-10-03,2026-10-02
980.0,72,0,2026-10-03,2026-10-02
990.0,294,0,2026-10-03,2026-10-02
310.0,0,56,2026-10-06,2026-10-02
315.0,0,0,2026-10-06,2026-10-02
320.0,0,0,2026-10-06,2026-10-02
325.0,0,0,2026-10-06,2026-10-02
330.0,0,0,2026-10-06,2026-10-02
335.0,0,0,2026-10-06,2026-10-02
340.0,0,0,2026-10-06,2026-10-02
345.0,0,0,2026-10-06,2026-10-02
350.0,0,0,2026-10-06,2026-10-02
355.0,0,1,2026-10-06,2026-10-02
360.0,0,1,2026-10-06,2026-10-02
365.0,0,6,2026-10-06,2026-10-02
370.0,0,10,2026-10-06,2026-10-02
375.0,0,4,2026-10-06,2026-10-02
380.0,1,9,2026-10-06,2026-10-02
385.0,0,9,2026-10-06,2026-10-02
390.0,0,10,2026-10-06,2026-10-02
395.0,0,16,2026-10-06,2026-10-02
400.0,2,22,2026-10-06,2026-10-02
405.0,1,24,2026-10-06,2026-10-02
410.0,4,21,2026-10-06,2026-10-02
415.0,0,19,2026-10-06,2026-10-02
420.0,0,32,2026-10-06,2026-10-02
425.0,0,25,2026-10-06,2026-10-02
430.0,0,63,2026-10-06,2026-10-02
435.0,0,59,2026-10-06,2026-10-02
440.0,0,41,2026-10-06,2026-10-02
445.0,10,21,2026-10-06,2026-10-02
450.0,5,13,2026-10-06,2026-10-02
455.0,0,3,2026-10-06,2026-10-02
460.0,11,10,2026-10-06,2026-10-02
465.0,0,15,2026-10-06,2026-10-02
470.0,0,130,2026-10-06,2026-10-02
475.0,1,59,2026-10-06,2026-10-02
480.0,0,383,2026-10-06,2026-10-02
485.0,0,62,2026-10-06,2026-10-02
490.0,2,410,2026-10-06,2026-10-02
495.0,0,30,2026-10-06,2026-10-02
500.0,11,191,2026-10-06,2026-10-02
505.0,10,312,2026-10-06,2026-10-02
507.5,0,6,2026-10-06,2026-10-02
510.0,1,105,2026-10-06,2026-10-02
512.5,3,10,2026-10-06,2026-10-02
515.0,14,134,2026-10-06,2026-10-02
517.5,3,17,2026-10-06,2026-10-02
520.0,5,74,2026-10-06,2026-10-02
522.5,2,13,2026-10-06,2026-10-02
525.0,5,140,2026-10-06,2026-10-02
527.5,1,4,2026-10-06,2026-10-02
530.0,9,383,2026-10-06,2026-10-02
532.5,6,7,2026-10-06,2026-10-02
535.0,3,69,2026-10-06,2026-10-02
537.5,1,12,2026-10-06,2026-10-02
540.0,23,103,2026-10-06,2026-10-02
542.5,0,233,2026-10-06,2026-10-02
545.0,3,1083,2026-10-06,2026-10-02
547.5,12,95,2026-10-06,2026-10-02
550.0,28,1622,2026-10-06,2026-10-02
552.5,11,659,2026-10-06,2026-10-02
555.0,9,625,2026-10-06,2026-10-02
557.5,10,213,2026-10-06,2026-10-02
560.0,43,519,2026-10-06,2026-10-02
562.5,23,105,2026-10-06,2026-10-02
565.0,41,177,2026-10-06,2026-10-02
567.5,2,236,2026-10-06,2026-10-02
570.0,23,505,2026-10-06,2026-10-02
572.5,67,398,2026-10-06,2026-10-02
575.0,41,1108,2026-10-06,2026-10-02
577.5,4,2331,2026-10-06,2026-10-02
580.0,55,1100,2026-10-06,2026-10-02
582.5,93,352,2026-10-06,2026-10-02
585.0,47,507,2026-10-06,2026-10-02
587.5,14,403,2026-10-06,2026-10-02
590.0,33,381,2026-10-06,2026-10-02
592.5,34,207,2026-10-06,2026-10-02
595.0,52,262,2026-10-06,2026-10-02
597.5,189,249,2026-10-06,2026-10-02
600.0,273,1027,2026-10-06,2026-10-02
602.5,53,241,2026-10-06,2026-10-02
605.0,215,224,2026-10-06,2026-10-02
607.5,184,148,2026-10-06,2026-10-02
610.0,281,353,2026-10-06,2026-10-02
612.5,293,198,2026-10-06,2026-10-02
615.0,589,186,2026-10-06,2026-10-02
617.5,407,392,2026-10-06,2026-10-02
620.0,441,175,2026-10-06,2026-10-02
622.5,257,117,2026-10-06,2026-10-02
625.0,338,103,2026-10-06,2026-10-02
627.5,827,68,2026-10-06,2026-10-02
630.0,826,94,2026-10-06,2026-10-02
632.5,292,34,2026-10-06,2026-10-02
635.0,398,25,2026-10-06,2026-10-02
637.5,151,21,2026-10-06,2026-10-02
640.0,379,34,2026-10-06,2026-10-02
642.5,261,9,2026-10-06,2026-10-02
645.0,464,37,2026-10-06,2026-10-02
647.5,133,15,2026-10-06,2026-10-02
650.0,869,1,2026-10-06,2026-10-02
652.5,239,2,2026-10-06,2026-10-02
655.0,574,0,2026-10-06,2026-10-02
657.5,389,0,2026-10-06,2026-10-02
660.0,195,1,2026-10-06,2026-10-02
662.5,234,10,2026-10-06,2026-10-02
665.0,254,0,2026-10-06,2026-10-02
667.5,137,0,2026-10-06,2026-10-02
670.0,506,0,2026-10-06,2026-10-02
672.5,144,1,2026-10-06,2026-10-02
675.0,225,0,2026-10-06,2026-10-02
677.5,1484,0,2026-10-06,2026-10-02
680.0,291,0,2026-10-06,2026-10-02
682.5,15,0,2026-10-06,2026-10-02
685.0,24,0,2026-10-06,2026-10-02
687.5,6,0,2026-10-06,2026-10-02
690.0,89,1,2026-10-06,2026-10-02
692.5,33,0,2026-10-06,2026-10-02
695.0,19,0,2026-10-06,2026-10-02
697.5,4,0,2026-10-06,2026-10-02
700.0,679,0,2026-10-06,2026-10-02
702.5,17,0,2026-10-06,2026-10-02
705.0,24,0,2026-10-06,2026-10-02
707.5,26,0,2026-10-06,2026-10-02
710.0,15,0,2026-10-06,2026-10-02
712.5,7,0,2026-10-06,2026-10-02
715.0,6,0,2026-10-06,2026-10-02
717.5,107,0,2026-10-06,2026-10-02
720.0,39,0,2026-10-06,2026-10-02
722.5,27,0,2026-10-06,2026-10-02
725.0,15,0,2026-10-06,2026-10-02
727.5,6,0,2026-10-06,2026-10-02
730.0,43,0,2026-10-06,2026-10-02
732.5,28,0,2026-10-06,2026-10-02
735.0,3,1,2026-10-06,2026-10-02
737.5,3,0,2026-10-06,2026-10-02
740.0,43,0,2026-10-06,2026-10-02
310.0,0,1,2026-10-08,2026-10-02
315.0,0,0,2026-10-08,2026-10-02
320.0,0,0,2026-10-08,2026-10-02
325.0,0,0,2026-10-08,2026-10-02
330.0,0,0,2026-10-08,2026-10-02
335.0,0,0,2026-10-08,2026-10-02
340.0,0,2,2026-10-08,2026-10-02
345.0,0,1,2026-10-08,2026-10-02
350.0,0,3,2026-10-08,2026-10-02
355.0,0,4,2026-10-08,2026-10-02
360.0,0,1,2026-10-08,2026-10-02
365.0,0,0,2026-10-08,2026-10-02
370.0,0,0,2026-10-08,2026-10-02
375.0,0,10,2026-10-08,2026-10-02
380.0,0,8,2026-10-08,2026-10-02
385.0,0,2,2026-10-08,2026-10-02
390.0,0,64,2026-10-08,2026-10-02
395.0,0,17,2026-10-08,2026-10-02
400.0,0,10,2026-10-08,2026-10-02
405.0,0,16,2026-10-08,2026-10-02
410.0,0,14,2026-10-08,2026-10-02
415.0,0,0,2026-10-08,2026-10-02
420.0,0,4,2026-10-08,2026-10-02
425.0,0,16,2026-10-08,2026-10-02
430.0,3,8,2026-10-08,2026-10-02
435.0,0,9,2026-10-08,2026-10-02
440.0,1,4,2026-10-08,2026-10-02
445.0,3,11,2026-10-08,2026-10-02
450.0,3,16,2026-10-08,2026-10-02
455.0,0,11,2026-10-08,2026-10-02
460.0,0,9,2026-10-08,2026-10-02
465.0,1,108,2026-10-08,2026-10-02
470.0,1,24,2026-10-08,2026-10-02
475.0,1,7,2026-10-08,2026-10-02
480.0,2,8,2026-10-08,2026-10-02
485.0,0,5,2026-10-08,2026-10-02
490.0,1,5,2026-10-08,2026-10-02
495.0,1,2,2026-10-08,2026-10-02
500.0,2,77,2026-10-08,2026-10-02
505.0,2,1,2026-10-08,2026-10-02
510.0,3,8,2026-10-08,2026-10-02
512.5,2,3,2026-10-08,2026-10-02
515.0,3,11,2026-10-08,2026-10-02
517.5,3,2,2026-10-08,2026-10-02
520.0,5,24,2026-10-08,2026-10-02
522.5,0,4,2026-10-08,2026-10-02
525.0,3,19,2026-10-08,2026-10-02
527.5,8,9,2026-10-08,2026-10-02
530.0,12,32,2026-10-08,2026-10-02
532.5,2,1,2026-10-08,2026-10-02
535.0,3,21,2026-10-08,2026-10-02
537.5,8,39,2026-10-08,2026-10-02
540.0,14,33,2026-10-08,2026-10-02
542.5,0,31,2026-10-08,2026-10-02
545.0,1,54,2026-10-08,2026-10-02
547.5,0,42,2026-10-08,2026-10-02
550.0,11,173,2026-10-08,2026-10-02
552.5,1,15,2026-10-08,2026-10-02
555.0,3,80,2026-10-08,2026-10-02
557.5,5,17,2026-10-08,2026-10-02
560.0,13,79,2026-10-08,2026-10-02
562.5,1,38,2026-10-08,2026-10-02
565.0,2,70,2026-10-08,2026-10-02
567.5,2,38,2026-10-08,2026-10-02
570.0,8,116,2026-10-08,2026-10-02
572.5,6,42,2026-10-08,2026-10-02
575.0,12,55,2026-10-08,2026-10-02
577.5,3,173,2026-10-08,2026-10-02
580.0,63,114,2026-10-08,2026-10-02
582.5,43,62,2026-10-08,2026-10-02
585.0,11,87,2026-10-08,2026-10-02
587.5,4,67,2026-10-08,2026-10-02
590.0,4,458,2026-10-08,2026-10-02
592.5,18,194,2026-10-08,2026-10-02
595.0,7,217,2026-10-08,2026-10-02
597.5,24,83,2026-10-08,2026-10-02
600.0,46,463,2026-10-08,2026-10-02
602.5,29,67,2026-10-08,2026-10-02
605.0,42,304,2026-10-08,2026-10-02
607.5,132,38,2026-10-08,2026-10-02
610.0,160,241,2026-10-08,2026-10-02
612.5,134,45,2026-10-08,2026-10-02
615.0,100,49,2026-10-08,2026-10-02
617.5,43,25,2026-10-08,2026-10-02
620.0,199,29,2026-10-08,2026-10-02
622.5,33,18,2026-10-08,2026-10-02
625.0,69,21,2026-10-08,2026-10-02
627.5,27,18,2026-10-08,2026-10-02
630.0,191,45,2026-10-08,2026-10-02
632.5,51,12,2026-10-08,2026-10-02
635.0,31,5,2026-10-08,2026-10-02
637.5,62,1,2026-10-08,2026-10-02
640.0,72,53,2026-10-08,2026-10-02
642.5,33,6,2026-10-08,2026-10-02
645.0,41,2,2026-10-08,2026-10-02
647.5,20,0,2026-10-08,2026-10-02
650.0,336,3,2026-10-08,2026-10-02
652.5,36,0,2026-10-08,2026-10-02
655.0,256,0,2026-10-08,2026-10-02
657.5,100,0,2026-10-08,2026-10-02
660.0,183,1,2026-10-08,2026-10-02
662.5,153,0,2026-10-08,2026-10-02
665.0,173,0,2026-10-08,2026-10-02
667.5,13,2,2026-10-08,2026-10-02
670.0,27,0,2026-10-08,2026-10-02
672.5,11,0,2026-10-08,2026-10-02
675.0,21,0,2026-10-08,2026-10-02
677.5,6,0,2026-10-08,2026-10-02
680.0,65,0,2026-10-08,2026-10-02
682.5,20,0,2026-10-08,2026-10-02
685.0,20,0,2026-10-08,2026-10-02
687.5,2,0,2026-10-08,2026-10-02
690.0,12,0,2026-10-08,2026-10-02
692.5,2,0,2026-10-08,2026-10-02
695.0,119,0,2026-10-08,2026-10-02
697.5,2,0,2026-10-08,2026-10-02
700.0,346,1,2026-10-08,2026-10-02
702.5,0,0,2026-10-08,2026-10-02
705.0,4,0,2026-10-08,2026-10-02
707.5,2,0,2026-10-08,2026-10-02
710.0,7,0,2026-10-08,2026-10-02
712.5,0,0,2026-10-08,2026-10-02
715.0,0,0,2026-10-08,2026-10-02
717.5,0,0,2026-10-08,2026-10-02
720.0,2,0,2026-10-08,2026-10-02
722.5,2,0,2026-10-08,2026-10-02
725.0,13,0,2026-10-08,2026-10-02
727.5,0,0,2026-10-08,2026-10-02
730.0,7,0,2026-10-08,2026-10-02
735.0,0,0,2026-10-08,2026-10-02
740.0,9,0,2026-10-08,2026-10-02
566.75,2,0,2026-10-09,2026-10-02
40.0,0,71,2026-10-10,2026-10-02
45.0,0,23,2026-10-10,2026-10-02
50.0,0,11,2026-10-10,2026-10-02
55.0,0,7,2026-10-10,2026-10-02
60.0,0,48,2026-10-10,2026-10-02
65.0,0,36,2026-10-10,2026-10-02
70.0,3,40,2026-10-10,2026-10-02
75.0,1,26,2026-10-10,2026-10-02
80.0,1,54,2026-10-10,2026-10-02
85.0,5,34,2026-10-10,2026-10-02
90.0,3,14,2026-10-10,2026-10-02
95.0,0,26,2026-10-10,2026-10-02
100.0,1,18,2026-10-10,2026-10-02
105.0,0,4,2026-10-10,2026-10-02
110.0,0,7,2026-10-10,2026-10-02
115.0,3,1,2026-10-10,2026-10-02
120.0,1,5,2026-10-10,2026-10-02
125.0,2,1,2026-10-10,2026-10-02
130.0,6,1001,2026-10-10,2026-10-02
135.0,2,1,2026-10-10,2026-10-02
140.0,2,1002,2026-10-10,2026-10-02
145.0,0,1,2026-10-10,2026-10-02
150.0,2,1046,2026-10-10,2026-10-02
155.0,1,0,2026-10-10,2026-10-02
160.0,1,14,2026-10-10,2026-10-02
165.0,4,0,2026-10-10,2026-10-02
170.0,9,11,2026-10-10,2026-10-02
175.0,0,0,2026-10-10,2026-10-02
180.0,1,22,2026-10-10,2026-10-02
185.0,6,13,2026-10-10,2026-10-02
190.0,0,31,2026-10-10,2026-10-02
195.0,1,30,2026-10-10,2026-10-02
200.0,0,73,2026-10-10,2026-10-02
205.0,0,27,2026-10-10,2026-10-02
210.0,4,23,2026-10-10,2026-10-02
215.0,7,41,2026-10-10,2026-10-02
220.0,6,6,2026-10-10,2026-10-02
225.0,3,31,2026-10-10,2026-10-02
230.0,1,10,2026-10-10,2026-10-02
235.0,0,15,2026-10-10,2026-10-02
240.0,5,98,2026-10-10,2026-10-02
245.0,2,13,2026-10-10,2026-10-02
250.0,73,372,2026-10-10,2026-10-02
255.0,3,10,2026-10-10,2026-10-02
260.0,1,71,2026-10-10,2026-10-02
265.0,0,31,2026-10-10,2026-10-02
270.0,21,30,2026-10-10,2026-10-02
275.0,3,54,2026-10-10,2026-10-02
280.0,1,91,2026-10-10,2026-10-02
285.0,1,236,2026-10-10,2026-10-02
290.0,1,544,2026-10-10,2026-10-02
295.0,3,45,2026-10-10,2026-10-02
300.0,3,111,2026-10-10,2026-10-02
305.0,5,66,2026-10-10,2026-10-02
310.0,2,11600,2026-10-10,2026-10-02
315.0,2,25,2026-10-10,2026-10-02
320.0,3,457,2026-10-10,2026-10-02
325.0,7,350,2026-10-10,2026-10-02
330.0,11,52,2026-10-10,2026-10-02
335.0,8,70,2026-10-10,2026-10-02
340.0,2,129,2026-10-10,2026-10-02
345.0,2,52,2026-10-10,2026-10-02
350.0,4,1481,2026-10-10,2026-10-02
355.0,0,57,2026-10-10,2026-10-02
360.0,13,105,2026-10-10,2026-10-02
365.0,5,69,2026-10-10,2026-10-02
370.0,4,39,2026-10-10,2026-10-02
375.0,6,95,2026-10-10,2026-10-02
380.0,13,161,2026-10-10,2026-10-02
385.0,6,1458,2026-10-10,2026-10-02
390.0,15,183,2026-10-10,2026-10-02
395.0,0,314,2026-10-10,2026-10-02
400.0,83,1300,2026-10-10,2026-10-02
405.0,1,409,2026-10-10,2026-10-02
410.0,27,136,2026-10-10,2026-10-02
415.0,16,186,2026-10-10,2026-10-02
420.0,16,2810,2026-10-10,2026-10-02
425.0,10,137,2026-10-10,2026-10-02
430.0,18,400,2026-10-10,2026-10-02
435.0,16,645,2026-10-10,2026-10-02
440.0,109,703,2026-10-10,2026-10-02
445.0,28,510,2026-10-10,2026-10-02
450.0,136,863,2026-10-10,2026-10-02
455.0,90,455,2026-10-10,2026-10-02
460.0,113,287,2026-10-10,2026-10-02
465.0,63,169,2026-10-10,2026-10-02
470.0,84,486,2026-10-10,2026-10-02
475.0,200,831,2026-10-10,2026-10-02
480.0,187,527,2026-10-10,2026-10-02
485.0,119,874,2026-10-10,2026-10-02
490.0,1502,553,2026-10-10,2026-10-02
495.0,103,221,2026-10-10,2026-10-02
500.0,324,824,2026-10-10,2026-10-02
502.5,2,19,2026-10-10,2026-10-02
505.0,271,359,2026-10-10,2026-10-02
507.5,7,19,2026-10-10,2026-10-02
510.0,237,296,2026-10-10,2026-10-02
512.5,7,5,2026-10-10,2026-10-02
515.0,1119,543,2026-10-10,2026-10-02
517.5,6,121,2026-10-10,2026-10-02
520.0,436,1113,2026-10-10,2026-10-02
522.5,24,638,2026-10-10,2026-10-02
525.0,231,494,2026-10-10,2026-10-02
527.5,25,158,2026-10-10,2026-10-02
530.0,384,580,2026-10-10,2026-10-02
532.5,2,305,2026-10-10,2026-10-02
535.0,132,468,2026-10-10,2026-10-02
537.5,3,180,2026-10-10,2026-10-02
540.0,146,2721,2026-10-10,2026-10-02
542.5,15,251,2026-10-10,2026-10-02
545.0,268,514,2026-10-10,2026-10-02
547.5,2,491,2026-10-10,2026-10-02
550.0,7000,7000,2026-10-10,2026-10-02
550.0,465,1246,2026-10-10,2026-10-02
552.5,11,500,2026-10-10,2026-10-02
555.0,174,473,2026-10-10,2026-10-02
557.5,20,256,2026-10-10,2026-10-02
560.0,375,2483,2026-10-10,2026-10-02
562.5,4,289,2026-10-10,2026-10-02
565.0,290,641,2026-10-10,2026-10-02
567.5,11,53,2026-10-10,2026-10-02
570.0,978,951,2026-10-10,2026-10-02
572.5,0,72,2026-10-10,2026-10-02
575.0,440,1877,2026-10-10,2026-10-02
577.5,2,106,2026-10-10,2026-10-02
580.0,497,1077,2026-10-10,2026-10-02
582.5,14,169,2026-10-10,2026-10-02
585.0,355,1030,2026-10-10,2026-10-02
587.5,79,94,2026-10-10,2026-10-02
590.0,258,609,2026-10-10,2026-10-02
592.5,64,189,2026-10-10,2026-10-02
595.0,247,388,2026-10-10,2026-10-02
597.5,28,99,2026-10-10,2026-10-02
600.0,1744,734,2026-10-10,2026-10-02
602.5,160,234,2026-10-10,2026-10-02
605.0,1169,325,2026-10-10,2026-10-02
607.5,412,139,2026-10-10,2026-10-02
610.0,896,430,2026-10-10,2026-10-02
612.5,253,321,2026-10-10,2026-10-02
615.0,1334,405,2026-10-10,2026-10-02
617.5,186,94,2026-10-10,2026-10-02
620.0,865,509,2026-10-10,2026-10-02
622.5,273,89,2026-10-10,2026-10-02
625.0,1652,292,2026-10-10,2026-10-02
627.5,1521,37,2026-10-10,2026-10-02
630.0,969,174,2026-10-10,2026-10-02
632.5,96,81,2026-10-10,2026-10-02
635.0,1429,184,2026-10-10,2026-10-02
637.5,373,30,2026-10-10,2026-10-02
640.0,2169,87,2026-10-10,2026-10-02
642.5,81,30,2026-10-10,2026-10-02
645.0,1609,14,2026-10-10,2026-10-02
647.5,72,15,2026-10-10,2026-10-02
650.0,1168,78,2026-10-10,2026-10-02
652.5,81,6,2026-10-10,2026-10-02
655.0,465,9,2026-10-10,2026-10-02
657.5,325,3,2026-10-10,2026-10-02
660.0,963,98,2026-10-10,2026-10-02
662.5,173,0,2026-10-10,2026-10-02
665.0,340,6,2026-10-10,2026-10-02
667.5,204,0,2026-10-10,2026-10-02
670.0,309,7,2026-10-10,2026-10-02
672.5,211,0,2026-10-10,2026-10-02
675.0,369,7,2026-10-10,2026-10-02
677.5,142,1,2026-10-10,2026-10-02
680.0,436,31,2026-10-10,2026-10-02
682.5,119,0,2026-10-10,2026-10-02
685.0,149,1,2026-10-10,2026-10-02
687.5,211,0,2026-10-10,2026-10-02
690.0,336,0,2026-10-10,2026-10-02
692.5,48,0,2026-10-10,2026-10-02
695.0,341,1,2026-10-10,2026-10-02
697.5,57,0,2026-10-10,2026-10-02
700.0,2169,3,2026-10-10,2026-10-02
702.5,56,0,2026-10-10,2026-10-02
705.0,294,0,2026-10-10,2026-10-02
707.5,40,0,2026-10-10,2026-10-02
710.0,225,0,2026-10-10,2026-10-02
712.5,12,0,2026-10-10,2026-10-02
715.0,155,0,2026-10-10,2026-10-02
717.5,6,0,2026-10-10,2026-10-02
720.0,312,9,2026-10-10,2026-10-02
722.5,13,0,2026-10-10,2026-10-02
725.0,225,1,2026-10-10,2026-10-02
727.5,12,0,2026-10-10,2026-10-02
730.0,363,0,2026-10-10,2026-10-02
732.5,3,0,2026-10-10,2026-10-02
735.0,130,0,2026-10-10,2026-10-02
737.5,1,0,2026-10-10,2026-10-02
740.0,373,0,2026-10-10,2026-10-02
750.0,354,0,2026-10-10,2026-10-02
760.0,493,0,2026-10-10,2026-10-02
770.0,99,0,2026-10-10,2026-10-02
780.0,202,0,2026-10-10,2026-10-02
790.0,139,0,2026-10-10,2026-10-02
800.0,320,2,2026-10-10,2026-10-02
810.0,19,0,2026-10-10,2026-10-02
820.0,228,0,2026-10-10,2026-10-02
830.0,42,0,2026-10-10,2026-10-02
840.0,87,0,2026-10-10,2026-10-02
850.0,148,0,2026-10-10,2026-10-02
860.0,26,0,2026-10-10,2026-10-02
870.0,209,0,2026-10-10,2026-10-02
880.0,66,0,2026-10-10,2026-10-02
890.0,24,0,2026-10-10,2026-10-02
900.0,34,0,2026-10-10,2026-10-02
910.0,235,0,2026-10-10,2026-10-02
920.0,19,0,2026-10-10,2026-10-02
930.0,51,0,2026-10-10,2026-10-02
940.0,11,0,2026-10-10,2026-10-02
950.0,46,0,2026-10-10,2026-10-02
960.0,286,0,2026-10-10,2026-10-02
310.0,0,0,2026-10-13,2026-10-02
315.0,0,0,2026-10-13,2026-10-02
320.0,0,0,2026-10-13,2026-10-02
325.0,0,0,2026-10-13,2026-10-02
330.0,0,5,2026-10-13,2026-10-02
335.0,0,2,2026-10-13,2026-10-02
340.0,0,3,2026-10-13,2026-10-02
345.0,0,7,2026-10-13,2026-10-02
350.0,0,1,2026-10-13,2026-10-02
355.0,0,5,2026-10-13,2026-10-02
360.0,0,15,2026-10-13,2026-10-02
365.0,0,9,2026-10-13,2026-10-02
370.0,0,13,2026-10-13,2026-10-02
375.0,0,10,2026-10-13,2026-10-02
380.0,0,4,2026-10-13,2026-10-02
385.0,0,6,2026-10-13,2026-10-02
390.0,0,19,2026-10-13,2026-10-02
395.0,0,27,2026-10-13,2026-10-02
400.0,0,3,2026-10-13,2026-10-02
405.0,0,10,2026-10-13,2026-10-02
410.0,0,7,2026-10-13,2026-10-02
415.0,0,20,2026-10-13,2026-10-02
420.0,0,5,2026-10-13,2026-10-02
425.0,0,0,2026-10-13,2026-10-02
430.0,0,0,2026-10-13,2026-10-02
435.0,0,0,2026-10-13,2026-10-02
440.0,0,0,2026-10-13,2026-10-02
445.0,0,0,2026-10-13,2026-10-02
450.0,0,0,2026-10-13,2026-10-02
455.0,0,0,2026-10-13,2026-10-02
460.0,0,0,2026-10-13,2026-10-02
465.0,1,0,2026-10-13,2026-10-02
470.0,0,0,2026-10-13,2026-10-02
475.0,0,1,2026-10-13,2026-10-02
480.0,0,0,2026-10-13,2026-10-02
485.0,0,0,2026-10-13,2026-10-02
490.0,0,0,2026-10-13,2026-10-02
495.0,0,0,2026-10-13,2026-10-02
500.0,0,0,2026-10-13,2026-10-02
502.5,0,0,2026-10-13,2026-10-02
505.0,0,0,2026-10-13,2026-10-02
507.5,0,0,2026-10-13,2026-10-02
510.0,0,4,2026-10-13,2026-10-02
512.5,0,0,2026-10-13,2026-10-02
515.0,8,101,2026-10-13,2026-10-02
517.5,4,90,2026-10-13,2026-10-02
520.0,0,17,2026-10-13,2026-10-02
522.5,0,43,2026-10-13,2026-10-02
525.0,1,3,2026-10-13,2026-10-02
527.5,2,12,2026-10-13,2026-10-02
530.0,10,4,2026-10-13,2026-10-02
532.5,0,8,2026-10-13,2026-10-02
535.0,0,44,2026-10-13,2026-10-02
537.5,1,0,2026-10-13,2026-10-02
540.0,0,56,2026-10-13,2026-10-02
542.5,0,0,2026-10-13,2026-10-02
545.0,1,24,2026-10-13,2026-10-02
547.5,0,6,2026-10-13,2026-10-02
550.0,13,13,2026-10-13,2026-10-02
552.5,0,3,2026-10-13,2026-10-02
555.0,30,85,2026-10-13,2026-10-02
557.5,0,38,2026-10-13,2026-10-02
560.0,5,86,2026-10-13,2026-10-02
562.5,0,136,2026-10-13,2026-10-02
565.0,16,45,2026-10-13,2026-10-02
567.5,8,3,2026-10-13,2026-10-02
570.0,17,5,2026-10-13,2026-10-02
572.5,0,5,2026-10-13,2026-10-02
575.0,11,26,2026-10-13,2026-10-02
577.5,0,17,2026-10-13,2026-10-02
580.0,1,16,2026-10-13,2026-10-02
582.5,3,0,2026-10-13,2026-10-02
585.0,5,32,2026-10-13,2026-10-02
587.5,21,8,2026-10-13,2026-10-02
590.0,10,30,2026-10-13,2026-10-02
592.5,6,2,2026-10-13,2026-10-02
595.0,9,167,2026-10-13,2026-10-02
597.5,6,7,2026-10-13,2026-10-02
600.0,180,76,2026-10-13,2026-10-02
602.5,18,5,2026-10-13,2026-10-02
605.0,130,181,2026-10-13,2026-10-02
607.5,56,39,2026-10-13,2026-10-02
610.0,61,79,2026-10-13,2026-10-02
612.5,16,1,2026-10-13,2026-10-02
615.0,68,5,2026-10-13,2026-10-02
617.5,19,3,2026-10-13,2026-10-02
620.0,54,6,2026-10-13,2026-10-02
622.5,7,1,2026-10-13,2026-10-02
625.0,133,2,2026-10-13,2026-10-02
627.5,22,1,2026-10-13,2026-10-02
630.0,33,5,2026-10-13,2026-10-02
632.5,5,0,2026-10-13,2026-10-02
635.0,28,0,2026-10-13,2026-10-02
637.5,11,0,2026-10-13,2026-10-02
640.0,26,0,2026-10-13,2026-10-02
642.5,23,0,2026-10-13,2026-10-02
645.0,4,0,2026-10-13,2026-10-02
647.5,7,1,2026-10-13,2026-10-02
650.0,28,0,2026-10-13,2026-10-02
652.5,0,0,2026-10-13,2026-10-02
655.0,7,0,2026-10-13,2026-10-02
657.5,21,0,2026-10-13,2026-10-02
660.0,7,0,2026-10-13,2026-10-02
662.5,19,0,2026-10-13,2026-10-02
665.0,5,0,2026-10-13,2026-10-02
667.5,10,0,2026-10-13,2026-10-02
670.0,4,0,2026-10-13,2026-10-02
672.5,33,0,2026-10-13,2026-10-02
675.0,9,0,2026-10-13,2026-10-02
677.5,0,0,2026-10-13,2026-10-02
680.0,18,1,2026-10-13,2026-10-02
682.5,1,0,2026-10-13,2026-10-02
685.0,18,0,2026-10-13,2026-10-02
687.5,4,0,2026-10-13,2026-10-02
690.0,3,0,2026-10-13,2026-10-02
692.5,2,0,2026-10-13,2026-10-02
695.0,1,0,2026-10-13,2026-10-02
697.5,2,0,2026-10-13,2026-10-02
700.0,14,0,2026-10-13,2026-10-02
702.5,1,0,2026-10-13,2026-10-02
705.0,14,0,2026-10-13,2026-10-02
707.5,0,0,2026-10-13,2026-10-02
710.0,2,0,2026-10-13,2026-10-02
712.5,5,0,2026-10-13,2026-10-02
715.0,0,0,2026-10-13,2026-10-02
717.5,8,0,2026-10-13,2026-10-02
720.0,12,0,2026-10-13,2026-10-02
722.5,3,0,2026-10-13,2026-10-02
725.0,0,0,2026-10-13,2026-10-02
727.5,0,0,2026-10-13,2026-10-02
730.0,0,0,2026-10-13,2026-10-02
732.5,0,0,2026-10-13,2026-10-02
735.0,3,0,2026-10-13,2026-10-02
740.0,0,0,2026-10-13,2026-10-02
310.0,0,2,2026-10-15,2026-10-02
315.0,0,0,2026-10-15,2026-10-02
320.0,0,0,2026-10-15,2026-10-02
325.0,0,0,2026-10-15,2026-10-02
330.0,0,0,2026-10-15,2026-10-02
335.0,0,0,2026-10-15,2026-10-02
340.0,0,0,2026-10-15,2026-10-02
345.0,0,0,2026-10-15,2026-10-02
350.0,0,0,2026-10-15,2026-10-02
355.0,0,19,2026-10-15,2026-10-02
360.0,0,13,2026-10-15,2026-10-02
365.0,0,6,2026-10-15,2026-10-02
370.0,0,6,2026-10-15,2026-10-02
375.0,0,14,2026-10-15,2026-10-02
380.0,0,30,2026-10-15,2026-10-02
385.0,0,15,2026-10-15,2026-10-02
390.0,0,8,2026-10-15,2026-10-02
395.0,0,25,2026-10-15,2026-10-02
400.0,0,2,2026-10-15,2026-10-02
405.0,0,2,2026-10-15,2026-10-02
410.0,0,1,2026-10-15,2026-10-02
415.0,0,1,2026-10-15,2026-10-02
420.0,0,2,2026-10-15,2026-10-02
425.0,0,5,2026-10-15,2026-10-02
430.0,0,1,2026-10-15,2026-10-02
435.0,0,0,2026-10-15,2026-10-02
440.0,0,0,2026-10-15,2026-10-02
445.0,0,0,2026-10-15,2026-10-02
450.0,0,0,2026-10-15,2026-10-02
455.0,10,0,2026-10-15,2026-10-02
460.0,0,1,2026-10-15,2026-10-02
465.0,0,0,2026-10-15,2026-10-02
470.0,0,0,2026-10-15,2026-10-02
475.0,0,0,2026-10-15,2026-10-02
480.0,0,0,2026-10-15,2026-10-02
485.0,0,0,2026-10-15,2026-10-02
490.0,0,0,2026-10-15,2026-10-02
495.0,0,0,2026-10-15,2026-10-02
500.0,2,1,2026-10-15,2026-10-02
505.0,0,1,2026-10-15,2026-10-02
510.0,0,4,2026-10-15,2026-10-02
515.0,0,0,2026-10-15,2026-10-02
520.0,0,1,2026-10-15,2026-10-02
525.0,0,19,2026-10-15,2026-10-02
530.0,0,5,2026-10-15,2026-10-02
535.0,0,10,2026-10-15,2026-10-02
540.0,0,2,2026-10-15,2026-10-02
545.0,0,6,2026-10-15,2026-10-02
550.0,2,23,2026-10-15,2026-10-02
555.0,24,15,2026-10-15,2026-10-02
560.0,20,25,2026-10-15,2026-10-02
565.0,2,3,2026-10-15,2026-10-02
570.0,3,64,2026-10-15,2026-10-02
572.5,0,1,2026-10-15,2026-10-02
575.0,4,74,2026-10-15,2026-10-02
577.5,0,3,2026-10-15,2026-10-02
580.0,0,60,2026-10-15,2026-10-02
582.5,0,1,2026-10-15,2026-10-02
585.0,22,8,2026-10-15,2026-10-02
587.5,0,14,2026-10-15,2026-10-02
590.0,2,7,2026-10-15,2026-10-02
592.5,0,4,2026-10-15,2026-10-02
595.0,1,4,2026-10-15,2026-10-02
597.5,5,5,2026-10-15,2026-10-02
600.0,3,12,2026-10-15,2026-10-02
602.5,2,10,2026-10-15,2026-10-02
605.0,9,5,2026-10-15,2026-10-02
607.5,22,12,2026-10-15,2026-10-02
610.0,16,13,2026-10-15,2026-10-02
612.5,3,1,2026-10-15,2026-10-02
615.0,30,28,2026-10-15,2026-10-02
617.5,10,4,2026-10-15,2026-10-02
620.0,92,38,2026-10-15,2026-10-02
622.5,3,0,2026-10-15,2026-10-02
625.0,30,31,2026-10-15,2026-10-02
627.5,2,4,2026-10-15,2026-10-02
630.0,12,0,2026-10-15,2026-10-02
632.5,12,0,2026-10-15,2026-10-02
635.0,65,0,2026-10-15,2026-10-02
637.5,8,0,2026-10-15,2026-10-02
640.0,11,0,2026-10-15,2026-10-02
642.5,2,0,2026-10-15,2026-10-02
645.0,24,0,2026-10-15,2026-10-02
647.5,12,0,2026-10-15,2026-10-02
650.0,67,0,2026-10-15,2026-10-02
655.0,7,0,2026-10-15,2026-10-02
660.0,4,0,2026-10-15,2026-10-02
665.0,10,0,2026-10-15,2026-10-02
670.0,3,0,2026-10-15,2026-10-02
675.0,6,0,2026-10-15,2026-10-02
680.0,15,0,2026-10-15,2026-10-02
685.0,0,0,2026-10-15,2026-10-02
690.0,6,0,2026-10-15,2026-10-02
695.0,0,0,2026-10-15,2026-10-02
700.0,1,0,2026-10-15,2026-10-02
705.0,1,0,2026-10-15,2026-10-02
710.0,11,0,2026-10-15,2026-10-02
715.0,0,0,2026-10-15,2026-10-02
720.0,0,0,2026-10-15,2026-10-02
725.0,0,0,2026-10-15,2026-10-02
730.0,1,0,2026-10-15,2026-10-02
735.0,0,0,2026-10-15,2026-10-02
740.0,1,0,2026-10-15,2026-10-02
100.0,1569,1397,2026-10-17,2026-10-02
105.0,81,159,2026-10-17,2026-10-02
110.0,32,537,2026-10-17,2026-10-02
115.0,26,103,2026-10-17,2026-10-02
120.0,56,1789,2026-10-17,2026-10-02
125.0,86,462,2026-10-17,2026-10-02
130.0,82,409,2026-10-17,2026-10-02
135.0,142,261,2026-10-17,2026-10-02
140.0,164,528,2026-10-17,2026-10-02
145.0,130,481,2026-10-17,2026-10-02
150.0,139,2523,2026-10-17,2026-10-02
155.0,135,253,2026-10-17,2026-10-02
160.0,202,2432,2026-10-17,2026-10-02
165.0,94,982,2026-10-17,2026-10-02
170.0,131,421,2026-10-17,2026-10-02
175.0,136,1009,2026-10-17,2026-10-02
180.0,272,815,2026-10-17,2026-10-02
185.0,219,400,2026-10-17,2026-10-02
190.0,964,326,2026-10-17,2026-10-02
195.0,199,520,2026-10-17,2026-10-02
200.0,415,2899,2026-10-17,2026-10-02
210.0,620,977,2026-10-17,2026-10-02
220.0,255,769,2026-10-17,2026-10-02
230.0,529,687,2026-10-17,2026-10-02
240.0,373,1189,2026-10-17,2026-10-02
250.0,912,1398,2026-10-17,2026-10-02
257.0,1138,0,2026-10-17,2026-10-02
260.0,448,2227,2026-10-17,2026-10-02
270.0,483,1126,2026-10-17,2026-10-02
280.0,849,866,2026-10-17,2026-10-02
290.0,320,1227,2026-10-17,2026-10-02
300.0,963,5842,2026-10-17,2026-10-02
310.0,430,1532,2026-10-17,2026-10-02
320.0,936,1695,2026-10-17,2026-10-02
330.0,948,2179,2026-10-17,2026-10-02
340.0,671,2500,2026-10-17,2026-10-02
350.0,6,0,2026-10-17,2026-10-02
350.0,602,3931,2026-10-17,2026-10-02
360.0,251,1737,2026-10-17,2026-10-02
370.0,590,6861,2026-10-17,2026-10-02
380.0,549,2998,2026-10-17,2026-10-02
390.0,252,2661,2026-10-17,2026-10-02
400.0,3,0,2026-10-17,2026-10-02
400.0,557,9884,2026-10-17,2026-10-02
410.0,233,2577,2026-10-17,2026-10-02
420.0,383,6625,2026-10-17,2026-10-02
430.0,0,0,2026-10-17,2026-10-02
430.0,364,3256,2026-10-17,2026-10-02
440.0,643,4009,2026-10-17,2026-10-02
450.0,6331,6689,2026-10-17,2026-10-02
460.0,2000,2000,2026-10-17,2026-10-02
460.0,950,3849,2026-10-17,2026-10-02
470.0,1970,1970,2026-10-17,2026-10-02
470.0,1427,2851,2026-10-17,2026-10-02
475.0,5000,5000,2026-10-17,2026-10-02
475.0,1,773,2026-10-17,2026-10-02
480.0,17740,17740,2026-10-17,2026-10-02
480.0,1673,2601,2026-10-17,2026-10-02
485.0,1,360,2026-10-17,2026-10-02
490.0,7452,7452,2026-10-17,2026-10-02
490.0,12354,2398,2026-10-17,2026-10-02
490.01,0,8280,2026-10-17,2026-10-02
495.0,1500,1500,2026-10-17,2026-10-02
495.0,0,935,2026-10-17,2026-10-02
500.0,2250,2250,2026-10-17,2026-10-02
500.0,2564,5137,2026-10-17,2026-10-02
505.0,82,179,2026-10-17,2026-10-02
510.0,4000,4000,2026-10-17,2026-10-02
510.0,1712,2336,2026-10-17,2026-10-02
515.0,22,260,2026-10-17,2026-10-02
517.5,10,229,2026-10-17,2026-10-02
520.0,404,404,2026-10-17,2026-10-02
520.0,2554,3527,2026-10-17,2026-10-02
520.01,193,0,2026-10-17,2026-10-02
522.5,59,614,2026-10-17,2026-10-02
525.0,500,500,2026-10-17,2026-10-02
525.0,34,704,2026-10-17,2026-10-02
527.5,56,299,2026-10-17,2026-10-02
530.0,3763,3763,2026-10-17,2026-10-02
530.0,2870,1463,2026-10-17,2026-10-02
532.5,31,1176,2026-10-17,2026-10-02
535.0,19,337,2026-10-17,2026-10-02
537.5,25,196,2026-10-17,2026-10-02
540.0,4390,3061,2026-10-17,2026-10-02
542.5,16,164,2026-10-17,2026-10-02
545.0,22,285,2026-10-17,2026-10-02
547.5,3,119,2026-10-17,2026-10-02
550.0,47,37,2026-10-17,2026-10-02
550.0,4221,3264,2026-10-17,2026-10-02
552.5,21,266,2026-10-17,2026-10-02
555.0,47,297,2026-10-17,2026-10-02
557.5,28,219,2026-10-17,2026-10-02
560.0,2056,3319,2026-10-17,2026-10-02
562.5,123,346,2026-10-17,2026-10-02
565.0,199,643,2026-10-17,2026-10-02
570.0,1660,1133,2026-10-17,2026-10-02
575.0,2600,2600,2026-10-17,2026-10-02
575.0,698,538,2026-10-17,2026-10-02
580.0,7,0,2026-10-17,2026-10-02
580.0,2533,1527,2026-10-17,2026-10-02
585.0,1876,1876,2026-10-17,2026-10-02
585.0,170,407,2026-10-17,2026-10-02
590.0,1510,1041,2026-10-17,2026-10-02
595.0,256,840,2026-10-17,2026-10-02
600.0,50,50,2026-10-17,2026-10-02
600.0,6243,3730,2026-10-17,2026-10-02
605.0,545,545,2026-10-17,2026-10-02
605.0,749,791,2026-10-17,2026-10-02
610.0,4980,4980,2026-10-17,2026-10-02
610.0,3341,1540,2026-10-17,2026-10-02
615.0,14726,14726,2026-10-17,2026-10-02
615.0,1372,517,2026-10-17,2026-10-02
620.0,300,300,2026-10-17,2026-10-02
620.0,2450,1298,2026-10-17,2026-10-02
630.0,200,200,2026-10-17,2026-10-02
630.0,3472,552,2026-10-17,2026-10-02
640.0,2041,298,2026-10-17,2026-10-02
650.0,2817,219,2026-10-17,2026-10-02
660.0,2638,101,2026-10-17,2026-10-02
670.0,976,93,2026-10-17,2026-10-02
680.0,3786,63,2026-10-17,2026-10-02
690.0,1209,47,2026-10-17,2026-10-02
700.0,6365,60,2026-10-17,2026-10-02
710.0,1385,4,2026-10-17,2026-10-02
720.0,1954,3,2026-10-17,2026-10-02
730.0,730,4,2026-10-17,2026-10-02
740.0,840,4,2026-10-17,2026-10-02
750.0,4591,11,2026-10-17,2026-10-02
760.0,1272,0,2026-10-17,2026-10-02
770.0,730,0,2026-10-17,2026-10-02
780.0,818,0,2026-10-17,2026-10-02
790.0,467,0,2026-10-17,2026-10-02
800.0,3235,0,2026-10-17,2026-10-02
810.0,432,0,2026-10-17,2026-10-02
820.0,639,0,2026-10-17,2026-10-02
830.0,448,0,2026-10-17,2026-10-02
840.0,226,0,2026-10-17,2026-10-02
850.0,432,0,2026-10-17,2026-10-02
860.0,381,0,2026-10-17,2026-10-02
870.0,219,0,2026-10-17,2026-10-02
880.0,126,0,2026-10-17,2026-10-02
890.0,348,0,2026-10-17,2026-10-02
900.0,1894,0,2026-10-17,2026-10-02
910.0,214,0,2026-10-17,2026-10-02
920.0,434,0,2026-10-17,2026-10-02
930.0,308,0,2026-10-17,2026-10-02
940.0,196,0,2026-10-17,2026-10-02
950.0,735,0,2026-10-17,2026-10-02
960.0,148,0,2026-10-17,2026-10-02
970.0,208,0,2026-10-17,2026-10-02
980.0,105,0,2026-10-17,2026-10-02
990.0,129,0,2026-10-17,2026-10-02
1000.0,827,0,2026-10-17,2026-10-02
1010.0,285,0,2026-10-17,2026-10-02
1020.0,165,0,2026-10-17,2026-10-02
1030.0,123,0,2026-10-17,2026-10-02
1040.0,88,0,2026-10-17,2026-10-02
1050.0,306,0,2026-10-17,2026-10-02
1060.0,573,0,2026-10-17,2026-10-02
1070.0,325,0,2026-10-17,2026-10-02
1080.0,5276,0,2026-10-17,2026-10-02
1090.0,597,0,2026-10-17,2026-10-02
1100.0,216,0,2026-10-17,2026-10-02
1110.0,927,0,2026-10-17,2026-10-02
1120.0,5824,0,2026-10-17,2026-10-02
40.0,1,1,2026-10-24,2026-10-02
45.0,1,0,2026-10-24,2026-10-02
50.0,7,0,2026-10-24,2026-10-02
55.0,0,0,2026-10-24,2026-10-02
60.0,0,0,2026-10-24,2026-10-02
65.0,0,0,2026-10-24,2026-10-02
70.0,0,3,2026-10-24,2026-10-02
75.0,0,0,2026-10-24,2026-10-02
80.0,0,0,2026-10-24,2026-10-02
85.0,0,0,2026-10-24,2026-10-02
90.0,1,0,2026-10-24,2026-10-02
95.0,0,0,2026-10-24,2026-10-02
100.0,0,0,2026-10-24,2026-10-02
105.0,0,0,2026-10-24,2026-10-02
110.0,5,0,2026-10-24,2026-10-02
115.0,6,0,2026-10-24,2026-10-02
120.0,3,0,2026-10-24,2026-10-02
125.0,0,0,2026-10-24,2026-10-02
130.0,1,0,2026-10-24,2026-10-02
135.0,11,0,2026-10-24,2026-10-02
140.0,0,1,2026-10-24,2026-10-02
145.0,5,0,2026-10-24,2026-10-02
150.0,4,0,2026-10-24,2026-10-02
155.0,1,2,2026-10-24,2026-10-02
160.0,1,2,2026-10-24,2026-10-02
165.0,0,0,2026-10-24,2026-10-02
170.0,0,0,2026-10-24,2026-10-02
175.0,1,4,2026-10-24,2026-10-02
180.0,7,0,2026-10-24,2026-10-02
185.0,8,0,2026-10-24,2026-10-02
190.0,0,7,2026-10-24,2026-10-02
195.0,0,1,2026-10-24,2026-10-02
200.0,4,63,2026-10-24,2026-10-02
205.0,0,12,2026-10-24,2026-10-02
210.0,3,16,2026-10-24,2026-10-02
215.0,5,17,2026-10-24,2026-10-02
220.0,5,201,2026-10-24,2026-10-02
225.0,3,14,2026-10-24,2026-10-02
230.0,4,16,2026-10-24,2026-10-02
235.0,1,28,2026-10-24,2026-10-02
240.0,10,49,2026-10-24,2026-10-02
245.0,2,74,2026-10-24,2026-10-02
250.0,5,99,2026-10-24,2026-10-02
255.0,4,19,2026-10-24,2026-10-02
260.0,5,18,2026-10-24,2026-10-02
265.0,1,52,2026-10-24,2026-10-02
270.0,1,34,2026-10-24,2026-10-02
275.0,2,51,2026-10-24,2026-10-02
280.0,4,62,2026-10-24,2026-10-02
285.0,55,69,2026-10-24,2026-10-02
290.0,1,118,2026-10-24,2026-10-02
295.0,0,41,2026-10-24,2026-10-02
300.0,4,91,2026-10-24,2026-10-02
305.0,7,23,2026-10-24,2026-10-02
310.0,0,124,2026-10-24,2026-10-02
315.0,0,30,2026-10-24,2026-10-02
320.0,6,31,2026-10-24,2026-10-02
325.0,4,51,2026-10-24,2026-10-02
330.0,8,47,2026-10-24,2026-10-02
335.0,3,23,2026-10-24,2026-10-02
340.0,2,219,2026-10-24,2026-10-02
345.0,2,11,2026-10-24,2026-10-02
350.0,0,96,2026-10-24,2026-10-02
355.0,1,100,2026-10-24,2026-10-02
360.0,0,93,2026-10-24,2026-10-02
365.0,2,24,2026-10-24,2026-10-02
370.0,4,40,2026-10-24,2026-10-02
375.0,3,39,2026-10-24,2026-10-02
380.0,6,108,2026-10-24,2026-10-02
385.0,2,162,2026-10-24,2026-10-02
390.0,8,70,2026-10-24,2026-10-02
395.0,1,50,2026-10-24,2026-10-02
400.0,7,886,2026-10-24,2026-10-02
405.0,3,135,2026-10-24,2026-10-02
410.0,5,67,2026-10-24,2026-10-02
415.0,15,58,2026-10-24,2026-10-02
420.0,14,258,2026-10-24,2026-10-02
425.0,5,220,2026-10-24,2026-10-02
430.0,95,360,2026-10-24,2026-10-02
435.0,2,101,2026-10-24,2026-10-02
440.0,57,167,2026-10-24,2026-10-02
445.0,16,146,2026-10-24,2026-10-02
450.0,17,237,2026-10-24,2026-10-02
455.0,55,91,2026-10-24,2026-10-02
460.0,16,613,2026-10-24,2026-10-02
465.0,51,220,2026-10-24,2026-10-02
470.0,64,320,2026-10-24,2026-10-02
475.0,157,249,2026-10-24,2026-10-02
480.0,67,895,2026-10-24,2026-10-02
485.0,6500,6500,2026-10-24,2026-10-02
485.0,47,250,2026-10-24,2026-10-02
490.0,115,251,2026-10-24,2026-10-02
495.0,59,236,2026-10-24,2026-10-02
500.0,150,590,2026-10-24,2026-10-02
505.0,85,193,2026-10-24,2026-10-02
510.0,102,1624,2026-10-24,2026-10-02
515.0,242,412,2026-10-24,2026-10-02
520.0,2368,900,2026-10-24,2026-10-02
525.0,267,183,2026-10-24,2026-10-02
530.0,893,428,2026-10-24,2026-10-02
535.0,118,428,2026-10-24,2026-10-02
540.0,181,416,2026-10-24,2026-10-02
545.0,170,914,2026-10-24,2026-10-02
550.0,192,941,2026-10-24,2026-10-02
555.0,135,317,2026-10-24,2026-10-02
560.0,230,589,2026-10-24,2026-10-02
565.0,189,220,2026-10-24,2026-10-02
570.0,417,350,2026-10-24,2026-10-02
575.0,135,267,2026-10-24,2026-10-02
580.0,514,420,2026-10-24,2026-10-02
585.0,133,175,2026-10-24,2026-10-02
590.0,187,260,2026-10-24,2026-10-02
595.0,114,352,2026-10-24,2026-10-02
600.0,468,601,2026-10-24,2026-10-02
605.0,577,161,2026-10-24,2026-10-02
610.0,950,950,2026-10-24,2026-10-02
610.0,312,368,2026-10-24,2026-10-02
615.0,1000,1000,2026-10-24,2026-10-02
615.0,515,129,2026-10-24,2026-10-02
620.0,1500,1500,2026-10-24,2026-10-02
620.0,895,1100,2026-10-24,2026-10-02
625.0,1500,1500,2026-10-24,2026-10-02
625.0,254,121,2026-10-24,2026-10-02
630.0,1869,87,2026-10-24,2026-10-02
635.0,157,35,2026-10-24,2026-10-02
640.0,453,41,2026-10-24,2026-10-02
645.0,364,69,2026-10-24,2026-10-02
650.0,438,32,2026-10-24,2026-10-02
655.0,146,7,2026-10-24,2026-10-02
660.0,842,72,2026-10-24,2026-10-02
665.0,146,25,2026-10-24,2026-10-02
670.0,280,37,2026-10-24,2026-10-02
675.0,153,40,2026-10-24,2026-10-02
680.0,722,32,2026-10-24,2026-10-02
685.0,148,12,2026-10-24,2026-10-02
690.0,121,3,2026-10-24,2026-10-02
695.0,183,18,2026-10-24,2026-10-02
700.0,2929,8,2026-10-24,2026-10-02
705.0,2469,0,2026-10-24,2026-10-02
710.0,243,1,2026-10-24,2026-10-02
715.0,210,1,2026-10-24,2026-10-02
720.0,188,0,2026-10-24,2026-10-02
725.0,197,1,2026-10-24,2026-10-02
730.0,194,0,2026-10-24,2026-10-02
735.0,181,10,2026-10-24,2026-10-02
740.0,137,0,2026-10-24,2026-10-02
750.0,202,10,2026-10-24,2026-10-02
760.0,87,0,2026-10-24,2026-10-02
770.0,133,0,2026-10-24,2026-10-02
780.0,130,2,2026-10-24,2026-10-02
790.0,89,0,2026-10-24,2026-10-02
800.0,154,0,2026-10-24,2026-10-02
810.0,100,0,2026-10-24,2026-10-02
820.0,128,0,2026-10-24,2026-10-02
830.0,66,0,2026-10-24,2026-10-02
840.0,24,0,2026-10-24,2026-10-02
850.0,84,0,2026-10-24,2026-10-02
860.0,81,0,2026-10-24,2026-10-02
870.0,24,0,2026-10-24,2026-10-02
880.0,154,0,2026-10-24,2026-10-02
890.0,185,0,2026-10-24,2026-10-02
900.0,239,0,2026-10-24,2026-10-02
910.0,59,0,2026-10-24,2026-10-02
920.0,27,0,2026-10-24,2026-10-02
930.0,47,0,2026-10-24,2026-10-02
940.0,57,0,2026-10-24,2026-10-02
950.0,18,0,2026-10-24,2026-10-02
960.0,128,0,2026-10-24,2026-10-02
5038.38,12,12,2026-10-24,2026-10-02
40.0,2,2,2026-10-31,2026-10-02
50.0,0,0,2026-10-31,2026-10-02
60.0,0,0,2026-10-31,2026-10-02
70.0,0,0,2026-10-31,2026-10-02
80.0,0,0,2026-10-31,2026-10-02
90.0,0,0,2026-10-31,2026-10-02
100.0,1,2,2026-10-31,2026-10-02
110.0,3,0,2026-10-31,2026-10-02
120.0,1,0,2026-10-31,2026-10-02
130.0,0,0,2026-10-31,2026-10-02
140.0,0,2,2026-10-31,2026-10-02
150.0,4,0,2026-10-31,2026-10-02
160.0,0,0,2026-10-31,2026-10-02
170.0,1,0,2026-10-31,2026-10-02
180.0,0,0,2026-10-31,2026-10-02
190.0,5,0,2026-10-31,2026-10-02
200.0,6,5,2026-10-31,2026-10-02
210.0,0,133,2026-10-31,2026-10-02
220.0,9,0,2026-10-31,2026-10-02
220.0,1,63,2026-10-31,2026-10-02
230.0,5,54,2026-10-31,2026-10-02
240.0,8,55,2026-10-31,2026-10-02
250.0,2,308,2026-10-31,2026-10-02
255.0,1,0,2026-10-31,2026-10-02
260.0,4,54,2026-10-31,2026-10-02
270.0,12,46,2026-10-31,2026-10-02
280.0,17,32,2026-10-31,2026-10-02
290.0,0,93,2026-10-31,2026-10-02
300.0,4,129,2026-10-31,2026-10-02
310.0,2,215,2026-10-31,2026-10-02
315.0,0,104,2026-10-31,2026-10-02
320.0,1,139,2026-10-31,2026-10-02
325.0,16,33,2026-10-31,2026-10-02
330.0,0,71,2026-10-31,2026-10-02
335.0,0,12,2026-10-31,2026-10-02
340.0,3,80,2026-10-31,2026-10-02
345.0,16,34,2026-10-31,2026-10-02
350.0,13,128,2026-10-31,2026-10-02
355.0,1,21,2026-10-31,2026-10-02
360.0,3,40,2026-10-31,2026-10-02
365.0,0,19,2026-10-31,2026-10-02
370.0,0,35,2026-10-31,2026-10-02
375.0,1,59,2026-10-31,2026-10-02
380.0,0,75,2026-10-31,2026-10-02
385.0,3,130,2026-10-31,2026-10-02
390.0,2,73,2026-10-31,2026-10-02
395.0,9,35,2026-10-31,2026-10-02
400.0,33,211,2026-10-31,2026-10-02
405.0,4,18,2026-10-31,2026-10-02
410.0,1,58,2026-10-31,2026-10-02
415.0,7,85,2026-10-31,2026-10-02
420.0,2,110,2026-10-31,2026-10-02
425.0,14,179,2026-10-31,2026-10-02
430.0,4,218,2026-10-31,2026-10-02
435.0,6,64,2026-10-31,2026-10-02
440.0,4,87,2026-10-31,2026-10-02
445.0,1,45,2026-10-31,2026-10-02
450.0,25,356,2026-10-31,2026-10-02
455.0,3,108,2026-10-31,2026-10-02
460.0,2,138,2026-10-31,2026-10-02
465.0,31,135,2026-10-31,2026-10-02
470.0,22,138,2026-10-31,2026-10-02
475.0,19,252,2026-10-31,2026-10-02
480.0,28,268,2026-10-31,2026-10-02
485.0,51,106,2026-10-31,2026-10-02
490.0,59,240,2026-10-31,2026-10-02
495.0,47,243,2026-10-31,2026-10-02
500.0,76,1103,2026-10-31,2026-10-02
505.0,52,645,2026-10-31,2026-10-02
510.0,40,293,2026-10-31,2026-10-02
515.0,32,192,2026-10-31,2026-10-02
520.0,76,501,2026-10-31,2026-10-02
525.0,43,548,2026-10-31,2026-10-02
530.0,130,452,2026-10-31,2026-10-02
535.0,112,333,2026-10-31,2026-10-02
540.0,51,681,2026-10-31,2026-10-02
545.0,210,261,2026-10-31,2026-10-02
550.0,280,868,2026-10-31,2026-10-02
555.0,107,184,2026-10-31,2026-10-02
560.0,215,352,2026-10-31,2026-10-02
565.0,140,172,2026-10-31,2026-10-02
570.0,161,365,2026-10-31,2026-10-02
575.0,91,486,2026-10-31,2026-10-02
580.0,191,484,2026-10-31,2026-10-02
585.0,55,116,2026-10-31,2026-10-02
590.0,84,199,2026-10-31,2026-10-02
595.0,97,153,2026-10-31,2026-10-02
600.0,1031,355,2026-10-31,2026-10-02
605.0,210,104,2026-10-31,2026-10-02
610.0,359,151,2026-10-31,2026-10-02
615.0,327,663,2026-10-31,2026-10-02
620.0,544,129,2026-10-31,2026-10-02
625.0,569,79,2026-10-31,2026-10-02
630.0,541,170,2026-10-31,2026-10-02
635.0,378,19,2026-10-31,2026-10-02
640.0,467,89,2026-10-31,2026-10-02
645.0,294,28,2026-10-31,2026-10-02
650.0,649,72,2026-10-31,2026-10-02
655.0,98,14,2026-10-31,2026-10-02
660.0,234,8,2026-10-31,2026-10-02
665.0,215,22,2026-10-31,2026-10-02
670.0,361,8,2026-10-31,2026-10-02
675.0,225,31,2026-10-31,2026-10-02
680.0,376,4,2026-10-31,2026-10-02
685.0,110,14,2026-10-31,2026-10-02
690.0,248,7,2026-10-31,2026-10-02
695.0,150,4,2026-10-31,2026-10-02
700.0,1030,21,2026-10-31,2026-10-02
705.0,166,0,2026-10-31,2026-10-02
710.0,247,2,2026-10-31,2026-10-02
720.0,621,0,2026-10-31,2026-10-02
730.0,179,2,2026-10-31,2026-10-02
740.0,128,0,2026-10-31,2026-10-02
750.0,400,0,2026-10-31,2026-10-02
760.0,130,0,2026-10-31,2026-10-02
770.0,130,0,2026-10-31,2026-10-02
780.0,126,0,2026-10-31,2026-10-02
790.0,120,0,2026-10-31,2026-10-02
800.0,330,2,2026-10-31,2026-10-02
810.0,105,0,2026-10-31,2026-10-02
820.0,56,0,2026-10-31,2026-10-02
830.0,191,0,2026-10-31,2026-10-02
840.0,67,0,2026-10-31,2026-10-02
850.0,155,0,2026-10-31,2026-10-02
860.0,51,0,2026-10-31,2026-10-02
870.0,41,0,2026-10-31,2026-10-02
880.0,66,0,2026-10-31,2026-10-02
890.0,40,0,2026-10-31,2026-10-02
900.0,287,0,2026-10-31,2026-10-02
910.0,110,0,2026-10-31,2026-10-02
920.0,128,0,2026-10-31,2026-10-02
930.0,13,0,2026-10-31,2026-10-02
940.0,77,0,2026-10-31,2026-10-02
950.0,78,0,2026-10-31,2026-10-02
960.0,327,0,2026-10-31,2026-10-02
610.0,3000,3000,2026-11-03,2026-10-02
620.0,3500,3500,2026-11-03,2026-10-02
489.03,9300,9300,2026-11-04,2026-10-02
523.02,13018,13018,2026-11-04,2026-10-02
40.0,0,0,2026-11-07,2026-10-02
50.0,0,0,2026-11-07,2026-10-02
60.0,0,0,2026-11-07,2026-10-02
70.0,0,0,2026-11-07,2026-10-02
80.0,0,0,2026-11-07,2026-10-02
90.0,0,0,2026-11-07,2026-10-02
100.0,0,0,2026-11-07,2026-10-02
110.0,0,0,2026-11-07,2026-10-02
120.0,0,0,2026-11-07,2026-10-02
130.0,0,0,2026-11-07,2026-10-02
140.0,0,0,2026-11-07,2026-10-02
150.0,0,0,2026-11-07,2026-10-02
160.0,1,0,2026-11-07,2026-10-02
170.0,0,0,2026-11-07,2026-10-02
180.0,3,0,2026-11-07,2026-10-02
190.0,2,0,2026-11-07,2026-10-02
200.0,0,5,2026-11-07,2026-10-02
210.0,1,0,2026-11-07,2026-10-02
220.0,0,2,2026-11-07,2026-10-02
230.0,1,2,2026-11-07,2026-10-02
240.0,2,4,2026-11-07,2026-10-02
250.0,0,13,2026-11-07,2026-10-02
260.0,2,172,2026-11-07,2026-10-02
270.0,1,5,2026-11-07,2026-10-02
280.0,2,3,2026-11-07,2026-10-02
290.0,0,199,2026-11-07,2026-10-02
300.0,3,40,2026-11-07,2026-10-02
310.0,0,9,2026-11-07,2026-10-02
315.0,0,2,2026-11-07,2026-10-02
320.0,0,7,2026-11-07,2026-10-02
325.0,0,4,2026-11-07,2026-10-02
330.0,1,51,2026-11-07,2026-10-02
335.0,0,47,2026-11-07,2026-10-02
340.0,1,27,2026-11-07,2026-10-02
345.0,0,23,2026-11-07,2026-10-02
350.0,0,36,2026-11-07,2026-10-02
355.0,0,6,2026-11-07,2026-10-02
360.0,10,15,2026-11-07,2026-10-02
365.0,0,1,2026-11-07,2026-10-02
370.0,0,13,2026-11-07,2026-10-02
375.0,0,6,2026-11-07,2026-10-02
380.0,0,83,2026-11-07,2026-10-02
385.0,0,24,2026-11-07,2026-10-02
390.0,0,15,2026-11-07,2026-10-02
395.0,0,5,2026-11-07,2026-10-02
400.0,4,25,2026-11-07,2026-10-02
405.0,0,2,2026-11-07,2026-10-02
410.0,0,5,2026-11-07,2026-10-02
415.0,1,4,2026-11-07,2026-10-02
420.0,0,1,2026-11-07,2026-10-02
425.0,0,6,2026-11-07,2026-10-02
430.0,1,10,2026-11-07,2026-10-02
435.0,1,371,2026-11-07,2026-10-02
440.0,1,107,2026-11-07,2026-10-02
445.0,0,90,2026-11-07,2026-10-02
450.0,2,45,2026-11-07,2026-10-02
455.0,0,3,2026-11-07,2026-10-02
460.0,11,27,2026-11-07,2026-10-02
465.0,0,35,2026-11-07,2026-10-02
470.0,7,73,2026-11-07,2026-10-02
475.0,1,21,2026-11-07,2026-10-02
480.0,2,71,2026-11-07,2026-10-02
485.0,1,21,2026-11-07,2026-10-02
490.0,2,171,2026-11-07,2026-10-02
495.0,4,51,2026-11-07,2026-10-02
500.0,21,138,2026-11-07,2026-10-02
505.0,21,40,2026-11-07,2026-10-02
510.0,1,57,2026-11-07,2026-10-02
515.0,8,61,2026-11-07,2026-10-02
520.0,4,138,2026-11-07,2026-10-02
525.0,5,47,2026-11-07,2026-10-02
530.0,7,190,2026-11-07,2026-10-02
535.0,375,375,2026-11-07,2026-10-02
535.0,4,44,2026-11-07,2026-10-02
540.0,13,116,2026-11-07,2026-10-02
545.0,14,80,2026-11-07,2026-10-02
550.0,22,122,2026-11-07,2026-10-02
555.0,3,129,2026-11-07,2026-10-02
560.0,24,126,2026-11-07,2026-10-02
565.0,25,38,2026-11-07,2026-10-02
570.0,26,49,2026-11-07,2026-10-02
575.0,14,113,2026-11-07,2026-10-02
580.0,17,66,2026-11-07,2026-10-02
585.0,19,49,2026-11-07,2026-10-02
590.0,11,137,2026-11-07,2026-10-02
595.0,31,29,2026-11-07,2026-10-02
600.0,169,50,2026-11-07,2026-10-02
605.0,42,108,2026-11-07,2026-10-02
610.0,1000,1000,2026-11-07,2026-10-02
610.0,112,133,2026-11-07,2026-10-02
615.0,74,150,2026-11-07,2026-10-02
620.0,54,122,2026-11-07,2026-10-02
625.0,141,38,2026-11-07,2026-10-02
630.0,128,18,2026-11-07,2026-10-02
635.0,51,9,2026-11-07,2026-10-02
640.0,93,60,2026-11-07,2026-10-02
645.0,45,6,2026-11-07,2026-10-02
650.0,160,7,2026-11-07,2026-10-02
655.0,30,2,2026-11-07,2026-10-02
660.0,51,1,2026-11-07,2026-10-02
665.0,54,0,2026-11-07,2026-10-02
670.0,92,23,2026-11-07,2026-10-02
675.0,68,67,2026-11-07,2026-10-02
680.0,70,5,2026-11-07,2026-10-02
685.0,109,7,2026-11-07,2026-10-02
690.0,24,0,2026-11-07,2026-10-02
695.0,28,0,2026-11-07,2026-10-02
700.0,70,0,2026-11-07,2026-10-02
705.0,169,0,2026-11-07,2026-10-02
710.0,52,0,2026-11-07,2026-10-02
720.0,50,0,2026-11-07,2026-10-02
730.0,27,2,2026-11-07,2026-10-02
740.0,25,0,2026-11-07,2026-10-02
750.0,488,0,2026-11-07,2026-10-02
760.0,41,1,2026-11-07,2026-10-02
770.0,120,0,2026-11-07,2026-10-02
780.0,18,0,2026-11-07,2026-10-02
790.0,8,0,2026-11-07,2026-10-02
800.0,38,0,2026-11-07,2026-10-02
810.0,41,0,2026-11-07,2026-10-02
820.0,26,0,2026-11-07,2026-10-02
830.0,5,0,2026-11-07,2026-10-02
840.0,53,0,2026-11-07,2026-10-02
850.0,137,0,2026-11-07,2026-10-02
860.0,5,0,2026-11-07,2026-10-02
870.0,311,0,2026-11-07,2026-10-02
880.0,307,0,2026-11-07,2026-10-02
890.0,17,0,2026-11-07,2026-10-02
900.0,8,0,2026-11-07,2026-10-02
910.0,10,0,2026-11-07,2026-10-02
920.0,0,0,2026-11-07,2026-10-02
930.0,8,0,2026-11-07,2026-10-02
940.0,7,0,2026-11-07,2026-10-02
950.0,7,0,2026-11-07,2026-10-02
960.0,106,0,2026-11-07,2026-10-02
535.0,6,15,2026-11-14,2026-10-02
540.0,0,9,2026-11-14,2026-10-02
545.0,18,0,2026-11-14,2026-10-02
550.0,18,12,2026-11-14,2026-10-02
555.0,0,5,2026-11-14,2026-10-02
560.0,0,3,2026-11-14,2026-10-02
565.0,0,5,2026-11-14,2026-10-02
570.0,0,3,2026-11-14,2026-10-02
575.0,0,0,2026-11-14,2026-10-02
580.0,0,5,2026-11-14,2026-10-02
585.0,1,1,2026-11-14,2026-10-02
590.0,0,0,2026-11-14,2026-10-02
595.0,0,0,2026-11-14,2026-10-02
600.0,1000,1000,2026-11-14,2026-10-02
600.0,8,3,2026-11-14,2026-10-02
605.0,11,2,2026-11-14,2026-10-02
610.0,8,5,2026-11-14,2026-10-02
615.0,1,18,2026-11-14,2026-10-02
620.0,6,3,2026-11-14,2026-10-02
625.0,4,0,2026-11-14,2026-10-02
630.0,2,0,2026-11-14,2026-10-02
635.0,4,0,2026-11-14,2026-10-02
640.0,4,0,2026-11-14,2026-10-02
645.0,1,0,2026-11-14,2026-10-02
650.0,0,0,2026-11-14,2026-10-02
655.0,0,0,2026-11-14,2026-10-02
660.0,1,0,2026-11-14,2026-10-02
665.0,0,0,2026-11-14,2026-10-02
670.0,35,0,2026-11-14,2026-10-02
675.0,4,0,2026-11-14,2026-10-02
100.0,158,1211,2026-11-21,2026-10-02
105.0,106,594,2026-11-21,2026-10-02
110.0,59,359,2026-11-21,2026-10-02
115.0,68,201,2026-11-21,2026-10-02
120.0,168,1305,2026-11-21,2026-10-02
125.0,119,540,2026-11-21,2026-10-02
130.0,66,1921,2026-11-21,2026-10-02
135.0,111,609,2026-11-21,2026-10-02
140.0,244,2931,2026-11-21,2026-10-02
145.0,213,268,2026-11-21,2026-10-02
150.0,258,1388,2026-11-21,2026-10-02
155.0,119,1076,2026-11-21,2026-10-02
160.0,107,3229,2026-11-21,2026-10-02
165.0,140,1556,2026-11-21,2026-10-02
170.0,126,1058,2026-11-21,2026-10-02
175.0,97,832,2026-11-21,2026-10-02
180.0,171,1078,2026-11-21,2026-10-02
185.0,122,1045,2026-11-21,2026-10-02
190.0,117,4870,2026-11-21,2026-10-02
195.0,411,995,2026-11-21,2026-10-02
200.0,448,4007,2026-11-21,2026-10-02
210.0,227,4771,2026-11-21,2026-10-02
220.0,924,1579,2026-11-21,2026-10-02
230.0,960,1148,2026-11-21,2026-10-02
240.0,16665,1610,2026-11-21,2026-10-02
250.0,9,0,2026-11-21,2026-10-02
250.0,1634,2133,2026-11-21,2026-10-02
260.0,9681,1715,2026-11-21,2026-10-02
270.0,806,1119,2026-11-21,2026-10-02
280.0,1240,521,2026-11-21,2026-10-02
290.0,513,1111,2026-11-21,2026-10-02
300.0,1245,3239,2026-11-21,2026-10-02
310.0,512,995,2026-11-21,2026-10-02
320.0,284,1592,2026-11-21,2026-10-02
330.0,756,3346,2026-11-21,2026-10-02
340.0,622,1296,2026-11-21,2026-10-02
350.0,922,3718,2026-11-21,2026-10-02
360.0,577,3404,2026-11-21,2026-10-02
370.0,464,1686,2026-11-21,2026-10-02
380.0,668,2215,2026-11-21,2026-10-02
390.0,554,1383,2026-11-21,2026-10-02
400.0,901,4347,2026-11-21,2026-10-02
410.0,293,4327,2026-11-21,2026-10-02
420.0,417,1196,2026-11-21,2026-10-02
430.0,6367,12127,2026-11-21,2026-10-02
440.0,324,2636,2026-11-21,2026-10-02
450.0,677,3706,2026-11-21,2026-10-02
460.0,459,2244,2026-11-21,2026-10-02
470.0,793,2631,2026-11-21,2026-10-02
480.0,2500,2500,2026-11-21,2026-10-02
480.0,899,1820,2026-11-21,2026-10-02
490.0,2040,2040,2026-11-21,2026-10-02
490.0,685,2032,2026-11-21,2026-10-02
500.0,300,300,2026-11-21,2026-10-02
500.0,2638,3915,2026-11-21,2026-10-02
510.0,1285,915,2026-11-21,2026-10-02
520.0,1937,1388,2026-11-21,2026-10-02
530.0,1219,1166,2026-11-21,2026-10-02
540.0,1481,1994,2026-11-21,2026-10-02
550.0,3006,4534,2026-11-21,2026-10-02
560.0,810,5402,2026-11-21,2026-10-02
570.0,10,0,2026-11-21,2026-10-02
570.0,757,948,2026-11-21,2026-10-02
580.0,2495,954,2026-11-21,2026-10-02
590.0,1547,335,2026-11-21,2026-10-02
600.0,3765,1563,2026-11-21,2026-10-02
610.0,1000,1000,2026-11-21,2026-10-02
610.0,2075,1059,2026-11-21,2026-10-02
615.0,1250,1250,2026-11-21,2026-10-02
620.0,2938,489,2026-11-21,2026-10-02
630.0,4469,534,2026-11-21,2026-10-02
640.0,1028,238,2026-11-21,2026-10-02
650.0,2712,220,2026-11-21,2026-10-02
660.0,1459,148,2026-11-21,2026-10-02
670.0,1075,89,2026-11-21,2026-10-02
680.0,1118,66,2026-11-21,2026-10-02
690.0,1387,92,2026-11-21,2026-10-02
700.0,4009,117,2026-11-21,2026-10-02
710.0,547,68,2026-11-21,2026-10-02
720.0,1109,98,2026-11-21,2026-10-02
730.0,600,91,2026-11-21,2026-10-02
740.0,359,185,2026-11-21,2026-10-02
750.0,4470,11,2026-11-21,2026-10-02
760.0,610,49,2026-11-21,2026-10-02
770.0,786,15,2026-11-21,2026-10-02
780.0,400,1,2026-11-21,2026-10-02
790.0,239,0,2026-11-21,2026-10-02
800.0,3176,5,2026-11-21,2026-10-02
810.0,1141,0,2026-11-21,2026-10-02
820.0,1231,0,2026-11-21,2026-10-02
830.0,770,0,2026-11-21,2026-10-02
840.0,292,0,2026-11-21,2026-10-02
850.0,1109,5,2026-11-21,2026-10-02
860.0,276,1,2026-11-21,2026-10-02
870.0,945,1,2026-11-21,2026-10-02
880.0,369,0,2026-11-21,2026-10-02
890.0,364,20,2026-11-21,2026-10-02
900.0,2027,1,2026-11-21,2026-10-02
910.0,470,17,2026-11-21,2026-10-02
920.0,134,3,2026-11-21,2026-10-02
930.0,496,1,2026-11-21,2026-10-02
940.0,161,0,2026-11-21,2026-10-02
950.0,428,0,2026-11-21,2026-10-02
960.0,166,0,2026-11-21,2026-10-02
970.0,293,0,2026-11-21,2026-10-02
980.0,295,0,2026-11-21,2026-10-02
990.0,324,0,2026-11-21,2026-10-02
1000.0,559,0,2026-11-21,2026-10-02
1010.0,245,0,2026-11-21,2026-10-02
1020.0,246,0,2026-11-21,2026-10-02
1030.0,56,0,2026-11-21,2026-10-02
1040.0,187,0,2026-11-21,2026-10-02
1050.0,328,0,2026-11-21,2026-10-02
1060.0,193,0,2026-11-21,2026-10-02
1070.0,129,0,2026-11-21,2026-10-02
1080.0,141,0,2026-11-21,2026-10-02
1090.0,171,0,2026-11-21,2026-10-02
1100.0,148,0,2026-11-21,2026-10-02
1110.0,267,0,2026-11-21,2026-10-02
1120.0,1361,0,2026-11-21,2026-10-02
5.0,1144,52,2026-12-19,2026-10-02
10.0,4,18,2026-12-19,2026-10-02
15.0,0,201,2026-12-19,2026-10-02
20.0,956,525,2026-12-19,2026-10-02
25.0,212,864,2026-12-19,2026-10-02
30.0,208,188,2026-12-19,2026-10-02
35.0,9,970,2026-12-19,2026-10-02
40.0,13,252,2026-12-19,2026-10-02
45.0,101,1117,2026-12-19,2026-10-02
50.0,210,686,2026-12-19,2026-10-02
55.0,51,2150,2026-12-19,2026-10-02
60.0,160,1945,2026-12-19,2026-10-02
65.0,220,513,2026-12-19,2026-10-02
70.0,298,1092,2026-12-19,2026-10-02
75.0,329,1390,2026-12-19,2026-10-02
80.0,232,2423,2026-12-19,2026-10-02
85.0,1297,1730,2026-12-19,2026-10-02
90.0,646,4232,2026-12-19,2026-10-02
95.0,1175,1298,2026-12-19,2026-10-02
100.0,1908,12305,2026-12-19,2026-10-02
105.0,486,1124,2026-12-19,2026-10-02
110.0,1108,3230,2026-12-19,2026-10-02
115.0,741,2319,2026-12-19,2026-10-02
120.0,1080,6719,2026-12-19,2026-10-02
125.0,1106,2181,2026-12-19,2026-10-02
130.0,2226,2555,2026-12-19,2026-10-02
135.0,3859,1676,2026-12-19,2026-10-02
140.0,5077,6386,2026-12-19,2026-10-02
145.0,2184,2284,2026-12-19,2026-10-02
150.0,1468,3741,2026-12-19,2026-10-02
155.0,850,1288,2026-12-19,2026-10-02
160.0,1000,4062,2026-12-19,2026-10-02
165.0,1639,2056,2026-12-19,2026-10-02
170.0,1115,9232,2026-12-19,2026-10-02
175.0,534,2058,2026-12-19,2026-10-02
180.0,1038,2329,2026-12-19,2026-10-02
185.0,774,1330,2026-12-19,2026-10-02
190.0,1889,2291,2026-12-19,2026-10-02
195.0,1340,1409,2026-12-19,2026-10-02
200.0,2500,2500,2026-12-19,2026-10-02
200.0,2359,4885,2026-12-19,2026-10-02
210.0,1961,2002,2026-12-19,2026-10-02
215.0,0,0,2026-12-19,2026-10-02
220.0,1529,1775,2026-12-19,2026-10-02
230.0,1930,2006,2026-12-19,2026-10-02
235.0,5000,5000,2026-12-19,2026-10-02
240.0,2453,1606,2026-12-19,2026-10-02
250.0,2015,2728,2026-12-19,2026-10-02
260.0,1565,1743,2026-12-19,2026-10-02
270.0,2053,1465,2026-12-19,2026-10-02
280.0,2052,2732,2026-12-19,2026-10-02
290.0,1577,1918,2026-12-19,2026-10-02
300.0,3887,3934,2026-12-19,2026-10-02
310.0,2326,1016,2026-12-19,2026-10-02
320.0,1063,1402,2026-12-19,2026-10-02
330.0,1614,1976,2026-12-19,2026-10-02
340.0,1636,2354,2026-12-19,2026-10-02
350.0,5186,2789,2026-12-19,2026-10-02
360.0,2254,1227,2026-12-19,2026-10-02
370.0,1633,1556,2026-12-19,2026-10-02
380.0,1427,2280,2026-12-19,2026-10-02
390.0,4171,1779,2026-12-19,2026-10-02
400.0,4624,9007,2026-12-19,2026-10-02
410.0,820,1765,2026-12-19,2026-10-02
420.0,988,2597,2026-12-19,2026-10-02
430.0,651,1344,2026-12-19,2026-10-02
440.0,568,1673,2026-12-19,2026-10-02
450.0,1305,2660,2026-12-19,2026-10-02
460.0,594,1938,2026-12-19,2026-10-02
470.0,547,1549,2026-12-19,2026-10-02
480.0,2458,1190,2026-12-19,2026-10-02
490.0,1209,1343,2026-12-19,2026-10-02
500.0,2500,2500,2026-12-19,2026-10-02
500.0,3273,3806,2026-12-19,2026-10-02
510.0,759,458,2026-12-19,2026-10-02
520.0,1447,679,2026-12-19,2026-10-02
530.0,1633,843,2026-12-19,2026-10-02
540.0,574,910,2026-12-19,2026-10-02
550.0,2160,1110,2026-12-19,2026-10-02
560.0,554,424,2026-12-19,2026-10-02
570.0,511,819,2026-12-19,2026-10-02
580.0,908,647,2026-12-19,2026-10-02
590.0,408,276,2026-12-19,2026-10-02
600.0,4269,1586,2026-12-19,2026-10-02
610.0,2452,708,2026-12-19,2026-10-02
620.0,1132,575,2026-12-19,2026-10-02
630.0,3305,152,2026-12-19,2026-10-02
640.0,1860,134,2026-12-19,2026-10-02
650.0,1653,363,2026-12-19,2026-10-02
660.0,1433,45,2026-12-19,2026-10-02
670.0,1139,60,2026-12-19,2026-10-02
680.0,1795,82,2026-12-19,2026-10-02
690.0,636,134,2026-12-19,2026-10-02
700.0,2871,3343,2026-12-19,2026-10-02
710.0,672,97,2026-12-19,2026-10-02
720.0,1546,22,2026-12-19,2026-10-02
730.0,424,10,2026-12-19,2026-10-02
740.0,2034,7,2026-12-19,2026-10-02
750.0,2940,2,2026-12-19,2026-10-02
760.0,1239,5,2026-12-19,2026-10-02
770.0,241,13,2026-12-19,2026-10-02
780.0,478,36,2026-12-19,2026-10-02
790.0,162,173,2026-12-19,2026-10-02
800.0,2120,17,2026-12-19,2026-10-02
810.0,190,12,2026-12-19,2026-10-02
820.0,392,5,2026-12-19,2026-10-02
830.0,396,7,2026-12-19,2026-10-02
840.0,186,0,2026-12-19,2026-10-02
850.0,1448,0,2026-12-19,2026-10-02
860.0,708,12,2026-12-19,2026-10-02
870.0,348,0,2026-12-19,2026-10-02
880.0,865,6,2026-12-19,2026-10-02
890.0,989,1,2026-12-19,2026-10-02
900.0,2675,6,2026-12-19,2026-10-02
910.0,611,5,2026-12-19,2026-10-02
920.0,239,0,2026-12-19,2026-10-02
930.0,708,1,2026-12-19,2026-10-02
940.0,179,0,2026-12-19,2026-10-02
950.0,349,3,2026-12-19,2026-10-02
960.0,513,11,2026-12-19,2026-10-02
970.0,1138,0,2026-12-19,2026-10-02
980.0,232,1,2026-12-19,2026-10-02
990.0,358,0,2026-12-19,2026-10-02
1000.0,820,1,2026-12-19,2026-10-02
1010.0,133,0,2026-12-19,2026-10-02
1020.0,245,0,2026-12-19,2026-10-02
1030.0,261,0,2026-12-19,2026-10-02
1040.0,60,0,2026-12-19,2026-10-02
1050.0,263,0,2026-12-19,2026-10-02
1060.0,416,0,2026-12-19,2026-10-02
1070.0,185,0,2026-12-19,2026-10-02
1080.0,201,0,2026-12-19,2026-10-02
1090.0,495,0,2026-12-19,2026-10-02
1100.0,695,0,2026-12-19,2026-10-02
1110.0,190,0,2026-12-19,2026-10-02
1120.0,2818,0,2026-12-19,2026-10-02
176.44,0,100,2026-12-29,2026-10-02
196.04,0,100,2026-12-29,2026-10-02
230.01,33600,33600,2027-01-15,2026-10-02
570.04,23300,23300,2027-01-15,2026-10-02
5.0,7731,4383,2027-01-16,2026-10-02
10.0,52,94,2027-01-16,2026-10-02
15.0,3,24,2027-01-16,2026-10-02
20.0,46,65,2027-01-16,2026-10-02
25.0,320,895,2027-01-16,2026-10-02
30.0,199,412,2027-01-16,2026-10-02
35.0,116,249,2027-01-16,2026-10-02
40.0,122,588,2027-01-16,2026-10-02
45.0,32,1128,2027-01-16,2026-10-02
50.0,686,5634,2027-01-16,2026-10-02
55.0,57,3141,2027-01-16,2026-10-02
60.0,167,4289,2027-01-16,2026-10-02
65.0,575,868,2027-01-16,2026-10-02
70.0,5147,7018,2027-01-16,2026-10-02
75.0,1944,5410,2027-01-16,2026-10-02
80.0,1380,5974,2027-01-16,2026-10-02
85.0,339,3740,2027-01-16,2026-10-02
90.0,6500,6500,2027-01-16,2026-10-02
90.0,9308,10283,2027-01-16,2026-10-02
95.0,1409,3353,2027-01-16,2026-10-02
100.0,7880,10870,2027-01-16,2026-10-02
105.0,789,7282,2027-01-16,2026-10-02
110.0,2668,8003,2027-01-16,2026-10-02
115.0,2036,2793,2027-01-16,2026-10-02
120.0,1516,15683,2027-01-16,2026-10-02
125.0,1534,2930,2027-01-16,2026-10-02
130.0,1390,6556,2027-01-16,2026-10-02
135.0,1571,2515,2027-01-16,2026-10-02
140.0,1586,9382,2027-01-16,2026-10-02
145.0,1089,3991,2027-01-16,2026-10-02
147.5,210,0,2027-01-16,2026-10-02
150.0,3063,13664,2027-01-16,2026-10-02
155.0,1236,1781,2027-01-16,2026-10-02
160.0,1038,4794,2027-01-16,2026-10-02
165.0,861,3396,2027-01-16,2026-10-02
170.0,1081,3778,2027-01-16,2026-10-02
175.0,1031,2385,2027-01-16,2026-10-02
180.0,3141,6048,2027-01-16,2026-10-02
185.0,1215,2685,2027-01-16,2026-10-02
190.0,1034,1835,2027-01-16,2026-10-02
195.0,815,1835,2027-01-16,2026-10-02
200.0,9063,10301,2027-01-16,2026-10-02
210.0,2000,2000,2027-01-16,2026-10-02
210.0,1727,4061,2027-01-16,2026-10-02
220.0,1000,1000,2027-01-16,2026-10-02
220.0,3941,3679,2027-01-16,2026-10-02
230.0,2839,4062,2027-01-16,2026-10-02
230.01,33600,33600,2027-01-16,2026-10-02
240.0,4232,4717,2027-01-16,2026-10-02
250.0,12382,10594,2027-01-16,2026-10-02
260.0,3050,4345,2027-01-16,2026-10-02
270.0,4345,2415,2027-01-16,2026-10-02
280.0,2730,2761,2027-01-16,2026-10-02
290.0,6283,2750,2027-01-16,2026-10-02
300.0,8285,8324,2027-01-16,2026-10-02
300.01,1500,0,2027-01-16,2026-10-02
310.0,4065,4587,2027-01-16,2026-10-02
320.0,1870,4298,2027-01-16,2026-10-02
330.0,2570,2874,2027-01-16,2026-10-02
330.01,1500,0,2027-01-16,2026-10-02
340.0,1200,5214,2027-01-16,2026-10-02
350.0,15000,15000,2027-01-16,2026-10-02
350.0,1880,4072,2027-01-16,2026-10-02
360.0,1238,4303,2027-01-16,2026-10-02
370.0,2358,2902,2027-01-16,2026-10-02
380.0,1363,5266,2027-01-16,2026-10-02
390.0,930,4215,2027-01-16,2026-10-02
400.0,4296,8754,2027-01-16,2026-10-02
410.0,1123,2583,2027-01-16,2026-10-02
420.0,2446,1715,2027-01-16,2026-10-02
430.0,793,1902,2027-01-16,2026-10-02
440.0,745,3327,2027-01-16,2026-10-02
450.0,550,550,2027-01-16,2026-10-02
450.0,3400,3743,2027-01-16,2026-10-02
457.5,0,0,2027-01-16,2026-10-02
460.0,1200,1208,2027-01-16,2026-10-02
460.0,1286,2587,2027-01-16,2026-10-02
470.0,1170,1170,2027-01-16,2026-10-02
470.0,752,1170,2027-01-16,2026-10-02
480.0,2207,2012,2027-01-16,2026-10-02
490.0,1155,1432,2027-01-16,2026-10-02
500.0,5565,6333,2027-01-16,2026-10-02
510.0,760,1097,2027-01-16,2026-10-02
520.0,8,0,2027-01-16,2026-10-02
520.0,2794,1871,2027-01-16,2026-10-02
530.0,2222,1925,2027-01-16,2026-10-02
540.0,2443,1460,2027-01-16,2026-10-02
540.01,5000,0,2027-01-16,2026-10-02
550.0,4589,1050,2027-01-16,2026-10-02
560.0,1869,1052,2027-01-16,2026-10-02
570.0,891,1029,2027-01-16,2026-10-02
580.0,1278,480,2027-01-16,2026-10-02
580.01,3700,0,2027-01-16,2026-10-02
590.0,1477,228,2027-01-16,2026-10-02
600.0,6725,1338,2027-01-16,2026-10-02
610.0,742,841,2027-01-16,2026-10-02
620.0,2114,462,2027-01-16,2026-10-02
630.0,693,416,2027-01-16,2026-10-02
640.0,2556,435,2027-01-16,2026-10-02
650.0,3298,736,2027-01-16,2026-10-02
660.0,3530,191,2027-01-16,2026-10-02
670.0,535,34,2027-01-16,2026-10-02
680.0,1722,39,2027-01-16,2026-10-02
690.0,512,104,2027-01-16,2026-10-02
700.0,3796,1330,2027-01-16,2026-10-02
710.0,782,9,2027-01-16,2026-10-02
720.0,1594,27,2027-01-16,2026-10-02
730.0,3158,48,2027-01-16,2026-10-02
740.0,1468,22,2027-01-16,2026-10-02
750.0,4779,229,2027-01-16,2026-10-02
760.0,819,12,2027-01-16,2026-10-02
770.0,1051,12,2027-01-16,2026-10-02
780.0,1882,4,2027-01-16,2026-10-02
790.0,541,6,2027-01-16,2026-10-02
800.0,3280,29,2027-01-16,2026-10-02
810.0,468,33,2027-01-16,2026-10-02
820.0,2497,35,2027-01-16,2026-10-02
830.0,229,5,2027-01-16,2026-10-02
840.0,314,0,2027-01-16,2026-10-02
850.0,548,0,2027-01-16,2026-10-02
860.0,359,1,2027-01-16,2026-10-02
870.0,139,0,2027-01-16,2026-10-02
880.0,437,0,2027-01-16,2026-10-02
890.0,1059,0,2027-01-16,2026-10-02
900.0,3055,0,2027-01-16,2026-10-02
910.0,1991,1,2027-01-16,2026-10-02
920.0,231,0,2027-01-16,2026-10-02
930.0,615,1,2027-01-16,2026-10-02
940.0,150,0,2027-01-16,2026-10-02
950.0,1888,1,2027-01-16,2026-10-02
960.0,332,0,2027-01-16,2026-10-02
970.0,681,0,2027-01-16,2026-10-02
980.0,1864,1,2027-01-16,2026-10-02
990.0,157,0,2027-01-16,2026-10-02
1000.0,1814,4,2027-01-16,2026-10-02
1010.0,459,0,2027-01-16,2026-10-02
1020.0,223,0,2027-01-16,2026-10-02
1030.0,145,0,2027-01-16,2026-10-02
1040.0,201,0,2027-01-16,2026-10-02
1050.0,413,0,2027-01-16,2026-10-02
1060.0,162,0,2027-01-16,2026-10-02
1070.0,389,0,2027-01-16,2026-10-02
1080.0,439,0,2027-01-16,2026-10-02
1090.0,723,0,2027-01-16,2026-10-02
1100.0,229,0,2027-01-16,2026-10-02
1110.0,964,0,2027-01-16,2026-10-02
1120.0,4959,0,2027-01-16,2026-10-02
350.0,15000,15000,2027-01-20,2026-10-02
200.0,14,414,2027-02-20,2026-10-02
210.0,54,108,2027-02-20,2026-10-02
220.0,14,194,2027-02-20,2026-10-02
230.0,20,93,2027-02-20,2026-10-02
240.0,15,95,2027-02-20,2026-10-02
250.0,22,389,2027-02-20,2026-10-02
260.0,12,304,2027-02-20,2026-10-02
270.0,24,757,2027-02-20,2026-10-02
280.0,45,146,2027-02-20,2026-10-02
290.0,40,1214,2027-02-20,2026-10-02
300.0,26,1430,2027-02-20,2026-10-02
310.0,27,446,2027-02-20,2026-10-02
320.0,25,615,2027-02-20,2026-10-02
330.0,10,1046,2027-02-20,2026-10-02
340.0,16,566,2027-02-20,2026-10-02
350.0,25,995,2027-02-20,2026-10-02
360.0,34,1258,2027-02-20,2026-10-02
370.0,71,857,2027-02-20,2026-10-02
380.0,22,1081,2027-02-20,2026-10-02
390.0,65,681,2027-02-20,2026-10-02
400.0,147,2312,2027-02-20,2026-10-02
410.0,34,1673,2027-02-20,2026-10-02
420.0,179,2378,2027-02-20,2026-10-02
430.0,144,392,2027-02-20,2026-10-02
440.0,97,298,2027-02-20,2026-10-02
450.0,203,1691,2027-02-20,2026-10-02
460.0,255,975,2027-02-20,2026-10-02
470.0,143,394,2027-02-20,2026-10-02
480.0,195,712,2027-02-20,2026-10-02
490.0,156,584,2027-02-20,2026-10-02
500.0,375,707,2027-02-20,2026-10-02
510.0,712,567,2027-02-20,2026-10-02
520.0,451,285,2027-02-20,2026-10-02
530.0,472,173,2027-02-20,2026-10-02
540.0,326,182,2027-02-20,2026-10-02
550.0,439,350,2027-02-20,2026-10-02
560.0,347,132,2027-02-20,2026-10-02
570.0,611,152,2027-02-20,2026-10-02
580.0,527,323,2027-02-20,2026-10-02
590.0,388,418,2027-02-20,2026-10-02
600.0,4000,4000,2027-02-20,2026-10-02
600.0,905,463,2027-02-20,2026-10-02
610.0,242,659,2027-02-20,2026-10-02
620.0,1193,243,2027-02-20,2026-10-02
630.0,198,11,2027-02-20,2026-10-02
640.0,604,22,2027-02-20,2026-10-02
650.0,2226,21,2027-02-20,2026-10-02
660.0,650,7,2027-02-20,2026-10-02
670.0,205,4,2027-02-20,2026-10-02
680.0,1966,32,2027-02-20,2026-10-02
690.0,510,27,2027-02-20,2026-10-02
700.0,821,79,2027-02-20,2026-10-02
710.0,156,45,2027-02-20,2026-10-02
720.0,375,11,2027-02-20,2026-10-02
730.0,173,47,2027-02-20,2026-10-02
740.0,604,2,2027-02-20,2026-10-02
750.0,1038,40,2027-02-20,2026-10-02
760.0,105,12,2027-02-20,2026-10-02
770.0,66,4,2027-02-20,2026-10-02
780.0,2016,7,2027-02-20,2026-10-02
790.0,151,32,2027-02-20,2026-10-02
800.0,1042,61,2027-02-20,2026-10-02
810.0,254,33,2027-02-20,2026-10-02
820.0,243,8,2027-02-20,2026-10-02
830.0,100,2,2027-02-20,2026-10-02
840.0,1498,0,2027-02-20,2026-10-02
850.0,452,0,2027-02-20,2026-10-02
860.0,181,0,2027-02-20,2026-10-02
870.0,217,1,2027-02-20,2026-10-02
880.0,393,0,2027-02-20,2026-10-02
890.0,247,0,2027-02-20,2026-10-02
900.0,1084,0,2027-02-20,2026-10-02
910.0,333,0,2027-02-20,2026-10-02
920.0,115,0,2027-02-20,2026-10-02
930.0,184,0,2027-02-20,2026-10-02
940.0,58,0,2027-02-20,2026-10-02
950.0,582,0,2027-02-20,2026-10-02
960.0,103,0,2027-02-20,2026-10-02
970.0,260,0,2027-02-20,2026-10-02
980.0,645,0,2027-02-20,2026-10-02
234.62,1384,0,2027-03-05,2026-10-02
25.0,1,12,2027-03-20,2026-10-02
30.0,0,1,2027-03-20,2026-10-02
35.0,0,7,2027-03-20,2026-10-02
40.0,1,6,2027-03-20,2026-10-02
45.0,3,185,2027-03-20,2026-10-02
50.0,6,130,2027-03-20,2026-10-02
55.0,2,125,2027-03-20,2026-10-02
60.0,2,130,2027-03-20,2026-10-02
65.0,2,221,2027-03-20,2026-10-02
70.0,12,314,2027-03-20,2026-10-02
75.0,2,166,2027-03-20,2026-10-02
80.0,9,125,2027-03-20,2026-10-02
85.0,4,300,2027-03-20,2026-10-02
90.0,12,219,2027-03-20,2026-10-02
95.0,9,437,2027-03-20,2026-10-02
100.0,29,673,2027-03-20,2026-10-02
105.0,25,334,2027-03-20,2026-10-02
110.0,19,263,2027-03-20,2026-10-02
115.0,5,218,2027-03-20,2026-10-02
120.0,79,282,2027-03-20,2026-10-02
125.0,56,211,2027-03-20,2026-10-02
130.0,13,2207,2027-03-20,2026-10-02
135.0,42,488,2027-03-20,2026-10-02
140.0,76,432,2027-03-20,2026-10-02
145.0,56,1857,2027-03-20,2026-10-02
150.0,75,1492,2027-03-20,2026-10-02
155.0,86,457,2027-03-20,2026-10-02
160.0,101,1764,2027-03-20,2026-10-02
165.0,70,605,2027-03-20,2026-10-02
170.0,53,3720,2027-03-20,2026-10-02
175.0,64,534,2027-03-20,2026-10-02
180.0,82,976,2027-03-20,2026-10-02
185.0,36,477,2027-03-20,2026-10-02
190.0,219,1594,2027-03-20,2026-10-02
195.0,119,589,2027-03-20,2026-10-02
200.0,335,3952,2027-03-20,2026-10-02
210.0,175,704,2027-03-20,2026-10-02
220.0,306,1701,2027-03-20,2026-10-02
230.0,551,693,2027-03-20,2026-10-02
240.0,244,1381,2027-03-20,2026-10-02
250.0,1130,3859,2027-03-20,2026-10-02
260.0,1158,3246,2027-03-20,2026-10-02
270.0,278,1539,2027-03-20,2026-10-02
280.0,707,3345,2027-03-20,2026-10-02
290.0,377,1786,2027-03-20,2026-10-02
300.0,2369,6448,2027-03-20,2026-10-02
310.0,401,1536,2027-03-20,2026-10-02
320.0,351,5195,2027-03-20,2026-10-02
330.0,295,1648,2027-03-20,2026-10-02
340.0,791,2128,2027-03-20,2026-10-02
350.0,1001,5282,2027-03-20,2026-10-02
360.0,838,3358,2027-03-20,2026-10-02
370.0,576,1399,2027-03-20,2026-10-02
380.0,386,2512,2027-03-20,2026-10-02
390.0,225,2509,2027-03-20,2026-10-02
400.0,1682,8471,2027-03-20,2026-10-02
410.0,245,1325,2027-03-20,2026-10-02
420.0,730,2591,2027-03-20,2026-10-02
430.0,251,2486,2027-03-20,2026-10-02
440.0,233,486,2027-03-20,2026-10-02
450.0,1479,2283,2027-03-20,2026-10-02
460.0,271,753,2027-03-20,2026-10-02
470.0,490,692,2027-03-20,2026-10-02
480.0,544,1261,2027-03-20,2026-10-02
490.0,677,632,2027-03-20,2026-10-02
500.0,2496,2342,2027-03-20,2026-10-02
510.0,721,1221,2027-03-20,2026-10-02
520.0,991,995,2027-03-20,2026-10-02
530.0,319,658,2027-03-20,2026-10-02
540.0,844,959,2027-03-20,2026-10-02
550.0,2286,1311,2027-03-20,2026-10-02
560.0,499,379,2027-03-20,2026-10-02
570.0,925,226,2027-03-20,2026-10-02
580.0,1030,496,2027-03-20,2026-10-02
590.0,408,734,2027-03-20,2026-10-02
600.0,3473,889,2027-03-20,2026-10-02
610.0,33,108,2027-03-20,2026-10-02
620.0,2011,501,2027-03-20,2026-10-02
630.0,19,31,2027-03-20,2026-10-02
640.0,1363,149,2027-03-20,2026-10-02
650.0,11,12,2027-03-20,2026-10-02
660.0,2086,312,2027-03-20,2026-10-02
670.0,22,57,2027-03-20,2026-10-02
680.0,1051,54,2027-03-20,2026-10-02
690.0,251,36,2027-03-20,2026-10-02
700.0,2260,555,2027-03-20,2026-10-02
710.0,752,112,2027-03-20,2026-10-02
720.0,1951,139,2027-03-20,2026-10-02
730.0,1670,34,2027-03-20,2026-10-02
740.0,494,13,2027-03-20,2026-10-02
750.0,2297,72,2027-03-20,2026-10-02
760.0,628,29,2027-03-20,2026-10-02
770.0,282,18,2027-03-20,2026-10-02
780.0,3308,10,2027-03-20,2026-10-02
790.0,240,14,2027-03-20,2026-10-02
800.0,2863,12,2027-03-20,2026-10-02
810.0,715,4,2027-03-20,2026-10-02
820.0,1063,1,2027-03-20,2026-10-02
830.0,285,11,2027-03-20,2026-10-02
840.0,456,2,2027-03-20,2026-10-02
850.0,526,0,2027-03-20,2026-10-02
860.0,794,0,2027-03-20,2026-10-02
870.0,189,1,2027-03-20,2026-10-02
880.0,327,0,2027-03-20,2026-10-02
890.0,253,0,2027-03-20,2026-10-02
900.0,1537,16,2027-03-20,2026-10-02
910.0,321,0,2027-03-20,2026-10-02
920.0,401,0,2027-03-20,2026-10-02
930.0,354,0,2027-03-20,2026-10-02
940.0,104,0,2027-03-20,2026-10-02
950.0,444,0,2027-03-20,2026-10-02
960.0,213,0,2027-03-20,2026-10-02
970.0,135,1,2027-03-20,2026-10-02
980.0,158,1,2027-03-20,2026-10-02
990.0,115,0,2027-03-20,2026-10-02
1000.0,1399,45,2027-03-20,2026-10-02
1010.0,409,0,2027-03-20,2026-10-02
1020.0,1477,0,2027-03-20,2026-10-02
1030.0,326,0,2027-03-20,2026-10-02
1040.0,745,0,2027-03-20,2026-10-02
1050.0,336,0,2027-03-20,2026-10-02
1060.0,688,0,2027-03-20,2026-10-02
1070.0,527,0,2027-03-20,2026-10-02
1080.0,336,1,2027-03-20,2026-10-02
1090.0,196,1,2027-03-20,2026-10-02
1100.0,626,0,2027-03-20,2026-10-02
1110.0,427,0,2027-03-20,2026-10-02
1120.0,5265,0,2027-03-20,2026-10-02
198.24,0,100,2027-03-26,2026-10-02
220.27,0,100,2027-03-26,2026-10-02
183.39,0,150,2027-03-30,2026-10-02
240.0,7,236,2027-04-17,2026-10-02
250.0,1,218,2027-04-17,2026-10-02
260.0,3,202,2027-04-17,2026-10-02
270.0,1,78,2027-04-17,2026-10-02
280.0,7,1468,2027-04-17,2026-10-02
290.0,3,94,2027-04-17,2026-10-02
300.0,6,297,2027-04-17,2026-10-02
310.0,13,220,2027-04-17,2026-10-02
320.0,9,120,2027-04-17,2026-10-02
330.0,18,150,2027-04-17,2026-10-02
340.0,6,133,2027-04-17,2026-10-02
350.0,47,55,2027-04-17,2026-10-02
360.0,12,35,2027-04-17,2026-10-02
370.0,9,272,2027-04-17,2026-10-02
380.0,10,309,2027-04-17,2026-10-02
390.0,25,260,2027-04-17,2026-10-02
400.0,34,403,2027-04-17,2026-10-02
410.0,13,78,2027-04-17,2026-10-02
420.0,31,808,2027-04-17,2026-10-02
430.0,72,82,2027-04-17,2026-10-02
440.0,39,355,2027-04-17,2026-10-02
450.0,36,213,2027-04-17,2026-10-02
460.0,330,526,2027-04-17,2026-10-02
470.0,93,27,2027-04-17,2026-10-02
480.0,32,402,2027-04-17,2026-10-02
490.0,109,101,2027-04-17,2026-10-02
500.0,177,166,2027-04-17,2026-10-02
510.0,69,373,2027-04-17,2026-10-02
520.0,61,86,2027-04-17,2026-10-02
530.0,157,87,2027-04-17,2026-10-02
540.0,170,331,2027-04-17,2026-10-02
550.0,237,522,2027-04-17,2026-10-02
560.0,137,95,2027-04-17,2026-10-02
570.0,176,172,2027-04-17,2026-10-02
580.0,167,355,2027-04-17,2026-10-02
590.0,372,497,2027-04-17,2026-10-02
600.0,264,486,2027-04-17,2026-10-02
610.0,179,44,2027-04-17,2026-10-02
620.0,356,226,2027-04-17,2026-10-02
640.0,158,8,2027-04-17,2026-10-02
660.0,206,6,2027-04-17,2026-10-02
680.0,260,9,2027-04-17,2026-10-02
700.0,269,9,2027-04-17,2026-10-02
720.0,157,5,2027-04-17,2026-10-02
740.0,197,2,2027-04-17,2026-10-02
760.0,150,82,2027-04-17,2026-10-02
780.0,120,1,2027-04-17,2026-10-02
800.0,41,0,2027-04-17,2026-10-02
820.0,158,0,2027-04-17,2026-10-02
840.0,471,0,2027-04-17,2026-10-02
860.0,241,0,2027-04-17,2026-10-02
880.0,170,1,2027-04-17,2026-10-02
900.0,219,0,2027-04-17,2026-10-02
920.0,212,0,2027-04-17,2026-10-02
25.0,43,198,2027-06-18,2026-10-02
30.0,39,95,2027-06-18,2026-10-02
35.0,22,255,2027-06-18,2026-10-02
40.0,79,151,2027-06-18,2026-10-02
45.0,4,255,2027-06-18,2026-10-02
50.0,38,147,2027-06-18,2026-10-02
55.0,5,380,2027-06-18,2026-10-02
60.0,66,379,2027-06-18,2026-10-02
65.0,8,562,2027-06-18,2026-10-02
70.0,163,342,2027-06-18,2026-10-02
75.0,43,187,2027-06-18,2026-10-02
80.0,56,698,2027-06-18,2026-10-02
85.0,10,396,2027-06-18,2026-10-02
90.0,64,420,2027-06-18,2026-10-02
95.0,171,426,2027-06-18,2026-10-02
100.0,157,1515,2027-06-18,2026-10-02
105.0,3474,271,2027-06-18,2026-10-02
110.0,125,946,2027-06-18,2026-10-02
115.0,190,1781,2027-06-18,2026-10-02
120.0,2305,7522,2027-06-18,2026-10-02
125.0,220,1004,2027-06-18,2026-10-02
130.0,355,1239,2027-06-18,2026-10-02
135.0,408,502,2027-06-18,2026-10-02
140.0,535,3885,2027-06-18,2026-10-02
145.0,215,1317,2027-06-18,2026-10-02
150.0,814,1526,2027-06-18,2026-10-02
155.0,253,514,2027-06-18,2026-10-02
160.0,326,1060,2027-06-18,2026-10-02
165.0,332,739,2027-06-18,2026-10-02
170.0,471,2671,2027-06-18,2026-10-02
175.0,475,1583,2027-06-18,2026-10-02
180.0,509,2227,2027-06-18,2026-10-02
185.0,747,2072,2027-06-18,2026-10-02
190.0,301,931,2027-06-18,2026-10-02
195.0,367,611,2027-06-18,2026-10-02
200.0,2114,2333,2027-06-18,2026-10-02
210.0,1108,1391,2027-06-18,2026-10-02
220.0,2651,1447,2027-06-18,2026-10-02
230.0,940,769,2027-06-18,2026-10-02
240.0,705,2929,2027-06-18,2026-10-02
250.0,2149,10187,2027-06-18,2026-10-02
260.0,693,1097,2027-06-18,2026-10-02
270.0,497,3487,2027-06-18,2026-10-02
280.0,646,1160,2027-06-18,2026-10-02
290.0,497,10793,2027-06-18,2026-10-02
300.0,3132,5460,2027-06-18,2026-10-02
310.0,341,1261,2027-06-18,2026-10-02
320.0,682,3308,2027-06-18,2026-10-02
330.0,498,2739,2027-06-18,2026-10-02
340.0,402,1597,2027-06-18,2026-10-02
350.0,747,5546,2027-06-18,2026-10-02
360.0,2412,3061,2027-06-18,2026-10-02
370.0,728,2891,2027-06-18,2026-10-02
380.0,422,2105,2027-06-18,2026-10-02
390.0,364,1258,2027-06-18,2026-10-02
400.0,1133,8478,2027-06-18,2026-10-02
410.0,592,1082,2027-06-18,2026-10-02
420.0,601,1377,2027-06-18,2026-10-02
430.0,703,1083,2027-06-18,2026-10-02
440.0,705,1392,2027-06-18,2026-10-02
450.0,926,2408,2027-06-18,2026-10-02
460.0,470,819,2027-06-18,2026-10-02
470.0,381,1505,2027-06-18,2026-10-02
480.0,851,2527,2027-06-18,2026-10-02
490.0,871,509,2027-06-18,2026-10-02
500.0,2864,5194,2027-06-18,2026-10-02
510.0,1259,903,2027-06-18,2026-10-02
520.0,1192,2014,2027-06-18,2026-10-02
530.0,1948,879,2027-06-18,2026-10-02
540.0,336,575,2027-06-18,2026-10-02
550.0,909,2482,2027-06-18,2026-10-02
560.0,1478,433,2027-06-18,2026-10-02
570.0,786,604,2027-06-18,2026-10-02
580.0,905,589,2027-06-18,2026-10-02
590.0,478,221,2027-06-18,2026-10-02
600.0,3887,1736,2027-06-18,2026-10-02
610.0,383,471,2027-06-18,2026-10-02
620.0,1093,340,2027-06-18,2026-10-02
630.0,1217,161,2027-06-18,2026-10-02
640.0,446,670,2027-06-18,2026-10-02
650.0,1624,1802,2027-06-18,2026-10-02
660.0,818,118,2027-06-18,2026-10-02
670.0,300,145,2027-06-18,2026-10-02
680.0,744,207,2027-06-18,2026-10-02
690.0,343,179,2027-06-18,2026-10-02
700.0,3704,123,2027-06-18,2026-10-02
710.0,467,63,2027-06-18,2026-10-02
720.0,757,71,2027-06-18,2026-10-02
730.0,2085,70,2027-06-18,2026-10-02
740.0,457,92,2027-06-18,2026-10-02
750.0,2084,227,2027-06-18,2026-10-02
760.0,102,59,2027-06-18,2026-10-02
770.0,1157,12,2027-06-18,2026-10-02
780.0,742,28,2027-06-18,2026-10-02
790.0,148,125,2027-06-18,2026-10-02
800.0,1931,134,2027-06-18,2026-10-02
810.0,288,8,2027-06-18,2026-10-02
820.0,1403,28,2027-06-18,2026-10-02
830.0,516,71,2027-06-18,2026-10-02
840.0,1175,76,2027-06-18,2026-10-02
850.0,2067,10,2027-06-18,2026-10-02
860.0,479,76,2027-06-18,2026-10-02
870.0,656,44,2027-06-18,2026-10-02
880.0,503,14,2027-06-18,2026-10-02
890.0,317,8,2027-06-18,2026-10-02
900.0,1500,13,2027-06-18,2026-10-02
910.0,394,26,2027-06-18,2026-10-02
920.0,307,17,2027-06-18,2026-10-02
930.0,491,4,2027-06-18,2026-10-02
940.0,201,3,2027-06-18,2026-10-02
950.0,210,23,2027-06-18,2026-10-02
960.0,687,11,2027-06-18,2026-10-02
970.0,304,0,2027-06-18,2026-10-02
980.0,224,1,2027-06-18,2026-10-02
990.0,83,1,2027-06-18,2026-10-02
1000.0,2012,1,2027-06-18,2026-10-02
1010.0,210,0,2027-06-18,2026-10-02
1020.0,199,0,2027-06-18,2026-10-02
1030.0,319,0,2027-06-18,2026-10-02
1040.0,163,0,2027-06-18,2026-10-02
1050.0,2670,0,2027-06-18,2026-10-02
1060.0,231,0,2027-06-18,2026-10-02
1070.0,175,0,2027-06-18,2026-10-02
1080.0,415,0,2027-06-18,2026-10-02
1090.0,490,1,2027-06-18,2026-10-02
1100.0,2141,0,2027-06-18,2026-10-02
1110.0,644,0,2027-06-18,2026-10-02
1120.0,8269,5,2027-06-18,2026-10-02
431.59,0,80,2027-06-30,2026-10-02
485.54,0,80,2027-06-30,2026-10-02
25.0,4,85,2027-09-18,2026-10-02
30.0,4,33,2027-09-18,2026-10-02
35.0,1,174,2027-09-18,2026-10-02
40.0,0,91,2027-09-18,2026-10-02
45.0,2,27,2027-09-18,2026-10-02
50.0,2,27,2027-09-18,2026-10-02
55.0,1,55,2027-09-18,2026-10-02
60.0,3,167,2027-09-18,2026-10-02
65.0,2,96,2027-09-18,2026-10-02
70.0,21,197,2027-09-18,2026-10-02
75.0,10,49,2027-09-18,2026-10-02
80.0,3,102,2027-09-18,2026-10-02
85.0,2,77,2027-09-18,2026-10-02
90.0,12,160,2027-09-18,2026-10-02
95.0,46,58,2027-09-18,2026-10-02
100.0,6,124,2027-09-18,2026-10-02
105.0,72,258,2027-09-18,2026-10-02
110.0,21,111,2027-09-18,2026-10-02
115.0,20,138,2027-09-18,2026-10-02
120.0,23,99,2027-09-18,2026-10-02
125.0,38,676,2027-09-18,2026-10-02
130.0,8,75,2027-09-18,2026-10-02
135.0,17,182,2027-09-18,2026-10-02
140.0,38,376,2027-09-18,2026-10-02
145.0,18,98,2027-09-18,2026-10-02
150.0,86,1015,2027-09-18,2026-10-02
155.0,17,283,2027-09-18,2026-10-02
160.0,83,191,2027-09-18,2026-10-02
165.0,46,120,2027-09-18,2026-10-02
170.0,24,2021,2027-09-18,2026-10-02
175.0,20,277,2027-09-18,2026-10-02
180.0,92,380,2027-09-18,2026-10-02
185.0,44,60,2027-09-18,2026-10-02
190.0,72,108,2027-09-18,2026-10-02
195.0,115,120,2027-09-18,2026-10-02
200.0,220,1244,2027-09-18,2026-10-02
210.0,271,209,2027-09-18,2026-10-02
220.0,78,1910,2027-09-18,2026-10-02
230.0,291,3991,2027-09-18,2026-10-02
240.0,151,4136,2027-09-18,2026-10-02
250.0,323,4085,2027-09-18,2026-10-02
260.0,225,359,2027-09-18,2026-10-02
270.0,220,716,2027-09-18,2026-10-02
280.0,220,933,2027-09-18,2026-10-02
290.0,80,3807,2027-09-18,2026-10-02
300.0,333,5244,2027-09-18,2026-10-02
310.0,140,1208,2027-09-18,2026-10-02
320.0,184,1262,2027-09-18,2026-10-02
330.0,166,2453,2027-09-18,2026-10-02
340.0,365,699,2027-09-18,2026-10-02
350.0,251,1117,2027-09-18,2026-10-02
360.0,177,492,2027-09-18,2026-10-02
370.0,189,1523,2027-09-18,2026-10-02
380.0,256,1113,2027-09-18,2026-10-02
390.0,1327,1546,2027-09-18,2026-10-02
400.0,2920,1188,2027-09-18,2026-10-02
410.0,216,819,2027-09-18,2026-10-02
420.0,318,632,2027-09-18,2026-10-02
430.0,275,703,2027-09-18,2026-10-02
440.0,144,532,2027-09-18,2026-10-02
450.0,387,1070,2027-09-18,2026-10-02
460.0,347,513,2027-09-18,2026-10-02
470.0,222,368,2027-09-18,2026-10-02
480.0,381,265,2027-09-18,2026-10-02
490.0,276,144,2027-09-18,2026-10-02
500.0,399,640,2027-09-18,2026-10-02
510.0,235,155,2027-09-18,2026-10-02
520.0,202,214,2027-09-18,2026-10-02
530.0,659,332,2027-09-18,2026-10-02
540.0,633,119,2027-09-18,2026-10-02
550.0,193,1136,2027-09-18,2026-10-02
560.0,309,175,2027-09-18,2026-10-02
570.0,251,322,2027-09-18,2026-10-02
580.0,126,86,2027-09-18,2026-10-02
590.0,166,61,2027-09-18,2026-10-02
600.0,1060,1046,2027-09-18,2026-10-02
610.0,315,375,2027-09-18,2026-10-02
620.0,129,53,2027-09-18,2026-10-02
630.0,486,71,2027-09-18,2026-10-02
640.0,379,31,2027-09-18,2026-10-02
650.0,334,42,2027-09-18,2026-10-02
660.0,198,1631,2027-09-18,2026-10-02
670.0,252,20,2027-09-18,2026-10-02
680.0,145,26,2027-09-18,2026-10-02
690.0,440,23,2027-09-18,2026-10-02
700.0,1409,175,2027-09-18,2026-10-02
710.0,177,92,2027-09-18,2026-10-02
720.0,449,118,2027-09-18,2026-10-02
730.0,206,151,2027-09-18,2026-10-02
740.0,738,320,2027-09-18,2026-10-02
750.0,918,88,2027-09-18,2026-10-02
760.0,370,23,2027-09-18,2026-10-02
770.0,464,2,2027-09-18,2026-10-02
780.0,232,28,2027-09-18,2026-10-02
790.0,245,29,2027-09-18,2026-10-02
800.0,1000,54,2027-09-18,2026-10-02
810.0,453,112,2027-09-18,2026-10-02
820.0,261,29,2027-09-18,2026-10-02
830.0,134,26,2027-09-18,2026-10-02
840.0,145,4,2027-09-18,2026-10-02
850.0,280,12,2027-09-18,2026-10-02
860.0,153,14,2027-09-18,2026-10-02
870.0,288,8,2027-09-18,2026-10-02
880.0,1167,33,2027-09-18,2026-10-02
890.0,437,57,2027-09-18,2026-10-02
900.0,212,14,2027-09-18,2026-10-02
910.0,365,56,2027-09-18,2026-10-02
920.0,60,38,2027-09-18,2026-10-02
930.0,378,23,2027-09-18,2026-10-02
940.0,265,10,2027-09-18,2026-10-02
950.0,756,6,2027-09-18,2026-10-02
960.0,375,8,2027-09-18,2026-10-02
970.0,2495,6,2027-09-18,2026-10-02
980.0,249,8,2027-09-18,2026-10-02
990.0,860,6,2027-09-18,2026-10-02
1000.0,474,11,2027-09-18,2026-10-02
1010.0,943,13,2027-09-18,2026-10-02
1020.0,2615,5,2027-09-18,2026-10-02
1030.0,100,5,2027-09-18,2026-10-02
1040.0,562,0,2027-09-18,2026-10-02
1050.0,224,0,2027-09-18,2026-10-02
1060.0,186,0,2027-09-18,2026-10-02
1070.0,501,0,2027-09-18,2026-10-02
1080.0,729,0,2027-09-18,2026-10-02
1090.0,465,0,2027-09-18,2026-10-02
1100.0,965,0,2027-09-18,2026-10-02
1110.0,189,1,2027-09-18,2026-10-02
1120.0,9015,0,2027-09-18,2026-10-02
652.4,1039,0,2027-09-28,2026-10-02
5.0,4739,18,2027-12-18,2026-10-02
10.0,87,191,2027-12-18,2026-10-02
15.0,2,15,2027-12-18,2026-10-02
20.0,2,359,2027-12-18,2026-10-02
25.0,321,419,2027-12-18,2026-10-02
30.0,66,633,2027-12-18,2026-10-02
35.0,111,133,2027-12-18,2026-10-02
40.0,160,495,2027-12-18,2026-10-02
45.0,13,299,2027-12-18,2026-10-02
50.0,379,464,2027-12-18,2026-10-02
55.0,468,385,2027-12-18,2026-10-02
60.0,179,411,2027-12-18,2026-10-02
65.0,394,228,2027-12-18,2026-10-02
70.0,972,2127,2027-12-18,2026-10-02
75.0,171,1451,2027-12-18,2026-10-02
80.0,362,487,2027-12-18,2026-10-02
85.0,374,3038,2027-12-18,2026-10-02
90.0,519,1783,2027-12-18,2026-10-02
95.0,577,1997,2027-12-18,2026-10-02
100.0,854,3393,2027-12-18,2026-10-02
105.0,619,1185,2027-12-18,2026-10-02
110.0,554,724,2027-12-18,2026-10-02
115.0,635,2137,2027-12-18,2026-10-02
120.0,1169,2467,2027-12-18,2026-10-02
125.0,789,827,2027-12-18,2026-10-02
130.0,560,6785,2027-12-18,2026-10-02
135.0,516,1867,2027-12-18,2026-10-02
140.0,897,2458,2027-12-18,2026-10-02
145.0,564,632,2027-12-18,2026-10-02
150.0,2942,2608,2027-12-18,2026-10-02
155.0,529,631,2027-12-18,2026-10-02
160.0,861,1141,2027-12-18,2026-10-02
165.0,922,2042,2027-12-18,2026-10-02
170.0,1041,1061,2027-12-18,2026-10-02
175.0,759,1327,2027-12-18,2026-10-02
180.0,1267,1318,2027-12-18,2026-10-02
185.0,260,807,2027-12-18,2026-10-02
190.0,435,866,2027-12-18,2026-10-02
194.29,28,28,2027-12-18,2026-10-02
195.0,2639,527,2027-12-18,2026-10-02
200.0,4070,2488,2027-12-18,2026-10-02
210.0,1543,2792,2027-12-18,2026-10-02
220.0,1023,3834,2027-12-18,2026-10-02
230.0,1078,1892,2027-12-18,2026-10-02
240.0,447,1942,2027-12-18,2026-10-02
250.0,1178,6006,2027-12-18,2026-10-02
260.0,1314,1973,2027-12-18,2026-10-02
270.0,656,4126,2027-12-18,2026-10-02
280.0,1057,952,2027-12-18,2026-10-02
290.0,457,276,2027-12-18,2026-10-02
300.0,1951,2569,2027-12-18,2026-10-02
310.0,750,736,2027-12-18,2026-10-02
320.0,990,3656,2027-12-18,2026-10-02
330.0,963,593,2027-12-18,2026-10-02
340.0,425,1772,2027-12-18,2026-10-02
350.0,1368,1228,2027-12-18,2026-10-02
360.0,1479,195,2027-12-18,2026-10-02
370.0,953,485,2027-12-18,2026-10-02
380.0,497,414,2027-12-18,2026-10-02
390.0,329,139,2027-12-18,2026-10-02
400.0,1377,750,2027-12-18,2026-10-02
410.0,315,716,2027-12-18,2026-10-02
420.0,392,1759,2027-12-18,2026-10-02
430.0,316,307,2027-12-18,2026-10-02
440.0,237,746,2027-12-18,2026-10-02
450.0,528,790,2027-12-18,2026-10-02
460.0,170,139,2027-12-18,2026-10-02
470.0,358,444,2027-12-18,2026-10-02
480.0,490,192,2027-12-18,2026-10-02
490.0,677,310,2027-12-18,2026-10-02
500.0,1563,318,2027-12-18,2026-10-02
510.0,817,169,2027-12-18,2026-10-02
520.0,914,139,2027-12-18,2026-10-02
530.0,1484,54,2027-12-18,2026-10-02
540.0,176,58,2027-12-18,2026-10-02
550.0,1111,601,2027-12-18,2026-10-02
560.0,550,80,2027-12-18,2026-10-02
570.0,161,58,2027-12-18,2026-10-02
580.0,179,454,2027-12-18,2026-10-02
590.0,120,81,2027-12-18,2026-10-02
600.0,1827,439,2027-12-18,2026-10-02
610.0,229,43,2027-12-18,2026-10-02
620.0,313,112,2027-12-18,2026-10-02
630.0,487,368,2027-12-18,2026-10-02
640.0,187,28,2027-12-18,2026-10-02
650.0,390,142,2027-12-18,2026-10-02
660.0,172,18,2027-12-18,2026-10-02
670.0,140,58,2027-12-18,2026-10-02
680.0,214,61,2027-12-18,2026-10-02
690.0,218,99,2027-12-18,2026-10-02
700.0,2087,191,2027-12-18,2026-10-02
710.0,203,54,2027-12-18,2026-10-02
720.0,265,9,2027-12-18,2026-10-02
730.0,1169,40,2027-12-18,2026-10-02
740.0,640,27,2027-12-18,2026-10-02
750.0,1544,119,2027-12-18,2026-10-02
760.0,356,9,2027-12-18,2026-10-02
770.0,109,19,2027-12-18,2026-10-02
780.0,143,8,2027-12-18,2026-10-02
790.0,310,85,2027-12-18,2026-10-02
800.0,2280,12,2027-12-18,2026-10-02
810.0,245,10,2027-12-18,2026-10-02
820.0,116,11,2027-12-18,2026-10-02
830.0,63,22,2027-12-18,2026-10-02
840.0,143,12,2027-12-18,2026-10-02
850.0,459,132,2027-12-18,2026-10-02
860.0,209,49,2027-12-18,2026-10-02
870.0,92,70,2027-12-18,2026-10-02
880.0,259,20,2027-12-18,2026-10-02
890.0,152,10,2027-12-18,2026-10-02
900.0,1746,22,2027-12-18,2026-10-02
910.0,268,99,2027-12-18,2026-10-02
920.0,310,41,2027-12-18,2026-10-02
930.0,305,34,2027-12-18,2026-10-02
940.0,135,12,2027-12-18,2026-10-02
950.0,1028,14,2027-12-18,2026-10-02
960.0,111,42,2027-12-18,2026-10-02
970.0,107,8,2027-12-18,2026-10-02
980.0,167,21,2027-12-18,2026-10-02
990.0,1075,9,2027-12-18,2026-10-02
1000.0,321,96,2027-12-18,2026-10-02
1010.0,118,16,2027-12-18,2026-10-02
1020.0,631,69,2027-12-18,2026-10-02
1030.0,117,42,2027-12-18,2026-10-02
1040.0,138,37,2027-12-18,2026-10-02
1050.0,690,43,2027-12-18,2026-10-02
1060.0,390,24,2027-12-18,2026-10-02
1070.0,264,11,2027-12-18,2026-10-02
1080.0,204,2,2027-12-18,2026-10-02
1090.0,219,13,2027-12-18,2026-10-02
1100.0,276,1,2027-12-18,2026-10-02
1110.0,2742,2,2027-12-18,2026-10-02
1120.0,13397,6,2027-12-18,2026-10-02
5.0,10529,1096,2028-01-22,2026-10-02
10.0,103,224,2028-01-22,2026-10-02
15.0,11,11,2028-01-22,2026-10-02
20.0,0,38,2028-01-22,2026-10-02
25.0,57,253,2028-01-22,2026-10-02
30.0,7,52,2028-01-22,2026-10-02
35.0,43,62,2028-01-22,2026-10-02
40.0,186,125,2028-01-22,2026-10-02
45.0,143,56,2028-01-22,2026-10-02
50.0,274,115,2028-01-22,2026-10-02
55.0,150,71,2028-01-22,2026-10-02
60.0,131,116,2028-01-22,2026-10-02
65.0,5,78,2028-01-22,2026-10-02
70.0,249,600,2028-01-22,2026-10-02
75.0,101,208,2028-01-22,2026-10-02
80.0,99,434,2028-01-22,2026-10-02
85.0,154,801,2028-01-22,2026-10-02
90.0,199,92,2028-01-22,2026-10-02
95.0,149,287,2028-01-22,2026-10-02
100.0,1252,2695,2028-01-22,2026-10-02
105.0,397,954,2028-01-22,2026-10-02
110.0,250,2074,2028-01-22,2026-10-02
115.0,231,242,2028-01-22,2026-10-02
120.0,176,1472,2028-01-22,2026-10-02
125.0,222,398,2028-01-22,2026-10-02
130.0,249,3321,2028-01-22,2026-10-02
135.0,114,298,2028-01-22,2026-10-02
140.0,274,3106,2028-01-22,2026-10-02
145.0,105,509,2028-01-22,2026-10-02
150.0,1000,3090,2028-01-22,2026-10-02
155.0,186,379,2028-01-22,2026-10-02
160.0,369,2113,2028-01-22,2026-10-02
165.0,364,778,2028-01-22,2026-10-02
170.0,651,2318,2028-01-22,2026-10-02
175.0,318,915,2028-01-22,2026-10-02
180.0,321,3039,2028-01-22,2026-10-02
185.0,168,1195,2028-01-22,2026-10-02
190.0,590,907,2028-01-22,2026-10-02
195.0,508,1371,2028-01-22,2026-10-02
200.0,3589,3503,2028-01-22,2026-10-02
210.0,1000,1000,2028-01-22,2026-10-02
210.0,556,3259,2028-01-22,2026-10-02
220.0,1014,2068,2028-01-22,2026-10-02
230.0,1134,1221,2028-01-22,2026-10-02
240.0,1220,4958,2028-01-22,2026-10-02
250.0,4122,4737,2028-01-22,2026-10-02
260.0,2547,3150,2028-01-22,2026-10-02
270.0,635,3943,2028-01-22,2026-10-02
280.0,453,3277,2028-01-22,2026-10-02
290.0,691,1609,2028-01-22,2026-10-02
300.0,3046,11978,2028-01-22,2026-10-02
310.0,990,318,2028-01-22,2026-10-02
320.0,628,4163,2028-01-22,2026-10-02
330.0,410,2293,2028-01-22,2026-10-02
340.0,414,4659,2028-01-22,2026-10-02
350.0,1661,4514,2028-01-22,2026-10-02
360.0,647,1867,2028-01-22,2026-10-02
370.0,337,1205,2028-01-22,2026-10-02
380.0,371,3171,2028-01-22,2026-10-02
390.0,457,393,2028-01-22,2026-10-02
400.0,1873,3694,2028-01-22,2026-10-02
410.0,1262,551,2028-01-22,2026-10-02
420.0,508,416,2028-01-22,2026-10-02
430.0,375,2176,2028-01-22,2026-10-02
440.0,377,2196,2028-01-22,2026-10-02
450.0,1830,2984,2028-01-22,2026-10-02
460.0,1341,388,2028-01-22,2026-10-02
470.0,509,2253,2028-01-22,2026-10-02
480.0,1134,404,2028-01-22,2026-10-02
490.0,641,322,2028-01-22,2026-10-02
500.0,3489,1460,2028-01-22,2026-10-02
510.0,507,580,2028-01-22,2026-10-02
520.0,1870,2539,2028-01-22,2026-10-02
530.0,3551,2300,2028-01-22,2026-10-02
540.0,152,52,2028-01-22,2026-10-02
550.0,546,583,2028-01-22,2026-10-02
560.0,942,108,2028-01-22,2026-10-02
570.0,435,258,2028-01-22,2026-10-02
580.0,245,167,2028-01-22,2026-10-02
590.0,248,78,2028-01-22,2026-10-02
600.0,2452,1521,2028-01-22,2026-10-02
610.0,1193,67,2028-01-22,2026-10-02
620.0,417,36,2028-01-22,2026-10-02
630.0,126,51,2028-01-22,2026-10-02
640.0,175,144,2028-01-22,2026-10-02
650.0,854,452,2028-01-22,2026-10-02
660.0,2235,72,2028-01-22,2026-10-02
670.0,123,48,2028-01-22,2026-10-02
680.0,297,55,2028-01-22,2026-10-02
690.0,257,50,2028-01-22,2026-10-02
700.0,1650,147,2028-01-22,2026-10-02
710.0,278,27,2028-01-22,2026-10-02
720.0,381,33,2028-01-22,2026-10-02
730.0,110,36,2028-01-22,2026-10-02
740.0,696,69,2028-01-22,2026-10-02
750.0,376,23,2028-01-22,2026-10-02
760.0,200,29,2028-01-22,2026-10-02
770.0,545,54,2028-01-22,2026-10-02
780.0,87,27,2028-01-22,2026-10-02
790.0,208,59,2028-01-22,2026-10-02
800.0,2160,128,2028-01-22,2026-10-02
810.0,556,126,2028-01-22,2026-10-02
820.0,218,92,2028-01-22,2026-10-02
830.0,243,157,2028-01-22,2026-10-02
840.0,143,70,2028-01-22,2026-10-02
850.0,3818,16,2028-01-22,2026-10-02
860.0,502,99,2028-01-22,2026-10-02
870.0,265,16,2028-01-22,2026-10-02
880.0,250,70,2028-01-22,2026-10-02
890.0,51,131,2028-01-22,2026-10-02
900.0,728,96,2028-01-22,2026-10-02
910.0,143,117,2028-01-22,2026-10-02
920.0,638,29,2028-01-22,2026-10-02
930.0,409,11,2028-01-22,2026-10-02
940.0,51,90,2028-01-22,2026-10-02
950.0,160,59,2028-01-22,2026-10-02
960.0,205,44,2028-01-22,2026-10-02
970.0,132,6,2028-01-22,2026-10-02
980.0,180,25,2028-01-22,2026-10-02
990.0,125,81,2028-01-22,2026-10-02
1000.0,3615,55,2028-01-22,2026-10-02
1010.0,467,89,2028-01-22,2026-10-02
1020.0,126,132,2028-01-22,2026-10-02
1030.0,1153,62,2028-01-22,2026-10-02
1040.0,210,79,2028-01-22,2026-10-02
1050.0,557,73,2028-01-22,2026-10-02
1060.0,201,70,2028-01-22,2026-10-02
1070.0,115,9,2028-01-22,2026-10-02
1080.0,278,7,2028-01-22,2026-10-02
1090.0,249,19,2028-01-22,2026-10-02
1100.0,1400,8,2028-01-22,2026-10-02
1110.0,3001,3,2028-01-22,2026-10-02
1120.0,12847,8,2028-01-22,2026-10-02
660.0,7988,13587,2028-01-25,2026-10-02
900.0,183,0,2028-02-29,2026-10-02
5.0,126,36,2028-06-17,2026-10-02
10.0,0,3,2028-06-17,2026-10-02
15.0,0,0,2028-06-17,2026-10-02
20.0,0,0,2028-06-17,2026-10-02
25.0,0,4,2028-06-17,2026-10-02
30.0,1,7,2028-06-17,2026-10-02
35.0,1,4,2028-06-17,2026-10-02
40.0,2,20,2028-06-17,2026-10-02
45.0,0,26,2028-06-17,2026-10-02
50.0,0,60,2028-06-17,2026-10-02
55.0,0,50,2028-06-17,2026-10-02
60.0,0,8,2028-06-17,2026-10-02
65.0,1,40,2028-06-17,2026-10-02
70.0,1,381,2028-06-17,2026-10-02
75.0,0,1222,2028-06-17,2026-10-02
80.0,35,433,2028-06-17,2026-10-02
85.0,3,293,2028-06-17,2026-10-02
90.0,81,56,2028-06-17,2026-10-02
95.0,6,345,2028-06-17,2026-10-02
100.0,2,482,2028-06-17,2026-10-02
105.0,20,207,2028-06-17,2026-10-02
110.0,74,424,2028-06-17,2026-10-02
115.0,100,449,2028-06-17,2026-10-02
120.0,56,113,2028-06-17,2026-10-02
125.0,82,198,2028-06-17,2026-10-02
130.0,34,324,2028-06-17,2026-10-02
135.0,43,21,2028-06-17,2026-10-02
140.0,28,82,2028-06-17,2026-10-02
145.0,63,14,2028-06-17,2026-10-02
150.0,28,398,2028-06-17,2026-10-02
155.0,27,178,2028-06-17,2026-10-02
160.0,29,240,2028-06-17,2026-10-02
165.0,28,123,2028-06-17,2026-10-02
170.0,61,245,2028-06-17,2026-10-02
175.0,239,217,2028-06-17,2026-10-02
180.0,27,48,2028-06-17,2026-10-02
185.0,8,163,2028-06-17,2026-10-02
190.0,30,63,2028-06-17,2026-10-02
195.0,6,228,2028-06-17,2026-10-02
200.0,32,1618,2028-06-17,2026-10-02
210.0,24,28,2028-06-17,2026-10-02
220.0,32,166,2028-06-17,2026-10-02
230.0,36,143,2028-06-17,2026-10-02
240.0,89,499,2028-06-17,2026-10-02
250.0,56,1252,2028-06-17,2026-10-02
260.0,37,2471,2028-06-17,2026-10-02
270.0,101,554,2028-06-17,2026-10-02
280.0,24,1025,2028-06-17,2026-10-02
290.0,76,301,2028-06-17,2026-10-02
300.0,195,7019,2028-06-17,2026-10-02
310.0,94,88,2028-06-17,2026-10-02
320.0,351,2530,2028-06-17,2026-10-02
330.0,116,174,2028-06-17,2026-10-02
340.0,119,1023,2028-06-17,2026-10-02
350.0,79,346,2028-06-17,2026-10-02
360.0,77,129,2028-06-17,2026-10-02
370.0,267,195,2028-06-17,2026-10-02
380.0,79,314,2028-06-17,2026-10-02
390.0,217,605,2028-06-17,2026-10-02
400.0,209,516,2028-06-17,2026-10-02
410.0,107,134,2028-06-17,2026-10-02
420.0,58,61,2028-06-17,2026-10-02
430.0,286,63,2028-06-17,2026-10-02
440.0,145,68,2028-06-17,2026-10-02
450.0,241,800,2028-06-17,2026-10-02
460.0,80,103,2028-06-17,2026-10-02
470.0,292,231,2028-06-17,2026-10-02
480.0,51,83,2028-06-17,2026-10-02
490.0,352,205,2028-06-17,2026-10-02
500.0,849,461,2028-06-17,2026-10-02
510.0,159,235,2028-06-17,2026-10-02
520.0,137,482,2028-06-17,2026-10-02
530.0,122,221,2028-06-17,2026-10-02
540.0,230,435,2028-06-17,2026-10-02
550.0,235,748,2028-06-17,2026-10-02
560.0,73,55,2028-06-17,2026-10-02
570.0,118,35,2028-06-17,2026-10-02
580.0,134,126,2028-06-17,2026-10-02
590.0,219,94,2028-06-17,2026-10-02
600.0,438,58,2028-06-17,2026-10-02
610.0,120,146,2028-06-17,2026-10-02
620.0,1845,122,2028-06-17,2026-10-02
630.0,133,52,2028-06-17,2026-10-02
640.0,247,124,2028-06-17,2026-10-02
650.0,508,150,2028-06-17,2026-10-02
660.0,1119,62,2028-06-17,2026-10-02
670.0,108,74,2028-06-17,2026-10-02
680.0,84,84,2028-06-17,2026-10-02
690.0,390,8,2028-06-17,2026-10-02
700.0,821,120,2028-06-17,2026-10-02
710.0,469,49,2028-06-17,2026-10-02
720.0,975,18,2028-06-17,2026-10-02
730.0,207,110,2028-06-17,2026-10-02
740.0,132,78,2028-06-17,2026-10-02
750.0,332,30,2028-06-17,2026-10-02
760.0,528,98,2028-06-17,2026-10-02
770.0,219,10,2028-06-17,2026-10-02
780.0,447,6,2028-06-17,2026-10-02
790.0,152,4,2028-06-17,2026-10-02
800.0,1423,19,2028-06-17,2026-10-02
810.0,249,15,2028-06-17,2026-10-02
820.0,518,50,2028-06-17,2026-10-02
830.0,154,27,2028-06-17,2026-10-02
840.0,193,14,2028-06-17,2026-10-02
850.0,540,46,2028-06-17,2026-10-02
860.0,233,22,2028-06-17,2026-10-02
870.0,99,3,2028-06-17,2026-10-02
880.0,243,29,2028-06-17,2026-10-02
890.0,173,17,2028-06-17,2026-10-02
900.0,464,25,2028-06-17,2026-10-02
910.0,221,3,2028-06-17,2026-10-02
920.0,157,17,2028-06-17,2026-10-02
930.0,330,5,2028-06-17,2026-10-02
940.0,202,10,2028-06-17,2026-10-02
950.0,114,41,2028-06-17,2026-10-02
960.0,180,42,2028-06-17,2026-10-02
970.0,147,48,2028-06-17,2026-10-02
980.0,278,43,2028-06-17,2026-10-02
990.0,134,284,2028-06-17,2026-10-02
1000.0,2743,52,2028-06-17,2026-10-02
1010.0,1642,115,2028-06-17,2026-10-02
1020.0,86,89,2028-06-17,2026-10-02
1030.0,119,38,2028-06-17,2026-10-02
1040.0,283,128,2028-06-17,2026-10-02
1050.0,247,177,2028-06-17,2026-10-02
1060.0,177,27,2028-06-17,2026-10-02
1070.0,166,60,2028-06-17,2026-10-02
1080.0,350,20,2028-06-17,2026-10-02
1090.0,220,36,2028-06-17,2026-10-02
1100.0,1822,45,2028-06-17,2026-10-02
1110.0,409,20,2028-06-17,2026-10-02
1120.0,7870,55,2028-06-17,2026-10-02
5.0,20195,659,2028-12-16,2026-10-02
10.0,42,317,2028-12-16,2026-10-02
15.0,25,20,2028-12-16,2026-10-02
20.0,16,52,2028-12-16,2026-10-02
25.0,44,102,2028-12-16,2026-10-02
30.0,9,342,2028-12-16,2026-10-02
35.0,2,31,2028-12-16,2026-10-02
40.0,7,127,2028-12-16,2026-10-02
45.0,3,238,2028-12-16,2026-10-02
50.0,11,225,2028-12-16,2026-10-02
55.0,1,163,2028-12-16,2026-10-02
60.0,9,437,2028-12-16,2026-10-02
65.0,6,224,2028-12-16,2026-10-02
70.0,8,159,2028-12-16,2026-10-02
75.0,8,275,2028-12-16,2026-10-02
80.0,40,295,2028-12-16,2026-10-02
85.0,50,831,2028-12-16,2026-10-02
90.0,73,251,2028-12-16,2026-10-02
95.0,57,1129,2028-12-16,2026-10-02
100.0,393,1257,2028-12-16,2026-10-02
105.0,463,426,2028-12-16,2026-10-02
110.0,337,340,2028-12-16,2026-10-02
115.0,1238,136,2028-12-16,2026-10-02
120.0,92,654,2028-12-16,2026-10-02
125.0,70,247,2028-12-16,2026-10-02
130.0,105,2192,2028-12-16,2026-10-02
135.0,76,836,2028-12-16,2026-10-02
140.0,252,625,2028-12-16,2026-10-02
145.0,130,949,2028-12-16,2026-10-02
150.0,612,1485,2028-12-16,2026-10-02
155.0,139,894,2028-12-16,2026-10-02
160.0,177,3017,2028-12-16,2026-10-02
165.0,104,929,2028-12-16,2026-10-02
170.0,179,2299,2028-12-16,2026-10-02
175.0,188,488,2028-12-16,2026-10-02
180.0,363,491,2028-12-16,2026-10-02
185.0,298,267,2028-12-16,2026-10-02
190.0,381,1148,2028-12-16,2026-10-02
195.0,374,1005,2028-12-16,2026-10-02
200.0,1363,3126,2028-12-16,2026-10-02
210.0,799,1086,2028-12-16,2026-10-02
220.0,739,799,2028-12-16,2026-10-02
230.0,576,403,2028-12-16,2026-10-02
240.0,385,741,2028-12-16,2026-10-02
250.0,1089,4656,2028-12-16,2026-10-02
260.0,578,565,2028-12-16,2026-10-02
270.0,429,993,2028-12-16,2026-10-02
280.0,276,546,2028-12-16,2026-10-02
290.0,384,2283,2028-12-16,2026-10-02
300.0,1364,2772,2028-12-16,2026-10-02
310.0,535,558,2028-12-16,2026-10-02
320.0,506,771,2028-12-16,2026-10-02
330.0,411,503,2028-12-16,2026-10-02
340.0,455,453,2028-12-16,2026-10-02
350.0,1145,2612,2028-12-16,2026-10-02
360.0,401,1171,2028-12-16,2026-10-02
370.0,376,515,2028-12-16,2026-10-02
380.0,267,501,2028-12-16,2026-10-02
390.0,230,528,2028-12-16,2026-10-02
400.0,1432,2327,2028-12-16,2026-10-02
410.0,243,391,2028-12-16,2026-10-02
420.0,449,352,2028-12-16,2026-10-02
430.0,419,352,2028-12-16,2026-10-02
440.0,598,465,2028-12-16,2026-10-02
450.0,1014,2279,2028-12-16,2026-10-02
460.0,613,1005,2028-12-16,2026-10-02
470.0,357,404,2028-12-16,2026-10-02
480.0,765,253,2028-12-16,2026-10-02
490.0,660,329,2028-12-16,2026-10-02
500.0,3612,1509,2028-12-16,2026-10-02
510.0,858,666,2028-12-16,2026-10-02
520.0,453,463,2028-12-16,2026-10-02
530.0,250,216,2028-12-16,2026-10-02
540.0,194,422,2028-12-16,2026-10-02
550.0,1493,509,2028-12-16,2026-10-02
560.0,710,163,2028-12-16,2026-10-02
570.0,56,0,2028-12-16,2026-10-02
570.0,503,134,2028-12-16,2026-10-02
580.0,257,74,2028-12-16,2026-10-02
590.0,191,302,2028-12-16,2026-10-02
600.0,2629,1850,2028-12-16,2026-10-02
610.0,186,291,2028-12-16,2026-10-02
620.0,381,114,2028-12-16,2026-10-02
630.0,97,37,2028-12-16,2026-10-02
640.0,342,44,2028-12-16,2026-10-02
650.0,360,72,2028-12-16,2026-10-02
660.0,388,83,2028-12-16,2026-10-02
670.0,461,45,2028-12-16,2026-10-02
680.0,347,67,2028-12-16,2026-10-02
690.0,463,67,2028-12-16,2026-10-02
700.0,3382,590,2028-12-16,2026-10-02
710.0,225,119,2028-12-16,2026-10-02
720.0,1883,39,2028-12-16,2026-10-02
730.0,562,66,2028-12-16,2026-10-02
740.0,609,34,2028-12-16,2026-10-02
750.0,1300,293,2028-12-16,2026-10-02
760.0,1137,57,2028-12-16,2026-10-02
770.0,309,33,2028-12-16,2026-10-02
780.0,331,17,2028-12-16,2026-10-02
790.0,411,126,2028-12-16,2026-10-02
800.0,1683,150,2028-12-16,2026-10-02
810.0,663,114,2028-12-16,2026-10-02
820.0,1177,35,2028-12-16,2026-10-02
830.0,263,62,2028-12-16,2026-10-02
840.0,179,58,2028-12-16,2026-10-02
850.0,832,96,2028-12-16,2026-10-02
860.0,2553,52,2028-12-16,2026-10-02
870.0,320,41,2028-12-16,2026-10-02
880.0,550,60,2028-12-16,2026-10-02
890.0,457,122,2028-12-16,2026-10-02
900.0,1255,75,2028-12-16,2026-10-02
910.0,1112,58,2028-12-16,2026-10-02
920.0,1216,62,2028-12-16,2026-10-02
930.0,645,179,2028-12-16,2026-10-02
940.0,121,141,2028-12-16,2026-10-02
950.0,686,125,2028-12-16,2026-10-02
960.0,468,79,2028-12-16,2026-10-02
970.0,189,92,2028-12-16,2026-10-02
980.0,180,37,2028-12-16,2026-10-02
990.0,931,123,2028-12-16,2026-10-02
1000.0,1297,101,2028-12-16,2026-10-02
1010.0,398,113,2028-12-16,2026-10-02
1020.0,213,57,2028-12-16,2026-10-02
1030.0,326,132,2028-12-16,2026-10-02
1040.0,68,125,2028-12-16,2026-10-02
1050.0,724,109,2028-12-16,2026-10-02
1060.0,175,66,2028-12-16,2026-10-02
1070.0,254,72,2028-12-16,2026-10-02
1080.0,300,255,2028-12-16,2026-10-02
1090.0,1087,274,2028-12-16,2026-10-02
1100.0,613,348,2028-12-16,2026-10-02
1110.0,642,231,2028-12-16,2026-10-02
1120.0,2924,339,2028-12-16,2026-10-02
1130.0,2,0,2028-12-16,2026-10-02
1140.0,0,4,2028-12-16,2026-10-02
1150.0,0,3,2028-12-16,2026-10-02
1160.0,0,0,2028-12-16,2026-10-02
1170.0,40,0,2028-12-16,2026-10-02
1180.0,0,7,2028-12-16,2026-10-02
1190.0,0,4,2028-12-16,2026-10-02
1200.0,1,2,2028-12-16,2026-10-02
1210.0,0,2,2028-12-16,2026-10-02
1220.0,2,0,2028-12-16,2026-10-02
1230.0,91,2,2028-12-16,2026-10-02
5.0,84,2,2029-01-20,2026-10-02
10.0,1,0,2029-01-20,2026-10-02
15.0,0,0,2029-01-20,2026-10-02
20.0,0,0,2029-01-20,2026-10-02
25.0,0,0,2029-01-20,2026-10-02
30.0,0,0,2029-01-20,2026-10-02
35.0,0,0,2029-01-20,2026-10-02
40.0,0,0,2029-01-20,2026-10-02
45.0,20,1,2029-01-20,2026-10-02
50.0,0,5,2029-01-20,2026-10-02
55.0,0,0,2029-01-20,2026-10-02
60.0,0,0,2029-01-20,2026-10-02
65.0,0,0,2029-01-20,2026-10-02
70.0,0,0,2029-01-20,2026-10-02
75.0,0,0,2029-01-20,2026-10-02
80.0,0,0,2029-01-20,2026-10-02
85.0,0,42,2029-01-20,2026-10-02
90.0,0,1,2029-01-20,2026-10-02
95.0,0,0,2029-01-20,2026-10-02
100.0,0,69,2029-01-20,2026-10-02
105.0,0,9,2029-01-20,2026-10-02
110.0,3,2,2029-01-20,2026-10-02
115.0,0,0,2029-01-20,2026-10-02
120.0,0,5,2029-01-20,2026-10-02
125.0,1,1,2029-01-20,2026-10-02
130.0,1,1,2029-01-20,2026-10-02
135.0,7,8,2029-01-20,2026-10-02
140.0,5,3,2029-01-20,2026-10-02
145.0,0,1,2029-01-20,2026-10-02
150.0,1,9,2029-01-20,2026-10-02
155.0,3,2,2029-01-20,2026-10-02
160.0,19,14,2029-01-20,2026-10-02
165.0,1,0,2029-01-20,2026-10-02
170.0,1,0,2029-01-20,2026-10-02
175.0,0,1,2029-01-20,2026-10-02
180.0,8,1,2029-01-20,2026-10-02
185.0,20,0,2029-01-20,2026-10-02
190.0,2,2,2029-01-20,2026-10-02
195.0,28,10,2029-01-20,2026-10-02
200.0,103,6,2029-01-20,2026-10-02
210.0,55,9,2029-01-20,2026-10-02
220.0,71,14,2029-01-20,2026-10-02
230.0,85,7,2029-01-20,2026-10-02
240.0,45,10,2029-01-20,2026-10-02
250.0,73,47,2029-01-20,2026-10-02
260.0,83,31,2029-01-20,2026-10-02
270.0,18,2,2029-01-20,2026-10-02
280.0,56,17,2029-01-20,2026-10-02
290.0,5,5,2029-01-20,2026-10-02
300.0,123,37,2029-01-20,2026-10-02
310.0,8,51,2029-01-20,2026-10-02
320.0,31,46,2029-01-20,2026-10-02
330.0,26,13,2029-01-20,2026-10-02
340.0,10,56,2029-01-20,2026-10-02
350.0,36,86,2029-01-20,2026-10-02
360.0,32,176,2029-01-20,2026-10-02
370.0,40,70,2029-01-20,2026-10-02
380.0,27,53,2029-01-20,2026-10-02
390.0,9,256,2029-01-20,2026-10-02
400.0,33,54,2029-01-20,2026-10-02
410.0,5,33,2029-01-20,2026-10-02
420.0,28,147,2029-01-20,2026-10-02
430.0,33,118,2029-01-20,2026-10-02
440.0,3,5,2029-01-20,2026-10-02
450.0,13,277,2029-01-20,2026-10-02
460.0,15,3,2029-01-20,2026-10-02
470.0,27,45,2029-01-20,2026-10-02
480.0,13,131,2029-01-20,2026-10-02
490.0,15,44,2029-01-20,2026-10-02
500.0,139,196,2029-01-20,2026-10-02
510.0,31,7,2029-01-20,2026-10-02
520.0,13,12,2029-01-20,2026-10-02
530.0,52,8,2029-01-20,2026-10-02
540.0,287,8,2029-01-20,2026-10-02
550.0,60,11,2029-01-20,2026-10-02
560.0,13,13,2029-01-20,2026-10-02
570.0,488,4,2029-01-20,2026-10-02
580.0,19,16,2029-01-20,2026-10-02
590.0,22,76,2029-01-20,2026-10-02
600.0,133,31,2029-01-20,2026-10-02
610.0,112,24,2029-01-20,2026-10-02
620.0,116,20,2029-01-20,2026-10-02
630.0,47,19,2029-01-20,2026-10-02
640.0,70,72,2029-01-20,2026-10-02
650.0,76,13,2029-01-20,2026-10-02
660.0,22,26,2029-01-20,2026-10-02
670.0,5,3,2029-01-20,2026-10-02
680.0,36,0,2029-01-20,2026-10-02
690.0,31,31,2029-01-20,2026-10-02
700.0,338,8,2029-01-20,2026-10-02
710.0,87,2,2029-01-20,2026-10-02
720.0,24,1,2029-01-20,2026-10-02
730.0,17,0,2029-01-20,2026-10-02
740.0,83,0,2029-01-20,2026-10-02
750.0,36,10,2029-01-20,2026-10-02
760.0,45,5,2029-01-20,2026-10-02
770.0,11,5,2029-01-20,2026-10-02
780.0,9,2,2029-01-20,2026-10-02
790.0,12,5,2029-01-20,2026-10-02
800.0,139,6,2029-01-20,2026-10-02
810.0,14,61,2029-01-20,2026-10-02
820.0,12,2,2029-01-20,2026-10-02
830.0,21,0,2029-01-20,2026-10-02
840.0,7,0,2029-01-20,2026-10-02
850.0,10,1,2029-01-20,2026-10-02
860.0,505,1,2029-01-20,2026-10-02
870.0,0,0,2029-01-20,2026-10-02
880.0,18,2,2029-01-20,2026-10-02
890.0,6,1,2029-01-20,2026-10-02
900.0,159,47,2029-01-20,2026-10-02
910.0,0,4,2029-01-20,2026-10-02
920.0,2,109,2029-01-20,2026-10-02
930.0,2,1,2029-01-20,2026-10-02
940.0,2,0,2029-01-20,2026-10-02
950.0,123,11,2029-01-20,2026-10-02
960.0,13,1,2029-01-20,2026-10-02
970.0,9,10,2029-01-20,2026-10-02
980.0,387,51,2029-01-20,2026-10-02
990.0,3,42,2029-01-20,2026-10-02
1000.0,190,72,2029-01-20,2026-10-02
1010.0,0,2,2029-01-20,2026-10-02
1020.0,1,21,2029-01-20,2026-10-02
1030.0,0,0,2029-01-20,2026-10-02
1040.0,1,0,2029-01-20,2026-10-02
1050.0,4,0,2029-01-20,2026-10-02
1060.0,0,0,2029-01-20,2026-10-02
1070.0,0,1,2029-01-20,2026-10-02
1080.0,1,0,2029-01-20,2026-10-02
1090.0,4,1,2029-01-20,2026-10-02
1100.0,1,1,2029-01-20,2026-10-02
1110.0,0,0,2029-01-20,2026-10-02
1120.0,4,0,2029-01-20,2026-10-02
1130.0,0,1,2029-01-20,2026-10-02
1140.0,24,1,2029-01-20,2026-10-02
1150.0,1557,0,2029-01-20,2026-10-02
1160.0,1,0,2029-01-20,2026-10-02
1170.0,1,0,2029-01-20,2026-10-02
1180.0,0,0,2029-01-20,2026-10-02
1190.0,0,0,2029-01-20,2026-10-02
1200.0,54,3,2029-01-20,2026-10-02
1210.0,0,11,2029-01-20,2026-10-02
1220.0,160,93,2029-01-20,2026-10-02
1230.0,170,42,2029-01-20,2026-10-02
212.71,114,114,2029-12-22,2026-10-02
295.0,120,0,2030-01-19,2026-10-02
295.0,110,0,2031-01-18,2026-10-02
