Strike,Call,Put,Expiry,Date
5.0,51,169,2026-09-19,2026-09-18
10.0,43,33,2026-09-19,2026-09-18
15.0,4,26,2026-09-19,2026-09-18
20.0,11,22,2026-09-19,2026-09-18
25.0,42,21,2026-09-19,2026-09-18
30.0,28,88,2026-09-19,2026-09-18
35.0,9,590,2026-09-19,2026-09-18
40.0,25,562,2026-09-19,2026-09-18
45.0,30,119,2026-09-19,2026-09-18
50.0,26,462,2026-09-19,2026-09-18
55.0,13,533,2026-09-19,2026-09-18
60.0,42,896,2026-09-19,2026-09-18
65.0,13,1242,2026-09-19,2026-09-18
70.0,25,315,2026-09-19,2026-09-18
75.0,29,430,2026-09-19,2026-09-18
80.0,158,654,2026-09-19,2026-09-18
85.0,56,623,2026-09-19,2026-09-18
90.0,88,649,2026-09-19,2026-09-18
95.0,73,622,2026-09-19,2026-09-18
100.0,244,2672,2026-09-19,2026-09-18
105.0,205,2249,2026-09-19,2026-09-18
110.0,478,3233,2026-09-19,2026-09-18
115.0,182,9186,2026-09-19,2026-09-18
120.0,369,3226,2026-09-19,2026-09-18
125.0,655,2600,2026-09-19,2026-09-18
130.0,321,3265,2026-09-19,2026-09-18
135.0,344,1489,2026-09-19,2026-09-18
140.0,657,16496,2026-09-19,2026-09-18
145.0,834,8253,2026-09-19,2026-09-18
150.0,1066,10411,2026-09-19,2026-09-18
155.0,1321,3874,2026-09-19,2026-09-18
160.0,1204,11898,2026-09-19,2026-09-18
165.0,687,3718,2026-09-19,2026-09-18
170.0,1553,7144,2026-09-19,2026-09-18
175.0,458,3576,2026-09-19,2026-09-18
180.0,1127,8146,2026-09-19,2026-09-18
185.0,1303,2059,2026-09-19,2026-09-18
190.0,562,2305,2026-09-19,2026-09-18
195.0,746,2253,2026-09-19,2026-09-18
200.0,21,0,2026-09-19,2026-09-18
200.0,1337,15709,2026-09-19,2026-09-18
210.0,1147,5269,2026-09-19,2026-09-18
220.0,9,0,2026-09-19,2026-09-18
220.0,4043,4024,2026-09-19,2026-09-18
225.0,5000,5000,2026-09-19,2026-09-18
230.0,2461,3019,2026-09-19,2026-09-18
240.0,2126,1883,2026-09-19,2026-09-18
250.0,3026,5460,2026-09-19,2026-09-18
260.0,6178,3523,2026-09-19,2026-09-18
270.0,1892,3179,2026-09-19,2026-09-18
280.0,1651,3131,2026-09-19,2026-09-18
290.0,1290,2660,2026-09-19,2026-09-18
300.0,7031,10498,2026-09-19,2026-09-18
310.0,1088,809,2026-09-19,2026-09-18
320.0,2982,6160,2026-09-19,2026-09-18
330.0,1896,2337,2026-09-19,2026-09-18
340.0,1918,5536,2026-09-19,2026-09-18
350.0,6,0,2026-09-19,2026-09-18
350.0,2967,8122,2026-09-19,2026-09-18
360.0,1666,2736,2026-09-19,2026-09-18
370.0,1311,4864,2026-09-19,2026-09-18
380.0,1447,1447,2026-09-19,2026-09-18
380.0,2962,5394,2026-09-19,2026-09-18
390.0,897,3260,2026-09-19,2026-09-18
400.0,0,2000,2026-09-19,2026-09-18
400.0,2176,8028,2026-09-19,2026-09-18
410.0,1210,4279,2026-09-19,2026-09-18
420.0,872,6829,2026-09-19,2026-09-18
422.5,9,311,2026-09-19,2026-09-18
425.0,34,2570,2026-09-19,2026-09-18
427.5,13,194,2026-09-19,2026-09-18
430.0,528,3208,2026-09-19,2026-09-18
432.5,10,51,2026-09-19,2026-09-18
435.0,89,3301,2026-09-19,2026-09-18
437.5,12,350,2026-09-19,2026-09-18
440.0,1258,7479,2026-09-19,2026-09-18
442.5,232,1266,2026-09-19,2026-09-18
445.0,80,1691,2026-09-19,2026-09-18
447.5,91,788,2026-09-19,2026-09-18
450.0,3100,3100,2026-09-19,2026-09-18
450.0,2090,7009,2026-09-19,2026-09-18
452.5,851,991,2026-09-19,2026-09-18
455.0,190,1309,2026-09-19,2026-09-18
457.5,117,1416,2026-09-19,2026-09-18
460.0,9702,9702,2026-09-19,2026-09-18
460.0,1855,3415,2026-09-19,2026-09-18
462.5,336,613,2026-09-19,2026-09-18
465.0,400,400,2026-09-19,2026-09-18
465.0,438,855,2026-09-19,2026-09-18
467.5,223,1041,2026-09-19,2026-09-18
470.0,3170,3170,2026-09-19,2026-09-18
470.0,9200,5604,2026-09-19,2026-09-18
470.01,0,5185,2026-09-19,2026-09-18
472.5,360,767,2026-09-19,2026-09-18
475.0,1950,1950,2026-09-19,2026-09-18
475.0,1446,1917,2026-09-19,2026-09-18
477.5,328,835,2026-09-19,2026-09-18
480.0,9769,9769,2026-09-19,2026-09-18
480.0,4118,6493,2026-09-19,2026-09-18
482.5,189,584,2026-09-19,2026-09-18
485.0,526,526,2026-09-19,2026-09-18
485.0,535,874,2026-09-19,2026-09-18
487.5,809,851,2026-09-19,2026-09-18
490.0,2950,2950,2026-09-19,2026-09-18
490.0,3275,3415,2026-09-19,2026-09-18
492.5,283,658,2026-09-19,2026-09-18
495.0,499,1474,2026-09-19,2026-09-18
497.5,708,820,2026-09-19,2026-09-18
500.0,2500,2500,2026-09-19,2026-09-18
500.0,7438,5115,2026-09-19,2026-09-18
502.5,507,1195,2026-09-19,2026-09-18
505.0,1037,1666,2026-09-19,2026-09-18
507.5,288,1656,2026-09-19,2026-09-18
510.0,5070,2808,2026-09-19,2026-09-18
512.5,477,910,2026-09-19,2026-09-18
515.0,600,600,2026-09-19,2026-09-18
515.0,2606,1432,2026-09-19,2026-09-18
517.5,794,666,2026-09-19,2026-09-18
520.0,2360,2350,2026-09-19,2026-09-18
520.0,7435,5273,2026-09-19,2026-09-18
522.5,1770,1290,2026-09-19,2026-09-18
525.0,3292,1674,2026-09-19,2026-09-18
527.5,697,1250,2026-09-19,2026-09-18
530.0,6481,4678,2026-09-19,2026-09-18
532.5,632,810,2026-09-19,2026-09-18
535.0,1296,2660,2026-09-19,2026-09-18
537.5,1403,882,2026-09-19,2026-09-18
540.0,6485,2422,2026-09-19,2026-09-18
542.5,643,1115,2026-09-19,2026-09-18
545.0,1678,1491,2026-09-19,2026-09-18
547.5,912,744,2026-09-19,2026-09-18
550.0,9115,3685,2026-09-19,2026-09-18
552.5,1029,106,2026-09-19,2026-09-18
555.0,2702,53,2026-09-19,2026-09-18
557.5,1288,50,2026-09-19,2026-09-18
560.0,6119,1306,2026-09-19,2026-09-18
562.5,1659,36,2026-09-19,2026-09-18
565.0,3353,47,2026-09-19,2026-09-18
567.5,731,52,2026-09-19,2026-09-18
570.0,3798,113,2026-09-19,2026-09-18
572.5,589,2,2026-09-19,2026-09-18
575.0,1775,18,2026-09-19,2026-09-18
577.5,727,11,2026-09-19,2026-09-18
580.0,3835,17,2026-09-19,2026-09-18
582.5,377,0,2026-09-19,2026-09-18
585.0,755,0,2026-09-19,2026-09-18
587.5,251,0,2026-09-19,2026-09-18
590.0,6017,23,2026-09-19,2026-09-18
592.5,182,0,2026-09-19,2026-09-18
595.0,257,0,2026-09-19,2026-09-18
597.5,145,0,2026-09-19,2026-09-18
600.0,0,0,2026-09-19,2026-09-18
600.0,8923,50,2026-09-19,2026-09-18
602.5,181,0,2026-09-19,2026-09-18
605.0,104,0,2026-09-19,2026-09-18
610.0,2961,1,2026-09-19,2026-09-18
620.0,4021,0,2026-09-19,2026-09-18
630.0,1184,0,2026-09-19,2026-09-18
640.0,832,0,2026-09-19,2026-09-18
650.0,8317,0,2026-09-19,2026-09-18
660.0,1160,0,2026-09-19,2026-09-18
670.0,690,0,2026-09-19,2026-09-18
680.0,3669,0,2026-09-19,2026-09-18
690.0,1993,0,2026-09-19,2026-09-18
700.0,6660,0,2026-09-19,2026-09-18
710.0,1176,0,2026-09-19,2026-09-18
720.0,574,0,2026-09-19,2026-09-18
730.0,396,0,2026-09-19,2026-09-18
740.0,1812,0,2026-09-19,2026-09-18
750.0,1464,0,2026-09-19,2026-09-18
760.0,272,0,2026-09-19,2026-09-18
770.0,579,0,2026-09-19,2026-09-18
780.0,586,0,2026-09-19,2026-09-18
790.0,393,0,2026-09-19,2026-09-18
800.0,1217,0,2026-09-19,2026-09-18
810.0,232,0,2026-09-19,2026-09-18
820.0,230,0,2026-09-19,2026-09-18
830.0,167,0,2026-09-19,2026-09-18
840.0,179,0,2026-09-19,2026-09-18
850.0,931,0,2026-09-19,2026-09-18
860.0,751,0,2026-09-19,2026-09-18
870.0,1006,0,2026-09-19,2026-09-18
880.0,187,0,2026-09-19,2026-09-18
890.0,860,0,2026-09-19,2026-09-18
900.0,687,0,2026-09-19,2026-09-18
910.0,1037,0,2026-09-19,2026-09-18
920.0,264,0,2026-09-19,2026-09-18
930.0,1025,0,2026-09-19,2026-09-18
940.0,127,0,2026-09-19,2026-09-18
950.0,1101,0,2026-09-19,2026-09-18
960.0,317,0,2026-09-19,2026-09-18
970.0,140,0,2026-09-19,2026-09-18
980.0,69,0,2026-09-19,2026-09-18
990.0,527,0,2026-09-19,2026-09-18
1000.0,1982,0,2026-09-19,2026-09-18
1010.0,1250,0,2026-09-19,2026-09-18
1020.0,89,0,2026-09-19,2026-09-18
1030.0,125,0,2026-09-19,2026-09-18
1040.0,157,0,2026-09-19,2026-09-18
1050.0,261,0,2026-09-19,2026-09-18
1060.0,197,0,2026-09-19,2026-09-18
1070.0,154,0,2026-09-19,2026-09-18
1080.0,243,0,2026-09-19,2026-09-18
1090.0,433,0,2026-09-19,2026-09-18
1100.0,188,0,2026-09-19,2026-09-18
1110.0,1840,0,2026-09-19,2026-09-18
1120.0,3028,0,2026-09-19,2026-09-18
350.0,0,7,2026-09-22,2026-09-18
355.0,0,3,2026-09-22,2026-09-18
360.0,0,3,2026-09-22,2026-09-18
365.0,0,15,2026-09-22,2026-09-18
370.0,1,13,2026-09-22,2026-09-18
375.0,0,25,2026-09-22,2026-09-18
380.0,0,9,2026-09-22,2026-09-18
385.0,0,8,2026-09-22,2026-09-18
390.0,0,4,2026-09-22,2026-09-18
395.0,0,275,2026-09-22,2026-09-18
400.0,11,27,2026-09-22,2026-09-18
405.0,0,5,2026-09-22,2026-09-18
410.0,6,7,2026-09-22,2026-09-18
415.0,0,35,2026-09-22,2026-09-18
417.5,0,22,2026-09-22,2026-09-18
420.0,3,69,2026-09-22,2026-09-18
422.5,0,14,2026-09-22,2026-09-18
425.0,0,14,2026-09-22,2026-09-18
427.5,2,9,2026-09-22,2026-09-18
430.0,0,120,2026-09-22,2026-09-18
432.5,0,25,2026-09-22,2026-09-18
435.0,2,86,2026-09-22,2026-09-18
437.5,0,61,2026-09-22,2026-09-18
440.0,1,94,2026-09-22,2026-09-18
442.5,0,2,2026-09-22,2026-09-18
445.0,0,10,2026-09-22,2026-09-18
447.5,0,12,2026-09-22,2026-09-18
450.0,5,105,2026-09-22,2026-09-18
452.5,1,15,2026-09-22,2026-09-18
455.0,0,53,2026-09-22,2026-09-18
457.5,11,102,2026-09-22,2026-09-18
460.0,22,75,2026-09-22,2026-09-18
462.5,0,25,2026-09-22,2026-09-18
465.0,11,104,2026-09-22,2026-09-18
467.5,3,122,2026-09-22,2026-09-18
470.0,7,598,2026-09-22,2026-09-18
472.5,1,57,2026-09-22,2026-09-18
475.0,31,160,2026-09-22,2026-09-18
477.5,16,363,2026-09-22,2026-09-18
480.0,17,499,2026-09-22,2026-09-18
482.5,15,115,2026-09-22,2026-09-18
485.0,92,243,2026-09-22,2026-09-18
487.5,44,373,2026-09-22,2026-09-18
490.0,81,263,2026-09-22,2026-09-18
492.5,33,855,2026-09-22,2026-09-18
495.0,73,300,2026-09-22,2026-09-18
497.5,33,271,2026-09-22,2026-09-18
500.0,281,688,2026-09-22,2026-09-18
502.5,56,121,2026-09-22,2026-09-18
505.0,141,195,2026-09-22,2026-09-18
507.5,117,168,2026-09-22,2026-09-18
510.0,129,480,2026-09-22,2026-09-18
512.5,49,781,2026-09-22,2026-09-18
515.0,195,564,2026-09-22,2026-09-18
517.5,51,410,2026-09-22,2026-09-18
520.0,341,1281,2026-09-22,2026-09-18
522.5,97,308,2026-09-22,2026-09-18
525.0,130,233,2026-09-22,2026-09-18
527.5,299,102,2026-09-22,2026-09-18
530.0,482,330,2026-09-22,2026-09-18
532.5,162,284,2026-09-22,2026-09-18
535.0,445,192,2026-09-22,2026-09-18
537.5,149,142,2026-09-22,2026-09-18
540.0,270,580,2026-09-22,2026-09-18
542.5,165,126,2026-09-22,2026-09-18
545.0,389,198,2026-09-22,2026-09-18
547.5,226,158,2026-09-22,2026-09-18
550.0,907,255,2026-09-22,2026-09-18
552.5,149,43,2026-09-22,2026-09-18
555.0,388,71,2026-09-22,2026-09-18
557.5,140,18,2026-09-22,2026-09-18
560.0,275,28,2026-09-22,2026-09-18
562.5,83,15,2026-09-22,2026-09-18
565.0,437,14,2026-09-22,2026-09-18
567.5,163,15,2026-09-22,2026-09-18
570.0,234,11,2026-09-22,2026-09-18
572.5,418,10,2026-09-22,2026-09-18
575.0,1048,0,2026-09-22,2026-09-18
577.5,276,15,2026-09-22,2026-09-18
580.0,268,30,2026-09-22,2026-09-18
582.5,241,1,2026-09-22,2026-09-18
585.0,388,1,2026-09-22,2026-09-18
587.5,123,0,2026-09-22,2026-09-18
590.0,104,1,2026-09-22,2026-09-18
592.5,32,5,2026-09-22,2026-09-18
595.0,51,1,2026-09-22,2026-09-18
597.5,18,0,2026-09-22,2026-09-18
600.0,221,1,2026-09-22,2026-09-18
605.0,97,0,2026-09-22,2026-09-18
610.0,16,0,2026-09-22,2026-09-18
615.0,9,0,2026-09-22,2026-09-18
620.0,65,0,2026-09-22,2026-09-18
625.0,5,0,2026-09-22,2026-09-18
630.0,3,0,2026-09-22,2026-09-18
635.0,15,0,2026-09-22,2026-09-18
640.0,2,0,2026-09-22,2026-09-18
645.0,10,0,2026-09-22,2026-09-18
650.0,2,0,2026-09-22,2026-09-18
655.0,0,0,2026-09-22,2026-09-18
660.0,147,0,2026-09-22,2026-09-18
665.0,0,0,2026-09-22,2026-09-18
670.0,0,0,2026-09-22,2026-09-18
675.0,0,0,2026-09-22,2026-09-18
680.0,0,0,2026-09-22,2026-09-18
685.0,0,0,2026-09-22,2026-09-18
690.0,2,0,2026-09-22,2026-09-18
695.0,0,0,2026-09-22,2026-09-18
700.0,7,0,2026-09-22,2026-09-18
525.03,1211,1211,2026-09-23,2026-09-18
350.0,0,17,2026-09-24,2026-09-18
355.0,0,9,2026-09-24,2026-09-18
360.0,0,27,2026-09-24,2026-09-18
365.0,0,23,2026-09-24,2026-09-18
370.0,0,43,2026-09-24,2026-09-18
375.0,0,20,2026-09-24,2026-09-18
380.0,1,11,2026-09-24,2026-09-18
385.0,0,114,2026-09-24,2026-09-18
390.0,0,4,2026-09-24,2026-09-18
395.0,0,21,2026-09-24,2026-09-18
400.0,4,135,2026-09-24,2026-09-18
405.0,0,5,2026-09-24,2026-09-18
407.5,0,21,2026-09-24,2026-09-18
410.0,3,25,2026-09-24,2026-09-18
412.5,0,2,2026-09-24,2026-09-18
415.0,2,9,2026-09-24,2026-09-18
417.5,0,4,2026-09-24,2026-09-18
420.0,0,18,2026-09-24,2026-09-18
422.5,0,3,2026-09-24,2026-09-18
425.0,10,28,2026-09-24,2026-09-18
427.5,0,3,2026-09-24,2026-09-18
430.0,0,690,2026-09-24,2026-09-18
432.5,0,1,2026-09-24,2026-09-18
435.0,0,20,2026-09-24,2026-09-18
437.5,0,3,2026-09-24,2026-09-18
440.0,0,25,2026-09-24,2026-09-18
442.5,0,4,2026-09-24,2026-09-18
445.0,1,9,2026-09-24,2026-09-18
447.5,0,7,2026-09-24,2026-09-18
450.0,4,64,2026-09-24,2026-09-18
452.5,4,8,2026-09-24,2026-09-18
455.0,2,53,2026-09-24,2026-09-18
457.5,0,11,2026-09-24,2026-09-18
460.0,7,38,2026-09-24,2026-09-18
462.5,0,13,2026-09-24,2026-09-18
465.0,2,327,2026-09-24,2026-09-18
467.5,0,10,2026-09-24,2026-09-18
470.0,11,142,2026-09-24,2026-09-18
472.5,0,6,2026-09-24,2026-09-18
475.0,6,208,2026-09-24,2026-09-18
477.5,2,73,2026-09-24,2026-09-18
480.0,24,270,2026-09-24,2026-09-18
482.5,13,58,2026-09-24,2026-09-18
485.0,54,101,2026-09-24,2026-09-18
487.5,22,15,2026-09-24,2026-09-18
490.0,18,165,2026-09-24,2026-09-18
492.5,4,120,2026-09-24,2026-09-18
495.0,25,142,2026-09-24,2026-09-18
497.5,6,50,2026-09-24,2026-09-18
500.0,57,967,2026-09-24,2026-09-18
502.5,71,53,2026-09-24,2026-09-18
505.0,39,437,2026-09-24,2026-09-18
507.5,21,136,2026-09-24,2026-09-18
510.0,168,134,2026-09-24,2026-09-18
512.5,95,685,2026-09-24,2026-09-18
515.0,93,96,2026-09-24,2026-09-18
517.5,10,52,2026-09-24,2026-09-18
520.0,59,277,2026-09-24,2026-09-18
522.5,55,455,2026-09-24,2026-09-18
525.0,70,378,2026-09-24,2026-09-18
527.5,32,202,2026-09-24,2026-09-18
530.0,233,299,2026-09-24,2026-09-18
532.5,74,124,2026-09-24,2026-09-18
535.0,117,104,2026-09-24,2026-09-18
537.5,141,184,2026-09-24,2026-09-18
540.0,363,207,2026-09-24,2026-09-18
542.5,118,121,2026-09-24,2026-09-18
545.0,181,109,2026-09-24,2026-09-18
547.5,81,156,2026-09-24,2026-09-18
550.0,187,89,2026-09-24,2026-09-18
552.5,110,41,2026-09-24,2026-09-18
555.0,137,11,2026-09-24,2026-09-18
556.53,90,0,2026-09-24,2026-09-18
557.5,22,10,2026-09-24,2026-09-18
560.0,195,32,2026-09-24,2026-09-18
562.5,92,1,2026-09-24,2026-09-18
565.0,98,1,2026-09-24,2026-09-18
567.5,33,1,2026-09-24,2026-09-18
570.0,148,3,2026-09-24,2026-09-18
572.5,87,0,2026-09-24,2026-09-18
575.0,180,17,2026-09-24,2026-09-18
577.5,108,15,2026-09-24,2026-09-18
580.0,1223,1,2026-09-24,2026-09-18
582.5,28,0,2026-09-24,2026-09-18
585.0,95,1,2026-09-24,2026-09-18
587.5,41,0,2026-09-24,2026-09-18
590.0,119,1,2026-09-24,2026-09-18
592.5,31,0,2026-09-24,2026-09-18
595.0,11,19,2026-09-24,2026-09-18
597.5,5,0,2026-09-24,2026-09-18
600.0,157,2,2026-09-24,2026-09-18
605.0,88,10,2026-09-24,2026-09-18
610.0,20,0,2026-09-24,2026-09-18
615.0,35,6,2026-09-24,2026-09-18
620.0,21,0,2026-09-24,2026-09-18
625.0,9,0,2026-09-24,2026-09-18
630.0,31,0,2026-09-24,2026-09-18
635.0,7,0,2026-09-24,2026-09-18
640.0,2,0,2026-09-24,2026-09-18
645.0,2,0,2026-09-24,2026-09-18
650.0,3,0,2026-09-24,2026-09-18
655.0,2,0,2026-09-24,2026-09-18
660.0,4,0,2026-09-24,2026-09-18
665.0,11,0,2026-09-24,2026-09-18
670.0,4,0,2026-09-24,2026-09-18
675.0,7,0,2026-09-24,2026-09-18
680.0,20,0,2026-09-24,2026-09-18
685.0,3,0,2026-09-24,2026-09-18
690.0,2,0,2026-09-24,2026-09-18
695.0,0,0,2026-09-24,2026-09-18
700.0,1,0,2026-09-24,2026-09-18
589.03,962,962,2026-09-25,2026-09-18
40.0,1,21,2026-09-26,2026-09-18
45.0,0,8,2026-09-26,2026-09-18
50.0,3,52,2026-09-26,2026-09-18
55.0,0,62,2026-09-26,2026-09-18
60.0,0,80,2026-09-26,2026-09-18
65.0,0,85,2026-09-26,2026-09-18
70.0,0,59,2026-09-26,2026-09-18
75.0,1,96,2026-09-26,2026-09-18
80.0,1,42,2026-09-26,2026-09-18
85.0,0,52,2026-09-26,2026-09-18
90.0,1,7,2026-09-26,2026-09-18
95.0,2,12,2026-09-26,2026-09-18
100.0,1,9,2026-09-26,2026-09-18
105.0,22,22,2026-09-26,2026-09-18
110.0,29,26,2026-09-26,2026-09-18
115.0,5,6,2026-09-26,2026-09-18
120.0,8,31,2026-09-26,2026-09-18
125.0,4,6,2026-09-26,2026-09-18
130.0,6,27,2026-09-26,2026-09-18
135.0,5,2,2026-09-26,2026-09-18
140.0,1,31,2026-09-26,2026-09-18
145.0,5,56,2026-09-26,2026-09-18
150.0,5,20,2026-09-26,2026-09-18
155.0,1,16,2026-09-26,2026-09-18
160.0,1,52,2026-09-26,2026-09-18
165.0,15,33,2026-09-26,2026-09-18
170.0,12,39,2026-09-26,2026-09-18
175.0,1,206,2026-09-26,2026-09-18
180.0,7,251,2026-09-26,2026-09-18
185.0,7,197,2026-09-26,2026-09-18
190.0,0,160,2026-09-26,2026-09-18
195.0,0,50,2026-09-26,2026-09-18
200.0,14,56,2026-09-26,2026-09-18
205.0,1,36,2026-09-26,2026-09-18
210.0,6,134,2026-09-26,2026-09-18
215.0,0,407,2026-09-26,2026-09-18
220.0,12,186,2026-09-26,2026-09-18
225.0,4,36,2026-09-26,2026-09-18
230.0,25,65,2026-09-26,2026-09-18
235.0,3,32,2026-09-26,2026-09-18
240.0,7,143,2026-09-26,2026-09-18
245.0,2,89,2026-09-26,2026-09-18
250.0,24,94,2026-09-26,2026-09-18
255.0,9,42,2026-09-26,2026-09-18
260.0,6,438,2026-09-26,2026-09-18
265.0,1,11,2026-09-26,2026-09-18
270.0,49,134,2026-09-26,2026-09-18
275.0,6,46,2026-09-26,2026-09-18
280.0,27,604,2026-09-26,2026-09-18
285.0,3,11,2026-09-26,2026-09-18
290.0,1,157,2026-09-26,2026-09-18
295.0,7,74,2026-09-26,2026-09-18
300.0,28,259,2026-09-26,2026-09-18
305.0,3,37,2026-09-26,2026-09-18
310.0,10,95,2026-09-26,2026-09-18
315.0,4,142,2026-09-26,2026-09-18
320.0,8,165,2026-09-26,2026-09-18
325.0,35,289,2026-09-26,2026-09-18
330.0,5,140,2026-09-26,2026-09-18
335.0,4,381,2026-09-26,2026-09-18
340.0,9,361,2026-09-26,2026-09-18
345.0,27,256,2026-09-26,2026-09-18
350.0,23,283,2026-09-26,2026-09-18
355.0,12,1777,2026-09-26,2026-09-18
360.0,8,320,2026-09-26,2026-09-18
365.0,9,554,2026-09-26,2026-09-18
370.0,17,151,2026-09-26,2026-09-18
375.0,1,3508,2026-09-26,2026-09-18
380.0,39,408,2026-09-26,2026-09-18
385.0,136,322,2026-09-26,2026-09-18
390.0,31,437,2026-09-26,2026-09-18
395.0,7,921,2026-09-26,2026-09-18
400.0,80,924,2026-09-26,2026-09-18
402.5,1,32,2026-09-26,2026-09-18
405.0,13,1365,2026-09-26,2026-09-18
407.5,0,5,2026-09-26,2026-09-18
410.0,16,396,2026-09-26,2026-09-18
412.5,0,17,2026-09-26,2026-09-18
415.0,10,543,2026-09-26,2026-09-18
417.5,0,9,2026-09-26,2026-09-18
420.0,281,1200,2026-09-26,2026-09-18
422.5,0,44,2026-09-26,2026-09-18
425.0,7,2022,2026-09-26,2026-09-18
427.5,0,43,2026-09-26,2026-09-18
430.0,26,2959,2026-09-26,2026-09-18
432.5,0,80,2026-09-26,2026-09-18
435.0,14,573,2026-09-26,2026-09-18
437.5,6,97,2026-09-26,2026-09-18
440.0,246,1236,2026-09-26,2026-09-18
442.5,13,124,2026-09-26,2026-09-18
445.0,73,635,2026-09-26,2026-09-18
447.5,0,50,2026-09-26,2026-09-18
450.0,278,1698,2026-09-26,2026-09-18
452.5,0,202,2026-09-26,2026-09-18
455.0,112,873,2026-09-26,2026-09-18
457.5,1,199,2026-09-26,2026-09-18
460.0,253,800,2026-09-26,2026-09-18
462.5,18,173,2026-09-26,2026-09-18
465.0,494,487,2026-09-26,2026-09-18
467.5,22,45,2026-09-26,2026-09-18
470.0,0,500,2026-09-26,2026-09-18
470.0,626,1436,2026-09-26,2026-09-18
472.5,64,113,2026-09-26,2026-09-18
475.0,511,651,2026-09-26,2026-09-18
477.5,43,149,2026-09-26,2026-09-18
480.0,338,882,2026-09-26,2026-09-18
482.5,35,322,2026-09-26,2026-09-18
485.0,242,355,2026-09-26,2026-09-18
487.5,81,214,2026-09-26,2026-09-18
490.0,263,1198,2026-09-26,2026-09-18
492.5,109,274,2026-09-26,2026-09-18
495.0,273,359,2026-09-26,2026-09-18
497.5,83,150,2026-09-26,2026-09-18
500.0,1063,1581,2026-09-26,2026-09-18
502.5,107,228,2026-09-26,2026-09-18
505.0,351,501,2026-09-26,2026-09-18
507.5,185,197,2026-09-26,2026-09-18
510.0,1581,626,2026-09-26,2026-09-18
512.5,262,146,2026-09-26,2026-09-18
515.0,1065,288,2026-09-26,2026-09-18
517.5,617,134,2026-09-26,2026-09-18
520.0,1131,1818,2026-09-26,2026-09-18
522.5,160,119,2026-09-26,2026-09-18
525.0,794,258,2026-09-26,2026-09-18
527.5,505,108,2026-09-26,2026-09-18
530.0,923,399,2026-09-26,2026-09-18
532.5,146,139,2026-09-26,2026-09-18
535.0,745,331,2026-09-26,2026-09-18
537.5,359,101,2026-09-26,2026-09-18
540.0,1788,564,2026-09-26,2026-09-18
542.5,316,194,2026-09-26,2026-09-18
545.0,2138,508,2026-09-26,2026-09-18
547.5,1141,143,2026-09-26,2026-09-18
550.0,4039,207,2026-09-26,2026-09-18
552.5,251,21,2026-09-26,2026-09-18
555.0,2705,90,2026-09-26,2026-09-18
557.5,383,41,2026-09-26,2026-09-18
560.0,2406,114,2026-09-26,2026-09-18
562.5,806,34,2026-09-26,2026-09-18
565.0,823,41,2026-09-26,2026-09-18
567.5,192,28,2026-09-26,2026-09-18
570.0,4057,20,2026-09-26,2026-09-18
572.5,107,4,2026-09-26,2026-09-18
575.0,1933,31,2026-09-26,2026-09-18
577.5,211,0,2026-09-26,2026-09-18
580.0,2542,36,2026-09-26,2026-09-18
582.5,267,0,2026-09-26,2026-09-18
585.0,868,36,2026-09-26,2026-09-18
587.5,160,5,2026-09-26,2026-09-18
590.0,911,5,2026-09-26,2026-09-18
592.5,74,4,2026-09-26,2026-09-18
595.0,305,0,2026-09-26,2026-09-18
597.5,119,0,2026-09-26,2026-09-18
600.0,7914,10,2026-09-26,2026-09-18
602.5,1761,0,2026-09-26,2026-09-18
605.0,414,19,2026-09-26,2026-09-18
607.5,192,0,2026-09-26,2026-09-18
610.0,1491,4,2026-09-26,2026-09-18
612.5,130,0,2026-09-26,2026-09-18
615.0,131,10,2026-09-26,2026-09-18
617.5,32,0,2026-09-26,2026-09-18
620.0,1750,0,2026-09-26,2026-09-18
622.5,78,15,2026-09-26,2026-09-18
625.0,610,0,2026-09-26,2026-09-18
627.5,26,0,2026-09-26,2026-09-18
630.0,213,0,2026-09-26,2026-09-18
632.5,17,0,2026-09-26,2026-09-18
635.0,100,0,2026-09-26,2026-09-18
637.5,29,0,2026-09-26,2026-09-18
640.0,204,2,2026-09-26,2026-09-18
645.0,198,0,2026-09-26,2026-09-18
650.0,2143,0,2026-09-26,2026-09-18
655.0,170,0,2026-09-26,2026-09-18
660.0,109,0,2026-09-26,2026-09-18
665.0,72,0,2026-09-26,2026-09-18
670.0,123,1,2026-09-26,2026-09-18
675.0,272,0,2026-09-26,2026-09-18
680.0,136,0,2026-09-26,2026-09-18
685.0,312,0,2026-09-26,2026-09-18
690.0,164,0,2026-09-26,2026-09-18
695.0,32,0,2026-09-26,2026-09-18
700.0,223,0,2026-09-26,2026-09-18
705.0,62,0,2026-09-26,2026-09-18
710.0,313,0,2026-09-26,2026-09-18
715.0,131,0,2026-09-26,2026-09-18
720.0,1231,0,2026-09-26,2026-09-18
725.0,35,0,2026-09-26,2026-09-18
730.0,51,0,2026-09-26,2026-09-18
735.0,39,0,2026-09-26,2026-09-18
740.0,50,0,2026-09-26,2026-09-18
750.0,108,0,2026-09-26,2026-09-18
760.0,41,0,2026-09-26,2026-09-18
770.0,72,0,2026-09-26,2026-09-18
780.0,42,0,2026-09-26,2026-09-18
790.0,70,0,2026-09-26,2026-09-18
800.0,118,0,2026-09-26,2026-09-18
810.0,125,0,2026-09-26,2026-09-18
820.0,301,0,2026-09-26,2026-09-18
830.0,19,0,2026-09-26,2026-09-18
840.0,64,0,2026-09-26,2026-09-18
850.0,21,0,2026-09-26,2026-09-18
860.0,171,0,2026-09-26,2026-09-18
870.0,74,0,2026-09-26,2026-09-18
880.0,62,0,2026-09-26,2026-09-18
890.0,52,0,2026-09-26,2026-09-18
900.0,94,0,2026-09-26,2026-09-18
910.0,14,0,2026-09-26,2026-09-18
920.0,103,0,2026-09-26,2026-09-18
930.0,171,0,2026-09-26,2026-09-18
940.0,97,0,2026-09-26,2026-09-18
950.0,48,0,2026-09-26,2026-09-18
960.0,25,0,2026-09-26,2026-09-18
970.0,18,0,2026-09-26,2026-09-18
980.0,58,0,2026-09-26,2026-09-18
990.0,79,0,2026-09-26,2026-09-18
400.0,1,1,2026-09-29,2026-09-18
405.0,1,0,2026-09-29,2026-09-18
410.0,0,0,2026-09-29,2026-09-18
415.0,0,4,2026-09-29,2026-09-18
420.0,0,2,2026-09-29,2026-09-18
425.0,0,0,2026-09-29,2026-09-18
430.0,1,7,2026-09-29,2026-09-18
435.0,0,11,2026-09-29,2026-09-18
440.0,1,1,2026-09-29,2026-09-18
445.0,2,92,2026-09-29,2026-09-18
450.0,4,49,2026-09-29,2026-09-18
452.5,0,11,2026-09-29,2026-09-18
455.0,0,4,2026-09-29,2026-09-18
457.5,0,6,2026-09-29,2026-09-18
460.0,14,11,2026-09-29,2026-09-18
462.5,1,3,2026-09-29,2026-09-18
465.0,0,11,2026-09-29,2026-09-18
467.5,0,12,2026-09-29,2026-09-18
470.0,1,67,2026-09-29,2026-09-18
472.5,0,7,2026-09-29,2026-09-18
475.0,0,9,2026-09-29,2026-09-18
477.5,1,6,2026-09-29,2026-09-18
480.0,6,23,2026-09-29,2026-09-18
482.5,0,17,2026-09-29,2026-09-18
485.0,49,49,2026-09-29,2026-09-18
487.5,3,1,2026-09-29,2026-09-18
490.0,24,53,2026-09-29,2026-09-18
492.5,0,4,2026-09-29,2026-09-18
495.0,35,27,2026-09-29,2026-09-18
497.5,0,24,2026-09-29,2026-09-18
500.0,65,45,2026-09-29,2026-09-18
502.5,23,7,2026-09-29,2026-09-18
505.0,11,33,2026-09-29,2026-09-18
507.5,7,6,2026-09-29,2026-09-18
510.0,12,36,2026-09-29,2026-09-18
512.5,3,9,2026-09-29,2026-09-18
515.0,45,38,2026-09-29,2026-09-18
517.5,7,3,2026-09-29,2026-09-18
520.0,15,26,2026-09-29,2026-09-18
522.5,17,30,2026-09-29,2026-09-18
525.0,34,26,2026-09-29,2026-09-18
527.5,21,21,2026-09-29,2026-09-18
530.0,27,32,2026-09-29,2026-09-18
535.0,38,22,2026-09-29,2026-09-18
540.0,37,57,2026-09-29,2026-09-18
545.0,98,29,2026-09-29,2026-09-18
550.0,513,44,2026-09-29,2026-09-18
555.0,23,13,2026-09-29,2026-09-18
560.0,56,12,2026-09-29,2026-09-18
565.0,41,1,2026-09-29,2026-09-18
570.0,25,13,2026-09-29,2026-09-18
575.0,23,1,2026-09-29,2026-09-18
580.0,18,0,2026-09-29,2026-09-18
585.0,51,5,2026-09-29,2026-09-18
590.0,13,1,2026-09-29,2026-09-18
595.0,1,0,2026-09-29,2026-09-18
600.0,41,0,2026-09-29,2026-09-18
605.0,13,0,2026-09-29,2026-09-18
610.0,14,0,2026-09-29,2026-09-18
615.0,4,4,2026-09-29,2026-09-18
620.0,3,0,2026-09-29,2026-09-18
625.0,13,0,2026-09-29,2026-09-18
630.0,8,0,2026-09-29,2026-09-18
635.0,3,1,2026-09-29,2026-09-18
640.0,0,0,2026-09-29,2026-09-18
645.0,6,0,2026-09-29,2026-09-18
650.0,30,35,2026-09-29,2026-09-18
518.03,961,961,2026-09-30,2026-09-18
400.0,0,12,2026-10-01,2026-09-18
405.0,0,0,2026-10-01,2026-09-18
410.0,0,3,2026-10-01,2026-09-18
415.0,0,5,2026-10-01,2026-09-18
420.0,0,55,2026-10-01,2026-09-18
425.0,0,9,2026-10-01,2026-09-18
430.0,0,10,2026-10-01,2026-09-18
435.0,0,2,2026-10-01,2026-09-18
440.0,0,42,2026-10-01,2026-09-18
445.0,0,3,2026-10-01,2026-09-18
450.0,0,18,2026-10-01,2026-09-18
452.5,0,2,2026-10-01,2026-09-18
455.0,1,5,2026-10-01,2026-09-18
457.5,0,0,2026-10-01,2026-09-18
460.0,0,25,2026-10-01,2026-09-18
462.5,0,3,2026-10-01,2026-09-18
465.0,0,11,2026-10-01,2026-09-18
467.5,1,2,2026-10-01,2026-09-18
470.0,0,13,2026-10-01,2026-09-18
472.5,0,4,2026-10-01,2026-09-18
475.0,6,8,2026-10-01,2026-09-18
477.5,0,7,2026-10-01,2026-09-18
480.0,1,196,2026-10-01,2026-09-18
482.5,0,0,2026-10-01,2026-09-18
485.0,4,43,2026-10-01,2026-09-18
487.5,0,12,2026-10-01,2026-09-18
490.0,5,35,2026-10-01,2026-09-18
492.5,0,5,2026-10-01,2026-09-18
495.0,6,31,2026-10-01,2026-09-18
497.5,0,2,2026-10-01,2026-09-18
500.0,30,74,2026-10-01,2026-09-18
502.5,5,4,2026-10-01,2026-09-18
505.0,17,26,2026-10-01,2026-09-18
507.5,1,1,2026-10-01,2026-09-18
510.0,17,84,2026-10-01,2026-09-18
512.5,5,41,2026-10-01,2026-09-18
515.0,6,46,2026-10-01,2026-09-18
517.5,7,8,2026-10-01,2026-09-18
520.0,30,268,2026-10-01,2026-09-18
522.5,8,6,2026-10-01,2026-09-18
525.0,40,121,2026-10-01,2026-09-18
527.5,4,4,2026-10-01,2026-09-18
530.0,61,44,2026-10-01,2026-09-18
535.0,71,48,2026-10-01,2026-09-18
540.0,64,25,2026-10-01,2026-09-18
545.0,64,20,2026-10-01,2026-09-18
550.0,88,40,2026-10-01,2026-09-18
555.0,15,4,2026-10-01,2026-09-18
560.0,40,24,2026-10-01,2026-09-18
565.0,18,2,2026-10-01,2026-09-18
570.0,30,0,2026-10-01,2026-09-18
575.0,16,0,2026-10-01,2026-09-18
580.0,67,0,2026-10-01,2026-09-18
585.0,14,1,2026-10-01,2026-09-18
590.0,17,1,2026-10-01,2026-09-18
595.0,20,0,2026-10-01,2026-09-18
600.0,125,9,2026-10-01,2026-09-18
605.0,7,3,2026-10-01,2026-09-18
610.0,11,11,2026-10-01,2026-09-18
615.0,13,0,2026-10-01,2026-09-18
620.0,78,0,2026-10-01,2026-09-18
625.0,7,0,2026-10-01,2026-09-18
630.0,2,0,2026-10-01,2026-09-18
635.0,8,1,2026-10-01,2026-09-18
640.0,13,2,2026-10-01,2026-09-18
645.0,0,0,2026-10-01,2026-09-18
650.0,67,0,2026-10-01,2026-09-18
559.03,1070,1070,2026-10-02,2026-09-18
40.0,0,48,2026-10-03,2026-09-18
45.0,0,30,2026-10-03,2026-09-18
50.0,0,18,2026-10-03,2026-09-18
55.0,0,8,2026-10-03,2026-09-18
60.0,0,25,2026-10-03,2026-09-18
65.0,0,30,2026-10-03,2026-09-18
70.0,1,5,2026-10-03,2026-09-18
75.0,0,38,2026-10-03,2026-09-18
80.0,0,1,2026-10-03,2026-09-18
85.0,0,53,2026-10-03,2026-09-18
90.0,0,16,2026-10-03,2026-09-18
95.0,0,0,2026-10-03,2026-09-18
100.0,0,33,2026-10-03,2026-09-18
105.0,0,0,2026-10-03,2026-09-18
110.0,1,0,2026-10-03,2026-09-18
115.0,5,1,2026-10-03,2026-09-18
120.0,1,3,2026-10-03,2026-09-18
125.0,14,11,2026-10-03,2026-09-18
130.0,2,1,2026-10-03,2026-09-18
135.0,2,5,2026-10-03,2026-09-18
140.0,0,0,2026-10-03,2026-09-18
145.0,8,4,2026-10-03,2026-09-18
150.0,0,3,2026-10-03,2026-09-18
155.0,2,13,2026-10-03,2026-09-18
160.0,10,4,2026-10-03,2026-09-18
165.0,30,13,2026-10-03,2026-09-18
170.0,19,24,2026-10-03,2026-09-18
175.0,23,217,2026-10-03,2026-09-18
180.0,12,51,2026-10-03,2026-09-18
185.0,5,114,2026-10-03,2026-09-18
190.0,22,92,2026-10-03,2026-09-18
195.0,3,112,2026-10-03,2026-09-18
200.0,25,55,2026-10-03,2026-09-18
205.0,3,38,2026-10-03,2026-09-18
210.0,11,130,2026-10-03,2026-09-18
215.0,72,78,2026-10-03,2026-09-18
220.0,24,40,2026-10-03,2026-09-18
225.0,2,44,2026-10-03,2026-09-18
230.0,8,18,2026-10-03,2026-09-18
235.0,1,23,2026-10-03,2026-09-18
240.0,14,34,2026-10-03,2026-09-18
245.0,1,51,2026-10-03,2026-09-18
250.0,22,24,2026-10-03,2026-09-18
255.0,3,188,2026-10-03,2026-09-18
260.0,2,131,2026-10-03,2026-09-18
265.0,3,14,2026-10-03,2026-09-18
270.0,2,27,2026-10-03,2026-09-18
275.0,3,27,2026-10-03,2026-09-18
280.0,19,345,2026-10-03,2026-09-18
285.0,2,53,2026-10-03,2026-09-18
290.0,7,141,2026-10-03,2026-09-18
295.0,13,79,2026-10-03,2026-09-18
300.0,43,102,2026-10-03,2026-09-18
305.0,10,33,2026-10-03,2026-09-18
310.0,21,10,2026-10-03,2026-09-18
315.0,10,18,2026-10-03,2026-09-18
320.0,49,1671,2026-10-03,2026-09-18
325.0,15,65,2026-10-03,2026-09-18
330.0,18,68,2026-10-03,2026-09-18
335.0,11,26,2026-10-03,2026-09-18
340.0,11,74,2026-10-03,2026-09-18
345.0,64,155,2026-10-03,2026-09-18
350.0,32,179,2026-10-03,2026-09-18
355.0,4,1362,2026-10-03,2026-09-18
360.0,15,342,2026-10-03,2026-09-18
365.0,14,183,2026-10-03,2026-09-18
370.0,64,229,2026-10-03,2026-09-18
375.0,20,348,2026-10-03,2026-09-18
380.0,24,468,2026-10-03,2026-09-18
385.0,33,261,2026-10-03,2026-09-18
390.0,12,281,2026-10-03,2026-09-18
395.0,1,148,2026-10-03,2026-09-18
400.0,285,798,2026-10-03,2026-09-18
405.0,19,610,2026-10-03,2026-09-18
410.0,75,16318,2026-10-03,2026-09-18
415.0,105,914,2026-10-03,2026-09-18
420.0,443,1184,2026-10-03,2026-09-18
425.0,24,772,2026-10-03,2026-09-18
430.0,34,1025,2026-10-03,2026-09-18
435.0,19,456,2026-10-03,2026-09-18
440.0,101,753,2026-10-03,2026-09-18
443.0,10100,10100,2026-10-03,2026-09-18
445.0,310,221,2026-10-03,2026-09-18
450.0,147,1477,2026-10-03,2026-09-18
455.0,77,976,2026-10-03,2026-09-18
460.0,188,446,2026-10-03,2026-09-18
465.0,4500,4500,2026-10-03,2026-09-18
465.0,231,411,2026-10-03,2026-09-18
470.0,5817,5817,2026-10-03,2026-09-18
470.0,172,1654,2026-10-03,2026-09-18
475.0,1049,552,2026-10-03,2026-09-18
480.0,329,547,2026-10-03,2026-09-18
485.0,538,658,2026-10-03,2026-09-18
490.0,425,300,2026-10-03,2026-09-18
492.5,36,80,2026-10-03,2026-09-18
495.0,234,429,2026-10-03,2026-09-18
497.5,27,35,2026-10-03,2026-09-18
500.0,463,758,2026-10-03,2026-09-18
502.5,103,119,2026-10-03,2026-09-18
505.0,314,420,2026-10-03,2026-09-18
507.5,84,101,2026-10-03,2026-09-18
510.0,285,264,2026-10-03,2026-09-18
512.5,60,136,2026-10-03,2026-09-18
515.0,758,176,2026-10-03,2026-09-18
517.5,56,78,2026-10-03,2026-09-18
520.0,4391,459,2026-10-03,2026-09-18
522.5,148,66,2026-10-03,2026-09-18
525.0,497,180,2026-10-03,2026-09-18
527.5,93,88,2026-10-03,2026-09-18
530.0,824,356,2026-10-03,2026-09-18
532.5,69,28,2026-10-03,2026-09-18
535.0,291,238,2026-10-03,2026-09-18
537.5,127,122,2026-10-03,2026-09-18
540.0,693,181,2026-10-03,2026-09-18
545.0,378,156,2026-10-03,2026-09-18
550.0,2082,265,2026-10-03,2026-09-18
555.0,1715,261,2026-10-03,2026-09-18
560.0,1040,39,2026-10-03,2026-09-18
565.0,309,19,2026-10-03,2026-09-18
570.0,1146,19,2026-10-03,2026-09-18
575.0,1361,41,2026-10-03,2026-09-18
580.0,940,4,2026-10-03,2026-09-18
585.0,295,16,2026-10-03,2026-09-18
590.0,737,2,2026-10-03,2026-09-18
595.0,966,0,2026-10-03,2026-09-18
600.0,1363,76,2026-10-03,2026-09-18
605.0,786,0,2026-10-03,2026-09-18
610.0,436,25,2026-10-03,2026-09-18
615.0,218,0,2026-10-03,2026-09-18
620.0,218,0,2026-10-03,2026-09-18
625.0,353,1,2026-10-03,2026-09-18
630.0,333,0,2026-10-03,2026-09-18
635.0,85,0,2026-10-03,2026-09-18
640.0,162,0,2026-10-03,2026-09-18
645.0,75,0,2026-10-03,2026-09-18
650.0,300,10,2026-10-03,2026-09-18
655.0,19,0,2026-10-03,2026-09-18
660.0,71,0,2026-10-03,2026-09-18
665.0,106,0,2026-10-03,2026-09-18
670.0,94,0,2026-10-03,2026-09-18
675.0,103,0,2026-10-03,2026-09-18
680.0,95,0,2026-10-03,2026-09-18
685.0,127,0,2026-10-03,2026-09-18
690.0,25,0,2026-10-03,2026-09-18
695.0,9,0,2026-10-03,2026-09-18
700.0,162,0,2026-10-03,2026-09-18
705.0,38,0,2026-10-03,2026-09-18
710.0,44,0,2026-10-03,2026-09-18
715.0,800,0,2026-10-03,2026-09-18
720.0,95,0,2026-10-03,2026-09-18
725.0,179,0,2026-10-03,2026-09-18
730.0,31,0,2026-10-03,2026-09-18
735.0,89,0,2026-10-03,2026-09-18
740.0,86,0,2026-10-03,2026-09-18
750.0,130,0,2026-10-03,2026-09-18
760.0,41,0,2026-10-03,2026-09-18
770.0,130,0,2026-10-03,2026-09-18
780.0,53,0,2026-10-03,2026-09-18
790.0,17,0,2026-10-03,2026-09-18
800.0,456,0,2026-10-03,2026-09-18
810.0,32,0,2026-10-03,2026-09-18
820.0,49,0,2026-10-03,2026-09-18
830.0,18,0,2026-10-03,2026-09-18
840.0,78,0,2026-10-03,2026-09-18
850.0,25,0,2026-10-03,2026-09-18
860.0,31,0,2026-10-03,2026-09-18
870.0,125,0,2026-10-03,2026-09-18
880.0,28,0,2026-10-03,2026-09-18
890.0,26,0,2026-10-03,2026-09-18
900.0,97,0,2026-10-03,2026-09-18
910.0,15,0,2026-10-03,2026-09-18
920.0,117,0,2026-10-03,2026-09-18
930.0,31,0,2026-10-03,2026-09-18
940.0,109,0,2026-10-03,2026-09-18
950.0,25,0,2026-10-03,2026-09-18
960.0,5,0,2026-10-03,2026-09-18
970.0,26,0,2026-10-03,2026-09-18
980.0,19,0,2026-10-03,2026-09-18
990.0,5,0,2026-10-03,2026-09-18
566.75,2,0,2026-10-09,2026-09-18
40.0,0,71,2026-10-10,2026-09-18
45.0,0,23,2026-10-10,2026-09-18
50.0,0,11,2026-10-10,2026-09-18
55.0,0,7,2026-10-10,2026-09-18
60.0,0,48,2026-10-10,2026-09-18
65.0,0,36,2026-10-10,2026-09-18
70.0,3,40,2026-10-10,2026-09-18
75.0,0,26,2026-10-10,2026-09-18
80.0,0,54,2026-10-10,2026-09-18
85.0,0,34,2026-10-10,2026-09-18
90.0,0,14,2026-10-10,2026-09-18
95.0,0,26,2026-10-10,2026-09-18
100.0,0,18,2026-10-10,2026-09-18
105.0,0,4,2026-10-10,2026-09-18
110.0,0,7,2026-10-10,2026-09-18
115.0,0,1,2026-10-10,2026-09-18
120.0,1,5,2026-10-10,2026-09-18
125.0,0,1,2026-10-10,2026-09-18
130.0,0,1,2026-10-10,2026-09-18
135.0,0,1,2026-10-10,2026-09-18
140.0,2,2,2026-10-10,2026-09-18
145.0,0,1,2026-10-10,2026-09-18
150.0,1,0,2026-10-10,2026-09-18
155.0,1,0,2026-10-10,2026-09-18
160.0,1,4,2026-10-10,2026-09-18
165.0,0,0,2026-10-10,2026-09-18
170.0,8,1,2026-10-10,2026-09-18
175.0,0,0,2026-10-10,2026-09-18
180.0,1,4,2026-10-10,2026-09-18
185.0,1,13,2026-10-10,2026-09-18
190.0,0,21,2026-10-10,2026-09-18
195.0,1,30,2026-10-10,2026-09-18
200.0,0,73,2026-10-10,2026-09-18
205.0,0,27,2026-10-10,2026-09-18
210.0,0,23,2026-10-10,2026-09-18
215.0,7,41,2026-10-10,2026-09-18
220.0,1,6,2026-10-10,2026-09-18
225.0,2,31,2026-10-10,2026-09-18
230.0,1,11,2026-10-10,2026-09-18
235.0,0,14,2026-10-10,2026-09-18
240.0,6,35,2026-10-10,2026-09-18
245.0,2,11,2026-10-10,2026-09-18
250.0,5,7,2026-10-10,2026-09-18
255.0,5,10,2026-10-10,2026-09-18
260.0,1,12,2026-10-10,2026-09-18
265.0,0,12,2026-10-10,2026-09-18
270.0,0,19,2026-10-10,2026-09-18
275.0,2,44,2026-10-10,2026-09-18
280.0,0,59,2026-10-10,2026-09-18
285.0,0,49,2026-10-10,2026-09-18
290.0,0,160,2026-10-10,2026-09-18
295.0,0,35,2026-10-10,2026-09-18
300.0,1,57,2026-10-10,2026-09-18
305.0,2,34,2026-10-10,2026-09-18
310.0,0,9035,2026-10-10,2026-09-18
315.0,1,4,2026-10-10,2026-09-18
320.0,4,92,2026-10-10,2026-09-18
325.0,2,47,2026-10-10,2026-09-18
330.0,8,45,2026-10-10,2026-09-18
335.0,1,54,2026-10-10,2026-09-18
340.0,1,80,2026-10-10,2026-09-18
345.0,1,52,2026-10-10,2026-09-18
350.0,3,1058,2026-10-10,2026-09-18
355.0,0,51,2026-10-10,2026-09-18
360.0,2,102,2026-10-10,2026-09-18
365.0,0,60,2026-10-10,2026-09-18
370.0,3,46,2026-10-10,2026-09-18
375.0,5,61,2026-10-10,2026-09-18
380.0,7,91,2026-10-10,2026-09-18
385.0,5,1360,2026-10-10,2026-09-18
390.0,16,85,2026-10-10,2026-09-18
395.0,0,113,2026-10-10,2026-09-18
400.0,28,237,2026-10-10,2026-09-18
405.0,1,240,2026-10-10,2026-09-18
410.0,3,140,2026-10-10,2026-09-18
415.0,16,193,2026-10-10,2026-09-18
420.0,13,2525,2026-10-10,2026-09-18
425.0,11,97,2026-10-10,2026-09-18
430.0,7,187,2026-10-10,2026-09-18
435.0,8,354,2026-10-10,2026-09-18
440.0,30,414,2026-10-10,2026-09-18
445.0,15,468,2026-10-10,2026-09-18
450.0,137,358,2026-10-10,2026-09-18
455.0,49,162,2026-10-10,2026-09-18
460.0,66,162,2026-10-10,2026-09-18
465.0,67,137,2026-10-10,2026-09-18
470.0,48,772,2026-10-10,2026-09-18
475.0,223,193,2026-10-10,2026-09-18
480.0,196,230,2026-10-10,2026-09-18
485.0,118,120,2026-10-10,2026-09-18
490.0,1498,167,2026-10-10,2026-09-18
495.0,109,130,2026-10-10,2026-09-18
500.0,297,363,2026-10-10,2026-09-18
505.0,344,147,2026-10-10,2026-09-18
510.0,316,224,2026-10-10,2026-09-18
515.0,1173,193,2026-10-10,2026-09-18
520.0,460,152,2026-10-10,2026-09-18
525.0,196,68,2026-10-10,2026-09-18
530.0,485,91,2026-10-10,2026-09-18
535.0,110,59,2026-10-10,2026-09-18
540.0,147,149,2026-10-10,2026-09-18
545.0,309,33,2026-10-10,2026-09-18
550.0,508,183,2026-10-10,2026-09-18
555.0,140,8,2026-10-10,2026-09-18
560.0,351,11,2026-10-10,2026-09-18
565.0,291,24,2026-10-10,2026-09-18
570.0,1025,28,2026-10-10,2026-09-18
575.0,283,19,2026-10-10,2026-09-18
580.0,322,5,2026-10-10,2026-09-18
585.0,114,4,2026-10-10,2026-09-18
590.0,170,0,2026-10-10,2026-09-18
595.0,176,44,2026-10-10,2026-09-18
600.0,703,2,2026-10-10,2026-09-18
605.0,441,4,2026-10-10,2026-09-18
610.0,259,0,2026-10-10,2026-09-18
615.0,207,0,2026-10-10,2026-09-18
620.0,193,4,2026-10-10,2026-09-18
625.0,35,0,2026-10-10,2026-09-18
630.0,127,10,2026-10-10,2026-09-18
635.0,37,0,2026-10-10,2026-09-18
640.0,285,2,2026-10-10,2026-09-18
645.0,12,0,2026-10-10,2026-09-18
650.0,82,0,2026-10-10,2026-09-18
655.0,44,0,2026-10-10,2026-09-18
660.0,42,0,2026-10-10,2026-09-18
665.0,5,0,2026-10-10,2026-09-18
670.0,17,0,2026-10-10,2026-09-18
675.0,21,0,2026-10-10,2026-09-18
680.0,8,0,2026-10-10,2026-09-18
685.0,1,0,2026-10-10,2026-09-18
690.0,114,0,2026-10-10,2026-09-18
695.0,4,0,2026-10-10,2026-09-18
700.0,31,0,2026-10-10,2026-09-18
705.0,4,0,2026-10-10,2026-09-18
710.0,65,0,2026-10-10,2026-09-18
715.0,16,0,2026-10-10,2026-09-18
720.0,38,0,2026-10-10,2026-09-18
725.0,14,0,2026-10-10,2026-09-18
730.0,52,0,2026-10-10,2026-09-18
735.0,11,0,2026-10-10,2026-09-18
740.0,24,0,2026-10-10,2026-09-18
750.0,29,0,2026-10-10,2026-09-18
760.0,34,0,2026-10-10,2026-09-18
770.0,62,0,2026-10-10,2026-09-18
780.0,69,0,2026-10-10,2026-09-18
790.0,28,0,2026-10-10,2026-09-18
800.0,16,0,2026-10-10,2026-09-18
810.0,9,0,2026-10-10,2026-09-18
820.0,6,0,2026-10-10,2026-09-18
830.0,4,0,2026-10-10,2026-09-18
840.0,11,0,2026-10-10,2026-09-18
850.0,13,0,2026-10-10,2026-09-18
860.0,15,0,2026-10-10,2026-09-18
870.0,12,0,2026-10-10,2026-09-18
880.0,13,0,2026-10-10,2026-09-18
890.0,14,0,2026-10-10,2026-09-18
900.0,18,0,2026-10-10,2026-09-18
910.0,5,0,2026-10-10,2026-09-18
920.0,14,0,2026-10-10,2026-09-18
930.0,20,0,2026-10-10,2026-09-18
940.0,8,0,2026-10-10,2026-09-18
950.0,15,0,2026-10-10,2026-09-18
960.0,116,0,2026-10-10,2026-09-18
100.0,196,1032,2026-10-17,2026-09-18
105.0,81,159,2026-10-17,2026-09-18
110.0,32,527,2026-10-17,2026-09-18
115.0,27,103,2026-10-17,2026-09-18
120.0,56,1490,2026-10-17,2026-09-18
125.0,84,462,2026-10-17,2026-09-18
130.0,82,399,2026-10-17,2026-09-18
135.0,153,260,2026-10-17,2026-09-18
140.0,167,518,2026-10-17,2026-09-18
145.0,136,484,2026-10-17,2026-09-18
150.0,138,2502,2026-10-17,2026-09-18
155.0,135,253,2026-10-17,2026-09-18
160.0,204,2376,2026-10-17,2026-09-18
165.0,95,982,2026-10-17,2026-09-18
170.0,129,412,2026-10-17,2026-09-18
175.0,134,990,2026-10-17,2026-09-18
180.0,277,764,2026-10-17,2026-09-18
185.0,228,400,2026-10-17,2026-09-18
190.0,972,312,2026-10-17,2026-09-18
195.0,204,751,2026-10-17,2026-09-18
200.0,422,2807,2026-10-17,2026-09-18
210.0,638,876,2026-10-17,2026-09-18
220.0,256,774,2026-10-17,2026-09-18
230.0,515,634,2026-10-17,2026-09-18
240.0,371,933,2026-10-17,2026-09-18
250.0,908,1288,2026-10-17,2026-09-18
257.0,1138,0,2026-10-17,2026-09-18
260.0,465,2171,2026-10-17,2026-09-18
270.0,469,1085,2026-10-17,2026-09-18
280.0,896,905,2026-10-17,2026-09-18
290.0,323,1194,2026-10-17,2026-09-18
300.0,983,5748,2026-10-17,2026-09-18
310.0,434,1493,2026-10-17,2026-09-18
320.0,930,1719,2026-10-17,2026-09-18
330.0,947,1980,2026-10-17,2026-09-18
340.0,672,1246,2026-10-17,2026-09-18
350.0,611,3724,2026-10-17,2026-09-18
360.0,257,1682,2026-10-17,2026-09-18
370.0,589,6771,2026-10-17,2026-09-18
380.0,551,3195,2026-10-17,2026-09-18
390.0,250,2433,2026-10-17,2026-09-18
400.0,3,0,2026-10-17,2026-09-18
400.0,603,9288,2026-10-17,2026-09-18
410.0,239,2377,2026-10-17,2026-09-18
420.0,417,7176,2026-10-17,2026-09-18
430.0,1000,1000,2026-10-17,2026-09-18
430.0,408,3496,2026-10-17,2026-09-18
440.0,381,3489,2026-10-17,2026-09-18
450.0,6427,6230,2026-10-17,2026-09-18
460.0,2000,2000,2026-10-17,2026-09-18
460.0,948,3371,2026-10-17,2026-09-18
470.0,1970,1970,2026-10-17,2026-09-18
470.0,1481,2987,2026-10-17,2026-09-18
475.0,5000,5000,2026-10-17,2026-09-18
480.0,17740,17740,2026-10-17,2026-09-18
480.0,1760,2757,2026-10-17,2026-09-18
490.0,8324,8324,2026-10-17,2026-09-18
490.0,12390,1844,2026-10-17,2026-09-18
490.01,0,8280,2026-10-17,2026-09-18
495.0,1500,1500,2026-10-17,2026-09-18
500.0,2250,2250,2026-10-17,2026-09-18
500.0,2881,2772,2026-10-17,2026-09-18
510.0,4000,4000,2026-10-17,2026-09-18
510.0,2354,1118,2026-10-17,2026-09-18
520.0,404,404,2026-10-17,2026-09-18
520.0,3293,3007,2026-10-17,2026-09-18
520.01,193,0,2026-10-17,2026-09-18
525.0,500,500,2026-10-17,2026-09-18
530.0,3763,3763,2026-10-17,2026-09-18
530.0,3533,1009,2026-10-17,2026-09-18
540.0,4591,1983,2026-10-17,2026-09-18
550.0,47,37,2026-10-17,2026-09-18
550.0,4315,905,2026-10-17,2026-09-18
560.0,2260,926,2026-10-17,2026-09-18
570.0,1809,645,2026-10-17,2026-09-18
580.0,7,0,2026-10-17,2026-09-18
580.0,3397,167,2026-10-17,2026-09-18
590.0,1839,90,2026-10-17,2026-09-18
600.0,6645,204,2026-10-17,2026-09-18
610.0,2952,6,2026-10-17,2026-09-18
620.0,1629,103,2026-10-17,2026-09-18
630.0,905,26,2026-10-17,2026-09-18
640.0,1447,36,2026-10-17,2026-09-18
650.0,3084,0,2026-10-17,2026-09-18
660.0,627,3,2026-10-17,2026-09-18
670.0,265,0,2026-10-17,2026-09-18
680.0,632,1,2026-10-17,2026-09-18
690.0,584,1,2026-10-17,2026-09-18
700.0,2882,2,2026-10-17,2026-09-18
710.0,443,0,2026-10-17,2026-09-18
720.0,686,0,2026-10-17,2026-09-18
730.0,220,0,2026-10-17,2026-09-18
740.0,293,0,2026-10-17,2026-09-18
750.0,1411,0,2026-10-17,2026-09-18
760.0,1110,0,2026-10-17,2026-09-18
770.0,470,0,2026-10-17,2026-09-18
780.0,498,0,2026-10-17,2026-09-18
790.0,418,0,2026-10-17,2026-09-18
800.0,2838,0,2026-10-17,2026-09-18
810.0,251,0,2026-10-17,2026-09-18
820.0,496,0,2026-10-17,2026-09-18
830.0,454,0,2026-10-17,2026-09-18
840.0,166,0,2026-10-17,2026-09-18
850.0,256,0,2026-10-17,2026-09-18
860.0,318,0,2026-10-17,2026-09-18
870.0,58,0,2026-10-17,2026-09-18
880.0,98,0,2026-10-17,2026-09-18
890.0,165,0,2026-10-17,2026-09-18
900.0,1624,0,2026-10-17,2026-09-18
910.0,177,0,2026-10-17,2026-09-18
920.0,359,0,2026-10-17,2026-09-18
930.0,308,0,2026-10-17,2026-09-18
940.0,201,0,2026-10-17,2026-09-18
950.0,876,0,2026-10-17,2026-09-18
960.0,143,0,2026-10-17,2026-09-18
970.0,159,0,2026-10-17,2026-09-18
980.0,74,0,2026-10-17,2026-09-18
990.0,73,0,2026-10-17,2026-09-18
1000.0,541,0,2026-10-17,2026-09-18
1010.0,274,0,2026-10-17,2026-09-18
1020.0,165,0,2026-10-17,2026-09-18
1030.0,87,0,2026-10-17,2026-09-18
1040.0,79,0,2026-10-17,2026-09-18
1050.0,374,0,2026-10-17,2026-09-18
1060.0,448,0,2026-10-17,2026-09-18
1070.0,288,0,2026-10-17,2026-09-18
1080.0,4732,0,2026-10-17,2026-09-18
1090.0,144,0,2026-10-17,2026-09-18
1100.0,181,0,2026-10-17,2026-09-18
1110.0,407,0,2026-10-17,2026-09-18
1120.0,5696,0,2026-10-17,2026-09-18
40.0,0,0,2026-10-24,2026-09-18
45.0,0,0,2026-10-24,2026-09-18
50.0,6,0,2026-10-24,2026-09-18
55.0,0,0,2026-10-24,2026-09-18
60.0,0,0,2026-10-24,2026-09-18
65.0,0,0,2026-10-24,2026-09-18
70.0,0,0,2026-10-24,2026-09-18
75.0,0,0,2026-10-24,2026-09-18
80.0,0,0,2026-10-24,2026-09-18
85.0,0,0,2026-10-24,2026-09-18
90.0,0,0,2026-10-24,2026-09-18
95.0,0,0,2026-10-24,2026-09-18
100.0,0,0,2026-10-24,2026-09-18
105.0,0,0,2026-10-24,2026-09-18
110.0,5,0,2026-10-24,2026-09-18
115.0,2,0,2026-10-24,2026-09-18
120.0,2,0,2026-10-24,2026-09-18
125.0,0,0,2026-10-24,2026-09-18
130.0,0,0,2026-10-24,2026-09-18
135.0,0,0,2026-10-24,2026-09-18
140.0,0,1,2026-10-24,2026-09-18
145.0,0,0,2026-10-24,2026-09-18
150.0,4,0,2026-10-24,2026-09-18
155.0,1,2,2026-10-24,2026-09-18
160.0,2,0,2026-10-24,2026-09-18
165.0,0,0,2026-10-24,2026-09-18
170.0,0,0,2026-10-24,2026-09-18
175.0,1,4,2026-10-24,2026-09-18
180.0,7,0,2026-10-24,2026-09-18
185.0,1,0,2026-10-24,2026-09-18
190.0,0,7,2026-10-24,2026-09-18
195.0,0,1,2026-10-24,2026-09-18
200.0,1,63,2026-10-24,2026-09-18
205.0,0,12,2026-10-24,2026-09-18
210.0,3,16,2026-10-24,2026-09-18
215.0,2,14,2026-10-24,2026-09-18
220.0,3,146,2026-10-24,2026-09-18
225.0,0,8,2026-10-24,2026-09-18
230.0,2,10,2026-10-24,2026-09-18
235.0,1,9,2026-10-24,2026-09-18
240.0,7,7,2026-10-24,2026-09-18
245.0,1,3,2026-10-24,2026-09-18
250.0,2,17,2026-10-24,2026-09-18
255.0,1,11,2026-10-24,2026-09-18
260.0,4,8,2026-10-24,2026-09-18
265.0,1,16,2026-10-24,2026-09-18
270.0,1,8,2026-10-24,2026-09-18
275.0,0,4,2026-10-24,2026-09-18
280.0,2,5,2026-10-24,2026-09-18
285.0,0,12,2026-10-24,2026-09-18
290.0,0,49,2026-10-24,2026-09-18
295.0,0,19,2026-10-24,2026-09-18
300.0,2,33,2026-10-24,2026-09-18
305.0,0,7,2026-10-24,2026-09-18
310.0,0,32,2026-10-24,2026-09-18
315.0,0,11,2026-10-24,2026-09-18
320.0,3,24,2026-10-24,2026-09-18
325.0,0,9,2026-10-24,2026-09-18
330.0,0,37,2026-10-24,2026-09-18
335.0,0,7,2026-10-24,2026-09-18
340.0,0,42,2026-10-24,2026-09-18
345.0,1,5,2026-10-24,2026-09-18
350.0,0,106,2026-10-24,2026-09-18
355.0,0,96,2026-10-24,2026-09-18
360.0,0,78,2026-10-24,2026-09-18
365.0,0,15,2026-10-24,2026-09-18
370.0,1,39,2026-10-24,2026-09-18
375.0,0,34,2026-10-24,2026-09-18
380.0,4,112,2026-10-24,2026-09-18
385.0,2,73,2026-10-24,2026-09-18
390.0,8,43,2026-10-24,2026-09-18
395.0,0,37,2026-10-24,2026-09-18
400.0,1,217,2026-10-24,2026-09-18
405.0,1,112,2026-10-24,2026-09-18
410.0,4,68,2026-10-24,2026-09-18
415.0,5,70,2026-10-24,2026-09-18
420.0,12,223,2026-10-24,2026-09-18
425.0,4,258,2026-10-24,2026-09-18
430.0,95,206,2026-10-24,2026-09-18
435.0,2,130,2026-10-24,2026-09-18
440.0,36,209,2026-10-24,2026-09-18
445.0,15,153,2026-10-24,2026-09-18
450.0,20,225,2026-10-24,2026-09-18
455.0,41,94,2026-10-24,2026-09-18
460.0,14,220,2026-10-24,2026-09-18
465.0,42,201,2026-10-24,2026-09-18
470.0,70,173,2026-10-24,2026-09-18
475.0,155,125,2026-10-24,2026-09-18
480.0,61,156,2026-10-24,2026-09-18
485.0,6500,6500,2026-10-24,2026-09-18
485.0,42,241,2026-10-24,2026-09-18
490.0,122,227,2026-10-24,2026-09-18
495.0,62,140,2026-10-24,2026-09-18
500.0,174,247,2026-10-24,2026-09-18
505.0,73,122,2026-10-24,2026-09-18
510.0,106,125,2026-10-24,2026-09-18
515.0,250,181,2026-10-24,2026-09-18
520.0,2397,271,2026-10-24,2026-09-18
525.0,265,61,2026-10-24,2026-09-18
530.0,912,190,2026-10-24,2026-09-18
535.0,111,85,2026-10-24,2026-09-18
540.0,187,74,2026-10-24,2026-09-18
545.0,149,87,2026-10-24,2026-09-18
550.0,251,49,2026-10-24,2026-09-18
555.0,138,50,2026-10-24,2026-09-18
560.0,215,16,2026-10-24,2026-09-18
565.0,122,42,2026-10-24,2026-09-18
570.0,341,15,2026-10-24,2026-09-18
575.0,125,5,2026-10-24,2026-09-18
580.0,203,43,2026-10-24,2026-09-18
585.0,93,1,2026-10-24,2026-09-18
590.0,136,16,2026-10-24,2026-09-18
595.0,138,7,2026-10-24,2026-09-18
600.0,438,28,2026-10-24,2026-09-18
605.0,517,0,2026-10-24,2026-09-18
610.0,252,0,2026-10-24,2026-09-18
615.0,257,0,2026-10-24,2026-09-18
620.0,261,0,2026-10-24,2026-09-18
625.0,78,3,2026-10-24,2026-09-18
630.0,1580,0,2026-10-24,2026-09-18
635.0,94,1,2026-10-24,2026-09-18
640.0,78,0,2026-10-24,2026-09-18
645.0,151,1,2026-10-24,2026-09-18
650.0,86,0,2026-10-24,2026-09-18
655.0,33,0,2026-10-24,2026-09-18
660.0,161,8,2026-10-24,2026-09-18
665.0,47,9,2026-10-24,2026-09-18
670.0,32,0,2026-10-24,2026-09-18
675.0,97,0,2026-10-24,2026-09-18
680.0,83,0,2026-10-24,2026-09-18
685.0,71,8,2026-10-24,2026-09-18
690.0,8,3,2026-10-24,2026-09-18
695.0,25,17,2026-10-24,2026-09-18
700.0,98,3,2026-10-24,2026-09-18
705.0,3,0,2026-10-24,2026-09-18
710.0,16,0,2026-10-24,2026-09-18
715.0,6,0,2026-10-24,2026-09-18
720.0,8,0,2026-10-24,2026-09-18
725.0,8,0,2026-10-24,2026-09-18
730.0,51,0,2026-10-24,2026-09-18
735.0,41,0,2026-10-24,2026-09-18
740.0,55,0,2026-10-24,2026-09-18
750.0,7,0,2026-10-24,2026-09-18
760.0,9,0,2026-10-24,2026-09-18
770.0,3,0,2026-10-24,2026-09-18
780.0,7,2,2026-10-24,2026-09-18
790.0,1,0,2026-10-24,2026-09-18
800.0,77,0,2026-10-24,2026-09-18
810.0,1,0,2026-10-24,2026-09-18
820.0,19,0,2026-10-24,2026-09-18
830.0,0,0,2026-10-24,2026-09-18
840.0,7,0,2026-10-24,2026-09-18
850.0,1,0,2026-10-24,2026-09-18
860.0,0,0,2026-10-24,2026-09-18
870.0,2,0,2026-10-24,2026-09-18
880.0,75,0,2026-10-24,2026-09-18
890.0,178,0,2026-10-24,2026-09-18
900.0,182,0,2026-10-24,2026-09-18
910.0,1,0,2026-10-24,2026-09-18
920.0,2,0,2026-10-24,2026-09-18
930.0,7,0,2026-10-24,2026-09-18
940.0,3,0,2026-10-24,2026-09-18
950.0,1,0,2026-10-24,2026-09-18
960.0,5,0,2026-10-24,2026-09-18
40.0,0,2,2026-10-31,2026-09-18
50.0,0,0,2026-10-31,2026-09-18
60.0,0,0,2026-10-31,2026-09-18
70.0,0,0,2026-10-31,2026-09-18
80.0,0,0,2026-10-31,2026-09-18
90.0,0,0,2026-10-31,2026-09-18
100.0,0,0,2026-10-31,2026-09-18
110.0,0,0,2026-10-31,2026-09-18
120.0,0,0,2026-10-31,2026-09-18
130.0,0,0,2026-10-31,2026-09-18
140.0,0,0,2026-10-31,2026-09-18
150.0,0,0,2026-10-31,2026-09-18
160.0,0,0,2026-10-31,2026-09-18
170.0,1,0,2026-10-31,2026-09-18
180.0,0,0,2026-10-31,2026-09-18
190.0,0,0,2026-10-31,2026-09-18
200.0,6,2,2026-10-31,2026-09-18
210.0,0,1,2026-10-31,2026-09-18
220.0,9,0,2026-10-31,2026-09-18
220.0,0,3,2026-10-31,2026-09-18
230.0,0,9,2026-10-31,2026-09-18
240.0,0,3,2026-10-31,2026-09-18
250.0,0,7,2026-10-31,2026-09-18
255.0,1,0,2026-10-31,2026-09-18
260.0,2,46,2026-10-31,2026-09-18
270.0,1,39,2026-10-31,2026-09-18
280.0,0,2,2026-10-31,2026-09-18
290.0,0,71,2026-10-31,2026-09-18
300.0,0,33,2026-10-31,2026-09-18
310.0,0,22,2026-10-31,2026-09-18
315.0,0,15,2026-10-31,2026-09-18
320.0,1,37,2026-10-31,2026-09-18
325.0,1,25,2026-10-31,2026-09-18
330.0,0,56,2026-10-31,2026-09-18
335.0,0,6,2026-10-31,2026-09-18
340.0,2,50,2026-10-31,2026-09-18
345.0,1,5,2026-10-31,2026-09-18
350.0,10,31,2026-10-31,2026-09-18
355.0,1,12,2026-10-31,2026-09-18
360.0,3,8,2026-10-31,2026-09-18
365.0,0,6,2026-10-31,2026-09-18
370.0,0,18,2026-10-31,2026-09-18
375.0,0,55,2026-10-31,2026-09-18
380.0,0,57,2026-10-31,2026-09-18
385.0,0,25,2026-10-31,2026-09-18
390.0,1,68,2026-10-31,2026-09-18
395.0,8,17,2026-10-31,2026-09-18
400.0,6,82,2026-10-31,2026-09-18
405.0,1,9,2026-10-31,2026-09-18
410.0,2,46,2026-10-31,2026-09-18
415.0,0,25,2026-10-31,2026-09-18
420.0,1,102,2026-10-31,2026-09-18
425.0,1,58,2026-10-31,2026-09-18
430.0,2,117,2026-10-31,2026-09-18
435.0,1,47,2026-10-31,2026-09-18
440.0,1,65,2026-10-31,2026-09-18
445.0,0,37,2026-10-31,2026-09-18
450.0,6,264,2026-10-31,2026-09-18
455.0,2,100,2026-10-31,2026-09-18
460.0,0,134,2026-10-31,2026-09-18
465.0,21,44,2026-10-31,2026-09-18
470.0,23,96,2026-10-31,2026-09-18
475.0,21,85,2026-10-31,2026-09-18
480.0,29,97,2026-10-31,2026-09-18
485.0,50,47,2026-10-31,2026-09-18
490.0,59,62,2026-10-31,2026-09-18
495.0,40,136,2026-10-31,2026-09-18
500.0,51,264,2026-10-31,2026-09-18
505.0,48,24,2026-10-31,2026-09-18
510.0,31,70,2026-10-31,2026-09-18
515.0,26,28,2026-10-31,2026-09-18
520.0,70,127,2026-10-31,2026-09-18
525.0,39,59,2026-10-31,2026-09-18
530.0,99,39,2026-10-31,2026-09-18
535.0,59,34,2026-10-31,2026-09-18
540.0,63,61,2026-10-31,2026-09-18
545.0,145,17,2026-10-31,2026-09-18
550.0,219,71,2026-10-31,2026-09-18
555.0,100,0,2026-10-31,2026-09-18
560.0,259,4,2026-10-31,2026-09-18
565.0,72,5,2026-10-31,2026-09-18
570.0,147,0,2026-10-31,2026-09-18
575.0,75,264,2026-10-31,2026-09-18
580.0,152,251,2026-10-31,2026-09-18
585.0,107,0,2026-10-31,2026-09-18
590.0,44,32,2026-10-31,2026-09-18
595.0,97,2,2026-10-31,2026-09-18
600.0,255,28,2026-10-31,2026-09-18
605.0,27,0,2026-10-31,2026-09-18
610.0,51,0,2026-10-31,2026-09-18
615.0,35,0,2026-10-31,2026-09-18
620.0,111,0,2026-10-31,2026-09-18
625.0,33,2,2026-10-31,2026-09-18
630.0,61,1,2026-10-31,2026-09-18
635.0,47,1,2026-10-31,2026-09-18
640.0,115,1,2026-10-31,2026-09-18
645.0,218,1,2026-10-31,2026-09-18
650.0,331,0,2026-10-31,2026-09-18
655.0,56,0,2026-10-31,2026-09-18
660.0,56,0,2026-10-31,2026-09-18
665.0,24,0,2026-10-31,2026-09-18
670.0,18,2,2026-10-31,2026-09-18
675.0,14,1,2026-10-31,2026-09-18
680.0,43,2,2026-10-31,2026-09-18
685.0,41,1,2026-10-31,2026-09-18
690.0,8,0,2026-10-31,2026-09-18
695.0,48,0,2026-10-31,2026-09-18
700.0,56,0,2026-10-31,2026-09-18
705.0,2,0,2026-10-31,2026-09-18
710.0,13,0,2026-10-31,2026-09-18
720.0,1,0,2026-10-31,2026-09-18
730.0,2,0,2026-10-31,2026-09-18
740.0,0,0,2026-10-31,2026-09-18
750.0,26,0,2026-10-31,2026-09-18
760.0,2,0,2026-10-31,2026-09-18
770.0,1,0,2026-10-31,2026-09-18
780.0,1,0,2026-10-31,2026-09-18
790.0,0,0,2026-10-31,2026-09-18
800.0,6,0,2026-10-31,2026-09-18
810.0,1,0,2026-10-31,2026-09-18
820.0,0,0,2026-10-31,2026-09-18
830.0,30,0,2026-10-31,2026-09-18
840.0,2,0,2026-10-31,2026-09-18
850.0,29,0,2026-10-31,2026-09-18
860.0,13,0,2026-10-31,2026-09-18
870.0,23,0,2026-10-31,2026-09-18
880.0,12,0,2026-10-31,2026-09-18
890.0,7,0,2026-10-31,2026-09-18
900.0,36,0,2026-10-31,2026-09-18
910.0,15,0,2026-10-31,2026-09-18
920.0,23,0,2026-10-31,2026-09-18
930.0,7,0,2026-10-31,2026-09-18
940.0,7,0,2026-10-31,2026-09-18
950.0,3,0,2026-10-31,2026-09-18
960.0,39,0,2026-10-31,2026-09-18
489.03,9300,9300,2026-11-04,2026-09-18
523.02,13018,13018,2026-11-04,2026-09-18
535.0,375,375,2026-11-07,2026-09-18
100.0,101,1194,2026-11-21,2026-09-18
105.0,105,594,2026-11-21,2026-09-18
110.0,58,359,2026-11-21,2026-09-18
115.0,71,181,2026-11-21,2026-09-18
120.0,168,1306,2026-11-21,2026-09-18
125.0,103,539,2026-11-21,2026-09-18
130.0,66,1921,2026-11-21,2026-09-18
135.0,112,597,2026-11-21,2026-09-18
140.0,244,2942,2026-11-21,2026-09-18
145.0,236,268,2026-11-21,2026-09-18
150.0,257,1369,2026-11-21,2026-09-18
155.0,118,1063,2026-11-21,2026-09-18
160.0,146,3215,2026-11-21,2026-09-18
165.0,139,1545,2026-11-21,2026-09-18
170.0,165,1057,2026-11-21,2026-09-18
175.0,96,820,2026-11-21,2026-09-18
180.0,170,993,2026-11-21,2026-09-18
185.0,112,953,2026-11-21,2026-09-18
190.0,112,4725,2026-11-21,2026-09-18
195.0,412,954,2026-11-21,2026-09-18
200.0,439,3932,2026-11-21,2026-09-18
210.0,237,4727,2026-11-21,2026-09-18
220.0,914,1572,2026-11-21,2026-09-18
230.0,944,1203,2026-11-21,2026-09-18
240.0,16636,1608,2026-11-21,2026-09-18
250.0,9,0,2026-11-21,2026-09-18
250.0,1612,2154,2026-11-21,2026-09-18
260.0,9667,1499,2026-11-21,2026-09-18
270.0,831,722,2026-11-21,2026-09-18
280.0,1235,524,2026-11-21,2026-09-18
290.0,508,1076,2026-11-21,2026-09-18
300.0,1242,2462,2026-11-21,2026-09-18
310.0,510,1058,2026-11-21,2026-09-18
320.0,291,1596,2026-11-21,2026-09-18
330.0,721,3245,2026-11-21,2026-09-18
340.0,639,1370,2026-11-21,2026-09-18
350.0,926,3304,2026-11-21,2026-09-18
360.0,586,3555,2026-11-21,2026-09-18
370.0,466,1811,2026-11-21,2026-09-18
380.0,665,2538,2026-11-21,2026-09-18
390.0,578,1765,2026-11-21,2026-09-18
400.0,930,4304,2026-11-21,2026-09-18
410.0,290,5422,2026-11-21,2026-09-18
420.0,442,1683,2026-11-21,2026-09-18
430.0,11697,2153,2026-11-21,2026-09-18
440.0,334,2205,2026-11-21,2026-09-18
450.0,728,3534,2026-11-21,2026-09-18
460.0,441,2201,2026-11-21,2026-09-18
470.0,881,2668,2026-11-21,2026-09-18
480.0,2500,2500,2026-11-21,2026-09-18
480.0,823,1351,2026-11-21,2026-09-18
490.0,2040,2040,2026-11-21,2026-09-18
490.0,732,1895,2026-11-21,2026-09-18
500.0,300,300,2026-11-21,2026-09-18
500.0,3055,1822,2026-11-21,2026-09-18
510.0,1421,643,2026-11-21,2026-09-18
520.0,2036,682,2026-11-21,2026-09-18
530.0,1299,813,2026-11-21,2026-09-18
540.0,2026,453,2026-11-21,2026-09-18
550.0,3203,445,2026-11-21,2026-09-18
560.0,799,250,2026-11-21,2026-09-18
570.0,10,0,2026-11-21,2026-09-18
570.0,640,499,2026-11-21,2026-09-18
580.0,2422,194,2026-11-21,2026-09-18
590.0,1618,132,2026-11-21,2026-09-18
600.0,4619,476,2026-11-21,2026-09-18
610.0,1312,113,2026-11-21,2026-09-18
620.0,1874,57,2026-11-21,2026-09-18
630.0,3132,93,2026-11-21,2026-09-18
640.0,746,109,2026-11-21,2026-09-18
650.0,1420,47,2026-11-21,2026-09-18
660.0,1125,43,2026-11-21,2026-09-18
670.0,615,53,2026-11-21,2026-09-18
680.0,684,32,2026-11-21,2026-09-18
690.0,190,14,2026-11-21,2026-09-18
700.0,2247,51,2026-11-21,2026-09-18
710.0,126,26,2026-11-21,2026-09-18
720.0,236,16,2026-11-21,2026-09-18
730.0,301,70,2026-11-21,2026-09-18
740.0,189,181,2026-11-21,2026-09-18
750.0,274,19,2026-11-21,2026-09-18
760.0,212,49,2026-11-21,2026-09-18
770.0,640,9,2026-11-21,2026-09-18
780.0,343,0,2026-11-21,2026-09-18
790.0,159,0,2026-11-21,2026-09-18
800.0,2863,5,2026-11-21,2026-09-18
810.0,873,0,2026-11-21,2026-09-18
820.0,1039,0,2026-11-21,2026-09-18
830.0,137,0,2026-11-21,2026-09-18
840.0,233,0,2026-11-21,2026-09-18
850.0,925,0,2026-11-21,2026-09-18
860.0,179,0,2026-11-21,2026-09-18
870.0,929,0,2026-11-21,2026-09-18
880.0,305,0,2026-11-21,2026-09-18
890.0,328,0,2026-11-21,2026-09-18
900.0,1633,0,2026-11-21,2026-09-18
910.0,304,0,2026-11-21,2026-09-18
920.0,100,0,2026-11-21,2026-09-18
930.0,442,0,2026-11-21,2026-09-18
940.0,145,0,2026-11-21,2026-09-18
950.0,185,0,2026-11-21,2026-09-18
960.0,160,0,2026-11-21,2026-09-18
970.0,267,0,2026-11-21,2026-09-18
980.0,253,0,2026-11-21,2026-09-18
990.0,177,0,2026-11-21,2026-09-18
1000.0,294,0,2026-11-21,2026-09-18
1010.0,245,0,2026-11-21,2026-09-18
1020.0,45,0,2026-11-21,2026-09-18
1030.0,56,0,2026-11-21,2026-09-18
1040.0,187,0,2026-11-21,2026-09-18
1050.0,256,0,2026-11-21,2026-09-18
1060.0,197,0,2026-11-21,2026-09-18
1070.0,128,0,2026-11-21,2026-09-18
1080.0,85,0,2026-11-21,2026-09-18
1090.0,70,0,2026-11-21,2026-09-18
1100.0,105,0,2026-11-21,2026-09-18
1110.0,272,0,2026-11-21,2026-09-18
1120.0,1497,0,2026-11-21,2026-09-18
5.0,1144,32,2026-12-19,2026-09-18
10.0,4,2,2026-12-19,2026-09-18
15.0,0,201,2026-12-19,2026-09-18
20.0,956,525,2026-12-19,2026-09-18
25.0,212,864,2026-12-19,2026-09-18
30.0,208,188,2026-12-19,2026-09-18
35.0,9,970,2026-12-19,2026-09-18
40.0,14,252,2026-12-19,2026-09-18
45.0,101,1117,2026-12-19,2026-09-18
50.0,211,691,2026-12-19,2026-09-18
55.0,51,1743,2026-12-19,2026-09-18
60.0,160,1577,2026-12-19,2026-09-18
65.0,221,526,2026-12-19,2026-09-18
70.0,298,1094,2026-12-19,2026-09-18
75.0,329,1388,2026-12-19,2026-09-18
80.0,233,2426,2026-12-19,2026-09-18
85.0,1297,1595,2026-12-19,2026-09-18
90.0,646,4178,2026-12-19,2026-09-18
95.0,1175,1298,2026-12-19,2026-09-18
100.0,1915,11237,2026-12-19,2026-09-18
105.0,477,1105,2026-12-19,2026-09-18
110.0,1107,3172,2026-12-19,2026-09-18
115.0,736,2350,2026-12-19,2026-09-18
120.0,1083,5911,2026-12-19,2026-09-18
125.0,1104,2134,2026-12-19,2026-09-18
130.0,2227,2593,2026-12-19,2026-09-18
135.0,3859,1609,2026-12-19,2026-09-18
140.0,5080,6360,2026-12-19,2026-09-18
145.0,2045,2472,2026-12-19,2026-09-18
150.0,1503,3746,2026-12-19,2026-09-18
155.0,854,1261,2026-12-19,2026-09-18
160.0,1003,4043,2026-12-19,2026-09-18
165.0,1639,1807,2026-12-19,2026-09-18
170.0,1103,9210,2026-12-19,2026-09-18
175.0,542,1999,2026-12-19,2026-09-18
180.0,1015,2304,2026-12-19,2026-09-18
185.0,877,1333,2026-12-19,2026-09-18
190.0,1895,2225,2026-12-19,2026-09-18
195.0,1350,1406,2026-12-19,2026-09-18
200.0,2500,2500,2026-12-19,2026-09-18
200.0,2437,4882,2026-12-19,2026-09-18
210.0,1980,1979,2026-12-19,2026-09-18
215.0,0,0,2026-12-19,2026-09-18
220.0,1545,1768,2026-12-19,2026-09-18
230.0,1940,1887,2026-12-19,2026-09-18
235.0,5000,5000,2026-12-19,2026-09-18
240.0,2464,1544,2026-12-19,2026-09-18
250.0,2122,2668,2026-12-19,2026-09-18
260.0,1578,1709,2026-12-19,2026-09-18
270.0,2063,1474,2026-12-19,2026-09-18
280.0,2077,2664,2026-12-19,2026-09-18
290.0,1589,1784,2026-12-19,2026-09-18
300.0,3969,4688,2026-12-19,2026-09-18
310.0,2336,929,2026-12-19,2026-09-18
320.0,1071,1234,2026-12-19,2026-09-18
330.0,1617,2234,2026-12-19,2026-09-18
340.0,1677,2388,2026-12-19,2026-09-18
350.0,5194,2943,2026-12-19,2026-09-18
360.0,2264,1242,2026-12-19,2026-09-18
370.0,1660,1564,2026-12-19,2026-09-18
380.0,1510,2030,2026-12-19,2026-09-18
390.0,4185,1603,2026-12-19,2026-09-18
400.0,4690,7867,2026-12-19,2026-09-18
410.0,820,1627,2026-12-19,2026-09-18
420.0,1008,1881,2026-12-19,2026-09-18
430.0,656,1398,2026-12-19,2026-09-18
440.0,573,1182,2026-12-19,2026-09-18
450.0,1335,3062,2026-12-19,2026-09-18
460.0,612,1628,2026-12-19,2026-09-18
470.0,546,1534,2026-12-19,2026-09-18
480.0,2484,1184,2026-12-19,2026-09-18
490.0,1183,631,2026-12-19,2026-09-18
500.0,2500,2500,2026-12-19,2026-09-18
500.0,3749,1704,2026-12-19,2026-09-18
510.0,777,336,2026-12-19,2026-09-18
520.0,1532,394,2026-12-19,2026-09-18
530.0,1745,558,2026-12-19,2026-09-18
540.0,589,742,2026-12-19,2026-09-18
550.0,2492,723,2026-12-19,2026-09-18
560.0,522,241,2026-12-19,2026-09-18
570.0,528,357,2026-12-19,2026-09-18
580.0,774,126,2026-12-19,2026-09-18
590.0,429,189,2026-12-19,2026-09-18
600.0,4622,207,2026-12-19,2026-09-18
610.0,1414,262,2026-12-19,2026-09-18
620.0,734,59,2026-12-19,2026-09-18
630.0,1924,46,2026-12-19,2026-09-18
640.0,1584,28,2026-12-19,2026-09-18
650.0,1373,144,2026-12-19,2026-09-18
660.0,598,25,2026-12-19,2026-09-18
670.0,501,59,2026-12-19,2026-09-18
680.0,2008,79,2026-12-19,2026-09-18
690.0,362,132,2026-12-19,2026-09-18
700.0,3211,46,2026-12-19,2026-09-18
710.0,593,46,2026-12-19,2026-09-18
720.0,1458,19,2026-12-19,2026-09-18
730.0,243,10,2026-12-19,2026-09-18
740.0,1233,7,2026-12-19,2026-09-18
750.0,881,1,2026-12-19,2026-09-18
760.0,444,4,2026-12-19,2026-09-18
770.0,186,17,2026-12-19,2026-09-18
780.0,247,38,2026-12-19,2026-09-18
790.0,167,177,2026-12-19,2026-09-18
800.0,1408,15,2026-12-19,2026-09-18
810.0,148,10,2026-12-19,2026-09-18
820.0,329,0,2026-12-19,2026-09-18
830.0,347,0,2026-12-19,2026-09-18
840.0,177,0,2026-12-19,2026-09-18
850.0,1355,0,2026-12-19,2026-09-18
860.0,631,0,2026-12-19,2026-09-18
870.0,306,0,2026-12-19,2026-09-18
880.0,915,0,2026-12-19,2026-09-18
890.0,1104,1,2026-12-19,2026-09-18
900.0,3590,0,2026-12-19,2026-09-18
910.0,574,0,2026-12-19,2026-09-18
920.0,162,0,2026-12-19,2026-09-18
930.0,400,0,2026-12-19,2026-09-18
940.0,98,0,2026-12-19,2026-09-18
950.0,347,0,2026-12-19,2026-09-18
960.0,499,0,2026-12-19,2026-09-18
970.0,1087,0,2026-12-19,2026-09-18
980.0,194,0,2026-12-19,2026-09-18
990.0,354,0,2026-12-19,2026-09-18
1000.0,879,0,2026-12-19,2026-09-18
1010.0,122,0,2026-12-19,2026-09-18
1020.0,247,0,2026-12-19,2026-09-18
1030.0,251,0,2026-12-19,2026-09-18
1040.0,61,0,2026-12-19,2026-09-18
1050.0,250,0,2026-12-19,2026-09-18
1060.0,360,0,2026-12-19,2026-09-18
1070.0,179,0,2026-12-19,2026-09-18
1080.0,195,0,2026-12-19,2026-09-18
1090.0,539,0,2026-12-19,2026-09-18
1100.0,647,0,2026-12-19,2026-09-18
1110.0,166,0,2026-12-19,2026-09-18
1120.0,2555,0,2026-12-19,2026-09-18
176.44,0,100,2026-12-29,2026-09-18
196.04,0,100,2026-12-29,2026-09-18
230.01,33600,33600,2027-01-15,2026-09-18
570.04,23300,23300,2027-01-15,2026-09-18
5.0,7737,4383,2027-01-16,2026-09-18
10.0,52,94,2027-01-16,2026-09-18
15.0,3,24,2027-01-16,2026-09-18
20.0,46,65,2027-01-16,2026-09-18
25.0,320,899,2027-01-16,2026-09-18
30.0,199,359,2027-01-16,2026-09-18
35.0,117,247,2027-01-16,2026-09-18
40.0,122,593,2027-01-16,2026-09-18
45.0,32,1128,2027-01-16,2026-09-18
50.0,686,5627,2027-01-16,2026-09-18
55.0,57,3141,2027-01-16,2026-09-18
60.0,172,4291,2027-01-16,2026-09-18
65.0,575,867,2027-01-16,2026-09-18
70.0,5149,7018,2027-01-16,2026-09-18
75.0,1944,5421,2027-01-16,2026-09-18
80.0,1381,5979,2027-01-16,2026-09-18
85.0,339,3742,2027-01-16,2026-09-18
90.0,6500,6500,2027-01-16,2026-09-18
90.0,9315,10245,2027-01-16,2026-09-18
95.0,1409,3347,2027-01-16,2026-09-18
100.0,7903,10855,2027-01-16,2026-09-18
105.0,789,7271,2027-01-16,2026-09-18
110.0,2688,8013,2027-01-16,2026-09-18
115.0,2040,2787,2027-01-16,2026-09-18
120.0,1523,15683,2027-01-16,2026-09-18
125.0,1540,2927,2027-01-16,2026-09-18
130.0,1398,6569,2027-01-16,2026-09-18
135.0,1573,2580,2027-01-16,2026-09-18
140.0,1616,9330,2027-01-16,2026-09-18
145.0,1096,3952,2027-01-16,2026-09-18
147.5,210,0,2027-01-16,2026-09-18
150.0,3112,13709,2027-01-16,2026-09-18
155.0,1256,1783,2027-01-16,2026-09-18
160.0,1056,4695,2027-01-16,2026-09-18
165.0,856,3352,2027-01-16,2026-09-18
170.0,1147,3819,2027-01-16,2026-09-18
175.0,1034,2328,2027-01-16,2026-09-18
180.0,3144,6253,2027-01-16,2026-09-18
185.0,1219,2692,2027-01-16,2026-09-18
190.0,1040,1724,2027-01-16,2026-09-18
195.0,820,1669,2027-01-16,2026-09-18
200.0,8496,9573,2027-01-16,2026-09-18
210.0,2000,2000,2027-01-16,2026-09-18
210.0,1728,4106,2027-01-16,2026-09-18
220.0,1000,1000,2027-01-16,2026-09-18
220.0,3936,3693,2027-01-16,2026-09-18
230.0,2844,4064,2027-01-16,2026-09-18
230.01,33600,33600,2027-01-16,2026-09-18
240.0,4255,4670,2027-01-16,2026-09-18
250.0,12433,10498,2027-01-16,2026-09-18
260.0,3051,4298,2027-01-16,2026-09-18
270.0,4350,2391,2027-01-16,2026-09-18
280.0,2730,2476,2027-01-16,2026-09-18
290.0,6298,2612,2027-01-16,2026-09-18
300.0,8350,7791,2027-01-16,2026-09-18
300.01,1500,0,2027-01-16,2026-09-18
310.0,4194,4507,2027-01-16,2026-09-18
320.0,1869,4227,2027-01-16,2026-09-18
330.0,2572,2776,2027-01-16,2026-09-18
330.01,1500,0,2027-01-16,2026-09-18
340.0,1218,4676,2027-01-16,2026-09-18
350.0,15000,15000,2027-01-16,2026-09-18
350.0,1888,4338,2027-01-16,2026-09-18
360.0,1253,4353,2027-01-16,2026-09-18
370.0,2358,2928,2027-01-16,2026-09-18
380.0,1324,5776,2027-01-16,2026-09-18
390.0,928,2839,2027-01-16,2026-09-18
400.0,4524,8127,2027-01-16,2026-09-18
410.0,1138,2522,2027-01-16,2026-09-18
420.0,2467,1507,2027-01-16,2026-09-18
430.0,831,2185,2027-01-16,2026-09-18
440.0,743,2832,2027-01-16,2026-09-18
450.0,550,550,2027-01-16,2026-09-18
450.0,3403,4041,2027-01-16,2026-09-18
457.5,0,0,2027-01-16,2026-09-18
460.0,1200,1208,2027-01-16,2026-09-18
460.0,1478,2596,2027-01-16,2026-09-18
470.0,1170,1170,2027-01-16,2026-09-18
470.0,768,913,2027-01-16,2026-09-18
480.0,2216,1765,2027-01-16,2026-09-18
490.0,1179,1303,2027-01-16,2026-09-18
500.0,4607,5692,2027-01-16,2026-09-18
510.0,830,1003,2027-01-16,2026-09-18
520.0,8,0,2027-01-16,2026-09-18
520.0,3278,1768,2027-01-16,2026-09-18
530.0,2366,1905,2027-01-16,2026-09-18
540.0,2377,1127,2027-01-16,2026-09-18
540.01,5000,0,2027-01-16,2026-09-18
550.0,4861,488,2027-01-16,2026-09-18
560.0,1675,770,2027-01-16,2026-09-18
570.0,904,684,2027-01-16,2026-09-18
580.0,1410,172,2027-01-16,2026-09-18
580.01,3700,0,2027-01-16,2026-09-18
590.0,1548,149,2027-01-16,2026-09-18
600.0,7399,553,2027-01-16,2026-09-18
610.0,1219,418,2027-01-16,2026-09-18
620.0,1921,112,2027-01-16,2026-09-18
630.0,608,204,2027-01-16,2026-09-18
640.0,2588,112,2027-01-16,2026-09-18
650.0,2407,44,2027-01-16,2026-09-18
660.0,3376,106,2027-01-16,2026-09-18
670.0,738,31,2027-01-16,2026-09-18
680.0,1989,47,2027-01-16,2026-09-18
690.0,366,6,2027-01-16,2026-09-18
700.0,2283,545,2027-01-16,2026-09-18
710.0,491,8,2027-01-16,2026-09-18
720.0,786,11,2027-01-16,2026-09-18
730.0,2795,39,2027-01-16,2026-09-18
740.0,1365,21,2027-01-16,2026-09-18
750.0,4590,97,2027-01-16,2026-09-18
760.0,555,8,2027-01-16,2026-09-18
770.0,1021,13,2027-01-16,2026-09-18
780.0,1878,4,2027-01-16,2026-09-18
790.0,266,6,2027-01-16,2026-09-18
800.0,2997,26,2027-01-16,2026-09-18
810.0,298,15,2027-01-16,2026-09-18
820.0,159,0,2027-01-16,2026-09-18
830.0,172,9,2027-01-16,2026-09-18
840.0,275,0,2027-01-16,2026-09-18
850.0,416,0,2027-01-16,2026-09-18
860.0,317,1,2027-01-16,2026-09-18
870.0,113,0,2027-01-16,2026-09-18
880.0,506,0,2027-01-16,2026-09-18
890.0,1181,0,2027-01-16,2026-09-18
900.0,2994,0,2027-01-16,2026-09-18
910.0,1998,0,2027-01-16,2026-09-18
920.0,251,0,2027-01-16,2026-09-18
930.0,493,0,2027-01-16,2026-09-18
940.0,90,0,2027-01-16,2026-09-18
950.0,2155,0,2027-01-16,2026-09-18
960.0,215,0,2027-01-16,2026-09-18
970.0,608,0,2027-01-16,2026-09-18
980.0,2444,0,2027-01-16,2026-09-18
990.0,133,0,2027-01-16,2026-09-18
1000.0,2910,0,2027-01-16,2026-09-18
1010.0,300,0,2027-01-16,2026-09-18
1020.0,225,0,2027-01-16,2026-09-18
1030.0,108,0,2027-01-16,2026-09-18
1040.0,179,0,2027-01-16,2026-09-18
1050.0,408,0,2027-01-16,2026-09-18
1060.0,147,0,2027-01-16,2026-09-18
1070.0,317,0,2027-01-16,2026-09-18
1080.0,439,0,2027-01-16,2026-09-18
1090.0,734,0,2027-01-16,2026-09-18
1100.0,190,0,2027-01-16,2026-09-18
1110.0,867,0,2027-01-16,2026-09-18
1120.0,3880,0,2027-01-16,2026-09-18
350.0,15000,15000,2027-01-20,2026-09-18
200.0,4,326,2027-02-20,2026-09-18
210.0,11,107,2027-02-20,2026-09-18
220.0,15,192,2027-02-20,2026-09-18
230.0,16,80,2027-02-20,2026-09-18
240.0,14,68,2027-02-20,2026-09-18
250.0,6,218,2027-02-20,2026-09-18
260.0,11,188,2027-02-20,2026-09-18
270.0,22,763,2027-02-20,2026-09-18
280.0,25,156,2027-02-20,2026-09-18
290.0,41,1161,2027-02-20,2026-09-18
300.0,20,310,2027-02-20,2026-09-18
310.0,26,484,2027-02-20,2026-09-18
320.0,11,620,2027-02-20,2026-09-18
330.0,11,899,2027-02-20,2026-09-18
340.0,14,452,2027-02-20,2026-09-18
350.0,19,1009,2027-02-20,2026-09-18
360.0,30,1294,2027-02-20,2026-09-18
370.0,66,860,2027-02-20,2026-09-18
380.0,12,1021,2027-02-20,2026-09-18
390.0,66,675,2027-02-20,2026-09-18
400.0,136,1983,2027-02-20,2026-09-18
410.0,27,1607,2027-02-20,2026-09-18
420.0,182,2329,2027-02-20,2026-09-18
430.0,147,256,2027-02-20,2026-09-18
440.0,99,250,2027-02-20,2026-09-18
450.0,196,1578,2027-02-20,2026-09-18
460.0,247,936,2027-02-20,2026-09-18
470.0,140,371,2027-02-20,2026-09-18
480.0,195,607,2027-02-20,2026-09-18
490.0,158,611,2027-02-20,2026-09-18
500.0,368,631,2027-02-20,2026-09-18
510.0,713,464,2027-02-20,2026-09-18
520.0,456,266,2027-02-20,2026-09-18
530.0,489,81,2027-02-20,2026-09-18
540.0,343,212,2027-02-20,2026-09-18
550.0,464,314,2027-02-20,2026-09-18
560.0,346,136,2027-02-20,2026-09-18
570.0,574,78,2027-02-20,2026-09-18
580.0,541,37,2027-02-20,2026-09-18
590.0,381,16,2027-02-20,2026-09-18
600.0,894,23,2027-02-20,2026-09-18
610.0,249,10,2027-02-20,2026-09-18
620.0,460,17,2027-02-20,2026-09-18
630.0,101,7,2027-02-20,2026-09-18
640.0,537,9,2027-02-20,2026-09-18
650.0,2234,2,2027-02-20,2026-09-18
660.0,560,5,2027-02-20,2026-09-18
670.0,192,4,2027-02-20,2026-09-18
680.0,2059,32,2027-02-20,2026-09-18
690.0,524,27,2027-02-20,2026-09-18
700.0,654,79,2027-02-20,2026-09-18
710.0,119,45,2027-02-20,2026-09-18
720.0,248,9,2027-02-20,2026-09-18
730.0,105,42,2027-02-20,2026-09-18
740.0,558,2,2027-02-20,2026-09-18
750.0,536,40,2027-02-20,2026-09-18
760.0,72,12,2027-02-20,2026-09-18
770.0,66,4,2027-02-20,2026-09-18
780.0,1490,8,2027-02-20,2026-09-18
790.0,99,32,2027-02-20,2026-09-18
800.0,930,47,2027-02-20,2026-09-18
810.0,231,2,2027-02-20,2026-09-18
820.0,124,8,2027-02-20,2026-09-18
830.0,89,0,2027-02-20,2026-09-18
840.0,50,0,2027-02-20,2026-09-18
850.0,407,0,2027-02-20,2026-09-18
860.0,137,0,2027-02-20,2026-09-18
870.0,227,1,2027-02-20,2026-09-18
880.0,393,0,2027-02-20,2026-09-18
890.0,252,0,2027-02-20,2026-09-18
900.0,130,0,2027-02-20,2026-09-18
910.0,245,0,2027-02-20,2026-09-18
920.0,74,0,2027-02-20,2026-09-18
930.0,181,0,2027-02-20,2026-09-18
940.0,35,0,2027-02-20,2026-09-18
950.0,548,0,2027-02-20,2026-09-18
960.0,75,0,2027-02-20,2026-09-18
970.0,282,0,2027-02-20,2026-09-18
980.0,580,0,2027-02-20,2026-09-18
234.62,1384,0,2027-03-05,2026-09-18
25.0,1,12,2027-03-20,2026-09-18
30.0,0,1,2027-03-20,2026-09-18
35.0,0,7,2027-03-20,2026-09-18
40.0,1,6,2027-03-20,2026-09-18
45.0,3,185,2027-03-20,2026-09-18
50.0,6,130,2027-03-20,2026-09-18
55.0,2,125,2027-03-20,2026-09-18
60.0,2,130,2027-03-20,2026-09-18
65.0,2,221,2027-03-20,2026-09-18
70.0,12,312,2027-03-20,2026-09-18
75.0,2,162,2027-03-20,2026-09-18
80.0,9,81,2027-03-20,2026-09-18
85.0,4,254,2027-03-20,2026-09-18
90.0,12,201,2027-03-20,2026-09-18
95.0,10,430,2027-03-20,2026-09-18
100.0,29,607,2027-03-20,2026-09-18
105.0,25,265,2027-03-20,2026-09-18
110.0,11,228,2027-03-20,2026-09-18
115.0,4,197,2027-03-20,2026-09-18
120.0,79,277,2027-03-20,2026-09-18
125.0,56,155,2027-03-20,2026-09-18
130.0,13,2155,2027-03-20,2026-09-18
135.0,42,454,2027-03-20,2026-09-18
140.0,75,427,2027-03-20,2026-09-18
145.0,57,1863,2027-03-20,2026-09-18
150.0,73,1487,2027-03-20,2026-09-18
155.0,86,454,2027-03-20,2026-09-18
160.0,108,1730,2027-03-20,2026-09-18
165.0,69,589,2027-03-20,2026-09-18
170.0,54,3728,2027-03-20,2026-09-18
175.0,64,533,2027-03-20,2026-09-18
180.0,80,953,2027-03-20,2026-09-18
185.0,34,468,2027-03-20,2026-09-18
190.0,218,1601,2027-03-20,2026-09-18
195.0,114,589,2027-03-20,2026-09-18
200.0,301,3857,2027-03-20,2026-09-18
210.0,175,682,2027-03-20,2026-09-18
220.0,325,1703,2027-03-20,2026-09-18
230.0,548,561,2027-03-20,2026-09-18
240.0,246,1325,2027-03-20,2026-09-18
250.0,1131,3861,2027-03-20,2026-09-18
260.0,1153,3032,2027-03-20,2026-09-18
270.0,280,1487,2027-03-20,2026-09-18
280.0,710,3873,2027-03-20,2026-09-18
290.0,377,2003,2027-03-20,2026-09-18
300.0,2367,4178,2027-03-20,2026-09-18
310.0,405,1536,2027-03-20,2026-09-18
320.0,342,5561,2027-03-20,2026-09-18
330.0,296,1652,2027-03-20,2026-09-18
340.0,783,2189,2027-03-20,2026-09-18
350.0,991,5271,2027-03-20,2026-09-18
360.0,842,3258,2027-03-20,2026-09-18
370.0,565,1316,2027-03-20,2026-09-18
380.0,387,2417,2027-03-20,2026-09-18
390.0,206,2682,2027-03-20,2026-09-18
400.0,1702,6257,2027-03-20,2026-09-18
410.0,246,1229,2027-03-20,2026-09-18
420.0,787,1912,2027-03-20,2026-09-18
430.0,252,1802,2027-03-20,2026-09-18
440.0,239,415,2027-03-20,2026-09-18
450.0,1562,2029,2027-03-20,2026-09-18
460.0,269,751,2027-03-20,2026-09-18
470.0,688,595,2027-03-20,2026-09-18
480.0,501,1074,2027-03-20,2026-09-18
490.0,691,401,2027-03-20,2026-09-18
500.0,2021,2031,2027-03-20,2026-09-18
510.0,743,769,2027-03-20,2026-09-18
520.0,1013,842,2027-03-20,2026-09-18
530.0,330,332,2027-03-20,2026-09-18
540.0,855,430,2027-03-20,2026-09-18
550.0,2403,1061,2027-03-20,2026-09-18
560.0,541,162,2027-03-20,2026-09-18
570.0,921,196,2027-03-20,2026-09-18
580.0,1057,268,2027-03-20,2026-09-18
590.0,424,140,2027-03-20,2026-09-18
600.0,3562,535,2027-03-20,2026-09-18
620.0,1649,90,2027-03-20,2026-09-18
640.0,1284,52,2027-03-20,2026-09-18
660.0,1903,109,2027-03-20,2026-09-18
680.0,712,33,2027-03-20,2026-09-18
690.0,205,31,2027-03-20,2026-09-18
700.0,2014,472,2027-03-20,2026-09-18
710.0,679,21,2027-03-20,2026-09-18
720.0,1782,129,2027-03-20,2026-09-18
730.0,946,31,2027-03-20,2026-09-18
740.0,312,12,2027-03-20,2026-09-18
750.0,2209,29,2027-03-20,2026-09-18
760.0,613,29,2027-03-20,2026-09-18
770.0,305,13,2027-03-20,2026-09-18
780.0,3248,8,2027-03-20,2026-09-18
790.0,141,8,2027-03-20,2026-09-18
800.0,1349,11,2027-03-20,2026-09-18
810.0,152,4,2027-03-20,2026-09-18
820.0,1064,1,2027-03-20,2026-09-18
830.0,275,11,2027-03-20,2026-09-18
840.0,224,2,2027-03-20,2026-09-18
850.0,395,0,2027-03-20,2026-09-18
860.0,599,0,2027-03-20,2026-09-18
870.0,159,1,2027-03-20,2026-09-18
880.0,279,0,2027-03-20,2026-09-18
890.0,239,0,2027-03-20,2026-09-18
900.0,1428,0,2027-03-20,2026-09-18
910.0,241,0,2027-03-20,2026-09-18
920.0,333,0,2027-03-20,2026-09-18
930.0,335,0,2027-03-20,2026-09-18
940.0,75,0,2027-03-20,2026-09-18
950.0,236,0,2027-03-20,2026-09-18
960.0,190,0,2027-03-20,2026-09-18
970.0,123,0,2027-03-20,2026-09-18
980.0,120,0,2027-03-20,2026-09-18
990.0,78,0,2027-03-20,2026-09-18
1000.0,1834,0,2027-03-20,2026-09-18
1010.0,411,0,2027-03-20,2026-09-18
1020.0,1516,0,2027-03-20,2026-09-18
1030.0,329,0,2027-03-20,2026-09-18
1040.0,871,0,2027-03-20,2026-09-18
1050.0,394,0,2027-03-20,2026-09-18
1060.0,405,0,2027-03-20,2026-09-18
1070.0,84,0,2027-03-20,2026-09-18
1080.0,190,0,2027-03-20,2026-09-18
1090.0,263,0,2027-03-20,2026-09-18
1100.0,380,0,2027-03-20,2026-09-18
1110.0,430,0,2027-03-20,2026-09-18
1120.0,5402,0,2027-03-20,2026-09-18
198.24,0,100,2027-03-26,2026-09-18
220.27,0,100,2027-03-26,2026-09-18
183.39,0,150,2027-03-30,2026-09-18
240.0,6,195,2027-04-17,2026-09-18
250.0,1,206,2027-04-17,2026-09-18
260.0,3,195,2027-04-17,2026-09-18
270.0,0,78,2027-04-17,2026-09-18
280.0,4,1468,2027-04-17,2026-09-18
290.0,2,86,2027-04-17,2026-09-18
300.0,4,290,2027-04-17,2026-09-18
310.0,6,221,2027-04-17,2026-09-18
320.0,3,121,2027-04-17,2026-09-18
330.0,18,111,2027-04-17,2026-09-18
340.0,6,111,2027-04-17,2026-09-18
350.0,26,44,2027-04-17,2026-09-18
360.0,10,35,2027-04-17,2026-09-18
370.0,8,203,2027-04-17,2026-09-18
380.0,10,310,2027-04-17,2026-09-18
390.0,10,189,2027-04-17,2026-09-18
400.0,18,399,2027-04-17,2026-09-18
410.0,11,70,2027-04-17,2026-09-18
420.0,32,453,2027-04-17,2026-09-18
430.0,62,43,2027-04-17,2026-09-18
440.0,36,324,2027-04-17,2026-09-18
450.0,35,186,2027-04-17,2026-09-18
460.0,331,419,2027-04-17,2026-09-18
470.0,89,18,2027-04-17,2026-09-18
480.0,39,384,2027-04-17,2026-09-18
490.0,109,21,2027-04-17,2026-09-18
500.0,174,122,2027-04-17,2026-09-18
510.0,37,243,2027-04-17,2026-09-18
520.0,48,35,2027-04-17,2026-09-18
530.0,159,42,2027-04-17,2026-09-18
540.0,164,310,2027-04-17,2026-09-18
550.0,236,387,2027-04-17,2026-09-18
560.0,138,79,2027-04-17,2026-09-18
570.0,115,3,2027-04-17,2026-09-18
580.0,154,20,2027-04-17,2026-09-18
590.0,363,0,2027-04-17,2026-09-18
600.0,78,2,2027-04-17,2026-09-18
610.0,117,6,2027-04-17,2026-09-18
620.0,294,4,2027-04-17,2026-09-18
640.0,162,5,2027-04-17,2026-09-18
660.0,59,3,2027-04-17,2026-09-18
680.0,188,2,2027-04-17,2026-09-18
700.0,307,6,2027-04-17,2026-09-18
720.0,109,2,2027-04-17,2026-09-18
740.0,123,1,2027-04-17,2026-09-18
25.0,43,198,2027-06-18,2026-09-18
30.0,39,95,2027-06-18,2026-09-18
35.0,22,255,2027-06-18,2026-09-18
40.0,79,151,2027-06-18,2026-09-18
45.0,4,234,2027-06-18,2026-09-18
50.0,38,139,2027-06-18,2026-09-18
55.0,5,363,2027-06-18,2026-09-18
60.0,66,375,2027-06-18,2026-09-18
65.0,8,562,2027-06-18,2026-09-18
70.0,179,338,2027-06-18,2026-09-18
75.0,43,165,2027-06-18,2026-09-18
80.0,56,524,2027-06-18,2026-09-18
85.0,10,390,2027-06-18,2026-09-18
90.0,64,406,2027-06-18,2026-09-18
95.0,171,415,2027-06-18,2026-09-18
100.0,157,1512,2027-06-18,2026-09-18
105.0,3497,221,2027-06-18,2026-09-18
110.0,125,936,2027-06-18,2026-09-18
115.0,190,1779,2027-06-18,2026-09-18
120.0,2309,7516,2027-06-18,2026-09-18
125.0,220,1007,2027-06-18,2026-09-18
130.0,355,1240,2027-06-18,2026-09-18
135.0,407,503,2027-06-18,2026-09-18
140.0,535,3885,2027-06-18,2026-09-18
145.0,215,1323,2027-06-18,2026-09-18
150.0,826,1530,2027-06-18,2026-09-18
155.0,257,513,2027-06-18,2026-09-18
160.0,303,995,2027-06-18,2026-09-18
165.0,333,740,2027-06-18,2026-09-18
170.0,479,3095,2027-06-18,2026-09-18
175.0,472,1585,2027-06-18,2026-09-18
180.0,513,2219,2027-06-18,2026-09-18
185.0,749,2080,2027-06-18,2026-09-18
190.0,299,846,2027-06-18,2026-09-18
195.0,368,590,2027-06-18,2026-09-18
200.0,2176,2076,2027-06-18,2026-09-18
210.0,1111,1326,2027-06-18,2026-09-18
220.0,2645,1414,2027-06-18,2026-09-18
230.0,930,743,2027-06-18,2026-09-18
240.0,700,2923,2027-06-18,2026-09-18
250.0,2182,10154,2027-06-18,2026-09-18
260.0,626,1097,2027-06-18,2026-09-18
270.0,492,3505,2027-06-18,2026-09-18
280.0,648,1192,2027-06-18,2026-09-18
290.0,512,10885,2027-06-18,2026-09-18
300.0,3078,5454,2027-06-18,2026-09-18
310.0,336,1258,2027-06-18,2026-09-18
320.0,687,3316,2027-06-18,2026-09-18
330.0,498,2353,2027-06-18,2026-09-18
340.0,402,1653,2027-06-18,2026-09-18
350.0,858,4671,2027-06-18,2026-09-18
360.0,2428,3030,2027-06-18,2026-09-18
370.0,743,2924,2027-06-18,2026-09-18
380.0,418,1765,2027-06-18,2026-09-18
390.0,380,1025,2027-06-18,2026-09-18
400.0,1118,6414,2027-06-18,2026-09-18
410.0,580,1061,2027-06-18,2026-09-18
420.0,607,1559,2027-06-18,2026-09-18
430.0,662,1285,2027-06-18,2026-09-18
440.0,706,1481,2027-06-18,2026-09-18
450.0,926,2608,2027-06-18,2026-09-18
460.0,472,837,2027-06-18,2026-09-18
470.0,377,1474,2027-06-18,2026-09-18
480.0,890,2307,2027-06-18,2026-09-18
490.0,891,442,2027-06-18,2026-09-18
500.0,2932,2514,2027-06-18,2026-09-18
510.0,1306,271,2027-06-18,2026-09-18
520.0,1175,1606,2027-06-18,2026-09-18
530.0,1927,721,2027-06-18,2026-09-18
540.0,348,421,2027-06-18,2026-09-18
550.0,819,743,2027-06-18,2026-09-18
560.0,1494,313,2027-06-18,2026-09-18
570.0,793,335,2027-06-18,2026-09-18
580.0,907,465,2027-06-18,2026-09-18
590.0,496,126,2027-06-18,2026-09-18
600.0,4121,1691,2027-06-18,2026-09-18
610.0,352,197,2027-06-18,2026-09-18
620.0,995,234,2027-06-18,2026-09-18
630.0,1178,131,2027-06-18,2026-09-18
640.0,415,37,2027-06-18,2026-09-18
650.0,1298,167,2027-06-18,2026-09-18
660.0,762,84,2027-06-18,2026-09-18
670.0,295,73,2027-06-18,2026-09-18
680.0,706,205,2027-06-18,2026-09-18
690.0,306,157,2027-06-18,2026-09-18
700.0,3434,61,2027-06-18,2026-09-18
710.0,344,64,2027-06-18,2026-09-18
720.0,513,59,2027-06-18,2026-09-18
730.0,633,70,2027-06-18,2026-09-18
740.0,296,91,2027-06-18,2026-09-18
750.0,1981,54,2027-06-18,2026-09-18
760.0,94,59,2027-06-18,2026-09-18
770.0,1087,11,2027-06-18,2026-09-18
780.0,669,28,2027-06-18,2026-09-18
790.0,81,51,2027-06-18,2026-09-18
800.0,2055,126,2027-06-18,2026-09-18
810.0,206,8,2027-06-18,2026-09-18
820.0,1462,28,2027-06-18,2026-09-18
830.0,435,68,2027-06-18,2026-09-18
840.0,311,76,2027-06-18,2026-09-18
850.0,1889,10,2027-06-18,2026-09-18
860.0,369,9,2027-06-18,2026-09-18
870.0,568,44,2027-06-18,2026-09-18
880.0,376,14,2027-06-18,2026-09-18
890.0,317,8,2027-06-18,2026-09-18
900.0,1548,13,2027-06-18,2026-09-18
910.0,258,27,2027-06-18,2026-09-18
920.0,274,17,2027-06-18,2026-09-18
930.0,488,4,2027-06-18,2026-09-18
940.0,209,3,2027-06-18,2026-09-18
950.0,186,23,2027-06-18,2026-09-18
960.0,685,0,2027-06-18,2026-09-18
970.0,292,0,2027-06-18,2026-09-18
980.0,117,0,2027-06-18,2026-09-18
990.0,56,1,2027-06-18,2026-09-18
1000.0,2581,0,2027-06-18,2026-09-18
1010.0,182,0,2027-06-18,2026-09-18
1020.0,206,0,2027-06-18,2026-09-18
1030.0,200,0,2027-06-18,2026-09-18
1040.0,115,0,2027-06-18,2026-09-18
1050.0,1281,0,2027-06-18,2026-09-18
1060.0,207,0,2027-06-18,2026-09-18
1070.0,128,0,2027-06-18,2026-09-18
1080.0,96,0,2027-06-18,2026-09-18
1090.0,156,0,2027-06-18,2026-09-18
1100.0,2471,0,2027-06-18,2026-09-18
1110.0,453,0,2027-06-18,2026-09-18
1120.0,8087,5,2027-06-18,2026-09-18
431.59,0,80,2027-06-30,2026-09-18
485.54,0,80,2027-06-30,2026-09-18
25.0,3,85,2027-09-18,2026-09-18
30.0,4,33,2027-09-18,2026-09-18
35.0,1,174,2027-09-18,2026-09-18
40.0,0,91,2027-09-18,2026-09-18
45.0,2,27,2027-09-18,2026-09-18
50.0,2,24,2027-09-18,2026-09-18
55.0,1,55,2027-09-18,2026-09-18
60.0,3,145,2027-09-18,2026-09-18
65.0,2,87,2027-09-18,2026-09-18
70.0,1,197,2027-09-18,2026-09-18
75.0,10,47,2027-09-18,2026-09-18
80.0,3,76,2027-09-18,2026-09-18
85.0,2,77,2027-09-18,2026-09-18
90.0,12,160,2027-09-18,2026-09-18
95.0,46,58,2027-09-18,2026-09-18
100.0,6,64,2027-09-18,2026-09-18
105.0,56,259,2027-09-18,2026-09-18
110.0,21,111,2027-09-18,2026-09-18
115.0,20,117,2027-09-18,2026-09-18
120.0,23,100,2027-09-18,2026-09-18
125.0,38,676,2027-09-18,2026-09-18
130.0,10,48,2027-09-18,2026-09-18
135.0,17,184,2027-09-18,2026-09-18
140.0,31,376,2027-09-18,2026-09-18
145.0,17,92,2027-09-18,2026-09-18
150.0,76,1006,2027-09-18,2026-09-18
155.0,12,202,2027-09-18,2026-09-18
160.0,83,186,2027-09-18,2026-09-18
165.0,46,120,2027-09-18,2026-09-18
170.0,23,2050,2027-09-18,2026-09-18
175.0,16,276,2027-09-18,2026-09-18
180.0,92,388,2027-09-18,2026-09-18
185.0,44,41,2027-09-18,2026-09-18
190.0,73,108,2027-09-18,2026-09-18
195.0,115,1110,2027-09-18,2026-09-18
200.0,219,1250,2027-09-18,2026-09-18
210.0,268,193,2027-09-18,2026-09-18
220.0,78,2106,2027-09-18,2026-09-18
230.0,290,4061,2027-09-18,2026-09-18
240.0,146,4126,2027-09-18,2026-09-18
250.0,314,4079,2027-09-18,2026-09-18
260.0,224,366,2027-09-18,2026-09-18
270.0,220,720,2027-09-18,2026-09-18
280.0,221,913,2027-09-18,2026-09-18
290.0,79,3806,2027-09-18,2026-09-18
300.0,334,5240,2027-09-18,2026-09-18
310.0,97,1208,2027-09-18,2026-09-18
320.0,179,1259,2027-09-18,2026-09-18
330.0,164,2382,2027-09-18,2026-09-18
340.0,391,853,2027-09-18,2026-09-18
350.0,255,1095,2027-09-18,2026-09-18
360.0,177,571,2027-09-18,2026-09-18
370.0,189,1349,2027-09-18,2026-09-18
380.0,259,1101,2027-09-18,2026-09-18
390.0,1328,1060,2027-09-18,2026-09-18
400.0,2918,696,2027-09-18,2026-09-18
410.0,216,811,2027-09-18,2026-09-18
420.0,318,649,2027-09-18,2026-09-18
430.0,267,589,2027-09-18,2026-09-18
440.0,147,521,2027-09-18,2026-09-18
450.0,388,1149,2027-09-18,2026-09-18
460.0,362,501,2027-09-18,2026-09-18
470.0,223,348,2027-09-18,2026-09-18
480.0,380,219,2027-09-18,2026-09-18
490.0,282,140,2027-09-18,2026-09-18
500.0,394,231,2027-09-18,2026-09-18
510.0,243,132,2027-09-18,2026-09-18
520.0,208,103,2027-09-18,2026-09-18
530.0,672,181,2027-09-18,2026-09-18
540.0,632,50,2027-09-18,2026-09-18
550.0,194,1005,2027-09-18,2026-09-18
560.0,150,91,2027-09-18,2026-09-18
570.0,112,172,2027-09-18,2026-09-18
580.0,151,44,2027-09-18,2026-09-18
590.0,173,38,2027-09-18,2026-09-18
600.0,959,356,2027-09-18,2026-09-18
610.0,279,348,2027-09-18,2026-09-18
620.0,116,36,2027-09-18,2026-09-18
630.0,521,20,2027-09-18,2026-09-18
640.0,351,25,2027-09-18,2026-09-18
650.0,309,14,2027-09-18,2026-09-18
660.0,162,46,2027-09-18,2026-09-18
670.0,240,11,2027-09-18,2026-09-18
680.0,149,12,2027-09-18,2026-09-18
690.0,432,1,2027-09-18,2026-09-18
700.0,1234,165,2027-09-18,2026-09-18
710.0,155,12,2027-09-18,2026-09-18
720.0,429,116,2027-09-18,2026-09-18
730.0,156,126,2027-09-18,2026-09-18
740.0,676,1,2027-09-18,2026-09-18
750.0,371,85,2027-09-18,2026-09-18
760.0,362,9,2027-09-18,2026-09-18
770.0,432,2,2027-09-18,2026-09-18
780.0,98,25,2027-09-18,2026-09-18
790.0,147,29,2027-09-18,2026-09-18
800.0,1697,54,2027-09-18,2026-09-18
810.0,291,112,2027-09-18,2026-09-18
820.0,232,28,2027-09-18,2026-09-18
830.0,104,22,2027-09-18,2026-09-18
840.0,77,4,2027-09-18,2026-09-18
850.0,261,12,2027-09-18,2026-09-18
860.0,134,14,2027-09-18,2026-09-18
870.0,240,7,2027-09-18,2026-09-18
880.0,1016,33,2027-09-18,2026-09-18
890.0,450,57,2027-09-18,2026-09-18
900.0,164,15,2027-09-18,2026-09-18
910.0,233,58,2027-09-18,2026-09-18
920.0,28,33,2027-09-18,2026-09-18
930.0,90,4,2027-09-18,2026-09-18
940.0,264,7,2027-09-18,2026-09-18
950.0,751,5,2027-09-18,2026-09-18
960.0,210,8,2027-09-18,2026-09-18
970.0,1537,6,2027-09-18,2026-09-18
980.0,214,8,2027-09-18,2026-09-18
990.0,1597,6,2027-09-18,2026-09-18
1000.0,1263,11,2027-09-18,2026-09-18
1010.0,2085,13,2027-09-18,2026-09-18
1020.0,3014,0,2027-09-18,2026-09-18
1030.0,1548,5,2027-09-18,2026-09-18
1040.0,598,0,2027-09-18,2026-09-18
1050.0,222,0,2027-09-18,2026-09-18
1060.0,171,0,2027-09-18,2026-09-18
1070.0,188,0,2027-09-18,2026-09-18
1080.0,1612,0,2027-09-18,2026-09-18
1090.0,485,0,2027-09-18,2026-09-18
1100.0,2161,0,2027-09-18,2026-09-18
1110.0,195,1,2027-09-18,2026-09-18
1120.0,5228,0,2027-09-18,2026-09-18
5.0,4560,18,2027-12-18,2026-09-18
10.0,87,189,2027-12-18,2026-09-18
15.0,1,15,2027-12-18,2026-09-18
20.0,2,357,2027-12-18,2026-09-18
25.0,326,423,2027-12-18,2026-09-18
30.0,70,633,2027-12-18,2026-09-18
35.0,111,135,2027-12-18,2026-09-18
40.0,160,486,2027-12-18,2026-09-18
45.0,13,300,2027-12-18,2026-09-18
50.0,379,464,2027-12-18,2026-09-18
55.0,468,386,2027-12-18,2026-09-18
60.0,180,411,2027-12-18,2026-09-18
65.0,394,228,2027-12-18,2026-09-18
70.0,972,2126,2027-12-18,2026-09-18
75.0,172,1449,2027-12-18,2026-09-18
80.0,363,487,2027-12-18,2026-09-18
85.0,374,3039,2027-12-18,2026-09-18
90.0,579,1790,2027-12-18,2026-09-18
95.0,578,2007,2027-12-18,2026-09-18
100.0,881,3381,2027-12-18,2026-09-18
105.0,619,1184,2027-12-18,2026-09-18
110.0,556,725,2027-12-18,2026-09-18
115.0,631,2142,2027-12-18,2026-09-18
120.0,1173,2476,2027-12-18,2026-09-18
125.0,797,833,2027-12-18,2026-09-18
130.0,574,6790,2027-12-18,2026-09-18
135.0,516,1869,2027-12-18,2026-09-18
140.0,898,2455,2027-12-18,2026-09-18
145.0,564,631,2027-12-18,2026-09-18
150.0,3017,2661,2027-12-18,2026-09-18
155.0,530,632,2027-12-18,2026-09-18
160.0,865,1117,2027-12-18,2026-09-18
165.0,923,2041,2027-12-18,2026-09-18
170.0,1045,1064,2027-12-18,2026-09-18
175.0,764,1437,2027-12-18,2026-09-18
180.0,1269,1316,2027-12-18,2026-09-18
185.0,260,807,2027-12-18,2026-09-18
190.0,439,866,2027-12-18,2026-09-18
194.29,28,28,2027-12-18,2026-09-18
195.0,2635,526,2027-12-18,2026-09-18
200.0,4043,2442,2027-12-18,2026-09-18
210.0,1543,2792,2027-12-18,2026-09-18
220.0,1028,3840,2027-12-18,2026-09-18
230.0,1074,1892,2027-12-18,2026-09-18
240.0,447,1941,2027-12-18,2026-09-18
250.0,1327,5995,2027-12-18,2026-09-18
260.0,1316,1960,2027-12-18,2026-09-18
270.0,694,4122,2027-12-18,2026-09-18
280.0,1064,943,2027-12-18,2026-09-18
290.0,478,280,2027-12-18,2026-09-18
300.0,1947,2566,2027-12-18,2026-09-18
310.0,734,735,2027-12-18,2026-09-18
320.0,990,3674,2027-12-18,2026-09-18
330.0,958,578,2027-12-18,2026-09-18
340.0,425,1797,2027-12-18,2026-09-18
350.0,1372,1202,2027-12-18,2026-09-18
360.0,1485,196,2027-12-18,2026-09-18
370.0,951,488,2027-12-18,2026-09-18
380.0,495,217,2027-12-18,2026-09-18
390.0,338,136,2027-12-18,2026-09-18
400.0,1387,738,2027-12-18,2026-09-18
410.0,314,715,2027-12-18,2026-09-18
420.0,406,1756,2027-12-18,2026-09-18
430.0,315,260,2027-12-18,2026-09-18
440.0,257,744,2027-12-18,2026-09-18
450.0,508,783,2027-12-18,2026-09-18
460.0,177,138,2027-12-18,2026-09-18
470.0,362,433,2027-12-18,2026-09-18
480.0,504,205,2027-12-18,2026-09-18
490.0,671,250,2027-12-18,2026-09-18
500.0,1594,276,2027-12-18,2026-09-18
510.0,1687,163,2027-12-18,2026-09-18
520.0,915,116,2027-12-18,2026-09-18
530.0,1466,53,2027-12-18,2026-09-18
540.0,176,52,2027-12-18,2026-09-18
550.0,1130,595,2027-12-18,2026-09-18
560.0,538,87,2027-12-18,2026-09-18
570.0,169,48,2027-12-18,2026-09-18
580.0,153,246,2027-12-18,2026-09-18
590.0,144,69,2027-12-18,2026-09-18
600.0,1794,292,2027-12-18,2026-09-18
610.0,189,22,2027-12-18,2026-09-18
620.0,286,120,2027-12-18,2026-09-18
630.0,465,299,2027-12-18,2026-09-18
640.0,257,24,2027-12-18,2026-09-18
650.0,276,86,2027-12-18,2026-09-18
660.0,157,13,2027-12-18,2026-09-18
670.0,129,49,2027-12-18,2026-09-18
680.0,201,61,2027-12-18,2026-09-18
690.0,181,15,2027-12-18,2026-09-18
700.0,1975,70,2027-12-18,2026-09-18
710.0,197,53,2027-12-18,2026-09-18
720.0,187,9,2027-12-18,2026-09-18
730.0,1159,39,2027-12-18,2026-09-18
740.0,597,27,2027-12-18,2026-09-18
750.0,1562,119,2027-12-18,2026-09-18
760.0,312,9,2027-12-18,2026-09-18
770.0,107,16,2027-12-18,2026-09-18
780.0,60,8,2027-12-18,2026-09-18
790.0,320,85,2027-12-18,2026-09-18
800.0,2337,12,2027-12-18,2026-09-18
810.0,179,9,2027-12-18,2026-09-18
820.0,110,7,2027-12-18,2026-09-18
830.0,63,20,2027-12-18,2026-09-18
840.0,138,12,2027-12-18,2026-09-18
850.0,395,132,2027-12-18,2026-09-18
860.0,175,49,2027-12-18,2026-09-18
870.0,85,70,2027-12-18,2026-09-18
880.0,247,20,2027-12-18,2026-09-18
890.0,68,10,2027-12-18,2026-09-18
900.0,813,21,2027-12-18,2026-09-18
910.0,252,99,2027-12-18,2026-09-18
920.0,228,41,2027-12-18,2026-09-18
930.0,309,34,2027-12-18,2026-09-18
940.0,98,12,2027-12-18,2026-09-18
950.0,1080,14,2027-12-18,2026-09-18
960.0,86,41,2027-12-18,2026-09-18
970.0,22,8,2027-12-18,2026-09-18
980.0,158,20,2027-12-18,2026-09-18
990.0,962,9,2027-12-18,2026-09-18
1000.0,328,39,2027-12-18,2026-09-18
1010.0,123,15,2027-12-18,2026-09-18
1020.0,514,69,2027-12-18,2026-09-18
1030.0,109,42,2027-12-18,2026-09-18
1040.0,131,37,2027-12-18,2026-09-18
1050.0,616,43,2027-12-18,2026-09-18
1060.0,361,24,2027-12-18,2026-09-18
1070.0,262,11,2027-12-18,2026-09-18
1080.0,177,2,2027-12-18,2026-09-18
1090.0,220,13,2027-12-18,2026-09-18
1100.0,208,1,2027-12-18,2026-09-18
1110.0,3222,2,2027-12-18,2026-09-18
1120.0,1560,0,2027-12-18,2026-09-18
5.0,10427,1096,2028-01-22,2026-09-18
10.0,99,224,2028-01-22,2026-09-18
15.0,11,11,2028-01-22,2026-09-18
20.0,1,38,2028-01-22,2026-09-18
25.0,57,253,2028-01-22,2026-09-18
30.0,3,52,2028-01-22,2026-09-18
35.0,43,60,2028-01-22,2026-09-18
40.0,186,126,2028-01-22,2026-09-18
45.0,143,56,2028-01-22,2026-09-18
50.0,274,115,2028-01-22,2026-09-18
55.0,150,71,2028-01-22,2026-09-18
60.0,131,108,2028-01-22,2026-09-18
65.0,5,74,2028-01-22,2026-09-18
70.0,249,602,2028-01-22,2026-09-18
75.0,101,208,2028-01-22,2026-09-18
80.0,99,434,2028-01-22,2026-09-18
85.0,154,801,2028-01-22,2026-09-18
90.0,200,93,2028-01-22,2026-09-18
95.0,149,271,2028-01-22,2026-09-18
100.0,1252,2351,2028-01-22,2026-09-18
105.0,397,949,2028-01-22,2026-09-18
110.0,250,2078,2028-01-22,2026-09-18
115.0,231,242,2028-01-22,2026-09-18
120.0,185,1368,2028-01-22,2026-09-18
125.0,246,398,2028-01-22,2026-09-18
130.0,250,3331,2028-01-22,2026-09-18
135.0,114,298,2028-01-22,2026-09-18
140.0,284,3106,2028-01-22,2026-09-18
145.0,90,521,2028-01-22,2026-09-18
150.0,1001,3024,2028-01-22,2026-09-18
155.0,187,387,2028-01-22,2026-09-18
160.0,359,2118,2028-01-22,2026-09-18
165.0,242,779,2028-01-22,2026-09-18
170.0,652,2315,2028-01-22,2026-09-18
175.0,321,906,2028-01-22,2026-09-18
180.0,322,3037,2028-01-22,2026-09-18
185.0,173,1194,2028-01-22,2026-09-18
190.0,595,921,2028-01-22,2026-09-18
195.0,504,1360,2028-01-22,2026-09-18
200.0,3598,3485,2028-01-22,2026-09-18
210.0,1000,1000,2028-01-22,2026-09-18
210.0,561,3259,2028-01-22,2026-09-18
220.0,1035,2085,2028-01-22,2026-09-18
230.0,1145,1217,2028-01-22,2026-09-18
240.0,1198,4942,2028-01-22,2026-09-18
250.0,4159,4749,2028-01-22,2026-09-18
260.0,2560,3287,2028-01-22,2026-09-18
270.0,636,3910,2028-01-22,2026-09-18
280.0,456,3269,2028-01-22,2026-09-18
290.0,693,1609,2028-01-22,2026-09-18
300.0,3075,11039,2028-01-22,2026-09-18
310.0,988,266,2028-01-22,2026-09-18
320.0,620,4167,2028-01-22,2026-09-18
330.0,405,2291,2028-01-22,2026-09-18
340.0,418,4645,2028-01-22,2026-09-18
350.0,1720,4535,2028-01-22,2026-09-18
360.0,650,1899,2028-01-22,2026-09-18
370.0,340,1205,2028-01-22,2026-09-18
380.0,361,1882,2028-01-22,2026-09-18
390.0,460,357,2028-01-22,2026-09-18
400.0,1882,3635,2028-01-22,2026-09-18
410.0,1268,548,2028-01-22,2026-09-18
420.0,512,409,2028-01-22,2026-09-18
430.0,398,2177,2028-01-22,2026-09-18
440.0,384,2186,2028-01-22,2026-09-18
450.0,1834,2998,2028-01-22,2026-09-18
460.0,1340,379,2028-01-22,2026-09-18
470.0,517,2258,2028-01-22,2026-09-18
480.0,1170,335,2028-01-22,2026-09-18
490.0,654,251,2028-01-22,2026-09-18
500.0,3432,1407,2028-01-22,2026-09-18
510.0,506,608,2028-01-22,2026-09-18
520.0,1903,2530,2028-01-22,2026-09-18
530.0,3563,2307,2028-01-22,2026-09-18
540.0,165,41,2028-01-22,2026-09-18
550.0,521,578,2028-01-22,2026-09-18
560.0,399,95,2028-01-22,2026-09-18
570.0,466,150,2028-01-22,2026-09-18
580.0,175,91,2028-01-22,2026-09-18
590.0,178,56,2028-01-22,2026-09-18
600.0,2490,1321,2028-01-22,2026-09-18
610.0,100,50,2028-01-22,2026-09-18
620.0,379,33,2028-01-22,2026-09-18
630.0,134,41,2028-01-22,2026-09-18
640.0,232,113,2028-01-22,2026-09-18
650.0,686,481,2028-01-22,2026-09-18
660.0,2257,61,2028-01-22,2026-09-18
670.0,99,41,2028-01-22,2026-09-18
680.0,290,51,2028-01-22,2026-09-18
690.0,257,50,2028-01-22,2026-09-18
700.0,1552,147,2028-01-22,2026-09-18
710.0,273,27,2028-01-22,2026-09-18
720.0,380,24,2028-01-22,2026-09-18
730.0,140,35,2028-01-22,2026-09-18
740.0,686,65,2028-01-22,2026-09-18
750.0,359,23,2028-01-22,2026-09-18
760.0,223,29,2028-01-22,2026-09-18
770.0,526,50,2028-01-22,2026-09-18
780.0,83,27,2028-01-22,2026-09-18
790.0,124,9,2028-01-22,2026-09-18
800.0,1912,77,2028-01-22,2026-09-18
810.0,428,126,2028-01-22,2026-09-18
820.0,208,92,2028-01-22,2026-09-18
830.0,234,157,2028-01-22,2026-09-18
840.0,137,70,2028-01-22,2026-09-18
850.0,3813,15,2028-01-22,2026-09-18
860.0,1480,99,2028-01-22,2026-09-18
870.0,264,14,2028-01-22,2026-09-18
880.0,157,70,2028-01-22,2026-09-18
890.0,51,131,2028-01-22,2026-09-18
900.0,340,34,2028-01-22,2026-09-18
910.0,141,117,2028-01-22,2026-09-18
920.0,586,29,2028-01-22,2026-09-18
930.0,322,11,2028-01-22,2026-09-18
940.0,43,90,2028-01-22,2026-09-18
950.0,187,59,2028-01-22,2026-09-18
960.0,191,44,2028-01-22,2026-09-18
970.0,1093,5,2028-01-22,2026-09-18
980.0,145,25,2028-01-22,2026-09-18
990.0,119,81,2028-01-22,2026-09-18
1000.0,3248,48,2028-01-22,2026-09-18
1010.0,129,89,2028-01-22,2026-09-18
1020.0,97,131,2028-01-22,2026-09-18
1030.0,1153,62,2028-01-22,2026-09-18
1040.0,162,79,2028-01-22,2026-09-18
1050.0,241,73,2028-01-22,2026-09-18
1060.0,136,69,2028-01-22,2026-09-18
1070.0,102,9,2028-01-22,2026-09-18
1080.0,292,8,2028-01-22,2026-09-18
1090.0,246,21,2028-01-22,2026-09-18
1100.0,1378,8,2028-01-22,2026-09-18
1110.0,2844,3,2028-01-22,2026-09-18
1120.0,9105,8,2028-01-22,2026-09-18
900.0,183,0,2028-02-29,2026-09-18
5.0,126,48,2028-06-17,2026-09-18
10.0,0,3,2028-06-17,2026-09-18
15.0,0,0,2028-06-17,2026-09-18
20.0,0,0,2028-06-17,2026-09-18
25.0,0,4,2028-06-17,2026-09-18
30.0,1,7,2028-06-17,2026-09-18
35.0,1,4,2028-06-17,2026-09-18
40.0,2,12,2028-06-17,2026-09-18
45.0,0,10,2028-06-17,2026-09-18
50.0,0,47,2028-06-17,2026-09-18
55.0,0,37,2028-06-17,2026-09-18
60.0,0,8,2028-06-17,2026-09-18
65.0,1,35,2028-06-17,2026-09-18
70.0,1,381,2028-06-17,2026-09-18
75.0,0,1223,2028-06-17,2026-09-18
80.0,1,434,2028-06-17,2026-09-18
85.0,3,293,2028-06-17,2026-09-18
90.0,1,57,2028-06-17,2026-09-18
95.0,5,343,2028-06-17,2026-09-18
100.0,2,482,2028-06-17,2026-09-18
105.0,19,197,2028-06-17,2026-09-18
110.0,71,419,2028-06-17,2026-09-18
115.0,100,433,2028-06-17,2026-09-18
120.0,55,103,2028-06-17,2026-09-18
125.0,82,202,2028-06-17,2026-09-18
130.0,35,319,2028-06-17,2026-09-18
135.0,43,21,2028-06-17,2026-09-18
140.0,28,82,2028-06-17,2026-09-18
145.0,63,15,2028-06-17,2026-09-18
150.0,28,398,2028-06-17,2026-09-18
155.0,27,180,2028-06-17,2026-09-18
160.0,29,236,2028-06-17,2026-09-18
165.0,5,124,2028-06-17,2026-09-18
170.0,61,246,2028-06-17,2026-09-18
175.0,239,217,2028-06-17,2026-09-18
180.0,28,57,2028-06-17,2026-09-18
185.0,8,163,2028-06-17,2026-09-18
190.0,30,53,2028-06-17,2026-09-18
195.0,5,229,2028-06-17,2026-09-18
200.0,34,1605,2028-06-17,2026-09-18
210.0,24,27,2028-06-17,2026-09-18
220.0,34,162,2028-06-17,2026-09-18
230.0,34,145,2028-06-17,2026-09-18
240.0,77,504,2028-06-17,2026-09-18
250.0,54,1243,2028-06-17,2026-09-18
260.0,42,2464,2028-06-17,2026-09-18
270.0,101,560,2028-06-17,2026-09-18
280.0,28,1026,2028-06-17,2026-09-18
290.0,77,294,2028-06-17,2026-09-18
300.0,191,7037,2028-06-17,2026-09-18
310.0,102,81,2028-06-17,2026-09-18
320.0,351,2528,2028-06-17,2026-09-18
330.0,116,175,2028-06-17,2026-09-18
340.0,88,1020,2028-06-17,2026-09-18
350.0,58,339,2028-06-17,2026-09-18
360.0,75,123,2028-06-17,2026-09-18
370.0,267,215,2028-06-17,2026-09-18
380.0,91,62,2028-06-17,2026-09-18
390.0,217,589,2028-06-17,2026-09-18
400.0,207,398,2028-06-17,2026-09-18
410.0,98,134,2028-06-17,2026-09-18
420.0,59,62,2028-06-17,2026-09-18
430.0,292,48,2028-06-17,2026-09-18
440.0,144,64,2028-06-17,2026-09-18
450.0,251,793,2028-06-17,2026-09-18
460.0,81,101,2028-06-17,2026-09-18
470.0,234,232,2028-06-17,2026-09-18
480.0,45,67,2028-06-17,2026-09-18
490.0,348,194,2028-06-17,2026-09-18
500.0,867,453,2028-06-17,2026-09-18
510.0,151,233,2028-06-17,2026-09-18
520.0,108,480,2028-06-17,2026-09-18
530.0,117,219,2028-06-17,2026-09-18
540.0,241,434,2028-06-17,2026-09-18
550.0,244,635,2028-06-17,2026-09-18
560.0,80,56,2028-06-17,2026-09-18
570.0,118,26,2028-06-17,2026-09-18
580.0,133,88,2028-06-17,2026-09-18
590.0,228,23,2028-06-17,2026-09-18
600.0,421,42,2028-06-17,2026-09-18
610.0,54,90,2028-06-17,2026-09-18
620.0,1820,117,2028-06-17,2026-09-18
630.0,103,30,2028-06-17,2026-09-18
640.0,133,4,2028-06-17,2026-09-18
650.0,578,150,2028-06-17,2026-09-18
660.0,1116,61,2028-06-17,2026-09-18
670.0,93,61,2028-06-17,2026-09-18
680.0,103,84,2028-06-17,2026-09-18
690.0,387,7,2028-06-17,2026-09-18
700.0,654,123,2028-06-17,2026-09-18
710.0,459,49,2028-06-17,2026-09-18
720.0,997,15,2028-06-17,2026-09-18
730.0,202,113,2028-06-17,2026-09-18
740.0,128,78,2028-06-17,2026-09-18
750.0,322,30,2028-06-17,2026-09-18
760.0,518,98,2028-06-17,2026-09-18
770.0,218,5,2028-06-17,2026-09-18
780.0,369,6,2028-06-17,2026-09-18
790.0,81,4,2028-06-17,2026-09-18
800.0,1366,16,2028-06-17,2026-09-18
810.0,168,16,2028-06-17,2026-09-18
820.0,359,50,2028-06-17,2026-09-18
830.0,116,23,2028-06-17,2026-09-18
840.0,207,14,2028-06-17,2026-09-18
850.0,489,5,2028-06-17,2026-09-18
860.0,210,22,2028-06-17,2026-09-18
870.0,80,3,2028-06-17,2026-09-18
880.0,245,29,2028-06-17,2026-09-18
890.0,176,17,2028-06-17,2026-09-18
900.0,401,19,2028-06-17,2026-09-18
910.0,215,3,2028-06-17,2026-09-18
920.0,116,13,2028-06-17,2026-09-18
930.0,331,5,2028-06-17,2026-09-18
940.0,196,5,2028-06-17,2026-09-18
950.0,92,41,2028-06-17,2026-09-18
960.0,169,39,2028-06-17,2026-09-18
970.0,127,48,2028-06-17,2026-09-18
980.0,300,42,2028-06-17,2026-09-18
990.0,96,289,2028-06-17,2026-09-18
1000.0,1330,52,2028-06-17,2026-09-18
1010.0,1599,115,2028-06-17,2026-09-18
1020.0,86,89,2028-06-17,2026-09-18
1030.0,86,38,2028-06-17,2026-09-18
1040.0,287,128,2028-06-17,2026-09-18
1050.0,271,177,2028-06-17,2026-09-18
1060.0,80,27,2028-06-17,2026-09-18
1070.0,85,60,2028-06-17,2026-09-18
1080.0,200,2,2028-06-17,2026-09-18
1090.0,192,35,2028-06-17,2026-09-18
1100.0,1711,44,2028-06-17,2026-09-18
1110.0,377,16,2028-06-17,2026-09-18
1120.0,4356,51,2028-06-17,2026-09-18
5.0,20059,611,2028-12-16,2026-09-18
10.0,28,315,2028-12-16,2026-09-18
15.0,29,20,2028-12-16,2026-09-18
20.0,16,52,2028-12-16,2026-09-18
25.0,45,102,2028-12-16,2026-09-18
30.0,9,294,2028-12-16,2026-09-18
35.0,4,35,2028-12-16,2026-09-18
40.0,7,139,2028-12-16,2026-09-18
45.0,3,263,2028-12-16,2026-09-18
50.0,11,277,2028-12-16,2026-09-18
55.0,1,200,2028-12-16,2026-09-18
60.0,9,441,2028-12-16,2026-09-18
65.0,6,232,2028-12-16,2026-09-18
70.0,8,159,2028-12-16,2026-09-18
75.0,8,276,2028-12-16,2026-09-18
80.0,40,302,2028-12-16,2026-09-18
85.0,50,827,2028-12-16,2026-09-18
90.0,73,243,2028-12-16,2026-09-18
95.0,57,1135,2028-12-16,2026-09-18
100.0,393,1248,2028-12-16,2026-09-18
105.0,463,426,2028-12-16,2026-09-18
110.0,337,335,2028-12-16,2026-09-18
115.0,1238,137,2028-12-16,2026-09-18
120.0,92,786,2028-12-16,2026-09-18
125.0,69,248,2028-12-16,2026-09-18
130.0,103,2198,2028-12-16,2026-09-18
135.0,76,842,2028-12-16,2026-09-18
140.0,254,625,2028-12-16,2026-09-18
145.0,131,949,2028-12-16,2026-09-18
150.0,625,1485,2028-12-16,2026-09-18
155.0,139,894,2028-12-16,2026-09-18
160.0,176,3017,2028-12-16,2026-09-18
165.0,103,929,2028-12-16,2026-09-18
170.0,181,2297,2028-12-16,2026-09-18
175.0,187,484,2028-12-16,2026-09-18
180.0,363,481,2028-12-16,2026-09-18
185.0,298,235,2028-12-16,2026-09-18
190.0,396,1147,2028-12-16,2026-09-18
195.0,379,999,2028-12-16,2026-09-18
200.0,1323,3139,2028-12-16,2026-09-18
210.0,800,1063,2028-12-16,2026-09-18
220.0,762,798,2028-12-16,2026-09-18
230.0,572,390,2028-12-16,2026-09-18
240.0,437,748,2028-12-16,2026-09-18
250.0,1085,4680,2028-12-16,2026-09-18
260.0,588,567,2028-12-16,2026-09-18
270.0,439,996,2028-12-16,2026-09-18
280.0,278,545,2028-12-16,2026-09-18
290.0,384,2281,2028-12-16,2026-09-18
300.0,1376,1697,2028-12-16,2026-09-18
310.0,542,518,2028-12-16,2026-09-18
320.0,504,765,2028-12-16,2026-09-18
330.0,421,599,2028-12-16,2026-09-18
340.0,452,426,2028-12-16,2026-09-18
350.0,1156,2740,2028-12-16,2026-09-18
360.0,460,1211,2028-12-16,2026-09-18
370.0,373,697,2028-12-16,2026-09-18
380.0,269,727,2028-12-16,2026-09-18
390.0,207,348,2028-12-16,2026-09-18
400.0,1384,1987,2028-12-16,2026-09-18
410.0,222,329,2028-12-16,2026-09-18
420.0,450,251,2028-12-16,2026-09-18
430.0,432,248,2028-12-16,2026-09-18
440.0,594,345,2028-12-16,2026-09-18
450.0,1056,1894,2028-12-16,2026-09-18
460.0,597,815,2028-12-16,2026-09-18
470.0,373,368,2028-12-16,2026-09-18
480.0,765,255,2028-12-16,2026-09-18
490.0,661,323,2028-12-16,2026-09-18
500.0,3632,1283,2028-12-16,2026-09-18
510.0,873,755,2028-12-16,2026-09-18
520.0,487,678,2028-12-16,2026-09-18
530.0,292,202,2028-12-16,2026-09-18
540.0,251,289,2028-12-16,2026-09-18
550.0,1522,497,2028-12-16,2026-09-18
560.0,739,170,2028-12-16,2026-09-18
570.0,56,0,2028-12-16,2026-09-18
570.0,491,130,2028-12-16,2026-09-18
580.0,288,74,2028-12-16,2026-09-18
590.0,211,113,2028-12-16,2026-09-18
600.0,2904,528,2028-12-16,2026-09-18
610.0,173,222,2028-12-16,2026-09-18
620.0,392,103,2028-12-16,2026-09-18
630.0,120,34,2028-12-16,2026-09-18
640.0,321,43,2028-12-16,2026-09-18
650.0,364,73,2028-12-16,2026-09-18
660.0,437,86,2028-12-16,2026-09-18
670.0,477,45,2028-12-16,2026-09-18
680.0,338,67,2028-12-16,2026-09-18
690.0,463,58,2028-12-16,2026-09-18
700.0,3450,407,2028-12-16,2026-09-18
710.0,248,119,2028-12-16,2026-09-18
720.0,1889,39,2028-12-16,2026-09-18
730.0,559,62,2028-12-16,2026-09-18
740.0,191,34,2028-12-16,2026-09-18
750.0,1220,292,2028-12-16,2026-09-18
760.0,1144,58,2028-12-16,2026-09-18
770.0,300,32,2028-12-16,2026-09-18
780.0,313,18,2028-12-16,2026-09-18
790.0,398,19,2028-12-16,2026-09-18
800.0,1724,120,2028-12-16,2026-09-18
810.0,642,113,2028-12-16,2026-09-18
820.0,1201,14,2028-12-16,2026-09-18
830.0,251,62,2028-12-16,2026-09-18
840.0,159,56,2028-12-16,2026-09-18
850.0,777,96,2028-12-16,2026-09-18
860.0,2493,52,2028-12-16,2026-09-18
870.0,334,37,2028-12-16,2026-09-18
880.0,520,60,2028-12-16,2026-09-18
890.0,474,31,2028-12-16,2026-09-18
900.0,1153,83,2028-12-16,2026-09-18
910.0,1110,52,2028-12-16,2026-09-18
920.0,1118,62,2028-12-16,2026-09-18
930.0,642,178,2028-12-16,2026-09-18
940.0,140,107,2028-12-16,2026-09-18
950.0,703,120,2028-12-16,2026-09-18
960.0,478,78,2028-12-16,2026-09-18
970.0,168,92,2028-12-16,2026-09-18
980.0,139,37,2028-12-16,2026-09-18
990.0,822,123,2028-12-16,2026-09-18
1000.0,1194,102,2028-12-16,2026-09-18
1010.0,403,114,2028-12-16,2026-09-18
1020.0,114,56,2028-12-16,2026-09-18
1030.0,142,132,2028-12-16,2026-09-18
1040.0,69,125,2028-12-16,2026-09-18
1050.0,731,109,2028-12-16,2026-09-18
1060.0,176,66,2028-12-16,2026-09-18
1070.0,256,72,2028-12-16,2026-09-18
1080.0,315,255,2028-12-16,2026-09-18
1090.0,1036,172,2028-12-16,2026-09-18
1100.0,585,352,2028-12-16,2026-09-18
1110.0,673,231,2028-12-16,2026-09-18
1120.0,4082,323,2028-12-16,2026-09-18
5.0,83,0,2029-01-20,2026-09-18
10.0,0,0,2029-01-20,2026-09-18
15.0,0,0,2029-01-20,2026-09-18
20.0,0,0,2029-01-20,2026-09-18
25.0,0,0,2029-01-20,2026-09-18
30.0,0,0,2029-01-20,2026-09-18
35.0,0,0,2029-01-20,2026-09-18
40.0,0,0,2029-01-20,2026-09-18
45.0,0,0,2029-01-20,2026-09-18
50.0,0,1,2029-01-20,2026-09-18
55.0,0,0,2029-01-20,2026-09-18
60.0,0,0,2029-01-20,2026-09-18
65.0,0,0,2029-01-20,2026-09-18
70.0,0,0,2029-01-20,2026-09-18
75.0,0,0,2029-01-20,2026-09-18
80.0,0,0,2029-01-20,2026-09-18
85.0,0,0,2029-01-20,2026-09-18
90.0,0,0,2029-01-20,2026-09-18
95.0,0,0,2029-01-20,2026-09-18
100.0,0,1,2029-01-20,2026-09-18
105.0,0,2,2029-01-20,2026-09-18
110.0,3,1,2029-01-20,2026-09-18
115.0,0,0,2029-01-20,2026-09-18
120.0,0,0,2029-01-20,2026-09-18
125.0,0,0,2029-01-20,2026-09-18
130.0,0,0,2029-01-20,2026-09-18
135.0,4,1,2029-01-20,2026-09-18
140.0,2,0,2029-01-20,2026-09-18
145.0,0,0,2029-01-20,2026-09-18
150.0,1,0,2029-01-20,2026-09-18
155.0,0,0,2029-01-20,2026-09-18
160.0,0,13,2029-01-20,2026-09-18
165.0,0,0,2029-01-20,2026-09-18
170.0,0,0,2029-01-20,2026-09-18
175.0,0,1,2029-01-20,2026-09-18
180.0,1,0,2029-01-20,2026-09-18
185.0,20,0,2029-01-20,2026-09-18
190.0,1,2,2029-01-20,2026-09-18
195.0,20,0,2029-01-20,2026-09-18
200.0,75,1,2029-01-20,2026-09-18
210.0,52,11,2029-01-20,2026-09-18
220.0,54,0,2029-01-20,2026-09-18
230.0,33,4,2029-01-20,2026-09-18
240.0,21,5,2029-01-20,2026-09-18
250.0,4,1,2029-01-20,2026-09-18
260.0,17,32,2029-01-20,2026-09-18
270.0,3,5,2029-01-20,2026-09-18
280.0,5,11,2029-01-20,2026-09-18
290.0,0,1,2029-01-20,2026-09-18
300.0,3,1,2029-01-20,2026-09-18
310.0,1,47,2029-01-20,2026-09-18
320.0,5,11,2029-01-20,2026-09-18
330.0,0,2,2029-01-20,2026-09-18
340.0,0,0,2029-01-20,2026-09-18
350.0,2,5,2029-01-20,2026-09-18
360.0,21,124,2029-01-20,2026-09-18
370.0,6,35,2029-01-20,2026-09-18
380.0,1,3,2029-01-20,2026-09-18
390.0,0,54,2029-01-20,2026-09-18
400.0,1,9,2029-01-20,2026-09-18
410.0,5,17,2029-01-20,2026-09-18
420.0,9,7,2029-01-20,2026-09-18
430.0,22,29,2029-01-20,2026-09-18
440.0,0,0,2029-01-20,2026-09-18
450.0,5,4,2029-01-20,2026-09-18
460.0,4,3,2029-01-20,2026-09-18
470.0,1,12,2029-01-20,2026-09-18
480.0,4,4,2029-01-20,2026-09-18
490.0,5,6,2029-01-20,2026-09-18
500.0,26,8,2029-01-20,2026-09-18
510.0,11,2,2029-01-20,2026-09-18
520.0,5,13,2029-01-20,2026-09-18
530.0,11,2,2029-01-20,2026-09-18
540.0,7,3,2029-01-20,2026-09-18
550.0,42,1,2029-01-20,2026-09-18
560.0,1,1,2029-01-20,2026-09-18
570.0,453,15,2029-01-20,2026-09-18
580.0,2,2,2029-01-20,2026-09-18
590.0,11,0,2029-01-20,2026-09-18
600.0,27,6,2029-01-20,2026-09-18
610.0,10,2,2029-01-20,2026-09-18
620.0,4,2,2029-01-20,2026-09-18
630.0,1,0,2029-01-20,2026-09-18
640.0,25,1,2029-01-20,2026-09-18
650.0,7,1,2029-01-20,2026-09-18
660.0,9,0,2029-01-20,2026-09-18
670.0,0,0,2029-01-20,2026-09-18
680.0,13,0,2029-01-20,2026-09-18
690.0,0,0,2029-01-20,2026-09-18
700.0,206,0,2029-01-20,2026-09-18
710.0,1,0,2029-01-20,2026-09-18
720.0,0,0,2029-01-20,2026-09-18
730.0,0,0,2029-01-20,2026-09-18
740.0,1,0,2029-01-20,2026-09-18
750.0,0,7,2029-01-20,2026-09-18
760.0,1,5,2029-01-20,2026-09-18
770.0,0,5,2029-01-20,2026-09-18
780.0,0,1,2029-01-20,2026-09-18
790.0,0,5,2029-01-20,2026-09-18
800.0,5,0,2029-01-20,2026-09-18
810.0,0,0,2029-01-20,2026-09-18
820.0,1,1,2029-01-20,2026-09-18
830.0,1,0,2029-01-20,2026-09-18
840.0,0,0,2029-01-20,2026-09-18
850.0,3,0,2029-01-20,2026-09-18
860.0,0,0,2029-01-20,2026-09-18
870.0,0,0,2029-01-20,2026-09-18
880.0,0,1,2029-01-20,2026-09-18
890.0,0,0,2029-01-20,2026-09-18
900.0,18,0,2029-01-20,2026-09-18
910.0,0,0,2029-01-20,2026-09-18
920.0,0,0,2029-01-20,2026-09-18
930.0,0,0,2029-01-20,2026-09-18
940.0,0,0,2029-01-20,2026-09-18
950.0,8,0,2029-01-20,2026-09-18
960.0,0,0,2029-01-20,2026-09-18
970.0,1,0,2029-01-20,2026-09-18
980.0,310,1,2029-01-20,2026-09-18
212.71,114,114,2029-12-22,2026-09-18
295.0,120,0,2030-01-19,2026-09-18
295.0,110,0,2031-01-18,2026-09-18
