Strike,Call,Put,Expiry,Date
350.0,0,11,2026-09-22,2026-09-22
355.0,0,3,2026-09-22,2026-09-22
360.0,0,3,2026-09-22,2026-09-22
365.0,0,15,2026-09-22,2026-09-22
370.0,0,13,2026-09-22,2026-09-22
375.0,0,27,2026-09-22,2026-09-22
380.0,0,9,2026-09-22,2026-09-22
385.0,0,10,2026-09-22,2026-09-22
390.0,0,6,2026-09-22,2026-09-22
395.0,0,275,2026-09-22,2026-09-22
400.0,0,26,2026-09-22,2026-09-22
405.0,0,5,2026-09-22,2026-09-22
410.0,0,8,2026-09-22,2026-09-22
415.0,0,37,2026-09-22,2026-09-22
417.5,0,21,2026-09-22,2026-09-22
420.0,0,99,2026-09-22,2026-09-22
422.5,0,15,2026-09-22,2026-09-22
425.0,0,14,2026-09-22,2026-09-22
427.5,0,9,2026-09-22,2026-09-22
430.0,0,150,2026-09-22,2026-09-22
432.5,0,50,2026-09-22,2026-09-22
435.0,0,107,2026-09-22,2026-09-22
437.5,0,59,2026-09-22,2026-09-22
440.0,0,110,2026-09-22,2026-09-22
442.5,0,52,2026-09-22,2026-09-22
445.0,0,130,2026-09-22,2026-09-22
447.5,0,13,2026-09-22,2026-09-22
450.0,0,159,2026-09-22,2026-09-22
452.5,0,19,2026-09-22,2026-09-22
455.0,0,71,2026-09-22,2026-09-22
457.5,0,142,2026-09-22,2026-09-22
460.0,0,475,2026-09-22,2026-09-22
462.5,0,26,2026-09-22,2026-09-22
465.0,0,269,2026-09-22,2026-09-22
467.5,0,139,2026-09-22,2026-09-22
470.0,0,592,2026-09-22,2026-09-22
472.5,0,60,2026-09-22,2026-09-22
475.0,0,157,2026-09-22,2026-09-22
477.5,0,255,2026-09-22,2026-09-22
480.0,0,457,2026-09-22,2026-09-22
482.5,0,112,2026-09-22,2026-09-22
485.0,0,348,2026-09-22,2026-09-22
487.5,0,372,2026-09-22,2026-09-22
490.0,0,296,2026-09-22,2026-09-22
492.5,0,852,2026-09-22,2026-09-22
495.0,0,299,2026-09-22,2026-09-22
497.5,0,315,2026-09-22,2026-09-22
500.0,0,994,2026-09-22,2026-09-22
502.5,0,344,2026-09-22,2026-09-22
505.0,0,526,2026-09-22,2026-09-22
507.5,0,201,2026-09-22,2026-09-22
510.0,0,642,2026-09-22,2026-09-22
512.5,0,700,2026-09-22,2026-09-22
515.0,0,803,2026-09-22,2026-09-22
517.5,0,469,2026-09-22,2026-09-22
520.0,0,2218,2026-09-22,2026-09-22
522.5,0,1055,2026-09-22,2026-09-22
525.0,0,938,2026-09-22,2026-09-22
527.5,0,353,2026-09-22,2026-09-22
530.0,0,1019,2026-09-22,2026-09-22
532.5,0,572,2026-09-22,2026-09-22
535.0,0,439,2026-09-22,2026-09-22
537.5,0,397,2026-09-22,2026-09-22
540.0,0,754,2026-09-22,2026-09-22
542.5,0,389,2026-09-22,2026-09-22
545.0,0,1776,2026-09-22,2026-09-22
547.5,0,324,2026-09-22,2026-09-22
550.0,0,1838,2026-09-22,2026-09-22
552.5,0,303,2026-09-22,2026-09-22
555.0,0,151,2026-09-22,2026-09-22
557.5,0,338,2026-09-22,2026-09-22
560.0,0,693,2026-09-22,2026-09-22
562.5,0,144,2026-09-22,2026-09-22
565.0,0,579,2026-09-22,2026-09-22
567.5,0,350,2026-09-22,2026-09-22
570.0,0,645,2026-09-22,2026-09-22
572.5,0,241,2026-09-22,2026-09-22
575.0,0,660,2026-09-22,2026-09-22
577.5,0,339,2026-09-22,2026-09-22
580.0,0,4330,2026-09-22,2026-09-22
582.5,0,432,2026-09-22,2026-09-22
585.0,0,1724,2026-09-22,2026-09-22
587.5,0,1064,2026-09-22,2026-09-22
590.0,0,1328,2026-09-22,2026-09-22
592.5,0,1223,2026-09-22,2026-09-22
595.0,0,4427,2026-09-22,2026-09-22
597.5,0,1018,2026-09-22,2026-09-22
600.0,0,7430,2026-09-22,2026-09-22
605.0,0,3990,2026-09-22,2026-09-22
610.0,0,3948,2026-09-22,2026-09-22
615.0,92,881,2026-09-22,2026-09-22
620.0,6204,0,2026-09-22,2026-09-22
625.0,3418,0,2026-09-22,2026-09-22
630.0,2771,0,2026-09-22,2026-09-22
635.0,2216,0,2026-09-22,2026-09-22
640.0,1255,0,2026-09-22,2026-09-22
645.0,558,0,2026-09-22,2026-09-22
650.0,2458,0,2026-09-22,2026-09-22
655.0,105,0,2026-09-22,2026-09-22
660.0,212,0,2026-09-22,2026-09-22
665.0,108,0,2026-09-22,2026-09-22
670.0,10,0,2026-09-22,2026-09-22
675.0,3,0,2026-09-22,2026-09-22
680.0,5,0,2026-09-22,2026-09-22
685.0,261,0,2026-09-22,2026-09-22
690.0,33,0,2026-09-22,2026-09-22
695.0,3,0,2026-09-22,2026-09-22
700.0,47,0,2026-09-22,2026-09-22
525.03,1211,1211,2026-09-23,2026-09-22
350.0,1,24,2026-09-24,2026-09-22
355.0,0,9,2026-09-24,2026-09-22
360.0,3,32,2026-09-24,2026-09-22
365.0,1,23,2026-09-24,2026-09-22
370.0,0,43,2026-09-24,2026-09-22
375.0,0,28,2026-09-24,2026-09-22
380.0,2,40,2026-09-24,2026-09-22
385.0,1,123,2026-09-24,2026-09-22
390.0,0,8,2026-09-24,2026-09-22
395.0,0,21,2026-09-24,2026-09-22
400.0,8,135,2026-09-24,2026-09-22
405.0,6,4,2026-09-24,2026-09-22
407.5,0,33,2026-09-24,2026-09-22
410.0,20,27,2026-09-24,2026-09-22
412.5,0,5,2026-09-24,2026-09-22
415.0,8,11,2026-09-24,2026-09-22
417.5,1,6,2026-09-24,2026-09-22
420.0,0,20,2026-09-24,2026-09-22
422.5,2,8,2026-09-24,2026-09-22
425.0,5,38,2026-09-24,2026-09-22
427.5,0,10,2026-09-24,2026-09-22
430.0,1,688,2026-09-24,2026-09-22
432.5,1,6,2026-09-24,2026-09-22
435.0,1,25,2026-09-24,2026-09-22
437.5,0,8,2026-09-24,2026-09-22
440.0,1,29,2026-09-24,2026-09-22
442.5,0,11,2026-09-24,2026-09-22
445.0,21,30,2026-09-24,2026-09-22
447.5,0,21,2026-09-24,2026-09-22
450.0,5,57,2026-09-24,2026-09-22
452.5,3,21,2026-09-24,2026-09-22
455.0,1,51,2026-09-24,2026-09-22
457.5,0,11,2026-09-24,2026-09-22
460.0,7,36,2026-09-24,2026-09-22
462.5,1,14,2026-09-24,2026-09-22
465.0,2,332,2026-09-24,2026-09-22
467.5,0,11,2026-09-24,2026-09-22
470.0,10,155,2026-09-24,2026-09-22
472.5,1,18,2026-09-24,2026-09-22
475.0,16,402,2026-09-24,2026-09-22
477.5,2,102,2026-09-24,2026-09-22
480.0,45,252,2026-09-24,2026-09-22
482.5,13,63,2026-09-24,2026-09-22
485.0,53,101,2026-09-24,2026-09-22
487.5,21,23,2026-09-24,2026-09-22
490.0,26,322,2026-09-24,2026-09-22
492.5,25,136,2026-09-24,2026-09-22
495.0,88,128,2026-09-24,2026-09-22
497.5,8,173,2026-09-24,2026-09-22
500.0,88,982,2026-09-24,2026-09-22
502.5,84,70,2026-09-24,2026-09-22
505.0,40,571,2026-09-24,2026-09-22
507.5,19,118,2026-09-24,2026-09-22
510.0,162,141,2026-09-24,2026-09-22
512.5,96,687,2026-09-24,2026-09-22
515.0,74,131,2026-09-24,2026-09-22
517.5,21,175,2026-09-24,2026-09-22
520.0,57,399,2026-09-24,2026-09-22
522.5,52,435,2026-09-24,2026-09-22
525.0,79,424,2026-09-24,2026-09-22
527.5,43,263,2026-09-24,2026-09-22
530.0,196,492,2026-09-24,2026-09-22
532.5,67,185,2026-09-24,2026-09-22
535.0,112,416,2026-09-24,2026-09-22
537.5,145,243,2026-09-24,2026-09-22
540.0,342,381,2026-09-24,2026-09-22
542.5,103,261,2026-09-24,2026-09-22
545.0,666,361,2026-09-24,2026-09-22
547.5,131,534,2026-09-24,2026-09-22
550.0,269,734,2026-09-24,2026-09-22
552.5,144,160,2026-09-24,2026-09-22
555.0,235,1082,2026-09-24,2026-09-22
556.53,90,0,2026-09-24,2026-09-22
557.5,66,238,2026-09-24,2026-09-22
560.0,221,770,2026-09-24,2026-09-22
562.5,140,100,2026-09-24,2026-09-22
565.0,152,325,2026-09-24,2026-09-22
567.5,58,245,2026-09-24,2026-09-22
570.0,1137,704,2026-09-24,2026-09-22
572.5,91,190,2026-09-24,2026-09-22
575.0,166,877,2026-09-24,2026-09-22
577.5,218,238,2026-09-24,2026-09-22
580.0,1075,699,2026-09-24,2026-09-22
582.5,150,330,2026-09-24,2026-09-22
585.0,276,775,2026-09-24,2026-09-22
587.5,167,186,2026-09-24,2026-09-22
590.0,342,522,2026-09-24,2026-09-22
592.5,73,365,2026-09-24,2026-09-22
595.0,136,302,2026-09-24,2026-09-22
597.5,187,174,2026-09-24,2026-09-22
600.0,481,940,2026-09-24,2026-09-22
602.5,208,209,2026-09-24,2026-09-22
605.0,538,1015,2026-09-24,2026-09-22
610.0,1436,720,2026-09-24,2026-09-22
615.0,602,332,2026-09-24,2026-09-22
620.0,1649,145,2026-09-24,2026-09-22
625.0,1388,114,2026-09-24,2026-09-22
630.0,1281,75,2026-09-24,2026-09-22
635.0,1401,20,2026-09-24,2026-09-22
640.0,1515,259,2026-09-24,2026-09-22
645.0,297,32,2026-09-24,2026-09-22
650.0,1678,20,2026-09-24,2026-09-22
655.0,1820,15,2026-09-24,2026-09-22
660.0,612,30,2026-09-24,2026-09-22
665.0,644,3,2026-09-24,2026-09-22
670.0,487,1,2026-09-24,2026-09-22
675.0,1537,0,2026-09-24,2026-09-22
680.0,942,2,2026-09-24,2026-09-22
685.0,128,0,2026-09-24,2026-09-22
690.0,406,0,2026-09-24,2026-09-22
695.0,79,1,2026-09-24,2026-09-22
700.0,1482,6,2026-09-24,2026-09-22
589.03,962,962,2026-09-25,2026-09-22
40.0,0,21,2026-09-26,2026-09-22
45.0,1,8,2026-09-26,2026-09-22
50.0,3,52,2026-09-26,2026-09-22
55.0,2,62,2026-09-26,2026-09-22
60.0,2,80,2026-09-26,2026-09-22
65.0,0,85,2026-09-26,2026-09-22
70.0,0,59,2026-09-26,2026-09-22
75.0,1,96,2026-09-26,2026-09-22
80.0,2,42,2026-09-26,2026-09-22
85.0,5,52,2026-09-26,2026-09-22
90.0,1,7,2026-09-26,2026-09-22
95.0,1,12,2026-09-26,2026-09-22
100.0,2,9,2026-09-26,2026-09-22
105.0,23,22,2026-09-26,2026-09-22
110.0,32,26,2026-09-26,2026-09-22
115.0,12,6,2026-09-26,2026-09-22
120.0,8,25030,2026-09-26,2026-09-22
125.0,4,6,2026-09-26,2026-09-22
130.0,7,7664,2026-09-26,2026-09-22
135.0,5,2,2026-09-26,2026-09-22
140.0,1,41,2026-09-26,2026-09-22
145.0,5,56,2026-09-26,2026-09-22
150.0,5,45,2026-09-26,2026-09-22
155.0,1,16,2026-09-26,2026-09-22
160.0,2,62,2026-09-26,2026-09-22
165.0,14,33,2026-09-26,2026-09-22
170.0,12,49,2026-09-26,2026-09-22
175.0,1,206,2026-09-26,2026-09-22
180.0,7,261,2026-09-26,2026-09-22
185.0,3,197,2026-09-26,2026-09-22
190.0,1,170,2026-09-26,2026-09-22
195.0,0,50,2026-09-26,2026-09-22
200.0,14,66,2026-09-26,2026-09-22
205.0,1,36,2026-09-26,2026-09-22
210.0,6,144,2026-09-26,2026-09-22
215.0,0,407,2026-09-26,2026-09-22
220.0,21,196,2026-09-26,2026-09-22
225.0,2,36,2026-09-26,2026-09-22
230.0,26,266,2026-09-26,2026-09-22
235.0,3,32,2026-09-26,2026-09-22
240.0,10,143,2026-09-26,2026-09-22
245.0,2,89,2026-09-26,2026-09-22
250.0,60,265,2026-09-26,2026-09-22
255.0,8,42,2026-09-26,2026-09-22
260.0,10,473,2026-09-26,2026-09-22
265.0,1,11,2026-09-26,2026-09-22
270.0,51,134,2026-09-26,2026-09-22
275.0,7,50,2026-09-26,2026-09-22
280.0,21,605,2026-09-26,2026-09-22
285.0,2,11,2026-09-26,2026-09-22
290.0,3,175,2026-09-26,2026-09-22
295.0,7,105,2026-09-26,2026-09-22
300.0,28,244,2026-09-26,2026-09-22
305.0,3,37,2026-09-26,2026-09-22
310.0,17,127,2026-09-26,2026-09-22
315.0,8,164,2026-09-26,2026-09-22
320.0,7,195,2026-09-26,2026-09-22
325.0,23,308,2026-09-26,2026-09-22
330.0,15,170,2026-09-26,2026-09-22
335.0,4,410,2026-09-26,2026-09-22
340.0,13,501,2026-09-26,2026-09-22
345.0,28,269,2026-09-26,2026-09-22
350.0,19,282,2026-09-26,2026-09-22
355.0,12,1790,2026-09-26,2026-09-22
360.0,22,431,2026-09-26,2026-09-22
365.0,9,589,2026-09-26,2026-09-22
370.0,27,270,2026-09-26,2026-09-22
375.0,1,3515,2026-09-26,2026-09-22
380.0,39,422,2026-09-26,2026-09-22
385.0,138,323,2026-09-26,2026-09-22
390.0,35,448,2026-09-26,2026-09-22
395.0,7,2148,2026-09-26,2026-09-22
400.0,70,886,2026-09-26,2026-09-22
402.5,1,35,2026-09-26,2026-09-22
405.0,12,1379,2026-09-26,2026-09-22
407.5,0,7,2026-09-26,2026-09-22
410.0,14,446,2026-09-26,2026-09-22
412.5,0,18,2026-09-26,2026-09-22
415.0,20,585,2026-09-26,2026-09-22
417.5,0,48,2026-09-26,2026-09-22
420.0,194,1338,2026-09-26,2026-09-22
422.5,0,77,2026-09-26,2026-09-22
425.0,7,2016,2026-09-26,2026-09-22
427.5,0,74,2026-09-26,2026-09-22
430.0,31,2907,2026-09-26,2026-09-22
432.5,0,87,2026-09-26,2026-09-22
435.0,14,652,2026-09-26,2026-09-22
437.5,6,103,2026-09-26,2026-09-22
440.0,186,1684,2026-09-26,2026-09-22
442.5,13,277,2026-09-26,2026-09-22
445.0,71,687,2026-09-26,2026-09-22
447.5,0,44,2026-09-26,2026-09-22
450.0,279,2607,2026-09-26,2026-09-22
452.5,2,269,2026-09-26,2026-09-22
455.0,120,828,2026-09-26,2026-09-22
457.5,1,289,2026-09-26,2026-09-22
460.0,248,1114,2026-09-26,2026-09-22
462.5,52,183,2026-09-26,2026-09-22
465.0,492,492,2026-09-26,2026-09-22
467.5,22,61,2026-09-26,2026-09-22
470.0,0,225,2026-09-26,2026-09-22
470.0,620,1098,2026-09-26,2026-09-22
472.5,64,133,2026-09-26,2026-09-22
475.0,495,773,2026-09-26,2026-09-22
477.5,43,365,2026-09-26,2026-09-22
480.0,303,824,2026-09-26,2026-09-22
482.5,41,346,2026-09-26,2026-09-22
485.0,264,339,2026-09-26,2026-09-22
487.5,90,257,2026-09-26,2026-09-22
490.0,322,2401,2026-09-26,2026-09-22
492.5,113,238,2026-09-26,2026-09-22
495.0,176,652,2026-09-26,2026-09-22
497.5,83,290,2026-09-26,2026-09-22
500.0,2871,2196,2026-09-26,2026-09-22
502.5,132,962,2026-09-26,2026-09-22
505.0,329,1302,2026-09-26,2026-09-22
507.5,178,186,2026-09-26,2026-09-22
510.0,1452,841,2026-09-26,2026-09-22
512.5,255,200,2026-09-26,2026-09-22
515.0,959,481,2026-09-26,2026-09-22
517.5,602,262,2026-09-26,2026-09-22
520.0,1068,1820,2026-09-26,2026-09-22
522.5,209,201,2026-09-26,2026-09-22
525.0,740,1526,2026-09-26,2026-09-22
527.5,499,380,2026-09-26,2026-09-22
530.0,904,3908,2026-09-26,2026-09-22
532.5,179,221,2026-09-26,2026-09-22
535.0,772,499,2026-09-26,2026-09-22
537.5,341,432,2026-09-26,2026-09-22
540.0,1713,1307,2026-09-26,2026-09-22
542.5,404,469,2026-09-26,2026-09-22
545.0,2692,1606,2026-09-26,2026-09-22
547.5,1217,700,2026-09-26,2026-09-22
550.0,3496,2266,2026-09-26,2026-09-22
552.5,333,168,2026-09-26,2026-09-22
555.0,6531,594,2026-09-26,2026-09-22
557.5,394,201,2026-09-26,2026-09-22
560.0,3185,1005,2026-09-26,2026-09-22
562.5,960,210,2026-09-26,2026-09-22
565.0,1032,162,2026-09-26,2026-09-22
567.5,264,162,2026-09-26,2026-09-22
570.0,7841,1046,2026-09-26,2026-09-22
572.5,166,127,2026-09-26,2026-09-22
575.0,2805,1206,2026-09-26,2026-09-22
577.5,253,526,2026-09-26,2026-09-22
580.0,2573,1287,2026-09-26,2026-09-22
582.5,388,309,2026-09-26,2026-09-22
585.0,872,407,2026-09-26,2026-09-22
587.5,223,185,2026-09-26,2026-09-22
590.0,1203,478,2026-09-26,2026-09-22
592.5,317,76,2026-09-26,2026-09-22
595.0,330,524,2026-09-26,2026-09-22
597.5,246,337,2026-09-26,2026-09-22
600.0,5567,3603,2026-09-26,2026-09-22
602.5,1966,182,2026-09-26,2026-09-22
605.0,684,732,2026-09-26,2026-09-22
607.5,287,1576,2026-09-26,2026-09-22
610.0,1681,1160,2026-09-26,2026-09-22
612.5,442,209,2026-09-26,2026-09-22
615.0,652,423,2026-09-26,2026-09-22
617.5,244,63,2026-09-26,2026-09-22
620.0,2293,132,2026-09-26,2026-09-22
622.5,385,148,2026-09-26,2026-09-22
625.0,1401,124,2026-09-26,2026-09-22
627.5,1750,146,2026-09-26,2026-09-22
630.0,1244,59,2026-09-26,2026-09-22
632.5,587,48,2026-09-26,2026-09-22
635.0,2197,25,2026-09-26,2026-09-22
637.5,179,44,2026-09-26,2026-09-22
640.0,3785,67,2026-09-26,2026-09-22
645.0,347,42,2026-09-26,2026-09-22
650.0,3398,58,2026-09-26,2026-09-22
655.0,782,32,2026-09-26,2026-09-22
660.0,1114,33,2026-09-26,2026-09-22
665.0,789,6,2026-09-26,2026-09-22
670.0,1700,2,2026-09-26,2026-09-22
675.0,1885,11,2026-09-26,2026-09-22
680.0,1848,30,2026-09-26,2026-09-22
685.0,774,0,2026-09-26,2026-09-22
690.0,881,16,2026-09-26,2026-09-22
695.0,253,1,2026-09-26,2026-09-22
700.0,1589,74,2026-09-26,2026-09-22
705.0,427,0,2026-09-26,2026-09-22
710.0,802,50,2026-09-26,2026-09-22
715.0,367,0,2026-09-26,2026-09-22
720.0,1979,0,2026-09-26,2026-09-22
725.0,138,0,2026-09-26,2026-09-22
730.0,95,0,2026-09-26,2026-09-22
735.0,100,0,2026-09-26,2026-09-22
740.0,94,0,2026-09-26,2026-09-22
750.0,232,0,2026-09-26,2026-09-22
760.0,189,0,2026-09-26,2026-09-22
770.0,522,0,2026-09-26,2026-09-22
780.0,646,0,2026-09-26,2026-09-22
790.0,261,0,2026-09-26,2026-09-22
800.0,118,0,2026-09-26,2026-09-22
810.0,370,0,2026-09-26,2026-09-22
820.0,421,0,2026-09-26,2026-09-22
830.0,106,0,2026-09-26,2026-09-22
840.0,59,0,2026-09-26,2026-09-22
850.0,22,0,2026-09-26,2026-09-22
860.0,171,0,2026-09-26,2026-09-22
870.0,76,0,2026-09-26,2026-09-22
880.0,79,0,2026-09-26,2026-09-22
890.0,53,0,2026-09-26,2026-09-22
900.0,94,0,2026-09-26,2026-09-22
910.0,14,0,2026-09-26,2026-09-22
920.0,103,0,2026-09-26,2026-09-22
930.0,171,0,2026-09-26,2026-09-22
940.0,97,0,2026-09-26,2026-09-22
950.0,48,0,2026-09-26,2026-09-22
960.0,25,0,2026-09-26,2026-09-22
970.0,19,0,2026-09-26,2026-09-22
980.0,63,0,2026-09-26,2026-09-22
990.0,192,0,2026-09-26,2026-09-22
400.0,0,3,2026-09-29,2026-09-22
405.0,1,1,2026-09-29,2026-09-22
410.0,0,0,2026-09-29,2026-09-22
415.0,0,4,2026-09-29,2026-09-22
420.0,0,3,2026-09-29,2026-09-22
425.0,0,0,2026-09-29,2026-09-22
430.0,1,17,2026-09-29,2026-09-22
432.5,1,1,2026-09-29,2026-09-22
435.0,0,14,2026-09-29,2026-09-22
437.5,0,3,2026-09-29,2026-09-22
440.0,1,2,2026-09-29,2026-09-22
442.5,0,0,2026-09-29,2026-09-22
445.0,2,92,2026-09-29,2026-09-22
447.5,0,3,2026-09-29,2026-09-22
450.0,4,154,2026-09-29,2026-09-22
452.5,0,12,2026-09-29,2026-09-22
455.0,0,8,2026-09-29,2026-09-22
457.5,0,7,2026-09-29,2026-09-22
460.0,14,17,2026-09-29,2026-09-22
462.5,1,8,2026-09-29,2026-09-22
465.0,0,17,2026-09-29,2026-09-22
467.5,0,14,2026-09-29,2026-09-22
470.0,2,27,2026-09-29,2026-09-22
472.5,0,5,2026-09-29,2026-09-22
475.0,0,5,2026-09-29,2026-09-22
477.5,2,10,2026-09-29,2026-09-22
480.0,5,37,2026-09-29,2026-09-22
482.5,0,18,2026-09-29,2026-09-22
485.0,49,49,2026-09-29,2026-09-22
487.5,3,1,2026-09-29,2026-09-22
490.0,25,54,2026-09-29,2026-09-22
492.5,0,7,2026-09-29,2026-09-22
495.0,37,31,2026-09-29,2026-09-22
497.5,3,23,2026-09-29,2026-09-22
500.0,75,115,2026-09-29,2026-09-22
502.5,25,22,2026-09-29,2026-09-22
505.0,25,31,2026-09-29,2026-09-22
507.5,6,7,2026-09-29,2026-09-22
510.0,11,38,2026-09-29,2026-09-22
512.5,3,23,2026-09-29,2026-09-22
515.0,63,56,2026-09-29,2026-09-22
517.5,9,15,2026-09-29,2026-09-22
520.0,39,144,2026-09-29,2026-09-22
522.5,10,102,2026-09-29,2026-09-22
525.0,42,280,2026-09-29,2026-09-22
527.5,18,33,2026-09-29,2026-09-22
530.0,28,72,2026-09-29,2026-09-22
532.5,18,26,2026-09-29,2026-09-22
535.0,33,241,2026-09-29,2026-09-22
537.5,4,53,2026-09-29,2026-09-22
540.0,20,213,2026-09-29,2026-09-22
542.5,7,23,2026-09-29,2026-09-22
545.0,91,259,2026-09-29,2026-09-22
547.5,34,28,2026-09-29,2026-09-22
550.0,527,329,2026-09-29,2026-09-22
552.5,210,43,2026-09-29,2026-09-22
555.0,38,73,2026-09-29,2026-09-22
557.5,13,18,2026-09-29,2026-09-22
560.0,54,49,2026-09-29,2026-09-22
562.5,7,5,2026-09-29,2026-09-22
565.0,48,16,2026-09-29,2026-09-22
567.5,25,13,2026-09-29,2026-09-22
570.0,29,220,2026-09-29,2026-09-22
572.5,5,30,2026-09-29,2026-09-22
575.0,101,65,2026-09-29,2026-09-22
577.5,6,9,2026-09-29,2026-09-22
580.0,84,76,2026-09-29,2026-09-22
582.5,18,10,2026-09-29,2026-09-22
585.0,83,193,2026-09-29,2026-09-22
587.5,23,27,2026-09-29,2026-09-22
590.0,116,137,2026-09-29,2026-09-22
592.5,78,37,2026-09-29,2026-09-22
595.0,82,77,2026-09-29,2026-09-22
597.5,18,28,2026-09-29,2026-09-22
600.0,80,228,2026-09-29,2026-09-22
602.5,15,42,2026-09-29,2026-09-22
605.0,42,72,2026-09-29,2026-09-22
607.5,36,36,2026-09-29,2026-09-22
610.0,142,205,2026-09-29,2026-09-22
612.5,87,47,2026-09-29,2026-09-22
615.0,183,26,2026-09-29,2026-09-22
617.5,71,14,2026-09-29,2026-09-22
620.0,83,37,2026-09-29,2026-09-22
622.5,29,13,2026-09-29,2026-09-22
625.0,91,11,2026-09-29,2026-09-22
630.0,51,64,2026-09-29,2026-09-22
635.0,37,1,2026-09-29,2026-09-22
640.0,40,7,2026-09-29,2026-09-22
645.0,63,10,2026-09-29,2026-09-22
650.0,896,49,2026-09-29,2026-09-22
518.03,961,961,2026-09-30,2026-09-22
400.0,0,16,2026-10-01,2026-09-22
405.0,0,0,2026-10-01,2026-09-22
410.0,0,3,2026-10-01,2026-09-22
415.0,0,9,2026-10-01,2026-09-22
420.0,0,56,2026-10-01,2026-09-22
425.0,0,9,2026-10-01,2026-09-22
427.5,0,2,2026-10-01,2026-09-22
430.0,0,9,2026-10-01,2026-09-22
432.5,0,0,2026-10-01,2026-09-22
435.0,0,4,2026-10-01,2026-09-22
437.5,0,0,2026-10-01,2026-09-22
440.0,0,43,2026-10-01,2026-09-22
442.5,0,0,2026-10-01,2026-09-22
445.0,0,2,2026-10-01,2026-09-22
447.5,0,0,2026-10-01,2026-09-22
450.0,5,41,2026-10-01,2026-09-22
452.5,0,2,2026-10-01,2026-09-22
455.0,1,8,2026-10-01,2026-09-22
457.5,0,4,2026-10-01,2026-09-22
460.0,10,26,2026-10-01,2026-09-22
462.5,0,3,2026-10-01,2026-09-22
465.0,0,19,2026-10-01,2026-09-22
467.5,1,3,2026-10-01,2026-09-22
470.0,0,10,2026-10-01,2026-09-22
472.5,0,5,2026-10-01,2026-09-22
475.0,6,14,2026-10-01,2026-09-22
477.5,0,19,2026-10-01,2026-09-22
480.0,1,188,2026-10-01,2026-09-22
482.5,0,14,2026-10-01,2026-09-22
485.0,4,47,2026-10-01,2026-09-22
487.5,4,8,2026-10-01,2026-09-22
490.0,5,59,2026-10-01,2026-09-22
492.5,4,9,2026-10-01,2026-09-22
495.0,6,32,2026-10-01,2026-09-22
497.5,0,8,2026-10-01,2026-09-22
500.0,33,294,2026-10-01,2026-09-22
502.5,6,28,2026-10-01,2026-09-22
505.0,21,28,2026-10-01,2026-09-22
507.5,1,5,2026-10-01,2026-09-22
510.0,18,210,2026-10-01,2026-09-22
512.5,5,50,2026-10-01,2026-09-22
515.0,16,56,2026-10-01,2026-09-22
517.5,9,18,2026-10-01,2026-09-22
520.0,30,263,2026-10-01,2026-09-22
522.5,8,8,2026-10-01,2026-09-22
525.0,36,154,2026-10-01,2026-09-22
527.5,7,53,2026-10-01,2026-09-22
530.0,58,64,2026-10-01,2026-09-22
532.5,13,19,2026-10-01,2026-09-22
535.0,67,122,2026-10-01,2026-09-22
537.5,0,13,2026-10-01,2026-09-22
540.0,87,61,2026-10-01,2026-09-22
542.5,15,23,2026-10-01,2026-09-22
545.0,60,56,2026-10-01,2026-09-22
547.5,4,24,2026-10-01,2026-09-22
550.0,76,115,2026-10-01,2026-09-22
552.5,8,17,2026-10-01,2026-09-22
555.0,35,96,2026-10-01,2026-09-22
557.5,5,27,2026-10-01,2026-09-22
560.0,130,163,2026-10-01,2026-09-22
562.5,39,31,2026-10-01,2026-09-22
565.0,40,143,2026-10-01,2026-09-22
567.5,40,9,2026-10-01,2026-09-22
570.0,38,71,2026-10-01,2026-09-22
572.5,20,9,2026-10-01,2026-09-22
575.0,61,10,2026-10-01,2026-09-22
577.5,11,5,2026-10-01,2026-09-22
580.0,102,47,2026-10-01,2026-09-22
582.5,4,12,2026-10-01,2026-09-22
585.0,29,23,2026-10-01,2026-09-22
587.5,21,26,2026-10-01,2026-09-22
590.0,42,52,2026-10-01,2026-09-22
592.5,14,8,2026-10-01,2026-09-22
595.0,36,73,2026-10-01,2026-09-22
597.5,28,3,2026-10-01,2026-09-22
600.0,411,120,2026-10-01,2026-09-22
602.5,28,24,2026-10-01,2026-09-22
605.0,46,50,2026-10-01,2026-09-22
607.5,26,67,2026-10-01,2026-09-22
610.0,106,119,2026-10-01,2026-09-22
612.5,59,32,2026-10-01,2026-09-22
615.0,208,54,2026-10-01,2026-09-22
617.5,26,11,2026-10-01,2026-09-22
620.0,294,21,2026-10-01,2026-09-22
622.5,83,10,2026-10-01,2026-09-22
625.0,39,8,2026-10-01,2026-09-22
627.5,26,8,2026-10-01,2026-09-22
630.0,20,8,2026-10-01,2026-09-22
632.5,15,5,2026-10-01,2026-09-22
635.0,46,14,2026-10-01,2026-09-22
637.5,21,19,2026-10-01,2026-09-22
640.0,50,4,2026-10-01,2026-09-22
645.0,58,0,2026-10-01,2026-09-22
650.0,340,22,2026-10-01,2026-09-22
559.03,1070,1070,2026-10-02,2026-09-22
40.0,0,48,2026-10-03,2026-09-22
45.0,0,30,2026-10-03,2026-09-22
50.0,0,18,2026-10-03,2026-09-22
55.0,0,8,2026-10-03,2026-09-22
60.0,0,25,2026-10-03,2026-09-22
65.0,0,30,2026-10-03,2026-09-22
70.0,0,5,2026-10-03,2026-09-22
75.0,0,38,2026-10-03,2026-09-22
80.0,0,1,2026-10-03,2026-09-22
85.0,0,53,2026-10-03,2026-09-22
90.0,0,16,2026-10-03,2026-09-22
95.0,1,0,2026-10-03,2026-09-22
100.0,1,33,2026-10-03,2026-09-22
105.0,1,0,2026-10-03,2026-09-22
110.0,2,0,2026-10-03,2026-09-22
115.0,5,1,2026-10-03,2026-09-22
120.0,1,3,2026-10-03,2026-09-22
125.0,14,11,2026-10-03,2026-09-22
130.0,2,1,2026-10-03,2026-09-22
135.0,2,5,2026-10-03,2026-09-22
140.0,0,0,2026-10-03,2026-09-22
145.0,8,4,2026-10-03,2026-09-22
150.0,0,3,2026-10-03,2026-09-22
155.0,1,13,2026-10-03,2026-09-22
160.0,10,4,2026-10-03,2026-09-22
165.0,30,13,2026-10-03,2026-09-22
170.0,19,24,2026-10-03,2026-09-22
175.0,23,217,2026-10-03,2026-09-22
180.0,12,51,2026-10-03,2026-09-22
185.0,5,114,2026-10-03,2026-09-22
190.0,22,92,2026-10-03,2026-09-22
195.0,3,112,2026-10-03,2026-09-22
200.0,25,55,2026-10-03,2026-09-22
205.0,3,38,2026-10-03,2026-09-22
210.0,12,130,2026-10-03,2026-09-22
215.0,72,78,2026-10-03,2026-09-22
220.0,24,40,2026-10-03,2026-09-22
225.0,3,44,2026-10-03,2026-09-22
230.0,8,18,2026-10-03,2026-09-22
235.0,1,33,2026-10-03,2026-09-22
240.0,15,141,2026-10-03,2026-09-22
245.0,1,51,2026-10-03,2026-09-22
250.0,44,24,2026-10-03,2026-09-22
255.0,4,201,2026-10-03,2026-09-22
260.0,2,136,2026-10-03,2026-09-22
265.0,3,13,2026-10-03,2026-09-22
270.0,3,27,2026-10-03,2026-09-22
275.0,3,33,2026-10-03,2026-09-22
280.0,21,345,2026-10-03,2026-09-22
285.0,2,55,2026-10-03,2026-09-22
290.0,7,142,2026-10-03,2026-09-22
295.0,12,77,2026-10-03,2026-09-22
300.0,46,100,2026-10-03,2026-09-22
305.0,10,34,2026-10-03,2026-09-22
310.0,26,11,2026-10-03,2026-09-22
315.0,10,19,2026-10-03,2026-09-22
320.0,50,1672,2026-10-03,2026-09-22
325.0,19,65,2026-10-03,2026-09-22
330.0,21,66,2026-10-03,2026-09-22
335.0,11,25,2026-10-03,2026-09-22
340.0,12,167,2026-10-03,2026-09-22
345.0,64,153,2026-10-03,2026-09-22
350.0,34,165,2026-10-03,2026-09-22
355.0,4,1362,2026-10-03,2026-09-22
360.0,15,324,2026-10-03,2026-09-22
365.0,14,185,2026-10-03,2026-09-22
370.0,65,231,2026-10-03,2026-09-22
375.0,20,419,2026-10-03,2026-09-22
380.0,15,478,2026-10-03,2026-09-22
385.0,33,252,2026-10-03,2026-09-22
390.0,12,579,2026-10-03,2026-09-22
395.0,1,138,2026-10-03,2026-09-22
400.0,270,763,2026-10-03,2026-09-22
405.0,19,603,2026-10-03,2026-09-22
410.0,79,16300,2026-10-03,2026-09-22
415.0,105,887,2026-10-03,2026-09-22
417.5,0,3,2026-10-03,2026-09-22
420.0,459,1236,2026-10-03,2026-09-22
422.5,0,2,2026-10-03,2026-09-22
425.0,23,761,2026-10-03,2026-09-22
427.5,1,3,2026-10-03,2026-09-22
430.0,36,1001,2026-10-03,2026-09-22
432.5,0,5,2026-10-03,2026-09-22
435.0,19,435,2026-10-03,2026-09-22
437.5,0,0,2026-10-03,2026-09-22
440.0,122,1230,2026-10-03,2026-09-22
442.5,1,1,2026-10-03,2026-09-22
443.0,10100,10100,2026-10-03,2026-09-22
445.0,317,214,2026-10-03,2026-09-22
447.5,2,3,2026-10-03,2026-09-22
450.0,146,1790,2026-10-03,2026-09-22
452.5,0,2,2026-10-03,2026-09-22
455.0,72,960,2026-10-03,2026-09-22
457.5,0,12,2026-10-03,2026-09-22
460.0,180,2436,2026-10-03,2026-09-22
462.5,0,1,2026-10-03,2026-09-22
465.0,4500,4500,2026-10-03,2026-09-22
465.0,208,436,2026-10-03,2026-09-22
467.5,0,9,2026-10-03,2026-09-22
470.0,5817,5817,2026-10-03,2026-09-22
470.0,160,1710,2026-10-03,2026-09-22
472.5,1,4,2026-10-03,2026-09-22
475.0,1065,446,2026-10-03,2026-09-22
477.5,19,11,2026-10-03,2026-09-22
480.0,326,563,2026-10-03,2026-09-22
482.5,1,57,2026-10-03,2026-09-22
485.0,529,657,2026-10-03,2026-09-22
487.5,1,16,2026-10-03,2026-09-22
490.0,431,350,2026-10-03,2026-09-22
492.5,36,105,2026-10-03,2026-09-22
495.0,207,473,2026-10-03,2026-09-22
497.5,25,44,2026-10-03,2026-09-22
500.0,511,3240,2026-10-03,2026-09-22
502.5,103,103,2026-10-03,2026-09-22
505.0,300,417,2026-10-03,2026-09-22
507.5,86,76,2026-10-03,2026-09-22
510.0,240,285,2026-10-03,2026-09-22
512.5,59,132,2026-10-03,2026-09-22
515.0,732,203,2026-10-03,2026-09-22
517.5,60,86,2026-10-03,2026-09-22
520.0,1213,1182,2026-10-03,2026-09-22
522.5,150,187,2026-10-03,2026-09-22
525.0,434,211,2026-10-03,2026-09-22
527.5,85,223,2026-10-03,2026-09-22
530.0,847,539,2026-10-03,2026-09-22
532.5,161,82,2026-10-03,2026-09-22
535.0,255,322,2026-10-03,2026-09-22
537.5,196,162,2026-10-03,2026-09-22
540.0,951,420,2026-10-03,2026-09-22
542.5,79,104,2026-10-03,2026-09-22
545.0,449,306,2026-10-03,2026-09-22
547.5,36,54,2026-10-03,2026-09-22
550.0,2059,647,2026-10-03,2026-09-22
552.5,132,165,2026-10-03,2026-09-22
555.0,1687,313,2026-10-03,2026-09-22
557.5,173,47,2026-10-03,2026-09-22
560.0,923,911,2026-10-03,2026-09-22
562.5,93,50,2026-10-03,2026-09-22
565.0,235,111,2026-10-03,2026-09-22
567.5,132,31,2026-10-03,2026-09-22
570.0,1123,284,2026-10-03,2026-09-22
572.5,43,49,2026-10-03,2026-09-22
575.0,1185,150,2026-10-03,2026-09-22
577.5,47,48,2026-10-03,2026-09-22
580.0,868,219,2026-10-03,2026-09-22
582.5,62,124,2026-10-03,2026-09-22
585.0,484,266,2026-10-03,2026-09-22
587.5,52,46,2026-10-03,2026-09-22
590.0,702,551,2026-10-03,2026-09-22
592.5,61,132,2026-10-03,2026-09-22
595.0,947,157,2026-10-03,2026-09-22
597.5,94,89,2026-10-03,2026-09-22
600.0,1467,261,2026-10-03,2026-09-22
602.5,93,134,2026-10-03,2026-09-22
605.0,809,147,2026-10-03,2026-09-22
607.5,233,191,2026-10-03,2026-09-22
610.0,528,234,2026-10-03,2026-09-22
612.5,266,155,2026-10-03,2026-09-22
615.0,609,119,2026-10-03,2026-09-22
617.5,89,18,2026-10-03,2026-09-22
620.0,5000,5000,2026-10-03,2026-09-22
620.0,570,109,2026-10-03,2026-09-22
622.5,100,27,2026-10-03,2026-09-22
625.0,478,58,2026-10-03,2026-09-22
627.5,98,55,2026-10-03,2026-09-22
630.0,614,22,2026-10-03,2026-09-22
632.5,80,101,2026-10-03,2026-09-22
635.0,178,92,2026-10-03,2026-09-22
637.5,151,31,2026-10-03,2026-09-22
640.0,641,105,2026-10-03,2026-09-22
642.5,99,46,2026-10-03,2026-09-22
645.0,174,18,2026-10-03,2026-09-22
647.5,67,19,2026-10-03,2026-09-22
650.0,1150,22,2026-10-03,2026-09-22
652.5,101,3,2026-10-03,2026-09-22
655.0,77,0,2026-10-03,2026-09-22
657.5,201,0,2026-10-03,2026-09-22
660.0,515,22,2026-10-03,2026-09-22
665.0,121,25,2026-10-03,2026-09-22
670.0,1244,1,2026-10-03,2026-09-22
675.0,105,4,2026-10-03,2026-09-22
680.0,1134,0,2026-10-03,2026-09-22
685.0,177,1,2026-10-03,2026-09-22
690.0,337,3,2026-10-03,2026-09-22
695.0,97,2,2026-10-03,2026-09-22
700.0,2746,9,2026-10-03,2026-09-22
705.0,168,0,2026-10-03,2026-09-22
710.0,122,0,2026-10-03,2026-09-22
715.0,828,16,2026-10-03,2026-09-22
720.0,168,10,2026-10-03,2026-09-22
725.0,225,0,2026-10-03,2026-09-22
730.0,37,0,2026-10-03,2026-09-22
735.0,95,0,2026-10-03,2026-09-22
740.0,205,0,2026-10-03,2026-09-22
750.0,300,0,2026-10-03,2026-09-22
760.0,87,1,2026-10-03,2026-09-22
770.0,436,0,2026-10-03,2026-09-22
780.0,32,0,2026-10-03,2026-09-22
790.0,220,0,2026-10-03,2026-09-22
800.0,543,0,2026-10-03,2026-09-22
810.0,53,0,2026-10-03,2026-09-22
820.0,47,0,2026-10-03,2026-09-22
830.0,16,0,2026-10-03,2026-09-22
840.0,78,0,2026-10-03,2026-09-22
850.0,24,0,2026-10-03,2026-09-22
860.0,33,0,2026-10-03,2026-09-22
870.0,125,0,2026-10-03,2026-09-22
880.0,27,0,2026-10-03,2026-09-22
890.0,28,0,2026-10-03,2026-09-22
900.0,96,0,2026-10-03,2026-09-22
910.0,17,0,2026-10-03,2026-09-22
920.0,111,0,2026-10-03,2026-09-22
930.0,31,0,2026-10-03,2026-09-22
940.0,117,0,2026-10-03,2026-09-22
950.0,42,0,2026-10-03,2026-09-22
960.0,12,0,2026-10-03,2026-09-22
970.0,43,0,2026-10-03,2026-09-22
980.0,19,0,2026-10-03,2026-09-22
990.0,91,0,2026-10-03,2026-09-22
470.0,0,81,2026-10-06,2026-09-22
475.0,0,40,2026-10-06,2026-09-22
480.0,0,296,2026-10-06,2026-09-22
485.0,0,42,2026-10-06,2026-09-22
490.0,0,82,2026-10-06,2026-09-22
495.0,1,15,2026-10-06,2026-09-22
500.0,0,14,2026-10-06,2026-09-22
505.0,0,300,2026-10-06,2026-09-22
510.0,0,24,2026-10-06,2026-09-22
515.0,9,2,2026-10-06,2026-09-22
520.0,0,1,2026-10-06,2026-09-22
525.0,0,5,2026-10-06,2026-09-22
530.0,0,42,2026-10-06,2026-09-22
535.0,0,38,2026-10-06,2026-09-22
540.0,1,3,2026-10-06,2026-09-22
545.0,0,3,2026-10-06,2026-09-22
550.0,11,97,2026-10-06,2026-09-22
555.0,0,7,2026-10-06,2026-09-22
560.0,1,69,2026-10-06,2026-09-22
565.0,0,11,2026-10-06,2026-09-22
570.0,4,47,2026-10-06,2026-09-22
575.0,0,43,2026-10-06,2026-09-22
580.0,5,27,2026-10-06,2026-09-22
585.0,5,21,2026-10-06,2026-09-22
590.0,18,22,2026-10-06,2026-09-22
595.0,3,24,2026-10-06,2026-09-22
600.0,40,156,2026-10-06,2026-09-22
605.0,12,25,2026-10-06,2026-09-22
610.0,16,75,2026-10-06,2026-09-22
615.0,39,69,2026-10-06,2026-09-22
566.75,2,0,2026-10-09,2026-09-22
40.0,0,71,2026-10-10,2026-09-22
45.0,0,23,2026-10-10,2026-09-22
50.0,0,11,2026-10-10,2026-09-22
55.0,0,7,2026-10-10,2026-09-22
60.0,0,48,2026-10-10,2026-09-22
65.0,0,36,2026-10-10,2026-09-22
70.0,3,40,2026-10-10,2026-09-22
75.0,0,26,2026-10-10,2026-09-22
80.0,0,54,2026-10-10,2026-09-22
85.0,0,34,2026-10-10,2026-09-22
90.0,3,14,2026-10-10,2026-09-22
95.0,0,26,2026-10-10,2026-09-22
100.0,0,18,2026-10-10,2026-09-22
105.0,0,4,2026-10-10,2026-09-22
110.0,0,7,2026-10-10,2026-09-22
115.0,0,1,2026-10-10,2026-09-22
120.0,1,5,2026-10-10,2026-09-22
125.0,0,1,2026-10-10,2026-09-22
130.0,0,1,2026-10-10,2026-09-22
135.0,0,1,2026-10-10,2026-09-22
140.0,2,2,2026-10-10,2026-09-22
145.0,0,1,2026-10-10,2026-09-22
150.0,2,0,2026-10-10,2026-09-22
155.0,1,0,2026-10-10,2026-09-22
160.0,1,4,2026-10-10,2026-09-22
165.0,0,0,2026-10-10,2026-09-22
170.0,8,1,2026-10-10,2026-09-22
175.0,0,0,2026-10-10,2026-09-22
180.0,1,4,2026-10-10,2026-09-22
185.0,3,13,2026-10-10,2026-09-22
190.0,0,21,2026-10-10,2026-09-22
195.0,1,30,2026-10-10,2026-09-22
200.0,0,73,2026-10-10,2026-09-22
205.0,0,27,2026-10-10,2026-09-22
210.0,0,23,2026-10-10,2026-09-22
215.0,7,41,2026-10-10,2026-09-22
220.0,2,6,2026-10-10,2026-09-22
225.0,2,31,2026-10-10,2026-09-22
230.0,1,11,2026-10-10,2026-09-22
235.0,0,14,2026-10-10,2026-09-22
240.0,5,38,2026-10-10,2026-09-22
245.0,2,12,2026-10-10,2026-09-22
250.0,3,41,2026-10-10,2026-09-22
255.0,4,10,2026-10-10,2026-09-22
260.0,1,16,2026-10-10,2026-09-22
265.0,0,11,2026-10-10,2026-09-22
270.0,0,25,2026-10-10,2026-09-22
275.0,2,45,2026-10-10,2026-09-22
280.0,1,72,2026-10-10,2026-09-22
285.0,0,49,2026-10-10,2026-09-22
290.0,0,496,2026-10-10,2026-09-22
295.0,3,34,2026-10-10,2026-09-22
300.0,1,112,2026-10-10,2026-09-22
305.0,2,35,2026-10-10,2026-09-22
310.0,0,9035,2026-10-10,2026-09-22
315.0,1,5,2026-10-10,2026-09-22
320.0,4,93,2026-10-10,2026-09-22
325.0,2,51,2026-10-10,2026-09-22
330.0,6,44,2026-10-10,2026-09-22
335.0,1,64,2026-10-10,2026-09-22
340.0,1,94,2026-10-10,2026-09-22
345.0,1,145,2026-10-10,2026-09-22
350.0,3,1460,2026-10-10,2026-09-22
355.0,0,50,2026-10-10,2026-09-22
360.0,2,100,2026-10-10,2026-09-22
365.0,0,60,2026-10-10,2026-09-22
370.0,4,42,2026-10-10,2026-09-22
375.0,5,92,2026-10-10,2026-09-22
380.0,7,145,2026-10-10,2026-09-22
385.0,5,1472,2026-10-10,2026-09-22
390.0,16,92,2026-10-10,2026-09-22
395.0,0,108,2026-10-10,2026-09-22
400.0,45,330,2026-10-10,2026-09-22
405.0,1,249,2026-10-10,2026-09-22
410.0,12,122,2026-10-10,2026-09-22
415.0,16,186,2026-10-10,2026-09-22
420.0,14,2554,2026-10-10,2026-09-22
425.0,10,91,2026-10-10,2026-09-22
430.0,7,175,2026-10-10,2026-09-22
435.0,8,340,2026-10-10,2026-09-22
440.0,90,492,2026-10-10,2026-09-22
445.0,15,264,2026-10-10,2026-09-22
450.0,136,426,2026-10-10,2026-09-22
455.0,54,134,2026-10-10,2026-09-22
460.0,67,128,2026-10-10,2026-09-22
465.0,69,167,2026-10-10,2026-09-22
470.0,48,298,2026-10-10,2026-09-22
475.0,209,207,2026-10-10,2026-09-22
480.0,186,293,2026-10-10,2026-09-22
485.0,118,828,2026-10-10,2026-09-22
490.0,1488,285,2026-10-10,2026-09-22
495.0,107,139,2026-10-10,2026-09-22
500.0,284,477,2026-10-10,2026-09-22
505.0,327,300,2026-10-10,2026-09-22
510.0,308,239,2026-10-10,2026-09-22
515.0,1146,380,2026-10-10,2026-09-22
517.5,0,13,2026-10-10,2026-09-22
520.0,439,340,2026-10-10,2026-09-22
522.5,0,5,2026-10-10,2026-09-22
525.0,238,103,2026-10-10,2026-09-22
527.5,0,5,2026-10-10,2026-09-22
530.0,429,271,2026-10-10,2026-09-22
532.5,0,33,2026-10-10,2026-09-22
535.0,129,184,2026-10-10,2026-09-22
537.5,0,36,2026-10-10,2026-09-22
540.0,150,544,2026-10-10,2026-09-22
542.5,0,20,2026-10-10,2026-09-22
545.0,284,122,2026-10-10,2026-09-22
547.5,1,44,2026-10-10,2026-09-22
550.0,7000,7000,2026-10-10,2026-09-22
550.0,556,357,2026-10-10,2026-09-22
552.5,0,162,2026-10-10,2026-09-22
555.0,162,85,2026-10-10,2026-09-22
557.5,12,41,2026-10-10,2026-09-22
560.0,723,48,2026-10-10,2026-09-22
562.5,1,50,2026-10-10,2026-09-22
565.0,362,65,2026-10-10,2026-09-22
570.0,988,49,2026-10-10,2026-09-22
575.0,225,59,2026-10-10,2026-09-22
580.0,395,54,2026-10-10,2026-09-22
585.0,189,153,2026-10-10,2026-09-22
590.0,184,106,2026-10-10,2026-09-22
595.0,176,105,2026-10-10,2026-09-22
600.0,1497,111,2026-10-10,2026-09-22
605.0,1006,59,2026-10-10,2026-09-22
610.0,347,119,2026-10-10,2026-09-22
615.0,356,66,2026-10-10,2026-09-22
620.0,409,95,2026-10-10,2026-09-22
625.0,202,15,2026-10-10,2026-09-22
630.0,364,33,2026-10-10,2026-09-22
635.0,71,4,2026-10-10,2026-09-22
640.0,297,18,2026-10-10,2026-09-22
645.0,105,16,2026-10-10,2026-09-22
650.0,560,9,2026-10-10,2026-09-22
655.0,120,0,2026-10-10,2026-09-22
660.0,216,1,2026-10-10,2026-09-22
665.0,55,1,2026-10-10,2026-09-22
670.0,90,0,2026-10-10,2026-09-22
675.0,94,0,2026-10-10,2026-09-22
680.0,121,0,2026-10-10,2026-09-22
685.0,87,0,2026-10-10,2026-09-22
690.0,203,0,2026-10-10,2026-09-22
695.0,40,0,2026-10-10,2026-09-22
700.0,295,2,2026-10-10,2026-09-22
705.0,104,0,2026-10-10,2026-09-22
710.0,125,0,2026-10-10,2026-09-22
715.0,45,0,2026-10-10,2026-09-22
720.0,72,8,2026-10-10,2026-09-22
725.0,80,1,2026-10-10,2026-09-22
730.0,155,1,2026-10-10,2026-09-22
735.0,135,1,2026-10-10,2026-09-22
740.0,96,0,2026-10-10,2026-09-22
750.0,90,5,2026-10-10,2026-09-22
760.0,70,0,2026-10-10,2026-09-22
770.0,44,0,2026-10-10,2026-09-22
780.0,72,0,2026-10-10,2026-09-22
790.0,113,0,2026-10-10,2026-09-22
800.0,50,0,2026-10-10,2026-09-22
810.0,18,0,2026-10-10,2026-09-22
820.0,190,0,2026-10-10,2026-09-22
830.0,20,0,2026-10-10,2026-09-22
840.0,10,0,2026-10-10,2026-09-22
850.0,89,0,2026-10-10,2026-09-22
860.0,20,0,2026-10-10,2026-09-22
870.0,14,0,2026-10-10,2026-09-22
880.0,10,0,2026-10-10,2026-09-22
890.0,14,0,2026-10-10,2026-09-22
900.0,18,0,2026-10-10,2026-09-22
910.0,116,0,2026-10-10,2026-09-22
920.0,14,0,2026-10-10,2026-09-22
930.0,20,0,2026-10-10,2026-09-22
940.0,8,0,2026-10-10,2026-09-22
950.0,15,0,2026-10-10,2026-09-22
960.0,136,0,2026-10-10,2026-09-22
100.0,226,1032,2026-10-17,2026-09-22
105.0,81,159,2026-10-17,2026-09-22
110.0,32,527,2026-10-17,2026-09-22
115.0,27,103,2026-10-17,2026-09-22
120.0,56,1490,2026-10-17,2026-09-22
125.0,86,462,2026-10-17,2026-09-22
130.0,81,399,2026-10-17,2026-09-22
135.0,153,260,2026-10-17,2026-09-22
140.0,164,518,2026-10-17,2026-09-22
145.0,136,484,2026-10-17,2026-09-22
150.0,139,2702,2026-10-17,2026-09-22
155.0,135,253,2026-10-17,2026-09-22
160.0,204,2374,2026-10-17,2026-09-22
165.0,95,1182,2026-10-17,2026-09-22
170.0,130,411,2026-10-17,2026-09-22
175.0,136,991,2026-10-17,2026-09-22
180.0,277,771,2026-10-17,2026-09-22
185.0,227,400,2026-10-17,2026-09-22
190.0,971,312,2026-10-17,2026-09-22
195.0,204,755,2026-10-17,2026-09-22
200.0,421,2869,2026-10-17,2026-09-22
210.0,639,926,2026-10-17,2026-09-22
220.0,258,773,2026-10-17,2026-09-22
230.0,528,653,2026-10-17,2026-09-22
240.0,380,1056,2026-10-17,2026-09-22
250.0,924,1294,2026-10-17,2026-09-22
257.0,1138,0,2026-10-17,2026-09-22
260.0,464,2171,2026-10-17,2026-09-22
270.0,485,1087,2026-10-17,2026-09-22
280.0,896,904,2026-10-17,2026-09-22
290.0,329,1187,2026-10-17,2026-09-22
300.0,990,5780,2026-10-17,2026-09-22
310.0,434,1496,2026-10-17,2026-09-22
320.0,934,1711,2026-10-17,2026-09-22
330.0,950,2148,2026-10-17,2026-09-22
340.0,671,1269,2026-10-17,2026-09-22
350.0,6,0,2026-10-17,2026-09-22
350.0,601,3725,2026-10-17,2026-09-22
360.0,259,1681,2026-10-17,2026-09-22
370.0,589,6939,2026-10-17,2026-09-22
380.0,549,3148,2026-10-17,2026-09-22
390.0,250,2315,2026-10-17,2026-09-22
400.0,3,0,2026-10-17,2026-09-22
400.0,562,9221,2026-10-17,2026-09-22
410.0,234,2597,2026-10-17,2026-09-22
420.0,406,6850,2026-10-17,2026-09-22
430.0,1000,1000,2026-10-17,2026-09-22
430.0,405,3711,2026-10-17,2026-09-22
440.0,376,4011,2026-10-17,2026-09-22
450.0,6397,6152,2026-10-17,2026-09-22
460.0,2000,2000,2026-10-17,2026-09-22
460.0,958,3429,2026-10-17,2026-09-22
470.0,1970,1970,2026-10-17,2026-09-22
470.0,1468,2788,2026-10-17,2026-09-22
475.0,5000,5000,2026-10-17,2026-09-22
475.0,0,675,2026-10-17,2026-09-22
480.0,17740,17740,2026-10-17,2026-09-22
480.0,1713,3004,2026-10-17,2026-09-22
485.0,0,127,2026-10-17,2026-09-22
490.0,8324,8324,2026-10-17,2026-09-22
490.0,12361,2335,2026-10-17,2026-09-22
490.01,0,8280,2026-10-17,2026-09-22
495.0,1500,1500,2026-10-17,2026-09-22
495.0,0,71,2026-10-17,2026-09-22
500.0,2250,2250,2026-10-17,2026-09-22
500.0,2790,3382,2026-10-17,2026-09-22
505.0,1,50,2026-10-17,2026-09-22
510.0,4000,4000,2026-10-17,2026-09-22
510.0,2183,1145,2026-10-17,2026-09-22
515.0,0,60,2026-10-17,2026-09-22
517.5,1,28,2026-10-17,2026-09-22
520.0,404,404,2026-10-17,2026-09-22
520.0,2655,3320,2026-10-17,2026-09-22
520.01,193,0,2026-10-17,2026-09-22
522.5,0,17,2026-10-17,2026-09-22
525.0,500,500,2026-10-17,2026-09-22
525.0,8,29,2026-10-17,2026-09-22
527.5,0,26,2026-10-17,2026-09-22
530.0,3763,3763,2026-10-17,2026-09-22
530.0,3286,1196,2026-10-17,2026-09-22
532.5,7,23,2026-10-17,2026-09-22
535.0,3,106,2026-10-17,2026-09-22
537.5,1,62,2026-10-17,2026-09-22
540.0,4479,2189,2026-10-17,2026-09-22
542.5,0,18,2026-10-17,2026-09-22
545.0,1,54,2026-10-17,2026-09-22
547.5,1,72,2026-10-17,2026-09-22
550.0,47,37,2026-10-17,2026-09-22
550.0,4497,1670,2026-10-17,2026-09-22
552.5,0,89,2026-10-17,2026-09-22
555.0,17,34,2026-10-17,2026-09-22
557.5,2,28,2026-10-17,2026-09-22
560.0,2217,2312,2026-10-17,2026-09-22
562.5,26,65,2026-10-17,2026-09-22
565.0,151,237,2026-10-17,2026-09-22
570.0,1655,984,2026-10-17,2026-09-22
575.0,2600,2600,2026-10-17,2026-09-22
575.0,1032,72,2026-10-17,2026-09-22
580.0,7,0,2026-10-17,2026-09-22
580.0,2818,345,2026-10-17,2026-09-22
585.0,1876,1876,2026-10-17,2026-09-22
585.0,102,84,2026-10-17,2026-09-22
590.0,1667,466,2026-10-17,2026-09-22
595.0,88,62,2026-10-17,2026-09-22
600.0,6489,2394,2026-10-17,2026-09-22
605.0,545,545,2026-10-17,2026-09-22
605.0,550,124,2026-10-17,2026-09-22
610.0,4000,4000,2026-10-17,2026-09-22
610.0,3264,322,2026-10-17,2026-09-22
615.0,317,108,2026-10-17,2026-09-22
620.0,1708,214,2026-10-17,2026-09-22
630.0,3663,109,2026-10-17,2026-09-22
640.0,1628,80,2026-10-17,2026-09-22
650.0,3479,31,2026-10-17,2026-09-22
660.0,891,16,2026-10-17,2026-09-22
670.0,612,21,2026-10-17,2026-09-22
680.0,1147,16,2026-10-17,2026-09-22
690.0,679,30,2026-10-17,2026-09-22
700.0,5493,4,2026-10-17,2026-09-22
710.0,664,0,2026-10-17,2026-09-22
720.0,1099,3,2026-10-17,2026-09-22
730.0,614,1,2026-10-17,2026-09-22
740.0,335,6,2026-10-17,2026-09-22
750.0,1825,0,2026-10-17,2026-09-22
760.0,1136,0,2026-10-17,2026-09-22
770.0,487,1,2026-10-17,2026-09-22
780.0,531,0,2026-10-17,2026-09-22
790.0,763,0,2026-10-17,2026-09-22
800.0,3174,0,2026-10-17,2026-09-22
810.0,365,0,2026-10-17,2026-09-22
820.0,567,0,2026-10-17,2026-09-22
830.0,433,0,2026-10-17,2026-09-22
840.0,206,0,2026-10-17,2026-09-22
850.0,350,0,2026-10-17,2026-09-22
860.0,352,0,2026-10-17,2026-09-22
870.0,179,0,2026-10-17,2026-09-22
880.0,114,0,2026-10-17,2026-09-22
890.0,219,0,2026-10-17,2026-09-22
900.0,1725,0,2026-10-17,2026-09-22
910.0,193,0,2026-10-17,2026-09-22
920.0,362,0,2026-10-17,2026-09-22
930.0,294,0,2026-10-17,2026-09-22
940.0,193,0,2026-10-17,2026-09-22
950.0,671,0,2026-10-17,2026-09-22
960.0,136,0,2026-10-17,2026-09-22
970.0,162,0,2026-10-17,2026-09-22
980.0,100,0,2026-10-17,2026-09-22
990.0,66,0,2026-10-17,2026-09-22
1000.0,667,0,2026-10-17,2026-09-22
1010.0,273,0,2026-10-17,2026-09-22
1020.0,165,0,2026-10-17,2026-09-22
1030.0,86,0,2026-10-17,2026-09-22
1040.0,80,0,2026-10-17,2026-09-22
1050.0,304,0,2026-10-17,2026-09-22
1060.0,448,0,2026-10-17,2026-09-22
1070.0,290,0,2026-10-17,2026-09-22
1080.0,4913,0,2026-10-17,2026-09-22
1090.0,158,0,2026-10-17,2026-09-22
1100.0,187,0,2026-10-17,2026-09-22
1110.0,492,0,2026-10-17,2026-09-22
1120.0,5878,0,2026-10-17,2026-09-22
40.0,0,0,2026-10-24,2026-09-22
45.0,0,0,2026-10-24,2026-09-22
50.0,6,0,2026-10-24,2026-09-22
55.0,0,0,2026-10-24,2026-09-22
60.0,0,0,2026-10-24,2026-09-22
65.0,0,0,2026-10-24,2026-09-22
70.0,0,0,2026-10-24,2026-09-22
75.0,0,0,2026-10-24,2026-09-22
80.0,0,0,2026-10-24,2026-09-22
85.0,0,0,2026-10-24,2026-09-22
90.0,0,0,2026-10-24,2026-09-22
95.0,0,0,2026-10-24,2026-09-22
100.0,0,0,2026-10-24,2026-09-22
105.0,0,0,2026-10-24,2026-09-22
110.0,5,0,2026-10-24,2026-09-22
115.0,2,0,2026-10-24,2026-09-22
120.0,2,0,2026-10-24,2026-09-22
125.0,0,0,2026-10-24,2026-09-22
130.0,1,0,2026-10-24,2026-09-22
135.0,0,0,2026-10-24,2026-09-22
140.0,0,1,2026-10-24,2026-09-22
145.0,0,0,2026-10-24,2026-09-22
150.0,4,0,2026-10-24,2026-09-22
155.0,1,2,2026-10-24,2026-09-22
160.0,1,0,2026-10-24,2026-09-22
165.0,0,0,2026-10-24,2026-09-22
170.0,0,0,2026-10-24,2026-09-22
175.0,1,4,2026-10-24,2026-09-22
180.0,7,0,2026-10-24,2026-09-22
185.0,6,0,2026-10-24,2026-09-22
190.0,0,7,2026-10-24,2026-09-22
195.0,0,1,2026-10-24,2026-09-22
200.0,4,63,2026-10-24,2026-09-22
205.0,0,12,2026-10-24,2026-09-22
210.0,3,16,2026-10-24,2026-09-22
215.0,2,17,2026-10-24,2026-09-22
220.0,3,144,2026-10-24,2026-09-22
225.0,1,7,2026-10-24,2026-09-22
230.0,4,10,2026-10-24,2026-09-22
235.0,1,13,2026-10-24,2026-09-22
240.0,9,20,2026-10-24,2026-09-22
245.0,2,3,2026-10-24,2026-09-22
250.0,5,30,2026-10-24,2026-09-22
255.0,3,11,2026-10-24,2026-09-22
260.0,4,9,2026-10-24,2026-09-22
265.0,1,18,2026-10-24,2026-09-22
270.0,1,10,2026-10-24,2026-09-22
275.0,0,6,2026-10-24,2026-09-22
280.0,4,5,2026-10-24,2026-09-22
285.0,0,15,2026-10-24,2026-09-22
290.0,0,59,2026-10-24,2026-09-22
295.0,0,22,2026-10-24,2026-09-22
300.0,4,92,2026-10-24,2026-09-22
305.0,0,8,2026-10-24,2026-09-22
310.0,0,33,2026-10-24,2026-09-22
315.0,0,12,2026-10-24,2026-09-22
320.0,3,24,2026-10-24,2026-09-22
325.0,1,13,2026-10-24,2026-09-22
330.0,1,36,2026-10-24,2026-09-22
335.0,0,8,2026-10-24,2026-09-22
340.0,0,51,2026-10-24,2026-09-22
345.0,2,8,2026-10-24,2026-09-22
350.0,0,108,2026-10-24,2026-09-22
355.0,1,100,2026-10-24,2026-09-22
360.0,0,79,2026-10-24,2026-09-22
365.0,0,17,2026-10-24,2026-09-22
370.0,1,39,2026-10-24,2026-09-22
375.0,3,44,2026-10-24,2026-09-22
380.0,4,106,2026-10-24,2026-09-22
385.0,2,96,2026-10-24,2026-09-22
390.0,7,69,2026-10-24,2026-09-22
395.0,0,49,2026-10-24,2026-09-22
400.0,1,697,2026-10-24,2026-09-22
405.0,1,134,2026-10-24,2026-09-22
410.0,5,78,2026-10-24,2026-09-22
415.0,5,55,2026-10-24,2026-09-22
420.0,13,225,2026-10-24,2026-09-22
425.0,5,229,2026-10-24,2026-09-22
430.0,95,135,2026-10-24,2026-09-22
435.0,2,125,2026-10-24,2026-09-22
440.0,38,170,2026-10-24,2026-09-22
445.0,15,166,2026-10-24,2026-09-22
450.0,19,231,2026-10-24,2026-09-22
455.0,40,93,2026-10-24,2026-09-22
460.0,15,343,2026-10-24,2026-09-22
465.0,42,199,2026-10-24,2026-09-22
470.0,69,277,2026-10-24,2026-09-22
475.0,155,133,2026-10-24,2026-09-22
480.0,64,164,2026-10-24,2026-09-22
485.0,6500,6500,2026-10-24,2026-09-22
485.0,41,258,2026-10-24,2026-09-22
490.0,117,268,2026-10-24,2026-09-22
495.0,61,183,2026-10-24,2026-09-22
500.0,165,324,2026-10-24,2026-09-22
505.0,72,151,2026-10-24,2026-09-22
510.0,105,220,2026-10-24,2026-09-22
515.0,243,216,2026-10-24,2026-09-22
520.0,2369,339,2026-10-24,2026-09-22
525.0,260,112,2026-10-24,2026-09-22
530.0,904,256,2026-10-24,2026-09-22
535.0,119,333,2026-10-24,2026-09-22
540.0,178,246,2026-10-24,2026-09-22
545.0,172,187,2026-10-24,2026-09-22
550.0,216,559,2026-10-24,2026-09-22
555.0,140,81,2026-10-24,2026-09-22
560.0,247,242,2026-10-24,2026-09-22
565.0,194,94,2026-10-24,2026-09-22
570.0,421,72,2026-10-24,2026-09-22
575.0,150,34,2026-10-24,2026-09-22
580.0,512,111,2026-10-24,2026-09-22
585.0,115,22,2026-10-24,2026-09-22
590.0,159,39,2026-10-24,2026-09-22
595.0,113,116,2026-10-24,2026-09-22
600.0,476,224,2026-10-24,2026-09-22
605.0,537,64,2026-10-24,2026-09-22
610.0,950,950,2026-10-24,2026-09-22
610.0,275,135,2026-10-24,2026-09-22
615.0,325,22,2026-10-24,2026-09-22
620.0,361,14,2026-10-24,2026-09-22
625.0,126,15,2026-10-24,2026-09-22
630.0,1705,12,2026-10-24,2026-09-22
635.0,125,20,2026-10-24,2026-09-22
640.0,167,3,2026-10-24,2026-09-22
645.0,177,14,2026-10-24,2026-09-22
650.0,280,20,2026-10-24,2026-09-22
655.0,90,3,2026-10-24,2026-09-22
660.0,658,24,2026-10-24,2026-09-22
665.0,59,9,2026-10-24,2026-09-22
670.0,136,12,2026-10-24,2026-09-22
675.0,141,0,2026-10-24,2026-09-22
680.0,664,14,2026-10-24,2026-09-22
685.0,104,8,2026-10-24,2026-09-22
690.0,43,3,2026-10-24,2026-09-22
695.0,56,17,2026-10-24,2026-09-22
700.0,331,3,2026-10-24,2026-09-22
705.0,87,0,2026-10-24,2026-09-22
710.0,97,0,2026-10-24,2026-09-22
715.0,67,1,2026-10-24,2026-09-22
720.0,85,0,2026-10-24,2026-09-22
725.0,33,0,2026-10-24,2026-09-22
730.0,134,0,2026-10-24,2026-09-22
735.0,96,0,2026-10-24,2026-09-22
740.0,91,0,2026-10-24,2026-09-22
750.0,51,0,2026-10-24,2026-09-22
760.0,40,0,2026-10-24,2026-09-22
770.0,129,0,2026-10-24,2026-09-22
780.0,44,2,2026-10-24,2026-09-22
790.0,59,0,2026-10-24,2026-09-22
800.0,102,0,2026-10-24,2026-09-22
810.0,7,0,2026-10-24,2026-09-22
820.0,104,0,2026-10-24,2026-09-22
830.0,23,0,2026-10-24,2026-09-22
840.0,16,0,2026-10-24,2026-09-22
850.0,29,0,2026-10-24,2026-09-22
860.0,7,0,2026-10-24,2026-09-22
870.0,5,0,2026-10-24,2026-09-22
880.0,89,0,2026-10-24,2026-09-22
890.0,177,0,2026-10-24,2026-09-22
900.0,184,0,2026-10-24,2026-09-22
910.0,16,0,2026-10-24,2026-09-22
920.0,8,0,2026-10-24,2026-09-22
930.0,39,0,2026-10-24,2026-09-22
940.0,7,0,2026-10-24,2026-09-22
950.0,4,0,2026-10-24,2026-09-22
960.0,112,0,2026-10-24,2026-09-22
40.0,0,2,2026-10-31,2026-09-22
50.0,0,0,2026-10-31,2026-09-22
60.0,0,0,2026-10-31,2026-09-22
70.0,0,0,2026-10-31,2026-09-22
80.0,0,0,2026-10-31,2026-09-22
90.0,0,0,2026-10-31,2026-09-22
100.0,0,0,2026-10-31,2026-09-22
110.0,0,0,2026-10-31,2026-09-22
120.0,1,0,2026-10-31,2026-09-22
130.0,0,0,2026-10-31,2026-09-22
140.0,0,0,2026-10-31,2026-09-22
150.0,5,0,2026-10-31,2026-09-22
160.0,1,0,2026-10-31,2026-09-22
170.0,1,0,2026-10-31,2026-09-22
180.0,0,0,2026-10-31,2026-09-22
190.0,0,0,2026-10-31,2026-09-22
200.0,6,2,2026-10-31,2026-09-22
210.0,0,7,2026-10-31,2026-09-22
220.0,9,0,2026-10-31,2026-09-22
220.0,1,6,2026-10-31,2026-09-22
230.0,1,9,2026-10-31,2026-09-22
240.0,2,21,2026-10-31,2026-09-22
250.0,0,22,2026-10-31,2026-09-22
255.0,1,0,2026-10-31,2026-09-22
260.0,2,49,2026-10-31,2026-09-22
270.0,11,38,2026-10-31,2026-09-22
280.0,2,2,2026-10-31,2026-09-22
290.0,0,71,2026-10-31,2026-09-22
300.0,2,45,2026-10-31,2026-09-22
310.0,1,24,2026-10-31,2026-09-22
315.0,0,14,2026-10-31,2026-09-22
320.0,1,42,2026-10-31,2026-09-22
325.0,15,23,2026-10-31,2026-09-22
330.0,0,58,2026-10-31,2026-09-22
335.0,0,6,2026-10-31,2026-09-22
340.0,2,58,2026-10-31,2026-09-22
345.0,1,8,2026-10-31,2026-09-22
350.0,10,32,2026-10-31,2026-09-22
355.0,1,11,2026-10-31,2026-09-22
360.0,3,20,2026-10-31,2026-09-22
365.0,0,7,2026-10-31,2026-09-22
370.0,0,20,2026-10-31,2026-09-22
375.0,1,54,2026-10-31,2026-09-22
380.0,0,61,2026-10-31,2026-09-22
385.0,3,27,2026-10-31,2026-09-22
390.0,2,64,2026-10-31,2026-09-22
395.0,8,16,2026-10-31,2026-09-22
400.0,22,100,2026-10-31,2026-09-22
405.0,1,9,2026-10-31,2026-09-22
410.0,1,53,2026-10-31,2026-09-22
415.0,1,20,2026-10-31,2026-09-22
420.0,2,112,2026-10-31,2026-09-22
425.0,12,65,2026-10-31,2026-09-22
430.0,2,126,2026-10-31,2026-09-22
435.0,6,55,2026-10-31,2026-09-22
440.0,1,61,2026-10-31,2026-09-22
445.0,0,33,2026-10-31,2026-09-22
450.0,14,316,2026-10-31,2026-09-22
455.0,4,99,2026-10-31,2026-09-22
460.0,0,149,2026-10-31,2026-09-22
465.0,19,64,2026-10-31,2026-09-22
470.0,21,105,2026-10-31,2026-09-22
475.0,20,85,2026-10-31,2026-09-22
480.0,30,185,2026-10-31,2026-09-22
485.0,51,72,2026-10-31,2026-09-22
490.0,59,120,2026-10-31,2026-09-22
495.0,39,180,2026-10-31,2026-09-22
500.0,71,656,2026-10-31,2026-09-22
505.0,50,31,2026-10-31,2026-09-22
510.0,34,212,2026-10-31,2026-09-22
515.0,29,72,2026-10-31,2026-09-22
520.0,76,173,2026-10-31,2026-09-22
525.0,40,114,2026-10-31,2026-09-22
530.0,98,159,2026-10-31,2026-09-22
535.0,95,78,2026-10-31,2026-09-22
540.0,58,133,2026-10-31,2026-09-22
545.0,211,79,2026-10-31,2026-09-22
550.0,261,259,2026-10-31,2026-09-22
555.0,83,23,2026-10-31,2026-09-22
560.0,199,55,2026-10-31,2026-09-22
565.0,125,33,2026-10-31,2026-09-22
570.0,175,60,2026-10-31,2026-09-22
575.0,70,440,2026-10-31,2026-09-22
580.0,183,392,2026-10-31,2026-09-22
585.0,57,37,2026-10-31,2026-09-22
590.0,70,93,2026-10-31,2026-09-22
595.0,88,38,2026-10-31,2026-09-22
600.0,400,93,2026-10-31,2026-09-22
605.0,67,47,2026-10-31,2026-09-22
610.0,235,142,2026-10-31,2026-09-22
615.0,95,362,2026-10-31,2026-09-22
620.0,270,19,2026-10-31,2026-09-22
625.0,70,8,2026-10-31,2026-09-22
630.0,491,7,2026-10-31,2026-09-22
635.0,51,3,2026-10-31,2026-09-22
640.0,362,3,2026-10-31,2026-09-22
645.0,243,11,2026-10-31,2026-09-22
650.0,468,3,2026-10-31,2026-09-22
655.0,71,2,2026-10-31,2026-09-22
660.0,86,0,2026-10-31,2026-09-22
665.0,59,8,2026-10-31,2026-09-22
670.0,57,2,2026-10-31,2026-09-22
675.0,68,1,2026-10-31,2026-09-22
680.0,185,3,2026-10-31,2026-09-22
685.0,74,2,2026-10-31,2026-09-22
690.0,40,0,2026-10-31,2026-09-22
695.0,58,2,2026-10-31,2026-09-22
700.0,300,4,2026-10-31,2026-09-22
705.0,71,0,2026-10-31,2026-09-22
710.0,116,0,2026-10-31,2026-09-22
720.0,325,0,2026-10-31,2026-09-22
730.0,94,0,2026-10-31,2026-09-22
740.0,56,0,2026-10-31,2026-09-22
750.0,95,0,2026-10-31,2026-09-22
760.0,65,0,2026-10-31,2026-09-22
770.0,34,0,2026-10-31,2026-09-22
780.0,36,0,2026-10-31,2026-09-22
790.0,116,0,2026-10-31,2026-09-22
800.0,52,0,2026-10-31,2026-09-22
810.0,17,0,2026-10-31,2026-09-22
820.0,21,0,2026-10-31,2026-09-22
830.0,53,0,2026-10-31,2026-09-22
840.0,30,0,2026-10-31,2026-09-22
850.0,81,0,2026-10-31,2026-09-22
860.0,37,0,2026-10-31,2026-09-22
870.0,35,0,2026-10-31,2026-09-22
880.0,23,0,2026-10-31,2026-09-22
890.0,41,0,2026-10-31,2026-09-22
900.0,97,0,2026-10-31,2026-09-22
910.0,17,0,2026-10-31,2026-09-22
920.0,112,0,2026-10-31,2026-09-22
930.0,8,0,2026-10-31,2026-09-22
940.0,9,0,2026-10-31,2026-09-22
950.0,24,0,2026-10-31,2026-09-22
960.0,108,0,2026-10-31,2026-09-22
610.0,3000,3000,2026-11-03,2026-09-22
489.03,9300,9300,2026-11-04,2026-09-22
523.02,13018,13018,2026-11-04,2026-09-22
535.0,375,375,2026-11-07,2026-09-22
100.0,101,1210,2026-11-21,2026-09-22
105.0,105,592,2026-11-21,2026-09-22
110.0,59,359,2026-11-21,2026-09-22
115.0,71,186,2026-11-21,2026-09-22
120.0,168,1305,2026-11-21,2026-09-22
125.0,105,541,2026-11-21,2026-09-22
130.0,66,1921,2026-11-21,2026-09-22
135.0,112,601,2026-11-21,2026-09-22
140.0,244,2932,2026-11-21,2026-09-22
145.0,236,268,2026-11-21,2026-09-22
150.0,257,1374,2026-11-21,2026-09-22
155.0,119,1072,2026-11-21,2026-09-22
160.0,146,3215,2026-11-21,2026-09-22
165.0,140,1549,2026-11-21,2026-09-22
170.0,166,1058,2026-11-21,2026-09-22
175.0,97,819,2026-11-21,2026-09-22
180.0,170,997,2026-11-21,2026-09-22
185.0,112,955,2026-11-21,2026-09-22
190.0,112,4723,2026-11-21,2026-09-22
195.0,412,955,2026-11-21,2026-09-22
200.0,434,3940,2026-11-21,2026-09-22
210.0,237,4767,2026-11-21,2026-09-22
220.0,913,1576,2026-11-21,2026-09-22
230.0,944,1224,2026-11-21,2026-09-22
240.0,16635,1609,2026-11-21,2026-09-22
250.0,9,0,2026-11-21,2026-09-22
250.0,1611,2164,2026-11-21,2026-09-22
260.0,9672,1731,2026-11-21,2026-09-22
270.0,831,732,2026-11-21,2026-09-22
280.0,1235,515,2026-11-21,2026-09-22
290.0,504,1110,2026-11-21,2026-09-22
300.0,1242,2462,2026-11-21,2026-09-22
310.0,511,996,2026-11-21,2026-09-22
320.0,301,1570,2026-11-21,2026-09-22
330.0,760,3223,2026-11-21,2026-09-22
340.0,629,1298,2026-11-21,2026-09-22
350.0,923,3311,2026-11-21,2026-09-22
360.0,578,3534,2026-11-21,2026-09-22
370.0,465,1884,2026-11-21,2026-09-22
380.0,665,2440,2026-11-21,2026-09-22
390.0,578,1845,2026-11-21,2026-09-22
400.0,913,4389,2026-11-21,2026-09-22
410.0,289,5360,2026-11-21,2026-09-22
420.0,447,1546,2026-11-21,2026-09-22
430.0,6395,2063,2026-11-21,2026-09-22
440.0,334,2525,2026-11-21,2026-09-22
450.0,698,3445,2026-11-21,2026-09-22
460.0,428,2062,2026-11-21,2026-09-22
470.0,824,2545,2026-11-21,2026-09-22
480.0,2500,2500,2026-11-21,2026-09-22
480.0,816,1435,2026-11-21,2026-09-22
490.0,2040,2040,2026-11-21,2026-09-22
490.0,697,1874,2026-11-21,2026-09-22
500.0,300,300,2026-11-21,2026-09-22
500.0,2977,3149,2026-11-21,2026-09-22
510.0,1418,787,2026-11-21,2026-09-22
520.0,1959,688,2026-11-21,2026-09-22
530.0,1255,1055,2026-11-21,2026-09-22
540.0,1872,836,2026-11-21,2026-09-22
550.0,3076,1561,2026-11-21,2026-09-22
560.0,804,288,2026-11-21,2026-09-22
570.0,10,0,2026-11-21,2026-09-22
570.0,624,599,2026-11-21,2026-09-22
580.0,2530,333,2026-11-21,2026-09-22
590.0,1535,180,2026-11-21,2026-09-22
600.0,4623,922,2026-11-21,2026-09-22
610.0,1812,277,2026-11-21,2026-09-22
620.0,2099,205,2026-11-21,2026-09-22
630.0,3266,319,2026-11-21,2026-09-22
640.0,882,120,2026-11-21,2026-09-22
650.0,2175,73,2026-11-21,2026-09-22
660.0,1304,57,2026-11-21,2026-09-22
670.0,868,54,2026-11-21,2026-09-22
680.0,844,52,2026-11-21,2026-09-22
690.0,327,15,2026-11-21,2026-09-22
700.0,3440,50,2026-11-21,2026-09-22
710.0,392,48,2026-11-21,2026-09-22
720.0,705,20,2026-11-21,2026-09-22
730.0,319,81,2026-11-21,2026-09-22
740.0,204,181,2026-11-21,2026-09-22
750.0,553,10,2026-11-21,2026-09-22
760.0,283,51,2026-11-21,2026-09-22
770.0,684,6,2026-11-21,2026-09-22
780.0,337,0,2026-11-21,2026-09-22
790.0,193,0,2026-11-21,2026-09-22
800.0,2944,5,2026-11-21,2026-09-22
810.0,866,0,2026-11-21,2026-09-22
820.0,988,0,2026-11-21,2026-09-22
830.0,208,0,2026-11-21,2026-09-22
840.0,248,0,2026-11-21,2026-09-22
850.0,962,0,2026-11-21,2026-09-22
860.0,293,0,2026-11-21,2026-09-22
870.0,941,0,2026-11-21,2026-09-22
880.0,287,0,2026-11-21,2026-09-22
890.0,348,2,2026-11-21,2026-09-22
900.0,1711,0,2026-11-21,2026-09-22
910.0,349,15,2026-11-21,2026-09-22
920.0,114,0,2026-11-21,2026-09-22
930.0,454,0,2026-11-21,2026-09-22
940.0,145,0,2026-11-21,2026-09-22
950.0,201,0,2026-11-21,2026-09-22
960.0,164,0,2026-11-21,2026-09-22
970.0,269,0,2026-11-21,2026-09-22
980.0,290,0,2026-11-21,2026-09-22
990.0,176,0,2026-11-21,2026-09-22
1000.0,386,0,2026-11-21,2026-09-22
1010.0,246,0,2026-11-21,2026-09-22
1020.0,267,0,2026-11-21,2026-09-22
1030.0,56,0,2026-11-21,2026-09-22
1040.0,191,0,2026-11-21,2026-09-22
1050.0,292,0,2026-11-21,2026-09-22
1060.0,197,0,2026-11-21,2026-09-22
1070.0,132,0,2026-11-21,2026-09-22
1080.0,86,0,2026-11-21,2026-09-22
1090.0,71,0,2026-11-21,2026-09-22
1100.0,120,0,2026-11-21,2026-09-22
1110.0,272,0,2026-11-21,2026-09-22
1120.0,1091,0,2026-11-21,2026-09-22
5.0,1144,32,2026-12-19,2026-09-22
10.0,4,2,2026-12-19,2026-09-22
15.0,0,201,2026-12-19,2026-09-22
20.0,956,525,2026-12-19,2026-09-22
25.0,212,864,2026-12-19,2026-09-22
30.0,208,188,2026-12-19,2026-09-22
35.0,9,970,2026-12-19,2026-09-22
40.0,14,252,2026-12-19,2026-09-22
45.0,101,1117,2026-12-19,2026-09-22
50.0,211,691,2026-12-19,2026-09-22
55.0,51,1743,2026-12-19,2026-09-22
60.0,160,1567,2026-12-19,2026-09-22
65.0,220,526,2026-12-19,2026-09-22
70.0,298,1093,2026-12-19,2026-09-22
75.0,329,1390,2026-12-19,2026-09-22
80.0,232,2426,2026-12-19,2026-09-22
85.0,1297,1594,2026-12-19,2026-09-22
90.0,646,4180,2026-12-19,2026-09-22
95.0,1175,1298,2026-12-19,2026-09-22
100.0,1915,11452,2026-12-19,2026-09-22
105.0,477,1108,2026-12-19,2026-09-22
110.0,1115,3177,2026-12-19,2026-09-22
115.0,735,2329,2026-12-19,2026-09-22
120.0,1082,6449,2026-12-19,2026-09-22
125.0,1105,2138,2026-12-19,2026-09-22
130.0,2226,2528,2026-12-19,2026-09-22
135.0,3859,1603,2026-12-19,2026-09-22
140.0,5083,6363,2026-12-19,2026-09-22
145.0,2045,2472,2026-12-19,2026-09-22
150.0,1498,3751,2026-12-19,2026-09-22
155.0,852,1266,2026-12-19,2026-09-22
160.0,1002,4047,2026-12-19,2026-09-22
165.0,1638,1808,2026-12-19,2026-09-22
170.0,1092,9211,2026-12-19,2026-09-22
175.0,542,2053,2026-12-19,2026-09-22
180.0,1002,2340,2026-12-19,2026-09-22
185.0,871,1334,2026-12-19,2026-09-22
190.0,1893,2283,2026-12-19,2026-09-22
195.0,1340,1407,2026-12-19,2026-09-22
200.0,2500,2500,2026-12-19,2026-09-22
200.0,2416,4895,2026-12-19,2026-09-22
210.0,1937,1977,2026-12-19,2026-09-22
215.0,0,0,2026-12-19,2026-09-22
220.0,1540,1776,2026-12-19,2026-09-22
230.0,1941,1932,2026-12-19,2026-09-22
235.0,5000,5000,2026-12-19,2026-09-22
240.0,2464,1554,2026-12-19,2026-09-22
250.0,2119,2701,2026-12-19,2026-09-22
260.0,1575,1711,2026-12-19,2026-09-22
270.0,2061,1479,2026-12-19,2026-09-22
280.0,2070,2656,2026-12-19,2026-09-22
290.0,1587,1901,2026-12-19,2026-09-22
300.0,3957,4366,2026-12-19,2026-09-22
310.0,2335,987,2026-12-19,2026-09-22
320.0,1069,1218,2026-12-19,2026-09-22
330.0,1617,1995,2026-12-19,2026-09-22
340.0,1664,2379,2026-12-19,2026-09-22
350.0,5204,2730,2026-12-19,2026-09-22
360.0,2257,1230,2026-12-19,2026-09-22
370.0,1656,1546,2026-12-19,2026-09-22
380.0,1465,2079,2026-12-19,2026-09-22
390.0,4184,1741,2026-12-19,2026-09-22
400.0,4649,8052,2026-12-19,2026-09-22
410.0,819,1673,2026-12-19,2026-09-22
420.0,1009,1754,2026-12-19,2026-09-22
430.0,652,1094,2026-12-19,2026-09-22
440.0,572,1359,2026-12-19,2026-09-22
450.0,1310,3176,2026-12-19,2026-09-22
460.0,605,1540,2026-12-19,2026-09-22
470.0,556,1598,2026-12-19,2026-09-22
480.0,2468,1096,2026-12-19,2026-09-22
490.0,1197,1107,2026-12-19,2026-09-22
500.0,2500,2500,2026-12-19,2026-09-22
500.0,3724,1966,2026-12-19,2026-09-22
510.0,757,418,2026-12-19,2026-09-22
520.0,1475,485,2026-12-19,2026-09-22
530.0,1680,606,2026-12-19,2026-09-22
540.0,581,658,2026-12-19,2026-09-22
550.0,2478,785,2026-12-19,2026-09-22
560.0,536,320,2026-12-19,2026-09-22
570.0,509,881,2026-12-19,2026-09-22
580.0,759,171,2026-12-19,2026-09-22
590.0,405,211,2026-12-19,2026-09-22
600.0,4731,334,2026-12-19,2026-09-22
610.0,1549,555,2026-12-19,2026-09-22
620.0,789,93,2026-12-19,2026-09-22
630.0,3124,50,2026-12-19,2026-09-22
640.0,1766,65,2026-12-19,2026-09-22
650.0,1648,168,2026-12-19,2026-09-22
660.0,601,25,2026-12-19,2026-09-22
670.0,478,57,2026-12-19,2026-09-22
680.0,2400,80,2026-12-19,2026-09-22
690.0,452,131,2026-12-19,2026-09-22
700.0,3489,47,2026-12-19,2026-09-22
710.0,668,46,2026-12-19,2026-09-22
720.0,1458,19,2026-12-19,2026-09-22
730.0,319,10,2026-12-19,2026-09-22
740.0,1992,7,2026-12-19,2026-09-22
750.0,1733,1,2026-12-19,2026-09-22
760.0,1210,4,2026-12-19,2026-09-22
770.0,205,13,2026-12-19,2026-09-22
780.0,477,37,2026-12-19,2026-09-22
790.0,159,173,2026-12-19,2026-09-22
800.0,1779,17,2026-12-19,2026-09-22
810.0,168,10,2026-12-19,2026-09-22
820.0,345,1,2026-12-19,2026-09-22
830.0,354,5,2026-12-19,2026-09-22
840.0,175,0,2026-12-19,2026-09-22
850.0,1383,0,2026-12-19,2026-09-22
860.0,632,1,2026-12-19,2026-09-22
870.0,323,0,2026-12-19,2026-09-22
880.0,708,0,2026-12-19,2026-09-22
890.0,1005,1,2026-12-19,2026-09-22
900.0,3704,0,2026-12-19,2026-09-22
910.0,559,5,2026-12-19,2026-09-22
920.0,162,0,2026-12-19,2026-09-22
930.0,400,0,2026-12-19,2026-09-22
940.0,125,0,2026-12-19,2026-09-22
950.0,346,0,2026-12-19,2026-09-22
960.0,500,0,2026-12-19,2026-09-22
970.0,1088,0,2026-12-19,2026-09-22
980.0,220,1,2026-12-19,2026-09-22
990.0,356,0,2026-12-19,2026-09-22
1000.0,567,0,2026-12-19,2026-09-22
1010.0,129,0,2026-12-19,2026-09-22
1020.0,247,0,2026-12-19,2026-09-22
1030.0,255,0,2026-12-19,2026-09-22
1040.0,60,0,2026-12-19,2026-09-22
1050.0,259,0,2026-12-19,2026-09-22
1060.0,367,0,2026-12-19,2026-09-22
1070.0,183,0,2026-12-19,2026-09-22
1080.0,201,0,2026-12-19,2026-09-22
1090.0,497,0,2026-12-19,2026-09-22
1100.0,692,5,2026-12-19,2026-09-22
1110.0,172,0,2026-12-19,2026-09-22
1120.0,2921,0,2026-12-19,2026-09-22
176.44,0,100,2026-12-29,2026-09-22
196.04,0,100,2026-12-29,2026-09-22
230.01,33600,33600,2027-01-15,2026-09-22
570.04,23300,23300,2027-01-15,2026-09-22
5.0,7719,4383,2027-01-16,2026-09-22
10.0,52,94,2027-01-16,2026-09-22
15.0,3,24,2027-01-16,2026-09-22
20.0,46,65,2027-01-16,2026-09-22
25.0,320,895,2027-01-16,2026-09-22
30.0,199,370,2027-01-16,2026-09-22
35.0,117,247,2027-01-16,2026-09-22
40.0,122,593,2027-01-16,2026-09-22
45.0,32,1128,2027-01-16,2026-09-22
50.0,686,5627,2027-01-16,2026-09-22
55.0,57,3141,2027-01-16,2026-09-22
60.0,170,4291,2027-01-16,2026-09-22
65.0,575,867,2027-01-16,2026-09-22
70.0,5147,7018,2027-01-16,2026-09-22
75.0,1944,5410,2027-01-16,2026-09-22
80.0,1380,5976,2027-01-16,2026-09-22
85.0,339,3742,2027-01-16,2026-09-22
90.0,6500,6500,2027-01-16,2026-09-22
90.0,9313,10282,2027-01-16,2026-09-22
95.0,1409,3350,2027-01-16,2026-09-22
100.0,7894,10866,2027-01-16,2026-09-22
105.0,784,7276,2027-01-16,2026-09-22
110.0,2670,8013,2027-01-16,2026-09-22
115.0,2039,2787,2027-01-16,2026-09-22
120.0,1523,15682,2027-01-16,2026-09-22
125.0,1537,2927,2027-01-16,2026-09-22
130.0,1389,6566,2027-01-16,2026-09-22
135.0,1570,2592,2027-01-16,2026-09-22
140.0,1615,9374,2027-01-16,2026-09-22
145.0,1093,3955,2027-01-16,2026-09-22
147.5,210,0,2027-01-16,2026-09-22
150.0,3106,13711,2027-01-16,2026-09-22
155.0,1255,1783,2027-01-16,2026-09-22
160.0,1049,4696,2027-01-16,2026-09-22
165.0,851,3378,2027-01-16,2026-09-22
170.0,1087,3816,2027-01-16,2026-09-22
175.0,1032,2346,2027-01-16,2026-09-22
180.0,3143,6274,2027-01-16,2026-09-22
185.0,1215,2686,2027-01-16,2026-09-22
190.0,1033,1741,2027-01-16,2026-09-22
195.0,818,1662,2027-01-16,2026-09-22
200.0,8376,9594,2027-01-16,2026-09-22
210.0,2000,2000,2027-01-16,2026-09-22
210.0,1730,4098,2027-01-16,2026-09-22
220.0,1000,1000,2027-01-16,2026-09-22
220.0,3940,3703,2027-01-16,2026-09-22
230.0,2843,4024,2027-01-16,2026-09-22
230.01,33600,33600,2027-01-16,2026-09-22
240.0,4235,4770,2027-01-16,2026-09-22
250.0,12416,10649,2027-01-16,2026-09-22
260.0,3052,4314,2027-01-16,2026-09-22
270.0,4344,2390,2027-01-16,2026-09-22
280.0,2724,2472,2027-01-16,2026-09-22
290.0,6294,2723,2027-01-16,2026-09-22
300.0,8305,7620,2027-01-16,2026-09-22
300.01,1500,0,2027-01-16,2026-09-22
310.0,4092,4514,2027-01-16,2026-09-22
320.0,1875,4195,2027-01-16,2026-09-22
330.0,2572,2786,2027-01-16,2026-09-22
330.01,1500,0,2027-01-16,2026-09-22
340.0,1204,4663,2027-01-16,2026-09-22
350.0,15000,15000,2027-01-16,2026-09-22
350.0,1886,4052,2027-01-16,2026-09-22
360.0,1243,4353,2027-01-16,2026-09-22
370.0,2360,2913,2027-01-16,2026-09-22
380.0,1325,5835,2027-01-16,2026-09-22
390.0,929,3162,2027-01-16,2026-09-22
400.0,4376,8028,2027-01-16,2026-09-22
410.0,1138,2523,2027-01-16,2026-09-22
420.0,2462,1604,2027-01-16,2026-09-22
430.0,816,2184,2027-01-16,2026-09-22
440.0,745,2939,2027-01-16,2026-09-22
450.0,550,550,2027-01-16,2026-09-22
450.0,3372,3562,2027-01-16,2026-09-22
457.5,0,0,2027-01-16,2026-09-22
460.0,1200,1208,2027-01-16,2026-09-22
460.0,1296,2599,2027-01-16,2026-09-22
470.0,1170,1170,2027-01-16,2026-09-22
470.0,756,916,2027-01-16,2026-09-22
480.0,2208,1872,2027-01-16,2026-09-22
490.0,1160,1320,2027-01-16,2026-09-22
500.0,4744,5917,2027-01-16,2026-09-22
510.0,819,1031,2027-01-16,2026-09-22
520.0,8,0,2027-01-16,2026-09-22
520.0,2801,1775,2027-01-16,2026-09-22
530.0,2314,1870,2027-01-16,2026-09-22
540.0,2366,1377,2027-01-16,2026-09-22
540.01,5000,0,2027-01-16,2026-09-22
550.0,4874,560,2027-01-16,2026-09-22
560.0,1720,789,2027-01-16,2026-09-22
570.0,897,690,2027-01-16,2026-09-22
580.0,1356,251,2027-01-16,2026-09-22
580.01,3700,0,2027-01-16,2026-09-22
590.0,1548,187,2027-01-16,2026-09-22
600.0,7042,672,2027-01-16,2026-09-22
610.0,1100,485,2027-01-16,2026-09-22
620.0,1888,132,2027-01-16,2026-09-22
630.0,630,206,2027-01-16,2026-09-22
640.0,2608,142,2027-01-16,2026-09-22
650.0,2829,45,2027-01-16,2026-09-22
660.0,3625,106,2027-01-16,2026-09-22
670.0,561,29,2027-01-16,2026-09-22
680.0,1680,44,2027-01-16,2026-09-22
690.0,391,109,2027-01-16,2026-09-22
700.0,2372,509,2027-01-16,2026-09-22
710.0,527,9,2027-01-16,2026-09-22
720.0,819,12,2027-01-16,2026-09-22
730.0,2828,40,2027-01-16,2026-09-22
740.0,1434,22,2027-01-16,2026-09-22
750.0,3945,113,2027-01-16,2026-09-22
760.0,646,8,2027-01-16,2026-09-22
770.0,1053,13,2027-01-16,2026-09-22
780.0,1785,4,2027-01-16,2026-09-22
790.0,345,6,2027-01-16,2026-09-22
800.0,2688,27,2027-01-16,2026-09-22
810.0,409,45,2027-01-16,2026-09-22
820.0,141,0,2027-01-16,2026-09-22
830.0,175,9,2027-01-16,2026-09-22
840.0,277,0,2027-01-16,2026-09-22
850.0,417,0,2027-01-16,2026-09-22
860.0,317,1,2027-01-16,2026-09-22
870.0,121,0,2027-01-16,2026-09-22
880.0,455,0,2027-01-16,2026-09-22
890.0,968,0,2027-01-16,2026-09-22
900.0,3059,0,2027-01-16,2026-09-22
910.0,1984,1,2027-01-16,2026-09-22
920.0,265,0,2027-01-16,2026-09-22
930.0,510,0,2027-01-16,2026-09-22
940.0,93,0,2027-01-16,2026-09-22
950.0,2027,0,2027-01-16,2026-09-22
960.0,225,0,2027-01-16,2026-09-22
970.0,633,0,2027-01-16,2026-09-22
980.0,1896,0,2027-01-16,2026-09-22
990.0,146,0,2027-01-16,2026-09-22
1000.0,2956,2,2027-01-16,2026-09-22
1010.0,450,0,2027-01-16,2026-09-22
1020.0,226,0,2027-01-16,2026-09-22
1030.0,139,0,2027-01-16,2026-09-22
1040.0,190,1,2027-01-16,2026-09-22
1050.0,413,0,2027-01-16,2026-09-22
1060.0,153,0,2027-01-16,2026-09-22
1070.0,323,0,2027-01-16,2026-09-22
1080.0,438,1,2027-01-16,2026-09-22
1090.0,728,1,2027-01-16,2026-09-22
1100.0,216,1,2027-01-16,2026-09-22
1110.0,920,1,2027-01-16,2026-09-22
1120.0,4393,1,2027-01-16,2026-09-22
350.0,15000,15000,2027-01-20,2026-09-22
200.0,4,337,2027-02-20,2026-09-22
210.0,52,107,2027-02-20,2026-09-22
220.0,14,194,2027-02-20,2026-09-22
230.0,19,93,2027-02-20,2026-09-22
240.0,15,88,2027-02-20,2026-09-22
250.0,20,316,2027-02-20,2026-09-22
260.0,11,196,2027-02-20,2026-09-22
270.0,22,763,2027-02-20,2026-09-22
280.0,45,155,2027-02-20,2026-09-22
290.0,40,1160,2027-02-20,2026-09-22
300.0,19,1308,2027-02-20,2026-09-22
310.0,27,484,2027-02-20,2026-09-22
320.0,17,619,2027-02-20,2026-09-22
330.0,10,889,2027-02-20,2026-09-22
340.0,15,455,2027-02-20,2026-09-22
350.0,17,1002,2027-02-20,2026-09-22
360.0,33,1262,2027-02-20,2026-09-22
370.0,67,860,2027-02-20,2026-09-22
380.0,22,1079,2027-02-20,2026-09-22
390.0,65,671,2027-02-20,2026-09-22
400.0,130,2244,2027-02-20,2026-09-22
410.0,29,1602,2027-02-20,2026-09-22
420.0,179,2418,2027-02-20,2026-09-22
430.0,143,363,2027-02-20,2026-09-22
440.0,100,245,2027-02-20,2026-09-22
450.0,192,1596,2027-02-20,2026-09-22
460.0,251,969,2027-02-20,2026-09-22
470.0,141,377,2027-02-20,2026-09-22
480.0,193,665,2027-02-20,2026-09-22
490.0,158,616,2027-02-20,2026-09-22
500.0,392,628,2027-02-20,2026-09-22
510.0,712,462,2027-02-20,2026-09-22
520.0,457,289,2027-02-20,2026-09-22
530.0,486,77,2027-02-20,2026-09-22
540.0,334,224,2027-02-20,2026-09-22
550.0,466,319,2027-02-20,2026-09-22
560.0,352,139,2027-02-20,2026-09-22
570.0,596,80,2027-02-20,2026-09-22
580.0,534,40,2027-02-20,2026-09-22
590.0,388,27,2027-02-20,2026-09-22
600.0,901,32,2027-02-20,2026-09-22
610.0,270,23,2027-02-20,2026-09-22
620.0,1090,28,2027-02-20,2026-09-22
630.0,133,8,2027-02-20,2026-09-22
640.0,551,21,2027-02-20,2026-09-22
650.0,2257,10,2027-02-20,2026-09-22
660.0,574,6,2027-02-20,2026-09-22
670.0,206,4,2027-02-20,2026-09-22
680.0,2015,32,2027-02-20,2026-09-22
690.0,507,27,2027-02-20,2026-09-22
700.0,629,81,2027-02-20,2026-09-22
710.0,124,45,2027-02-20,2026-09-22
720.0,275,9,2027-02-20,2026-09-22
730.0,122,47,2027-02-20,2026-09-22
740.0,557,2,2027-02-20,2026-09-22
750.0,700,41,2027-02-20,2026-09-22
760.0,75,12,2027-02-20,2026-09-22
770.0,64,4,2027-02-20,2026-09-22
780.0,1543,8,2027-02-20,2026-09-22
790.0,100,32,2027-02-20,2026-09-22
800.0,983,47,2027-02-20,2026-09-22
810.0,234,2,2027-02-20,2026-09-22
820.0,139,8,2027-02-20,2026-09-22
830.0,94,2,2027-02-20,2026-09-22
840.0,1472,0,2027-02-20,2026-09-22
850.0,452,0,2027-02-20,2026-09-22
860.0,139,0,2027-02-20,2026-09-22
870.0,208,1,2027-02-20,2026-09-22
880.0,392,0,2027-02-20,2026-09-22
890.0,252,0,2027-02-20,2026-09-22
900.0,1060,0,2027-02-20,2026-09-22
910.0,336,0,2027-02-20,2026-09-22
920.0,76,0,2027-02-20,2026-09-22
930.0,192,0,2027-02-20,2026-09-22
940.0,45,0,2027-02-20,2026-09-22
950.0,555,0,2027-02-20,2026-09-22
960.0,83,0,2027-02-20,2026-09-22
970.0,275,0,2027-02-20,2026-09-22
980.0,628,0,2027-02-20,2026-09-22
234.62,1384,0,2027-03-05,2026-09-22
25.0,1,12,2027-03-20,2026-09-22
30.0,0,1,2027-03-20,2026-09-22
35.0,0,7,2027-03-20,2026-09-22
40.0,1,6,2027-03-20,2026-09-22
45.0,3,185,2027-03-20,2026-09-22
50.0,6,130,2027-03-20,2026-09-22
55.0,2,125,2027-03-20,2026-09-22
60.0,2,130,2027-03-20,2026-09-22
65.0,2,221,2027-03-20,2026-09-22
70.0,12,314,2027-03-20,2026-09-22
75.0,2,161,2027-03-20,2026-09-22
80.0,9,81,2027-03-20,2026-09-22
85.0,4,254,2027-03-20,2026-09-22
90.0,12,201,2027-03-20,2026-09-22
95.0,10,430,2027-03-20,2026-09-22
100.0,29,608,2027-03-20,2026-09-22
105.0,25,268,2027-03-20,2026-09-22
110.0,14,228,2027-03-20,2026-09-22
115.0,4,197,2027-03-20,2026-09-22
120.0,79,278,2027-03-20,2026-09-22
125.0,56,156,2027-03-20,2026-09-22
130.0,13,2158,2027-03-20,2026-09-22
135.0,42,490,2027-03-20,2026-09-22
140.0,76,428,2027-03-20,2026-09-22
145.0,57,1864,2027-03-20,2026-09-22
150.0,75,1481,2027-03-20,2026-09-22
155.0,86,445,2027-03-20,2026-09-22
160.0,101,1731,2027-03-20,2026-09-22
165.0,70,589,2027-03-20,2026-09-22
170.0,53,3718,2027-03-20,2026-09-22
175.0,64,533,2027-03-20,2026-09-22
180.0,82,944,2027-03-20,2026-09-22
185.0,34,474,2027-03-20,2026-09-22
190.0,218,1605,2027-03-20,2026-09-22
195.0,114,599,2027-03-20,2026-09-22
200.0,291,3930,2027-03-20,2026-09-22
210.0,175,684,2027-03-20,2026-09-22
220.0,307,1705,2027-03-20,2026-09-22
230.0,551,566,2027-03-20,2026-09-22
240.0,244,1328,2027-03-20,2026-09-22
250.0,1130,3864,2027-03-20,2026-09-22
260.0,1153,3192,2027-03-20,2026-09-22
270.0,278,1494,2027-03-20,2026-09-22
280.0,714,3891,2027-03-20,2026-09-22
290.0,377,1776,2027-03-20,2026-09-22
300.0,2366,6349,2027-03-20,2026-09-22
310.0,401,1536,2027-03-20,2026-09-22
320.0,344,5204,2027-03-20,2026-09-22
330.0,295,1643,2027-03-20,2026-09-22
340.0,781,2129,2027-03-20,2026-09-22
350.0,991,5274,2027-03-20,2026-09-22
360.0,840,3312,2027-03-20,2026-09-22
370.0,565,1361,2027-03-20,2026-09-22
380.0,386,2615,2027-03-20,2026-09-22
390.0,205,2651,2027-03-20,2026-09-22
400.0,1696,8263,2027-03-20,2026-09-22
410.0,247,1227,2027-03-20,2026-09-22
420.0,783,2903,2027-03-20,2026-09-22
430.0,252,1846,2027-03-20,2026-09-22
440.0,237,425,2027-03-20,2026-09-22
450.0,1570,1934,2027-03-20,2026-09-22
460.0,268,736,2027-03-20,2026-09-22
470.0,683,602,2027-03-20,2026-09-22
480.0,494,1199,2027-03-20,2026-09-22
490.0,679,414,2027-03-20,2026-09-22
500.0,1988,2078,2027-03-20,2026-09-22
510.0,714,1053,2027-03-20,2026-09-22
520.0,1003,844,2027-03-20,2026-09-22
530.0,331,553,2027-03-20,2026-09-22
540.0,855,670,2027-03-20,2026-09-22
550.0,2339,1070,2027-03-20,2026-09-22
560.0,517,280,2027-03-20,2026-09-22
570.0,909,214,2027-03-20,2026-09-22
580.0,1039,278,2027-03-20,2026-09-22
590.0,413,183,2027-03-20,2026-09-22
600.0,3600,573,2027-03-20,2026-09-22
620.0,1669,116,2027-03-20,2026-09-22
640.0,1337,63,2027-03-20,2026-09-22
660.0,2052,225,2027-03-20,2026-09-22
680.0,745,33,2027-03-20,2026-09-22
690.0,203,32,2027-03-20,2026-09-22
700.0,1957,484,2027-03-20,2026-09-22
710.0,717,21,2027-03-20,2026-09-22
720.0,1808,131,2027-03-20,2026-09-22
730.0,1443,32,2027-03-20,2026-09-22
740.0,315,12,2027-03-20,2026-09-22
750.0,2299,33,2027-03-20,2026-09-22
760.0,613,29,2027-03-20,2026-09-22
770.0,291,13,2027-03-20,2026-09-22
780.0,3262,8,2027-03-20,2026-09-22
790.0,161,8,2027-03-20,2026-09-22
800.0,1355,11,2027-03-20,2026-09-22
810.0,660,4,2027-03-20,2026-09-22
820.0,990,1,2027-03-20,2026-09-22
830.0,273,11,2027-03-20,2026-09-22
840.0,225,2,2027-03-20,2026-09-22
850.0,464,0,2027-03-20,2026-09-22
860.0,631,0,2027-03-20,2026-09-22
870.0,169,1,2027-03-20,2026-09-22
880.0,328,0,2027-03-20,2026-09-22
890.0,243,0,2027-03-20,2026-09-22
900.0,1451,0,2027-03-20,2026-09-22
910.0,264,0,2027-03-20,2026-09-22
920.0,376,0,2027-03-20,2026-09-22
930.0,337,0,2027-03-20,2026-09-22
940.0,103,0,2027-03-20,2026-09-22
950.0,387,0,2027-03-20,2026-09-22
960.0,196,0,2027-03-20,2026-09-22
970.0,134,1,2027-03-20,2026-09-22
980.0,140,1,2027-03-20,2026-09-22
990.0,85,0,2027-03-20,2026-09-22
1000.0,1392,0,2027-03-20,2026-09-22
1010.0,411,0,2027-03-20,2026-09-22
1020.0,1476,0,2027-03-20,2026-09-22
1030.0,327,0,2027-03-20,2026-09-22
1040.0,871,0,2027-03-20,2026-09-22
1050.0,385,0,2027-03-20,2026-09-22
1060.0,405,0,2027-03-20,2026-09-22
1070.0,85,0,2027-03-20,2026-09-22
1080.0,177,0,2027-03-20,2026-09-22
1090.0,268,0,2027-03-20,2026-09-22
1100.0,479,0,2027-03-20,2026-09-22
1110.0,394,0,2027-03-20,2026-09-22
1120.0,5359,0,2027-03-20,2026-09-22
198.24,0,100,2027-03-26,2026-09-22
220.27,0,100,2027-03-26,2026-09-22
183.39,0,150,2027-03-30,2026-09-22
240.0,6,218,2027-04-17,2026-09-22
250.0,1,215,2027-04-17,2026-09-22
260.0,3,199,2027-04-17,2026-09-22
270.0,1,78,2027-04-17,2026-09-22
280.0,5,1466,2027-04-17,2026-09-22
290.0,2,86,2027-04-17,2026-09-22
300.0,5,295,2027-04-17,2026-09-22
310.0,10,221,2027-04-17,2026-09-22
320.0,3,121,2027-04-17,2026-09-22
330.0,18,110,2027-04-17,2026-09-22
340.0,6,135,2027-04-17,2026-09-22
350.0,44,46,2027-04-17,2026-09-22
360.0,12,35,2027-04-17,2026-09-22
370.0,8,249,2027-04-17,2026-09-22
380.0,10,296,2027-04-17,2026-09-22
390.0,19,254,2027-04-17,2026-09-22
400.0,35,390,2027-04-17,2026-09-22
410.0,11,70,2027-04-17,2026-09-22
420.0,31,822,2027-04-17,2026-09-22
430.0,62,43,2027-04-17,2026-09-22
440.0,38,349,2027-04-17,2026-09-22
450.0,35,190,2027-04-17,2026-09-22
460.0,331,488,2027-04-17,2026-09-22
470.0,90,26,2027-04-17,2026-09-22
480.0,37,352,2027-04-17,2026-09-22
490.0,109,26,2027-04-17,2026-09-22
500.0,177,137,2027-04-17,2026-09-22
510.0,36,266,2027-04-17,2026-09-22
520.0,53,37,2027-04-17,2026-09-22
530.0,157,80,2027-04-17,2026-09-22
540.0,165,313,2027-04-17,2026-09-22
550.0,232,386,2027-04-17,2026-09-22
560.0,137,82,2027-04-17,2026-09-22
570.0,125,9,2027-04-17,2026-09-22
580.0,160,31,2027-04-17,2026-09-22
590.0,355,15,2027-04-17,2026-09-22
600.0,106,15,2027-04-17,2026-09-22
610.0,126,49,2027-04-17,2026-09-22
620.0,345,34,2027-04-17,2026-09-22
640.0,162,6,2027-04-17,2026-09-22
660.0,69,3,2027-04-17,2026-09-22
680.0,191,2,2027-04-17,2026-09-22
700.0,315,6,2027-04-17,2026-09-22
720.0,121,3,2027-04-17,2026-09-22
740.0,126,1,2027-04-17,2026-09-22
760.0,4,0,2027-04-17,2026-09-22
780.0,84,1,2027-04-17,2026-09-22
25.0,43,198,2027-06-18,2026-09-22
30.0,39,95,2027-06-18,2026-09-22
35.0,22,255,2027-06-18,2026-09-22
40.0,79,151,2027-06-18,2026-09-22
45.0,4,243,2027-06-18,2026-09-22
50.0,38,144,2027-06-18,2026-09-22
55.0,5,381,2027-06-18,2026-09-22
60.0,66,379,2027-06-18,2026-09-22
65.0,8,566,2027-06-18,2026-09-22
70.0,179,341,2027-06-18,2026-09-22
75.0,43,179,2027-06-18,2026-09-22
80.0,56,647,2027-06-18,2026-09-22
85.0,10,394,2027-06-18,2026-09-22
90.0,64,418,2027-06-18,2026-09-22
95.0,171,422,2027-06-18,2026-09-22
100.0,157,1512,2027-06-18,2026-09-22
105.0,3496,263,2027-06-18,2026-09-22
110.0,125,937,2027-06-18,2026-09-22
115.0,190,1780,2027-06-18,2026-09-22
120.0,2306,7520,2027-06-18,2026-09-22
125.0,220,1006,2027-06-18,2026-09-22
130.0,355,1240,2027-06-18,2026-09-22
135.0,407,503,2027-06-18,2026-09-22
140.0,535,3885,2027-06-18,2026-09-22
145.0,215,1305,2027-06-18,2026-09-22
150.0,825,1527,2027-06-18,2026-09-22
155.0,256,514,2027-06-18,2026-09-22
160.0,306,1045,2027-06-18,2026-09-22
165.0,332,739,2027-06-18,2026-09-22
170.0,472,2671,2027-06-18,2026-09-22
175.0,475,1585,2027-06-18,2026-09-22
180.0,507,2228,2027-06-18,2026-09-22
185.0,749,2080,2027-06-18,2026-09-22
190.0,299,865,2027-06-18,2026-09-22
195.0,368,597,2027-06-18,2026-09-22
200.0,2116,2346,2027-06-18,2026-09-22
210.0,1112,1326,2027-06-18,2026-09-22
220.0,2645,1430,2027-06-18,2026-09-22
230.0,927,755,2027-06-18,2026-09-22
240.0,700,2924,2027-06-18,2026-09-22
250.0,2161,10147,2027-06-18,2026-09-22
260.0,692,1097,2027-06-18,2026-09-22
270.0,491,3494,2027-06-18,2026-09-22
280.0,647,1185,2027-06-18,2026-09-22
290.0,504,10875,2027-06-18,2026-09-22
300.0,3061,5446,2027-06-18,2026-09-22
310.0,334,1257,2027-06-18,2026-09-22
320.0,682,3312,2027-06-18,2026-09-22
330.0,498,2356,2027-06-18,2026-09-22
340.0,402,1646,2027-06-18,2026-09-22
350.0,773,5684,2027-06-18,2026-09-22
360.0,2422,3033,2027-06-18,2026-09-22
370.0,739,2917,2027-06-18,2026-09-22
380.0,419,2222,2027-06-18,2026-09-22
390.0,371,1244,2027-06-18,2026-09-22
400.0,1127,6495,2027-06-18,2026-09-22
410.0,588,1062,2027-06-18,2026-09-22
420.0,607,1436,2027-06-18,2026-09-22
430.0,654,1309,2027-06-18,2026-09-22
440.0,704,1484,2027-06-18,2026-09-22
450.0,926,2444,2027-06-18,2026-09-22
460.0,475,823,2027-06-18,2026-09-22
470.0,379,1472,2027-06-18,2026-09-22
480.0,872,2381,2027-06-18,2026-09-22
490.0,875,504,2027-06-18,2026-09-22
500.0,2873,5012,2027-06-18,2026-09-22
510.0,1308,614,2027-06-18,2026-09-22
520.0,1175,1828,2027-06-18,2026-09-22
530.0,1916,721,2027-06-18,2026-09-22
540.0,340,455,2027-06-18,2026-09-22
550.0,828,869,2027-06-18,2026-09-22
560.0,1483,404,2027-06-18,2026-09-22
570.0,790,342,2027-06-18,2026-09-22
580.0,942,484,2027-06-18,2026-09-22
590.0,490,139,2027-06-18,2026-09-22
600.0,4126,1704,2027-06-18,2026-09-22
610.0,357,194,2027-06-18,2026-09-22
620.0,1027,249,2027-06-18,2026-09-22
630.0,1201,153,2027-06-18,2026-09-22
640.0,424,44,2027-06-18,2026-09-22
650.0,1298,1640,2027-06-18,2026-09-22
660.0,814,85,2027-06-18,2026-09-22
670.0,293,171,2027-06-18,2026-09-22
680.0,716,205,2027-06-18,2026-09-22
690.0,315,155,2027-06-18,2026-09-22
700.0,3516,61,2027-06-18,2026-09-22
710.0,351,64,2027-06-18,2026-09-22
720.0,575,59,2027-06-18,2026-09-22
730.0,649,70,2027-06-18,2026-09-22
740.0,310,91,2027-06-18,2026-09-22
750.0,2072,194,2027-06-18,2026-09-22
760.0,92,59,2027-06-18,2026-09-22
770.0,1126,12,2027-06-18,2026-09-22
780.0,673,28,2027-06-18,2026-09-22
790.0,123,51,2027-06-18,2026-09-22
800.0,2005,126,2027-06-18,2026-09-22
810.0,202,8,2027-06-18,2026-09-22
820.0,1466,28,2027-06-18,2026-09-22
830.0,439,68,2027-06-18,2026-09-22
840.0,1171,76,2027-06-18,2026-09-22
850.0,1811,10,2027-06-18,2026-09-22
860.0,369,8,2027-06-18,2026-09-22
870.0,568,44,2027-06-18,2026-09-22
880.0,390,14,2027-06-18,2026-09-22
890.0,317,8,2027-06-18,2026-09-22
900.0,1490,13,2027-06-18,2026-09-22
910.0,256,27,2027-06-18,2026-09-22
920.0,281,17,2027-06-18,2026-09-22
930.0,493,4,2027-06-18,2026-09-22
940.0,206,3,2027-06-18,2026-09-22
950.0,206,23,2027-06-18,2026-09-22
960.0,685,0,2027-06-18,2026-09-22
970.0,290,0,2027-06-18,2026-09-22
980.0,120,0,2027-06-18,2026-09-22
990.0,66,1,2027-06-18,2026-09-22
1000.0,1980,1,2027-06-18,2026-09-22
1010.0,190,0,2027-06-18,2026-09-22
1020.0,199,0,2027-06-18,2026-09-22
1030.0,215,0,2027-06-18,2026-09-22
1040.0,132,0,2027-06-18,2026-09-22
1050.0,2701,0,2027-06-18,2026-09-22
1060.0,230,0,2027-06-18,2026-09-22
1070.0,165,0,2027-06-18,2026-09-22
1080.0,412,0,2027-06-18,2026-09-22
1090.0,662,0,2027-06-18,2026-09-22
1100.0,3611,0,2027-06-18,2026-09-22
1110.0,465,0,2027-06-18,2026-09-22
1120.0,10562,5,2027-06-18,2026-09-22
431.59,0,80,2027-06-30,2026-09-22
485.54,0,80,2027-06-30,2026-09-22
25.0,3,85,2027-09-18,2026-09-22
30.0,4,33,2027-09-18,2026-09-22
35.0,1,174,2027-09-18,2026-09-22
40.0,0,91,2027-09-18,2026-09-22
45.0,2,27,2027-09-18,2026-09-22
50.0,2,25,2027-09-18,2026-09-22
55.0,1,56,2027-09-18,2026-09-22
60.0,3,146,2027-09-18,2026-09-22
65.0,2,87,2027-09-18,2026-09-22
70.0,1,196,2027-09-18,2026-09-22
75.0,10,48,2027-09-18,2026-09-22
80.0,3,102,2027-09-18,2026-09-22
85.0,2,77,2027-09-18,2026-09-22
90.0,12,160,2027-09-18,2026-09-22
95.0,46,58,2027-09-18,2026-09-22
100.0,6,125,2027-09-18,2026-09-22
105.0,56,259,2027-09-18,2026-09-22
110.0,21,111,2027-09-18,2026-09-22
115.0,20,117,2027-09-18,2026-09-22
120.0,23,100,2027-09-18,2026-09-22
125.0,38,676,2027-09-18,2026-09-22
130.0,10,59,2027-09-18,2026-09-22
135.0,17,183,2027-09-18,2026-09-22
140.0,31,376,2027-09-18,2026-09-22
145.0,18,92,2027-09-18,2026-09-22
150.0,76,1006,2027-09-18,2026-09-22
155.0,12,282,2027-09-18,2026-09-22
160.0,83,192,2027-09-18,2026-09-22
165.0,46,120,2027-09-18,2026-09-22
170.0,24,2050,2027-09-18,2026-09-22
175.0,16,275,2027-09-18,2026-09-22
180.0,92,388,2027-09-18,2026-09-22
185.0,44,45,2027-09-18,2026-09-22
190.0,72,106,2027-09-18,2026-09-22
195.0,115,1115,2027-09-18,2026-09-22
200.0,219,1253,2027-09-18,2026-09-22
210.0,268,194,2027-09-18,2026-09-22
220.0,78,2107,2027-09-18,2026-09-22
230.0,290,4060,2027-09-18,2026-09-22
240.0,151,4128,2027-09-18,2026-09-22
250.0,313,4088,2027-09-18,2026-09-22
260.0,225,361,2027-09-18,2026-09-22
270.0,220,719,2027-09-18,2026-09-22
280.0,220,912,2027-09-18,2026-09-22
290.0,80,3802,2027-09-18,2026-09-22
300.0,334,5246,2027-09-18,2026-09-22
310.0,96,1206,2027-09-18,2026-09-22
320.0,180,1260,2027-09-18,2026-09-22
330.0,165,2384,2027-09-18,2026-09-22
340.0,385,802,2027-09-18,2026-09-22
350.0,253,1099,2027-09-18,2026-09-22
360.0,177,565,2027-09-18,2026-09-22
370.0,189,1340,2027-09-18,2026-09-22
380.0,260,1102,2027-09-18,2026-09-22
390.0,1327,1063,2027-09-18,2026-09-22
400.0,2908,680,2027-09-18,2026-09-22
410.0,215,814,2027-09-18,2026-09-22
420.0,317,609,2027-09-18,2026-09-22
430.0,268,693,2027-09-18,2026-09-22
440.0,143,517,2027-09-18,2026-09-22
450.0,383,1148,2027-09-18,2026-09-22
460.0,348,505,2027-09-18,2026-09-22
470.0,222,349,2027-09-18,2026-09-22
480.0,380,233,2027-09-18,2026-09-22
490.0,279,140,2027-09-18,2026-09-22
500.0,395,232,2027-09-18,2026-09-22
510.0,238,135,2027-09-18,2026-09-22
520.0,203,105,2027-09-18,2026-09-22
530.0,670,181,2027-09-18,2026-09-22
540.0,635,52,2027-09-18,2026-09-22
550.0,200,1094,2027-09-18,2026-09-22
560.0,149,99,2027-09-18,2026-09-22
570.0,242,175,2027-09-18,2026-09-22
580.0,146,61,2027-09-18,2026-09-22
590.0,174,41,2027-09-18,2026-09-22
600.0,1044,359,2027-09-18,2026-09-22
610.0,303,356,2027-09-18,2026-09-22
620.0,115,42,2027-09-18,2026-09-22
630.0,506,29,2027-09-18,2026-09-22
640.0,331,25,2027-09-18,2026-09-22
650.0,335,14,2027-09-18,2026-09-22
660.0,166,47,2027-09-18,2026-09-22
670.0,243,16,2027-09-18,2026-09-22
680.0,158,12,2027-09-18,2026-09-22
690.0,438,1,2027-09-18,2026-09-22
700.0,1308,165,2027-09-18,2026-09-22
710.0,174,13,2027-09-18,2026-09-22
720.0,429,116,2027-09-18,2026-09-22
730.0,162,126,2027-09-18,2026-09-22
740.0,676,311,2027-09-18,2026-09-22
750.0,392,87,2027-09-18,2026-09-22
760.0,362,12,2027-09-18,2026-09-22
770.0,433,2,2027-09-18,2026-09-22
780.0,97,25,2027-09-18,2026-09-22
790.0,157,29,2027-09-18,2026-09-22
800.0,717,54,2027-09-18,2026-09-22
810.0,313,112,2027-09-18,2026-09-22
820.0,199,28,2027-09-18,2026-09-22
830.0,104,26,2027-09-18,2026-09-22
840.0,78,4,2027-09-18,2026-09-22
850.0,262,12,2027-09-18,2026-09-22
860.0,133,14,2027-09-18,2026-09-22
870.0,271,7,2027-09-18,2026-09-22
880.0,1018,33,2027-09-18,2026-09-22
890.0,449,57,2027-09-18,2026-09-22
900.0,174,15,2027-09-18,2026-09-22
910.0,243,58,2027-09-18,2026-09-22
920.0,37,38,2027-09-18,2026-09-22
930.0,89,4,2027-09-18,2026-09-22
940.0,263,7,2027-09-18,2026-09-22
950.0,752,5,2027-09-18,2026-09-22
960.0,211,8,2027-09-18,2026-09-22
970.0,2841,6,2027-09-18,2026-09-22
980.0,232,8,2027-09-18,2026-09-22
990.0,848,6,2027-09-18,2026-09-22
1000.0,440,11,2027-09-18,2026-09-22
1010.0,927,13,2027-09-18,2026-09-22
1020.0,2612,5,2027-09-18,2026-09-22
1030.0,1544,5,2027-09-18,2026-09-22
1040.0,590,0,2027-09-18,2026-09-22
1050.0,222,0,2027-09-18,2026-09-22
1060.0,171,0,2027-09-18,2026-09-22
1070.0,282,0,2027-09-18,2026-09-22
1080.0,1609,0,2027-09-18,2026-09-22
1090.0,484,0,2027-09-18,2026-09-22
1100.0,2163,0,2027-09-18,2026-09-22
1110.0,196,1,2027-09-18,2026-09-22
1120.0,9735,0,2027-09-18,2026-09-22
652.4,1039,0,2027-09-28,2026-09-22
5.0,4579,18,2027-12-18,2026-09-22
10.0,87,191,2027-12-18,2026-09-22
15.0,2,15,2027-12-18,2026-09-22
20.0,2,357,2027-12-18,2026-09-22
25.0,326,423,2027-12-18,2026-09-22
30.0,66,633,2027-12-18,2026-09-22
35.0,111,135,2027-12-18,2026-09-22
40.0,160,486,2027-12-18,2026-09-22
45.0,13,300,2027-12-18,2026-09-22
50.0,379,464,2027-12-18,2026-09-22
55.0,468,386,2027-12-18,2026-09-22
60.0,180,411,2027-12-18,2026-09-22
65.0,394,228,2027-12-18,2026-09-22
70.0,972,2126,2027-12-18,2026-09-22
75.0,171,1450,2027-12-18,2026-09-22
80.0,363,487,2027-12-18,2026-09-22
85.0,374,3039,2027-12-18,2026-09-22
90.0,579,1791,2027-12-18,2026-09-22
95.0,577,2007,2027-12-18,2026-09-22
100.0,854,3382,2027-12-18,2026-09-22
105.0,619,1184,2027-12-18,2026-09-22
110.0,554,725,2027-12-18,2026-09-22
115.0,630,2142,2027-12-18,2026-09-22
120.0,1173,2476,2027-12-18,2026-09-22
125.0,796,833,2027-12-18,2026-09-22
130.0,563,6785,2027-12-18,2026-09-22
135.0,516,1876,2027-12-18,2026-09-22
140.0,897,2458,2027-12-18,2026-09-22
145.0,564,631,2027-12-18,2026-09-22
150.0,3017,2662,2027-12-18,2026-09-22
155.0,529,632,2027-12-18,2026-09-22
160.0,862,1117,2027-12-18,2026-09-22
165.0,922,2040,2027-12-18,2026-09-22
170.0,1042,1064,2027-12-18,2026-09-22
175.0,759,1442,2027-12-18,2026-09-22
180.0,1269,1318,2027-12-18,2026-09-22
185.0,262,807,2027-12-18,2026-09-22
190.0,438,866,2027-12-18,2026-09-22
194.29,28,28,2027-12-18,2026-09-22
195.0,2639,526,2027-12-18,2026-09-22
200.0,4030,2455,2027-12-18,2026-09-22
210.0,1543,2792,2027-12-18,2026-09-22
220.0,1028,3840,2027-12-18,2026-09-22
230.0,1074,1892,2027-12-18,2026-09-22
240.0,447,1940,2027-12-18,2026-09-22
250.0,1159,5987,2027-12-18,2026-09-22
260.0,1305,1962,2027-12-18,2026-09-22
270.0,690,4128,2027-12-18,2026-09-22
280.0,1056,949,2027-12-18,2026-09-22
290.0,478,280,2027-12-18,2026-09-22
300.0,1938,2556,2027-12-18,2026-09-22
310.0,731,735,2027-12-18,2026-09-22
320.0,991,3651,2027-12-18,2026-09-22
330.0,958,583,2027-12-18,2026-09-22
340.0,424,1796,2027-12-18,2026-09-22
350.0,1369,1233,2027-12-18,2026-09-22
360.0,1485,196,2027-12-18,2026-09-22
370.0,953,488,2027-12-18,2026-09-22
380.0,498,414,2027-12-18,2026-09-22
390.0,334,134,2027-12-18,2026-09-22
400.0,1386,731,2027-12-18,2026-09-22
410.0,315,707,2027-12-18,2026-09-22
420.0,406,1757,2027-12-18,2026-09-22
430.0,316,286,2027-12-18,2026-09-22
440.0,257,744,2027-12-18,2026-09-22
450.0,512,786,2027-12-18,2026-09-22
460.0,176,135,2027-12-18,2026-09-22
470.0,362,439,2027-12-18,2026-09-22
480.0,498,207,2027-12-18,2026-09-22
490.0,678,273,2027-12-18,2026-09-22
500.0,1618,285,2027-12-18,2026-09-22
510.0,1684,167,2027-12-18,2026-09-22
520.0,927,116,2027-12-18,2026-09-22
530.0,1466,52,2027-12-18,2026-09-22
540.0,181,58,2027-12-18,2026-09-22
550.0,1135,590,2027-12-18,2026-09-22
560.0,539,71,2027-12-18,2026-09-22
570.0,159,54,2027-12-18,2026-09-22
580.0,156,249,2027-12-18,2026-09-22
590.0,137,71,2027-12-18,2026-09-22
600.0,1810,366,2027-12-18,2026-09-22
610.0,206,26,2027-12-18,2026-09-22
620.0,288,161,2027-12-18,2026-09-22
630.0,469,349,2027-12-18,2026-09-22
640.0,260,26,2027-12-18,2026-09-22
650.0,287,107,2027-12-18,2026-09-22
660.0,168,13,2027-12-18,2026-09-22
670.0,145,49,2027-12-18,2026-09-22
680.0,215,61,2027-12-18,2026-09-22
690.0,192,16,2027-12-18,2026-09-22
700.0,1935,170,2027-12-18,2026-09-22
710.0,189,54,2027-12-18,2026-09-22
720.0,195,9,2027-12-18,2026-09-22
730.0,1152,40,2027-12-18,2026-09-22
740.0,600,27,2027-12-18,2026-09-22
750.0,1652,119,2027-12-18,2026-09-22
760.0,363,9,2027-12-18,2026-09-22
770.0,109,16,2027-12-18,2026-09-22
780.0,96,8,2027-12-18,2026-09-22
790.0,324,85,2027-12-18,2026-09-22
800.0,2337,12,2027-12-18,2026-09-22
810.0,177,9,2027-12-18,2026-09-22
820.0,110,7,2027-12-18,2026-09-22
830.0,63,22,2027-12-18,2026-09-22
840.0,144,12,2027-12-18,2026-09-22
850.0,404,132,2027-12-18,2026-09-22
860.0,199,49,2027-12-18,2026-09-22
870.0,86,70,2027-12-18,2026-09-22
880.0,247,20,2027-12-18,2026-09-22
890.0,104,10,2027-12-18,2026-09-22
900.0,1811,21,2027-12-18,2026-09-22
910.0,263,99,2027-12-18,2026-09-22
920.0,228,41,2027-12-18,2026-09-22
930.0,311,34,2027-12-18,2026-09-22
940.0,118,12,2027-12-18,2026-09-22
950.0,997,14,2027-12-18,2026-09-22
960.0,69,41,2027-12-18,2026-09-22
970.0,23,8,2027-12-18,2026-09-22
980.0,167,20,2027-12-18,2026-09-22
990.0,1095,9,2027-12-18,2026-09-22
1000.0,322,96,2027-12-18,2026-09-22
1010.0,119,16,2027-12-18,2026-09-22
1020.0,516,69,2027-12-18,2026-09-22
1030.0,106,42,2027-12-18,2026-09-22
1040.0,138,37,2027-12-18,2026-09-22
1050.0,608,43,2027-12-18,2026-09-22
1060.0,390,24,2027-12-18,2026-09-22
1070.0,264,11,2027-12-18,2026-09-22
1080.0,161,2,2027-12-18,2026-09-22
1090.0,219,13,2027-12-18,2026-09-22
1100.0,209,1,2027-12-18,2026-09-22
1110.0,3214,2,2027-12-18,2026-09-22
1120.0,8802,0,2027-12-18,2026-09-22
5.0,10414,1096,2028-01-22,2026-09-22
10.0,101,224,2028-01-22,2026-09-22
15.0,11,11,2028-01-22,2026-09-22
20.0,0,38,2028-01-22,2026-09-22
25.0,57,253,2028-01-22,2026-09-22
30.0,7,52,2028-01-22,2026-09-22
35.0,43,60,2028-01-22,2026-09-22
40.0,186,126,2028-01-22,2026-09-22
45.0,143,56,2028-01-22,2026-09-22
50.0,274,115,2028-01-22,2026-09-22
55.0,150,71,2028-01-22,2026-09-22
60.0,131,108,2028-01-22,2026-09-22
65.0,5,74,2028-01-22,2026-09-22
70.0,249,600,2028-01-22,2026-09-22
75.0,101,208,2028-01-22,2026-09-22
80.0,99,434,2028-01-22,2026-09-22
85.0,154,801,2028-01-22,2026-09-22
90.0,199,92,2028-01-22,2026-09-22
95.0,149,271,2028-01-22,2026-09-22
100.0,1252,2397,2028-01-22,2026-09-22
105.0,397,949,2028-01-22,2026-09-22
110.0,250,2074,2028-01-22,2026-09-22
115.0,231,242,2028-01-22,2026-09-22
120.0,184,1421,2028-01-22,2026-09-22
125.0,246,398,2028-01-22,2026-09-22
130.0,249,3329,2028-01-22,2026-09-22
135.0,114,298,2028-01-22,2026-09-22
140.0,284,3106,2028-01-22,2026-09-22
145.0,105,516,2028-01-22,2026-09-22
150.0,1000,3029,2028-01-22,2026-09-22
155.0,187,375,2028-01-22,2026-09-22
160.0,359,2118,2028-01-22,2026-09-22
165.0,241,778,2028-01-22,2026-09-22
170.0,651,2317,2028-01-22,2026-09-22
175.0,319,910,2028-01-22,2026-09-22
180.0,321,3037,2028-01-22,2026-09-22
185.0,170,1195,2028-01-22,2026-09-22
190.0,591,907,2028-01-22,2026-09-22
195.0,503,1365,2028-01-22,2026-09-22
200.0,3594,3498,2028-01-22,2026-09-22
210.0,1000,1000,2028-01-22,2026-09-22
210.0,561,3258,2028-01-22,2026-09-22
220.0,1014,2084,2028-01-22,2026-09-22
230.0,1139,1224,2028-01-22,2026-09-22
240.0,1216,4941,2028-01-22,2026-09-22
250.0,4158,4735,2028-01-22,2026-09-22
260.0,2551,3283,2028-01-22,2026-09-22
270.0,635,3929,2028-01-22,2026-09-22
280.0,462,3277,2028-01-22,2026-09-22
290.0,693,1609,2028-01-22,2026-09-22
300.0,3045,11021,2028-01-22,2026-09-22
310.0,988,294,2028-01-22,2026-09-22
320.0,628,4162,2028-01-22,2026-09-22
330.0,404,2286,2028-01-22,2026-09-22
340.0,418,4647,2028-01-22,2026-09-22
350.0,1719,4537,2028-01-22,2026-09-22
360.0,649,1863,2028-01-22,2026-09-22
370.0,337,1202,2028-01-22,2026-09-22
380.0,370,1884,2028-01-22,2026-09-22
390.0,459,394,2028-01-22,2026-09-22
400.0,1883,3675,2028-01-22,2026-09-22
410.0,1267,548,2028-01-22,2026-09-22
420.0,510,410,2028-01-22,2026-09-22
430.0,395,2175,2028-01-22,2026-09-22
440.0,378,2194,2028-01-22,2026-09-22
450.0,1834,2974,2028-01-22,2026-09-22
460.0,1339,384,2028-01-22,2026-09-22
470.0,508,2244,2028-01-22,2026-09-22
480.0,1161,335,2028-01-22,2026-09-22
490.0,653,266,2028-01-22,2026-09-22
500.0,3421,1413,2028-01-22,2026-09-22
510.0,506,575,2028-01-22,2026-09-22
520.0,1896,2537,2028-01-22,2026-09-22
530.0,3556,2302,2028-01-22,2026-09-22
540.0,166,45,2028-01-22,2026-09-22
550.0,511,577,2028-01-22,2026-09-22
560.0,399,96,2028-01-22,2026-09-22
570.0,470,212,2028-01-22,2026-09-22
580.0,198,91,2028-01-22,2026-09-22
590.0,214,64,2028-01-22,2026-09-22
600.0,2466,1367,2028-01-22,2026-09-22
610.0,99,53,2028-01-22,2026-09-22
620.0,353,33,2028-01-22,2026-09-22
630.0,116,41,2028-01-22,2026-09-22
640.0,236,113,2028-01-22,2026-09-22
650.0,725,484,2028-01-22,2026-09-22
660.0,2170,61,2028-01-22,2026-09-22
670.0,101,48,2028-01-22,2026-09-22
680.0,296,51,2028-01-22,2026-09-22
690.0,257,50,2028-01-22,2026-09-22
700.0,1581,147,2028-01-22,2026-09-22
710.0,288,27,2028-01-22,2026-09-22
720.0,380,24,2028-01-22,2026-09-22
730.0,140,35,2028-01-22,2026-09-22
740.0,690,65,2028-01-22,2026-09-22
750.0,373,23,2028-01-22,2026-09-22
760.0,230,29,2028-01-22,2026-09-22
770.0,529,50,2028-01-22,2026-09-22
780.0,83,27,2028-01-22,2026-09-22
790.0,125,9,2028-01-22,2026-09-22
800.0,2762,77,2028-01-22,2026-09-22
810.0,434,126,2028-01-22,2026-09-22
820.0,208,92,2028-01-22,2026-09-22
830.0,234,157,2028-01-22,2026-09-22
840.0,136,70,2028-01-22,2026-09-22
850.0,3813,17,2028-01-22,2026-09-22
860.0,483,99,2028-01-22,2026-09-22
870.0,264,16,2028-01-22,2026-09-22
880.0,157,70,2028-01-22,2026-09-22
890.0,51,131,2028-01-22,2026-09-22
900.0,680,34,2028-01-22,2026-09-22
910.0,143,117,2028-01-22,2026-09-22
920.0,588,29,2028-01-22,2026-09-22
930.0,372,11,2028-01-22,2026-09-22
940.0,43,90,2028-01-22,2026-09-22
950.0,197,59,2028-01-22,2026-09-22
960.0,192,44,2028-01-22,2026-09-22
970.0,127,5,2028-01-22,2026-09-22
980.0,158,25,2028-01-22,2026-09-22
990.0,119,81,2028-01-22,2026-09-22
1000.0,3548,45,2028-01-22,2026-09-22
1010.0,426,89,2028-01-22,2026-09-22
1020.0,101,131,2028-01-22,2026-09-22
1030.0,1153,62,2028-01-22,2026-09-22
1040.0,162,79,2028-01-22,2026-09-22
1050.0,241,73,2028-01-22,2026-09-22
1060.0,130,69,2028-01-22,2026-09-22
1070.0,96,9,2028-01-22,2026-09-22
1080.0,282,7,2028-01-22,2026-09-22
1090.0,239,21,2028-01-22,2026-09-22
1100.0,1312,8,2028-01-22,2026-09-22
1110.0,2846,3,2028-01-22,2026-09-22
1120.0,11556,8,2028-01-22,2026-09-22
900.0,183,0,2028-02-29,2026-09-22
5.0,126,48,2028-06-17,2026-09-22
10.0,0,3,2028-06-17,2026-09-22
15.0,0,0,2028-06-17,2026-09-22
20.0,0,0,2028-06-17,2026-09-22
25.0,0,4,2028-06-17,2026-09-22
30.0,1,7,2028-06-17,2026-09-22
35.0,1,4,2028-06-17,2026-09-22
40.0,2,12,2028-06-17,2026-09-22
45.0,0,10,2028-06-17,2026-09-22
50.0,0,47,2028-06-17,2026-09-22
55.0,0,37,2028-06-17,2026-09-22
60.0,0,8,2028-06-17,2026-09-22
65.0,1,35,2028-06-17,2026-09-22
70.0,1,381,2028-06-17,2026-09-22
75.0,0,1222,2028-06-17,2026-09-22
80.0,0,433,2028-06-17,2026-09-22
85.0,3,293,2028-06-17,2026-09-22
90.0,1,57,2028-06-17,2026-09-22
95.0,6,343,2028-06-17,2026-09-22
100.0,2,482,2028-06-17,2026-09-22
105.0,20,207,2028-06-17,2026-09-22
110.0,74,424,2028-06-17,2026-09-22
115.0,100,449,2028-06-17,2026-09-22
120.0,56,113,2028-06-17,2026-09-22
125.0,82,202,2028-06-17,2026-09-22
130.0,34,324,2028-06-17,2026-09-22
135.0,43,21,2028-06-17,2026-09-22
140.0,28,82,2028-06-17,2026-09-22
145.0,63,14,2028-06-17,2026-09-22
150.0,28,398,2028-06-17,2026-09-22
155.0,27,177,2028-06-17,2026-09-22
160.0,29,240,2028-06-17,2026-09-22
165.0,5,123,2028-06-17,2026-09-22
170.0,61,246,2028-06-17,2026-09-22
175.0,239,217,2028-06-17,2026-09-22
180.0,28,47,2028-06-17,2026-09-22
185.0,8,163,2028-06-17,2026-09-22
190.0,30,63,2028-06-17,2026-09-22
195.0,5,229,2028-06-17,2026-09-22
200.0,33,1618,2028-06-17,2026-09-22
210.0,24,27,2028-06-17,2026-09-22
220.0,32,160,2028-06-17,2026-09-22
230.0,34,145,2028-06-17,2026-09-22
240.0,86,498,2028-06-17,2026-09-22
250.0,54,1244,2028-06-17,2026-09-22
260.0,42,2465,2028-06-17,2026-09-22
270.0,101,555,2028-06-17,2026-09-22
280.0,26,1023,2028-06-17,2026-09-22
290.0,77,296,2028-06-17,2026-09-22
300.0,190,7037,2028-06-17,2026-09-22
310.0,94,79,2028-06-17,2026-09-22
320.0,352,2529,2028-06-17,2026-09-22
330.0,116,175,2028-06-17,2026-09-22
340.0,87,1022,2028-06-17,2026-09-22
350.0,79,344,2028-06-17,2026-09-22
360.0,74,116,2028-06-17,2026-09-22
370.0,265,215,2028-06-17,2026-09-22
380.0,79,62,2028-06-17,2026-09-22
390.0,217,590,2028-06-17,2026-09-22
400.0,206,411,2028-06-17,2026-09-22
410.0,107,133,2028-06-17,2026-09-22
420.0,59,63,2028-06-17,2026-09-22
430.0,287,48,2028-06-17,2026-09-22
440.0,137,65,2028-06-17,2026-09-22
450.0,246,793,2028-06-17,2026-09-22
460.0,85,102,2028-06-17,2026-09-22
470.0,234,233,2028-06-17,2026-09-22
480.0,48,67,2028-06-17,2026-09-22
490.0,349,194,2028-06-17,2026-09-22
500.0,858,454,2028-06-17,2026-09-22
510.0,150,234,2028-06-17,2026-09-22
520.0,107,480,2028-06-17,2026-09-22
530.0,119,224,2028-06-17,2026-09-22
540.0,240,435,2028-06-17,2026-09-22
550.0,241,638,2028-06-17,2026-09-22
560.0,78,60,2028-06-17,2026-09-22
570.0,118,26,2028-06-17,2026-09-22
580.0,136,89,2028-06-17,2026-09-22
590.0,224,23,2028-06-17,2026-09-22
600.0,454,49,2028-06-17,2026-09-22
610.0,55,90,2028-06-17,2026-09-22
620.0,1848,119,2028-06-17,2026-09-22
630.0,114,30,2028-06-17,2026-09-22
640.0,134,4,2028-06-17,2026-09-22
650.0,603,150,2028-06-17,2026-09-22
660.0,1115,61,2028-06-17,2026-09-22
670.0,94,71,2028-06-17,2026-09-22
680.0,83,84,2028-06-17,2026-09-22
690.0,386,7,2028-06-17,2026-09-22
700.0,797,119,2028-06-17,2026-09-22
710.0,459,49,2028-06-17,2026-09-22
720.0,994,15,2028-06-17,2026-09-22
730.0,202,113,2028-06-17,2026-09-22
740.0,128,78,2028-06-17,2026-09-22
750.0,325,30,2028-06-17,2026-09-22
760.0,518,98,2028-06-17,2026-09-22
770.0,214,5,2028-06-17,2026-09-22
780.0,369,6,2028-06-17,2026-09-22
790.0,80,4,2028-06-17,2026-09-22
800.0,1407,16,2028-06-17,2026-09-22
810.0,168,16,2028-06-17,2026-09-22
820.0,359,50,2028-06-17,2026-09-22
830.0,117,23,2028-06-17,2026-09-22
840.0,207,14,2028-06-17,2026-09-22
850.0,489,6,2028-06-17,2026-09-22
860.0,210,22,2028-06-17,2026-09-22
870.0,95,3,2028-06-17,2026-09-22
880.0,244,29,2028-06-17,2026-09-22
890.0,175,17,2028-06-17,2026-09-22
900.0,407,19,2028-06-17,2026-09-22
910.0,216,3,2028-06-17,2026-09-22
920.0,122,13,2028-06-17,2026-09-22
930.0,331,5,2028-06-17,2026-09-22
940.0,200,5,2028-06-17,2026-09-22
950.0,92,41,2028-06-17,2026-09-22
960.0,169,39,2028-06-17,2026-09-22
970.0,127,48,2028-06-17,2026-09-22
980.0,301,42,2028-06-17,2026-09-22
990.0,133,289,2028-06-17,2026-09-22
1000.0,1374,52,2028-06-17,2026-09-22
1010.0,1601,115,2028-06-17,2026-09-22
1020.0,86,89,2028-06-17,2026-09-22
1030.0,87,38,2028-06-17,2026-09-22
1040.0,287,128,2028-06-17,2026-09-22
1050.0,249,177,2028-06-17,2026-09-22
1060.0,94,27,2028-06-17,2026-09-22
1070.0,78,60,2028-06-17,2026-09-22
1080.0,209,2,2028-06-17,2026-09-22
1090.0,182,35,2028-06-17,2026-09-22
1100.0,1711,44,2028-06-17,2026-09-22
1110.0,387,16,2028-06-17,2026-09-22
1120.0,7494,51,2028-06-17,2026-09-22
5.0,20058,611,2028-12-16,2026-09-22
10.0,32,317,2028-12-16,2026-09-22
15.0,25,20,2028-12-16,2026-09-22
20.0,16,52,2028-12-16,2026-09-22
25.0,44,102,2028-12-16,2026-09-22
30.0,9,332,2028-12-16,2026-09-22
35.0,4,31,2028-12-16,2026-09-22
40.0,7,139,2028-12-16,2026-09-22
45.0,3,248,2028-12-16,2026-09-22
50.0,11,272,2028-12-16,2026-09-22
55.0,1,200,2028-12-16,2026-09-22
60.0,9,446,2028-12-16,2026-09-22
65.0,6,232,2028-12-16,2026-09-22
70.0,8,159,2028-12-16,2026-09-22
75.0,8,276,2028-12-16,2026-09-22
80.0,40,300,2028-12-16,2026-09-22
85.0,50,831,2028-12-16,2026-09-22
90.0,73,231,2028-12-16,2026-09-22
95.0,57,1135,2028-12-16,2026-09-22
100.0,393,1248,2028-12-16,2026-09-22
105.0,463,426,2028-12-16,2026-09-22
110.0,337,335,2028-12-16,2026-09-22
115.0,1238,137,2028-12-16,2026-09-22
120.0,92,661,2028-12-16,2026-09-22
125.0,70,248,2028-12-16,2026-09-22
130.0,105,2192,2028-12-16,2026-09-22
135.0,76,839,2028-12-16,2026-09-22
140.0,251,625,2028-12-16,2026-09-22
145.0,131,949,2028-12-16,2026-09-22
150.0,626,1485,2028-12-16,2026-09-22
155.0,139,894,2028-12-16,2026-09-22
160.0,176,3018,2028-12-16,2026-09-22
165.0,103,929,2028-12-16,2026-09-22
170.0,183,2299,2028-12-16,2026-09-22
175.0,187,484,2028-12-16,2026-09-22
180.0,363,491,2028-12-16,2026-09-22
185.0,298,266,2028-12-16,2026-09-22
190.0,395,1148,2028-12-16,2026-09-22
195.0,375,999,2028-12-16,2026-09-22
200.0,1322,3138,2028-12-16,2026-09-22
210.0,801,1067,2028-12-16,2026-09-22
220.0,754,800,2028-12-16,2026-09-22
230.0,572,403,2028-12-16,2026-09-22
240.0,437,741,2028-12-16,2026-09-22
250.0,1099,4658,2028-12-16,2026-09-22
260.0,590,567,2028-12-16,2026-09-22
270.0,440,995,2028-12-16,2026-09-22
280.0,277,546,2028-12-16,2026-09-22
290.0,384,2281,2028-12-16,2026-09-22
300.0,1371,1771,2028-12-16,2026-09-22
310.0,541,562,2028-12-16,2026-09-22
320.0,505,773,2028-12-16,2026-09-22
330.0,420,508,2028-12-16,2026-09-22
340.0,453,452,2028-12-16,2026-09-22
350.0,1156,2713,2028-12-16,2026-09-22
360.0,455,1179,2028-12-16,2026-09-22
370.0,371,507,2028-12-16,2026-09-22
380.0,267,502,2028-12-16,2026-09-22
390.0,209,527,2028-12-16,2026-09-22
400.0,1383,1881,2028-12-16,2026-09-22
410.0,244,475,2028-12-16,2026-09-22
420.0,449,340,2028-12-16,2026-09-22
430.0,421,347,2028-12-16,2026-09-22
440.0,587,468,2028-12-16,2026-09-22
450.0,1022,2105,2028-12-16,2026-09-22
460.0,616,1006,2028-12-16,2026-09-22
470.0,348,399,2028-12-16,2026-09-22
480.0,765,256,2028-12-16,2026-09-22
490.0,667,322,2028-12-16,2026-09-22
500.0,3628,1381,2028-12-16,2026-09-22
510.0,867,666,2028-12-16,2026-09-22
520.0,476,466,2028-12-16,2026-09-22
530.0,291,215,2028-12-16,2026-09-22
540.0,226,386,2028-12-16,2026-09-22
550.0,1495,504,2028-12-16,2026-09-22
560.0,709,163,2028-12-16,2026-09-22
570.0,56,0,2028-12-16,2026-09-22
570.0,486,133,2028-12-16,2026-09-22
580.0,276,72,2028-12-16,2026-09-22
590.0,195,464,2028-12-16,2026-09-22
600.0,2846,530,2028-12-16,2026-09-22
610.0,180,222,2028-12-16,2026-09-22
620.0,393,103,2028-12-16,2026-09-22
630.0,120,34,2028-12-16,2026-09-22
640.0,323,43,2028-12-16,2026-09-22
650.0,351,73,2028-12-16,2026-09-22
660.0,445,86,2028-12-16,2026-09-22
670.0,478,45,2028-12-16,2026-09-22
680.0,339,67,2028-12-16,2026-09-22
690.0,463,68,2028-12-16,2026-09-22
700.0,3447,412,2028-12-16,2026-09-22
710.0,206,119,2028-12-16,2026-09-22
720.0,1884,39,2028-12-16,2026-09-22
730.0,558,62,2028-12-16,2026-09-22
740.0,191,34,2028-12-16,2026-09-22
750.0,1201,292,2028-12-16,2026-09-22
760.0,1153,58,2028-12-16,2026-09-22
770.0,308,32,2028-12-16,2026-09-22
780.0,331,17,2028-12-16,2026-09-22
790.0,411,19,2028-12-16,2026-09-22
800.0,1730,123,2028-12-16,2026-09-22
810.0,656,113,2028-12-16,2026-09-22
820.0,1203,14,2028-12-16,2026-09-22
830.0,264,62,2028-12-16,2026-09-22
840.0,182,56,2028-12-16,2026-09-22
850.0,851,96,2028-12-16,2026-09-22
860.0,2557,52,2028-12-16,2026-09-22
870.0,339,37,2028-12-16,2026-09-22
880.0,550,60,2028-12-16,2026-09-22
890.0,456,31,2028-12-16,2026-09-22
900.0,1197,83,2028-12-16,2026-09-22
910.0,1111,54,2028-12-16,2026-09-22
920.0,1133,62,2028-12-16,2026-09-22
930.0,642,178,2028-12-16,2026-09-22
940.0,141,107,2028-12-16,2026-09-22
950.0,699,120,2028-12-16,2026-09-22
960.0,478,78,2028-12-16,2026-09-22
970.0,168,92,2028-12-16,2026-09-22
980.0,140,37,2028-12-16,2026-09-22
990.0,821,123,2028-12-16,2026-09-22
1000.0,1249,101,2028-12-16,2026-09-22
1010.0,399,113,2028-12-16,2026-09-22
1020.0,124,56,2028-12-16,2026-09-22
1030.0,163,132,2028-12-16,2026-09-22
1040.0,69,125,2028-12-16,2026-09-22
1050.0,732,109,2028-12-16,2026-09-22
1060.0,167,66,2028-12-16,2026-09-22
1070.0,256,72,2028-12-16,2026-09-22
1080.0,316,255,2028-12-16,2026-09-22
1090.0,1040,172,2028-12-16,2026-09-22
1100.0,602,352,2028-12-16,2026-09-22
1110.0,651,231,2028-12-16,2026-09-22
1120.0,4201,326,2028-12-16,2026-09-22
5.0,83,0,2029-01-20,2026-09-22
10.0,0,0,2029-01-20,2026-09-22
15.0,0,0,2029-01-20,2026-09-22
20.0,0,0,2029-01-20,2026-09-22
25.0,0,0,2029-01-20,2026-09-22
30.0,0,0,2029-01-20,2026-09-22
35.0,0,0,2029-01-20,2026-09-22
40.0,0,0,2029-01-20,2026-09-22
45.0,0,0,2029-01-20,2026-09-22
50.0,0,1,2029-01-20,2026-09-22
55.0,0,0,2029-01-20,2026-09-22
60.0,0,0,2029-01-20,2026-09-22
65.0,0,0,2029-01-20,2026-09-22
70.0,0,0,2029-01-20,2026-09-22
75.0,0,0,2029-01-20,2026-09-22
80.0,0,0,2029-01-20,2026-09-22
85.0,0,36,2029-01-20,2026-09-22
90.0,0,1,2029-01-20,2026-09-22
95.0,0,0,2029-01-20,2026-09-22
100.0,0,6,2029-01-20,2026-09-22
105.0,0,3,2029-01-20,2026-09-22
110.0,3,2,2029-01-20,2026-09-22
115.0,0,0,2029-01-20,2026-09-22
120.0,0,2,2029-01-20,2026-09-22
125.0,0,0,2029-01-20,2026-09-22
130.0,0,0,2029-01-20,2026-09-22
135.0,4,1,2029-01-20,2026-09-22
140.0,4,2,2029-01-20,2026-09-22
145.0,0,0,2029-01-20,2026-09-22
150.0,1,1,2029-01-20,2026-09-22
155.0,0,1,2029-01-20,2026-09-22
160.0,14,13,2029-01-20,2026-09-22
165.0,1,0,2029-01-20,2026-09-22
170.0,0,0,2029-01-20,2026-09-22
175.0,0,1,2029-01-20,2026-09-22
180.0,3,1,2029-01-20,2026-09-22
185.0,20,0,2029-01-20,2026-09-22
190.0,2,2,2029-01-20,2026-09-22
195.0,20,0,2029-01-20,2026-09-22
200.0,80,1,2029-01-20,2026-09-22
210.0,52,11,2029-01-20,2026-09-22
220.0,63,3,2029-01-20,2026-09-22
230.0,33,5,2029-01-20,2026-09-22
240.0,22,5,2029-01-20,2026-09-22
250.0,10,22,2029-01-20,2026-09-22
260.0,17,31,2029-01-20,2026-09-22
270.0,3,2,2029-01-20,2026-09-22
280.0,7,16,2029-01-20,2026-09-22
290.0,0,1,2029-01-20,2026-09-22
300.0,15,14,2029-01-20,2026-09-22
310.0,3,55,2029-01-20,2026-09-22
320.0,14,34,2029-01-20,2026-09-22
330.0,2,4,2029-01-20,2026-09-22
340.0,1,52,2029-01-20,2026-09-22
350.0,5,10,2029-01-20,2026-09-22
360.0,31,123,2029-01-20,2026-09-22
370.0,19,10,2029-01-20,2026-09-22
380.0,2,8,2029-01-20,2026-09-22
390.0,4,51,2029-01-20,2026-09-22
400.0,17,63,2029-01-20,2026-09-22
410.0,5,32,2029-01-20,2026-09-22
420.0,30,111,2029-01-20,2026-09-22
430.0,25,118,2029-01-20,2026-09-22
440.0,3,2,2029-01-20,2026-09-22
450.0,8,207,2029-01-20,2026-09-22
460.0,10,3,2029-01-20,2026-09-22
470.0,4,12,2029-01-20,2026-09-22
480.0,6,7,2029-01-20,2026-09-22
490.0,7,17,2029-01-20,2026-09-22
500.0,33,21,2029-01-20,2026-09-22
510.0,16,6,2029-01-20,2026-09-22
520.0,7,13,2029-01-20,2026-09-22
530.0,10,7,2029-01-20,2026-09-22
540.0,11,8,2029-01-20,2026-09-22
550.0,48,7,2029-01-20,2026-09-22
560.0,14,11,2029-01-20,2026-09-22
570.0,471,3,2029-01-20,2026-09-22
580.0,8,2,2029-01-20,2026-09-22
590.0,6,2,2029-01-20,2026-09-22
600.0,73,13,2029-01-20,2026-09-22
610.0,89,22,2029-01-20,2026-09-22
620.0,80,13,2029-01-20,2026-09-22
630.0,18,0,2029-01-20,2026-09-22
640.0,36,18,2029-01-20,2026-09-22
650.0,24,3,2029-01-20,2026-09-22
660.0,13,27,2029-01-20,2026-09-22
670.0,1,0,2029-01-20,2026-09-22
680.0,33,0,2029-01-20,2026-09-22
690.0,30,30,2029-01-20,2026-09-22
700.0,257,4,2029-01-20,2026-09-22
710.0,4,0,2029-01-20,2026-09-22
720.0,10,0,2029-01-20,2026-09-22
730.0,0,0,2029-01-20,2026-09-22
740.0,6,0,2029-01-20,2026-09-22
750.0,14,9,2029-01-20,2026-09-22
760.0,31,5,2029-01-20,2026-09-22
770.0,4,5,2029-01-20,2026-09-22
780.0,4,1,2029-01-20,2026-09-22
790.0,0,5,2029-01-20,2026-09-22
800.0,54,5,2029-01-20,2026-09-22
810.0,1,0,2029-01-20,2026-09-22
820.0,4,1,2029-01-20,2026-09-22
830.0,1,0,2029-01-20,2026-09-22
840.0,0,0,2029-01-20,2026-09-22
850.0,4,0,2029-01-20,2026-09-22
860.0,2,1,2029-01-20,2026-09-22
870.0,0,0,2029-01-20,2026-09-22
880.0,1,1,2029-01-20,2026-09-22
890.0,0,0,2029-01-20,2026-09-22
900.0,21,5,2029-01-20,2026-09-22
910.0,0,0,2029-01-20,2026-09-22
920.0,0,0,2029-01-20,2026-09-22
930.0,1,0,2029-01-20,2026-09-22
940.0,2,0,2029-01-20,2026-09-22
950.0,14,0,2029-01-20,2026-09-22
960.0,5,0,2029-01-20,2026-09-22
970.0,2,0,2029-01-20,2026-09-22
980.0,371,1,2029-01-20,2026-09-22
212.71,114,114,2029-12-22,2026-09-22
295.0,120,0,2030-01-19,2026-09-22
295.0,110,0,2031-01-18,2026-09-22
