Strike,Call,Put,Expiry,Date
5.0,0,169,2026-09-19,2026-09-21
10.0,0,33,2026-09-19,2026-09-21
15.0,0,26,2026-09-19,2026-09-21
20.0,0,22,2026-09-19,2026-09-21
25.0,0,21,2026-09-19,2026-09-21
30.0,0,88,2026-09-19,2026-09-21
35.0,0,590,2026-09-19,2026-09-21
40.0,0,562,2026-09-19,2026-09-21
45.0,0,119,2026-09-19,2026-09-21
50.0,0,462,2026-09-19,2026-09-21
55.0,0,533,2026-09-19,2026-09-21
60.0,0,896,2026-09-19,2026-09-21
65.0,0,1242,2026-09-19,2026-09-21
70.0,0,315,2026-09-19,2026-09-21
75.0,0,430,2026-09-19,2026-09-21
80.0,0,654,2026-09-19,2026-09-21
85.0,0,623,2026-09-19,2026-09-21
90.0,0,649,2026-09-19,2026-09-21
95.0,0,622,2026-09-19,2026-09-21
100.0,0,2672,2026-09-19,2026-09-21
105.0,0,2249,2026-09-19,2026-09-21
110.0,0,3233,2026-09-19,2026-09-21
115.0,0,9186,2026-09-19,2026-09-21
120.0,0,3226,2026-09-19,2026-09-21
125.0,0,2600,2026-09-19,2026-09-21
130.0,0,3265,2026-09-19,2026-09-21
135.0,0,1489,2026-09-19,2026-09-21
140.0,0,16496,2026-09-19,2026-09-21
145.0,0,8253,2026-09-19,2026-09-21
150.0,0,10411,2026-09-19,2026-09-21
155.0,0,3874,2026-09-19,2026-09-21
160.0,0,11898,2026-09-19,2026-09-21
165.0,0,3718,2026-09-19,2026-09-21
170.0,0,7144,2026-09-19,2026-09-21
175.0,0,3576,2026-09-19,2026-09-21
180.0,0,8146,2026-09-19,2026-09-21
185.0,0,2059,2026-09-19,2026-09-21
190.0,0,2305,2026-09-19,2026-09-21
195.0,0,2253,2026-09-19,2026-09-21
200.0,0,0,2026-09-19,2026-09-21
200.0,0,15709,2026-09-19,2026-09-21
210.0,0,5269,2026-09-19,2026-09-21
220.0,0,0,2026-09-19,2026-09-21
220.0,0,4024,2026-09-19,2026-09-21
225.0,0,5000,2026-09-19,2026-09-21
230.0,0,3020,2026-09-19,2026-09-21
240.0,0,1882,2026-09-19,2026-09-21
250.0,0,5460,2026-09-19,2026-09-21
260.0,0,3520,2026-09-19,2026-09-21
270.0,0,3179,2026-09-19,2026-09-21
280.0,0,3131,2026-09-19,2026-09-21
290.0,0,2660,2026-09-19,2026-09-21
300.0,0,10488,2026-09-19,2026-09-21
310.0,0,809,2026-09-19,2026-09-21
320.0,0,6160,2026-09-19,2026-09-21
330.0,0,2331,2026-09-19,2026-09-21
340.0,0,5536,2026-09-19,2026-09-21
350.0,0,0,2026-09-19,2026-09-21
350.0,0,8122,2026-09-19,2026-09-21
360.0,0,2727,2026-09-19,2026-09-21
370.0,0,4864,2026-09-19,2026-09-21
380.0,0,1447,2026-09-19,2026-09-21
380.0,0,5380,2026-09-19,2026-09-21
390.0,0,3233,2026-09-19,2026-09-21
400.0,0,2000,2026-09-19,2026-09-21
400.0,0,8012,2026-09-19,2026-09-21
410.0,0,4254,2026-09-19,2026-09-21
420.0,0,6811,2026-09-19,2026-09-21
422.5,0,311,2026-09-19,2026-09-21
425.0,0,2553,2026-09-19,2026-09-21
427.5,0,194,2026-09-19,2026-09-21
430.0,0,3180,2026-09-19,2026-09-21
432.5,0,51,2026-09-19,2026-09-21
435.0,0,3295,2026-09-19,2026-09-21
437.5,0,350,2026-09-19,2026-09-21
440.0,0,7457,2026-09-19,2026-09-21
442.5,0,1266,2026-09-19,2026-09-21
445.0,0,1687,2026-09-19,2026-09-21
447.5,0,777,2026-09-19,2026-09-21
450.0,0,3100,2026-09-19,2026-09-21
450.0,0,6959,2026-09-19,2026-09-21
452.5,0,986,2026-09-19,2026-09-21
455.0,0,1293,2026-09-19,2026-09-21
457.5,0,1377,2026-09-19,2026-09-21
460.0,0,9702,2026-09-19,2026-09-21
460.0,0,3314,2026-09-19,2026-09-21
462.5,0,612,2026-09-19,2026-09-21
465.0,0,400,2026-09-19,2026-09-21
465.0,0,853,2026-09-19,2026-09-21
467.5,0,1039,2026-09-19,2026-09-21
470.0,0,3170,2026-09-19,2026-09-21
470.0,0,5589,2026-09-19,2026-09-21
470.01,0,5185,2026-09-19,2026-09-21
472.5,0,763,2026-09-19,2026-09-21
475.0,0,1950,2026-09-19,2026-09-21
475.0,0,1484,2026-09-19,2026-09-21
477.5,0,826,2026-09-19,2026-09-21
480.0,0,9769,2026-09-19,2026-09-21
480.0,0,6373,2026-09-19,2026-09-21
482.5,0,579,2026-09-19,2026-09-21
485.0,0,526,2026-09-19,2026-09-21
485.0,0,790,2026-09-19,2026-09-21
487.5,0,818,2026-09-19,2026-09-21
490.0,0,2950,2026-09-19,2026-09-21
490.0,0,3309,2026-09-19,2026-09-21
492.5,0,607,2026-09-19,2026-09-21
495.0,0,1432,2026-09-19,2026-09-21
497.5,0,2691,2026-09-19,2026-09-21
500.0,0,2500,2026-09-19,2026-09-21
500.0,0,4761,2026-09-19,2026-09-21
502.5,0,1076,2026-09-19,2026-09-21
505.0,0,1547,2026-09-19,2026-09-21
507.5,0,1494,2026-09-19,2026-09-21
510.0,0,2677,2026-09-19,2026-09-21
512.5,0,1047,2026-09-19,2026-09-21
515.0,0,600,2026-09-19,2026-09-21
515.0,0,1291,2026-09-19,2026-09-21
517.5,0,567,2026-09-19,2026-09-21
520.0,0,2350,2026-09-19,2026-09-21
520.0,0,5112,2026-09-19,2026-09-21
522.5,0,1211,2026-09-19,2026-09-21
525.0,0,1142,2026-09-19,2026-09-21
527.5,0,1206,2026-09-19,2026-09-21
530.0,0,4207,2026-09-19,2026-09-21
532.5,0,2039,2026-09-19,2026-09-21
535.0,0,2355,2026-09-19,2026-09-21
537.5,0,1387,2026-09-19,2026-09-21
540.0,0,2385,2026-09-19,2026-09-21
542.5,0,1227,2026-09-19,2026-09-21
545.0,0,1817,2026-09-19,2026-09-21
547.5,1,953,2026-09-19,2026-09-21
550.0,1,4154,2026-09-19,2026-09-21
552.5,0,274,2026-09-19,2026-09-21
555.0,1,123,2026-09-19,2026-09-21
557.5,61,147,2026-09-19,2026-09-21
560.0,5163,1,2026-09-19,2026-09-21
562.5,999,0,2026-09-19,2026-09-21
565.0,3042,0,2026-09-19,2026-09-21
567.5,822,0,2026-09-19,2026-09-21
570.0,3381,0,2026-09-19,2026-09-21
572.5,518,0,2026-09-19,2026-09-21
575.0,1814,0,2026-09-19,2026-09-21
577.5,620,0,2026-09-19,2026-09-21
580.0,3473,0,2026-09-19,2026-09-21
582.5,234,0,2026-09-19,2026-09-21
585.0,522,0,2026-09-19,2026-09-21
587.5,263,0,2026-09-19,2026-09-21
590.0,5903,0,2026-09-19,2026-09-21
592.5,189,0,2026-09-19,2026-09-21
595.0,267,0,2026-09-19,2026-09-21
597.5,135,0,2026-09-19,2026-09-21
600.0,0,0,2026-09-19,2026-09-21
600.0,8872,0,2026-09-19,2026-09-21
602.5,184,0,2026-09-19,2026-09-21
605.0,101,0,2026-09-19,2026-09-21
610.0,2961,0,2026-09-19,2026-09-21
620.0,4000,0,2026-09-19,2026-09-21
630.0,1184,0,2026-09-19,2026-09-21
640.0,831,0,2026-09-19,2026-09-21
650.0,8311,0,2026-09-19,2026-09-21
660.0,1160,0,2026-09-19,2026-09-21
670.0,689,0,2026-09-19,2026-09-21
680.0,3669,0,2026-09-19,2026-09-21
690.0,1993,0,2026-09-19,2026-09-21
700.0,6660,0,2026-09-19,2026-09-21
710.0,1176,0,2026-09-19,2026-09-21
720.0,574,0,2026-09-19,2026-09-21
730.0,396,0,2026-09-19,2026-09-21
740.0,1812,0,2026-09-19,2026-09-21
750.0,1464,0,2026-09-19,2026-09-21
760.0,272,0,2026-09-19,2026-09-21
770.0,579,0,2026-09-19,2026-09-21
780.0,586,0,2026-09-19,2026-09-21
790.0,393,0,2026-09-19,2026-09-21
800.0,1217,0,2026-09-19,2026-09-21
810.0,232,0,2026-09-19,2026-09-21
820.0,230,0,2026-09-19,2026-09-21
830.0,167,0,2026-09-19,2026-09-21
840.0,158,0,2026-09-19,2026-09-21
850.0,931,0,2026-09-19,2026-09-21
860.0,751,0,2026-09-19,2026-09-21
870.0,1006,0,2026-09-19,2026-09-21
880.0,187,0,2026-09-19,2026-09-21
890.0,860,0,2026-09-19,2026-09-21
900.0,687,0,2026-09-19,2026-09-21
910.0,1037,0,2026-09-19,2026-09-21
920.0,264,0,2026-09-19,2026-09-21
930.0,1025,0,2026-09-19,2026-09-21
940.0,127,0,2026-09-19,2026-09-21
950.0,1101,0,2026-09-19,2026-09-21
960.0,317,0,2026-09-19,2026-09-21
970.0,140,0,2026-09-19,2026-09-21
980.0,69,0,2026-09-19,2026-09-21
990.0,527,0,2026-09-19,2026-09-21
1000.0,1982,0,2026-09-19,2026-09-21
1010.0,1250,0,2026-09-19,2026-09-21
1020.0,89,0,2026-09-19,2026-09-21
1030.0,125,0,2026-09-19,2026-09-21
1040.0,157,0,2026-09-19,2026-09-21
1050.0,261,0,2026-09-19,2026-09-21
1060.0,197,0,2026-09-19,2026-09-21
1070.0,154,0,2026-09-19,2026-09-21
1080.0,243,0,2026-09-19,2026-09-21
1090.0,433,0,2026-09-19,2026-09-21
1100.0,188,0,2026-09-19,2026-09-21
1110.0,1840,0,2026-09-19,2026-09-21
1120.0,3028,0,2026-09-19,2026-09-21
350.0,2,11,2026-09-22,2026-09-21
355.0,1,3,2026-09-22,2026-09-21
360.0,0,3,2026-09-22,2026-09-21
365.0,0,15,2026-09-22,2026-09-21
370.0,2,13,2026-09-22,2026-09-21
375.0,1,25,2026-09-22,2026-09-21
380.0,0,9,2026-09-22,2026-09-21
385.0,2,8,2026-09-22,2026-09-21
390.0,2,4,2026-09-22,2026-09-21
395.0,0,275,2026-09-22,2026-09-21
400.0,4,27,2026-09-22,2026-09-21
405.0,0,5,2026-09-22,2026-09-21
410.0,6,7,2026-09-22,2026-09-21
415.0,1,36,2026-09-22,2026-09-21
417.5,0,21,2026-09-22,2026-09-21
420.0,3,98,2026-09-22,2026-09-21
422.5,1,15,2026-09-22,2026-09-21
425.0,0,14,2026-09-22,2026-09-21
427.5,2,9,2026-09-22,2026-09-21
430.0,1,150,2026-09-22,2026-09-21
432.5,0,50,2026-09-22,2026-09-21
435.0,2,106,2026-09-22,2026-09-21
437.5,0,59,2026-09-22,2026-09-21
440.0,2,112,2026-09-22,2026-09-21
442.5,17,51,2026-09-22,2026-09-21
445.0,0,119,2026-09-22,2026-09-21
447.5,1,13,2026-09-22,2026-09-21
450.0,5,137,2026-09-22,2026-09-21
452.5,1,18,2026-09-22,2026-09-21
455.0,0,76,2026-09-22,2026-09-21
457.5,11,142,2026-09-22,2026-09-21
460.0,12,475,2026-09-22,2026-09-21
462.5,0,26,2026-09-22,2026-09-21
465.0,12,264,2026-09-22,2026-09-21
467.5,3,140,2026-09-22,2026-09-21
470.0,10,593,2026-09-22,2026-09-21
472.5,11,60,2026-09-22,2026-09-21
475.0,42,158,2026-09-22,2026-09-21
477.5,16,256,2026-09-22,2026-09-21
480.0,35,466,2026-09-22,2026-09-21
482.5,15,112,2026-09-22,2026-09-21
485.0,91,353,2026-09-22,2026-09-21
487.5,43,373,2026-09-22,2026-09-21
490.0,155,297,2026-09-22,2026-09-21
492.5,54,852,2026-09-22,2026-09-21
495.0,73,304,2026-09-22,2026-09-21
497.5,34,323,2026-09-22,2026-09-21
500.0,323,998,2026-09-22,2026-09-21
502.5,56,354,2026-09-22,2026-09-21
505.0,138,584,2026-09-22,2026-09-21
507.5,111,274,2026-09-22,2026-09-21
510.0,129,659,2026-09-22,2026-09-21
512.5,48,752,2026-09-22,2026-09-21
515.0,222,829,2026-09-22,2026-09-21
517.5,50,464,2026-09-22,2026-09-21
520.0,366,2293,2026-09-22,2026-09-21
522.5,96,1079,2026-09-22,2026-09-21
525.0,126,995,2026-09-22,2026-09-21
527.5,302,390,2026-09-22,2026-09-21
530.0,469,1041,2026-09-22,2026-09-21
532.5,147,589,2026-09-22,2026-09-21
535.0,401,443,2026-09-22,2026-09-21
537.5,174,410,2026-09-22,2026-09-21
540.0,366,866,2026-09-22,2026-09-21
542.5,714,237,2026-09-22,2026-09-21
545.0,673,997,2026-09-22,2026-09-21
547.5,463,312,2026-09-22,2026-09-21
550.0,1336,412,2026-09-22,2026-09-21
552.5,321,259,2026-09-22,2026-09-21
555.0,674,160,2026-09-22,2026-09-21
557.5,292,256,2026-09-22,2026-09-21
560.0,894,1099,2026-09-22,2026-09-21
562.5,445,19,2026-09-22,2026-09-21
565.0,868,30,2026-09-22,2026-09-21
567.5,305,38,2026-09-22,2026-09-21
570.0,916,22,2026-09-22,2026-09-21
572.5,427,11,2026-09-22,2026-09-21
575.0,1032,2,2026-09-22,2026-09-21
577.5,294,15,2026-09-22,2026-09-21
580.0,789,11,2026-09-22,2026-09-21
582.5,285,1,2026-09-22,2026-09-21
585.0,548,1,2026-09-22,2026-09-21
587.5,196,0,2026-09-22,2026-09-21
590.0,417,0,2026-09-22,2026-09-21
592.5,59,5,2026-09-22,2026-09-21
595.0,84,2,2026-09-22,2026-09-21
597.5,66,0,2026-09-22,2026-09-21
600.0,704,1,2026-09-22,2026-09-21
605.0,147,1,2026-09-22,2026-09-21
610.0,23,0,2026-09-22,2026-09-21
615.0,28,0,2026-09-22,2026-09-21
620.0,81,0,2026-09-22,2026-09-21
625.0,66,0,2026-09-22,2026-09-21
630.0,37,0,2026-09-22,2026-09-21
635.0,21,0,2026-09-22,2026-09-21
640.0,109,0,2026-09-22,2026-09-21
645.0,11,0,2026-09-22,2026-09-21
650.0,4,0,2026-09-22,2026-09-21
655.0,0,0,2026-09-22,2026-09-21
660.0,147,0,2026-09-22,2026-09-21
665.0,2,0,2026-09-22,2026-09-21
670.0,6,0,2026-09-22,2026-09-21
675.0,0,0,2026-09-22,2026-09-21
680.0,2,0,2026-09-22,2026-09-21
685.0,1,0,2026-09-22,2026-09-21
690.0,16,0,2026-09-22,2026-09-21
695.0,2,0,2026-09-22,2026-09-21
700.0,8,0,2026-09-22,2026-09-21
525.03,1211,1211,2026-09-23,2026-09-21
350.0,0,22,2026-09-24,2026-09-21
355.0,0,9,2026-09-24,2026-09-21
360.0,2,29,2026-09-24,2026-09-21
365.0,0,23,2026-09-24,2026-09-21
370.0,0,43,2026-09-24,2026-09-21
375.0,0,28,2026-09-24,2026-09-21
380.0,1,40,2026-09-24,2026-09-21
385.0,0,123,2026-09-24,2026-09-21
390.0,0,8,2026-09-24,2026-09-21
395.0,0,21,2026-09-24,2026-09-21
400.0,4,135,2026-09-24,2026-09-21
405.0,0,4,2026-09-24,2026-09-21
407.5,0,23,2026-09-24,2026-09-21
410.0,13,26,2026-09-24,2026-09-21
412.5,0,2,2026-09-24,2026-09-21
415.0,2,9,2026-09-24,2026-09-21
417.5,0,5,2026-09-24,2026-09-21
420.0,0,21,2026-09-24,2026-09-21
422.5,0,7,2026-09-24,2026-09-21
425.0,10,34,2026-09-24,2026-09-21
427.5,0,5,2026-09-24,2026-09-21
430.0,0,680,2026-09-24,2026-09-21
432.5,0,1,2026-09-24,2026-09-21
435.0,0,20,2026-09-24,2026-09-21
437.5,0,6,2026-09-24,2026-09-21
440.0,0,24,2026-09-24,2026-09-21
442.5,0,5,2026-09-24,2026-09-21
445.0,4,14,2026-09-24,2026-09-21
447.5,0,18,2026-09-24,2026-09-21
450.0,5,57,2026-09-24,2026-09-21
452.5,3,8,2026-09-24,2026-09-21
455.0,1,49,2026-09-24,2026-09-21
457.5,0,11,2026-09-24,2026-09-21
460.0,7,36,2026-09-24,2026-09-21
462.5,1,13,2026-09-24,2026-09-21
465.0,2,328,2026-09-24,2026-09-21
467.5,0,10,2026-09-24,2026-09-21
470.0,10,140,2026-09-24,2026-09-21
472.5,0,17,2026-09-24,2026-09-21
475.0,6,389,2026-09-24,2026-09-21
477.5,2,75,2026-09-24,2026-09-21
480.0,25,267,2026-09-24,2026-09-21
482.5,13,62,2026-09-24,2026-09-21
485.0,54,103,2026-09-24,2026-09-21
487.5,21,18,2026-09-24,2026-09-21
490.0,17,175,2026-09-24,2026-09-21
492.5,4,123,2026-09-24,2026-09-21
495.0,100,139,2026-09-24,2026-09-21
497.5,7,176,2026-09-24,2026-09-21
500.0,58,1055,2026-09-24,2026-09-21
502.5,83,68,2026-09-24,2026-09-21
505.0,40,592,2026-09-24,2026-09-21
507.5,21,142,2026-09-24,2026-09-21
510.0,170,197,2026-09-24,2026-09-21
512.5,95,694,2026-09-24,2026-09-21
515.0,90,142,2026-09-24,2026-09-21
517.5,16,188,2026-09-24,2026-09-21
520.0,59,467,2026-09-24,2026-09-21
522.5,60,465,2026-09-24,2026-09-21
525.0,91,414,2026-09-24,2026-09-21
527.5,44,224,2026-09-24,2026-09-21
530.0,228,357,2026-09-24,2026-09-21
532.5,69,130,2026-09-24,2026-09-21
535.0,115,157,2026-09-24,2026-09-21
537.5,149,199,2026-09-24,2026-09-21
540.0,347,327,2026-09-24,2026-09-21
542.5,107,242,2026-09-24,2026-09-21
545.0,704,141,2026-09-24,2026-09-21
547.5,141,505,2026-09-24,2026-09-21
550.0,303,359,2026-09-24,2026-09-21
552.5,141,102,2026-09-24,2026-09-21
555.0,243,41,2026-09-24,2026-09-21
556.53,90,0,2026-09-24,2026-09-21
557.5,71,76,2026-09-24,2026-09-21
560.0,248,57,2026-09-24,2026-09-21
562.5,135,20,2026-09-24,2026-09-21
565.0,160,7,2026-09-24,2026-09-21
567.5,86,28,2026-09-24,2026-09-21
570.0,628,3,2026-09-24,2026-09-21
572.5,103,1,2026-09-24,2026-09-21
575.0,207,36,2026-09-24,2026-09-21
577.5,163,20,2026-09-24,2026-09-21
580.0,1101,1,2026-09-24,2026-09-21
582.5,39,19,2026-09-24,2026-09-21
585.0,207,1,2026-09-24,2026-09-21
587.5,41,5,2026-09-24,2026-09-21
590.0,180,7,2026-09-24,2026-09-21
592.5,150,0,2026-09-24,2026-09-21
595.0,46,0,2026-09-24,2026-09-21
597.5,24,0,2026-09-24,2026-09-21
600.0,160,3,2026-09-24,2026-09-21
602.5,8,0,2026-09-24,2026-09-21
605.0,86,10,2026-09-24,2026-09-21
610.0,48,0,2026-09-24,2026-09-21
615.0,33,6,2026-09-24,2026-09-21
620.0,23,0,2026-09-24,2026-09-21
625.0,11,0,2026-09-24,2026-09-21
630.0,23,0,2026-09-24,2026-09-21
635.0,8,0,2026-09-24,2026-09-21
640.0,3,0,2026-09-24,2026-09-21
645.0,2,0,2026-09-24,2026-09-21
650.0,3,0,2026-09-24,2026-09-21
655.0,2,0,2026-09-24,2026-09-21
660.0,4,0,2026-09-24,2026-09-21
665.0,14,0,2026-09-24,2026-09-21
670.0,4,0,2026-09-24,2026-09-21
675.0,7,0,2026-09-24,2026-09-21
680.0,22,0,2026-09-24,2026-09-21
685.0,3,0,2026-09-24,2026-09-21
690.0,2,0,2026-09-24,2026-09-21
695.0,0,0,2026-09-24,2026-09-21
700.0,4,0,2026-09-24,2026-09-21
589.03,962,962,2026-09-25,2026-09-21
40.0,1,21,2026-09-26,2026-09-21
45.0,0,8,2026-09-26,2026-09-21
50.0,3,52,2026-09-26,2026-09-21
55.0,0,62,2026-09-26,2026-09-21
60.0,0,80,2026-09-26,2026-09-21
65.0,0,85,2026-09-26,2026-09-21
70.0,0,59,2026-09-26,2026-09-21
75.0,1,96,2026-09-26,2026-09-21
80.0,1,42,2026-09-26,2026-09-21
85.0,5,52,2026-09-26,2026-09-21
90.0,1,7,2026-09-26,2026-09-21
95.0,2,12,2026-09-26,2026-09-21
100.0,1,9,2026-09-26,2026-09-21
105.0,24,22,2026-09-26,2026-09-21
110.0,32,26,2026-09-26,2026-09-21
115.0,12,6,2026-09-26,2026-09-21
120.0,8,25030,2026-09-26,2026-09-21
125.0,4,6,2026-09-26,2026-09-21
130.0,7,7664,2026-09-26,2026-09-21
135.0,5,2,2026-09-26,2026-09-21
140.0,1,41,2026-09-26,2026-09-21
145.0,5,56,2026-09-26,2026-09-21
150.0,5,45,2026-09-26,2026-09-21
155.0,0,16,2026-09-26,2026-09-21
160.0,2,62,2026-09-26,2026-09-21
165.0,14,33,2026-09-26,2026-09-21
170.0,12,49,2026-09-26,2026-09-21
175.0,1,206,2026-09-26,2026-09-21
180.0,7,261,2026-09-26,2026-09-21
185.0,6,197,2026-09-26,2026-09-21
190.0,1,170,2026-09-26,2026-09-21
195.0,0,50,2026-09-26,2026-09-21
200.0,14,66,2026-09-26,2026-09-21
205.0,1,36,2026-09-26,2026-09-21
210.0,6,144,2026-09-26,2026-09-21
215.0,0,407,2026-09-26,2026-09-21
220.0,23,196,2026-09-26,2026-09-21
225.0,4,36,2026-09-26,2026-09-21
230.0,26,266,2026-09-26,2026-09-21
235.0,3,32,2026-09-26,2026-09-21
240.0,11,143,2026-09-26,2026-09-21
245.0,2,89,2026-09-26,2026-09-21
250.0,55,265,2026-09-26,2026-09-21
255.0,8,42,2026-09-26,2026-09-21
260.0,10,473,2026-09-26,2026-09-21
265.0,1,11,2026-09-26,2026-09-21
270.0,52,134,2026-09-26,2026-09-21
275.0,7,50,2026-09-26,2026-09-21
280.0,28,605,2026-09-26,2026-09-21
285.0,3,11,2026-09-26,2026-09-21
290.0,3,160,2026-09-26,2026-09-21
295.0,7,76,2026-09-26,2026-09-21
300.0,29,244,2026-09-26,2026-09-21
305.0,3,37,2026-09-26,2026-09-21
310.0,17,96,2026-09-26,2026-09-21
315.0,8,142,2026-09-26,2026-09-21
320.0,8,166,2026-09-26,2026-09-21
325.0,35,289,2026-09-26,2026-09-21
330.0,15,147,2026-09-26,2026-09-21
335.0,4,384,2026-09-26,2026-09-21
340.0,13,406,2026-09-26,2026-09-21
345.0,28,258,2026-09-26,2026-09-21
350.0,24,283,2026-09-26,2026-09-21
355.0,12,1777,2026-09-26,2026-09-21
360.0,22,369,2026-09-26,2026-09-21
365.0,9,566,2026-09-26,2026-09-21
370.0,27,215,2026-09-26,2026-09-21
375.0,1,3767,2026-09-26,2026-09-21
380.0,39,407,2026-09-26,2026-09-21
385.0,138,312,2026-09-26,2026-09-21
390.0,35,442,2026-09-26,2026-09-21
395.0,7,923,2026-09-26,2026-09-21
400.0,78,896,2026-09-26,2026-09-21
402.5,1,34,2026-09-26,2026-09-21
405.0,12,1367,2026-09-26,2026-09-21
407.5,0,5,2026-09-26,2026-09-21
410.0,16,443,2026-09-26,2026-09-21
412.5,0,17,2026-09-26,2026-09-21
415.0,20,576,2026-09-26,2026-09-21
417.5,0,39,2026-09-26,2026-09-21
420.0,202,1319,2026-09-26,2026-09-21
422.5,0,75,2026-09-26,2026-09-21
425.0,7,2032,2026-09-26,2026-09-21
427.5,0,74,2026-09-26,2026-09-21
430.0,31,2963,2026-09-26,2026-09-21
432.5,0,77,2026-09-26,2026-09-21
435.0,14,577,2026-09-26,2026-09-21
437.5,6,108,2026-09-26,2026-09-21
440.0,222,1186,2026-09-26,2026-09-21
442.5,13,276,2026-09-26,2026-09-21
445.0,71,651,2026-09-26,2026-09-21
447.5,0,49,2026-09-26,2026-09-21
450.0,282,2638,2026-09-26,2026-09-21
452.5,2,387,2026-09-26,2026-09-21
455.0,120,892,2026-09-26,2026-09-21
457.5,1,324,2026-09-26,2026-09-21
460.0,254,1033,2026-09-26,2026-09-21
462.5,52,209,2026-09-26,2026-09-21
465.0,494,525,2026-09-26,2026-09-21
467.5,22,60,2026-09-26,2026-09-21
470.0,0,225,2026-09-26,2026-09-21
470.0,634,1165,2026-09-26,2026-09-21
472.5,64,128,2026-09-26,2026-09-21
475.0,508,708,2026-09-26,2026-09-21
477.5,43,365,2026-09-26,2026-09-21
480.0,333,832,2026-09-26,2026-09-21
482.5,35,365,2026-09-26,2026-09-21
485.0,268,384,2026-09-26,2026-09-21
487.5,94,285,2026-09-26,2026-09-21
490.0,262,2299,2026-09-26,2026-09-21
492.5,113,249,2026-09-26,2026-09-21
495.0,201,662,2026-09-26,2026-09-21
497.5,84,272,2026-09-26,2026-09-21
500.0,1204,1694,2026-09-26,2026-09-21
502.5,110,854,2026-09-26,2026-09-21
505.0,357,1299,2026-09-26,2026-09-21
507.5,181,165,2026-09-26,2026-09-21
510.0,1588,664,2026-09-26,2026-09-21
512.5,261,166,2026-09-26,2026-09-21
515.0,1054,448,2026-09-26,2026-09-21
517.5,637,151,2026-09-26,2026-09-21
520.0,1120,1981,2026-09-26,2026-09-21
522.5,205,175,2026-09-26,2026-09-21
525.0,783,689,2026-09-26,2026-09-21
527.5,514,161,2026-09-26,2026-09-21
530.0,964,726,2026-09-26,2026-09-21
532.5,184,196,2026-09-26,2026-09-21
535.0,819,575,2026-09-26,2026-09-21
537.5,361,314,2026-09-26,2026-09-21
540.0,1788,696,2026-09-26,2026-09-21
542.5,428,294,2026-09-26,2026-09-21
545.0,2835,741,2026-09-26,2026-09-21
547.5,1263,219,2026-09-26,2026-09-21
550.0,3986,296,2026-09-26,2026-09-21
552.5,356,89,2026-09-26,2026-09-21
555.0,6619,212,2026-09-26,2026-09-21
557.5,428,108,2026-09-26,2026-09-21
560.0,3857,177,2026-09-26,2026-09-21
562.5,989,103,2026-09-26,2026-09-21
565.0,1019,75,2026-09-26,2026-09-21
567.5,254,41,2026-09-26,2026-09-21
570.0,8009,49,2026-09-26,2026-09-21
572.5,157,4,2026-09-26,2026-09-21
575.0,3054,31,2026-09-26,2026-09-21
577.5,241,1,2026-09-26,2026-09-21
580.0,2978,38,2026-09-26,2026-09-21
582.5,347,0,2026-09-26,2026-09-21
585.0,964,25,2026-09-26,2026-09-21
587.5,172,5,2026-09-26,2026-09-21
590.0,1390,5,2026-09-26,2026-09-21
592.5,265,4,2026-09-26,2026-09-21
595.0,336,1,2026-09-26,2026-09-21
597.5,156,0,2026-09-26,2026-09-21
600.0,6260,20,2026-09-26,2026-09-21
602.5,1925,0,2026-09-26,2026-09-21
605.0,430,15,2026-09-26,2026-09-21
607.5,194,1,2026-09-26,2026-09-21
610.0,1518,7,2026-09-26,2026-09-21
612.5,126,0,2026-09-26,2026-09-21
615.0,133,10,2026-09-26,2026-09-21
617.5,53,0,2026-09-26,2026-09-21
620.0,1690,0,2026-09-26,2026-09-21
622.5,249,15,2026-09-26,2026-09-21
625.0,631,0,2026-09-26,2026-09-21
627.5,223,0,2026-09-26,2026-09-21
630.0,435,0,2026-09-26,2026-09-21
632.5,215,0,2026-09-26,2026-09-21
635.0,133,0,2026-09-26,2026-09-21
637.5,24,0,2026-09-26,2026-09-21
640.0,241,2,2026-09-26,2026-09-21
645.0,201,0,2026-09-26,2026-09-21
650.0,2152,4,2026-09-26,2026-09-21
655.0,194,0,2026-09-26,2026-09-21
660.0,146,0,2026-09-26,2026-09-21
665.0,73,0,2026-09-26,2026-09-21
670.0,153,1,2026-09-26,2026-09-21
675.0,272,0,2026-09-26,2026-09-21
680.0,136,0,2026-09-26,2026-09-21
685.0,320,0,2026-09-26,2026-09-21
690.0,162,0,2026-09-26,2026-09-21
695.0,73,0,2026-09-26,2026-09-21
700.0,226,0,2026-09-26,2026-09-21
705.0,61,0,2026-09-26,2026-09-21
710.0,317,0,2026-09-26,2026-09-21
715.0,131,0,2026-09-26,2026-09-21
720.0,1232,0,2026-09-26,2026-09-21
725.0,54,0,2026-09-26,2026-09-21
730.0,51,0,2026-09-26,2026-09-21
735.0,38,0,2026-09-26,2026-09-21
740.0,50,0,2026-09-26,2026-09-21
750.0,161,0,2026-09-26,2026-09-21
760.0,41,0,2026-09-26,2026-09-21
770.0,72,0,2026-09-26,2026-09-21
780.0,42,0,2026-09-26,2026-09-21
790.0,70,0,2026-09-26,2026-09-21
800.0,118,0,2026-09-26,2026-09-21
810.0,123,0,2026-09-26,2026-09-21
820.0,301,0,2026-09-26,2026-09-21
830.0,19,0,2026-09-26,2026-09-21
840.0,64,0,2026-09-26,2026-09-21
850.0,21,0,2026-09-26,2026-09-21
860.0,171,0,2026-09-26,2026-09-21
870.0,74,0,2026-09-26,2026-09-21
880.0,62,0,2026-09-26,2026-09-21
890.0,52,0,2026-09-26,2026-09-21
900.0,94,0,2026-09-26,2026-09-21
910.0,14,0,2026-09-26,2026-09-21
920.0,103,0,2026-09-26,2026-09-21
930.0,171,0,2026-09-26,2026-09-21
940.0,97,0,2026-09-26,2026-09-21
950.0,48,0,2026-09-26,2026-09-21
960.0,25,0,2026-09-26,2026-09-21
970.0,18,0,2026-09-26,2026-09-21
980.0,59,0,2026-09-26,2026-09-21
990.0,78,0,2026-09-26,2026-09-21
400.0,1,1,2026-09-29,2026-09-21
405.0,1,1,2026-09-29,2026-09-21
410.0,0,0,2026-09-29,2026-09-21
415.0,0,4,2026-09-29,2026-09-21
420.0,0,3,2026-09-29,2026-09-21
425.0,0,0,2026-09-29,2026-09-21
430.0,1,17,2026-09-29,2026-09-21
432.5,1,1,2026-09-29,2026-09-21
435.0,0,13,2026-09-29,2026-09-21
437.5,0,2,2026-09-29,2026-09-21
440.0,1,1,2026-09-29,2026-09-21
442.5,0,0,2026-09-29,2026-09-21
445.0,2,92,2026-09-29,2026-09-21
447.5,0,3,2026-09-29,2026-09-21
450.0,4,156,2026-09-29,2026-09-21
452.5,0,12,2026-09-29,2026-09-21
455.0,0,4,2026-09-29,2026-09-21
457.5,0,6,2026-09-29,2026-09-21
460.0,14,18,2026-09-29,2026-09-21
462.5,1,5,2026-09-29,2026-09-21
465.0,0,14,2026-09-29,2026-09-21
467.5,0,13,2026-09-29,2026-09-21
470.0,1,66,2026-09-29,2026-09-21
472.5,0,5,2026-09-29,2026-09-21
475.0,0,5,2026-09-29,2026-09-21
477.5,1,8,2026-09-29,2026-09-21
480.0,5,29,2026-09-29,2026-09-21
482.5,0,20,2026-09-29,2026-09-21
485.0,49,48,2026-09-29,2026-09-21
487.5,3,1,2026-09-29,2026-09-21
490.0,24,54,2026-09-29,2026-09-21
492.5,0,7,2026-09-29,2026-09-21
495.0,37,30,2026-09-29,2026-09-21
497.5,0,26,2026-09-29,2026-09-21
500.0,74,104,2026-09-29,2026-09-21
502.5,24,7,2026-09-29,2026-09-21
505.0,25,31,2026-09-29,2026-09-21
507.5,7,7,2026-09-29,2026-09-21
510.0,12,34,2026-09-29,2026-09-21
512.5,3,16,2026-09-29,2026-09-21
515.0,62,54,2026-09-29,2026-09-21
517.5,8,10,2026-09-29,2026-09-21
520.0,39,117,2026-09-29,2026-09-21
522.5,9,107,2026-09-29,2026-09-21
525.0,45,221,2026-09-29,2026-09-21
527.5,20,27,2026-09-29,2026-09-21
530.0,30,67,2026-09-29,2026-09-21
532.5,23,23,2026-09-29,2026-09-21
535.0,37,94,2026-09-29,2026-09-21
537.5,1,37,2026-09-29,2026-09-21
540.0,36,144,2026-09-29,2026-09-21
542.5,7,3,2026-09-29,2026-09-21
545.0,96,245,2026-09-29,2026-09-21
547.5,34,6,2026-09-29,2026-09-21
550.0,520,49,2026-09-29,2026-09-21
552.5,211,0,2026-09-29,2026-09-21
555.0,42,17,2026-09-29,2026-09-21
557.5,11,4,2026-09-29,2026-09-21
560.0,66,13,2026-09-29,2026-09-21
562.5,4,0,2026-09-29,2026-09-21
565.0,46,1,2026-09-29,2026-09-21
567.5,24,0,2026-09-29,2026-09-21
570.0,33,13,2026-09-29,2026-09-21
572.5,5,0,2026-09-29,2026-09-21
575.0,106,1,2026-09-29,2026-09-21
577.5,3,0,2026-09-29,2026-09-21
580.0,76,0,2026-09-29,2026-09-21
582.5,13,0,2026-09-29,2026-09-21
585.0,66,5,2026-09-29,2026-09-21
587.5,20,0,2026-09-29,2026-09-21
590.0,247,1,2026-09-29,2026-09-21
592.5,77,0,2026-09-29,2026-09-21
595.0,24,0,2026-09-29,2026-09-21
597.5,11,0,2026-09-29,2026-09-21
600.0,68,0,2026-09-29,2026-09-21
602.5,7,0,2026-09-29,2026-09-21
605.0,21,0,2026-09-29,2026-09-21
607.5,20,0,2026-09-29,2026-09-21
610.0,20,0,2026-09-29,2026-09-21
612.5,4,0,2026-09-29,2026-09-21
615.0,7,4,2026-09-29,2026-09-21
617.5,0,0,2026-09-29,2026-09-21
620.0,3,0,2026-09-29,2026-09-21
622.5,0,0,2026-09-29,2026-09-21
625.0,13,0,2026-09-29,2026-09-21
630.0,9,0,2026-09-29,2026-09-21
635.0,3,1,2026-09-29,2026-09-21
640.0,0,0,2026-09-29,2026-09-21
645.0,8,0,2026-09-29,2026-09-21
650.0,131,40,2026-09-29,2026-09-21
518.03,961,961,2026-09-30,2026-09-21
400.0,0,14,2026-10-01,2026-09-21
405.0,0,0,2026-10-01,2026-09-21
410.0,0,3,2026-10-01,2026-09-21
415.0,0,9,2026-10-01,2026-09-21
420.0,0,55,2026-10-01,2026-09-21
425.0,0,9,2026-10-01,2026-09-21
427.5,0,2,2026-10-01,2026-09-21
430.0,0,10,2026-10-01,2026-09-21
432.5,0,0,2026-10-01,2026-09-21
435.0,0,4,2026-10-01,2026-09-21
437.5,0,0,2026-10-01,2026-09-21
440.0,0,42,2026-10-01,2026-09-21
442.5,0,0,2026-10-01,2026-09-21
445.0,0,3,2026-10-01,2026-09-21
447.5,0,0,2026-10-01,2026-09-21
450.0,0,18,2026-10-01,2026-09-21
452.5,0,2,2026-10-01,2026-09-21
455.0,1,7,2026-10-01,2026-09-21
457.5,0,0,2026-10-01,2026-09-21
460.0,0,32,2026-10-01,2026-09-21
462.5,0,3,2026-10-01,2026-09-21
465.0,0,20,2026-10-01,2026-09-21
467.5,1,3,2026-10-01,2026-09-21
470.0,0,13,2026-10-01,2026-09-21
472.5,0,5,2026-10-01,2026-09-21
475.0,6,15,2026-10-01,2026-09-21
477.5,0,24,2026-10-01,2026-09-21
480.0,1,181,2026-10-01,2026-09-21
482.5,0,17,2026-10-01,2026-09-21
485.0,4,45,2026-10-01,2026-09-21
487.5,0,4,2026-10-01,2026-09-21
490.0,5,46,2026-10-01,2026-09-21
492.5,0,5,2026-10-01,2026-09-21
495.0,6,33,2026-10-01,2026-09-21
497.5,0,7,2026-10-01,2026-09-21
500.0,33,102,2026-10-01,2026-09-21
502.5,6,28,2026-10-01,2026-09-21
505.0,21,28,2026-10-01,2026-09-21
507.5,1,4,2026-10-01,2026-09-21
510.0,18,198,2026-10-01,2026-09-21
512.5,5,55,2026-10-01,2026-09-21
515.0,9,52,2026-10-01,2026-09-21
517.5,11,11,2026-10-01,2026-09-21
520.0,28,302,2026-10-01,2026-09-21
522.5,8,6,2026-10-01,2026-09-21
525.0,39,125,2026-10-01,2026-09-21
527.5,4,7,2026-10-01,2026-09-21
530.0,64,54,2026-10-01,2026-09-21
532.5,13,11,2026-10-01,2026-09-21
535.0,68,94,2026-10-01,2026-09-21
537.5,0,14,2026-10-01,2026-09-21
540.0,85,184,2026-10-01,2026-09-21
542.5,15,25,2026-10-01,2026-09-21
545.0,74,53,2026-10-01,2026-09-21
547.5,4,25,2026-10-01,2026-09-21
550.0,100,60,2026-10-01,2026-09-21
552.5,8,11,2026-10-01,2026-09-21
555.0,38,7,2026-10-01,2026-09-21
557.5,5,14,2026-10-01,2026-09-21
560.0,167,44,2026-10-01,2026-09-21
562.5,39,3,2026-10-01,2026-09-21
565.0,51,5,2026-10-01,2026-09-21
567.5,40,0,2026-10-01,2026-09-21
570.0,33,0,2026-10-01,2026-09-21
572.5,5,0,2026-10-01,2026-09-21
575.0,18,0,2026-10-01,2026-09-21
577.5,0,0,2026-10-01,2026-09-21
580.0,65,0,2026-10-01,2026-09-21
582.5,5,0,2026-10-01,2026-09-21
585.0,17,1,2026-10-01,2026-09-21
587.5,3,0,2026-10-01,2026-09-21
590.0,75,1,2026-10-01,2026-09-21
592.5,14,0,2026-10-01,2026-09-21
595.0,28,0,2026-10-01,2026-09-21
597.5,23,0,2026-10-01,2026-09-21
600.0,308,7,2026-10-01,2026-09-21
602.5,25,0,2026-10-01,2026-09-21
605.0,42,3,2026-10-01,2026-09-21
607.5,14,0,2026-10-01,2026-09-21
610.0,18,11,2026-10-01,2026-09-21
612.5,9,0,2026-10-01,2026-09-21
615.0,16,0,2026-10-01,2026-09-21
617.5,2,0,2026-10-01,2026-09-21
620.0,80,0,2026-10-01,2026-09-21
622.5,0,0,2026-10-01,2026-09-21
625.0,13,0,2026-10-01,2026-09-21
627.5,0,0,2026-10-01,2026-09-21
630.0,6,0,2026-10-01,2026-09-21
632.5,0,0,2026-10-01,2026-09-21
635.0,8,1,2026-10-01,2026-09-21
637.5,0,0,2026-10-01,2026-09-21
640.0,13,2,2026-10-01,2026-09-21
645.0,3,0,2026-10-01,2026-09-21
650.0,71,0,2026-10-01,2026-09-21
559.03,1070,1070,2026-10-02,2026-09-21
40.0,0,48,2026-10-03,2026-09-21
45.0,0,30,2026-10-03,2026-09-21
50.0,0,18,2026-10-03,2026-09-21
55.0,0,8,2026-10-03,2026-09-21
60.0,0,25,2026-10-03,2026-09-21
65.0,0,30,2026-10-03,2026-09-21
70.0,1,5,2026-10-03,2026-09-21
75.0,0,38,2026-10-03,2026-09-21
80.0,0,1,2026-10-03,2026-09-21
85.0,0,53,2026-10-03,2026-09-21
90.0,0,16,2026-10-03,2026-09-21
95.0,0,0,2026-10-03,2026-09-21
100.0,0,33,2026-10-03,2026-09-21
105.0,0,0,2026-10-03,2026-09-21
110.0,2,0,2026-10-03,2026-09-21
115.0,5,1,2026-10-03,2026-09-21
120.0,1,3,2026-10-03,2026-09-21
125.0,14,11,2026-10-03,2026-09-21
130.0,2,1,2026-10-03,2026-09-21
135.0,2,5,2026-10-03,2026-09-21
140.0,0,0,2026-10-03,2026-09-21
145.0,8,4,2026-10-03,2026-09-21
150.0,0,3,2026-10-03,2026-09-21
155.0,2,13,2026-10-03,2026-09-21
160.0,10,4,2026-10-03,2026-09-21
165.0,30,13,2026-10-03,2026-09-21
170.0,19,24,2026-10-03,2026-09-21
175.0,23,217,2026-10-03,2026-09-21
180.0,12,51,2026-10-03,2026-09-21
185.0,5,114,2026-10-03,2026-09-21
190.0,22,92,2026-10-03,2026-09-21
195.0,3,112,2026-10-03,2026-09-21
200.0,25,55,2026-10-03,2026-09-21
205.0,3,38,2026-10-03,2026-09-21
210.0,12,130,2026-10-03,2026-09-21
215.0,72,78,2026-10-03,2026-09-21
220.0,24,40,2026-10-03,2026-09-21
225.0,2,44,2026-10-03,2026-09-21
230.0,8,18,2026-10-03,2026-09-21
235.0,1,33,2026-10-03,2026-09-21
240.0,14,45,2026-10-03,2026-09-21
245.0,1,51,2026-10-03,2026-09-21
250.0,47,24,2026-10-03,2026-09-21
255.0,5,195,2026-10-03,2026-09-21
260.0,2,136,2026-10-03,2026-09-21
265.0,3,13,2026-10-03,2026-09-21
270.0,3,27,2026-10-03,2026-09-21
275.0,3,33,2026-10-03,2026-09-21
280.0,20,345,2026-10-03,2026-09-21
285.0,2,53,2026-10-03,2026-09-21
290.0,7,141,2026-10-03,2026-09-21
295.0,12,79,2026-10-03,2026-09-21
300.0,46,102,2026-10-03,2026-09-21
305.0,10,34,2026-10-03,2026-09-21
310.0,26,11,2026-10-03,2026-09-21
315.0,10,19,2026-10-03,2026-09-21
320.0,49,1674,2026-10-03,2026-09-21
325.0,15,65,2026-10-03,2026-09-21
330.0,19,69,2026-10-03,2026-09-21
335.0,11,25,2026-10-03,2026-09-21
340.0,12,76,2026-10-03,2026-09-21
345.0,64,155,2026-10-03,2026-09-21
350.0,34,179,2026-10-03,2026-09-21
355.0,4,1362,2026-10-03,2026-09-21
360.0,15,341,2026-10-03,2026-09-21
365.0,14,185,2026-10-03,2026-09-21
370.0,65,229,2026-10-03,2026-09-21
375.0,20,422,2026-10-03,2026-09-21
380.0,24,479,2026-10-03,2026-09-21
385.0,33,263,2026-10-03,2026-09-21
390.0,12,411,2026-10-03,2026-09-21
395.0,1,141,2026-10-03,2026-09-21
400.0,294,803,2026-10-03,2026-09-21
405.0,19,609,2026-10-03,2026-09-21
410.0,76,16314,2026-10-03,2026-09-21
415.0,105,885,2026-10-03,2026-09-21
417.5,0,2,2026-10-03,2026-09-21
420.0,443,1200,2026-10-03,2026-09-21
422.5,0,2,2026-10-03,2026-09-21
425.0,24,778,2026-10-03,2026-09-21
427.5,1,3,2026-10-03,2026-09-21
430.0,35,1047,2026-10-03,2026-09-21
432.5,0,3,2026-10-03,2026-09-21
435.0,19,461,2026-10-03,2026-09-21
437.5,0,0,2026-10-03,2026-09-21
440.0,117,793,2026-10-03,2026-09-21
442.5,0,0,2026-10-03,2026-09-21
443.0,10100,10100,2026-10-03,2026-09-21
445.0,310,209,2026-10-03,2026-09-21
447.5,2,0,2026-10-03,2026-09-21
450.0,147,1477,2026-10-03,2026-09-21
452.5,0,2,2026-10-03,2026-09-21
455.0,77,962,2026-10-03,2026-09-21
457.5,0,11,2026-10-03,2026-09-21
460.0,188,452,2026-10-03,2026-09-21
462.5,0,0,2026-10-03,2026-09-21
465.0,4500,4500,2026-10-03,2026-09-21
465.0,231,426,2026-10-03,2026-09-21
467.5,0,5,2026-10-03,2026-09-21
470.0,5817,5817,2026-10-03,2026-09-21
470.0,181,1713,2026-10-03,2026-09-21
472.5,1,0,2026-10-03,2026-09-21
475.0,1063,451,2026-10-03,2026-09-21
477.5,0,13,2026-10-03,2026-09-21
480.0,329,565,2026-10-03,2026-09-21
482.5,1,54,2026-10-03,2026-09-21
485.0,539,663,2026-10-03,2026-09-21
487.5,1,15,2026-10-03,2026-09-21
490.0,412,360,2026-10-03,2026-09-21
492.5,36,100,2026-10-03,2026-09-21
495.0,232,453,2026-10-03,2026-09-21
497.5,29,39,2026-10-03,2026-09-21
500.0,499,885,2026-10-03,2026-09-21
502.5,103,123,2026-10-03,2026-09-21
505.0,322,441,2026-10-03,2026-09-21
507.5,86,80,2026-10-03,2026-09-21
510.0,255,285,2026-10-03,2026-09-21
512.5,59,154,2026-10-03,2026-09-21
515.0,756,206,2026-10-03,2026-09-21
517.5,50,82,2026-10-03,2026-09-21
520.0,4385,686,2026-10-03,2026-09-21
522.5,165,90,2026-10-03,2026-09-21
525.0,514,203,2026-10-03,2026-09-21
527.5,101,199,2026-10-03,2026-09-21
530.0,901,468,2026-10-03,2026-09-21
532.5,174,81,2026-10-03,2026-09-21
535.0,310,332,2026-10-03,2026-09-21
537.5,244,165,2026-10-03,2026-09-21
540.0,971,237,2026-10-03,2026-09-21
542.5,81,43,2026-10-03,2026-09-21
545.0,470,252,2026-10-03,2026-09-21
547.5,38,45,2026-10-03,2026-09-21
550.0,2144,307,2026-10-03,2026-09-21
552.5,132,145,2026-10-03,2026-09-21
555.0,1749,269,2026-10-03,2026-09-21
557.5,154,7,2026-10-03,2026-09-21
560.0,1180,60,2026-10-03,2026-09-21
562.5,69,7,2026-10-03,2026-09-21
565.0,303,46,2026-10-03,2026-09-21
567.5,132,4,2026-10-03,2026-09-21
570.0,1170,21,2026-10-03,2026-09-21
572.5,49,15,2026-10-03,2026-09-21
575.0,1281,41,2026-10-03,2026-09-21
577.5,17,0,2026-10-03,2026-09-21
580.0,910,9,2026-10-03,2026-09-21
582.5,38,0,2026-10-03,2026-09-21
585.0,444,18,2026-10-03,2026-09-21
587.5,32,0,2026-10-03,2026-09-21
590.0,730,4,2026-10-03,2026-09-21
592.5,19,0,2026-10-03,2026-09-21
595.0,973,0,2026-10-03,2026-09-21
597.5,33,0,2026-10-03,2026-09-21
600.0,1585,71,2026-10-03,2026-09-21
602.5,78,0,2026-10-03,2026-09-21
605.0,796,0,2026-10-03,2026-09-21
607.5,21,1,2026-10-03,2026-09-21
610.0,452,25,2026-10-03,2026-09-21
612.5,5,0,2026-10-03,2026-09-21
615.0,227,0,2026-10-03,2026-09-21
617.5,5,0,2026-10-03,2026-09-21
620.0,330,0,2026-10-03,2026-09-21
622.5,19,0,2026-10-03,2026-09-21
625.0,421,1,2026-10-03,2026-09-21
627.5,1,0,2026-10-03,2026-09-21
630.0,333,0,2026-10-03,2026-09-21
632.5,5,0,2026-10-03,2026-09-21
635.0,94,10,2026-10-03,2026-09-21
637.5,0,0,2026-10-03,2026-09-21
640.0,178,0,2026-10-03,2026-09-21
642.5,1,0,2026-10-03,2026-09-21
645.0,78,0,2026-10-03,2026-09-21
647.5,2,0,2026-10-03,2026-09-21
650.0,771,10,2026-10-03,2026-09-21
652.5,2,0,2026-10-03,2026-09-21
655.0,22,0,2026-10-03,2026-09-21
657.5,0,0,2026-10-03,2026-09-21
660.0,74,0,2026-10-03,2026-09-21
665.0,106,0,2026-10-03,2026-09-21
670.0,126,0,2026-10-03,2026-09-21
675.0,114,0,2026-10-03,2026-09-21
680.0,1045,0,2026-10-03,2026-09-21
685.0,128,0,2026-10-03,2026-09-21
690.0,47,0,2026-10-03,2026-09-21
695.0,17,0,2026-10-03,2026-09-21
700.0,166,0,2026-10-03,2026-09-21
705.0,51,0,2026-10-03,2026-09-21
710.0,38,0,2026-10-03,2026-09-21
715.0,830,0,2026-10-03,2026-09-21
720.0,95,0,2026-10-03,2026-09-21
725.0,183,0,2026-10-03,2026-09-21
730.0,29,0,2026-10-03,2026-09-21
735.0,81,0,2026-10-03,2026-09-21
740.0,86,0,2026-10-03,2026-09-21
750.0,338,0,2026-10-03,2026-09-21
760.0,39,0,2026-10-03,2026-09-21
770.0,207,0,2026-10-03,2026-09-21
780.0,53,0,2026-10-03,2026-09-21
790.0,17,0,2026-10-03,2026-09-21
800.0,457,0,2026-10-03,2026-09-21
810.0,33,0,2026-10-03,2026-09-21
820.0,50,0,2026-10-03,2026-09-21
830.0,18,0,2026-10-03,2026-09-21
840.0,78,0,2026-10-03,2026-09-21
850.0,24,0,2026-10-03,2026-09-21
860.0,31,0,2026-10-03,2026-09-21
870.0,125,0,2026-10-03,2026-09-21
880.0,27,0,2026-10-03,2026-09-21
890.0,26,0,2026-10-03,2026-09-21
900.0,97,0,2026-10-03,2026-09-21
910.0,15,0,2026-10-03,2026-09-21
920.0,117,0,2026-10-03,2026-09-21
930.0,31,0,2026-10-03,2026-09-21
940.0,109,0,2026-10-03,2026-09-21
950.0,25,0,2026-10-03,2026-09-21
960.0,5,0,2026-10-03,2026-09-21
970.0,26,0,2026-10-03,2026-09-21
980.0,19,0,2026-10-03,2026-09-21
990.0,5,0,2026-10-03,2026-09-21
566.75,2,0,2026-10-09,2026-09-21
40.0,0,71,2026-10-10,2026-09-21
45.0,0,23,2026-10-10,2026-09-21
50.0,0,11,2026-10-10,2026-09-21
55.0,0,7,2026-10-10,2026-09-21
60.0,0,48,2026-10-10,2026-09-21
65.0,0,36,2026-10-10,2026-09-21
70.0,3,40,2026-10-10,2026-09-21
75.0,0,26,2026-10-10,2026-09-21
80.0,0,54,2026-10-10,2026-09-21
85.0,0,34,2026-10-10,2026-09-21
90.0,3,14,2026-10-10,2026-09-21
95.0,0,26,2026-10-10,2026-09-21
100.0,0,18,2026-10-10,2026-09-21
105.0,0,4,2026-10-10,2026-09-21
110.0,0,7,2026-10-10,2026-09-21
115.0,0,1,2026-10-10,2026-09-21
120.0,1,5,2026-10-10,2026-09-21
125.0,0,1,2026-10-10,2026-09-21
130.0,0,1,2026-10-10,2026-09-21
135.0,0,1,2026-10-10,2026-09-21
140.0,2,2,2026-10-10,2026-09-21
145.0,0,1,2026-10-10,2026-09-21
150.0,2,0,2026-10-10,2026-09-21
155.0,1,0,2026-10-10,2026-09-21
160.0,1,4,2026-10-10,2026-09-21
165.0,0,0,2026-10-10,2026-09-21
170.0,8,1,2026-10-10,2026-09-21
175.0,0,0,2026-10-10,2026-09-21
180.0,1,4,2026-10-10,2026-09-21
185.0,3,13,2026-10-10,2026-09-21
190.0,0,21,2026-10-10,2026-09-21
195.0,1,30,2026-10-10,2026-09-21
200.0,0,73,2026-10-10,2026-09-21
205.0,0,27,2026-10-10,2026-09-21
210.0,0,23,2026-10-10,2026-09-21
215.0,7,41,2026-10-10,2026-09-21
220.0,2,6,2026-10-10,2026-09-21
225.0,2,31,2026-10-10,2026-09-21
230.0,1,11,2026-10-10,2026-09-21
235.0,0,14,2026-10-10,2026-09-21
240.0,5,36,2026-10-10,2026-09-21
245.0,2,12,2026-10-10,2026-09-21
250.0,3,41,2026-10-10,2026-09-21
255.0,4,10,2026-10-10,2026-09-21
260.0,1,12,2026-10-10,2026-09-21
265.0,0,11,2026-10-10,2026-09-21
270.0,0,25,2026-10-10,2026-09-21
275.0,2,45,2026-10-10,2026-09-21
280.0,0,72,2026-10-10,2026-09-21
285.0,0,50,2026-10-10,2026-09-21
290.0,0,173,2026-10-10,2026-09-21
295.0,3,34,2026-10-10,2026-09-21
300.0,1,115,2026-10-10,2026-09-21
305.0,2,36,2026-10-10,2026-09-21
310.0,0,9035,2026-10-10,2026-09-21
315.0,1,5,2026-10-10,2026-09-21
320.0,4,91,2026-10-10,2026-09-21
325.0,2,48,2026-10-10,2026-09-21
330.0,8,44,2026-10-10,2026-09-21
335.0,1,55,2026-10-10,2026-09-21
340.0,1,80,2026-10-10,2026-09-21
345.0,1,51,2026-10-10,2026-09-21
350.0,3,1059,2026-10-10,2026-09-21
355.0,0,51,2026-10-10,2026-09-21
360.0,2,102,2026-10-10,2026-09-21
365.0,0,60,2026-10-10,2026-09-21
370.0,3,45,2026-10-10,2026-09-21
375.0,5,60,2026-10-10,2026-09-21
380.0,7,91,2026-10-10,2026-09-21
385.0,5,1359,2026-10-10,2026-09-21
390.0,16,95,2026-10-10,2026-09-21
395.0,0,111,2026-10-10,2026-09-21
400.0,28,195,2026-10-10,2026-09-21
405.0,1,235,2026-10-10,2026-09-21
410.0,3,133,2026-10-10,2026-09-21
415.0,16,187,2026-10-10,2026-09-21
420.0,13,2522,2026-10-10,2026-09-21
425.0,11,98,2026-10-10,2026-09-21
430.0,7,170,2026-10-10,2026-09-21
435.0,8,352,2026-10-10,2026-09-21
440.0,92,417,2026-10-10,2026-09-21
445.0,15,283,2026-10-10,2026-09-21
450.0,137,348,2026-10-10,2026-09-21
455.0,54,163,2026-10-10,2026-09-21
460.0,66,152,2026-10-10,2026-09-21
465.0,67,156,2026-10-10,2026-09-21
470.0,48,294,2026-10-10,2026-09-21
475.0,211,294,2026-10-10,2026-09-21
480.0,187,290,2026-10-10,2026-09-21
485.0,118,128,2026-10-10,2026-09-21
490.0,1490,263,2026-10-10,2026-09-21
495.0,108,138,2026-10-10,2026-09-21
500.0,290,426,2026-10-10,2026-09-21
505.0,340,150,2026-10-10,2026-09-21
510.0,323,233,2026-10-10,2026-09-21
515.0,1147,200,2026-10-10,2026-09-21
520.0,448,321,2026-10-10,2026-09-21
525.0,199,82,2026-10-10,2026-09-21
530.0,471,111,2026-10-10,2026-09-21
535.0,144,89,2026-10-10,2026-09-21
540.0,157,423,2026-10-10,2026-09-21
545.0,348,99,2026-10-10,2026-09-21
550.0,600,226,2026-10-10,2026-09-21
555.0,179,40,2026-10-10,2026-09-21
560.0,753,21,2026-10-10,2026-09-21
565.0,371,45,2026-10-10,2026-09-21
570.0,1051,20,2026-10-10,2026-09-21
575.0,288,19,2026-10-10,2026-09-21
580.0,394,6,2026-10-10,2026-09-21
585.0,215,4,2026-10-10,2026-09-21
590.0,193,1,2026-10-10,2026-09-21
595.0,167,44,2026-10-10,2026-09-21
600.0,1225,2,2026-10-10,2026-09-21
605.0,1006,4,2026-10-10,2026-09-21
610.0,325,0,2026-10-10,2026-09-21
615.0,280,0,2026-10-10,2026-09-21
620.0,207,4,2026-10-10,2026-09-21
625.0,81,0,2026-10-10,2026-09-21
630.0,172,2,2026-10-10,2026-09-21
635.0,44,0,2026-10-10,2026-09-21
640.0,281,3,2026-10-10,2026-09-21
645.0,38,0,2026-10-10,2026-09-21
650.0,575,0,2026-10-10,2026-09-21
655.0,72,0,2026-10-10,2026-09-21
660.0,70,0,2026-10-10,2026-09-21
665.0,19,0,2026-10-10,2026-09-21
670.0,19,0,2026-10-10,2026-09-21
675.0,22,0,2026-10-10,2026-09-21
680.0,10,0,2026-10-10,2026-09-21
685.0,7,0,2026-10-10,2026-09-21
690.0,119,0,2026-10-10,2026-09-21
695.0,14,0,2026-10-10,2026-09-21
700.0,59,0,2026-10-10,2026-09-21
705.0,7,0,2026-10-10,2026-09-21
710.0,97,0,2026-10-10,2026-09-21
715.0,16,0,2026-10-10,2026-09-21
720.0,38,0,2026-10-10,2026-09-21
725.0,14,0,2026-10-10,2026-09-21
730.0,59,0,2026-10-10,2026-09-21
735.0,132,0,2026-10-10,2026-09-21
740.0,24,0,2026-10-10,2026-09-21
750.0,32,0,2026-10-10,2026-09-21
760.0,40,0,2026-10-10,2026-09-21
770.0,64,0,2026-10-10,2026-09-21
780.0,70,0,2026-10-10,2026-09-21
790.0,29,0,2026-10-10,2026-09-21
800.0,35,0,2026-10-10,2026-09-21
810.0,9,0,2026-10-10,2026-09-21
820.0,7,0,2026-10-10,2026-09-21
830.0,5,0,2026-10-10,2026-09-21
840.0,11,0,2026-10-10,2026-09-21
850.0,19,0,2026-10-10,2026-09-21
860.0,20,0,2026-10-10,2026-09-21
870.0,11,0,2026-10-10,2026-09-21
880.0,13,0,2026-10-10,2026-09-21
890.0,14,0,2026-10-10,2026-09-21
900.0,18,0,2026-10-10,2026-09-21
910.0,8,0,2026-10-10,2026-09-21
920.0,15,0,2026-10-10,2026-09-21
930.0,20,0,2026-10-10,2026-09-21
940.0,8,0,2026-10-10,2026-09-21
950.0,15,0,2026-10-10,2026-09-21
960.0,121,0,2026-10-10,2026-09-21
100.0,196,1032,2026-10-17,2026-09-21
105.0,81,159,2026-10-17,2026-09-21
110.0,32,527,2026-10-17,2026-09-21
115.0,27,103,2026-10-17,2026-09-21
120.0,56,1490,2026-10-17,2026-09-21
125.0,86,462,2026-10-17,2026-09-21
130.0,82,399,2026-10-17,2026-09-21
135.0,153,260,2026-10-17,2026-09-21
140.0,167,518,2026-10-17,2026-09-21
145.0,136,484,2026-10-17,2026-09-21
150.0,139,2502,2026-10-17,2026-09-21
155.0,135,253,2026-10-17,2026-09-21
160.0,204,2374,2026-10-17,2026-09-21
165.0,95,982,2026-10-17,2026-09-21
170.0,130,412,2026-10-17,2026-09-21
175.0,136,991,2026-10-17,2026-09-21
180.0,277,769,2026-10-17,2026-09-21
185.0,227,400,2026-10-17,2026-09-21
190.0,972,312,2026-10-17,2026-09-21
195.0,204,754,2026-10-17,2026-09-21
200.0,422,2869,2026-10-17,2026-09-21
210.0,639,875,2026-10-17,2026-09-21
220.0,259,773,2026-10-17,2026-09-21
230.0,533,634,2026-10-17,2026-09-21
240.0,382,934,2026-10-17,2026-09-21
250.0,927,1291,2026-10-17,2026-09-21
257.0,1138,0,2026-10-17,2026-09-21
260.0,465,2170,2026-10-17,2026-09-21
270.0,485,1091,2026-10-17,2026-09-21
280.0,896,904,2026-10-17,2026-09-21
290.0,325,1201,2026-10-17,2026-09-21
300.0,992,5780,2026-10-17,2026-09-21
310.0,434,1492,2026-10-17,2026-09-21
320.0,934,1721,2026-10-17,2026-09-21
330.0,947,2481,2026-10-17,2026-09-21
340.0,672,1265,2026-10-17,2026-09-21
350.0,6,0,2026-10-17,2026-09-21
350.0,612,3712,2026-10-17,2026-09-21
360.0,260,1675,2026-10-17,2026-09-21
370.0,589,6766,2026-10-17,2026-09-21
380.0,552,3172,2026-10-17,2026-09-21
390.0,250,2292,2026-10-17,2026-09-21
400.0,3,0,2026-10-17,2026-09-21
400.0,580,9348,2026-10-17,2026-09-21
410.0,237,2706,2026-10-17,2026-09-21
420.0,430,7313,2026-10-17,2026-09-21
430.0,1000,1000,2026-10-17,2026-09-21
430.0,405,3359,2026-10-17,2026-09-21
440.0,382,4163,2026-10-17,2026-09-21
450.0,6425,6412,2026-10-17,2026-09-21
460.0,2000,2000,2026-10-17,2026-09-21
460.0,954,3611,2026-10-17,2026-09-21
470.0,1970,1970,2026-10-17,2026-09-21
470.0,1490,3079,2026-10-17,2026-09-21
475.0,5000,5000,2026-10-17,2026-09-21
480.0,17740,17740,2026-10-17,2026-09-21
480.0,1760,3226,2026-10-17,2026-09-21
490.0,8324,8324,2026-10-17,2026-09-21
490.0,12393,2131,2026-10-17,2026-09-21
490.01,0,8280,2026-10-17,2026-09-21
495.0,1500,1500,2026-10-17,2026-09-21
500.0,2250,2250,2026-10-17,2026-09-21
500.0,2941,3432,2026-10-17,2026-09-21
510.0,4000,4000,2026-10-17,2026-09-21
510.0,2245,1149,2026-10-17,2026-09-21
520.0,404,404,2026-10-17,2026-09-21
520.0,3310,3124,2026-10-17,2026-09-21
520.01,193,0,2026-10-17,2026-09-21
525.0,500,500,2026-10-17,2026-09-21
530.0,3763,3763,2026-10-17,2026-09-21
530.0,3474,1122,2026-10-17,2026-09-21
540.0,4604,2102,2026-10-17,2026-09-21
550.0,47,37,2026-10-17,2026-09-21
550.0,4967,1072,2026-10-17,2026-09-21
560.0,2437,1814,2026-10-17,2026-09-21
570.0,1943,587,2026-10-17,2026-09-21
580.0,7,0,2026-10-17,2026-09-21
580.0,3170,185,2026-10-17,2026-09-21
590.0,1788,90,2026-10-17,2026-09-21
600.0,7575,206,2026-10-17,2026-09-21
610.0,3126,6,2026-10-17,2026-09-21
620.0,1627,108,2026-10-17,2026-09-21
630.0,2121,22,2026-10-17,2026-09-21
640.0,1562,36,2026-10-17,2026-09-21
650.0,3266,0,2026-10-17,2026-09-21
660.0,648,3,2026-10-17,2026-09-21
670.0,242,9,2026-10-17,2026-09-21
680.0,636,16,2026-10-17,2026-09-21
690.0,584,10,2026-10-17,2026-09-21
700.0,3007,2,2026-10-17,2026-09-21
710.0,585,0,2026-10-17,2026-09-21
720.0,767,0,2026-10-17,2026-09-21
730.0,220,0,2026-10-17,2026-09-21
740.0,295,0,2026-10-17,2026-09-21
750.0,1615,0,2026-10-17,2026-09-21
760.0,1111,0,2026-10-17,2026-09-21
770.0,510,0,2026-10-17,2026-09-21
780.0,498,0,2026-10-17,2026-09-21
790.0,424,0,2026-10-17,2026-09-21
800.0,2877,0,2026-10-17,2026-09-21
810.0,269,0,2026-10-17,2026-09-21
820.0,495,0,2026-10-17,2026-09-21
830.0,454,0,2026-10-17,2026-09-21
840.0,165,0,2026-10-17,2026-09-21
850.0,296,0,2026-10-17,2026-09-21
860.0,337,0,2026-10-17,2026-09-21
870.0,59,0,2026-10-17,2026-09-21
880.0,98,0,2026-10-17,2026-09-21
890.0,165,0,2026-10-17,2026-09-21
900.0,1634,0,2026-10-17,2026-09-21
910.0,176,0,2026-10-17,2026-09-21
920.0,360,0,2026-10-17,2026-09-21
930.0,309,0,2026-10-17,2026-09-21
940.0,202,0,2026-10-17,2026-09-21
950.0,880,0,2026-10-17,2026-09-21
960.0,142,0,2026-10-17,2026-09-21
970.0,161,0,2026-10-17,2026-09-21
980.0,76,0,2026-10-17,2026-09-21
990.0,74,0,2026-10-17,2026-09-21
1000.0,541,0,2026-10-17,2026-09-21
1010.0,274,0,2026-10-17,2026-09-21
1020.0,167,0,2026-10-17,2026-09-21
1030.0,88,0,2026-10-17,2026-09-21
1040.0,79,0,2026-10-17,2026-09-21
1050.0,374,0,2026-10-17,2026-09-21
1060.0,448,0,2026-10-17,2026-09-21
1070.0,288,0,2026-10-17,2026-09-21
1080.0,4843,0,2026-10-17,2026-09-21
1090.0,144,0,2026-10-17,2026-09-21
1100.0,181,0,2026-10-17,2026-09-21
1110.0,414,0,2026-10-17,2026-09-21
1120.0,6280,0,2026-10-17,2026-09-21
40.0,0,0,2026-10-24,2026-09-21
45.0,0,0,2026-10-24,2026-09-21
50.0,6,0,2026-10-24,2026-09-21
55.0,0,0,2026-10-24,2026-09-21
60.0,0,0,2026-10-24,2026-09-21
65.0,0,0,2026-10-24,2026-09-21
70.0,0,0,2026-10-24,2026-09-21
75.0,0,0,2026-10-24,2026-09-21
80.0,0,0,2026-10-24,2026-09-21
85.0,0,0,2026-10-24,2026-09-21
90.0,0,0,2026-10-24,2026-09-21
95.0,0,0,2026-10-24,2026-09-21
100.0,0,0,2026-10-24,2026-09-21
105.0,0,0,2026-10-24,2026-09-21
110.0,5,0,2026-10-24,2026-09-21
115.0,2,0,2026-10-24,2026-09-21
120.0,2,0,2026-10-24,2026-09-21
125.0,0,0,2026-10-24,2026-09-21
130.0,0,0,2026-10-24,2026-09-21
135.0,0,0,2026-10-24,2026-09-21
140.0,0,1,2026-10-24,2026-09-21
145.0,0,0,2026-10-24,2026-09-21
150.0,4,0,2026-10-24,2026-09-21
155.0,1,2,2026-10-24,2026-09-21
160.0,2,0,2026-10-24,2026-09-21
165.0,0,0,2026-10-24,2026-09-21
170.0,0,0,2026-10-24,2026-09-21
175.0,1,4,2026-10-24,2026-09-21
180.0,7,0,2026-10-24,2026-09-21
185.0,6,0,2026-10-24,2026-09-21
190.0,0,7,2026-10-24,2026-09-21
195.0,0,1,2026-10-24,2026-09-21
200.0,4,63,2026-10-24,2026-09-21
205.0,0,12,2026-10-24,2026-09-21
210.0,3,16,2026-10-24,2026-09-21
215.0,2,17,2026-10-24,2026-09-21
220.0,3,144,2026-10-24,2026-09-21
225.0,0,7,2026-10-24,2026-09-21
230.0,4,11,2026-10-24,2026-09-21
235.0,1,12,2026-10-24,2026-09-21
240.0,7,9,2026-10-24,2026-09-21
245.0,2,2,2026-10-24,2026-09-21
250.0,2,17,2026-10-24,2026-09-21
255.0,3,11,2026-10-24,2026-09-21
260.0,4,9,2026-10-24,2026-09-21
265.0,1,18,2026-10-24,2026-09-21
270.0,1,11,2026-10-24,2026-09-21
275.0,0,7,2026-10-24,2026-09-21
280.0,3,5,2026-10-24,2026-09-21
285.0,0,14,2026-10-24,2026-09-21
290.0,0,59,2026-10-24,2026-09-21
295.0,0,19,2026-10-24,2026-09-21
300.0,4,77,2026-10-24,2026-09-21
305.0,0,8,2026-10-24,2026-09-21
310.0,0,32,2026-10-24,2026-09-21
315.0,0,11,2026-10-24,2026-09-21
320.0,3,24,2026-10-24,2026-09-21
325.0,0,13,2026-10-24,2026-09-21
330.0,1,37,2026-10-24,2026-09-21
335.0,0,7,2026-10-24,2026-09-21
340.0,0,42,2026-10-24,2026-09-21
345.0,1,6,2026-10-24,2026-09-21
350.0,0,108,2026-10-24,2026-09-21
355.0,0,100,2026-10-24,2026-09-21
360.0,0,79,2026-10-24,2026-09-21
365.0,0,16,2026-10-24,2026-09-21
370.0,1,39,2026-10-24,2026-09-21
375.0,0,35,2026-10-24,2026-09-21
380.0,4,112,2026-10-24,2026-09-21
385.0,2,83,2026-10-24,2026-09-21
390.0,8,71,2026-10-24,2026-09-21
395.0,0,49,2026-10-24,2026-09-21
400.0,1,695,2026-10-24,2026-09-21
405.0,1,150,2026-10-24,2026-09-21
410.0,5,88,2026-10-24,2026-09-21
415.0,5,68,2026-10-24,2026-09-21
420.0,13,208,2026-10-24,2026-09-21
425.0,5,235,2026-10-24,2026-09-21
430.0,95,211,2026-10-24,2026-09-21
435.0,2,129,2026-10-24,2026-09-21
440.0,36,237,2026-10-24,2026-09-21
445.0,15,170,2026-10-24,2026-09-21
450.0,20,251,2026-10-24,2026-09-21
455.0,41,104,2026-10-24,2026-09-21
460.0,14,402,2026-10-24,2026-09-21
465.0,42,208,2026-10-24,2026-09-21
470.0,70,177,2026-10-24,2026-09-21
475.0,155,126,2026-10-24,2026-09-21
480.0,61,163,2026-10-24,2026-09-21
485.0,6500,6500,2026-10-24,2026-09-21
485.0,42,254,2026-10-24,2026-09-21
490.0,122,273,2026-10-24,2026-09-21
495.0,62,179,2026-10-24,2026-09-21
500.0,167,281,2026-10-24,2026-09-21
505.0,73,149,2026-10-24,2026-09-21
510.0,117,200,2026-10-24,2026-09-21
515.0,257,187,2026-10-24,2026-09-21
520.0,2383,305,2026-10-24,2026-09-21
525.0,267,73,2026-10-24,2026-09-21
530.0,925,224,2026-10-24,2026-09-21
535.0,163,126,2026-10-24,2026-09-21
540.0,183,158,2026-10-24,2026-09-21
545.0,174,149,2026-10-24,2026-09-21
550.0,243,352,2026-10-24,2026-09-21
555.0,195,57,2026-10-24,2026-09-21
560.0,317,12,2026-10-24,2026-09-21
565.0,176,42,2026-10-24,2026-09-21
570.0,438,15,2026-10-24,2026-09-21
575.0,150,5,2026-10-24,2026-09-21
580.0,502,37,2026-10-24,2026-09-21
585.0,132,1,2026-10-24,2026-09-21
590.0,150,26,2026-10-24,2026-09-21
595.0,136,7,2026-10-24,2026-09-21
600.0,467,40,2026-10-24,2026-09-21
605.0,506,0,2026-10-24,2026-09-21
610.0,238,0,2026-10-24,2026-09-21
615.0,297,0,2026-10-24,2026-09-21
620.0,270,0,2026-10-24,2026-09-21
625.0,104,3,2026-10-24,2026-09-21
630.0,1622,0,2026-10-24,2026-09-21
635.0,98,1,2026-10-24,2026-09-21
640.0,78,0,2026-10-24,2026-09-21
645.0,154,1,2026-10-24,2026-09-21
650.0,89,0,2026-10-24,2026-09-21
655.0,33,0,2026-10-24,2026-09-21
660.0,266,8,2026-10-24,2026-09-21
665.0,28,9,2026-10-24,2026-09-21
670.0,38,0,2026-10-24,2026-09-21
675.0,103,0,2026-10-24,2026-09-21
680.0,583,0,2026-10-24,2026-09-21
685.0,77,8,2026-10-24,2026-09-21
690.0,20,3,2026-10-24,2026-09-21
695.0,21,17,2026-10-24,2026-09-21
700.0,97,3,2026-10-24,2026-09-21
705.0,3,0,2026-10-24,2026-09-21
710.0,16,0,2026-10-24,2026-09-21
715.0,6,0,2026-10-24,2026-09-21
720.0,11,0,2026-10-24,2026-09-21
725.0,7,0,2026-10-24,2026-09-21
730.0,55,0,2026-10-24,2026-09-21
735.0,45,0,2026-10-24,2026-09-21
740.0,54,0,2026-10-24,2026-09-21
750.0,14,0,2026-10-24,2026-09-21
760.0,9,0,2026-10-24,2026-09-21
770.0,3,0,2026-10-24,2026-09-21
780.0,7,2,2026-10-24,2026-09-21
790.0,1,0,2026-10-24,2026-09-21
800.0,77,0,2026-10-24,2026-09-21
810.0,1,0,2026-10-24,2026-09-21
820.0,19,0,2026-10-24,2026-09-21
830.0,0,0,2026-10-24,2026-09-21
840.0,12,0,2026-10-24,2026-09-21
850.0,26,0,2026-10-24,2026-09-21
860.0,3,0,2026-10-24,2026-09-21
870.0,3,0,2026-10-24,2026-09-21
880.0,75,0,2026-10-24,2026-09-21
890.0,178,0,2026-10-24,2026-09-21
900.0,182,0,2026-10-24,2026-09-21
910.0,2,0,2026-10-24,2026-09-21
920.0,2,0,2026-10-24,2026-09-21
930.0,8,0,2026-10-24,2026-09-21
940.0,2,0,2026-10-24,2026-09-21
950.0,1,0,2026-10-24,2026-09-21
960.0,5,0,2026-10-24,2026-09-21
40.0,0,2,2026-10-31,2026-09-21
50.0,0,0,2026-10-31,2026-09-21
60.0,0,0,2026-10-31,2026-09-21
70.0,0,0,2026-10-31,2026-09-21
80.0,0,0,2026-10-31,2026-09-21
90.0,0,0,2026-10-31,2026-09-21
100.0,0,0,2026-10-31,2026-09-21
110.0,0,0,2026-10-31,2026-09-21
120.0,1,0,2026-10-31,2026-09-21
130.0,0,0,2026-10-31,2026-09-21
140.0,0,0,2026-10-31,2026-09-21
150.0,5,0,2026-10-31,2026-09-21
160.0,0,0,2026-10-31,2026-09-21
170.0,1,0,2026-10-31,2026-09-21
180.0,0,0,2026-10-31,2026-09-21
190.0,0,0,2026-10-31,2026-09-21
200.0,6,2,2026-10-31,2026-09-21
210.0,0,7,2026-10-31,2026-09-21
220.0,9,0,2026-10-31,2026-09-21
220.0,1,3,2026-10-31,2026-09-21
230.0,1,9,2026-10-31,2026-09-21
240.0,2,7,2026-10-31,2026-09-21
250.0,0,11,2026-10-31,2026-09-21
255.0,1,0,2026-10-31,2026-09-21
260.0,2,47,2026-10-31,2026-09-21
270.0,11,39,2026-10-31,2026-09-21
280.0,0,2,2026-10-31,2026-09-21
290.0,0,71,2026-10-31,2026-09-21
300.0,1,33,2026-10-31,2026-09-21
310.0,0,23,2026-10-31,2026-09-21
315.0,0,15,2026-10-31,2026-09-21
320.0,1,37,2026-10-31,2026-09-21
325.0,3,24,2026-10-31,2026-09-21
330.0,0,56,2026-10-31,2026-09-21
335.0,0,6,2026-10-31,2026-09-21
340.0,2,50,2026-10-31,2026-09-21
345.0,1,5,2026-10-31,2026-09-21
350.0,10,32,2026-10-31,2026-09-21
355.0,1,12,2026-10-31,2026-09-21
360.0,3,12,2026-10-31,2026-09-21
365.0,0,7,2026-10-31,2026-09-21
370.0,0,20,2026-10-31,2026-09-21
375.0,1,56,2026-10-31,2026-09-21
380.0,0,58,2026-10-31,2026-09-21
385.0,0,24,2026-10-31,2026-09-21
390.0,2,66,2026-10-31,2026-09-21
395.0,8,17,2026-10-31,2026-09-21
400.0,7,91,2026-10-31,2026-09-21
405.0,1,10,2026-10-31,2026-09-21
410.0,2,48,2026-10-31,2026-09-21
415.0,0,24,2026-10-31,2026-09-21
420.0,1,102,2026-10-31,2026-09-21
425.0,11,66,2026-10-31,2026-09-21
430.0,2,124,2026-10-31,2026-09-21
435.0,6,48,2026-10-31,2026-09-21
440.0,1,70,2026-10-31,2026-09-21
445.0,0,40,2026-10-31,2026-09-21
450.0,11,304,2026-10-31,2026-09-21
455.0,4,114,2026-10-31,2026-09-21
460.0,0,163,2026-10-31,2026-09-21
465.0,21,57,2026-10-31,2026-09-21
470.0,23,104,2026-10-31,2026-09-21
475.0,20,78,2026-10-31,2026-09-21
480.0,30,92,2026-10-31,2026-09-21
485.0,50,61,2026-10-31,2026-09-21
490.0,59,75,2026-10-31,2026-09-21
495.0,43,161,2026-10-31,2026-09-21
500.0,54,284,2026-10-31,2026-09-21
505.0,51,25,2026-10-31,2026-09-21
510.0,31,115,2026-10-31,2026-09-21
515.0,31,39,2026-10-31,2026-09-21
520.0,69,131,2026-10-31,2026-09-21
525.0,41,60,2026-10-31,2026-09-21
530.0,103,47,2026-10-31,2026-09-21
535.0,96,44,2026-10-31,2026-09-21
540.0,55,66,2026-10-31,2026-09-21
545.0,219,27,2026-10-31,2026-09-21
550.0,227,74,2026-10-31,2026-09-21
555.0,100,3,2026-10-31,2026-09-21
560.0,267,6,2026-10-31,2026-09-21
565.0,115,5,2026-10-31,2026-09-21
570.0,191,5,2026-10-31,2026-09-21
575.0,83,264,2026-10-31,2026-09-21
580.0,182,251,2026-10-31,2026-09-21
585.0,112,0,2026-10-31,2026-09-21
590.0,50,32,2026-10-31,2026-09-21
595.0,94,3,2026-10-31,2026-09-21
600.0,353,34,2026-10-31,2026-09-21
605.0,28,0,2026-10-31,2026-09-21
610.0,60,0,2026-10-31,2026-09-21
615.0,35,4,2026-10-31,2026-09-21
620.0,144,7,2026-10-31,2026-09-21
625.0,34,2,2026-10-31,2026-09-21
630.0,297,1,2026-10-31,2026-09-21
635.0,38,1,2026-10-31,2026-09-21
640.0,295,1,2026-10-31,2026-09-21
645.0,226,1,2026-10-31,2026-09-21
650.0,362,0,2026-10-31,2026-09-21
655.0,54,0,2026-10-31,2026-09-21
660.0,61,0,2026-10-31,2026-09-21
665.0,41,0,2026-10-31,2026-09-21
670.0,26,2,2026-10-31,2026-09-21
675.0,34,1,2026-10-31,2026-09-21
680.0,56,2,2026-10-31,2026-09-21
685.0,47,1,2026-10-31,2026-09-21
690.0,10,0,2026-10-31,2026-09-21
695.0,48,0,2026-10-31,2026-09-21
700.0,93,0,2026-10-31,2026-09-21
705.0,2,0,2026-10-31,2026-09-21
710.0,15,0,2026-10-31,2026-09-21
720.0,3,0,2026-10-31,2026-09-21
730.0,3,0,2026-10-31,2026-09-21
740.0,1,0,2026-10-31,2026-09-21
750.0,25,0,2026-10-31,2026-09-21
760.0,2,0,2026-10-31,2026-09-21
770.0,1,0,2026-10-31,2026-09-21
780.0,1,0,2026-10-31,2026-09-21
790.0,0,0,2026-10-31,2026-09-21
800.0,11,0,2026-10-31,2026-09-21
810.0,1,0,2026-10-31,2026-09-21
820.0,0,0,2026-10-31,2026-09-21
830.0,31,0,2026-10-31,2026-09-21
840.0,6,0,2026-10-31,2026-09-21
850.0,29,0,2026-10-31,2026-09-21
860.0,14,0,2026-10-31,2026-09-21
870.0,33,0,2026-10-31,2026-09-21
880.0,18,0,2026-10-31,2026-09-21
890.0,37,0,2026-10-31,2026-09-21
900.0,45,0,2026-10-31,2026-09-21
910.0,17,0,2026-10-31,2026-09-21
920.0,24,0,2026-10-31,2026-09-21
930.0,8,0,2026-10-31,2026-09-21
940.0,8,0,2026-10-31,2026-09-21
950.0,4,0,2026-10-31,2026-09-21
960.0,140,0,2026-10-31,2026-09-21
489.03,9300,9300,2026-11-04,2026-09-21
523.02,13018,13018,2026-11-04,2026-09-21
535.0,375,375,2026-11-07,2026-09-21
100.0,101,1194,2026-11-21,2026-09-21
105.0,105,594,2026-11-21,2026-09-21
110.0,58,359,2026-11-21,2026-09-21
115.0,71,182,2026-11-21,2026-09-21
120.0,168,1306,2026-11-21,2026-09-21
125.0,105,539,2026-11-21,2026-09-21
130.0,66,1921,2026-11-21,2026-09-21
135.0,112,598,2026-11-21,2026-09-21
140.0,244,2932,2026-11-21,2026-09-21
145.0,236,268,2026-11-21,2026-09-21
150.0,257,1375,2026-11-21,2026-09-21
155.0,118,1071,2026-11-21,2026-09-21
160.0,146,3215,2026-11-21,2026-09-21
165.0,140,1546,2026-11-21,2026-09-21
170.0,165,1059,2026-11-21,2026-09-21
175.0,97,818,2026-11-21,2026-09-21
180.0,170,995,2026-11-21,2026-09-21
185.0,112,955,2026-11-21,2026-09-21
190.0,112,4724,2026-11-21,2026-09-21
195.0,412,955,2026-11-21,2026-09-21
200.0,439,3933,2026-11-21,2026-09-21
210.0,237,4731,2026-11-21,2026-09-21
220.0,914,1575,2026-11-21,2026-09-21
230.0,945,1202,2026-11-21,2026-09-21
240.0,16637,1609,2026-11-21,2026-09-21
250.0,9,0,2026-11-21,2026-09-21
250.0,1612,2154,2026-11-21,2026-09-21
260.0,9667,1499,2026-11-21,2026-09-21
270.0,831,722,2026-11-21,2026-09-21
280.0,1235,521,2026-11-21,2026-09-21
290.0,508,1096,2026-11-21,2026-09-21
300.0,1245,2461,2026-11-21,2026-09-21
310.0,510,1006,2026-11-21,2026-09-21
320.0,301,1585,2026-11-21,2026-09-21
330.0,722,3215,2026-11-21,2026-09-21
340.0,639,1380,2026-11-21,2026-09-21
350.0,927,3154,2026-11-21,2026-09-21
360.0,586,3552,2026-11-21,2026-09-21
370.0,467,1874,2026-11-21,2026-09-21
380.0,666,2490,2026-11-21,2026-09-21
390.0,578,1868,2026-11-21,2026-09-21
400.0,940,4240,2026-11-21,2026-09-21
410.0,291,5446,2026-11-21,2026-09-21
420.0,448,1553,2026-11-21,2026-09-21
430.0,11694,2196,2026-11-21,2026-09-21
440.0,335,2317,2026-11-21,2026-09-21
450.0,722,3586,2026-11-21,2026-09-21
460.0,443,2226,2026-11-21,2026-09-21
470.0,889,2615,2026-11-21,2026-09-21
480.0,2500,2500,2026-11-21,2026-09-21
480.0,823,1400,2026-11-21,2026-09-21
490.0,2040,2040,2026-11-21,2026-09-21
490.0,733,1900,2026-11-21,2026-09-21
500.0,300,300,2026-11-21,2026-09-21
500.0,3042,2745,2026-11-21,2026-09-21
510.0,1426,655,2026-11-21,2026-09-21
520.0,2039,723,2026-11-21,2026-09-21
530.0,1298,918,2026-11-21,2026-09-21
540.0,2059,648,2026-11-21,2026-09-21
550.0,3219,491,2026-11-21,2026-09-21
560.0,816,255,2026-11-21,2026-09-21
570.0,10,0,2026-11-21,2026-09-21
570.0,699,498,2026-11-21,2026-09-21
580.0,2473,194,2026-11-21,2026-09-21
590.0,1630,132,2026-11-21,2026-09-21
600.0,4794,476,2026-11-21,2026-09-21
610.0,1316,113,2026-11-21,2026-09-21
620.0,1892,59,2026-11-21,2026-09-21
630.0,3149,92,2026-11-21,2026-09-21
640.0,741,109,2026-11-21,2026-09-21
650.0,1560,47,2026-11-21,2026-09-21
660.0,1130,43,2026-11-21,2026-09-21
670.0,636,53,2026-11-21,2026-09-21
680.0,684,32,2026-11-21,2026-09-21
690.0,217,15,2026-11-21,2026-09-21
700.0,2272,50,2026-11-21,2026-09-21
710.0,143,27,2026-11-21,2026-09-21
720.0,236,16,2026-11-21,2026-09-21
730.0,297,70,2026-11-21,2026-09-21
740.0,191,181,2026-11-21,2026-09-21
750.0,279,19,2026-11-21,2026-09-21
760.0,210,49,2026-11-21,2026-09-21
770.0,654,9,2026-11-21,2026-09-21
780.0,340,0,2026-11-21,2026-09-21
790.0,159,0,2026-11-21,2026-09-21
800.0,2866,5,2026-11-21,2026-09-21
810.0,872,0,2026-11-21,2026-09-21
820.0,1039,0,2026-11-21,2026-09-21
830.0,136,0,2026-11-21,2026-09-21
840.0,233,0,2026-11-21,2026-09-21
850.0,933,0,2026-11-21,2026-09-21
860.0,179,0,2026-11-21,2026-09-21
870.0,930,0,2026-11-21,2026-09-21
880.0,311,0,2026-11-21,2026-09-21
890.0,334,0,2026-11-21,2026-09-21
900.0,1644,0,2026-11-21,2026-09-21
910.0,304,0,2026-11-21,2026-09-21
920.0,100,0,2026-11-21,2026-09-21
930.0,442,0,2026-11-21,2026-09-21
940.0,145,0,2026-11-21,2026-09-21
950.0,185,0,2026-11-21,2026-09-21
960.0,160,0,2026-11-21,2026-09-21
970.0,267,0,2026-11-21,2026-09-21
980.0,253,0,2026-11-21,2026-09-21
990.0,177,0,2026-11-21,2026-09-21
1000.0,284,0,2026-11-21,2026-09-21
1010.0,246,0,2026-11-21,2026-09-21
1020.0,45,0,2026-11-21,2026-09-21
1030.0,56,0,2026-11-21,2026-09-21
1040.0,187,0,2026-11-21,2026-09-21
1050.0,254,0,2026-11-21,2026-09-21
1060.0,197,0,2026-11-21,2026-09-21
1070.0,130,0,2026-11-21,2026-09-21
1080.0,86,0,2026-11-21,2026-09-21
1090.0,71,0,2026-11-21,2026-09-21
1100.0,105,0,2026-11-21,2026-09-21
1110.0,272,0,2026-11-21,2026-09-21
1120.0,1508,0,2026-11-21,2026-09-21
5.0,1144,32,2026-12-19,2026-09-21
10.0,4,2,2026-12-19,2026-09-21
15.0,0,201,2026-12-19,2026-09-21
20.0,956,525,2026-12-19,2026-09-21
25.0,212,864,2026-12-19,2026-09-21
30.0,208,188,2026-12-19,2026-09-21
35.0,9,970,2026-12-19,2026-09-21
40.0,14,252,2026-12-19,2026-09-21
45.0,101,1117,2026-12-19,2026-09-21
50.0,211,691,2026-12-19,2026-09-21
55.0,51,1743,2026-12-19,2026-09-21
60.0,160,1577,2026-12-19,2026-09-21
65.0,221,526,2026-12-19,2026-09-21
70.0,298,1093,2026-12-19,2026-09-21
75.0,329,1388,2026-12-19,2026-09-21
80.0,233,2426,2026-12-19,2026-09-21
85.0,1297,1594,2026-12-19,2026-09-21
90.0,646,4182,2026-12-19,2026-09-21
95.0,1175,1298,2026-12-19,2026-09-21
100.0,1915,11339,2026-12-19,2026-09-21
105.0,477,1106,2026-12-19,2026-09-21
110.0,1115,3176,2026-12-19,2026-09-21
115.0,735,2330,2026-12-19,2026-09-21
120.0,1082,6069,2026-12-19,2026-09-21
125.0,1104,2136,2026-12-19,2026-09-21
130.0,2227,2589,2026-12-19,2026-09-21
135.0,3859,1607,2026-12-19,2026-09-21
140.0,5079,6363,2026-12-19,2026-09-21
145.0,2045,2472,2026-12-19,2026-09-21
150.0,1503,3744,2026-12-19,2026-09-21
155.0,854,1266,2026-12-19,2026-09-21
160.0,1003,4044,2026-12-19,2026-09-21
165.0,1640,1808,2026-12-19,2026-09-21
170.0,1104,9210,2026-12-19,2026-09-21
175.0,542,1997,2026-12-19,2026-09-21
180.0,1013,2342,2026-12-19,2026-09-21
185.0,877,1334,2026-12-19,2026-09-21
190.0,1895,2235,2026-12-19,2026-09-21
195.0,1350,1407,2026-12-19,2026-09-21
200.0,2500,2500,2026-12-19,2026-09-21
200.0,2438,4881,2026-12-19,2026-09-21
210.0,1978,1978,2026-12-19,2026-09-21
215.0,0,0,2026-12-19,2026-09-21
220.0,1544,1779,2026-12-19,2026-09-21
230.0,1938,1948,2026-12-19,2026-09-21
235.0,5000,5000,2026-12-19,2026-09-21
240.0,2464,1550,2026-12-19,2026-09-21
250.0,2125,2649,2026-12-19,2026-09-21
260.0,1578,1712,2026-12-19,2026-09-21
270.0,2063,1473,2026-12-19,2026-09-21
280.0,2078,2666,2026-12-19,2026-09-21
290.0,1589,1796,2026-12-19,2026-09-21
300.0,3965,4681,2026-12-19,2026-09-21
310.0,2338,949,2026-12-19,2026-09-21
320.0,1071,1236,2026-12-19,2026-09-21
330.0,1617,2214,2026-12-19,2026-09-21
340.0,1666,2387,2026-12-19,2026-09-21
350.0,5212,2956,2026-12-19,2026-09-21
360.0,2263,1235,2026-12-19,2026-09-21
370.0,1661,1561,2026-12-19,2026-09-21
380.0,1507,2081,2026-12-19,2026-09-21
390.0,4185,1729,2026-12-19,2026-09-21
400.0,4691,7745,2026-12-19,2026-09-21
410.0,820,1655,2026-12-19,2026-09-21
420.0,1008,1989,2026-12-19,2026-09-21
430.0,656,1423,2026-12-19,2026-09-21
440.0,573,1273,2026-12-19,2026-09-21
450.0,1335,3095,2026-12-19,2026-09-21
460.0,611,1612,2026-12-19,2026-09-21
470.0,537,1610,2026-12-19,2026-09-21
480.0,2494,1184,2026-12-19,2026-09-21
490.0,1198,1080,2026-12-19,2026-09-21
500.0,2500,2500,2026-12-19,2026-09-21
500.0,3767,1747,2026-12-19,2026-09-21
510.0,772,335,2026-12-19,2026-09-21
520.0,1536,395,2026-12-19,2026-09-21
530.0,1731,584,2026-12-19,2026-09-21
540.0,594,645,2026-12-19,2026-09-21
550.0,2526,737,2026-12-19,2026-09-21
560.0,543,313,2026-12-19,2026-09-21
570.0,534,874,2026-12-19,2026-09-21
580.0,775,126,2026-12-19,2026-09-21
590.0,406,189,2026-12-19,2026-09-21
600.0,4784,208,2026-12-19,2026-09-21
610.0,1433,262,2026-12-19,2026-09-21
620.0,715,59,2026-12-19,2026-09-21
630.0,3440,46,2026-12-19,2026-09-21
640.0,1619,28,2026-12-19,2026-09-21
650.0,1266,144,2026-12-19,2026-09-21
660.0,603,25,2026-12-19,2026-09-21
670.0,498,57,2026-12-19,2026-09-21
680.0,2030,79,2026-12-19,2026-09-21
690.0,384,132,2026-12-19,2026-09-21
700.0,3221,46,2026-12-19,2026-09-21
710.0,590,46,2026-12-19,2026-09-21
720.0,1456,19,2026-12-19,2026-09-21
730.0,244,10,2026-12-19,2026-09-21
740.0,1990,7,2026-12-19,2026-09-21
750.0,885,1,2026-12-19,2026-09-21
760.0,446,4,2026-12-19,2026-09-21
770.0,187,17,2026-12-19,2026-09-21
780.0,271,38,2026-12-19,2026-09-21
790.0,168,177,2026-12-19,2026-09-21
800.0,1431,15,2026-12-19,2026-09-21
810.0,149,10,2026-12-19,2026-09-21
820.0,330,0,2026-12-19,2026-09-21
830.0,347,0,2026-12-19,2026-09-21
840.0,177,0,2026-12-19,2026-09-21
850.0,1307,0,2026-12-19,2026-09-21
860.0,631,0,2026-12-19,2026-09-21
870.0,309,0,2026-12-19,2026-09-21
880.0,704,0,2026-12-19,2026-09-21
890.0,1004,1,2026-12-19,2026-09-21
900.0,3590,0,2026-12-19,2026-09-21
910.0,550,0,2026-12-19,2026-09-21
920.0,162,0,2026-12-19,2026-09-21
930.0,400,0,2026-12-19,2026-09-21
940.0,98,0,2026-12-19,2026-09-21
950.0,347,0,2026-12-19,2026-09-21
960.0,499,0,2026-12-19,2026-09-21
970.0,1087,0,2026-12-19,2026-09-21
980.0,195,0,2026-12-19,2026-09-21
990.0,357,0,2026-12-19,2026-09-21
1000.0,901,0,2026-12-19,2026-09-21
1010.0,122,0,2026-12-19,2026-09-21
1020.0,247,0,2026-12-19,2026-09-21
1030.0,250,0,2026-12-19,2026-09-21
1040.0,63,0,2026-12-19,2026-09-21
1050.0,249,0,2026-12-19,2026-09-21
1060.0,360,0,2026-12-19,2026-09-21
1070.0,178,0,2026-12-19,2026-09-21
1080.0,194,0,2026-12-19,2026-09-21
1090.0,538,0,2026-12-19,2026-09-21
1100.0,643,0,2026-12-19,2026-09-21
1110.0,166,0,2026-12-19,2026-09-21
1120.0,2597,0,2026-12-19,2026-09-21
176.44,0,100,2026-12-29,2026-09-21
196.04,0,100,2026-12-29,2026-09-21
230.01,33600,33600,2027-01-15,2026-09-21
570.04,23300,23300,2027-01-15,2026-09-21
5.0,7719,4383,2027-01-16,2026-09-21
10.0,52,94,2027-01-16,2026-09-21
15.0,3,24,2027-01-16,2026-09-21
20.0,46,65,2027-01-16,2026-09-21
25.0,320,895,2027-01-16,2026-09-21
30.0,199,359,2027-01-16,2026-09-21
35.0,117,247,2027-01-16,2026-09-21
40.0,122,593,2027-01-16,2026-09-21
45.0,32,1128,2027-01-16,2026-09-21
50.0,686,5627,2027-01-16,2026-09-21
55.0,57,3141,2027-01-16,2026-09-21
60.0,170,4291,2027-01-16,2026-09-21
65.0,575,867,2027-01-16,2026-09-21
70.0,5149,7018,2027-01-16,2026-09-21
75.0,1944,5411,2027-01-16,2026-09-21
80.0,1381,5977,2027-01-16,2026-09-21
85.0,339,3742,2027-01-16,2026-09-21
90.0,6500,6500,2027-01-16,2026-09-21
90.0,9315,10245,2027-01-16,2026-09-21
95.0,1409,3349,2027-01-16,2026-09-21
100.0,7903,10855,2027-01-16,2026-09-21
105.0,789,7272,2027-01-16,2026-09-21
110.0,2673,8013,2027-01-16,2026-09-21
115.0,2040,2787,2027-01-16,2026-09-21
120.0,1523,15682,2027-01-16,2026-09-21
125.0,1538,2927,2027-01-16,2026-09-21
130.0,1398,6570,2027-01-16,2026-09-21
135.0,1573,2581,2027-01-16,2026-09-21
140.0,1616,9334,2027-01-16,2026-09-21
145.0,1096,3952,2027-01-16,2026-09-21
147.5,210,0,2027-01-16,2026-09-21
150.0,3109,13709,2027-01-16,2026-09-21
155.0,1256,1783,2027-01-16,2026-09-21
160.0,1053,4696,2027-01-16,2026-09-21
165.0,855,3353,2027-01-16,2026-09-21
170.0,1147,3819,2027-01-16,2026-09-21
175.0,1044,2328,2027-01-16,2026-09-21
180.0,3144,6253,2027-01-16,2026-09-21
185.0,1219,2692,2027-01-16,2026-09-21
190.0,1040,1724,2027-01-16,2026-09-21
195.0,819,1669,2027-01-16,2026-09-21
200.0,8493,9589,2027-01-16,2026-09-21
210.0,2000,2000,2027-01-16,2026-09-21
210.0,1731,4106,2027-01-16,2026-09-21
220.0,1000,1000,2027-01-16,2026-09-21
220.0,3941,3705,2027-01-16,2026-09-21
230.0,2843,4024,2027-01-16,2026-09-21
230.01,33600,33600,2027-01-16,2026-09-21
240.0,4254,4652,2027-01-16,2026-09-21
250.0,12425,10609,2027-01-16,2026-09-21
260.0,3054,4308,2027-01-16,2026-09-21
270.0,4346,2392,2027-01-16,2026-09-21
280.0,2731,2509,2027-01-16,2026-09-21
290.0,6297,2611,2027-01-16,2026-09-21
300.0,8342,7831,2027-01-16,2026-09-21
300.01,1500,0,2027-01-16,2026-09-21
310.0,4193,4508,2027-01-16,2026-09-21
320.0,1869,4208,2027-01-16,2026-09-21
330.0,2573,2757,2027-01-16,2026-09-21
330.01,1500,0,2027-01-16,2026-09-21
340.0,1209,4672,2027-01-16,2026-09-21
350.0,15000,15000,2027-01-16,2026-09-21
350.0,1894,4042,2027-01-16,2026-09-21
360.0,1245,4371,2027-01-16,2026-09-21
370.0,2360,2913,2027-01-16,2026-09-21
380.0,1326,5809,2027-01-16,2026-09-21
390.0,929,2836,2027-01-16,2026-09-21
400.0,4495,8178,2027-01-16,2026-09-21
410.0,1139,2515,2027-01-16,2026-09-21
420.0,2467,1616,2027-01-16,2026-09-21
430.0,828,2192,2027-01-16,2026-09-21
440.0,745,2837,2027-01-16,2026-09-21
450.0,550,550,2027-01-16,2026-09-21
450.0,3399,3442,2027-01-16,2026-09-21
457.5,0,0,2027-01-16,2026-09-21
460.0,1200,1208,2027-01-16,2026-09-21
460.0,1479,2715,2027-01-16,2026-09-21
470.0,1170,1170,2027-01-16,2026-09-21
470.0,768,904,2027-01-16,2026-09-21
480.0,2215,1769,2027-01-16,2026-09-21
490.0,1174,1303,2027-01-16,2026-09-21
500.0,4599,5722,2027-01-16,2026-09-21
510.0,831,1010,2027-01-16,2026-09-21
520.0,8,0,2027-01-16,2026-09-21
520.0,3261,1770,2027-01-16,2026-09-21
530.0,2355,1905,2027-01-16,2026-09-21
540.0,2379,1232,2027-01-16,2026-09-21
540.01,5000,0,2027-01-16,2026-09-21
550.0,4873,491,2027-01-16,2026-09-21
560.0,1689,769,2027-01-16,2026-09-21
570.0,910,684,2027-01-16,2026-09-21
580.0,1436,172,2027-01-16,2026-09-21
580.01,3700,0,2027-01-16,2026-09-21
590.0,1557,149,2027-01-16,2026-09-21
600.0,7339,552,2027-01-16,2026-09-21
610.0,1228,418,2027-01-16,2026-09-21
620.0,1904,112,2027-01-16,2026-09-21
630.0,615,204,2027-01-16,2026-09-21
640.0,2588,112,2027-01-16,2026-09-21
650.0,2507,44,2027-01-16,2026-09-21
660.0,3386,106,2027-01-16,2026-09-21
670.0,584,29,2027-01-16,2026-09-21
680.0,2020,47,2027-01-16,2026-09-21
690.0,367,8,2027-01-16,2026-09-21
700.0,2300,545,2027-01-16,2026-09-21
710.0,468,8,2027-01-16,2026-09-21
720.0,808,11,2027-01-16,2026-09-21
730.0,2792,39,2027-01-16,2026-09-21
740.0,1364,21,2027-01-16,2026-09-21
750.0,4591,65,2027-01-16,2026-09-21
760.0,552,8,2027-01-16,2026-09-21
770.0,1030,13,2027-01-16,2026-09-21
780.0,1879,4,2027-01-16,2026-09-21
790.0,266,6,2027-01-16,2026-09-21
800.0,3001,26,2027-01-16,2026-09-21
810.0,298,15,2027-01-16,2026-09-21
820.0,159,0,2027-01-16,2026-09-21
830.0,172,9,2027-01-16,2026-09-21
840.0,274,0,2027-01-16,2026-09-21
850.0,413,0,2027-01-16,2026-09-21
860.0,317,1,2027-01-16,2026-09-21
870.0,114,0,2027-01-16,2026-09-21
880.0,458,0,2027-01-16,2026-09-21
890.0,1181,0,2027-01-16,2026-09-21
900.0,2984,0,2027-01-16,2026-09-21
910.0,1998,0,2027-01-16,2026-09-21
920.0,252,0,2027-01-16,2026-09-21
930.0,493,0,2027-01-16,2026-09-21
940.0,93,0,2027-01-16,2026-09-21
950.0,2157,0,2027-01-16,2026-09-21
960.0,218,0,2027-01-16,2026-09-21
970.0,608,0,2027-01-16,2026-09-21
980.0,2447,0,2027-01-16,2026-09-21
990.0,133,0,2027-01-16,2026-09-21
1000.0,2911,0,2027-01-16,2026-09-21
1010.0,302,0,2027-01-16,2026-09-21
1020.0,225,0,2027-01-16,2026-09-21
1030.0,108,0,2027-01-16,2026-09-21
1040.0,179,0,2027-01-16,2026-09-21
1050.0,408,0,2027-01-16,2026-09-21
1060.0,148,0,2027-01-16,2026-09-21
1070.0,317,0,2027-01-16,2026-09-21
1080.0,439,0,2027-01-16,2026-09-21
1090.0,733,0,2027-01-16,2026-09-21
1100.0,189,0,2027-01-16,2026-09-21
1110.0,871,0,2027-01-16,2026-09-21
1120.0,3896,0,2027-01-16,2026-09-21
350.0,15000,15000,2027-01-20,2026-09-21
200.0,4,326,2027-02-20,2026-09-21
210.0,11,107,2027-02-20,2026-09-21
220.0,14,192,2027-02-20,2026-09-21
230.0,19,80,2027-02-20,2026-09-21
240.0,14,68,2027-02-20,2026-09-21
250.0,20,218,2027-02-20,2026-09-21
260.0,11,191,2027-02-20,2026-09-21
270.0,22,765,2027-02-20,2026-09-21
280.0,45,156,2027-02-20,2026-09-21
290.0,41,1160,2027-02-20,2026-09-21
300.0,18,310,2027-02-20,2026-09-21
310.0,26,484,2027-02-20,2026-09-21
320.0,11,619,2027-02-20,2026-09-21
330.0,11,900,2027-02-20,2026-09-21
340.0,14,453,2027-02-20,2026-09-21
350.0,19,1010,2027-02-20,2026-09-21
360.0,32,1291,2027-02-20,2026-09-21
370.0,67,861,2027-02-20,2026-09-21
380.0,12,1082,2027-02-20,2026-09-21
390.0,65,674,2027-02-20,2026-09-21
400.0,140,1922,2027-02-20,2026-09-21
410.0,28,1607,2027-02-20,2026-09-21
420.0,177,2421,2027-02-20,2026-09-21
430.0,146,351,2027-02-20,2026-09-21
440.0,101,241,2027-02-20,2026-09-21
450.0,196,1580,2027-02-20,2026-09-21
460.0,247,942,2027-02-20,2026-09-21
470.0,140,372,2027-02-20,2026-09-21
480.0,193,610,2027-02-20,2026-09-21
490.0,158,606,2027-02-20,2026-09-21
500.0,369,613,2027-02-20,2026-09-21
510.0,714,455,2027-02-20,2026-09-21
520.0,455,285,2027-02-20,2026-09-21
530.0,494,82,2027-02-20,2026-09-21
540.0,342,213,2027-02-20,2026-09-21
550.0,477,314,2027-02-20,2026-09-21
560.0,348,136,2027-02-20,2026-09-21
570.0,598,78,2027-02-20,2026-09-21
580.0,544,37,2027-02-20,2026-09-21
590.0,390,20,2027-02-20,2026-09-21
600.0,898,23,2027-02-20,2026-09-21
610.0,255,14,2027-02-20,2026-09-21
620.0,452,17,2027-02-20,2026-09-21
630.0,102,7,2027-02-20,2026-09-21
640.0,537,9,2027-02-20,2026-09-21
650.0,2248,2,2027-02-20,2026-09-21
660.0,570,6,2027-02-20,2026-09-21
670.0,199,4,2027-02-20,2026-09-21
680.0,1996,32,2027-02-20,2026-09-21
690.0,522,28,2027-02-20,2026-09-21
700.0,664,80,2027-02-20,2026-09-21
710.0,118,45,2027-02-20,2026-09-21
720.0,257,9,2027-02-20,2026-09-21
730.0,105,42,2027-02-20,2026-09-21
740.0,553,2,2027-02-20,2026-09-21
750.0,538,40,2027-02-20,2026-09-21
760.0,72,12,2027-02-20,2026-09-21
770.0,66,4,2027-02-20,2026-09-21
780.0,1539,8,2027-02-20,2026-09-21
790.0,99,32,2027-02-20,2026-09-21
800.0,955,47,2027-02-20,2026-09-21
810.0,233,2,2027-02-20,2026-09-21
820.0,124,8,2027-02-20,2026-09-21
830.0,93,2,2027-02-20,2026-09-21
840.0,50,0,2027-02-20,2026-09-21
850.0,411,0,2027-02-20,2026-09-21
860.0,137,0,2027-02-20,2026-09-21
870.0,227,1,2027-02-20,2026-09-21
880.0,393,0,2027-02-20,2026-09-21
890.0,252,0,2027-02-20,2026-09-21
900.0,131,0,2027-02-20,2026-09-21
910.0,245,0,2027-02-20,2026-09-21
920.0,74,0,2027-02-20,2026-09-21
930.0,180,0,2027-02-20,2026-09-21
940.0,35,0,2027-02-20,2026-09-21
950.0,548,0,2027-02-20,2026-09-21
960.0,75,0,2027-02-20,2026-09-21
970.0,282,0,2027-02-20,2026-09-21
980.0,607,0,2027-02-20,2026-09-21
234.62,1384,0,2027-03-05,2026-09-21
25.0,1,12,2027-03-20,2026-09-21
30.0,0,1,2027-03-20,2026-09-21
35.0,0,7,2027-03-20,2026-09-21
40.0,1,6,2027-03-20,2026-09-21
45.0,3,185,2027-03-20,2026-09-21
50.0,6,130,2027-03-20,2026-09-21
55.0,2,125,2027-03-20,2026-09-21
60.0,2,130,2027-03-20,2026-09-21
65.0,2,221,2027-03-20,2026-09-21
70.0,12,312,2027-03-20,2026-09-21
75.0,2,163,2027-03-20,2026-09-21
80.0,9,81,2027-03-20,2026-09-21
85.0,4,254,2027-03-20,2026-09-21
90.0,12,201,2027-03-20,2026-09-21
95.0,10,430,2027-03-20,2026-09-21
100.0,29,605,2027-03-20,2026-09-21
105.0,25,267,2027-03-20,2026-09-21
110.0,12,228,2027-03-20,2026-09-21
115.0,4,197,2027-03-20,2026-09-21
120.0,79,277,2027-03-20,2026-09-21
125.0,56,156,2027-03-20,2026-09-21
130.0,13,2155,2027-03-20,2026-09-21
135.0,42,490,2027-03-20,2026-09-21
140.0,76,427,2027-03-20,2026-09-21
145.0,57,1863,2027-03-20,2026-09-21
150.0,75,1483,2027-03-20,2026-09-21
155.0,86,446,2027-03-20,2026-09-21
160.0,108,1730,2027-03-20,2026-09-21
165.0,69,589,2027-03-20,2026-09-21
170.0,53,3724,2027-03-20,2026-09-21
175.0,64,533,2027-03-20,2026-09-21
180.0,82,948,2027-03-20,2026-09-21
185.0,34,480,2027-03-20,2026-09-21
190.0,218,1613,2027-03-20,2026-09-21
195.0,114,589,2027-03-20,2026-09-21
200.0,301,3859,2027-03-20,2026-09-21
210.0,175,683,2027-03-20,2026-09-21
220.0,325,1705,2027-03-20,2026-09-21
230.0,548,566,2027-03-20,2026-09-21
240.0,246,1328,2027-03-20,2026-09-21
250.0,1131,3860,2027-03-20,2026-09-21
260.0,1153,3035,2027-03-20,2026-09-21
270.0,278,1497,2027-03-20,2026-09-21
280.0,715,3879,2027-03-20,2026-09-21
290.0,377,2003,2027-03-20,2026-09-21
300.0,2367,4159,2027-03-20,2026-09-21
310.0,405,1536,2027-03-20,2026-09-21
320.0,343,5565,2027-03-20,2026-09-21
330.0,296,1652,2027-03-20,2026-09-21
340.0,783,2188,2027-03-20,2026-09-21
350.0,991,5274,2027-03-20,2026-09-21
360.0,841,3293,2027-03-20,2026-09-21
370.0,565,1345,2027-03-20,2026-09-21
380.0,386,2630,2027-03-20,2026-09-21
390.0,206,2681,2027-03-20,2026-09-21
400.0,1703,6279,2027-03-20,2026-09-21
410.0,246,1230,2027-03-20,2026-09-21
420.0,787,2020,2027-03-20,2026-09-21
430.0,252,1814,2027-03-20,2026-09-21
440.0,239,445,2027-03-20,2026-09-21
450.0,1570,2040,2027-03-20,2026-09-21
460.0,269,775,2027-03-20,2026-09-21
470.0,685,598,2027-03-20,2026-09-21
480.0,501,1125,2027-03-20,2026-09-21
490.0,685,408,2027-03-20,2026-09-21
500.0,2019,2041,2027-03-20,2026-09-21
510.0,741,948,2027-03-20,2026-09-21
520.0,1017,860,2027-03-20,2026-09-21
530.0,337,337,2027-03-20,2026-09-21
540.0,867,666,2027-03-20,2026-09-21
550.0,2445,1064,2027-03-20,2026-09-21
560.0,518,168,2027-03-20,2026-09-21
570.0,914,201,2027-03-20,2026-09-21
580.0,1058,271,2027-03-20,2026-09-21
590.0,425,163,2027-03-20,2026-09-21
600.0,3593,536,2027-03-20,2026-09-21
620.0,1664,90,2027-03-20,2026-09-21
640.0,1291,52,2027-03-20,2026-09-21
660.0,1917,109,2027-03-20,2026-09-21
680.0,722,33,2027-03-20,2026-09-21
690.0,209,31,2027-03-20,2026-09-21
700.0,2023,472,2027-03-20,2026-09-21
710.0,697,21,2027-03-20,2026-09-21
720.0,1793,129,2027-03-20,2026-09-21
730.0,946,31,2027-03-20,2026-09-21
740.0,312,12,2027-03-20,2026-09-21
750.0,2226,29,2027-03-20,2026-09-21
760.0,609,29,2027-03-20,2026-09-21
770.0,306,13,2027-03-20,2026-09-21
780.0,3247,8,2027-03-20,2026-09-21
790.0,158,8,2027-03-20,2026-09-21
800.0,1351,11,2027-03-20,2026-09-21
810.0,151,4,2027-03-20,2026-09-21
820.0,1064,1,2027-03-20,2026-09-21
830.0,275,11,2027-03-20,2026-09-21
840.0,224,2,2027-03-20,2026-09-21
850.0,396,0,2027-03-20,2026-09-21
860.0,602,0,2027-03-20,2026-09-21
870.0,159,1,2027-03-20,2026-09-21
880.0,279,0,2027-03-20,2026-09-21
890.0,239,0,2027-03-20,2026-09-21
900.0,1428,2,2027-03-20,2026-09-21
910.0,241,0,2027-03-20,2026-09-21
920.0,333,0,2027-03-20,2026-09-21
930.0,335,0,2027-03-20,2026-09-21
940.0,82,0,2027-03-20,2026-09-21
950.0,251,0,2027-03-20,2026-09-21
960.0,199,0,2027-03-20,2026-09-21
970.0,123,1,2027-03-20,2026-09-21
980.0,121,0,2027-03-20,2026-09-21
990.0,78,0,2027-03-20,2026-09-21
1000.0,1846,0,2027-03-20,2026-09-21
1010.0,412,0,2027-03-20,2026-09-21
1020.0,1536,0,2027-03-20,2026-09-21
1030.0,329,0,2027-03-20,2026-09-21
1040.0,871,0,2027-03-20,2026-09-21
1050.0,394,0,2027-03-20,2026-09-21
1060.0,405,0,2027-03-20,2026-09-21
1070.0,84,0,2027-03-20,2026-09-21
1080.0,190,0,2027-03-20,2026-09-21
1090.0,263,0,2027-03-20,2026-09-21
1100.0,378,0,2027-03-20,2026-09-21
1110.0,430,0,2027-03-20,2026-09-21
1120.0,5441,0,2027-03-20,2026-09-21
198.24,0,100,2027-03-26,2026-09-21
220.27,0,100,2027-03-26,2026-09-21
183.39,0,150,2027-03-30,2026-09-21
240.0,6,199,2027-04-17,2026-09-21
250.0,1,207,2027-04-17,2026-09-21
260.0,3,199,2027-04-17,2026-09-21
270.0,1,78,2027-04-17,2026-09-21
280.0,4,1468,2027-04-17,2026-09-21
290.0,2,86,2027-04-17,2026-09-21
300.0,4,290,2027-04-17,2026-09-21
310.0,6,221,2027-04-17,2026-09-21
320.0,3,121,2027-04-17,2026-09-21
330.0,18,111,2027-04-17,2026-09-21
340.0,6,111,2027-04-17,2026-09-21
350.0,26,44,2027-04-17,2026-09-21
360.0,11,35,2027-04-17,2026-09-21
370.0,8,204,2027-04-17,2026-09-21
380.0,10,295,2027-04-17,2026-09-21
390.0,19,254,2027-04-17,2026-09-21
400.0,19,402,2027-04-17,2026-09-21
410.0,11,70,2027-04-17,2026-09-21
420.0,32,594,2027-04-17,2026-09-21
430.0,62,47,2027-04-17,2026-09-21
440.0,35,327,2027-04-17,2026-09-21
450.0,35,191,2027-04-17,2026-09-21
460.0,331,433,2027-04-17,2026-09-21
470.0,90,18,2027-04-17,2026-09-21
480.0,39,380,2027-04-17,2026-09-21
490.0,109,23,2027-04-17,2026-09-21
500.0,174,129,2027-04-17,2026-09-21
510.0,37,266,2027-04-17,2026-09-21
520.0,56,36,2027-04-17,2026-09-21
530.0,157,39,2027-04-17,2026-09-21
540.0,164,313,2027-04-17,2026-09-21
550.0,237,385,2027-04-17,2026-09-21
560.0,137,81,2027-04-17,2026-09-21
570.0,115,3,2027-04-17,2026-09-21
580.0,155,20,2027-04-17,2026-09-21
590.0,362,3,2027-04-17,2026-09-21
600.0,91,2,2027-04-17,2026-09-21
610.0,117,8,2027-04-17,2026-09-21
620.0,301,11,2027-04-17,2026-09-21
640.0,163,5,2027-04-17,2026-09-21
660.0,71,3,2027-04-17,2026-09-21
680.0,189,2,2027-04-17,2026-09-21
700.0,313,6,2027-04-17,2026-09-21
720.0,115,2,2027-04-17,2026-09-21
740.0,116,1,2027-04-17,2026-09-21
760.0,1,0,2027-04-17,2026-09-21
780.0,5,1,2027-04-17,2026-09-21
25.0,43,198,2027-06-18,2026-09-21
30.0,39,95,2027-06-18,2026-09-21
35.0,22,255,2027-06-18,2026-09-21
40.0,79,151,2027-06-18,2026-09-21
45.0,4,243,2027-06-18,2026-09-21
50.0,38,141,2027-06-18,2026-09-21
55.0,5,373,2027-06-18,2026-09-21
60.0,66,379,2027-06-18,2026-09-21
65.0,8,565,2027-06-18,2026-09-21
70.0,179,341,2027-06-18,2026-09-21
75.0,43,172,2027-06-18,2026-09-21
80.0,56,527,2027-06-18,2026-09-21
85.0,10,392,2027-06-18,2026-09-21
90.0,64,408,2027-06-18,2026-09-21
95.0,171,420,2027-06-18,2026-09-21
100.0,157,1512,2027-06-18,2026-09-21
105.0,3497,257,2027-06-18,2026-09-21
110.0,125,937,2027-06-18,2026-09-21
115.0,190,1780,2027-06-18,2026-09-21
120.0,2309,7519,2027-06-18,2026-09-21
125.0,220,1006,2027-06-18,2026-09-21
130.0,355,1240,2027-06-18,2026-09-21
135.0,407,503,2027-06-18,2026-09-21
140.0,535,3885,2027-06-18,2026-09-21
145.0,215,1323,2027-06-18,2026-09-21
150.0,825,1530,2027-06-18,2026-09-21
155.0,257,513,2027-06-18,2026-09-21
160.0,303,1045,2027-06-18,2026-09-21
165.0,333,740,2027-06-18,2026-09-21
170.0,479,3095,2027-06-18,2026-09-21
175.0,475,1585,2027-06-18,2026-09-21
180.0,508,2219,2027-06-18,2026-09-21
185.0,749,2080,2027-06-18,2026-09-21
190.0,299,865,2027-06-18,2026-09-21
195.0,368,592,2027-06-18,2026-09-21
200.0,2176,2091,2027-06-18,2026-09-21
210.0,1111,1326,2027-06-18,2026-09-21
220.0,2645,1419,2027-06-18,2026-09-21
230.0,930,743,2027-06-18,2026-09-21
240.0,696,2923,2027-06-18,2026-09-21
250.0,2182,10161,2027-06-18,2026-09-21
260.0,679,1097,2027-06-18,2026-09-21
270.0,492,3503,2027-06-18,2026-09-21
280.0,648,1192,2027-06-18,2026-09-21
290.0,512,10882,2027-06-18,2026-09-21
300.0,3079,5452,2027-06-18,2026-09-21
310.0,336,1258,2027-06-18,2026-09-21
320.0,687,3316,2027-06-18,2026-09-21
330.0,498,2354,2027-06-18,2026-09-21
340.0,402,1653,2027-06-18,2026-09-21
350.0,774,4779,2027-06-18,2026-09-21
360.0,2430,3030,2027-06-18,2026-09-21
370.0,743,2920,2027-06-18,2026-09-21
380.0,420,2243,2027-06-18,2026-09-21
390.0,381,1524,2027-06-18,2026-09-21
400.0,1121,6646,2027-06-18,2026-09-21
410.0,588,1061,2027-06-18,2026-09-21
420.0,607,1562,2027-06-18,2026-09-21
430.0,662,1286,2027-06-18,2026-09-21
440.0,705,1482,2027-06-18,2026-09-21
450.0,922,2612,2027-06-18,2026-09-21
460.0,470,843,2027-06-18,2026-09-21
470.0,378,1476,2027-06-18,2026-09-21
480.0,889,2311,2027-06-18,2026-09-21
490.0,886,452,2027-06-18,2026-09-21
500.0,2887,2610,2027-06-18,2026-09-21
510.0,1306,565,2027-06-18,2026-09-21
520.0,1177,1813,2027-06-18,2026-09-21
530.0,1925,712,2027-06-18,2026-09-21
540.0,340,428,2027-06-18,2026-09-21
550.0,828,763,2027-06-18,2026-09-21
560.0,1504,343,2027-06-18,2026-09-21
570.0,792,334,2027-06-18,2026-09-21
580.0,910,464,2027-06-18,2026-09-21
590.0,498,135,2027-06-18,2026-09-21
600.0,4134,1692,2027-06-18,2026-09-21
610.0,353,198,2027-06-18,2026-09-21
620.0,995,235,2027-06-18,2026-09-21
630.0,1183,136,2027-06-18,2026-09-21
640.0,415,37,2027-06-18,2026-09-21
650.0,1296,167,2027-06-18,2026-09-21
660.0,763,84,2027-06-18,2026-09-21
670.0,296,73,2027-06-18,2026-09-21
680.0,706,205,2027-06-18,2026-09-21
690.0,307,157,2027-06-18,2026-09-21
700.0,3556,61,2027-06-18,2026-09-21
710.0,344,64,2027-06-18,2026-09-21
720.0,494,59,2027-06-18,2026-09-21
730.0,627,70,2027-06-18,2026-09-21
740.0,297,91,2027-06-18,2026-09-21
750.0,1982,54,2027-06-18,2026-09-21
760.0,93,59,2027-06-18,2026-09-21
770.0,1104,11,2027-06-18,2026-09-21
780.0,668,28,2027-06-18,2026-09-21
790.0,85,51,2027-06-18,2026-09-21
800.0,2053,126,2027-06-18,2026-09-21
810.0,195,8,2027-06-18,2026-09-21
820.0,1465,28,2027-06-18,2026-09-21
830.0,435,68,2027-06-18,2026-09-21
840.0,311,76,2027-06-18,2026-09-21
850.0,1896,10,2027-06-18,2026-09-21
860.0,369,9,2027-06-18,2026-09-21
870.0,568,44,2027-06-18,2026-09-21
880.0,376,14,2027-06-18,2026-09-21
890.0,317,8,2027-06-18,2026-09-21
900.0,1548,13,2027-06-18,2026-09-21
910.0,258,27,2027-06-18,2026-09-21
920.0,278,17,2027-06-18,2026-09-21
930.0,488,4,2027-06-18,2026-09-21
940.0,209,3,2027-06-18,2026-09-21
950.0,186,23,2027-06-18,2026-09-21
960.0,685,0,2027-06-18,2026-09-21
970.0,292,0,2027-06-18,2026-09-21
980.0,117,0,2027-06-18,2026-09-21
990.0,56,1,2027-06-18,2026-09-21
1000.0,2581,1,2027-06-18,2026-09-21
1010.0,182,0,2027-06-18,2026-09-21
1020.0,206,0,2027-06-18,2026-09-21
1030.0,200,0,2027-06-18,2026-09-21
1040.0,116,0,2027-06-18,2026-09-21
1050.0,1281,0,2027-06-18,2026-09-21
1060.0,207,0,2027-06-18,2026-09-21
1070.0,128,0,2027-06-18,2026-09-21
1080.0,96,0,2027-06-18,2026-09-21
1090.0,156,0,2027-06-18,2026-09-21
1100.0,2471,0,2027-06-18,2026-09-21
1110.0,457,0,2027-06-18,2026-09-21
1120.0,8095,5,2027-06-18,2026-09-21
431.59,0,80,2027-06-30,2026-09-21
485.54,0,80,2027-06-30,2026-09-21
25.0,3,85,2027-09-18,2026-09-21
30.0,4,33,2027-09-18,2026-09-21
35.0,1,174,2027-09-18,2026-09-21
40.0,0,91,2027-09-18,2026-09-21
45.0,2,27,2027-09-18,2026-09-21
50.0,2,25,2027-09-18,2026-09-21
55.0,1,56,2027-09-18,2026-09-21
60.0,3,146,2027-09-18,2026-09-21
65.0,2,87,2027-09-18,2026-09-21
70.0,1,196,2027-09-18,2026-09-21
75.0,10,47,2027-09-18,2026-09-21
80.0,3,76,2027-09-18,2026-09-21
85.0,2,77,2027-09-18,2026-09-21
90.0,12,160,2027-09-18,2026-09-21
95.0,46,58,2027-09-18,2026-09-21
100.0,6,77,2027-09-18,2026-09-21
105.0,56,259,2027-09-18,2026-09-21
110.0,21,111,2027-09-18,2026-09-21
115.0,20,117,2027-09-18,2026-09-21
120.0,23,100,2027-09-18,2026-09-21
125.0,38,676,2027-09-18,2026-09-21
130.0,10,57,2027-09-18,2026-09-21
135.0,17,183,2027-09-18,2026-09-21
140.0,31,376,2027-09-18,2026-09-21
145.0,18,92,2027-09-18,2026-09-21
150.0,76,1006,2027-09-18,2026-09-21
155.0,12,282,2027-09-18,2026-09-21
160.0,83,186,2027-09-18,2026-09-21
165.0,46,120,2027-09-18,2026-09-21
170.0,24,2050,2027-09-18,2026-09-21
175.0,16,276,2027-09-18,2026-09-21
180.0,92,388,2027-09-18,2026-09-21
185.0,44,46,2027-09-18,2026-09-21
190.0,73,108,2027-09-18,2026-09-21
195.0,115,1110,2027-09-18,2026-09-21
200.0,219,1250,2027-09-18,2026-09-21
210.0,268,193,2027-09-18,2026-09-21
220.0,78,2106,2027-09-18,2026-09-21
230.0,290,4061,2027-09-18,2026-09-21
240.0,146,4126,2027-09-18,2026-09-21
250.0,314,4081,2027-09-18,2026-09-21
260.0,225,366,2027-09-18,2026-09-21
270.0,220,720,2027-09-18,2026-09-21
280.0,221,913,2027-09-18,2026-09-21
290.0,80,3807,2027-09-18,2026-09-21
300.0,334,5232,2027-09-18,2026-09-21
310.0,97,1204,2027-09-18,2026-09-21
320.0,179,1260,2027-09-18,2026-09-21
330.0,164,2381,2027-09-18,2026-09-21
340.0,391,853,2027-09-18,2026-09-21
350.0,255,1096,2027-09-18,2026-09-21
360.0,177,570,2027-09-18,2026-09-21
370.0,189,1353,2027-09-18,2026-09-21
380.0,260,1102,2027-09-18,2026-09-21
390.0,1328,1059,2027-09-18,2026-09-21
400.0,2918,679,2027-09-18,2026-09-21
410.0,215,811,2027-09-18,2026-09-21
420.0,318,647,2027-09-18,2026-09-21
430.0,268,689,2027-09-18,2026-09-21
440.0,147,521,2027-09-18,2026-09-21
450.0,388,1147,2027-09-18,2026-09-21
460.0,362,501,2027-09-18,2026-09-21
470.0,223,348,2027-09-18,2026-09-21
480.0,380,230,2027-09-18,2026-09-21
490.0,282,144,2027-09-18,2026-09-21
500.0,395,231,2027-09-18,2026-09-21
510.0,240,132,2027-09-18,2026-09-21
520.0,208,102,2027-09-18,2026-09-21
530.0,672,181,2027-09-18,2026-09-21
540.0,630,51,2027-09-18,2026-09-21
550.0,200,1005,2027-09-18,2026-09-21
560.0,152,91,2027-09-18,2026-09-21
570.0,192,174,2027-09-18,2026-09-21
580.0,151,44,2027-09-18,2026-09-21
590.0,173,38,2027-09-18,2026-09-21
600.0,976,356,2027-09-18,2026-09-21
610.0,279,348,2027-09-18,2026-09-21
620.0,114,36,2027-09-18,2026-09-21
630.0,521,27,2027-09-18,2026-09-21
640.0,379,25,2027-09-18,2026-09-21
650.0,308,14,2027-09-18,2026-09-21
660.0,165,46,2027-09-18,2026-09-21
670.0,238,11,2027-09-18,2026-09-21
680.0,149,12,2027-09-18,2026-09-21
690.0,432,1,2027-09-18,2026-09-21
700.0,1283,165,2027-09-18,2026-09-21
710.0,159,12,2027-09-18,2026-09-21
720.0,428,116,2027-09-18,2026-09-21
730.0,162,126,2027-09-18,2026-09-21
740.0,676,2,2027-09-18,2026-09-21
750.0,374,85,2027-09-18,2026-09-21
760.0,362,9,2027-09-18,2026-09-21
770.0,432,2,2027-09-18,2026-09-21
780.0,98,25,2027-09-18,2026-09-21
790.0,156,29,2027-09-18,2026-09-21
800.0,670,54,2027-09-18,2026-09-21
810.0,298,112,2027-09-18,2026-09-21
820.0,230,28,2027-09-18,2026-09-21
830.0,104,22,2027-09-18,2026-09-21
840.0,77,4,2027-09-18,2026-09-21
850.0,259,12,2027-09-18,2026-09-21
860.0,134,14,2027-09-18,2026-09-21
870.0,244,7,2027-09-18,2026-09-21
880.0,1016,33,2027-09-18,2026-09-21
890.0,449,57,2027-09-18,2026-09-21
900.0,174,15,2027-09-18,2026-09-21
910.0,232,58,2027-09-18,2026-09-21
920.0,28,33,2027-09-18,2026-09-21
930.0,89,4,2027-09-18,2026-09-21
940.0,264,7,2027-09-18,2026-09-21
950.0,751,5,2027-09-18,2026-09-21
960.0,210,8,2027-09-18,2026-09-21
970.0,1368,6,2027-09-18,2026-09-21
980.0,216,8,2027-09-18,2026-09-21
990.0,1598,6,2027-09-18,2026-09-21
1000.0,1275,11,2027-09-18,2026-09-21
1010.0,2088,13,2027-09-18,2026-09-21
1020.0,3014,0,2027-09-18,2026-09-21
1030.0,1547,5,2027-09-18,2026-09-21
1040.0,594,0,2027-09-18,2026-09-21
1050.0,222,0,2027-09-18,2026-09-21
1060.0,171,0,2027-09-18,2026-09-21
1070.0,281,0,2027-09-18,2026-09-21
1080.0,1612,0,2027-09-18,2026-09-21
1090.0,485,0,2027-09-18,2026-09-21
1100.0,2161,0,2027-09-18,2026-09-21
1110.0,195,1,2027-09-18,2026-09-21
1120.0,5229,0,2027-09-18,2026-09-21
652.4,1039,0,2027-09-28,2026-09-21
5.0,4560,18,2027-12-18,2026-09-21
10.0,87,189,2027-12-18,2026-09-21
15.0,2,15,2027-12-18,2026-09-21
20.0,2,357,2027-12-18,2026-09-21
25.0,326,423,2027-12-18,2026-09-21
30.0,70,633,2027-12-18,2026-09-21
35.0,111,135,2027-12-18,2026-09-21
40.0,160,486,2027-12-18,2026-09-21
45.0,13,300,2027-12-18,2026-09-21
50.0,379,464,2027-12-18,2026-09-21
55.0,468,386,2027-12-18,2026-09-21
60.0,180,411,2027-12-18,2026-09-21
65.0,394,228,2027-12-18,2026-09-21
70.0,972,2126,2027-12-18,2026-09-21
75.0,172,1450,2027-12-18,2026-09-21
80.0,363,487,2027-12-18,2026-09-21
85.0,374,3039,2027-12-18,2026-09-21
90.0,579,1791,2027-12-18,2026-09-21
95.0,578,2007,2027-12-18,2026-09-21
100.0,881,3381,2027-12-18,2026-09-21
105.0,619,1184,2027-12-18,2026-09-21
110.0,556,725,2027-12-18,2026-09-21
115.0,631,2142,2027-12-18,2026-09-21
120.0,1173,2476,2027-12-18,2026-09-21
125.0,797,833,2027-12-18,2026-09-21
130.0,574,6790,2027-12-18,2026-09-21
135.0,516,1870,2027-12-18,2026-09-21
140.0,898,2460,2027-12-18,2026-09-21
145.0,564,631,2027-12-18,2026-09-21
150.0,3017,2662,2027-12-18,2026-09-21
155.0,529,632,2027-12-18,2026-09-21
160.0,865,1117,2027-12-18,2026-09-21
165.0,923,2041,2027-12-18,2026-09-21
170.0,1045,1064,2027-12-18,2026-09-21
175.0,764,1437,2027-12-18,2026-09-21
180.0,1269,1316,2027-12-18,2026-09-21
185.0,260,807,2027-12-18,2026-09-21
190.0,439,867,2027-12-18,2026-09-21
194.29,28,28,2027-12-18,2026-09-21
195.0,2635,526,2027-12-18,2026-09-21
200.0,4062,2444,2027-12-18,2026-09-21
210.0,1543,2792,2027-12-18,2026-09-21
220.0,1028,3840,2027-12-18,2026-09-21
230.0,1074,1891,2027-12-18,2026-09-21
240.0,447,1940,2027-12-18,2026-09-21
250.0,1325,5994,2027-12-18,2026-09-21
260.0,1316,1960,2027-12-18,2026-09-21
270.0,694,4119,2027-12-18,2026-09-21
280.0,1064,943,2027-12-18,2026-09-21
290.0,478,280,2027-12-18,2026-09-21
300.0,1946,2567,2027-12-18,2026-09-21
310.0,734,737,2027-12-18,2026-09-21
320.0,990,3673,2027-12-18,2026-09-21
330.0,958,578,2027-12-18,2026-09-21
340.0,425,1799,2027-12-18,2026-09-21
350.0,1372,1202,2027-12-18,2026-09-21
360.0,1485,196,2027-12-18,2026-09-21
370.0,952,488,2027-12-18,2026-09-21
380.0,498,144,2027-12-18,2026-09-21
390.0,335,135,2027-12-18,2026-09-21
400.0,1389,738,2027-12-18,2026-09-21
410.0,315,715,2027-12-18,2026-09-21
420.0,407,1756,2027-12-18,2026-09-21
430.0,316,269,2027-12-18,2026-09-21
440.0,257,744,2027-12-18,2026-09-21
450.0,508,786,2027-12-18,2026-09-21
460.0,177,138,2027-12-18,2026-09-21
470.0,362,435,2027-12-18,2026-09-21
480.0,503,205,2027-12-18,2026-09-21
490.0,671,271,2027-12-18,2026-09-21
500.0,1604,276,2027-12-18,2026-09-21
510.0,1687,167,2027-12-18,2026-09-21
520.0,914,116,2027-12-18,2026-09-21
530.0,1467,52,2027-12-18,2026-09-21
540.0,178,55,2027-12-18,2026-09-21
550.0,1139,596,2027-12-18,2026-09-21
560.0,539,87,2027-12-18,2026-09-21
570.0,173,48,2027-12-18,2026-09-21
580.0,154,246,2027-12-18,2026-09-21
590.0,143,69,2027-12-18,2026-09-21
600.0,1794,291,2027-12-18,2026-09-21
610.0,191,22,2027-12-18,2026-09-21
620.0,286,120,2027-12-18,2026-09-21
630.0,466,299,2027-12-18,2026-09-21
640.0,256,24,2027-12-18,2026-09-21
650.0,276,86,2027-12-18,2026-09-21
660.0,137,13,2027-12-18,2026-09-21
670.0,141,49,2027-12-18,2026-09-21
680.0,202,61,2027-12-18,2026-09-21
690.0,186,15,2027-12-18,2026-09-21
700.0,1985,70,2027-12-18,2026-09-21
710.0,197,53,2027-12-18,2026-09-21
720.0,191,9,2027-12-18,2026-09-21
730.0,1159,39,2027-12-18,2026-09-21
740.0,597,27,2027-12-18,2026-09-21
750.0,1583,119,2027-12-18,2026-09-21
760.0,312,9,2027-12-18,2026-09-21
770.0,106,16,2027-12-18,2026-09-21
780.0,61,8,2027-12-18,2026-09-21
790.0,322,85,2027-12-18,2026-09-21
800.0,2337,12,2027-12-18,2026-09-21
810.0,178,9,2027-12-18,2026-09-21
820.0,110,7,2027-12-18,2026-09-21
830.0,63,20,2027-12-18,2026-09-21
840.0,138,12,2027-12-18,2026-09-21
850.0,395,132,2027-12-18,2026-09-21
860.0,176,49,2027-12-18,2026-09-21
870.0,86,70,2027-12-18,2026-09-21
880.0,247,20,2027-12-18,2026-09-21
890.0,68,10,2027-12-18,2026-09-21
900.0,2167,21,2027-12-18,2026-09-21
910.0,263,99,2027-12-18,2026-09-21
920.0,228,41,2027-12-18,2026-09-21
930.0,313,34,2027-12-18,2026-09-21
940.0,119,12,2027-12-18,2026-09-21
950.0,1080,14,2027-12-18,2026-09-21
960.0,87,41,2027-12-18,2026-09-21
970.0,23,8,2027-12-18,2026-09-21
980.0,206,20,2027-12-18,2026-09-21
990.0,962,9,2027-12-18,2026-09-21
1000.0,330,39,2027-12-18,2026-09-21
1010.0,123,15,2027-12-18,2026-09-21
1020.0,514,69,2027-12-18,2026-09-21
1030.0,109,42,2027-12-18,2026-09-21
1040.0,131,37,2027-12-18,2026-09-21
1050.0,614,43,2027-12-18,2026-09-21
1060.0,361,24,2027-12-18,2026-09-21
1070.0,266,11,2027-12-18,2026-09-21
1080.0,179,2,2027-12-18,2026-09-21
1090.0,220,13,2027-12-18,2026-09-21
1100.0,208,1,2027-12-18,2026-09-21
1110.0,3222,2,2027-12-18,2026-09-21
1120.0,1559,0,2027-12-18,2026-09-21
5.0,10427,1096,2028-01-22,2026-09-21
10.0,99,224,2028-01-22,2026-09-21
15.0,11,11,2028-01-22,2026-09-21
20.0,1,38,2028-01-22,2026-09-21
25.0,57,253,2028-01-22,2026-09-21
30.0,3,52,2028-01-22,2026-09-21
35.0,43,60,2028-01-22,2026-09-21
40.0,186,126,2028-01-22,2026-09-21
45.0,143,56,2028-01-22,2026-09-21
50.0,274,115,2028-01-22,2026-09-21
55.0,150,71,2028-01-22,2026-09-21
60.0,131,108,2028-01-22,2026-09-21
65.0,5,74,2028-01-22,2026-09-21
70.0,249,602,2028-01-22,2026-09-21
75.0,101,208,2028-01-22,2026-09-21
80.0,99,434,2028-01-22,2026-09-21
85.0,154,801,2028-01-22,2026-09-21
90.0,199,92,2028-01-22,2026-09-21
95.0,149,271,2028-01-22,2026-09-21
100.0,1252,2367,2028-01-22,2026-09-21
105.0,397,949,2028-01-22,2026-09-21
110.0,250,2074,2028-01-22,2026-09-21
115.0,231,242,2028-01-22,2026-09-21
120.0,185,1429,2028-01-22,2026-09-21
125.0,246,398,2028-01-22,2026-09-21
130.0,250,3331,2028-01-22,2026-09-21
135.0,114,298,2028-01-22,2026-09-21
140.0,284,3106,2028-01-22,2026-09-21
145.0,90,520,2028-01-22,2026-09-21
150.0,1001,3025,2028-01-22,2026-09-21
155.0,187,377,2028-01-22,2026-09-21
160.0,359,2118,2028-01-22,2026-09-21
165.0,242,779,2028-01-22,2026-09-21
170.0,652,2315,2028-01-22,2026-09-21
175.0,319,906,2028-01-22,2026-09-21
180.0,321,3039,2028-01-22,2026-09-21
185.0,173,1195,2028-01-22,2026-09-21
190.0,594,920,2028-01-22,2026-09-21
195.0,504,1360,2028-01-22,2026-09-21
200.0,3598,3485,2028-01-22,2026-09-21
210.0,1000,1000,2028-01-22,2026-09-21
210.0,561,3258,2028-01-22,2026-09-21
220.0,1034,2085,2028-01-22,2026-09-21
230.0,1145,1217,2028-01-22,2026-09-21
240.0,1198,4942,2028-01-22,2026-09-21
250.0,4158,4749,2028-01-22,2026-09-21
260.0,2551,3287,2028-01-22,2026-09-21
270.0,636,3912,2028-01-22,2026-09-21
280.0,462,3273,2028-01-22,2026-09-21
290.0,693,1607,2028-01-22,2026-09-21
300.0,3075,11008,2028-01-22,2026-09-21
310.0,989,295,2028-01-22,2026-09-21
320.0,626,4167,2028-01-22,2026-09-21
330.0,405,2291,2028-01-22,2026-09-21
340.0,418,4645,2028-01-22,2026-09-21
350.0,1720,4536,2028-01-22,2026-09-21
360.0,649,1898,2028-01-22,2026-09-21
370.0,338,1205,2028-01-22,2026-09-21
380.0,360,1882,2028-01-22,2026-09-21
390.0,459,357,2028-01-22,2026-09-21
400.0,1884,3675,2028-01-22,2026-09-21
410.0,1267,548,2028-01-22,2026-09-21
420.0,512,410,2028-01-22,2026-09-21
430.0,396,2177,2028-01-22,2026-09-21
440.0,383,2194,2028-01-22,2026-09-21
450.0,1834,2991,2028-01-22,2026-09-21
460.0,1341,379,2028-01-22,2026-09-21
470.0,517,2248,2028-01-22,2026-09-21
480.0,1169,335,2028-01-22,2026-09-21
490.0,654,265,2028-01-22,2026-09-21
500.0,3433,1415,2028-01-22,2026-09-21
510.0,506,604,2028-01-22,2026-09-21
520.0,1902,2530,2028-01-22,2026-09-21
530.0,3565,2302,2028-01-22,2026-09-21
540.0,165,44,2028-01-22,2026-09-21
550.0,519,578,2028-01-22,2026-09-21
560.0,398,95,2028-01-22,2026-09-21
570.0,466,150,2028-01-22,2026-09-21
580.0,177,91,2028-01-22,2026-09-21
590.0,178,61,2028-01-22,2026-09-21
600.0,2510,1321,2028-01-22,2026-09-21
610.0,100,50,2028-01-22,2026-09-21
620.0,381,33,2028-01-22,2026-09-21
630.0,134,41,2028-01-22,2026-09-21
640.0,236,113,2028-01-22,2026-09-21
650.0,696,483,2028-01-22,2026-09-21
660.0,2262,61,2028-01-22,2026-09-21
670.0,100,41,2028-01-22,2026-09-21
680.0,290,51,2028-01-22,2026-09-21
690.0,257,50,2028-01-22,2026-09-21
700.0,1572,147,2028-01-22,2026-09-21
710.0,273,27,2028-01-22,2026-09-21
720.0,380,24,2028-01-22,2026-09-21
730.0,140,35,2028-01-22,2026-09-21
740.0,686,65,2028-01-22,2026-09-21
750.0,367,23,2028-01-22,2026-09-21
760.0,230,29,2028-01-22,2026-09-21
770.0,527,50,2028-01-22,2026-09-21
780.0,82,27,2028-01-22,2026-09-21
790.0,125,9,2028-01-22,2026-09-21
800.0,1964,77,2028-01-22,2026-09-21
810.0,428,126,2028-01-22,2026-09-21
820.0,208,92,2028-01-22,2026-09-21
830.0,234,157,2028-01-22,2026-09-21
840.0,137,70,2028-01-22,2026-09-21
850.0,3813,15,2028-01-22,2026-09-21
860.0,1483,99,2028-01-22,2026-09-21
870.0,264,14,2028-01-22,2026-09-21
880.0,157,70,2028-01-22,2026-09-21
890.0,51,131,2028-01-22,2026-09-21
900.0,418,34,2028-01-22,2026-09-21
910.0,139,117,2028-01-22,2026-09-21
920.0,587,29,2028-01-22,2026-09-21
930.0,322,11,2028-01-22,2026-09-21
940.0,43,90,2028-01-22,2026-09-21
950.0,197,59,2028-01-22,2026-09-21
960.0,191,44,2028-01-22,2026-09-21
970.0,1094,5,2028-01-22,2026-09-21
980.0,145,25,2028-01-22,2026-09-21
990.0,119,81,2028-01-22,2026-09-21
1000.0,3258,45,2028-01-22,2026-09-21
1010.0,129,89,2028-01-22,2026-09-21
1020.0,97,131,2028-01-22,2026-09-21
1030.0,1153,62,2028-01-22,2026-09-21
1040.0,162,79,2028-01-22,2026-09-21
1050.0,241,73,2028-01-22,2026-09-21
1060.0,136,69,2028-01-22,2026-09-21
1070.0,102,9,2028-01-22,2026-09-21
1080.0,292,8,2028-01-22,2026-09-21
1090.0,246,21,2028-01-22,2026-09-21
1100.0,1368,8,2028-01-22,2026-09-21
1110.0,2844,3,2028-01-22,2026-09-21
1120.0,10569,8,2028-01-22,2026-09-21
900.0,183,0,2028-02-29,2026-09-21
5.0,126,48,2028-06-17,2026-09-21
10.0,0,3,2028-06-17,2026-09-21
15.0,0,0,2028-06-17,2026-09-21
20.0,0,0,2028-06-17,2026-09-21
25.0,0,4,2028-06-17,2026-09-21
30.0,1,7,2028-06-17,2026-09-21
35.0,1,4,2028-06-17,2026-09-21
40.0,2,12,2028-06-17,2026-09-21
45.0,0,10,2028-06-17,2026-09-21
50.0,0,47,2028-06-17,2026-09-21
55.0,0,37,2028-06-17,2026-09-21
60.0,0,8,2028-06-17,2026-09-21
65.0,1,35,2028-06-17,2026-09-21
70.0,1,381,2028-06-17,2026-09-21
75.0,0,1223,2028-06-17,2026-09-21
80.0,1,434,2028-06-17,2026-09-21
85.0,3,293,2028-06-17,2026-09-21
90.0,1,57,2028-06-17,2026-09-21
95.0,6,343,2028-06-17,2026-09-21
100.0,2,482,2028-06-17,2026-09-21
105.0,20,197,2028-06-17,2026-09-21
110.0,74,420,2028-06-17,2026-09-21
115.0,100,433,2028-06-17,2026-09-21
120.0,55,103,2028-06-17,2026-09-21
125.0,82,202,2028-06-17,2026-09-21
130.0,35,319,2028-06-17,2026-09-21
135.0,43,21,2028-06-17,2026-09-21
140.0,28,82,2028-06-17,2026-09-21
145.0,63,15,2028-06-17,2026-09-21
150.0,28,398,2028-06-17,2026-09-21
155.0,27,180,2028-06-17,2026-09-21
160.0,29,236,2028-06-17,2026-09-21
165.0,5,124,2028-06-17,2026-09-21
170.0,61,246,2028-06-17,2026-09-21
175.0,239,217,2028-06-17,2026-09-21
180.0,28,57,2028-06-17,2026-09-21
185.0,8,163,2028-06-17,2026-09-21
190.0,30,53,2028-06-17,2026-09-21
195.0,5,229,2028-06-17,2026-09-21
200.0,34,1605,2028-06-17,2026-09-21
210.0,24,27,2028-06-17,2026-09-21
220.0,32,162,2028-06-17,2026-09-21
230.0,34,145,2028-06-17,2026-09-21
240.0,77,504,2028-06-17,2026-09-21
250.0,54,1244,2028-06-17,2026-09-21
260.0,42,2464,2028-06-17,2026-09-21
270.0,101,560,2028-06-17,2026-09-21
280.0,28,1023,2028-06-17,2026-09-21
290.0,77,296,2028-06-17,2026-09-21
300.0,191,7038,2028-06-17,2026-09-21
310.0,102,81,2028-06-17,2026-09-21
320.0,351,2528,2028-06-17,2026-09-21
330.0,116,174,2028-06-17,2026-09-21
340.0,87,1020,2028-06-17,2026-09-21
350.0,79,342,2028-06-17,2026-09-21
360.0,74,123,2028-06-17,2026-09-21
370.0,265,215,2028-06-17,2026-09-21
380.0,90,62,2028-06-17,2026-09-21
390.0,217,590,2028-06-17,2026-09-21
400.0,206,398,2028-06-17,2026-09-21
410.0,104,134,2028-06-17,2026-09-21
420.0,59,63,2028-06-17,2026-09-21
430.0,292,48,2028-06-17,2026-09-21
440.0,144,64,2028-06-17,2026-09-21
450.0,251,793,2028-06-17,2026-09-21
460.0,81,101,2028-06-17,2026-09-21
470.0,234,232,2028-06-17,2026-09-21
480.0,45,67,2028-06-17,2026-09-21
490.0,349,194,2028-06-17,2026-09-21
500.0,863,453,2028-06-17,2026-09-21
510.0,150,233,2028-06-17,2026-09-21
520.0,108,480,2028-06-17,2026-09-21
530.0,117,219,2028-06-17,2026-09-21
540.0,240,434,2028-06-17,2026-09-21
550.0,244,635,2028-06-17,2026-09-21
560.0,78,56,2028-06-17,2026-09-21
570.0,118,26,2028-06-17,2026-09-21
580.0,134,89,2028-06-17,2026-09-21
590.0,228,23,2028-06-17,2026-09-21
600.0,421,42,2028-06-17,2026-09-21
610.0,54,90,2028-06-17,2026-09-21
620.0,1827,117,2028-06-17,2026-09-21
630.0,112,30,2028-06-17,2026-09-21
640.0,133,4,2028-06-17,2026-09-21
650.0,578,150,2028-06-17,2026-09-21
660.0,1115,61,2028-06-17,2026-09-21
670.0,93,61,2028-06-17,2026-09-21
680.0,102,84,2028-06-17,2026-09-21
690.0,386,7,2028-06-17,2026-09-21
700.0,654,123,2028-06-17,2026-09-21
710.0,459,49,2028-06-17,2026-09-21
720.0,997,15,2028-06-17,2026-09-21
730.0,201,113,2028-06-17,2026-09-21
740.0,128,78,2028-06-17,2026-09-21
750.0,321,30,2028-06-17,2026-09-21
760.0,519,98,2028-06-17,2026-09-21
770.0,214,5,2028-06-17,2026-09-21
780.0,369,6,2028-06-17,2026-09-21
790.0,81,4,2028-06-17,2026-09-21
800.0,1393,16,2028-06-17,2026-09-21
810.0,168,16,2028-06-17,2026-09-21
820.0,359,50,2028-06-17,2026-09-21
830.0,116,23,2028-06-17,2026-09-21
840.0,207,14,2028-06-17,2026-09-21
850.0,489,5,2028-06-17,2026-09-21
860.0,210,22,2028-06-17,2026-09-21
870.0,94,3,2028-06-17,2026-09-21
880.0,245,29,2028-06-17,2026-09-21
890.0,176,17,2028-06-17,2026-09-21
900.0,406,19,2028-06-17,2026-09-21
910.0,215,3,2028-06-17,2026-09-21
920.0,122,13,2028-06-17,2026-09-21
930.0,331,5,2028-06-17,2026-09-21
940.0,200,5,2028-06-17,2026-09-21
950.0,92,41,2028-06-17,2026-09-21
960.0,169,39,2028-06-17,2026-09-21
970.0,127,48,2028-06-17,2026-09-21
980.0,300,42,2028-06-17,2026-09-21
990.0,97,289,2028-06-17,2026-09-21
1000.0,1330,52,2028-06-17,2026-09-21
1010.0,1599,115,2028-06-17,2026-09-21
1020.0,86,89,2028-06-17,2026-09-21
1030.0,86,38,2028-06-17,2026-09-21
1040.0,287,128,2028-06-17,2026-09-21
1050.0,267,177,2028-06-17,2026-09-21
1060.0,75,27,2028-06-17,2026-09-21
1070.0,85,60,2028-06-17,2026-09-21
1080.0,202,2,2028-06-17,2026-09-21
1090.0,196,35,2028-06-17,2026-09-21
1100.0,1711,44,2028-06-17,2026-09-21
1110.0,377,16,2028-06-17,2026-09-21
1120.0,4340,51,2028-06-17,2026-09-21
5.0,20060,611,2028-12-16,2026-09-21
10.0,28,315,2028-12-16,2026-09-21
15.0,29,20,2028-12-16,2026-09-21
20.0,16,52,2028-12-16,2026-09-21
25.0,45,102,2028-12-16,2026-09-21
30.0,9,294,2028-12-16,2026-09-21
35.0,4,35,2028-12-16,2026-09-21
40.0,7,139,2028-12-16,2026-09-21
45.0,3,263,2028-12-16,2026-09-21
50.0,11,277,2028-12-16,2026-09-21
55.0,1,200,2028-12-16,2026-09-21
60.0,9,441,2028-12-16,2026-09-21
65.0,6,232,2028-12-16,2026-09-21
70.0,8,159,2028-12-16,2026-09-21
75.0,8,276,2028-12-16,2026-09-21
80.0,40,302,2028-12-16,2026-09-21
85.0,50,827,2028-12-16,2026-09-21
90.0,73,243,2028-12-16,2026-09-21
95.0,57,1135,2028-12-16,2026-09-21
100.0,393,1248,2028-12-16,2026-09-21
105.0,463,426,2028-12-16,2026-09-21
110.0,337,335,2028-12-16,2026-09-21
115.0,1238,137,2028-12-16,2026-09-21
120.0,92,786,2028-12-16,2026-09-21
125.0,69,248,2028-12-16,2026-09-21
130.0,103,2193,2028-12-16,2026-09-21
135.0,76,839,2028-12-16,2026-09-21
140.0,254,625,2028-12-16,2026-09-21
145.0,131,949,2028-12-16,2026-09-21
150.0,625,1485,2028-12-16,2026-09-21
155.0,139,894,2028-12-16,2026-09-21
160.0,176,3018,2028-12-16,2026-09-21
165.0,103,929,2028-12-16,2026-09-21
170.0,183,2297,2028-12-16,2026-09-21
175.0,187,484,2028-12-16,2026-09-21
180.0,363,481,2028-12-16,2026-09-21
185.0,298,235,2028-12-16,2026-09-21
190.0,395,1147,2028-12-16,2026-09-21
195.0,375,999,2028-12-16,2026-09-21
200.0,1322,3141,2028-12-16,2026-09-21
210.0,800,1070,2028-12-16,2026-09-21
220.0,762,798,2028-12-16,2026-09-21
230.0,572,392,2028-12-16,2026-09-21
240.0,437,748,2028-12-16,2026-09-21
250.0,1096,4678,2028-12-16,2026-09-21
260.0,577,568,2028-12-16,2026-09-21
270.0,439,996,2028-12-16,2026-09-21
280.0,278,547,2028-12-16,2026-09-21
290.0,384,2281,2028-12-16,2026-09-21
300.0,1375,1698,2028-12-16,2026-09-21
310.0,542,544,2028-12-16,2026-09-21
320.0,504,765,2028-12-16,2026-09-21
330.0,421,509,2028-12-16,2026-09-21
340.0,452,428,2028-12-16,2026-09-21
350.0,1156,2758,2028-12-16,2026-09-21
360.0,455,1211,2028-12-16,2026-09-21
370.0,373,547,2028-12-16,2026-09-21
380.0,268,728,2028-12-16,2026-09-21
390.0,208,559,2028-12-16,2026-09-21
400.0,1384,1900,2028-12-16,2026-09-21
410.0,228,418,2028-12-16,2026-09-21
420.0,450,443,2028-12-16,2026-09-21
430.0,433,347,2028-12-16,2026-09-21
440.0,593,412,2028-12-16,2026-09-21
450.0,1060,2095,2028-12-16,2026-09-21
460.0,598,1005,2028-12-16,2026-09-21
470.0,353,348,2028-12-16,2026-09-21
480.0,764,257,2028-12-16,2026-09-21
490.0,660,323,2028-12-16,2026-09-21
500.0,3627,1382,2028-12-16,2026-09-21
510.0,855,666,2028-12-16,2026-09-21
520.0,485,677,2028-12-16,2026-09-21
530.0,290,300,2028-12-16,2026-09-21
540.0,230,290,2028-12-16,2026-09-21
550.0,1504,505,2028-12-16,2026-09-21
560.0,740,165,2028-12-16,2026-09-21
570.0,56,0,2028-12-16,2026-09-21
570.0,493,133,2028-12-16,2026-09-21
580.0,288,74,2028-12-16,2026-09-21
590.0,211,114,2028-12-16,2026-09-21
600.0,2894,526,2028-12-16,2026-09-21
610.0,173,222,2028-12-16,2026-09-21
620.0,392,103,2028-12-16,2026-09-21
630.0,120,34,2028-12-16,2026-09-21
640.0,321,43,2028-12-16,2026-09-21
650.0,357,73,2028-12-16,2026-09-21
660.0,437,86,2028-12-16,2026-09-21
670.0,477,45,2028-12-16,2026-09-21
680.0,339,67,2028-12-16,2026-09-21
690.0,463,58,2028-12-16,2026-09-21
700.0,3450,406,2028-12-16,2026-09-21
710.0,248,119,2028-12-16,2026-09-21
720.0,1889,39,2028-12-16,2026-09-21
730.0,558,62,2028-12-16,2026-09-21
740.0,191,34,2028-12-16,2026-09-21
750.0,1200,292,2028-12-16,2026-09-21
760.0,1153,58,2028-12-16,2026-09-21
770.0,300,32,2028-12-16,2026-09-21
780.0,312,17,2028-12-16,2026-09-21
790.0,400,19,2028-12-16,2026-09-21
800.0,1726,120,2028-12-16,2026-09-21
810.0,641,113,2028-12-16,2026-09-21
820.0,1201,14,2028-12-16,2026-09-21
830.0,251,62,2028-12-16,2026-09-21
840.0,159,56,2028-12-16,2026-09-21
850.0,861,96,2028-12-16,2026-09-21
860.0,2493,52,2028-12-16,2026-09-21
870.0,334,37,2028-12-16,2026-09-21
880.0,524,60,2028-12-16,2026-09-21
890.0,475,31,2028-12-16,2026-09-21
900.0,1182,83,2028-12-16,2026-09-21
910.0,1110,54,2028-12-16,2026-09-21
920.0,1118,62,2028-12-16,2026-09-21
930.0,642,178,2028-12-16,2026-09-21
940.0,140,107,2028-12-16,2026-09-21
950.0,703,120,2028-12-16,2026-09-21
960.0,478,78,2028-12-16,2026-09-21
970.0,168,92,2028-12-16,2026-09-21
980.0,139,37,2028-12-16,2026-09-21
990.0,822,123,2028-12-16,2026-09-21
1000.0,1208,102,2028-12-16,2026-09-21
1010.0,403,114,2028-12-16,2026-09-21
1020.0,114,56,2028-12-16,2026-09-21
1030.0,142,132,2028-12-16,2026-09-21
1040.0,69,125,2028-12-16,2026-09-21
1050.0,731,109,2028-12-16,2026-09-21
1060.0,176,66,2028-12-16,2026-09-21
1070.0,256,72,2028-12-16,2026-09-21
1080.0,316,255,2028-12-16,2026-09-21
1090.0,1037,172,2028-12-16,2026-09-21
1100.0,586,352,2028-12-16,2026-09-21
1110.0,673,231,2028-12-16,2026-09-21
1120.0,4047,325,2028-12-16,2026-09-21
5.0,83,0,2029-01-20,2026-09-21
10.0,0,0,2029-01-20,2026-09-21
15.0,0,0,2029-01-20,2026-09-21
20.0,0,0,2029-01-20,2026-09-21
25.0,0,0,2029-01-20,2026-09-21
30.0,0,0,2029-01-20,2026-09-21
35.0,0,0,2029-01-20,2026-09-21
40.0,0,0,2029-01-20,2026-09-21
45.0,0,0,2029-01-20,2026-09-21
50.0,0,1,2029-01-20,2026-09-21
55.0,0,0,2029-01-20,2026-09-21
60.0,0,0,2029-01-20,2026-09-21
65.0,0,0,2029-01-20,2026-09-21
70.0,0,0,2029-01-20,2026-09-21
75.0,0,0,2029-01-20,2026-09-21
80.0,0,0,2029-01-20,2026-09-21
85.0,0,0,2029-01-20,2026-09-21
90.0,0,0,2029-01-20,2026-09-21
95.0,0,0,2029-01-20,2026-09-21
100.0,0,2,2029-01-20,2026-09-21
105.0,0,2,2029-01-20,2026-09-21
110.0,3,1,2029-01-20,2026-09-21
115.0,0,0,2029-01-20,2026-09-21
120.0,0,2,2029-01-20,2026-09-21
125.0,0,0,2029-01-20,2026-09-21
130.0,0,0,2029-01-20,2026-09-21
135.0,4,1,2029-01-20,2026-09-21
140.0,2,1,2029-01-20,2026-09-21
145.0,0,0,2029-01-20,2026-09-21
150.0,1,1,2029-01-20,2026-09-21
155.0,0,1,2029-01-20,2026-09-21
160.0,0,13,2029-01-20,2026-09-21
165.0,0,0,2029-01-20,2026-09-21
170.0,0,0,2029-01-20,2026-09-21
175.0,0,1,2029-01-20,2026-09-21
180.0,1,0,2029-01-20,2026-09-21
185.0,20,0,2029-01-20,2026-09-21
190.0,2,2,2029-01-20,2026-09-21
195.0,20,0,2029-01-20,2026-09-21
200.0,76,1,2029-01-20,2026-09-21
210.0,52,11,2029-01-20,2026-09-21
220.0,56,1,2029-01-20,2026-09-21
230.0,33,4,2029-01-20,2026-09-21
240.0,22,5,2029-01-20,2026-09-21
250.0,10,1,2029-01-20,2026-09-21
260.0,17,32,2029-01-20,2026-09-21
270.0,3,5,2029-01-20,2026-09-21
280.0,7,15,2029-01-20,2026-09-21
290.0,0,1,2029-01-20,2026-09-21
300.0,7,3,2029-01-20,2026-09-21
310.0,3,48,2029-01-20,2026-09-21
320.0,6,53,2029-01-20,2026-09-21
330.0,1,3,2029-01-20,2026-09-21
340.0,0,0,2029-01-20,2026-09-21
350.0,4,5,2029-01-20,2026-09-21
360.0,25,124,2029-01-20,2026-09-21
370.0,16,9,2029-01-20,2026-09-21
380.0,1,3,2029-01-20,2026-09-21
390.0,2,55,2029-01-20,2026-09-21
400.0,9,52,2029-01-20,2026-09-21
410.0,5,20,2029-01-20,2026-09-21
420.0,13,7,2029-01-20,2026-09-21
430.0,22,117,2029-01-20,2026-09-21
440.0,0,0,2029-01-20,2026-09-21
450.0,5,199,2029-01-20,2026-09-21
460.0,4,3,2029-01-20,2026-09-21
470.0,1,12,2029-01-20,2026-09-21
480.0,4,5,2029-01-20,2026-09-21
490.0,5,7,2029-01-20,2026-09-21
500.0,27,13,2029-01-20,2026-09-21
510.0,11,5,2029-01-20,2026-09-21
520.0,6,12,2029-01-20,2026-09-21
530.0,11,8,2029-01-20,2026-09-21
540.0,9,12,2029-01-20,2026-09-21
550.0,46,4,2029-01-20,2026-09-21
560.0,5,2,2029-01-20,2026-09-21
570.0,453,15,2029-01-20,2026-09-21
580.0,3,2,2029-01-20,2026-09-21
590.0,7,0,2029-01-20,2026-09-21
600.0,31,6,2029-01-20,2026-09-21
610.0,14,2,2029-01-20,2026-09-21
620.0,4,2,2029-01-20,2026-09-21
630.0,14,0,2029-01-20,2026-09-21
640.0,25,1,2029-01-20,2026-09-21
650.0,8,1,2029-01-20,2026-09-21
660.0,8,0,2029-01-20,2026-09-21
670.0,0,0,2029-01-20,2026-09-21
680.0,33,0,2029-01-20,2026-09-21
690.0,0,0,2029-01-20,2026-09-21
700.0,208,0,2029-01-20,2026-09-21
710.0,1,0,2029-01-20,2026-09-21
720.0,0,0,2029-01-20,2026-09-21
730.0,0,0,2029-01-20,2026-09-21
740.0,1,0,2029-01-20,2026-09-21
750.0,1,7,2029-01-20,2026-09-21
760.0,1,5,2029-01-20,2026-09-21
770.0,0,5,2029-01-20,2026-09-21
780.0,0,1,2029-01-20,2026-09-21
790.0,0,5,2029-01-20,2026-09-21
800.0,7,5,2029-01-20,2026-09-21
810.0,0,0,2029-01-20,2026-09-21
820.0,1,1,2029-01-20,2026-09-21
830.0,1,0,2029-01-20,2026-09-21
840.0,0,0,2029-01-20,2026-09-21
850.0,3,0,2029-01-20,2026-09-21
860.0,0,0,2029-01-20,2026-09-21
870.0,0,0,2029-01-20,2026-09-21
880.0,0,1,2029-01-20,2026-09-21
890.0,0,0,2029-01-20,2026-09-21
900.0,20,0,2029-01-20,2026-09-21
910.0,0,0,2029-01-20,2026-09-21
920.0,0,0,2029-01-20,2026-09-21
930.0,0,0,2029-01-20,2026-09-21
940.0,0,0,2029-01-20,2026-09-21
950.0,8,0,2029-01-20,2026-09-21
960.0,0,0,2029-01-20,2026-09-21
970.0,1,0,2029-01-20,2026-09-21
980.0,320,1,2029-01-20,2026-09-21
212.71,114,114,2029-12-22,2026-09-21
295.0,120,0,2030-01-19,2026-09-21
295.0,110,0,2031-01-18,2026-09-21
