Strike,Call,Put,Expiry,Date
589.03,0,962,2026-09-25,2026-09-25
40.0,3,21,2026-09-26,2026-09-25
45.0,2,8,2026-09-26,2026-09-25
50.0,0,52,2026-09-26,2026-09-25
55.0,11,62,2026-09-26,2026-09-25
60.0,11,80,2026-09-26,2026-09-25
65.0,5,85,2026-09-26,2026-09-25
70.0,1,59,2026-09-26,2026-09-25
75.0,3,96,2026-09-26,2026-09-25
80.0,1,42,2026-09-26,2026-09-25
85.0,2,52,2026-09-26,2026-09-25
90.0,9,7,2026-09-26,2026-09-25
95.0,6,12,2026-09-26,2026-09-25
100.0,10,9,2026-09-26,2026-09-25
105.0,21,22,2026-09-26,2026-09-25
110.0,18,26,2026-09-26,2026-09-25
115.0,19,6,2026-09-26,2026-09-25
120.0,22,25030,2026-09-26,2026-09-25
125.0,8,6,2026-09-26,2026-09-25
130.0,6,7665,2026-09-26,2026-09-25
135.0,8,2,2026-09-26,2026-09-25
140.0,3,41,2026-09-26,2026-09-25
145.0,6,56,2026-09-26,2026-09-25
150.0,13,1045,2026-09-26,2026-09-25
155.0,7,16,2026-09-26,2026-09-25
160.0,6,1063,2026-09-26,2026-09-25
165.0,16,33,2026-09-26,2026-09-25
170.0,17,50,2026-09-26,2026-09-25
175.0,6,206,2026-09-26,2026-09-25
180.0,11,263,2026-09-26,2026-09-25
185.0,9,197,2026-09-26,2026-09-25
190.0,5,170,2026-09-26,2026-09-25
195.0,4,50,2026-09-26,2026-09-25
200.0,8,66,2026-09-26,2026-09-25
205.0,4,37,2026-09-26,2026-09-25
210.0,5,144,2026-09-26,2026-09-25
215.0,6,407,2026-09-26,2026-09-25
220.0,18,192,2026-09-26,2026-09-25
225.0,15,45,2026-09-26,2026-09-25
230.0,18,264,2026-09-26,2026-09-25
235.0,3,32,2026-09-26,2026-09-25
240.0,7,143,2026-09-26,2026-09-25
245.0,3,89,2026-09-26,2026-09-25
250.0,37,264,2026-09-26,2026-09-25
255.0,11,42,2026-09-26,2026-09-25
260.0,11,473,2026-09-26,2026-09-25
265.0,4,11,2026-09-26,2026-09-25
270.0,53,156,2026-09-26,2026-09-25
275.0,6,58,2026-09-26,2026-09-25
280.0,19,605,2026-09-26,2026-09-25
285.0,7,11,2026-09-26,2026-09-25
290.0,10,236,2026-09-26,2026-09-25
295.0,20,127,2026-09-26,2026-09-25
300.0,39,283,2026-09-26,2026-09-25
305.0,5,56,2026-09-26,2026-09-25
310.0,14,168,2026-09-26,2026-09-25
315.0,6,165,2026-09-26,2026-09-25
320.0,9,226,2026-09-26,2026-09-25
325.0,81,308,2026-09-26,2026-09-25
330.0,79,206,2026-09-26,2026-09-25
335.0,14,410,2026-09-26,2026-09-25
340.0,28,539,2026-09-26,2026-09-25
345.0,27,269,2026-09-26,2026-09-25
350.0,35,325,2026-09-26,2026-09-25
355.0,50,1790,2026-09-26,2026-09-25
360.0,23,452,2026-09-26,2026-09-25
365.0,14,577,2026-09-26,2026-09-25
370.0,26,326,2026-09-26,2026-09-25
375.0,48,3566,2026-09-26,2026-09-25
380.0,67,494,2026-09-26,2026-09-25
385.0,149,367,2026-09-26,2026-09-25
390.0,35,419,2026-09-26,2026-09-25
395.0,13,2158,2026-09-26,2026-09-25
400.0,65,762,2026-09-26,2026-09-25
402.5,23,40,2026-09-26,2026-09-25
405.0,35,1401,2026-09-26,2026-09-25
407.5,37,25,2026-09-26,2026-09-25
410.0,47,604,2026-09-26,2026-09-25
412.5,22,18,2026-09-26,2026-09-25
415.0,37,635,2026-09-26,2026-09-25
417.5,13,80,2026-09-26,2026-09-25
420.0,184,1369,2026-09-26,2026-09-25
422.5,31,116,2026-09-26,2026-09-25
425.0,28,2079,2026-09-26,2026-09-25
427.5,19,104,2026-09-26,2026-09-25
430.0,25,2914,2026-09-26,2026-09-25
432.5,15,148,2026-09-26,2026-09-25
435.0,27,687,2026-09-26,2026-09-25
437.5,14,115,2026-09-26,2026-09-25
440.0,139,1678,2026-09-26,2026-09-25
442.5,20,279,2026-09-26,2026-09-25
445.0,86,702,2026-09-26,2026-09-25
447.5,35,46,2026-09-26,2026-09-25
450.0,291,2576,2026-09-26,2026-09-25
452.5,7,306,2026-09-26,2026-09-25
455.0,120,791,2026-09-26,2026-09-25
457.5,4,190,2026-09-26,2026-09-25
460.0,252,1061,2026-09-26,2026-09-25
462.5,61,185,2026-09-26,2026-09-25
465.0,486,535,2026-09-26,2026-09-25
467.5,25,64,2026-09-26,2026-09-25
470.0,0,225,2026-09-26,2026-09-25
470.0,615,1002,2026-09-26,2026-09-25
472.5,65,139,2026-09-26,2026-09-25
475.0,505,728,2026-09-26,2026-09-25
477.5,35,309,2026-09-26,2026-09-25
480.0,310,826,2026-09-26,2026-09-25
482.5,45,349,2026-09-26,2026-09-25
485.0,257,368,2026-09-26,2026-09-25
487.5,93,227,2026-09-26,2026-09-25
490.0,320,2352,2026-09-26,2026-09-25
492.5,128,258,2026-09-26,2026-09-25
495.0,169,614,2026-09-26,2026-09-25
497.5,78,281,2026-09-26,2026-09-25
500.0,1102,2244,2026-09-26,2026-09-25
502.5,87,917,2026-09-26,2026-09-25
505.0,314,882,2026-09-26,2026-09-25
507.5,186,192,2026-09-26,2026-09-25
510.0,1400,943,2026-09-26,2026-09-25
512.5,258,194,2026-09-26,2026-09-25
515.0,932,526,2026-09-26,2026-09-25
517.5,599,308,2026-09-26,2026-09-25
520.0,1021,1787,2026-09-26,2026-09-25
522.5,202,335,2026-09-26,2026-09-25
525.0,695,1157,2026-09-26,2026-09-25
527.5,500,504,2026-09-26,2026-09-25
530.0,819,1635,2026-09-26,2026-09-25
532.5,168,666,2026-09-26,2026-09-25
535.0,625,912,2026-09-26,2026-09-25
537.5,335,538,2026-09-26,2026-09-25
540.0,1478,1181,2026-09-26,2026-09-25
542.5,380,532,2026-09-26,2026-09-25
545.0,2614,1309,2026-09-26,2026-09-25
547.5,1198,750,2026-09-26,2026-09-25
550.0,3163,2838,2026-09-26,2026-09-25
552.5,322,618,2026-09-26,2026-09-25
555.0,6149,647,2026-09-26,2026-09-25
557.5,358,400,2026-09-26,2026-09-25
560.0,2579,1547,2026-09-26,2026-09-25
562.5,918,302,2026-09-26,2026-09-25
565.0,923,704,2026-09-26,2026-09-25
567.5,257,792,2026-09-26,2026-09-25
570.0,7425,1770,2026-09-26,2026-09-25
572.5,171,565,2026-09-26,2026-09-25
575.0,2630,2004,2026-09-26,2026-09-25
577.5,241,1110,2026-09-26,2026-09-25
580.0,2347,3263,2026-09-26,2026-09-25
582.5,371,640,2026-09-26,2026-09-25
585.0,852,2162,2026-09-26,2026-09-25
587.5,173,942,2026-09-26,2026-09-25
590.0,1091,2224,2026-09-26,2026-09-25
592.5,277,535,2026-09-26,2026-09-25
595.0,306,1550,2026-09-26,2026-09-25
597.5,236,589,2026-09-26,2026-09-25
600.0,4623,10406,2026-09-26,2026-09-25
602.5,1962,1233,2026-09-26,2026-09-25
605.0,679,2857,2026-09-26,2026-09-25
607.5,239,2467,2026-09-26,2026-09-25
610.0,1671,2012,2026-09-26,2026-09-25
612.5,903,5006,2026-09-26,2026-09-25
615.0,1435,2487,2026-09-26,2026-09-25
617.5,531,1149,2026-09-26,2026-09-25
620.0,2798,2116,2026-09-26,2026-09-25
622.5,752,524,2026-09-26,2026-09-25
625.0,2688,1215,2026-09-26,2026-09-25
627.5,1961,467,2026-09-26,2026-09-25
630.0,4150,483,2026-09-26,2026-09-25
632.5,639,109,2026-09-26,2026-09-25
635.0,3988,157,2026-09-26,2026-09-25
637.5,681,56,2026-09-26,2026-09-25
640.0,6299,93,2026-09-26,2026-09-25
642.5,597,69,2026-09-26,2026-09-25
645.0,2895,89,2026-09-26,2026-09-25
647.5,1011,49,2026-09-26,2026-09-25
650.0,5970,63,2026-09-26,2026-09-25
652.5,547,94,2026-09-26,2026-09-25
655.0,2129,59,2026-09-26,2026-09-25
657.5,299,27,2026-09-26,2026-09-25
660.0,2439,34,2026-09-26,2026-09-25
662.5,859,0,2026-09-26,2026-09-25
665.0,1077,6,2026-09-26,2026-09-25
667.5,263,2,2026-09-26,2026-09-25
670.0,2062,2,2026-09-26,2026-09-25
672.5,663,0,2026-09-26,2026-09-25
675.0,2299,1,2026-09-26,2026-09-25
677.5,297,0,2026-09-26,2026-09-25
680.0,2090,0,2026-09-26,2026-09-25
682.5,266,0,2026-09-26,2026-09-25
685.0,1267,0,2026-09-26,2026-09-25
687.5,101,0,2026-09-26,2026-09-25
690.0,1042,1,2026-09-26,2026-09-25
692.5,76,0,2026-09-26,2026-09-25
695.0,637,1,2026-09-26,2026-09-25
697.5,26,0,2026-09-26,2026-09-25
700.0,2791,1,2026-09-26,2026-09-25
702.5,6,0,2026-09-26,2026-09-25
705.0,767,0,2026-09-26,2026-09-25
710.0,938,1,2026-09-26,2026-09-25
715.0,395,0,2026-09-26,2026-09-25
720.0,2216,0,2026-09-26,2026-09-25
725.0,136,0,2026-09-26,2026-09-25
730.0,92,0,2026-09-26,2026-09-25
735.0,487,0,2026-09-26,2026-09-25
740.0,113,0,2026-09-26,2026-09-25
750.0,393,0,2026-09-26,2026-09-25
760.0,182,0,2026-09-26,2026-09-25
770.0,524,0,2026-09-26,2026-09-25
780.0,674,0,2026-09-26,2026-09-25
790.0,281,0,2026-09-26,2026-09-25
800.0,133,0,2026-09-26,2026-09-25
810.0,371,0,2026-09-26,2026-09-25
820.0,434,0,2026-09-26,2026-09-25
830.0,106,0,2026-09-26,2026-09-25
840.0,59,0,2026-09-26,2026-09-25
850.0,29,0,2026-09-26,2026-09-25
860.0,181,0,2026-09-26,2026-09-25
870.0,91,0,2026-09-26,2026-09-25
880.0,87,0,2026-09-26,2026-09-25
890.0,58,0,2026-09-26,2026-09-25
900.0,94,0,2026-09-26,2026-09-25
910.0,21,0,2026-09-26,2026-09-25
920.0,105,0,2026-09-26,2026-09-25
930.0,177,0,2026-09-26,2026-09-25
940.0,99,0,2026-09-26,2026-09-25
950.0,147,0,2026-09-26,2026-09-25
960.0,31,0,2026-09-26,2026-09-25
970.0,112,0,2026-09-26,2026-09-25
980.0,71,0,2026-09-26,2026-09-25
990.0,247,0,2026-09-26,2026-09-25
400.0,2,13,2026-09-29,2026-09-25
405.0,1,23,2026-09-29,2026-09-25
410.0,4,30,2026-09-29,2026-09-25
415.0,0,19,2026-09-29,2026-09-25
420.0,1,72,2026-09-29,2026-09-25
425.0,0,37,2026-09-29,2026-09-25
430.0,1,40,2026-09-29,2026-09-25
432.5,1,549,2026-09-29,2026-09-25
435.0,0,485,2026-09-29,2026-09-25
437.5,0,642,2026-09-29,2026-09-25
440.0,2,16,2026-09-29,2026-09-25
442.5,0,6,2026-09-29,2026-09-25
445.0,2,93,2026-09-29,2026-09-25
447.5,0,7,2026-09-29,2026-09-25
450.0,4,149,2026-09-29,2026-09-25
452.5,0,389,2026-09-29,2026-09-25
455.0,0,10,2026-09-29,2026-09-25
457.5,0,9,2026-09-29,2026-09-25
460.0,14,19,2026-09-29,2026-09-25
462.5,1,7,2026-09-29,2026-09-25
465.0,0,18,2026-09-29,2026-09-25
467.5,0,16,2026-09-29,2026-09-25
470.0,2,34,2026-09-29,2026-09-25
472.5,0,9,2026-09-29,2026-09-25
475.0,0,5,2026-09-29,2026-09-25
477.5,3,10,2026-09-29,2026-09-25
480.0,5,38,2026-09-29,2026-09-25
482.5,0,20,2026-09-29,2026-09-25
485.0,47,48,2026-09-29,2026-09-25
487.5,3,7,2026-09-29,2026-09-25
490.0,24,57,2026-09-29,2026-09-25
492.5,0,11,2026-09-29,2026-09-25
495.0,35,32,2026-09-29,2026-09-25
497.5,3,32,2026-09-29,2026-09-25
500.0,71,208,2026-09-29,2026-09-25
502.5,25,26,2026-09-29,2026-09-25
505.0,25,34,2026-09-29,2026-09-25
507.5,6,11,2026-09-29,2026-09-25
510.0,11,51,2026-09-29,2026-09-25
512.5,4,28,2026-09-29,2026-09-25
515.0,59,65,2026-09-29,2026-09-25
517.5,8,37,2026-09-29,2026-09-25
520.0,38,221,2026-09-29,2026-09-25
522.5,10,116,2026-09-29,2026-09-25
525.0,42,418,2026-09-29,2026-09-25
527.5,20,39,2026-09-29,2026-09-25
530.0,29,116,2026-09-29,2026-09-25
532.5,25,38,2026-09-29,2026-09-25
535.0,26,238,2026-09-29,2026-09-25
537.5,5,74,2026-09-29,2026-09-25
540.0,19,397,2026-09-29,2026-09-25
542.5,7,67,2026-09-29,2026-09-25
545.0,90,454,2026-09-29,2026-09-25
547.5,34,147,2026-09-29,2026-09-25
550.0,519,911,2026-09-29,2026-09-25
552.5,211,243,2026-09-29,2026-09-25
555.0,34,223,2026-09-29,2026-09-25
557.5,14,50,2026-09-29,2026-09-25
560.0,49,1110,2026-09-29,2026-09-25
562.5,23,59,2026-09-29,2026-09-25
565.0,45,555,2026-09-29,2026-09-25
567.5,25,212,2026-09-29,2026-09-25
570.0,28,1512,2026-09-29,2026-09-25
572.5,6,388,2026-09-29,2026-09-25
575.0,96,667,2026-09-29,2026-09-25
577.5,4,636,2026-09-29,2026-09-25
580.0,84,1374,2026-09-29,2026-09-25
582.5,34,444,2026-09-29,2026-09-25
585.0,94,515,2026-09-29,2026-09-25
587.5,27,689,2026-09-29,2026-09-25
590.0,152,1469,2026-09-29,2026-09-25
592.5,87,269,2026-09-29,2026-09-25
595.0,94,493,2026-09-29,2026-09-25
597.5,42,404,2026-09-29,2026-09-25
600.0,241,1148,2026-09-29,2026-09-25
602.5,60,430,2026-09-29,2026-09-25
605.0,115,259,2026-09-29,2026-09-25
607.5,180,1229,2026-09-29,2026-09-25
610.0,858,790,2026-09-29,2026-09-25
612.5,180,519,2026-09-29,2026-09-25
615.0,1154,637,2026-09-29,2026-09-25
617.5,388,132,2026-09-29,2026-09-25
620.0,936,356,2026-09-29,2026-09-25
622.5,554,97,2026-09-29,2026-09-25
625.0,372,139,2026-09-29,2026-09-25
627.5,134,82,2026-09-29,2026-09-25
630.0,344,136,2026-09-29,2026-09-25
632.5,388,64,2026-09-29,2026-09-25
635.0,271,60,2026-09-29,2026-09-25
637.5,532,46,2026-09-29,2026-09-25
640.0,1016,116,2026-09-29,2026-09-25
642.5,285,40,2026-09-29,2026-09-25
645.0,743,13,2026-09-29,2026-09-25
647.5,262,13,2026-09-29,2026-09-25
650.0,1981,124,2026-09-29,2026-09-25
652.5,225,12,2026-09-29,2026-09-25
655.0,109,5,2026-09-29,2026-09-25
657.5,182,18,2026-09-29,2026-09-25
660.0,321,16,2026-09-29,2026-09-25
662.5,113,0,2026-09-29,2026-09-25
665.0,199,0,2026-09-29,2026-09-25
667.5,123,0,2026-09-29,2026-09-25
670.0,755,5,2026-09-29,2026-09-25
672.5,81,0,2026-09-29,2026-09-25
675.0,167,0,2026-09-29,2026-09-25
677.5,61,0,2026-09-29,2026-09-25
680.0,167,1,2026-09-29,2026-09-25
682.5,67,0,2026-09-29,2026-09-25
685.0,65,0,2026-09-29,2026-09-25
687.5,14,0,2026-09-29,2026-09-25
690.0,36,1,2026-09-29,2026-09-25
692.5,39,0,2026-09-29,2026-09-25
695.0,75,1,2026-09-29,2026-09-25
697.5,33,1,2026-09-29,2026-09-25
700.0,307,2,2026-09-29,2026-09-25
702.5,29,0,2026-09-29,2026-09-25
705.0,48,0,2026-09-29,2026-09-25
710.0,29,0,2026-09-29,2026-09-25
715.0,4,0,2026-09-29,2026-09-25
720.0,47,0,2026-09-29,2026-09-25
725.0,43,0,2026-09-29,2026-09-25
730.0,20,0,2026-09-29,2026-09-25
735.0,8,0,2026-09-29,2026-09-25
740.0,6,0,2026-09-29,2026-09-25
745.0,106,0,2026-09-29,2026-09-25
750.0,22,0,2026-09-29,2026-09-25
755.0,2,0,2026-09-29,2026-09-25
760.0,9,0,2026-09-29,2026-09-25
765.0,2,0,2026-09-29,2026-09-25
770.0,65,0,2026-09-29,2026-09-25
775.0,2,0,2026-09-29,2026-09-25
780.0,11,0,2026-09-29,2026-09-25
785.0,19,0,2026-09-29,2026-09-25
790.0,0,0,2026-09-29,2026-09-25
795.0,0,0,2026-09-29,2026-09-25
800.0,27,0,2026-09-29,2026-09-25
518.03,961,961,2026-09-30,2026-09-25
400.0,1,31,2026-10-01,2026-09-25
405.0,0,7,2026-10-01,2026-09-25
410.0,0,7,2026-10-01,2026-09-25
415.0,0,14,2026-10-01,2026-09-25
420.0,0,56,2026-10-01,2026-09-25
425.0,0,12,2026-10-01,2026-09-25
427.5,0,6,2026-10-01,2026-09-25
430.0,0,30,2026-10-01,2026-09-25
432.5,0,55,2026-10-01,2026-09-25
435.0,0,8,2026-10-01,2026-09-25
437.5,0,7,2026-10-01,2026-09-25
440.0,0,55,2026-10-01,2026-09-25
442.5,0,3,2026-10-01,2026-09-25
445.0,3,8,2026-10-01,2026-09-25
447.5,0,7,2026-10-01,2026-09-25
450.0,5,49,2026-10-01,2026-09-25
452.5,3,11,2026-10-01,2026-09-25
455.0,0,13,2026-10-01,2026-09-25
457.5,0,8,2026-10-01,2026-09-25
460.0,10,25,2026-10-01,2026-09-25
462.5,0,13,2026-10-01,2026-09-25
465.0,1,29,2026-10-01,2026-09-25
467.5,1,6,2026-10-01,2026-09-25
470.0,2,14,2026-10-01,2026-09-25
472.5,0,16,2026-10-01,2026-09-25
475.0,6,19,2026-10-01,2026-09-25
477.5,0,23,2026-10-01,2026-09-25
480.0,1,195,2026-10-01,2026-09-25
482.5,0,17,2026-10-01,2026-09-25
485.0,3,50,2026-10-01,2026-09-25
487.5,4,11,2026-10-01,2026-09-25
490.0,3,59,2026-10-01,2026-09-25
492.5,4,11,2026-10-01,2026-09-25
495.0,7,35,2026-10-01,2026-09-25
497.5,1,10,2026-10-01,2026-09-25
500.0,30,245,2026-10-01,2026-09-25
502.5,6,29,2026-10-01,2026-09-25
505.0,21,31,2026-10-01,2026-09-25
507.5,9,7,2026-10-01,2026-09-25
510.0,18,202,2026-10-01,2026-09-25
512.5,11,51,2026-10-01,2026-09-25
515.0,22,69,2026-10-01,2026-09-25
517.5,9,57,2026-10-01,2026-09-25
520.0,30,427,2026-10-01,2026-09-25
522.5,24,40,2026-10-01,2026-09-25
525.0,37,224,2026-10-01,2026-09-25
527.5,6,95,2026-10-01,2026-09-25
530.0,53,148,2026-10-01,2026-09-25
532.5,25,54,2026-10-01,2026-09-25
535.0,68,237,2026-10-01,2026-09-25
537.5,5,116,2026-10-01,2026-09-25
540.0,78,132,2026-10-01,2026-09-25
542.5,15,27,2026-10-01,2026-09-25
545.0,52,142,2026-10-01,2026-09-25
547.5,4,147,2026-10-01,2026-09-25
550.0,73,864,2026-10-01,2026-09-25
552.5,8,135,2026-10-01,2026-09-25
555.0,35,152,2026-10-01,2026-09-25
557.5,4,124,2026-10-01,2026-09-25
560.0,129,339,2026-10-01,2026-09-25
562.5,40,85,2026-10-01,2026-09-25
565.0,48,235,2026-10-01,2026-09-25
567.5,40,129,2026-10-01,2026-09-25
570.0,43,424,2026-10-01,2026-09-25
572.5,20,346,2026-10-01,2026-09-25
575.0,58,146,2026-10-01,2026-09-25
577.5,11,80,2026-10-01,2026-09-25
580.0,101,1083,2026-10-01,2026-09-25
582.5,24,259,2026-10-01,2026-09-25
585.0,23,431,2026-10-01,2026-09-25
587.5,70,749,2026-10-01,2026-09-25
590.0,44,267,2026-10-01,2026-09-25
592.5,14,143,2026-10-01,2026-09-25
595.0,44,130,2026-10-01,2026-09-25
597.5,39,61,2026-10-01,2026-09-25
600.0,380,394,2026-10-01,2026-09-25
602.5,52,138,2026-10-01,2026-09-25
605.0,54,126,2026-10-01,2026-09-25
607.5,108,99,2026-10-01,2026-09-25
610.0,117,237,2026-10-01,2026-09-25
612.5,119,73,2026-10-01,2026-09-25
615.0,226,205,2026-10-01,2026-09-25
617.5,100,49,2026-10-01,2026-09-25
620.0,392,173,2026-10-01,2026-09-25
622.5,192,111,2026-10-01,2026-09-25
625.0,276,130,2026-10-01,2026-09-25
627.5,125,91,2026-10-01,2026-09-25
630.0,338,211,2026-10-01,2026-09-25
632.5,140,24,2026-10-01,2026-09-25
635.0,336,40,2026-10-01,2026-09-25
637.5,212,46,2026-10-01,2026-09-25
640.0,237,44,2026-10-01,2026-09-25
642.5,253,18,2026-10-01,2026-09-25
645.0,231,7,2026-10-01,2026-09-25
647.5,144,1,2026-10-01,2026-09-25
650.0,543,74,2026-10-01,2026-09-25
652.5,101,0,2026-10-01,2026-09-25
655.0,424,0,2026-10-01,2026-09-25
657.5,54,6,2026-10-01,2026-09-25
660.0,784,9,2026-10-01,2026-09-25
662.5,195,1,2026-10-01,2026-09-25
665.0,288,1,2026-10-01,2026-09-25
667.5,46,1,2026-10-01,2026-09-25
670.0,178,2,2026-10-01,2026-09-25
672.5,127,0,2026-10-01,2026-09-25
675.0,231,0,2026-10-01,2026-09-25
677.5,40,0,2026-10-01,2026-09-25
680.0,128,2,2026-10-01,2026-09-25
682.5,28,0,2026-10-01,2026-09-25
685.0,583,1,2026-10-01,2026-09-25
687.5,16,0,2026-10-01,2026-09-25
690.0,227,0,2026-10-01,2026-09-25
692.5,22,0,2026-10-01,2026-09-25
695.0,83,0,2026-10-01,2026-09-25
697.5,11,0,2026-10-01,2026-09-25
700.0,172,0,2026-10-01,2026-09-25
702.5,18,0,2026-10-01,2026-09-25
705.0,20,0,2026-10-01,2026-09-25
707.5,21,0,2026-10-01,2026-09-25
710.0,26,0,2026-10-01,2026-09-25
712.5,5,0,2026-10-01,2026-09-25
715.0,6,0,2026-10-01,2026-09-25
717.5,64,0,2026-10-01,2026-09-25
720.0,9,0,2026-10-01,2026-09-25
722.5,1,0,2026-10-01,2026-09-25
725.0,30,0,2026-10-01,2026-09-25
730.0,151,0,2026-10-01,2026-09-25
735.0,39,0,2026-10-01,2026-09-25
740.0,5,0,2026-10-01,2026-09-25
745.0,2,0,2026-10-01,2026-09-25
750.0,87,0,2026-10-01,2026-09-25
755.0,12,0,2026-10-01,2026-09-25
760.0,2,0,2026-10-01,2026-09-25
765.0,5,0,2026-10-01,2026-09-25
770.0,3,0,2026-10-01,2026-09-25
775.0,3,0,2026-10-01,2026-09-25
780.0,38,0,2026-10-01,2026-09-25
785.0,33,0,2026-10-01,2026-09-25
790.0,19,0,2026-10-01,2026-09-25
795.0,28,0,2026-10-01,2026-09-25
800.0,28,0,2026-10-01,2026-09-25
805.0,26,0,2026-10-01,2026-09-25
810.0,65,0,2026-10-01,2026-09-25
815.0,54,0,2026-10-01,2026-09-25
820.0,40,0,2026-10-01,2026-09-25
825.0,3,0,2026-10-01,2026-09-25
830.0,8,0,2026-10-01,2026-09-25
835.0,2,0,2026-10-01,2026-09-25
840.0,20,0,2026-10-01,2026-09-25
845.0,4,0,2026-10-01,2026-09-25
850.0,3,0,2026-10-01,2026-09-25
855.0,2,0,2026-10-01,2026-09-25
860.0,1,0,2026-10-01,2026-09-25
865.0,0,0,2026-10-01,2026-09-25
870.0,3,0,2026-10-01,2026-09-25
875.0,10,0,2026-10-01,2026-09-25
880.0,3,0,2026-10-01,2026-09-25
885.0,2,0,2026-10-01,2026-09-25
890.0,0,0,2026-10-01,2026-09-25
895.0,0,0,2026-10-01,2026-09-25
900.0,2,0,2026-10-01,2026-09-25
559.03,1070,1070,2026-10-02,2026-09-25
40.0,0,48,2026-10-03,2026-09-25
45.0,0,30,2026-10-03,2026-09-25
50.0,0,18,2026-10-03,2026-09-25
55.0,0,8,2026-10-03,2026-09-25
60.0,0,25,2026-10-03,2026-09-25
65.0,0,30,2026-10-03,2026-09-25
70.0,0,5,2026-10-03,2026-09-25
75.0,0,38,2026-10-03,2026-09-25
80.0,0,1,2026-10-03,2026-09-25
85.0,5,53,2026-10-03,2026-09-25
90.0,1,16,2026-10-03,2026-09-25
95.0,1,0,2026-10-03,2026-09-25
100.0,2,33,2026-10-03,2026-09-25
105.0,1,0,2026-10-03,2026-09-25
110.0,2,0,2026-10-03,2026-09-25
115.0,9,1,2026-10-03,2026-09-25
120.0,1,3,2026-10-03,2026-09-25
125.0,1,11,2026-10-03,2026-09-25
130.0,2,1,2026-10-03,2026-09-25
135.0,2,5,2026-10-03,2026-09-25
140.0,0,0,2026-10-03,2026-09-25
145.0,8,4,2026-10-03,2026-09-25
150.0,0,3,2026-10-03,2026-09-25
155.0,1,13,2026-10-03,2026-09-25
160.0,10,4,2026-10-03,2026-09-25
165.0,40,13,2026-10-03,2026-09-25
170.0,19,24,2026-10-03,2026-09-25
175.0,23,217,2026-10-03,2026-09-25
180.0,12,51,2026-10-03,2026-09-25
185.0,5,114,2026-10-03,2026-09-25
190.0,21,92,2026-10-03,2026-09-25
195.0,3,112,2026-10-03,2026-09-25
200.0,25,58,2026-10-03,2026-09-25
205.0,3,38,2026-10-03,2026-09-25
210.0,13,130,2026-10-03,2026-09-25
215.0,72,78,2026-10-03,2026-09-25
220.0,23,40,2026-10-03,2026-09-25
225.0,3,44,2026-10-03,2026-09-25
230.0,8,18,2026-10-03,2026-09-25
235.0,1,55,2026-10-03,2026-09-25
240.0,15,145,2026-10-03,2026-09-25
245.0,1,51,2026-10-03,2026-09-25
250.0,60,24,2026-10-03,2026-09-25
255.0,4,208,2026-10-03,2026-09-25
260.0,2,136,2026-10-03,2026-09-25
265.0,2,13,2026-10-03,2026-09-25
270.0,23,27,2026-10-03,2026-09-25
275.0,4,33,2026-10-03,2026-09-25
280.0,31,347,2026-10-03,2026-09-25
285.0,2,55,2026-10-03,2026-09-25
290.0,8,166,2026-10-03,2026-09-25
295.0,12,70,2026-10-03,2026-09-25
300.0,26,99,2026-10-03,2026-09-25
305.0,10,41,2026-10-03,2026-09-25
310.0,29,11,2026-10-03,2026-09-25
315.0,11,19,2026-10-03,2026-09-25
320.0,55,1677,2026-10-03,2026-09-25
325.0,19,72,2026-10-03,2026-09-25
330.0,21,124,2026-10-03,2026-09-25
335.0,11,34,2026-10-03,2026-09-25
340.0,16,167,2026-10-03,2026-09-25
345.0,79,150,2026-10-03,2026-09-25
350.0,39,165,2026-10-03,2026-09-25
355.0,4,1371,2026-10-03,2026-09-25
360.0,26,318,2026-10-03,2026-09-25
365.0,14,784,2026-10-03,2026-09-25
370.0,71,237,2026-10-03,2026-09-25
375.0,31,417,2026-10-03,2026-09-25
380.0,22,475,2026-10-03,2026-09-25
385.0,43,254,2026-10-03,2026-09-25
390.0,12,592,2026-10-03,2026-09-25
395.0,1,138,2026-10-03,2026-09-25
400.0,180,1366,2026-10-03,2026-09-25
405.0,19,685,2026-10-03,2026-09-25
410.0,79,16290,2026-10-03,2026-09-25
415.0,105,1213,2026-10-03,2026-09-25
417.5,0,7,2026-10-03,2026-09-25
420.0,453,1238,2026-10-03,2026-09-25
422.5,0,9,2026-10-03,2026-09-25
425.0,25,1147,2026-10-03,2026-09-25
427.5,1,14,2026-10-03,2026-09-25
430.0,36,1204,2026-10-03,2026-09-25
432.5,0,18,2026-10-03,2026-09-25
435.0,19,445,2026-10-03,2026-09-25
437.5,0,18,2026-10-03,2026-09-25
440.0,122,1274,2026-10-03,2026-09-25
442.5,1,12,2026-10-03,2026-09-25
443.0,10100,10100,2026-10-03,2026-09-25
445.0,318,202,2026-10-03,2026-09-25
447.5,2,21,2026-10-03,2026-09-25
450.0,147,1865,2026-10-03,2026-09-25
452.5,0,11,2026-10-03,2026-09-25
455.0,72,971,2026-10-03,2026-09-25
457.5,0,56,2026-10-03,2026-09-25
460.0,181,2687,2026-10-03,2026-09-25
462.5,0,75,2026-10-03,2026-09-25
465.0,4500,4500,2026-10-03,2026-09-25
465.0,208,448,2026-10-03,2026-09-25
467.5,0,27,2026-10-03,2026-09-25
470.0,5817,5817,2026-10-03,2026-09-25
470.0,164,1902,2026-10-03,2026-09-25
472.5,1,40,2026-10-03,2026-09-25
475.0,1061,713,2026-10-03,2026-09-25
477.5,30,20,2026-10-03,2026-09-25
480.0,320,696,2026-10-03,2026-09-25
482.5,1,73,2026-10-03,2026-09-25
485.0,528,666,2026-10-03,2026-09-25
487.5,2,193,2026-10-03,2026-09-25
490.0,375,391,2026-10-03,2026-09-25
492.5,37,157,2026-10-03,2026-09-25
495.0,205,403,2026-10-03,2026-09-25
497.5,25,271,2026-10-03,2026-09-25
500.0,1108,3723,2026-10-03,2026-09-25
502.5,123,135,2026-10-03,2026-09-25
505.0,299,500,2026-10-03,2026-09-25
507.5,96,182,2026-10-03,2026-09-25
510.0,230,282,2026-10-03,2026-09-25
512.5,58,206,2026-10-03,2026-09-25
515.0,698,279,2026-10-03,2026-09-25
517.5,60,96,2026-10-03,2026-09-25
520.0,1200,1382,2026-10-03,2026-09-25
522.5,133,181,2026-10-03,2026-09-25
525.0,380,304,2026-10-03,2026-09-25
527.5,89,347,2026-10-03,2026-09-25
530.0,733,608,2026-10-03,2026-09-25
532.5,137,213,2026-10-03,2026-09-25
535.0,239,365,2026-10-03,2026-09-25
537.5,216,285,2026-10-03,2026-09-25
540.0,717,684,2026-10-03,2026-09-25
542.5,77,241,2026-10-03,2026-09-25
545.0,476,308,2026-10-03,2026-09-25
547.5,73,682,2026-10-03,2026-09-25
550.0,2038,2586,2026-10-03,2026-09-25
552.5,124,240,2026-10-03,2026-09-25
555.0,1677,395,2026-10-03,2026-09-25
557.5,152,208,2026-10-03,2026-09-25
560.0,917,1130,2026-10-03,2026-09-25
562.5,139,423,2026-10-03,2026-09-25
565.0,258,560,2026-10-03,2026-09-25
567.5,149,260,2026-10-03,2026-09-25
570.0,1111,618,2026-10-03,2026-09-25
572.5,50,604,2026-10-03,2026-09-25
575.0,1150,2698,2026-10-03,2026-09-25
577.5,47,428,2026-10-03,2026-09-25
580.0,870,1059,2026-10-03,2026-09-25
582.5,62,443,2026-10-03,2026-09-25
585.0,495,802,2026-10-03,2026-09-25
587.5,43,739,2026-10-03,2026-09-25
590.0,702,1277,2026-10-03,2026-09-25
592.5,63,506,2026-10-03,2026-09-25
595.0,1129,922,2026-10-03,2026-09-25
597.5,214,297,2026-10-03,2026-09-25
600.0,1442,3364,2026-10-03,2026-09-25
602.5,148,575,2026-10-03,2026-09-25
605.0,885,505,2026-10-03,2026-09-25
607.5,278,404,2026-10-03,2026-09-25
610.0,534,789,2026-10-03,2026-09-25
612.5,775,308,2026-10-03,2026-09-25
615.0,1046,752,2026-10-03,2026-09-25
617.5,285,447,2026-10-03,2026-09-25
620.0,5000,5000,2026-10-03,2026-09-25
620.0,1042,646,2026-10-03,2026-09-25
622.5,405,137,2026-10-03,2026-09-25
625.0,931,318,2026-10-03,2026-09-25
627.5,1347,144,2026-10-03,2026-09-25
630.0,1438,390,2026-10-03,2026-09-25
632.5,965,265,2026-10-03,2026-09-25
635.0,282,203,2026-10-03,2026-09-25
637.5,983,103,2026-10-03,2026-09-25
640.0,1634,267,2026-10-03,2026-09-25
642.5,1486,118,2026-10-03,2026-09-25
645.0,268,109,2026-10-03,2026-09-25
647.5,1221,137,2026-10-03,2026-09-25
650.0,2600,82,2026-10-03,2026-09-25
652.5,1041,32,2026-10-03,2026-09-25
655.0,828,47,2026-10-03,2026-09-25
657.5,450,26,2026-10-03,2026-09-25
660.0,819,39,2026-10-03,2026-09-25
662.5,149,0,2026-10-03,2026-09-25
665.0,207,25,2026-10-03,2026-09-25
667.5,79,5,2026-10-03,2026-09-25
670.0,1521,1,2026-10-03,2026-09-25
672.5,205,0,2026-10-03,2026-09-25
675.0,280,6,2026-10-03,2026-09-25
677.5,62,0,2026-10-03,2026-09-25
680.0,1174,5,2026-10-03,2026-09-25
682.5,47,0,2026-10-03,2026-09-25
685.0,423,1,2026-10-03,2026-09-25
687.5,172,0,2026-10-03,2026-09-25
690.0,803,3,2026-10-03,2026-09-25
692.5,43,5,2026-10-03,2026-09-25
695.0,274,2,2026-10-03,2026-09-25
697.5,91,16,2026-10-03,2026-09-25
700.0,3926,7,2026-10-03,2026-09-25
702.5,201,0,2026-10-03,2026-09-25
705.0,353,0,2026-10-03,2026-09-25
707.5,67,0,2026-10-03,2026-09-25
710.0,663,2,2026-10-03,2026-09-25
712.5,248,0,2026-10-03,2026-09-25
715.0,1188,16,2026-10-03,2026-09-25
717.5,271,0,2026-10-03,2026-09-25
720.0,243,0,2026-10-03,2026-09-25
722.5,48,0,2026-10-03,2026-09-25
725.0,280,1,2026-10-03,2026-09-25
727.5,32,0,2026-10-03,2026-09-25
730.0,112,0,2026-10-03,2026-09-25
732.5,793,0,2026-10-03,2026-09-25
735.0,617,0,2026-10-03,2026-09-25
737.5,1,0,2026-10-03,2026-09-25
740.0,278,0,2026-10-03,2026-09-25
742.5,45,0,2026-10-03,2026-09-25
750.0,355,1,2026-10-03,2026-09-25
760.0,342,0,2026-10-03,2026-09-25
770.0,530,0,2026-10-03,2026-09-25
780.0,33,0,2026-10-03,2026-09-25
790.0,241,0,2026-10-03,2026-09-25
800.0,688,0,2026-10-03,2026-09-25
810.0,46,0,2026-10-03,2026-09-25
820.0,49,0,2026-10-03,2026-09-25
830.0,22,0,2026-10-03,2026-09-25
840.0,104,0,2026-10-03,2026-09-25
850.0,201,0,2026-10-03,2026-09-25
860.0,73,0,2026-10-03,2026-09-25
870.0,175,0,2026-10-03,2026-09-25
880.0,26,0,2026-10-03,2026-09-25
890.0,42,0,2026-10-03,2026-09-25
900.0,208,0,2026-10-03,2026-09-25
910.0,18,0,2026-10-03,2026-09-25
920.0,110,0,2026-10-03,2026-09-25
930.0,44,0,2026-10-03,2026-09-25
940.0,117,0,2026-10-03,2026-09-25
950.0,42,0,2026-10-03,2026-09-25
960.0,39,0,2026-10-03,2026-09-25
970.0,46,0,2026-10-03,2026-09-25
980.0,19,0,2026-10-03,2026-09-25
990.0,294,0,2026-10-03,2026-09-25
310.0,0,0,2026-10-06,2026-09-25
315.0,0,0,2026-10-06,2026-09-25
320.0,0,0,2026-10-06,2026-09-25
325.0,0,0,2026-10-06,2026-09-25
330.0,0,0,2026-10-06,2026-09-25
335.0,0,0,2026-10-06,2026-09-25
340.0,0,0,2026-10-06,2026-09-25
345.0,0,0,2026-10-06,2026-09-25
350.0,0,0,2026-10-06,2026-09-25
355.0,0,1,2026-10-06,2026-09-25
360.0,0,1,2026-10-06,2026-09-25
365.0,0,6,2026-10-06,2026-09-25
370.0,0,10,2026-10-06,2026-09-25
375.0,0,2,2026-10-06,2026-09-25
380.0,1,7,2026-10-06,2026-09-25
385.0,0,4,2026-10-06,2026-09-25
390.0,0,6,2026-10-06,2026-09-25
395.0,0,6,2026-10-06,2026-09-25
400.0,0,20,2026-10-06,2026-09-25
405.0,0,3,2026-10-06,2026-09-25
410.0,0,5,2026-10-06,2026-09-25
415.0,0,9,2026-10-06,2026-09-25
420.0,0,4,2026-10-06,2026-09-25
425.0,0,16,2026-10-06,2026-09-25
430.0,0,0,2026-10-06,2026-09-25
435.0,0,1,2026-10-06,2026-09-25
440.0,0,0,2026-10-06,2026-09-25
445.0,10,0,2026-10-06,2026-09-25
450.0,10,0,2026-10-06,2026-09-25
455.0,0,0,2026-10-06,2026-09-25
460.0,11,0,2026-10-06,2026-09-25
465.0,0,14,2026-10-06,2026-09-25
470.0,0,88,2026-10-06,2026-09-25
475.0,0,50,2026-10-06,2026-09-25
480.0,0,369,2026-10-06,2026-09-25
485.0,0,42,2026-10-06,2026-09-25
490.0,1,101,2026-10-06,2026-09-25
495.0,1,15,2026-10-06,2026-09-25
500.0,3,20,2026-10-06,2026-09-25
505.0,0,300,2026-10-06,2026-09-25
507.5,0,0,2026-10-06,2026-09-25
510.0,0,25,2026-10-06,2026-09-25
512.5,0,0,2026-10-06,2026-09-25
515.0,9,11,2026-10-06,2026-09-25
517.5,1,2,2026-10-06,2026-09-25
520.0,0,12,2026-10-06,2026-09-25
522.5,0,2,2026-10-06,2026-09-25
525.0,0,9,2026-10-06,2026-09-25
527.5,0,2,2026-10-06,2026-09-25
530.0,6,81,2026-10-06,2026-09-25
532.5,0,0,2026-10-06,2026-09-25
535.0,2,61,2026-10-06,2026-09-25
537.5,0,11,2026-10-06,2026-09-25
540.0,12,11,2026-10-06,2026-09-25
542.5,0,29,2026-10-06,2026-09-25
545.0,1,1034,2026-10-06,2026-09-25
547.5,0,10,2026-10-06,2026-09-25
550.0,11,152,2026-10-06,2026-09-25
552.5,0,67,2026-10-06,2026-09-25
555.0,3,18,2026-10-06,2026-09-25
557.5,0,2,2026-10-06,2026-09-25
560.0,8,239,2026-10-06,2026-09-25
562.5,0,18,2026-10-06,2026-09-25
565.0,0,30,2026-10-06,2026-09-25
567.5,0,11,2026-10-06,2026-09-25
570.0,7,177,2026-10-06,2026-09-25
572.5,65,69,2026-10-06,2026-09-25
575.0,14,61,2026-10-06,2026-09-25
577.5,0,21,2026-10-06,2026-09-25
580.0,32,62,2026-10-06,2026-09-25
582.5,0,12,2026-10-06,2026-09-25
585.0,8,31,2026-10-06,2026-09-25
587.5,2,4,2026-10-06,2026-09-25
590.0,22,94,2026-10-06,2026-09-25
592.5,0,17,2026-10-06,2026-09-25
595.0,4,45,2026-10-06,2026-09-25
597.5,15,5,2026-10-06,2026-09-25
600.0,63,236,2026-10-06,2026-09-25
602.5,3,12,2026-10-06,2026-09-25
605.0,43,31,2026-10-06,2026-09-25
607.5,2,14,2026-10-06,2026-09-25
610.0,42,114,2026-10-06,2026-09-25
612.5,25,90,2026-10-06,2026-09-25
615.0,70,113,2026-10-06,2026-09-25
617.5,43,30,2026-10-06,2026-09-25
620.0,75,35,2026-10-06,2026-09-25
622.5,43,39,2026-10-06,2026-09-25
625.0,81,12,2026-10-06,2026-09-25
627.5,15,2,2026-10-06,2026-09-25
630.0,45,21,2026-10-06,2026-09-25
632.5,6,0,2026-10-06,2026-09-25
635.0,33,0,2026-10-06,2026-09-25
637.5,9,0,2026-10-06,2026-09-25
640.0,24,1,2026-10-06,2026-09-25
642.5,81,0,2026-10-06,2026-09-25
645.0,86,0,2026-10-06,2026-09-25
647.5,9,0,2026-10-06,2026-09-25
650.0,179,1,2026-10-06,2026-09-25
652.5,169,0,2026-10-06,2026-09-25
655.0,161,0,2026-10-06,2026-09-25
657.5,72,0,2026-10-06,2026-09-25
660.0,27,0,2026-10-06,2026-09-25
662.5,2,0,2026-10-06,2026-09-25
665.0,4,0,2026-10-06,2026-09-25
667.5,33,0,2026-10-06,2026-09-25
670.0,31,0,2026-10-06,2026-09-25
672.5,0,0,2026-10-06,2026-09-25
675.0,2,0,2026-10-06,2026-09-25
677.5,0,0,2026-10-06,2026-09-25
680.0,15,2,2026-10-06,2026-09-25
682.5,1,0,2026-10-06,2026-09-25
685.0,6,0,2026-10-06,2026-09-25
687.5,2,0,2026-10-06,2026-09-25
690.0,10,0,2026-10-06,2026-09-25
692.5,0,0,2026-10-06,2026-09-25
695.0,1,0,2026-10-06,2026-09-25
697.5,0,2,2026-10-06,2026-09-25
700.0,110,0,2026-10-06,2026-09-25
702.5,0,0,2026-10-06,2026-09-25
705.0,0,0,2026-10-06,2026-09-25
707.5,1,0,2026-10-06,2026-09-25
710.0,3,0,2026-10-06,2026-09-25
712.5,0,0,2026-10-06,2026-09-25
715.0,0,0,2026-10-06,2026-09-25
717.5,3,0,2026-10-06,2026-09-25
720.0,0,0,2026-10-06,2026-09-25
722.5,0,0,2026-10-06,2026-09-25
725.0,3,0,2026-10-06,2026-09-25
727.5,0,0,2026-10-06,2026-09-25
730.0,33,0,2026-10-06,2026-09-25
732.5,0,0,2026-10-06,2026-09-25
735.0,0,0,2026-10-06,2026-09-25
737.5,0,0,2026-10-06,2026-09-25
740.0,1,0,2026-10-06,2026-09-25
500.0,1,1,2026-10-08,2026-09-25
510.0,0,0,2026-10-08,2026-09-25
520.0,1,0,2026-10-08,2026-09-25
530.0,0,0,2026-10-08,2026-09-25
540.0,0,1,2026-10-08,2026-09-25
550.0,1,24,2026-10-08,2026-09-25
560.0,2,10,2026-10-08,2026-09-25
570.0,2,1,2026-10-08,2026-09-25
580.0,10,4,2026-10-08,2026-09-25
585.0,0,0,2026-10-08,2026-09-25
590.0,0,5,2026-10-08,2026-09-25
595.0,0,5,2026-10-08,2026-09-25
600.0,11,72,2026-10-08,2026-09-25
605.0,0,4,2026-10-08,2026-09-25
610.0,5,1,2026-10-08,2026-09-25
615.0,9,3,2026-10-08,2026-09-25
620.0,8,7,2026-10-08,2026-09-25
625.0,10,8,2026-10-08,2026-09-25
630.0,11,8,2026-10-08,2026-09-25
635.0,4,1,2026-10-08,2026-09-25
640.0,3,0,2026-10-08,2026-09-25
645.0,11,0,2026-10-08,2026-09-25
650.0,4,0,2026-10-08,2026-09-25
660.0,1,1,2026-10-08,2026-09-25
670.0,2,0,2026-10-08,2026-09-25
680.0,3,0,2026-10-08,2026-09-25
690.0,0,0,2026-10-08,2026-09-25
700.0,10,0,2026-10-08,2026-09-25
710.0,0,0,2026-10-08,2026-09-25
720.0,2,0,2026-10-08,2026-09-25
566.75,2,0,2026-10-09,2026-09-25
40.0,0,71,2026-10-10,2026-09-25
45.0,0,23,2026-10-10,2026-09-25
50.0,0,11,2026-10-10,2026-09-25
55.0,0,7,2026-10-10,2026-09-25
60.0,0,48,2026-10-10,2026-09-25
65.0,0,36,2026-10-10,2026-09-25
70.0,3,40,2026-10-10,2026-09-25
75.0,1,26,2026-10-10,2026-09-25
80.0,1,54,2026-10-10,2026-09-25
85.0,0,34,2026-10-10,2026-09-25
90.0,3,14,2026-10-10,2026-09-25
95.0,0,26,2026-10-10,2026-09-25
100.0,0,18,2026-10-10,2026-09-25
105.0,0,4,2026-10-10,2026-09-25
110.0,0,7,2026-10-10,2026-09-25
115.0,6,1,2026-10-10,2026-09-25
120.0,1,5,2026-10-10,2026-09-25
125.0,2,1,2026-10-10,2026-09-25
130.0,3,1,2026-10-10,2026-09-25
135.0,3,1,2026-10-10,2026-09-25
140.0,2,2,2026-10-10,2026-09-25
145.0,0,1,2026-10-10,2026-09-25
150.0,2,0,2026-10-10,2026-09-25
155.0,1,0,2026-10-10,2026-09-25
160.0,1,4,2026-10-10,2026-09-25
165.0,0,0,2026-10-10,2026-09-25
170.0,8,1,2026-10-10,2026-09-25
175.0,0,0,2026-10-10,2026-09-25
180.0,1,4,2026-10-10,2026-09-25
185.0,3,13,2026-10-10,2026-09-25
190.0,0,21,2026-10-10,2026-09-25
195.0,1,30,2026-10-10,2026-09-25
200.0,0,73,2026-10-10,2026-09-25
205.0,0,27,2026-10-10,2026-09-25
210.0,1,23,2026-10-10,2026-09-25
215.0,7,41,2026-10-10,2026-09-25
220.0,2,6,2026-10-10,2026-09-25
225.0,2,31,2026-10-10,2026-09-25
230.0,1,10,2026-10-10,2026-09-25
235.0,0,14,2026-10-10,2026-09-25
240.0,5,81,2026-10-10,2026-09-25
245.0,2,12,2026-10-10,2026-09-25
250.0,18,44,2026-10-10,2026-09-25
255.0,3,10,2026-10-10,2026-09-25
260.0,1,48,2026-10-10,2026-09-25
265.0,0,11,2026-10-10,2026-09-25
270.0,0,25,2026-10-10,2026-09-25
275.0,2,46,2026-10-10,2026-09-25
280.0,1,73,2026-10-10,2026-09-25
285.0,0,118,2026-10-10,2026-09-25
290.0,0,495,2026-10-10,2026-09-25
295.0,3,40,2026-10-10,2026-09-25
300.0,1,113,2026-10-10,2026-09-25
305.0,2,39,2026-10-10,2026-09-25
310.0,1,11121,2026-10-10,2026-09-25
315.0,1,10,2026-10-10,2026-09-25
320.0,4,424,2026-10-10,2026-09-25
325.0,2,73,2026-10-10,2026-09-25
330.0,6,46,2026-10-10,2026-09-25
335.0,1,64,2026-10-10,2026-09-25
340.0,1,125,2026-10-10,2026-09-25
345.0,1,57,2026-10-10,2026-09-25
350.0,3,1474,2026-10-10,2026-09-25
355.0,0,54,2026-10-10,2026-09-25
360.0,2,97,2026-10-10,2026-09-25
365.0,5,63,2026-10-10,2026-09-25
370.0,4,39,2026-10-10,2026-09-25
375.0,6,102,2026-10-10,2026-09-25
380.0,7,164,2026-10-10,2026-09-25
385.0,6,1488,2026-10-10,2026-09-25
390.0,16,124,2026-10-10,2026-09-25
395.0,0,103,2026-10-10,2026-09-25
400.0,45,1257,2026-10-10,2026-09-25
405.0,1,255,2026-10-10,2026-09-25
410.0,12,124,2026-10-10,2026-09-25
415.0,17,174,2026-10-10,2026-09-25
420.0,14,2605,2026-10-10,2026-09-25
425.0,10,90,2026-10-10,2026-09-25
430.0,17,174,2026-10-10,2026-09-25
435.0,8,376,2026-10-10,2026-09-25
440.0,100,614,2026-10-10,2026-09-25
445.0,15,416,2026-10-10,2026-09-25
450.0,130,618,2026-10-10,2026-09-25
455.0,54,217,2026-10-10,2026-09-25
460.0,65,219,2026-10-10,2026-09-25
465.0,69,148,2026-10-10,2026-09-25
470.0,36,318,2026-10-10,2026-09-25
475.0,204,233,2026-10-10,2026-09-25
480.0,187,311,2026-10-10,2026-09-25
485.0,110,818,2026-10-10,2026-09-25
490.0,1499,278,2026-10-10,2026-09-25
495.0,126,150,2026-10-10,2026-09-25
500.0,305,619,2026-10-10,2026-09-25
505.0,280,310,2026-10-10,2026-09-25
510.0,240,241,2026-10-10,2026-09-25
515.0,1130,450,2026-10-10,2026-09-25
517.5,0,81,2026-10-10,2026-09-25
520.0,402,900,2026-10-10,2026-09-25
522.5,21,612,2026-10-10,2026-09-25
525.0,237,204,2026-10-10,2026-09-25
527.5,0,69,2026-10-10,2026-09-25
530.0,419,509,2026-10-10,2026-09-25
532.5,2,278,2026-10-10,2026-09-25
535.0,138,215,2026-10-10,2026-09-25
537.5,3,55,2026-10-10,2026-09-25
540.0,151,282,2026-10-10,2026-09-25
542.5,0,126,2026-10-10,2026-09-25
545.0,276,269,2026-10-10,2026-09-25
547.5,1,75,2026-10-10,2026-09-25
550.0,7000,7000,2026-10-10,2026-09-25
550.0,459,529,2026-10-10,2026-09-25
552.5,2,188,2026-10-10,2026-09-25
555.0,146,140,2026-10-10,2026-09-25
557.5,16,135,2026-10-10,2026-09-25
560.0,388,445,2026-10-10,2026-09-25
562.5,2,191,2026-10-10,2026-09-25
565.0,358,164,2026-10-10,2026-09-25
570.0,972,237,2026-10-10,2026-09-25
575.0,220,120,2026-10-10,2026-09-25
580.0,396,396,2026-10-10,2026-09-25
585.0,173,556,2026-10-10,2026-09-25
590.0,181,357,2026-10-10,2026-09-25
595.0,175,272,2026-10-10,2026-09-25
600.0,1560,357,2026-10-10,2026-09-25
602.5,34,50,2026-10-10,2026-09-25
605.0,1045,136,2026-10-10,2026-09-25
607.5,18,22,2026-10-10,2026-09-25
610.0,331,174,2026-10-10,2026-09-25
612.5,60,225,2026-10-10,2026-09-25
615.0,619,208,2026-10-10,2026-09-25
617.5,108,13,2026-10-10,2026-09-25
620.0,631,272,2026-10-10,2026-09-25
622.5,20,44,2026-10-10,2026-09-25
625.0,1439,119,2026-10-10,2026-09-25
630.0,756,121,2026-10-10,2026-09-25
635.0,219,202,2026-10-10,2026-09-25
640.0,511,71,2026-10-10,2026-09-25
645.0,196,26,2026-10-10,2026-09-25
650.0,658,59,2026-10-10,2026-09-25
655.0,307,16,2026-10-10,2026-09-25
660.0,351,50,2026-10-10,2026-09-25
665.0,278,4,2026-10-10,2026-09-25
670.0,214,6,2026-10-10,2026-09-25
675.0,298,0,2026-10-10,2026-09-25
680.0,202,31,2026-10-10,2026-09-25
685.0,158,1,2026-10-10,2026-09-25
690.0,299,0,2026-10-10,2026-09-25
695.0,161,0,2026-10-10,2026-09-25
700.0,647,4,2026-10-10,2026-09-25
705.0,193,0,2026-10-10,2026-09-25
710.0,165,0,2026-10-10,2026-09-25
715.0,153,0,2026-10-10,2026-09-25
720.0,227,8,2026-10-10,2026-09-25
725.0,72,1,2026-10-10,2026-09-25
730.0,393,1,2026-10-10,2026-09-25
735.0,122,1,2026-10-10,2026-09-25
740.0,210,10,2026-10-10,2026-09-25
750.0,177,5,2026-10-10,2026-09-25
760.0,187,0,2026-10-10,2026-09-25
770.0,91,0,2026-10-10,2026-09-25
780.0,91,0,2026-10-10,2026-09-25
790.0,118,0,2026-10-10,2026-09-25
800.0,104,0,2026-10-10,2026-09-25
810.0,18,0,2026-10-10,2026-09-25
820.0,227,0,2026-10-10,2026-09-25
830.0,38,0,2026-10-10,2026-09-25
840.0,25,0,2026-10-10,2026-09-25
850.0,127,0,2026-10-10,2026-09-25
860.0,22,0,2026-10-10,2026-09-25
870.0,28,0,2026-10-10,2026-09-25
880.0,15,0,2026-10-10,2026-09-25
890.0,22,0,2026-10-10,2026-09-25
900.0,30,0,2026-10-10,2026-09-25
910.0,218,0,2026-10-10,2026-09-25
920.0,18,0,2026-10-10,2026-09-25
930.0,24,0,2026-10-10,2026-09-25
940.0,11,0,2026-10-10,2026-09-25
950.0,23,0,2026-10-10,2026-09-25
960.0,144,0,2026-10-10,2026-09-25
100.0,1374,1032,2026-10-17,2026-09-25
105.0,81,159,2026-10-17,2026-09-25
110.0,32,527,2026-10-17,2026-09-25
115.0,27,103,2026-10-17,2026-09-25
120.0,56,1490,2026-10-17,2026-09-25
125.0,86,462,2026-10-17,2026-09-25
130.0,81,399,2026-10-17,2026-09-25
135.0,153,260,2026-10-17,2026-09-25
140.0,164,518,2026-10-17,2026-09-25
145.0,136,484,2026-10-17,2026-09-25
150.0,139,2502,2026-10-17,2026-09-25
155.0,135,253,2026-10-17,2026-09-25
160.0,204,2383,2026-10-17,2026-09-25
165.0,95,982,2026-10-17,2026-09-25
170.0,130,411,2026-10-17,2026-09-25
175.0,136,991,2026-10-17,2026-09-25
180.0,277,789,2026-10-17,2026-09-25
185.0,225,400,2026-10-17,2026-09-25
190.0,968,312,2026-10-17,2026-09-25
195.0,204,520,2026-10-17,2026-09-25
200.0,419,2869,2026-10-17,2026-09-25
210.0,639,967,2026-10-17,2026-09-25
220.0,256,771,2026-10-17,2026-09-25
230.0,530,686,2026-10-17,2026-09-25
240.0,380,1167,2026-10-17,2026-09-25
250.0,916,1419,2026-10-17,2026-09-25
257.0,1138,0,2026-10-17,2026-09-25
260.0,459,2215,2026-10-17,2026-09-25
270.0,484,1130,2026-10-17,2026-09-25
280.0,844,878,2026-10-17,2026-09-25
290.0,330,1176,2026-10-17,2026-09-25
300.0,978,5820,2026-10-17,2026-09-25
310.0,434,1557,2026-10-17,2026-09-25
320.0,935,1695,2026-10-17,2026-09-25
330.0,953,2160,2026-10-17,2026-09-25
340.0,672,2487,2026-10-17,2026-09-25
350.0,6,0,2026-10-17,2026-09-25
350.0,601,3687,2026-10-17,2026-09-25
360.0,259,1652,2026-10-17,2026-09-25
370.0,589,6919,2026-10-17,2026-09-25
380.0,549,3010,2026-10-17,2026-09-25
390.0,252,2274,2026-10-17,2026-09-25
400.0,3,0,2026-10-17,2026-09-25
400.0,580,9121,2026-10-17,2026-09-25
410.0,233,2336,2026-10-17,2026-09-25
420.0,403,6627,2026-10-17,2026-09-25
430.0,1000,1000,2026-10-17,2026-09-25
430.0,402,3275,2026-10-17,2026-09-25
440.0,370,3945,2026-10-17,2026-09-25
450.0,6367,6445,2026-10-17,2026-09-25
460.0,2000,2000,2026-10-17,2026-09-25
460.0,931,3564,2026-10-17,2026-09-25
470.0,1970,1970,2026-10-17,2026-09-25
470.0,1462,2689,2026-10-17,2026-09-25
475.0,5000,5000,2026-10-17,2026-09-25
475.0,1,683,2026-10-17,2026-09-25
480.0,17740,17740,2026-10-17,2026-09-25
480.0,1693,2577,2026-10-17,2026-09-25
485.0,1,336,2026-10-17,2026-09-25
490.0,10352,10352,2026-10-17,2026-09-25
490.0,12340,2428,2026-10-17,2026-09-25
490.01,0,8280,2026-10-17,2026-09-25
495.0,1500,1500,2026-10-17,2026-09-25
495.0,0,893,2026-10-17,2026-09-25
500.0,2250,2250,2026-10-17,2026-09-25
500.0,2718,4735,2026-10-17,2026-09-25
505.0,17,130,2026-10-17,2026-09-25
510.0,4000,4000,2026-10-17,2026-09-25
510.0,1824,2107,2026-10-17,2026-09-25
515.0,2,161,2026-10-17,2026-09-25
517.5,6,111,2026-10-17,2026-09-25
520.0,404,404,2026-10-17,2026-09-25
520.0,2600,3485,2026-10-17,2026-09-25
520.01,193,0,2026-10-17,2026-09-25
522.5,0,80,2026-10-17,2026-09-25
525.0,500,500,2026-10-17,2026-09-25
525.0,15,309,2026-10-17,2026-09-25
527.5,53,104,2026-10-17,2026-09-25
530.0,3763,3763,2026-10-17,2026-09-25
530.0,2920,1202,2026-10-17,2026-09-25
532.5,12,72,2026-10-17,2026-09-25
535.0,13,241,2026-10-17,2026-09-25
537.5,2,121,2026-10-17,2026-09-25
540.0,4432,3015,2026-10-17,2026-09-25
542.5,2,106,2026-10-17,2026-09-25
545.0,6,171,2026-10-17,2026-09-25
547.5,2,147,2026-10-17,2026-09-25
550.0,47,37,2026-10-17,2026-09-25
550.0,4381,2255,2026-10-17,2026-09-25
552.5,21,154,2026-10-17,2026-09-25
555.0,36,162,2026-10-17,2026-09-25
557.5,12,110,2026-10-17,2026-09-25
560.0,2154,3268,2026-10-17,2026-09-25
562.5,127,171,2026-10-17,2026-09-25
565.0,201,394,2026-10-17,2026-09-25
570.0,1678,1296,2026-10-17,2026-09-25
575.0,2600,2600,2026-10-17,2026-09-25
575.0,810,264,2026-10-17,2026-09-25
580.0,7,0,2026-10-17,2026-09-25
580.0,2665,1256,2026-10-17,2026-09-25
585.0,1876,1876,2026-10-17,2026-09-25
585.0,118,279,2026-10-17,2026-09-25
590.0,1590,631,2026-10-17,2026-09-25
595.0,279,299,2026-10-17,2026-09-25
600.0,6885,2713,2026-10-17,2026-09-25
605.0,545,545,2026-10-17,2026-09-25
605.0,571,379,2026-10-17,2026-09-25
610.0,4000,4000,2026-10-17,2026-09-25
610.0,3171,1302,2026-10-17,2026-09-25
615.0,11676,11676,2026-10-17,2026-09-25
615.0,1173,334,2026-10-17,2026-09-25
620.0,2220,786,2026-10-17,2026-09-25
630.0,3577,365,2026-10-17,2026-09-25
640.0,1652,187,2026-10-17,2026-09-25
650.0,2778,112,2026-10-17,2026-09-25
660.0,2226,70,2026-10-17,2026-09-25
670.0,1171,78,2026-10-17,2026-09-25
680.0,4055,48,2026-10-17,2026-09-25
690.0,1032,42,2026-10-17,2026-09-25
700.0,6047,53,2026-10-17,2026-09-25
710.0,738,4,2026-10-17,2026-09-25
720.0,1132,3,2026-10-17,2026-09-25
730.0,705,3,2026-10-17,2026-09-25
740.0,770,4,2026-10-17,2026-09-25
750.0,3105,10,2026-10-17,2026-09-25
760.0,1234,0,2026-10-17,2026-09-25
770.0,651,1,2026-10-17,2026-09-25
780.0,833,0,2026-10-17,2026-09-25
790.0,390,0,2026-10-17,2026-09-25
800.0,3196,0,2026-10-17,2026-09-25
810.0,366,0,2026-10-17,2026-09-25
820.0,594,0,2026-10-17,2026-09-25
830.0,438,0,2026-10-17,2026-09-25
840.0,207,0,2026-10-17,2026-09-25
850.0,360,0,2026-10-17,2026-09-25
860.0,370,0,2026-10-17,2026-09-25
870.0,186,0,2026-10-17,2026-09-25
880.0,122,0,2026-10-17,2026-09-25
890.0,327,0,2026-10-17,2026-09-25
900.0,1765,0,2026-10-17,2026-09-25
910.0,198,0,2026-10-17,2026-09-25
920.0,365,0,2026-10-17,2026-09-25
930.0,307,0,2026-10-17,2026-09-25
940.0,194,0,2026-10-17,2026-09-25
950.0,737,0,2026-10-17,2026-09-25
960.0,142,0,2026-10-17,2026-09-25
970.0,164,0,2026-10-17,2026-09-25
980.0,103,0,2026-10-17,2026-09-25
990.0,70,0,2026-10-17,2026-09-25
1000.0,675,0,2026-10-17,2026-09-25
1010.0,285,0,2026-10-17,2026-09-25
1020.0,162,0,2026-10-17,2026-09-25
1030.0,97,0,2026-10-17,2026-09-25
1040.0,88,0,2026-10-17,2026-09-25
1050.0,303,0,2026-10-17,2026-09-25
1060.0,558,0,2026-10-17,2026-09-25
1070.0,291,0,2026-10-17,2026-09-25
1080.0,4924,0,2026-10-17,2026-09-25
1090.0,161,0,2026-10-17,2026-09-25
1100.0,216,0,2026-10-17,2026-09-25
1110.0,673,0,2026-10-17,2026-09-25
1120.0,5812,0,2026-10-17,2026-09-25
40.0,0,1,2026-10-24,2026-09-25
45.0,0,0,2026-10-24,2026-09-25
50.0,6,0,2026-10-24,2026-09-25
55.0,0,0,2026-10-24,2026-09-25
60.0,0,0,2026-10-24,2026-09-25
65.0,0,0,2026-10-24,2026-09-25
70.0,0,3,2026-10-24,2026-09-25
75.0,0,0,2026-10-24,2026-09-25
80.0,0,0,2026-10-24,2026-09-25
85.0,0,0,2026-10-24,2026-09-25
90.0,0,0,2026-10-24,2026-09-25
95.0,0,0,2026-10-24,2026-09-25
100.0,0,0,2026-10-24,2026-09-25
105.0,0,0,2026-10-24,2026-09-25
110.0,5,0,2026-10-24,2026-09-25
115.0,2,0,2026-10-24,2026-09-25
120.0,2,0,2026-10-24,2026-09-25
125.0,0,0,2026-10-24,2026-09-25
130.0,1,0,2026-10-24,2026-09-25
135.0,0,0,2026-10-24,2026-09-25
140.0,0,1,2026-10-24,2026-09-25
145.0,5,0,2026-10-24,2026-09-25
150.0,4,0,2026-10-24,2026-09-25
155.0,1,2,2026-10-24,2026-09-25
160.0,1,0,2026-10-24,2026-09-25
165.0,0,0,2026-10-24,2026-09-25
170.0,0,0,2026-10-24,2026-09-25
175.0,1,4,2026-10-24,2026-09-25
180.0,7,0,2026-10-24,2026-09-25
185.0,6,0,2026-10-24,2026-09-25
190.0,0,7,2026-10-24,2026-09-25
195.0,0,1,2026-10-24,2026-09-25
200.0,4,63,2026-10-24,2026-09-25
205.0,0,12,2026-10-24,2026-09-25
210.0,3,16,2026-10-24,2026-09-25
215.0,5,17,2026-10-24,2026-09-25
220.0,4,149,2026-10-24,2026-09-25
225.0,1,7,2026-10-24,2026-09-25
230.0,4,10,2026-10-24,2026-09-25
235.0,1,27,2026-10-24,2026-09-25
240.0,9,28,2026-10-24,2026-09-25
245.0,2,34,2026-10-24,2026-09-25
250.0,5,39,2026-10-24,2026-09-25
255.0,3,16,2026-10-24,2026-09-25
260.0,4,13,2026-10-24,2026-09-25
265.0,1,18,2026-10-24,2026-09-25
270.0,1,17,2026-10-24,2026-09-25
275.0,2,19,2026-10-24,2026-09-25
280.0,4,7,2026-10-24,2026-09-25
285.0,55,15,2026-10-24,2026-09-25
290.0,1,57,2026-10-24,2026-09-25
295.0,0,24,2026-10-24,2026-09-25
300.0,4,95,2026-10-24,2026-09-25
305.0,2,14,2026-10-24,2026-09-25
310.0,0,108,2026-10-24,2026-09-25
315.0,0,18,2026-10-24,2026-09-25
320.0,5,27,2026-10-24,2026-09-25
325.0,1,27,2026-10-24,2026-09-25
330.0,6,42,2026-10-24,2026-09-25
335.0,0,9,2026-10-24,2026-09-25
340.0,0,49,2026-10-24,2026-09-25
345.0,2,8,2026-10-24,2026-09-25
350.0,0,94,2026-10-24,2026-09-25
355.0,1,100,2026-10-24,2026-09-25
360.0,0,83,2026-10-24,2026-09-25
365.0,2,24,2026-10-24,2026-09-25
370.0,4,38,2026-10-24,2026-09-25
375.0,3,44,2026-10-24,2026-09-25
380.0,4,107,2026-10-24,2026-09-25
385.0,2,157,2026-10-24,2026-09-25
390.0,8,68,2026-10-24,2026-09-25
395.0,0,48,2026-10-24,2026-09-25
400.0,3,787,2026-10-24,2026-09-25
405.0,2,132,2026-10-24,2026-09-25
410.0,5,81,2026-10-24,2026-09-25
415.0,5,51,2026-10-24,2026-09-25
420.0,14,235,2026-10-24,2026-09-25
425.0,5,228,2026-10-24,2026-09-25
430.0,95,307,2026-10-24,2026-09-25
435.0,2,117,2026-10-24,2026-09-25
440.0,38,157,2026-10-24,2026-09-25
445.0,15,158,2026-10-24,2026-09-25
450.0,19,250,2026-10-24,2026-09-25
455.0,40,82,2026-10-24,2026-09-25
460.0,15,371,2026-10-24,2026-09-25
465.0,42,222,2026-10-24,2026-09-25
470.0,68,299,2026-10-24,2026-09-25
475.0,155,233,2026-10-24,2026-09-25
480.0,61,298,2026-10-24,2026-09-25
485.0,6500,6500,2026-10-24,2026-09-25
485.0,47,246,2026-10-24,2026-09-25
490.0,117,208,2026-10-24,2026-09-25
495.0,61,197,2026-10-24,2026-09-25
500.0,147,495,2026-10-24,2026-09-25
505.0,75,177,2026-10-24,2026-09-25
510.0,103,265,2026-10-24,2026-09-25
515.0,242,302,2026-10-24,2026-09-25
520.0,2371,518,2026-10-24,2026-09-25
525.0,263,141,2026-10-24,2026-09-25
530.0,897,381,2026-10-24,2026-09-25
535.0,117,427,2026-10-24,2026-09-25
540.0,182,331,2026-10-24,2026-09-25
545.0,172,386,2026-10-24,2026-09-25
550.0,206,729,2026-10-24,2026-09-25
555.0,130,104,2026-10-24,2026-09-25
560.0,226,371,2026-10-24,2026-09-25
565.0,189,109,2026-10-24,2026-09-25
570.0,415,137,2026-10-24,2026-09-25
575.0,145,138,2026-10-24,2026-09-25
580.0,507,208,2026-10-24,2026-09-25
585.0,126,94,2026-10-24,2026-09-25
590.0,166,107,2026-10-24,2026-09-25
595.0,137,252,2026-10-24,2026-09-25
600.0,439,450,2026-10-24,2026-09-25
605.0,524,63,2026-10-24,2026-09-25
610.0,950,950,2026-10-24,2026-09-25
610.0,288,227,2026-10-24,2026-09-25
615.0,1000,1000,2026-10-24,2026-09-25
615.0,377,97,2026-10-24,2026-09-25
620.0,1500,1500,2026-10-24,2026-09-25
620.0,373,1010,2026-10-24,2026-09-25
625.0,1500,1500,2026-10-24,2026-09-25
625.0,251,61,2026-10-24,2026-09-25
630.0,1800,71,2026-10-24,2026-09-25
635.0,137,36,2026-10-24,2026-09-25
640.0,405,22,2026-10-24,2026-09-25
645.0,401,28,2026-10-24,2026-09-25
650.0,366,22,2026-10-24,2026-09-25
655.0,110,4,2026-10-24,2026-09-25
660.0,668,35,2026-10-24,2026-09-25
665.0,89,20,2026-10-24,2026-09-25
670.0,193,33,2026-10-24,2026-09-25
675.0,157,15,2026-10-24,2026-09-25
680.0,720,31,2026-10-24,2026-09-25
685.0,134,9,2026-10-24,2026-09-25
690.0,110,3,2026-10-24,2026-09-25
695.0,150,17,2026-10-24,2026-09-25
700.0,2797,8,2026-10-24,2026-09-25
705.0,2478,0,2026-10-24,2026-09-25
710.0,144,0,2026-10-24,2026-09-25
715.0,174,1,2026-10-24,2026-09-25
720.0,136,0,2026-10-24,2026-09-25
725.0,84,0,2026-10-24,2026-09-25
730.0,198,0,2026-10-24,2026-09-25
735.0,180,10,2026-10-24,2026-09-25
740.0,149,0,2026-10-24,2026-09-25
750.0,129,0,2026-10-24,2026-09-25
760.0,78,0,2026-10-24,2026-09-25
770.0,135,0,2026-10-24,2026-09-25
780.0,134,2,2026-10-24,2026-09-25
790.0,62,0,2026-10-24,2026-09-25
800.0,127,0,2026-10-24,2026-09-25
810.0,92,0,2026-10-24,2026-09-25
820.0,128,0,2026-10-24,2026-09-25
830.0,61,0,2026-10-24,2026-09-25
840.0,16,0,2026-10-24,2026-09-25
850.0,53,0,2026-10-24,2026-09-25
860.0,8,0,2026-10-24,2026-09-25
870.0,8,0,2026-10-24,2026-09-25
880.0,101,0,2026-10-24,2026-09-25
890.0,180,0,2026-10-24,2026-09-25
900.0,186,0,2026-10-24,2026-09-25
910.0,22,0,2026-10-24,2026-09-25
920.0,12,0,2026-10-24,2026-09-25
930.0,38,0,2026-10-24,2026-09-25
940.0,29,0,2026-10-24,2026-09-25
950.0,12,0,2026-10-24,2026-09-25
960.0,135,0,2026-10-24,2026-09-25
5038.38,12,12,2026-10-24,2026-09-25
40.0,0,2,2026-10-31,2026-09-25
50.0,0,0,2026-10-31,2026-09-25
60.0,0,0,2026-10-31,2026-09-25
70.0,0,0,2026-10-31,2026-09-25
80.0,0,0,2026-10-31,2026-09-25
90.0,0,0,2026-10-31,2026-09-25
100.0,0,0,2026-10-31,2026-09-25
110.0,0,0,2026-10-31,2026-09-25
120.0,1,0,2026-10-31,2026-09-25
130.0,0,0,2026-10-31,2026-09-25
140.0,0,0,2026-10-31,2026-09-25
150.0,4,0,2026-10-31,2026-09-25
160.0,1,0,2026-10-31,2026-09-25
170.0,1,0,2026-10-31,2026-09-25
180.0,0,0,2026-10-31,2026-09-25
190.0,5,0,2026-10-31,2026-09-25
200.0,6,5,2026-10-31,2026-09-25
210.0,0,11,2026-10-31,2026-09-25
220.0,9,0,2026-10-31,2026-09-25
220.0,1,14,2026-10-31,2026-09-25
230.0,5,11,2026-10-31,2026-09-25
240.0,3,41,2026-10-31,2026-09-25
250.0,0,39,2026-10-31,2026-09-25
255.0,1,0,2026-10-31,2026-09-25
260.0,2,56,2026-10-31,2026-09-25
270.0,12,44,2026-10-31,2026-09-25
280.0,5,3,2026-10-31,2026-09-25
290.0,0,72,2026-10-31,2026-09-25
300.0,2,108,2026-10-31,2026-09-25
310.0,1,203,2026-10-31,2026-09-25
315.0,0,89,2026-10-31,2026-09-25
320.0,1,117,2026-10-31,2026-09-25
325.0,15,24,2026-10-31,2026-09-25
330.0,0,45,2026-10-31,2026-09-25
335.0,0,9,2026-10-31,2026-09-25
340.0,2,78,2026-10-31,2026-09-25
345.0,1,33,2026-10-31,2026-09-25
350.0,10,13,2026-10-31,2026-09-25
355.0,1,12,2026-10-31,2026-09-25
360.0,3,39,2026-10-31,2026-09-25
365.0,0,9,2026-10-31,2026-09-25
370.0,0,25,2026-10-31,2026-09-25
375.0,1,55,2026-10-31,2026-09-25
380.0,0,72,2026-10-31,2026-09-25
385.0,3,107,2026-10-31,2026-09-25
390.0,2,64,2026-10-31,2026-09-25
395.0,9,37,2026-10-31,2026-09-25
400.0,32,144,2026-10-31,2026-09-25
405.0,1,9,2026-10-31,2026-09-25
410.0,1,59,2026-10-31,2026-09-25
415.0,1,19,2026-10-31,2026-09-25
420.0,2,109,2026-10-31,2026-09-25
425.0,14,152,2026-10-31,2026-09-25
430.0,2,129,2026-10-31,2026-09-25
435.0,6,64,2026-10-31,2026-09-25
440.0,4,85,2026-10-31,2026-09-25
445.0,0,41,2026-10-31,2026-09-25
450.0,25,366,2026-10-31,2026-09-25
455.0,3,117,2026-10-31,2026-09-25
460.0,1,158,2026-10-31,2026-09-25
465.0,23,126,2026-10-31,2026-09-25
470.0,22,115,2026-10-31,2026-09-25
475.0,20,213,2026-10-31,2026-09-25
480.0,28,198,2026-10-31,2026-09-25
485.0,51,92,2026-10-31,2026-09-25
490.0,56,183,2026-10-31,2026-09-25
495.0,40,192,2026-10-31,2026-09-25
500.0,69,925,2026-10-31,2026-09-25
505.0,49,565,2026-10-31,2026-09-25
510.0,38,244,2026-10-31,2026-09-25
515.0,25,117,2026-10-31,2026-09-25
520.0,75,280,2026-10-31,2026-09-25
525.0,38,151,2026-10-31,2026-09-25
530.0,101,248,2026-10-31,2026-09-25
535.0,83,142,2026-10-31,2026-09-25
540.0,65,203,2026-10-31,2026-09-25
545.0,214,132,2026-10-31,2026-09-25
550.0,280,387,2026-10-31,2026-09-25
555.0,99,78,2026-10-31,2026-09-25
560.0,210,177,2026-10-31,2026-09-25
565.0,115,77,2026-10-31,2026-09-25
570.0,171,145,2026-10-31,2026-09-25
575.0,86,439,2026-10-31,2026-09-25
580.0,191,423,2026-10-31,2026-09-25
585.0,65,70,2026-10-31,2026-09-25
590.0,64,119,2026-10-31,2026-09-25
595.0,86,123,2026-10-31,2026-09-25
600.0,560,166,2026-10-31,2026-09-25
605.0,155,59,2026-10-31,2026-09-25
610.0,337,165,2026-10-31,2026-09-25
615.0,169,543,2026-10-31,2026-09-25
620.0,332,120,2026-10-31,2026-09-25
625.0,494,47,2026-10-31,2026-09-25
630.0,449,37,2026-10-31,2026-09-25
635.0,107,11,2026-10-31,2026-09-25
640.0,336,18,2026-10-31,2026-09-25
645.0,244,19,2026-10-31,2026-09-25
650.0,520,22,2026-10-31,2026-09-25
655.0,73,12,2026-10-31,2026-09-25
660.0,127,6,2026-10-31,2026-09-25
665.0,70,17,2026-10-31,2026-09-25
670.0,313,2,2026-10-31,2026-09-25
675.0,143,32,2026-10-31,2026-09-25
680.0,322,4,2026-10-31,2026-09-25
685.0,99,7,2026-10-31,2026-09-25
690.0,173,0,2026-10-31,2026-09-25
695.0,118,2,2026-10-31,2026-09-25
700.0,590,19,2026-10-31,2026-09-25
705.0,153,0,2026-10-31,2026-09-25
710.0,167,2,2026-10-31,2026-09-25
720.0,379,0,2026-10-31,2026-09-25
730.0,128,0,2026-10-31,2026-09-25
740.0,101,0,2026-10-31,2026-09-25
750.0,137,0,2026-10-31,2026-09-25
760.0,100,0,2026-10-31,2026-09-25
770.0,60,0,2026-10-31,2026-09-25
780.0,85,0,2026-10-31,2026-09-25
790.0,108,0,2026-10-31,2026-09-25
800.0,137,0,2026-10-31,2026-09-25
810.0,32,0,2026-10-31,2026-09-25
820.0,72,0,2026-10-31,2026-09-25
830.0,80,0,2026-10-31,2026-09-25
840.0,31,0,2026-10-31,2026-09-25
850.0,136,0,2026-10-31,2026-09-25
860.0,40,0,2026-10-31,2026-09-25
870.0,38,0,2026-10-31,2026-09-25
880.0,64,0,2026-10-31,2026-09-25
890.0,40,0,2026-10-31,2026-09-25
900.0,177,0,2026-10-31,2026-09-25
910.0,17,0,2026-10-31,2026-09-25
920.0,118,0,2026-10-31,2026-09-25
930.0,11,0,2026-10-31,2026-09-25
940.0,8,0,2026-10-31,2026-09-25
950.0,26,0,2026-10-31,2026-09-25
960.0,131,0,2026-10-31,2026-09-25
610.0,3000,3000,2026-11-03,2026-09-25
489.03,9300,9300,2026-11-04,2026-09-25
523.02,13018,13018,2026-11-04,2026-09-25
535.0,375,375,2026-11-07,2026-09-25
545.0,0,14,2026-11-07,2026-09-25
550.0,3,13,2026-11-07,2026-09-25
555.0,0,17,2026-11-07,2026-09-25
560.0,20,19,2026-11-07,2026-09-25
565.0,20,0,2026-11-07,2026-09-25
570.0,9,2,2026-11-07,2026-09-25
575.0,3,10,2026-11-07,2026-09-25
580.0,1,45,2026-11-07,2026-09-25
585.0,1,0,2026-11-07,2026-09-25
590.0,5,2,2026-11-07,2026-09-25
595.0,2,2,2026-11-07,2026-09-25
600.0,31,5,2026-11-07,2026-09-25
605.0,3,11,2026-11-07,2026-09-25
610.0,7,55,2026-11-07,2026-09-25
615.0,5,7,2026-11-07,2026-09-25
620.0,19,5,2026-11-07,2026-09-25
625.0,62,33,2026-11-07,2026-09-25
630.0,4,10,2026-11-07,2026-09-25
635.0,8,1,2026-11-07,2026-09-25
640.0,7,2,2026-11-07,2026-09-25
645.0,1,0,2026-11-07,2026-09-25
650.0,29,2,2026-11-07,2026-09-25
655.0,1,0,2026-11-07,2026-09-25
660.0,3,0,2026-11-07,2026-09-25
665.0,1,0,2026-11-07,2026-09-25
670.0,5,0,2026-11-07,2026-09-25
675.0,3,0,2026-11-07,2026-09-25
680.0,9,0,2026-11-07,2026-09-25
685.0,37,0,2026-11-07,2026-09-25
100.0,159,1210,2026-11-21,2026-09-25
105.0,105,592,2026-11-21,2026-09-25
110.0,59,359,2026-11-21,2026-09-25
115.0,69,188,2026-11-21,2026-09-25
120.0,168,1305,2026-11-21,2026-09-25
125.0,119,540,2026-11-21,2026-09-25
130.0,66,1921,2026-11-21,2026-09-25
135.0,112,609,2026-11-21,2026-09-25
140.0,244,2932,2026-11-21,2026-09-25
145.0,214,268,2026-11-21,2026-09-25
150.0,258,1383,2026-11-21,2026-09-25
155.0,119,1071,2026-11-21,2026-09-25
160.0,106,3214,2026-11-21,2026-09-25
165.0,140,1552,2026-11-21,2026-09-25
170.0,166,1061,2026-11-21,2026-09-25
175.0,97,833,2026-11-21,2026-09-25
180.0,170,1003,2026-11-21,2026-09-25
185.0,112,961,2026-11-21,2026-09-25
190.0,116,4722,2026-11-21,2026-09-25
195.0,411,955,2026-11-21,2026-09-25
200.0,447,3962,2026-11-21,2026-09-25
210.0,225,4769,2026-11-21,2026-09-25
220.0,919,1575,2026-11-21,2026-09-25
230.0,962,1171,2026-11-21,2026-09-25
240.0,16639,1603,2026-11-21,2026-09-25
250.0,9,0,2026-11-21,2026-09-25
250.0,1612,2169,2026-11-21,2026-09-25
260.0,9678,1710,2026-11-21,2026-09-25
270.0,807,693,2026-11-21,2026-09-25
280.0,1240,519,2026-11-21,2026-09-25
290.0,504,1099,2026-11-21,2026-09-25
300.0,1236,2509,2026-11-21,2026-09-25
310.0,511,997,2026-11-21,2026-09-25
320.0,284,1596,2026-11-21,2026-09-25
330.0,760,3358,2026-11-21,2026-09-25
340.0,630,1312,2026-11-21,2026-09-25
350.0,922,3662,2026-11-21,2026-09-25
360.0,578,3395,2026-11-21,2026-09-25
370.0,465,1705,2026-11-21,2026-09-25
380.0,667,2230,2026-11-21,2026-09-25
390.0,584,1381,2026-11-21,2026-09-25
400.0,907,4216,2026-11-21,2026-09-25
410.0,294,4300,2026-11-21,2026-09-25
420.0,422,1279,2026-11-21,2026-09-25
430.0,6372,7723,2026-11-21,2026-09-25
440.0,334,2506,2026-11-21,2026-09-25
450.0,684,3560,2026-11-21,2026-09-25
460.0,432,2188,2026-11-21,2026-09-25
470.0,800,2519,2026-11-21,2026-09-25
480.0,2500,2500,2026-11-21,2026-09-25
480.0,813,1590,2026-11-21,2026-09-25
490.0,2040,2040,2026-11-21,2026-09-25
490.0,690,1897,2026-11-21,2026-09-25
500.0,300,300,2026-11-21,2026-09-25
500.0,2795,3546,2026-11-21,2026-09-25
510.0,1412,873,2026-11-21,2026-09-25
520.0,1938,951,2026-11-21,2026-09-25
530.0,1237,1057,2026-11-21,2026-09-25
540.0,1866,1008,2026-11-21,2026-09-25
550.0,3068,3667,2026-11-21,2026-09-25
560.0,794,691,2026-11-21,2026-09-25
570.0,10,0,2026-11-21,2026-09-25
570.0,747,812,2026-11-21,2026-09-25
580.0,2521,493,2026-11-21,2026-09-25
590.0,1543,215,2026-11-21,2026-09-25
600.0,3569,1014,2026-11-21,2026-09-25
610.0,1911,519,2026-11-21,2026-09-25
615.0,1250,1250,2026-11-21,2026-09-25
620.0,2625,477,2026-11-21,2026-09-25
630.0,3671,433,2026-11-21,2026-09-25
640.0,936,194,2026-11-21,2026-09-25
650.0,2511,123,2026-11-21,2026-09-25
660.0,1540,72,2026-11-21,2026-09-25
670.0,1061,107,2026-11-21,2026-09-25
680.0,1078,45,2026-11-21,2026-09-25
690.0,1360,66,2026-11-21,2026-09-25
700.0,3828,89,2026-11-21,2026-09-25
710.0,524,66,2026-11-21,2026-09-25
720.0,1177,74,2026-11-21,2026-09-25
730.0,514,77,2026-11-21,2026-09-25
740.0,270,181,2026-11-21,2026-09-25
750.0,1469,10,2026-11-21,2026-09-25
760.0,528,51,2026-11-21,2026-09-25
770.0,748,17,2026-11-21,2026-09-25
780.0,365,1,2026-11-21,2026-09-25
790.0,192,0,2026-11-21,2026-09-25
800.0,3254,5,2026-11-21,2026-09-25
810.0,1064,0,2026-11-21,2026-09-25
820.0,1027,0,2026-11-21,2026-09-25
830.0,822,0,2026-11-21,2026-09-25
840.0,293,0,2026-11-21,2026-09-25
850.0,1044,5,2026-11-21,2026-09-25
860.0,264,0,2026-11-21,2026-09-25
870.0,941,1,2026-11-21,2026-09-25
880.0,322,0,2026-11-21,2026-09-25
890.0,344,22,2026-11-21,2026-09-25
900.0,1725,1,2026-11-21,2026-09-25
910.0,448,17,2026-11-21,2026-09-25
920.0,118,3,2026-11-21,2026-09-25
930.0,469,1,2026-11-21,2026-09-25
940.0,151,0,2026-11-21,2026-09-25
950.0,212,10,2026-11-21,2026-09-25
960.0,159,3,2026-11-21,2026-09-25
970.0,289,0,2026-11-21,2026-09-25
980.0,298,0,2026-11-21,2026-09-25
990.0,324,0,2026-11-21,2026-09-25
1000.0,464,0,2026-11-21,2026-09-25
1010.0,245,0,2026-11-21,2026-09-25
1020.0,246,0,2026-11-21,2026-09-25
1030.0,53,0,2026-11-21,2026-09-25
1040.0,187,0,2026-11-21,2026-09-25
1050.0,298,0,2026-11-21,2026-09-25
1060.0,194,0,2026-11-21,2026-09-25
1070.0,126,0,2026-11-21,2026-09-25
1080.0,91,0,2026-11-21,2026-09-25
1090.0,172,0,2026-11-21,2026-09-25
1100.0,150,0,2026-11-21,2026-09-25
1110.0,263,0,2026-11-21,2026-09-25
1120.0,1147,0,2026-11-21,2026-09-25
5.0,1144,52,2026-12-19,2026-09-25
10.0,4,12,2026-12-19,2026-09-25
15.0,0,201,2026-12-19,2026-09-25
20.0,956,525,2026-12-19,2026-09-25
25.0,212,864,2026-12-19,2026-09-25
30.0,208,188,2026-12-19,2026-09-25
35.0,9,970,2026-12-19,2026-09-25
40.0,13,252,2026-12-19,2026-09-25
45.0,101,1117,2026-12-19,2026-09-25
50.0,211,686,2026-12-19,2026-09-25
55.0,51,1820,2026-12-19,2026-09-25
60.0,160,1618,2026-12-19,2026-09-25
65.0,220,522,2026-12-19,2026-09-25
70.0,298,1093,2026-12-19,2026-09-25
75.0,329,1390,2026-12-19,2026-09-25
80.0,232,2423,2026-12-19,2026-09-25
85.0,1297,1592,2026-12-19,2026-09-25
90.0,646,4182,2026-12-19,2026-09-25
95.0,1175,1298,2026-12-19,2026-09-25
100.0,1910,11403,2026-12-19,2026-09-25
105.0,487,1114,2026-12-19,2026-09-25
110.0,1109,3179,2026-12-19,2026-09-25
115.0,736,2329,2026-12-19,2026-09-25
120.0,1082,6578,2026-12-19,2026-09-25
125.0,1106,2146,2026-12-19,2026-09-25
130.0,2226,2542,2026-12-19,2026-09-25
135.0,3859,1619,2026-12-19,2026-09-25
140.0,5082,6380,2026-12-19,2026-09-25
145.0,2185,2314,2026-12-19,2026-09-25
150.0,1495,3739,2026-12-19,2026-09-25
155.0,850,1279,2026-12-19,2026-09-25
160.0,1000,4047,2026-12-19,2026-09-25
165.0,1638,2057,2026-12-19,2026-09-25
170.0,1077,9226,2026-12-19,2026-09-25
175.0,546,2060,2026-12-19,2026-09-25
180.0,1002,2341,2026-12-19,2026-09-25
185.0,869,1335,2026-12-19,2026-09-25
190.0,1888,2279,2026-12-19,2026-09-25
195.0,1340,1424,2026-12-19,2026-09-25
200.0,2500,2500,2026-12-19,2026-09-25
200.0,2364,4888,2026-12-19,2026-09-25
210.0,1935,1975,2026-12-19,2026-09-25
215.0,0,0,2026-12-19,2026-09-25
220.0,1530,1775,2026-12-19,2026-09-25
230.0,1934,1986,2026-12-19,2026-09-25
235.0,5000,5000,2026-12-19,2026-09-25
240.0,2455,1599,2026-12-19,2026-09-25
250.0,2117,2716,2026-12-19,2026-09-25
260.0,1573,1717,2026-12-19,2026-09-25
270.0,2058,1459,2026-12-19,2026-09-25
280.0,2053,2700,2026-12-19,2026-09-25
290.0,1587,1982,2026-12-19,2026-09-25
300.0,3953,3947,2026-12-19,2026-09-25
310.0,2334,1007,2026-12-19,2026-09-25
320.0,1065,1270,2026-12-19,2026-09-25
330.0,1613,1984,2026-12-19,2026-09-25
340.0,1644,2352,2026-12-19,2026-09-25
350.0,5179,2769,2026-12-19,2026-09-25
360.0,2255,1228,2026-12-19,2026-09-25
370.0,1637,1557,2026-12-19,2026-09-25
380.0,1457,2077,2026-12-19,2026-09-25
390.0,4184,1732,2026-12-19,2026-09-25
400.0,4617,8262,2026-12-19,2026-09-25
410.0,818,1746,2026-12-19,2026-09-25
420.0,998,2614,2026-12-19,2026-09-25
430.0,651,1170,2026-12-19,2026-09-25
440.0,568,1395,2026-12-19,2026-09-25
450.0,1308,3283,2026-12-19,2026-09-25
460.0,598,1751,2026-12-19,2026-09-25
470.0,554,1627,2026-12-19,2026-09-25
480.0,2460,1111,2026-12-19,2026-09-25
490.0,1198,1194,2026-12-19,2026-09-25
500.0,2500,2500,2026-12-19,2026-09-25
500.0,3672,2214,2026-12-19,2026-09-25
510.0,760,427,2026-12-19,2026-09-25
520.0,1449,532,2026-12-19,2026-09-25
530.0,1631,672,2026-12-19,2026-09-25
540.0,574,746,2026-12-19,2026-09-25
550.0,2183,953,2026-12-19,2026-09-25
560.0,545,326,2026-12-19,2026-09-25
570.0,535,851,2026-12-19,2026-09-25
580.0,903,384,2026-12-19,2026-09-25
590.0,403,186,2026-12-19,2026-09-25
600.0,4234,1063,2026-12-19,2026-09-25
610.0,2336,627,2026-12-19,2026-09-25
620.0,991,544,2026-12-19,2026-09-25
630.0,3252,110,2026-12-19,2026-09-25
640.0,1769,102,2026-12-19,2026-09-25
650.0,1551,327,2026-12-19,2026-09-25
660.0,705,27,2026-12-19,2026-09-25
670.0,707,59,2026-12-19,2026-09-25
680.0,1822,81,2026-12-19,2026-09-25
690.0,533,131,2026-12-19,2026-09-25
700.0,3151,1202,2026-12-19,2026-09-25
710.0,599,47,2026-12-19,2026-09-25
720.0,1527,19,2026-12-19,2026-09-25
730.0,346,10,2026-12-19,2026-09-25
740.0,1988,7,2026-12-19,2026-09-25
750.0,2652,2,2026-12-19,2026-09-25
760.0,1263,5,2026-12-19,2026-09-25
770.0,222,13,2026-12-19,2026-09-25
780.0,496,37,2026-12-19,2026-09-25
790.0,159,173,2026-12-19,2026-09-25
800.0,1957,17,2026-12-19,2026-09-25
810.0,191,10,2026-12-19,2026-09-25
820.0,354,1,2026-12-19,2026-09-25
830.0,357,5,2026-12-19,2026-09-25
840.0,168,0,2026-12-19,2026-09-25
850.0,1380,0,2026-12-19,2026-09-25
860.0,671,1,2026-12-19,2026-09-25
870.0,330,0,2026-12-19,2026-09-25
880.0,825,2,2026-12-19,2026-09-25
890.0,938,1,2026-12-19,2026-09-25
900.0,3736,1,2026-12-19,2026-09-25
910.0,607,5,2026-12-19,2026-09-25
920.0,227,0,2026-12-19,2026-09-25
930.0,406,1,2026-12-19,2026-09-25
940.0,134,0,2026-12-19,2026-09-25
950.0,357,2,2026-12-19,2026-09-25
960.0,506,1,2026-12-19,2026-09-25
970.0,1077,0,2026-12-19,2026-09-25
980.0,226,1,2026-12-19,2026-09-25
990.0,356,0,2026-12-19,2026-09-25
1000.0,632,2,2026-12-19,2026-09-25
1010.0,128,0,2026-12-19,2026-09-25
1020.0,244,0,2026-12-19,2026-09-25
1030.0,260,0,2026-12-19,2026-09-25
1040.0,60,0,2026-12-19,2026-09-25
1050.0,261,0,2026-12-19,2026-09-25
1060.0,417,0,2026-12-19,2026-09-25
1070.0,184,0,2026-12-19,2026-09-25
1080.0,201,0,2026-12-19,2026-09-25
1090.0,498,0,2026-12-19,2026-09-25
1100.0,692,5,2026-12-19,2026-09-25
1110.0,173,0,2026-12-19,2026-09-25
1120.0,2740,0,2026-12-19,2026-09-25
176.44,0,100,2026-12-29,2026-09-25
196.04,0,100,2026-12-29,2026-09-25
230.01,33600,33600,2027-01-15,2026-09-25
570.04,23300,23300,2027-01-15,2026-09-25
5.0,7720,4383,2027-01-16,2026-09-25
10.0,52,94,2027-01-16,2026-09-25
15.0,3,24,2027-01-16,2026-09-25
20.0,46,65,2027-01-16,2026-09-25
25.0,320,895,2027-01-16,2026-09-25
30.0,199,412,2027-01-16,2026-09-25
35.0,117,249,2027-01-16,2026-09-25
40.0,122,590,2027-01-16,2026-09-25
45.0,32,1128,2027-01-16,2026-09-25
50.0,686,5628,2027-01-16,2026-09-25
55.0,57,3141,2027-01-16,2026-09-25
60.0,167,4288,2027-01-16,2026-09-25
65.0,575,867,2027-01-16,2026-09-25
70.0,5147,7018,2027-01-16,2026-09-25
75.0,1944,5410,2027-01-16,2026-09-25
80.0,1380,5975,2027-01-16,2026-09-25
85.0,339,3742,2027-01-16,2026-09-25
90.0,6500,6500,2027-01-16,2026-09-25
90.0,9313,10285,2027-01-16,2026-09-25
95.0,1409,3352,2027-01-16,2026-09-25
100.0,7881,10866,2027-01-16,2026-09-25
105.0,788,7282,2027-01-16,2026-09-25
110.0,2670,8008,2027-01-16,2026-09-25
115.0,2036,2792,2027-01-16,2026-09-25
120.0,1517,15687,2027-01-16,2026-09-25
125.0,1534,2932,2027-01-16,2026-09-25
130.0,1388,6557,2027-01-16,2026-09-25
135.0,1570,2590,2027-01-16,2026-09-25
140.0,1602,9385,2027-01-16,2026-09-25
145.0,1093,3969,2027-01-16,2026-09-25
147.5,210,0,2027-01-16,2026-09-25
150.0,3102,13662,2027-01-16,2026-09-25
155.0,1251,1785,2027-01-16,2026-09-25
160.0,1049,4691,2027-01-16,2026-09-25
165.0,845,3385,2027-01-16,2026-09-25
170.0,1081,3820,2027-01-16,2026-09-25
175.0,1031,2359,2027-01-16,2026-09-25
180.0,3143,6047,2027-01-16,2026-09-25
185.0,1215,2688,2027-01-16,2026-09-25
190.0,1033,1750,2027-01-16,2026-09-25
195.0,815,1661,2027-01-16,2026-09-25
200.0,8911,10274,2027-01-16,2026-09-25
210.0,2000,2000,2027-01-16,2026-09-25
210.0,1728,4098,2027-01-16,2026-09-25
220.0,1000,1000,2027-01-16,2026-09-25
220.0,3940,3707,2027-01-16,2026-09-25
230.0,2838,4065,2027-01-16,2026-09-25
230.01,33600,33600,2027-01-16,2026-09-25
240.0,4228,4717,2027-01-16,2026-09-25
250.0,12405,10639,2027-01-16,2026-09-25
260.0,3052,4336,2027-01-16,2026-09-25
270.0,4344,2396,2027-01-16,2026-09-25
280.0,2722,2633,2027-01-16,2026-09-25
290.0,6289,2778,2027-01-16,2026-09-25
300.0,8301,8314,2027-01-16,2026-09-25
300.01,1500,0,2027-01-16,2026-09-25
310.0,4084,4523,2027-01-16,2026-09-25
320.0,1871,4261,2027-01-16,2026-09-25
330.0,2568,2856,2027-01-16,2026-09-25
330.01,1500,0,2027-01-16,2026-09-25
340.0,1201,5319,2027-01-16,2026-09-25
350.0,15000,15000,2027-01-16,2026-09-25
350.0,1889,4104,2027-01-16,2026-09-25
360.0,1239,4331,2027-01-16,2026-09-25
370.0,2360,2905,2027-01-16,2026-09-25
380.0,1344,5259,2027-01-16,2026-09-25
390.0,929,4227,2027-01-16,2026-09-25
400.0,4369,8943,2027-01-16,2026-09-25
410.0,1115,2588,2027-01-16,2026-09-25
420.0,2452,1799,2027-01-16,2026-09-25
430.0,801,2173,2027-01-16,2026-09-25
440.0,744,3262,2027-01-16,2026-09-25
450.0,550,550,2027-01-16,2026-09-25
450.0,3370,3655,2027-01-16,2026-09-25
457.5,0,0,2027-01-16,2026-09-25
460.0,1200,1208,2027-01-16,2026-09-25
460.0,1282,2792,2027-01-16,2026-09-25
470.0,1170,1170,2027-01-16,2026-09-25
470.0,754,1160,2027-01-16,2026-09-25
480.0,2199,2026,2027-01-16,2026-09-25
490.0,1149,1309,2027-01-16,2026-09-25
500.0,4606,6176,2027-01-16,2026-09-25
510.0,818,1005,2027-01-16,2026-09-25
520.0,8,0,2027-01-16,2026-09-25
520.0,2781,1802,2027-01-16,2026-09-25
530.0,2221,2101,2027-01-16,2026-09-25
540.0,2381,1464,2027-01-16,2026-09-25
540.01,5000,0,2027-01-16,2026-09-25
550.0,4847,748,2027-01-16,2026-09-25
560.0,1848,896,2027-01-16,2026-09-25
570.0,886,756,2027-01-16,2026-09-25
580.0,1314,429,2027-01-16,2026-09-25
580.01,3700,0,2027-01-16,2026-09-25
590.0,1447,278,2027-01-16,2026-09-25
600.0,6921,807,2027-01-16,2026-09-25
610.0,647,748,2027-01-16,2026-09-25
620.0,1975,428,2027-01-16,2026-09-25
630.0,663,289,2027-01-16,2026-09-25
640.0,2546,402,2027-01-16,2026-09-25
650.0,3046,555,2027-01-16,2026-09-25
660.0,3575,188,2027-01-16,2026-09-25
670.0,579,29,2027-01-16,2026-09-25
680.0,1682,36,2027-01-16,2026-09-25
690.0,436,104,2027-01-16,2026-09-25
700.0,3365,1111,2027-01-16,2026-09-25
710.0,768,8,2027-01-16,2026-09-25
720.0,881,25,2027-01-16,2026-09-25
730.0,2834,48,2027-01-16,2026-09-25
740.0,1436,23,2027-01-16,2026-09-25
750.0,4914,227,2027-01-16,2026-09-25
760.0,752,8,2027-01-16,2026-09-25
770.0,1020,13,2027-01-16,2026-09-25
780.0,1847,4,2027-01-16,2026-09-25
790.0,360,6,2027-01-16,2026-09-25
800.0,3060,28,2027-01-16,2026-09-25
810.0,472,33,2027-01-16,2026-09-25
820.0,252,35,2027-01-16,2026-09-25
830.0,198,5,2027-01-16,2026-09-25
840.0,291,0,2027-01-16,2026-09-25
850.0,476,0,2027-01-16,2026-09-25
860.0,338,1,2027-01-16,2026-09-25
870.0,125,0,2027-01-16,2026-09-25
880.0,443,0,2027-01-16,2026-09-25
890.0,1048,0,2027-01-16,2026-09-25
900.0,3130,0,2027-01-16,2026-09-25
910.0,1999,1,2027-01-16,2026-09-25
920.0,258,0,2027-01-16,2026-09-25
930.0,626,0,2027-01-16,2026-09-25
940.0,176,0,2027-01-16,2026-09-25
950.0,2040,0,2027-01-16,2026-09-25
960.0,315,0,2027-01-16,2026-09-25
970.0,650,0,2027-01-16,2026-09-25
980.0,1897,0,2027-01-16,2026-09-25
990.0,146,0,2027-01-16,2026-09-25
1000.0,2096,4,2027-01-16,2026-09-25
1010.0,459,0,2027-01-16,2026-09-25
1020.0,228,0,2027-01-16,2026-09-25
1030.0,145,0,2027-01-16,2026-09-25
1040.0,190,1,2027-01-16,2026-09-25
1050.0,413,0,2027-01-16,2026-09-25
1060.0,154,0,2027-01-16,2026-09-25
1070.0,328,0,2027-01-16,2026-09-25
1080.0,435,1,2027-01-16,2026-09-25
1090.0,732,1,2027-01-16,2026-09-25
1100.0,240,1,2027-01-16,2026-09-25
1110.0,959,0,2027-01-16,2026-09-25
1120.0,4370,0,2027-01-16,2026-09-25
350.0,15000,15000,2027-01-20,2026-09-25
200.0,4,392,2027-02-20,2026-09-25
210.0,52,107,2027-02-20,2026-09-25
220.0,14,194,2027-02-20,2026-09-25
230.0,19,93,2027-02-20,2026-09-25
240.0,15,87,2027-02-20,2026-09-25
250.0,22,360,2027-02-20,2026-09-25
260.0,11,239,2027-02-20,2026-09-25
270.0,22,765,2027-02-20,2026-09-25
280.0,45,146,2027-02-20,2026-09-25
290.0,40,1160,2027-02-20,2026-09-25
300.0,25,1260,2027-02-20,2026-09-25
310.0,27,482,2027-02-20,2026-09-25
320.0,17,631,2027-02-20,2026-09-25
330.0,10,1042,2027-02-20,2026-09-25
340.0,15,500,2027-02-20,2026-09-25
350.0,18,1008,2027-02-20,2026-09-25
360.0,33,1267,2027-02-20,2026-09-25
370.0,70,860,2027-02-20,2026-09-25
380.0,22,1080,2027-02-20,2026-09-25
390.0,65,685,2027-02-20,2026-09-25
400.0,145,2212,2027-02-20,2026-09-25
410.0,34,1627,2027-02-20,2026-09-25
420.0,179,2377,2027-02-20,2026-09-25
430.0,145,384,2027-02-20,2026-09-25
440.0,102,277,2027-02-20,2026-09-25
450.0,201,1572,2027-02-20,2026-09-25
460.0,254,969,2027-02-20,2026-09-25
470.0,142,390,2027-02-20,2026-09-25
480.0,193,732,2027-02-20,2026-09-25
490.0,157,616,2027-02-20,2026-09-25
500.0,373,608,2027-02-20,2026-09-25
510.0,711,464,2027-02-20,2026-09-25
520.0,450,290,2027-02-20,2026-09-25
530.0,471,148,2027-02-20,2026-09-25
540.0,327,177,2027-02-20,2026-09-25
550.0,467,350,2027-02-20,2026-09-25
560.0,357,140,2027-02-20,2026-09-25
570.0,613,150,2027-02-20,2026-09-25
580.0,538,126,2027-02-20,2026-09-25
590.0,389,87,2027-02-20,2026-09-25
600.0,893,37,2027-02-20,2026-09-25
610.0,249,211,2027-02-20,2026-09-25
620.0,1140,117,2027-02-20,2026-09-25
630.0,152,11,2027-02-20,2026-09-25
640.0,587,21,2027-02-20,2026-09-25
650.0,2219,15,2027-02-20,2026-09-25
660.0,599,7,2027-02-20,2026-09-25
670.0,206,4,2027-02-20,2026-09-25
680.0,2019,32,2027-02-20,2026-09-25
690.0,515,27,2027-02-20,2026-09-25
700.0,561,79,2027-02-20,2026-09-25
710.0,134,45,2027-02-20,2026-09-25
720.0,333,9,2027-02-20,2026-09-25
730.0,169,47,2027-02-20,2026-09-25
740.0,569,2,2027-02-20,2026-09-25
750.0,980,39,2027-02-20,2026-09-25
760.0,94,12,2027-02-20,2026-09-25
770.0,70,4,2027-02-20,2026-09-25
780.0,1944,7,2027-02-20,2026-09-25
790.0,150,32,2027-02-20,2026-09-25
800.0,1010,31,2027-02-20,2026-09-25
810.0,255,33,2027-02-20,2026-09-25
820.0,245,8,2027-02-20,2026-09-25
830.0,100,2,2027-02-20,2026-09-25
840.0,1497,0,2027-02-20,2026-09-25
850.0,451,0,2027-02-20,2026-09-25
860.0,142,0,2027-02-20,2026-09-25
870.0,210,1,2027-02-20,2026-09-25
880.0,392,0,2027-02-20,2026-09-25
890.0,247,0,2027-02-20,2026-09-25
900.0,1070,0,2027-02-20,2026-09-25
910.0,327,0,2027-02-20,2026-09-25
920.0,74,0,2027-02-20,2026-09-25
930.0,188,0,2027-02-20,2026-09-25
940.0,51,0,2027-02-20,2026-09-25
950.0,577,0,2027-02-20,2026-09-25
960.0,91,0,2027-02-20,2026-09-25
970.0,271,0,2027-02-20,2026-09-25
980.0,660,0,2027-02-20,2026-09-25
234.62,1384,0,2027-03-05,2026-09-25
25.0,1,12,2027-03-20,2026-09-25
30.0,0,1,2027-03-20,2026-09-25
35.0,0,7,2027-03-20,2026-09-25
40.0,1,6,2027-03-20,2026-09-25
45.0,3,185,2027-03-20,2026-09-25
50.0,6,130,2027-03-20,2026-09-25
55.0,2,125,2027-03-20,2026-09-25
60.0,2,130,2027-03-20,2026-09-25
65.0,2,221,2027-03-20,2026-09-25
70.0,12,314,2027-03-20,2026-09-25
75.0,2,164,2027-03-20,2026-09-25
80.0,9,114,2027-03-20,2026-09-25
85.0,4,289,2027-03-20,2026-09-25
90.0,12,208,2027-03-20,2026-09-25
95.0,9,432,2027-03-20,2026-09-25
100.0,29,613,2027-03-20,2026-09-25
105.0,25,329,2027-03-20,2026-09-25
110.0,19,232,2027-03-20,2026-09-25
115.0,4,206,2027-03-20,2026-09-25
120.0,79,282,2027-03-20,2026-09-25
125.0,56,157,2027-03-20,2026-09-25
130.0,13,2195,2027-03-20,2026-09-25
135.0,42,490,2027-03-20,2026-09-25
140.0,76,428,2027-03-20,2026-09-25
145.0,57,1857,2027-03-20,2026-09-25
150.0,75,1485,2027-03-20,2026-09-25
155.0,86,444,2027-03-20,2026-09-25
160.0,101,1721,2027-03-20,2026-09-25
165.0,70,591,2027-03-20,2026-09-25
170.0,53,3719,2027-03-20,2026-09-25
175.0,64,533,2027-03-20,2026-09-25
180.0,82,970,2027-03-20,2026-09-25
185.0,36,478,2027-03-20,2026-09-25
190.0,218,1591,2027-03-20,2026-09-25
195.0,114,589,2027-03-20,2026-09-25
200.0,341,3946,2027-03-20,2026-09-25
210.0,175,694,2027-03-20,2026-09-25
220.0,306,1716,2027-03-20,2026-09-25
230.0,551,600,2027-03-20,2026-09-25
240.0,244,1332,2027-03-20,2026-09-25
250.0,1130,3861,2027-03-20,2026-09-25
260.0,1153,3207,2027-03-20,2026-09-25
270.0,278,1482,2027-03-20,2026-09-25
280.0,710,3425,2027-03-20,2026-09-25
290.0,377,1772,2027-03-20,2026-09-25
300.0,2364,6450,2027-03-20,2026-09-25
310.0,401,1534,2027-03-20,2026-09-25
320.0,353,5181,2027-03-20,2026-09-25
330.0,295,1620,2027-03-20,2026-09-25
340.0,791,2132,2027-03-20,2026-09-25
350.0,992,5242,2027-03-20,2026-09-25
360.0,840,3326,2027-03-20,2026-09-25
370.0,576,1369,2027-03-20,2026-09-25
380.0,388,2515,2027-03-20,2026-09-25
390.0,225,2503,2027-03-20,2026-09-25
400.0,1688,8293,2027-03-20,2026-09-25
410.0,248,1228,2027-03-20,2026-09-25
420.0,781,2792,2027-03-20,2026-09-25
430.0,255,2428,2027-03-20,2026-09-25
440.0,238,441,2027-03-20,2026-09-25
450.0,1569,1799,2027-03-20,2026-09-25
460.0,268,732,2027-03-20,2026-09-25
470.0,674,681,2027-03-20,2026-09-25
480.0,513,1167,2027-03-20,2026-09-25
490.0,678,521,2027-03-20,2026-09-25
500.0,1854,2184,2027-03-20,2026-09-25
510.0,714,1091,2027-03-20,2026-09-25
520.0,994,890,2027-03-20,2026-09-25
530.0,317,596,2027-03-20,2026-09-25
540.0,848,924,2027-03-20,2026-09-25
550.0,2322,1191,2027-03-20,2026-09-25
560.0,513,316,2027-03-20,2026-09-25
570.0,913,200,2027-03-20,2026-09-25
580.0,1024,339,2027-03-20,2026-09-25
590.0,417,484,2027-03-20,2026-09-25
600.0,3407,804,2027-03-20,2026-09-25
620.0,1848,135,2027-03-20,2026-09-25
640.0,1365,145,2027-03-20,2026-09-25
660.0,2077,303,2027-03-20,2026-09-25
680.0,782,43,2027-03-20,2026-09-25
690.0,222,32,2027-03-20,2026-09-25
700.0,1975,497,2027-03-20,2026-09-25
710.0,721,106,2027-03-20,2026-09-25
720.0,1831,135,2027-03-20,2026-09-25
730.0,1417,34,2027-03-20,2026-09-25
740.0,333,12,2027-03-20,2026-09-25
750.0,2302,33,2027-03-20,2026-09-25
760.0,646,29,2027-03-20,2026-09-25
770.0,296,18,2027-03-20,2026-09-25
780.0,3278,8,2027-03-20,2026-09-25
790.0,224,8,2027-03-20,2026-09-25
800.0,2374,11,2027-03-20,2026-09-25
810.0,664,4,2027-03-20,2026-09-25
820.0,1004,1,2027-03-20,2026-09-25
830.0,249,11,2027-03-20,2026-09-25
840.0,445,2,2027-03-20,2026-09-25
850.0,474,0,2027-03-20,2026-09-25
860.0,631,0,2027-03-20,2026-09-25
870.0,176,1,2027-03-20,2026-09-25
880.0,328,0,2027-03-20,2026-09-25
890.0,250,0,2027-03-20,2026-09-25
900.0,1485,15,2027-03-20,2026-09-25
910.0,319,0,2027-03-20,2026-09-25
920.0,376,0,2027-03-20,2026-09-25
930.0,352,0,2027-03-20,2026-09-25
940.0,99,0,2027-03-20,2026-09-25
950.0,426,0,2027-03-20,2026-09-25
960.0,192,0,2027-03-20,2026-09-25
970.0,135,1,2027-03-20,2026-09-25
980.0,145,1,2027-03-20,2026-09-25
990.0,85,0,2027-03-20,2026-09-25
1000.0,1401,45,2027-03-20,2026-09-25
1010.0,411,0,2027-03-20,2026-09-25
1020.0,1474,0,2027-03-20,2026-09-25
1030.0,327,0,2027-03-20,2026-09-25
1040.0,493,0,2027-03-20,2026-09-25
1050.0,385,0,2027-03-20,2026-09-25
1060.0,406,0,2027-03-20,2026-09-25
1070.0,83,0,2027-03-20,2026-09-25
1080.0,177,1,2027-03-20,2026-09-25
1090.0,268,1,2027-03-20,2026-09-25
1100.0,499,0,2027-03-20,2026-09-25
1110.0,396,0,2027-03-20,2026-09-25
1120.0,5498,0,2027-03-20,2026-09-25
198.24,0,100,2027-03-26,2026-09-25
220.27,0,100,2027-03-26,2026-09-25
183.39,0,150,2027-03-30,2026-09-25
240.0,6,222,2027-04-17,2026-09-25
250.0,1,218,2027-04-17,2026-09-25
260.0,3,199,2027-04-17,2026-09-25
270.0,1,78,2027-04-17,2026-09-25
280.0,7,1467,2027-04-17,2026-09-25
290.0,3,86,2027-04-17,2026-09-25
300.0,6,296,2027-04-17,2026-09-25
310.0,10,220,2027-04-17,2026-09-25
320.0,3,120,2027-04-17,2026-09-25
330.0,18,110,2027-04-17,2026-09-25
340.0,6,134,2027-04-17,2026-09-25
350.0,44,53,2027-04-17,2026-09-25
360.0,12,35,2027-04-17,2026-09-25
370.0,8,273,2027-04-17,2026-09-25
380.0,10,302,2027-04-17,2026-09-25
390.0,20,263,2027-04-17,2026-09-25
400.0,34,409,2027-04-17,2026-09-25
410.0,11,73,2027-04-17,2026-09-25
420.0,31,824,2027-04-17,2026-09-25
430.0,72,64,2027-04-17,2026-09-25
440.0,39,355,2027-04-17,2026-09-25
450.0,35,202,2027-04-17,2026-09-25
460.0,330,469,2027-04-17,2026-09-25
470.0,92,26,2027-04-17,2026-09-25
480.0,32,363,2027-04-17,2026-09-25
490.0,109,29,2027-04-17,2026-09-25
500.0,178,138,2027-04-17,2026-09-25
510.0,69,266,2027-04-17,2026-09-25
520.0,60,40,2027-04-17,2026-09-25
530.0,157,75,2027-04-17,2026-09-25
540.0,165,323,2027-04-17,2026-09-25
550.0,240,503,2027-04-17,2026-09-25
560.0,137,101,2027-04-17,2026-09-25
570.0,173,55,2027-04-17,2026-09-25
580.0,172,33,2027-04-17,2026-09-25
590.0,358,186,2027-04-17,2026-09-25
600.0,154,28,2027-04-17,2026-09-25
610.0,137,49,2027-04-17,2026-09-25
620.0,344,81,2027-04-17,2026-09-25
640.0,180,7,2027-04-17,2026-09-25
660.0,155,4,2027-04-17,2026-09-25
680.0,194,2,2027-04-17,2026-09-25
700.0,322,8,2027-04-17,2026-09-25
720.0,156,3,2027-04-17,2026-09-25
740.0,141,1,2027-04-17,2026-09-25
760.0,90,82,2027-04-17,2026-09-25
780.0,122,1,2027-04-17,2026-09-25
800.0,5,0,2027-04-17,2026-09-25
820.0,4,0,2027-04-17,2026-09-25
840.0,83,0,2027-04-17,2026-09-25
860.0,14,0,2027-04-17,2026-09-25
880.0,99,0,2027-04-17,2026-09-25
900.0,189,0,2027-04-17,2026-09-25
920.0,18,0,2027-04-17,2026-09-25
25.0,43,198,2027-06-18,2026-09-25
30.0,39,95,2027-06-18,2026-09-25
35.0,22,255,2027-06-18,2026-09-25
40.0,79,151,2027-06-18,2026-09-25
45.0,4,241,2027-06-18,2026-09-25
50.0,38,147,2027-06-18,2026-09-25
55.0,5,383,2027-06-18,2026-09-25
60.0,66,379,2027-06-18,2026-09-25
65.0,8,562,2027-06-18,2026-09-25
70.0,163,340,2027-06-18,2026-09-25
75.0,43,184,2027-06-18,2026-09-25
80.0,56,656,2027-06-18,2026-09-25
85.0,10,394,2027-06-18,2026-09-25
90.0,64,418,2027-06-18,2026-09-25
95.0,171,424,2027-06-18,2026-09-25
100.0,157,1511,2027-06-18,2026-09-25
105.0,3475,264,2027-06-18,2026-09-25
110.0,125,942,2027-06-18,2026-09-25
115.0,190,1780,2027-06-18,2026-09-25
120.0,2305,7522,2027-06-18,2026-09-25
125.0,220,1006,2027-06-18,2026-09-25
130.0,355,1240,2027-06-18,2026-09-25
135.0,408,502,2027-06-18,2026-09-25
140.0,535,3885,2027-06-18,2026-09-25
145.0,215,1304,2027-06-18,2026-09-25
150.0,815,1526,2027-06-18,2026-09-25
155.0,256,514,2027-06-18,2026-09-25
160.0,336,1060,2027-06-18,2026-09-25
165.0,332,739,2027-06-18,2026-09-25
170.0,471,2671,2027-06-18,2026-09-25
175.0,475,1583,2027-06-18,2026-09-25
180.0,507,2248,2027-06-18,2026-09-25
185.0,748,2055,2027-06-18,2026-09-25
190.0,301,866,2027-06-18,2026-09-25
195.0,368,600,2027-06-18,2026-09-25
200.0,2116,2344,2027-06-18,2026-09-25
210.0,1108,1321,2027-06-18,2026-09-25
220.0,2645,1429,2027-06-18,2026-09-25
230.0,932,755,2027-06-18,2026-09-25
240.0,700,2927,2027-06-18,2026-09-25
250.0,2150,10177,2027-06-18,2026-09-25
260.0,692,1096,2027-06-18,2026-09-25
270.0,488,3476,2027-06-18,2026-09-25
280.0,647,1165,2027-06-18,2026-09-25
290.0,504,10884,2027-06-18,2026-09-25
300.0,3043,5442,2027-06-18,2026-09-25
310.0,343,1252,2027-06-18,2026-09-25
320.0,682,3313,2027-06-18,2026-09-25
330.0,498,2746,2027-06-18,2026-09-25
340.0,401,1593,2027-06-18,2026-09-25
350.0,780,5537,2027-06-18,2026-09-25
360.0,2422,3059,2027-06-18,2026-09-25
370.0,734,2891,2027-06-18,2026-09-25
380.0,423,2109,2027-06-18,2026-09-25
390.0,367,1249,2027-06-18,2026-09-25
400.0,1122,6558,2027-06-18,2026-09-25
410.0,589,1073,2027-06-18,2026-09-25
420.0,600,1362,2027-06-18,2026-09-25
430.0,653,1181,2027-06-18,2026-09-25
440.0,707,1410,2027-06-18,2026-09-25
450.0,927,2389,2027-06-18,2026-09-25
460.0,475,805,2027-06-18,2026-09-25
470.0,379,1501,2027-06-18,2026-09-25
480.0,865,2487,2027-06-18,2026-09-25
490.0,871,507,2027-06-18,2026-09-25
500.0,2864,4863,2027-06-18,2026-09-25
510.0,1309,656,2027-06-18,2026-09-25
520.0,1193,1983,2027-06-18,2026-09-25
530.0,1927,847,2027-06-18,2026-09-25
540.0,336,613,2027-06-18,2026-09-25
550.0,874,922,2027-06-18,2026-09-25
560.0,1477,431,2027-06-18,2026-09-25
570.0,814,551,2027-06-18,2026-09-25
580.0,916,601,2027-06-18,2026-09-25
590.0,484,217,2027-06-18,2026-09-25
600.0,3899,1741,2027-06-18,2026-09-25
610.0,373,468,2027-06-18,2026-09-25
620.0,1045,332,2027-06-18,2026-09-25
630.0,1213,154,2027-06-18,2026-09-25
640.0,452,652,2027-06-18,2026-09-25
650.0,1473,1763,2027-06-18,2026-09-25
660.0,813,98,2027-06-18,2026-09-25
670.0,298,172,2027-06-18,2026-09-25
680.0,731,206,2027-06-18,2026-09-25
690.0,344,153,2027-06-18,2026-09-25
700.0,3589,91,2027-06-18,2026-09-25
710.0,395,63,2027-06-18,2026-09-25
720.0,700,66,2027-06-18,2026-09-25
730.0,683,70,2027-06-18,2026-09-25
740.0,459,92,2027-06-18,2026-09-25
750.0,2075,233,2027-06-18,2026-09-25
760.0,93,59,2027-06-18,2026-09-25
770.0,1127,12,2027-06-18,2026-09-25
780.0,693,28,2027-06-18,2026-09-25
790.0,148,51,2027-06-18,2026-09-25
800.0,1944,126,2027-06-18,2026-09-25
810.0,275,8,2027-06-18,2026-09-25
820.0,1384,28,2027-06-18,2026-09-25
830.0,445,69,2027-06-18,2026-09-25
840.0,1138,76,2027-06-18,2026-09-25
850.0,2019,10,2027-06-18,2026-09-25
860.0,366,8,2027-06-18,2026-09-25
870.0,576,44,2027-06-18,2026-09-25
880.0,433,14,2027-06-18,2026-09-25
890.0,318,8,2027-06-18,2026-09-25
900.0,1477,13,2027-06-18,2026-09-25
910.0,395,27,2027-06-18,2026-09-25
920.0,298,17,2027-06-18,2026-09-25
930.0,494,4,2027-06-18,2026-09-25
940.0,202,3,2027-06-18,2026-09-25
950.0,211,23,2027-06-18,2026-09-25
960.0,685,0,2027-06-18,2026-09-25
970.0,293,0,2027-06-18,2026-09-25
980.0,143,1,2027-06-18,2026-09-25
990.0,83,1,2027-06-18,2026-09-25
1000.0,1983,1,2027-06-18,2026-09-25
1010.0,203,0,2027-06-18,2026-09-25
1020.0,190,0,2027-06-18,2026-09-25
1030.0,220,0,2027-06-18,2026-09-25
1040.0,159,0,2027-06-18,2026-09-25
1050.0,2677,0,2027-06-18,2026-09-25
1060.0,232,0,2027-06-18,2026-09-25
1070.0,176,0,2027-06-18,2026-09-25
1080.0,414,0,2027-06-18,2026-09-25
1090.0,573,1,2027-06-18,2026-09-25
1100.0,2820,0,2027-06-18,2026-09-25
1110.0,544,0,2027-06-18,2026-09-25
1120.0,10408,5,2027-06-18,2026-09-25
431.59,0,80,2027-06-30,2026-09-25
485.54,0,80,2027-06-30,2026-09-25
25.0,4,85,2027-09-18,2026-09-25
30.0,4,33,2027-09-18,2026-09-25
35.0,1,174,2027-09-18,2026-09-25
40.0,0,91,2027-09-18,2026-09-25
45.0,2,27,2027-09-18,2026-09-25
50.0,2,26,2027-09-18,2026-09-25
55.0,1,55,2027-09-18,2026-09-25
60.0,3,166,2027-09-18,2026-09-25
65.0,2,87,2027-09-18,2026-09-25
70.0,21,196,2027-09-18,2026-09-25
75.0,10,48,2027-09-18,2026-09-25
80.0,3,102,2027-09-18,2026-09-25
85.0,2,77,2027-09-18,2026-09-25
90.0,12,160,2027-09-18,2026-09-25
95.0,46,58,2027-09-18,2026-09-25
100.0,6,125,2027-09-18,2026-09-25
105.0,72,259,2027-09-18,2026-09-25
110.0,21,111,2027-09-18,2026-09-25
115.0,20,138,2027-09-18,2026-09-25
120.0,23,100,2027-09-18,2026-09-25
125.0,38,676,2027-09-18,2026-09-25
130.0,10,59,2027-09-18,2026-09-25
135.0,17,183,2027-09-18,2026-09-25
140.0,31,376,2027-09-18,2026-09-25
145.0,18,97,2027-09-18,2026-09-25
150.0,86,1015,2027-09-18,2026-09-25
155.0,17,282,2027-09-18,2026-09-25
160.0,83,192,2027-09-18,2026-09-25
165.0,46,120,2027-09-18,2026-09-25
170.0,24,2038,2027-09-18,2026-09-25
175.0,19,275,2027-09-18,2026-09-25
180.0,92,388,2027-09-18,2026-09-25
185.0,44,46,2027-09-18,2026-09-25
190.0,72,107,2027-09-18,2026-09-25
195.0,115,118,2027-09-18,2026-09-25
200.0,220,1243,2027-09-18,2026-09-25
210.0,267,207,2027-09-18,2026-09-25
220.0,78,1909,2027-09-18,2026-09-25
230.0,291,3992,2027-09-18,2026-09-25
240.0,151,4125,2027-09-18,2026-09-25
250.0,313,4090,2027-09-18,2026-09-25
260.0,225,359,2027-09-18,2026-09-25
270.0,220,719,2027-09-18,2026-09-25
280.0,220,916,2027-09-18,2026-09-25
290.0,80,3805,2027-09-18,2026-09-25
300.0,333,5258,2027-09-18,2026-09-25
310.0,92,1207,2027-09-18,2026-09-25
320.0,180,1264,2027-09-18,2026-09-25
330.0,165,2456,2027-09-18,2026-09-25
340.0,366,689,2027-09-18,2026-09-25
350.0,250,1128,2027-09-18,2026-09-25
360.0,177,493,2027-09-18,2026-09-25
370.0,189,1372,2027-09-18,2026-09-25
380.0,260,1105,2027-09-18,2026-09-25
390.0,1327,1562,2027-09-18,2026-09-25
400.0,2919,1087,2027-09-18,2026-09-25
410.0,215,818,2027-09-18,2026-09-25
420.0,317,606,2027-09-18,2026-09-25
430.0,270,695,2027-09-18,2026-09-25
440.0,144,515,2027-09-18,2026-09-25
450.0,383,1117,2027-09-18,2026-09-25
460.0,347,507,2027-09-18,2026-09-25
470.0,222,368,2027-09-18,2026-09-25
480.0,381,237,2027-09-18,2026-09-25
490.0,277,136,2027-09-18,2026-09-25
500.0,386,346,2027-09-18,2026-09-25
510.0,235,137,2027-09-18,2026-09-25
520.0,205,157,2027-09-18,2026-09-25
530.0,674,230,2027-09-18,2026-09-25
540.0,633,105,2027-09-18,2026-09-25
550.0,191,1124,2027-09-18,2026-09-25
560.0,142,166,2027-09-18,2026-09-25
570.0,248,315,2027-09-18,2026-09-25
580.0,126,73,2027-09-18,2026-09-25
590.0,166,51,2027-09-18,2026-09-25
600.0,1066,1073,2027-09-18,2026-09-25
610.0,308,366,2027-09-18,2026-09-25
620.0,119,45,2027-09-18,2026-09-25
630.0,488,58,2027-09-18,2026-09-25
640.0,359,30,2027-09-18,2026-09-25
650.0,338,36,2027-09-18,2026-09-25
660.0,170,48,2027-09-18,2026-09-25
670.0,245,19,2027-09-18,2026-09-25
680.0,143,21,2027-09-18,2026-09-25
690.0,438,16,2027-09-18,2026-09-25
700.0,1368,176,2027-09-18,2026-09-25
710.0,177,89,2027-09-18,2026-09-25
720.0,431,117,2027-09-18,2026-09-25
730.0,165,142,2027-09-18,2026-09-25
740.0,716,314,2027-09-18,2026-09-25
750.0,438,87,2027-09-18,2026-09-25
760.0,368,12,2027-09-18,2026-09-25
770.0,441,2,2027-09-18,2026-09-25
780.0,163,25,2027-09-18,2026-09-25
790.0,239,29,2027-09-18,2026-09-25
800.0,973,54,2027-09-18,2026-09-25
810.0,350,112,2027-09-18,2026-09-25
820.0,203,28,2027-09-18,2026-09-25
830.0,123,26,2027-09-18,2026-09-25
840.0,96,4,2027-09-18,2026-09-25
850.0,268,12,2027-09-18,2026-09-25
860.0,141,14,2027-09-18,2026-09-25
870.0,284,7,2027-09-18,2026-09-25
880.0,1049,33,2027-09-18,2026-09-25
890.0,436,57,2027-09-18,2026-09-25
900.0,202,16,2027-09-18,2026-09-25
910.0,354,58,2027-09-18,2026-09-25
920.0,59,38,2027-09-18,2026-09-25
930.0,386,4,2027-09-18,2026-09-25
940.0,264,7,2027-09-18,2026-09-25
950.0,752,5,2027-09-18,2026-09-25
960.0,244,8,2027-09-18,2026-09-25
970.0,2492,6,2027-09-18,2026-09-25
980.0,248,8,2027-09-18,2026-09-25
990.0,861,6,2027-09-18,2026-09-25
1000.0,439,11,2027-09-18,2026-09-25
1010.0,937,13,2027-09-18,2026-09-25
1020.0,2613,5,2027-09-18,2026-09-25
1030.0,100,5,2027-09-18,2026-09-25
1040.0,561,0,2027-09-18,2026-09-25
1050.0,222,0,2027-09-18,2026-09-25
1060.0,173,0,2027-09-18,2026-09-25
1070.0,478,0,2027-09-18,2026-09-25
1080.0,724,0,2027-09-18,2026-09-25
1090.0,460,0,2027-09-18,2026-09-25
1100.0,2095,0,2027-09-18,2026-09-25
1110.0,218,1,2027-09-18,2026-09-25
1120.0,9456,0,2027-09-18,2026-09-25
652.4,1039,0,2027-09-28,2026-09-25
5.0,4684,18,2027-12-18,2026-09-25
10.0,87,191,2027-12-18,2026-09-25
15.0,2,15,2027-12-18,2026-09-25
20.0,2,357,2027-12-18,2026-09-25
25.0,326,423,2027-12-18,2026-09-25
30.0,66,633,2027-12-18,2026-09-25
35.0,111,135,2027-12-18,2026-09-25
40.0,160,486,2027-12-18,2026-09-25
45.0,13,299,2027-12-18,2026-09-25
50.0,379,464,2027-12-18,2026-09-25
55.0,468,386,2027-12-18,2026-09-25
60.0,179,411,2027-12-18,2026-09-25
65.0,394,228,2027-12-18,2026-09-25
70.0,972,2126,2027-12-18,2026-09-25
75.0,171,1451,2027-12-18,2026-09-25
80.0,362,487,2027-12-18,2026-09-25
85.0,374,3038,2027-12-18,2026-09-25
90.0,579,1787,2027-12-18,2026-09-25
95.0,577,1997,2027-12-18,2026-09-25
100.0,854,3393,2027-12-18,2026-09-25
105.0,619,1184,2027-12-18,2026-09-25
110.0,554,724,2027-12-18,2026-09-25
115.0,630,2137,2027-12-18,2026-09-25
120.0,1172,2467,2027-12-18,2026-09-25
125.0,789,827,2027-12-18,2026-09-25
130.0,560,6785,2027-12-18,2026-09-25
135.0,516,1866,2027-12-18,2026-09-25
140.0,897,2458,2027-12-18,2026-09-25
145.0,564,634,2027-12-18,2026-09-25
150.0,2933,2662,2027-12-18,2026-09-25
155.0,529,631,2027-12-18,2026-09-25
160.0,861,1083,2027-12-18,2026-09-25
165.0,922,2043,2027-12-18,2026-09-25
170.0,1042,1064,2027-12-18,2026-09-25
175.0,759,1327,2027-12-18,2026-09-25
180.0,1268,1318,2027-12-18,2026-09-25
185.0,260,807,2027-12-18,2026-09-25
190.0,435,866,2027-12-18,2026-09-25
194.29,28,28,2027-12-18,2026-09-25
195.0,2640,527,2027-12-18,2026-09-25
200.0,4079,2486,2027-12-18,2026-09-25
210.0,1543,2792,2027-12-18,2026-09-25
220.0,1025,3835,2027-12-18,2026-09-25
230.0,1074,1892,2027-12-18,2026-09-25
240.0,447,1939,2027-12-18,2026-09-25
250.0,1182,6000,2027-12-18,2026-09-25
260.0,1308,1962,2027-12-18,2026-09-25
270.0,690,4128,2027-12-18,2026-09-25
280.0,1057,951,2027-12-18,2026-09-25
290.0,477,275,2027-12-18,2026-09-25
300.0,1933,2577,2027-12-18,2026-09-25
310.0,731,735,2027-12-18,2026-09-25
320.0,991,3652,2027-12-18,2026-09-25
330.0,958,588,2027-12-18,2026-09-25
340.0,423,1797,2027-12-18,2026-09-25
350.0,1368,1242,2027-12-18,2026-09-25
360.0,1482,199,2027-12-18,2026-09-25
370.0,954,486,2027-12-18,2026-09-25
380.0,495,414,2027-12-18,2026-09-25
390.0,330,134,2027-12-18,2026-09-25
400.0,1383,738,2027-12-18,2026-09-25
410.0,315,716,2027-12-18,2026-09-25
420.0,398,1757,2027-12-18,2026-09-25
430.0,316,292,2027-12-18,2026-09-25
440.0,257,746,2027-12-18,2026-09-25
450.0,515,790,2027-12-18,2026-09-25
460.0,178,137,2027-12-18,2026-09-25
470.0,361,455,2027-12-18,2026-09-25
480.0,492,193,2027-12-18,2026-09-25
490.0,677,285,2027-12-18,2026-09-25
500.0,1615,289,2027-12-18,2026-09-25
510.0,817,167,2027-12-18,2026-09-25
520.0,918,137,2027-12-18,2026-09-25
530.0,1469,53,2027-12-18,2026-09-25
540.0,181,58,2027-12-18,2026-09-25
550.0,1129,593,2027-12-18,2026-09-25
560.0,547,73,2027-12-18,2026-09-25
570.0,160,57,2027-12-18,2026-09-25
580.0,175,249,2027-12-18,2026-09-25
590.0,129,73,2027-12-18,2026-09-25
600.0,1782,426,2027-12-18,2026-09-25
610.0,226,40,2027-12-18,2026-09-25
620.0,308,112,2027-12-18,2026-09-25
630.0,476,368,2027-12-18,2026-09-25
640.0,260,27,2027-12-18,2026-09-25
650.0,376,110,2027-12-18,2026-09-25
660.0,178,19,2027-12-18,2026-09-25
670.0,127,58,2027-12-18,2026-09-25
680.0,214,61,2027-12-18,2026-09-25
690.0,192,99,2027-12-18,2026-09-25
700.0,2011,190,2027-12-18,2026-09-25
710.0,192,54,2027-12-18,2026-09-25
720.0,247,9,2027-12-18,2026-09-25
730.0,1153,40,2027-12-18,2026-09-25
740.0,612,27,2027-12-18,2026-09-25
750.0,1657,119,2027-12-18,2026-09-25
760.0,352,9,2027-12-18,2026-09-25
770.0,108,16,2027-12-18,2026-09-25
780.0,108,8,2027-12-18,2026-09-25
790.0,309,85,2027-12-18,2026-09-25
800.0,2337,12,2027-12-18,2026-09-25
810.0,187,10,2027-12-18,2026-09-25
820.0,113,7,2027-12-18,2026-09-25
830.0,69,22,2027-12-18,2026-09-25
840.0,146,12,2027-12-18,2026-09-25
850.0,407,132,2027-12-18,2026-09-25
860.0,204,49,2027-12-18,2026-09-25
870.0,87,70,2027-12-18,2026-09-25
880.0,259,20,2027-12-18,2026-09-25
890.0,152,10,2027-12-18,2026-09-25
900.0,1786,22,2027-12-18,2026-09-25
910.0,254,99,2027-12-18,2026-09-25
920.0,230,41,2027-12-18,2026-09-25
930.0,305,34,2027-12-18,2026-09-25
940.0,130,12,2027-12-18,2026-09-25
950.0,1029,14,2027-12-18,2026-09-25
960.0,97,42,2027-12-18,2026-09-25
970.0,108,8,2027-12-18,2026-09-25
980.0,167,20,2027-12-18,2026-09-25
990.0,1086,9,2027-12-18,2026-09-25
1000.0,325,96,2027-12-18,2026-09-25
1010.0,118,16,2027-12-18,2026-09-25
1020.0,629,69,2027-12-18,2026-09-25
1030.0,117,42,2027-12-18,2026-09-25
1040.0,142,37,2027-12-18,2026-09-25
1050.0,692,43,2027-12-18,2026-09-25
1060.0,390,24,2027-12-18,2026-09-25
1070.0,261,11,2027-12-18,2026-09-25
1080.0,213,2,2027-12-18,2026-09-25
1090.0,223,13,2027-12-18,2026-09-25
1100.0,284,1,2027-12-18,2026-09-25
1110.0,3201,2,2027-12-18,2026-09-25
1120.0,14323,2,2027-12-18,2026-09-25
5.0,10519,1096,2028-01-22,2026-09-25
10.0,103,224,2028-01-22,2026-09-25
15.0,11,11,2028-01-22,2026-09-25
20.0,0,38,2028-01-22,2026-09-25
25.0,57,253,2028-01-22,2026-09-25
30.0,7,52,2028-01-22,2026-09-25
35.0,43,62,2028-01-22,2026-09-25
40.0,186,125,2028-01-22,2026-09-25
45.0,143,56,2028-01-22,2026-09-25
50.0,274,115,2028-01-22,2026-09-25
55.0,150,71,2028-01-22,2026-09-25
60.0,131,116,2028-01-22,2026-09-25
65.0,5,78,2028-01-22,2026-09-25
70.0,249,600,2028-01-22,2026-09-25
75.0,101,208,2028-01-22,2026-09-25
80.0,99,434,2028-01-22,2026-09-25
85.0,154,801,2028-01-22,2026-09-25
90.0,199,92,2028-01-22,2026-09-25
95.0,149,271,2028-01-22,2026-09-25
100.0,1252,2642,2028-01-22,2026-09-25
105.0,397,949,2028-01-22,2026-09-25
110.0,250,2074,2028-01-22,2026-09-25
115.0,231,242,2028-01-22,2026-09-25
120.0,184,1472,2028-01-22,2026-09-25
125.0,246,398,2028-01-22,2026-09-25
130.0,249,3328,2028-01-22,2026-09-25
135.0,114,298,2028-01-22,2026-09-25
140.0,284,3106,2028-01-22,2026-09-25
145.0,105,511,2028-01-22,2026-09-25
150.0,1000,3045,2028-01-22,2026-09-25
155.0,186,379,2028-01-22,2026-09-25
160.0,359,2113,2028-01-22,2026-09-25
165.0,241,778,2028-01-22,2026-09-25
170.0,651,2317,2028-01-22,2026-09-25
175.0,318,915,2028-01-22,2026-09-25
180.0,321,3037,2028-01-22,2026-09-25
185.0,168,1195,2028-01-22,2026-09-25
190.0,591,907,2028-01-22,2026-09-25
195.0,503,1373,2028-01-22,2026-09-25
200.0,3580,3473,2028-01-22,2026-09-25
210.0,1000,1000,2028-01-22,2026-09-25
210.0,553,3259,2028-01-22,2026-09-25
220.0,1010,2072,2028-01-22,2026-09-25
230.0,1139,1222,2028-01-22,2026-09-25
240.0,1224,4942,2028-01-22,2026-09-25
250.0,4123,4740,2028-01-22,2026-09-25
260.0,2547,3150,2028-01-22,2026-09-25
270.0,634,3935,2028-01-22,2026-09-25
280.0,456,3275,2028-01-22,2026-09-25
290.0,691,1609,2028-01-22,2026-09-25
300.0,3048,11867,2028-01-22,2026-09-25
310.0,985,320,2028-01-22,2026-09-25
320.0,628,4165,2028-01-22,2026-09-25
330.0,409,2285,2028-01-22,2026-09-25
340.0,417,4648,2028-01-22,2026-09-25
350.0,1710,4549,2028-01-22,2026-09-25
360.0,647,1862,2028-01-22,2026-09-25
370.0,337,1202,2028-01-22,2026-09-25
380.0,370,3173,2028-01-22,2026-09-25
390.0,458,394,2028-01-22,2026-09-25
400.0,1874,3689,2028-01-22,2026-09-25
410.0,1263,550,2028-01-22,2026-09-25
420.0,507,404,2028-01-22,2026-09-25
430.0,375,2177,2028-01-22,2026-09-25
440.0,378,2195,2028-01-22,2026-09-25
450.0,1834,2973,2028-01-22,2026-09-25
460.0,1339,384,2028-01-22,2026-09-25
470.0,510,2251,2028-01-22,2026-09-25
480.0,1146,335,2028-01-22,2026-09-25
490.0,655,274,2028-01-22,2026-09-25
500.0,3475,1416,2028-01-22,2026-09-25
510.0,506,581,2028-01-22,2026-09-25
520.0,1872,2539,2028-01-22,2026-09-25
530.0,3557,2302,2028-01-22,2026-09-25
540.0,165,54,2028-01-22,2026-09-25
550.0,542,575,2028-01-22,2026-09-25
560.0,1390,104,2028-01-22,2026-09-25
570.0,470,212,2028-01-22,2026-09-25
580.0,245,91,2028-01-22,2026-09-25
590.0,247,95,2028-01-22,2026-09-25
600.0,2430,1439,2028-01-22,2026-09-25
610.0,105,67,2028-01-22,2026-09-25
620.0,348,37,2028-01-22,2026-09-25
630.0,119,49,2028-01-22,2026-09-25
640.0,184,145,2028-01-22,2026-09-25
650.0,771,485,2028-01-22,2026-09-25
660.0,2180,72,2028-01-22,2026-09-25
670.0,123,48,2028-01-22,2026-09-25
680.0,296,55,2028-01-22,2026-09-25
690.0,257,50,2028-01-22,2026-09-25
700.0,1609,147,2028-01-22,2026-09-25
710.0,288,27,2028-01-22,2026-09-25
720.0,380,33,2028-01-22,2026-09-25
730.0,108,36,2028-01-22,2026-09-25
740.0,690,69,2028-01-22,2026-09-25
750.0,374,23,2028-01-22,2026-09-25
760.0,230,29,2028-01-22,2026-09-25
770.0,528,54,2028-01-22,2026-09-25
780.0,82,27,2028-01-22,2026-09-25
790.0,131,9,2028-01-22,2026-09-25
800.0,2781,77,2028-01-22,2026-09-25
810.0,450,126,2028-01-22,2026-09-25
820.0,232,92,2028-01-22,2026-09-25
830.0,238,157,2028-01-22,2026-09-25
840.0,137,70,2028-01-22,2026-09-25
850.0,3814,17,2028-01-22,2026-09-25
860.0,487,99,2028-01-22,2026-09-25
870.0,264,16,2028-01-22,2026-09-25
880.0,158,70,2028-01-22,2026-09-25
890.0,51,131,2028-01-22,2026-09-25
900.0,737,34,2028-01-22,2026-09-25
910.0,143,117,2028-01-22,2026-09-25
920.0,637,29,2028-01-22,2026-09-25
930.0,409,11,2028-01-22,2026-09-25
940.0,50,90,2028-01-22,2026-09-25
950.0,154,59,2028-01-22,2026-09-25
960.0,205,44,2028-01-22,2026-09-25
970.0,132,5,2028-01-22,2026-09-25
980.0,179,25,2028-01-22,2026-09-25
990.0,125,81,2028-01-22,2026-09-25
1000.0,3594,45,2028-01-22,2026-09-25
1010.0,459,89,2028-01-22,2026-09-25
1020.0,102,131,2028-01-22,2026-09-25
1030.0,1157,62,2028-01-22,2026-09-25
1040.0,196,79,2028-01-22,2026-09-25
1050.0,530,73,2028-01-22,2026-09-25
1060.0,130,69,2028-01-22,2026-09-25
1070.0,95,9,2028-01-22,2026-09-25
1080.0,279,7,2028-01-22,2026-09-25
1090.0,241,19,2028-01-22,2026-09-25
1100.0,1404,8,2028-01-22,2026-09-25
1110.0,3015,3,2028-01-22,2026-09-25
1120.0,12874,8,2028-01-22,2026-09-25
660.0,7988,13587,2028-01-25,2026-09-25
900.0,183,0,2028-02-29,2026-09-25
5.0,126,49,2028-06-17,2026-09-25
10.0,0,3,2028-06-17,2026-09-25
15.0,0,0,2028-06-17,2026-09-25
20.0,0,0,2028-06-17,2026-09-25
25.0,0,4,2028-06-17,2026-09-25
30.0,1,7,2028-06-17,2026-09-25
35.0,1,4,2028-06-17,2026-09-25
40.0,2,12,2028-06-17,2026-09-25
45.0,0,17,2028-06-17,2026-09-25
50.0,0,60,2028-06-17,2026-09-25
55.0,0,38,2028-06-17,2026-09-25
60.0,0,8,2028-06-17,2026-09-25
65.0,1,40,2028-06-17,2026-09-25
70.0,1,381,2028-06-17,2026-09-25
75.0,0,1222,2028-06-17,2026-09-25
80.0,0,433,2028-06-17,2026-09-25
85.0,3,293,2028-06-17,2026-09-25
90.0,1,56,2028-06-17,2026-09-25
95.0,6,345,2028-06-17,2026-09-25
100.0,2,487,2028-06-17,2026-09-25
105.0,20,207,2028-06-17,2026-09-25
110.0,74,424,2028-06-17,2026-09-25
115.0,100,449,2028-06-17,2026-09-25
120.0,56,113,2028-06-17,2026-09-25
125.0,82,198,2028-06-17,2026-09-25
130.0,34,324,2028-06-17,2026-09-25
135.0,43,21,2028-06-17,2026-09-25
140.0,28,82,2028-06-17,2026-09-25
145.0,63,14,2028-06-17,2026-09-25
150.0,28,398,2028-06-17,2026-09-25
155.0,27,178,2028-06-17,2026-09-25
160.0,29,240,2028-06-17,2026-09-25
165.0,5,123,2028-06-17,2026-09-25
170.0,61,245,2028-06-17,2026-09-25
175.0,239,217,2028-06-17,2026-09-25
180.0,28,47,2028-06-17,2026-09-25
185.0,8,163,2028-06-17,2026-09-25
190.0,30,63,2028-06-17,2026-09-25
195.0,5,228,2028-06-17,2026-09-25
200.0,33,1618,2028-06-17,2026-09-25
210.0,24,27,2028-06-17,2026-09-25
220.0,32,167,2028-06-17,2026-09-25
230.0,37,145,2028-06-17,2026-09-25
240.0,86,499,2028-06-17,2026-09-25
250.0,54,1241,2028-06-17,2026-09-25
260.0,40,2471,2028-06-17,2026-09-25
270.0,100,554,2028-06-17,2026-09-25
280.0,24,1024,2028-06-17,2026-09-25
290.0,76,301,2028-06-17,2026-09-25
300.0,195,7018,2028-06-17,2026-09-25
310.0,94,88,2028-06-17,2026-09-25
320.0,351,2529,2028-06-17,2026-09-25
330.0,116,175,2028-06-17,2026-09-25
340.0,118,1022,2028-06-17,2026-09-25
350.0,79,347,2028-06-17,2026-09-25
360.0,77,118,2028-06-17,2026-09-25
370.0,267,195,2028-06-17,2026-09-25
380.0,79,263,2028-06-17,2026-09-25
390.0,217,590,2028-06-17,2026-09-25
400.0,209,515,2028-06-17,2026-09-25
410.0,107,133,2028-06-17,2026-09-25
420.0,58,60,2028-06-17,2026-09-25
430.0,286,61,2028-06-17,2026-09-25
440.0,145,67,2028-06-17,2026-09-25
450.0,243,802,2028-06-17,2026-09-25
460.0,79,102,2028-06-17,2026-09-25
470.0,232,234,2028-06-17,2026-09-25
480.0,51,67,2028-06-17,2026-09-25
490.0,350,195,2028-06-17,2026-09-25
500.0,857,457,2028-06-17,2026-09-25
510.0,159,234,2028-06-17,2026-09-25
520.0,136,481,2028-06-17,2026-09-25
530.0,120,220,2028-06-17,2026-09-25
540.0,242,435,2028-06-17,2026-09-25
550.0,239,638,2028-06-17,2026-09-25
560.0,73,55,2028-06-17,2026-09-25
570.0,118,25,2028-06-17,2026-09-25
580.0,134,100,2028-06-17,2026-09-25
590.0,223,26,2028-06-17,2026-09-25
600.0,452,54,2028-06-17,2026-09-25
610.0,118,131,2028-06-17,2026-09-25
620.0,1846,120,2028-06-17,2026-09-25
630.0,134,43,2028-06-17,2026-09-25
640.0,258,5,2028-06-17,2026-09-25
650.0,498,150,2028-06-17,2026-09-25
660.0,1115,62,2028-06-17,2026-09-25
670.0,108,72,2028-06-17,2026-09-25
680.0,84,84,2028-06-17,2026-09-25
690.0,390,8,2028-06-17,2026-09-25
700.0,828,117,2028-06-17,2026-09-25
710.0,469,49,2028-06-17,2026-09-25
720.0,975,18,2028-06-17,2026-09-25
730.0,206,110,2028-06-17,2026-09-25
740.0,131,78,2028-06-17,2026-09-25
750.0,330,30,2028-06-17,2026-09-25
760.0,517,98,2028-06-17,2026-09-25
770.0,218,5,2028-06-17,2026-09-25
780.0,369,6,2028-06-17,2026-09-25
790.0,80,4,2028-06-17,2026-09-25
800.0,1417,16,2028-06-17,2026-09-25
810.0,166,15,2028-06-17,2026-09-25
820.0,360,50,2028-06-17,2026-09-25
830.0,118,27,2028-06-17,2026-09-25
840.0,183,14,2028-06-17,2026-09-25
850.0,490,46,2028-06-17,2026-09-25
860.0,242,22,2028-06-17,2026-09-25
870.0,99,3,2028-06-17,2026-09-25
880.0,243,29,2028-06-17,2026-09-25
890.0,173,17,2028-06-17,2026-09-25
900.0,396,20,2028-06-17,2026-09-25
910.0,221,3,2028-06-17,2026-09-25
920.0,157,13,2028-06-17,2026-09-25
930.0,330,5,2028-06-17,2026-09-25
940.0,202,5,2028-06-17,2026-09-25
950.0,115,41,2028-06-17,2026-09-25
960.0,181,39,2028-06-17,2026-09-25
970.0,151,48,2028-06-17,2026-09-25
980.0,278,42,2028-06-17,2026-09-25
990.0,134,281,2028-06-17,2026-09-25
1000.0,1438,52,2028-06-17,2026-09-25
1010.0,1641,115,2028-06-17,2026-09-25
1020.0,86,89,2028-06-17,2026-09-25
1030.0,119,38,2028-06-17,2026-09-25
1040.0,289,128,2028-06-17,2026-09-25
1050.0,248,177,2028-06-17,2026-09-25
1060.0,104,27,2028-06-17,2026-09-25
1070.0,79,60,2028-06-17,2026-09-25
1080.0,200,2,2028-06-17,2026-09-25
1090.0,182,35,2028-06-17,2026-09-25
1100.0,1736,44,2028-06-17,2026-09-25
1110.0,356,19,2028-06-17,2026-09-25
1120.0,7998,54,2028-06-17,2026-09-25
5.0,20055,631,2028-12-16,2026-09-25
10.0,32,317,2028-12-16,2026-09-25
15.0,25,20,2028-12-16,2026-09-25
20.0,16,52,2028-12-16,2026-09-25
25.0,44,102,2028-12-16,2026-09-25
30.0,9,342,2028-12-16,2026-09-25
35.0,2,31,2028-12-16,2026-09-25
40.0,7,139,2028-12-16,2026-09-25
45.0,3,238,2028-12-16,2026-09-25
50.0,11,226,2028-12-16,2026-09-25
55.0,1,171,2028-12-16,2026-09-25
60.0,9,446,2028-12-16,2026-09-25
65.0,6,224,2028-12-16,2026-09-25
70.0,8,159,2028-12-16,2026-09-25
75.0,8,276,2028-12-16,2026-09-25
80.0,40,299,2028-12-16,2026-09-25
85.0,50,832,2028-12-16,2026-09-25
90.0,73,251,2028-12-16,2026-09-25
95.0,57,1135,2028-12-16,2026-09-25
100.0,393,1248,2028-12-16,2026-09-25
105.0,463,427,2028-12-16,2026-09-25
110.0,337,340,2028-12-16,2026-09-25
115.0,1238,137,2028-12-16,2026-09-25
120.0,92,658,2028-12-16,2026-09-25
125.0,70,248,2028-12-16,2026-09-25
130.0,105,2193,2028-12-16,2026-09-25
135.0,76,838,2028-12-16,2026-09-25
140.0,251,625,2028-12-16,2026-09-25
145.0,131,949,2028-12-16,2026-09-25
150.0,623,1485,2028-12-16,2026-09-25
155.0,139,894,2028-12-16,2026-09-25
160.0,176,3017,2028-12-16,2026-09-25
165.0,104,929,2028-12-16,2026-09-25
170.0,183,2298,2028-12-16,2026-09-25
175.0,190,488,2028-12-16,2026-09-25
180.0,363,491,2028-12-16,2026-09-25
185.0,298,267,2028-12-16,2026-09-25
190.0,388,1148,2028-12-16,2026-09-25
195.0,375,1005,2028-12-16,2026-09-25
200.0,1369,3139,2028-12-16,2026-09-25
210.0,799,1086,2028-12-16,2026-09-25
220.0,747,800,2028-12-16,2026-09-25
230.0,580,403,2028-12-16,2026-09-25
240.0,437,741,2028-12-16,2026-09-25
250.0,1099,4654,2028-12-16,2026-09-25
260.0,583,565,2028-12-16,2026-09-25
270.0,438,1004,2028-12-16,2026-09-25
280.0,278,546,2028-12-16,2026-09-25
290.0,384,2283,2028-12-16,2026-09-25
300.0,1360,2763,2028-12-16,2026-09-25
310.0,538,559,2028-12-16,2026-09-25
320.0,507,772,2028-12-16,2026-09-25
330.0,421,503,2028-12-16,2026-09-25
340.0,457,453,2028-12-16,2026-09-25
350.0,1151,2611,2028-12-16,2026-09-25
360.0,425,1171,2028-12-16,2026-09-25
370.0,377,513,2028-12-16,2026-09-25
380.0,267,499,2028-12-16,2026-09-25
390.0,232,527,2028-12-16,2026-09-25
400.0,1423,1635,2028-12-16,2026-09-25
410.0,244,484,2028-12-16,2026-09-25
420.0,447,348,2028-12-16,2026-09-25
430.0,420,348,2028-12-16,2026-09-25
440.0,597,468,2028-12-16,2026-09-25
450.0,1019,2212,2028-12-16,2026-09-25
460.0,613,1006,2028-12-16,2026-09-25
470.0,357,403,2028-12-16,2026-09-25
480.0,764,253,2028-12-16,2026-09-25
490.0,667,318,2028-12-16,2026-09-25
500.0,3630,1369,2028-12-16,2026-09-25
510.0,858,666,2028-12-16,2026-09-25
520.0,466,465,2028-12-16,2026-09-25
530.0,251,216,2028-12-16,2026-09-25
540.0,198,380,2028-12-16,2026-09-25
550.0,1493,509,2028-12-16,2026-09-25
560.0,715,166,2028-12-16,2026-09-25
570.0,56,0,2028-12-16,2026-09-25
570.0,514,133,2028-12-16,2026-09-25
580.0,277,71,2028-12-16,2026-09-25
590.0,195,464,2028-12-16,2026-09-25
600.0,2819,1010,2028-12-16,2026-09-25
610.0,183,289,2028-12-16,2026-09-25
620.0,381,105,2028-12-16,2026-09-25
630.0,100,37,2028-12-16,2026-09-25
640.0,339,43,2028-12-16,2026-09-25
650.0,343,72,2028-12-16,2026-09-25
660.0,387,83,2028-12-16,2026-09-25
670.0,461,45,2028-12-16,2026-09-25
680.0,338,67,2028-12-16,2026-09-25
690.0,463,67,2028-12-16,2026-09-25
700.0,3390,411,2028-12-16,2026-09-25
710.0,215,119,2028-12-16,2026-09-25
720.0,1884,39,2028-12-16,2026-09-25
730.0,561,66,2028-12-16,2026-09-25
740.0,609,34,2028-12-16,2026-09-25
750.0,1294,292,2028-12-16,2026-09-25
760.0,1137,57,2028-12-16,2026-09-25
770.0,308,33,2028-12-16,2026-09-25
780.0,331,17,2028-12-16,2026-09-25
790.0,410,18,2028-12-16,2026-09-25
800.0,1733,189,2028-12-16,2026-09-25
810.0,656,113,2028-12-16,2026-09-25
820.0,1178,14,2028-12-16,2026-09-25
830.0,263,62,2028-12-16,2026-09-25
840.0,181,56,2028-12-16,2026-09-25
850.0,835,96,2028-12-16,2026-09-25
860.0,2549,52,2028-12-16,2026-09-25
870.0,340,38,2028-12-16,2026-09-25
880.0,550,60,2028-12-16,2026-09-25
890.0,457,31,2028-12-16,2026-09-25
900.0,1224,79,2028-12-16,2026-09-25
910.0,1111,56,2028-12-16,2026-09-25
920.0,1216,62,2028-12-16,2026-09-25
930.0,643,178,2028-12-16,2026-09-25
940.0,140,107,2028-12-16,2026-09-25
950.0,684,120,2028-12-16,2026-09-25
960.0,466,78,2028-12-16,2026-09-25
970.0,189,92,2028-12-16,2026-09-25
980.0,179,37,2028-12-16,2026-09-25
990.0,927,123,2028-12-16,2026-09-25
1000.0,1282,101,2028-12-16,2026-09-25
1010.0,398,113,2028-12-16,2026-09-25
1020.0,212,56,2028-12-16,2026-09-25
1030.0,327,132,2028-12-16,2026-09-25
1040.0,69,125,2028-12-16,2026-09-25
1050.0,731,109,2028-12-16,2026-09-25
1060.0,181,66,2028-12-16,2026-09-25
1070.0,254,72,2028-12-16,2026-09-25
1080.0,298,255,2028-12-16,2026-09-25
1090.0,1087,172,2028-12-16,2026-09-25
1100.0,551,352,2028-12-16,2026-09-25
1110.0,642,231,2028-12-16,2026-09-25
1120.0,4173,333,2028-12-16,2026-09-25
5.0,84,2,2029-01-20,2026-09-25
10.0,1,0,2029-01-20,2026-09-25
15.0,0,0,2029-01-20,2026-09-25
20.0,0,0,2029-01-20,2026-09-25
25.0,0,0,2029-01-20,2026-09-25
30.0,0,0,2029-01-20,2026-09-25
35.0,0,0,2029-01-20,2026-09-25
40.0,0,0,2029-01-20,2026-09-25
45.0,1,1,2029-01-20,2026-09-25
50.0,0,1,2029-01-20,2026-09-25
55.0,0,0,2029-01-20,2026-09-25
60.0,0,0,2029-01-20,2026-09-25
65.0,0,0,2029-01-20,2026-09-25
70.0,0,0,2029-01-20,2026-09-25
75.0,0,0,2029-01-20,2026-09-25
80.0,0,0,2029-01-20,2026-09-25
85.0,0,36,2029-01-20,2026-09-25
90.0,0,1,2029-01-20,2026-09-25
95.0,0,0,2029-01-20,2026-09-25
100.0,0,7,2029-01-20,2026-09-25
105.0,0,9,2029-01-20,2026-09-25
110.0,3,2,2029-01-20,2026-09-25
115.0,0,0,2029-01-20,2026-09-25
120.0,0,5,2029-01-20,2026-09-25
125.0,0,1,2029-01-20,2026-09-25
130.0,0,0,2029-01-20,2026-09-25
135.0,4,1,2029-01-20,2026-09-25
140.0,5,2,2029-01-20,2026-09-25
145.0,0,0,2029-01-20,2026-09-25
150.0,1,1,2029-01-20,2026-09-25
155.0,3,1,2029-01-20,2026-09-25
160.0,19,14,2029-01-20,2026-09-25
165.0,1,0,2029-01-20,2026-09-25
170.0,1,0,2029-01-20,2026-09-25
175.0,0,1,2029-01-20,2026-09-25
180.0,3,1,2029-01-20,2026-09-25
185.0,20,0,2029-01-20,2026-09-25
190.0,2,2,2029-01-20,2026-09-25
195.0,24,10,2029-01-20,2026-09-25
200.0,81,1,2029-01-20,2026-09-25
210.0,54,9,2029-01-20,2026-09-25
220.0,70,13,2029-01-20,2026-09-25
230.0,33,6,2029-01-20,2026-09-25
240.0,25,7,2029-01-20,2026-09-25
250.0,64,33,2029-01-20,2026-09-25
260.0,80,31,2029-01-20,2026-09-25
270.0,4,2,2029-01-20,2026-09-25
280.0,8,16,2029-01-20,2026-09-25
290.0,5,5,2029-01-20,2026-09-25
300.0,18,28,2029-01-20,2026-09-25
310.0,3,54,2029-01-20,2026-09-25
320.0,16,37,2029-01-20,2026-09-25
330.0,5,8,2029-01-20,2026-09-25
340.0,7,49,2029-01-20,2026-09-25
350.0,5,33,2029-01-20,2026-09-25
360.0,32,127,2029-01-20,2026-09-25
370.0,26,29,2029-01-20,2026-09-25
380.0,2,11,2029-01-20,2026-09-25
390.0,4,251,2029-01-20,2026-09-25
400.0,31,51,2029-01-20,2026-09-25
410.0,5,33,2029-01-20,2026-09-25
420.0,31,130,2029-01-20,2026-09-25
430.0,32,118,2029-01-20,2026-09-25
440.0,3,2,2029-01-20,2026-09-25
450.0,11,207,2029-01-20,2026-09-25
460.0,15,21,2029-01-20,2026-09-25
470.0,7,12,2029-01-20,2026-09-25
480.0,8,11,2029-01-20,2026-09-25
490.0,13,23,2029-01-20,2026-09-25
500.0,38,29,2029-01-20,2026-09-25
510.0,24,16,2029-01-20,2026-09-25
520.0,10,12,2029-01-20,2026-09-25
530.0,52,7,2029-01-20,2026-09-25
540.0,11,7,2029-01-20,2026-09-25
550.0,56,9,2029-01-20,2026-09-25
560.0,15,10,2029-01-20,2026-09-25
570.0,482,3,2029-01-20,2026-09-25
580.0,6,9,2029-01-20,2026-09-25
590.0,6,41,2029-01-20,2026-09-25
600.0,81,18,2029-01-20,2026-09-25
610.0,102,23,2029-01-20,2026-09-25
620.0,85,19,2029-01-20,2026-09-25
630.0,26,21,2029-01-20,2026-09-25
640.0,64,22,2029-01-20,2026-09-25
650.0,47,10,2029-01-20,2026-09-25
660.0,23,27,2029-01-20,2026-09-25
670.0,2,2,2029-01-20,2026-09-25
680.0,34,0,2029-01-20,2026-09-25
690.0,30,31,2029-01-20,2026-09-25
700.0,261,7,2029-01-20,2026-09-25
710.0,12,1,2029-01-20,2026-09-25
720.0,12,0,2029-01-20,2026-09-25
730.0,3,0,2029-01-20,2026-09-25
740.0,10,0,2029-01-20,2026-09-25
750.0,23,9,2029-01-20,2026-09-25
760.0,56,5,2029-01-20,2026-09-25
770.0,11,5,2029-01-20,2026-09-25
780.0,8,1,2029-01-20,2026-09-25
790.0,1,5,2029-01-20,2026-09-25
800.0,58,6,2029-01-20,2026-09-25
810.0,10,3,2029-01-20,2026-09-25
820.0,5,2,2029-01-20,2026-09-25
830.0,1,0,2029-01-20,2026-09-25
840.0,4,0,2029-01-20,2026-09-25
850.0,4,0,2029-01-20,2026-09-25
860.0,502,1,2029-01-20,2026-09-25
870.0,0,0,2029-01-20,2026-09-25
880.0,9,2,2029-01-20,2026-09-25
890.0,0,0,2029-01-20,2026-09-25
900.0,132,46,2029-01-20,2026-09-25
910.0,0,4,2029-01-20,2026-09-25
920.0,0,108,2029-01-20,2026-09-25
930.0,1,0,2029-01-20,2026-09-25
940.0,2,0,2029-01-20,2026-09-25
950.0,27,0,2029-01-20,2026-09-25
960.0,11,1,2029-01-20,2026-09-25
970.0,8,9,2029-01-20,2026-09-25
980.0,399,50,2029-01-20,2026-09-25
212.71,114,114,2029-12-22,2026-09-25
295.0,120,0,2030-01-19,2026-09-25
295.0,110,0,2031-01-18,2026-09-25
