Strike,Call,Put,Expiry,Date
375.0,0,15,2026-09-17,2026-09-17
380.0,0,11,2026-09-17,2026-09-17
385.0,0,8,2026-09-17,2026-09-17
390.0,0,26,2026-09-17,2026-09-17
395.0,0,50,2026-09-17,2026-09-17
400.0,0,107,2026-09-17,2026-09-17
405.0,0,24,2026-09-17,2026-09-17
410.0,0,210,2026-09-17,2026-09-17
415.0,0,162,2026-09-17,2026-09-17
420.0,0,196,2026-09-17,2026-09-17
425.0,0,108,2026-09-17,2026-09-17
430.0,0,358,2026-09-17,2026-09-17
432.5,0,27,2026-09-17,2026-09-17
435.0,0,322,2026-09-17,2026-09-17
437.5,0,125,2026-09-17,2026-09-17
440.0,0,445,2026-09-17,2026-09-17
442.5,0,163,2026-09-17,2026-09-17
445.0,0,193,2026-09-17,2026-09-17
447.5,0,308,2026-09-17,2026-09-17
450.0,0,316,2026-09-17,2026-09-17
452.5,0,257,2026-09-17,2026-09-17
455.0,0,522,2026-09-17,2026-09-17
457.5,0,200,2026-09-17,2026-09-17
460.0,0,1448,2026-09-17,2026-09-17
462.5,0,335,2026-09-17,2026-09-17
465.0,0,517,2026-09-17,2026-09-17
467.5,0,574,2026-09-17,2026-09-17
470.0,0,673,2026-09-17,2026-09-17
472.5,0,874,2026-09-17,2026-09-17
475.0,0,367,2026-09-17,2026-09-17
477.5,0,594,2026-09-17,2026-09-17
480.0,0,978,2026-09-17,2026-09-17
482.5,0,698,2026-09-17,2026-09-17
485.0,0,706,2026-09-17,2026-09-17
487.5,0,511,2026-09-17,2026-09-17
490.0,0,1039,2026-09-17,2026-09-17
492.5,0,401,2026-09-17,2026-09-17
495.0,0,511,2026-09-17,2026-09-17
497.5,0,870,2026-09-17,2026-09-17
500.0,0,2401,2026-09-17,2026-09-17
502.5,0,1232,2026-09-17,2026-09-17
505.0,0,2408,2026-09-17,2026-09-17
507.5,0,823,2026-09-17,2026-09-17
510.0,0,1708,2026-09-17,2026-09-17
512.5,68,1061,2026-09-17,2026-09-17
515.0,1989,14,2026-09-17,2026-09-17
517.5,671,0,2026-09-17,2026-09-17
520.0,4772,0,2026-09-17,2026-09-17
522.5,1764,0,2026-09-17,2026-09-17
525.0,4442,0,2026-09-17,2026-09-17
527.5,2364,0,2026-09-17,2026-09-17
530.0,5383,0,2026-09-17,2026-09-17
532.5,1481,0,2026-09-17,2026-09-17
535.0,3089,0,2026-09-17,2026-09-17
537.5,993,0,2026-09-17,2026-09-17
540.0,1752,0,2026-09-17,2026-09-17
542.5,1067,0,2026-09-17,2026-09-17
545.0,871,0,2026-09-17,2026-09-17
547.5,339,0,2026-09-17,2026-09-17
550.0,1892,0,2026-09-17,2026-09-17
552.5,163,0,2026-09-17,2026-09-17
555.0,1905,0,2026-09-17,2026-09-17
557.5,515,0,2026-09-17,2026-09-17
560.0,1722,0,2026-09-17,2026-09-17
565.0,97,0,2026-09-17,2026-09-17
570.0,119,0,2026-09-17,2026-09-17
575.0,91,0,2026-09-17,2026-09-17
580.0,82,0,2026-09-17,2026-09-17
585.0,186,0,2026-09-17,2026-09-17
590.0,71,0,2026-09-17,2026-09-17
595.0,1,0,2026-09-17,2026-09-17
600.0,52,0,2026-09-17,2026-09-17
605.0,107,0,2026-09-17,2026-09-17
610.0,7,0,2026-09-17,2026-09-17
615.0,2,0,2026-09-17,2026-09-17
620.0,1,0,2026-09-17,2026-09-17
625.0,1,0,2026-09-17,2026-09-17
630.0,1,0,2026-09-17,2026-09-17
635.0,1,0,2026-09-17,2026-09-17
640.0,4,0,2026-09-17,2026-09-17
645.0,5,0,2026-09-17,2026-09-17
650.0,9,0,2026-09-17,2026-09-17
655.0,7,0,2026-09-17,2026-09-17
660.0,1,0,2026-09-17,2026-09-17
665.0,1,0,2026-09-17,2026-09-17
670.0,2,0,2026-09-17,2026-09-17
675.0,3,0,2026-09-17,2026-09-17
680.0,1,0,2026-09-17,2026-09-17
685.0,3,0,2026-09-17,2026-09-17
690.0,2,0,2026-09-17,2026-09-17
695.0,3,0,2026-09-17,2026-09-17
700.0,13,0,2026-09-17,2026-09-17
5.0,53,169,2026-09-19,2026-09-17
10.0,53,33,2026-09-19,2026-09-17
15.0,14,26,2026-09-19,2026-09-17
20.0,11,22,2026-09-19,2026-09-17
25.0,47,21,2026-09-19,2026-09-17
30.0,40,88,2026-09-19,2026-09-17
35.0,9,590,2026-09-19,2026-09-17
40.0,26,562,2026-09-19,2026-09-17
45.0,31,119,2026-09-19,2026-09-17
50.0,47,462,2026-09-19,2026-09-17
55.0,7,533,2026-09-19,2026-09-17
60.0,40,896,2026-09-19,2026-09-17
65.0,11,1242,2026-09-19,2026-09-17
70.0,26,315,2026-09-19,2026-09-17
75.0,73,430,2026-09-19,2026-09-17
80.0,162,654,2026-09-19,2026-09-17
85.0,61,623,2026-09-19,2026-09-17
90.0,84,649,2026-09-19,2026-09-17
95.0,73,622,2026-09-19,2026-09-17
100.0,251,2672,2026-09-19,2026-09-17
105.0,205,2263,2026-09-19,2026-09-17
110.0,479,3233,2026-09-19,2026-09-17
115.0,191,9186,2026-09-19,2026-09-17
120.0,369,3226,2026-09-19,2026-09-17
125.0,655,2600,2026-09-19,2026-09-17
130.0,323,3265,2026-09-19,2026-09-17
135.0,340,1489,2026-09-19,2026-09-17
140.0,658,16496,2026-09-19,2026-09-17
145.0,834,8253,2026-09-19,2026-09-17
150.0,1066,10411,2026-09-19,2026-09-17
155.0,1316,3874,2026-09-19,2026-09-17
160.0,1215,11898,2026-09-19,2026-09-17
165.0,688,3718,2026-09-19,2026-09-17
170.0,1556,7144,2026-09-19,2026-09-17
175.0,464,3576,2026-09-19,2026-09-17
180.0,1130,8146,2026-09-19,2026-09-17
185.0,1304,2059,2026-09-19,2026-09-17
190.0,562,2305,2026-09-19,2026-09-17
195.0,747,2253,2026-09-19,2026-09-17
200.0,21,0,2026-09-19,2026-09-17
200.0,1549,15709,2026-09-19,2026-09-17
210.0,1359,5269,2026-09-19,2026-09-17
220.0,10,0,2026-09-19,2026-09-17
220.0,4052,4024,2026-09-19,2026-09-17
225.0,5000,5000,2026-09-19,2026-09-17
230.0,2569,3019,2026-09-19,2026-09-17
240.0,2132,1883,2026-09-19,2026-09-17
250.0,3043,5461,2026-09-19,2026-09-17
260.0,6194,3523,2026-09-19,2026-09-17
270.0,1894,3179,2026-09-19,2026-09-17
280.0,1665,3148,2026-09-19,2026-09-17
290.0,1290,2660,2026-09-19,2026-09-17
300.0,7032,10511,2026-09-19,2026-09-17
310.0,1088,809,2026-09-19,2026-09-17
320.0,2986,6196,2026-09-19,2026-09-17
330.0,1897,2340,2026-09-19,2026-09-17
340.0,1919,5541,2026-09-19,2026-09-17
350.0,6,0,2026-09-19,2026-09-17
350.0,2972,8136,2026-09-19,2026-09-17
360.0,1667,2738,2026-09-19,2026-09-17
370.0,1313,4877,2026-09-19,2026-09-17
380.0,1447,1447,2026-09-19,2026-09-17
380.0,2973,5404,2026-09-19,2026-09-17
390.0,913,3298,2026-09-19,2026-09-17
400.0,0,2000,2026-09-19,2026-09-17
400.0,2249,8055,2026-09-19,2026-09-17
410.0,1218,4285,2026-09-19,2026-09-17
420.0,875,6924,2026-09-19,2026-09-17
422.5,7,311,2026-09-19,2026-09-17
425.0,24,2602,2026-09-19,2026-09-17
427.5,12,194,2026-09-19,2026-09-17
430.0,540,3250,2026-09-19,2026-09-17
432.5,7,48,2026-09-19,2026-09-17
435.0,84,3317,2026-09-19,2026-09-17
437.5,12,319,2026-09-19,2026-09-17
440.0,1259,7583,2026-09-19,2026-09-17
442.5,232,1443,2026-09-19,2026-09-17
445.0,80,1643,2026-09-19,2026-09-17
447.5,91,794,2026-09-19,2026-09-17
450.0,3100,3100,2026-09-19,2026-09-17
450.0,2134,7337,2026-09-19,2026-09-17
452.5,854,1033,2026-09-19,2026-09-17
455.0,186,1583,2026-09-19,2026-09-17
457.5,117,1798,2026-09-19,2026-09-17
460.0,6402,6402,2026-09-19,2026-09-17
460.0,1878,3942,2026-09-19,2026-09-17
462.5,442,893,2026-09-19,2026-09-17
465.0,400,400,2026-09-19,2026-09-17
465.0,554,996,2026-09-19,2026-09-17
467.5,224,1073,2026-09-19,2026-09-17
470.0,3170,3170,2026-09-19,2026-09-17
470.0,9247,5447,2026-09-19,2026-09-17
470.01,0,5185,2026-09-19,2026-09-17
472.5,356,770,2026-09-19,2026-09-17
475.0,1950,1950,2026-09-19,2026-09-17
475.0,1445,2209,2026-09-19,2026-09-17
477.5,329,879,2026-09-19,2026-09-17
480.0,11332,11332,2026-09-19,2026-09-17
480.0,4202,7080,2026-09-19,2026-09-17
482.5,216,640,2026-09-19,2026-09-17
485.0,526,526,2026-09-19,2026-09-17
485.0,599,947,2026-09-19,2026-09-17
487.5,809,678,2026-09-19,2026-09-17
490.0,2950,2950,2026-09-19,2026-09-17
490.0,3343,3335,2026-09-19,2026-09-17
492.5,298,656,2026-09-19,2026-09-17
495.0,548,1609,2026-09-19,2026-09-17
497.5,716,671,2026-09-19,2026-09-17
500.0,2500,2500,2026-09-19,2026-09-17
500.0,8024,4916,2026-09-19,2026-09-17
502.5,513,1028,2026-09-19,2026-09-17
505.0,1121,1515,2026-09-19,2026-09-17
507.5,334,1313,2026-09-19,2026-09-17
510.0,5402,2083,2026-09-19,2026-09-17
512.5,567,649,2026-09-19,2026-09-17
515.0,600,600,2026-09-19,2026-09-17
515.0,3438,691,2026-09-19,2026-09-17
517.5,801,443,2026-09-19,2026-09-17
520.0,2360,2350,2026-09-19,2026-09-17
520.0,8321,2421,2026-09-19,2026-09-17
522.5,1815,957,2026-09-19,2026-09-17
525.0,3673,460,2026-09-19,2026-09-17
527.5,711,475,2026-09-19,2026-09-17
530.0,8218,1079,2026-09-19,2026-09-17
532.5,526,106,2026-09-19,2026-09-17
535.0,1269,137,2026-09-19,2026-09-17
537.5,1227,64,2026-09-19,2026-09-17
540.0,6527,662,2026-09-19,2026-09-17
542.5,582,37,2026-09-19,2026-09-17
545.0,854,34,2026-09-19,2026-09-17
547.5,322,13,2026-09-19,2026-09-17
550.0,8016,2228,2026-09-19,2026-09-17
552.5,413,0,2026-09-19,2026-09-17
555.0,1102,1,2026-09-19,2026-09-17
557.5,911,9,2026-09-19,2026-09-17
560.0,4472,787,2026-09-19,2026-09-17
562.5,235,1,2026-09-19,2026-09-17
565.0,535,20,2026-09-19,2026-09-17
567.5,256,15,2026-09-19,2026-09-17
570.0,2304,91,2026-09-19,2026-09-17
572.5,101,0,2026-09-19,2026-09-17
575.0,369,1,2026-09-19,2026-09-17
577.5,360,0,2026-09-19,2026-09-17
580.0,3351,16,2026-09-19,2026-09-17
582.5,285,0,2026-09-19,2026-09-17
585.0,286,0,2026-09-19,2026-09-17
587.5,64,0,2026-09-19,2026-09-17
590.0,2970,23,2026-09-19,2026-09-17
592.5,67,0,2026-09-19,2026-09-17
595.0,134,0,2026-09-19,2026-09-17
597.5,32,0,2026-09-19,2026-09-17
600.0,0,0,2026-09-19,2026-09-17
600.0,8769,50,2026-09-19,2026-09-17
602.5,61,0,2026-09-19,2026-09-17
605.0,91,0,2026-09-19,2026-09-17
610.0,2266,0,2026-09-19,2026-09-17
620.0,4138,0,2026-09-19,2026-09-17
630.0,1144,0,2026-09-19,2026-09-17
640.0,802,2,2026-09-19,2026-09-17
650.0,8378,0,2026-09-19,2026-09-17
660.0,1148,0,2026-09-19,2026-09-17
670.0,668,1,2026-09-19,2026-09-17
680.0,3669,0,2026-09-19,2026-09-17
690.0,1993,0,2026-09-19,2026-09-17
700.0,6638,0,2026-09-19,2026-09-17
710.0,1164,0,2026-09-19,2026-09-17
720.0,573,0,2026-09-19,2026-09-17
730.0,396,0,2026-09-19,2026-09-17
740.0,1813,0,2026-09-19,2026-09-17
750.0,1462,0,2026-09-19,2026-09-17
760.0,272,0,2026-09-19,2026-09-17
770.0,579,0,2026-09-19,2026-09-17
780.0,586,0,2026-09-19,2026-09-17
790.0,393,0,2026-09-19,2026-09-17
800.0,1217,0,2026-09-19,2026-09-17
810.0,232,0,2026-09-19,2026-09-17
820.0,230,0,2026-09-19,2026-09-17
830.0,167,0,2026-09-19,2026-09-17
840.0,181,0,2026-09-19,2026-09-17
850.0,931,0,2026-09-19,2026-09-17
860.0,751,0,2026-09-19,2026-09-17
870.0,1006,0,2026-09-19,2026-09-17
880.0,187,0,2026-09-19,2026-09-17
890.0,861,0,2026-09-19,2026-09-17
900.0,687,0,2026-09-19,2026-09-17
910.0,1037,0,2026-09-19,2026-09-17
920.0,264,0,2026-09-19,2026-09-17
930.0,1025,0,2026-09-19,2026-09-17
940.0,127,0,2026-09-19,2026-09-17
950.0,1102,0,2026-09-19,2026-09-17
960.0,317,0,2026-09-19,2026-09-17
970.0,140,0,2026-09-19,2026-09-17
980.0,69,0,2026-09-19,2026-09-17
990.0,527,0,2026-09-19,2026-09-17
1000.0,1982,0,2026-09-19,2026-09-17
1010.0,1250,0,2026-09-19,2026-09-17
1020.0,89,0,2026-09-19,2026-09-17
1030.0,125,0,2026-09-19,2026-09-17
1040.0,157,0,2026-09-19,2026-09-17
1050.0,261,0,2026-09-19,2026-09-17
1060.0,197,0,2026-09-19,2026-09-17
1070.0,154,0,2026-09-19,2026-09-17
1080.0,243,0,2026-09-19,2026-09-17
1090.0,433,0,2026-09-19,2026-09-17
1100.0,129,0,2026-09-19,2026-09-17
1110.0,1840,0,2026-09-19,2026-09-17
1120.0,2928,0,2026-09-19,2026-09-17
350.0,0,1,2026-09-22,2026-09-17
355.0,0,3,2026-09-22,2026-09-17
360.0,0,3,2026-09-22,2026-09-17
365.0,0,15,2026-09-22,2026-09-17
370.0,1,13,2026-09-22,2026-09-17
375.0,0,5,2026-09-22,2026-09-17
380.0,0,9,2026-09-22,2026-09-17
385.0,0,8,2026-09-22,2026-09-17
390.0,0,4,2026-09-22,2026-09-17
395.0,0,275,2026-09-22,2026-09-17
400.0,11,27,2026-09-22,2026-09-17
405.0,0,5,2026-09-22,2026-09-17
410.0,2,7,2026-09-22,2026-09-17
415.0,0,35,2026-09-22,2026-09-17
417.5,0,10,2026-09-22,2026-09-17
420.0,3,67,2026-09-22,2026-09-17
422.5,0,9,2026-09-22,2026-09-17
425.0,0,18,2026-09-22,2026-09-17
427.5,2,5,2026-09-22,2026-09-17
430.0,0,112,2026-09-22,2026-09-17
432.5,0,24,2026-09-22,2026-09-17
435.0,2,87,2026-09-22,2026-09-17
437.5,0,60,2026-09-22,2026-09-17
440.0,1,105,2026-09-22,2026-09-17
442.5,0,3,2026-09-22,2026-09-17
445.0,0,10,2026-09-22,2026-09-17
447.5,0,12,2026-09-22,2026-09-17
450.0,5,91,2026-09-22,2026-09-17
452.5,1,13,2026-09-22,2026-09-17
455.0,0,52,2026-09-22,2026-09-17
457.5,11,101,2026-09-22,2026-09-17
460.0,23,80,2026-09-22,2026-09-17
462.5,0,27,2026-09-22,2026-09-17
465.0,11,112,2026-09-22,2026-09-17
467.5,3,122,2026-09-22,2026-09-17
470.0,7,704,2026-09-22,2026-09-17
472.5,1,56,2026-09-22,2026-09-17
475.0,6,71,2026-09-22,2026-09-17
477.5,16,162,2026-09-22,2026-09-17
480.0,21,387,2026-09-22,2026-09-17
482.5,15,112,2026-09-22,2026-09-17
485.0,93,202,2026-09-22,2026-09-17
487.5,44,319,2026-09-22,2026-09-17
490.0,81,167,2026-09-22,2026-09-17
492.5,36,831,2026-09-22,2026-09-17
495.0,74,162,2026-09-22,2026-09-17
497.5,29,275,2026-09-22,2026-09-17
500.0,313,559,2026-09-22,2026-09-17
502.5,58,103,2026-09-22,2026-09-17
505.0,143,214,2026-09-22,2026-09-17
507.5,103,85,2026-09-22,2026-09-17
510.0,145,209,2026-09-22,2026-09-17
512.5,49,75,2026-09-22,2026-09-17
515.0,213,259,2026-09-22,2026-09-17
517.5,59,124,2026-09-22,2026-09-17
520.0,380,233,2026-09-22,2026-09-17
522.5,107,90,2026-09-22,2026-09-17
525.0,154,51,2026-09-22,2026-09-17
527.5,73,23,2026-09-22,2026-09-17
530.0,510,22,2026-09-22,2026-09-17
532.5,76,17,2026-09-22,2026-09-17
535.0,370,15,2026-09-22,2026-09-17
537.5,57,24,2026-09-22,2026-09-17
540.0,157,27,2026-09-22,2026-09-17
542.5,136,6,2026-09-22,2026-09-17
545.0,72,4,2026-09-22,2026-09-17
547.5,90,20,2026-09-22,2026-09-17
550.0,454,23,2026-09-22,2026-09-17
552.5,36,14,2026-09-22,2026-09-17
555.0,72,21,2026-09-22,2026-09-17
557.5,25,9,2026-09-22,2026-09-17
560.0,76,20,2026-09-22,2026-09-17
562.5,9,0,2026-09-22,2026-09-17
565.0,17,3,2026-09-22,2026-09-17
567.5,9,0,2026-09-22,2026-09-17
570.0,23,1,2026-09-22,2026-09-17
572.5,277,0,2026-09-22,2026-09-17
575.0,338,0,2026-09-22,2026-09-17
577.5,5,15,2026-09-22,2026-09-17
580.0,80,10,2026-09-22,2026-09-17
582.5,31,0,2026-09-22,2026-09-17
585.0,222,1,2026-09-22,2026-09-17
587.5,4,0,2026-09-22,2026-09-17
590.0,24,0,2026-09-22,2026-09-17
592.5,5,0,2026-09-22,2026-09-17
595.0,7,1,2026-09-22,2026-09-17
597.5,4,0,2026-09-22,2026-09-17
600.0,32,0,2026-09-22,2026-09-17
605.0,78,0,2026-09-22,2026-09-17
610.0,3,0,2026-09-22,2026-09-17
615.0,6,0,2026-09-22,2026-09-17
620.0,7,0,2026-09-22,2026-09-17
625.0,0,0,2026-09-22,2026-09-17
630.0,1,0,2026-09-22,2026-09-17
635.0,0,0,2026-09-22,2026-09-17
640.0,0,0,2026-09-22,2026-09-17
645.0,10,0,2026-09-22,2026-09-17
650.0,2,0,2026-09-22,2026-09-17
655.0,0,0,2026-09-22,2026-09-17
660.0,143,0,2026-09-22,2026-09-17
665.0,0,0,2026-09-22,2026-09-17
670.0,0,0,2026-09-22,2026-09-17
675.0,0,0,2026-09-22,2026-09-17
680.0,0,0,2026-09-22,2026-09-17
685.0,0,0,2026-09-22,2026-09-17
690.0,0,0,2026-09-22,2026-09-17
695.0,0,0,2026-09-22,2026-09-17
700.0,5,0,2026-09-22,2026-09-17
525.03,1211,1211,2026-09-23,2026-09-17
350.0,0,6,2026-09-24,2026-09-17
355.0,0,9,2026-09-24,2026-09-17
360.0,0,16,2026-09-24,2026-09-17
365.0,0,11,2026-09-24,2026-09-17
370.0,0,22,2026-09-24,2026-09-17
375.0,0,19,2026-09-24,2026-09-17
380.0,1,10,2026-09-24,2026-09-17
385.0,0,113,2026-09-24,2026-09-17
390.0,0,3,2026-09-24,2026-09-17
395.0,0,18,2026-09-24,2026-09-17
400.0,9,58,2026-09-24,2026-09-17
405.0,0,4,2026-09-24,2026-09-17
407.5,0,20,2026-09-24,2026-09-17
410.0,0,24,2026-09-24,2026-09-17
412.5,0,1,2026-09-24,2026-09-17
415.0,0,8,2026-09-24,2026-09-17
417.5,0,2,2026-09-24,2026-09-17
420.0,0,6,2026-09-24,2026-09-17
422.5,0,3,2026-09-24,2026-09-17
425.0,10,28,2026-09-24,2026-09-17
427.5,0,2,2026-09-24,2026-09-17
430.0,0,690,2026-09-24,2026-09-17
432.5,0,1,2026-09-24,2026-09-17
435.0,0,18,2026-09-24,2026-09-17
437.5,0,2,2026-09-24,2026-09-17
440.0,0,21,2026-09-24,2026-09-17
442.5,0,2,2026-09-24,2026-09-17
445.0,1,5,2026-09-24,2026-09-17
447.5,0,2,2026-09-24,2026-09-17
450.0,2,63,2026-09-24,2026-09-17
452.5,3,6,2026-09-24,2026-09-17
455.0,1,48,2026-09-24,2026-09-17
457.5,0,9,2026-09-24,2026-09-17
460.0,8,42,2026-09-24,2026-09-17
462.5,0,6,2026-09-24,2026-09-17
465.0,0,323,2026-09-24,2026-09-17
467.5,0,9,2026-09-24,2026-09-17
470.0,10,50,2026-09-24,2026-09-17
472.5,0,8,2026-09-24,2026-09-17
475.0,6,95,2026-09-24,2026-09-17
477.5,2,22,2026-09-24,2026-09-17
480.0,24,183,2026-09-24,2026-09-17
482.5,13,57,2026-09-24,2026-09-17
485.0,39,32,2026-09-24,2026-09-17
487.5,22,15,2026-09-24,2026-09-17
490.0,17,171,2026-09-24,2026-09-17
492.5,4,67,2026-09-24,2026-09-17
495.0,20,80,2026-09-24,2026-09-17
497.5,6,30,2026-09-24,2026-09-17
500.0,78,107,2026-09-24,2026-09-17
502.5,78,33,2026-09-24,2026-09-17
505.0,42,55,2026-09-24,2026-09-17
507.5,27,40,2026-09-24,2026-09-17
510.0,160,44,2026-09-24,2026-09-17
512.5,94,15,2026-09-24,2026-09-17
515.0,94,57,2026-09-24,2026-09-17
517.5,12,23,2026-09-24,2026-09-17
520.0,54,113,2026-09-24,2026-09-17
522.5,50,40,2026-09-24,2026-09-17
525.0,79,82,2026-09-24,2026-09-17
527.5,18,2,2026-09-24,2026-09-17
530.0,200,21,2026-09-24,2026-09-17
532.5,67,4,2026-09-24,2026-09-17
535.0,57,5,2026-09-24,2026-09-17
537.5,6,0,2026-09-24,2026-09-17
540.0,96,17,2026-09-24,2026-09-17
542.5,28,1,2026-09-24,2026-09-17
545.0,156,10,2026-09-24,2026-09-17
547.5,9,0,2026-09-24,2026-09-17
550.0,112,0,2026-09-24,2026-09-17
552.5,81,0,2026-09-24,2026-09-17
555.0,38,0,2026-09-24,2026-09-17
556.53,90,0,2026-09-24,2026-09-17
557.5,17,1,2026-09-24,2026-09-17
560.0,9,17,2026-09-24,2026-09-17
562.5,25,0,2026-09-24,2026-09-17
565.0,10,0,2026-09-24,2026-09-17
567.5,7,1,2026-09-24,2026-09-17
570.0,31,0,2026-09-24,2026-09-17
572.5,7,0,2026-09-24,2026-09-17
575.0,14,0,2026-09-24,2026-09-17
577.5,5,0,2026-09-24,2026-09-17
580.0,26,1,2026-09-24,2026-09-17
582.5,14,0,2026-09-24,2026-09-17
585.0,7,0,2026-09-24,2026-09-17
587.5,3,0,2026-09-24,2026-09-17
590.0,8,0,2026-09-24,2026-09-17
592.5,7,0,2026-09-24,2026-09-17
595.0,3,0,2026-09-24,2026-09-17
597.5,2,0,2026-09-24,2026-09-17
600.0,25,0,2026-09-24,2026-09-17
605.0,10,0,2026-09-24,2026-09-17
610.0,2,0,2026-09-24,2026-09-17
615.0,0,10,2026-09-24,2026-09-17
620.0,6,0,2026-09-24,2026-09-17
625.0,0,0,2026-09-24,2026-09-17
630.0,1,0,2026-09-24,2026-09-17
635.0,0,0,2026-09-24,2026-09-17
640.0,0,0,2026-09-24,2026-09-17
645.0,0,0,2026-09-24,2026-09-17
650.0,2,0,2026-09-24,2026-09-17
655.0,0,0,2026-09-24,2026-09-17
660.0,1,0,2026-09-24,2026-09-17
665.0,0,0,2026-09-24,2026-09-17
670.0,0,0,2026-09-24,2026-09-17
675.0,0,0,2026-09-24,2026-09-17
680.0,0,0,2026-09-24,2026-09-17
685.0,0,0,2026-09-24,2026-09-17
690.0,0,0,2026-09-24,2026-09-17
695.0,0,0,2026-09-24,2026-09-17
700.0,0,0,2026-09-24,2026-09-17
589.03,962,962,2026-09-25,2026-09-17
40.0,1,21,2026-09-26,2026-09-17
45.0,0,8,2026-09-26,2026-09-17
50.0,3,52,2026-09-26,2026-09-17
55.0,0,62,2026-09-26,2026-09-17
60.0,0,80,2026-09-26,2026-09-17
65.0,0,85,2026-09-26,2026-09-17
70.0,0,59,2026-09-26,2026-09-17
75.0,1,96,2026-09-26,2026-09-17
80.0,1,42,2026-09-26,2026-09-17
85.0,0,52,2026-09-26,2026-09-17
90.0,1,7,2026-09-26,2026-09-17
95.0,2,12,2026-09-26,2026-09-17
100.0,1,9,2026-09-26,2026-09-17
105.0,22,22,2026-09-26,2026-09-17
110.0,29,26,2026-09-26,2026-09-17
115.0,5,5,2026-09-26,2026-09-17
120.0,8,31,2026-09-26,2026-09-17
125.0,4,6,2026-09-26,2026-09-17
130.0,6,27,2026-09-26,2026-09-17
135.0,5,2,2026-09-26,2026-09-17
140.0,1,31,2026-09-26,2026-09-17
145.0,5,56,2026-09-26,2026-09-17
150.0,5,20,2026-09-26,2026-09-17
155.0,1,16,2026-09-26,2026-09-17
160.0,1,52,2026-09-26,2026-09-17
165.0,15,33,2026-09-26,2026-09-17
170.0,12,39,2026-09-26,2026-09-17
175.0,1,206,2026-09-26,2026-09-17
180.0,7,251,2026-09-26,2026-09-17
185.0,7,197,2026-09-26,2026-09-17
190.0,0,160,2026-09-26,2026-09-17
195.0,0,50,2026-09-26,2026-09-17
200.0,14,56,2026-09-26,2026-09-17
205.0,1,36,2026-09-26,2026-09-17
210.0,4,57,2026-09-26,2026-09-17
215.0,0,127,2026-09-26,2026-09-17
220.0,10,129,2026-09-26,2026-09-17
225.0,4,36,2026-09-26,2026-09-17
230.0,24,65,2026-09-26,2026-09-17
235.0,3,32,2026-09-26,2026-09-17
240.0,7,58,2026-09-26,2026-09-17
245.0,2,89,2026-09-26,2026-09-17
250.0,14,93,2026-09-26,2026-09-17
255.0,10,42,2026-09-26,2026-09-17
260.0,6,434,2026-09-26,2026-09-17
265.0,1,11,2026-09-26,2026-09-17
270.0,27,116,2026-09-26,2026-09-17
275.0,6,44,2026-09-26,2026-09-17
280.0,19,605,2026-09-26,2026-09-17
285.0,3,11,2026-09-26,2026-09-17
290.0,1,148,2026-09-26,2026-09-17
295.0,7,71,2026-09-26,2026-09-17
300.0,28,253,2026-09-26,2026-09-17
305.0,3,37,2026-09-26,2026-09-17
310.0,10,95,2026-09-26,2026-09-17
315.0,4,142,2026-09-26,2026-09-17
320.0,7,181,2026-09-26,2026-09-17
325.0,35,289,2026-09-26,2026-09-17
330.0,5,96,2026-09-26,2026-09-17
335.0,4,381,2026-09-26,2026-09-17
340.0,12,358,2026-09-26,2026-09-17
345.0,27,256,2026-09-26,2026-09-17
350.0,23,286,2026-09-26,2026-09-17
355.0,12,1640,2026-09-26,2026-09-17
360.0,8,390,2026-09-26,2026-09-17
365.0,9,544,2026-09-26,2026-09-17
370.0,17,151,2026-09-26,2026-09-17
375.0,1,3509,2026-09-26,2026-09-17
380.0,39,372,2026-09-26,2026-09-17
385.0,136,323,2026-09-26,2026-09-17
390.0,32,430,2026-09-26,2026-09-17
395.0,12,918,2026-09-26,2026-09-17
400.0,88,879,2026-09-26,2026-09-17
402.5,0,7,2026-09-26,2026-09-17
405.0,13,1370,2026-09-26,2026-09-17
407.5,0,6,2026-09-26,2026-09-17
410.0,11,380,2026-09-26,2026-09-17
412.5,0,17,2026-09-26,2026-09-17
415.0,10,525,2026-09-26,2026-09-17
417.5,0,9,2026-09-26,2026-09-17
420.0,309,1140,2026-09-26,2026-09-17
422.5,0,44,2026-09-26,2026-09-17
425.0,6,2032,2026-09-26,2026-09-17
427.5,0,43,2026-09-26,2026-09-17
430.0,23,2854,2026-09-26,2026-09-17
432.5,0,80,2026-09-26,2026-09-17
435.0,14,584,2026-09-26,2026-09-17
437.5,6,102,2026-09-26,2026-09-17
440.0,271,1305,2026-09-26,2026-09-17
442.5,13,132,2026-09-26,2026-09-17
445.0,73,654,2026-09-26,2026-09-17
447.5,0,72,2026-09-26,2026-09-17
450.0,255,1763,2026-09-26,2026-09-17
452.5,0,198,2026-09-26,2026-09-17
455.0,114,934,2026-09-26,2026-09-17
457.5,1,193,2026-09-26,2026-09-17
460.0,252,860,2026-09-26,2026-09-17
462.5,18,168,2026-09-26,2026-09-17
465.0,526,521,2026-09-26,2026-09-17
467.5,22,41,2026-09-26,2026-09-17
470.0,0,500,2026-09-26,2026-09-17
470.0,613,1403,2026-09-26,2026-09-17
472.5,69,98,2026-09-26,2026-09-17
475.0,518,654,2026-09-26,2026-09-17
477.5,43,135,2026-09-26,2026-09-17
480.0,353,670,2026-09-26,2026-09-17
482.5,37,65,2026-09-26,2026-09-17
485.0,243,310,2026-09-26,2026-09-17
487.5,86,208,2026-09-26,2026-09-17
490.0,280,704,2026-09-26,2026-09-17
492.5,108,155,2026-09-26,2026-09-17
495.0,232,355,2026-09-26,2026-09-17
497.5,77,142,2026-09-26,2026-09-17
500.0,1091,972,2026-09-26,2026-09-17
502.5,62,213,2026-09-26,2026-09-17
505.0,344,370,2026-09-26,2026-09-17
507.5,179,131,2026-09-26,2026-09-17
510.0,1282,278,2026-09-26,2026-09-17
512.5,187,83,2026-09-26,2026-09-17
515.0,911,156,2026-09-26,2026-09-17
517.5,154,83,2026-09-26,2026-09-17
520.0,1143,417,2026-09-26,2026-09-17
522.5,153,53,2026-09-26,2026-09-17
525.0,902,79,2026-09-26,2026-09-17
527.5,73,34,2026-09-26,2026-09-17
530.0,940,63,2026-09-26,2026-09-17
532.5,124,52,2026-09-26,2026-09-17
535.0,509,43,2026-09-26,2026-09-17
537.5,206,24,2026-09-26,2026-09-17
540.0,783,56,2026-09-26,2026-09-17
542.5,153,25,2026-09-26,2026-09-17
545.0,461,44,2026-09-26,2026-09-17
547.5,1034,32,2026-09-26,2026-09-17
550.0,3691,18,2026-09-26,2026-09-17
552.5,206,1,2026-09-26,2026-09-17
555.0,897,8,2026-09-26,2026-09-17
557.5,193,0,2026-09-26,2026-09-17
560.0,930,31,2026-09-26,2026-09-17
562.5,651,0,2026-09-26,2026-09-17
565.0,467,10,2026-09-26,2026-09-17
567.5,129,0,2026-09-26,2026-09-17
570.0,1811,9,2026-09-26,2026-09-17
572.5,70,0,2026-09-26,2026-09-17
575.0,1707,0,2026-09-26,2026-09-17
577.5,129,0,2026-09-26,2026-09-17
580.0,2299,2,2026-09-26,2026-09-17
582.5,92,0,2026-09-26,2026-09-17
585.0,705,19,2026-09-26,2026-09-17
587.5,122,0,2026-09-26,2026-09-17
590.0,815,3,2026-09-26,2026-09-17
592.5,11,4,2026-09-26,2026-09-17
595.0,205,0,2026-09-26,2026-09-17
597.5,24,20,2026-09-26,2026-09-17
600.0,2088,1,2026-09-26,2026-09-17
602.5,15,0,2026-09-26,2026-09-17
605.0,353,0,2026-09-26,2026-09-17
607.5,126,0,2026-09-26,2026-09-17
610.0,1399,4,2026-09-26,2026-09-17
612.5,100,0,2026-09-26,2026-09-17
615.0,73,0,2026-09-26,2026-09-17
617.5,16,0,2026-09-26,2026-09-17
620.0,1741,0,2026-09-26,2026-09-17
622.5,23,0,2026-09-26,2026-09-17
625.0,525,0,2026-09-26,2026-09-17
627.5,12,0,2026-09-26,2026-09-17
630.0,153,0,2026-09-26,2026-09-17
632.5,5,0,2026-09-26,2026-09-17
635.0,49,0,2026-09-26,2026-09-17
637.5,4,0,2026-09-26,2026-09-17
640.0,198,0,2026-09-26,2026-09-17
645.0,116,0,2026-09-26,2026-09-17
650.0,2107,0,2026-09-26,2026-09-17
655.0,160,0,2026-09-26,2026-09-17
660.0,105,0,2026-09-26,2026-09-17
665.0,71,0,2026-09-26,2026-09-17
670.0,127,0,2026-09-26,2026-09-17
675.0,182,0,2026-09-26,2026-09-17
680.0,137,0,2026-09-26,2026-09-17
685.0,312,0,2026-09-26,2026-09-17
690.0,165,0,2026-09-26,2026-09-17
695.0,32,0,2026-09-26,2026-09-17
700.0,212,0,2026-09-26,2026-09-17
705.0,62,0,2026-09-26,2026-09-17
710.0,312,0,2026-09-26,2026-09-17
715.0,130,0,2026-09-26,2026-09-17
720.0,1216,0,2026-09-26,2026-09-17
725.0,36,0,2026-09-26,2026-09-17
730.0,50,0,2026-09-26,2026-09-17
735.0,39,0,2026-09-26,2026-09-17
740.0,53,0,2026-09-26,2026-09-17
750.0,98,0,2026-09-26,2026-09-17
760.0,31,0,2026-09-26,2026-09-17
770.0,48,0,2026-09-26,2026-09-17
780.0,42,0,2026-09-26,2026-09-17
790.0,70,0,2026-09-26,2026-09-17
800.0,110,0,2026-09-26,2026-09-17
810.0,125,0,2026-09-26,2026-09-17
820.0,301,0,2026-09-26,2026-09-17
830.0,19,0,2026-09-26,2026-09-17
840.0,64,0,2026-09-26,2026-09-17
850.0,10,0,2026-09-26,2026-09-17
860.0,171,0,2026-09-26,2026-09-17
870.0,74,0,2026-09-26,2026-09-17
880.0,62,0,2026-09-26,2026-09-17
890.0,52,0,2026-09-26,2026-09-17
900.0,94,0,2026-09-26,2026-09-17
910.0,14,0,2026-09-26,2026-09-17
920.0,103,0,2026-09-26,2026-09-17
930.0,171,0,2026-09-26,2026-09-17
940.0,97,0,2026-09-26,2026-09-17
950.0,48,0,2026-09-26,2026-09-17
960.0,25,0,2026-09-26,2026-09-17
970.0,18,0,2026-09-26,2026-09-17
980.0,58,0,2026-09-26,2026-09-17
990.0,78,0,2026-09-26,2026-09-17
400.0,1,1,2026-09-29,2026-09-17
405.0,0,0,2026-09-29,2026-09-17
410.0,0,0,2026-09-29,2026-09-17
415.0,0,4,2026-09-29,2026-09-17
420.0,0,2,2026-09-29,2026-09-17
425.0,0,0,2026-09-29,2026-09-17
430.0,1,6,2026-09-29,2026-09-17
435.0,0,11,2026-09-29,2026-09-17
440.0,1,1,2026-09-29,2026-09-17
445.0,2,92,2026-09-29,2026-09-17
450.0,0,24,2026-09-29,2026-09-17
452.5,0,8,2026-09-29,2026-09-17
455.0,0,2,2026-09-29,2026-09-17
457.5,0,2,2026-09-29,2026-09-17
460.0,15,10,2026-09-29,2026-09-17
462.5,1,4,2026-09-29,2026-09-17
465.0,0,9,2026-09-29,2026-09-17
467.5,0,12,2026-09-29,2026-09-17
470.0,1,16,2026-09-29,2026-09-17
472.5,0,14,2026-09-29,2026-09-17
475.0,0,9,2026-09-29,2026-09-17
477.5,1,5,2026-09-29,2026-09-17
480.0,6,18,2026-09-29,2026-09-17
482.5,0,17,2026-09-29,2026-09-17
485.0,48,48,2026-09-29,2026-09-17
487.5,3,0,2026-09-29,2026-09-17
490.0,32,12,2026-09-29,2026-09-17
492.5,0,5,2026-09-29,2026-09-17
495.0,28,13,2026-09-29,2026-09-17
497.5,0,25,2026-09-29,2026-09-17
500.0,45,23,2026-09-29,2026-09-17
502.5,3,5,2026-09-29,2026-09-17
505.0,11,18,2026-09-29,2026-09-17
507.5,10,4,2026-09-29,2026-09-17
510.0,12,8,2026-09-29,2026-09-17
512.5,4,8,2026-09-29,2026-09-17
515.0,41,28,2026-09-29,2026-09-17
517.5,7,3,2026-09-29,2026-09-17
520.0,14,13,2026-09-29,2026-09-17
522.5,15,13,2026-09-29,2026-09-17
525.0,30,20,2026-09-29,2026-09-17
527.5,8,3,2026-09-29,2026-09-17
530.0,19,4,2026-09-29,2026-09-17
535.0,12,2,2026-09-29,2026-09-17
540.0,22,8,2026-09-29,2026-09-17
545.0,103,3,2026-09-29,2026-09-17
550.0,528,12,2026-09-29,2026-09-17
555.0,5,1,2026-09-29,2026-09-17
560.0,37,1,2026-09-29,2026-09-17
565.0,17,0,2026-09-29,2026-09-17
570.0,14,0,2026-09-29,2026-09-17
575.0,7,0,2026-09-29,2026-09-17
580.0,0,0,2026-09-29,2026-09-17
585.0,39,0,2026-09-29,2026-09-17
590.0,5,0,2026-09-29,2026-09-17
595.0,0,0,2026-09-29,2026-09-17
600.0,5,0,2026-09-29,2026-09-17
605.0,1,0,2026-09-29,2026-09-17
610.0,2,0,2026-09-29,2026-09-17
615.0,0,3,2026-09-29,2026-09-17
620.0,0,0,2026-09-29,2026-09-17
625.0,1,0,2026-09-29,2026-09-17
630.0,0,0,2026-09-29,2026-09-17
635.0,1,0,2026-09-29,2026-09-17
640.0,0,0,2026-09-29,2026-09-17
645.0,0,0,2026-09-29,2026-09-17
650.0,2,20,2026-09-29,2026-09-17
518.03,961,961,2026-09-30,2026-09-17
400.0,0,11,2026-10-01,2026-09-17
405.0,0,0,2026-10-01,2026-09-17
410.0,0,0,2026-10-01,2026-09-17
415.0,0,2,2026-10-01,2026-09-17
420.0,0,2,2026-10-01,2026-09-17
425.0,0,2,2026-10-01,2026-09-17
430.0,0,1,2026-10-01,2026-09-17
435.0,0,1,2026-10-01,2026-09-17
440.0,0,41,2026-10-01,2026-09-17
445.0,0,3,2026-10-01,2026-09-17
450.0,0,19,2026-10-01,2026-09-17
452.5,0,0,2026-10-01,2026-09-17
455.0,1,4,2026-10-01,2026-09-17
457.5,0,0,2026-10-01,2026-09-17
460.0,0,10,2026-10-01,2026-09-17
462.5,0,2,2026-10-01,2026-09-17
465.0,0,2,2026-10-01,2026-09-17
467.5,0,0,2026-10-01,2026-09-17
470.0,0,2,2026-10-01,2026-09-17
472.5,0,4,2026-10-01,2026-09-17
475.0,0,5,2026-10-01,2026-09-17
477.5,0,1,2026-10-01,2026-09-17
480.0,0,38,2026-10-01,2026-09-17
482.5,0,0,2026-10-01,2026-09-17
485.0,1,42,2026-10-01,2026-09-17
487.5,0,0,2026-10-01,2026-09-17
490.0,5,13,2026-10-01,2026-09-17
492.5,0,0,2026-10-01,2026-09-17
495.0,6,4,2026-10-01,2026-09-17
497.5,0,0,2026-10-01,2026-09-17
500.0,17,34,2026-10-01,2026-09-17
502.5,0,2,2026-10-01,2026-09-17
505.0,17,21,2026-10-01,2026-09-17
507.5,1,1,2026-10-01,2026-09-17
510.0,6,16,2026-10-01,2026-09-17
512.5,5,24,2026-10-01,2026-09-17
515.0,12,37,2026-10-01,2026-09-17
517.5,6,3,2026-10-01,2026-09-17
520.0,34,142,2026-10-01,2026-09-17
522.5,6,5,2026-10-01,2026-09-17
525.0,54,103,2026-10-01,2026-09-17
527.5,3,1,2026-10-01,2026-09-17
530.0,12,6,2026-10-01,2026-09-17
535.0,7,0,2026-10-01,2026-09-17
540.0,38,2,2026-10-01,2026-09-17
545.0,5,0,2026-10-01,2026-09-17
550.0,26,3,2026-10-01,2026-09-17
555.0,3,0,2026-10-01,2026-09-17
560.0,6,13,2026-10-01,2026-09-17
565.0,4,0,2026-10-01,2026-09-17
570.0,8,0,2026-10-01,2026-09-17
575.0,0,0,2026-10-01,2026-09-17
580.0,34,0,2026-10-01,2026-09-17
585.0,1,0,2026-10-01,2026-09-17
590.0,10,0,2026-10-01,2026-09-17
595.0,0,0,2026-10-01,2026-09-17
600.0,14,0,2026-10-01,2026-09-17
605.0,0,0,2026-10-01,2026-09-17
610.0,1,10,2026-10-01,2026-09-17
615.0,1,0,2026-10-01,2026-09-17
620.0,0,0,2026-10-01,2026-09-17
625.0,1,0,2026-10-01,2026-09-17
630.0,0,0,2026-10-01,2026-09-17
635.0,6,0,2026-10-01,2026-09-17
640.0,10,0,2026-10-01,2026-09-17
645.0,0,0,2026-10-01,2026-09-17
650.0,2,0,2026-10-01,2026-09-17
559.03,1070,1070,2026-10-02,2026-09-17
40.0,0,48,2026-10-03,2026-09-17
45.0,0,30,2026-10-03,2026-09-17
50.0,0,18,2026-10-03,2026-09-17
55.0,0,8,2026-10-03,2026-09-17
60.0,0,25,2026-10-03,2026-09-17
65.0,0,30,2026-10-03,2026-09-17
70.0,1,5,2026-10-03,2026-09-17
75.0,0,38,2026-10-03,2026-09-17
80.0,0,1,2026-10-03,2026-09-17
85.0,0,53,2026-10-03,2026-09-17
90.0,0,16,2026-10-03,2026-09-17
95.0,0,0,2026-10-03,2026-09-17
100.0,0,33,2026-10-03,2026-09-17
105.0,0,0,2026-10-03,2026-09-17
110.0,1,0,2026-10-03,2026-09-17
115.0,5,1,2026-10-03,2026-09-17
120.0,1,3,2026-10-03,2026-09-17
125.0,15,11,2026-10-03,2026-09-17
130.0,2,1,2026-10-03,2026-09-17
135.0,2,5,2026-10-03,2026-09-17
140.0,0,0,2026-10-03,2026-09-17
145.0,8,4,2026-10-03,2026-09-17
150.0,0,3,2026-10-03,2026-09-17
155.0,2,13,2026-10-03,2026-09-17
160.0,10,4,2026-10-03,2026-09-17
165.0,30,13,2026-10-03,2026-09-17
170.0,19,24,2026-10-03,2026-09-17
175.0,23,217,2026-10-03,2026-09-17
180.0,12,51,2026-10-03,2026-09-17
185.0,5,114,2026-10-03,2026-09-17
190.0,22,92,2026-10-03,2026-09-17
195.0,3,112,2026-10-03,2026-09-17
200.0,24,55,2026-10-03,2026-09-17
205.0,3,38,2026-10-03,2026-09-17
210.0,11,130,2026-10-03,2026-09-17
215.0,72,34,2026-10-03,2026-09-17
220.0,24,40,2026-10-03,2026-09-17
225.0,2,42,2026-10-03,2026-09-17
230.0,8,18,2026-10-03,2026-09-17
235.0,1,22,2026-10-03,2026-09-17
240.0,14,32,2026-10-03,2026-09-17
245.0,1,51,2026-10-03,2026-09-17
250.0,22,23,2026-10-03,2026-09-17
255.0,3,74,2026-10-03,2026-09-17
260.0,2,13,2026-10-03,2026-09-17
265.0,3,14,2026-10-03,2026-09-17
270.0,2,27,2026-10-03,2026-09-17
275.0,3,27,2026-10-03,2026-09-17
280.0,19,348,2026-10-03,2026-09-17
285.0,2,53,2026-10-03,2026-09-17
290.0,7,141,2026-10-03,2026-09-17
295.0,13,79,2026-10-03,2026-09-17
300.0,43,101,2026-10-03,2026-09-17
305.0,10,33,2026-10-03,2026-09-17
310.0,21,11,2026-10-03,2026-09-17
315.0,10,19,2026-10-03,2026-09-17
320.0,49,177,2026-10-03,2026-09-17
325.0,15,65,2026-10-03,2026-09-17
330.0,22,68,2026-10-03,2026-09-17
335.0,11,26,2026-10-03,2026-09-17
340.0,11,69,2026-10-03,2026-09-17
345.0,65,147,2026-10-03,2026-09-17
350.0,32,177,2026-10-03,2026-09-17
355.0,4,1370,2026-10-03,2026-09-17
360.0,15,266,2026-10-03,2026-09-17
365.0,14,185,2026-10-03,2026-09-17
370.0,64,231,2026-10-03,2026-09-17
375.0,20,313,2026-10-03,2026-09-17
380.0,24,322,2026-10-03,2026-09-17
385.0,33,253,2026-10-03,2026-09-17
390.0,12,279,2026-10-03,2026-09-17
395.0,1,148,2026-10-03,2026-09-17
400.0,266,601,2026-10-03,2026-09-17
405.0,18,617,2026-10-03,2026-09-17
410.0,75,16339,2026-10-03,2026-09-17
415.0,105,911,2026-10-03,2026-09-17
420.0,421,1238,2026-10-03,2026-09-17
425.0,24,826,2026-10-03,2026-09-17
430.0,35,1070,2026-10-03,2026-09-17
435.0,20,295,2026-10-03,2026-09-17
440.0,101,614,2026-10-03,2026-09-17
443.0,10100,10100,2026-10-03,2026-09-17
445.0,315,301,2026-10-03,2026-09-17
450.0,152,599,2026-10-03,2026-09-17
455.0,81,334,2026-10-03,2026-09-17
460.0,188,457,2026-10-03,2026-09-17
465.0,4500,4500,2026-10-03,2026-09-17
465.0,221,403,2026-10-03,2026-09-17
470.0,5817,5817,2026-10-03,2026-09-17
470.0,177,797,2026-10-03,2026-09-17
475.0,1050,536,2026-10-03,2026-09-17
480.0,316,484,2026-10-03,2026-09-17
485.0,537,541,2026-10-03,2026-09-17
490.0,425,238,2026-10-03,2026-09-17
492.5,37,36,2026-10-03,2026-09-17
495.0,212,246,2026-10-03,2026-09-17
497.5,41,25,2026-10-03,2026-09-17
500.0,489,531,2026-10-03,2026-09-17
502.5,96,107,2026-10-03,2026-09-17
505.0,327,377,2026-10-03,2026-09-17
507.5,85,74,2026-10-03,2026-09-17
510.0,294,147,2026-10-03,2026-09-17
512.5,63,70,2026-10-03,2026-09-17
515.0,1024,122,2026-10-03,2026-09-17
517.5,54,57,2026-10-03,2026-09-17
520.0,4518,232,2026-10-03,2026-09-17
522.5,136,49,2026-10-03,2026-09-17
525.0,393,156,2026-10-03,2026-09-17
527.5,79,65,2026-10-03,2026-09-17
530.0,803,81,2026-10-03,2026-09-17
532.5,59,10,2026-10-03,2026-09-17
535.0,274,89,2026-10-03,2026-09-17
537.5,74,94,2026-10-03,2026-09-17
540.0,564,50,2026-10-03,2026-09-17
545.0,223,17,2026-10-03,2026-09-17
550.0,1997,143,2026-10-03,2026-09-17
555.0,1624,16,2026-10-03,2026-09-17
560.0,768,37,2026-10-03,2026-09-17
565.0,265,10,2026-10-03,2026-09-17
570.0,1158,11,2026-10-03,2026-09-17
575.0,1090,6,2026-10-03,2026-09-17
580.0,859,0,2026-10-03,2026-09-17
585.0,260,16,2026-10-03,2026-09-17
590.0,542,1,2026-10-03,2026-09-17
595.0,936,0,2026-10-03,2026-09-17
600.0,540,9,2026-10-03,2026-09-17
605.0,287,0,2026-10-03,2026-09-17
610.0,390,25,2026-10-03,2026-09-17
615.0,170,0,2026-10-03,2026-09-17
620.0,186,0,2026-10-03,2026-09-17
625.0,357,0,2026-10-03,2026-09-17
630.0,308,0,2026-10-03,2026-09-17
635.0,72,0,2026-10-03,2026-09-17
640.0,140,0,2026-10-03,2026-09-17
645.0,34,0,2026-10-03,2026-09-17
650.0,258,0,2026-10-03,2026-09-17
655.0,22,0,2026-10-03,2026-09-17
660.0,59,0,2026-10-03,2026-09-17
665.0,101,0,2026-10-03,2026-09-17
670.0,92,0,2026-10-03,2026-09-17
675.0,79,0,2026-10-03,2026-09-17
680.0,82,0,2026-10-03,2026-09-17
685.0,22,0,2026-10-03,2026-09-17
690.0,22,0,2026-10-03,2026-09-17
695.0,12,0,2026-10-03,2026-09-17
700.0,112,0,2026-10-03,2026-09-17
705.0,34,0,2026-10-03,2026-09-17
710.0,33,0,2026-10-03,2026-09-17
715.0,715,0,2026-10-03,2026-09-17
720.0,87,0,2026-10-03,2026-09-17
725.0,177,0,2026-10-03,2026-09-17
730.0,46,0,2026-10-03,2026-09-17
735.0,84,0,2026-10-03,2026-09-17
740.0,87,0,2026-10-03,2026-09-17
750.0,130,0,2026-10-03,2026-09-17
760.0,40,0,2026-10-03,2026-09-17
770.0,26,0,2026-10-03,2026-09-17
780.0,50,0,2026-10-03,2026-09-17
790.0,17,0,2026-10-03,2026-09-17
800.0,446,0,2026-10-03,2026-09-17
810.0,32,0,2026-10-03,2026-09-17
820.0,43,0,2026-10-03,2026-09-17
830.0,12,0,2026-10-03,2026-09-17
840.0,78,0,2026-10-03,2026-09-17
850.0,23,0,2026-10-03,2026-09-17
860.0,29,0,2026-10-03,2026-09-17
870.0,125,0,2026-10-03,2026-09-17
880.0,25,0,2026-10-03,2026-09-17
890.0,23,0,2026-10-03,2026-09-17
900.0,97,0,2026-10-03,2026-09-17
910.0,14,0,2026-10-03,2026-09-17
920.0,102,0,2026-10-03,2026-09-17
930.0,31,0,2026-10-03,2026-09-17
940.0,109,0,2026-10-03,2026-09-17
950.0,11,0,2026-10-03,2026-09-17
960.0,5,0,2026-10-03,2026-09-17
970.0,26,0,2026-10-03,2026-09-17
980.0,18,0,2026-10-03,2026-09-17
990.0,5,0,2026-10-03,2026-09-17
566.75,2,0,2026-10-09,2026-09-17
40.0,0,71,2026-10-10,2026-09-17
45.0,0,23,2026-10-10,2026-09-17
50.0,0,11,2026-10-10,2026-09-17
55.0,0,7,2026-10-10,2026-09-17
60.0,0,48,2026-10-10,2026-09-17
65.0,0,36,2026-10-10,2026-09-17
70.0,3,40,2026-10-10,2026-09-17
75.0,0,26,2026-10-10,2026-09-17
80.0,0,54,2026-10-10,2026-09-17
85.0,0,34,2026-10-10,2026-09-17
90.0,0,14,2026-10-10,2026-09-17
95.0,0,26,2026-10-10,2026-09-17
100.0,0,18,2026-10-10,2026-09-17
105.0,0,4,2026-10-10,2026-09-17
110.0,0,7,2026-10-10,2026-09-17
115.0,0,1,2026-10-10,2026-09-17
120.0,1,5,2026-10-10,2026-09-17
125.0,0,1,2026-10-10,2026-09-17
130.0,0,1,2026-10-10,2026-09-17
135.0,0,1,2026-10-10,2026-09-17
140.0,2,2,2026-10-10,2026-09-17
145.0,0,1,2026-10-10,2026-09-17
150.0,1,0,2026-10-10,2026-09-17
155.0,1,0,2026-10-10,2026-09-17
160.0,1,4,2026-10-10,2026-09-17
165.0,0,0,2026-10-10,2026-09-17
170.0,7,1,2026-10-10,2026-09-17
175.0,0,0,2026-10-10,2026-09-17
180.0,1,4,2026-10-10,2026-09-17
185.0,1,13,2026-10-10,2026-09-17
190.0,0,21,2026-10-10,2026-09-17
195.0,1,30,2026-10-10,2026-09-17
200.0,0,73,2026-10-10,2026-09-17
205.0,0,27,2026-10-10,2026-09-17
210.0,0,23,2026-10-10,2026-09-17
215.0,7,41,2026-10-10,2026-09-17
220.0,1,6,2026-10-10,2026-09-17
225.0,2,31,2026-10-10,2026-09-17
230.0,1,11,2026-10-10,2026-09-17
235.0,0,14,2026-10-10,2026-09-17
240.0,6,35,2026-10-10,2026-09-17
245.0,2,10,2026-10-10,2026-09-17
250.0,5,6,2026-10-10,2026-09-17
255.0,5,8,2026-10-10,2026-09-17
260.0,0,13,2026-10-10,2026-09-17
265.0,0,9,2026-10-10,2026-09-17
270.0,0,19,2026-10-10,2026-09-17
275.0,2,44,2026-10-10,2026-09-17
280.0,0,13,2026-10-10,2026-09-17
285.0,0,34,2026-10-10,2026-09-17
290.0,0,160,2026-10-10,2026-09-17
295.0,0,36,2026-10-10,2026-09-17
300.0,1,56,2026-10-10,2026-09-17
305.0,2,16,2026-10-10,2026-09-17
310.0,0,9035,2026-10-10,2026-09-17
315.0,1,4,2026-10-10,2026-09-17
320.0,3,92,2026-10-10,2026-09-17
325.0,2,6,2026-10-10,2026-09-17
330.0,1,43,2026-10-10,2026-09-17
335.0,1,15,2026-10-10,2026-09-17
340.0,0,80,2026-10-10,2026-09-17
345.0,0,53,2026-10-10,2026-09-17
350.0,3,1059,2026-10-10,2026-09-17
355.0,0,51,2026-10-10,2026-09-17
360.0,2,101,2026-10-10,2026-09-17
365.0,0,60,2026-10-10,2026-09-17
370.0,3,45,2026-10-10,2026-09-17
375.0,5,64,2026-10-10,2026-09-17
380.0,7,95,2026-10-10,2026-09-17
385.0,5,1362,2026-10-10,2026-09-17
390.0,16,86,2026-10-10,2026-09-17
395.0,0,114,2026-10-10,2026-09-17
400.0,28,247,2026-10-10,2026-09-17
405.0,1,243,2026-10-10,2026-09-17
410.0,3,151,2026-10-10,2026-09-17
415.0,7,192,2026-10-10,2026-09-17
420.0,6,2543,2026-10-10,2026-09-17
425.0,10,109,2026-10-10,2026-09-17
430.0,7,203,2026-10-10,2026-09-17
435.0,8,373,2026-10-10,2026-09-17
440.0,31,448,2026-10-10,2026-09-17
445.0,15,309,2026-10-10,2026-09-17
450.0,138,317,2026-10-10,2026-09-17
455.0,49,148,2026-10-10,2026-09-17
460.0,66,160,2026-10-10,2026-09-17
465.0,67,136,2026-10-10,2026-09-17
470.0,48,721,2026-10-10,2026-09-17
475.0,222,198,2026-10-10,2026-09-17
480.0,200,218,2026-10-10,2026-09-17
485.0,121,103,2026-10-10,2026-09-17
490.0,1465,118,2026-10-10,2026-09-17
495.0,102,79,2026-10-10,2026-09-17
500.0,310,271,2026-10-10,2026-09-17
505.0,404,149,2026-10-10,2026-09-17
510.0,334,181,2026-10-10,2026-09-17
515.0,1189,188,2026-10-10,2026-09-17
520.0,516,253,2026-10-10,2026-09-17
525.0,203,61,2026-10-10,2026-09-17
530.0,496,62,2026-10-10,2026-09-17
535.0,111,42,2026-10-10,2026-09-17
540.0,135,37,2026-10-10,2026-09-17
545.0,261,13,2026-10-10,2026-09-17
550.0,466,149,2026-10-10,2026-09-17
555.0,141,5,2026-10-10,2026-09-17
560.0,312,1,2026-10-10,2026-09-17
565.0,155,24,2026-10-10,2026-09-17
570.0,824,27,2026-10-10,2026-09-17
575.0,173,16,2026-10-10,2026-09-17
580.0,272,4,2026-10-10,2026-09-17
585.0,98,0,2026-10-10,2026-09-17
590.0,165,0,2026-10-10,2026-09-17
595.0,167,44,2026-10-10,2026-09-17
600.0,666,0,2026-10-10,2026-09-17
605.0,430,4,2026-10-10,2026-09-17
610.0,260,0,2026-10-10,2026-09-17
615.0,157,0,2026-10-10,2026-09-17
620.0,167,4,2026-10-10,2026-09-17
625.0,24,0,2026-10-10,2026-09-17
630.0,98,10,2026-10-10,2026-09-17
635.0,30,0,2026-10-10,2026-09-17
640.0,318,0,2026-10-10,2026-09-17
645.0,12,0,2026-10-10,2026-09-17
650.0,75,0,2026-10-10,2026-09-17
655.0,24,0,2026-10-10,2026-09-17
660.0,12,0,2026-10-10,2026-09-17
665.0,5,0,2026-10-10,2026-09-17
670.0,16,0,2026-10-10,2026-09-17
675.0,19,0,2026-10-10,2026-09-17
680.0,6,0,2026-10-10,2026-09-17
685.0,1,0,2026-10-10,2026-09-17
690.0,90,0,2026-10-10,2026-09-17
695.0,2,0,2026-10-10,2026-09-17
700.0,28,0,2026-10-10,2026-09-17
705.0,3,0,2026-10-10,2026-09-17
710.0,64,0,2026-10-10,2026-09-17
715.0,16,0,2026-10-10,2026-09-17
720.0,82,0,2026-10-10,2026-09-17
725.0,14,0,2026-10-10,2026-09-17
730.0,5,0,2026-10-10,2026-09-17
735.0,5,0,2026-10-10,2026-09-17
740.0,22,0,2026-10-10,2026-09-17
750.0,24,0,2026-10-10,2026-09-17
760.0,33,0,2026-10-10,2026-09-17
770.0,53,0,2026-10-10,2026-09-17
780.0,119,0,2026-10-10,2026-09-17
790.0,27,0,2026-10-10,2026-09-17
800.0,15,0,2026-10-10,2026-09-17
810.0,9,0,2026-10-10,2026-09-17
820.0,6,0,2026-10-10,2026-09-17
830.0,4,0,2026-10-10,2026-09-17
840.0,11,0,2026-10-10,2026-09-17
850.0,13,0,2026-10-10,2026-09-17
860.0,14,0,2026-10-10,2026-09-17
870.0,11,0,2026-10-10,2026-09-17
880.0,14,0,2026-10-10,2026-09-17
890.0,13,0,2026-10-10,2026-09-17
900.0,18,0,2026-10-10,2026-09-17
910.0,6,0,2026-10-10,2026-09-17
920.0,16,0,2026-10-10,2026-09-17
930.0,20,0,2026-10-10,2026-09-17
940.0,8,0,2026-10-10,2026-09-17
950.0,16,0,2026-10-10,2026-09-17
960.0,89,0,2026-10-10,2026-09-17
100.0,127,1032,2026-10-17,2026-09-17
105.0,81,159,2026-10-17,2026-09-17
110.0,32,527,2026-10-17,2026-09-17
115.0,27,103,2026-10-17,2026-09-17
120.0,56,1490,2026-10-17,2026-09-17
125.0,84,462,2026-10-17,2026-09-17
130.0,82,399,2026-10-17,2026-09-17
135.0,152,260,2026-10-17,2026-09-17
140.0,167,518,2026-10-17,2026-09-17
145.0,136,484,2026-10-17,2026-09-17
150.0,138,2504,2026-10-17,2026-09-17
155.0,135,253,2026-10-17,2026-09-17
160.0,204,2376,2026-10-17,2026-09-17
165.0,94,982,2026-10-17,2026-09-17
170.0,140,412,2026-10-17,2026-09-17
175.0,134,990,2026-10-17,2026-09-17
180.0,277,763,2026-10-17,2026-09-17
185.0,226,400,2026-10-17,2026-09-17
190.0,972,293,2026-10-17,2026-09-17
195.0,204,751,2026-10-17,2026-09-17
200.0,277,2796,2026-10-17,2026-09-17
210.0,638,875,2026-10-17,2026-09-17
220.0,256,774,2026-10-17,2026-09-17
230.0,514,635,2026-10-17,2026-09-17
240.0,366,931,2026-10-17,2026-09-17
250.0,909,1286,2026-10-17,2026-09-17
257.0,1138,0,2026-10-17,2026-09-17
260.0,467,2171,2026-10-17,2026-09-17
270.0,472,1084,2026-10-17,2026-09-17
280.0,896,910,2026-10-17,2026-09-17
290.0,323,1193,2026-10-17,2026-09-17
300.0,937,4865,2026-10-17,2026-09-17
310.0,434,1465,2026-10-17,2026-09-17
320.0,930,1745,2026-10-17,2026-09-17
330.0,946,1967,2026-10-17,2026-09-17
340.0,673,1244,2026-10-17,2026-09-17
350.0,610,3739,2026-10-17,2026-09-17
360.0,257,1725,2026-10-17,2026-09-17
370.0,594,6812,2026-10-17,2026-09-17
380.0,548,3379,2026-10-17,2026-09-17
390.0,250,2473,2026-10-17,2026-09-17
400.0,3,0,2026-10-17,2026-09-17
400.0,595,9598,2026-10-17,2026-09-17
410.0,248,2561,2026-10-17,2026-09-17
420.0,444,7771,2026-10-17,2026-09-17
430.0,1000,1000,2026-10-17,2026-09-17
430.0,413,3606,2026-10-17,2026-09-17
440.0,378,3554,2026-10-17,2026-09-17
450.0,6469,5786,2026-10-17,2026-09-17
460.0,1041,3544,2026-10-17,2026-09-17
470.0,1970,1970,2026-10-17,2026-09-17
470.0,1502,2922,2026-10-17,2026-09-17
475.0,5000,5000,2026-10-17,2026-09-17
480.0,17740,17740,2026-10-17,2026-09-17
480.0,1788,2422,2026-10-17,2026-09-17
490.0,8324,8324,2026-10-17,2026-09-17
490.0,12445,1883,2026-10-17,2026-09-17
490.01,0,8280,2026-10-17,2026-09-17
495.0,1500,1500,2026-10-17,2026-09-17
500.0,2250,2250,2026-10-17,2026-09-17
500.0,2966,2093,2026-10-17,2026-09-17
510.0,4000,4000,2026-10-17,2026-09-17
510.0,2397,1042,2026-10-17,2026-09-17
520.0,404,404,2026-10-17,2026-09-17
520.0,3326,2772,2026-10-17,2026-09-17
520.01,193,0,2026-10-17,2026-09-17
525.0,500,500,2026-10-17,2026-09-17
530.0,3375,482,2026-10-17,2026-09-17
540.0,4329,1362,2026-10-17,2026-09-17
550.0,47,37,2026-10-17,2026-09-17
550.0,4155,353,2026-10-17,2026-09-17
560.0,1856,814,2026-10-17,2026-09-17
570.0,1777,499,2026-10-17,2026-09-17
580.0,7,0,2026-10-17,2026-09-17
580.0,2640,148,2026-10-17,2026-09-17
590.0,1637,96,2026-10-17,2026-09-17
600.0,4386,185,2026-10-17,2026-09-17
610.0,1216,5,2026-10-17,2026-09-17
620.0,1408,99,2026-10-17,2026-09-17
630.0,651,20,2026-10-17,2026-09-17
640.0,1325,45,2026-10-17,2026-09-17
650.0,2671,2,2026-10-17,2026-09-17
660.0,590,0,2026-10-17,2026-09-17
670.0,169,0,2026-10-17,2026-09-17
680.0,599,1,2026-10-17,2026-09-17
690.0,530,1,2026-10-17,2026-09-17
700.0,2824,0,2026-10-17,2026-09-17
710.0,401,0,2026-10-17,2026-09-17
720.0,676,0,2026-10-17,2026-09-17
730.0,200,0,2026-10-17,2026-09-17
740.0,347,0,2026-10-17,2026-09-17
750.0,1383,0,2026-10-17,2026-09-17
760.0,1092,0,2026-10-17,2026-09-17
770.0,423,0,2026-10-17,2026-09-17
780.0,487,0,2026-10-17,2026-09-17
790.0,437,0,2026-10-17,2026-09-17
800.0,2842,0,2026-10-17,2026-09-17
810.0,249,0,2026-10-17,2026-09-17
820.0,495,0,2026-10-17,2026-09-17
830.0,454,0,2026-10-17,2026-09-17
840.0,164,0,2026-10-17,2026-09-17
850.0,258,0,2026-10-17,2026-09-17
860.0,386,0,2026-10-17,2026-09-17
870.0,64,0,2026-10-17,2026-09-17
880.0,97,0,2026-10-17,2026-09-17
890.0,164,0,2026-10-17,2026-09-17
900.0,1614,0,2026-10-17,2026-09-17
910.0,180,0,2026-10-17,2026-09-17
920.0,360,0,2026-10-17,2026-09-17
930.0,308,0,2026-10-17,2026-09-17
940.0,201,0,2026-10-17,2026-09-17
950.0,861,0,2026-10-17,2026-09-17
960.0,143,0,2026-10-17,2026-09-17
970.0,156,0,2026-10-17,2026-09-17
980.0,74,0,2026-10-17,2026-09-17
990.0,75,0,2026-10-17,2026-09-17
1000.0,541,0,2026-10-17,2026-09-17
1010.0,273,0,2026-10-17,2026-09-17
1020.0,165,0,2026-10-17,2026-09-17
1030.0,85,0,2026-10-17,2026-09-17
1040.0,77,0,2026-10-17,2026-09-17
1050.0,374,0,2026-10-17,2026-09-17
1060.0,448,0,2026-10-17,2026-09-17
1070.0,285,0,2026-10-17,2026-09-17
1080.0,4755,0,2026-10-17,2026-09-17
1090.0,142,0,2026-10-17,2026-09-17
1100.0,181,0,2026-10-17,2026-09-17
1110.0,397,0,2026-10-17,2026-09-17
1120.0,5434,0,2026-10-17,2026-09-17
40.0,0,0,2026-10-24,2026-09-17
45.0,0,0,2026-10-24,2026-09-17
50.0,6,0,2026-10-24,2026-09-17
55.0,0,0,2026-10-24,2026-09-17
60.0,0,0,2026-10-24,2026-09-17
65.0,0,0,2026-10-24,2026-09-17
70.0,0,0,2026-10-24,2026-09-17
75.0,0,0,2026-10-24,2026-09-17
80.0,0,0,2026-10-24,2026-09-17
85.0,0,0,2026-10-24,2026-09-17
90.0,0,0,2026-10-24,2026-09-17
95.0,0,0,2026-10-24,2026-09-17
100.0,0,0,2026-10-24,2026-09-17
105.0,0,0,2026-10-24,2026-09-17
110.0,5,0,2026-10-24,2026-09-17
115.0,2,0,2026-10-24,2026-09-17
120.0,2,0,2026-10-24,2026-09-17
125.0,0,0,2026-10-24,2026-09-17
130.0,0,0,2026-10-24,2026-09-17
135.0,0,0,2026-10-24,2026-09-17
140.0,0,1,2026-10-24,2026-09-17
145.0,0,0,2026-10-24,2026-09-17
150.0,4,0,2026-10-24,2026-09-17
155.0,0,2,2026-10-24,2026-09-17
160.0,2,0,2026-10-24,2026-09-17
165.0,0,0,2026-10-24,2026-09-17
170.0,0,0,2026-10-24,2026-09-17
175.0,1,4,2026-10-24,2026-09-17
180.0,0,0,2026-10-24,2026-09-17
185.0,1,0,2026-10-24,2026-09-17
190.0,0,7,2026-10-24,2026-09-17
195.0,0,1,2026-10-24,2026-09-17
200.0,1,63,2026-10-24,2026-09-17
205.0,0,12,2026-10-24,2026-09-17
210.0,3,16,2026-10-24,2026-09-17
215.0,2,14,2026-10-24,2026-09-17
220.0,3,143,2026-10-24,2026-09-17
225.0,0,5,2026-10-24,2026-09-17
230.0,2,10,2026-10-24,2026-09-17
235.0,1,9,2026-10-24,2026-09-17
240.0,7,7,2026-10-24,2026-09-17
245.0,1,4,2026-10-24,2026-09-17
250.0,2,16,2026-10-24,2026-09-17
255.0,1,11,2026-10-24,2026-09-17
260.0,4,7,2026-10-24,2026-09-17
265.0,1,17,2026-10-24,2026-09-17
270.0,1,5,2026-10-24,2026-09-17
275.0,0,4,2026-10-24,2026-09-17
280.0,0,5,2026-10-24,2026-09-17
285.0,0,9,2026-10-24,2026-09-17
290.0,0,32,2026-10-24,2026-09-17
295.0,0,18,2026-10-24,2026-09-17
300.0,2,32,2026-10-24,2026-09-17
305.0,0,7,2026-10-24,2026-09-17
310.0,0,24,2026-10-24,2026-09-17
315.0,0,3,2026-10-24,2026-09-17
320.0,3,24,2026-10-24,2026-09-17
325.0,0,7,2026-10-24,2026-09-17
330.0,0,22,2026-10-24,2026-09-17
335.0,0,4,2026-10-24,2026-09-17
340.0,0,30,2026-10-24,2026-09-17
345.0,1,5,2026-10-24,2026-09-17
350.0,0,85,2026-10-24,2026-09-17
355.0,0,97,2026-10-24,2026-09-17
360.0,0,90,2026-10-24,2026-09-17
365.0,0,14,2026-10-24,2026-09-17
370.0,1,40,2026-10-24,2026-09-17
375.0,0,35,2026-10-24,2026-09-17
380.0,4,112,2026-10-24,2026-09-17
385.0,2,78,2026-10-24,2026-09-17
390.0,8,45,2026-10-24,2026-09-17
395.0,0,41,2026-10-24,2026-09-17
400.0,1,216,2026-10-24,2026-09-17
405.0,1,109,2026-10-24,2026-09-17
410.0,4,70,2026-10-24,2026-09-17
415.0,0,63,2026-10-24,2026-09-17
420.0,12,232,2026-10-24,2026-09-17
425.0,4,250,2026-10-24,2026-09-17
430.0,95,225,2026-10-24,2026-09-17
435.0,2,135,2026-10-24,2026-09-17
440.0,37,224,2026-10-24,2026-09-17
445.0,15,154,2026-10-24,2026-09-17
450.0,16,216,2026-10-24,2026-09-17
455.0,41,76,2026-10-24,2026-09-17
460.0,14,157,2026-10-24,2026-09-17
465.0,42,196,2026-10-24,2026-09-17
470.0,67,187,2026-10-24,2026-09-17
475.0,155,138,2026-10-24,2026-09-17
480.0,62,135,2026-10-24,2026-09-17
485.0,6500,6500,2026-10-24,2026-09-17
485.0,42,210,2026-10-24,2026-09-17
490.0,98,114,2026-10-24,2026-09-17
495.0,62,75,2026-10-24,2026-09-17
500.0,162,211,2026-10-24,2026-09-17
505.0,77,110,2026-10-24,2026-09-17
510.0,102,103,2026-10-24,2026-09-17
515.0,258,175,2026-10-24,2026-09-17
520.0,2405,267,2026-10-24,2026-09-17
525.0,275,37,2026-10-24,2026-09-17
530.0,1022,100,2026-10-24,2026-09-17
535.0,102,9,2026-10-24,2026-09-17
540.0,167,21,2026-10-24,2026-09-17
545.0,150,27,2026-10-24,2026-09-17
550.0,216,32,2026-10-24,2026-09-17
555.0,112,25,2026-10-24,2026-09-17
560.0,239,16,2026-10-24,2026-09-17
565.0,55,41,2026-10-24,2026-09-17
570.0,328,15,2026-10-24,2026-09-17
575.0,103,5,2026-10-24,2026-09-17
580.0,184,20,2026-10-24,2026-09-17
585.0,72,0,2026-10-24,2026-09-17
590.0,102,13,2026-10-24,2026-09-17
595.0,126,6,2026-10-24,2026-09-17
600.0,329,28,2026-10-24,2026-09-17
605.0,348,0,2026-10-24,2026-09-17
610.0,231,0,2026-10-24,2026-09-17
615.0,75,0,2026-10-24,2026-09-17
620.0,206,0,2026-10-24,2026-09-17
625.0,64,5,2026-10-24,2026-09-17
630.0,1551,0,2026-10-24,2026-09-17
635.0,84,1,2026-10-24,2026-09-17
640.0,73,0,2026-10-24,2026-09-17
645.0,121,1,2026-10-24,2026-09-17
650.0,51,0,2026-10-24,2026-09-17
655.0,41,0,2026-10-24,2026-09-17
660.0,125,8,2026-10-24,2026-09-17
665.0,31,9,2026-10-24,2026-09-17
670.0,19,0,2026-10-24,2026-09-17
675.0,96,0,2026-10-24,2026-09-17
680.0,52,0,2026-10-24,2026-09-17
685.0,70,8,2026-10-24,2026-09-17
690.0,3,3,2026-10-24,2026-09-17
695.0,25,17,2026-10-24,2026-09-17
700.0,94,3,2026-10-24,2026-09-17
705.0,3,0,2026-10-24,2026-09-17
710.0,16,0,2026-10-24,2026-09-17
715.0,1,0,2026-10-24,2026-09-17
720.0,7,0,2026-10-24,2026-09-17
725.0,3,0,2026-10-24,2026-09-17
730.0,11,0,2026-10-24,2026-09-17
735.0,3,0,2026-10-24,2026-09-17
740.0,72,0,2026-10-24,2026-09-17
750.0,7,0,2026-10-24,2026-09-17
760.0,7,0,2026-10-24,2026-09-17
770.0,1,0,2026-10-24,2026-09-17
780.0,7,2,2026-10-24,2026-09-17
790.0,0,0,2026-10-24,2026-09-17
800.0,76,0,2026-10-24,2026-09-17
810.0,1,0,2026-10-24,2026-09-17
820.0,19,0,2026-10-24,2026-09-17
830.0,0,0,2026-10-24,2026-09-17
840.0,7,0,2026-10-24,2026-09-17
850.0,1,0,2026-10-24,2026-09-17
860.0,0,0,2026-10-24,2026-09-17
870.0,2,0,2026-10-24,2026-09-17
880.0,71,0,2026-10-24,2026-09-17
890.0,178,0,2026-10-24,2026-09-17
900.0,180,0,2026-10-24,2026-09-17
910.0,1,0,2026-10-24,2026-09-17
920.0,1,0,2026-10-24,2026-09-17
930.0,4,0,2026-10-24,2026-09-17
940.0,2,0,2026-10-24,2026-09-17
950.0,0,0,2026-10-24,2026-09-17
960.0,5,0,2026-10-24,2026-09-17
40.0,0,2,2026-10-31,2026-09-17
50.0,0,0,2026-10-31,2026-09-17
60.0,0,0,2026-10-31,2026-09-17
70.0,0,0,2026-10-31,2026-09-17
80.0,0,0,2026-10-31,2026-09-17
90.0,0,0,2026-10-31,2026-09-17
100.0,0,0,2026-10-31,2026-09-17
110.0,0,0,2026-10-31,2026-09-17
120.0,0,0,2026-10-31,2026-09-17
130.0,0,0,2026-10-31,2026-09-17
140.0,0,0,2026-10-31,2026-09-17
150.0,0,0,2026-10-31,2026-09-17
160.0,0,0,2026-10-31,2026-09-17
170.0,1,0,2026-10-31,2026-09-17
180.0,0,0,2026-10-31,2026-09-17
190.0,0,0,2026-10-31,2026-09-17
200.0,1,2,2026-10-31,2026-09-17
210.0,0,1,2026-10-31,2026-09-17
220.0,0,2,2026-10-31,2026-09-17
230.0,0,8,2026-10-31,2026-09-17
240.0,0,2,2026-10-31,2026-09-17
250.0,0,2,2026-10-31,2026-09-17
260.0,0,5,2026-10-31,2026-09-17
270.0,0,2,2026-10-31,2026-09-17
280.0,0,2,2026-10-31,2026-09-17
290.0,0,61,2026-10-31,2026-09-17
300.0,0,33,2026-10-31,2026-09-17
310.0,0,22,2026-10-31,2026-09-17
315.0,0,13,2026-10-31,2026-09-17
320.0,0,37,2026-10-31,2026-09-17
325.0,0,23,2026-10-31,2026-09-17
330.0,0,31,2026-10-31,2026-09-17
335.0,0,5,2026-10-31,2026-09-17
340.0,1,28,2026-10-31,2026-09-17
345.0,1,5,2026-10-31,2026-09-17
350.0,10,9,2026-10-31,2026-09-17
355.0,0,11,2026-10-31,2026-09-17
360.0,3,8,2026-10-31,2026-09-17
365.0,0,5,2026-10-31,2026-09-17
370.0,0,13,2026-10-31,2026-09-17
375.0,0,55,2026-10-31,2026-09-17
380.0,0,58,2026-10-31,2026-09-17
385.0,0,23,2026-10-31,2026-09-17
390.0,1,41,2026-10-31,2026-09-17
395.0,3,21,2026-10-31,2026-09-17
400.0,5,87,2026-10-31,2026-09-17
405.0,1,12,2026-10-31,2026-09-17
410.0,2,55,2026-10-31,2026-09-17
415.0,0,27,2026-10-31,2026-09-17
420.0,1,102,2026-10-31,2026-09-17
425.0,1,49,2026-10-31,2026-09-17
430.0,2,100,2026-10-31,2026-09-17
435.0,1,14,2026-10-31,2026-09-17
440.0,1,48,2026-10-31,2026-09-17
445.0,0,31,2026-10-31,2026-09-17
450.0,5,113,2026-10-31,2026-09-17
455.0,2,89,2026-10-31,2026-09-17
460.0,0,63,2026-10-31,2026-09-17
465.0,21,26,2026-10-31,2026-09-17
470.0,23,60,2026-10-31,2026-09-17
475.0,20,42,2026-10-31,2026-09-17
480.0,28,70,2026-10-31,2026-09-17
485.0,52,35,2026-10-31,2026-09-17
490.0,51,43,2026-10-31,2026-09-17
495.0,40,28,2026-10-31,2026-09-17
500.0,52,55,2026-10-31,2026-09-17
505.0,50,15,2026-10-31,2026-09-17
510.0,33,63,2026-10-31,2026-09-17
515.0,23,17,2026-10-31,2026-09-17
520.0,71,122,2026-10-31,2026-09-17
525.0,40,29,2026-10-31,2026-09-17
530.0,104,4,2026-10-31,2026-09-17
535.0,48,6,2026-10-31,2026-09-17
540.0,41,37,2026-10-31,2026-09-17
545.0,94,1,2026-10-31,2026-09-17
550.0,115,16,2026-10-31,2026-09-17
555.0,69,0,2026-10-31,2026-09-17
560.0,68,0,2026-10-31,2026-09-17
565.0,41,1,2026-10-31,2026-09-17
570.0,99,0,2026-10-31,2026-09-17
575.0,24,0,2026-10-31,2026-09-17
580.0,74,1,2026-10-31,2026-09-17
585.0,97,0,2026-10-31,2026-09-17
590.0,26,1,2026-10-31,2026-09-17
595.0,51,2,2026-10-31,2026-09-17
600.0,180,15,2026-10-31,2026-09-17
605.0,18,0,2026-10-31,2026-09-17
610.0,43,0,2026-10-31,2026-09-17
615.0,28,0,2026-10-31,2026-09-17
620.0,63,0,2026-10-31,2026-09-17
625.0,10,2,2026-10-31,2026-09-17
630.0,49,1,2026-10-31,2026-09-17
635.0,17,1,2026-10-31,2026-09-17
640.0,20,1,2026-10-31,2026-09-17
645.0,154,1,2026-10-31,2026-09-17
650.0,67,0,2026-10-31,2026-09-17
655.0,3,0,2026-10-31,2026-09-17
660.0,17,0,2026-10-31,2026-09-17
665.0,1,0,2026-10-31,2026-09-17
670.0,1,2,2026-10-31,2026-09-17
675.0,1,1,2026-10-31,2026-09-17
680.0,7,1,2026-10-31,2026-09-17
685.0,31,1,2026-10-31,2026-09-17
690.0,0,0,2026-10-31,2026-09-17
695.0,2,0,2026-10-31,2026-09-17
700.0,16,0,2026-10-31,2026-09-17
705.0,2,0,2026-10-31,2026-09-17
710.0,3,0,2026-10-31,2026-09-17
720.0,1,0,2026-10-31,2026-09-17
730.0,0,0,2026-10-31,2026-09-17
740.0,0,0,2026-10-31,2026-09-17
750.0,24,0,2026-10-31,2026-09-17
760.0,1,0,2026-10-31,2026-09-17
770.0,0,0,2026-10-31,2026-09-17
780.0,1,0,2026-10-31,2026-09-17
790.0,0,0,2026-10-31,2026-09-17
800.0,1,0,2026-10-31,2026-09-17
810.0,1,0,2026-10-31,2026-09-17
820.0,0,0,2026-10-31,2026-09-17
830.0,30,0,2026-10-31,2026-09-17
840.0,0,0,2026-10-31,2026-09-17
850.0,29,0,2026-10-31,2026-09-17
860.0,5,0,2026-10-31,2026-09-17
870.0,7,0,2026-10-31,2026-09-17
880.0,11,0,2026-10-31,2026-09-17
890.0,5,0,2026-10-31,2026-09-17
900.0,11,0,2026-10-31,2026-09-17
910.0,12,0,2026-10-31,2026-09-17
920.0,7,0,2026-10-31,2026-09-17
930.0,2,0,2026-10-31,2026-09-17
940.0,5,0,2026-10-31,2026-09-17
950.0,2,0,2026-10-31,2026-09-17
960.0,27,0,2026-10-31,2026-09-17
489.03,9300,9300,2026-11-04,2026-09-17
523.02,13018,13018,2026-11-04,2026-09-17
100.0,101,1197,2026-11-21,2026-09-17
105.0,105,594,2026-11-21,2026-09-17
110.0,58,359,2026-11-21,2026-09-17
115.0,71,184,2026-11-21,2026-09-17
120.0,167,1306,2026-11-21,2026-09-17
125.0,103,539,2026-11-21,2026-09-17
130.0,66,1921,2026-11-21,2026-09-17
135.0,112,596,2026-11-21,2026-09-17
140.0,245,2942,2026-11-21,2026-09-17
145.0,236,269,2026-11-21,2026-09-17
150.0,257,1369,2026-11-21,2026-09-17
155.0,118,1062,2026-11-21,2026-09-17
160.0,146,3213,2026-11-21,2026-09-17
165.0,139,1542,2026-11-21,2026-09-17
170.0,167,1055,2026-11-21,2026-09-17
175.0,96,820,2026-11-21,2026-09-17
180.0,170,996,2026-11-21,2026-09-17
185.0,112,952,2026-11-21,2026-09-17
190.0,112,4809,2026-11-21,2026-09-17
195.0,411,952,2026-11-21,2026-09-17
200.0,439,3932,2026-11-21,2026-09-17
210.0,237,4727,2026-11-21,2026-09-17
220.0,915,1572,2026-11-21,2026-09-17
230.0,945,1202,2026-11-21,2026-09-17
240.0,16636,1608,2026-11-21,2026-09-17
250.0,9,0,2026-11-21,2026-09-17
250.0,1611,2154,2026-11-21,2026-09-17
260.0,9666,1486,2026-11-21,2026-09-17
270.0,831,722,2026-11-21,2026-09-17
280.0,1222,526,2026-11-21,2026-09-17
290.0,508,1052,2026-11-21,2026-09-17
300.0,1239,2476,2026-11-21,2026-09-17
310.0,506,1024,2026-11-21,2026-09-17
320.0,291,1598,2026-11-21,2026-09-17
330.0,719,3379,2026-11-21,2026-09-17
340.0,639,1144,2026-11-21,2026-09-17
350.0,926,3104,2026-11-21,2026-09-17
360.0,576,3580,2026-11-21,2026-09-17
370.0,466,1781,2026-11-21,2026-09-17
380.0,664,2552,2026-11-21,2026-09-17
390.0,578,1729,2026-11-21,2026-09-17
400.0,943,4199,2026-11-21,2026-09-17
410.0,299,5417,2026-11-21,2026-09-17
420.0,446,2451,2026-11-21,2026-09-17
430.0,11685,2395,2026-11-21,2026-09-17
440.0,366,2348,2026-11-21,2026-09-17
450.0,757,3502,2026-11-21,2026-09-17
460.0,443,2184,2026-11-21,2026-09-17
470.0,873,2634,2026-11-21,2026-09-17
480.0,2500,2500,2026-11-21,2026-09-17
480.0,829,1327,2026-11-21,2026-09-17
490.0,2040,2040,2026-11-21,2026-09-17
490.0,742,1923,2026-11-21,2026-09-17
500.0,300,300,2026-11-21,2026-09-17
500.0,3111,1739,2026-11-21,2026-09-17
510.0,1430,649,2026-11-21,2026-09-17
520.0,2081,591,2026-11-21,2026-09-17
530.0,1305,764,2026-11-21,2026-09-17
540.0,1456,422,2026-11-21,2026-09-17
550.0,4562,381,2026-11-21,2026-09-17
560.0,745,219,2026-11-21,2026-09-17
570.0,10,0,2026-11-21,2026-09-17
570.0,595,152,2026-11-21,2026-09-17
580.0,2553,191,2026-11-21,2026-09-17
590.0,1565,132,2026-11-21,2026-09-17
600.0,3581,474,2026-11-21,2026-09-17
610.0,1260,113,2026-11-21,2026-09-17
620.0,1854,58,2026-11-21,2026-09-17
630.0,3961,93,2026-11-21,2026-09-17
640.0,737,109,2026-11-21,2026-09-17
650.0,1956,47,2026-11-21,2026-09-17
660.0,982,43,2026-11-21,2026-09-17
670.0,728,46,2026-11-21,2026-09-17
680.0,289,32,2026-11-21,2026-09-17
690.0,166,14,2026-11-21,2026-09-17
700.0,1483,51,2026-11-21,2026-09-17
710.0,121,26,2026-11-21,2026-09-17
720.0,225,16,2026-11-21,2026-09-17
730.0,304,70,2026-11-21,2026-09-17
740.0,187,181,2026-11-21,2026-09-17
750.0,291,19,2026-11-21,2026-09-17
760.0,207,49,2026-11-21,2026-09-17
770.0,642,9,2026-11-21,2026-09-17
780.0,343,0,2026-11-21,2026-09-17
790.0,159,0,2026-11-21,2026-09-17
800.0,2855,5,2026-11-21,2026-09-17
810.0,878,0,2026-11-21,2026-09-17
820.0,1063,0,2026-11-21,2026-09-17
830.0,139,0,2026-11-21,2026-09-17
840.0,233,0,2026-11-21,2026-09-17
850.0,922,0,2026-11-21,2026-09-17
860.0,179,0,2026-11-21,2026-09-17
870.0,930,0,2026-11-21,2026-09-17
880.0,267,0,2026-11-21,2026-09-17
890.0,316,0,2026-11-21,2026-09-17
900.0,1510,0,2026-11-21,2026-09-17
910.0,304,0,2026-11-21,2026-09-17
920.0,102,0,2026-11-21,2026-09-17
930.0,441,0,2026-11-21,2026-09-17
940.0,145,0,2026-11-21,2026-09-17
950.0,184,0,2026-11-21,2026-09-17
960.0,161,0,2026-11-21,2026-09-17
970.0,269,0,2026-11-21,2026-09-17
980.0,255,0,2026-11-21,2026-09-17
990.0,177,0,2026-11-21,2026-09-17
1000.0,293,0,2026-11-21,2026-09-17
1010.0,248,0,2026-11-21,2026-09-17
1020.0,44,0,2026-11-21,2026-09-17
1030.0,54,0,2026-11-21,2026-09-17
1040.0,188,0,2026-11-21,2026-09-17
1050.0,253,0,2026-11-21,2026-09-17
1060.0,203,0,2026-11-21,2026-09-17
1070.0,128,0,2026-11-21,2026-09-17
1080.0,86,0,2026-11-21,2026-09-17
1090.0,75,0,2026-11-21,2026-09-17
1100.0,107,0,2026-11-21,2026-09-17
1110.0,272,0,2026-11-21,2026-09-17
1120.0,1506,0,2026-11-21,2026-09-17
5.0,1144,32,2026-12-19,2026-09-17
10.0,4,2,2026-12-19,2026-09-17
15.0,0,201,2026-12-19,2026-09-17
20.0,956,525,2026-12-19,2026-09-17
25.0,212,864,2026-12-19,2026-09-17
30.0,208,188,2026-12-19,2026-09-17
35.0,9,970,2026-12-19,2026-09-17
40.0,14,252,2026-12-19,2026-09-17
45.0,101,1117,2026-12-19,2026-09-17
50.0,211,691,2026-12-19,2026-09-17
55.0,51,1762,2026-12-19,2026-09-17
60.0,160,1580,2026-12-19,2026-09-17
65.0,221,529,2026-12-19,2026-09-17
70.0,298,1094,2026-12-19,2026-09-17
75.0,329,1388,2026-12-19,2026-09-17
80.0,233,2426,2026-12-19,2026-09-17
85.0,1297,1586,2026-12-19,2026-09-17
90.0,646,4178,2026-12-19,2026-09-17
95.0,1175,1296,2026-12-19,2026-09-17
100.0,1915,11237,2026-12-19,2026-09-17
105.0,477,1105,2026-12-19,2026-09-17
110.0,1107,3167,2026-12-19,2026-09-17
115.0,744,2347,2026-12-19,2026-09-17
120.0,1040,5874,2026-12-19,2026-09-17
125.0,1076,2131,2026-12-19,2026-09-17
130.0,2167,2593,2026-12-19,2026-09-17
135.0,3789,1610,2026-12-19,2026-09-17
140.0,5029,6360,2026-12-19,2026-09-17
145.0,2045,2471,2026-12-19,2026-09-17
150.0,1559,3744,2026-12-19,2026-09-17
155.0,854,1258,2026-12-19,2026-09-17
160.0,1023,4042,2026-12-19,2026-09-17
165.0,1499,1807,2026-12-19,2026-09-17
170.0,1101,9210,2026-12-19,2026-09-17
175.0,643,1999,2026-12-19,2026-09-17
180.0,1016,2305,2026-12-19,2026-09-17
185.0,897,1327,2026-12-19,2026-09-17
190.0,1886,2224,2026-12-19,2026-09-17
195.0,1350,1404,2026-12-19,2026-09-17
200.0,2500,2500,2026-12-19,2026-09-17
200.0,2461,4869,2026-12-19,2026-09-17
210.0,2040,1926,2026-12-19,2026-09-17
215.0,0,0,2026-12-19,2026-09-17
220.0,1555,1769,2026-12-19,2026-09-17
230.0,1990,1891,2026-12-19,2026-09-17
235.0,5000,5000,2026-12-19,2026-09-17
240.0,2463,1545,2026-12-19,2026-09-17
250.0,2154,2669,2026-12-19,2026-09-17
260.0,1586,1693,2026-12-19,2026-09-17
270.0,2077,1466,2026-12-19,2026-09-17
280.0,2083,2667,2026-12-19,2026-09-17
290.0,1589,1786,2026-12-19,2026-09-17
300.0,3975,4705,2026-12-19,2026-09-17
310.0,2290,930,2026-12-19,2026-09-17
320.0,1072,1239,2026-12-19,2026-09-17
330.0,1617,2228,2026-12-19,2026-09-17
340.0,1673,2397,2026-12-19,2026-09-17
350.0,5203,2638,2026-12-19,2026-09-17
360.0,2265,1246,2026-12-19,2026-09-17
370.0,1672,1552,2026-12-19,2026-09-17
380.0,1521,2026,2026-12-19,2026-09-17
390.0,4182,1635,2026-12-19,2026-09-17
400.0,4703,7861,2026-12-19,2026-09-17
410.0,820,1624,2026-12-19,2026-09-17
420.0,1010,1854,2026-12-19,2026-09-17
430.0,654,1389,2026-12-19,2026-09-17
440.0,581,1181,2026-12-19,2026-09-17
450.0,1343,3013,2026-12-19,2026-09-17
460.0,608,1661,2026-12-19,2026-09-17
470.0,548,1524,2026-12-19,2026-09-17
480.0,2486,1189,2026-12-19,2026-09-17
490.0,1187,623,2026-12-19,2026-09-17
500.0,2500,2500,2026-12-19,2026-09-17
500.0,3753,1683,2026-12-19,2026-09-17
510.0,797,350,2026-12-19,2026-09-17
520.0,1530,364,2026-12-19,2026-09-17
530.0,1751,463,2026-12-19,2026-09-17
540.0,581,662,2026-12-19,2026-09-17
550.0,2470,670,2026-12-19,2026-09-17
560.0,532,236,2026-12-19,2026-09-17
570.0,453,318,2026-12-19,2026-09-17
580.0,715,120,2026-12-19,2026-09-17
590.0,434,189,2026-12-19,2026-09-17
600.0,4569,221,2026-12-19,2026-09-17
610.0,1391,98,2026-12-19,2026-09-17
620.0,463,59,2026-12-19,2026-09-17
630.0,2006,44,2026-12-19,2026-09-17
640.0,1563,28,2026-12-19,2026-09-17
650.0,1019,143,2026-12-19,2026-09-17
660.0,559,25,2026-12-19,2026-09-17
670.0,482,59,2026-12-19,2026-09-17
680.0,1971,79,2026-12-19,2026-09-17
690.0,248,132,2026-12-19,2026-09-17
700.0,3057,46,2026-12-19,2026-09-17
710.0,473,46,2026-12-19,2026-09-17
720.0,1458,19,2026-12-19,2026-09-17
730.0,243,10,2026-12-19,2026-09-17
740.0,1406,7,2026-12-19,2026-09-17
750.0,840,1,2026-12-19,2026-09-17
760.0,444,4,2026-12-19,2026-09-17
770.0,186,17,2026-12-19,2026-09-17
780.0,257,38,2026-12-19,2026-09-17
790.0,166,177,2026-12-19,2026-09-17
800.0,1392,15,2026-12-19,2026-09-17
810.0,137,10,2026-12-19,2026-09-17
820.0,332,0,2026-12-19,2026-09-17
830.0,347,0,2026-12-19,2026-09-17
840.0,176,0,2026-12-19,2026-09-17
850.0,1349,0,2026-12-19,2026-09-17
860.0,635,0,2026-12-19,2026-09-17
870.0,302,0,2026-12-19,2026-09-17
880.0,911,0,2026-12-19,2026-09-17
890.0,1104,0,2026-12-19,2026-09-17
900.0,3584,0,2026-12-19,2026-09-17
910.0,574,0,2026-12-19,2026-09-17
920.0,161,0,2026-12-19,2026-09-17
930.0,388,0,2026-12-19,2026-09-17
940.0,94,0,2026-12-19,2026-09-17
950.0,349,0,2026-12-19,2026-09-17
960.0,488,0,2026-12-19,2026-09-17
970.0,1082,0,2026-12-19,2026-09-17
980.0,194,0,2026-12-19,2026-09-17
990.0,342,0,2026-12-19,2026-09-17
1000.0,908,0,2026-12-19,2026-09-17
1010.0,122,0,2026-12-19,2026-09-17
1020.0,247,0,2026-12-19,2026-09-17
1030.0,250,0,2026-12-19,2026-09-17
1040.0,61,0,2026-12-19,2026-09-17
1050.0,248,0,2026-12-19,2026-09-17
1060.0,357,0,2026-12-19,2026-09-17
1070.0,178,0,2026-12-19,2026-09-17
1080.0,195,0,2026-12-19,2026-09-17
1090.0,539,0,2026-12-19,2026-09-17
1100.0,647,0,2026-12-19,2026-09-17
1110.0,166,0,2026-12-19,2026-09-17
1120.0,2589,0,2026-12-19,2026-09-17
176.44,0,100,2026-12-29,2026-09-17
196.04,0,100,2026-12-29,2026-09-17
230.01,33600,33600,2027-01-15,2026-09-17
570.04,23300,23300,2027-01-15,2026-09-17
5.0,7548,4383,2027-01-16,2026-09-17
10.0,52,94,2027-01-16,2026-09-17
15.0,3,24,2027-01-16,2026-09-17
20.0,46,65,2027-01-16,2026-09-17
25.0,320,899,2027-01-16,2026-09-17
30.0,199,360,2027-01-16,2026-09-17
35.0,117,247,2027-01-16,2026-09-17
40.0,122,591,2027-01-16,2026-09-17
45.0,32,1128,2027-01-16,2026-09-17
50.0,686,5608,2027-01-16,2026-09-17
55.0,57,3141,2027-01-16,2026-09-17
60.0,172,4293,2027-01-16,2026-09-17
65.0,575,867,2027-01-16,2026-09-17
70.0,5149,7018,2027-01-16,2026-09-17
75.0,1944,5421,2027-01-16,2026-09-17
80.0,1381,5979,2027-01-16,2026-09-17
85.0,340,3742,2027-01-16,2026-09-17
90.0,6500,6500,2027-01-16,2026-09-17
90.0,9315,10245,2027-01-16,2026-09-17
95.0,1409,3344,2027-01-16,2026-09-17
100.0,7909,10855,2027-01-16,2026-09-17
105.0,790,7270,2027-01-16,2026-09-17
110.0,2691,8013,2027-01-16,2026-09-17
115.0,2040,2788,2027-01-16,2026-09-17
120.0,1523,15682,2027-01-16,2026-09-17
125.0,1540,2926,2027-01-16,2026-09-17
130.0,1402,6571,2027-01-16,2026-09-17
135.0,1575,2579,2027-01-16,2026-09-17
140.0,1617,9329,2027-01-16,2026-09-17
145.0,1098,3952,2027-01-16,2026-09-17
147.5,210,0,2027-01-16,2026-09-17
150.0,3116,13704,2027-01-16,2026-09-17
155.0,1257,1781,2027-01-16,2026-09-17
160.0,1058,4694,2027-01-16,2026-09-17
165.0,856,3352,2027-01-16,2026-09-17
170.0,1147,3819,2027-01-16,2026-09-17
175.0,1036,2328,2027-01-16,2026-09-17
180.0,3144,6261,2027-01-16,2026-09-17
185.0,1220,2692,2027-01-16,2026-09-17
190.0,1040,1724,2027-01-16,2026-09-17
195.0,822,1669,2027-01-16,2026-09-17
200.0,8489,9575,2027-01-16,2026-09-17
210.0,2000,2000,2027-01-16,2026-09-17
210.0,1729,4106,2027-01-16,2026-09-17
220.0,1000,1000,2027-01-16,2026-09-17
220.0,3938,3692,2027-01-16,2026-09-17
230.0,2844,4109,2027-01-16,2026-09-17
230.01,33600,33600,2027-01-16,2026-09-17
240.0,4257,4660,2027-01-16,2026-09-17
250.0,12442,10506,2027-01-16,2026-09-17
260.0,3057,4319,2027-01-16,2026-09-17
270.0,4347,2390,2027-01-16,2026-09-17
280.0,2730,2474,2027-01-16,2026-09-17
290.0,6298,2616,2027-01-16,2026-09-17
300.0,8343,7774,2027-01-16,2026-09-17
300.01,1500,0,2027-01-16,2026-09-17
310.0,4142,4515,2027-01-16,2026-09-17
320.0,1869,4218,2027-01-16,2026-09-17
330.0,2571,2745,2027-01-16,2026-09-17
330.01,1500,0,2027-01-16,2026-09-17
340.0,1218,4680,2027-01-16,2026-09-17
350.0,15000,15000,2027-01-16,2026-09-17
350.0,1884,4401,2027-01-16,2026-09-17
360.0,1254,4281,2027-01-16,2026-09-17
370.0,2359,2897,2027-01-16,2026-09-17
380.0,1324,5773,2027-01-16,2026-09-17
390.0,928,2831,2027-01-16,2026-09-17
400.0,4511,8157,2027-01-16,2026-09-17
410.0,1130,2521,2027-01-16,2026-09-17
420.0,2454,1502,2027-01-16,2026-09-17
430.0,833,2157,2027-01-16,2026-09-17
440.0,743,2849,2027-01-16,2026-09-17
450.0,550,550,2027-01-16,2026-09-17
450.0,3397,4038,2027-01-16,2026-09-17
457.5,0,0,2027-01-16,2026-09-17
460.0,1200,1208,2027-01-16,2026-09-17
460.0,1480,2662,2027-01-16,2026-09-17
470.0,1170,1170,2027-01-16,2026-09-17
470.0,766,913,2027-01-16,2026-09-17
480.0,2232,1736,2027-01-16,2026-09-17
490.0,1212,1217,2027-01-16,2026-09-17
500.0,4660,5676,2027-01-16,2026-09-17
510.0,859,994,2027-01-16,2026-09-17
520.0,8,0,2027-01-16,2026-09-17
520.0,3359,1761,2027-01-16,2026-09-17
530.0,2358,1374,2027-01-16,2026-09-17
540.0,2330,989,2027-01-16,2026-09-17
540.01,5000,0,2027-01-16,2026-09-17
550.0,4888,468,2027-01-16,2026-09-17
560.0,1691,762,2027-01-16,2026-09-17
570.0,898,680,2027-01-16,2026-09-17
580.0,1360,168,2027-01-16,2026-09-17
580.01,3700,0,2027-01-16,2026-09-17
590.0,1548,149,2027-01-16,2026-09-17
600.0,7664,852,2027-01-16,2026-09-17
610.0,1302,415,2027-01-16,2026-09-17
620.0,1919,111,2027-01-16,2026-09-17
630.0,600,204,2027-01-16,2026-09-17
640.0,2586,112,2027-01-16,2026-09-17
650.0,2263,44,2027-01-16,2026-09-17
660.0,3455,106,2027-01-16,2026-09-17
670.0,578,31,2027-01-16,2026-09-17
680.0,1984,48,2027-01-16,2026-09-17
690.0,366,6,2027-01-16,2026-09-17
700.0,2222,93,2027-01-16,2026-09-17
710.0,354,8,2027-01-16,2026-09-17
720.0,755,9,2027-01-16,2026-09-17
730.0,2396,40,2027-01-16,2026-09-17
740.0,1363,20,2027-01-16,2026-09-17
750.0,4030,65,2027-01-16,2026-09-17
760.0,629,8,2027-01-16,2026-09-17
770.0,1024,13,2027-01-16,2026-09-17
780.0,1444,4,2027-01-16,2026-09-17
790.0,266,6,2027-01-16,2026-09-17
800.0,2974,26,2027-01-16,2026-09-17
810.0,298,15,2027-01-16,2026-09-17
820.0,159,0,2027-01-16,2026-09-17
830.0,168,9,2027-01-16,2026-09-17
840.0,269,0,2027-01-16,2026-09-17
850.0,413,0,2027-01-16,2026-09-17
860.0,319,0,2027-01-16,2026-09-17
870.0,112,0,2027-01-16,2026-09-17
880.0,519,0,2027-01-16,2026-09-17
890.0,1178,0,2027-01-16,2026-09-17
900.0,2976,0,2027-01-16,2026-09-17
910.0,2007,0,2027-01-16,2026-09-17
920.0,247,0,2027-01-16,2026-09-17
930.0,493,0,2027-01-16,2026-09-17
940.0,87,0,2027-01-16,2026-09-17
950.0,2067,0,2027-01-16,2026-09-17
960.0,215,0,2027-01-16,2026-09-17
970.0,602,0,2027-01-16,2026-09-17
980.0,2444,0,2027-01-16,2026-09-17
990.0,131,0,2027-01-16,2026-09-17
1000.0,2839,0,2027-01-16,2026-09-17
1010.0,297,0,2027-01-16,2026-09-17
1020.0,221,0,2027-01-16,2026-09-17
1030.0,108,0,2027-01-16,2026-09-17
1040.0,179,0,2027-01-16,2026-09-17
1050.0,408,0,2027-01-16,2026-09-17
1060.0,148,0,2027-01-16,2026-09-17
1070.0,317,0,2027-01-16,2026-09-17
1080.0,439,0,2027-01-16,2026-09-17
1090.0,734,0,2027-01-16,2026-09-17
1100.0,176,0,2027-01-16,2026-09-17
1110.0,865,0,2027-01-16,2026-09-17
1120.0,3869,0,2027-01-16,2026-09-17
350.0,15000,15000,2027-01-20,2026-09-17
200.0,4,326,2027-02-20,2026-09-17
210.0,11,107,2027-02-20,2026-09-17
220.0,15,192,2027-02-20,2026-09-17
230.0,16,79,2027-02-20,2026-09-17
240.0,14,67,2027-02-20,2026-09-17
250.0,4,217,2027-02-20,2026-09-17
260.0,8,188,2027-02-20,2026-09-17
270.0,22,764,2027-02-20,2026-09-17
280.0,25,156,2027-02-20,2026-09-17
290.0,41,1161,2027-02-20,2026-09-17
300.0,22,310,2027-02-20,2026-09-17
310.0,28,484,2027-02-20,2026-09-17
320.0,11,622,2027-02-20,2026-09-17
330.0,11,899,2027-02-20,2026-09-17
340.0,14,450,2027-02-20,2026-09-17
350.0,19,1011,2027-02-20,2026-09-17
360.0,30,1265,2027-02-20,2026-09-17
370.0,62,852,2027-02-20,2026-09-17
380.0,15,1021,2027-02-20,2026-09-17
390.0,66,670,2027-02-20,2026-09-17
400.0,138,1573,2027-02-20,2026-09-17
410.0,25,1116,2027-02-20,2026-09-17
420.0,183,1892,2027-02-20,2026-09-17
430.0,147,254,2027-02-20,2026-09-17
440.0,90,464,2027-02-20,2026-09-17
450.0,197,1565,2027-02-20,2026-09-17
460.0,247,934,2027-02-20,2026-09-17
470.0,167,365,2027-02-20,2026-09-17
480.0,193,586,2027-02-20,2026-09-17
490.0,159,596,2027-02-20,2026-09-17
500.0,382,627,2027-02-20,2026-09-17
510.0,215,466,2027-02-20,2026-09-17
520.0,458,251,2027-02-20,2026-09-17
530.0,482,83,2027-02-20,2026-09-17
540.0,340,200,2027-02-20,2026-09-17
550.0,459,317,2027-02-20,2026-09-17
560.0,346,131,2027-02-20,2026-09-17
570.0,574,76,2027-02-20,2026-09-17
580.0,540,35,2027-02-20,2026-09-17
590.0,351,15,2027-02-20,2026-09-17
600.0,904,18,2027-02-20,2026-09-17
610.0,245,10,2027-02-20,2026-09-17
620.0,455,14,2027-02-20,2026-09-17
630.0,87,7,2027-02-20,2026-09-17
640.0,421,9,2027-02-20,2026-09-17
650.0,1833,2,2027-02-20,2026-09-17
660.0,505,5,2027-02-20,2026-09-17
670.0,181,4,2027-02-20,2026-09-17
680.0,591,32,2027-02-20,2026-09-17
690.0,523,27,2027-02-20,2026-09-17
700.0,636,73,2027-02-20,2026-09-17
710.0,119,45,2027-02-20,2026-09-17
720.0,1569,9,2027-02-20,2026-09-17
730.0,105,47,2027-02-20,2026-09-17
740.0,562,2,2027-02-20,2026-09-17
750.0,530,9,2027-02-20,2026-09-17
760.0,67,12,2027-02-20,2026-09-17
770.0,64,4,2027-02-20,2026-09-17
780.0,185,8,2027-02-20,2026-09-17
790.0,99,32,2027-02-20,2026-09-17
800.0,1764,47,2027-02-20,2026-09-17
810.0,230,4,2027-02-20,2026-09-17
820.0,122,8,2027-02-20,2026-09-17
830.0,88,0,2027-02-20,2026-09-17
840.0,53,0,2027-02-20,2026-09-17
850.0,535,0,2027-02-20,2026-09-17
860.0,137,0,2027-02-20,2026-09-17
870.0,128,1,2027-02-20,2026-09-17
880.0,525,0,2027-02-20,2026-09-17
890.0,45,0,2027-02-20,2026-09-17
900.0,106,0,2027-02-20,2026-09-17
910.0,88,0,2027-02-20,2026-09-17
920.0,74,0,2027-02-20,2026-09-17
930.0,155,0,2027-02-20,2026-09-17
940.0,34,0,2027-02-20,2026-09-17
950.0,550,0,2027-02-20,2026-09-17
960.0,75,0,2027-02-20,2026-09-17
970.0,283,0,2027-02-20,2026-09-17
980.0,554,0,2027-02-20,2026-09-17
234.62,1384,0,2027-03-05,2026-09-17
25.0,1,12,2027-03-20,2026-09-17
30.0,0,1,2027-03-20,2026-09-17
35.0,0,7,2027-03-20,2026-09-17
40.0,1,6,2027-03-20,2026-09-17
45.0,3,185,2027-03-20,2026-09-17
50.0,6,130,2027-03-20,2026-09-17
55.0,2,125,2027-03-20,2026-09-17
60.0,2,130,2027-03-20,2026-09-17
65.0,2,221,2027-03-20,2026-09-17
70.0,12,312,2027-03-20,2026-09-17
75.0,2,162,2027-03-20,2026-09-17
80.0,9,80,2027-03-20,2026-09-17
85.0,4,253,2027-03-20,2026-09-17
90.0,12,201,2027-03-20,2026-09-17
95.0,10,206,2027-03-20,2026-09-17
100.0,29,606,2027-03-20,2026-09-17
105.0,25,258,2027-03-20,2026-09-17
110.0,11,228,2027-03-20,2026-09-17
115.0,4,197,2027-03-20,2026-09-17
120.0,79,277,2027-03-20,2026-09-17
125.0,56,155,2027-03-20,2026-09-17
130.0,13,2155,2027-03-20,2026-09-17
135.0,42,455,2027-03-20,2026-09-17
140.0,75,427,2027-03-20,2026-09-17
145.0,57,1864,2027-03-20,2026-09-17
150.0,73,1481,2027-03-20,2026-09-17
155.0,86,449,2027-03-20,2026-09-17
160.0,108,1732,2027-03-20,2026-09-17
165.0,69,589,2027-03-20,2026-09-17
170.0,54,3731,2027-03-20,2026-09-17
175.0,64,534,2027-03-20,2026-09-17
180.0,80,890,2027-03-20,2026-09-17
185.0,34,456,2027-03-20,2026-09-17
190.0,218,1589,2027-03-20,2026-09-17
195.0,114,579,2027-03-20,2026-09-17
200.0,301,3855,2027-03-20,2026-09-17
210.0,174,686,2027-03-20,2026-09-17
220.0,325,1706,2027-03-20,2026-09-17
230.0,548,562,2027-03-20,2026-09-17
240.0,247,1325,2027-03-20,2026-09-17
250.0,1131,4170,2027-03-20,2026-09-17
260.0,1153,3032,2027-03-20,2026-09-17
270.0,280,1487,2027-03-20,2026-09-17
280.0,710,3857,2027-03-20,2026-09-17
290.0,377,2003,2027-03-20,2026-09-17
300.0,2366,4146,2027-03-20,2026-09-17
310.0,405,1536,2027-03-20,2026-09-17
320.0,342,5561,2027-03-20,2026-09-17
330.0,296,1652,2027-03-20,2026-09-17
340.0,783,2189,2027-03-20,2026-09-17
350.0,1070,5296,2027-03-20,2026-09-17
360.0,842,3257,2027-03-20,2026-09-17
370.0,566,1344,2027-03-20,2026-09-17
380.0,387,2419,2027-03-20,2026-09-17
390.0,206,2767,2027-03-20,2026-09-17
400.0,1704,6282,2027-03-20,2026-09-17
410.0,287,1238,2027-03-20,2026-09-17
420.0,790,1928,2027-03-20,2026-09-17
430.0,252,1774,2027-03-20,2026-09-17
440.0,238,413,2027-03-20,2026-09-17
450.0,1566,1982,2027-03-20,2026-09-17
460.0,279,739,2027-03-20,2026-09-17
470.0,717,594,2027-03-20,2026-09-17
480.0,502,1077,2027-03-20,2026-09-17
490.0,705,400,2027-03-20,2026-09-17
500.0,2119,1993,2027-03-20,2026-09-17
510.0,749,584,2027-03-20,2026-09-17
520.0,1021,840,2027-03-20,2026-09-17
530.0,318,310,2027-03-20,2026-09-17
540.0,859,424,2027-03-20,2026-09-17
550.0,2382,1035,2027-03-20,2026-09-17
560.0,540,139,2027-03-20,2026-09-17
570.0,920,196,2027-03-20,2026-09-17
580.0,1002,264,2027-03-20,2026-09-17
590.0,413,130,2027-03-20,2026-09-17
600.0,3490,533,2027-03-20,2026-09-17
620.0,1645,87,2027-03-20,2026-09-17
640.0,1287,52,2027-03-20,2026-09-17
660.0,1905,109,2027-03-20,2026-09-17
680.0,705,33,2027-03-20,2026-09-17
690.0,206,31,2027-03-20,2026-09-17
700.0,2412,472,2027-03-20,2026-09-17
710.0,675,21,2027-03-20,2026-09-17
720.0,1939,129,2027-03-20,2026-09-17
730.0,946,31,2027-03-20,2026-09-17
740.0,308,12,2027-03-20,2026-09-17
750.0,2219,29,2027-03-20,2026-09-17
760.0,605,29,2027-03-20,2026-09-17
770.0,285,13,2027-03-20,2026-09-17
780.0,1150,8,2027-03-20,2026-09-17
790.0,141,8,2027-03-20,2026-09-17
800.0,1339,11,2027-03-20,2026-09-17
810.0,149,4,2027-03-20,2026-09-17
820.0,1064,1,2027-03-20,2026-09-17
830.0,276,11,2027-03-20,2026-09-17
840.0,224,2,2027-03-20,2026-09-17
850.0,395,0,2027-03-20,2026-09-17
860.0,598,0,2027-03-20,2026-09-17
870.0,159,1,2027-03-20,2026-09-17
880.0,279,0,2027-03-20,2026-09-17
890.0,234,0,2027-03-20,2026-09-17
900.0,1427,0,2027-03-20,2026-09-17
910.0,241,0,2027-03-20,2026-09-17
920.0,333,0,2027-03-20,2026-09-17
930.0,340,0,2027-03-20,2026-09-17
940.0,75,0,2027-03-20,2026-09-17
950.0,236,0,2027-03-20,2026-09-17
960.0,190,0,2027-03-20,2026-09-17
970.0,123,0,2027-03-20,2026-09-17
980.0,120,0,2027-03-20,2026-09-17
990.0,78,0,2027-03-20,2026-09-17
1000.0,1839,0,2027-03-20,2026-09-17
1010.0,411,0,2027-03-20,2026-09-17
1020.0,1516,0,2027-03-20,2026-09-17
1030.0,329,0,2027-03-20,2026-09-17
1040.0,871,0,2027-03-20,2026-09-17
1050.0,394,0,2027-03-20,2026-09-17
1060.0,385,0,2027-03-20,2026-09-17
1070.0,84,0,2027-03-20,2026-09-17
1080.0,190,0,2027-03-20,2026-09-17
1090.0,263,0,2027-03-20,2026-09-17
1100.0,381,0,2027-03-20,2026-09-17
1110.0,430,0,2027-03-20,2026-09-17
1120.0,3938,0,2027-03-20,2026-09-17
198.24,0,100,2027-03-26,2026-09-17
220.27,0,100,2027-03-26,2026-09-17
183.39,0,150,2027-03-30,2026-09-17
240.0,5,190,2027-04-17,2026-09-17
250.0,1,206,2027-04-17,2026-09-17
260.0,3,195,2027-04-17,2026-09-17
270.0,0,78,2027-04-17,2026-09-17
280.0,4,1468,2027-04-17,2026-09-17
290.0,1,86,2027-04-17,2026-09-17
300.0,3,290,2027-04-17,2026-09-17
310.0,2,220,2027-04-17,2026-09-17
320.0,3,121,2027-04-17,2026-09-17
330.0,18,111,2027-04-17,2026-09-17
340.0,6,106,2027-04-17,2026-09-17
350.0,26,45,2027-04-17,2026-09-17
360.0,8,35,2027-04-17,2026-09-17
370.0,8,203,2027-04-17,2026-09-17
380.0,10,302,2027-04-17,2026-09-17
390.0,10,197,2027-04-17,2026-09-17
400.0,17,388,2027-04-17,2026-09-17
410.0,10,70,2027-04-17,2026-09-17
420.0,32,384,2027-04-17,2026-09-17
430.0,61,42,2027-04-17,2026-09-17
440.0,36,325,2027-04-17,2026-09-17
450.0,35,186,2027-04-17,2026-09-17
460.0,331,416,2027-04-17,2026-09-17
470.0,87,18,2027-04-17,2026-09-17
480.0,38,377,2027-04-17,2026-09-17
490.0,107,20,2027-04-17,2026-09-17
500.0,127,120,2027-04-17,2026-09-17
510.0,36,242,2027-04-17,2026-09-17
520.0,65,31,2027-04-17,2026-09-17
530.0,137,41,2027-04-17,2026-09-17
540.0,137,307,2027-04-17,2026-09-17
550.0,87,383,2027-04-17,2026-09-17
560.0,135,79,2027-04-17,2026-09-17
570.0,126,3,2027-04-17,2026-09-17
580.0,153,20,2027-04-17,2026-09-17
590.0,354,0,2027-04-17,2026-09-17
600.0,81,2,2027-04-17,2026-09-17
610.0,116,6,2027-04-17,2026-09-17
620.0,296,4,2027-04-17,2026-09-17
640.0,146,6,2027-04-17,2026-09-17
660.0,52,3,2027-04-17,2026-09-17
680.0,183,2,2027-04-17,2026-09-17
700.0,309,6,2027-04-17,2026-09-17
720.0,117,2,2027-04-17,2026-09-17
740.0,116,0,2027-04-17,2026-09-17
25.0,43,198,2027-06-18,2026-09-17
30.0,39,95,2027-06-18,2026-09-17
35.0,22,255,2027-06-18,2026-09-17
40.0,79,151,2027-06-18,2026-09-17
45.0,4,234,2027-06-18,2026-09-17
50.0,38,139,2027-06-18,2026-09-17
55.0,5,362,2027-06-18,2026-09-17
60.0,66,375,2027-06-18,2026-09-17
65.0,8,562,2027-06-18,2026-09-17
70.0,179,338,2027-06-18,2026-09-17
75.0,43,164,2027-06-18,2026-09-17
80.0,56,524,2027-06-18,2026-09-17
85.0,10,390,2027-06-18,2026-09-17
90.0,64,407,2027-06-18,2026-09-17
95.0,171,415,2027-06-18,2026-09-17
100.0,157,1512,2027-06-18,2026-09-17
105.0,3497,221,2027-06-18,2026-09-17
110.0,125,936,2027-06-18,2026-09-17
115.0,190,1779,2027-06-18,2026-09-17
120.0,2309,7515,2027-06-18,2026-09-17
125.0,221,1011,2027-06-18,2026-09-17
130.0,355,1248,2027-06-18,2026-09-17
135.0,407,504,2027-06-18,2026-09-17
140.0,535,3885,2027-06-18,2026-09-17
145.0,214,1323,2027-06-18,2026-09-17
150.0,826,1528,2027-06-18,2026-09-17
155.0,257,510,2027-06-18,2026-09-17
160.0,303,985,2027-06-18,2026-09-17
165.0,333,740,2027-06-18,2026-09-17
170.0,479,3097,2027-06-18,2026-09-17
175.0,472,1586,2027-06-18,2026-09-17
180.0,514,2236,2027-06-18,2026-09-17
185.0,749,2080,2027-06-18,2026-09-17
190.0,299,846,2027-06-18,2026-09-17
195.0,368,590,2027-06-18,2026-09-17
200.0,2180,2078,2027-06-18,2026-09-17
210.0,1112,1335,2027-06-18,2026-09-17
220.0,2645,1414,2027-06-18,2026-09-17
230.0,930,744,2027-06-18,2026-09-17
240.0,702,2919,2027-06-18,2026-09-17
250.0,2188,10158,2027-06-18,2026-09-17
260.0,628,1096,2027-06-18,2026-09-17
270.0,492,3505,2027-06-18,2026-09-17
280.0,648,1198,2027-06-18,2026-09-17
290.0,512,10884,2027-06-18,2026-09-17
300.0,3078,6185,2027-06-18,2026-09-17
310.0,336,1267,2027-06-18,2026-09-17
320.0,690,3326,2027-06-18,2026-09-17
330.0,498,2358,2027-06-18,2026-09-17
340.0,402,1653,2027-06-18,2026-09-17
350.0,858,4672,2027-06-18,2026-09-17
360.0,2432,3027,2027-06-18,2026-09-17
370.0,744,3822,2027-06-18,2026-09-17
380.0,417,1799,2027-06-18,2026-09-17
390.0,380,1066,2027-06-18,2026-09-17
400.0,1109,6917,2027-06-18,2026-09-17
410.0,580,1061,2027-06-18,2026-09-17
420.0,646,1459,2027-06-18,2026-09-17
430.0,662,1291,2027-06-18,2026-09-17
440.0,705,1482,2027-06-18,2026-09-17
450.0,927,2602,2027-06-18,2026-09-17
460.0,473,835,2027-06-18,2026-09-17
470.0,367,1469,2027-06-18,2026-09-17
480.0,907,2286,2027-06-18,2026-09-17
490.0,905,436,2027-06-18,2026-09-17
500.0,2970,2505,2027-06-18,2026-09-17
510.0,1319,271,2027-06-18,2026-09-17
520.0,1183,1606,2027-06-18,2026-09-17
530.0,1918,706,2027-06-18,2026-09-17
540.0,347,421,2027-06-18,2026-09-17
550.0,795,732,2027-06-18,2026-09-17
560.0,1495,313,2027-06-18,2026-09-17
570.0,774,335,2027-06-18,2026-09-17
580.0,888,449,2027-06-18,2026-09-17
590.0,496,126,2027-06-18,2026-09-17
600.0,4177,1685,2027-06-18,2026-09-17
610.0,356,188,2027-06-18,2026-09-17
620.0,988,235,2027-06-18,2026-09-17
630.0,1163,137,2027-06-18,2026-09-17
640.0,415,40,2027-06-18,2026-09-17
650.0,1300,166,2027-06-18,2026-09-17
660.0,756,84,2027-06-18,2026-09-17
670.0,295,73,2027-06-18,2026-09-17
680.0,706,206,2027-06-18,2026-09-17
690.0,306,164,2027-06-18,2026-09-17
700.0,3403,61,2027-06-18,2026-09-17
710.0,344,64,2027-06-18,2026-09-17
720.0,513,59,2027-06-18,2026-09-17
730.0,631,70,2027-06-18,2026-09-17
740.0,296,91,2027-06-18,2026-09-17
750.0,910,54,2027-06-18,2026-09-17
760.0,93,59,2027-06-18,2026-09-17
770.0,564,11,2027-06-18,2026-09-17
780.0,669,28,2027-06-18,2026-09-17
790.0,81,51,2027-06-18,2026-09-17
800.0,2077,126,2027-06-18,2026-09-17
810.0,187,8,2027-06-18,2026-09-17
820.0,1462,28,2027-06-18,2026-09-17
830.0,434,68,2027-06-18,2026-09-17
840.0,311,76,2027-06-18,2026-09-17
850.0,1919,10,2027-06-18,2026-09-17
860.0,368,9,2027-06-18,2026-09-17
870.0,567,44,2027-06-18,2026-09-17
880.0,375,14,2027-06-18,2026-09-17
890.0,317,8,2027-06-18,2026-09-17
900.0,1750,13,2027-06-18,2026-09-17
910.0,258,27,2027-06-18,2026-09-17
920.0,274,17,2027-06-18,2026-09-17
930.0,472,6,2027-06-18,2026-09-17
940.0,209,3,2027-06-18,2026-09-17
950.0,192,23,2027-06-18,2026-09-17
960.0,685,0,2027-06-18,2026-09-17
970.0,292,0,2027-06-18,2026-09-17
980.0,117,0,2027-06-18,2026-09-17
990.0,56,1,2027-06-18,2026-09-17
1000.0,2573,0,2027-06-18,2026-09-17
1010.0,142,0,2027-06-18,2026-09-17
1020.0,206,0,2027-06-18,2026-09-17
1030.0,200,0,2027-06-18,2026-09-17
1040.0,115,0,2027-06-18,2026-09-17
1050.0,1270,0,2027-06-18,2026-09-17
1060.0,207,0,2027-06-18,2026-09-17
1070.0,128,0,2027-06-18,2026-09-17
1080.0,97,0,2027-06-18,2026-09-17
1090.0,156,0,2027-06-18,2026-09-17
1100.0,2412,0,2027-06-18,2026-09-17
1110.0,469,0,2027-06-18,2026-09-17
1120.0,7045,0,2027-06-18,2026-09-17
431.59,0,80,2027-06-30,2026-09-17
485.54,0,80,2027-06-30,2026-09-17
25.0,3,85,2027-09-18,2026-09-17
30.0,4,33,2027-09-18,2026-09-17
35.0,0,174,2027-09-18,2026-09-17
40.0,0,91,2027-09-18,2026-09-17
45.0,2,27,2027-09-18,2026-09-17
50.0,2,24,2027-09-18,2026-09-17
55.0,1,55,2027-09-18,2026-09-17
60.0,3,145,2027-09-18,2026-09-17
65.0,2,87,2027-09-18,2026-09-17
70.0,1,197,2027-09-18,2026-09-17
75.0,10,47,2027-09-18,2026-09-17
80.0,3,76,2027-09-18,2026-09-17
85.0,2,77,2027-09-18,2026-09-17
90.0,9,160,2027-09-18,2026-09-17
95.0,46,58,2027-09-18,2026-09-17
100.0,6,64,2027-09-18,2026-09-17
105.0,56,259,2027-09-18,2026-09-17
110.0,21,111,2027-09-18,2026-09-17
115.0,24,117,2027-09-18,2026-09-17
120.0,23,100,2027-09-18,2026-09-17
125.0,38,676,2027-09-18,2026-09-17
130.0,10,48,2027-09-18,2026-09-17
135.0,17,184,2027-09-18,2026-09-17
140.0,30,376,2027-09-18,2026-09-17
145.0,17,97,2027-09-18,2026-09-17
150.0,76,1006,2027-09-18,2026-09-17
155.0,12,203,2027-09-18,2026-09-17
160.0,83,186,2027-09-18,2026-09-17
165.0,46,120,2027-09-18,2026-09-17
170.0,23,2044,2027-09-18,2026-09-17
175.0,16,276,2027-09-18,2026-09-17
180.0,92,389,2027-09-18,2026-09-17
185.0,44,40,2027-09-18,2026-09-17
190.0,73,109,2027-09-18,2026-09-17
195.0,115,1111,2027-09-18,2026-09-17
200.0,218,1250,2027-09-18,2026-09-17
210.0,268,193,2027-09-18,2026-09-17
220.0,79,2106,2027-09-18,2026-09-17
230.0,290,4061,2027-09-18,2026-09-17
240.0,141,4129,2027-09-18,2026-09-17
250.0,310,4076,2027-09-18,2026-09-17
260.0,224,365,2027-09-18,2026-09-17
270.0,219,720,2027-09-18,2026-09-17
280.0,221,914,2027-09-18,2026-09-17
290.0,79,3807,2027-09-18,2026-09-17
300.0,335,5234,2027-09-18,2026-09-17
310.0,98,1208,2027-09-18,2026-09-17
320.0,179,1263,2027-09-18,2026-09-17
330.0,164,2382,2027-09-18,2026-09-17
340.0,391,834,2027-09-18,2026-09-17
350.0,255,1095,2027-09-18,2026-09-17
360.0,177,569,2027-09-18,2026-09-17
370.0,189,1325,2027-09-18,2026-09-17
380.0,259,1387,2027-09-18,2026-09-17
390.0,1325,1078,2027-09-18,2026-09-17
400.0,2920,695,2027-09-18,2026-09-17
410.0,216,783,2027-09-18,2026-09-17
420.0,318,649,2027-09-18,2026-09-17
430.0,267,583,2027-09-18,2026-09-17
440.0,147,521,2027-09-18,2026-09-17
450.0,391,1152,2027-09-18,2026-09-17
460.0,363,439,2027-09-18,2026-09-17
470.0,222,349,2027-09-18,2026-09-17
480.0,381,216,2027-09-18,2026-09-17
490.0,284,140,2027-09-18,2026-09-17
500.0,393,229,2027-09-18,2026-09-17
510.0,242,131,2027-09-18,2026-09-17
520.0,170,103,2027-09-18,2026-09-17
530.0,677,110,2027-09-18,2026-09-17
540.0,626,51,2027-09-18,2026-09-17
550.0,188,1004,2027-09-18,2026-09-17
560.0,153,91,2027-09-18,2026-09-17
570.0,110,172,2027-09-18,2026-09-17
580.0,156,44,2027-09-18,2026-09-17
590.0,173,38,2027-09-18,2026-09-17
600.0,910,356,2027-09-18,2026-09-17
610.0,280,348,2027-09-18,2026-09-17
620.0,116,31,2027-09-18,2026-09-17
630.0,517,16,2027-09-18,2026-09-17
640.0,342,25,2027-09-18,2026-09-17
650.0,302,10,2027-09-18,2026-09-17
660.0,162,46,2027-09-18,2026-09-17
670.0,241,11,2027-09-18,2026-09-17
680.0,152,12,2027-09-18,2026-09-17
690.0,348,1,2027-09-18,2026-09-17
700.0,1750,164,2027-09-18,2026-09-17
710.0,181,12,2027-09-18,2026-09-17
720.0,425,116,2027-09-18,2026-09-17
730.0,156,126,2027-09-18,2026-09-17
740.0,670,1,2027-09-18,2026-09-17
750.0,369,85,2027-09-18,2026-09-17
760.0,358,9,2027-09-18,2026-09-17
770.0,432,2,2027-09-18,2026-09-17
780.0,98,25,2027-09-18,2026-09-17
790.0,145,29,2027-09-18,2026-09-17
800.0,1689,54,2027-09-18,2026-09-17
810.0,291,112,2027-09-18,2026-09-17
820.0,232,28,2027-09-18,2026-09-17
830.0,104,22,2027-09-18,2026-09-17
840.0,77,4,2027-09-18,2026-09-17
850.0,261,12,2027-09-18,2026-09-17
860.0,134,14,2027-09-18,2026-09-17
870.0,240,7,2027-09-18,2026-09-17
880.0,1016,33,2027-09-18,2026-09-17
890.0,450,57,2027-09-18,2026-09-17
900.0,160,15,2027-09-18,2026-09-17
910.0,233,53,2027-09-18,2026-09-17
920.0,28,33,2027-09-18,2026-09-17
930.0,92,4,2027-09-18,2026-09-17
940.0,264,7,2027-09-18,2026-09-17
950.0,751,5,2027-09-18,2026-09-17
960.0,160,8,2027-09-18,2026-09-17
970.0,53,6,2027-09-18,2026-09-17
980.0,214,8,2027-09-18,2026-09-17
990.0,1586,6,2027-09-18,2026-09-17
1000.0,1259,11,2027-09-18,2026-09-17
1010.0,583,13,2027-09-18,2026-09-17
1020.0,1514,0,2027-09-18,2026-09-17
1030.0,52,5,2027-09-18,2026-09-17
1040.0,598,0,2027-09-18,2026-09-17
1050.0,221,0,2027-09-18,2026-09-17
1060.0,191,0,2027-09-18,2026-09-17
1070.0,178,0,2027-09-18,2026-09-17
1080.0,1612,0,2027-09-18,2026-09-17
1090.0,485,0,2027-09-18,2026-09-17
1100.0,2165,0,2027-09-18,2026-09-17
1110.0,193,1,2027-09-18,2026-09-17
1120.0,2238,0,2027-09-18,2026-09-17
5.0,4547,18,2027-12-18,2026-09-17
10.0,84,189,2027-12-18,2026-09-17
15.0,1,15,2027-12-18,2026-09-17
20.0,2,357,2027-12-18,2026-09-17
25.0,326,423,2027-12-18,2026-09-17
30.0,70,633,2027-12-18,2026-09-17
35.0,111,135,2027-12-18,2026-09-17
40.0,160,486,2027-12-18,2026-09-17
45.0,13,300,2027-12-18,2026-09-17
50.0,379,464,2027-12-18,2026-09-17
55.0,468,386,2027-12-18,2026-09-17
60.0,180,411,2027-12-18,2026-09-17
65.0,394,228,2027-12-18,2026-09-17
70.0,972,2126,2027-12-18,2026-09-17
75.0,172,1450,2027-12-18,2026-09-17
80.0,363,487,2027-12-18,2026-09-17
85.0,374,3039,2027-12-18,2026-09-17
90.0,579,1790,2027-12-18,2026-09-17
95.0,578,2007,2027-12-18,2026-09-17
100.0,881,3381,2027-12-18,2026-09-17
105.0,619,1192,2027-12-18,2026-09-17
110.0,556,725,2027-12-18,2026-09-17
115.0,632,2142,2027-12-18,2026-09-17
120.0,1175,2483,2027-12-18,2026-09-17
125.0,797,833,2027-12-18,2026-09-17
130.0,574,6792,2027-12-18,2026-09-17
135.0,516,1868,2027-12-18,2026-09-17
140.0,898,2455,2027-12-18,2026-09-17
145.0,564,631,2027-12-18,2026-09-17
150.0,3017,2661,2027-12-18,2026-09-17
155.0,530,632,2027-12-18,2026-09-17
160.0,868,1117,2027-12-18,2026-09-17
165.0,923,2041,2027-12-18,2026-09-17
170.0,1045,1063,2027-12-18,2026-09-17
175.0,764,1436,2027-12-18,2026-09-17
180.0,1270,1317,2027-12-18,2026-09-17
185.0,261,807,2027-12-18,2026-09-17
190.0,440,865,2027-12-18,2026-09-17
194.29,28,28,2027-12-18,2026-09-17
195.0,2635,526,2027-12-18,2026-09-17
200.0,4018,2495,2027-12-18,2026-09-17
210.0,1543,2792,2027-12-18,2026-09-17
220.0,1028,3841,2027-12-18,2026-09-17
230.0,1074,1892,2027-12-18,2026-09-17
240.0,447,1940,2027-12-18,2026-09-17
250.0,1193,5915,2027-12-18,2026-09-17
260.0,1311,1962,2027-12-18,2026-09-17
270.0,694,4124,2027-12-18,2026-09-17
280.0,1066,965,2027-12-18,2026-09-17
290.0,478,275,2027-12-18,2026-09-17
300.0,1947,2565,2027-12-18,2026-09-17
310.0,752,735,2027-12-18,2026-09-17
320.0,990,3675,2027-12-18,2026-09-17
330.0,957,578,2027-12-18,2026-09-17
340.0,425,1823,2027-12-18,2026-09-17
350.0,1371,757,2027-12-18,2026-09-17
360.0,1486,166,2027-12-18,2026-09-17
370.0,946,489,2027-12-18,2026-09-17
380.0,497,215,2027-12-18,2026-09-17
390.0,338,135,2027-12-18,2026-09-17
400.0,1236,746,2027-12-18,2026-09-17
410.0,312,717,2027-12-18,2026-09-17
420.0,406,1755,2027-12-18,2026-09-17
430.0,315,253,2027-12-18,2026-09-17
440.0,253,744,2027-12-18,2026-09-17
450.0,507,780,2027-12-18,2026-09-17
460.0,165,137,2027-12-18,2026-09-17
470.0,363,433,2027-12-18,2026-09-17
480.0,506,205,2027-12-18,2026-09-17
490.0,670,250,2027-12-18,2026-09-17
500.0,1603,277,2027-12-18,2026-09-17
510.0,1692,163,2027-12-18,2026-09-17
520.0,916,116,2027-12-18,2026-09-17
530.0,1466,53,2027-12-18,2026-09-17
540.0,156,51,2027-12-18,2026-09-17
550.0,1122,400,2027-12-18,2026-09-17
560.0,528,87,2027-12-18,2026-09-17
570.0,168,48,2027-12-18,2026-09-17
580.0,153,232,2027-12-18,2026-09-17
590.0,144,69,2027-12-18,2026-09-17
600.0,1795,291,2027-12-18,2026-09-17
610.0,189,22,2027-12-18,2026-09-17
620.0,289,120,2027-12-18,2026-09-17
630.0,464,299,2027-12-18,2026-09-17
640.0,258,24,2027-12-18,2026-09-17
650.0,277,86,2027-12-18,2026-09-17
660.0,156,13,2027-12-18,2026-09-17
670.0,128,49,2027-12-18,2026-09-17
680.0,201,61,2027-12-18,2026-09-17
690.0,180,15,2027-12-18,2026-09-17
700.0,1967,70,2027-12-18,2026-09-17
710.0,193,53,2027-12-18,2026-09-17
720.0,189,9,2027-12-18,2026-09-17
730.0,1158,39,2027-12-18,2026-09-17
740.0,597,27,2027-12-18,2026-09-17
750.0,1555,119,2027-12-18,2026-09-17
760.0,313,9,2027-12-18,2026-09-17
770.0,108,16,2027-12-18,2026-09-17
780.0,59,8,2027-12-18,2026-09-17
790.0,320,85,2027-12-18,2026-09-17
800.0,2329,12,2027-12-18,2026-09-17
810.0,159,9,2027-12-18,2026-09-17
820.0,110,7,2027-12-18,2026-09-17
830.0,62,20,2027-12-18,2026-09-17
840.0,138,12,2027-12-18,2026-09-17
850.0,381,132,2027-12-18,2026-09-17
860.0,175,49,2027-12-18,2026-09-17
870.0,85,70,2027-12-18,2026-09-17
880.0,247,20,2027-12-18,2026-09-17
890.0,68,10,2027-12-18,2026-09-17
900.0,814,21,2027-12-18,2026-09-17
910.0,252,99,2027-12-18,2026-09-17
920.0,228,41,2027-12-18,2026-09-17
930.0,308,34,2027-12-18,2026-09-17
940.0,98,12,2027-12-18,2026-09-17
950.0,1081,14,2027-12-18,2026-09-17
960.0,88,41,2027-12-18,2026-09-17
970.0,22,8,2027-12-18,2026-09-17
980.0,150,20,2027-12-18,2026-09-17
990.0,962,9,2027-12-18,2026-09-17
1000.0,326,39,2027-12-18,2026-09-17
1010.0,123,15,2027-12-18,2026-09-17
1020.0,514,69,2027-12-18,2026-09-17
1030.0,108,42,2027-12-18,2026-09-17
1040.0,130,37,2027-12-18,2026-09-17
1050.0,607,43,2027-12-18,2026-09-17
1060.0,354,24,2027-12-18,2026-09-17
1070.0,262,11,2027-12-18,2026-09-17
1080.0,178,2,2027-12-18,2026-09-17
1090.0,223,13,2027-12-18,2026-09-17
1100.0,216,1,2027-12-18,2026-09-17
1110.0,3221,2,2027-12-18,2026-09-17
1120.0,1136,0,2027-12-18,2026-09-17
5.0,10427,1096,2028-01-22,2026-09-17
10.0,99,224,2028-01-22,2026-09-17
15.0,10,11,2028-01-22,2026-09-17
20.0,1,38,2028-01-22,2026-09-17
25.0,57,253,2028-01-22,2026-09-17
30.0,3,52,2028-01-22,2026-09-17
35.0,43,60,2028-01-22,2026-09-17
40.0,186,126,2028-01-22,2026-09-17
45.0,143,56,2028-01-22,2026-09-17
50.0,274,115,2028-01-22,2026-09-17
55.0,150,71,2028-01-22,2026-09-17
60.0,131,108,2028-01-22,2026-09-17
65.0,5,74,2028-01-22,2026-09-17
70.0,249,602,2028-01-22,2026-09-17
75.0,101,208,2028-01-22,2026-09-17
80.0,99,434,2028-01-22,2026-09-17
85.0,154,801,2028-01-22,2026-09-17
90.0,200,93,2028-01-22,2026-09-17
95.0,149,271,2028-01-22,2026-09-17
100.0,1252,2061,2028-01-22,2026-09-17
105.0,397,949,2028-01-22,2026-09-17
110.0,250,2078,2028-01-22,2026-09-17
115.0,231,242,2028-01-22,2026-09-17
120.0,185,1368,2028-01-22,2026-09-17
125.0,246,404,2028-01-22,2026-09-17
130.0,247,3331,2028-01-22,2026-09-17
135.0,114,298,2028-01-22,2026-09-17
140.0,284,3106,2028-01-22,2026-09-17
145.0,166,537,2028-01-22,2026-09-17
150.0,915,3024,2028-01-22,2026-09-17
155.0,193,378,2028-01-22,2026-09-17
160.0,327,2118,2028-01-22,2026-09-17
165.0,262,780,2028-01-22,2026-09-17
170.0,688,2314,2028-01-22,2026-09-17
175.0,355,915,2028-01-22,2026-09-17
180.0,407,3081,2028-01-22,2026-09-17
185.0,173,1193,2028-01-22,2026-09-17
190.0,595,921,2028-01-22,2026-09-17
195.0,532,1337,2028-01-22,2026-09-17
200.0,3599,3479,2028-01-22,2026-09-17
210.0,1000,1000,2028-01-22,2026-09-17
210.0,560,3255,2028-01-22,2026-09-17
220.0,1084,2086,2028-01-22,2026-09-17
230.0,1146,1221,2028-01-22,2026-09-17
240.0,1198,4940,2028-01-22,2026-09-17
250.0,4169,4748,2028-01-22,2026-09-17
260.0,2564,2175,2028-01-22,2026-09-17
270.0,626,3908,2028-01-22,2026-09-17
280.0,456,3269,2028-01-22,2026-09-17
290.0,736,1609,2028-01-22,2026-09-17
300.0,3075,11016,2028-01-22,2026-09-17
310.0,988,265,2028-01-22,2026-09-17
320.0,620,4048,2028-01-22,2026-09-17
330.0,405,1655,2028-01-22,2026-09-17
340.0,418,3086,2028-01-22,2026-09-17
350.0,1720,2882,2028-01-22,2026-09-17
360.0,639,1904,2028-01-22,2026-09-17
370.0,340,455,2028-01-22,2026-09-17
380.0,361,1882,2028-01-22,2026-09-17
390.0,460,357,2028-01-22,2026-09-17
400.0,1884,3639,2028-01-22,2026-09-17
410.0,1269,548,2028-01-22,2026-09-17
420.0,512,406,2028-01-22,2026-09-17
430.0,398,2175,2028-01-22,2026-09-17
440.0,384,2160,2028-01-22,2026-09-17
450.0,1839,3005,2028-01-22,2026-09-17
460.0,1353,372,2028-01-22,2026-09-17
470.0,530,2171,2028-01-22,2026-09-17
480.0,1284,330,2028-01-22,2026-09-17
490.0,653,251,2028-01-22,2026-09-17
500.0,3446,1348,2028-01-22,2026-09-17
510.0,499,605,2028-01-22,2026-09-17
520.0,1902,2530,2028-01-22,2026-09-17
530.0,3561,1375,2028-01-22,2026-09-17
540.0,145,41,2028-01-22,2026-09-17
550.0,504,442,2028-01-22,2026-09-17
560.0,397,95,2028-01-22,2026-09-17
570.0,466,146,2028-01-22,2026-09-17
580.0,178,91,2028-01-22,2026-09-17
590.0,131,56,2028-01-22,2026-09-17
600.0,2398,1321,2028-01-22,2026-09-17
610.0,100,50,2028-01-22,2026-09-17
620.0,379,33,2028-01-22,2026-09-17
630.0,134,41,2028-01-22,2026-09-17
640.0,231,113,2028-01-22,2026-09-17
650.0,683,481,2028-01-22,2026-09-17
660.0,240,61,2028-01-22,2026-09-17
670.0,88,41,2028-01-22,2026-09-17
680.0,269,51,2028-01-22,2026-09-17
690.0,248,50,2028-01-22,2026-09-17
700.0,1541,147,2028-01-22,2026-09-17
710.0,275,27,2028-01-22,2026-09-17
720.0,380,24,2028-01-22,2026-09-17
730.0,135,35,2028-01-22,2026-09-17
740.0,687,65,2028-01-22,2026-09-17
750.0,354,23,2028-01-22,2026-09-17
760.0,239,29,2028-01-22,2026-09-17
770.0,484,50,2028-01-22,2026-09-17
780.0,83,27,2028-01-22,2026-09-17
790.0,109,9,2028-01-22,2026-09-17
800.0,1918,77,2028-01-22,2026-09-17
810.0,428,126,2028-01-22,2026-09-17
820.0,207,92,2028-01-22,2026-09-17
830.0,234,157,2028-01-22,2026-09-17
840.0,137,70,2028-01-22,2026-09-17
850.0,1607,15,2028-01-22,2026-09-17
860.0,1473,99,2028-01-22,2026-09-17
870.0,232,14,2028-01-22,2026-09-17
880.0,157,70,2028-01-22,2026-09-17
890.0,70,131,2028-01-22,2026-09-17
900.0,324,34,2028-01-22,2026-09-17
910.0,140,117,2028-01-22,2026-09-17
920.0,584,29,2028-01-22,2026-09-17
930.0,328,11,2028-01-22,2026-09-17
940.0,43,90,2028-01-22,2026-09-17
950.0,187,59,2028-01-22,2026-09-17
960.0,192,44,2028-01-22,2026-09-17
970.0,1092,5,2028-01-22,2026-09-17
980.0,145,25,2028-01-22,2026-09-17
990.0,119,75,2028-01-22,2026-09-17
1000.0,3249,48,2028-01-22,2026-09-17
1010.0,109,89,2028-01-22,2026-09-17
1020.0,97,131,2028-01-22,2026-09-17
1030.0,1173,62,2028-01-22,2026-09-17
1040.0,162,79,2028-01-22,2026-09-17
1050.0,241,73,2028-01-22,2026-09-17
1060.0,136,69,2028-01-22,2026-09-17
1070.0,103,9,2028-01-22,2026-09-17
1080.0,292,8,2028-01-22,2026-09-17
1090.0,260,21,2028-01-22,2026-09-17
1100.0,1344,8,2028-01-22,2026-09-17
1110.0,2127,3,2028-01-22,2026-09-17
1120.0,5685,8,2028-01-22,2026-09-17
900.0,183,0,2028-02-29,2026-09-17
5.0,126,43,2028-06-17,2026-09-17
10.0,0,3,2028-06-17,2026-09-17
15.0,0,0,2028-06-17,2026-09-17
20.0,0,0,2028-06-17,2026-09-17
25.0,0,4,2028-06-17,2026-09-17
30.0,1,7,2028-06-17,2026-09-17
35.0,1,4,2028-06-17,2026-09-17
40.0,2,12,2028-06-17,2026-09-17
45.0,0,10,2028-06-17,2026-09-17
50.0,0,39,2028-06-17,2026-09-17
55.0,0,37,2028-06-17,2026-09-17
60.0,0,8,2028-06-17,2026-09-17
65.0,1,31,2028-06-17,2026-09-17
70.0,1,381,2028-06-17,2026-09-17
75.0,0,1223,2028-06-17,2026-09-17
80.0,1,434,2028-06-17,2026-09-17
85.0,3,293,2028-06-17,2026-09-17
90.0,1,57,2028-06-17,2026-09-17
95.0,5,343,2028-06-17,2026-09-17
100.0,2,482,2028-06-17,2026-09-17
105.0,4,197,2028-06-17,2026-09-17
110.0,6,419,2028-06-17,2026-09-17
115.0,48,433,2028-06-17,2026-09-17
120.0,2,103,2028-06-17,2026-09-17
125.0,12,202,2028-06-17,2026-09-17
130.0,10,319,2028-06-17,2026-09-17
135.0,7,21,2028-06-17,2026-09-17
140.0,8,82,2028-06-17,2026-09-17
145.0,5,15,2028-06-17,2026-09-17
150.0,18,397,2028-06-17,2026-09-17
155.0,9,180,2028-06-17,2026-09-17
160.0,29,236,2028-06-17,2026-09-17
165.0,5,63,2028-06-17,2026-09-17
170.0,46,246,2028-06-17,2026-09-17
175.0,239,216,2028-06-17,2026-09-17
180.0,18,57,2028-06-17,2026-09-17
185.0,8,163,2028-06-17,2026-09-17
190.0,35,53,2028-06-17,2026-09-17
195.0,5,229,2028-06-17,2026-09-17
200.0,46,1575,2028-06-17,2026-09-17
210.0,24,28,2028-06-17,2026-09-17
220.0,35,175,2028-06-17,2026-09-17
230.0,34,145,2028-06-17,2026-09-17
240.0,77,504,2028-06-17,2026-09-17
250.0,54,1241,2028-06-17,2026-09-17
260.0,42,2471,2028-06-17,2026-09-17
270.0,101,547,2028-06-17,2026-09-17
280.0,28,1028,2028-06-17,2026-09-17
290.0,77,294,2028-06-17,2026-09-17
300.0,143,4052,2028-06-17,2026-09-17
310.0,102,81,2028-06-17,2026-09-17
320.0,351,2525,2028-06-17,2026-09-17
330.0,116,160,2028-06-17,2026-09-17
340.0,88,1020,2028-06-17,2026-09-17
350.0,58,229,2028-06-17,2026-09-17
360.0,75,124,2028-06-17,2026-09-17
370.0,268,164,2028-06-17,2026-09-17
380.0,91,82,2028-06-17,2026-09-17
390.0,217,589,2028-06-17,2026-09-17
400.0,208,397,2028-06-17,2026-09-17
410.0,99,134,2028-06-17,2026-09-17
420.0,59,62,2028-06-17,2026-09-17
430.0,292,48,2028-06-17,2026-09-17
440.0,144,64,2028-06-17,2026-09-17
450.0,253,794,2028-06-17,2026-09-17
460.0,82,101,2028-06-17,2026-09-17
470.0,237,232,2028-06-17,2026-09-17
480.0,45,72,2028-06-17,2026-09-17
490.0,349,198,2028-06-17,2026-09-17
500.0,872,454,2028-06-17,2026-09-17
510.0,151,234,2028-06-17,2026-09-17
520.0,108,481,2028-06-17,2026-09-17
530.0,117,219,2028-06-17,2026-09-17
540.0,245,435,2028-06-17,2026-09-17
550.0,245,633,2028-06-17,2026-09-17
560.0,78,59,2028-06-17,2026-09-17
570.0,118,26,2028-06-17,2026-09-17
580.0,121,86,2028-06-17,2026-09-17
590.0,229,23,2028-06-17,2026-09-17
600.0,419,42,2028-06-17,2026-09-17
610.0,53,90,2028-06-17,2026-09-17
620.0,1820,117,2028-06-17,2026-09-17
630.0,77,30,2028-06-17,2026-09-17
640.0,132,4,2028-06-17,2026-09-17
650.0,563,150,2028-06-17,2026-09-17
660.0,1114,61,2028-06-17,2026-09-17
670.0,74,61,2028-06-17,2026-09-17
680.0,100,84,2028-06-17,2026-09-17
690.0,403,7,2028-06-17,2026-09-17
700.0,627,123,2028-06-17,2026-09-17
710.0,459,49,2028-06-17,2026-09-17
720.0,997,15,2028-06-17,2026-09-17
730.0,205,113,2028-06-17,2026-09-17
740.0,128,78,2028-06-17,2026-09-17
750.0,200,30,2028-06-17,2026-09-17
760.0,518,98,2028-06-17,2026-09-17
770.0,219,5,2028-06-17,2026-09-17
780.0,370,5,2028-06-17,2026-09-17
790.0,76,4,2028-06-17,2026-09-17
800.0,1368,12,2028-06-17,2026-09-17
810.0,164,16,2028-06-17,2026-09-17
820.0,360,50,2028-06-17,2026-09-17
830.0,115,24,2028-06-17,2026-09-17
840.0,207,14,2028-06-17,2026-09-17
850.0,489,5,2028-06-17,2026-09-17
860.0,138,22,2028-06-17,2026-09-17
870.0,51,3,2028-06-17,2026-09-17
880.0,245,29,2028-06-17,2026-09-17
890.0,176,17,2028-06-17,2026-09-17
900.0,395,19,2028-06-17,2026-09-17
910.0,215,3,2028-06-17,2026-09-17
920.0,116,13,2028-06-17,2026-09-17
930.0,308,5,2028-06-17,2026-09-17
940.0,197,5,2028-06-17,2026-09-17
950.0,92,41,2028-06-17,2026-09-17
960.0,170,39,2028-06-17,2026-09-17
970.0,126,48,2028-06-17,2026-09-17
980.0,260,42,2028-06-17,2026-09-17
990.0,76,289,2028-06-17,2026-09-17
1000.0,1355,52,2028-06-17,2026-09-17
1010.0,578,115,2028-06-17,2026-09-17
1020.0,86,89,2028-06-17,2026-09-17
1030.0,86,38,2028-06-17,2026-09-17
1040.0,287,128,2028-06-17,2026-09-17
1050.0,271,177,2028-06-17,2026-09-17
1060.0,80,27,2028-06-17,2026-09-17
1070.0,85,60,2028-06-17,2026-09-17
1080.0,199,2,2028-06-17,2026-09-17
1090.0,210,35,2028-06-17,2026-09-17
1100.0,1702,44,2028-06-17,2026-09-17
1110.0,378,16,2028-06-17,2026-09-17
1120.0,2899,51,2028-06-17,2026-09-17
5.0,20059,609,2028-12-16,2026-09-17
10.0,28,315,2028-12-16,2026-09-17
15.0,29,20,2028-12-16,2026-09-17
20.0,16,52,2028-12-16,2026-09-17
25.0,45,102,2028-12-16,2026-09-17
30.0,9,294,2028-12-16,2026-09-17
35.0,4,35,2028-12-16,2026-09-17
40.0,7,139,2028-12-16,2026-09-17
45.0,3,273,2028-12-16,2026-09-17
50.0,11,281,2028-12-16,2026-09-17
55.0,1,200,2028-12-16,2026-09-17
60.0,9,440,2028-12-16,2026-09-17
65.0,6,232,2028-12-16,2026-09-17
70.0,8,164,2028-12-16,2026-09-17
75.0,8,276,2028-12-16,2026-09-17
80.0,40,302,2028-12-16,2026-09-17
85.0,50,827,2028-12-16,2026-09-17
90.0,73,242,2028-12-16,2026-09-17
95.0,57,1135,2028-12-16,2026-09-17
100.0,393,1248,2028-12-16,2026-09-17
105.0,464,426,2028-12-16,2026-09-17
110.0,337,335,2028-12-16,2026-09-17
115.0,1238,137,2028-12-16,2026-09-17
120.0,92,786,2028-12-16,2026-09-17
125.0,69,248,2028-12-16,2026-09-17
130.0,103,2206,2028-12-16,2026-09-17
135.0,77,842,2028-12-16,2026-09-17
140.0,254,625,2028-12-16,2026-09-17
145.0,131,949,2028-12-16,2026-09-17
150.0,625,1485,2028-12-16,2026-09-17
155.0,139,888,2028-12-16,2026-09-17
160.0,176,3017,2028-12-16,2026-09-17
165.0,103,929,2028-12-16,2026-09-17
170.0,203,2299,2028-12-16,2026-09-17
175.0,187,484,2028-12-16,2026-09-17
180.0,363,481,2028-12-16,2026-09-17
185.0,298,234,2028-12-16,2026-09-17
190.0,396,1222,2028-12-16,2026-09-17
195.0,379,999,2028-12-16,2026-09-17
200.0,1326,3139,2028-12-16,2026-09-17
210.0,800,1063,2028-12-16,2026-09-17
220.0,762,798,2028-12-16,2026-09-17
230.0,573,391,2028-12-16,2026-09-17
240.0,437,748,2028-12-16,2026-09-17
250.0,1087,4628,2028-12-16,2026-09-17
260.0,596,570,2028-12-16,2026-09-17
270.0,451,994,2028-12-16,2026-09-17
280.0,279,546,2028-12-16,2026-09-17
290.0,389,2281,2028-12-16,2026-09-17
300.0,1383,1693,2028-12-16,2026-09-17
310.0,543,518,2028-12-16,2026-09-17
320.0,500,775,2028-12-16,2026-09-17
330.0,425,598,2028-12-16,2026-09-17
340.0,452,424,2028-12-16,2026-09-17
350.0,1159,2754,2028-12-16,2026-09-17
360.0,460,1274,2028-12-16,2026-09-17
370.0,374,694,2028-12-16,2026-09-17
380.0,279,733,2028-12-16,2026-09-17
390.0,204,354,2028-12-16,2026-09-17
400.0,1383,1983,2028-12-16,2026-09-17
410.0,218,330,2028-12-16,2026-09-17
420.0,453,251,2028-12-16,2026-09-17
430.0,432,258,2028-12-16,2026-09-17
440.0,596,345,2028-12-16,2026-09-17
450.0,1067,1942,2028-12-16,2026-09-17
460.0,601,814,2028-12-16,2026-09-17
470.0,373,368,2028-12-16,2026-09-17
480.0,789,256,2028-12-16,2026-09-17
490.0,663,323,2028-12-16,2026-09-17
500.0,3625,1306,2028-12-16,2026-09-17
510.0,885,754,2028-12-16,2026-09-17
520.0,505,680,2028-12-16,2026-09-17
530.0,289,200,2028-12-16,2026-09-17
540.0,258,289,2028-12-16,2026-09-17
550.0,1500,495,2028-12-16,2026-09-17
560.0,737,166,2028-12-16,2026-09-17
570.0,56,0,2028-12-16,2026-09-17
570.0,486,129,2028-12-16,2026-09-17
580.0,291,74,2028-12-16,2026-09-17
590.0,211,113,2028-12-16,2026-09-17
600.0,2776,528,2028-12-16,2026-09-17
610.0,173,222,2028-12-16,2026-09-17
620.0,388,103,2028-12-16,2026-09-17
630.0,118,34,2028-12-16,2026-09-17
640.0,320,43,2028-12-16,2026-09-17
650.0,364,73,2028-12-16,2026-09-17
660.0,436,86,2028-12-16,2026-09-17
670.0,477,45,2028-12-16,2026-09-17
680.0,338,67,2028-12-16,2026-09-17
690.0,462,58,2028-12-16,2026-09-17
700.0,3451,485,2028-12-16,2026-09-17
710.0,248,119,2028-12-16,2026-09-17
720.0,1890,42,2028-12-16,2026-09-17
730.0,561,66,2028-12-16,2026-09-17
740.0,191,34,2028-12-16,2026-09-17
750.0,1220,40,2028-12-16,2026-09-17
760.0,1146,64,2028-12-16,2026-09-17
770.0,300,33,2028-12-16,2026-09-17
780.0,313,18,2028-12-16,2026-09-17
790.0,398,19,2028-12-16,2026-09-17
800.0,1714,120,2028-12-16,2026-09-17
810.0,601,113,2028-12-16,2026-09-17
820.0,1199,14,2028-12-16,2026-09-17
830.0,249,62,2028-12-16,2026-09-17
840.0,159,57,2028-12-16,2026-09-17
850.0,776,96,2028-12-16,2026-09-17
860.0,2494,52,2028-12-16,2026-09-17
870.0,334,37,2028-12-16,2026-09-17
880.0,519,60,2028-12-16,2026-09-17
890.0,474,31,2028-12-16,2026-09-17
900.0,1148,83,2028-12-16,2026-09-17
910.0,1110,52,2028-12-16,2026-09-17
920.0,1116,62,2028-12-16,2026-09-17
930.0,642,178,2028-12-16,2026-09-17
940.0,140,107,2028-12-16,2026-09-17
950.0,702,120,2028-12-16,2026-09-17
960.0,470,79,2028-12-16,2026-09-17
970.0,168,92,2028-12-16,2026-09-17
980.0,140,37,2028-12-16,2026-09-17
990.0,823,123,2028-12-16,2026-09-17
1000.0,1194,102,2028-12-16,2026-09-17
1010.0,403,114,2028-12-16,2026-09-17
1020.0,114,56,2028-12-16,2026-09-17
1030.0,142,132,2028-12-16,2026-09-17
1040.0,69,125,2028-12-16,2026-09-17
1050.0,731,109,2028-12-16,2026-09-17
1060.0,167,66,2028-12-16,2026-09-17
1070.0,256,72,2028-12-16,2026-09-17
1080.0,307,255,2028-12-16,2026-09-17
1090.0,1103,172,2028-12-16,2026-09-17
1100.0,619,352,2028-12-16,2026-09-17
1110.0,689,231,2028-12-16,2026-09-17
1120.0,4123,323,2028-12-16,2026-09-17
5.0,83,0,2029-01-20,2026-09-17
10.0,0,0,2029-01-20,2026-09-17
15.0,0,0,2029-01-20,2026-09-17
20.0,0,0,2029-01-20,2026-09-17
25.0,0,0,2029-01-20,2026-09-17
30.0,0,0,2029-01-20,2026-09-17
35.0,0,0,2029-01-20,2026-09-17
40.0,0,0,2029-01-20,2026-09-17
45.0,0,0,2029-01-20,2026-09-17
50.0,0,1,2029-01-20,2026-09-17
55.0,0,0,2029-01-20,2026-09-17
60.0,0,0,2029-01-20,2026-09-17
65.0,0,0,2029-01-20,2026-09-17
70.0,0,0,2029-01-20,2026-09-17
75.0,0,0,2029-01-20,2026-09-17
80.0,0,0,2029-01-20,2026-09-17
85.0,0,0,2029-01-20,2026-09-17
90.0,0,0,2029-01-20,2026-09-17
95.0,0,0,2029-01-20,2026-09-17
100.0,0,1,2029-01-20,2026-09-17
105.0,0,0,2029-01-20,2026-09-17
110.0,0,1,2029-01-20,2026-09-17
115.0,0,0,2029-01-20,2026-09-17
120.0,0,0,2029-01-20,2026-09-17
125.0,0,0,2029-01-20,2026-09-17
130.0,0,0,2029-01-20,2026-09-17
135.0,1,1,2029-01-20,2026-09-17
140.0,0,0,2029-01-20,2026-09-17
145.0,0,0,2029-01-20,2026-09-17
150.0,1,0,2029-01-20,2026-09-17
155.0,0,0,2029-01-20,2026-09-17
160.0,0,2,2029-01-20,2026-09-17
165.0,0,0,2029-01-20,2026-09-17
170.0,0,0,2029-01-20,2026-09-17
175.0,0,0,2029-01-20,2026-09-17
180.0,1,0,2029-01-20,2026-09-17
185.0,0,0,2029-01-20,2026-09-17
190.0,0,2,2029-01-20,2026-09-17
195.0,0,0,2029-01-20,2026-09-17
200.0,1,1,2029-01-20,2026-09-17
210.0,1,1,2029-01-20,2026-09-17
220.0,2,0,2029-01-20,2026-09-17
230.0,1,0,2029-01-20,2026-09-17
240.0,0,2,2029-01-20,2026-09-17
250.0,3,1,2029-01-20,2026-09-17
260.0,11,2,2029-01-20,2026-09-17
270.0,0,0,2029-01-20,2026-09-17
280.0,2,11,2029-01-20,2026-09-17
290.0,0,1,2029-01-20,2026-09-17
300.0,3,1,2029-01-20,2026-09-17
310.0,0,42,2029-01-20,2026-09-17
320.0,1,0,2029-01-20,2026-09-17
330.0,0,1,2029-01-20,2026-09-17
340.0,0,0,2029-01-20,2026-09-17
350.0,2,3,2029-01-20,2026-09-17
360.0,21,123,2029-01-20,2026-09-17
370.0,1,33,2029-01-20,2026-09-17
380.0,1,2,2029-01-20,2026-09-17
390.0,0,9,2029-01-20,2026-09-17
400.0,0,9,2029-01-20,2026-09-17
410.0,4,17,2029-01-20,2026-09-17
420.0,9,7,2029-01-20,2026-09-17
430.0,22,27,2029-01-20,2026-09-17
440.0,0,0,2029-01-20,2026-09-17
450.0,5,3,2029-01-20,2026-09-17
460.0,2,1,2029-01-20,2026-09-17
470.0,1,12,2029-01-20,2026-09-17
480.0,4,3,2029-01-20,2026-09-17
490.0,4,6,2029-01-20,2026-09-17
500.0,13,6,2029-01-20,2026-09-17
510.0,9,2,2029-01-20,2026-09-17
520.0,5,5,2029-01-20,2026-09-17
530.0,7,0,2029-01-20,2026-09-17
540.0,7,0,2029-01-20,2026-09-17
550.0,28,1,2029-01-20,2026-09-17
560.0,1,0,2029-01-20,2026-09-17
570.0,143,0,2029-01-20,2026-09-17
580.0,1,1,2029-01-20,2026-09-17
590.0,8,0,2029-01-20,2026-09-17
600.0,23,0,2029-01-20,2026-09-17
610.0,2,2,2029-01-20,2026-09-17
620.0,3,1,2029-01-20,2026-09-17
630.0,1,0,2029-01-20,2026-09-17
640.0,25,0,2029-01-20,2026-09-17
650.0,7,0,2029-01-20,2026-09-17
660.0,9,0,2029-01-20,2026-09-17
670.0,0,0,2029-01-20,2026-09-17
680.0,13,0,2029-01-20,2026-09-17
690.0,0,0,2029-01-20,2026-09-17
700.0,10,0,2029-01-20,2026-09-17
710.0,1,0,2029-01-20,2026-09-17
720.0,0,0,2029-01-20,2026-09-17
730.0,0,0,2029-01-20,2026-09-17
740.0,1,0,2029-01-20,2026-09-17
750.0,0,0,2029-01-20,2026-09-17
760.0,0,0,2029-01-20,2026-09-17
770.0,0,0,2029-01-20,2026-09-17
780.0,0,0,2029-01-20,2026-09-17
790.0,0,0,2029-01-20,2026-09-17
800.0,1,0,2029-01-20,2026-09-17
810.0,0,0,2029-01-20,2026-09-17
820.0,1,1,2029-01-20,2026-09-17
830.0,1,0,2029-01-20,2026-09-17
840.0,0,0,2029-01-20,2026-09-17
850.0,3,0,2029-01-20,2026-09-17
860.0,0,0,2029-01-20,2026-09-17
870.0,0,0,2029-01-20,2026-09-17
880.0,0,0,2029-01-20,2026-09-17
890.0,0,0,2029-01-20,2026-09-17
900.0,16,0,2029-01-20,2026-09-17
910.0,0,0,2029-01-20,2026-09-17
920.0,0,0,2029-01-20,2026-09-17
930.0,0,0,2029-01-20,2026-09-17
940.0,0,0,2029-01-20,2026-09-17
950.0,8,0,2029-01-20,2026-09-17
960.0,0,0,2029-01-20,2026-09-17
970.0,1,0,2029-01-20,2026-09-17
980.0,173,0,2029-01-20,2026-09-17
212.71,114,114,2029-12-22,2026-09-17
295.0,120,0,2030-01-19,2026-09-17
295.0,110,0,2031-01-18,2026-09-17
