Strike,Call,Put,Expiry,Date
350.0,0,24,2026-09-24,2026-09-24
355.0,0,19,2026-09-24,2026-09-24
360.0,0,35,2026-09-24,2026-09-24
365.0,0,24,2026-09-24,2026-09-24
370.0,0,43,2026-09-24,2026-09-24
375.0,0,28,2026-09-24,2026-09-24
380.0,0,40,2026-09-24,2026-09-24
385.0,0,123,2026-09-24,2026-09-24
390.0,0,13,2026-09-24,2026-09-24
395.0,0,21,2026-09-24,2026-09-24
400.0,0,137,2026-09-24,2026-09-24
405.0,0,6,2026-09-24,2026-09-24
407.5,0,43,2026-09-24,2026-09-24
410.0,0,27,2026-09-24,2026-09-24
412.5,0,6,2026-09-24,2026-09-24
415.0,0,12,2026-09-24,2026-09-24
417.5,0,7,2026-09-24,2026-09-24
420.0,0,18,2026-09-24,2026-09-24
422.5,0,8,2026-09-24,2026-09-24
425.0,0,33,2026-09-24,2026-09-24
427.5,0,11,2026-09-24,2026-09-24
430.0,0,688,2026-09-24,2026-09-24
432.5,0,6,2026-09-24,2026-09-24
435.0,0,21,2026-09-24,2026-09-24
437.5,0,8,2026-09-24,2026-09-24
440.0,0,30,2026-09-24,2026-09-24
442.5,0,11,2026-09-24,2026-09-24
445.0,0,30,2026-09-24,2026-09-24
447.5,0,22,2026-09-24,2026-09-24
450.0,0,66,2026-09-24,2026-09-24
452.5,0,19,2026-09-24,2026-09-24
455.0,0,170,2026-09-24,2026-09-24
457.5,0,10,2026-09-24,2026-09-24
460.0,0,37,2026-09-24,2026-09-24
462.5,0,15,2026-09-24,2026-09-24
465.0,0,330,2026-09-24,2026-09-24
467.5,0,11,2026-09-24,2026-09-24
470.0,0,157,2026-09-24,2026-09-24
472.5,0,18,2026-09-24,2026-09-24
475.0,0,400,2026-09-24,2026-09-24
477.5,0,102,2026-09-24,2026-09-24
480.0,0,233,2026-09-24,2026-09-24
482.5,0,60,2026-09-24,2026-09-24
485.0,0,95,2026-09-24,2026-09-24
487.5,0,22,2026-09-24,2026-09-24
490.0,0,325,2026-09-24,2026-09-24
492.5,0,119,2026-09-24,2026-09-24
495.0,0,163,2026-09-24,2026-09-24
497.5,0,182,2026-09-24,2026-09-24
500.0,0,983,2026-09-24,2026-09-24
502.5,0,71,2026-09-24,2026-09-24
505.0,0,569,2026-09-24,2026-09-24
507.5,0,118,2026-09-24,2026-09-24
510.0,0,174,2026-09-24,2026-09-24
512.5,0,724,2026-09-24,2026-09-24
515.0,0,188,2026-09-24,2026-09-24
517.5,0,173,2026-09-24,2026-09-24
520.0,0,511,2026-09-24,2026-09-24
522.5,0,418,2026-09-24,2026-09-24
525.0,0,364,2026-09-24,2026-09-24
527.5,0,290,2026-09-24,2026-09-24
530.0,0,405,2026-09-24,2026-09-24
532.5,0,199,2026-09-24,2026-09-24
535.0,0,369,2026-09-24,2026-09-24
537.5,0,243,2026-09-24,2026-09-24
540.0,0,818,2026-09-24,2026-09-24
542.5,0,240,2026-09-24,2026-09-24
545.0,0,441,2026-09-24,2026-09-24
547.5,0,703,2026-09-24,2026-09-24
550.0,0,931,2026-09-24,2026-09-24
552.5,0,199,2026-09-24,2026-09-24
555.0,0,1375,2026-09-24,2026-09-24
556.53,0,0,2026-09-24,2026-09-24
557.5,0,266,2026-09-24,2026-09-24
560.0,0,713,2026-09-24,2026-09-24
562.5,0,523,2026-09-24,2026-09-24
565.0,0,412,2026-09-24,2026-09-24
567.5,0,244,2026-09-24,2026-09-24
570.0,0,1898,2026-09-24,2026-09-24
572.5,0,265,2026-09-24,2026-09-24
575.0,0,731,2026-09-24,2026-09-24
577.5,0,256,2026-09-24,2026-09-24
580.0,0,1040,2026-09-24,2026-09-24
582.5,0,364,2026-09-24,2026-09-24
585.0,0,1504,2026-09-24,2026-09-24
587.5,0,678,2026-09-24,2026-09-24
590.0,0,2431,2026-09-24,2026-09-24
592.5,0,488,2026-09-24,2026-09-24
595.0,0,1167,2026-09-24,2026-09-24
597.5,0,705,2026-09-24,2026-09-24
600.0,0,9138,2026-09-24,2026-09-24
602.5,0,1382,2026-09-24,2026-09-24
605.0,0,7733,2026-09-24,2026-09-24
607.5,0,1087,2026-09-24,2026-09-24
610.0,0,2489,2026-09-24,2026-09-24
612.5,0,3773,2026-09-24,2026-09-24
615.0,1083,524,2026-09-24,2026-09-24
617.5,1683,0,2026-09-24,2026-09-24
620.0,2656,0,2026-09-24,2026-09-24
622.5,1831,0,2026-09-24,2026-09-24
625.0,2705,0,2026-09-24,2026-09-24
627.5,909,0,2026-09-24,2026-09-24
630.0,2815,0,2026-09-24,2026-09-24
632.5,647,0,2026-09-24,2026-09-24
635.0,1973,0,2026-09-24,2026-09-24
637.5,676,0,2026-09-24,2026-09-24
640.0,2387,0,2026-09-24,2026-09-24
642.5,510,0,2026-09-24,2026-09-24
645.0,1233,0,2026-09-24,2026-09-24
647.5,319,0,2026-09-24,2026-09-24
650.0,2750,0,2026-09-24,2026-09-24
652.5,421,0,2026-09-24,2026-09-24
655.0,1891,0,2026-09-24,2026-09-24
657.5,70,0,2026-09-24,2026-09-24
660.0,798,0,2026-09-24,2026-09-24
662.5,149,0,2026-09-24,2026-09-24
665.0,536,0,2026-09-24,2026-09-24
667.5,154,0,2026-09-24,2026-09-24
670.0,578,0,2026-09-24,2026-09-24
672.5,219,0,2026-09-24,2026-09-24
675.0,1695,0,2026-09-24,2026-09-24
677.5,16,0,2026-09-24,2026-09-24
680.0,941,0,2026-09-24,2026-09-24
682.5,47,0,2026-09-24,2026-09-24
685.0,370,0,2026-09-24,2026-09-24
687.5,5,0,2026-09-24,2026-09-24
690.0,487,0,2026-09-24,2026-09-24
692.5,23,0,2026-09-24,2026-09-24
695.0,102,0,2026-09-24,2026-09-24
697.5,235,0,2026-09-24,2026-09-24
700.0,2103,0,2026-09-24,2026-09-24
702.5,6,0,2026-09-24,2026-09-24
705.0,10,0,2026-09-24,2026-09-24
710.0,48,0,2026-09-24,2026-09-24
715.0,3,0,2026-09-24,2026-09-24
720.0,2,0,2026-09-24,2026-09-24
725.0,5,0,2026-09-24,2026-09-24
730.0,2,0,2026-09-24,2026-09-24
735.0,5,0,2026-09-24,2026-09-24
740.0,2,0,2026-09-24,2026-09-24
745.0,1,0,2026-09-24,2026-09-24
750.0,7,0,2026-09-24,2026-09-24
589.03,962,962,2026-09-25,2026-09-24
40.0,5,21,2026-09-26,2026-09-24
45.0,0,8,2026-09-26,2026-09-24
50.0,3,52,2026-09-26,2026-09-24
55.0,2,62,2026-09-26,2026-09-24
60.0,1,80,2026-09-26,2026-09-24
65.0,2,85,2026-09-26,2026-09-24
70.0,1,59,2026-09-26,2026-09-24
75.0,2,96,2026-09-26,2026-09-24
80.0,3,42,2026-09-26,2026-09-24
85.0,3,52,2026-09-26,2026-09-24
90.0,1,7,2026-09-26,2026-09-24
95.0,1,12,2026-09-26,2026-09-24
100.0,2,9,2026-09-26,2026-09-24
105.0,19,22,2026-09-26,2026-09-24
110.0,25,26,2026-09-26,2026-09-24
115.0,8,6,2026-09-26,2026-09-24
120.0,8,25030,2026-09-26,2026-09-24
125.0,4,6,2026-09-26,2026-09-24
130.0,5,7665,2026-09-26,2026-09-24
135.0,5,2,2026-09-26,2026-09-24
140.0,1,41,2026-09-26,2026-09-24
145.0,5,56,2026-09-26,2026-09-24
150.0,5,1045,2026-09-26,2026-09-24
155.0,1,16,2026-09-26,2026-09-24
160.0,2,1063,2026-09-26,2026-09-24
165.0,14,33,2026-09-26,2026-09-24
170.0,12,49,2026-09-26,2026-09-24
175.0,1,206,2026-09-26,2026-09-24
180.0,7,261,2026-09-26,2026-09-24
185.0,3,197,2026-09-26,2026-09-24
190.0,1,170,2026-09-26,2026-09-24
195.0,0,50,2026-09-26,2026-09-24
200.0,5,66,2026-09-26,2026-09-24
205.0,1,36,2026-09-26,2026-09-24
210.0,5,144,2026-09-26,2026-09-24
215.0,0,407,2026-09-26,2026-09-24
220.0,14,192,2026-09-26,2026-09-24
225.0,2,36,2026-09-26,2026-09-24
230.0,16,264,2026-09-26,2026-09-24
235.0,2,32,2026-09-26,2026-09-24
240.0,6,143,2026-09-26,2026-09-24
245.0,2,89,2026-09-26,2026-09-24
250.0,43,264,2026-09-26,2026-09-24
255.0,8,42,2026-09-26,2026-09-24
260.0,9,473,2026-09-26,2026-09-24
265.0,0,11,2026-09-26,2026-09-24
270.0,49,156,2026-09-26,2026-09-24
275.0,7,58,2026-09-26,2026-09-24
280.0,21,606,2026-09-26,2026-09-24
285.0,3,11,2026-09-26,2026-09-24
290.0,3,236,2026-09-26,2026-09-24
295.0,7,127,2026-09-26,2026-09-24
300.0,27,283,2026-09-26,2026-09-24
305.0,3,55,2026-09-26,2026-09-24
310.0,16,165,2026-09-26,2026-09-24
315.0,8,164,2026-09-26,2026-09-24
320.0,7,225,2026-09-26,2026-09-24
325.0,23,308,2026-09-26,2026-09-24
330.0,17,206,2026-09-26,2026-09-24
335.0,7,410,2026-09-26,2026-09-24
340.0,15,539,2026-09-26,2026-09-24
345.0,30,269,2026-09-26,2026-09-24
350.0,25,325,2026-09-26,2026-09-24
355.0,34,1790,2026-09-26,2026-09-24
360.0,20,452,2026-09-26,2026-09-24
365.0,8,577,2026-09-26,2026-09-24
370.0,26,326,2026-09-26,2026-09-24
375.0,5,3567,2026-09-26,2026-09-24
380.0,41,495,2026-09-26,2026-09-24
385.0,147,368,2026-09-26,2026-09-24
390.0,34,420,2026-09-26,2026-09-24
395.0,11,2158,2026-09-26,2026-09-24
400.0,52,782,2026-09-26,2026-09-24
402.5,5,40,2026-09-26,2026-09-24
405.0,14,1402,2026-09-26,2026-09-24
407.5,6,17,2026-09-26,2026-09-24
410.0,25,440,2026-09-26,2026-09-24
412.5,1,18,2026-09-26,2026-09-24
415.0,20,607,2026-09-26,2026-09-24
417.5,0,64,2026-09-26,2026-09-24
420.0,191,1315,2026-09-26,2026-09-24
422.5,0,78,2026-09-26,2026-09-24
425.0,7,2035,2026-09-26,2026-09-24
427.5,0,82,2026-09-26,2026-09-24
430.0,17,2908,2026-09-26,2026-09-24
432.5,0,96,2026-09-26,2026-09-24
435.0,14,649,2026-09-26,2026-09-24
437.5,6,102,2026-09-26,2026-09-24
440.0,186,1674,2026-09-26,2026-09-24
442.5,13,274,2026-09-26,2026-09-24
445.0,71,684,2026-09-26,2026-09-24
447.5,17,44,2026-09-26,2026-09-24
450.0,279,2583,2026-09-26,2026-09-24
452.5,2,292,2026-09-26,2026-09-24
455.0,120,775,2026-09-26,2026-09-24
457.5,1,187,2026-09-26,2026-09-24
460.0,248,1044,2026-09-26,2026-09-24
462.5,52,184,2026-09-26,2026-09-24
465.0,486,486,2026-09-26,2026-09-24
467.5,22,64,2026-09-26,2026-09-24
470.0,0,225,2026-09-26,2026-09-24
470.0,615,1108,2026-09-26,2026-09-24
472.5,65,138,2026-09-26,2026-09-24
475.0,505,728,2026-09-26,2026-09-24
477.5,45,310,2026-09-26,2026-09-24
480.0,319,808,2026-09-26,2026-09-24
482.5,41,347,2026-09-26,2026-09-24
485.0,262,369,2026-09-26,2026-09-24
487.5,91,254,2026-09-26,2026-09-24
490.0,313,2363,2026-09-26,2026-09-24
492.5,126,255,2026-09-26,2026-09-24
495.0,172,614,2026-09-26,2026-09-24
497.5,82,274,2026-09-26,2026-09-24
500.0,2356,2295,2026-09-26,2026-09-24
502.5,122,917,2026-09-26,2026-09-24
505.0,320,1232,2026-09-26,2026-09-24
507.5,187,196,2026-09-26,2026-09-24
510.0,1413,1001,2026-09-26,2026-09-24
512.5,257,200,2026-09-26,2026-09-24
515.0,937,538,2026-09-26,2026-09-24
517.5,599,272,2026-09-26,2026-09-24
520.0,1037,1796,2026-09-26,2026-09-24
522.5,204,198,2026-09-26,2026-09-24
525.0,712,1067,2026-09-26,2026-09-24
527.5,497,379,2026-09-26,2026-09-24
530.0,835,2155,2026-09-26,2026-09-24
532.5,172,343,2026-09-26,2026-09-24
535.0,653,955,2026-09-26,2026-09-24
537.5,338,396,2026-09-26,2026-09-24
540.0,1622,1138,2026-09-26,2026-09-24
542.5,380,545,2026-09-26,2026-09-24
545.0,2639,1394,2026-09-26,2026-09-24
547.5,1207,752,2026-09-26,2026-09-24
550.0,3224,3318,2026-09-26,2026-09-24
552.5,324,672,2026-09-26,2026-09-24
555.0,6165,767,2026-09-26,2026-09-24
557.5,377,397,2026-09-26,2026-09-24
560.0,2978,1552,2026-09-26,2026-09-24
562.5,927,312,2026-09-26,2026-09-24
565.0,950,847,2026-09-26,2026-09-24
567.5,260,699,2026-09-26,2026-09-24
570.0,7441,1711,2026-09-26,2026-09-24
572.5,173,605,2026-09-26,2026-09-24
575.0,2664,1934,2026-09-26,2026-09-24
577.5,251,1016,2026-09-26,2026-09-24
580.0,2424,3079,2026-09-26,2026-09-24
582.5,371,439,2026-09-26,2026-09-24
585.0,885,1533,2026-09-26,2026-09-24
587.5,180,736,2026-09-26,2026-09-24
590.0,1190,1849,2026-09-26,2026-09-24
592.5,285,551,2026-09-26,2026-09-24
595.0,414,788,2026-09-26,2026-09-24
597.5,252,677,2026-09-26,2026-09-24
600.0,5225,8403,2026-09-26,2026-09-24
602.5,1968,672,2026-09-26,2026-09-24
605.0,732,1901,2026-09-26,2026-09-24
607.5,335,2578,2026-09-26,2026-09-24
610.0,1719,1110,2026-09-26,2026-09-24
612.5,647,4580,2026-09-26,2026-09-24
615.0,1366,1147,2026-09-26,2026-09-24
617.5,604,962,2026-09-26,2026-09-24
620.0,2537,1443,2026-09-26,2026-09-24
622.5,771,285,2026-09-26,2026-09-24
625.0,1453,244,2026-09-26,2026-09-24
627.5,1878,204,2026-09-26,2026-09-24
630.0,3311,175,2026-09-26,2026-09-24
632.5,503,49,2026-09-26,2026-09-24
635.0,3123,98,2026-09-26,2026-09-24
637.5,664,42,2026-09-26,2026-09-24
640.0,5078,88,2026-09-26,2026-09-24
642.5,302,58,2026-09-26,2026-09-24
645.0,865,46,2026-09-26,2026-09-24
647.5,171,36,2026-09-26,2026-09-24
650.0,6013,61,2026-09-26,2026-09-24
652.5,349,93,2026-09-26,2026-09-24
655.0,998,52,2026-09-26,2026-09-24
657.5,141,23,2026-09-26,2026-09-24
660.0,2066,34,2026-09-26,2026-09-24
662.5,148,0,2026-09-26,2026-09-24
665.0,900,6,2026-09-26,2026-09-24
667.5,147,3,2026-09-26,2026-09-24
670.0,1819,17,2026-09-26,2026-09-24
672.5,104,0,2026-09-26,2026-09-24
675.0,2372,11,2026-09-26,2026-09-24
677.5,236,0,2026-09-26,2026-09-24
680.0,1787,30,2026-09-26,2026-09-24
682.5,203,0,2026-09-26,2026-09-24
685.0,1157,0,2026-09-26,2026-09-24
687.5,54,0,2026-09-26,2026-09-24
690.0,952,1,2026-09-26,2026-09-24
692.5,77,0,2026-09-26,2026-09-24
695.0,528,1,2026-09-26,2026-09-24
697.5,24,0,2026-09-26,2026-09-24
700.0,2581,52,2026-09-26,2026-09-24
702.5,6,0,2026-09-26,2026-09-24
705.0,720,0,2026-09-26,2026-09-24
710.0,973,1,2026-09-26,2026-09-24
715.0,378,0,2026-09-26,2026-09-24
720.0,2184,0,2026-09-26,2026-09-24
725.0,127,0,2026-09-26,2026-09-24
730.0,87,0,2026-09-26,2026-09-24
735.0,419,0,2026-09-26,2026-09-24
740.0,110,0,2026-09-26,2026-09-24
750.0,384,0,2026-09-26,2026-09-24
760.0,176,0,2026-09-26,2026-09-24
770.0,523,0,2026-09-26,2026-09-24
780.0,673,0,2026-09-26,2026-09-24
790.0,281,0,2026-09-26,2026-09-24
800.0,133,0,2026-09-26,2026-09-24
810.0,371,0,2026-09-26,2026-09-24
820.0,434,0,2026-09-26,2026-09-24
830.0,106,0,2026-09-26,2026-09-24
840.0,59,0,2026-09-26,2026-09-24
850.0,29,0,2026-09-26,2026-09-24
860.0,174,0,2026-09-26,2026-09-24
870.0,91,0,2026-09-26,2026-09-24
880.0,87,0,2026-09-26,2026-09-24
890.0,58,0,2026-09-26,2026-09-24
900.0,94,0,2026-09-26,2026-09-24
910.0,21,0,2026-09-26,2026-09-24
920.0,105,0,2026-09-26,2026-09-24
930.0,177,0,2026-09-26,2026-09-24
940.0,100,0,2026-09-26,2026-09-24
950.0,147,0,2026-09-26,2026-09-24
960.0,31,0,2026-09-26,2026-09-24
970.0,112,0,2026-09-26,2026-09-24
980.0,71,0,2026-09-26,2026-09-24
990.0,192,0,2026-09-26,2026-09-24
400.0,2,11,2026-09-29,2026-09-24
405.0,1,4,2026-09-29,2026-09-24
410.0,0,28,2026-09-29,2026-09-24
415.0,0,15,2026-09-29,2026-09-24
420.0,1,12,2026-09-29,2026-09-24
425.0,0,2,2026-09-29,2026-09-24
430.0,1,32,2026-09-29,2026-09-24
432.5,1,548,2026-09-29,2026-09-24
435.0,0,485,2026-09-29,2026-09-24
437.5,0,642,2026-09-29,2026-09-24
440.0,1,9,2026-09-29,2026-09-24
442.5,0,3,2026-09-29,2026-09-24
445.0,2,91,2026-09-29,2026-09-24
447.5,0,5,2026-09-29,2026-09-24
450.0,4,148,2026-09-29,2026-09-24
452.5,0,388,2026-09-29,2026-09-24
455.0,0,7,2026-09-29,2026-09-24
457.5,0,10,2026-09-29,2026-09-24
460.0,14,18,2026-09-29,2026-09-24
462.5,1,8,2026-09-29,2026-09-24
465.0,0,17,2026-09-29,2026-09-24
467.5,0,14,2026-09-29,2026-09-24
470.0,2,30,2026-09-29,2026-09-24
472.5,0,7,2026-09-29,2026-09-24
475.0,0,5,2026-09-29,2026-09-24
477.5,2,11,2026-09-29,2026-09-24
480.0,5,36,2026-09-29,2026-09-24
482.5,0,18,2026-09-29,2026-09-24
485.0,47,48,2026-09-29,2026-09-24
487.5,3,4,2026-09-29,2026-09-24
490.0,24,57,2026-09-29,2026-09-24
492.5,0,8,2026-09-29,2026-09-24
495.0,35,33,2026-09-29,2026-09-24
497.5,3,29,2026-09-29,2026-09-24
500.0,70,207,2026-09-29,2026-09-24
502.5,25,25,2026-09-29,2026-09-24
505.0,25,31,2026-09-29,2026-09-24
507.5,6,11,2026-09-29,2026-09-24
510.0,11,41,2026-09-29,2026-09-24
512.5,4,28,2026-09-29,2026-09-24
515.0,61,64,2026-09-29,2026-09-24
517.5,8,37,2026-09-29,2026-09-24
520.0,39,149,2026-09-29,2026-09-24
522.5,10,116,2026-09-29,2026-09-24
525.0,42,338,2026-09-29,2026-09-24
527.5,20,37,2026-09-29,2026-09-24
530.0,29,100,2026-09-29,2026-09-24
532.5,22,38,2026-09-29,2026-09-24
535.0,29,285,2026-09-29,2026-09-24
537.5,5,89,2026-09-29,2026-09-24
540.0,18,306,2026-09-29,2026-09-24
542.5,7,25,2026-09-29,2026-09-24
545.0,91,341,2026-09-29,2026-09-24
547.5,34,31,2026-09-29,2026-09-24
550.0,519,658,2026-09-29,2026-09-24
552.5,211,254,2026-09-29,2026-09-24
555.0,40,126,2026-09-29,2026-09-24
557.5,13,48,2026-09-29,2026-09-24
560.0,50,180,2026-09-29,2026-09-24
562.5,7,22,2026-09-29,2026-09-24
565.0,46,222,2026-09-29,2026-09-24
567.5,25,199,2026-09-29,2026-09-24
570.0,29,1406,2026-09-29,2026-09-24
572.5,6,233,2026-09-29,2026-09-24
575.0,96,178,2026-09-29,2026-09-24
577.5,4,197,2026-09-29,2026-09-24
580.0,81,293,2026-09-29,2026-09-24
582.5,34,40,2026-09-29,2026-09-24
585.0,93,283,2026-09-29,2026-09-24
587.5,27,94,2026-09-29,2026-09-24
590.0,140,340,2026-09-29,2026-09-24
592.5,92,107,2026-09-29,2026-09-24
595.0,88,109,2026-09-29,2026-09-24
597.5,35,165,2026-09-29,2026-09-24
600.0,207,634,2026-09-29,2026-09-24
602.5,49,292,2026-09-29,2026-09-24
605.0,95,163,2026-09-29,2026-09-24
607.5,166,106,2026-09-29,2026-09-24
610.0,857,491,2026-09-29,2026-09-24
612.5,138,493,2026-09-29,2026-09-24
615.0,924,301,2026-09-29,2026-09-24
617.5,190,64,2026-09-29,2026-09-24
620.0,586,204,2026-09-29,2026-09-24
622.5,125,87,2026-09-29,2026-09-24
625.0,169,28,2026-09-29,2026-09-24
627.5,88,30,2026-09-29,2026-09-24
630.0,247,110,2026-09-29,2026-09-24
632.5,139,27,2026-09-29,2026-09-24
635.0,73,47,2026-09-29,2026-09-24
637.5,392,46,2026-09-29,2026-09-24
640.0,338,86,2026-09-29,2026-09-24
642.5,114,18,2026-09-29,2026-09-24
645.0,359,11,2026-09-29,2026-09-24
647.5,125,7,2026-09-29,2026-09-24
650.0,1193,52,2026-09-29,2026-09-24
652.5,191,9,2026-09-29,2026-09-24
655.0,80,0,2026-09-29,2026-09-24
657.5,121,0,2026-09-29,2026-09-24
660.0,206,2,2026-09-29,2026-09-24
662.5,68,0,2026-09-29,2026-09-24
665.0,62,0,2026-09-29,2026-09-24
667.5,82,0,2026-09-29,2026-09-24
670.0,492,5,2026-09-29,2026-09-24
672.5,70,0,2026-09-29,2026-09-24
675.0,193,0,2026-09-29,2026-09-24
677.5,41,0,2026-09-29,2026-09-24
680.0,142,1,2026-09-29,2026-09-24
682.5,37,0,2026-09-29,2026-09-24
685.0,42,0,2026-09-29,2026-09-24
687.5,14,0,2026-09-29,2026-09-24
690.0,15,1,2026-09-29,2026-09-24
692.5,3,0,2026-09-29,2026-09-24
695.0,41,1,2026-09-29,2026-09-24
697.5,12,1,2026-09-29,2026-09-24
700.0,117,7,2026-09-29,2026-09-24
702.5,3,0,2026-09-29,2026-09-24
705.0,28,0,2026-09-29,2026-09-24
710.0,23,0,2026-09-29,2026-09-24
715.0,2,0,2026-09-29,2026-09-24
720.0,6,0,2026-09-29,2026-09-24
725.0,27,0,2026-09-29,2026-09-24
730.0,18,0,2026-09-29,2026-09-24
735.0,9,0,2026-09-29,2026-09-24
740.0,4,0,2026-09-29,2026-09-24
745.0,101,0,2026-09-29,2026-09-24
750.0,21,0,2026-09-29,2026-09-24
755.0,2,0,2026-09-29,2026-09-24
760.0,10,0,2026-09-29,2026-09-24
765.0,2,0,2026-09-29,2026-09-24
770.0,47,0,2026-09-29,2026-09-24
775.0,2,0,2026-09-29,2026-09-24
780.0,10,0,2026-09-29,2026-09-24
785.0,19,0,2026-09-29,2026-09-24
790.0,0,0,2026-09-29,2026-09-24
795.0,0,0,2026-09-29,2026-09-24
800.0,27,0,2026-09-29,2026-09-24
518.03,961,961,2026-09-30,2026-09-24
400.0,1,29,2026-10-01,2026-09-24
405.0,0,4,2026-10-01,2026-09-24
410.0,0,6,2026-10-01,2026-09-24
415.0,0,13,2026-10-01,2026-09-24
420.0,0,56,2026-10-01,2026-09-24
425.0,0,11,2026-10-01,2026-09-24
427.5,0,5,2026-10-01,2026-09-24
430.0,0,30,2026-10-01,2026-09-24
432.5,0,1,2026-10-01,2026-09-24
435.0,0,7,2026-10-01,2026-09-24
437.5,0,2,2026-10-01,2026-09-24
440.0,0,44,2026-10-01,2026-09-24
442.5,0,2,2026-10-01,2026-09-24
445.0,3,6,2026-10-01,2026-09-24
447.5,0,5,2026-10-01,2026-09-24
450.0,5,49,2026-10-01,2026-09-24
452.5,3,9,2026-10-01,2026-09-24
455.0,1,12,2026-10-01,2026-09-24
457.5,0,8,2026-10-01,2026-09-24
460.0,10,25,2026-10-01,2026-09-24
462.5,0,10,2026-10-01,2026-09-24
465.0,1,19,2026-10-01,2026-09-24
467.5,1,5,2026-10-01,2026-09-24
470.0,2,12,2026-10-01,2026-09-24
472.5,0,8,2026-10-01,2026-09-24
475.0,6,18,2026-10-01,2026-09-24
477.5,0,22,2026-10-01,2026-09-24
480.0,1,194,2026-10-01,2026-09-24
482.5,0,15,2026-10-01,2026-09-24
485.0,4,50,2026-10-01,2026-09-24
487.5,4,10,2026-10-01,2026-09-24
490.0,3,57,2026-10-01,2026-09-24
492.5,4,12,2026-10-01,2026-09-24
495.0,7,35,2026-10-01,2026-09-24
497.5,1,9,2026-10-01,2026-09-24
500.0,31,232,2026-10-01,2026-09-24
502.5,6,28,2026-10-01,2026-09-24
505.0,22,29,2026-10-01,2026-09-24
507.5,9,6,2026-10-01,2026-09-24
510.0,17,201,2026-10-01,2026-09-24
512.5,11,50,2026-10-01,2026-09-24
515.0,20,57,2026-10-01,2026-09-24
517.5,8,55,2026-10-01,2026-09-24
520.0,30,425,2026-10-01,2026-09-24
522.5,22,10,2026-10-01,2026-09-24
525.0,37,162,2026-10-01,2026-09-24
527.5,6,54,2026-10-01,2026-09-24
530.0,56,125,2026-10-01,2026-09-24
532.5,23,32,2026-10-01,2026-09-24
535.0,66,237,2026-10-01,2026-09-24
537.5,0,117,2026-10-01,2026-09-24
540.0,79,112,2026-10-01,2026-09-24
542.5,15,23,2026-10-01,2026-09-24
545.0,55,67,2026-10-01,2026-09-24
547.5,4,34,2026-10-01,2026-09-24
550.0,74,123,2026-10-01,2026-09-24
552.5,8,37,2026-10-01,2026-09-24
555.0,35,104,2026-10-01,2026-09-24
557.5,4,51,2026-10-01,2026-09-24
560.0,132,201,2026-10-01,2026-09-24
562.5,40,54,2026-10-01,2026-09-24
565.0,48,172,2026-10-01,2026-09-24
567.5,40,96,2026-10-01,2026-09-24
570.0,44,161,2026-10-01,2026-09-24
572.5,20,41,2026-10-01,2026-09-24
575.0,58,112,2026-10-01,2026-09-24
577.5,11,63,2026-10-01,2026-09-24
580.0,99,180,2026-10-01,2026-09-24
582.5,24,210,2026-10-01,2026-09-24
585.0,21,455,2026-10-01,2026-09-24
587.5,70,38,2026-10-01,2026-09-24
590.0,43,164,2026-10-01,2026-09-24
592.5,14,25,2026-10-01,2026-09-24
595.0,44,89,2026-10-01,2026-09-24
597.5,36,35,2026-10-01,2026-09-24
600.0,398,277,2026-10-01,2026-09-24
602.5,33,127,2026-10-01,2026-09-24
605.0,54,68,2026-10-01,2026-09-24
607.5,31,95,2026-10-01,2026-09-24
610.0,129,203,2026-10-01,2026-09-24
612.5,94,73,2026-10-01,2026-09-24
615.0,187,207,2026-10-01,2026-09-24
617.5,76,30,2026-10-01,2026-09-24
620.0,355,131,2026-10-01,2026-09-24
622.5,128,32,2026-10-01,2026-09-24
625.0,307,54,2026-10-01,2026-09-24
627.5,55,21,2026-10-01,2026-09-24
630.0,100,17,2026-10-01,2026-09-24
632.5,62,21,2026-10-01,2026-09-24
635.0,116,16,2026-10-01,2026-09-24
637.5,129,19,2026-10-01,2026-09-24
640.0,103,4,2026-10-01,2026-09-24
642.5,14,0,2026-10-01,2026-09-24
645.0,67,0,2026-10-01,2026-09-24
647.5,6,0,2026-10-01,2026-09-24
650.0,523,23,2026-10-01,2026-09-24
652.5,5,0,2026-10-01,2026-09-24
655.0,108,0,2026-10-01,2026-09-24
657.5,0,0,2026-10-01,2026-09-24
660.0,591,9,2026-10-01,2026-09-24
662.5,131,0,2026-10-01,2026-09-24
665.0,178,0,2026-10-01,2026-09-24
667.5,5,0,2026-10-01,2026-09-24
670.0,48,0,2026-10-01,2026-09-24
672.5,23,0,2026-10-01,2026-09-24
675.0,34,0,2026-10-01,2026-09-24
677.5,11,0,2026-10-01,2026-09-24
680.0,120,1,2026-10-01,2026-09-24
682.5,0,0,2026-10-01,2026-09-24
685.0,560,1,2026-10-01,2026-09-24
687.5,0,0,2026-10-01,2026-09-24
690.0,230,0,2026-10-01,2026-09-24
692.5,0,0,2026-10-01,2026-09-24
695.0,11,0,2026-10-01,2026-09-24
697.5,11,0,2026-10-01,2026-09-24
700.0,137,0,2026-10-01,2026-09-24
702.5,0,0,2026-10-01,2026-09-24
705.0,10,0,2026-10-01,2026-09-24
707.5,0,0,2026-10-01,2026-09-24
710.0,14,0,2026-10-01,2026-09-24
712.5,0,0,2026-10-01,2026-09-24
715.0,0,0,2026-10-01,2026-09-24
717.5,40,0,2026-10-01,2026-09-24
720.0,3,0,2026-10-01,2026-09-24
722.5,1,0,2026-10-01,2026-09-24
725.0,1,0,2026-10-01,2026-09-24
730.0,105,0,2026-10-01,2026-09-24
735.0,6,0,2026-10-01,2026-09-24
740.0,0,0,2026-10-01,2026-09-24
745.0,2,0,2026-10-01,2026-09-24
750.0,74,0,2026-10-01,2026-09-24
755.0,3,0,2026-10-01,2026-09-24
760.0,2,0,2026-10-01,2026-09-24
765.0,3,0,2026-10-01,2026-09-24
770.0,3,0,2026-10-01,2026-09-24
775.0,0,0,2026-10-01,2026-09-24
780.0,9,0,2026-10-01,2026-09-24
785.0,1,0,2026-10-01,2026-09-24
790.0,17,0,2026-10-01,2026-09-24
795.0,8,0,2026-10-01,2026-09-24
800.0,6,0,2026-10-01,2026-09-24
805.0,5,0,2026-10-01,2026-09-24
810.0,30,0,2026-10-01,2026-09-24
815.0,2,0,2026-10-01,2026-09-24
820.0,6,0,2026-10-01,2026-09-24
825.0,3,0,2026-10-01,2026-09-24
830.0,8,0,2026-10-01,2026-09-24
835.0,2,0,2026-10-01,2026-09-24
840.0,20,0,2026-10-01,2026-09-24
845.0,4,0,2026-10-01,2026-09-24
850.0,3,0,2026-10-01,2026-09-24
855.0,2,0,2026-10-01,2026-09-24
860.0,1,0,2026-10-01,2026-09-24
865.0,0,0,2026-10-01,2026-09-24
870.0,3,0,2026-10-01,2026-09-24
875.0,10,0,2026-10-01,2026-09-24
880.0,3,0,2026-10-01,2026-09-24
885.0,2,0,2026-10-01,2026-09-24
890.0,0,0,2026-10-01,2026-09-24
895.0,0,0,2026-10-01,2026-09-24
900.0,1,0,2026-10-01,2026-09-24
559.03,1070,1070,2026-10-02,2026-09-24
40.0,23,48,2026-10-03,2026-09-24
45.0,0,30,2026-10-03,2026-09-24
50.0,0,18,2026-10-03,2026-09-24
55.0,0,8,2026-10-03,2026-09-24
60.0,0,25,2026-10-03,2026-09-24
65.0,0,30,2026-10-03,2026-09-24
70.0,0,5,2026-10-03,2026-09-24
75.0,0,38,2026-10-03,2026-09-24
80.0,0,1,2026-10-03,2026-09-24
85.0,5,53,2026-10-03,2026-09-24
90.0,1,16,2026-10-03,2026-09-24
95.0,1,0,2026-10-03,2026-09-24
100.0,2,33,2026-10-03,2026-09-24
105.0,1,0,2026-10-03,2026-09-24
110.0,2,0,2026-10-03,2026-09-24
115.0,13,1,2026-10-03,2026-09-24
120.0,1,3,2026-10-03,2026-09-24
125.0,14,11,2026-10-03,2026-09-24
130.0,2,1,2026-10-03,2026-09-24
135.0,2,5,2026-10-03,2026-09-24
140.0,0,0,2026-10-03,2026-09-24
145.0,8,4,2026-10-03,2026-09-24
150.0,0,3,2026-10-03,2026-09-24
155.0,1,13,2026-10-03,2026-09-24
160.0,10,4,2026-10-03,2026-09-24
165.0,30,13,2026-10-03,2026-09-24
170.0,19,24,2026-10-03,2026-09-24
175.0,23,217,2026-10-03,2026-09-24
180.0,12,51,2026-10-03,2026-09-24
185.0,5,114,2026-10-03,2026-09-24
190.0,21,92,2026-10-03,2026-09-24
195.0,3,112,2026-10-03,2026-09-24
200.0,25,55,2026-10-03,2026-09-24
205.0,3,38,2026-10-03,2026-09-24
210.0,12,130,2026-10-03,2026-09-24
215.0,72,78,2026-10-03,2026-09-24
220.0,23,40,2026-10-03,2026-09-24
225.0,3,44,2026-10-03,2026-09-24
230.0,8,18,2026-10-03,2026-09-24
235.0,1,54,2026-10-03,2026-09-24
240.0,15,143,2026-10-03,2026-09-24
245.0,1,51,2026-10-03,2026-09-24
250.0,55,24,2026-10-03,2026-09-24
255.0,4,208,2026-10-03,2026-09-24
260.0,2,136,2026-10-03,2026-09-24
265.0,2,13,2026-10-03,2026-09-24
270.0,3,27,2026-10-03,2026-09-24
275.0,4,33,2026-10-03,2026-09-24
280.0,21,347,2026-10-03,2026-09-24
285.0,2,55,2026-10-03,2026-09-24
290.0,7,145,2026-10-03,2026-09-24
295.0,12,70,2026-10-03,2026-09-24
300.0,26,99,2026-10-03,2026-09-24
305.0,10,39,2026-10-03,2026-09-24
310.0,29,11,2026-10-03,2026-09-24
315.0,10,19,2026-10-03,2026-09-24
320.0,50,1677,2026-10-03,2026-09-24
325.0,19,65,2026-10-03,2026-09-24
330.0,21,111,2026-10-03,2026-09-24
335.0,11,28,2026-10-03,2026-09-24
340.0,12,167,2026-10-03,2026-09-24
345.0,64,155,2026-10-03,2026-09-24
350.0,39,165,2026-10-03,2026-09-24
355.0,4,1371,2026-10-03,2026-09-24
360.0,26,318,2026-10-03,2026-09-24
365.0,14,788,2026-10-03,2026-09-24
370.0,71,230,2026-10-03,2026-09-24
375.0,31,418,2026-10-03,2026-09-24
380.0,15,476,2026-10-03,2026-09-24
385.0,43,250,2026-10-03,2026-09-24
390.0,12,571,2026-10-03,2026-09-24
395.0,1,138,2026-10-03,2026-09-24
400.0,253,775,2026-10-03,2026-09-24
405.0,19,618,2026-10-03,2026-09-24
410.0,79,16293,2026-10-03,2026-09-24
415.0,105,1003,2026-10-03,2026-09-24
417.5,0,5,2026-10-03,2026-09-24
420.0,459,1233,2026-10-03,2026-09-24
422.5,0,6,2026-10-03,2026-09-24
425.0,23,1146,2026-10-03,2026-09-24
427.5,1,8,2026-10-03,2026-09-24
430.0,36,993,2026-10-03,2026-09-24
432.5,0,15,2026-10-03,2026-09-24
435.0,19,542,2026-10-03,2026-09-24
437.5,0,16,2026-10-03,2026-09-24
440.0,122,1284,2026-10-03,2026-09-24
442.5,1,10,2026-10-03,2026-09-24
443.0,10100,10100,2026-10-03,2026-09-24
445.0,317,203,2026-10-03,2026-09-24
447.5,2,18,2026-10-03,2026-09-24
450.0,147,1853,2026-10-03,2026-09-24
452.5,0,6,2026-10-03,2026-09-24
455.0,72,960,2026-10-03,2026-09-24
457.5,0,57,2026-10-03,2026-09-24
460.0,180,2461,2026-10-03,2026-09-24
462.5,0,74,2026-10-03,2026-09-24
465.0,4500,4500,2026-10-03,2026-09-24
465.0,208,432,2026-10-03,2026-09-24
467.5,0,10,2026-10-03,2026-09-24
470.0,5817,5817,2026-10-03,2026-09-24
470.0,164,1719,2026-10-03,2026-09-24
472.5,1,36,2026-10-03,2026-09-24
475.0,1062,464,2026-10-03,2026-09-24
477.5,19,10,2026-10-03,2026-09-24
480.0,326,581,2026-10-03,2026-09-24
482.5,1,73,2026-10-03,2026-09-24
485.0,528,669,2026-10-03,2026-09-24
487.5,1,148,2026-10-03,2026-09-24
490.0,376,348,2026-10-03,2026-09-24
492.5,36,103,2026-10-03,2026-09-24
495.0,206,433,2026-10-03,2026-09-24
497.5,25,40,2026-10-03,2026-09-24
500.0,530,3453,2026-10-03,2026-09-24
502.5,93,132,2026-10-03,2026-09-24
505.0,302,480,2026-10-03,2026-09-24
507.5,96,102,2026-10-03,2026-09-24
510.0,239,293,2026-10-03,2026-09-24
512.5,55,134,2026-10-03,2026-09-24
515.0,705,251,2026-10-03,2026-09-24
517.5,57,95,2026-10-03,2026-09-24
520.0,1203,1341,2026-10-03,2026-09-24
522.5,134,172,2026-10-03,2026-09-24
525.0,380,296,2026-10-03,2026-09-24
527.5,86,343,2026-10-03,2026-09-24
530.0,831,579,2026-10-03,2026-09-24
532.5,161,166,2026-10-03,2026-09-24
535.0,244,363,2026-10-03,2026-09-24
537.5,215,193,2026-10-03,2026-09-24
540.0,714,610,2026-10-03,2026-09-24
542.5,78,172,2026-10-03,2026-09-24
545.0,436,327,2026-10-03,2026-09-24
547.5,73,673,2026-10-03,2026-09-24
550.0,2023,2191,2026-10-03,2026-09-24
552.5,134,244,2026-10-03,2026-09-24
555.0,1682,423,2026-10-03,2026-09-24
557.5,162,144,2026-10-03,2026-09-24
560.0,928,1047,2026-10-03,2026-09-24
562.5,125,380,2026-10-03,2026-09-24
565.0,242,484,2026-10-03,2026-09-24
567.5,149,79,2026-10-03,2026-09-24
570.0,1141,524,2026-10-03,2026-09-24
572.5,38,477,2026-10-03,2026-09-24
575.0,1169,1773,2026-10-03,2026-09-24
577.5,47,378,2026-10-03,2026-09-24
580.0,871,830,2026-10-03,2026-09-24
582.5,62,280,2026-10-03,2026-09-24
585.0,485,655,2026-10-03,2026-09-24
587.5,44,523,2026-10-03,2026-09-24
590.0,697,1123,2026-10-03,2026-09-24
592.5,70,524,2026-10-03,2026-09-24
595.0,1111,340,2026-10-03,2026-09-24
597.5,163,255,2026-10-03,2026-09-24
600.0,1452,3829,2026-10-03,2026-09-24
602.5,169,512,2026-10-03,2026-09-24
605.0,859,439,2026-10-03,2026-09-24
607.5,261,262,2026-10-03,2026-09-24
610.0,590,426,2026-10-03,2026-09-24
612.5,280,232,2026-10-03,2026-09-24
615.0,1034,390,2026-10-03,2026-09-24
617.5,285,133,2026-10-03,2026-09-24
620.0,5000,5000,2026-10-03,2026-09-24
620.0,962,476,2026-10-03,2026-09-24
622.5,287,89,2026-10-03,2026-09-24
625.0,711,94,2026-10-03,2026-09-24
627.5,1073,137,2026-10-03,2026-09-24
630.0,962,127,2026-10-03,2026-09-24
632.5,205,143,2026-10-03,2026-09-24
635.0,152,143,2026-10-03,2026-09-24
637.5,248,81,2026-10-03,2026-09-24
640.0,849,195,2026-10-03,2026-09-24
642.5,1156,52,2026-10-03,2026-09-24
645.0,234,44,2026-10-03,2026-09-24
647.5,398,55,2026-10-03,2026-09-24
650.0,1133,40,2026-10-03,2026-09-24
652.5,304,5,2026-10-03,2026-09-24
655.0,374,0,2026-10-03,2026-09-24
657.5,361,1,2026-10-03,2026-09-24
660.0,621,38,2026-10-03,2026-09-24
662.5,58,0,2026-10-03,2026-09-24
665.0,207,25,2026-10-03,2026-09-24
667.5,45,0,2026-10-03,2026-09-24
670.0,1445,1,2026-10-03,2026-09-24
672.5,59,0,2026-10-03,2026-09-24
675.0,251,5,2026-10-03,2026-09-24
677.5,5,0,2026-10-03,2026-09-24
680.0,937,2,2026-10-03,2026-09-24
682.5,16,0,2026-10-03,2026-09-24
685.0,331,1,2026-10-03,2026-09-24
687.5,96,0,2026-10-03,2026-09-24
690.0,573,3,2026-10-03,2026-09-24
692.5,47,0,2026-10-03,2026-09-24
695.0,255,2,2026-10-03,2026-09-24
697.5,31,0,2026-10-03,2026-09-24
700.0,3375,9,2026-10-03,2026-09-24
702.5,146,0,2026-10-03,2026-09-24
705.0,358,0,2026-10-03,2026-09-24
707.5,4,0,2026-10-03,2026-09-24
710.0,609,0,2026-10-03,2026-09-24
712.5,20,0,2026-10-03,2026-09-24
715.0,1178,16,2026-10-03,2026-09-24
717.5,257,0,2026-10-03,2026-09-24
720.0,176,10,2026-10-03,2026-09-24
722.5,40,0,2026-10-03,2026-09-24
725.0,277,1,2026-10-03,2026-09-24
727.5,29,0,2026-10-03,2026-09-24
730.0,88,0,2026-10-03,2026-09-24
732.5,0,0,2026-10-03,2026-09-24
735.0,129,0,2026-10-03,2026-09-24
737.5,0,0,2026-10-03,2026-09-24
740.0,207,0,2026-10-03,2026-09-24
742.5,0,0,2026-10-03,2026-09-24
750.0,336,1,2026-10-03,2026-09-24
760.0,128,0,2026-10-03,2026-09-24
770.0,464,0,2026-10-03,2026-09-24
780.0,31,0,2026-10-03,2026-09-24
790.0,241,0,2026-10-03,2026-09-24
800.0,725,0,2026-10-03,2026-09-24
810.0,46,0,2026-10-03,2026-09-24
820.0,48,0,2026-10-03,2026-09-24
830.0,18,0,2026-10-03,2026-09-24
840.0,83,0,2026-10-03,2026-09-24
850.0,167,0,2026-10-03,2026-09-24
860.0,45,0,2026-10-03,2026-09-24
870.0,128,0,2026-10-03,2026-09-24
880.0,27,0,2026-10-03,2026-09-24
890.0,41,0,2026-10-03,2026-09-24
900.0,208,0,2026-10-03,2026-09-24
910.0,18,0,2026-10-03,2026-09-24
920.0,110,0,2026-10-03,2026-09-24
930.0,34,0,2026-10-03,2026-09-24
940.0,117,0,2026-10-03,2026-09-24
950.0,42,0,2026-10-03,2026-09-24
960.0,39,0,2026-10-03,2026-09-24
970.0,46,0,2026-10-03,2026-09-24
980.0,19,0,2026-10-03,2026-09-24
990.0,193,0,2026-10-03,2026-09-24
310.0,0,0,2026-10-06,2026-09-24
315.0,0,0,2026-10-06,2026-09-24
320.0,0,0,2026-10-06,2026-09-24
325.0,0,0,2026-10-06,2026-09-24
330.0,0,0,2026-10-06,2026-09-24
335.0,0,0,2026-10-06,2026-09-24
340.0,0,0,2026-10-06,2026-09-24
345.0,0,0,2026-10-06,2026-09-24
350.0,0,0,2026-10-06,2026-09-24
355.0,0,1,2026-10-06,2026-09-24
360.0,0,1,2026-10-06,2026-09-24
365.0,0,3,2026-10-06,2026-09-24
370.0,0,5,2026-10-06,2026-09-24
375.0,0,2,2026-10-06,2026-09-24
380.0,1,4,2026-10-06,2026-09-24
385.0,0,2,2026-10-06,2026-09-24
390.0,0,5,2026-10-06,2026-09-24
395.0,0,2,2026-10-06,2026-09-24
400.0,0,10,2026-10-06,2026-09-24
405.0,0,1,2026-10-06,2026-09-24
410.0,0,4,2026-10-06,2026-09-24
415.0,0,1,2026-10-06,2026-09-24
420.0,0,2,2026-10-06,2026-09-24
425.0,0,5,2026-10-06,2026-09-24
430.0,0,0,2026-10-06,2026-09-24
435.0,0,1,2026-10-06,2026-09-24
440.0,0,0,2026-10-06,2026-09-24
445.0,10,0,2026-10-06,2026-09-24
450.0,10,0,2026-10-06,2026-09-24
455.0,0,0,2026-10-06,2026-09-24
460.0,10,0,2026-10-06,2026-09-24
465.0,0,14,2026-10-06,2026-09-24
470.0,0,88,2026-10-06,2026-09-24
475.0,0,50,2026-10-06,2026-09-24
480.0,0,369,2026-10-06,2026-09-24
485.0,0,42,2026-10-06,2026-09-24
490.0,0,101,2026-10-06,2026-09-24
495.0,1,15,2026-10-06,2026-09-24
500.0,1,16,2026-10-06,2026-09-24
505.0,0,300,2026-10-06,2026-09-24
507.5,0,0,2026-10-06,2026-09-24
510.0,0,25,2026-10-06,2026-09-24
512.5,0,0,2026-10-06,2026-09-24
515.0,9,11,2026-10-06,2026-09-24
517.5,0,0,2026-10-06,2026-09-24
520.0,0,11,2026-10-06,2026-09-24
522.5,0,2,2026-10-06,2026-09-24
525.0,0,9,2026-10-06,2026-09-24
527.5,0,0,2026-10-06,2026-09-24
530.0,1,55,2026-10-06,2026-09-24
532.5,0,0,2026-10-06,2026-09-24
535.0,1,34,2026-10-06,2026-09-24
537.5,0,0,2026-10-06,2026-09-24
540.0,2,4,2026-10-06,2026-09-24
542.5,0,2,2026-10-06,2026-09-24
545.0,1,1003,2026-10-06,2026-09-24
547.5,0,6,2026-10-06,2026-09-24
550.0,12,138,2026-10-06,2026-09-24
552.5,0,0,2026-10-06,2026-09-24
555.0,1,16,2026-10-06,2026-09-24
557.5,0,0,2026-10-06,2026-09-24
560.0,8,149,2026-10-06,2026-09-24
562.5,0,7,2026-10-06,2026-09-24
565.0,0,20,2026-10-06,2026-09-24
567.5,0,1,2026-10-06,2026-09-24
570.0,4,95,2026-10-06,2026-09-24
572.5,65,33,2026-10-06,2026-09-24
575.0,12,63,2026-10-06,2026-09-24
577.5,0,13,2026-10-06,2026-09-24
580.0,11,46,2026-10-06,2026-09-24
582.5,0,10,2026-10-06,2026-09-24
585.0,7,21,2026-10-06,2026-09-24
587.5,2,0,2026-10-06,2026-09-24
590.0,20,92,2026-10-06,2026-09-24
592.5,0,16,2026-10-06,2026-09-24
595.0,4,33,2026-10-06,2026-09-24
597.5,15,1,2026-10-06,2026-09-24
600.0,61,205,2026-10-06,2026-09-24
602.5,2,7,2026-10-06,2026-09-24
605.0,40,25,2026-10-06,2026-09-24
607.5,2,13,2026-10-06,2026-09-24
610.0,35,91,2026-10-06,2026-09-24
612.5,16,119,2026-10-06,2026-09-24
615.0,70,138,2026-10-06,2026-09-24
617.5,87,43,2026-10-06,2026-09-24
620.0,129,26,2026-10-06,2026-09-24
622.5,38,6,2026-10-06,2026-09-24
625.0,90,3,2026-10-06,2026-09-24
627.5,4,0,2026-10-06,2026-09-24
630.0,13,7,2026-10-06,2026-09-24
632.5,3,0,2026-10-06,2026-09-24
635.0,27,0,2026-10-06,2026-09-24
637.5,0,0,2026-10-06,2026-09-24
640.0,22,1,2026-10-06,2026-09-24
642.5,1,0,2026-10-06,2026-09-24
645.0,7,0,2026-10-06,2026-09-24
647.5,4,0,2026-10-06,2026-09-24
650.0,172,1,2026-10-06,2026-09-24
652.5,150,0,2026-10-06,2026-09-24
655.0,3,0,2026-10-06,2026-09-24
657.5,44,0,2026-10-06,2026-09-24
660.0,6,0,2026-10-06,2026-09-24
662.5,0,0,2026-10-06,2026-09-24
665.0,0,0,2026-10-06,2026-09-24
667.5,0,0,2026-10-06,2026-09-24
670.0,32,0,2026-10-06,2026-09-24
672.5,0,0,2026-10-06,2026-09-24
675.0,0,0,2026-10-06,2026-09-24
677.5,0,0,2026-10-06,2026-09-24
680.0,9,2,2026-10-06,2026-09-24
682.5,0,0,2026-10-06,2026-09-24
685.0,3,0,2026-10-06,2026-09-24
687.5,0,0,2026-10-06,2026-09-24
690.0,2,0,2026-10-06,2026-09-24
692.5,0,0,2026-10-06,2026-09-24
695.0,0,0,2026-10-06,2026-09-24
697.5,0,0,2026-10-06,2026-09-24
700.0,101,0,2026-10-06,2026-09-24
702.5,0,0,2026-10-06,2026-09-24
705.0,0,0,2026-10-06,2026-09-24
707.5,0,0,2026-10-06,2026-09-24
710.0,0,0,2026-10-06,2026-09-24
712.5,0,0,2026-10-06,2026-09-24
715.0,0,0,2026-10-06,2026-09-24
717.5,2,0,2026-10-06,2026-09-24
720.0,0,0,2026-10-06,2026-09-24
722.5,0,0,2026-10-06,2026-09-24
725.0,1,0,2026-10-06,2026-09-24
727.5,0,0,2026-10-06,2026-09-24
730.0,0,0,2026-10-06,2026-09-24
732.5,0,0,2026-10-06,2026-09-24
735.0,0,0,2026-10-06,2026-09-24
737.5,0,0,2026-10-06,2026-09-24
740.0,0,0,2026-10-06,2026-09-24
566.75,2,0,2026-10-09,2026-09-24
40.0,0,71,2026-10-10,2026-09-24
45.0,0,23,2026-10-10,2026-09-24
50.0,0,11,2026-10-10,2026-09-24
55.0,0,7,2026-10-10,2026-09-24
60.0,0,48,2026-10-10,2026-09-24
65.0,0,36,2026-10-10,2026-09-24
70.0,3,40,2026-10-10,2026-09-24
75.0,1,26,2026-10-10,2026-09-24
80.0,1,54,2026-10-10,2026-09-24
85.0,0,34,2026-10-10,2026-09-24
90.0,3,14,2026-10-10,2026-09-24
95.0,0,26,2026-10-10,2026-09-24
100.0,0,18,2026-10-10,2026-09-24
105.0,0,4,2026-10-10,2026-09-24
110.0,0,7,2026-10-10,2026-09-24
115.0,2,1,2026-10-10,2026-09-24
120.0,1,5,2026-10-10,2026-09-24
125.0,2,1,2026-10-10,2026-09-24
130.0,3,1,2026-10-10,2026-09-24
135.0,1,1,2026-10-10,2026-09-24
140.0,2,2,2026-10-10,2026-09-24
145.0,0,1,2026-10-10,2026-09-24
150.0,2,0,2026-10-10,2026-09-24
155.0,1,0,2026-10-10,2026-09-24
160.0,1,4,2026-10-10,2026-09-24
165.0,0,0,2026-10-10,2026-09-24
170.0,8,1,2026-10-10,2026-09-24
175.0,0,0,2026-10-10,2026-09-24
180.0,1,4,2026-10-10,2026-09-24
185.0,3,13,2026-10-10,2026-09-24
190.0,0,21,2026-10-10,2026-09-24
195.0,1,30,2026-10-10,2026-09-24
200.0,0,73,2026-10-10,2026-09-24
205.0,0,27,2026-10-10,2026-09-24
210.0,0,23,2026-10-10,2026-09-24
215.0,7,41,2026-10-10,2026-09-24
220.0,2,6,2026-10-10,2026-09-24
225.0,2,31,2026-10-10,2026-09-24
230.0,1,11,2026-10-10,2026-09-24
235.0,0,14,2026-10-10,2026-09-24
240.0,5,77,2026-10-10,2026-09-24
245.0,2,12,2026-10-10,2026-09-24
250.0,3,44,2026-10-10,2026-09-24
255.0,4,10,2026-10-10,2026-09-24
260.0,1,46,2026-10-10,2026-09-24
265.0,0,11,2026-10-10,2026-09-24
270.0,0,25,2026-10-10,2026-09-24
275.0,2,45,2026-10-10,2026-09-24
280.0,1,71,2026-10-10,2026-09-24
285.0,0,115,2026-10-10,2026-09-24
290.0,0,495,2026-10-10,2026-09-24
295.0,3,39,2026-10-10,2026-09-24
300.0,1,111,2026-10-10,2026-09-24
305.0,2,38,2026-10-10,2026-09-24
310.0,1,11045,2026-10-10,2026-09-24
315.0,1,6,2026-10-10,2026-09-24
320.0,4,95,2026-10-10,2026-09-24
325.0,2,45,2026-10-10,2026-09-24
330.0,6,45,2026-10-10,2026-09-24
335.0,1,64,2026-10-10,2026-09-24
340.0,1,114,2026-10-10,2026-09-24
345.0,1,56,2026-10-10,2026-09-24
350.0,3,1472,2026-10-10,2026-09-24
355.0,0,56,2026-10-10,2026-09-24
360.0,2,98,2026-10-10,2026-09-24
365.0,2,60,2026-10-10,2026-09-24
370.0,4,39,2026-10-10,2026-09-24
375.0,5,93,2026-10-10,2026-09-24
380.0,7,154,2026-10-10,2026-09-24
385.0,8,1473,2026-10-10,2026-09-24
390.0,17,91,2026-10-10,2026-09-24
395.0,0,104,2026-10-10,2026-09-24
400.0,45,784,2026-10-10,2026-09-24
405.0,1,253,2026-10-10,2026-09-24
410.0,12,122,2026-10-10,2026-09-24
415.0,17,173,2026-10-10,2026-09-24
420.0,14,2541,2026-10-10,2026-09-24
425.0,10,90,2026-10-10,2026-09-24
430.0,17,176,2026-10-10,2026-09-24
435.0,8,369,2026-10-10,2026-09-24
440.0,100,601,2026-10-10,2026-09-24
445.0,15,265,2026-10-10,2026-09-24
450.0,137,506,2026-10-10,2026-09-24
455.0,54,218,2026-10-10,2026-09-24
460.0,67,156,2026-10-10,2026-09-24
465.0,69,153,2026-10-10,2026-09-24
470.0,38,312,2026-10-10,2026-09-24
475.0,204,191,2026-10-10,2026-09-24
480.0,187,291,2026-10-10,2026-09-24
485.0,110,817,2026-10-10,2026-09-24
490.0,1499,276,2026-10-10,2026-09-24
495.0,126,145,2026-10-10,2026-09-24
500.0,307,597,2026-10-10,2026-09-24
505.0,282,300,2026-10-10,2026-09-24
510.0,243,238,2026-10-10,2026-09-24
515.0,1132,397,2026-10-10,2026-09-24
517.5,0,53,2026-10-10,2026-09-24
520.0,446,904,2026-10-10,2026-09-24
522.5,21,608,2026-10-10,2026-09-24
525.0,237,162,2026-10-10,2026-09-24
527.5,0,25,2026-10-10,2026-09-24
530.0,421,396,2026-10-10,2026-09-24
532.5,0,196,2026-10-10,2026-09-24
535.0,141,215,2026-10-10,2026-09-24
537.5,3,47,2026-10-10,2026-09-24
540.0,143,258,2026-10-10,2026-09-24
542.5,0,94,2026-10-10,2026-09-24
545.0,277,191,2026-10-10,2026-09-24
547.5,1,64,2026-10-10,2026-09-24
550.0,7000,7000,2026-10-10,2026-09-24
550.0,458,511,2026-10-10,2026-09-24
552.5,0,184,2026-10-10,2026-09-24
555.0,146,161,2026-10-10,2026-09-24
557.5,14,65,2026-10-10,2026-09-24
560.0,392,107,2026-10-10,2026-09-24
562.5,2,67,2026-10-10,2026-09-24
565.0,358,164,2026-10-10,2026-09-24
570.0,974,153,2026-10-10,2026-09-24
575.0,220,114,2026-10-10,2026-09-24
580.0,394,236,2026-10-10,2026-09-24
585.0,171,551,2026-10-10,2026-09-24
590.0,198,303,2026-10-10,2026-09-24
595.0,174,218,2026-10-10,2026-09-24
600.0,1581,287,2026-10-10,2026-09-24
605.0,1065,120,2026-10-10,2026-09-24
610.0,341,201,2026-10-10,2026-09-24
615.0,610,143,2026-10-10,2026-09-24
620.0,536,193,2026-10-10,2026-09-24
625.0,661,76,2026-10-10,2026-09-24
630.0,741,74,2026-10-10,2026-09-24
635.0,126,48,2026-10-10,2026-09-24
640.0,457,71,2026-10-10,2026-09-24
645.0,164,25,2026-10-10,2026-09-24
650.0,643,26,2026-10-10,2026-09-24
655.0,237,4,2026-10-10,2026-09-24
660.0,270,1,2026-10-10,2026-09-24
665.0,130,1,2026-10-10,2026-09-24
670.0,176,5,2026-10-10,2026-09-24
675.0,218,0,2026-10-10,2026-09-24
680.0,215,0,2026-10-10,2026-09-24
685.0,124,1,2026-10-10,2026-09-24
690.0,239,0,2026-10-10,2026-09-24
695.0,90,0,2026-10-10,2026-09-24
700.0,376,2,2026-10-10,2026-09-24
705.0,179,0,2026-10-10,2026-09-24
710.0,117,0,2026-10-10,2026-09-24
715.0,135,0,2026-10-10,2026-09-24
720.0,212,8,2026-10-10,2026-09-24
725.0,59,1,2026-10-10,2026-09-24
730.0,389,1,2026-10-10,2026-09-24
735.0,124,1,2026-10-10,2026-09-24
740.0,142,10,2026-10-10,2026-09-24
750.0,165,5,2026-10-10,2026-09-24
760.0,181,0,2026-10-10,2026-09-24
770.0,89,0,2026-10-10,2026-09-24
780.0,75,0,2026-10-10,2026-09-24
790.0,119,0,2026-10-10,2026-09-24
800.0,86,0,2026-10-10,2026-09-24
810.0,18,0,2026-10-10,2026-09-24
820.0,134,0,2026-10-10,2026-09-24
830.0,37,0,2026-10-10,2026-09-24
840.0,14,0,2026-10-10,2026-09-24
850.0,114,0,2026-10-10,2026-09-24
860.0,20,0,2026-10-10,2026-09-24
870.0,28,0,2026-10-10,2026-09-24
880.0,11,0,2026-10-10,2026-09-24
890.0,22,0,2026-10-10,2026-09-24
900.0,24,0,2026-10-10,2026-09-24
910.0,118,0,2026-10-10,2026-09-24
920.0,19,0,2026-10-10,2026-09-24
930.0,24,0,2026-10-10,2026-09-24
940.0,10,0,2026-10-10,2026-09-24
950.0,21,0,2026-10-10,2026-09-24
960.0,142,0,2026-10-10,2026-09-24
100.0,999,1032,2026-10-17,2026-09-24
105.0,81,159,2026-10-17,2026-09-24
110.0,32,527,2026-10-17,2026-09-24
115.0,27,103,2026-10-17,2026-09-24
120.0,56,1490,2026-10-17,2026-09-24
125.0,86,462,2026-10-17,2026-09-24
130.0,81,399,2026-10-17,2026-09-24
135.0,153,260,2026-10-17,2026-09-24
140.0,164,518,2026-10-17,2026-09-24
145.0,136,484,2026-10-17,2026-09-24
150.0,139,2502,2026-10-17,2026-09-24
155.0,135,253,2026-10-17,2026-09-24
160.0,204,2373,2026-10-17,2026-09-24
165.0,95,982,2026-10-17,2026-09-24
170.0,130,411,2026-10-17,2026-09-24
175.0,136,991,2026-10-17,2026-09-24
180.0,277,779,2026-10-17,2026-09-24
185.0,227,400,2026-10-17,2026-09-24
190.0,971,312,2026-10-17,2026-09-24
195.0,204,520,2026-10-17,2026-09-24
200.0,421,2869,2026-10-17,2026-09-24
210.0,639,966,2026-10-17,2026-09-24
220.0,256,771,2026-10-17,2026-09-24
230.0,528,686,2026-10-17,2026-09-24
240.0,380,1132,2026-10-17,2026-09-24
250.0,919,1432,2026-10-17,2026-09-24
257.0,1138,0,2026-10-17,2026-09-24
260.0,460,2206,2026-10-17,2026-09-24
270.0,484,1130,2026-10-17,2026-09-24
280.0,844,881,2026-10-17,2026-09-24
290.0,329,1181,2026-10-17,2026-09-24
300.0,980,5802,2026-10-17,2026-09-24
310.0,434,1492,2026-10-17,2026-09-24
320.0,935,1696,2026-10-17,2026-09-24
330.0,953,2158,2026-10-17,2026-09-24
340.0,672,1222,2026-10-17,2026-09-24
350.0,6,0,2026-10-17,2026-09-24
350.0,601,3689,2026-10-17,2026-09-24
360.0,259,1651,2026-10-17,2026-09-24
370.0,589,6920,2026-10-17,2026-09-24
380.0,549,3012,2026-10-17,2026-09-24
390.0,252,2292,2026-10-17,2026-09-24
400.0,3,0,2026-10-17,2026-09-24
400.0,581,9239,2026-10-17,2026-09-24
410.0,234,2550,2026-10-17,2026-09-24
420.0,403,6642,2026-10-17,2026-09-24
430.0,1000,1000,2026-10-17,2026-09-24
430.0,405,3439,2026-10-17,2026-09-24
440.0,374,3941,2026-10-17,2026-09-24
450.0,6392,6340,2026-10-17,2026-09-24
460.0,2000,2000,2026-10-17,2026-09-24
460.0,949,3449,2026-10-17,2026-09-24
470.0,1970,1970,2026-10-17,2026-09-24
470.0,1464,2692,2026-10-17,2026-09-24
475.0,5000,5000,2026-10-17,2026-09-24
475.0,0,683,2026-10-17,2026-09-24
480.0,17740,17740,2026-10-17,2026-09-24
480.0,1705,2589,2026-10-17,2026-09-24
485.0,1,340,2026-10-17,2026-09-24
490.0,8324,8324,2026-10-17,2026-09-24
490.0,12347,2432,2026-10-17,2026-09-24
490.01,0,8280,2026-10-17,2026-09-24
495.0,1500,1500,2026-10-17,2026-09-24
495.0,0,278,2026-10-17,2026-09-24
500.0,2250,2250,2026-10-17,2026-09-24
500.0,2763,4316,2026-10-17,2026-09-24
505.0,1,127,2026-10-17,2026-09-24
510.0,4000,4000,2026-10-17,2026-09-24
510.0,2188,2022,2026-10-17,2026-09-24
515.0,1,98,2026-10-17,2026-09-24
517.5,6,71,2026-10-17,2026-09-24
520.0,404,404,2026-10-17,2026-09-24
520.0,2608,3510,2026-10-17,2026-09-24
520.01,193,0,2026-10-17,2026-09-24
522.5,0,70,2026-10-17,2026-09-24
525.0,500,500,2026-10-17,2026-09-24
525.0,9,290,2026-10-17,2026-09-24
527.5,0,83,2026-10-17,2026-09-24
530.0,3763,3763,2026-10-17,2026-09-24
530.0,3231,1195,2026-10-17,2026-09-24
532.5,7,35,2026-10-17,2026-09-24
535.0,13,125,2026-10-17,2026-09-24
537.5,2,111,2026-10-17,2026-09-24
540.0,4451,2493,2026-10-17,2026-09-24
542.5,2,74,2026-10-17,2026-09-24
545.0,2,133,2026-10-17,2026-09-24
547.5,2,158,2026-10-17,2026-09-24
550.0,47,37,2026-10-17,2026-09-24
550.0,4425,2085,2026-10-17,2026-09-24
552.5,21,154,2026-10-17,2026-09-24
555.0,36,142,2026-10-17,2026-09-24
557.5,12,107,2026-10-17,2026-09-24
560.0,2184,3161,2026-10-17,2026-09-24
562.5,32,101,2026-10-17,2026-09-24
565.0,151,356,2026-10-17,2026-09-24
570.0,1682,1208,2026-10-17,2026-09-24
575.0,2600,2600,2026-10-17,2026-09-24
575.0,794,193,2026-10-17,2026-09-24
580.0,7,0,2026-10-17,2026-09-24
580.0,2636,979,2026-10-17,2026-09-24
585.0,1876,1876,2026-10-17,2026-09-24
585.0,111,168,2026-10-17,2026-09-24
590.0,1602,471,2026-10-17,2026-09-24
595.0,610,258,2026-10-17,2026-09-24
600.0,6949,2556,2026-10-17,2026-09-24
605.0,545,545,2026-10-17,2026-09-24
605.0,572,296,2026-10-17,2026-09-24
610.0,4000,4000,2026-10-17,2026-09-24
610.0,3255,1164,2026-10-17,2026-09-24
615.0,11676,11676,2026-10-17,2026-09-24
615.0,556,299,2026-10-17,2026-09-24
620.0,2274,593,2026-10-17,2026-09-24
630.0,3575,170,2026-10-17,2026-09-24
640.0,1772,127,2026-10-17,2026-09-24
650.0,2786,78,2026-10-17,2026-09-24
660.0,2315,66,2026-10-17,2026-09-24
670.0,1085,56,2026-10-17,2026-09-24
680.0,1298,41,2026-10-17,2026-09-24
690.0,988,31,2026-10-17,2026-09-24
700.0,6157,6,2026-10-17,2026-09-24
710.0,702,0,2026-10-17,2026-09-24
720.0,1006,4,2026-10-17,2026-09-24
730.0,621,1,2026-10-17,2026-09-24
740.0,604,4,2026-10-17,2026-09-24
750.0,3121,10,2026-10-17,2026-09-24
760.0,1180,0,2026-10-17,2026-09-24
770.0,444,1,2026-10-17,2026-09-24
780.0,814,0,2026-10-17,2026-09-24
790.0,571,0,2026-10-17,2026-09-24
800.0,3237,0,2026-10-17,2026-09-24
810.0,385,0,2026-10-17,2026-09-24
820.0,584,0,2026-10-17,2026-09-24
830.0,431,0,2026-10-17,2026-09-24
840.0,207,0,2026-10-17,2026-09-24
850.0,361,0,2026-10-17,2026-09-24
860.0,372,0,2026-10-17,2026-09-24
870.0,178,0,2026-10-17,2026-09-24
880.0,121,0,2026-10-17,2026-09-24
890.0,324,0,2026-10-17,2026-09-24
900.0,1751,0,2026-10-17,2026-09-24
910.0,197,0,2026-10-17,2026-09-24
920.0,365,0,2026-10-17,2026-09-24
930.0,294,0,2026-10-17,2026-09-24
940.0,193,0,2026-10-17,2026-09-24
950.0,733,0,2026-10-17,2026-09-24
960.0,139,0,2026-10-17,2026-09-24
970.0,164,0,2026-10-17,2026-09-24
980.0,102,0,2026-10-17,2026-09-24
990.0,69,0,2026-10-17,2026-09-24
1000.0,684,0,2026-10-17,2026-09-24
1010.0,276,0,2026-10-17,2026-09-24
1020.0,156,0,2026-10-17,2026-09-24
1030.0,95,0,2026-10-17,2026-09-24
1040.0,88,0,2026-10-17,2026-09-24
1050.0,304,0,2026-10-17,2026-09-24
1060.0,453,0,2026-10-17,2026-09-24
1070.0,292,0,2026-10-17,2026-09-24
1080.0,4917,0,2026-10-17,2026-09-24
1090.0,161,0,2026-10-17,2026-09-24
1100.0,213,0,2026-10-17,2026-09-24
1110.0,657,0,2026-10-17,2026-09-24
1120.0,5809,0,2026-10-17,2026-09-24
40.0,0,1,2026-10-24,2026-09-24
45.0,0,0,2026-10-24,2026-09-24
50.0,6,0,2026-10-24,2026-09-24
55.0,0,0,2026-10-24,2026-09-24
60.0,0,0,2026-10-24,2026-09-24
65.0,0,0,2026-10-24,2026-09-24
70.0,0,3,2026-10-24,2026-09-24
75.0,0,0,2026-10-24,2026-09-24
80.0,0,0,2026-10-24,2026-09-24
85.0,0,0,2026-10-24,2026-09-24
90.0,0,0,2026-10-24,2026-09-24
95.0,0,0,2026-10-24,2026-09-24
100.0,0,0,2026-10-24,2026-09-24
105.0,0,0,2026-10-24,2026-09-24
110.0,5,0,2026-10-24,2026-09-24
115.0,2,0,2026-10-24,2026-09-24
120.0,2,0,2026-10-24,2026-09-24
125.0,0,0,2026-10-24,2026-09-24
130.0,1,0,2026-10-24,2026-09-24
135.0,0,0,2026-10-24,2026-09-24
140.0,0,1,2026-10-24,2026-09-24
145.0,5,0,2026-10-24,2026-09-24
150.0,4,0,2026-10-24,2026-09-24
155.0,1,2,2026-10-24,2026-09-24
160.0,1,0,2026-10-24,2026-09-24
165.0,0,0,2026-10-24,2026-09-24
170.0,0,0,2026-10-24,2026-09-24
175.0,1,4,2026-10-24,2026-09-24
180.0,7,0,2026-10-24,2026-09-24
185.0,6,0,2026-10-24,2026-09-24
190.0,0,7,2026-10-24,2026-09-24
195.0,0,1,2026-10-24,2026-09-24
200.0,4,63,2026-10-24,2026-09-24
205.0,0,12,2026-10-24,2026-09-24
210.0,3,16,2026-10-24,2026-09-24
215.0,2,17,2026-10-24,2026-09-24
220.0,4,149,2026-10-24,2026-09-24
225.0,1,7,2026-10-24,2026-09-24
230.0,4,13,2026-10-24,2026-09-24
235.0,1,19,2026-10-24,2026-09-24
240.0,9,24,2026-10-24,2026-09-24
245.0,2,19,2026-10-24,2026-09-24
250.0,5,39,2026-10-24,2026-09-24
255.0,3,16,2026-10-24,2026-09-24
260.0,4,12,2026-10-24,2026-09-24
265.0,1,18,2026-10-24,2026-09-24
270.0,1,17,2026-10-24,2026-09-24
275.0,0,20,2026-10-24,2026-09-24
280.0,4,6,2026-10-24,2026-09-24
285.0,55,16,2026-10-24,2026-09-24
290.0,0,58,2026-10-24,2026-09-24
295.0,0,24,2026-10-24,2026-09-24
300.0,4,94,2026-10-24,2026-09-24
305.0,2,14,2026-10-24,2026-09-24
310.0,0,106,2026-10-24,2026-09-24
315.0,0,14,2026-10-24,2026-09-24
320.0,4,19,2026-10-24,2026-09-24
325.0,1,21,2026-10-24,2026-09-24
330.0,1,37,2026-10-24,2026-09-24
335.0,0,8,2026-10-24,2026-09-24
340.0,0,49,2026-10-24,2026-09-24
345.0,2,9,2026-10-24,2026-09-24
350.0,0,94,2026-10-24,2026-09-24
355.0,1,100,2026-10-24,2026-09-24
360.0,0,83,2026-10-24,2026-09-24
365.0,0,23,2026-10-24,2026-09-24
370.0,4,39,2026-10-24,2026-09-24
375.0,3,43,2026-10-24,2026-09-24
380.0,4,109,2026-10-24,2026-09-24
385.0,2,147,2026-10-24,2026-09-24
390.0,8,68,2026-10-24,2026-09-24
395.0,0,48,2026-10-24,2026-09-24
400.0,3,788,2026-10-24,2026-09-24
405.0,2,133,2026-10-24,2026-09-24
410.0,5,87,2026-10-24,2026-09-24
415.0,5,51,2026-10-24,2026-09-24
420.0,13,234,2026-10-24,2026-09-24
425.0,5,229,2026-10-24,2026-09-24
430.0,95,303,2026-10-24,2026-09-24
435.0,2,117,2026-10-24,2026-09-24
440.0,38,158,2026-10-24,2026-09-24
445.0,15,157,2026-10-24,2026-09-24
450.0,19,239,2026-10-24,2026-09-24
455.0,40,91,2026-10-24,2026-09-24
460.0,15,371,2026-10-24,2026-09-24
465.0,42,232,2026-10-24,2026-09-24
470.0,69,300,2026-10-24,2026-09-24
475.0,155,235,2026-10-24,2026-09-24
480.0,61,343,2026-10-24,2026-09-24
485.0,6500,6500,2026-10-24,2026-09-24
485.0,46,259,2026-10-24,2026-09-24
490.0,117,226,2026-10-24,2026-09-24
495.0,61,186,2026-10-24,2026-09-24
500.0,148,533,2026-10-24,2026-09-24
505.0,71,177,2026-10-24,2026-09-24
510.0,100,263,2026-10-24,2026-09-24
515.0,243,287,2026-10-24,2026-09-24
520.0,2370,476,2026-10-24,2026-09-24
525.0,259,140,2026-10-24,2026-09-24
530.0,900,331,2026-10-24,2026-09-24
535.0,119,421,2026-10-24,2026-09-24
540.0,173,333,2026-10-24,2026-09-24
545.0,173,253,2026-10-24,2026-09-24
550.0,214,696,2026-10-24,2026-09-24
555.0,137,101,2026-10-24,2026-09-24
560.0,228,335,2026-10-24,2026-09-24
565.0,188,111,2026-10-24,2026-09-24
570.0,415,117,2026-10-24,2026-09-24
575.0,144,140,2026-10-24,2026-09-24
580.0,507,202,2026-10-24,2026-09-24
585.0,130,87,2026-10-24,2026-09-24
590.0,184,85,2026-10-24,2026-09-24
595.0,128,153,2026-10-24,2026-09-24
600.0,446,371,2026-10-24,2026-09-24
605.0,511,62,2026-10-24,2026-09-24
610.0,950,950,2026-10-24,2026-09-24
610.0,287,192,2026-10-24,2026-09-24
615.0,379,107,2026-10-24,2026-09-24
620.0,371,758,2026-10-24,2026-09-24
625.0,193,41,2026-10-24,2026-09-24
630.0,1764,34,2026-10-24,2026-09-24
635.0,123,34,2026-10-24,2026-09-24
640.0,300,22,2026-10-24,2026-09-24
645.0,165,34,2026-10-24,2026-09-24
650.0,322,22,2026-10-24,2026-09-24
655.0,106,4,2026-10-24,2026-09-24
660.0,661,24,2026-10-24,2026-09-24
665.0,87,10,2026-10-24,2026-09-24
670.0,164,12,2026-10-24,2026-09-24
675.0,160,1,2026-10-24,2026-09-24
680.0,718,15,2026-10-24,2026-09-24
685.0,117,9,2026-10-24,2026-09-24
690.0,121,3,2026-10-24,2026-09-24
695.0,120,17,2026-10-24,2026-09-24
700.0,2704,3,2026-10-24,2026-09-24
705.0,2459,0,2026-10-24,2026-09-24
710.0,120,0,2026-10-24,2026-09-24
715.0,158,1,2026-10-24,2026-09-24
720.0,112,0,2026-10-24,2026-09-24
725.0,104,0,2026-10-24,2026-09-24
730.0,139,0,2026-10-24,2026-09-24
735.0,159,0,2026-10-24,2026-09-24
740.0,138,0,2026-10-24,2026-09-24
750.0,114,0,2026-10-24,2026-09-24
760.0,66,0,2026-10-24,2026-09-24
770.0,139,0,2026-10-24,2026-09-24
780.0,108,2,2026-10-24,2026-09-24
790.0,63,0,2026-10-24,2026-09-24
800.0,102,0,2026-10-24,2026-09-24
810.0,25,0,2026-10-24,2026-09-24
820.0,108,0,2026-10-24,2026-09-24
830.0,63,0,2026-10-24,2026-09-24
840.0,16,0,2026-10-24,2026-09-24
850.0,52,0,2026-10-24,2026-09-24
860.0,8,0,2026-10-24,2026-09-24
870.0,6,0,2026-10-24,2026-09-24
880.0,99,0,2026-10-24,2026-09-24
890.0,180,0,2026-10-24,2026-09-24
900.0,186,0,2026-10-24,2026-09-24
910.0,18,0,2026-10-24,2026-09-24
920.0,9,0,2026-10-24,2026-09-24
930.0,38,0,2026-10-24,2026-09-24
940.0,9,0,2026-10-24,2026-09-24
950.0,10,0,2026-10-24,2026-09-24
960.0,133,0,2026-10-24,2026-09-24
5038.38,12,12,2026-10-24,2026-09-24
40.0,0,2,2026-10-31,2026-09-24
50.0,0,0,2026-10-31,2026-09-24
60.0,0,0,2026-10-31,2026-09-24
70.0,0,0,2026-10-31,2026-09-24
80.0,0,0,2026-10-31,2026-09-24
90.0,0,0,2026-10-31,2026-09-24
100.0,0,0,2026-10-31,2026-09-24
110.0,0,0,2026-10-31,2026-09-24
120.0,1,0,2026-10-31,2026-09-24
130.0,0,0,2026-10-31,2026-09-24
140.0,0,0,2026-10-31,2026-09-24
150.0,4,0,2026-10-31,2026-09-24
160.0,1,0,2026-10-31,2026-09-24
170.0,1,0,2026-10-31,2026-09-24
180.0,0,0,2026-10-31,2026-09-24
190.0,0,0,2026-10-31,2026-09-24
200.0,6,5,2026-10-31,2026-09-24
210.0,0,9,2026-10-31,2026-09-24
220.0,9,0,2026-10-31,2026-09-24
220.0,1,12,2026-10-31,2026-09-24
230.0,1,8,2026-10-31,2026-09-24
240.0,3,21,2026-10-31,2026-09-24
250.0,0,26,2026-10-31,2026-09-24
255.0,1,0,2026-10-31,2026-09-24
260.0,1,50,2026-10-31,2026-09-24
270.0,12,41,2026-10-31,2026-09-24
280.0,2,3,2026-10-31,2026-09-24
290.0,0,72,2026-10-31,2026-09-24
300.0,2,92,2026-10-31,2026-09-24
310.0,1,40,2026-10-31,2026-09-24
315.0,0,17,2026-10-31,2026-09-24
320.0,1,43,2026-10-31,2026-09-24
325.0,15,25,2026-10-31,2026-09-24
330.0,0,46,2026-10-31,2026-09-24
335.0,0,5,2026-10-31,2026-09-24
340.0,2,47,2026-10-31,2026-09-24
345.0,1,11,2026-10-31,2026-09-24
350.0,10,13,2026-10-31,2026-09-24
355.0,1,11,2026-10-31,2026-09-24
360.0,3,36,2026-10-31,2026-09-24
365.0,0,9,2026-10-31,2026-09-24
370.0,0,25,2026-10-31,2026-09-24
375.0,1,55,2026-10-31,2026-09-24
380.0,0,63,2026-10-31,2026-09-24
385.0,3,107,2026-10-31,2026-09-24
390.0,2,65,2026-10-31,2026-09-24
395.0,8,35,2026-10-31,2026-09-24
400.0,22,127,2026-10-31,2026-09-24
405.0,1,9,2026-10-31,2026-09-24
410.0,1,51,2026-10-31,2026-09-24
415.0,1,18,2026-10-31,2026-09-24
420.0,2,111,2026-10-31,2026-09-24
425.0,14,155,2026-10-31,2026-09-24
430.0,2,140,2026-10-31,2026-09-24
435.0,6,64,2026-10-31,2026-09-24
440.0,4,61,2026-10-31,2026-09-24
445.0,0,41,2026-10-31,2026-09-24
450.0,25,368,2026-10-31,2026-09-24
455.0,3,115,2026-10-31,2026-09-24
460.0,1,152,2026-10-31,2026-09-24
465.0,23,95,2026-10-31,2026-09-24
470.0,22,102,2026-10-31,2026-09-24
475.0,20,121,2026-10-31,2026-09-24
480.0,28,197,2026-10-31,2026-09-24
485.0,51,95,2026-10-31,2026-09-24
490.0,55,155,2026-10-31,2026-09-24
495.0,39,200,2026-10-31,2026-09-24
500.0,71,751,2026-10-31,2026-09-24
505.0,50,546,2026-10-31,2026-09-24
510.0,38,257,2026-10-31,2026-09-24
515.0,27,105,2026-10-31,2026-09-24
520.0,74,260,2026-10-31,2026-09-24
525.0,36,144,2026-10-31,2026-09-24
530.0,98,226,2026-10-31,2026-09-24
535.0,78,127,2026-10-31,2026-09-24
540.0,58,193,2026-10-31,2026-09-24
545.0,214,128,2026-10-31,2026-09-24
550.0,278,349,2026-10-31,2026-09-24
555.0,93,40,2026-10-31,2026-09-24
560.0,208,168,2026-10-31,2026-09-24
565.0,115,55,2026-10-31,2026-09-24
570.0,175,113,2026-10-31,2026-09-24
575.0,80,436,2026-10-31,2026-09-24
580.0,186,427,2026-10-31,2026-09-24
585.0,61,61,2026-10-31,2026-09-24
590.0,70,129,2026-10-31,2026-09-24
595.0,95,72,2026-10-31,2026-09-24
600.0,518,138,2026-10-31,2026-09-24
605.0,141,43,2026-10-31,2026-09-24
610.0,340,159,2026-10-31,2026-09-24
615.0,149,563,2026-10-31,2026-09-24
620.0,318,71,2026-10-31,2026-09-24
625.0,475,13,2026-10-31,2026-09-24
630.0,416,25,2026-10-31,2026-09-24
635.0,89,9,2026-10-31,2026-09-24
640.0,338,18,2026-10-31,2026-09-24
645.0,242,19,2026-10-31,2026-09-24
650.0,505,21,2026-10-31,2026-09-24
655.0,79,12,2026-10-31,2026-09-24
660.0,110,6,2026-10-31,2026-09-24
665.0,68,17,2026-10-31,2026-09-24
670.0,305,2,2026-10-31,2026-09-24
675.0,112,1,2026-10-31,2026-09-24
680.0,280,3,2026-10-31,2026-09-24
685.0,91,7,2026-10-31,2026-09-24
690.0,173,0,2026-10-31,2026-09-24
695.0,80,2,2026-10-31,2026-09-24
700.0,468,18,2026-10-31,2026-09-24
705.0,152,0,2026-10-31,2026-09-24
710.0,142,2,2026-10-31,2026-09-24
720.0,351,0,2026-10-31,2026-09-24
730.0,121,0,2026-10-31,2026-09-24
740.0,94,0,2026-10-31,2026-09-24
750.0,133,0,2026-10-31,2026-09-24
760.0,98,0,2026-10-31,2026-09-24
770.0,53,0,2026-10-31,2026-09-24
780.0,68,0,2026-10-31,2026-09-24
790.0,112,0,2026-10-31,2026-09-24
800.0,136,0,2026-10-31,2026-09-24
810.0,26,0,2026-10-31,2026-09-24
820.0,25,0,2026-10-31,2026-09-24
830.0,64,0,2026-10-31,2026-09-24
840.0,30,0,2026-10-31,2026-09-24
850.0,133,0,2026-10-31,2026-09-24
860.0,39,0,2026-10-31,2026-09-24
870.0,38,0,2026-10-31,2026-09-24
880.0,65,0,2026-10-31,2026-09-24
890.0,40,0,2026-10-31,2026-09-24
900.0,148,0,2026-10-31,2026-09-24
910.0,17,0,2026-10-31,2026-09-24
920.0,98,0,2026-10-31,2026-09-24
930.0,9,0,2026-10-31,2026-09-24
940.0,9,0,2026-10-31,2026-09-24
950.0,26,0,2026-10-31,2026-09-24
960.0,134,0,2026-10-31,2026-09-24
610.0,3000,3000,2026-11-03,2026-09-24
489.03,9300,9300,2026-11-04,2026-09-24
523.02,13018,13018,2026-11-04,2026-09-24
535.0,375,375,2026-11-07,2026-09-24
100.0,105,1210,2026-11-21,2026-09-24
105.0,105,592,2026-11-21,2026-09-24
110.0,59,359,2026-11-21,2026-09-24
115.0,69,187,2026-11-21,2026-09-24
120.0,168,1305,2026-11-21,2026-09-24
125.0,105,540,2026-11-21,2026-09-24
130.0,66,1921,2026-11-21,2026-09-24
135.0,112,608,2026-11-21,2026-09-24
140.0,244,2932,2026-11-21,2026-09-24
145.0,237,268,2026-11-21,2026-09-24
150.0,258,1384,2026-11-21,2026-09-24
155.0,119,1071,2026-11-21,2026-09-24
160.0,146,3215,2026-11-21,2026-09-24
165.0,140,1551,2026-11-21,2026-09-24
170.0,166,1060,2026-11-21,2026-09-24
175.0,97,832,2026-11-21,2026-09-24
180.0,170,998,2026-11-21,2026-09-24
185.0,112,958,2026-11-21,2026-09-24
190.0,111,4723,2026-11-21,2026-09-24
195.0,411,955,2026-11-21,2026-09-24
200.0,444,3962,2026-11-21,2026-09-24
210.0,225,4768,2026-11-21,2026-09-24
220.0,919,1574,2026-11-21,2026-09-24
230.0,956,1171,2026-11-21,2026-09-24
240.0,16639,1598,2026-11-21,2026-09-24
250.0,9,0,2026-11-21,2026-09-24
250.0,1612,2166,2026-11-21,2026-09-24
260.0,9678,1710,2026-11-21,2026-09-24
270.0,806,704,2026-11-21,2026-09-24
280.0,1240,503,2026-11-21,2026-09-24
290.0,504,1100,2026-11-21,2026-09-24
300.0,1236,2402,2026-11-21,2026-09-24
310.0,511,997,2026-11-21,2026-09-24
320.0,285,1584,2026-11-21,2026-09-24
330.0,760,3345,2026-11-21,2026-09-24
340.0,630,1317,2026-11-21,2026-09-24
350.0,922,3591,2026-11-21,2026-09-24
360.0,578,3321,2026-11-21,2026-09-24
370.0,465,1731,2026-11-21,2026-09-24
380.0,667,2250,2026-11-21,2026-09-24
390.0,579,1585,2026-11-21,2026-09-24
400.0,910,4222,2026-11-21,2026-09-24
410.0,289,4764,2026-11-21,2026-09-24
420.0,424,1374,2026-11-21,2026-09-24
430.0,6373,7727,2026-11-21,2026-09-24
440.0,334,2529,2026-11-21,2026-09-24
450.0,688,3547,2026-11-21,2026-09-24
460.0,431,2083,2026-11-21,2026-09-24
470.0,801,2494,2026-11-21,2026-09-24
480.0,2500,2500,2026-11-21,2026-09-24
480.0,817,1544,2026-11-21,2026-09-24
490.0,2040,2040,2026-11-21,2026-09-24
490.0,690,1894,2026-11-21,2026-09-24
500.0,300,300,2026-11-21,2026-09-24
500.0,2805,3395,2026-11-21,2026-09-24
510.0,1415,857,2026-11-21,2026-09-24
520.0,1934,876,2026-11-21,2026-09-24
530.0,1255,1043,2026-11-21,2026-09-24
540.0,1867,949,2026-11-21,2026-09-24
550.0,3037,3644,2026-11-21,2026-09-24
560.0,802,525,2026-11-21,2026-09-24
570.0,10,0,2026-11-21,2026-09-24
570.0,709,735,2026-11-21,2026-09-24
580.0,2514,446,2026-11-21,2026-09-24
590.0,1531,227,2026-11-21,2026-09-24
600.0,3569,1041,2026-11-21,2026-09-24
610.0,1902,467,2026-11-21,2026-09-24
615.0,1250,1250,2026-11-21,2026-09-24
620.0,2483,311,2026-11-21,2026-09-24
630.0,3400,397,2026-11-21,2026-09-24
640.0,863,175,2026-11-21,2026-09-24
650.0,2343,112,2026-11-21,2026-09-24
660.0,1501,75,2026-11-21,2026-09-24
670.0,1003,91,2026-11-21,2026-09-24
680.0,1037,49,2026-11-21,2026-09-24
690.0,1346,63,2026-11-21,2026-09-24
700.0,4001,71,2026-11-21,2026-09-24
710.0,465,66,2026-11-21,2026-09-24
720.0,1142,74,2026-11-21,2026-09-24
730.0,505,88,2026-11-21,2026-09-24
740.0,231,181,2026-11-21,2026-09-24
750.0,1407,10,2026-11-21,2026-09-24
760.0,445,51,2026-11-21,2026-09-24
770.0,747,8,2026-11-21,2026-09-24
780.0,363,0,2026-11-21,2026-09-24
790.0,187,0,2026-11-21,2026-09-24
800.0,3219,5,2026-11-21,2026-09-24
810.0,1108,0,2026-11-21,2026-09-24
820.0,1036,0,2026-11-21,2026-09-24
830.0,249,0,2026-11-21,2026-09-24
840.0,312,0,2026-11-21,2026-09-24
850.0,1011,3,2026-11-21,2026-09-24
860.0,263,0,2026-11-21,2026-09-24
870.0,929,1,2026-11-21,2026-09-24
880.0,314,0,2026-11-21,2026-09-24
890.0,349,22,2026-11-21,2026-09-24
900.0,1721,1,2026-11-21,2026-09-24
910.0,424,17,2026-11-21,2026-09-24
920.0,114,3,2026-11-21,2026-09-24
930.0,457,1,2026-11-21,2026-09-24
940.0,151,0,2026-11-21,2026-09-24
950.0,236,10,2026-11-21,2026-09-24
960.0,192,3,2026-11-21,2026-09-24
970.0,268,0,2026-11-21,2026-09-24
980.0,298,0,2026-11-21,2026-09-24
990.0,267,0,2026-11-21,2026-09-24
1000.0,392,0,2026-11-21,2026-09-24
1010.0,246,0,2026-11-21,2026-09-24
1020.0,247,0,2026-11-21,2026-09-24
1030.0,53,0,2026-11-21,2026-09-24
1040.0,188,0,2026-11-21,2026-09-24
1050.0,298,0,2026-11-21,2026-09-24
1060.0,198,0,2026-11-21,2026-09-24
1070.0,129,0,2026-11-21,2026-09-24
1080.0,84,0,2026-11-21,2026-09-24
1090.0,173,0,2026-11-21,2026-09-24
1100.0,121,0,2026-11-21,2026-09-24
1110.0,270,0,2026-11-21,2026-09-24
1120.0,1157,0,2026-11-21,2026-09-24
5.0,1144,32,2026-12-19,2026-09-24
10.0,4,2,2026-12-19,2026-09-24
15.0,0,201,2026-12-19,2026-09-24
20.0,956,525,2026-12-19,2026-09-24
25.0,212,864,2026-12-19,2026-09-24
30.0,208,188,2026-12-19,2026-09-24
35.0,9,970,2026-12-19,2026-09-24
40.0,14,252,2026-12-19,2026-09-24
45.0,101,1117,2026-12-19,2026-09-24
50.0,211,686,2026-12-19,2026-09-24
55.0,51,1734,2026-12-19,2026-09-24
60.0,160,1560,2026-12-19,2026-09-24
65.0,220,522,2026-12-19,2026-09-24
70.0,298,1093,2026-12-19,2026-09-24
75.0,329,1390,2026-12-19,2026-09-24
80.0,232,2423,2026-12-19,2026-09-24
85.0,1297,1595,2026-12-19,2026-09-24
90.0,646,4182,2026-12-19,2026-09-24
95.0,1175,1298,2026-12-19,2026-09-24
100.0,1910,11362,2026-12-19,2026-09-24
105.0,487,1106,2026-12-19,2026-09-24
110.0,1109,3177,2026-12-19,2026-09-24
115.0,737,2329,2026-12-19,2026-09-24
120.0,1082,6579,2026-12-19,2026-09-24
125.0,1106,2144,2026-12-19,2026-09-24
130.0,2226,2542,2026-12-19,2026-09-24
135.0,3859,1619,2026-12-19,2026-09-24
140.0,5082,6365,2026-12-19,2026-09-24
145.0,2045,2472,2026-12-19,2026-09-24
150.0,1498,3744,2026-12-19,2026-09-24
155.0,850,1282,2026-12-19,2026-09-24
160.0,1001,4046,2026-12-19,2026-09-24
165.0,1639,1807,2026-12-19,2026-09-24
170.0,1077,9224,2026-12-19,2026-09-24
175.0,546,2056,2026-12-19,2026-09-24
180.0,1002,2341,2026-12-19,2026-09-24
185.0,869,1335,2026-12-19,2026-09-24
190.0,1893,2279,2026-12-19,2026-09-24
195.0,1340,1416,2026-12-19,2026-09-24
200.0,2500,2500,2026-12-19,2026-09-24
200.0,2365,4987,2026-12-19,2026-09-24
210.0,1937,1974,2026-12-19,2026-09-24
215.0,0,0,2026-12-19,2026-09-24
220.0,1530,1775,2026-12-19,2026-09-24
230.0,1935,1986,2026-12-19,2026-09-24
235.0,5000,5000,2026-12-19,2026-09-24
240.0,2455,1588,2026-12-19,2026-09-24
250.0,2118,2706,2026-12-19,2026-09-24
260.0,1573,1717,2026-12-19,2026-09-24
270.0,2059,1452,2026-12-19,2026-09-24
280.0,2064,2693,2026-12-19,2026-09-24
290.0,1587,1994,2026-12-19,2026-09-24
300.0,3955,3961,2026-12-19,2026-09-24
310.0,2334,991,2026-12-19,2026-09-24
320.0,1065,1268,2026-12-19,2026-09-24
330.0,1615,1987,2026-12-19,2026-09-24
340.0,1644,2352,2026-12-19,2026-09-24
350.0,5185,2853,2026-12-19,2026-09-24
360.0,2255,1230,2026-12-19,2026-09-24
370.0,1637,1556,2026-12-19,2026-09-24
380.0,1461,2069,2026-12-19,2026-09-24
390.0,4184,1735,2026-12-19,2026-09-24
400.0,4619,8241,2026-12-19,2026-09-24
410.0,818,1748,2026-12-19,2026-09-24
420.0,998,2164,2026-12-19,2026-09-24
430.0,651,1186,2026-12-19,2026-09-24
440.0,569,1398,2026-12-19,2026-09-24
450.0,1309,3293,2026-12-19,2026-09-24
460.0,605,1543,2026-12-19,2026-09-24
470.0,555,1601,2026-12-19,2026-09-24
480.0,2462,1095,2026-12-19,2026-09-24
490.0,1197,1120,2026-12-19,2026-09-24
500.0,2500,2500,2026-12-19,2026-09-24
500.0,3722,2164,2026-12-19,2026-09-24
510.0,761,427,2026-12-19,2026-09-24
520.0,1450,536,2026-12-19,2026-09-24
530.0,1672,646,2026-12-19,2026-09-24
540.0,575,750,2026-12-19,2026-09-24
550.0,2207,915,2026-12-19,2026-09-24
560.0,545,307,2026-12-19,2026-09-24
570.0,517,861,2026-12-19,2026-09-24
580.0,904,370,2026-12-19,2026-09-24
590.0,412,194,2026-12-19,2026-09-24
600.0,4246,857,2026-12-19,2026-09-24
610.0,2274,611,2026-12-19,2026-09-24
620.0,860,509,2026-12-19,2026-09-24
630.0,3189,97,2026-12-19,2026-09-24
640.0,1705,100,2026-12-19,2026-09-24
650.0,1677,320,2026-12-19,2026-09-24
660.0,670,21,2026-12-19,2026-09-24
670.0,477,58,2026-12-19,2026-09-24
680.0,1858,80,2026-12-19,2026-09-24
690.0,513,131,2026-12-19,2026-09-24
700.0,3138,831,2026-12-19,2026-09-24
710.0,595,47,2026-12-19,2026-09-24
720.0,1466,19,2026-12-19,2026-09-24
730.0,346,10,2026-12-19,2026-09-24
740.0,1978,7,2026-12-19,2026-09-24
750.0,2645,2,2026-12-19,2026-09-24
760.0,1252,5,2026-12-19,2026-09-24
770.0,222,13,2026-12-19,2026-09-24
780.0,492,37,2026-12-19,2026-09-24
790.0,162,173,2026-12-19,2026-09-24
800.0,1993,17,2026-12-19,2026-09-24
810.0,186,10,2026-12-19,2026-09-24
820.0,350,1,2026-12-19,2026-09-24
830.0,355,5,2026-12-19,2026-09-24
840.0,166,0,2026-12-19,2026-09-24
850.0,1386,0,2026-12-19,2026-09-24
860.0,644,1,2026-12-19,2026-09-24
870.0,334,0,2026-12-19,2026-09-24
880.0,737,2,2026-12-19,2026-09-24
890.0,939,1,2026-12-19,2026-09-24
900.0,3735,1,2026-12-19,2026-09-24
910.0,612,5,2026-12-19,2026-09-24
920.0,227,0,2026-12-19,2026-09-24
930.0,406,1,2026-12-19,2026-09-24
940.0,134,0,2026-12-19,2026-09-24
950.0,357,2,2026-12-19,2026-09-24
960.0,506,1,2026-12-19,2026-09-24
970.0,1077,0,2026-12-19,2026-09-24
980.0,223,1,2026-12-19,2026-09-24
990.0,356,0,2026-12-19,2026-09-24
1000.0,628,0,2026-12-19,2026-09-24
1010.0,128,0,2026-12-19,2026-09-24
1020.0,244,0,2026-12-19,2026-09-24
1030.0,260,0,2026-12-19,2026-09-24
1040.0,60,0,2026-12-19,2026-09-24
1050.0,260,0,2026-12-19,2026-09-24
1060.0,417,0,2026-12-19,2026-09-24
1070.0,184,0,2026-12-19,2026-09-24
1080.0,201,0,2026-12-19,2026-09-24
1090.0,498,0,2026-12-19,2026-09-24
1100.0,692,5,2026-12-19,2026-09-24
1110.0,173,0,2026-12-19,2026-09-24
1120.0,2820,0,2026-12-19,2026-09-24
176.44,0,100,2026-12-29,2026-09-24
196.04,0,100,2026-12-29,2026-09-24
230.01,33600,33600,2027-01-15,2026-09-24
570.04,23300,23300,2027-01-15,2026-09-24
5.0,7719,4383,2027-01-16,2026-09-24
10.0,52,94,2027-01-16,2026-09-24
15.0,3,24,2027-01-16,2026-09-24
20.0,46,65,2027-01-16,2026-09-24
25.0,320,895,2027-01-16,2026-09-24
30.0,199,412,2027-01-16,2026-09-24
35.0,117,249,2027-01-16,2026-09-24
40.0,122,590,2027-01-16,2026-09-24
45.0,32,1128,2027-01-16,2026-09-24
50.0,686,5628,2027-01-16,2026-09-24
55.0,57,3141,2027-01-16,2026-09-24
60.0,167,4288,2027-01-16,2026-09-24
65.0,575,867,2027-01-16,2026-09-24
70.0,5147,7018,2027-01-16,2026-09-24
75.0,1944,5410,2027-01-16,2026-09-24
80.0,1380,5975,2027-01-16,2026-09-24
85.0,339,3742,2027-01-16,2026-09-24
90.0,6500,6500,2027-01-16,2026-09-24
90.0,9313,10285,2027-01-16,2026-09-24
95.0,1409,3352,2027-01-16,2026-09-24
100.0,7883,10866,2027-01-16,2026-09-24
105.0,788,7279,2027-01-16,2026-09-24
110.0,2670,8018,2027-01-16,2026-09-24
115.0,2036,2788,2027-01-16,2026-09-24
120.0,1522,15686,2027-01-16,2026-09-24
125.0,1537,2927,2027-01-16,2026-09-24
130.0,1388,6556,2027-01-16,2026-09-24
135.0,1570,2595,2027-01-16,2026-09-24
140.0,1604,9376,2027-01-16,2026-09-24
145.0,1093,3960,2027-01-16,2026-09-24
147.5,210,0,2027-01-16,2026-09-24
150.0,3102,13660,2027-01-16,2026-09-24
155.0,1253,1785,2027-01-16,2026-09-24
160.0,1049,4691,2027-01-16,2026-09-24
165.0,850,3385,2027-01-16,2026-09-24
170.0,1084,3821,2027-01-16,2026-09-24
175.0,1032,2357,2027-01-16,2026-09-24
180.0,3143,6047,2027-01-16,2026-09-24
185.0,1215,2687,2027-01-16,2026-09-24
190.0,1033,1749,2027-01-16,2026-09-24
195.0,815,1661,2027-01-16,2026-09-24
200.0,8448,9778,2027-01-16,2026-09-24
210.0,2000,2000,2027-01-16,2026-09-24
210.0,1730,4098,2027-01-16,2026-09-24
220.0,1000,1000,2027-01-16,2026-09-24
220.0,3940,3707,2027-01-16,2026-09-24
230.0,2838,4064,2027-01-16,2026-09-24
230.01,33600,33600,2027-01-16,2026-09-24
240.0,4234,4713,2027-01-16,2026-09-24
250.0,12408,10640,2027-01-16,2026-09-24
260.0,3052,4326,2027-01-16,2026-09-24
270.0,4344,2396,2027-01-16,2026-09-24
280.0,2722,2607,2027-01-16,2026-09-24
290.0,6290,2778,2027-01-16,2026-09-24
300.0,8305,8315,2027-01-16,2026-09-24
300.01,1500,0,2027-01-16,2026-09-24
310.0,4085,4515,2027-01-16,2026-09-24
320.0,1871,4226,2027-01-16,2026-09-24
330.0,2570,2859,2027-01-16,2026-09-24
330.01,1500,0,2027-01-16,2026-09-24
340.0,1201,5319,2027-01-16,2026-09-24
350.0,15000,15000,2027-01-16,2026-09-24
350.0,1887,4100,2027-01-16,2026-09-24
360.0,1240,4327,2027-01-16,2026-09-24
370.0,2360,2908,2027-01-16,2026-09-24
380.0,1344,5359,2027-01-16,2026-09-24
390.0,929,4227,2027-01-16,2026-09-24
400.0,4378,8940,2027-01-16,2026-09-24
410.0,1119,2583,2027-01-16,2026-09-24
420.0,2457,1800,2027-01-16,2026-09-24
430.0,801,2172,2027-01-16,2026-09-24
440.0,744,3259,2027-01-16,2026-09-24
450.0,550,550,2027-01-16,2026-09-24
450.0,3371,3646,2027-01-16,2026-09-24
457.5,0,0,2027-01-16,2026-09-24
460.0,1200,1208,2027-01-16,2026-09-24
460.0,1284,2748,2027-01-16,2026-09-24
470.0,1170,1170,2027-01-16,2026-09-24
470.0,755,893,2027-01-16,2026-09-24
480.0,2202,1991,2027-01-16,2026-09-24
490.0,1154,1299,2027-01-16,2026-09-24
500.0,4634,6130,2027-01-16,2026-09-24
510.0,811,1023,2027-01-16,2026-09-24
520.0,8,0,2027-01-16,2026-09-24
520.0,2797,1787,2027-01-16,2026-09-24
530.0,2238,2101,2027-01-16,2026-09-24
540.0,2378,1461,2027-01-16,2026-09-24
540.01,5000,0,2027-01-16,2026-09-24
550.0,4839,723,2027-01-16,2026-09-24
560.0,1895,910,2027-01-16,2026-09-24
570.0,898,783,2027-01-16,2026-09-24
580.0,1331,355,2027-01-16,2026-09-24
580.01,3700,0,2027-01-16,2026-09-24
590.0,1446,195,2027-01-16,2026-09-24
600.0,6959,764,2027-01-16,2026-09-24
610.0,631,417,2027-01-16,2026-09-24
620.0,1963,401,2027-01-16,2026-09-24
630.0,687,221,2027-01-16,2026-09-24
640.0,2606,142,2027-01-16,2026-09-24
650.0,3028,249,2027-01-16,2026-09-24
660.0,3599,108,2027-01-16,2026-09-24
670.0,575,29,2027-01-16,2026-09-24
680.0,1681,36,2027-01-16,2026-09-24
690.0,420,105,2027-01-16,2026-09-24
700.0,2517,642,2027-01-16,2026-09-24
710.0,587,8,2027-01-16,2026-09-24
720.0,885,24,2027-01-16,2026-09-24
730.0,2857,48,2027-01-16,2026-09-24
740.0,1436,22,2027-01-16,2026-09-24
750.0,4137,187,2027-01-16,2026-09-24
760.0,729,8,2027-01-16,2026-09-24
770.0,1028,13,2027-01-16,2026-09-24
780.0,1844,4,2027-01-16,2026-09-24
790.0,367,6,2027-01-16,2026-09-24
800.0,2583,28,2027-01-16,2026-09-24
810.0,415,45,2027-01-16,2026-09-24
820.0,182,2,2027-01-16,2026-09-24
830.0,196,5,2027-01-16,2026-09-24
840.0,290,0,2027-01-16,2026-09-24
850.0,432,0,2027-01-16,2026-09-24
860.0,327,1,2027-01-16,2026-09-24
870.0,125,0,2027-01-16,2026-09-24
880.0,444,0,2027-01-16,2026-09-24
890.0,1021,0,2027-01-16,2026-09-24
900.0,3118,0,2027-01-16,2026-09-24
910.0,1999,1,2027-01-16,2026-09-24
920.0,257,0,2027-01-16,2026-09-24
930.0,518,0,2027-01-16,2026-09-24
940.0,105,0,2027-01-16,2026-09-24
950.0,2034,0,2027-01-16,2026-09-24
960.0,289,0,2027-01-16,2026-09-24
970.0,651,0,2027-01-16,2026-09-24
980.0,1898,0,2027-01-16,2026-09-24
990.0,146,0,2027-01-16,2026-09-24
1000.0,2100,4,2027-01-16,2026-09-24
1010.0,454,0,2027-01-16,2026-09-24
1020.0,228,0,2027-01-16,2026-09-24
1030.0,145,0,2027-01-16,2026-09-24
1040.0,190,1,2027-01-16,2026-09-24
1050.0,413,0,2027-01-16,2026-09-24
1060.0,151,0,2027-01-16,2026-09-24
1070.0,324,0,2027-01-16,2026-09-24
1080.0,436,1,2027-01-16,2026-09-24
1090.0,728,1,2027-01-16,2026-09-24
1100.0,239,1,2027-01-16,2026-09-24
1110.0,955,0,2027-01-16,2026-09-24
1120.0,4335,0,2027-01-16,2026-09-24
350.0,15000,15000,2027-01-20,2026-09-24
200.0,4,350,2027-02-20,2026-09-24
210.0,52,107,2027-02-20,2026-09-24
220.0,14,194,2027-02-20,2026-09-24
230.0,19,93,2027-02-20,2026-09-24
240.0,15,86,2027-02-20,2026-09-24
250.0,22,360,2027-02-20,2026-09-24
260.0,11,232,2027-02-20,2026-09-24
270.0,22,763,2027-02-20,2026-09-24
280.0,45,146,2027-02-20,2026-09-24
290.0,40,1160,2027-02-20,2026-09-24
300.0,25,1299,2027-02-20,2026-09-24
310.0,27,483,2027-02-20,2026-09-24
320.0,17,634,2027-02-20,2026-09-24
330.0,10,1043,2027-02-20,2026-09-24
340.0,15,500,2027-02-20,2026-09-24
350.0,17,1009,2027-02-20,2026-09-24
360.0,33,1268,2027-02-20,2026-09-24
370.0,70,859,2027-02-20,2026-09-24
380.0,22,1080,2027-02-20,2026-09-24
390.0,65,681,2027-02-20,2026-09-24
400.0,145,2230,2027-02-20,2026-09-24
410.0,34,1621,2027-02-20,2026-09-24
420.0,179,2384,2027-02-20,2026-09-24
430.0,145,376,2027-02-20,2026-09-24
440.0,102,263,2027-02-20,2026-09-24
450.0,201,1602,2027-02-20,2026-09-24
460.0,254,972,2027-02-20,2026-09-24
470.0,142,379,2027-02-20,2026-09-24
480.0,193,729,2027-02-20,2026-09-24
490.0,157,616,2027-02-20,2026-09-24
500.0,373,608,2027-02-20,2026-09-24
510.0,711,463,2027-02-20,2026-09-24
520.0,450,289,2027-02-20,2026-09-24
530.0,474,124,2027-02-20,2026-09-24
540.0,330,177,2027-02-20,2026-09-24
550.0,467,324,2027-02-20,2026-09-24
560.0,354,122,2027-02-20,2026-09-24
570.0,613,141,2027-02-20,2026-09-24
580.0,536,44,2027-02-20,2026-09-24
590.0,389,29,2027-02-20,2026-09-24
600.0,895,35,2027-02-20,2026-09-24
610.0,251,149,2027-02-20,2026-09-24
620.0,1140,32,2027-02-20,2026-09-24
630.0,143,10,2027-02-20,2026-09-24
640.0,570,21,2027-02-20,2026-09-24
650.0,2218,10,2027-02-20,2026-09-24
660.0,568,7,2027-02-20,2026-09-24
670.0,214,4,2027-02-20,2026-09-24
680.0,2017,32,2027-02-20,2026-09-24
690.0,513,27,2027-02-20,2026-09-24
700.0,543,79,2027-02-20,2026-09-24
710.0,129,45,2027-02-20,2026-09-24
720.0,317,9,2027-02-20,2026-09-24
730.0,144,47,2027-02-20,2026-09-24
740.0,566,2,2027-02-20,2026-09-24
750.0,973,39,2027-02-20,2026-09-24
760.0,79,12,2027-02-20,2026-09-24
770.0,63,4,2027-02-20,2026-09-24
780.0,1547,7,2027-02-20,2026-09-24
790.0,150,32,2027-02-20,2026-09-24
800.0,1007,31,2027-02-20,2026-09-24
810.0,257,33,2027-02-20,2026-09-24
820.0,237,8,2027-02-20,2026-09-24
830.0,100,2,2027-02-20,2026-09-24
840.0,1481,0,2027-02-20,2026-09-24
850.0,451,0,2027-02-20,2026-09-24
860.0,141,0,2027-02-20,2026-09-24
870.0,210,1,2027-02-20,2026-09-24
880.0,392,0,2027-02-20,2026-09-24
890.0,247,0,2027-02-20,2026-09-24
900.0,1038,0,2027-02-20,2026-09-24
910.0,331,0,2027-02-20,2026-09-24
920.0,75,0,2027-02-20,2026-09-24
930.0,188,0,2027-02-20,2026-09-24
940.0,51,0,2027-02-20,2026-09-24
950.0,577,0,2027-02-20,2026-09-24
960.0,93,0,2027-02-20,2026-09-24
970.0,270,0,2027-02-20,2026-09-24
980.0,660,0,2027-02-20,2026-09-24
234.62,1384,0,2027-03-05,2026-09-24
25.0,1,12,2027-03-20,2026-09-24
30.0,0,1,2027-03-20,2026-09-24
35.0,0,7,2027-03-20,2026-09-24
40.0,1,6,2027-03-20,2026-09-24
45.0,3,185,2027-03-20,2026-09-24
50.0,6,130,2027-03-20,2026-09-24
55.0,2,125,2027-03-20,2026-09-24
60.0,2,130,2027-03-20,2026-09-24
65.0,2,221,2027-03-20,2026-09-24
70.0,12,314,2027-03-20,2026-09-24
75.0,2,164,2027-03-20,2026-09-24
80.0,9,98,2027-03-20,2026-09-24
85.0,4,285,2027-03-20,2026-09-24
90.0,12,201,2027-03-20,2026-09-24
95.0,9,430,2027-03-20,2026-09-24
100.0,29,607,2027-03-20,2026-09-24
105.0,25,269,2027-03-20,2026-09-24
110.0,18,228,2027-03-20,2026-09-24
115.0,4,205,2027-03-20,2026-09-24
120.0,79,282,2027-03-20,2026-09-24
125.0,56,156,2027-03-20,2026-09-24
130.0,13,2165,2027-03-20,2026-09-24
135.0,42,490,2027-03-20,2026-09-24
140.0,76,428,2027-03-20,2026-09-24
145.0,57,1872,2027-03-20,2026-09-24
150.0,75,1494,2027-03-20,2026-09-24
155.0,86,451,2027-03-20,2026-09-24
160.0,101,1726,2027-03-20,2026-09-24
165.0,70,590,2027-03-20,2026-09-24
170.0,53,3718,2027-03-20,2026-09-24
175.0,64,533,2027-03-20,2026-09-24
180.0,82,968,2027-03-20,2026-09-24
185.0,34,474,2027-03-20,2026-09-24
190.0,217,1591,2027-03-20,2026-09-24
195.0,114,594,2027-03-20,2026-09-24
200.0,341,3946,2027-03-20,2026-09-24
210.0,175,684,2027-03-20,2026-09-24
220.0,307,1704,2027-03-20,2026-09-24
230.0,551,590,2027-03-20,2026-09-24
240.0,244,1330,2027-03-20,2026-09-24
250.0,1130,3848,2027-03-20,2026-09-24
260.0,1153,3199,2027-03-20,2026-09-24
270.0,278,1482,2027-03-20,2026-09-24
280.0,711,3424,2027-03-20,2026-09-24
290.0,377,1771,2027-03-20,2026-09-24
300.0,2363,6450,2027-03-20,2026-09-24
310.0,401,1534,2027-03-20,2026-09-24
320.0,353,5181,2027-03-20,2026-09-24
330.0,295,1620,2027-03-20,2026-09-24
340.0,791,2131,2027-03-20,2026-09-24
350.0,992,5242,2027-03-20,2026-09-24
360.0,840,3329,2027-03-20,2026-09-24
370.0,576,1369,2027-03-20,2026-09-24
380.0,388,2517,2027-03-20,2026-09-24
390.0,225,2498,2027-03-20,2026-09-24
400.0,1688,8282,2027-03-20,2026-09-24
410.0,248,1226,2027-03-20,2026-09-24
420.0,781,2870,2027-03-20,2026-09-24
430.0,253,2410,2027-03-20,2026-09-24
440.0,238,441,2027-03-20,2026-09-24
450.0,1571,1922,2027-03-20,2026-09-24
460.0,268,742,2027-03-20,2026-09-24
470.0,678,681,2027-03-20,2026-09-24
480.0,511,1168,2027-03-20,2026-09-24
490.0,679,448,2027-03-20,2026-09-24
500.0,1859,2155,2027-03-20,2026-09-24
510.0,714,1091,2027-03-20,2026-09-24
520.0,985,876,2027-03-20,2026-09-24
530.0,314,587,2027-03-20,2026-09-24
540.0,851,755,2027-03-20,2026-09-24
550.0,2322,1081,2027-03-20,2026-09-24
560.0,514,312,2027-03-20,2026-09-24
570.0,911,198,2027-03-20,2026-09-24
580.0,1031,325,2027-03-20,2026-09-24
590.0,417,222,2027-03-20,2026-09-24
600.0,3440,796,2027-03-20,2026-09-24
620.0,1743,130,2027-03-20,2026-09-24
640.0,1365,142,2027-03-20,2026-09-24
660.0,2071,292,2027-03-20,2026-09-24
680.0,763,42,2027-03-20,2026-09-24
690.0,224,32,2027-03-20,2026-09-24
700.0,1974,497,2027-03-20,2026-09-24
710.0,724,25,2027-03-20,2026-09-24
720.0,1828,136,2027-03-20,2026-09-24
730.0,1416,32,2027-03-20,2026-09-24
740.0,330,12,2027-03-20,2026-09-24
750.0,2329,33,2027-03-20,2026-09-24
760.0,641,29,2027-03-20,2026-09-24
770.0,296,13,2027-03-20,2026-09-24
780.0,3276,8,2027-03-20,2026-09-24
790.0,224,8,2027-03-20,2026-09-24
800.0,2363,11,2027-03-20,2026-09-24
810.0,661,4,2027-03-20,2026-09-24
820.0,1004,1,2027-03-20,2026-09-24
830.0,248,11,2027-03-20,2026-09-24
840.0,245,2,2027-03-20,2026-09-24
850.0,474,0,2027-03-20,2026-09-24
860.0,629,0,2027-03-20,2026-09-24
870.0,175,1,2027-03-20,2026-09-24
880.0,328,0,2027-03-20,2026-09-24
890.0,247,0,2027-03-20,2026-09-24
900.0,1485,15,2027-03-20,2026-09-24
910.0,266,0,2027-03-20,2026-09-24
920.0,376,0,2027-03-20,2026-09-24
930.0,353,0,2027-03-20,2026-09-24
940.0,98,0,2027-03-20,2026-09-24
950.0,417,0,2027-03-20,2026-09-24
960.0,191,0,2027-03-20,2026-09-24
970.0,135,1,2027-03-20,2026-09-24
980.0,127,1,2027-03-20,2026-09-24
990.0,85,0,2027-03-20,2026-09-24
1000.0,1401,45,2027-03-20,2026-09-24
1010.0,411,0,2027-03-20,2026-09-24
1020.0,1475,0,2027-03-20,2026-09-24
1030.0,327,0,2027-03-20,2026-09-24
1040.0,493,0,2027-03-20,2026-09-24
1050.0,385,0,2027-03-20,2026-09-24
1060.0,406,0,2027-03-20,2026-09-24
1070.0,85,0,2027-03-20,2026-09-24
1080.0,177,0,2027-03-20,2026-09-24
1090.0,268,1,2027-03-20,2026-09-24
1100.0,499,0,2027-03-20,2026-09-24
1110.0,396,0,2027-03-20,2026-09-24
1120.0,5491,0,2027-03-20,2026-09-24
198.24,0,100,2027-03-26,2026-09-24
220.27,0,100,2027-03-26,2026-09-24
183.39,0,150,2027-03-30,2026-09-24
240.0,6,222,2027-04-17,2026-09-24
250.0,1,218,2027-04-17,2026-09-24
260.0,3,199,2027-04-17,2026-09-24
270.0,1,78,2027-04-17,2026-09-24
280.0,5,1467,2027-04-17,2026-09-24
290.0,3,86,2027-04-17,2026-09-24
300.0,6,296,2027-04-17,2026-09-24
310.0,10,220,2027-04-17,2026-09-24
320.0,3,120,2027-04-17,2026-09-24
330.0,18,110,2027-04-17,2026-09-24
340.0,6,134,2027-04-17,2026-09-24
350.0,44,53,2027-04-17,2026-09-24
360.0,12,35,2027-04-17,2026-09-24
370.0,8,248,2027-04-17,2026-09-24
380.0,10,298,2027-04-17,2026-09-24
390.0,19,258,2027-04-17,2026-09-24
400.0,34,401,2027-04-17,2026-09-24
410.0,11,75,2027-04-17,2026-09-24
420.0,31,788,2027-04-17,2026-09-24
430.0,73,65,2027-04-17,2026-09-24
440.0,39,354,2027-04-17,2026-09-24
450.0,35,201,2027-04-17,2026-09-24
460.0,330,471,2027-04-17,2026-09-24
470.0,92,26,2027-04-17,2026-09-24
480.0,32,361,2027-04-17,2026-09-24
490.0,109,27,2027-04-17,2026-09-24
500.0,178,147,2027-04-17,2026-09-24
510.0,69,266,2027-04-17,2026-09-24
520.0,55,40,2027-04-17,2026-09-24
530.0,157,85,2027-04-17,2026-09-24
540.0,164,323,2027-04-17,2026-09-24
550.0,235,500,2027-04-17,2026-09-24
560.0,137,98,2027-04-17,2026-09-24
570.0,173,54,2027-04-17,2026-09-24
580.0,172,32,2027-04-17,2026-09-24
590.0,358,30,2027-04-17,2026-09-24
600.0,141,27,2027-04-17,2026-09-24
610.0,130,49,2027-04-17,2026-09-24
620.0,344,82,2027-04-17,2026-09-24
640.0,176,7,2027-04-17,2026-09-24
660.0,151,4,2027-04-17,2026-09-24
680.0,192,2,2027-04-17,2026-09-24
700.0,322,8,2027-04-17,2026-09-24
720.0,156,3,2027-04-17,2026-09-24
740.0,141,1,2027-04-17,2026-09-24
760.0,87,1,2027-04-17,2026-09-24
780.0,123,1,2027-04-17,2026-09-24
800.0,5,0,2027-04-17,2026-09-24
820.0,1,0,2027-04-17,2026-09-24
840.0,80,0,2027-04-17,2026-09-24
860.0,1,0,2027-04-17,2026-09-24
880.0,0,0,2027-04-17,2026-09-24
900.0,100,0,2027-04-17,2026-09-24
920.0,7,0,2027-04-17,2026-09-24
25.0,43,198,2027-06-18,2026-09-24
30.0,39,95,2027-06-18,2026-09-24
35.0,22,255,2027-06-18,2026-09-24
40.0,79,151,2027-06-18,2026-09-24
45.0,4,241,2027-06-18,2026-09-24
50.0,38,147,2027-06-18,2026-09-24
55.0,5,383,2027-06-18,2026-09-24
60.0,66,379,2027-06-18,2026-09-24
65.0,8,562,2027-06-18,2026-09-24
70.0,179,340,2027-06-18,2026-09-24
75.0,43,182,2027-06-18,2026-09-24
80.0,56,651,2027-06-18,2026-09-24
85.0,10,394,2027-06-18,2026-09-24
90.0,64,418,2027-06-18,2026-09-24
95.0,171,424,2027-06-18,2026-09-24
100.0,157,1513,2027-06-18,2026-09-24
105.0,3475,266,2027-06-18,2026-09-24
110.0,125,942,2027-06-18,2026-09-24
115.0,190,1780,2027-06-18,2026-09-24
120.0,2306,7522,2027-06-18,2026-09-24
125.0,220,1006,2027-06-18,2026-09-24
130.0,355,1240,2027-06-18,2026-09-24
135.0,407,503,2027-06-18,2026-09-24
140.0,535,3885,2027-06-18,2026-09-24
145.0,215,1304,2027-06-18,2026-09-24
150.0,815,1526,2027-06-18,2026-09-24
155.0,256,514,2027-06-18,2026-09-24
160.0,336,1060,2027-06-18,2026-09-24
165.0,332,739,2027-06-18,2026-09-24
170.0,472,2671,2027-06-18,2026-09-24
175.0,475,1583,2027-06-18,2026-09-24
180.0,507,2230,2027-06-18,2026-09-24
185.0,748,2055,2027-06-18,2026-09-24
190.0,301,866,2027-06-18,2026-09-24
195.0,368,597,2027-06-18,2026-09-24
200.0,2116,2344,2027-06-18,2026-09-24
210.0,1113,1322,2027-06-18,2026-09-24
220.0,2645,1429,2027-06-18,2026-09-24
230.0,927,755,2027-06-18,2026-09-24
240.0,700,2927,2027-06-18,2026-09-24
250.0,2153,10158,2027-06-18,2026-09-24
260.0,692,1096,2027-06-18,2026-09-24
270.0,488,3478,2027-06-18,2026-09-24
280.0,647,1165,2027-06-18,2026-09-24
290.0,504,10877,2027-06-18,2026-09-24
300.0,3043,5442,2027-06-18,2026-09-24
310.0,343,1252,2027-06-18,2026-09-24
320.0,682,3310,2027-06-18,2026-09-24
330.0,498,2746,2027-06-18,2026-09-24
340.0,401,1594,2027-06-18,2026-09-24
350.0,771,5534,2027-06-18,2026-09-24
360.0,2422,3034,2027-06-18,2026-09-24
370.0,737,2889,2027-06-18,2026-09-24
380.0,419,2102,2027-06-18,2026-09-24
390.0,368,1253,2027-06-18,2026-09-24
400.0,1122,6526,2027-06-18,2026-09-24
410.0,589,1075,2027-06-18,2026-09-24
420.0,600,1353,2027-06-18,2026-09-24
430.0,653,1193,2027-06-18,2026-09-24
440.0,705,1404,2027-06-18,2026-09-24
450.0,930,2387,2027-06-18,2026-09-24
460.0,475,805,2027-06-18,2026-09-24
470.0,379,1502,2027-06-18,2026-09-24
480.0,866,2484,2027-06-18,2026-09-24
490.0,871,502,2027-06-18,2026-09-24
500.0,2870,5014,2027-06-18,2026-09-24
510.0,1309,614,2027-06-18,2026-09-24
520.0,1189,1981,2027-06-18,2026-09-24
530.0,1928,786,2027-06-18,2026-09-24
540.0,337,451,2027-06-18,2026-09-24
550.0,834,872,2027-06-18,2026-09-24
560.0,1480,420,2027-06-18,2026-09-24
570.0,796,341,2027-06-18,2026-09-24
580.0,917,601,2027-06-18,2026-09-24
590.0,483,150,2027-06-18,2026-09-24
600.0,3905,1741,2027-06-18,2026-09-24
610.0,349,381,2027-06-18,2026-09-24
620.0,1053,280,2027-06-18,2026-09-24
630.0,1210,154,2027-06-18,2026-09-24
640.0,439,649,2027-06-18,2026-09-24
650.0,1469,1760,2027-06-18,2026-09-24
660.0,813,98,2027-06-18,2026-09-24
670.0,294,171,2027-06-18,2026-09-24
680.0,717,206,2027-06-18,2026-09-24
690.0,334,153,2027-06-18,2026-09-24
700.0,3558,91,2027-06-18,2026-09-24
710.0,380,63,2027-06-18,2026-09-24
720.0,632,66,2027-06-18,2026-09-24
730.0,683,70,2027-06-18,2026-09-24
740.0,326,92,2027-06-18,2026-09-24
750.0,2068,233,2027-06-18,2026-09-24
760.0,89,59,2027-06-18,2026-09-24
770.0,1128,12,2027-06-18,2026-09-24
780.0,689,28,2027-06-18,2026-09-24
790.0,127,51,2027-06-18,2026-09-24
800.0,1945,126,2027-06-18,2026-09-24
810.0,274,8,2027-06-18,2026-09-24
820.0,1384,28,2027-06-18,2026-09-24
830.0,445,68,2027-06-18,2026-09-24
840.0,1138,76,2027-06-18,2026-09-24
850.0,2019,10,2027-06-18,2026-09-24
860.0,366,8,2027-06-18,2026-09-24
870.0,575,44,2027-06-18,2026-09-24
880.0,378,14,2027-06-18,2026-09-24
890.0,317,8,2027-06-18,2026-09-24
900.0,1477,13,2027-06-18,2026-09-24
910.0,362,27,2027-06-18,2026-09-24
920.0,298,17,2027-06-18,2026-09-24
930.0,489,4,2027-06-18,2026-09-24
940.0,202,3,2027-06-18,2026-09-24
950.0,209,23,2027-06-18,2026-09-24
960.0,685,0,2027-06-18,2026-09-24
970.0,293,0,2027-06-18,2026-09-24
980.0,140,1,2027-06-18,2026-09-24
990.0,84,1,2027-06-18,2026-09-24
1000.0,1981,1,2027-06-18,2026-09-24
1010.0,203,0,2027-06-18,2026-09-24
1020.0,190,0,2027-06-18,2026-09-24
1030.0,206,0,2027-06-18,2026-09-24
1040.0,129,0,2027-06-18,2026-09-24
1050.0,2701,0,2027-06-18,2026-09-24
1060.0,233,0,2027-06-18,2026-09-24
1070.0,174,0,2027-06-18,2026-09-24
1080.0,414,0,2027-06-18,2026-09-24
1090.0,662,0,2027-06-18,2026-09-24
1100.0,2811,0,2027-06-18,2026-09-24
1110.0,543,0,2027-06-18,2026-09-24
1120.0,10408,5,2027-06-18,2026-09-24
431.59,0,80,2027-06-30,2026-09-24
485.54,0,80,2027-06-30,2026-09-24
25.0,4,85,2027-09-18,2026-09-24
30.0,4,33,2027-09-18,2026-09-24
35.0,1,174,2027-09-18,2026-09-24
40.0,0,91,2027-09-18,2026-09-24
45.0,2,27,2027-09-18,2026-09-24
50.0,2,26,2027-09-18,2026-09-24
55.0,1,55,2027-09-18,2026-09-24
60.0,3,166,2027-09-18,2026-09-24
65.0,2,87,2027-09-18,2026-09-24
70.0,1,196,2027-09-18,2026-09-24
75.0,10,48,2027-09-18,2026-09-24
80.0,3,102,2027-09-18,2026-09-24
85.0,2,77,2027-09-18,2026-09-24
90.0,12,160,2027-09-18,2026-09-24
95.0,46,58,2027-09-18,2026-09-24
100.0,6,125,2027-09-18,2026-09-24
105.0,72,259,2027-09-18,2026-09-24
110.0,21,111,2027-09-18,2026-09-24
115.0,20,137,2027-09-18,2026-09-24
120.0,23,100,2027-09-18,2026-09-24
125.0,38,676,2027-09-18,2026-09-24
130.0,10,59,2027-09-18,2026-09-24
135.0,17,183,2027-09-18,2026-09-24
140.0,31,376,2027-09-18,2026-09-24
145.0,18,97,2027-09-18,2026-09-24
150.0,86,1015,2027-09-18,2026-09-24
155.0,17,282,2027-09-18,2026-09-24
160.0,83,192,2027-09-18,2026-09-24
165.0,46,120,2027-09-18,2026-09-24
170.0,24,2038,2027-09-18,2026-09-24
175.0,19,275,2027-09-18,2026-09-24
180.0,92,388,2027-09-18,2026-09-24
185.0,44,46,2027-09-18,2026-09-24
190.0,72,109,2027-09-18,2026-09-24
195.0,115,116,2027-09-18,2026-09-24
200.0,220,1240,2027-09-18,2026-09-24
210.0,267,193,2027-09-18,2026-09-24
220.0,78,1907,2027-09-18,2026-09-24
230.0,291,4060,2027-09-18,2026-09-24
240.0,151,4126,2027-09-18,2026-09-24
250.0,314,4088,2027-09-18,2026-09-24
260.0,225,361,2027-09-18,2026-09-24
270.0,220,719,2027-09-18,2026-09-24
280.0,220,916,2027-09-18,2026-09-24
290.0,80,3805,2027-09-18,2026-09-24
300.0,333,5258,2027-09-18,2026-09-24
310.0,92,1207,2027-09-18,2026-09-24
320.0,180,1262,2027-09-18,2026-09-24
330.0,165,2449,2027-09-18,2026-09-24
340.0,387,689,2027-09-18,2026-09-24
350.0,251,1120,2027-09-18,2026-09-24
360.0,177,492,2027-09-18,2026-09-24
370.0,189,1368,2027-09-18,2026-09-24
380.0,260,1104,2027-09-18,2026-09-24
390.0,1327,1559,2027-09-18,2026-09-24
400.0,2924,1091,2027-09-18,2026-09-24
410.0,215,816,2027-09-18,2026-09-24
420.0,317,613,2027-09-18,2026-09-24
430.0,270,693,2027-09-18,2026-09-24
440.0,144,515,2027-09-18,2026-09-24
450.0,383,1115,2027-09-18,2026-09-24
460.0,348,506,2027-09-18,2026-09-24
470.0,223,367,2027-09-18,2026-09-24
480.0,381,233,2027-09-18,2026-09-24
490.0,279,134,2027-09-18,2026-09-24
500.0,400,345,2027-09-18,2026-09-24
510.0,238,135,2027-09-18,2026-09-24
520.0,205,118,2027-09-18,2026-09-24
530.0,670,198,2027-09-18,2026-09-24
540.0,633,54,2027-09-18,2026-09-24
550.0,200,1109,2027-09-18,2026-09-24
560.0,147,102,2027-09-18,2026-09-24
570.0,244,163,2027-09-18,2026-09-24
580.0,141,74,2027-09-18,2026-09-24
590.0,168,44,2027-09-18,2026-09-24
600.0,1062,1072,2027-09-18,2026-09-24
610.0,308,364,2027-09-18,2026-09-24
620.0,120,45,2027-09-18,2026-09-24
630.0,473,58,2027-09-18,2026-09-24
640.0,348,28,2027-09-18,2026-09-24
650.0,339,33,2027-09-18,2026-09-24
660.0,165,47,2027-09-18,2026-09-24
670.0,243,18,2027-09-18,2026-09-24
680.0,137,21,2027-09-18,2026-09-24
690.0,438,5,2027-09-18,2026-09-24
700.0,1356,173,2027-09-18,2026-09-24
710.0,178,24,2027-09-18,2026-09-24
720.0,428,117,2027-09-18,2026-09-24
730.0,162,127,2027-09-18,2026-09-24
740.0,676,337,2027-09-18,2026-09-24
750.0,439,87,2027-09-18,2026-09-24
760.0,362,12,2027-09-18,2026-09-24
770.0,437,2,2027-09-18,2026-09-24
780.0,97,25,2027-09-18,2026-09-24
790.0,238,29,2027-09-18,2026-09-24
800.0,962,54,2027-09-18,2026-09-24
810.0,345,112,2027-09-18,2026-09-24
820.0,199,28,2027-09-18,2026-09-24
830.0,119,26,2027-09-18,2026-09-24
840.0,82,4,2027-09-18,2026-09-24
850.0,258,12,2027-09-18,2026-09-24
860.0,136,14,2027-09-18,2026-09-24
870.0,280,7,2027-09-18,2026-09-24
880.0,1047,33,2027-09-18,2026-09-24
890.0,450,57,2027-09-18,2026-09-24
900.0,195,15,2027-09-18,2026-09-24
910.0,243,58,2027-09-18,2026-09-24
920.0,59,38,2027-09-18,2026-09-24
930.0,90,4,2027-09-18,2026-09-24
940.0,264,7,2027-09-18,2026-09-24
950.0,752,5,2027-09-18,2026-09-24
960.0,232,8,2027-09-18,2026-09-24
970.0,2841,6,2027-09-18,2026-09-24
980.0,238,8,2027-09-18,2026-09-24
990.0,848,6,2027-09-18,2026-09-24
1000.0,437,11,2027-09-18,2026-09-24
1010.0,927,13,2027-09-18,2026-09-24
1020.0,2613,5,2027-09-18,2026-09-24
1030.0,100,5,2027-09-18,2026-09-24
1040.0,562,0,2027-09-18,2026-09-24
1050.0,222,0,2027-09-18,2026-09-24
1060.0,173,0,2027-09-18,2026-09-24
1070.0,380,0,2027-09-18,2026-09-24
1080.0,796,0,2027-09-18,2026-09-24
1090.0,491,0,2027-09-18,2026-09-24
1100.0,2088,0,2027-09-18,2026-09-24
1110.0,218,1,2027-09-18,2026-09-24
1120.0,9450,0,2027-09-18,2026-09-24
652.4,1039,0,2027-09-28,2026-09-24
5.0,4651,18,2027-12-18,2026-09-24
10.0,87,191,2027-12-18,2026-09-24
15.0,2,15,2027-12-18,2026-09-24
20.0,2,357,2027-12-18,2026-09-24
25.0,326,423,2027-12-18,2026-09-24
30.0,66,633,2027-12-18,2026-09-24
35.0,111,135,2027-12-18,2026-09-24
40.0,160,486,2027-12-18,2026-09-24
45.0,13,299,2027-12-18,2026-09-24
50.0,379,464,2027-12-18,2026-09-24
55.0,468,386,2027-12-18,2026-09-24
60.0,180,411,2027-12-18,2026-09-24
65.0,394,228,2027-12-18,2026-09-24
70.0,972,2126,2027-12-18,2026-09-24
75.0,171,1451,2027-12-18,2026-09-24
80.0,362,487,2027-12-18,2026-09-24
85.0,374,3039,2027-12-18,2026-09-24
90.0,579,1787,2027-12-18,2026-09-24
95.0,577,1997,2027-12-18,2026-09-24
100.0,854,3391,2027-12-18,2026-09-24
105.0,619,1184,2027-12-18,2026-09-24
110.0,554,725,2027-12-18,2026-09-24
115.0,630,2142,2027-12-18,2026-09-24
120.0,1172,2477,2027-12-18,2026-09-24
125.0,789,832,2027-12-18,2026-09-24
130.0,560,6785,2027-12-18,2026-09-24
135.0,516,1876,2027-12-18,2026-09-24
140.0,897,2458,2027-12-18,2026-09-24
145.0,564,635,2027-12-18,2026-09-24
150.0,2933,2662,2027-12-18,2026-09-24
155.0,529,631,2027-12-18,2026-09-24
160.0,861,1082,2027-12-18,2026-09-24
165.0,922,2043,2027-12-18,2026-09-24
170.0,1043,1064,2027-12-18,2026-09-24
175.0,759,1327,2027-12-18,2026-09-24
180.0,1268,1318,2027-12-18,2026-09-24
185.0,261,807,2027-12-18,2026-09-24
190.0,436,866,2027-12-18,2026-09-24
194.29,28,28,2027-12-18,2026-09-24
195.0,2640,527,2027-12-18,2026-09-24
200.0,4030,2455,2027-12-18,2026-09-24
210.0,1543,2792,2027-12-18,2026-09-24
220.0,1025,3835,2027-12-18,2026-09-24
230.0,1074,1892,2027-12-18,2026-09-24
240.0,447,1939,2027-12-18,2026-09-24
250.0,1182,5999,2027-12-18,2026-09-24
260.0,1308,1962,2027-12-18,2026-09-24
270.0,690,4128,2027-12-18,2026-09-24
280.0,1057,951,2027-12-18,2026-09-24
290.0,477,275,2027-12-18,2026-09-24
300.0,1933,2571,2027-12-18,2026-09-24
310.0,728,735,2027-12-18,2026-09-24
320.0,991,3652,2027-12-18,2026-09-24
330.0,958,583,2027-12-18,2026-09-24
340.0,424,1797,2027-12-18,2026-09-24
350.0,1368,1230,2027-12-18,2026-09-24
360.0,1485,199,2027-12-18,2026-09-24
370.0,954,486,2027-12-18,2026-09-24
380.0,495,414,2027-12-18,2026-09-24
390.0,330,133,2027-12-18,2026-09-24
400.0,1382,738,2027-12-18,2026-09-24
410.0,315,709,2027-12-18,2026-09-24
420.0,402,1757,2027-12-18,2026-09-24
430.0,316,291,2027-12-18,2026-09-24
440.0,257,746,2027-12-18,2026-09-24
450.0,515,790,2027-12-18,2026-09-24
460.0,181,137,2027-12-18,2026-09-24
470.0,361,445,2027-12-18,2026-09-24
480.0,492,209,2027-12-18,2026-09-24
490.0,677,273,2027-12-18,2026-09-24
500.0,1615,289,2027-12-18,2026-09-24
510.0,1683,167,2027-12-18,2026-09-24
520.0,919,137,2027-12-18,2026-09-24
530.0,1469,53,2027-12-18,2026-09-24
540.0,180,58,2027-12-18,2026-09-24
550.0,1129,592,2027-12-18,2026-09-24
560.0,542,71,2027-12-18,2026-09-24
570.0,160,57,2027-12-18,2026-09-24
580.0,175,249,2027-12-18,2026-09-24
590.0,128,71,2027-12-18,2026-09-24
600.0,1815,428,2027-12-18,2026-09-24
610.0,226,40,2027-12-18,2026-09-24
620.0,298,112,2027-12-18,2026-09-24
630.0,477,350,2027-12-18,2026-09-24
640.0,260,27,2027-12-18,2026-09-24
650.0,386,110,2027-12-18,2026-09-24
660.0,168,19,2027-12-18,2026-09-24
670.0,132,58,2027-12-18,2026-09-24
680.0,214,61,2027-12-18,2026-09-24
690.0,192,99,2027-12-18,2026-09-24
700.0,1958,190,2027-12-18,2026-09-24
710.0,189,54,2027-12-18,2026-09-24
720.0,197,9,2027-12-18,2026-09-24
730.0,1153,40,2027-12-18,2026-09-24
740.0,600,27,2027-12-18,2026-09-24
750.0,1656,119,2027-12-18,2026-09-24
760.0,362,9,2027-12-18,2026-09-24
770.0,108,16,2027-12-18,2026-09-24
780.0,108,8,2027-12-18,2026-09-24
790.0,319,85,2027-12-18,2026-09-24
800.0,2337,12,2027-12-18,2026-09-24
810.0,188,10,2027-12-18,2026-09-24
820.0,113,7,2027-12-18,2026-09-24
830.0,64,22,2027-12-18,2026-09-24
840.0,145,12,2027-12-18,2026-09-24
850.0,406,132,2027-12-18,2026-09-24
860.0,199,49,2027-12-18,2026-09-24
870.0,87,70,2027-12-18,2026-09-24
880.0,259,20,2027-12-18,2026-09-24
890.0,152,10,2027-12-18,2026-09-24
900.0,1786,21,2027-12-18,2026-09-24
910.0,263,99,2027-12-18,2026-09-24
920.0,230,41,2027-12-18,2026-09-24
930.0,311,34,2027-12-18,2026-09-24
940.0,118,12,2027-12-18,2026-09-24
950.0,1029,14,2027-12-18,2026-09-24
960.0,97,41,2027-12-18,2026-09-24
970.0,20,8,2027-12-18,2026-09-24
980.0,167,20,2027-12-18,2026-09-24
990.0,1086,9,2027-12-18,2026-09-24
1000.0,323,96,2027-12-18,2026-09-24
1010.0,118,16,2027-12-18,2026-09-24
1020.0,516,69,2027-12-18,2026-09-24
1030.0,117,42,2027-12-18,2026-09-24
1040.0,142,37,2027-12-18,2026-09-24
1050.0,612,43,2027-12-18,2026-09-24
1060.0,390,24,2027-12-18,2026-09-24
1070.0,261,11,2027-12-18,2026-09-24
1080.0,213,2,2027-12-18,2026-09-24
1090.0,205,13,2027-12-18,2026-09-24
1100.0,283,1,2027-12-18,2026-09-24
1110.0,3206,2,2027-12-18,2026-09-24
1120.0,12823,1,2027-12-18,2026-09-24
5.0,10517,1096,2028-01-22,2026-09-24
10.0,101,224,2028-01-22,2026-09-24
15.0,11,11,2028-01-22,2026-09-24
20.0,0,38,2028-01-22,2026-09-24
25.0,57,253,2028-01-22,2026-09-24
30.0,7,52,2028-01-22,2026-09-24
35.0,43,62,2028-01-22,2026-09-24
40.0,186,126,2028-01-22,2026-09-24
45.0,143,56,2028-01-22,2026-09-24
50.0,274,115,2028-01-22,2026-09-24
55.0,150,71,2028-01-22,2026-09-24
60.0,131,108,2028-01-22,2026-09-24
65.0,5,74,2028-01-22,2026-09-24
70.0,249,600,2028-01-22,2026-09-24
75.0,101,208,2028-01-22,2026-09-24
80.0,99,434,2028-01-22,2026-09-24
85.0,154,801,2028-01-22,2026-09-24
90.0,199,92,2028-01-22,2026-09-24
95.0,149,271,2028-01-22,2026-09-24
100.0,1252,2497,2028-01-22,2026-09-24
105.0,397,949,2028-01-22,2026-09-24
110.0,250,2074,2028-01-22,2026-09-24
115.0,231,242,2028-01-22,2026-09-24
120.0,184,1472,2028-01-22,2026-09-24
125.0,246,398,2028-01-22,2026-09-24
130.0,249,3328,2028-01-22,2026-09-24
135.0,114,298,2028-01-22,2026-09-24
140.0,284,3106,2028-01-22,2026-09-24
145.0,105,516,2028-01-22,2026-09-24
150.0,1000,3037,2028-01-22,2026-09-24
155.0,186,378,2028-01-22,2026-09-24
160.0,359,2118,2028-01-22,2026-09-24
165.0,241,778,2028-01-22,2026-09-24
170.0,651,2317,2028-01-22,2026-09-24
175.0,318,918,2028-01-22,2026-09-24
180.0,321,3037,2028-01-22,2026-09-24
185.0,168,1195,2028-01-22,2026-09-24
190.0,591,907,2028-01-22,2026-09-24
195.0,503,1373,2028-01-22,2026-09-24
200.0,3580,3472,2028-01-22,2026-09-24
210.0,1000,1000,2028-01-22,2026-09-24
210.0,553,3259,2028-01-22,2026-09-24
220.0,1014,2072,2028-01-22,2026-09-24
230.0,1140,1222,2028-01-22,2026-09-24
240.0,1222,4942,2028-01-22,2026-09-24
250.0,4149,4740,2028-01-22,2026-09-24
260.0,2551,3150,2028-01-22,2026-09-24
270.0,635,3935,2028-01-22,2026-09-24
280.0,462,3276,2028-01-22,2026-09-24
290.0,691,1609,2028-01-22,2026-09-24
300.0,3049,11866,2028-01-22,2026-09-24
310.0,988,321,2028-01-22,2026-09-24
320.0,628,4162,2028-01-22,2026-09-24
330.0,404,2286,2028-01-22,2026-09-24
340.0,417,4647,2028-01-22,2026-09-24
350.0,1721,4539,2028-01-22,2026-09-24
360.0,647,1862,2028-01-22,2026-09-24
370.0,337,1203,2028-01-22,2026-09-24
380.0,370,3173,2028-01-22,2026-09-24
390.0,459,397,2028-01-22,2026-09-24
400.0,1875,3679,2028-01-22,2026-09-24
410.0,1264,550,2028-01-22,2026-09-24
420.0,507,410,2028-01-22,2026-09-24
430.0,375,2177,2028-01-22,2026-09-24
440.0,378,2195,2028-01-22,2026-09-24
450.0,1834,2973,2028-01-22,2026-09-24
460.0,1339,384,2028-01-22,2026-09-24
470.0,510,2251,2028-01-22,2026-09-24
480.0,1150,335,2028-01-22,2026-09-24
490.0,655,274,2028-01-22,2026-09-24
500.0,3433,1414,2028-01-22,2026-09-24
510.0,506,580,2028-01-22,2026-09-24
520.0,1872,2539,2028-01-22,2026-09-24
530.0,3557,2302,2028-01-22,2026-09-24
540.0,166,54,2028-01-22,2026-09-24
550.0,541,576,2028-01-22,2026-09-24
560.0,398,104,2028-01-22,2026-09-24
570.0,470,212,2028-01-22,2026-09-24
580.0,240,91,2028-01-22,2026-09-24
590.0,247,67,2028-01-22,2026-09-24
600.0,2431,1391,2028-01-22,2026-09-24
610.0,100,66,2028-01-22,2026-09-24
620.0,347,34,2028-01-22,2026-09-24
630.0,107,47,2028-01-22,2026-09-24
640.0,188,116,2028-01-22,2026-09-24
650.0,766,485,2028-01-22,2026-09-24
660.0,2176,72,2028-01-22,2026-09-24
670.0,123,48,2028-01-22,2026-09-24
680.0,296,51,2028-01-22,2026-09-24
690.0,257,50,2028-01-22,2026-09-24
700.0,1615,147,2028-01-22,2026-09-24
710.0,288,27,2028-01-22,2026-09-24
720.0,380,33,2028-01-22,2026-09-24
730.0,110,36,2028-01-22,2026-09-24
740.0,690,69,2028-01-22,2026-09-24
750.0,372,23,2028-01-22,2026-09-24
760.0,230,29,2028-01-22,2026-09-24
770.0,528,54,2028-01-22,2026-09-24
780.0,83,27,2028-01-22,2026-09-24
790.0,125,9,2028-01-22,2026-09-24
800.0,2781,77,2028-01-22,2026-09-24
810.0,450,126,2028-01-22,2026-09-24
820.0,232,92,2028-01-22,2026-09-24
830.0,238,157,2028-01-22,2026-09-24
840.0,137,70,2028-01-22,2026-09-24
850.0,3814,17,2028-01-22,2026-09-24
860.0,482,99,2028-01-22,2026-09-24
870.0,265,16,2028-01-22,2026-09-24
880.0,157,70,2028-01-22,2026-09-24
890.0,51,131,2028-01-22,2026-09-24
900.0,731,34,2028-01-22,2026-09-24
910.0,143,117,2028-01-22,2026-09-24
920.0,607,29,2028-01-22,2026-09-24
930.0,394,11,2028-01-22,2026-09-24
940.0,43,90,2028-01-22,2026-09-24
950.0,134,59,2028-01-22,2026-09-24
960.0,193,44,2028-01-22,2026-09-24
970.0,132,5,2028-01-22,2026-09-24
980.0,179,25,2028-01-22,2026-09-24
990.0,125,81,2028-01-22,2026-09-24
1000.0,3620,45,2028-01-22,2026-09-24
1010.0,458,89,2028-01-22,2026-09-24
1020.0,102,131,2028-01-22,2026-09-24
1030.0,1158,62,2028-01-22,2026-09-24
1040.0,196,79,2028-01-22,2026-09-24
1050.0,240,73,2028-01-22,2026-09-24
1060.0,130,69,2028-01-22,2026-09-24
1070.0,95,9,2028-01-22,2026-09-24
1080.0,281,7,2028-01-22,2026-09-24
1090.0,241,21,2028-01-22,2026-09-24
1100.0,1303,8,2028-01-22,2026-09-24
1110.0,3024,3,2028-01-22,2026-09-24
1120.0,11499,8,2028-01-22,2026-09-24
660.0,7988,13587,2028-01-25,2026-09-24
900.0,183,0,2028-02-29,2026-09-24
5.0,126,49,2028-06-17,2026-09-24
10.0,0,3,2028-06-17,2026-09-24
15.0,0,0,2028-06-17,2026-09-24
20.0,0,0,2028-06-17,2026-09-24
25.0,0,4,2028-06-17,2026-09-24
30.0,1,7,2028-06-17,2026-09-24
35.0,1,4,2028-06-17,2026-09-24
40.0,2,12,2028-06-17,2026-09-24
45.0,0,10,2028-06-17,2026-09-24
50.0,0,60,2028-06-17,2026-09-24
55.0,0,38,2028-06-17,2026-09-24
60.0,0,8,2028-06-17,2026-09-24
65.0,1,40,2028-06-17,2026-09-24
70.0,1,381,2028-06-17,2026-09-24
75.0,0,1222,2028-06-17,2026-09-24
80.0,0,433,2028-06-17,2026-09-24
85.0,3,293,2028-06-17,2026-09-24
90.0,1,56,2028-06-17,2026-09-24
95.0,6,345,2028-06-17,2026-09-24
100.0,2,482,2028-06-17,2026-09-24
105.0,20,207,2028-06-17,2026-09-24
110.0,74,424,2028-06-17,2026-09-24
115.0,100,449,2028-06-17,2026-09-24
120.0,56,113,2028-06-17,2026-09-24
125.0,82,198,2028-06-17,2026-09-24
130.0,34,324,2028-06-17,2026-09-24
135.0,43,21,2028-06-17,2026-09-24
140.0,28,82,2028-06-17,2026-09-24
145.0,63,14,2028-06-17,2026-09-24
150.0,28,398,2028-06-17,2026-09-24
155.0,27,178,2028-06-17,2026-09-24
160.0,29,240,2028-06-17,2026-09-24
165.0,5,123,2028-06-17,2026-09-24
170.0,61,246,2028-06-17,2026-09-24
175.0,239,217,2028-06-17,2026-09-24
180.0,28,47,2028-06-17,2026-09-24
185.0,8,163,2028-06-17,2026-09-24
190.0,30,63,2028-06-17,2026-09-24
195.0,5,228,2028-06-17,2026-09-24
200.0,33,1618,2028-06-17,2026-09-24
210.0,24,27,2028-06-17,2026-09-24
220.0,32,160,2028-06-17,2026-09-24
230.0,36,145,2028-06-17,2026-09-24
240.0,86,499,2028-06-17,2026-09-24
250.0,54,1243,2028-06-17,2026-09-24
260.0,40,2471,2028-06-17,2026-09-24
270.0,101,554,2028-06-17,2026-09-24
280.0,24,1024,2028-06-17,2026-09-24
290.0,76,297,2028-06-17,2026-09-24
300.0,196,7018,2028-06-17,2026-09-24
310.0,94,88,2028-06-17,2026-09-24
320.0,352,2529,2028-06-17,2026-09-24
330.0,116,175,2028-06-17,2026-09-24
340.0,117,1021,2028-06-17,2026-09-24
350.0,79,347,2028-06-17,2026-09-24
360.0,77,118,2028-06-17,2026-09-24
370.0,267,195,2028-06-17,2026-09-24
380.0,79,263,2028-06-17,2026-09-24
390.0,217,590,2028-06-17,2026-09-24
400.0,209,516,2028-06-17,2026-09-24
410.0,107,133,2028-06-17,2026-09-24
420.0,58,61,2028-06-17,2026-09-24
430.0,287,61,2028-06-17,2026-09-24
440.0,140,67,2028-06-17,2026-09-24
450.0,246,802,2028-06-17,2026-09-24
460.0,72,102,2028-06-17,2026-09-24
470.0,231,234,2028-06-17,2026-09-24
480.0,51,67,2028-06-17,2026-09-24
490.0,350,194,2028-06-17,2026-09-24
500.0,857,457,2028-06-17,2026-09-24
510.0,159,234,2028-06-17,2026-09-24
520.0,134,481,2028-06-17,2026-09-24
530.0,120,220,2028-06-17,2026-09-24
540.0,243,435,2028-06-17,2026-09-24
550.0,238,638,2028-06-17,2026-09-24
560.0,73,56,2028-06-17,2026-09-24
570.0,118,29,2028-06-17,2026-09-24
580.0,134,99,2028-06-17,2026-09-24
590.0,223,26,2028-06-17,2026-09-24
600.0,453,54,2028-06-17,2026-09-24
610.0,117,90,2028-06-17,2026-09-24
620.0,1848,120,2028-06-17,2026-09-24
630.0,130,43,2028-06-17,2026-09-24
640.0,255,4,2028-06-17,2026-09-24
650.0,499,150,2028-06-17,2026-09-24
660.0,1115,62,2028-06-17,2026-09-24
670.0,107,72,2028-06-17,2026-09-24
680.0,83,84,2028-06-17,2026-09-24
690.0,388,7,2028-06-17,2026-09-24
700.0,825,117,2028-06-17,2026-09-24
710.0,465,49,2028-06-17,2026-09-24
720.0,993,18,2028-06-17,2026-09-24
730.0,203,110,2028-06-17,2026-09-24
740.0,128,78,2028-06-17,2026-09-24
750.0,327,30,2028-06-17,2026-09-24
760.0,517,98,2028-06-17,2026-09-24
770.0,218,5,2028-06-17,2026-09-24
780.0,369,6,2028-06-17,2026-09-24
790.0,80,4,2028-06-17,2026-09-24
800.0,1416,16,2028-06-17,2026-09-24
810.0,166,16,2028-06-17,2026-09-24
820.0,360,50,2028-06-17,2026-09-24
830.0,118,27,2028-06-17,2026-09-24
840.0,183,14,2028-06-17,2026-09-24
850.0,490,6,2028-06-17,2026-09-24
860.0,235,22,2028-06-17,2026-09-24
870.0,97,3,2028-06-17,2026-09-24
880.0,244,29,2028-06-17,2026-09-24
890.0,174,17,2028-06-17,2026-09-24
900.0,409,20,2028-06-17,2026-09-24
910.0,221,3,2028-06-17,2026-09-24
920.0,160,13,2028-06-17,2026-09-24
930.0,330,5,2028-06-17,2026-09-24
940.0,201,5,2028-06-17,2026-09-24
950.0,98,41,2028-06-17,2026-09-24
960.0,181,39,2028-06-17,2026-09-24
970.0,143,48,2028-06-17,2026-09-24
980.0,301,42,2028-06-17,2026-09-24
990.0,134,289,2028-06-17,2026-09-24
1000.0,1373,52,2028-06-17,2026-09-24
1010.0,1641,115,2028-06-17,2026-09-24
1020.0,86,89,2028-06-17,2026-09-24
1030.0,79,38,2028-06-17,2026-09-24
1040.0,289,128,2028-06-17,2026-09-24
1050.0,248,177,2028-06-17,2026-09-24
1060.0,104,27,2028-06-17,2026-09-24
1070.0,79,60,2028-06-17,2026-09-24
1080.0,199,2,2028-06-17,2026-09-24
1090.0,182,35,2028-06-17,2026-09-24
1100.0,1733,44,2028-06-17,2026-09-24
1110.0,356,19,2028-06-17,2026-09-24
1120.0,7501,54,2028-06-17,2026-09-24
5.0,20056,611,2028-12-16,2026-09-24
10.0,32,317,2028-12-16,2026-09-24
15.0,25,20,2028-12-16,2026-09-24
20.0,16,52,2028-12-16,2026-09-24
25.0,44,102,2028-12-16,2026-09-24
30.0,9,342,2028-12-16,2026-09-24
35.0,4,31,2028-12-16,2026-09-24
40.0,7,139,2028-12-16,2026-09-24
45.0,3,243,2028-12-16,2026-09-24
50.0,11,255,2028-12-16,2026-09-24
55.0,1,175,2028-12-16,2026-09-24
60.0,9,446,2028-12-16,2026-09-24
65.0,6,232,2028-12-16,2026-09-24
70.0,8,159,2028-12-16,2026-09-24
75.0,8,276,2028-12-16,2026-09-24
80.0,40,299,2028-12-16,2026-09-24
85.0,50,832,2028-12-16,2026-09-24
90.0,73,239,2028-12-16,2026-09-24
95.0,57,1135,2028-12-16,2026-09-24
100.0,393,1248,2028-12-16,2026-09-24
105.0,463,427,2028-12-16,2026-09-24
110.0,337,336,2028-12-16,2026-09-24
115.0,1238,137,2028-12-16,2026-09-24
120.0,92,661,2028-12-16,2026-09-24
125.0,70,248,2028-12-16,2026-09-24
130.0,105,2194,2028-12-16,2026-09-24
135.0,76,839,2028-12-16,2026-09-24
140.0,251,625,2028-12-16,2026-09-24
145.0,131,949,2028-12-16,2026-09-24
150.0,623,1485,2028-12-16,2026-09-24
155.0,139,894,2028-12-16,2026-09-24
160.0,176,3019,2028-12-16,2026-09-24
165.0,103,929,2028-12-16,2026-09-24
170.0,183,2298,2028-12-16,2026-09-24
175.0,187,488,2028-12-16,2026-09-24
180.0,363,491,2028-12-16,2026-09-24
185.0,298,267,2028-12-16,2026-09-24
190.0,388,1148,2028-12-16,2026-09-24
195.0,375,1005,2028-12-16,2026-09-24
200.0,1321,3139,2028-12-16,2026-09-24
210.0,799,1086,2028-12-16,2026-09-24
220.0,747,800,2028-12-16,2026-09-24
230.0,570,403,2028-12-16,2026-09-24
240.0,437,741,2028-12-16,2026-09-24
250.0,1099,4657,2028-12-16,2026-09-24
260.0,593,567,2028-12-16,2026-09-24
270.0,436,1000,2028-12-16,2026-09-24
280.0,277,546,2028-12-16,2026-09-24
290.0,384,2281,2028-12-16,2026-09-24
300.0,1363,2763,2028-12-16,2026-09-24
310.0,538,562,2028-12-16,2026-09-24
320.0,506,772,2028-12-16,2026-09-24
330.0,421,508,2028-12-16,2026-09-24
340.0,462,453,2028-12-16,2026-09-24
350.0,1152,2712,2028-12-16,2026-09-24
360.0,424,1180,2028-12-16,2026-09-24
370.0,371,514,2028-12-16,2026-09-24
380.0,267,499,2028-12-16,2026-09-24
390.0,227,527,2028-12-16,2026-09-24
400.0,1424,1732,2028-12-16,2026-09-24
410.0,244,484,2028-12-16,2026-09-24
420.0,448,352,2028-12-16,2026-09-24
430.0,420,348,2028-12-16,2026-09-24
440.0,597,468,2028-12-16,2026-09-24
450.0,1020,2174,2028-12-16,2026-09-24
460.0,616,1027,2028-12-16,2026-09-24
470.0,358,401,2028-12-16,2026-09-24
480.0,764,256,2028-12-16,2026-09-24
490.0,667,321,2028-12-16,2026-09-24
500.0,3624,1376,2028-12-16,2026-09-24
510.0,858,666,2028-12-16,2026-09-24
520.0,472,466,2028-12-16,2026-09-24
530.0,251,215,2028-12-16,2026-09-24
540.0,198,385,2028-12-16,2026-09-24
550.0,1493,507,2028-12-16,2026-09-24
560.0,709,166,2028-12-16,2026-09-24
570.0,56,0,2028-12-16,2026-09-24
570.0,499,133,2028-12-16,2026-09-24
580.0,277,72,2028-12-16,2026-09-24
590.0,195,464,2028-12-16,2026-09-24
600.0,2819,1010,2028-12-16,2026-09-24
610.0,179,290,2028-12-16,2026-09-24
620.0,385,105,2028-12-16,2026-09-24
630.0,107,34,2028-12-16,2026-09-24
640.0,339,43,2028-12-16,2026-09-24
650.0,343,73,2028-12-16,2026-09-24
660.0,444,86,2028-12-16,2026-09-24
670.0,461,45,2028-12-16,2026-09-24
680.0,339,67,2028-12-16,2026-09-24
690.0,463,68,2028-12-16,2026-09-24
700.0,3388,411,2028-12-16,2026-09-24
710.0,214,119,2028-12-16,2026-09-24
720.0,1884,39,2028-12-16,2026-09-24
730.0,561,62,2028-12-16,2026-09-24
740.0,609,34,2028-12-16,2026-09-24
750.0,1294,292,2028-12-16,2026-09-24
760.0,1137,58,2028-12-16,2026-09-24
770.0,308,33,2028-12-16,2026-09-24
780.0,331,17,2028-12-16,2026-09-24
790.0,411,19,2028-12-16,2026-09-24
800.0,1733,123,2028-12-16,2026-09-24
810.0,656,113,2028-12-16,2026-09-24
820.0,1208,14,2028-12-16,2026-09-24
830.0,263,62,2028-12-16,2026-09-24
840.0,179,56,2028-12-16,2026-09-24
850.0,851,96,2028-12-16,2026-09-24
860.0,2557,52,2028-12-16,2026-09-24
870.0,340,38,2028-12-16,2026-09-24
880.0,550,60,2028-12-16,2026-09-24
890.0,457,31,2028-12-16,2026-09-24
900.0,1217,83,2028-12-16,2026-09-24
910.0,1111,54,2028-12-16,2026-09-24
920.0,1136,62,2028-12-16,2026-09-24
930.0,643,178,2028-12-16,2026-09-24
940.0,140,107,2028-12-16,2026-09-24
950.0,680,120,2028-12-16,2026-09-24
960.0,466,78,2028-12-16,2026-09-24
970.0,190,92,2028-12-16,2026-09-24
980.0,179,37,2028-12-16,2026-09-24
990.0,878,123,2028-12-16,2026-09-24
1000.0,1289,101,2028-12-16,2026-09-24
1010.0,398,113,2028-12-16,2026-09-24
1020.0,169,56,2028-12-16,2026-09-24
1030.0,179,132,2028-12-16,2026-09-24
1040.0,69,125,2028-12-16,2026-09-24
1050.0,733,109,2028-12-16,2026-09-24
1060.0,182,66,2028-12-16,2026-09-24
1070.0,254,72,2028-12-16,2026-09-24
1080.0,297,255,2028-12-16,2026-09-24
1090.0,1087,172,2028-12-16,2026-09-24
1100.0,604,352,2028-12-16,2026-09-24
1110.0,643,231,2028-12-16,2026-09-24
1120.0,4138,332,2028-12-16,2026-09-24
5.0,84,2,2029-01-20,2026-09-24
10.0,1,0,2029-01-20,2026-09-24
15.0,0,0,2029-01-20,2026-09-24
20.0,0,0,2029-01-20,2026-09-24
25.0,0,0,2029-01-20,2026-09-24
30.0,0,0,2029-01-20,2026-09-24
35.0,0,0,2029-01-20,2026-09-24
40.0,0,0,2029-01-20,2026-09-24
45.0,1,0,2029-01-20,2026-09-24
50.0,0,1,2029-01-20,2026-09-24
55.0,0,0,2029-01-20,2026-09-24
60.0,0,0,2029-01-20,2026-09-24
65.0,0,0,2029-01-20,2026-09-24
70.0,0,0,2029-01-20,2026-09-24
75.0,0,0,2029-01-20,2026-09-24
80.0,0,0,2029-01-20,2026-09-24
85.0,0,36,2029-01-20,2026-09-24
90.0,0,1,2029-01-20,2026-09-24
95.0,0,0,2029-01-20,2026-09-24
100.0,0,6,2029-01-20,2026-09-24
105.0,0,9,2029-01-20,2026-09-24
110.0,3,2,2029-01-20,2026-09-24
115.0,0,0,2029-01-20,2026-09-24
120.0,0,4,2029-01-20,2026-09-24
125.0,0,0,2029-01-20,2026-09-24
130.0,0,0,2029-01-20,2026-09-24
135.0,4,1,2029-01-20,2026-09-24
140.0,4,2,2029-01-20,2026-09-24
145.0,0,0,2029-01-20,2026-09-24
150.0,1,1,2029-01-20,2026-09-24
155.0,3,1,2029-01-20,2026-09-24
160.0,19,14,2029-01-20,2026-09-24
165.0,1,0,2029-01-20,2026-09-24
170.0,1,0,2029-01-20,2026-09-24
175.0,0,1,2029-01-20,2026-09-24
180.0,3,1,2029-01-20,2026-09-24
185.0,20,0,2029-01-20,2026-09-24
190.0,2,2,2029-01-20,2026-09-24
195.0,22,11,2029-01-20,2026-09-24
200.0,81,1,2029-01-20,2026-09-24
210.0,54,11,2029-01-20,2026-09-24
220.0,70,13,2029-01-20,2026-09-24
230.0,33,6,2029-01-20,2026-09-24
240.0,25,5,2029-01-20,2026-09-24
250.0,14,33,2029-01-20,2026-09-24
260.0,20,31,2029-01-20,2026-09-24
270.0,4,2,2029-01-20,2026-09-24
280.0,8,16,2029-01-20,2026-09-24
290.0,5,5,2029-01-20,2026-09-24
300.0,18,28,2029-01-20,2026-09-24
310.0,3,54,2029-01-20,2026-09-24
320.0,14,36,2029-01-20,2026-09-24
330.0,5,8,2029-01-20,2026-09-24
340.0,2,49,2029-01-20,2026-09-24
350.0,5,34,2029-01-20,2026-09-24
360.0,32,127,2029-01-20,2026-09-24
370.0,26,29,2029-01-20,2026-09-24
380.0,2,11,2029-01-20,2026-09-24
390.0,4,181,2029-01-20,2026-09-24
400.0,29,50,2029-01-20,2026-09-24
410.0,5,33,2029-01-20,2026-09-24
420.0,31,130,2029-01-20,2026-09-24
430.0,27,118,2029-01-20,2026-09-24
440.0,3,2,2029-01-20,2026-09-24
450.0,11,203,2029-01-20,2026-09-24
460.0,15,4,2029-01-20,2026-09-24
470.0,6,12,2029-01-20,2026-09-24
480.0,7,11,2029-01-20,2026-09-24
490.0,13,20,2029-01-20,2026-09-24
500.0,38,30,2029-01-20,2026-09-24
510.0,23,16,2029-01-20,2026-09-24
520.0,7,13,2029-01-20,2026-09-24
530.0,52,7,2029-01-20,2026-09-24
540.0,11,5,2029-01-20,2026-09-24
550.0,55,7,2029-01-20,2026-09-24
560.0,15,5,2029-01-20,2026-09-24
570.0,471,3,2029-01-20,2026-09-24
580.0,7,9,2029-01-20,2026-09-24
590.0,5,2,2029-01-20,2026-09-24
600.0,72,16,2029-01-20,2026-09-24
610.0,99,22,2029-01-20,2026-09-24
620.0,109,21,2029-01-20,2026-09-24
630.0,28,1,2029-01-20,2026-09-24
640.0,38,21,2029-01-20,2026-09-24
650.0,45,10,2029-01-20,2026-09-24
660.0,17,27,2029-01-20,2026-09-24
670.0,2,1,2029-01-20,2026-09-24
680.0,34,0,2029-01-20,2026-09-24
690.0,30,31,2029-01-20,2026-09-24
700.0,259,5,2029-01-20,2026-09-24
710.0,10,1,2029-01-20,2026-09-24
720.0,11,0,2029-01-20,2026-09-24
730.0,3,0,2029-01-20,2026-09-24
740.0,6,0,2029-01-20,2026-09-24
750.0,21,9,2029-01-20,2026-09-24
760.0,35,5,2029-01-20,2026-09-24
770.0,5,5,2029-01-20,2026-09-24
780.0,8,1,2029-01-20,2026-09-24
790.0,1,5,2029-01-20,2026-09-24
800.0,59,5,2029-01-20,2026-09-24
810.0,5,0,2029-01-20,2026-09-24
820.0,5,2,2029-01-20,2026-09-24
830.0,1,0,2029-01-20,2026-09-24
840.0,2,0,2029-01-20,2026-09-24
850.0,7,0,2029-01-20,2026-09-24
860.0,2,1,2029-01-20,2026-09-24
870.0,0,0,2029-01-20,2026-09-24
880.0,1,2,2029-01-20,2026-09-24
890.0,0,0,2029-01-20,2026-09-24
900.0,23,5,2029-01-20,2026-09-24
910.0,0,0,2029-01-20,2026-09-24
920.0,0,0,2029-01-20,2026-09-24
930.0,1,0,2029-01-20,2026-09-24
940.0,2,0,2029-01-20,2026-09-24
950.0,20,0,2029-01-20,2026-09-24
960.0,6,1,2029-01-20,2026-09-24
970.0,7,9,2029-01-20,2026-09-24
980.0,396,50,2029-01-20,2026-09-24
212.71,114,114,2029-12-22,2026-09-24
295.0,120,0,2030-01-19,2026-09-24
295.0,110,0,2031-01-18,2026-09-24
