Strike,Call,Put,Expiry,Date
400.0,0,45,2026-09-29,2026-09-29
405.0,0,25,2026-09-29,2026-09-29
410.0,0,31,2026-09-29,2026-09-29
415.0,0,19,2026-09-29,2026-09-29
420.0,0,73,2026-09-29,2026-09-29
425.0,0,41,2026-09-29,2026-09-29
430.0,0,46,2026-09-29,2026-09-29
432.5,0,549,2026-09-29,2026-09-29
435.0,0,494,2026-09-29,2026-09-29
437.5,0,642,2026-09-29,2026-09-29
440.0,0,36,2026-09-29,2026-09-29
442.5,0,11,2026-09-29,2026-09-29
445.0,0,92,2026-09-29,2026-09-29
447.5,0,7,2026-09-29,2026-09-29
450.0,0,226,2026-09-29,2026-09-29
452.5,0,389,2026-09-29,2026-09-29
455.0,0,11,2026-09-29,2026-09-29
457.5,0,14,2026-09-29,2026-09-29
460.0,0,78,2026-09-29,2026-09-29
462.5,0,27,2026-09-29,2026-09-29
465.0,0,97,2026-09-29,2026-09-29
467.5,0,36,2026-09-29,2026-09-29
470.0,0,56,2026-09-29,2026-09-29
472.5,0,11,2026-09-29,2026-09-29
475.0,0,27,2026-09-29,2026-09-29
477.5,0,8,2026-09-29,2026-09-29
480.0,0,633,2026-09-29,2026-09-29
482.5,0,24,2026-09-29,2026-09-29
485.0,0,47,2026-09-29,2026-09-29
487.5,0,10,2026-09-29,2026-09-29
490.0,0,56,2026-09-29,2026-09-29
492.5,0,35,2026-09-29,2026-09-29
495.0,0,696,2026-09-29,2026-09-29
497.5,0,33,2026-09-29,2026-09-29
500.0,0,315,2026-09-29,2026-09-29
502.5,0,407,2026-09-29,2026-09-29
505.0,0,472,2026-09-29,2026-09-29
507.5,0,13,2026-09-29,2026-09-29
510.0,0,53,2026-09-29,2026-09-29
512.5,0,27,2026-09-29,2026-09-29
515.0,0,491,2026-09-29,2026-09-29
517.5,0,44,2026-09-29,2026-09-29
520.0,0,1863,2026-09-29,2026-09-29
522.5,0,114,2026-09-29,2026-09-29
525.0,0,424,2026-09-29,2026-09-29
527.5,0,195,2026-09-29,2026-09-29
530.0,0,241,2026-09-29,2026-09-29
532.5,0,187,2026-09-29,2026-09-29
535.0,0,379,2026-09-29,2026-09-29
537.5,0,223,2026-09-29,2026-09-29
540.0,0,544,2026-09-29,2026-09-29
542.5,0,70,2026-09-29,2026-09-29
545.0,0,462,2026-09-29,2026-09-29
547.5,0,148,2026-09-29,2026-09-29
550.0,0,1172,2026-09-29,2026-09-29
552.5,0,231,2026-09-29,2026-09-29
555.0,0,222,2026-09-29,2026-09-29
557.5,0,50,2026-09-29,2026-09-29
560.0,0,845,2026-09-29,2026-09-29
562.5,0,63,2026-09-29,2026-09-29
565.0,0,649,2026-09-29,2026-09-29
567.5,0,296,2026-09-29,2026-09-29
570.0,0,1632,2026-09-29,2026-09-29
572.5,0,390,2026-09-29,2026-09-29
575.0,0,844,2026-09-29,2026-09-29
577.5,0,891,2026-09-29,2026-09-29
580.0,0,1817,2026-09-29,2026-09-29
582.5,0,549,2026-09-29,2026-09-29
585.0,0,1388,2026-09-29,2026-09-29
587.5,0,1029,2026-09-29,2026-09-29
590.0,0,2173,2026-09-29,2026-09-29
592.5,0,649,2026-09-29,2026-09-29
595.0,0,1267,2026-09-29,2026-09-29
597.5,0,1040,2026-09-29,2026-09-29
600.0,0,3196,2026-09-29,2026-09-29
602.5,0,1141,2026-09-29,2026-09-29
605.0,0,1654,2026-09-29,2026-09-29
607.5,3,1717,2026-09-29,2026-09-29
610.0,1606,10,2026-09-29,2026-09-29
612.5,750,0,2026-09-29,2026-09-29
615.0,2023,0,2026-09-29,2026-09-29
617.5,1989,0,2026-09-29,2026-09-29
620.0,3544,0,2026-09-29,2026-09-29
622.5,1455,0,2026-09-29,2026-09-29
625.0,6945,0,2026-09-29,2026-09-29
627.5,937,0,2026-09-29,2026-09-29
630.0,2524,0,2026-09-29,2026-09-29
632.5,867,0,2026-09-29,2026-09-29
635.0,1199,0,2026-09-29,2026-09-29
637.5,1083,0,2026-09-29,2026-09-29
640.0,1738,0,2026-09-29,2026-09-29
642.5,722,0,2026-09-29,2026-09-29
645.0,2161,0,2026-09-29,2026-09-29
647.5,393,0,2026-09-29,2026-09-29
650.0,2598,0,2026-09-29,2026-09-29
652.5,491,0,2026-09-29,2026-09-29
655.0,1279,0,2026-09-29,2026-09-29
657.5,251,0,2026-09-29,2026-09-29
660.0,864,0,2026-09-29,2026-09-29
662.5,274,0,2026-09-29,2026-09-29
665.0,723,0,2026-09-29,2026-09-29
667.5,241,0,2026-09-29,2026-09-29
670.0,772,0,2026-09-29,2026-09-29
672.5,163,0,2026-09-29,2026-09-29
675.0,323,0,2026-09-29,2026-09-29
677.5,72,0,2026-09-29,2026-09-29
680.0,272,0,2026-09-29,2026-09-29
682.5,175,0,2026-09-29,2026-09-29
685.0,135,0,2026-09-29,2026-09-29
687.5,53,0,2026-09-29,2026-09-29
690.0,166,0,2026-09-29,2026-09-29
692.5,41,0,2026-09-29,2026-09-29
695.0,143,0,2026-09-29,2026-09-29
697.5,34,0,2026-09-29,2026-09-29
700.0,570,0,2026-09-29,2026-09-29
702.5,34,0,2026-09-29,2026-09-29
705.0,46,0,2026-09-29,2026-09-29
710.0,56,0,2026-09-29,2026-09-29
715.0,20,0,2026-09-29,2026-09-29
720.0,57,0,2026-09-29,2026-09-29
725.0,63,0,2026-09-29,2026-09-29
730.0,58,0,2026-09-29,2026-09-29
735.0,20,0,2026-09-29,2026-09-29
740.0,13,0,2026-09-29,2026-09-29
745.0,107,0,2026-09-29,2026-09-29
750.0,71,0,2026-09-29,2026-09-29
755.0,4,0,2026-09-29,2026-09-29
760.0,17,0,2026-09-29,2026-09-29
765.0,3,0,2026-09-29,2026-09-29
770.0,65,0,2026-09-29,2026-09-29
775.0,2,0,2026-09-29,2026-09-29
780.0,11,0,2026-09-29,2026-09-29
785.0,19,0,2026-09-29,2026-09-29
790.0,0,0,2026-09-29,2026-09-29
795.0,1,0,2026-09-29,2026-09-29
800.0,51,0,2026-09-29,2026-09-29
518.03,961,961,2026-09-30,2026-09-29
400.0,2,31,2026-10-01,2026-09-29
405.0,1,28,2026-10-01,2026-09-29
410.0,4,7,2026-10-01,2026-09-29
415.0,0,21,2026-10-01,2026-09-29
420.0,0,60,2026-10-01,2026-09-29
425.0,0,12,2026-10-01,2026-09-29
427.5,0,12,2026-10-01,2026-09-29
430.0,0,31,2026-10-01,2026-09-29
432.5,0,68,2026-10-01,2026-09-29
435.0,0,10,2026-10-01,2026-09-29
437.5,0,8,2026-10-01,2026-09-29
440.0,1,109,2026-10-01,2026-09-29
442.5,0,5,2026-10-01,2026-09-29
445.0,3,35,2026-10-01,2026-09-29
447.5,0,8,2026-10-01,2026-09-29
450.0,6,53,2026-10-01,2026-09-29
452.5,20,14,2026-10-01,2026-09-29
455.0,0,13,2026-10-01,2026-09-29
457.5,0,12,2026-10-01,2026-09-29
460.0,0,45,2026-10-01,2026-09-29
462.5,0,27,2026-10-01,2026-09-29
465.0,1,26,2026-10-01,2026-09-29
467.5,1,30,2026-10-01,2026-09-29
470.0,2,18,2026-10-01,2026-09-29
472.5,0,16,2026-10-01,2026-09-29
475.0,7,19,2026-10-01,2026-09-29
477.5,2,27,2026-10-01,2026-09-29
480.0,2,198,2026-10-01,2026-09-29
482.5,0,37,2026-10-01,2026-09-29
485.0,3,64,2026-10-01,2026-09-29
487.5,4,29,2026-10-01,2026-09-29
490.0,4,69,2026-10-01,2026-09-29
492.5,4,20,2026-10-01,2026-09-29
495.0,6,89,2026-10-01,2026-09-29
497.5,1,18,2026-10-01,2026-09-29
500.0,32,337,2026-10-01,2026-09-29
502.5,6,32,2026-10-01,2026-09-29
505.0,22,34,2026-10-01,2026-09-29
507.5,10,9,2026-10-01,2026-09-29
510.0,18,225,2026-10-01,2026-09-29
512.5,11,55,2026-10-01,2026-09-29
515.0,18,71,2026-10-01,2026-09-29
517.5,9,58,2026-10-01,2026-09-29
520.0,30,525,2026-10-01,2026-09-29
522.5,24,50,2026-10-01,2026-09-29
525.0,35,257,2026-10-01,2026-09-29
527.5,8,112,2026-10-01,2026-09-29
530.0,49,228,2026-10-01,2026-09-29
532.5,25,57,2026-10-01,2026-09-29
535.0,71,788,2026-10-01,2026-09-29
537.5,5,204,2026-10-01,2026-09-29
540.0,71,288,2026-10-01,2026-09-29
542.5,26,73,2026-10-01,2026-09-29
545.0,59,261,2026-10-01,2026-09-29
547.5,13,153,2026-10-01,2026-09-29
550.0,62,1736,2026-10-01,2026-09-29
552.5,26,211,2026-10-01,2026-09-29
555.0,41,215,2026-10-01,2026-09-29
557.5,3,212,2026-10-01,2026-09-29
560.0,126,639,2026-10-01,2026-09-29
562.5,41,112,2026-10-01,2026-09-29
565.0,52,268,2026-10-01,2026-09-29
567.5,40,431,2026-10-01,2026-09-29
570.0,50,987,2026-10-01,2026-09-29
572.5,24,886,2026-10-01,2026-09-29
575.0,68,1722,2026-10-01,2026-09-29
577.5,14,844,2026-10-01,2026-09-29
580.0,116,2218,2026-10-01,2026-09-29
582.5,38,647,2026-10-01,2026-09-29
585.0,88,1055,2026-10-01,2026-09-29
587.5,104,1407,2026-10-01,2026-09-29
590.0,204,850,2026-10-01,2026-09-29
592.5,82,608,2026-10-01,2026-09-29
595.0,103,755,2026-10-01,2026-09-29
597.5,107,373,2026-10-01,2026-09-29
600.0,948,3326,2026-10-01,2026-09-29
602.5,215,393,2026-10-01,2026-09-29
605.0,388,430,2026-10-01,2026-09-29
607.5,476,508,2026-10-01,2026-09-29
610.0,522,345,2026-10-01,2026-09-29
612.5,554,143,2026-10-01,2026-09-29
615.0,414,498,2026-10-01,2026-09-29
617.5,282,69,2026-10-01,2026-09-29
620.0,1767,351,2026-10-01,2026-09-29
622.5,468,174,2026-10-01,2026-09-29
625.0,824,395,2026-10-01,2026-09-29
627.5,204,232,2026-10-01,2026-09-29
630.0,838,432,2026-10-01,2026-09-29
632.5,398,82,2026-10-01,2026-09-29
635.0,1103,118,2026-10-01,2026-09-29
637.5,492,119,2026-10-01,2026-09-29
640.0,810,67,2026-10-01,2026-09-29
642.5,811,19,2026-10-01,2026-09-29
645.0,610,38,2026-10-01,2026-09-29
647.5,2451,20,2026-10-01,2026-09-29
650.0,1226,94,2026-10-01,2026-09-29
652.5,368,17,2026-10-01,2026-09-29
655.0,1503,8,2026-10-01,2026-09-29
657.5,274,11,2026-10-01,2026-09-29
660.0,1444,16,2026-10-01,2026-09-29
662.5,257,13,2026-10-01,2026-09-29
665.0,327,9,2026-10-01,2026-09-29
667.5,193,28,2026-10-01,2026-09-29
670.0,511,3,2026-10-01,2026-09-29
672.5,113,7,2026-10-01,2026-09-29
675.0,470,0,2026-10-01,2026-09-29
677.5,119,0,2026-10-01,2026-09-29
680.0,365,1,2026-10-01,2026-09-29
682.5,31,0,2026-10-01,2026-09-29
685.0,553,0,2026-10-01,2026-09-29
687.5,47,0,2026-10-01,2026-09-29
690.0,416,0,2026-10-01,2026-09-29
692.5,32,0,2026-10-01,2026-09-29
695.0,74,0,2026-10-01,2026-09-29
697.5,102,0,2026-10-01,2026-09-29
700.0,635,0,2026-10-01,2026-09-29
702.5,104,0,2026-10-01,2026-09-29
705.0,119,0,2026-10-01,2026-09-29
707.5,30,0,2026-10-01,2026-09-29
710.0,42,1,2026-10-01,2026-09-29
712.5,7,0,2026-10-01,2026-09-29
715.0,41,0,2026-10-01,2026-09-29
717.5,65,0,2026-10-01,2026-09-29
720.0,31,0,2026-10-01,2026-09-29
722.5,14,0,2026-10-01,2026-09-29
725.0,153,0,2026-10-01,2026-09-29
730.0,220,0,2026-10-01,2026-09-29
735.0,80,0,2026-10-01,2026-09-29
740.0,41,0,2026-10-01,2026-09-29
745.0,5,0,2026-10-01,2026-09-29
750.0,87,0,2026-10-01,2026-09-29
755.0,56,0,2026-10-01,2026-09-29
760.0,4,0,2026-10-01,2026-09-29
765.0,9,0,2026-10-01,2026-09-29
770.0,5,0,2026-10-01,2026-09-29
775.0,3,0,2026-10-01,2026-09-29
780.0,45,0,2026-10-01,2026-09-29
785.0,36,0,2026-10-01,2026-09-29
790.0,22,0,2026-10-01,2026-09-29
795.0,31,0,2026-10-01,2026-09-29
800.0,48,0,2026-10-01,2026-09-29
805.0,37,0,2026-10-01,2026-09-29
810.0,85,0,2026-10-01,2026-09-29
815.0,57,0,2026-10-01,2026-09-29
820.0,40,0,2026-10-01,2026-09-29
825.0,3,0,2026-10-01,2026-09-29
830.0,8,0,2026-10-01,2026-09-29
835.0,2,0,2026-10-01,2026-09-29
840.0,20,0,2026-10-01,2026-09-29
845.0,4,0,2026-10-01,2026-09-29
850.0,3,0,2026-10-01,2026-09-29
855.0,2,0,2026-10-01,2026-09-29
860.0,1,0,2026-10-01,2026-09-29
865.0,0,0,2026-10-01,2026-09-29
870.0,3,0,2026-10-01,2026-09-29
875.0,10,0,2026-10-01,2026-09-29
880.0,3,0,2026-10-01,2026-09-29
885.0,2,0,2026-10-01,2026-09-29
890.0,0,0,2026-10-01,2026-09-29
895.0,0,0,2026-10-01,2026-09-29
900.0,7,0,2026-10-01,2026-09-29
559.03,1070,1070,2026-10-02,2026-09-29
40.0,6,66,2026-10-03,2026-09-29
45.0,0,30,2026-10-03,2026-09-29
50.0,5,18,2026-10-03,2026-09-29
55.0,0,8,2026-10-03,2026-09-29
60.0,0,25,2026-10-03,2026-09-29
65.0,1,30,2026-10-03,2026-09-29
70.0,0,5,2026-10-03,2026-09-29
75.0,0,38,2026-10-03,2026-09-29
80.0,0,1,2026-10-03,2026-09-29
85.0,3,53,2026-10-03,2026-09-29
90.0,1,16,2026-10-03,2026-09-29
95.0,1,0,2026-10-03,2026-09-29
100.0,2,33,2026-10-03,2026-09-29
105.0,3,0,2026-10-03,2026-09-29
110.0,2,3,2026-10-03,2026-09-29
115.0,9,1,2026-10-03,2026-09-29
120.0,1,3,2026-10-03,2026-09-29
125.0,3,11,2026-10-03,2026-09-29
130.0,3,1,2026-10-03,2026-09-29
135.0,2,5,2026-10-03,2026-09-29
140.0,0,0,2026-10-03,2026-09-29
145.0,8,4,2026-10-03,2026-09-29
150.0,0,6103,2026-10-03,2026-09-29
155.0,1,13,2026-10-03,2026-09-29
160.0,10,3028,2026-10-03,2026-09-29
165.0,40,13,2026-10-03,2026-09-29
170.0,18,3524,2026-10-03,2026-09-29
175.0,23,217,2026-10-03,2026-09-29
180.0,12,3051,2026-10-03,2026-09-29
185.0,7,114,2026-10-03,2026-09-29
190.0,22,92,2026-10-03,2026-09-29
195.0,3,112,2026-10-03,2026-09-29
200.0,22,2058,2026-10-03,2026-09-29
205.0,3,38,2026-10-03,2026-09-29
210.0,14,130,2026-10-03,2026-09-29
215.0,72,78,2026-10-03,2026-09-29
220.0,30,40,2026-10-03,2026-09-29
225.0,5,44,2026-10-03,2026-09-29
230.0,7,18,2026-10-03,2026-09-29
235.0,1,55,2026-10-03,2026-09-29
240.0,14,150,2026-10-03,2026-09-29
245.0,1,53,2026-10-03,2026-09-29
250.0,60,25,2026-10-03,2026-09-29
255.0,4,209,2026-10-03,2026-09-29
260.0,8,136,2026-10-03,2026-09-29
265.0,0,19,2026-10-03,2026-09-29
270.0,26,28,2026-10-03,2026-09-29
275.0,4,33,2026-10-03,2026-09-29
280.0,33,347,2026-10-03,2026-09-29
285.0,2,55,2026-10-03,2026-09-29
290.0,8,169,2026-10-03,2026-09-29
295.0,12,147,2026-10-03,2026-09-29
300.0,32,691,2026-10-03,2026-09-29
305.0,10,101,2026-10-03,2026-09-29
310.0,29,74,2026-10-03,2026-09-29
315.0,15,25,2026-10-03,2026-09-29
320.0,55,1661,2026-10-03,2026-09-29
325.0,15,103,2026-10-03,2026-09-29
330.0,20,321,2026-10-03,2026-09-29
335.0,12,52,2026-10-03,2026-09-29
340.0,17,196,2026-10-03,2026-09-29
345.0,88,154,2026-10-03,2026-09-29
350.0,40,179,2026-10-03,2026-09-29
355.0,4,1371,2026-10-03,2026-09-29
360.0,27,386,2026-10-03,2026-09-29
365.0,15,797,2026-10-03,2026-09-29
370.0,79,212,2026-10-03,2026-09-29
375.0,31,433,2026-10-03,2026-09-29
380.0,16,483,2026-10-03,2026-09-29
385.0,43,264,2026-10-03,2026-09-29
390.0,14,1444,2026-10-03,2026-09-29
395.0,1,156,2026-10-03,2026-09-29
400.0,186,1513,2026-10-03,2026-09-29
405.0,19,964,2026-10-03,2026-09-29
410.0,79,16272,2026-10-03,2026-09-29
415.0,109,1215,2026-10-03,2026-09-29
417.5,10,12,2026-10-03,2026-09-29
420.0,454,1852,2026-10-03,2026-09-29
422.5,1,10,2026-10-03,2026-09-29
425.0,25,1150,2026-10-03,2026-09-29
427.5,1,360,2026-10-03,2026-09-29
430.0,26,1327,2026-10-03,2026-09-29
432.5,0,22,2026-10-03,2026-09-29
435.0,22,596,2026-10-03,2026-09-29
437.5,0,18,2026-10-03,2026-09-29
440.0,120,1629,2026-10-03,2026-09-29
442.5,1,13,2026-10-03,2026-09-29
443.0,10100,10100,2026-10-03,2026-09-29
445.0,315,236,2026-10-03,2026-09-29
447.5,2,22,2026-10-03,2026-09-29
450.0,148,1847,2026-10-03,2026-09-29
452.5,2,67,2026-10-03,2026-09-29
455.0,72,976,2026-10-03,2026-09-29
457.5,0,61,2026-10-03,2026-09-29
460.0,188,3100,2026-10-03,2026-09-29
462.5,0,75,2026-10-03,2026-09-29
465.0,4500,4500,2026-10-03,2026-09-29
465.0,204,515,2026-10-03,2026-09-29
467.5,0,245,2026-10-03,2026-09-29
470.0,5817,5817,2026-10-03,2026-09-29
470.0,166,2084,2026-10-03,2026-09-29
472.5,2,43,2026-10-03,2026-09-29
475.0,1058,659,2026-10-03,2026-09-29
477.5,26,35,2026-10-03,2026-09-29
480.0,310,699,2026-10-03,2026-09-29
482.5,2,73,2026-10-03,2026-09-29
485.0,552,674,2026-10-03,2026-09-29
487.5,3,202,2026-10-03,2026-09-29
490.0,373,377,2026-10-03,2026-09-29
492.5,37,367,2026-10-03,2026-09-29
495.0,202,593,2026-10-03,2026-09-29
497.5,23,311,2026-10-03,2026-09-29
500.0,752,4117,2026-10-03,2026-09-29
502.5,127,148,2026-10-03,2026-09-29
505.0,291,691,2026-10-03,2026-09-29
507.5,86,448,2026-10-03,2026-09-29
510.0,211,512,2026-10-03,2026-09-29
512.5,61,184,2026-10-03,2026-09-29
515.0,697,359,2026-10-03,2026-09-29
517.5,59,126,2026-10-03,2026-09-29
520.0,1185,1341,2026-10-03,2026-09-29
522.5,135,189,2026-10-03,2026-09-29
525.0,393,568,2026-10-03,2026-09-29
527.5,91,644,2026-10-03,2026-09-29
530.0,721,2491,2026-10-03,2026-09-29
532.5,138,254,2026-10-03,2026-09-29
535.0,233,504,2026-10-03,2026-09-29
537.5,170,339,2026-10-03,2026-09-29
540.0,699,1787,2026-10-03,2026-09-29
542.5,5611,5611,2026-10-03,2026-09-29
542.5,78,420,2026-10-03,2026-09-29
545.0,453,483,2026-10-03,2026-09-29
547.5,73,845,2026-10-03,2026-09-29
550.0,1984,4795,2026-10-03,2026-09-29
552.5,133,624,2026-10-03,2026-09-29
555.0,1669,591,2026-10-03,2026-09-29
557.5,163,312,2026-10-03,2026-09-29
560.0,892,1985,2026-10-03,2026-09-29
562.5,149,577,2026-10-03,2026-09-29
565.0,254,1312,2026-10-03,2026-09-29
567.5,148,393,2026-10-03,2026-09-29
570.0,1088,1069,2026-10-03,2026-09-29
572.5,52,1138,2026-10-03,2026-09-29
575.0,1172,3768,2026-10-03,2026-09-29
577.5,57,872,2026-10-03,2026-09-29
580.0,927,2859,2026-10-03,2026-09-29
582.5,119,985,2026-10-03,2026-09-29
585.0,468,760,2026-10-03,2026-09-29
587.5,57,695,2026-10-03,2026-09-29
590.0,777,1676,2026-10-03,2026-09-29
592.5,101,481,2026-10-03,2026-09-29
595.0,1107,1648,2026-10-03,2026-09-29
597.5,312,516,2026-10-03,2026-09-29
600.0,1352,3647,2026-10-03,2026-09-29
602.5,412,922,2026-10-03,2026-09-29
605.0,1347,855,2026-10-03,2026-09-29
607.5,761,701,2026-10-03,2026-09-29
610.0,1140,1391,2026-10-03,2026-09-29
612.5,936,574,2026-10-03,2026-09-29
615.0,1193,1115,2026-10-03,2026-09-29
617.5,379,637,2026-10-03,2026-09-29
620.0,5000,5000,2026-10-03,2026-09-29
620.0,2921,1447,2026-10-03,2026-09-29
622.5,436,229,2026-10-03,2026-09-29
625.0,1397,517,2026-10-03,2026-09-29
627.5,1467,170,2026-10-03,2026-09-29
630.0,1924,1029,2026-10-03,2026-09-29
632.5,1227,388,2026-10-03,2026-09-29
635.0,809,359,2026-10-03,2026-09-29
637.5,4578,197,2026-10-03,2026-09-29
640.0,2865,341,2026-10-03,2026-09-29
642.5,1402,169,2026-10-03,2026-09-29
645.0,1613,169,2026-10-03,2026-09-29
647.5,1563,159,2026-10-03,2026-09-29
650.0,3238,187,2026-10-03,2026-09-29
652.5,4423,33,2026-10-03,2026-09-29
655.0,1384,57,2026-10-03,2026-09-29
657.5,495,40,2026-10-03,2026-09-29
660.0,1312,49,2026-10-03,2026-09-29
662.5,1542,3,2026-10-03,2026-09-29
665.0,399,18,2026-10-03,2026-09-29
667.5,367,5,2026-10-03,2026-09-29
670.0,2380,3,2026-10-03,2026-09-29
672.5,326,0,2026-10-03,2026-09-29
675.0,457,14,2026-10-03,2026-09-29
677.5,110,0,2026-10-03,2026-09-29
680.0,2618,5,2026-10-03,2026-09-29
682.5,274,0,2026-10-03,2026-09-29
685.0,510,1,2026-10-03,2026-09-29
687.5,347,0,2026-10-03,2026-09-29
690.0,1433,4,2026-10-03,2026-09-29
692.5,305,5,2026-10-03,2026-09-29
695.0,1905,3,2026-10-03,2026-09-29
697.5,164,16,2026-10-03,2026-09-29
700.0,3858,16,2026-10-03,2026-09-29
702.5,237,0,2026-10-03,2026-09-29
705.0,465,0,2026-10-03,2026-09-29
707.5,101,0,2026-10-03,2026-09-29
710.0,856,0,2026-10-03,2026-09-29
712.5,269,0,2026-10-03,2026-09-29
715.0,1370,0,2026-10-03,2026-09-29
717.5,284,0,2026-10-03,2026-09-29
720.0,419,0,2026-10-03,2026-09-29
722.5,43,0,2026-10-03,2026-09-29
725.0,337,0,2026-10-03,2026-09-29
727.5,37,0,2026-10-03,2026-09-29
730.0,166,0,2026-10-03,2026-09-29
732.5,810,0,2026-10-03,2026-09-29
735.0,622,0,2026-10-03,2026-09-29
737.5,14,0,2026-10-03,2026-09-29
740.0,341,0,2026-10-03,2026-09-29
742.5,58,0,2026-10-03,2026-09-29
750.0,828,0,2026-10-03,2026-09-29
760.0,387,0,2026-10-03,2026-09-29
770.0,578,0,2026-10-03,2026-09-29
780.0,53,0,2026-10-03,2026-09-29
790.0,255,0,2026-10-03,2026-09-29
800.0,1482,0,2026-10-03,2026-09-29
810.0,111,0,2026-10-03,2026-09-29
820.0,57,0,2026-10-03,2026-09-29
830.0,26,0,2026-10-03,2026-09-29
840.0,110,0,2026-10-03,2026-09-29
850.0,203,0,2026-10-03,2026-09-29
860.0,90,0,2026-10-03,2026-09-29
870.0,180,0,2026-10-03,2026-09-29
880.0,50,0,2026-10-03,2026-09-29
890.0,46,0,2026-10-03,2026-09-29
900.0,208,0,2026-10-03,2026-09-29
910.0,18,0,2026-10-03,2026-09-29
920.0,110,0,2026-10-03,2026-09-29
930.0,44,0,2026-10-03,2026-09-29
940.0,117,0,2026-10-03,2026-09-29
950.0,42,0,2026-10-03,2026-09-29
960.0,39,0,2026-10-03,2026-09-29
970.0,47,0,2026-10-03,2026-09-29
980.0,72,0,2026-10-03,2026-09-29
990.0,294,0,2026-10-03,2026-09-29
310.0,0,3,2026-10-06,2026-09-29
315.0,0,0,2026-10-06,2026-09-29
320.0,0,0,2026-10-06,2026-09-29
325.0,0,0,2026-10-06,2026-09-29
330.0,0,0,2026-10-06,2026-09-29
335.0,0,0,2026-10-06,2026-09-29
340.0,0,0,2026-10-06,2026-09-29
345.0,0,0,2026-10-06,2026-09-29
350.0,0,0,2026-10-06,2026-09-29
355.0,0,1,2026-10-06,2026-09-29
360.0,0,1,2026-10-06,2026-09-29
365.0,0,6,2026-10-06,2026-09-29
370.0,0,10,2026-10-06,2026-09-29
375.0,0,4,2026-10-06,2026-09-29
380.0,1,9,2026-10-06,2026-09-29
385.0,0,9,2026-10-06,2026-09-29
390.0,0,10,2026-10-06,2026-09-29
395.0,0,15,2026-10-06,2026-09-29
400.0,0,20,2026-10-06,2026-09-29
405.0,0,16,2026-10-06,2026-09-29
410.0,0,10,2026-10-06,2026-09-29
415.0,0,12,2026-10-06,2026-09-29
420.0,0,8,2026-10-06,2026-09-29
425.0,0,16,2026-10-06,2026-09-29
430.0,0,5,2026-10-06,2026-09-29
435.0,0,1,2026-10-06,2026-09-29
440.0,0,5,2026-10-06,2026-09-29
445.0,10,9,2026-10-06,2026-09-29
450.0,5,3,2026-10-06,2026-09-29
455.0,0,3,2026-10-06,2026-09-29
460.0,11,9,2026-10-06,2026-09-29
465.0,0,15,2026-10-06,2026-09-29
470.0,0,89,2026-10-06,2026-09-29
475.0,1,51,2026-10-06,2026-09-29
480.0,0,370,2026-10-06,2026-09-29
485.0,0,43,2026-10-06,2026-09-29
490.0,2,371,2026-10-06,2026-09-29
495.0,0,16,2026-10-06,2026-09-29
500.0,3,35,2026-10-06,2026-09-29
505.0,10,303,2026-10-06,2026-09-29
507.5,0,3,2026-10-06,2026-09-29
510.0,1,25,2026-10-06,2026-09-29
512.5,3,4,2026-10-06,2026-09-29
515.0,12,29,2026-10-06,2026-09-29
517.5,3,2,2026-10-06,2026-09-29
520.0,5,15,2026-10-06,2026-09-29
522.5,0,3,2026-10-06,2026-09-29
525.0,5,10,2026-10-06,2026-09-29
527.5,1,2,2026-10-06,2026-09-29
530.0,8,93,2026-10-06,2026-09-29
532.5,3,1,2026-10-06,2026-09-29
535.0,2,67,2026-10-06,2026-09-29
537.5,0,11,2026-10-06,2026-09-29
540.0,24,65,2026-10-06,2026-09-29
542.5,0,29,2026-10-06,2026-09-29
545.0,3,1063,2026-10-06,2026-09-29
547.5,0,11,2026-10-06,2026-09-29
550.0,12,994,2026-10-06,2026-09-29
552.5,1,67,2026-10-06,2026-09-29
555.0,3,24,2026-10-06,2026-09-29
557.5,1,19,2026-10-06,2026-09-29
560.0,8,247,2026-10-06,2026-09-29
562.5,2,32,2026-10-06,2026-09-29
565.0,1,39,2026-10-06,2026-09-29
567.5,1,118,2026-10-06,2026-09-29
570.0,26,232,2026-10-06,2026-09-29
572.5,65,111,2026-10-06,2026-09-29
575.0,20,626,2026-10-06,2026-09-29
577.5,0,286,2026-10-06,2026-09-29
580.0,27,87,2026-10-06,2026-09-29
582.5,0,22,2026-10-06,2026-09-29
585.0,7,452,2026-10-06,2026-09-29
587.5,2,156,2026-10-06,2026-09-29
590.0,17,143,2026-10-06,2026-09-29
592.5,4,26,2026-10-06,2026-09-29
595.0,14,172,2026-10-06,2026-09-29
597.5,24,78,2026-10-06,2026-09-29
600.0,250,300,2026-10-06,2026-09-29
602.5,70,14,2026-10-06,2026-09-29
605.0,57,36,2026-10-06,2026-09-29
607.5,22,26,2026-10-06,2026-09-29
610.0,92,152,2026-10-06,2026-09-29
612.5,36,83,2026-10-06,2026-09-29
615.0,133,166,2026-10-06,2026-09-29
617.5,70,50,2026-10-06,2026-09-29
620.0,103,44,2026-10-06,2026-09-29
622.5,53,66,2026-10-06,2026-09-29
625.0,152,30,2026-10-06,2026-09-29
627.5,47,13,2026-10-06,2026-09-29
630.0,152,51,2026-10-06,2026-09-29
632.5,56,8,2026-10-06,2026-09-29
635.0,59,10,2026-10-06,2026-09-29
637.5,19,4,2026-10-06,2026-09-29
640.0,58,19,2026-10-06,2026-09-29
642.5,91,8,2026-10-06,2026-09-29
645.0,112,8,2026-10-06,2026-09-29
647.5,23,1,2026-10-06,2026-09-29
650.0,197,2,2026-10-06,2026-09-29
652.5,149,1,2026-10-06,2026-09-29
655.0,266,0,2026-10-06,2026-09-29
657.5,28,0,2026-10-06,2026-09-29
660.0,64,0,2026-10-06,2026-09-29
662.5,16,1,2026-10-06,2026-09-29
665.0,20,0,2026-10-06,2026-09-29
667.5,37,0,2026-10-06,2026-09-29
670.0,43,0,2026-10-06,2026-09-29
672.5,2,1,2026-10-06,2026-09-29
675.0,98,0,2026-10-06,2026-09-29
677.5,3,0,2026-10-06,2026-09-29
680.0,31,2,2026-10-06,2026-09-29
682.5,2,0,2026-10-06,2026-09-29
685.0,10,0,2026-10-06,2026-09-29
687.5,3,0,2026-10-06,2026-09-29
690.0,11,1,2026-10-06,2026-09-29
692.5,3,0,2026-10-06,2026-09-29
695.0,5,0,2026-10-06,2026-09-29
697.5,2,2,2026-10-06,2026-09-29
700.0,363,0,2026-10-06,2026-09-29
702.5,4,0,2026-10-06,2026-09-29
705.0,0,0,2026-10-06,2026-09-29
707.5,1,0,2026-10-06,2026-09-29
710.0,6,0,2026-10-06,2026-09-29
712.5,0,0,2026-10-06,2026-09-29
715.0,2,0,2026-10-06,2026-09-29
717.5,3,0,2026-10-06,2026-09-29
720.0,21,0,2026-10-06,2026-09-29
722.5,3,0,2026-10-06,2026-09-29
725.0,11,0,2026-10-06,2026-09-29
727.5,1,0,2026-10-06,2026-09-29
730.0,33,0,2026-10-06,2026-09-29
732.5,0,0,2026-10-06,2026-09-29
735.0,1,1,2026-10-06,2026-09-29
737.5,1,0,2026-10-06,2026-09-29
740.0,33,0,2026-10-06,2026-09-29
310.0,0,1,2026-10-08,2026-09-29
315.0,0,0,2026-10-08,2026-09-29
320.0,0,0,2026-10-08,2026-09-29
325.0,0,0,2026-10-08,2026-09-29
330.0,0,0,2026-10-08,2026-09-29
335.0,0,0,2026-10-08,2026-09-29
340.0,0,0,2026-10-08,2026-09-29
345.0,0,0,2026-10-08,2026-09-29
350.0,0,0,2026-10-08,2026-09-29
355.0,0,0,2026-10-08,2026-09-29
360.0,0,0,2026-10-08,2026-09-29
365.0,0,0,2026-10-08,2026-09-29
370.0,0,0,2026-10-08,2026-09-29
375.0,0,10,2026-10-08,2026-09-29
380.0,0,8,2026-10-08,2026-09-29
385.0,0,2,2026-10-08,2026-09-29
390.0,0,64,2026-10-08,2026-09-29
395.0,0,17,2026-10-08,2026-09-29
400.0,0,10,2026-10-08,2026-09-29
405.0,0,16,2026-10-08,2026-09-29
410.0,0,14,2026-10-08,2026-09-29
415.0,0,0,2026-10-08,2026-09-29
420.0,0,1,2026-10-08,2026-09-29
425.0,0,10,2026-10-08,2026-09-29
430.0,1,3,2026-10-08,2026-09-29
435.0,0,5,2026-10-08,2026-09-29
440.0,1,0,2026-10-08,2026-09-29
445.0,0,7,2026-10-08,2026-09-29
450.0,0,9,2026-10-08,2026-09-29
455.0,0,0,2026-10-08,2026-09-29
460.0,0,0,2026-10-08,2026-09-29
465.0,1,0,2026-10-08,2026-09-29
470.0,0,0,2026-10-08,2026-09-29
475.0,1,0,2026-10-08,2026-09-29
480.0,0,0,2026-10-08,2026-09-29
485.0,0,0,2026-10-08,2026-09-29
490.0,0,2,2026-10-08,2026-09-29
495.0,0,0,2026-10-08,2026-09-29
500.0,1,3,2026-10-08,2026-09-29
505.0,0,0,2026-10-08,2026-09-29
510.0,1,9,2026-10-08,2026-09-29
515.0,0,9,2026-10-08,2026-09-29
520.0,1,11,2026-10-08,2026-09-29
525.0,1,1,2026-10-08,2026-09-29
530.0,1,14,2026-10-08,2026-09-29
535.0,2,17,2026-10-08,2026-09-29
540.0,2,4,2026-10-08,2026-09-29
545.0,0,17,2026-10-08,2026-09-29
550.0,4,90,2026-10-08,2026-09-29
555.0,1,9,2026-10-08,2026-09-29
560.0,9,36,2026-10-08,2026-09-29
565.0,2,10,2026-10-08,2026-09-29
570.0,8,70,2026-10-08,2026-09-29
575.0,2,21,2026-10-08,2026-09-29
577.5,1,8,2026-10-08,2026-09-29
580.0,36,21,2026-10-08,2026-09-29
582.5,21,6,2026-10-08,2026-09-29
585.0,6,8,2026-10-08,2026-09-29
587.5,3,9,2026-10-08,2026-09-29
590.0,3,22,2026-10-08,2026-09-29
592.5,1,14,2026-10-08,2026-09-29
595.0,5,161,2026-10-08,2026-09-29
597.5,16,23,2026-10-08,2026-09-29
600.0,51,251,2026-10-08,2026-09-29
602.5,9,80,2026-10-08,2026-09-29
605.0,30,86,2026-10-08,2026-09-29
607.5,128,3,2026-10-08,2026-09-29
610.0,170,6,2026-10-08,2026-09-29
612.5,65,8,2026-10-08,2026-09-29
615.0,23,16,2026-10-08,2026-09-29
617.5,8,11,2026-10-08,2026-09-29
620.0,110,25,2026-10-08,2026-09-29
622.5,14,12,2026-10-08,2026-09-29
625.0,64,18,2026-10-08,2026-09-29
627.5,11,10,2026-10-08,2026-09-29
630.0,23,15,2026-10-08,2026-09-29
632.5,21,5,2026-10-08,2026-09-29
635.0,24,3,2026-10-08,2026-09-29
637.5,8,0,2026-10-08,2026-09-29
640.0,42,0,2026-10-08,2026-09-29
642.5,4,0,2026-10-08,2026-09-29
645.0,23,2,2026-10-08,2026-09-29
647.5,4,0,2026-10-08,2026-09-29
650.0,24,0,2026-10-08,2026-09-29
652.5,14,0,2026-10-08,2026-09-29
655.0,11,0,2026-10-08,2026-09-29
657.5,4,0,2026-10-08,2026-09-29
660.0,149,1,2026-10-08,2026-09-29
662.5,1,0,2026-10-08,2026-09-29
665.0,152,0,2026-10-08,2026-09-29
667.5,2,0,2026-10-08,2026-09-29
670.0,13,0,2026-10-08,2026-09-29
672.5,1,0,2026-10-08,2026-09-29
675.0,1,0,2026-10-08,2026-09-29
680.0,3,0,2026-10-08,2026-09-29
685.0,6,0,2026-10-08,2026-09-29
690.0,4,0,2026-10-08,2026-09-29
695.0,11,0,2026-10-08,2026-09-29
700.0,351,1,2026-10-08,2026-09-29
705.0,3,0,2026-10-08,2026-09-29
710.0,4,0,2026-10-08,2026-09-29
715.0,0,0,2026-10-08,2026-09-29
720.0,2,0,2026-10-08,2026-09-29
725.0,1,0,2026-10-08,2026-09-29
730.0,2,0,2026-10-08,2026-09-29
735.0,0,0,2026-10-08,2026-09-29
740.0,3,0,2026-10-08,2026-09-29
566.75,2,0,2026-10-09,2026-09-29
40.0,0,71,2026-10-10,2026-09-29
45.0,0,23,2026-10-10,2026-09-29
50.0,0,11,2026-10-10,2026-09-29
55.0,0,7,2026-10-10,2026-09-29
60.0,0,48,2026-10-10,2026-09-29
65.0,0,36,2026-10-10,2026-09-29
70.0,3,40,2026-10-10,2026-09-29
75.0,1,26,2026-10-10,2026-09-29
80.0,1,54,2026-10-10,2026-09-29
85.0,3,34,2026-10-10,2026-09-29
90.0,3,14,2026-10-10,2026-09-29
95.0,0,26,2026-10-10,2026-09-29
100.0,0,18,2026-10-10,2026-09-29
105.0,0,4,2026-10-10,2026-09-29
110.0,0,7,2026-10-10,2026-09-29
115.0,7,1,2026-10-10,2026-09-29
120.0,1,5,2026-10-10,2026-09-29
125.0,2,1,2026-10-10,2026-09-29
130.0,3,1,2026-10-10,2026-09-29
135.0,3,1,2026-10-10,2026-09-29
140.0,2,2,2026-10-10,2026-09-29
145.0,0,1,2026-10-10,2026-09-29
150.0,2,1046,2026-10-10,2026-09-29
155.0,1,0,2026-10-10,2026-09-29
160.0,1,14,2026-10-10,2026-09-29
165.0,0,0,2026-10-10,2026-09-29
170.0,8,11,2026-10-10,2026-09-29
175.0,0,0,2026-10-10,2026-09-29
180.0,1,22,2026-10-10,2026-09-29
185.0,3,13,2026-10-10,2026-09-29
190.0,0,31,2026-10-10,2026-09-29
195.0,1,30,2026-10-10,2026-09-29
200.0,0,73,2026-10-10,2026-09-29
205.0,0,27,2026-10-10,2026-09-29
210.0,3,23,2026-10-10,2026-09-29
215.0,7,41,2026-10-10,2026-09-29
220.0,2,6,2026-10-10,2026-09-29
225.0,3,31,2026-10-10,2026-09-29
230.0,1,10,2026-10-10,2026-09-29
235.0,0,14,2026-10-10,2026-09-29
240.0,5,94,2026-10-10,2026-09-29
245.0,2,12,2026-10-10,2026-09-29
250.0,42,37,2026-10-10,2026-09-29
255.0,3,10,2026-10-10,2026-09-29
260.0,1,60,2026-10-10,2026-09-29
265.0,0,21,2026-10-10,2026-09-29
270.0,1,28,2026-10-10,2026-09-29
275.0,4,48,2026-10-10,2026-09-29
280.0,1,77,2026-10-10,2026-09-29
285.0,0,189,2026-10-10,2026-09-29
290.0,0,501,2026-10-10,2026-09-29
295.0,3,41,2026-10-10,2026-09-29
300.0,3,114,2026-10-10,2026-09-29
305.0,5,43,2026-10-10,2026-09-29
310.0,2,11471,2026-10-10,2026-09-29
315.0,1,21,2026-10-10,2026-09-29
320.0,3,453,2026-10-10,2026-09-29
325.0,2,102,2026-10-10,2026-09-29
330.0,11,48,2026-10-10,2026-09-29
335.0,8,70,2026-10-10,2026-09-29
340.0,1,128,2026-10-10,2026-09-29
345.0,2,49,2026-10-10,2026-09-29
350.0,3,1481,2026-10-10,2026-09-29
355.0,0,54,2026-10-10,2026-09-29
360.0,2,102,2026-10-10,2026-09-29
365.0,5,68,2026-10-10,2026-09-29
370.0,4,39,2026-10-10,2026-09-29
375.0,6,100,2026-10-10,2026-09-29
380.0,13,160,2026-10-10,2026-09-29
385.0,6,1487,2026-10-10,2026-09-29
390.0,16,178,2026-10-10,2026-09-29
395.0,0,104,2026-10-10,2026-09-29
400.0,45,1336,2026-10-10,2026-09-29
405.0,1,283,2026-10-10,2026-09-29
410.0,12,127,2026-10-10,2026-09-29
415.0,16,160,2026-10-10,2026-09-29
420.0,16,2632,2026-10-10,2026-09-29
425.0,10,89,2026-10-10,2026-09-29
430.0,17,178,2026-10-10,2026-09-29
435.0,16,535,2026-10-10,2026-09-29
440.0,102,611,2026-10-10,2026-09-29
445.0,28,417,2026-10-10,2026-09-29
450.0,136,597,2026-10-10,2026-09-29
455.0,49,219,2026-10-10,2026-09-29
460.0,65,250,2026-10-10,2026-09-29
465.0,67,146,2026-10-10,2026-09-29
470.0,38,318,2026-10-10,2026-09-29
475.0,201,246,2026-10-10,2026-09-29
480.0,186,375,2026-10-10,2026-09-29
485.0,123,870,2026-10-10,2026-09-29
490.0,1490,321,2026-10-10,2026-09-29
495.0,125,222,2026-10-10,2026-09-29
500.0,304,638,2026-10-10,2026-09-29
505.0,279,319,2026-10-10,2026-09-29
510.0,238,248,2026-10-10,2026-09-29
515.0,1133,464,2026-10-10,2026-09-29
517.5,0,72,2026-10-10,2026-09-29
520.0,400,907,2026-10-10,2026-09-29
522.5,21,613,2026-10-10,2026-09-29
525.0,236,186,2026-10-10,2026-09-29
527.5,0,71,2026-10-10,2026-09-29
530.0,358,478,2026-10-10,2026-09-29
532.5,2,284,2026-10-10,2026-09-29
535.0,128,287,2026-10-10,2026-09-29
537.5,3,49,2026-10-10,2026-09-29
540.0,144,640,2026-10-10,2026-09-29
542.5,5,142,2026-10-10,2026-09-29
545.0,276,392,2026-10-10,2026-09-29
547.5,1,143,2026-10-10,2026-09-29
550.0,7000,7000,2026-10-10,2026-09-29
550.0,455,762,2026-10-10,2026-09-29
552.5,10,202,2026-10-10,2026-09-29
555.0,184,236,2026-10-10,2026-09-29
557.5,18,211,2026-10-10,2026-09-29
560.0,383,506,2026-10-10,2026-09-29
562.5,4,210,2026-10-10,2026-09-29
565.0,288,323,2026-10-10,2026-09-29
570.0,973,648,2026-10-10,2026-09-29
575.0,228,265,2026-10-10,2026-09-29
580.0,487,440,2026-10-10,2026-09-29
585.0,187,623,2026-10-10,2026-09-29
590.0,197,443,2026-10-10,2026-09-29
595.0,221,289,2026-10-10,2026-09-29
600.0,1642,543,2026-10-10,2026-09-29
602.5,83,141,2026-10-10,2026-09-29
605.0,1097,191,2026-10-10,2026-09-29
607.5,370,26,2026-10-10,2026-09-29
610.0,708,227,2026-10-10,2026-09-29
612.5,174,265,2026-10-10,2026-09-29
615.0,635,221,2026-10-10,2026-09-29
617.5,114,46,2026-10-10,2026-09-29
620.0,723,265,2026-10-10,2026-09-29
622.5,63,81,2026-10-10,2026-09-29
625.0,1507,242,2026-10-10,2026-09-29
630.0,836,169,2026-10-10,2026-09-29
635.0,276,140,2026-10-10,2026-09-29
640.0,583,105,2026-10-10,2026-09-29
645.0,257,16,2026-10-10,2026-09-29
650.0,751,50,2026-10-10,2026-09-29
655.0,293,8,2026-10-10,2026-09-29
660.0,539,97,2026-10-10,2026-09-29
665.0,287,5,2026-10-10,2026-09-29
670.0,237,6,2026-10-10,2026-09-29
675.0,403,7,2026-10-10,2026-09-29
680.0,286,31,2026-10-10,2026-09-29
685.0,193,1,2026-10-10,2026-09-29
690.0,267,0,2026-10-10,2026-09-29
695.0,233,1,2026-10-10,2026-09-29
700.0,2094,3,2026-10-10,2026-09-29
705.0,241,0,2026-10-10,2026-09-29
710.0,210,0,2026-10-10,2026-09-29
715.0,148,0,2026-10-10,2026-09-29
720.0,285,9,2026-10-10,2026-09-29
725.0,157,1,2026-10-10,2026-09-29
730.0,352,1,2026-10-10,2026-09-29
735.0,94,1,2026-10-10,2026-09-29
740.0,350,10,2026-10-10,2026-09-29
750.0,290,5,2026-10-10,2026-09-29
760.0,197,0,2026-10-10,2026-09-29
770.0,103,0,2026-10-10,2026-09-29
780.0,110,0,2026-10-10,2026-09-29
790.0,137,0,2026-10-10,2026-09-29
800.0,180,0,2026-10-10,2026-09-29
810.0,21,0,2026-10-10,2026-09-29
820.0,216,0,2026-10-10,2026-09-29
830.0,48,0,2026-10-10,2026-09-29
840.0,82,0,2026-10-10,2026-09-29
850.0,137,0,2026-10-10,2026-09-29
860.0,24,0,2026-10-10,2026-09-29
870.0,41,0,2026-10-10,2026-09-29
880.0,66,0,2026-10-10,2026-09-29
890.0,22,0,2026-10-10,2026-09-29
900.0,34,0,2026-10-10,2026-09-29
910.0,217,0,2026-10-10,2026-09-29
920.0,19,0,2026-10-10,2026-09-29
930.0,33,0,2026-10-10,2026-09-29
940.0,11,0,2026-10-10,2026-09-29
950.0,46,0,2026-10-10,2026-09-29
960.0,286,0,2026-10-10,2026-09-29
560.0,4,8,2026-10-13,2026-09-29
565.0,0,6,2026-10-13,2026-09-29
570.0,0,1,2026-10-13,2026-09-29
575.0,10,2,2026-10-13,2026-09-29
580.0,0,1,2026-10-13,2026-09-29
585.0,4,3,2026-10-13,2026-09-29
590.0,1,2,2026-10-13,2026-09-29
595.0,7,3,2026-10-13,2026-09-29
600.0,14,17,2026-10-13,2026-09-29
605.0,107,10,2026-10-13,2026-09-29
610.0,27,6,2026-10-13,2026-09-29
615.0,49,1,2026-10-13,2026-09-29
620.0,10,4,2026-10-13,2026-09-29
625.0,30,2,2026-10-13,2026-09-29
630.0,12,2,2026-10-13,2026-09-29
635.0,30,0,2026-10-13,2026-09-29
640.0,4,0,2026-10-13,2026-09-29
645.0,0,0,2026-10-13,2026-09-29
650.0,3,0,2026-10-13,2026-09-29
655.0,1,0,2026-10-13,2026-09-29
660.0,0,0,2026-10-13,2026-09-29
665.0,0,0,2026-10-13,2026-09-29
670.0,0,0,2026-10-13,2026-09-29
675.0,2,0,2026-10-13,2026-09-29
680.0,15,1,2026-10-13,2026-09-29
685.0,0,0,2026-10-13,2026-09-29
690.0,1,0,2026-10-13,2026-09-29
695.0,0,0,2026-10-13,2026-09-29
700.0,7,0,2026-10-13,2026-09-29
705.0,0,0,2026-10-13,2026-09-29
100.0,1474,1397,2026-10-17,2026-09-29
105.0,81,159,2026-10-17,2026-09-29
110.0,32,537,2026-10-17,2026-09-29
115.0,27,103,2026-10-17,2026-09-29
120.0,56,1789,2026-10-17,2026-09-29
125.0,86,462,2026-10-17,2026-09-29
130.0,82,409,2026-10-17,2026-09-29
135.0,151,261,2026-10-17,2026-09-29
140.0,164,528,2026-10-17,2026-09-29
145.0,130,484,2026-10-17,2026-09-29
150.0,139,2513,2026-10-17,2026-09-29
155.0,135,253,2026-10-17,2026-09-29
160.0,203,2432,2026-10-17,2026-09-29
165.0,95,982,2026-10-17,2026-09-29
170.0,131,421,2026-10-17,2026-09-29
175.0,135,991,2026-10-17,2026-09-29
180.0,274,807,2026-10-17,2026-09-29
185.0,219,400,2026-10-17,2026-09-29
190.0,964,322,2026-10-17,2026-09-29
195.0,199,520,2026-10-17,2026-09-29
200.0,416,2892,2026-10-17,2026-09-29
210.0,635,977,2026-10-17,2026-09-29
220.0,256,770,2026-10-17,2026-09-29
230.0,530,687,2026-10-17,2026-09-29
240.0,378,1188,2026-10-17,2026-09-29
250.0,914,1398,2026-10-17,2026-09-29
257.0,1138,0,2026-10-17,2026-09-29
260.0,448,2227,2026-10-17,2026-09-29
270.0,483,1126,2026-10-17,2026-09-29
280.0,849,877,2026-10-17,2026-09-29
290.0,330,1227,2026-10-17,2026-09-29
300.0,977,5836,2026-10-17,2026-09-29
310.0,432,1565,2026-10-17,2026-09-29
320.0,935,1694,2026-10-17,2026-09-29
330.0,948,2159,2026-10-17,2026-09-29
340.0,672,2493,2026-10-17,2026-09-29
350.0,6,0,2026-10-17,2026-09-29
350.0,605,3809,2026-10-17,2026-09-29
360.0,259,1636,2026-10-17,2026-09-29
370.0,590,6848,2026-10-17,2026-09-29
380.0,549,3015,2026-10-17,2026-09-29
390.0,251,2420,2026-10-17,2026-09-29
400.0,3,0,2026-10-17,2026-09-29
400.0,570,9513,2026-10-17,2026-09-29
410.0,233,2367,2026-10-17,2026-09-29
420.0,403,6633,2026-10-17,2026-09-29
430.0,0,0,2026-10-17,2026-09-29
430.0,364,3284,2026-10-17,2026-09-29
440.0,511,3886,2026-10-17,2026-09-29
450.0,6342,6520,2026-10-17,2026-09-29
460.0,2000,2000,2026-10-17,2026-09-29
460.0,926,3860,2026-10-17,2026-09-29
470.0,1970,1970,2026-10-17,2026-09-29
470.0,1444,2773,2026-10-17,2026-09-29
475.0,5000,5000,2026-10-17,2026-09-29
475.0,1,773,2026-10-17,2026-09-29
480.0,17740,17740,2026-10-17,2026-09-29
480.0,1682,2603,2026-10-17,2026-09-29
485.0,1,352,2026-10-17,2026-09-29
490.0,10352,10352,2026-10-17,2026-09-29
490.0,12341,2323,2026-10-17,2026-09-29
490.01,0,8280,2026-10-17,2026-09-29
495.0,1500,1500,2026-10-17,2026-09-29
495.0,0,903,2026-10-17,2026-09-29
500.0,2250,2250,2026-10-17,2026-09-29
500.0,2583,5216,2026-10-17,2026-09-29
505.0,47,129,2026-10-17,2026-09-29
510.0,4000,4000,2026-10-17,2026-09-29
510.0,1732,2125,2026-10-17,2026-09-29
515.0,2,142,2026-10-17,2026-09-29
517.5,9,119,2026-10-17,2026-09-29
520.0,404,404,2026-10-17,2026-09-29
520.0,2586,3371,2026-10-17,2026-09-29
520.01,193,0,2026-10-17,2026-09-29
522.5,18,564,2026-10-17,2026-09-29
525.0,500,500,2026-10-17,2026-09-29
525.0,19,416,2026-10-17,2026-09-29
527.5,56,237,2026-10-17,2026-09-29
530.0,3763,3763,2026-10-17,2026-09-29
530.0,2894,1317,2026-10-17,2026-09-29
532.5,17,1071,2026-10-17,2026-09-29
535.0,11,299,2026-10-17,2026-09-29
537.5,25,130,2026-10-17,2026-09-29
540.0,4404,2908,2026-10-17,2026-09-29
542.5,15,125,2026-10-17,2026-09-29
545.0,20,201,2026-10-17,2026-09-29
547.5,3,116,2026-10-17,2026-09-29
550.0,47,37,2026-10-17,2026-09-29
550.0,4268,2740,2026-10-17,2026-09-29
552.5,21,166,2026-10-17,2026-09-29
555.0,47,232,2026-10-17,2026-09-29
557.5,18,129,2026-10-17,2026-09-29
560.0,2075,3253,2026-10-17,2026-09-29
562.5,119,260,2026-10-17,2026-09-29
565.0,197,426,2026-10-17,2026-09-29
570.0,1657,1255,2026-10-17,2026-09-29
575.0,2600,2600,2026-10-17,2026-09-29
575.0,699,456,2026-10-17,2026-09-29
580.0,7,0,2026-10-17,2026-09-29
580.0,2572,1365,2026-10-17,2026-09-29
585.0,1876,1876,2026-10-17,2026-09-29
585.0,168,338,2026-10-17,2026-09-29
590.0,1549,695,2026-10-17,2026-09-29
595.0,279,724,2026-10-17,2026-09-29
600.0,50,50,2026-10-17,2026-09-29
600.0,6842,3194,2026-10-17,2026-09-29
605.0,545,545,2026-10-17,2026-09-29
605.0,612,507,2026-10-17,2026-09-29
610.0,4000,4000,2026-10-17,2026-09-29
610.0,3200,1601,2026-10-17,2026-09-29
615.0,12476,12476,2026-10-17,2026-09-29
615.0,1217,431,2026-10-17,2026-09-29
620.0,300,300,2026-10-17,2026-09-29
620.0,2346,1046,2026-10-17,2026-09-29
630.0,200,200,2026-10-17,2026-09-29
630.0,3507,534,2026-10-17,2026-09-29
640.0,1799,309,2026-10-17,2026-09-29
650.0,2702,216,2026-10-17,2026-09-29
660.0,2653,86,2026-10-17,2026-09-29
670.0,1070,87,2026-10-17,2026-09-29
680.0,4345,63,2026-10-17,2026-09-29
690.0,1089,46,2026-10-17,2026-09-29
700.0,5910,59,2026-10-17,2026-09-29
710.0,856,4,2026-10-17,2026-09-29
720.0,1356,3,2026-10-17,2026-09-29
730.0,709,4,2026-10-17,2026-09-29
740.0,785,4,2026-10-17,2026-09-29
750.0,4171,11,2026-10-17,2026-09-29
760.0,1259,0,2026-10-17,2026-09-29
770.0,646,5,2026-10-17,2026-09-29
780.0,831,0,2026-10-17,2026-09-29
790.0,469,0,2026-10-17,2026-09-29
800.0,3180,0,2026-10-17,2026-09-29
810.0,374,0,2026-10-17,2026-09-29
820.0,634,0,2026-10-17,2026-09-29
830.0,446,0,2026-10-17,2026-09-29
840.0,221,0,2026-10-17,2026-09-29
850.0,422,0,2026-10-17,2026-09-29
860.0,376,0,2026-10-17,2026-09-29
870.0,218,0,2026-10-17,2026-09-29
880.0,127,0,2026-10-17,2026-09-29
890.0,308,0,2026-10-17,2026-09-29
900.0,1888,0,2026-10-17,2026-09-29
910.0,214,0,2026-10-17,2026-09-29
920.0,412,0,2026-10-17,2026-09-29
930.0,308,0,2026-10-17,2026-09-29
940.0,195,0,2026-10-17,2026-09-29
950.0,738,0,2026-10-17,2026-09-29
960.0,144,0,2026-10-17,2026-09-29
970.0,205,0,2026-10-17,2026-09-29
980.0,102,0,2026-10-17,2026-09-29
990.0,116,0,2026-10-17,2026-09-29
1000.0,816,0,2026-10-17,2026-09-29
1010.0,286,0,2026-10-17,2026-09-29
1020.0,163,0,2026-10-17,2026-09-29
1030.0,120,0,2026-10-17,2026-09-29
1040.0,88,0,2026-10-17,2026-09-29
1050.0,308,0,2026-10-17,2026-09-29
1060.0,562,0,2026-10-17,2026-09-29
1070.0,300,0,2026-10-17,2026-09-29
1080.0,4934,0,2026-10-17,2026-09-29
1090.0,597,0,2026-10-17,2026-09-29
1100.0,216,0,2026-10-17,2026-09-29
1110.0,791,0,2026-10-17,2026-09-29
1120.0,5812,0,2026-10-17,2026-09-29
40.0,1,1,2026-10-24,2026-09-29
45.0,1,0,2026-10-24,2026-09-29
50.0,6,0,2026-10-24,2026-09-29
55.0,0,0,2026-10-24,2026-09-29
60.0,0,0,2026-10-24,2026-09-29
65.0,0,0,2026-10-24,2026-09-29
70.0,0,3,2026-10-24,2026-09-29
75.0,0,0,2026-10-24,2026-09-29
80.0,0,0,2026-10-24,2026-09-29
85.0,0,0,2026-10-24,2026-09-29
90.0,1,0,2026-10-24,2026-09-29
95.0,0,0,2026-10-24,2026-09-29
100.0,0,0,2026-10-24,2026-09-29
105.0,0,0,2026-10-24,2026-09-29
110.0,5,0,2026-10-24,2026-09-29
115.0,2,0,2026-10-24,2026-09-29
120.0,2,0,2026-10-24,2026-09-29
125.0,0,0,2026-10-24,2026-09-29
130.0,1,0,2026-10-24,2026-09-29
135.0,0,0,2026-10-24,2026-09-29
140.0,0,1,2026-10-24,2026-09-29
145.0,5,0,2026-10-24,2026-09-29
150.0,4,0,2026-10-24,2026-09-29
155.0,1,2,2026-10-24,2026-09-29
160.0,1,2,2026-10-24,2026-09-29
165.0,0,0,2026-10-24,2026-09-29
170.0,0,0,2026-10-24,2026-09-29
175.0,1,4,2026-10-24,2026-09-29
180.0,7,0,2026-10-24,2026-09-29
185.0,6,0,2026-10-24,2026-09-29
190.0,0,7,2026-10-24,2026-09-29
195.0,0,1,2026-10-24,2026-09-29
200.0,4,63,2026-10-24,2026-09-29
205.0,0,12,2026-10-24,2026-09-29
210.0,3,16,2026-10-24,2026-09-29
215.0,5,17,2026-10-24,2026-09-29
220.0,5,151,2026-10-24,2026-09-29
225.0,3,13,2026-10-24,2026-09-29
230.0,4,15,2026-10-24,2026-09-29
235.0,1,28,2026-10-24,2026-09-29
240.0,9,49,2026-10-24,2026-09-29
245.0,2,74,2026-10-24,2026-09-29
250.0,5,118,2026-10-24,2026-09-29
255.0,3,19,2026-10-24,2026-09-29
260.0,4,17,2026-10-24,2026-09-29
265.0,1,20,2026-10-24,2026-09-29
270.0,1,22,2026-10-24,2026-09-29
275.0,2,22,2026-10-24,2026-09-29
280.0,4,32,2026-10-24,2026-09-29
285.0,55,20,2026-10-24,2026-09-29
290.0,1,57,2026-10-24,2026-09-29
295.0,0,40,2026-10-24,2026-09-29
300.0,4,83,2026-10-24,2026-09-29
305.0,5,13,2026-10-24,2026-09-29
310.0,0,111,2026-10-24,2026-09-29
315.0,0,23,2026-10-24,2026-09-29
320.0,5,26,2026-10-24,2026-09-29
325.0,4,42,2026-10-24,2026-09-29
330.0,8,42,2026-10-24,2026-09-29
335.0,3,19,2026-10-24,2026-09-29
340.0,1,130,2026-10-24,2026-09-29
345.0,2,8,2026-10-24,2026-09-29
350.0,0,94,2026-10-24,2026-09-29
355.0,1,100,2026-10-24,2026-09-29
360.0,0,83,2026-10-24,2026-09-29
365.0,2,23,2026-10-24,2026-09-29
370.0,4,38,2026-10-24,2026-09-29
375.0,3,44,2026-10-24,2026-09-29
380.0,6,107,2026-10-24,2026-09-29
385.0,2,160,2026-10-24,2026-09-29
390.0,8,70,2026-10-24,2026-09-29
395.0,1,48,2026-10-24,2026-09-29
400.0,3,772,2026-10-24,2026-09-29
405.0,3,133,2026-10-24,2026-09-29
410.0,5,82,2026-10-24,2026-09-29
415.0,15,52,2026-10-24,2026-09-29
420.0,14,234,2026-10-24,2026-09-29
425.0,5,231,2026-10-24,2026-09-29
430.0,95,355,2026-10-24,2026-09-29
435.0,2,102,2026-10-24,2026-09-29
440.0,37,197,2026-10-24,2026-09-29
445.0,15,146,2026-10-24,2026-09-29
450.0,18,236,2026-10-24,2026-09-29
455.0,51,92,2026-10-24,2026-09-29
460.0,15,378,2026-10-24,2026-09-29
465.0,42,221,2026-10-24,2026-09-29
470.0,64,295,2026-10-24,2026-09-29
475.0,157,243,2026-10-24,2026-09-29
480.0,58,903,2026-10-24,2026-09-29
485.0,6500,6500,2026-10-24,2026-09-29
485.0,47,239,2026-10-24,2026-09-29
490.0,117,242,2026-10-24,2026-09-29
495.0,59,235,2026-10-24,2026-09-29
500.0,150,564,2026-10-24,2026-09-29
505.0,85,187,2026-10-24,2026-09-29
510.0,102,283,2026-10-24,2026-09-29
515.0,237,373,2026-10-24,2026-09-29
520.0,2370,803,2026-10-24,2026-09-29
525.0,269,167,2026-10-24,2026-09-29
530.0,897,422,2026-10-24,2026-09-29
535.0,117,409,2026-10-24,2026-09-29
540.0,182,431,2026-10-24,2026-09-29
545.0,170,927,2026-10-24,2026-09-29
550.0,200,923,2026-10-24,2026-09-29
555.0,136,363,2026-10-24,2026-09-29
560.0,226,544,2026-10-24,2026-09-29
565.0,188,202,2026-10-24,2026-09-29
570.0,417,306,2026-10-24,2026-09-29
575.0,141,209,2026-10-24,2026-09-29
580.0,513,359,2026-10-24,2026-09-29
585.0,131,153,2026-10-24,2026-09-29
590.0,171,183,2026-10-24,2026-09-29
595.0,123,288,2026-10-24,2026-09-29
600.0,426,565,2026-10-24,2026-09-29
605.0,536,118,2026-10-24,2026-09-29
610.0,950,950,2026-10-24,2026-09-29
610.0,291,299,2026-10-24,2026-09-29
615.0,1000,1000,2026-10-24,2026-09-29
615.0,490,86,2026-10-24,2026-09-29
620.0,1500,1500,2026-10-24,2026-09-29
620.0,363,1110,2026-10-24,2026-09-29
625.0,1500,1500,2026-10-24,2026-09-29
625.0,252,108,2026-10-24,2026-09-29
630.0,1792,88,2026-10-24,2026-09-29
635.0,174,32,2026-10-24,2026-09-29
640.0,398,30,2026-10-24,2026-09-29
645.0,347,32,2026-10-24,2026-09-29
650.0,412,28,2026-10-24,2026-09-29
655.0,137,6,2026-10-24,2026-09-29
660.0,792,71,2026-10-24,2026-09-29
665.0,81,24,2026-10-24,2026-09-29
670.0,266,34,2026-10-24,2026-09-29
675.0,173,35,2026-10-24,2026-09-29
680.0,719,32,2026-10-24,2026-09-29
685.0,141,10,2026-10-24,2026-09-29
690.0,105,3,2026-10-24,2026-09-29
695.0,174,18,2026-10-24,2026-09-29
700.0,2723,8,2026-10-24,2026-09-29
705.0,2483,0,2026-10-24,2026-09-29
710.0,242,1,2026-10-24,2026-09-29
715.0,203,1,2026-10-24,2026-09-29
720.0,133,0,2026-10-24,2026-09-29
725.0,201,1,2026-10-24,2026-09-29
730.0,186,0,2026-10-24,2026-09-29
735.0,181,10,2026-10-24,2026-09-29
740.0,148,0,2026-10-24,2026-09-29
750.0,161,10,2026-10-24,2026-09-29
760.0,88,0,2026-10-24,2026-09-29
770.0,135,0,2026-10-24,2026-09-29
780.0,139,2,2026-10-24,2026-09-29
790.0,87,0,2026-10-24,2026-09-29
800.0,137,0,2026-10-24,2026-09-29
810.0,100,0,2026-10-24,2026-09-29
820.0,128,0,2026-10-24,2026-09-29
830.0,60,0,2026-10-24,2026-09-29
840.0,18,0,2026-10-24,2026-09-29
850.0,86,0,2026-10-24,2026-09-29
860.0,10,0,2026-10-24,2026-09-29
870.0,55,0,2026-10-24,2026-09-29
880.0,111,0,2026-10-24,2026-09-29
890.0,183,0,2026-10-24,2026-09-29
900.0,194,0,2026-10-24,2026-09-29
910.0,52,0,2026-10-24,2026-09-29
920.0,13,0,2026-10-24,2026-09-29
930.0,38,0,2026-10-24,2026-09-29
940.0,50,0,2026-10-24,2026-09-29
950.0,12,0,2026-10-24,2026-09-29
960.0,125,0,2026-10-24,2026-09-29
5038.38,12,12,2026-10-24,2026-09-29
40.0,1,2,2026-10-31,2026-09-29
50.0,0,0,2026-10-31,2026-09-29
60.0,0,0,2026-10-31,2026-09-29
70.0,0,0,2026-10-31,2026-09-29
80.0,0,0,2026-10-31,2026-09-29
90.0,0,0,2026-10-31,2026-09-29
100.0,0,0,2026-10-31,2026-09-29
110.0,3,0,2026-10-31,2026-09-29
120.0,1,0,2026-10-31,2026-09-29
130.0,0,0,2026-10-31,2026-09-29
140.0,0,2,2026-10-31,2026-09-29
150.0,4,0,2026-10-31,2026-09-29
160.0,0,0,2026-10-31,2026-09-29
170.0,1,0,2026-10-31,2026-09-29
180.0,0,0,2026-10-31,2026-09-29
190.0,5,0,2026-10-31,2026-09-29
200.0,6,5,2026-10-31,2026-09-29
210.0,0,20,2026-10-31,2026-09-29
220.0,9,0,2026-10-31,2026-09-29
220.0,1,56,2026-10-31,2026-09-29
230.0,5,56,2026-10-31,2026-09-29
240.0,6,55,2026-10-31,2026-09-29
250.0,1,301,2026-10-31,2026-09-29
255.0,1,0,2026-10-31,2026-09-29
260.0,2,52,2026-10-31,2026-09-29
270.0,12,46,2026-10-31,2026-09-29
280.0,6,27,2026-10-31,2026-09-29
290.0,0,113,2026-10-31,2026-09-29
300.0,2,116,2026-10-31,2026-09-29
310.0,1,202,2026-10-31,2026-09-29
315.0,0,96,2026-10-31,2026-09-29
320.0,1,117,2026-10-31,2026-09-29
325.0,16,27,2026-10-31,2026-09-29
330.0,0,44,2026-10-31,2026-09-29
335.0,0,11,2026-10-31,2026-09-29
340.0,2,78,2026-10-31,2026-09-29
345.0,1,33,2026-10-31,2026-09-29
350.0,11,24,2026-10-31,2026-09-29
355.0,1,20,2026-10-31,2026-09-29
360.0,3,39,2026-10-31,2026-09-29
365.0,0,17,2026-10-31,2026-09-29
370.0,0,33,2026-10-31,2026-09-29
375.0,1,54,2026-10-31,2026-09-29
380.0,0,75,2026-10-31,2026-09-29
385.0,3,130,2026-10-31,2026-09-29
390.0,2,64,2026-10-31,2026-09-29
395.0,9,38,2026-10-31,2026-09-29
400.0,35,170,2026-10-31,2026-09-29
405.0,4,17,2026-10-31,2026-09-29
410.0,1,63,2026-10-31,2026-09-29
415.0,7,75,2026-10-31,2026-09-29
420.0,2,112,2026-10-31,2026-09-29
425.0,14,172,2026-10-31,2026-09-29
430.0,4,130,2026-10-31,2026-09-29
435.0,6,65,2026-10-31,2026-09-29
440.0,4,86,2026-10-31,2026-09-29
445.0,0,42,2026-10-31,2026-09-29
450.0,24,379,2026-10-31,2026-09-29
455.0,3,106,2026-10-31,2026-09-29
460.0,2,171,2026-10-31,2026-09-29
465.0,23,130,2026-10-31,2026-09-29
470.0,22,127,2026-10-31,2026-09-29
475.0,19,252,2026-10-31,2026-09-29
480.0,28,253,2026-10-31,2026-09-29
485.0,51,126,2026-10-31,2026-09-29
490.0,59,209,2026-10-31,2026-09-29
495.0,44,218,2026-10-31,2026-09-29
500.0,76,1100,2026-10-31,2026-09-29
505.0,49,617,2026-10-31,2026-09-29
510.0,40,242,2026-10-31,2026-09-29
515.0,30,156,2026-10-31,2026-09-29
520.0,75,401,2026-10-31,2026-09-29
525.0,43,247,2026-10-31,2026-09-29
530.0,113,306,2026-10-31,2026-09-29
535.0,94,282,2026-10-31,2026-09-29
540.0,63,501,2026-10-31,2026-09-29
545.0,214,222,2026-10-31,2026-09-29
550.0,267,535,2026-10-31,2026-09-29
555.0,110,120,2026-10-31,2026-09-29
560.0,209,371,2026-10-31,2026-09-29
565.0,129,119,2026-10-31,2026-09-29
570.0,162,186,2026-10-31,2026-09-29
575.0,89,462,2026-10-31,2026-09-29
580.0,184,466,2026-10-31,2026-09-29
585.0,62,101,2026-10-31,2026-09-29
590.0,83,139,2026-10-31,2026-09-29
595.0,95,148,2026-10-31,2026-09-29
600.0,545,260,2026-10-31,2026-09-29
605.0,194,83,2026-10-31,2026-09-29
610.0,353,121,2026-10-31,2026-09-29
615.0,255,566,2026-10-31,2026-09-29
620.0,425,106,2026-10-31,2026-09-29
625.0,540,56,2026-10-31,2026-09-29
630.0,485,134,2026-10-31,2026-09-29
635.0,323,14,2026-10-31,2026-09-29
640.0,422,79,2026-10-31,2026-09-29
645.0,262,21,2026-10-31,2026-09-29
650.0,483,22,2026-10-31,2026-09-29
655.0,85,13,2026-10-31,2026-09-29
660.0,155,7,2026-10-31,2026-09-29
665.0,85,17,2026-10-31,2026-09-29
670.0,335,8,2026-10-31,2026-09-29
675.0,170,31,2026-10-31,2026-09-29
680.0,362,4,2026-10-31,2026-09-29
685.0,96,14,2026-10-31,2026-09-29
690.0,194,6,2026-10-31,2026-09-29
695.0,130,2,2026-10-31,2026-09-29
700.0,950,19,2026-10-31,2026-09-29
705.0,158,0,2026-10-31,2026-09-29
710.0,190,2,2026-10-31,2026-09-29
720.0,561,0,2026-10-31,2026-09-29
730.0,183,2,2026-10-31,2026-09-29
740.0,121,0,2026-10-31,2026-09-29
750.0,348,0,2026-10-31,2026-09-29
760.0,130,0,2026-10-31,2026-09-29
770.0,127,0,2026-10-31,2026-09-29
780.0,112,0,2026-10-31,2026-09-29
790.0,101,0,2026-10-31,2026-09-29
800.0,277,2,2026-10-31,2026-09-29
810.0,51,0,2026-10-31,2026-09-29
820.0,55,0,2026-10-31,2026-09-29
830.0,127,0,2026-10-31,2026-09-29
840.0,30,0,2026-10-31,2026-09-29
850.0,143,0,2026-10-31,2026-09-29
860.0,40,0,2026-10-31,2026-09-29
870.0,39,0,2026-10-31,2026-09-29
880.0,64,0,2026-10-31,2026-09-29
890.0,39,0,2026-10-31,2026-09-29
900.0,284,0,2026-10-31,2026-09-29
910.0,110,0,2026-10-31,2026-09-29
920.0,128,0,2026-10-31,2026-09-29
930.0,12,0,2026-10-31,2026-09-29
940.0,73,0,2026-10-31,2026-09-29
950.0,25,0,2026-10-31,2026-09-29
960.0,208,0,2026-10-31,2026-09-29
610.0,3000,3000,2026-11-03,2026-09-29
489.03,9300,9300,2026-11-04,2026-09-29
523.02,13018,13018,2026-11-04,2026-09-29
40.0,0,0,2026-11-07,2026-09-29
50.0,0,0,2026-11-07,2026-09-29
60.0,0,0,2026-11-07,2026-09-29
70.0,0,0,2026-11-07,2026-09-29
80.0,0,0,2026-11-07,2026-09-29
90.0,0,0,2026-11-07,2026-09-29
100.0,0,0,2026-11-07,2026-09-29
110.0,0,0,2026-11-07,2026-09-29
120.0,0,0,2026-11-07,2026-09-29
130.0,0,0,2026-11-07,2026-09-29
140.0,0,0,2026-11-07,2026-09-29
150.0,0,0,2026-11-07,2026-09-29
160.0,1,0,2026-11-07,2026-09-29
170.0,0,0,2026-11-07,2026-09-29
180.0,2,0,2026-11-07,2026-09-29
190.0,2,0,2026-11-07,2026-09-29
200.0,0,6,2026-11-07,2026-09-29
210.0,0,0,2026-11-07,2026-09-29
220.0,0,2,2026-11-07,2026-09-29
230.0,1,0,2026-11-07,2026-09-29
240.0,0,4,2026-11-07,2026-09-29
250.0,0,2,2026-11-07,2026-09-29
260.0,0,10,2026-11-07,2026-09-29
270.0,1,0,2026-11-07,2026-09-29
280.0,0,0,2026-11-07,2026-09-29
290.0,0,9,2026-11-07,2026-09-29
300.0,2,2,2026-11-07,2026-09-29
310.0,0,0,2026-11-07,2026-09-29
315.0,0,0,2026-11-07,2026-09-29
320.0,0,0,2026-11-07,2026-09-29
325.0,0,0,2026-11-07,2026-09-29
330.0,1,16,2026-11-07,2026-09-29
335.0,0,31,2026-11-07,2026-09-29
340.0,0,10,2026-11-07,2026-09-29
345.0,0,21,2026-11-07,2026-09-29
350.0,0,30,2026-11-07,2026-09-29
355.0,0,4,2026-11-07,2026-09-29
360.0,10,14,2026-11-07,2026-09-29
365.0,0,0,2026-11-07,2026-09-29
370.0,0,6,2026-11-07,2026-09-29
375.0,0,5,2026-11-07,2026-09-29
380.0,0,10,2026-11-07,2026-09-29
385.0,0,18,2026-11-07,2026-09-29
390.0,0,14,2026-11-07,2026-09-29
395.0,0,5,2026-11-07,2026-09-29
400.0,1,13,2026-11-07,2026-09-29
405.0,0,1,2026-11-07,2026-09-29
410.0,0,1,2026-11-07,2026-09-29
415.0,0,0,2026-11-07,2026-09-29
420.0,0,0,2026-11-07,2026-09-29
425.0,0,1,2026-11-07,2026-09-29
430.0,1,4,2026-11-07,2026-09-29
435.0,0,2,2026-11-07,2026-09-29
440.0,1,2,2026-11-07,2026-09-29
445.0,0,0,2026-11-07,2026-09-29
450.0,1,35,2026-11-07,2026-09-29
455.0,0,1,2026-11-07,2026-09-29
460.0,5,5,2026-11-07,2026-09-29
465.0,0,29,2026-11-07,2026-09-29
470.0,0,57,2026-11-07,2026-09-29
475.0,0,13,2026-11-07,2026-09-29
480.0,1,35,2026-11-07,2026-09-29
485.0,0,7,2026-11-07,2026-09-29
490.0,1,24,2026-11-07,2026-09-29
495.0,4,41,2026-11-07,2026-09-29
500.0,20,78,2026-11-07,2026-09-29
505.0,22,21,2026-11-07,2026-09-29
510.0,1,24,2026-11-07,2026-09-29
515.0,8,37,2026-11-07,2026-09-29
520.0,5,75,2026-11-07,2026-09-29
525.0,4,12,2026-11-07,2026-09-29
530.0,7,52,2026-11-07,2026-09-29
535.0,375,375,2026-11-07,2026-09-29
535.0,0,22,2026-11-07,2026-09-29
540.0,7,78,2026-11-07,2026-09-29
545.0,11,86,2026-11-07,2026-09-29
550.0,20,76,2026-11-07,2026-09-29
555.0,3,41,2026-11-07,2026-09-29
560.0,20,81,2026-11-07,2026-09-29
565.0,21,22,2026-11-07,2026-09-29
570.0,9,19,2026-11-07,2026-09-29
575.0,4,101,2026-11-07,2026-09-29
580.0,10,60,2026-11-07,2026-09-29
585.0,13,17,2026-11-07,2026-09-29
590.0,8,22,2026-11-07,2026-09-29
595.0,19,16,2026-11-07,2026-09-29
600.0,144,30,2026-11-07,2026-09-29
605.0,24,55,2026-11-07,2026-09-29
610.0,53,84,2026-11-07,2026-09-29
615.0,24,29,2026-11-07,2026-09-29
620.0,31,112,2026-11-07,2026-09-29
625.0,121,40,2026-11-07,2026-09-29
630.0,125,17,2026-11-07,2026-09-29
635.0,38,5,2026-11-07,2026-09-29
640.0,79,3,2026-11-07,2026-09-29
645.0,22,0,2026-11-07,2026-09-29
650.0,50,6,2026-11-07,2026-09-29
655.0,23,0,2026-11-07,2026-09-29
660.0,43,0,2026-11-07,2026-09-29
665.0,18,0,2026-11-07,2026-09-29
670.0,86,23,2026-11-07,2026-09-29
675.0,10,0,2026-11-07,2026-09-29
680.0,31,0,2026-11-07,2026-09-29
685.0,106,0,2026-11-07,2026-09-29
690.0,18,0,2026-11-07,2026-09-29
695.0,6,0,2026-11-07,2026-09-29
700.0,17,0,2026-11-07,2026-09-29
705.0,151,0,2026-11-07,2026-09-29
710.0,23,0,2026-11-07,2026-09-29
720.0,16,0,2026-11-07,2026-09-29
730.0,8,1,2026-11-07,2026-09-29
740.0,19,0,2026-11-07,2026-09-29
750.0,12,0,2026-11-07,2026-09-29
760.0,11,1,2026-11-07,2026-09-29
770.0,120,0,2026-11-07,2026-09-29
780.0,7,0,2026-11-07,2026-09-29
790.0,6,0,2026-11-07,2026-09-29
800.0,22,0,2026-11-07,2026-09-29
810.0,31,0,2026-11-07,2026-09-29
820.0,5,0,2026-11-07,2026-09-29
830.0,1,0,2026-11-07,2026-09-29
840.0,53,0,2026-11-07,2026-09-29
850.0,26,0,2026-11-07,2026-09-29
860.0,5,0,2026-11-07,2026-09-29
870.0,311,0,2026-11-07,2026-09-29
880.0,3,0,2026-11-07,2026-09-29
890.0,13,0,2026-11-07,2026-09-29
900.0,2,0,2026-11-07,2026-09-29
910.0,0,0,2026-11-07,2026-09-29
920.0,0,0,2026-11-07,2026-09-29
930.0,7,0,2026-11-07,2026-09-29
940.0,2,0,2026-11-07,2026-09-29
950.0,3,0,2026-11-07,2026-09-29
960.0,78,0,2026-11-07,2026-09-29
100.0,158,1211,2026-11-21,2026-09-29
105.0,107,592,2026-11-21,2026-09-29
110.0,59,359,2026-11-21,2026-09-29
115.0,68,202,2026-11-21,2026-09-29
120.0,168,1305,2026-11-21,2026-09-29
125.0,119,540,2026-11-21,2026-09-29
130.0,66,1921,2026-11-21,2026-09-29
135.0,112,609,2026-11-21,2026-09-29
140.0,244,2931,2026-11-21,2026-09-29
145.0,213,268,2026-11-21,2026-09-29
150.0,258,1388,2026-11-21,2026-09-29
155.0,119,1075,2026-11-21,2026-09-29
160.0,106,3219,2026-11-21,2026-09-29
165.0,140,1554,2026-11-21,2026-09-29
170.0,126,1057,2026-11-21,2026-09-29
175.0,97,833,2026-11-21,2026-09-29
180.0,170,1076,2026-11-21,2026-09-29
185.0,122,1038,2026-11-21,2026-09-29
190.0,117,4877,2026-11-21,2026-09-29
195.0,411,986,2026-11-21,2026-09-29
200.0,449,4004,2026-11-21,2026-09-29
210.0,226,4771,2026-11-21,2026-09-29
220.0,921,1572,2026-11-21,2026-09-29
230.0,960,1174,2026-11-21,2026-09-29
240.0,16665,1611,2026-11-21,2026-09-29
250.0,9,0,2026-11-21,2026-09-29
250.0,1630,2126,2026-11-21,2026-09-29
260.0,9681,1711,2026-11-21,2026-09-29
270.0,806,939,2026-11-21,2026-09-29
280.0,1240,521,2026-11-21,2026-09-29
290.0,504,1112,2026-11-21,2026-09-29
300.0,1234,2473,2026-11-21,2026-09-29
310.0,512,996,2026-11-21,2026-09-29
320.0,284,1624,2026-11-21,2026-09-29
330.0,758,3360,2026-11-21,2026-09-29
340.0,630,1299,2026-11-21,2026-09-29
350.0,922,3675,2026-11-21,2026-09-29
360.0,577,3383,2026-11-21,2026-09-29
370.0,464,1698,2026-11-21,2026-09-29
380.0,667,2176,2026-11-21,2026-09-29
390.0,584,1386,2026-11-21,2026-09-29
400.0,904,4324,2026-11-21,2026-09-29
410.0,294,4292,2026-11-21,2026-09-29
420.0,422,1232,2026-11-21,2026-09-29
430.0,6367,12120,2026-11-21,2026-09-29
440.0,331,2552,2026-11-21,2026-09-29
450.0,680,3637,2026-11-21,2026-09-29
460.0,436,2240,2026-11-21,2026-09-29
470.0,800,2563,2026-11-21,2026-09-29
480.0,2500,2500,2026-11-21,2026-09-29
480.0,912,1833,2026-11-21,2026-09-29
490.0,2040,2040,2026-11-21,2026-09-29
490.0,686,1981,2026-11-21,2026-09-29
500.0,300,300,2026-11-21,2026-09-29
500.0,2767,3856,2026-11-21,2026-09-29
510.0,1288,907,2026-11-21,2026-09-29
520.0,1945,1097,2026-11-21,2026-09-29
530.0,1218,1082,2026-11-21,2026-09-29
540.0,1828,1471,2026-11-21,2026-09-29
550.0,3000,4508,2026-11-21,2026-09-29
560.0,806,5242,2026-11-21,2026-09-29
570.0,10,0,2026-11-21,2026-09-29
570.0,772,869,2026-11-21,2026-09-29
580.0,2468,582,2026-11-21,2026-09-29
590.0,1489,358,2026-11-21,2026-09-29
600.0,3672,1169,2026-11-21,2026-09-29
610.0,1000,1000,2026-11-21,2026-09-29
610.0,1985,500,2026-11-21,2026-09-29
615.0,1250,1250,2026-11-21,2026-09-29
620.0,2672,444,2026-11-21,2026-09-29
630.0,3812,558,2026-11-21,2026-09-29
640.0,988,201,2026-11-21,2026-09-29
650.0,2791,218,2026-11-21,2026-09-29
660.0,1473,129,2026-11-21,2026-09-29
670.0,1098,95,2026-11-21,2026-09-29
680.0,1110,66,2026-11-21,2026-09-29
690.0,1352,77,2026-11-21,2026-09-29
700.0,3964,114,2026-11-21,2026-09-29
710.0,561,68,2026-11-21,2026-09-29
720.0,1192,98,2026-11-21,2026-09-29
730.0,512,79,2026-11-21,2026-09-29
740.0,267,183,2026-11-21,2026-09-29
750.0,4313,11,2026-11-21,2026-09-29
760.0,570,60,2026-11-21,2026-09-29
770.0,756,15,2026-11-21,2026-09-29
780.0,386,1,2026-11-21,2026-09-29
790.0,199,0,2026-11-21,2026-09-29
800.0,3207,5,2026-11-21,2026-09-29
810.0,1090,0,2026-11-21,2026-09-29
820.0,1237,0,2026-11-21,2026-09-29
830.0,829,0,2026-11-21,2026-09-29
840.0,318,0,2026-11-21,2026-09-29
850.0,1111,5,2026-11-21,2026-09-29
860.0,270,1,2026-11-21,2026-09-29
870.0,945,1,2026-11-21,2026-09-29
880.0,368,0,2026-11-21,2026-09-29
890.0,352,20,2026-11-21,2026-09-29
900.0,1797,1,2026-11-21,2026-09-29
910.0,463,17,2026-11-21,2026-09-29
920.0,121,3,2026-11-21,2026-09-29
930.0,494,1,2026-11-21,2026-09-29
940.0,183,0,2026-11-21,2026-09-29
950.0,435,10,2026-11-21,2026-09-29
960.0,161,3,2026-11-21,2026-09-29
970.0,290,0,2026-11-21,2026-09-29
980.0,294,0,2026-11-21,2026-09-29
990.0,325,0,2026-11-21,2026-09-29
1000.0,471,0,2026-11-21,2026-09-29
1010.0,244,0,2026-11-21,2026-09-29
1020.0,246,0,2026-11-21,2026-09-29
1030.0,55,0,2026-11-21,2026-09-29
1040.0,187,0,2026-11-21,2026-09-29
1050.0,323,0,2026-11-21,2026-09-29
1060.0,193,0,2026-11-21,2026-09-29
1070.0,127,0,2026-11-21,2026-09-29
1080.0,122,0,2026-11-21,2026-09-29
1090.0,170,0,2026-11-21,2026-09-29
1100.0,147,0,2026-11-21,2026-09-29
1110.0,262,0,2026-11-21,2026-09-29
1120.0,1153,0,2026-11-21,2026-09-29
5.0,1144,52,2026-12-19,2026-09-29
10.0,4,18,2026-12-19,2026-09-29
15.0,0,201,2026-12-19,2026-09-29
20.0,956,525,2026-12-19,2026-09-29
25.0,212,864,2026-12-19,2026-09-29
30.0,208,188,2026-12-19,2026-09-29
35.0,9,970,2026-12-19,2026-09-29
40.0,13,252,2026-12-19,2026-09-29
45.0,101,1117,2026-12-19,2026-09-29
50.0,210,686,2026-12-19,2026-09-29
55.0,51,2112,2026-12-19,2026-09-29
60.0,160,1941,2026-12-19,2026-09-29
65.0,220,522,2026-12-19,2026-09-29
70.0,298,1092,2026-12-19,2026-09-29
75.0,329,1390,2026-12-19,2026-09-29
80.0,232,2423,2026-12-19,2026-09-29
85.0,1297,1733,2026-12-19,2026-09-29
90.0,646,4231,2026-12-19,2026-09-29
95.0,1175,1298,2026-12-19,2026-09-29
100.0,1908,11709,2026-12-19,2026-09-29
105.0,484,1124,2026-12-19,2026-09-29
110.0,1108,3228,2026-12-19,2026-09-29
115.0,740,2325,2026-12-19,2026-09-29
120.0,1081,6622,2026-12-19,2026-09-29
125.0,1106,2177,2026-12-19,2026-09-29
130.0,2227,2552,2026-12-19,2026-09-29
135.0,3859,1670,2026-12-19,2026-09-29
140.0,5082,6382,2026-12-19,2026-09-29
145.0,2184,2314,2026-12-19,2026-09-29
150.0,1494,3738,2026-12-19,2026-09-29
155.0,850,1282,2026-12-19,2026-09-29
160.0,1000,4055,2026-12-19,2026-09-29
165.0,1638,2060,2026-12-19,2026-09-29
170.0,1115,9210,2026-12-19,2026-09-29
175.0,544,2060,2026-12-19,2026-09-29
180.0,1038,2340,2026-12-19,2026-09-29
185.0,869,1331,2026-12-19,2026-09-29
190.0,1890,2283,2026-12-19,2026-09-29
195.0,1340,1448,2026-12-19,2026-09-29
200.0,2500,2500,2026-12-19,2026-09-29
200.0,2359,4898,2026-12-19,2026-09-29
210.0,1946,1978,2026-12-19,2026-09-29
215.0,0,0,2026-12-19,2026-09-29
220.0,1530,1775,2026-12-19,2026-09-29
230.0,1936,1949,2026-12-19,2026-09-29
235.0,5000,5000,2026-12-19,2026-09-29
240.0,2453,1614,2026-12-19,2026-09-29
250.0,2014,2739,2026-12-19,2026-09-29
260.0,1566,1702,2026-12-19,2026-09-29
270.0,2053,1459,2026-12-19,2026-09-29
280.0,2053,2713,2026-12-19,2026-09-29
290.0,1580,1911,2026-12-19,2026-09-29
300.0,3893,3951,2026-12-19,2026-09-29
310.0,2327,1021,2026-12-19,2026-09-29
320.0,1064,1407,2026-12-19,2026-09-29
330.0,1613,1984,2026-12-19,2026-09-29
340.0,1642,2341,2026-12-19,2026-09-29
350.0,5175,2756,2026-12-19,2026-09-29
360.0,2254,1228,2026-12-19,2026-09-29
370.0,1631,1556,2026-12-19,2026-09-29
380.0,1453,2064,2026-12-19,2026-09-29
390.0,4182,1757,2026-12-19,2026-09-29
400.0,4614,8965,2026-12-19,2026-09-29
410.0,820,1750,2026-12-19,2026-09-29
420.0,997,2602,2026-12-19,2026-09-29
430.0,649,1178,2026-12-19,2026-09-29
440.0,568,1383,2026-12-19,2026-09-29
450.0,1298,2613,2026-12-19,2026-09-29
460.0,594,1671,2026-12-19,2026-09-29
470.0,549,1594,2026-12-19,2026-09-29
480.0,2460,1149,2026-12-19,2026-09-29
490.0,1193,1245,2026-12-19,2026-09-29
500.0,2500,2500,2026-12-19,2026-09-29
500.0,3655,3682,2026-12-19,2026-09-29
510.0,752,452,2026-12-19,2026-09-29
520.0,1438,656,2026-12-19,2026-09-29
530.0,1628,755,2026-12-19,2026-09-29
540.0,576,915,2026-12-19,2026-09-29
550.0,2170,994,2026-12-19,2026-09-29
560.0,552,346,2026-12-19,2026-09-29
570.0,509,843,2026-12-19,2026-09-29
580.0,910,603,2026-12-19,2026-09-29
590.0,406,233,2026-12-19,2026-09-29
600.0,4226,1133,2026-12-19,2026-09-29
610.0,2342,671,2026-12-19,2026-09-29
620.0,1051,537,2026-12-19,2026-09-29
630.0,3277,158,2026-12-19,2026-09-29
640.0,1831,127,2026-12-19,2026-09-29
650.0,1611,355,2026-12-19,2026-09-29
660.0,819,41,2026-12-19,2026-09-29
670.0,942,60,2026-12-19,2026-09-29
680.0,1784,80,2026-12-19,2026-09-29
690.0,593,132,2026-12-19,2026-09-29
700.0,2808,3508,2026-12-19,2026-09-29
710.0,610,97,2026-12-19,2026-09-29
720.0,1549,22,2026-12-19,2026-09-29
730.0,392,10,2026-12-19,2026-09-29
740.0,2033,7,2026-12-19,2026-09-29
750.0,2830,2,2026-12-19,2026-09-29
760.0,1253,5,2026-12-19,2026-09-29
770.0,232,13,2026-12-19,2026-09-29
780.0,516,37,2026-12-19,2026-09-29
790.0,163,173,2026-12-19,2026-09-29
800.0,2063,17,2026-12-19,2026-09-29
810.0,188,12,2026-12-19,2026-09-29
820.0,355,5,2026-12-19,2026-09-29
830.0,381,7,2026-12-19,2026-09-29
840.0,180,0,2026-12-19,2026-09-29
850.0,1372,0,2026-12-19,2026-09-29
860.0,693,2,2026-12-19,2026-09-29
870.0,327,0,2026-12-19,2026-09-29
880.0,865,6,2026-12-19,2026-09-29
890.0,988,1,2026-12-19,2026-09-29
900.0,2717,6,2026-12-19,2026-09-29
910.0,610,5,2026-12-19,2026-09-29
920.0,239,0,2026-12-19,2026-09-29
930.0,757,1,2026-12-19,2026-09-29
940.0,171,0,2026-12-19,2026-09-29
950.0,364,3,2026-12-19,2026-09-29
960.0,509,11,2026-12-19,2026-09-29
970.0,1111,0,2026-12-19,2026-09-29
980.0,232,1,2026-12-19,2026-09-29
990.0,354,0,2026-12-19,2026-09-29
1000.0,725,2,2026-12-19,2026-09-29
1010.0,135,0,2026-12-19,2026-09-29
1020.0,244,0,2026-12-19,2026-09-29
1030.0,261,0,2026-12-19,2026-09-29
1040.0,60,0,2026-12-19,2026-09-29
1050.0,263,0,2026-12-19,2026-09-29
1060.0,416,0,2026-12-19,2026-09-29
1070.0,184,0,2026-12-19,2026-09-29
1080.0,201,0,2026-12-19,2026-09-29
1090.0,534,0,2026-12-19,2026-09-29
1100.0,692,0,2026-12-19,2026-09-29
1110.0,175,0,2026-12-19,2026-09-29
1120.0,2613,0,2026-12-19,2026-09-29
176.44,0,100,2026-12-29,2026-09-29
196.04,0,100,2026-12-29,2026-09-29
230.01,33600,33600,2027-01-15,2026-09-29
570.04,23300,23300,2027-01-15,2026-09-29
5.0,7730,4383,2027-01-16,2026-09-29
10.0,52,94,2027-01-16,2026-09-29
15.0,3,24,2027-01-16,2026-09-29
20.0,46,65,2027-01-16,2026-09-29
25.0,320,895,2027-01-16,2026-09-29
30.0,199,412,2027-01-16,2026-09-29
35.0,116,249,2027-01-16,2026-09-29
40.0,122,584,2027-01-16,2026-09-29
45.0,32,1128,2027-01-16,2026-09-29
50.0,686,5631,2027-01-16,2026-09-29
55.0,57,3141,2027-01-16,2026-09-29
60.0,167,4289,2027-01-16,2026-09-29
65.0,575,867,2027-01-16,2026-09-29
70.0,5147,7018,2027-01-16,2026-09-29
75.0,1944,5410,2027-01-16,2026-09-29
80.0,1380,5975,2027-01-16,2026-09-29
85.0,339,3740,2027-01-16,2026-09-29
90.0,6500,6500,2027-01-16,2026-09-29
90.0,9308,10283,2027-01-16,2026-09-29
95.0,1409,3350,2027-01-16,2026-09-29
100.0,7880,10870,2027-01-16,2026-09-29
105.0,788,7283,2027-01-16,2026-09-29
110.0,2669,8007,2027-01-16,2026-09-29
115.0,2036,2795,2027-01-16,2026-09-29
120.0,1516,15685,2027-01-16,2026-09-29
125.0,1534,2931,2027-01-16,2026-09-29
130.0,1390,6553,2027-01-16,2026-09-29
135.0,1570,2502,2027-01-16,2026-09-29
140.0,1587,9385,2027-01-16,2026-09-29
145.0,1089,3974,2027-01-16,2026-09-29
147.5,210,0,2027-01-16,2026-09-29
150.0,3064,13663,2027-01-16,2026-09-29
155.0,1247,1775,2027-01-16,2026-09-29
160.0,1049,4689,2027-01-16,2026-09-29
165.0,841,3400,2027-01-16,2026-09-29
170.0,1081,3810,2027-01-16,2026-09-29
175.0,1031,2404,2027-01-16,2026-09-29
180.0,3142,6047,2027-01-16,2026-09-29
185.0,1215,2688,2027-01-16,2026-09-29
190.0,1034,1750,2027-01-16,2026-09-29
195.0,815,1676,2027-01-16,2026-09-29
200.0,9065,10291,2027-01-16,2026-09-29
210.0,2000,2000,2027-01-16,2026-09-29
210.0,1727,4079,2027-01-16,2026-09-29
220.0,1000,1000,2027-01-16,2026-09-29
220.0,3940,3677,2027-01-16,2026-09-29
230.0,2839,4065,2027-01-16,2026-09-29
230.01,33600,33600,2027-01-16,2026-09-29
240.0,4232,4719,2027-01-16,2026-09-29
250.0,12389,10639,2027-01-16,2026-09-29
260.0,3051,4340,2027-01-16,2026-09-29
270.0,4345,2392,2027-01-16,2026-09-29
280.0,2721,2678,2027-01-16,2026-09-29
290.0,6283,2840,2027-01-16,2026-09-29
300.0,8291,8294,2027-01-16,2026-09-29
300.01,1500,0,2027-01-16,2026-09-29
310.0,4065,4527,2027-01-16,2026-09-29
320.0,1870,4275,2027-01-16,2026-09-29
330.0,2570,2853,2027-01-16,2026-09-29
330.01,1500,0,2027-01-16,2026-09-29
340.0,1200,5317,2027-01-16,2026-09-29
350.0,15000,15000,2027-01-16,2026-09-29
350.0,1881,4093,2027-01-16,2026-09-29
360.0,1238,4303,2027-01-16,2026-09-29
370.0,2361,2904,2027-01-16,2026-09-29
380.0,1365,5246,2027-01-16,2026-09-29
390.0,930,4223,2027-01-16,2026-09-29
400.0,4319,8779,2027-01-16,2026-09-29
410.0,1115,2586,2027-01-16,2026-09-29
420.0,2450,1817,2027-01-16,2026-09-29
430.0,801,1895,2027-01-16,2026-09-29
440.0,745,3298,2027-01-16,2026-09-29
450.0,550,550,2027-01-16,2026-09-29
450.0,3382,3678,2027-01-16,2026-09-29
457.5,0,0,2027-01-16,2026-09-29
460.0,1200,1208,2027-01-16,2026-09-29
460.0,1278,2797,2027-01-16,2026-09-29
470.0,1170,1170,2027-01-16,2026-09-29
470.0,753,1171,2027-01-16,2026-09-29
480.0,2205,1985,2027-01-16,2026-09-29
490.0,1153,1404,2027-01-16,2026-09-29
500.0,5569,6234,2027-01-16,2026-09-29
510.0,761,1070,2027-01-16,2026-09-29
520.0,8,0,2027-01-16,2026-09-29
520.0,2793,1844,2027-01-16,2026-09-29
530.0,2250,2197,2027-01-16,2026-09-29
540.0,2446,1468,2027-01-16,2026-09-29
540.01,5000,0,2027-01-16,2026-09-29
550.0,4596,838,2027-01-16,2026-09-29
560.0,1865,1067,2027-01-16,2026-09-29
570.0,934,972,2027-01-16,2026-09-29
580.0,1310,433,2027-01-16,2026-09-29
580.01,3700,0,2027-01-16,2026-09-29
590.0,1469,241,2027-01-16,2026-09-29
600.0,6840,1254,2027-01-16,2026-09-29
610.0,663,812,2027-01-16,2026-09-29
620.0,2070,453,2027-01-16,2026-09-29
630.0,698,413,2027-01-16,2026-09-29
640.0,2550,425,2027-01-16,2026-09-29
650.0,3067,739,2027-01-16,2026-09-29
660.0,3571,191,2027-01-16,2026-09-29
670.0,610,29,2027-01-16,2026-09-29
680.0,1677,39,2027-01-16,2026-09-29
690.0,505,104,2027-01-16,2026-09-29
700.0,3736,1307,2027-01-16,2026-09-29
710.0,772,9,2027-01-16,2026-09-29
720.0,876,26,2027-01-16,2026-09-29
730.0,3162,48,2027-01-16,2026-09-29
740.0,1459,23,2027-01-16,2026-09-29
750.0,4805,227,2027-01-16,2026-09-29
760.0,791,8,2027-01-16,2026-09-29
770.0,1055,12,2027-01-16,2026-09-29
780.0,1899,4,2027-01-16,2026-09-29
790.0,531,6,2027-01-16,2026-09-29
800.0,3252,29,2027-01-16,2026-09-29
810.0,457,33,2027-01-16,2026-09-29
820.0,2369,35,2027-01-16,2026-09-29
830.0,201,5,2027-01-16,2026-09-29
840.0,318,0,2027-01-16,2026-09-29
850.0,508,0,2027-01-16,2026-09-29
860.0,359,1,2027-01-16,2026-09-29
870.0,137,0,2027-01-16,2026-09-29
880.0,435,0,2027-01-16,2026-09-29
890.0,1041,0,2027-01-16,2026-09-29
900.0,3066,0,2027-01-16,2026-09-29
910.0,1980,1,2027-01-16,2026-09-29
920.0,224,0,2027-01-16,2026-09-29
930.0,615,0,2027-01-16,2026-09-29
940.0,176,0,2027-01-16,2026-09-29
950.0,1888,0,2027-01-16,2026-09-29
960.0,312,0,2027-01-16,2026-09-29
970.0,679,0,2027-01-16,2026-09-29
980.0,1866,1,2027-01-16,2026-09-29
990.0,151,0,2027-01-16,2026-09-29
1000.0,1956,4,2027-01-16,2026-09-29
1010.0,458,0,2027-01-16,2026-09-29
1020.0,224,0,2027-01-16,2026-09-29
1030.0,145,0,2027-01-16,2026-09-29
1040.0,201,1,2027-01-16,2026-09-29
1050.0,413,0,2027-01-16,2026-09-29
1060.0,154,0,2027-01-16,2026-09-29
1070.0,383,0,2027-01-16,2026-09-29
1080.0,435,1,2027-01-16,2026-09-29
1090.0,716,0,2027-01-16,2026-09-29
1100.0,230,1,2027-01-16,2026-09-29
1110.0,957,0,2027-01-16,2026-09-29
1120.0,4352,0,2027-01-16,2026-09-29
350.0,15000,15000,2027-01-20,2026-09-29
200.0,14,392,2027-02-20,2026-09-29
210.0,54,108,2027-02-20,2026-09-29
220.0,14,194,2027-02-20,2026-09-29
230.0,20,93,2027-02-20,2026-09-29
240.0,15,90,2027-02-20,2026-09-29
250.0,22,360,2027-02-20,2026-09-29
260.0,12,265,2027-02-20,2026-09-29
270.0,22,757,2027-02-20,2026-09-29
280.0,45,146,2027-02-20,2026-09-29
290.0,40,1159,2027-02-20,2026-09-29
300.0,25,1268,2027-02-20,2026-09-29
310.0,27,467,2027-02-20,2026-09-29
320.0,17,624,2027-02-20,2026-09-29
330.0,10,1047,2027-02-20,2026-09-29
340.0,15,551,2027-02-20,2026-09-29
350.0,25,983,2027-02-20,2026-09-29
360.0,34,1258,2027-02-20,2026-09-29
370.0,70,859,2027-02-20,2026-09-29
380.0,22,1081,2027-02-20,2026-09-29
390.0,65,682,2027-02-20,2026-09-29
400.0,147,2254,2027-02-20,2026-09-29
410.0,34,1636,2027-02-20,2026-09-29
420.0,179,2376,2027-02-20,2026-09-29
430.0,144,385,2027-02-20,2026-09-29
440.0,96,298,2027-02-20,2026-09-29
450.0,200,1678,2027-02-20,2026-09-29
460.0,254,962,2027-02-20,2026-09-29
470.0,141,394,2027-02-20,2026-09-29
480.0,195,709,2027-02-20,2026-09-29
490.0,156,583,2027-02-20,2026-09-29
500.0,378,696,2027-02-20,2026-09-29
510.0,711,565,2027-02-20,2026-09-29
520.0,451,287,2027-02-20,2026-09-29
530.0,471,150,2027-02-20,2026-09-29
540.0,323,177,2027-02-20,2026-09-29
550.0,464,330,2027-02-20,2026-09-29
560.0,343,140,2027-02-20,2026-09-29
570.0,611,149,2027-02-20,2026-09-29
580.0,528,112,2027-02-20,2026-09-29
590.0,388,312,2027-02-20,2026-09-29
600.0,911,137,2027-02-20,2026-09-29
610.0,249,210,2027-02-20,2026-09-29
620.0,1143,242,2027-02-20,2026-09-29
630.0,170,13,2027-02-20,2026-09-29
640.0,596,22,2027-02-20,2026-09-29
650.0,2230,15,2027-02-20,2026-09-29
660.0,651,7,2027-02-20,2026-09-29
670.0,204,4,2027-02-20,2026-09-29
680.0,2019,32,2027-02-20,2026-09-29
690.0,513,27,2027-02-20,2026-09-29
700.0,796,79,2027-02-20,2026-09-29
710.0,127,45,2027-02-20,2026-09-29
720.0,367,11,2027-02-20,2026-09-29
730.0,173,47,2027-02-20,2026-09-29
740.0,575,2,2027-02-20,2026-09-29
750.0,1023,39,2027-02-20,2026-09-29
760.0,95,12,2027-02-20,2026-09-29
770.0,63,4,2027-02-20,2026-09-29
780.0,2016,7,2027-02-20,2026-09-29
790.0,148,32,2027-02-20,2026-09-29
800.0,1034,30,2027-02-20,2026-09-29
810.0,254,33,2027-02-20,2026-09-29
820.0,237,8,2027-02-20,2026-09-29
830.0,100,2,2027-02-20,2026-09-29
840.0,1499,0,2027-02-20,2026-09-29
850.0,444,0,2027-02-20,2026-09-29
860.0,182,0,2027-02-20,2026-09-29
870.0,214,1,2027-02-20,2026-09-29
880.0,393,0,2027-02-20,2026-09-29
890.0,247,0,2027-02-20,2026-09-29
900.0,1078,0,2027-02-20,2026-09-29
910.0,325,0,2027-02-20,2026-09-29
920.0,102,0,2027-02-20,2026-09-29
930.0,188,0,2027-02-20,2026-09-29
940.0,58,0,2027-02-20,2026-09-29
950.0,574,0,2027-02-20,2026-09-29
960.0,99,0,2027-02-20,2026-09-29
970.0,260,0,2027-02-20,2026-09-29
980.0,641,0,2027-02-20,2026-09-29
234.62,1384,0,2027-03-05,2026-09-29
25.0,1,12,2027-03-20,2026-09-29
30.0,0,1,2027-03-20,2026-09-29
35.0,0,7,2027-03-20,2026-09-29
40.0,1,6,2027-03-20,2026-09-29
45.0,3,185,2027-03-20,2026-09-29
50.0,6,130,2027-03-20,2026-09-29
55.0,2,125,2027-03-20,2026-09-29
60.0,2,130,2027-03-20,2026-09-29
65.0,2,221,2027-03-20,2026-09-29
70.0,12,314,2027-03-20,2026-09-29
75.0,2,164,2027-03-20,2026-09-29
80.0,9,118,2027-03-20,2026-09-29
85.0,4,292,2027-03-20,2026-09-29
90.0,12,218,2027-03-20,2026-09-29
95.0,9,432,2027-03-20,2026-09-29
100.0,29,666,2027-03-20,2026-09-29
105.0,25,329,2027-03-20,2026-09-29
110.0,19,234,2027-03-20,2026-09-29
115.0,4,207,2027-03-20,2026-09-29
120.0,79,281,2027-03-20,2026-09-29
125.0,56,194,2027-03-20,2026-09-29
130.0,13,2200,2027-03-20,2026-09-29
135.0,42,490,2027-03-20,2026-09-29
140.0,76,432,2027-03-20,2026-09-29
145.0,57,1857,2027-03-20,2026-09-29
150.0,75,1490,2027-03-20,2026-09-29
155.0,86,444,2027-03-20,2026-09-29
160.0,101,1717,2027-03-20,2026-09-29
165.0,70,603,2027-03-20,2026-09-29
170.0,53,3720,2027-03-20,2026-09-29
175.0,64,533,2027-03-20,2026-09-29
180.0,82,970,2027-03-20,2026-09-29
185.0,36,477,2027-03-20,2026-09-29
190.0,219,1594,2027-03-20,2026-09-29
195.0,119,589,2027-03-20,2026-09-29
200.0,339,3943,2027-03-20,2026-09-29
210.0,175,698,2027-03-20,2026-09-29
220.0,306,1702,2027-03-20,2026-09-29
230.0,551,657,2027-03-20,2026-09-29
240.0,244,1380,2027-03-20,2026-09-29
250.0,1130,3861,2027-03-20,2026-09-29
260.0,1153,3211,2027-03-20,2026-09-29
270.0,278,1539,2027-03-20,2026-09-29
280.0,708,3342,2027-03-20,2026-09-29
290.0,377,1785,2027-03-20,2026-09-29
300.0,2361,6445,2027-03-20,2026-09-29
310.0,401,1534,2027-03-20,2026-09-29
320.0,353,5181,2027-03-20,2026-09-29
330.0,295,1633,2027-03-20,2026-09-29
340.0,791,2126,2027-03-20,2026-09-29
350.0,1002,5272,2027-03-20,2026-09-29
360.0,840,3362,2027-03-20,2026-09-29
370.0,576,1398,2027-03-20,2026-09-29
380.0,385,2508,2027-03-20,2026-09-29
390.0,225,2502,2027-03-20,2026-09-29
400.0,1686,8313,2027-03-20,2026-09-29
410.0,248,1316,2027-03-20,2026-09-29
420.0,781,2760,2027-03-20,2026-09-29
430.0,252,2459,2027-03-20,2026-09-29
440.0,234,486,2027-03-20,2026-09-29
450.0,1567,1867,2027-03-20,2026-09-29
460.0,270,739,2027-03-20,2026-09-29
470.0,678,682,2027-03-20,2026-09-29
480.0,531,1217,2027-03-20,2026-09-29
490.0,677,526,2027-03-20,2026-09-29
500.0,2508,2331,2027-03-20,2026-09-29
510.0,714,1104,2027-03-20,2026-09-29
520.0,990,894,2027-03-20,2026-09-29
530.0,317,655,2027-03-20,2026-09-29
540.0,844,943,2027-03-20,2026-09-29
550.0,2328,1299,2027-03-20,2026-09-29
560.0,499,374,2027-03-20,2026-09-29
570.0,922,214,2027-03-20,2026-09-29
580.0,1027,347,2027-03-20,2026-09-29
590.0,417,745,2027-03-20,2026-09-29
600.0,3460,820,2027-03-20,2026-09-29
620.0,1879,401,2027-03-20,2026-09-29
640.0,1361,153,2027-03-20,2026-09-29
660.0,2079,305,2027-03-20,2026-09-29
680.0,844,52,2027-03-20,2026-09-29
690.0,229,33,2027-03-20,2026-09-29
700.0,1976,554,2027-03-20,2026-09-29
710.0,745,106,2027-03-20,2026-09-29
720.0,1849,139,2027-03-20,2026-09-29
730.0,1440,34,2027-03-20,2026-09-29
740.0,345,12,2027-03-20,2026-09-29
750.0,2283,72,2027-03-20,2026-09-29
760.0,628,29,2027-03-20,2026-09-29
770.0,272,18,2027-03-20,2026-09-29
780.0,3276,10,2027-03-20,2026-09-29
790.0,241,8,2027-03-20,2026-09-29
800.0,2697,12,2027-03-20,2026-09-29
810.0,715,4,2027-03-20,2026-09-29
820.0,1049,1,2027-03-20,2026-09-29
830.0,287,11,2027-03-20,2026-09-29
840.0,444,2,2027-03-20,2026-09-29
850.0,519,0,2027-03-20,2026-09-29
860.0,639,0,2027-03-20,2026-09-29
870.0,185,1,2027-03-20,2026-09-29
880.0,325,0,2027-03-20,2026-09-29
890.0,251,0,2027-03-20,2026-09-29
900.0,1527,15,2027-03-20,2026-09-29
910.0,320,0,2027-03-20,2026-09-29
920.0,402,0,2027-03-20,2026-09-29
930.0,354,0,2027-03-20,2026-09-29
940.0,104,0,2027-03-20,2026-09-29
950.0,436,0,2027-03-20,2026-09-29
960.0,208,0,2027-03-20,2026-09-29
970.0,134,1,2027-03-20,2026-09-29
980.0,146,1,2027-03-20,2026-09-29
990.0,112,0,2027-03-20,2026-09-29
1000.0,1397,45,2027-03-20,2026-09-29
1010.0,407,0,2027-03-20,2026-09-29
1020.0,1474,0,2027-03-20,2026-09-29
1030.0,326,0,2027-03-20,2026-09-29
1040.0,496,0,2027-03-20,2026-09-29
1050.0,388,0,2027-03-20,2026-09-29
1060.0,462,0,2027-03-20,2026-09-29
1070.0,529,0,2027-03-20,2026-09-29
1080.0,179,1,2027-03-20,2026-09-29
1090.0,269,1,2027-03-20,2026-09-29
1100.0,481,0,2027-03-20,2026-09-29
1110.0,416,0,2027-03-20,2026-09-29
1120.0,5250,0,2027-03-20,2026-09-29
198.24,0,100,2027-03-26,2026-09-29
220.27,0,100,2027-03-26,2026-09-29
183.39,0,150,2027-03-30,2026-09-29
240.0,7,224,2027-04-17,2026-09-29
250.0,1,218,2027-04-17,2026-09-29
260.0,3,202,2027-04-17,2026-09-29
270.0,1,78,2027-04-17,2026-09-29
280.0,7,1468,2027-04-17,2026-09-29
290.0,3,94,2027-04-17,2026-09-29
300.0,6,296,2027-04-17,2026-09-29
310.0,10,220,2027-04-17,2026-09-29
320.0,9,120,2027-04-17,2026-09-29
330.0,18,146,2027-04-17,2026-09-29
340.0,6,134,2027-04-17,2026-09-29
350.0,47,55,2027-04-17,2026-09-29
360.0,12,35,2027-04-17,2026-09-29
370.0,8,276,2027-04-17,2026-09-29
380.0,10,302,2027-04-17,2026-09-29
390.0,20,264,2027-04-17,2026-09-29
400.0,34,410,2027-04-17,2026-09-29
410.0,11,76,2027-04-17,2026-09-29
420.0,31,855,2027-04-17,2026-09-29
430.0,72,78,2027-04-17,2026-09-29
440.0,39,355,2027-04-17,2026-09-29
450.0,36,204,2027-04-17,2026-09-29
460.0,330,473,2027-04-17,2026-09-29
470.0,93,30,2027-04-17,2026-09-29
480.0,32,372,2027-04-17,2026-09-29
490.0,109,39,2027-04-17,2026-09-29
500.0,177,161,2027-04-17,2026-09-29
510.0,69,344,2027-04-17,2026-09-29
520.0,61,48,2027-04-17,2026-09-29
530.0,157,79,2027-04-17,2026-09-29
540.0,165,327,2027-04-17,2026-09-29
550.0,236,518,2027-04-17,2026-09-29
560.0,136,94,2027-04-17,2026-09-29
570.0,173,58,2027-04-17,2026-09-29
580.0,168,354,2027-04-17,2026-09-29
590.0,356,293,2027-04-17,2026-09-29
600.0,171,329,2027-04-17,2026-09-29
610.0,139,42,2027-04-17,2026-09-29
620.0,353,116,2027-04-17,2026-09-29
640.0,154,8,2027-04-17,2026-09-29
660.0,207,5,2027-04-17,2026-09-29
680.0,247,11,2027-04-17,2026-09-29
700.0,290,8,2027-04-17,2026-09-29
720.0,150,3,2027-04-17,2026-09-29
740.0,174,2,2027-04-17,2026-09-29
760.0,98,82,2027-04-17,2026-09-29
780.0,126,1,2027-04-17,2026-09-29
800.0,12,0,2027-04-17,2026-09-29
820.0,64,0,2027-04-17,2026-09-29
840.0,85,0,2027-04-17,2026-09-29
860.0,85,0,2027-04-17,2026-09-29
880.0,169,1,2027-04-17,2026-09-29
900.0,215,0,2027-04-17,2026-09-29
920.0,185,0,2027-04-17,2026-09-29
25.0,43,198,2027-06-18,2026-09-29
30.0,39,95,2027-06-18,2026-09-29
35.0,22,255,2027-06-18,2026-09-29
40.0,79,151,2027-06-18,2026-09-29
45.0,4,240,2027-06-18,2026-09-29
50.0,38,147,2027-06-18,2026-09-29
55.0,5,383,2027-06-18,2026-09-29
60.0,66,379,2027-06-18,2026-09-29
65.0,8,564,2027-06-18,2026-09-29
70.0,163,340,2027-06-18,2026-09-29
75.0,43,184,2027-06-18,2026-09-29
80.0,56,658,2027-06-18,2026-09-29
85.0,10,394,2027-06-18,2026-09-29
90.0,64,418,2027-06-18,2026-09-29
95.0,171,425,2027-06-18,2026-09-29
100.0,157,1512,2027-06-18,2026-09-29
105.0,3475,264,2027-06-18,2026-09-29
110.0,125,942,2027-06-18,2026-09-29
115.0,190,1780,2027-06-18,2026-09-29
120.0,2305,7522,2027-06-18,2026-09-29
125.0,220,1006,2027-06-18,2026-09-29
130.0,355,1240,2027-06-18,2026-09-29
135.0,408,502,2027-06-18,2026-09-29
140.0,535,3885,2027-06-18,2026-09-29
145.0,215,1317,2027-06-18,2026-09-29
150.0,815,1526,2027-06-18,2026-09-29
155.0,255,514,2027-06-18,2026-09-29
160.0,336,1060,2027-06-18,2026-09-29
165.0,332,739,2027-06-18,2026-09-29
170.0,471,2671,2027-06-18,2026-09-29
175.0,475,1583,2027-06-18,2026-09-29
180.0,509,2248,2027-06-18,2026-09-29
185.0,747,2055,2027-06-18,2026-09-29
190.0,301,894,2027-06-18,2026-09-29
195.0,367,600,2027-06-18,2026-09-29
200.0,2115,2347,2027-06-18,2026-09-29
210.0,1108,1325,2027-06-18,2026-09-29
220.0,2651,1439,2027-06-18,2026-09-29
230.0,935,755,2027-06-18,2026-09-29
240.0,700,2928,2027-06-18,2026-09-29
250.0,2148,10180,2027-06-18,2026-09-29
260.0,692,1096,2027-06-18,2026-09-29
270.0,488,3477,2027-06-18,2026-09-29
280.0,647,1165,2027-06-18,2026-09-29
290.0,497,10796,2027-06-18,2026-09-29
300.0,3135,5463,2027-06-18,2026-09-29
310.0,343,1253,2027-06-18,2026-09-29
320.0,682,3307,2027-06-18,2026-09-29
330.0,498,2746,2027-06-18,2026-09-29
340.0,402,1594,2027-06-18,2026-09-29
350.0,776,5543,2027-06-18,2026-09-29
360.0,2412,3060,2027-06-18,2026-09-29
370.0,730,2891,2027-06-18,2026-09-29
380.0,419,2108,2027-06-18,2026-09-29
390.0,365,1250,2027-06-18,2026-09-29
400.0,1130,7854,2027-06-18,2026-09-29
410.0,597,1081,2027-06-18,2026-09-29
420.0,600,1373,2027-06-18,2026-09-29
430.0,703,1157,2027-06-18,2026-09-29
440.0,705,1410,2027-06-18,2026-09-29
450.0,927,2403,2027-06-18,2026-09-29
460.0,467,818,2027-06-18,2026-09-29
470.0,383,1502,2027-06-18,2026-09-29
480.0,862,2493,2027-06-18,2026-09-29
490.0,871,502,2027-06-18,2026-09-29
500.0,2870,5102,2027-06-18,2026-09-29
510.0,1263,793,2027-06-18,2026-09-29
520.0,1190,1994,2027-06-18,2026-09-29
530.0,1949,870,2027-06-18,2026-09-29
540.0,335,614,2027-06-18,2026-09-29
550.0,902,2362,2027-06-18,2026-09-29
560.0,1477,436,2027-06-18,2026-09-29
570.0,814,600,2027-06-18,2026-09-29
580.0,905,600,2027-06-18,2026-09-29
590.0,479,216,2027-06-18,2026-09-29
600.0,3904,1736,2027-06-18,2026-09-29
610.0,374,471,2027-06-18,2026-09-29
620.0,1087,339,2027-06-18,2026-09-29
630.0,1217,160,2027-06-18,2026-09-29
640.0,441,670,2027-06-18,2026-09-29
650.0,1620,1763,2027-06-18,2026-09-29
660.0,806,118,2027-06-18,2026-09-29
670.0,299,172,2027-06-18,2026-09-29
680.0,737,207,2027-06-18,2026-09-29
690.0,339,152,2027-06-18,2026-09-29
700.0,3723,123,2027-06-18,2026-09-29
710.0,453,63,2027-06-18,2026-09-29
720.0,783,71,2027-06-18,2026-09-29
730.0,2061,70,2027-06-18,2026-09-29
740.0,461,92,2027-06-18,2026-09-29
750.0,2072,233,2027-06-18,2026-09-29
760.0,91,59,2027-06-18,2026-09-29
770.0,1163,12,2027-06-18,2026-09-29
780.0,704,28,2027-06-18,2026-09-29
790.0,149,125,2027-06-18,2026-09-29
800.0,1935,134,2027-06-18,2026-09-29
810.0,287,8,2027-06-18,2026-09-29
820.0,1403,28,2027-06-18,2026-09-29
830.0,522,71,2027-06-18,2026-09-29
840.0,1178,76,2027-06-18,2026-09-29
850.0,2062,10,2027-06-18,2026-09-29
860.0,470,76,2027-06-18,2026-09-29
870.0,572,44,2027-06-18,2026-09-29
880.0,431,14,2027-06-18,2026-09-29
890.0,318,8,2027-06-18,2026-09-29
900.0,1478,13,2027-06-18,2026-09-29
910.0,395,27,2027-06-18,2026-09-29
920.0,298,17,2027-06-18,2026-09-29
930.0,490,4,2027-06-18,2026-09-29
940.0,202,3,2027-06-18,2026-09-29
950.0,210,23,2027-06-18,2026-09-29
960.0,687,0,2027-06-18,2026-09-29
970.0,294,0,2027-06-18,2026-09-29
980.0,164,1,2027-06-18,2026-09-29
990.0,82,1,2027-06-18,2026-09-29
1000.0,1991,1,2027-06-18,2026-09-29
1010.0,209,0,2027-06-18,2026-09-29
1020.0,200,0,2027-06-18,2026-09-29
1030.0,221,0,2027-06-18,2026-09-29
1040.0,160,0,2027-06-18,2026-09-29
1050.0,2681,0,2027-06-18,2026-09-29
1060.0,232,0,2027-06-18,2026-09-29
1070.0,175,0,2027-06-18,2026-09-29
1080.0,423,0,2027-06-18,2026-09-29
1090.0,491,1,2027-06-18,2026-09-29
1100.0,2129,0,2027-06-18,2026-09-29
1110.0,544,0,2027-06-18,2026-09-29
1120.0,8902,5,2027-06-18,2026-09-29
431.59,0,80,2027-06-30,2026-09-29
485.54,0,80,2027-06-30,2026-09-29
25.0,4,85,2027-09-18,2026-09-29
30.0,4,33,2027-09-18,2026-09-29
35.0,1,174,2027-09-18,2026-09-29
40.0,0,91,2027-09-18,2026-09-29
45.0,2,27,2027-09-18,2026-09-29
50.0,2,26,2027-09-18,2026-09-29
55.0,1,55,2027-09-18,2026-09-29
60.0,3,166,2027-09-18,2026-09-29
65.0,2,87,2027-09-18,2026-09-29
70.0,21,196,2027-09-18,2026-09-29
75.0,10,48,2027-09-18,2026-09-29
80.0,3,102,2027-09-18,2026-09-29
85.0,2,77,2027-09-18,2026-09-29
90.0,12,160,2027-09-18,2026-09-29
95.0,46,58,2027-09-18,2026-09-29
100.0,6,125,2027-09-18,2026-09-29
105.0,72,258,2027-09-18,2026-09-29
110.0,21,111,2027-09-18,2026-09-29
115.0,20,138,2027-09-18,2026-09-29
120.0,23,99,2027-09-18,2026-09-29
125.0,38,676,2027-09-18,2026-09-29
130.0,8,60,2027-09-18,2026-09-29
135.0,17,182,2027-09-18,2026-09-29
140.0,31,376,2027-09-18,2026-09-29
145.0,18,98,2027-09-18,2026-09-29
150.0,86,1015,2027-09-18,2026-09-29
155.0,17,282,2027-09-18,2026-09-29
160.0,83,192,2027-09-18,2026-09-29
165.0,46,120,2027-09-18,2026-09-29
170.0,24,2038,2027-09-18,2026-09-29
175.0,19,275,2027-09-18,2026-09-29
180.0,93,374,2027-09-18,2026-09-29
185.0,44,46,2027-09-18,2026-09-29
190.0,72,107,2027-09-18,2026-09-29
195.0,115,121,2027-09-18,2026-09-29
200.0,220,1244,2027-09-18,2026-09-29
210.0,271,207,2027-09-18,2026-09-29
220.0,78,1911,2027-09-18,2026-09-29
230.0,291,3992,2027-09-18,2026-09-29
240.0,151,4120,2027-09-18,2026-09-29
250.0,323,4089,2027-09-18,2026-09-29
260.0,225,359,2027-09-18,2026-09-29
270.0,220,721,2027-09-18,2026-09-29
280.0,220,943,2027-09-18,2026-09-29
290.0,80,3805,2027-09-18,2026-09-29
300.0,333,5246,2027-09-18,2026-09-29
310.0,92,1207,2027-09-18,2026-09-29
320.0,180,1264,2027-09-18,2026-09-29
330.0,165,2456,2027-09-18,2026-09-29
340.0,365,690,2027-09-18,2026-09-29
350.0,250,1135,2027-09-18,2026-09-29
360.0,177,493,2027-09-18,2026-09-29
370.0,189,1488,2027-09-18,2026-09-29
380.0,260,1114,2027-09-18,2026-09-29
390.0,1327,1546,2027-09-18,2026-09-29
400.0,2920,1098,2027-09-18,2026-09-29
410.0,214,820,2027-09-18,2026-09-29
420.0,318,615,2027-09-18,2026-09-29
430.0,271,697,2027-09-18,2026-09-29
440.0,144,517,2027-09-18,2026-09-29
450.0,387,1066,2027-09-18,2026-09-29
460.0,349,508,2027-09-18,2026-09-29
470.0,222,379,2027-09-18,2026-09-29
480.0,383,247,2027-09-18,2026-09-29
490.0,277,140,2027-09-18,2026-09-29
500.0,385,349,2027-09-18,2026-09-29
510.0,234,143,2027-09-18,2026-09-29
520.0,204,183,2027-09-18,2026-09-29
530.0,659,331,2027-09-18,2026-09-29
540.0,633,109,2027-09-18,2026-09-29
550.0,193,1128,2027-09-18,2026-09-29
560.0,298,169,2027-09-18,2026-09-29
570.0,249,317,2027-09-18,2026-09-29
580.0,126,75,2027-09-18,2026-09-29
590.0,168,56,2027-09-18,2026-09-29
600.0,1063,1038,2027-09-18,2026-09-29
610.0,304,371,2027-09-18,2026-09-29
620.0,124,47,2027-09-18,2026-09-29
630.0,487,62,2027-09-18,2026-09-29
640.0,363,30,2027-09-18,2026-09-29
650.0,353,38,2027-09-18,2026-09-29
660.0,198,1631,2027-09-18,2026-09-29
670.0,252,19,2027-09-18,2026-09-29
680.0,140,25,2027-09-18,2026-09-29
690.0,438,20,2027-09-18,2026-09-29
700.0,1399,178,2027-09-18,2026-09-29
710.0,175,93,2027-09-18,2026-09-29
720.0,441,117,2027-09-18,2026-09-29
730.0,204,151,2027-09-18,2026-09-29
740.0,736,320,2027-09-18,2026-09-29
750.0,766,87,2027-09-18,2026-09-29
760.0,369,12,2027-09-18,2026-09-29
770.0,464,2,2027-09-18,2026-09-29
780.0,233,25,2027-09-18,2026-09-29
790.0,242,29,2027-09-18,2026-09-29
800.0,989,54,2027-09-18,2026-09-29
810.0,352,112,2027-09-18,2026-09-29
820.0,210,29,2027-09-18,2026-09-29
830.0,126,26,2027-09-18,2026-09-29
840.0,147,4,2027-09-18,2026-09-29
850.0,279,12,2027-09-18,2026-09-29
860.0,150,14,2027-09-18,2026-09-29
870.0,284,8,2027-09-18,2026-09-29
880.0,1164,33,2027-09-18,2026-09-29
890.0,436,57,2027-09-18,2026-09-29
900.0,210,16,2027-09-18,2026-09-29
910.0,356,58,2027-09-18,2026-09-29
920.0,60,38,2027-09-18,2026-09-29
930.0,381,4,2027-09-18,2026-09-29
940.0,265,7,2027-09-18,2026-09-29
950.0,756,5,2027-09-18,2026-09-29
960.0,375,8,2027-09-18,2026-09-29
970.0,2499,6,2027-09-18,2026-09-29
980.0,249,8,2027-09-18,2026-09-29
990.0,860,6,2027-09-18,2026-09-29
1000.0,445,11,2027-09-18,2026-09-29
1010.0,944,13,2027-09-18,2026-09-29
1020.0,2614,5,2027-09-18,2026-09-29
1030.0,100,5,2027-09-18,2026-09-29
1040.0,562,0,2027-09-18,2026-09-29
1050.0,223,0,2027-09-18,2026-09-29
1060.0,187,0,2027-09-18,2026-09-29
1070.0,478,0,2027-09-18,2026-09-29
1080.0,720,0,2027-09-18,2026-09-29
1090.0,464,0,2027-09-18,2026-09-29
1100.0,968,0,2027-09-18,2026-09-29
1110.0,217,1,2027-09-18,2026-09-29
1120.0,7512,0,2027-09-18,2026-09-29
652.4,1039,0,2027-09-28,2026-09-29
5.0,4739,18,2027-12-18,2026-09-29
10.0,87,191,2027-12-18,2026-09-29
15.0,2,15,2027-12-18,2026-09-29
20.0,2,357,2027-12-18,2026-09-29
25.0,321,423,2027-12-18,2026-09-29
30.0,66,633,2027-12-18,2026-09-29
35.0,111,135,2027-12-18,2026-09-29
40.0,160,494,2027-12-18,2026-09-29
45.0,13,299,2027-12-18,2026-09-29
50.0,379,464,2027-12-18,2026-09-29
55.0,468,386,2027-12-18,2026-09-29
60.0,179,411,2027-12-18,2026-09-29
65.0,394,228,2027-12-18,2026-09-29
70.0,972,2127,2027-12-18,2026-09-29
75.0,171,1451,2027-12-18,2026-09-29
80.0,362,487,2027-12-18,2026-09-29
85.0,374,3038,2027-12-18,2026-09-29
90.0,579,1785,2027-12-18,2026-09-29
95.0,577,1997,2027-12-18,2026-09-29
100.0,854,3393,2027-12-18,2026-09-29
105.0,619,1184,2027-12-18,2026-09-29
110.0,554,724,2027-12-18,2026-09-29
115.0,635,2137,2027-12-18,2026-09-29
120.0,1169,2467,2027-12-18,2026-09-29
125.0,789,827,2027-12-18,2026-09-29
130.0,560,6785,2027-12-18,2026-09-29
135.0,516,1866,2027-12-18,2026-09-29
140.0,897,2458,2027-12-18,2026-09-29
145.0,564,634,2027-12-18,2026-09-29
150.0,2933,2661,2027-12-18,2026-09-29
155.0,529,631,2027-12-18,2026-09-29
160.0,861,1096,2027-12-18,2026-09-29
165.0,922,2043,2027-12-18,2026-09-29
170.0,1041,1061,2027-12-18,2026-09-29
175.0,759,1327,2027-12-18,2026-09-29
180.0,1268,1318,2027-12-18,2026-09-29
185.0,260,807,2027-12-18,2026-09-29
190.0,435,866,2027-12-18,2026-09-29
194.29,28,28,2027-12-18,2026-09-29
195.0,2639,527,2027-12-18,2026-09-29
200.0,4071,2483,2027-12-18,2026-09-29
210.0,1543,2792,2027-12-18,2026-09-29
220.0,1025,3834,2027-12-18,2026-09-29
230.0,1078,1892,2027-12-18,2026-09-29
240.0,447,1934,2027-12-18,2026-09-29
250.0,1178,6002,2027-12-18,2026-09-29
260.0,1312,1963,2027-12-18,2026-09-29
270.0,656,4128,2027-12-18,2026-09-29
280.0,1057,950,2027-12-18,2026-09-29
290.0,477,275,2027-12-18,2026-09-29
300.0,1940,2571,2027-12-18,2026-09-29
310.0,732,735,2027-12-18,2026-09-29
320.0,990,3652,2027-12-18,2026-09-29
330.0,963,588,2027-12-18,2026-09-29
340.0,423,1798,2027-12-18,2026-09-29
350.0,1368,1225,2027-12-18,2026-09-29
360.0,1479,197,2027-12-18,2026-09-29
370.0,955,486,2027-12-18,2026-09-29
380.0,498,414,2027-12-18,2026-09-29
390.0,327,134,2027-12-18,2026-09-29
400.0,1385,740,2027-12-18,2026-09-29
410.0,315,716,2027-12-18,2026-09-29
420.0,398,1756,2027-12-18,2026-09-29
430.0,317,293,2027-12-18,2026-09-29
440.0,237,746,2027-12-18,2026-09-29
450.0,524,790,2027-12-18,2026-09-29
460.0,170,138,2027-12-18,2026-09-29
470.0,361,446,2027-12-18,2026-09-29
480.0,490,193,2027-12-18,2026-09-29
490.0,677,305,2027-12-18,2026-09-29
500.0,1584,315,2027-12-18,2026-09-29
510.0,817,169,2027-12-18,2026-09-29
520.0,918,139,2027-12-18,2026-09-29
530.0,1483,53,2027-12-18,2026-09-29
540.0,176,58,2027-12-18,2026-09-29
550.0,1121,603,2027-12-18,2026-09-29
560.0,548,73,2027-12-18,2026-09-29
570.0,160,58,2027-12-18,2026-09-29
580.0,179,249,2027-12-18,2026-09-29
590.0,120,80,2027-12-18,2026-09-29
600.0,1785,435,2027-12-18,2026-09-29
610.0,227,43,2027-12-18,2026-09-29
620.0,310,112,2027-12-18,2026-09-29
630.0,468,368,2027-12-18,2026-09-29
640.0,187,28,2027-12-18,2026-09-29
650.0,389,111,2027-12-18,2026-09-29
660.0,183,19,2027-12-18,2026-09-29
670.0,127,58,2027-12-18,2026-09-29
680.0,215,61,2027-12-18,2026-09-29
690.0,218,99,2027-12-18,2026-09-29
700.0,2057,192,2027-12-18,2026-09-29
710.0,203,54,2027-12-18,2026-09-29
720.0,258,9,2027-12-18,2026-09-29
730.0,1169,40,2027-12-18,2026-09-29
740.0,612,27,2027-12-18,2026-09-29
750.0,1657,119,2027-12-18,2026-09-29
760.0,352,9,2027-12-18,2026-09-29
770.0,109,19,2027-12-18,2026-09-29
780.0,111,8,2027-12-18,2026-09-29
790.0,310,85,2027-12-18,2026-09-29
800.0,2281,12,2027-12-18,2026-09-29
810.0,240,10,2027-12-18,2026-09-29
820.0,115,11,2027-12-18,2026-09-29
830.0,63,22,2027-12-18,2026-09-29
840.0,143,12,2027-12-18,2026-09-29
850.0,457,132,2027-12-18,2026-09-29
860.0,209,49,2027-12-18,2026-09-29
870.0,92,70,2027-12-18,2026-09-29
880.0,259,20,2027-12-18,2026-09-29
890.0,152,10,2027-12-18,2026-09-29
900.0,1746,22,2027-12-18,2026-09-29
910.0,267,99,2027-12-18,2026-09-29
920.0,310,41,2027-12-18,2026-09-29
930.0,305,34,2027-12-18,2026-09-29
940.0,134,12,2027-12-18,2026-09-29
950.0,1028,14,2027-12-18,2026-09-29
960.0,97,42,2027-12-18,2026-09-29
970.0,108,8,2027-12-18,2026-09-29
980.0,167,20,2027-12-18,2026-09-29
990.0,1086,9,2027-12-18,2026-09-29
1000.0,337,96,2027-12-18,2026-09-29
1010.0,118,16,2027-12-18,2026-09-29
1020.0,631,69,2027-12-18,2026-09-29
1030.0,117,42,2027-12-18,2026-09-29
1040.0,141,37,2027-12-18,2026-09-29
1050.0,693,43,2027-12-18,2026-09-29
1060.0,390,24,2027-12-18,2026-09-29
1070.0,259,11,2027-12-18,2026-09-29
1080.0,205,2,2027-12-18,2026-09-29
1090.0,222,13,2027-12-18,2026-09-29
1100.0,274,1,2027-12-18,2026-09-29
1110.0,2740,2,2027-12-18,2026-09-29
1120.0,13400,6,2027-12-18,2026-09-29
5.0,10529,1096,2028-01-22,2026-09-29
10.0,103,224,2028-01-22,2026-09-29
15.0,11,11,2028-01-22,2026-09-29
20.0,0,38,2028-01-22,2026-09-29
25.0,57,253,2028-01-22,2026-09-29
30.0,7,52,2028-01-22,2026-09-29
35.0,43,62,2028-01-22,2026-09-29
40.0,186,125,2028-01-22,2026-09-29
45.0,143,56,2028-01-22,2026-09-29
50.0,274,115,2028-01-22,2026-09-29
55.0,150,71,2028-01-22,2026-09-29
60.0,131,116,2028-01-22,2026-09-29
65.0,5,78,2028-01-22,2026-09-29
70.0,249,600,2028-01-22,2026-09-29
75.0,101,208,2028-01-22,2026-09-29
80.0,99,434,2028-01-22,2026-09-29
85.0,154,801,2028-01-22,2026-09-29
90.0,199,92,2028-01-22,2026-09-29
95.0,149,282,2028-01-22,2026-09-29
100.0,1252,2663,2028-01-22,2026-09-29
105.0,397,949,2028-01-22,2026-09-29
110.0,250,2074,2028-01-22,2026-09-29
115.0,231,242,2028-01-22,2026-09-29
120.0,176,1472,2028-01-22,2026-09-29
125.0,222,398,2028-01-22,2026-09-29
130.0,249,3328,2028-01-22,2026-09-29
135.0,114,298,2028-01-22,2026-09-29
140.0,274,3106,2028-01-22,2026-09-29
145.0,105,511,2028-01-22,2026-09-29
150.0,1000,3046,2028-01-22,2026-09-29
155.0,186,379,2028-01-22,2026-09-29
160.0,359,2114,2028-01-22,2026-09-29
165.0,364,778,2028-01-22,2026-09-29
170.0,651,2318,2028-01-22,2026-09-29
175.0,318,915,2028-01-22,2026-09-29
180.0,321,3037,2028-01-22,2026-09-29
185.0,168,1195,2028-01-22,2026-09-29
190.0,591,907,2028-01-22,2026-09-29
195.0,503,1373,2028-01-22,2026-09-29
200.0,3580,3498,2028-01-22,2026-09-29
210.0,1000,1000,2028-01-22,2026-09-29
210.0,556,3259,2028-01-22,2026-09-29
220.0,1016,2072,2028-01-22,2026-09-29
230.0,1135,1222,2028-01-22,2026-09-29
240.0,1224,4942,2028-01-22,2026-09-29
250.0,4122,4739,2028-01-22,2026-09-29
260.0,2547,3146,2028-01-22,2026-09-29
270.0,635,3943,2028-01-22,2026-09-29
280.0,454,3277,2028-01-22,2026-09-29
290.0,691,1609,2028-01-22,2026-09-29
300.0,3048,11967,2028-01-22,2026-09-29
310.0,990,320,2028-01-22,2026-09-29
320.0,628,4165,2028-01-22,2026-09-29
330.0,410,2292,2028-01-22,2026-09-29
340.0,416,4648,2028-01-22,2026-09-29
350.0,1711,4511,2028-01-22,2026-09-29
360.0,647,1870,2028-01-22,2026-09-29
370.0,337,1203,2028-01-22,2026-09-29
380.0,371,3173,2028-01-22,2026-09-29
390.0,457,393,2028-01-22,2026-09-29
400.0,1874,3691,2028-01-22,2026-09-29
410.0,1262,551,2028-01-22,2026-09-29
420.0,507,405,2028-01-22,2026-09-29
430.0,376,2176,2028-01-22,2026-09-29
440.0,377,2195,2028-01-22,2026-09-29
450.0,1829,2983,2028-01-22,2026-09-29
460.0,1339,388,2028-01-22,2026-09-29
470.0,510,2252,2028-01-22,2026-09-29
480.0,1145,359,2028-01-22,2026-09-29
490.0,652,279,2028-01-22,2026-09-29
500.0,3487,1438,2028-01-22,2026-09-29
510.0,506,580,2028-01-22,2026-09-29
520.0,1870,2539,2028-01-22,2026-09-29
530.0,3556,2300,2028-01-22,2026-09-29
540.0,153,52,2028-01-22,2026-09-29
550.0,542,586,2028-01-22,2026-09-29
560.0,887,104,2028-01-22,2026-09-29
570.0,435,211,2028-01-22,2026-09-29
580.0,246,91,2028-01-22,2026-09-29
590.0,246,96,2028-01-22,2026-09-29
600.0,2456,1454,2028-01-22,2026-09-29
610.0,321,67,2028-01-22,2026-09-29
620.0,347,36,2028-01-22,2026-09-29
630.0,125,51,2028-01-22,2026-09-29
640.0,176,144,2028-01-22,2026-09-29
650.0,842,454,2028-01-22,2026-09-29
660.0,2234,72,2028-01-22,2026-09-29
670.0,123,48,2028-01-22,2026-09-29
680.0,296,55,2028-01-22,2026-09-29
690.0,257,50,2028-01-22,2026-09-29
700.0,1630,147,2028-01-22,2026-09-29
710.0,278,27,2028-01-22,2026-09-29
720.0,380,33,2028-01-22,2026-09-29
730.0,109,36,2028-01-22,2026-09-29
740.0,691,69,2028-01-22,2026-09-29
750.0,374,23,2028-01-22,2026-09-29
760.0,230,29,2028-01-22,2026-09-29
770.0,538,54,2028-01-22,2026-09-29
780.0,82,27,2028-01-22,2026-09-29
790.0,171,59,2028-01-22,2026-09-29
800.0,2167,128,2028-01-22,2026-09-29
810.0,435,126,2028-01-22,2026-09-29
820.0,232,92,2028-01-22,2026-09-29
830.0,239,157,2028-01-22,2026-09-29
840.0,144,70,2028-01-22,2026-09-29
850.0,3817,16,2028-01-22,2026-09-29
860.0,487,99,2028-01-22,2026-09-29
870.0,264,16,2028-01-22,2026-09-29
880.0,158,70,2028-01-22,2026-09-29
890.0,51,131,2028-01-22,2026-09-29
900.0,738,30,2028-01-22,2026-09-29
910.0,143,117,2028-01-22,2026-09-29
920.0,637,29,2028-01-22,2026-09-29
930.0,408,11,2028-01-22,2026-09-29
940.0,50,90,2028-01-22,2026-09-29
950.0,155,59,2028-01-22,2026-09-29
960.0,205,44,2028-01-22,2026-09-29
970.0,132,5,2028-01-22,2026-09-29
980.0,180,25,2028-01-22,2026-09-29
990.0,125,81,2028-01-22,2026-09-29
1000.0,3611,49,2028-01-22,2026-09-29
1010.0,467,89,2028-01-22,2026-09-29
1020.0,126,132,2028-01-22,2026-09-29
1030.0,1153,62,2028-01-22,2026-09-29
1040.0,210,79,2028-01-22,2026-09-29
1050.0,554,73,2028-01-22,2026-09-29
1060.0,172,70,2028-01-22,2026-09-29
1070.0,95,9,2028-01-22,2026-09-29
1080.0,279,7,2028-01-22,2026-09-29
1090.0,249,19,2028-01-22,2026-09-29
1100.0,1400,8,2028-01-22,2026-09-29
1110.0,3002,3,2028-01-22,2026-09-29
1120.0,12808,8,2028-01-22,2026-09-29
660.0,7988,13587,2028-01-25,2026-09-29
900.0,183,0,2028-02-29,2026-09-29
5.0,126,49,2028-06-17,2026-09-29
10.0,0,3,2028-06-17,2026-09-29
15.0,0,0,2028-06-17,2026-09-29
20.0,0,0,2028-06-17,2026-09-29
25.0,0,4,2028-06-17,2026-09-29
30.0,1,7,2028-06-17,2026-09-29
35.0,1,4,2028-06-17,2026-09-29
40.0,2,16,2028-06-17,2026-09-29
45.0,0,20,2028-06-17,2026-09-29
50.0,0,60,2028-06-17,2026-09-29
55.0,0,38,2028-06-17,2026-09-29
60.0,0,8,2028-06-17,2026-09-29
65.0,1,40,2028-06-17,2026-09-29
70.0,1,381,2028-06-17,2026-09-29
75.0,0,1222,2028-06-17,2026-09-29
80.0,0,433,2028-06-17,2026-09-29
85.0,3,293,2028-06-17,2026-09-29
90.0,1,56,2028-06-17,2026-09-29
95.0,6,345,2028-06-17,2026-09-29
100.0,2,482,2028-06-17,2026-09-29
105.0,20,207,2028-06-17,2026-09-29
110.0,74,424,2028-06-17,2026-09-29
115.0,100,449,2028-06-17,2026-09-29
120.0,56,113,2028-06-17,2026-09-29
125.0,82,198,2028-06-17,2026-09-29
130.0,34,324,2028-06-17,2026-09-29
135.0,43,21,2028-06-17,2026-09-29
140.0,28,82,2028-06-17,2026-09-29
145.0,63,14,2028-06-17,2026-09-29
150.0,28,398,2028-06-17,2026-09-29
155.0,27,178,2028-06-17,2026-09-29
160.0,29,240,2028-06-17,2026-09-29
165.0,5,123,2028-06-17,2026-09-29
170.0,61,245,2028-06-17,2026-09-29
175.0,239,217,2028-06-17,2026-09-29
180.0,27,47,2028-06-17,2026-09-29
185.0,8,163,2028-06-17,2026-09-29
190.0,30,63,2028-06-17,2026-09-29
195.0,6,228,2028-06-17,2026-09-29
200.0,33,1618,2028-06-17,2026-09-29
210.0,24,28,2028-06-17,2026-09-29
220.0,32,166,2028-06-17,2026-09-29
230.0,36,142,2028-06-17,2026-09-29
240.0,86,499,2028-06-17,2026-09-29
250.0,52,1241,2028-06-17,2026-09-29
260.0,40,2471,2028-06-17,2026-09-29
270.0,101,554,2028-06-17,2026-09-29
280.0,24,1024,2028-06-17,2026-09-29
290.0,77,301,2028-06-17,2026-09-29
300.0,195,7019,2028-06-17,2026-09-29
310.0,94,88,2028-06-17,2026-09-29
320.0,351,2529,2028-06-17,2026-09-29
330.0,116,173,2028-06-17,2026-09-29
340.0,118,1023,2028-06-17,2026-09-29
350.0,79,346,2028-06-17,2026-09-29
360.0,77,129,2028-06-17,2026-09-29
370.0,267,195,2028-06-17,2026-09-29
380.0,79,315,2028-06-17,2026-09-29
390.0,217,605,2028-06-17,2026-09-29
400.0,209,516,2028-06-17,2026-09-29
410.0,107,133,2028-06-17,2026-09-29
420.0,58,61,2028-06-17,2026-09-29
430.0,285,63,2028-06-17,2026-09-29
440.0,144,68,2028-06-17,2026-09-29
450.0,242,800,2028-06-17,2026-09-29
460.0,79,104,2028-06-17,2026-09-29
470.0,312,230,2028-06-17,2026-09-29
480.0,51,83,2028-06-17,2026-09-29
490.0,352,171,2028-06-17,2026-09-29
500.0,854,460,2028-06-17,2026-09-29
510.0,159,234,2028-06-17,2026-09-29
520.0,136,481,2028-06-17,2026-09-29
530.0,122,220,2028-06-17,2026-09-29
540.0,242,435,2028-06-17,2026-09-29
550.0,234,748,2028-06-17,2026-09-29
560.0,73,55,2028-06-17,2026-09-29
570.0,119,25,2028-06-17,2026-09-29
580.0,134,126,2028-06-17,2026-09-29
590.0,223,94,2028-06-17,2026-09-29
600.0,450,55,2028-06-17,2026-09-29
610.0,118,146,2028-06-17,2026-09-29
620.0,1844,122,2028-06-17,2026-09-29
630.0,133,51,2028-06-17,2026-09-29
640.0,246,124,2028-06-17,2026-09-29
650.0,509,150,2028-06-17,2026-09-29
660.0,1118,62,2028-06-17,2026-09-29
670.0,107,73,2028-06-17,2026-09-29
680.0,84,84,2028-06-17,2026-09-29
690.0,390,8,2028-06-17,2026-09-29
700.0,818,120,2028-06-17,2026-09-29
710.0,469,49,2028-06-17,2026-09-29
720.0,975,18,2028-06-17,2026-09-29
730.0,206,110,2028-06-17,2026-09-29
740.0,132,78,2028-06-17,2026-09-29
750.0,332,30,2028-06-17,2026-09-29
760.0,529,98,2028-06-17,2026-09-29
770.0,218,10,2028-06-17,2026-09-29
780.0,446,6,2028-06-17,2026-09-29
790.0,151,4,2028-06-17,2026-09-29
800.0,1442,16,2028-06-17,2026-09-29
810.0,249,15,2028-06-17,2026-09-29
820.0,361,50,2028-06-17,2026-09-29
830.0,128,27,2028-06-17,2026-09-29
840.0,184,14,2028-06-17,2026-09-29
850.0,529,46,2028-06-17,2026-09-29
860.0,233,22,2028-06-17,2026-09-29
870.0,99,3,2028-06-17,2026-09-29
880.0,243,29,2028-06-17,2026-09-29
890.0,173,17,2028-06-17,2026-09-29
900.0,396,20,2028-06-17,2026-09-29
910.0,221,3,2028-06-17,2026-09-29
920.0,158,13,2028-06-17,2026-09-29
930.0,330,5,2028-06-17,2026-09-29
940.0,202,10,2028-06-17,2026-09-29
950.0,114,41,2028-06-17,2026-09-29
960.0,180,42,2028-06-17,2026-09-29
970.0,147,48,2028-06-17,2026-09-29
980.0,278,43,2028-06-17,2026-09-29
990.0,134,281,2028-06-17,2026-09-29
1000.0,2742,52,2028-06-17,2026-09-29
1010.0,1641,115,2028-06-17,2026-09-29
1020.0,86,89,2028-06-17,2026-09-29
1030.0,119,38,2028-06-17,2026-09-29
1040.0,284,128,2028-06-17,2026-09-29
1050.0,247,177,2028-06-17,2026-09-29
1060.0,177,27,2028-06-17,2026-09-29
1070.0,116,60,2028-06-17,2026-09-29
1080.0,352,2,2028-06-17,2026-09-29
1090.0,186,35,2028-06-17,2026-09-29
1100.0,1786,44,2028-06-17,2026-09-29
1110.0,358,19,2028-06-17,2026-09-29
1120.0,7871,54,2028-06-17,2026-09-29
5.0,20095,653,2028-12-16,2026-09-29
10.0,42,317,2028-12-16,2026-09-29
15.0,25,20,2028-12-16,2026-09-29
20.0,16,52,2028-12-16,2026-09-29
25.0,44,102,2028-12-16,2026-09-29
30.0,9,342,2028-12-16,2026-09-29
35.0,2,31,2028-12-16,2026-09-29
40.0,7,127,2028-12-16,2026-09-29
45.0,3,238,2028-12-16,2026-09-29
50.0,11,226,2028-12-16,2026-09-29
55.0,1,163,2028-12-16,2026-09-29
60.0,9,437,2028-12-16,2026-09-29
65.0,6,224,2028-12-16,2026-09-29
70.0,8,159,2028-12-16,2026-09-29
75.0,8,275,2028-12-16,2026-09-29
80.0,40,297,2028-12-16,2026-09-29
85.0,50,832,2028-12-16,2026-09-29
90.0,73,251,2028-12-16,2026-09-29
95.0,57,1129,2028-12-16,2026-09-29
100.0,393,1257,2028-12-16,2026-09-29
105.0,463,427,2028-12-16,2026-09-29
110.0,337,340,2028-12-16,2026-09-29
115.0,1238,137,2028-12-16,2026-09-29
120.0,92,654,2028-12-16,2026-09-29
125.0,70,247,2028-12-16,2026-09-29
130.0,105,2193,2028-12-16,2026-09-29
135.0,76,836,2028-12-16,2026-09-29
140.0,251,625,2028-12-16,2026-09-29
145.0,131,949,2028-12-16,2026-09-29
150.0,623,1485,2028-12-16,2026-09-29
155.0,139,894,2028-12-16,2026-09-29
160.0,178,3017,2028-12-16,2026-09-29
165.0,104,929,2028-12-16,2026-09-29
170.0,183,2299,2028-12-16,2026-09-29
175.0,190,488,2028-12-16,2026-09-29
180.0,363,491,2028-12-16,2026-09-29
185.0,298,267,2028-12-16,2026-09-29
190.0,389,1148,2028-12-16,2026-09-29
195.0,375,1005,2028-12-16,2026-09-29
200.0,1366,3134,2028-12-16,2026-09-29
210.0,799,1086,2028-12-16,2026-09-29
220.0,746,800,2028-12-16,2026-09-29
230.0,576,403,2028-12-16,2026-09-29
240.0,386,741,2028-12-16,2026-09-29
250.0,1089,4655,2028-12-16,2026-09-29
260.0,579,565,2028-12-16,2026-09-29
270.0,429,992,2028-12-16,2026-09-29
280.0,278,546,2028-12-16,2026-09-29
290.0,384,2283,2028-12-16,2026-09-29
300.0,1362,2771,2028-12-16,2026-09-29
310.0,537,559,2028-12-16,2026-09-29
320.0,501,772,2028-12-16,2026-09-29
330.0,420,503,2028-12-16,2026-09-29
340.0,457,453,2028-12-16,2026-09-29
350.0,1145,2609,2028-12-16,2026-09-29
360.0,401,1171,2028-12-16,2026-09-29
370.0,376,514,2028-12-16,2026-09-29
380.0,267,499,2028-12-16,2026-09-29
390.0,232,529,2028-12-16,2026-09-29
400.0,1422,1651,2028-12-16,2026-09-29
410.0,243,494,2028-12-16,2026-09-29
420.0,448,349,2028-12-16,2026-09-29
430.0,419,352,2028-12-16,2026-09-29
440.0,598,468,2028-12-16,2026-09-29
450.0,1015,2281,2028-12-16,2026-09-29
460.0,613,1006,2028-12-16,2026-09-29
470.0,357,404,2028-12-16,2026-09-29
480.0,765,253,2028-12-16,2026-09-29
490.0,661,318,2028-12-16,2026-09-29
500.0,3617,1370,2028-12-16,2026-09-29
510.0,858,666,2028-12-16,2026-09-29
520.0,454,464,2028-12-16,2026-09-29
530.0,251,216,2028-12-16,2026-09-29
540.0,197,421,2028-12-16,2026-09-29
550.0,1496,510,2028-12-16,2026-09-29
560.0,708,166,2028-12-16,2026-09-29
570.0,56,0,2028-12-16,2026-09-29
570.0,503,133,2028-12-16,2026-09-29
580.0,285,74,2028-12-16,2026-09-29
590.0,192,464,2028-12-16,2026-09-29
600.0,2715,1008,2028-12-16,2026-09-29
610.0,185,289,2028-12-16,2026-09-29
620.0,380,106,2028-12-16,2026-09-29
630.0,102,37,2028-12-16,2026-09-29
640.0,339,43,2028-12-16,2026-09-29
650.0,343,72,2028-12-16,2026-09-29
660.0,387,83,2028-12-16,2026-09-29
670.0,461,45,2028-12-16,2026-09-29
680.0,347,67,2028-12-16,2026-09-29
690.0,463,67,2028-12-16,2026-09-29
700.0,3386,585,2028-12-16,2026-09-29
710.0,225,119,2028-12-16,2026-09-29
720.0,1883,39,2028-12-16,2026-09-29
730.0,561,66,2028-12-16,2026-09-29
740.0,609,34,2028-12-16,2026-09-29
750.0,1301,292,2028-12-16,2026-09-29
760.0,1137,57,2028-12-16,2026-09-29
770.0,309,33,2028-12-16,2026-09-29
780.0,331,17,2028-12-16,2026-09-29
790.0,411,26,2028-12-16,2026-09-29
800.0,1683,188,2028-12-16,2026-09-29
810.0,653,114,2028-12-16,2026-09-29
820.0,1178,35,2028-12-16,2026-09-29
830.0,263,62,2028-12-16,2026-09-29
840.0,179,57,2028-12-16,2026-09-29
850.0,832,96,2028-12-16,2026-09-29
860.0,2553,52,2028-12-16,2026-09-29
870.0,341,41,2028-12-16,2026-09-29
880.0,550,60,2028-12-16,2026-09-29
890.0,457,38,2028-12-16,2026-09-29
900.0,1225,79,2028-12-16,2026-09-29
910.0,1112,57,2028-12-16,2026-09-29
920.0,1216,62,2028-12-16,2026-09-29
930.0,645,179,2028-12-16,2026-09-29
940.0,121,141,2028-12-16,2026-09-29
950.0,684,125,2028-12-16,2026-09-29
960.0,468,78,2028-12-16,2026-09-29
970.0,189,92,2028-12-16,2026-09-29
980.0,179,37,2028-12-16,2026-09-29
990.0,927,123,2028-12-16,2026-09-29
1000.0,1284,101,2028-12-16,2026-09-29
1010.0,398,113,2028-12-16,2026-09-29
1020.0,212,57,2028-12-16,2026-09-29
1030.0,326,132,2028-12-16,2026-09-29
1040.0,68,125,2028-12-16,2026-09-29
1050.0,723,109,2028-12-16,2026-09-29
1060.0,175,66,2028-12-16,2026-09-29
1070.0,254,72,2028-12-16,2026-09-29
1080.0,300,255,2028-12-16,2026-09-29
1090.0,1087,172,2028-12-16,2026-09-29
1100.0,572,352,2028-12-16,2026-09-29
1110.0,657,231,2028-12-16,2026-09-29
1120.0,4144,339,2028-12-16,2026-09-29
1130.0,2,0,2028-12-16,2026-09-29
1140.0,0,4,2028-12-16,2026-09-29
1150.0,0,1,2028-12-16,2026-09-29
1160.0,0,0,2028-12-16,2026-09-29
1170.0,40,0,2028-12-16,2026-09-29
1180.0,0,7,2028-12-16,2026-09-29
1190.0,0,3,2028-12-16,2026-09-29
1200.0,0,2,2028-12-16,2026-09-29
1210.0,0,2,2028-12-16,2026-09-29
1220.0,0,0,2028-12-16,2026-09-29
1230.0,29,2,2028-12-16,2026-09-29
5.0,84,2,2029-01-20,2026-09-29
10.0,1,0,2029-01-20,2026-09-29
15.0,0,0,2029-01-20,2026-09-29
20.0,0,0,2029-01-20,2026-09-29
25.0,0,0,2029-01-20,2026-09-29
30.0,0,0,2029-01-20,2026-09-29
35.0,0,0,2029-01-20,2026-09-29
40.0,0,0,2029-01-20,2026-09-29
45.0,20,1,2029-01-20,2026-09-29
50.0,0,1,2029-01-20,2026-09-29
55.0,0,0,2029-01-20,2026-09-29
60.0,0,0,2029-01-20,2026-09-29
65.0,0,0,2029-01-20,2026-09-29
70.0,0,0,2029-01-20,2026-09-29
75.0,0,0,2029-01-20,2026-09-29
80.0,0,0,2029-01-20,2026-09-29
85.0,0,42,2029-01-20,2026-09-29
90.0,0,1,2029-01-20,2026-09-29
95.0,0,0,2029-01-20,2026-09-29
100.0,0,68,2029-01-20,2026-09-29
105.0,0,9,2029-01-20,2026-09-29
110.0,3,2,2029-01-20,2026-09-29
115.0,0,0,2029-01-20,2026-09-29
120.0,0,5,2029-01-20,2026-09-29
125.0,0,1,2029-01-20,2026-09-29
130.0,0,0,2029-01-20,2026-09-29
135.0,7,1,2029-01-20,2026-09-29
140.0,5,3,2029-01-20,2026-09-29
145.0,0,0,2029-01-20,2026-09-29
150.0,1,2,2029-01-20,2026-09-29
155.0,3,2,2029-01-20,2026-09-29
160.0,19,14,2029-01-20,2026-09-29
165.0,1,0,2029-01-20,2026-09-29
170.0,1,0,2029-01-20,2026-09-29
175.0,0,1,2029-01-20,2026-09-29
180.0,8,1,2029-01-20,2026-09-29
185.0,20,0,2029-01-20,2026-09-29
190.0,2,2,2029-01-20,2026-09-29
195.0,28,10,2029-01-20,2026-09-29
200.0,93,6,2029-01-20,2026-09-29
210.0,54,9,2029-01-20,2026-09-29
220.0,71,14,2029-01-20,2026-09-29
230.0,35,6,2029-01-20,2026-09-29
240.0,25,9,2029-01-20,2026-09-29
250.0,72,45,2029-01-20,2026-09-29
260.0,83,31,2029-01-20,2026-09-29
270.0,5,2,2029-01-20,2026-09-29
280.0,56,16,2029-01-20,2026-09-29
290.0,5,5,2029-01-20,2026-09-29
300.0,116,30,2029-01-20,2026-09-29
310.0,4,50,2029-01-20,2026-09-29
320.0,21,49,2029-01-20,2026-09-29
330.0,5,8,2029-01-20,2026-09-29
340.0,9,53,2029-01-20,2026-09-29
350.0,34,74,2029-01-20,2026-09-29
360.0,32,169,2029-01-20,2026-09-29
370.0,20,37,2029-01-20,2026-09-29
380.0,17,11,2029-01-20,2026-09-29
390.0,7,255,2029-01-20,2026-09-29
400.0,31,53,2029-01-20,2026-09-29
410.0,5,33,2029-01-20,2026-09-29
420.0,31,127,2029-01-20,2026-09-29
430.0,31,118,2029-01-20,2026-09-29
440.0,3,5,2029-01-20,2026-09-29
450.0,13,211,2029-01-20,2026-09-29
460.0,15,4,2029-01-20,2026-09-29
470.0,7,28,2029-01-20,2026-09-29
480.0,11,11,2029-01-20,2026-09-29
490.0,14,24,2029-01-20,2026-09-29
500.0,64,81,2029-01-20,2026-09-29
510.0,31,6,2029-01-20,2026-09-29
520.0,10,12,2029-01-20,2026-09-29
530.0,52,8,2029-01-20,2026-09-29
540.0,12,7,2029-01-20,2026-09-29
550.0,56,11,2029-01-20,2026-09-29
560.0,7,12,2029-01-20,2026-09-29
570.0,498,3,2029-01-20,2026-09-29
580.0,17,7,2029-01-20,2026-09-29
590.0,20,41,2029-01-20,2026-09-29
600.0,127,29,2029-01-20,2026-09-29
610.0,109,23,2029-01-20,2026-09-29
620.0,89,13,2029-01-20,2026-09-29
630.0,45,26,2029-01-20,2026-09-29
640.0,70,69,2029-01-20,2026-09-29
650.0,53,13,2029-01-20,2026-09-29
660.0,25,27,2029-01-20,2026-09-29
670.0,4,2,2029-01-20,2026-09-29
680.0,34,0,2029-01-20,2026-09-29
690.0,31,31,2029-01-20,2026-09-29
700.0,307,7,2029-01-20,2026-09-29
710.0,12,2,2029-01-20,2026-09-29
720.0,24,1,2029-01-20,2026-09-29
730.0,17,0,2029-01-20,2026-09-29
740.0,77,0,2029-01-20,2026-09-29
750.0,34,10,2029-01-20,2026-09-29
760.0,43,5,2029-01-20,2026-09-29
770.0,11,5,2029-01-20,2026-09-29
780.0,7,1,2029-01-20,2026-09-29
790.0,11,5,2029-01-20,2026-09-29
800.0,120,6,2029-01-20,2026-09-29
810.0,12,61,2029-01-20,2026-09-29
820.0,12,2,2029-01-20,2026-09-29
830.0,1,0,2029-01-20,2026-09-29
840.0,7,0,2029-01-20,2026-09-29
850.0,9,1,2029-01-20,2026-09-29
860.0,502,1,2029-01-20,2026-09-29
870.0,0,0,2029-01-20,2026-09-29
880.0,9,2,2029-01-20,2026-09-29
890.0,4,0,2029-01-20,2026-09-29
900.0,139,46,2029-01-20,2026-09-29
910.0,0,4,2029-01-20,2026-09-29
920.0,1,109,2029-01-20,2026-09-29
930.0,2,1,2029-01-20,2026-09-29
940.0,2,0,2029-01-20,2026-09-29
950.0,123,11,2029-01-20,2026-09-29
960.0,11,1,2029-01-20,2026-09-29
970.0,9,9,2029-01-20,2026-09-29
980.0,389,51,2029-01-20,2026-09-29
990.0,3,42,2029-01-20,2026-09-29
1000.0,160,72,2029-01-20,2026-09-29
1010.0,0,2,2029-01-20,2026-09-29
1020.0,0,21,2029-01-20,2026-09-29
1030.0,0,0,2029-01-20,2026-09-29
1040.0,1,0,2029-01-20,2026-09-29
1050.0,1,0,2029-01-20,2026-09-29
1060.0,0,0,2029-01-20,2026-09-29
1070.0,0,1,2029-01-20,2026-09-29
1080.0,1,0,2029-01-20,2026-09-29
1090.0,2,0,2029-01-20,2026-09-29
1100.0,1,0,2029-01-20,2026-09-29
1110.0,0,0,2029-01-20,2026-09-29
1120.0,2,0,2029-01-20,2026-09-29
1130.0,0,0,2029-01-20,2026-09-29
1140.0,24,1,2029-01-20,2026-09-29
1150.0,16,0,2029-01-20,2026-09-29
1160.0,1,0,2029-01-20,2026-09-29
1170.0,1,0,2029-01-20,2026-09-29
1180.0,0,0,2029-01-20,2026-09-29
1190.0,0,0,2029-01-20,2026-09-29
1200.0,9,3,2029-01-20,2026-09-29
1210.0,0,11,2029-01-20,2026-09-29
1220.0,0,93,2029-01-20,2026-09-29
1230.0,18,42,2029-01-20,2026-09-29
212.71,114,114,2029-12-22,2026-09-29
295.0,120,0,2030-01-19,2026-09-29
295.0,110,0,2031-01-18,2026-09-29
