Strike,Call,Put,Expiry,Date
518.03,0,961,2026-09-30,2026-09-30
400.0,11,31,2026-10-01,2026-09-30
405.0,13,30,2026-10-01,2026-09-30
410.0,8,7,2026-10-01,2026-09-30
415.0,2,20,2026-10-01,2026-09-30
420.0,1,61,2026-10-01,2026-09-30
425.0,3,12,2026-10-01,2026-09-30
427.5,3,12,2026-10-01,2026-09-30
430.0,3,31,2026-10-01,2026-09-30
432.5,5,69,2026-10-01,2026-09-30
435.0,2,14,2026-10-01,2026-09-30
437.5,2,15,2026-10-01,2026-09-30
440.0,8,109,2026-10-01,2026-09-30
442.5,2,11,2026-10-01,2026-09-30
445.0,29,35,2026-10-01,2026-09-30
447.5,25,9,2026-10-01,2026-09-30
450.0,10,95,2026-10-01,2026-09-30
452.5,24,16,2026-10-01,2026-09-30
455.0,7,15,2026-10-01,2026-09-30
457.5,17,13,2026-10-01,2026-09-30
460.0,20,45,2026-10-01,2026-09-30
462.5,18,29,2026-10-01,2026-09-30
465.0,23,35,2026-10-01,2026-09-30
467.5,6,39,2026-10-01,2026-09-30
470.0,3,19,2026-10-01,2026-09-30
472.5,4,16,2026-10-01,2026-09-30
475.0,120,19,2026-10-01,2026-09-30
477.5,29,27,2026-10-01,2026-09-30
480.0,108,252,2026-10-01,2026-09-30
482.5,8,33,2026-10-01,2026-09-30
485.0,6,64,2026-10-01,2026-09-30
487.5,8,29,2026-10-01,2026-09-30
490.0,10,68,2026-10-01,2026-09-30
492.5,6,72,2026-10-01,2026-09-30
495.0,14,94,2026-10-01,2026-09-30
497.5,14,26,2026-10-01,2026-09-30
500.0,36,442,2026-10-01,2026-09-30
502.5,15,32,2026-10-01,2026-09-30
505.0,30,38,2026-10-01,2026-09-30
507.5,10,9,2026-10-01,2026-09-30
510.0,16,300,2026-10-01,2026-09-30
512.5,13,56,2026-10-01,2026-09-30
515.0,18,60,2026-10-01,2026-09-30
517.5,10,62,2026-10-01,2026-09-30
520.0,30,527,2026-10-01,2026-09-30
522.5,25,64,2026-10-01,2026-09-30
525.0,36,262,2026-10-01,2026-09-30
527.5,8,104,2026-10-01,2026-09-30
530.0,49,312,2026-10-01,2026-09-30
532.5,32,58,2026-10-01,2026-09-30
535.0,64,826,2026-10-01,2026-09-30
537.5,7,266,2026-10-01,2026-09-30
540.0,80,271,2026-10-01,2026-09-30
542.5,30,146,2026-10-01,2026-09-30
545.0,62,257,2026-10-01,2026-09-30
547.5,19,162,2026-10-01,2026-09-30
550.0,61,1015,2026-10-01,2026-09-30
552.5,48,230,2026-10-01,2026-09-30
555.0,41,218,2026-10-01,2026-09-30
557.5,15,221,2026-10-01,2026-09-30
560.0,137,681,2026-10-01,2026-09-30
562.5,40,459,2026-10-01,2026-09-30
565.0,59,345,2026-10-01,2026-09-30
567.5,52,448,2026-10-01,2026-09-30
570.0,54,1320,2026-10-01,2026-09-30
572.5,37,987,2026-10-01,2026-09-30
575.0,101,1359,2026-10-01,2026-09-30
577.5,19,1069,2026-10-01,2026-09-30
580.0,116,3342,2026-10-01,2026-09-30
582.5,38,949,2026-10-01,2026-09-30
585.0,95,1215,2026-10-01,2026-09-30
587.5,104,1700,2026-10-01,2026-09-30
590.0,208,3183,2026-10-01,2026-09-30
592.5,82,1099,2026-10-01,2026-09-30
595.0,113,1398,2026-10-01,2026-09-30
597.5,158,593,2026-10-01,2026-09-30
600.0,814,4306,2026-10-01,2026-09-30
602.5,224,776,2026-10-01,2026-09-30
605.0,1329,1044,2026-10-01,2026-09-30
607.5,448,1003,2026-10-01,2026-09-30
610.0,1040,1531,2026-10-01,2026-09-30
612.5,918,725,2026-10-01,2026-09-30
615.0,1464,1191,2026-10-01,2026-09-30
617.5,621,352,2026-10-01,2026-09-30
620.0,5205,503,2026-10-01,2026-09-30
622.5,2193,243,2026-10-01,2026-09-30
625.0,1520,411,2026-10-01,2026-09-30
627.5,775,234,2026-10-01,2026-09-30
630.0,2453,439,2026-10-01,2026-09-30
632.5,497,97,2026-10-01,2026-09-30
635.0,2215,121,2026-10-01,2026-09-30
637.5,1628,120,2026-10-01,2026-09-30
640.0,1568,71,2026-10-01,2026-09-30
642.5,906,19,2026-10-01,2026-09-30
645.0,692,48,2026-10-01,2026-09-30
647.5,2690,20,2026-10-01,2026-09-30
650.0,3222,91,2026-10-01,2026-09-30
652.5,350,0,2026-10-01,2026-09-30
655.0,1252,1,2026-10-01,2026-09-30
657.5,357,1,2026-10-01,2026-09-30
660.0,1834,1,2026-10-01,2026-09-30
662.5,365,0,2026-10-01,2026-09-30
665.0,719,0,2026-10-01,2026-09-30
667.5,211,0,2026-10-01,2026-09-30
670.0,539,0,2026-10-01,2026-09-30
672.5,120,0,2026-10-01,2026-09-30
675.0,420,0,2026-10-01,2026-09-30
677.5,179,0,2026-10-01,2026-09-30
680.0,456,1,2026-10-01,2026-09-30
682.5,44,0,2026-10-01,2026-09-30
685.0,594,1,2026-10-01,2026-09-30
687.5,77,0,2026-10-01,2026-09-30
690.0,419,0,2026-10-01,2026-09-30
692.5,32,0,2026-10-01,2026-09-30
695.0,74,0,2026-10-01,2026-09-30
697.5,87,0,2026-10-01,2026-09-30
700.0,656,0,2026-10-01,2026-09-30
702.5,104,0,2026-10-01,2026-09-30
705.0,120,0,2026-10-01,2026-09-30
707.5,36,0,2026-10-01,2026-09-30
710.0,118,0,2026-10-01,2026-09-30
712.5,7,0,2026-10-01,2026-09-30
715.0,40,0,2026-10-01,2026-09-30
717.5,66,0,2026-10-01,2026-09-30
720.0,32,0,2026-10-01,2026-09-30
722.5,15,0,2026-10-01,2026-09-30
725.0,153,0,2026-10-01,2026-09-30
730.0,213,0,2026-10-01,2026-09-30
735.0,78,0,2026-10-01,2026-09-30
740.0,41,0,2026-10-01,2026-09-30
745.0,5,0,2026-10-01,2026-09-30
750.0,87,0,2026-10-01,2026-09-30
755.0,57,0,2026-10-01,2026-09-30
760.0,4,0,2026-10-01,2026-09-30
765.0,9,0,2026-10-01,2026-09-30
770.0,5,0,2026-10-01,2026-09-30
775.0,3,0,2026-10-01,2026-09-30
780.0,46,0,2026-10-01,2026-09-30
785.0,36,0,2026-10-01,2026-09-30
790.0,22,0,2026-10-01,2026-09-30
795.0,32,0,2026-10-01,2026-09-30
800.0,48,0,2026-10-01,2026-09-30
805.0,37,0,2026-10-01,2026-09-30
810.0,85,0,2026-10-01,2026-09-30
815.0,57,0,2026-10-01,2026-09-30
820.0,40,0,2026-10-01,2026-09-30
825.0,4,0,2026-10-01,2026-09-30
830.0,8,0,2026-10-01,2026-09-30
835.0,2,0,2026-10-01,2026-09-30
840.0,20,0,2026-10-01,2026-09-30
845.0,4,0,2026-10-01,2026-09-30
850.0,3,0,2026-10-01,2026-09-30
855.0,2,0,2026-10-01,2026-09-30
860.0,1,0,2026-10-01,2026-09-30
865.0,0,0,2026-10-01,2026-09-30
870.0,3,0,2026-10-01,2026-09-30
875.0,10,0,2026-10-01,2026-09-30
880.0,3,0,2026-10-01,2026-09-30
885.0,2,0,2026-10-01,2026-09-30
890.0,0,0,2026-10-01,2026-09-30
895.0,3,0,2026-10-01,2026-09-30
900.0,10,0,2026-10-01,2026-09-30
559.03,1070,1070,2026-10-02,2026-09-30
40.0,7,126,2026-10-03,2026-09-30
45.0,1,30,2026-10-03,2026-09-30
50.0,7,18,2026-10-03,2026-09-30
55.0,2,8,2026-10-03,2026-09-30
60.0,0,25,2026-10-03,2026-09-30
65.0,3,30,2026-10-03,2026-09-30
70.0,2,5,2026-10-03,2026-09-30
75.0,0,38,2026-10-03,2026-09-30
80.0,0,1,2026-10-03,2026-09-30
85.0,3,53,2026-10-03,2026-09-30
90.0,1,16,2026-10-03,2026-09-30
95.0,1,0,2026-10-03,2026-09-30
100.0,2,33,2026-10-03,2026-09-30
105.0,3,0,2026-10-03,2026-09-30
110.0,2,3,2026-10-03,2026-09-30
115.0,9,1,2026-10-03,2026-09-30
120.0,1,3,2026-10-03,2026-09-30
125.0,3,11,2026-10-03,2026-09-30
130.0,4,1,2026-10-03,2026-09-30
135.0,2,5,2026-10-03,2026-09-30
140.0,0,0,2026-10-03,2026-09-30
145.0,8,4,2026-10-03,2026-09-30
150.0,0,6103,2026-10-03,2026-09-30
155.0,1,13,2026-10-03,2026-09-30
160.0,10,3054,2026-10-03,2026-09-30
165.0,37,13,2026-10-03,2026-09-30
170.0,18,3524,2026-10-03,2026-09-30
175.0,23,217,2026-10-03,2026-09-30
180.0,12,3051,2026-10-03,2026-09-30
185.0,7,114,2026-10-03,2026-09-30
190.0,22,92,2026-10-03,2026-09-30
195.0,3,112,2026-10-03,2026-09-30
200.0,22,2058,2026-10-03,2026-09-30
205.0,3,38,2026-10-03,2026-09-30
210.0,14,130,2026-10-03,2026-09-30
215.0,72,78,2026-10-03,2026-09-30
220.0,30,40,2026-10-03,2026-09-30
225.0,5,44,2026-10-03,2026-09-30
230.0,7,18,2026-10-03,2026-09-30
235.0,1,55,2026-10-03,2026-09-30
240.0,13,150,2026-10-03,2026-09-30
245.0,1,53,2026-10-03,2026-09-30
250.0,54,25,2026-10-03,2026-09-30
255.0,4,209,2026-10-03,2026-09-30
260.0,8,136,2026-10-03,2026-09-30
265.0,0,19,2026-10-03,2026-09-30
270.0,26,28,2026-10-03,2026-09-30
275.0,4,33,2026-10-03,2026-09-30
280.0,33,347,2026-10-03,2026-09-30
285.0,2,55,2026-10-03,2026-09-30
290.0,8,169,2026-10-03,2026-09-30
295.0,12,147,2026-10-03,2026-09-30
300.0,30,691,2026-10-03,2026-09-30
305.0,10,101,2026-10-03,2026-09-30
310.0,33,74,2026-10-03,2026-09-30
315.0,15,25,2026-10-03,2026-09-30
320.0,55,1661,2026-10-03,2026-09-30
325.0,15,103,2026-10-03,2026-09-30
330.0,20,321,2026-10-03,2026-09-30
335.0,12,52,2026-10-03,2026-09-30
340.0,17,194,2026-10-03,2026-09-30
345.0,88,154,2026-10-03,2026-09-30
350.0,39,179,2026-10-03,2026-09-30
355.0,4,1371,2026-10-03,2026-09-30
360.0,27,386,2026-10-03,2026-09-30
365.0,15,799,2026-10-03,2026-09-30
370.0,79,207,2026-10-03,2026-09-30
375.0,31,435,2026-10-03,2026-09-30
380.0,16,490,2026-10-03,2026-09-30
385.0,43,270,2026-10-03,2026-09-30
390.0,14,1544,2026-10-03,2026-09-30
395.0,1,160,2026-10-03,2026-09-30
400.0,183,1499,2026-10-03,2026-09-30
405.0,19,968,2026-10-03,2026-09-30
410.0,79,16279,2026-10-03,2026-09-30
415.0,109,1216,2026-10-03,2026-09-30
417.5,10,19,2026-10-03,2026-09-30
420.0,454,1851,2026-10-03,2026-09-30
422.5,1,12,2026-10-03,2026-09-30
425.0,30,1154,2026-10-03,2026-09-30
427.5,1,361,2026-10-03,2026-09-30
430.0,26,1322,2026-10-03,2026-09-30
432.5,0,26,2026-10-03,2026-09-30
435.0,22,597,2026-10-03,2026-09-30
437.5,0,19,2026-10-03,2026-09-30
440.0,126,1630,2026-10-03,2026-09-30
442.5,1,17,2026-10-03,2026-09-30
443.0,10100,10100,2026-10-03,2026-09-30
445.0,315,237,2026-10-03,2026-09-30
447.5,2,21,2026-10-03,2026-09-30
450.0,147,1849,2026-10-03,2026-09-30
452.5,2,68,2026-10-03,2026-09-30
455.0,72,977,2026-10-03,2026-09-30
457.5,5,64,2026-10-03,2026-09-30
460.0,176,3095,2026-10-03,2026-09-30
462.5,0,77,2026-10-03,2026-09-30
465.0,4500,4500,2026-10-03,2026-09-30
465.0,204,489,2026-10-03,2026-09-30
467.5,0,245,2026-10-03,2026-09-30
470.0,5817,5817,2026-10-03,2026-09-30
470.0,165,2030,2026-10-03,2026-09-30
472.5,2,44,2026-10-03,2026-09-30
475.0,1057,659,2026-10-03,2026-09-30
477.5,26,36,2026-10-03,2026-09-30
480.0,310,687,2026-10-03,2026-09-30
482.5,24,63,2026-10-03,2026-09-30
485.0,552,699,2026-10-03,2026-09-30
487.5,3,203,2026-10-03,2026-09-30
490.0,372,378,2026-10-03,2026-09-30
492.5,35,371,2026-10-03,2026-09-30
495.0,192,623,2026-10-03,2026-09-30
497.5,23,311,2026-10-03,2026-09-30
500.0,742,4029,2026-10-03,2026-09-30
502.5,127,152,2026-10-03,2026-09-30
505.0,284,685,2026-10-03,2026-09-30
507.5,87,448,2026-10-03,2026-09-30
510.0,206,505,2026-10-03,2026-09-30
512.5,63,186,2026-10-03,2026-09-30
515.0,696,359,2026-10-03,2026-09-30
517.5,59,136,2026-10-03,2026-09-30
520.0,1184,1626,2026-10-03,2026-09-30
522.5,135,191,2026-10-03,2026-09-30
525.0,392,579,2026-10-03,2026-09-30
527.5,91,645,2026-10-03,2026-09-30
530.0,717,2597,2026-10-03,2026-09-30
532.5,137,487,2026-10-03,2026-09-30
535.0,229,727,2026-10-03,2026-09-30
537.5,169,402,2026-10-03,2026-09-30
540.0,702,1707,2026-10-03,2026-09-30
542.5,5611,5611,2026-10-03,2026-09-30
542.5,78,425,2026-10-03,2026-09-30
545.0,449,464,2026-10-03,2026-09-30
547.5,73,1241,2026-10-03,2026-09-30
550.0,1949,5754,2026-10-03,2026-09-30
552.5,133,625,2026-10-03,2026-09-30
555.0,1673,973,2026-10-03,2026-09-30
557.5,173,432,2026-10-03,2026-09-30
560.0,879,2704,2026-10-03,2026-09-30
562.5,148,538,2026-10-03,2026-09-30
565.0,250,1478,2026-10-03,2026-09-30
567.5,148,418,2026-10-03,2026-09-30
570.0,1078,1566,2026-10-03,2026-09-30
572.5,52,1180,2026-10-03,2026-09-30
575.0,1173,3881,2026-10-03,2026-09-30
577.5,57,933,2026-10-03,2026-09-30
580.0,897,3563,2026-10-03,2026-09-30
582.5,121,1031,2026-10-03,2026-09-30
585.0,493,881,2026-10-03,2026-09-30
587.5,68,695,2026-10-03,2026-09-30
590.0,888,1741,2026-10-03,2026-09-30
592.5,116,394,2026-10-03,2026-09-30
595.0,1097,2260,2026-10-03,2026-09-30
597.5,323,560,2026-10-03,2026-09-30
600.0,1345,4350,2026-10-03,2026-09-30
602.5,393,1033,2026-10-03,2026-09-30
605.0,1366,992,2026-10-03,2026-09-30
607.5,967,843,2026-10-03,2026-09-30
610.0,1089,1855,2026-10-03,2026-09-30
612.5,840,650,2026-10-03,2026-09-30
615.0,1551,1313,2026-10-03,2026-09-30
617.5,477,644,2026-10-03,2026-09-30
620.0,5000,5000,2026-10-03,2026-09-30
620.0,2961,1417,2026-10-03,2026-09-30
622.5,484,283,2026-10-03,2026-09-30
625.0,1209,665,2026-10-03,2026-09-30
627.5,1763,176,2026-10-03,2026-09-30
630.0,1877,1107,2026-10-03,2026-09-30
632.5,1231,403,2026-10-03,2026-09-30
635.0,998,375,2026-10-03,2026-09-30
637.5,4621,191,2026-10-03,2026-09-30
640.0,3328,355,2026-10-03,2026-09-30
642.5,1456,173,2026-10-03,2026-09-30
645.0,1794,186,2026-10-03,2026-09-30
647.5,1615,149,2026-10-03,2026-09-30
650.0,3717,190,2026-10-03,2026-09-30
652.5,4502,59,2026-10-03,2026-09-30
655.0,1435,60,2026-10-03,2026-09-30
657.5,615,41,2026-10-03,2026-09-30
660.0,1735,46,2026-10-03,2026-09-30
662.5,2073,3,2026-10-03,2026-09-30
665.0,421,18,2026-10-03,2026-09-30
667.5,386,5,2026-10-03,2026-09-30
670.0,2879,3,2026-10-03,2026-09-30
672.5,1542,0,2026-10-03,2026-09-30
675.0,1415,14,2026-10-03,2026-09-30
677.5,186,0,2026-10-03,2026-09-30
680.0,2298,5,2026-10-03,2026-09-30
682.5,315,0,2026-10-03,2026-09-30
685.0,533,1,2026-10-03,2026-09-30
687.5,442,0,2026-10-03,2026-09-30
690.0,1379,1,2026-10-03,2026-09-30
692.5,296,0,2026-10-03,2026-09-30
695.0,1733,2,2026-10-03,2026-09-30
697.5,251,0,2026-10-03,2026-09-30
700.0,4098,9,2026-10-03,2026-09-30
702.5,282,0,2026-10-03,2026-09-30
705.0,504,0,2026-10-03,2026-09-30
707.5,162,0,2026-10-03,2026-09-30
710.0,867,0,2026-10-03,2026-09-30
712.5,266,0,2026-10-03,2026-09-30
715.0,1462,0,2026-10-03,2026-09-30
717.5,287,0,2026-10-03,2026-09-30
720.0,417,0,2026-10-03,2026-09-30
722.5,47,0,2026-10-03,2026-09-30
725.0,332,0,2026-10-03,2026-09-30
727.5,41,0,2026-10-03,2026-09-30
730.0,166,0,2026-10-03,2026-09-30
732.5,835,0,2026-10-03,2026-09-30
735.0,630,0,2026-10-03,2026-09-30
737.5,19,0,2026-10-03,2026-09-30
740.0,331,0,2026-10-03,2026-09-30
742.5,61,0,2026-10-03,2026-09-30
750.0,766,0,2026-10-03,2026-09-30
760.0,385,0,2026-10-03,2026-09-30
770.0,581,0,2026-10-03,2026-09-30
780.0,74,0,2026-10-03,2026-09-30
790.0,268,0,2026-10-03,2026-09-30
800.0,1484,0,2026-10-03,2026-09-30
810.0,114,0,2026-10-03,2026-09-30
820.0,57,0,2026-10-03,2026-09-30
830.0,26,0,2026-10-03,2026-09-30
840.0,110,0,2026-10-03,2026-09-30
850.0,203,0,2026-10-03,2026-09-30
860.0,90,0,2026-10-03,2026-09-30
870.0,180,0,2026-10-03,2026-09-30
880.0,50,0,2026-10-03,2026-09-30
890.0,46,0,2026-10-03,2026-09-30
900.0,208,0,2026-10-03,2026-09-30
910.0,18,0,2026-10-03,2026-09-30
920.0,110,0,2026-10-03,2026-09-30
930.0,44,0,2026-10-03,2026-09-30
940.0,117,0,2026-10-03,2026-09-30
950.0,42,0,2026-10-03,2026-09-30
960.0,40,0,2026-10-03,2026-09-30
970.0,46,0,2026-10-03,2026-09-30
980.0,72,0,2026-10-03,2026-09-30
990.0,294,0,2026-10-03,2026-09-30
310.0,0,3,2026-10-06,2026-09-30
315.0,0,0,2026-10-06,2026-09-30
320.0,0,0,2026-10-06,2026-09-30
325.0,0,0,2026-10-06,2026-09-30
330.0,0,0,2026-10-06,2026-09-30
335.0,0,0,2026-10-06,2026-09-30
340.0,0,0,2026-10-06,2026-09-30
345.0,0,0,2026-10-06,2026-09-30
350.0,0,0,2026-10-06,2026-09-30
355.0,0,1,2026-10-06,2026-09-30
360.0,0,1,2026-10-06,2026-09-30
365.0,0,6,2026-10-06,2026-09-30
370.0,0,10,2026-10-06,2026-09-30
375.0,0,4,2026-10-06,2026-09-30
380.0,1,9,2026-10-06,2026-09-30
385.0,0,9,2026-10-06,2026-09-30
390.0,0,10,2026-10-06,2026-09-30
395.0,0,15,2026-10-06,2026-09-30
400.0,0,21,2026-10-06,2026-09-30
405.0,0,16,2026-10-06,2026-09-30
410.0,0,10,2026-10-06,2026-09-30
415.0,0,14,2026-10-06,2026-09-30
420.0,0,13,2026-10-06,2026-09-30
425.0,0,21,2026-10-06,2026-09-30
430.0,0,61,2026-10-06,2026-09-30
435.0,0,52,2026-10-06,2026-09-30
440.0,0,40,2026-10-06,2026-09-30
445.0,10,22,2026-10-06,2026-09-30
450.0,5,4,2026-10-06,2026-09-30
455.0,0,3,2026-10-06,2026-09-30
460.0,11,9,2026-10-06,2026-09-30
465.0,0,15,2026-10-06,2026-09-30
470.0,0,89,2026-10-06,2026-09-30
475.0,1,51,2026-10-06,2026-09-30
480.0,0,382,2026-10-06,2026-09-30
485.0,0,54,2026-10-06,2026-09-30
490.0,2,371,2026-10-06,2026-09-30
495.0,0,16,2026-10-06,2026-09-30
500.0,11,36,2026-10-06,2026-09-30
505.0,10,303,2026-10-06,2026-09-30
507.5,0,3,2026-10-06,2026-09-30
510.0,1,29,2026-10-06,2026-09-30
512.5,3,5,2026-10-06,2026-09-30
515.0,12,130,2026-10-06,2026-09-30
517.5,3,17,2026-10-06,2026-09-30
520.0,5,57,2026-10-06,2026-09-30
522.5,0,4,2026-10-06,2026-09-30
525.0,5,83,2026-10-06,2026-09-30
527.5,1,4,2026-10-06,2026-09-30
530.0,10,139,2026-10-06,2026-09-30
532.5,6,5,2026-10-06,2026-09-30
535.0,4,68,2026-10-06,2026-09-30
537.5,3,14,2026-10-06,2026-09-30
540.0,23,72,2026-10-06,2026-09-30
542.5,0,45,2026-10-06,2026-09-30
545.0,2,1063,2026-10-06,2026-09-30
547.5,0,80,2026-10-06,2026-09-30
550.0,12,764,2026-10-06,2026-09-30
552.5,1,617,2026-10-06,2026-09-30
555.0,8,48,2026-10-06,2026-09-30
557.5,2,200,2026-10-06,2026-09-30
560.0,8,484,2026-10-06,2026-09-30
562.5,1,68,2026-10-06,2026-09-30
565.0,1,114,2026-10-06,2026-09-30
567.5,1,178,2026-10-06,2026-09-30
570.0,26,266,2026-10-06,2026-09-30
572.5,65,198,2026-10-06,2026-09-30
575.0,20,673,2026-10-06,2026-09-30
577.5,0,286,2026-10-06,2026-09-30
580.0,29,327,2026-10-06,2026-09-30
582.5,1,62,2026-10-06,2026-09-30
585.0,10,487,2026-10-06,2026-09-30
587.5,2,320,2026-10-06,2026-09-30
590.0,30,198,2026-10-06,2026-09-30
592.5,15,174,2026-10-06,2026-09-30
595.0,15,184,2026-10-06,2026-09-30
597.5,210,70,2026-10-06,2026-09-30
600.0,271,761,2026-10-06,2026-09-30
602.5,68,116,2026-10-06,2026-09-30
605.0,54,81,2026-10-06,2026-09-30
607.5,196,70,2026-10-06,2026-09-30
610.0,224,228,2026-10-06,2026-09-30
612.5,115,110,2026-10-06,2026-09-30
615.0,188,168,2026-10-06,2026-09-30
617.5,122,66,2026-10-06,2026-09-30
620.0,296,34,2026-10-06,2026-09-30
622.5,55,59,2026-10-06,2026-09-30
625.0,221,38,2026-10-06,2026-09-30
627.5,506,38,2026-10-06,2026-09-30
630.0,173,57,2026-10-06,2026-09-30
632.5,102,9,2026-10-06,2026-09-30
635.0,79,13,2026-10-06,2026-09-30
637.5,28,5,2026-10-06,2026-09-30
640.0,115,14,2026-10-06,2026-09-30
642.5,95,8,2026-10-06,2026-09-30
645.0,123,37,2026-10-06,2026-09-30
647.5,33,1,2026-10-06,2026-09-30
650.0,210,2,2026-10-06,2026-09-30
652.5,150,2,2026-10-06,2026-09-30
655.0,278,0,2026-10-06,2026-09-30
657.5,29,0,2026-10-06,2026-09-30
660.0,73,1,2026-10-06,2026-09-30
662.5,16,10,2026-10-06,2026-09-30
665.0,37,0,2026-10-06,2026-09-30
667.5,85,0,2026-10-06,2026-09-30
670.0,48,0,2026-10-06,2026-09-30
672.5,12,1,2026-10-06,2026-09-30
675.0,182,0,2026-10-06,2026-09-30
677.5,23,0,2026-10-06,2026-09-30
680.0,61,2,2026-10-06,2026-09-30
682.5,26,0,2026-10-06,2026-09-30
685.0,15,0,2026-10-06,2026-09-30
687.5,3,0,2026-10-06,2026-09-30
690.0,17,1,2026-10-06,2026-09-30
692.5,8,0,2026-10-06,2026-09-30
695.0,6,0,2026-10-06,2026-09-30
697.5,7,2,2026-10-06,2026-09-30
700.0,459,0,2026-10-06,2026-09-30
702.5,14,0,2026-10-06,2026-09-30
705.0,19,0,2026-10-06,2026-09-30
707.5,23,0,2026-10-06,2026-09-30
710.0,9,0,2026-10-06,2026-09-30
712.5,2,0,2026-10-06,2026-09-30
715.0,4,0,2026-10-06,2026-09-30
717.5,5,0,2026-10-06,2026-09-30
720.0,37,0,2026-10-06,2026-09-30
722.5,4,0,2026-10-06,2026-09-30
725.0,12,0,2026-10-06,2026-09-30
727.5,3,0,2026-10-06,2026-09-30
730.0,42,0,2026-10-06,2026-09-30
732.5,27,0,2026-10-06,2026-09-30
735.0,3,1,2026-10-06,2026-09-30
737.5,3,0,2026-10-06,2026-09-30
740.0,42,0,2026-10-06,2026-09-30
310.0,0,1,2026-10-08,2026-09-30
315.0,0,0,2026-10-08,2026-09-30
320.0,0,0,2026-10-08,2026-09-30
325.0,0,0,2026-10-08,2026-09-30
330.0,0,0,2026-10-08,2026-09-30
335.0,0,0,2026-10-08,2026-09-30
340.0,0,0,2026-10-08,2026-09-30
345.0,0,0,2026-10-08,2026-09-30
350.0,0,0,2026-10-08,2026-09-30
355.0,0,0,2026-10-08,2026-09-30
360.0,0,0,2026-10-08,2026-09-30
365.0,0,0,2026-10-08,2026-09-30
370.0,0,0,2026-10-08,2026-09-30
375.0,0,10,2026-10-08,2026-09-30
380.0,0,8,2026-10-08,2026-09-30
385.0,0,2,2026-10-08,2026-09-30
390.0,0,64,2026-10-08,2026-09-30
395.0,0,17,2026-10-08,2026-09-30
400.0,0,10,2026-10-08,2026-09-30
405.0,0,16,2026-10-08,2026-09-30
410.0,0,14,2026-10-08,2026-09-30
415.0,0,0,2026-10-08,2026-09-30
420.0,0,1,2026-10-08,2026-09-30
425.0,0,10,2026-10-08,2026-09-30
430.0,1,3,2026-10-08,2026-09-30
435.0,0,5,2026-10-08,2026-09-30
440.0,1,5,2026-10-08,2026-09-30
445.0,3,9,2026-10-08,2026-09-30
450.0,3,15,2026-10-08,2026-09-30
455.0,0,9,2026-10-08,2026-09-30
460.0,0,1,2026-10-08,2026-09-30
465.0,1,10,2026-10-08,2026-09-30
470.0,0,10,2026-10-08,2026-09-30
475.0,1,0,2026-10-08,2026-09-30
480.0,2,0,2026-10-08,2026-09-30
485.0,0,0,2026-10-08,2026-09-30
490.0,1,2,2026-10-08,2026-09-30
495.0,1,0,2026-10-08,2026-09-30
500.0,2,3,2026-10-08,2026-09-30
505.0,0,0,2026-10-08,2026-09-30
510.0,3,9,2026-10-08,2026-09-30
512.5,1,0,2026-10-08,2026-09-30
515.0,3,9,2026-10-08,2026-09-30
517.5,2,0,2026-10-08,2026-09-30
520.0,1,11,2026-10-08,2026-09-30
522.5,0,0,2026-10-08,2026-09-30
525.0,1,3,2026-10-08,2026-09-30
527.5,3,0,2026-10-08,2026-09-30
530.0,1,14,2026-10-08,2026-09-30
532.5,0,0,2026-10-08,2026-09-30
535.0,2,21,2026-10-08,2026-09-30
537.5,5,0,2026-10-08,2026-09-30
540.0,12,19,2026-10-08,2026-09-30
542.5,0,0,2026-10-08,2026-09-30
545.0,0,18,2026-10-08,2026-09-30
547.5,0,4,2026-10-08,2026-09-30
550.0,4,95,2026-10-08,2026-09-30
552.5,0,1,2026-10-08,2026-09-30
555.0,1,13,2026-10-08,2026-09-30
557.5,0,2,2026-10-08,2026-09-30
560.0,9,41,2026-10-08,2026-09-30
562.5,0,0,2026-10-08,2026-09-30
565.0,2,27,2026-10-08,2026-09-30
567.5,1,5,2026-10-08,2026-09-30
570.0,8,72,2026-10-08,2026-09-30
572.5,0,0,2026-10-08,2026-09-30
575.0,2,24,2026-10-08,2026-09-30
577.5,1,9,2026-10-08,2026-09-30
580.0,36,41,2026-10-08,2026-09-30
582.5,21,11,2026-10-08,2026-09-30
585.0,6,28,2026-10-08,2026-09-30
587.5,4,29,2026-10-08,2026-09-30
590.0,4,25,2026-10-08,2026-09-30
592.5,1,19,2026-10-08,2026-09-30
595.0,5,160,2026-10-08,2026-09-30
597.5,16,32,2026-10-08,2026-09-30
600.0,45,271,2026-10-08,2026-09-30
602.5,7,64,2026-10-08,2026-09-30
605.0,18,76,2026-10-08,2026-09-30
607.5,114,11,2026-10-08,2026-09-30
610.0,135,8,2026-10-08,2026-09-30
612.5,117,9,2026-10-08,2026-09-30
615.0,57,19,2026-10-08,2026-09-30
617.5,19,11,2026-10-08,2026-09-30
620.0,112,30,2026-10-08,2026-09-30
622.5,24,12,2026-10-08,2026-09-30
625.0,53,19,2026-10-08,2026-09-30
627.5,12,10,2026-10-08,2026-09-30
630.0,34,18,2026-10-08,2026-09-30
632.5,21,5,2026-10-08,2026-09-30
635.0,24,3,2026-10-08,2026-09-30
637.5,8,0,2026-10-08,2026-09-30
640.0,56,0,2026-10-08,2026-09-30
642.5,4,0,2026-10-08,2026-09-30
645.0,25,2,2026-10-08,2026-09-30
647.5,8,0,2026-10-08,2026-09-30
650.0,31,0,2026-10-08,2026-09-30
652.5,31,0,2026-10-08,2026-09-30
655.0,17,0,2026-10-08,2026-09-30
657.5,10,0,2026-10-08,2026-09-30
660.0,168,1,2026-10-08,2026-09-30
662.5,3,0,2026-10-08,2026-09-30
665.0,151,0,2026-10-08,2026-09-30
667.5,3,0,2026-10-08,2026-09-30
670.0,17,0,2026-10-08,2026-09-30
672.5,9,0,2026-10-08,2026-09-30
675.0,5,0,2026-10-08,2026-09-30
677.5,3,0,2026-10-08,2026-09-30
680.0,13,0,2026-10-08,2026-09-30
682.5,5,0,2026-10-08,2026-09-30
685.0,6,0,2026-10-08,2026-09-30
687.5,0,0,2026-10-08,2026-09-30
690.0,5,0,2026-10-08,2026-09-30
692.5,1,0,2026-10-08,2026-09-30
695.0,119,0,2026-10-08,2026-09-30
697.5,0,0,2026-10-08,2026-09-30
700.0,356,1,2026-10-08,2026-09-30
702.5,0,0,2026-10-08,2026-09-30
705.0,3,0,2026-10-08,2026-09-30
707.5,2,0,2026-10-08,2026-09-30
710.0,6,0,2026-10-08,2026-09-30
712.5,0,0,2026-10-08,2026-09-30
715.0,0,0,2026-10-08,2026-09-30
717.5,0,0,2026-10-08,2026-09-30
720.0,1,0,2026-10-08,2026-09-30
722.5,2,0,2026-10-08,2026-09-30
725.0,9,0,2026-10-08,2026-09-30
727.5,0,0,2026-10-08,2026-09-30
730.0,3,0,2026-10-08,2026-09-30
735.0,0,0,2026-10-08,2026-09-30
740.0,7,0,2026-10-08,2026-09-30
566.75,2,0,2026-10-09,2026-09-30
40.0,0,71,2026-10-10,2026-09-30
45.0,0,23,2026-10-10,2026-09-30
50.0,0,11,2026-10-10,2026-09-30
55.0,0,7,2026-10-10,2026-09-30
60.0,0,48,2026-10-10,2026-09-30
65.0,0,36,2026-10-10,2026-09-30
70.0,3,40,2026-10-10,2026-09-30
75.0,1,26,2026-10-10,2026-09-30
80.0,1,54,2026-10-10,2026-09-30
85.0,4,34,2026-10-10,2026-09-30
90.0,3,14,2026-10-10,2026-09-30
95.0,0,26,2026-10-10,2026-09-30
100.0,0,18,2026-10-10,2026-09-30
105.0,0,4,2026-10-10,2026-09-30
110.0,0,7,2026-10-10,2026-09-30
115.0,7,1,2026-10-10,2026-09-30
120.0,1,5,2026-10-10,2026-09-30
125.0,2,1,2026-10-10,2026-09-30
130.0,5,1,2026-10-10,2026-09-30
135.0,3,1,2026-10-10,2026-09-30
140.0,2,2,2026-10-10,2026-09-30
145.0,0,1,2026-10-10,2026-09-30
150.0,2,1046,2026-10-10,2026-09-30
155.0,1,0,2026-10-10,2026-09-30
160.0,1,14,2026-10-10,2026-09-30
165.0,3,0,2026-10-10,2026-09-30
170.0,8,11,2026-10-10,2026-09-30
175.0,0,0,2026-10-10,2026-09-30
180.0,1,22,2026-10-10,2026-09-30
185.0,3,13,2026-10-10,2026-09-30
190.0,0,31,2026-10-10,2026-09-30
195.0,1,30,2026-10-10,2026-09-30
200.0,0,73,2026-10-10,2026-09-30
205.0,0,27,2026-10-10,2026-09-30
210.0,3,23,2026-10-10,2026-09-30
215.0,7,41,2026-10-10,2026-09-30
220.0,2,6,2026-10-10,2026-09-30
225.0,3,31,2026-10-10,2026-09-30
230.0,1,10,2026-10-10,2026-09-30
235.0,0,14,2026-10-10,2026-09-30
240.0,5,94,2026-10-10,2026-09-30
245.0,2,12,2026-10-10,2026-09-30
250.0,47,177,2026-10-10,2026-09-30
255.0,3,10,2026-10-10,2026-09-30
260.0,1,59,2026-10-10,2026-09-30
265.0,0,21,2026-10-10,2026-09-30
270.0,1,29,2026-10-10,2026-09-30
275.0,3,49,2026-10-10,2026-09-30
280.0,1,77,2026-10-10,2026-09-30
285.0,0,189,2026-10-10,2026-09-30
290.0,0,502,2026-10-10,2026-09-30
295.0,3,41,2026-10-10,2026-09-30
300.0,3,110,2026-10-10,2026-09-30
305.0,5,63,2026-10-10,2026-09-30
310.0,2,11471,2026-10-10,2026-09-30
315.0,1,21,2026-10-10,2026-09-30
320.0,3,453,2026-10-10,2026-09-30
325.0,2,115,2026-10-10,2026-09-30
330.0,11,48,2026-10-10,2026-09-30
335.0,8,70,2026-10-10,2026-09-30
340.0,2,128,2026-10-10,2026-09-30
345.0,2,50,2026-10-10,2026-09-30
350.0,3,1481,2026-10-10,2026-09-30
355.0,0,55,2026-10-10,2026-09-30
360.0,2,103,2026-10-10,2026-09-30
365.0,5,68,2026-10-10,2026-09-30
370.0,4,40,2026-10-10,2026-09-30
375.0,6,99,2026-10-10,2026-09-30
380.0,13,160,2026-10-10,2026-09-30
385.0,6,1487,2026-10-10,2026-09-30
390.0,15,178,2026-10-10,2026-09-30
395.0,0,314,2026-10-10,2026-09-30
400.0,43,1346,2026-10-10,2026-09-30
405.0,1,286,2026-10-10,2026-09-30
410.0,24,134,2026-10-10,2026-09-30
415.0,16,163,2026-10-10,2026-09-30
420.0,16,2717,2026-10-10,2026-09-30
425.0,11,89,2026-10-10,2026-09-30
430.0,17,401,2026-10-10,2026-09-30
435.0,16,536,2026-10-10,2026-09-30
440.0,114,634,2026-10-10,2026-09-30
445.0,28,403,2026-10-10,2026-09-30
450.0,136,605,2026-10-10,2026-09-30
455.0,49,233,2026-10-10,2026-09-30
460.0,65,250,2026-10-10,2026-09-30
465.0,67,144,2026-10-10,2026-09-30
470.0,38,328,2026-10-10,2026-09-30
475.0,200,246,2026-10-10,2026-09-30
480.0,187,386,2026-10-10,2026-09-30
485.0,119,871,2026-10-10,2026-09-30
490.0,1490,332,2026-10-10,2026-09-30
495.0,103,222,2026-10-10,2026-09-30
500.0,315,662,2026-10-10,2026-09-30
502.5,2,13,2026-10-10,2026-09-30
505.0,278,329,2026-10-10,2026-09-30
507.5,7,1,2026-10-10,2026-09-30
510.0,238,242,2026-10-10,2026-09-30
512.5,7,0,2026-10-10,2026-09-30
515.0,1133,538,2026-10-10,2026-09-30
517.5,4,73,2026-10-10,2026-09-30
520.0,400,938,2026-10-10,2026-09-30
522.5,21,617,2026-10-10,2026-09-30
525.0,235,212,2026-10-10,2026-09-30
527.5,24,141,2026-10-10,2026-09-30
530.0,354,500,2026-10-10,2026-09-30
532.5,2,286,2026-10-10,2026-09-30
535.0,128,441,2026-10-10,2026-09-30
537.5,3,53,2026-10-10,2026-09-30
540.0,142,698,2026-10-10,2026-09-30
542.5,5,154,2026-10-10,2026-09-30
545.0,275,456,2026-10-10,2026-09-30
547.5,2,201,2026-10-10,2026-09-30
550.0,7000,7000,2026-10-10,2026-09-30
550.0,454,1068,2026-10-10,2026-09-30
552.5,10,221,2026-10-10,2026-09-30
555.0,176,317,2026-10-10,2026-09-30
557.5,18,218,2026-10-10,2026-09-30
560.0,383,954,2026-10-10,2026-09-30
562.5,4,212,2026-10-10,2026-09-30
565.0,288,347,2026-10-10,2026-09-30
567.5,8,16,2026-10-10,2026-09-30
570.0,970,699,2026-10-10,2026-09-30
572.5,0,25,2026-10-10,2026-09-30
575.0,438,376,2026-10-10,2026-09-30
577.5,0,52,2026-10-10,2026-09-30
580.0,486,569,2026-10-10,2026-09-30
582.5,0,77,2026-10-10,2026-09-30
585.0,336,738,2026-10-10,2026-09-30
587.5,20,74,2026-10-10,2026-09-30
590.0,220,447,2026-10-10,2026-09-30
592.5,21,175,2026-10-10,2026-09-30
595.0,240,317,2026-10-10,2026-09-30
597.5,16,33,2026-10-10,2026-09-30
600.0,1643,643,2026-10-10,2026-09-30
602.5,97,151,2026-10-10,2026-09-30
605.0,1111,270,2026-10-10,2026-09-30
607.5,269,106,2026-10-10,2026-09-30
610.0,664,376,2026-10-10,2026-09-30
612.5,224,291,2026-10-10,2026-09-30
615.0,1635,254,2026-10-10,2026-09-30
617.5,144,73,2026-10-10,2026-09-30
620.0,722,458,2026-10-10,2026-09-30
622.5,90,91,2026-10-10,2026-09-30
625.0,1581,265,2026-10-10,2026-09-30
627.5,392,25,2026-10-10,2026-09-30
630.0,821,151,2026-10-10,2026-09-30
632.5,24,60,2026-10-10,2026-09-30
635.0,948,140,2026-10-10,2026-09-30
637.5,23,40,2026-10-10,2026-09-30
640.0,1547,106,2026-10-10,2026-09-30
642.5,14,23,2026-10-10,2026-09-30
645.0,258,18,2026-10-10,2026-09-30
647.5,42,1,2026-10-10,2026-09-30
650.0,747,49,2026-10-10,2026-09-30
652.5,19,0,2026-10-10,2026-09-30
655.0,305,8,2026-10-10,2026-09-30
657.5,52,2,2026-10-10,2026-09-30
660.0,594,97,2026-10-10,2026-09-30
662.5,67,0,2026-10-10,2026-09-30
665.0,306,5,2026-10-10,2026-09-30
667.5,11,0,2026-10-10,2026-09-30
670.0,138,6,2026-10-10,2026-09-30
672.5,52,0,2026-10-10,2026-09-30
675.0,385,7,2026-10-10,2026-09-30
677.5,41,1,2026-10-10,2026-09-30
680.0,412,31,2026-10-10,2026-09-30
682.5,99,0,2026-10-10,2026-09-30
685.0,148,1,2026-10-10,2026-09-30
687.5,194,0,2026-10-10,2026-09-30
690.0,267,0,2026-10-10,2026-09-30
692.5,28,0,2026-10-10,2026-09-30
695.0,295,1,2026-10-10,2026-09-30
697.5,38,0,2026-10-10,2026-09-30
700.0,2092,3,2026-10-10,2026-09-30
702.5,9,0,2026-10-10,2026-09-30
705.0,260,0,2026-10-10,2026-09-30
707.5,9,0,2026-10-10,2026-09-30
710.0,213,0,2026-10-10,2026-09-30
712.5,11,0,2026-10-10,2026-09-30
715.0,152,0,2026-10-10,2026-09-30
717.5,7,0,2026-10-10,2026-09-30
720.0,294,9,2026-10-10,2026-09-30
722.5,13,0,2026-10-10,2026-09-30
725.0,159,1,2026-10-10,2026-09-30
727.5,3,0,2026-10-10,2026-09-30
730.0,365,1,2026-10-10,2026-09-30
732.5,2,0,2026-10-10,2026-09-30
735.0,94,1,2026-10-10,2026-09-30
737.5,1,0,2026-10-10,2026-09-30
740.0,352,10,2026-10-10,2026-09-30
750.0,295,5,2026-10-10,2026-09-30
760.0,203,0,2026-10-10,2026-09-30
770.0,96,0,2026-10-10,2026-09-30
780.0,119,0,2026-10-10,2026-09-30
790.0,138,0,2026-10-10,2026-09-30
800.0,187,2,2026-10-10,2026-09-30
810.0,22,0,2026-10-10,2026-09-30
820.0,226,0,2026-10-10,2026-09-30
830.0,48,0,2026-10-10,2026-09-30
840.0,87,0,2026-10-10,2026-09-30
850.0,148,0,2026-10-10,2026-09-30
860.0,26,0,2026-10-10,2026-09-30
870.0,52,0,2026-10-10,2026-09-30
880.0,66,0,2026-10-10,2026-09-30
890.0,23,0,2026-10-10,2026-09-30
900.0,34,0,2026-10-10,2026-09-30
910.0,217,0,2026-10-10,2026-09-30
920.0,19,0,2026-10-10,2026-09-30
930.0,51,0,2026-10-10,2026-09-30
940.0,11,0,2026-10-10,2026-09-30
950.0,46,0,2026-10-10,2026-09-30
960.0,286,0,2026-10-10,2026-09-30
310.0,0,0,2026-10-13,2026-09-30
315.0,0,0,2026-10-13,2026-09-30
320.0,0,0,2026-10-13,2026-09-30
325.0,0,0,2026-10-13,2026-09-30
330.0,0,0,2026-10-13,2026-09-30
335.0,0,0,2026-10-13,2026-09-30
340.0,0,0,2026-10-13,2026-09-30
345.0,0,0,2026-10-13,2026-09-30
350.0,0,0,2026-10-13,2026-09-30
355.0,0,0,2026-10-13,2026-09-30
360.0,0,1,2026-10-13,2026-09-30
365.0,0,3,2026-10-13,2026-09-30
370.0,0,7,2026-10-13,2026-09-30
375.0,0,6,2026-10-13,2026-09-30
380.0,0,2,2026-10-13,2026-09-30
385.0,0,2,2026-10-13,2026-09-30
390.0,0,9,2026-10-13,2026-09-30
395.0,0,15,2026-10-13,2026-09-30
400.0,0,2,2026-10-13,2026-09-30
405.0,0,3,2026-10-13,2026-09-30
410.0,0,2,2026-10-13,2026-09-30
415.0,0,5,2026-10-13,2026-09-30
420.0,0,0,2026-10-13,2026-09-30
425.0,0,0,2026-10-13,2026-09-30
430.0,0,0,2026-10-13,2026-09-30
435.0,0,0,2026-10-13,2026-09-30
440.0,0,0,2026-10-13,2026-09-30
445.0,0,0,2026-10-13,2026-09-30
450.0,0,0,2026-10-13,2026-09-30
455.0,0,0,2026-10-13,2026-09-30
460.0,0,0,2026-10-13,2026-09-30
465.0,0,0,2026-10-13,2026-09-30
470.0,0,0,2026-10-13,2026-09-30
475.0,0,0,2026-10-13,2026-09-30
480.0,0,0,2026-10-13,2026-09-30
485.0,0,0,2026-10-13,2026-09-30
490.0,0,0,2026-10-13,2026-09-30
495.0,0,0,2026-10-13,2026-09-30
500.0,0,0,2026-10-13,2026-09-30
502.5,0,0,2026-10-13,2026-09-30
505.0,0,0,2026-10-13,2026-09-30
507.5,0,0,2026-10-13,2026-09-30
510.0,0,0,2026-10-13,2026-09-30
512.5,0,0,2026-10-13,2026-09-30
515.0,5,101,2026-10-13,2026-09-30
517.5,4,90,2026-10-13,2026-09-30
520.0,0,16,2026-10-13,2026-09-30
522.5,0,16,2026-10-13,2026-09-30
525.0,1,2,2026-10-13,2026-09-30
527.5,2,0,2026-10-13,2026-09-30
530.0,10,0,2026-10-13,2026-09-30
532.5,0,0,2026-10-13,2026-09-30
535.0,0,44,2026-10-13,2026-09-30
537.5,0,0,2026-10-13,2026-09-30
540.0,0,54,2026-10-13,2026-09-30
542.5,0,0,2026-10-13,2026-09-30
545.0,0,12,2026-10-13,2026-09-30
547.5,0,0,2026-10-13,2026-09-30
550.0,1,11,2026-10-13,2026-09-30
552.5,0,2,2026-10-13,2026-09-30
555.0,24,75,2026-10-13,2026-09-30
557.5,0,37,2026-10-13,2026-09-30
560.0,5,38,2026-10-13,2026-09-30
562.5,0,137,2026-10-13,2026-09-30
565.0,0,40,2026-10-13,2026-09-30
567.5,8,3,2026-10-13,2026-09-30
570.0,1,3,2026-10-13,2026-09-30
572.5,0,0,2026-10-13,2026-09-30
575.0,11,11,2026-10-13,2026-09-30
577.5,0,0,2026-10-13,2026-09-30
580.0,0,3,2026-10-13,2026-09-30
582.5,0,0,2026-10-13,2026-09-30
585.0,4,17,2026-10-13,2026-09-30
587.5,17,8,2026-10-13,2026-09-30
590.0,9,4,2026-10-13,2026-09-30
592.5,6,0,2026-10-13,2026-09-30
595.0,9,3,2026-10-13,2026-09-30
597.5,0,0,2026-10-13,2026-09-30
600.0,24,17,2026-10-13,2026-09-30
602.5,0,0,2026-10-13,2026-09-30
605.0,111,65,2026-10-13,2026-09-30
607.5,17,3,2026-10-13,2026-09-30
610.0,45,72,2026-10-13,2026-09-30
612.5,7,0,2026-10-13,2026-09-30
615.0,60,2,2026-10-13,2026-09-30
617.5,13,0,2026-10-13,2026-09-30
620.0,22,4,2026-10-13,2026-09-30
622.5,5,1,2026-10-13,2026-09-30
625.0,124,2,2026-10-13,2026-09-30
627.5,22,1,2026-10-13,2026-09-30
630.0,27,3,2026-10-13,2026-09-30
632.5,4,0,2026-10-13,2026-09-30
635.0,23,0,2026-10-13,2026-09-30
637.5,6,0,2026-10-13,2026-09-30
640.0,5,0,2026-10-13,2026-09-30
642.5,0,0,2026-10-13,2026-09-30
645.0,1,0,2026-10-13,2026-09-30
647.5,6,1,2026-10-13,2026-09-30
650.0,9,0,2026-10-13,2026-09-30
652.5,0,0,2026-10-13,2026-09-30
655.0,3,0,2026-10-13,2026-09-30
657.5,21,0,2026-10-13,2026-09-30
660.0,6,0,2026-10-13,2026-09-30
662.5,16,0,2026-10-13,2026-09-30
665.0,1,0,2026-10-13,2026-09-30
667.5,10,0,2026-10-13,2026-09-30
670.0,0,0,2026-10-13,2026-09-30
672.5,29,0,2026-10-13,2026-09-30
675.0,2,0,2026-10-13,2026-09-30
677.5,0,0,2026-10-13,2026-09-30
680.0,15,1,2026-10-13,2026-09-30
682.5,0,0,2026-10-13,2026-09-30
685.0,0,0,2026-10-13,2026-09-30
687.5,4,0,2026-10-13,2026-09-30
690.0,1,0,2026-10-13,2026-09-30
692.5,1,0,2026-10-13,2026-09-30
695.0,1,0,2026-10-13,2026-09-30
697.5,0,0,2026-10-13,2026-09-30
700.0,11,0,2026-10-13,2026-09-30
702.5,0,0,2026-10-13,2026-09-30
705.0,12,0,2026-10-13,2026-09-30
707.5,0,0,2026-10-13,2026-09-30
710.0,0,0,2026-10-13,2026-09-30
712.5,0,0,2026-10-13,2026-09-30
715.0,0,0,2026-10-13,2026-09-30
717.5,0,0,2026-10-13,2026-09-30
720.0,0,0,2026-10-13,2026-09-30
722.5,2,0,2026-10-13,2026-09-30
725.0,0,0,2026-10-13,2026-09-30
727.5,0,0,2026-10-13,2026-09-30
730.0,0,0,2026-10-13,2026-09-30
732.5,0,0,2026-10-13,2026-09-30
735.0,0,0,2026-10-13,2026-09-30
740.0,0,0,2026-10-13,2026-09-30
530.0,0,1,2026-10-15,2026-09-30
535.0,0,0,2026-10-15,2026-09-30
540.0,0,0,2026-10-15,2026-09-30
545.0,0,0,2026-10-15,2026-09-30
550.0,1,16,2026-10-15,2026-09-30
555.0,24,1,2026-10-15,2026-09-30
560.0,0,11,2026-10-15,2026-09-30
565.0,0,2,2026-10-15,2026-09-30
570.0,0,2,2026-10-15,2026-09-30
575.0,0,0,2026-10-15,2026-09-30
580.0,0,0,2026-10-15,2026-09-30
585.0,0,0,2026-10-15,2026-09-30
590.0,1,0,2026-10-15,2026-09-30
595.0,0,0,2026-10-15,2026-09-30
600.0,0,0,2026-10-15,2026-09-30
605.0,13,0,2026-10-15,2026-09-30
610.0,4,5,2026-10-15,2026-09-30
615.0,25,15,2026-10-15,2026-09-30
620.0,80,2,2026-10-15,2026-09-30
625.0,6,1,2026-10-15,2026-09-30
630.0,0,0,2026-10-15,2026-09-30
635.0,0,0,2026-10-15,2026-09-30
640.0,4,0,2026-10-15,2026-09-30
645.0,1,0,2026-10-15,2026-09-30
650.0,2,0,2026-10-15,2026-09-30
655.0,1,0,2026-10-15,2026-09-30
660.0,0,0,2026-10-15,2026-09-30
665.0,0,0,2026-10-15,2026-09-30
670.0,3,0,2026-10-15,2026-09-30
675.0,3,0,2026-10-15,2026-09-30
100.0,1474,1397,2026-10-17,2026-09-30
105.0,81,159,2026-10-17,2026-09-30
110.0,32,537,2026-10-17,2026-09-30
115.0,27,103,2026-10-17,2026-09-30
120.0,56,1789,2026-10-17,2026-09-30
125.0,86,462,2026-10-17,2026-09-30
130.0,82,409,2026-10-17,2026-09-30
135.0,151,261,2026-10-17,2026-09-30
140.0,164,528,2026-10-17,2026-09-30
145.0,130,484,2026-10-17,2026-09-30
150.0,139,2513,2026-10-17,2026-09-30
155.0,135,253,2026-10-17,2026-09-30
160.0,203,2432,2026-10-17,2026-09-30
165.0,95,982,2026-10-17,2026-09-30
170.0,131,421,2026-10-17,2026-09-30
175.0,135,991,2026-10-17,2026-09-30
180.0,274,807,2026-10-17,2026-09-30
185.0,219,400,2026-10-17,2026-09-30
190.0,964,322,2026-10-17,2026-09-30
195.0,199,520,2026-10-17,2026-09-30
200.0,416,2896,2026-10-17,2026-09-30
210.0,635,977,2026-10-17,2026-09-30
220.0,255,770,2026-10-17,2026-09-30
230.0,529,687,2026-10-17,2026-09-30
240.0,378,1188,2026-10-17,2026-09-30
250.0,914,1398,2026-10-17,2026-09-30
257.0,1138,0,2026-10-17,2026-09-30
260.0,448,2227,2026-10-17,2026-09-30
270.0,483,1126,2026-10-17,2026-09-30
280.0,849,878,2026-10-17,2026-09-30
290.0,330,1227,2026-10-17,2026-09-30
300.0,964,5834,2026-10-17,2026-09-30
310.0,430,1596,2026-10-17,2026-09-30
320.0,935,1695,2026-10-17,2026-09-30
330.0,948,2159,2026-10-17,2026-09-30
340.0,671,2491,2026-10-17,2026-09-30
350.0,6,0,2026-10-17,2026-09-30
350.0,605,3820,2026-10-17,2026-09-30
360.0,257,1630,2026-10-17,2026-09-30
370.0,590,6814,2026-10-17,2026-09-30
380.0,549,2966,2026-10-17,2026-09-30
390.0,251,2547,2026-10-17,2026-09-30
400.0,3,0,2026-10-17,2026-09-30
400.0,559,9513,2026-10-17,2026-09-30
410.0,234,2363,2026-10-17,2026-09-30
420.0,377,6638,2026-10-17,2026-09-30
430.0,0,0,2026-10-17,2026-09-30
430.0,364,3265,2026-10-17,2026-09-30
440.0,641,3921,2026-10-17,2026-09-30
450.0,6337,6651,2026-10-17,2026-09-30
460.0,2000,2000,2026-10-17,2026-09-30
460.0,934,3847,2026-10-17,2026-09-30
470.0,1970,1970,2026-10-17,2026-09-30
470.0,1444,2776,2026-10-17,2026-09-30
475.0,5000,5000,2026-10-17,2026-09-30
475.0,1,772,2026-10-17,2026-09-30
480.0,17740,17740,2026-10-17,2026-09-30
480.0,1681,2610,2026-10-17,2026-09-30
485.0,1,351,2026-10-17,2026-09-30
490.0,10352,10352,2026-10-17,2026-09-30
490.0,12358,2351,2026-10-17,2026-09-30
490.01,0,8280,2026-10-17,2026-09-30
495.0,1500,1500,2026-10-17,2026-09-30
495.0,0,918,2026-10-17,2026-09-30
500.0,2250,2250,2026-10-17,2026-09-30
500.0,2602,5169,2026-10-17,2026-09-30
505.0,47,139,2026-10-17,2026-09-30
510.0,4000,4000,2026-10-17,2026-09-30
510.0,1729,2292,2026-10-17,2026-09-30
515.0,22,203,2026-10-17,2026-09-30
517.5,9,163,2026-10-17,2026-09-30
520.0,404,404,2026-10-17,2026-09-30
520.0,2576,3499,2026-10-17,2026-09-30
520.01,193,0,2026-10-17,2026-09-30
522.5,24,587,2026-10-17,2026-09-30
525.0,500,500,2026-10-17,2026-09-30
525.0,19,645,2026-10-17,2026-09-30
527.5,56,260,2026-10-17,2026-09-30
530.0,3763,3763,2026-10-17,2026-09-30
530.0,2881,1398,2026-10-17,2026-09-30
532.5,25,1133,2026-10-17,2026-09-30
535.0,19,303,2026-10-17,2026-09-30
537.5,25,147,2026-10-17,2026-09-30
540.0,4401,2937,2026-10-17,2026-09-30
542.5,15,167,2026-10-17,2026-09-30
545.0,20,206,2026-10-17,2026-09-30
547.5,3,112,2026-10-17,2026-09-30
550.0,47,37,2026-10-17,2026-09-30
550.0,4260,2889,2026-10-17,2026-09-30
552.5,21,177,2026-10-17,2026-09-30
555.0,47,241,2026-10-17,2026-09-30
557.5,18,202,2026-10-17,2026-09-30
560.0,2075,3267,2026-10-17,2026-09-30
562.5,119,317,2026-10-17,2026-09-30
565.0,197,541,2026-10-17,2026-09-30
570.0,1659,1111,2026-10-17,2026-09-30
575.0,2600,2600,2026-10-17,2026-09-30
575.0,699,529,2026-10-17,2026-09-30
580.0,7,0,2026-10-17,2026-09-30
580.0,2611,1437,2026-10-17,2026-09-30
585.0,1876,1876,2026-10-17,2026-09-30
585.0,169,368,2026-10-17,2026-09-30
590.0,1547,694,2026-10-17,2026-09-30
595.0,276,650,2026-10-17,2026-09-30
600.0,50,50,2026-10-17,2026-09-30
600.0,6562,3309,2026-10-17,2026-09-30
605.0,545,545,2026-10-17,2026-09-30
605.0,632,638,2026-10-17,2026-09-30
610.0,4000,4000,2026-10-17,2026-09-30
610.0,3340,1698,2026-10-17,2026-09-30
615.0,13126,13126,2026-10-17,2026-09-30
615.0,1383,516,2026-10-17,2026-09-30
620.0,300,300,2026-10-17,2026-09-30
620.0,2425,1267,2026-10-17,2026-09-30
630.0,200,200,2026-10-17,2026-09-30
630.0,3469,532,2026-10-17,2026-09-30
640.0,1832,303,2026-10-17,2026-09-30
650.0,2776,222,2026-10-17,2026-09-30
660.0,2683,86,2026-10-17,2026-09-30
670.0,1103,88,2026-10-17,2026-09-30
680.0,4147,63,2026-10-17,2026-09-30
690.0,1107,46,2026-10-17,2026-09-30
700.0,6189,59,2026-10-17,2026-09-30
710.0,917,4,2026-10-17,2026-09-30
720.0,2093,3,2026-10-17,2026-09-30
730.0,708,4,2026-10-17,2026-09-30
740.0,792,4,2026-10-17,2026-09-30
750.0,4177,11,2026-10-17,2026-09-30
760.0,1255,0,2026-10-17,2026-09-30
770.0,643,5,2026-10-17,2026-09-30
780.0,831,0,2026-10-17,2026-09-30
790.0,469,0,2026-10-17,2026-09-30
800.0,3212,0,2026-10-17,2026-09-30
810.0,371,0,2026-10-17,2026-09-30
820.0,633,0,2026-10-17,2026-09-30
830.0,446,0,2026-10-17,2026-09-30
840.0,223,0,2026-10-17,2026-09-30
850.0,429,0,2026-10-17,2026-09-30
860.0,380,0,2026-10-17,2026-09-30
870.0,217,0,2026-10-17,2026-09-30
880.0,127,0,2026-10-17,2026-09-30
890.0,308,0,2026-10-17,2026-09-30
900.0,1889,0,2026-10-17,2026-09-30
910.0,214,0,2026-10-17,2026-09-30
920.0,416,0,2026-10-17,2026-09-30
930.0,308,0,2026-10-17,2026-09-30
940.0,195,0,2026-10-17,2026-09-30
950.0,732,0,2026-10-17,2026-09-30
960.0,146,0,2026-10-17,2026-09-30
970.0,205,0,2026-10-17,2026-09-30
980.0,103,0,2026-10-17,2026-09-30
990.0,126,0,2026-10-17,2026-09-30
1000.0,823,0,2026-10-17,2026-09-30
1010.0,286,0,2026-10-17,2026-09-30
1020.0,164,0,2026-10-17,2026-09-30
1030.0,122,0,2026-10-17,2026-09-30
1040.0,88,0,2026-10-17,2026-09-30
1050.0,306,0,2026-10-17,2026-09-30
1060.0,562,0,2026-10-17,2026-09-30
1070.0,300,0,2026-10-17,2026-09-30
1080.0,4934,0,2026-10-17,2026-09-30
1090.0,597,0,2026-10-17,2026-09-30
1100.0,216,0,2026-10-17,2026-09-30
1110.0,821,0,2026-10-17,2026-09-30
1120.0,5824,0,2026-10-17,2026-09-30
40.0,1,1,2026-10-24,2026-09-30
45.0,1,0,2026-10-24,2026-09-30
50.0,6,0,2026-10-24,2026-09-30
55.0,0,0,2026-10-24,2026-09-30
60.0,0,0,2026-10-24,2026-09-30
65.0,0,0,2026-10-24,2026-09-30
70.0,0,3,2026-10-24,2026-09-30
75.0,0,0,2026-10-24,2026-09-30
80.0,0,0,2026-10-24,2026-09-30
85.0,0,0,2026-10-24,2026-09-30
90.0,1,0,2026-10-24,2026-09-30
95.0,0,0,2026-10-24,2026-09-30
100.0,0,0,2026-10-24,2026-09-30
105.0,0,0,2026-10-24,2026-09-30
110.0,5,0,2026-10-24,2026-09-30
115.0,2,0,2026-10-24,2026-09-30
120.0,2,0,2026-10-24,2026-09-30
125.0,0,0,2026-10-24,2026-09-30
130.0,1,0,2026-10-24,2026-09-30
135.0,0,0,2026-10-24,2026-09-30
140.0,0,1,2026-10-24,2026-09-30
145.0,5,0,2026-10-24,2026-09-30
150.0,4,0,2026-10-24,2026-09-30
155.0,1,2,2026-10-24,2026-09-30
160.0,1,2,2026-10-24,2026-09-30
165.0,0,0,2026-10-24,2026-09-30
170.0,0,0,2026-10-24,2026-09-30
175.0,1,4,2026-10-24,2026-09-30
180.0,7,0,2026-10-24,2026-09-30
185.0,6,0,2026-10-24,2026-09-30
190.0,0,7,2026-10-24,2026-09-30
195.0,0,1,2026-10-24,2026-09-30
200.0,4,63,2026-10-24,2026-09-30
205.0,0,12,2026-10-24,2026-09-30
210.0,3,16,2026-10-24,2026-09-30
215.0,5,17,2026-10-24,2026-09-30
220.0,5,152,2026-10-24,2026-09-30
225.0,3,14,2026-10-24,2026-09-30
230.0,4,16,2026-10-24,2026-09-30
235.0,1,28,2026-10-24,2026-09-30
240.0,10,49,2026-10-24,2026-09-30
245.0,2,74,2026-10-24,2026-09-30
250.0,5,123,2026-10-24,2026-09-30
255.0,3,19,2026-10-24,2026-09-30
260.0,4,17,2026-10-24,2026-09-30
265.0,1,40,2026-10-24,2026-09-30
270.0,1,33,2026-10-24,2026-09-30
275.0,2,50,2026-10-24,2026-09-30
280.0,4,57,2026-10-24,2026-09-30
285.0,55,61,2026-10-24,2026-09-30
290.0,1,104,2026-10-24,2026-09-30
295.0,0,38,2026-10-24,2026-09-30
300.0,4,80,2026-10-24,2026-09-30
305.0,7,12,2026-10-24,2026-09-30
310.0,0,110,2026-10-24,2026-09-30
315.0,0,24,2026-10-24,2026-09-30
320.0,5,26,2026-10-24,2026-09-30
325.0,4,42,2026-10-24,2026-09-30
330.0,8,42,2026-10-24,2026-09-30
335.0,3,19,2026-10-24,2026-09-30
340.0,2,129,2026-10-24,2026-09-30
345.0,2,8,2026-10-24,2026-09-30
350.0,0,94,2026-10-24,2026-09-30
355.0,1,100,2026-10-24,2026-09-30
360.0,0,83,2026-10-24,2026-09-30
365.0,2,23,2026-10-24,2026-09-30
370.0,4,38,2026-10-24,2026-09-30
375.0,3,44,2026-10-24,2026-09-30
380.0,6,107,2026-10-24,2026-09-30
385.0,2,160,2026-10-24,2026-09-30
390.0,8,71,2026-10-24,2026-09-30
395.0,1,48,2026-10-24,2026-09-30
400.0,3,772,2026-10-24,2026-09-30
405.0,3,133,2026-10-24,2026-09-30
410.0,5,81,2026-10-24,2026-09-30
415.0,15,52,2026-10-24,2026-09-30
420.0,14,225,2026-10-24,2026-09-30
425.0,5,231,2026-10-24,2026-09-30
430.0,95,355,2026-10-24,2026-09-30
435.0,2,102,2026-10-24,2026-09-30
440.0,36,177,2026-10-24,2026-09-30
445.0,15,146,2026-10-24,2026-09-30
450.0,17,237,2026-10-24,2026-09-30
455.0,55,92,2026-10-24,2026-09-30
460.0,16,505,2026-10-24,2026-09-30
465.0,51,221,2026-10-24,2026-09-30
470.0,64,294,2026-10-24,2026-09-30
475.0,157,240,2026-10-24,2026-09-30
480.0,54,903,2026-10-24,2026-09-30
485.0,6500,6500,2026-10-24,2026-09-30
485.0,47,249,2026-10-24,2026-09-30
490.0,117,246,2026-10-24,2026-09-30
495.0,59,240,2026-10-24,2026-09-30
500.0,150,579,2026-10-24,2026-09-30
505.0,85,187,2026-10-24,2026-09-30
510.0,102,302,2026-10-24,2026-09-30
515.0,237,408,2026-10-24,2026-09-30
520.0,2370,817,2026-10-24,2026-09-30
525.0,269,167,2026-10-24,2026-09-30
530.0,897,392,2026-10-24,2026-09-30
535.0,117,418,2026-10-24,2026-09-30
540.0,183,404,2026-10-24,2026-09-30
545.0,170,927,2026-10-24,2026-09-30
550.0,200,902,2026-10-24,2026-09-30
555.0,136,373,2026-10-24,2026-09-30
560.0,225,538,2026-10-24,2026-09-30
565.0,188,214,2026-10-24,2026-09-30
570.0,418,343,2026-10-24,2026-09-30
575.0,142,244,2026-10-24,2026-09-30
580.0,511,413,2026-10-24,2026-09-30
585.0,132,128,2026-10-24,2026-09-30
590.0,175,198,2026-10-24,2026-09-30
595.0,124,353,2026-10-24,2026-09-30
600.0,415,582,2026-10-24,2026-09-30
605.0,556,145,2026-10-24,2026-09-30
610.0,950,950,2026-10-24,2026-09-30
610.0,301,314,2026-10-24,2026-09-30
615.0,1000,1000,2026-10-24,2026-09-30
615.0,509,91,2026-10-24,2026-09-30
620.0,1500,1500,2026-10-24,2026-09-30
620.0,353,1112,2026-10-24,2026-09-30
625.0,1500,1500,2026-10-24,2026-09-30
625.0,262,120,2026-10-24,2026-09-30
630.0,1828,89,2026-10-24,2026-09-30
635.0,164,32,2026-10-24,2026-09-30
640.0,383,30,2026-10-24,2026-09-30
645.0,349,35,2026-10-24,2026-09-30
650.0,426,32,2026-10-24,2026-09-30
655.0,137,7,2026-10-24,2026-09-30
660.0,838,71,2026-10-24,2026-09-30
665.0,108,24,2026-10-24,2026-09-30
670.0,279,34,2026-10-24,2026-09-30
675.0,172,40,2026-10-24,2026-09-30
680.0,724,32,2026-10-24,2026-09-30
685.0,143,10,2026-10-24,2026-09-30
690.0,109,3,2026-10-24,2026-09-30
695.0,173,18,2026-10-24,2026-09-30
700.0,2821,8,2026-10-24,2026-09-30
705.0,2484,0,2026-10-24,2026-09-30
710.0,222,1,2026-10-24,2026-09-30
715.0,206,1,2026-10-24,2026-09-30
720.0,181,0,2026-10-24,2026-09-30
725.0,200,1,2026-10-24,2026-09-30
730.0,186,0,2026-10-24,2026-09-30
735.0,180,10,2026-10-24,2026-09-30
740.0,138,0,2026-10-24,2026-09-30
750.0,162,10,2026-10-24,2026-09-30
760.0,86,0,2026-10-24,2026-09-30
770.0,137,0,2026-10-24,2026-09-30
780.0,137,2,2026-10-24,2026-09-30
790.0,87,0,2026-10-24,2026-09-30
800.0,150,0,2026-10-24,2026-09-30
810.0,100,0,2026-10-24,2026-09-30
820.0,128,0,2026-10-24,2026-09-30
830.0,60,0,2026-10-24,2026-09-30
840.0,23,0,2026-10-24,2026-09-30
850.0,87,0,2026-10-24,2026-09-30
860.0,35,0,2026-10-24,2026-09-30
870.0,24,0,2026-10-24,2026-09-30
880.0,113,0,2026-10-24,2026-09-30
890.0,183,0,2026-10-24,2026-09-30
900.0,247,0,2026-10-24,2026-09-30
910.0,50,0,2026-10-24,2026-09-30
920.0,18,0,2026-10-24,2026-09-30
930.0,39,0,2026-10-24,2026-09-30
940.0,58,0,2026-10-24,2026-09-30
950.0,11,0,2026-10-24,2026-09-30
960.0,126,0,2026-10-24,2026-09-30
5038.38,12,12,2026-10-24,2026-09-30
40.0,1,2,2026-10-31,2026-09-30
50.0,0,0,2026-10-31,2026-09-30
60.0,0,0,2026-10-31,2026-09-30
70.0,0,0,2026-10-31,2026-09-30
80.0,0,0,2026-10-31,2026-09-30
90.0,0,0,2026-10-31,2026-09-30
100.0,0,2,2026-10-31,2026-09-30
110.0,3,0,2026-10-31,2026-09-30
120.0,1,0,2026-10-31,2026-09-30
130.0,0,0,2026-10-31,2026-09-30
140.0,0,2,2026-10-31,2026-09-30
150.0,4,0,2026-10-31,2026-09-30
160.0,0,0,2026-10-31,2026-09-30
170.0,1,0,2026-10-31,2026-09-30
180.0,0,0,2026-10-31,2026-09-30
190.0,5,0,2026-10-31,2026-09-30
200.0,6,5,2026-10-31,2026-09-30
210.0,0,20,2026-10-31,2026-09-30
220.0,9,0,2026-10-31,2026-09-30
220.0,1,56,2026-10-31,2026-09-30
230.0,5,54,2026-10-31,2026-09-30
240.0,6,54,2026-10-31,2026-09-30
250.0,1,302,2026-10-31,2026-09-30
255.0,1,0,2026-10-31,2026-09-30
260.0,2,53,2026-10-31,2026-09-30
270.0,12,45,2026-10-31,2026-09-30
280.0,6,28,2026-10-31,2026-09-30
290.0,0,113,2026-10-31,2026-09-30
300.0,2,117,2026-10-31,2026-09-30
310.0,1,202,2026-10-31,2026-09-30
315.0,0,95,2026-10-31,2026-09-30
320.0,1,118,2026-10-31,2026-09-30
325.0,16,27,2026-10-31,2026-09-30
330.0,0,63,2026-10-31,2026-09-30
335.0,0,11,2026-10-31,2026-09-30
340.0,2,78,2026-10-31,2026-09-30
345.0,1,32,2026-10-31,2026-09-30
350.0,13,24,2026-10-31,2026-09-30
355.0,1,20,2026-10-31,2026-09-30
360.0,3,39,2026-10-31,2026-09-30
365.0,0,19,2026-10-31,2026-09-30
370.0,0,35,2026-10-31,2026-09-30
375.0,1,56,2026-10-31,2026-09-30
380.0,0,74,2026-10-31,2026-09-30
385.0,3,129,2026-10-31,2026-09-30
390.0,2,74,2026-10-31,2026-09-30
395.0,9,37,2026-10-31,2026-09-30
400.0,34,170,2026-10-31,2026-09-30
405.0,4,17,2026-10-31,2026-09-30
410.0,1,59,2026-10-31,2026-09-30
415.0,7,75,2026-10-31,2026-09-30
420.0,2,113,2026-10-31,2026-09-30
425.0,14,179,2026-10-31,2026-09-30
430.0,4,131,2026-10-31,2026-09-30
435.0,6,64,2026-10-31,2026-09-30
440.0,4,87,2026-10-31,2026-09-30
445.0,0,41,2026-10-31,2026-09-30
450.0,25,373,2026-10-31,2026-09-30
455.0,3,107,2026-10-31,2026-09-30
460.0,2,176,2026-10-31,2026-09-30
465.0,23,130,2026-10-31,2026-09-30
470.0,22,119,2026-10-31,2026-09-30
475.0,18,253,2026-10-31,2026-09-30
480.0,28,239,2026-10-31,2026-09-30
485.0,51,126,2026-10-31,2026-09-30
490.0,59,216,2026-10-31,2026-09-30
495.0,46,231,2026-10-31,2026-09-30
500.0,76,1105,2026-10-31,2026-09-30
505.0,49,626,2026-10-31,2026-09-30
510.0,40,261,2026-10-31,2026-09-30
515.0,32,156,2026-10-31,2026-09-30
520.0,75,435,2026-10-31,2026-09-30
525.0,43,325,2026-10-31,2026-09-30
530.0,122,332,2026-10-31,2026-09-30
535.0,114,279,2026-10-31,2026-09-30
540.0,61,569,2026-10-31,2026-09-30
545.0,208,255,2026-10-31,2026-09-30
550.0,269,547,2026-10-31,2026-09-30
555.0,111,139,2026-10-31,2026-09-30
560.0,210,362,2026-10-31,2026-09-30
565.0,128,141,2026-10-31,2026-09-30
570.0,163,206,2026-10-31,2026-09-30
575.0,89,465,2026-10-31,2026-09-30
580.0,191,474,2026-10-31,2026-09-30
585.0,63,114,2026-10-31,2026-09-30
590.0,81,166,2026-10-31,2026-09-30
595.0,92,158,2026-10-31,2026-09-30
600.0,577,280,2026-10-31,2026-09-30
605.0,198,94,2026-10-31,2026-09-30
610.0,353,139,2026-10-31,2026-09-30
615.0,300,591,2026-10-31,2026-09-30
620.0,505,115,2026-10-31,2026-09-30
625.0,548,70,2026-10-31,2026-09-30
630.0,502,139,2026-10-31,2026-09-30
635.0,354,16,2026-10-31,2026-09-30
640.0,453,86,2026-10-31,2026-09-30
645.0,264,21,2026-10-31,2026-09-30
650.0,512,29,2026-10-31,2026-09-30
655.0,99,13,2026-10-31,2026-09-30
660.0,163,7,2026-10-31,2026-09-30
665.0,96,22,2026-10-31,2026-09-30
670.0,341,8,2026-10-31,2026-09-30
675.0,173,31,2026-10-31,2026-09-30
680.0,367,4,2026-10-31,2026-09-30
685.0,98,14,2026-10-31,2026-09-30
690.0,209,6,2026-10-31,2026-09-30
695.0,138,2,2026-10-31,2026-09-30
700.0,988,19,2026-10-31,2026-09-30
705.0,156,0,2026-10-31,2026-09-30
710.0,205,2,2026-10-31,2026-09-30
720.0,580,0,2026-10-31,2026-09-30
730.0,177,2,2026-10-31,2026-09-30
740.0,126,0,2026-10-31,2026-09-30
750.0,390,0,2026-10-31,2026-09-30
760.0,133,0,2026-10-31,2026-09-30
770.0,134,0,2026-10-31,2026-09-30
780.0,111,0,2026-10-31,2026-09-30
790.0,101,0,2026-10-31,2026-09-30
800.0,285,3,2026-10-31,2026-09-30
810.0,51,0,2026-10-31,2026-09-30
820.0,55,0,2026-10-31,2026-09-30
830.0,126,0,2026-10-31,2026-09-30
840.0,35,0,2026-10-31,2026-09-30
850.0,143,0,2026-10-31,2026-09-30
860.0,41,0,2026-10-31,2026-09-30
870.0,39,0,2026-10-31,2026-09-30
880.0,66,0,2026-10-31,2026-09-30
890.0,39,0,2026-10-31,2026-09-30
900.0,284,0,2026-10-31,2026-09-30
910.0,110,0,2026-10-31,2026-09-30
920.0,128,0,2026-10-31,2026-09-30
930.0,12,0,2026-10-31,2026-09-30
940.0,74,0,2026-10-31,2026-09-30
950.0,26,0,2026-10-31,2026-09-30
960.0,219,0,2026-10-31,2026-09-30
610.0,3000,3000,2026-11-03,2026-09-30
620.0,3500,3500,2026-11-03,2026-09-30
489.03,9300,9300,2026-11-04,2026-09-30
523.02,13018,13018,2026-11-04,2026-09-30
40.0,0,0,2026-11-07,2026-09-30
50.0,0,0,2026-11-07,2026-09-30
60.0,0,0,2026-11-07,2026-09-30
70.0,0,0,2026-11-07,2026-09-30
80.0,0,0,2026-11-07,2026-09-30
90.0,0,0,2026-11-07,2026-09-30
100.0,0,0,2026-11-07,2026-09-30
110.0,0,0,2026-11-07,2026-09-30
120.0,0,0,2026-11-07,2026-09-30
130.0,0,0,2026-11-07,2026-09-30
140.0,0,0,2026-11-07,2026-09-30
150.0,0,0,2026-11-07,2026-09-30
160.0,1,0,2026-11-07,2026-09-30
170.0,0,0,2026-11-07,2026-09-30
180.0,2,0,2026-11-07,2026-09-30
190.0,2,0,2026-11-07,2026-09-30
200.0,0,7,2026-11-07,2026-09-30
210.0,0,0,2026-11-07,2026-09-30
220.0,0,2,2026-11-07,2026-09-30
230.0,1,2,2026-11-07,2026-09-30
240.0,0,4,2026-11-07,2026-09-30
250.0,0,13,2026-11-07,2026-09-30
260.0,0,22,2026-11-07,2026-09-30
270.0,1,3,2026-11-07,2026-09-30
280.0,2,0,2026-11-07,2026-09-30
290.0,0,9,2026-11-07,2026-09-30
300.0,3,3,2026-11-07,2026-09-30
310.0,0,8,2026-11-07,2026-09-30
315.0,0,0,2026-11-07,2026-09-30
320.0,0,0,2026-11-07,2026-09-30
325.0,0,0,2026-11-07,2026-09-30
330.0,1,46,2026-11-07,2026-09-30
335.0,0,31,2026-11-07,2026-09-30
340.0,0,10,2026-11-07,2026-09-30
345.0,0,21,2026-11-07,2026-09-30
350.0,0,32,2026-11-07,2026-09-30
355.0,0,5,2026-11-07,2026-09-30
360.0,10,14,2026-11-07,2026-09-30
365.0,0,0,2026-11-07,2026-09-30
370.0,0,8,2026-11-07,2026-09-30
375.0,0,5,2026-11-07,2026-09-30
380.0,0,82,2026-11-07,2026-09-30
385.0,0,18,2026-11-07,2026-09-30
390.0,0,15,2026-11-07,2026-09-30
395.0,0,5,2026-11-07,2026-09-30
400.0,3,14,2026-11-07,2026-09-30
405.0,0,1,2026-11-07,2026-09-30
410.0,0,3,2026-11-07,2026-09-30
415.0,0,0,2026-11-07,2026-09-30
420.0,0,1,2026-11-07,2026-09-30
425.0,0,1,2026-11-07,2026-09-30
430.0,1,4,2026-11-07,2026-09-30
435.0,0,2,2026-11-07,2026-09-30
440.0,1,2,2026-11-07,2026-09-30
445.0,0,1,2026-11-07,2026-09-30
450.0,2,39,2026-11-07,2026-09-30
455.0,0,1,2026-11-07,2026-09-30
460.0,5,7,2026-11-07,2026-09-30
465.0,0,29,2026-11-07,2026-09-30
470.0,0,57,2026-11-07,2026-09-30
475.0,1,13,2026-11-07,2026-09-30
480.0,1,59,2026-11-07,2026-09-30
485.0,0,17,2026-11-07,2026-09-30
490.0,1,34,2026-11-07,2026-09-30
495.0,4,44,2026-11-07,2026-09-30
500.0,20,93,2026-11-07,2026-09-30
505.0,22,35,2026-11-07,2026-09-30
510.0,1,24,2026-11-07,2026-09-30
515.0,10,39,2026-11-07,2026-09-30
520.0,4,112,2026-11-07,2026-09-30
525.0,5,39,2026-11-07,2026-09-30
530.0,7,78,2026-11-07,2026-09-30
535.0,375,375,2026-11-07,2026-09-30
535.0,1,30,2026-11-07,2026-09-30
540.0,10,96,2026-11-07,2026-09-30
545.0,13,83,2026-11-07,2026-09-30
550.0,20,83,2026-11-07,2026-09-30
555.0,3,52,2026-11-07,2026-09-30
560.0,22,109,2026-11-07,2026-09-30
565.0,21,35,2026-11-07,2026-09-30
570.0,24,37,2026-11-07,2026-09-30
575.0,7,108,2026-11-07,2026-09-30
580.0,10,62,2026-11-07,2026-09-30
585.0,14,23,2026-11-07,2026-09-30
590.0,8,28,2026-11-07,2026-09-30
595.0,18,16,2026-11-07,2026-09-30
600.0,169,32,2026-11-07,2026-09-30
605.0,23,62,2026-11-07,2026-09-30
610.0,77,92,2026-11-07,2026-09-30
615.0,29,41,2026-11-07,2026-09-30
620.0,41,113,2026-11-07,2026-09-30
625.0,133,37,2026-11-07,2026-09-30
630.0,123,17,2026-11-07,2026-09-30
635.0,40,5,2026-11-07,2026-09-30
640.0,80,10,2026-11-07,2026-09-30
645.0,38,6,2026-11-07,2026-09-30
650.0,58,6,2026-11-07,2026-09-30
655.0,24,2,2026-11-07,2026-09-30
660.0,47,0,2026-11-07,2026-09-30
665.0,19,0,2026-11-07,2026-09-30
670.0,91,23,2026-11-07,2026-09-30
675.0,21,0,2026-11-07,2026-09-30
680.0,71,1,2026-11-07,2026-09-30
685.0,109,7,2026-11-07,2026-09-30
690.0,22,0,2026-11-07,2026-09-30
695.0,26,0,2026-11-07,2026-09-30
700.0,57,0,2026-11-07,2026-09-30
705.0,151,0,2026-11-07,2026-09-30
710.0,33,0,2026-11-07,2026-09-30
720.0,42,0,2026-11-07,2026-09-30
730.0,22,2,2026-11-07,2026-09-30
740.0,21,0,2026-11-07,2026-09-30
750.0,25,0,2026-11-07,2026-09-30
760.0,15,1,2026-11-07,2026-09-30
770.0,120,0,2026-11-07,2026-09-30
780.0,7,0,2026-11-07,2026-09-30
790.0,8,0,2026-11-07,2026-09-30
800.0,23,0,2026-11-07,2026-09-30
810.0,34,0,2026-11-07,2026-09-30
820.0,17,0,2026-11-07,2026-09-30
830.0,4,0,2026-11-07,2026-09-30
840.0,53,0,2026-11-07,2026-09-30
850.0,28,0,2026-11-07,2026-09-30
860.0,5,0,2026-11-07,2026-09-30
870.0,311,0,2026-11-07,2026-09-30
880.0,4,0,2026-11-07,2026-09-30
890.0,14,0,2026-11-07,2026-09-30
900.0,8,0,2026-11-07,2026-09-30
910.0,10,0,2026-11-07,2026-09-30
920.0,0,0,2026-11-07,2026-09-30
930.0,8,0,2026-11-07,2026-09-30
940.0,2,0,2026-11-07,2026-09-30
950.0,4,0,2026-11-07,2026-09-30
960.0,83,0,2026-11-07,2026-09-30
600.0,1000,1000,2026-11-14,2026-09-30
100.0,158,1211,2026-11-21,2026-09-30
105.0,107,594,2026-11-21,2026-09-30
110.0,59,359,2026-11-21,2026-09-30
115.0,68,202,2026-11-21,2026-09-30
120.0,168,1305,2026-11-21,2026-09-30
125.0,119,540,2026-11-21,2026-09-30
130.0,66,1921,2026-11-21,2026-09-30
135.0,112,609,2026-11-21,2026-09-30
140.0,244,2931,2026-11-21,2026-09-30
145.0,213,268,2026-11-21,2026-09-30
150.0,258,1388,2026-11-21,2026-09-30
155.0,119,1076,2026-11-21,2026-09-30
160.0,106,3218,2026-11-21,2026-09-30
165.0,140,1554,2026-11-21,2026-09-30
170.0,126,1057,2026-11-21,2026-09-30
175.0,97,831,2026-11-21,2026-09-30
180.0,170,1077,2026-11-21,2026-09-30
185.0,122,1040,2026-11-21,2026-09-30
190.0,117,4879,2026-11-21,2026-09-30
195.0,412,986,2026-11-21,2026-09-30
200.0,449,4004,2026-11-21,2026-09-30
210.0,227,4770,2026-11-21,2026-09-30
220.0,921,1571,2026-11-21,2026-09-30
230.0,960,1175,2026-11-21,2026-09-30
240.0,16665,1609,2026-11-21,2026-09-30
250.0,9,0,2026-11-21,2026-09-30
250.0,1630,2127,2026-11-21,2026-09-30
260.0,9681,1718,2026-11-21,2026-09-30
270.0,806,941,2026-11-21,2026-09-30
280.0,1240,521,2026-11-21,2026-09-30
290.0,504,1111,2026-11-21,2026-09-30
300.0,1244,2483,2026-11-21,2026-09-30
310.0,512,996,2026-11-21,2026-09-30
320.0,284,1594,2026-11-21,2026-09-30
330.0,756,3349,2026-11-21,2026-09-30
340.0,632,1298,2026-11-21,2026-09-30
350.0,922,3716,2026-11-21,2026-09-30
360.0,577,3408,2026-11-21,2026-09-30
370.0,464,1669,2026-11-21,2026-09-30
380.0,666,2244,2026-11-21,2026-09-30
390.0,554,1389,2026-11-21,2026-09-30
400.0,901,4343,2026-11-21,2026-09-30
410.0,294,4326,2026-11-21,2026-09-30
420.0,421,1213,2026-11-21,2026-09-30
430.0,6367,12135,2026-11-21,2026-09-30
440.0,330,2629,2026-11-21,2026-09-30
450.0,678,3667,2026-11-21,2026-09-30
460.0,459,2396,2026-11-21,2026-09-30
470.0,800,2580,2026-11-21,2026-09-30
480.0,2500,2500,2026-11-21,2026-09-30
480.0,906,1840,2026-11-21,2026-09-30
490.0,2040,2040,2026-11-21,2026-09-30
490.0,685,2015,2026-11-21,2026-09-30
500.0,300,300,2026-11-21,2026-09-30
500.0,2768,3973,2026-11-21,2026-09-30
510.0,1286,917,2026-11-21,2026-09-30
520.0,1944,1270,2026-11-21,2026-09-30
530.0,1215,1104,2026-11-21,2026-09-30
540.0,1446,1554,2026-11-21,2026-09-30
550.0,3002,4503,2026-11-21,2026-09-30
560.0,809,5338,2026-11-21,2026-09-30
570.0,10,0,2026-11-21,2026-09-30
570.0,773,924,2026-11-21,2026-09-30
580.0,2456,636,2026-11-21,2026-09-30
590.0,1500,248,2026-11-21,2026-09-30
600.0,3673,1779,2026-11-21,2026-09-30
610.0,1000,1000,2026-11-21,2026-09-30
610.0,2081,541,2026-11-21,2026-09-30
615.0,1250,1250,2026-11-21,2026-09-30
620.0,2682,419,2026-11-21,2026-09-30
630.0,3842,540,2026-11-21,2026-09-30
640.0,1018,202,2026-11-21,2026-09-30
650.0,2868,214,2026-11-21,2026-09-30
660.0,1468,130,2026-11-21,2026-09-30
670.0,1109,95,2026-11-21,2026-09-30
680.0,1126,66,2026-11-21,2026-09-30
690.0,1351,77,2026-11-21,2026-09-30
700.0,3921,117,2026-11-21,2026-09-30
710.0,579,68,2026-11-21,2026-09-30
720.0,1171,98,2026-11-21,2026-09-30
730.0,596,79,2026-11-21,2026-09-30
740.0,322,183,2026-11-21,2026-09-30
750.0,4361,11,2026-11-21,2026-09-30
760.0,577,60,2026-11-21,2026-09-30
770.0,757,15,2026-11-21,2026-09-30
780.0,384,1,2026-11-21,2026-09-30
790.0,263,0,2026-11-21,2026-09-30
800.0,3214,5,2026-11-21,2026-09-30
810.0,1112,0,2026-11-21,2026-09-30
820.0,1240,0,2026-11-21,2026-09-30
830.0,830,0,2026-11-21,2026-09-30
840.0,320,0,2026-11-21,2026-09-30
850.0,1114,5,2026-11-21,2026-09-30
860.0,263,1,2026-11-21,2026-09-30
870.0,945,1,2026-11-21,2026-09-30
880.0,369,0,2026-11-21,2026-09-30
890.0,351,20,2026-11-21,2026-09-30
900.0,1854,1,2026-11-21,2026-09-30
910.0,470,17,2026-11-21,2026-09-30
920.0,121,3,2026-11-21,2026-09-30
930.0,496,1,2026-11-21,2026-09-30
940.0,161,0,2026-11-21,2026-09-30
950.0,435,10,2026-11-21,2026-09-30
960.0,163,0,2026-11-21,2026-09-30
970.0,290,0,2026-11-21,2026-09-30
980.0,295,0,2026-11-21,2026-09-30
990.0,324,0,2026-11-21,2026-09-30
1000.0,564,0,2026-11-21,2026-09-30
1010.0,255,0,2026-11-21,2026-09-30
1020.0,246,0,2026-11-21,2026-09-30
1030.0,56,0,2026-11-21,2026-09-30
1040.0,187,0,2026-11-21,2026-09-30
1050.0,323,0,2026-11-21,2026-09-30
1060.0,193,0,2026-11-21,2026-09-30
1070.0,128,0,2026-11-21,2026-09-30
1080.0,142,0,2026-11-21,2026-09-30
1090.0,171,0,2026-11-21,2026-09-30
1100.0,147,0,2026-11-21,2026-09-30
1110.0,264,0,2026-11-21,2026-09-30
1120.0,1173,0,2026-11-21,2026-09-30
5.0,1144,52,2026-12-19,2026-09-30
10.0,4,18,2026-12-19,2026-09-30
15.0,0,201,2026-12-19,2026-09-30
20.0,956,525,2026-12-19,2026-09-30
25.0,212,864,2026-12-19,2026-09-30
30.0,208,188,2026-12-19,2026-09-30
35.0,9,970,2026-12-19,2026-09-30
40.0,13,252,2026-12-19,2026-09-30
45.0,101,1117,2026-12-19,2026-09-30
50.0,210,686,2026-12-19,2026-09-30
55.0,51,2114,2026-12-19,2026-09-30
60.0,160,1942,2026-12-19,2026-09-30
65.0,220,522,2026-12-19,2026-09-30
70.0,298,1092,2026-12-19,2026-09-30
75.0,329,1390,2026-12-19,2026-09-30
80.0,232,2423,2026-12-19,2026-09-30
85.0,1297,1733,2026-12-19,2026-09-30
90.0,646,4231,2026-12-19,2026-09-30
95.0,1175,1298,2026-12-19,2026-09-30
100.0,1908,12205,2026-12-19,2026-09-30
105.0,484,1123,2026-12-19,2026-09-30
110.0,1108,3229,2026-12-19,2026-09-30
115.0,740,2328,2026-12-19,2026-09-30
120.0,1080,6719,2026-12-19,2026-09-30
125.0,1106,2179,2026-12-19,2026-09-30
130.0,2226,2554,2026-12-19,2026-09-30
135.0,3859,1676,2026-12-19,2026-09-30
140.0,5081,6382,2026-12-19,2026-09-30
145.0,2184,2314,2026-12-19,2026-09-30
150.0,1494,3742,2026-12-19,2026-09-30
155.0,850,1283,2026-12-19,2026-09-30
160.0,1000,4057,2026-12-19,2026-09-30
165.0,1638,2062,2026-12-19,2026-09-30
170.0,1115,9218,2026-12-19,2026-09-30
175.0,534,2056,2026-12-19,2026-09-30
180.0,1038,2327,2026-12-19,2026-09-30
185.0,823,1328,2026-12-19,2026-09-30
190.0,1889,2288,2026-12-19,2026-09-30
195.0,1340,1409,2026-12-19,2026-09-30
200.0,2500,2500,2026-12-19,2026-09-30
200.0,2359,4888,2026-12-19,2026-09-30
210.0,1946,1979,2026-12-19,2026-09-30
215.0,0,0,2026-12-19,2026-09-30
220.0,1529,1775,2026-12-19,2026-09-30
230.0,1936,1948,2026-12-19,2026-09-30
235.0,5000,5000,2026-12-19,2026-09-30
240.0,2453,1614,2026-12-19,2026-09-30
250.0,2014,2738,2026-12-19,2026-09-30
260.0,1566,1703,2026-12-19,2026-09-30
270.0,2053,1459,2026-12-19,2026-09-30
280.0,2053,2707,2026-12-19,2026-09-30
290.0,1580,1913,2026-12-19,2026-09-30
300.0,3893,3952,2026-12-19,2026-09-30
310.0,2326,1021,2026-12-19,2026-09-30
320.0,1063,1406,2026-12-19,2026-09-30
330.0,1614,2016,2026-12-19,2026-09-30
340.0,1639,2328,2026-12-19,2026-09-30
350.0,5176,2754,2026-12-19,2026-09-30
360.0,2254,1229,2026-12-19,2026-09-30
370.0,1629,1557,2026-12-19,2026-09-30
380.0,1453,2063,2026-12-19,2026-09-30
390.0,4180,1754,2026-12-19,2026-09-30
400.0,4625,8989,2026-12-19,2026-09-30
410.0,820,1756,2026-12-19,2026-09-30
420.0,997,2569,2026-12-19,2026-09-30
430.0,649,1178,2026-12-19,2026-09-30
440.0,568,1384,2026-12-19,2026-09-30
450.0,1297,2649,2026-12-19,2026-09-30
460.0,595,1920,2026-12-19,2026-09-30
470.0,549,1546,2026-12-19,2026-09-30
480.0,2459,1146,2026-12-19,2026-09-30
490.0,1198,1292,2026-12-19,2026-09-30
500.0,2500,2500,2026-12-19,2026-09-30
500.0,3457,3705,2026-12-19,2026-09-30
510.0,752,459,2026-12-19,2026-09-30
520.0,1442,662,2026-12-19,2026-09-30
530.0,1628,772,2026-12-19,2026-09-30
540.0,573,905,2026-12-19,2026-09-30
550.0,2166,1128,2026-12-19,2026-09-30
560.0,556,347,2026-12-19,2026-09-30
570.0,509,842,2026-12-19,2026-09-30
580.0,910,625,2026-12-19,2026-09-30
590.0,403,245,2026-12-19,2026-09-30
600.0,4274,1253,2026-12-19,2026-09-30
610.0,2362,686,2026-12-19,2026-09-30
620.0,1052,550,2026-12-19,2026-09-30
630.0,3288,159,2026-12-19,2026-09-30
640.0,1834,135,2026-12-19,2026-09-30
650.0,1653,358,2026-12-19,2026-09-30
660.0,1369,42,2026-12-19,2026-09-30
670.0,1156,60,2026-12-19,2026-09-30
680.0,1827,80,2026-12-19,2026-09-30
690.0,630,134,2026-12-19,2026-09-30
700.0,2870,3708,2026-12-19,2026-09-30
710.0,638,97,2026-12-19,2026-09-30
720.0,1551,22,2026-12-19,2026-09-30
730.0,392,10,2026-12-19,2026-09-30
740.0,2035,7,2026-12-19,2026-09-30
750.0,2881,2,2026-12-19,2026-09-30
760.0,1236,5,2026-12-19,2026-09-30
770.0,245,13,2026-12-19,2026-09-30
780.0,498,37,2026-12-19,2026-09-30
790.0,163,173,2026-12-19,2026-09-30
800.0,2149,17,2026-12-19,2026-09-30
810.0,188,12,2026-12-19,2026-09-30
820.0,363,5,2026-12-19,2026-09-30
830.0,387,7,2026-12-19,2026-09-30
840.0,185,0,2026-12-19,2026-09-30
850.0,1422,0,2026-12-19,2026-09-30
860.0,695,2,2026-12-19,2026-09-30
870.0,328,0,2026-12-19,2026-09-30
880.0,864,6,2026-12-19,2026-09-30
890.0,988,1,2026-12-19,2026-09-30
900.0,2716,6,2026-12-19,2026-09-30
910.0,611,5,2026-12-19,2026-09-30
920.0,239,0,2026-12-19,2026-09-30
930.0,757,1,2026-12-19,2026-09-30
940.0,180,0,2026-12-19,2026-09-30
950.0,388,3,2026-12-19,2026-09-30
960.0,513,11,2026-12-19,2026-09-30
970.0,1139,0,2026-12-19,2026-09-30
980.0,232,1,2026-12-19,2026-09-30
990.0,354,0,2026-12-19,2026-09-30
1000.0,788,3,2026-12-19,2026-09-30
1010.0,135,0,2026-12-19,2026-09-30
1020.0,244,0,2026-12-19,2026-09-30
1030.0,261,0,2026-12-19,2026-09-30
1040.0,60,0,2026-12-19,2026-09-30
1050.0,263,0,2026-12-19,2026-09-30
1060.0,416,0,2026-12-19,2026-09-30
1070.0,183,0,2026-12-19,2026-09-30
1080.0,201,0,2026-12-19,2026-09-30
1090.0,494,0,2026-12-19,2026-09-30
1100.0,692,0,2026-12-19,2026-09-30
1110.0,175,0,2026-12-19,2026-09-30
1120.0,2594,0,2026-12-19,2026-09-30
176.44,0,100,2026-12-29,2026-09-30
196.04,0,100,2026-12-29,2026-09-30
230.01,33600,33600,2027-01-15,2026-09-30
570.04,23300,23300,2027-01-15,2026-09-30
5.0,7731,4383,2027-01-16,2026-09-30
10.0,52,94,2027-01-16,2026-09-30
15.0,3,24,2027-01-16,2026-09-30
20.0,46,65,2027-01-16,2026-09-30
25.0,320,895,2027-01-16,2026-09-30
30.0,199,412,2027-01-16,2026-09-30
35.0,116,249,2027-01-16,2026-09-30
40.0,122,584,2027-01-16,2026-09-30
45.0,32,1128,2027-01-16,2026-09-30
50.0,686,5631,2027-01-16,2026-09-30
55.0,57,3141,2027-01-16,2026-09-30
60.0,167,4290,2027-01-16,2026-09-30
65.0,575,867,2027-01-16,2026-09-30
70.0,5147,7018,2027-01-16,2026-09-30
75.0,1944,5410,2027-01-16,2026-09-30
80.0,1380,5974,2027-01-16,2026-09-30
85.0,339,3741,2027-01-16,2026-09-30
90.0,6500,6500,2027-01-16,2026-09-30
90.0,9308,10283,2027-01-16,2026-09-30
95.0,1409,3351,2027-01-16,2026-09-30
100.0,7880,10870,2027-01-16,2026-09-30
105.0,788,7282,2027-01-16,2026-09-30
110.0,2668,8006,2027-01-16,2026-09-30
115.0,2036,2794,2027-01-16,2026-09-30
120.0,1516,15683,2027-01-16,2026-09-30
125.0,1534,2928,2027-01-16,2026-09-30
130.0,1390,6553,2027-01-16,2026-09-30
135.0,1570,2507,2027-01-16,2026-09-30
140.0,1587,9387,2027-01-16,2026-09-30
145.0,1089,3985,2027-01-16,2026-09-30
147.5,210,0,2027-01-16,2026-09-30
150.0,3063,13663,2027-01-16,2026-09-30
155.0,1246,1776,2027-01-16,2026-09-30
160.0,1049,4689,2027-01-16,2026-09-30
165.0,841,3400,2027-01-16,2026-09-30
170.0,1081,3808,2027-01-16,2026-09-30
175.0,1031,2404,2027-01-16,2026-09-30
180.0,3142,6048,2027-01-16,2026-09-30
185.0,1215,2688,2027-01-16,2026-09-30
190.0,1034,1751,2027-01-16,2026-09-30
195.0,815,1676,2027-01-16,2026-09-30
200.0,9065,10295,2027-01-16,2026-09-30
210.0,2000,2000,2027-01-16,2026-09-30
210.0,1727,4061,2027-01-16,2026-09-30
220.0,1000,1000,2027-01-16,2026-09-30
220.0,3940,3680,2027-01-16,2026-09-30
230.0,2839,4065,2027-01-16,2026-09-30
230.01,33600,33600,2027-01-16,2026-09-30
240.0,4232,4717,2027-01-16,2026-09-30
250.0,12384,10617,2027-01-16,2026-09-30
260.0,3051,4340,2027-01-16,2026-09-30
270.0,4345,2392,2027-01-16,2026-09-30
280.0,2720,2726,2027-01-16,2026-09-30
290.0,6283,2814,2027-01-16,2026-09-30
300.0,8287,8297,2027-01-16,2026-09-30
300.01,1500,0,2027-01-16,2026-09-30
310.0,4065,4586,2027-01-16,2026-09-30
320.0,1870,4256,2027-01-16,2026-09-30
330.0,2570,2861,2027-01-16,2026-09-30
330.01,1500,0,2027-01-16,2026-09-30
340.0,1200,5306,2027-01-16,2026-09-30
350.0,15000,15000,2027-01-16,2026-09-30
350.0,1880,4091,2027-01-16,2026-09-30
360.0,1238,4304,2027-01-16,2026-09-30
370.0,2359,2903,2027-01-16,2026-09-30
380.0,1365,5249,2027-01-16,2026-09-30
390.0,930,4225,2027-01-16,2026-09-30
400.0,4319,8797,2027-01-16,2026-09-30
410.0,1115,2587,2027-01-16,2026-09-30
420.0,2449,1829,2027-01-16,2026-09-30
430.0,794,1893,2027-01-16,2026-09-30
440.0,745,3298,2027-01-16,2026-09-30
450.0,550,550,2027-01-16,2026-09-30
450.0,3383,3700,2027-01-16,2026-09-30
457.5,0,0,2027-01-16,2026-09-30
460.0,1200,1208,2027-01-16,2026-09-30
460.0,1278,2790,2027-01-16,2026-09-30
470.0,1170,1170,2027-01-16,2026-09-30
470.0,753,1180,2027-01-16,2026-09-30
480.0,2206,2004,2027-01-16,2026-09-30
490.0,1154,1391,2027-01-16,2026-09-30
500.0,5571,6351,2027-01-16,2026-09-30
510.0,760,1070,2027-01-16,2026-09-30
520.0,8,0,2027-01-16,2026-09-30
520.0,2794,1845,2027-01-16,2026-09-30
530.0,2214,2249,2027-01-16,2026-09-30
540.0,2450,1460,2027-01-16,2026-09-30
540.01,5000,0,2027-01-16,2026-09-30
550.0,4586,897,2027-01-16,2026-09-30
560.0,1865,1067,2027-01-16,2026-09-30
570.0,921,986,2027-01-16,2026-09-30
580.0,1275,460,2027-01-16,2026-09-30
580.01,3700,0,2027-01-16,2026-09-30
590.0,1474,237,2027-01-16,2026-09-30
600.0,6857,1257,2027-01-16,2026-09-30
610.0,683,831,2027-01-16,2026-09-30
620.0,2107,457,2027-01-16,2026-09-30
630.0,694,415,2027-01-16,2026-09-30
640.0,2554,429,2027-01-16,2026-09-30
650.0,3140,741,2027-01-16,2026-09-30
660.0,3486,191,2027-01-16,2026-09-30
670.0,514,29,2027-01-16,2026-09-30
680.0,1711,39,2027-01-16,2026-09-30
690.0,498,104,2027-01-16,2026-09-30
700.0,3746,1327,2027-01-16,2026-09-30
710.0,762,9,2027-01-16,2026-09-30
720.0,1588,26,2027-01-16,2026-09-30
730.0,3165,48,2027-01-16,2026-09-30
740.0,1467,23,2027-01-16,2026-09-30
750.0,4795,227,2027-01-16,2026-09-30
760.0,792,8,2027-01-16,2026-09-30
770.0,1055,12,2027-01-16,2026-09-30
780.0,1879,4,2027-01-16,2026-09-30
790.0,531,6,2027-01-16,2026-09-30
800.0,3254,29,2027-01-16,2026-09-30
810.0,457,33,2027-01-16,2026-09-30
820.0,2383,35,2027-01-16,2026-09-30
830.0,205,5,2027-01-16,2026-09-30
840.0,316,0,2027-01-16,2026-09-30
850.0,502,0,2027-01-16,2026-09-30
860.0,360,1,2027-01-16,2026-09-30
870.0,140,0,2027-01-16,2026-09-30
880.0,438,0,2027-01-16,2026-09-30
890.0,1055,0,2027-01-16,2026-09-30
900.0,3067,0,2027-01-16,2026-09-30
910.0,1980,1,2027-01-16,2026-09-30
920.0,230,0,2027-01-16,2026-09-30
930.0,615,0,2027-01-16,2026-09-30
940.0,179,0,2027-01-16,2026-09-30
950.0,1888,0,2027-01-16,2026-09-30
960.0,312,0,2027-01-16,2026-09-30
970.0,681,0,2027-01-16,2026-09-30
980.0,1865,1,2027-01-16,2026-09-30
990.0,153,0,2027-01-16,2026-09-30
1000.0,1917,4,2027-01-16,2026-09-30
1010.0,458,0,2027-01-16,2026-09-30
1020.0,223,0,2027-01-16,2026-09-30
1030.0,145,0,2027-01-16,2026-09-30
1040.0,202,1,2027-01-16,2026-09-30
1050.0,413,0,2027-01-16,2026-09-30
1060.0,154,0,2027-01-16,2026-09-30
1070.0,383,0,2027-01-16,2026-09-30
1080.0,435,0,2027-01-16,2026-09-30
1090.0,709,0,2027-01-16,2026-09-30
1100.0,231,0,2027-01-16,2026-09-30
1110.0,960,0,2027-01-16,2026-09-30
1120.0,4348,0,2027-01-16,2026-09-30
350.0,15000,15000,2027-01-20,2026-09-30
200.0,14,391,2027-02-20,2026-09-30
210.0,54,108,2027-02-20,2026-09-30
220.0,14,194,2027-02-20,2026-09-30
230.0,20,93,2027-02-20,2026-09-30
240.0,15,95,2027-02-20,2026-09-30
250.0,22,360,2027-02-20,2026-09-30
260.0,12,304,2027-02-20,2026-09-30
270.0,22,757,2027-02-20,2026-09-30
280.0,45,146,2027-02-20,2026-09-30
290.0,40,1159,2027-02-20,2026-09-30
300.0,25,1269,2027-02-20,2026-09-30
310.0,27,465,2027-02-20,2026-09-30
320.0,25,621,2027-02-20,2026-09-30
330.0,10,1036,2027-02-20,2026-09-30
340.0,16,553,2027-02-20,2026-09-30
350.0,25,982,2027-02-20,2026-09-30
360.0,34,1258,2027-02-20,2026-09-30
370.0,70,855,2027-02-20,2026-09-30
380.0,22,1081,2027-02-20,2026-09-30
390.0,65,681,2027-02-20,2026-09-30
400.0,147,2251,2027-02-20,2026-09-30
410.0,34,1689,2027-02-20,2026-09-30
420.0,179,2376,2027-02-20,2026-09-30
430.0,144,393,2027-02-20,2026-09-30
440.0,97,296,2027-02-20,2026-09-30
450.0,203,1688,2027-02-20,2026-09-30
460.0,255,964,2027-02-20,2026-09-30
470.0,142,394,2027-02-20,2026-09-30
480.0,195,708,2027-02-20,2026-09-30
490.0,156,584,2027-02-20,2026-09-30
500.0,377,705,2027-02-20,2026-09-30
510.0,711,567,2027-02-20,2026-09-30
520.0,451,287,2027-02-20,2026-09-30
530.0,471,174,2027-02-20,2026-09-30
540.0,322,176,2027-02-20,2026-09-30
550.0,464,323,2027-02-20,2026-09-30
560.0,343,137,2027-02-20,2026-09-30
570.0,611,149,2027-02-20,2026-09-30
580.0,527,154,2027-02-20,2026-09-30
590.0,388,353,2027-02-20,2026-09-30
600.0,909,137,2027-02-20,2026-09-30
610.0,239,431,2027-02-20,2026-09-30
620.0,1193,244,2027-02-20,2026-09-30
630.0,174,12,2027-02-20,2026-09-30
640.0,605,22,2027-02-20,2026-09-30
650.0,2233,15,2027-02-20,2026-09-30
660.0,651,8,2027-02-20,2026-09-30
670.0,206,4,2027-02-20,2026-09-30
680.0,1985,32,2027-02-20,2026-09-30
690.0,513,27,2027-02-20,2026-09-30
700.0,804,79,2027-02-20,2026-09-30
710.0,127,45,2027-02-20,2026-09-30
720.0,373,11,2027-02-20,2026-09-30
730.0,173,47,2027-02-20,2026-09-30
740.0,605,2,2027-02-20,2026-09-30
750.0,1033,40,2027-02-20,2026-09-30
760.0,100,12,2027-02-20,2026-09-30
770.0,66,4,2027-02-20,2026-09-30
780.0,2014,7,2027-02-20,2026-09-30
790.0,148,32,2027-02-20,2026-09-30
800.0,1041,30,2027-02-20,2026-09-30
810.0,254,33,2027-02-20,2026-09-30
820.0,237,8,2027-02-20,2026-09-30
830.0,100,2,2027-02-20,2026-09-30
840.0,1499,0,2027-02-20,2026-09-30
850.0,444,0,2027-02-20,2026-09-30
860.0,181,0,2027-02-20,2026-09-30
870.0,214,1,2027-02-20,2026-09-30
880.0,393,0,2027-02-20,2026-09-30
890.0,247,0,2027-02-20,2026-09-30
900.0,1083,0,2027-02-20,2026-09-30
910.0,329,0,2027-02-20,2026-09-30
920.0,102,0,2027-02-20,2026-09-30
930.0,185,0,2027-02-20,2026-09-30
940.0,58,0,2027-02-20,2026-09-30
950.0,582,0,2027-02-20,2026-09-30
960.0,103,0,2027-02-20,2026-09-30
970.0,260,0,2027-02-20,2026-09-30
980.0,658,0,2027-02-20,2026-09-30
234.62,1384,0,2027-03-05,2026-09-30
25.0,1,12,2027-03-20,2026-09-30
30.0,0,1,2027-03-20,2026-09-30
35.0,0,7,2027-03-20,2026-09-30
40.0,1,6,2027-03-20,2026-09-30
45.0,3,185,2027-03-20,2026-09-30
50.0,6,130,2027-03-20,2026-09-30
55.0,2,125,2027-03-20,2026-09-30
60.0,2,130,2027-03-20,2026-09-30
65.0,2,221,2027-03-20,2026-09-30
70.0,12,314,2027-03-20,2026-09-30
75.0,2,164,2027-03-20,2026-09-30
80.0,9,118,2027-03-20,2026-09-30
85.0,4,299,2027-03-20,2026-09-30
90.0,12,219,2027-03-20,2026-09-30
95.0,9,444,2027-03-20,2026-09-30
100.0,29,669,2027-03-20,2026-09-30
105.0,25,332,2027-03-20,2026-09-30
110.0,19,234,2027-03-20,2026-09-30
115.0,4,216,2027-03-20,2026-09-30
120.0,79,282,2027-03-20,2026-09-30
125.0,56,210,2027-03-20,2026-09-30
130.0,13,2207,2027-03-20,2026-09-30
135.0,42,490,2027-03-20,2026-09-30
140.0,76,432,2027-03-20,2026-09-30
145.0,57,1857,2027-03-20,2026-09-30
150.0,75,1491,2027-03-20,2026-09-30
155.0,86,444,2027-03-20,2026-09-30
160.0,101,1718,2027-03-20,2026-09-30
165.0,70,605,2027-03-20,2026-09-30
170.0,53,3720,2027-03-20,2026-09-30
175.0,64,533,2027-03-20,2026-09-30
180.0,82,975,2027-03-20,2026-09-30
185.0,36,477,2027-03-20,2026-09-30
190.0,219,1594,2027-03-20,2026-09-30
195.0,119,589,2027-03-20,2026-09-30
200.0,339,3943,2027-03-20,2026-09-30
210.0,175,698,2027-03-20,2026-09-30
220.0,307,1702,2027-03-20,2026-09-30
230.0,551,693,2027-03-20,2026-09-30
240.0,244,1380,2027-03-20,2026-09-30
250.0,1130,3860,2027-03-20,2026-09-30
260.0,1153,3246,2027-03-20,2026-09-30
270.0,278,1539,2027-03-20,2026-09-30
280.0,708,3341,2027-03-20,2026-09-30
290.0,377,1785,2027-03-20,2026-09-30
300.0,2361,6448,2027-03-20,2026-09-30
310.0,401,1534,2027-03-20,2026-09-30
320.0,353,5193,2027-03-20,2026-09-30
330.0,295,1635,2027-03-20,2026-09-30
340.0,791,2126,2027-03-20,2026-09-30
350.0,1002,5281,2027-03-20,2026-09-30
360.0,840,3362,2027-03-20,2026-09-30
370.0,576,1403,2027-03-20,2026-09-30
380.0,385,2510,2027-03-20,2026-09-30
390.0,225,2503,2027-03-20,2026-09-30
400.0,1685,8324,2027-03-20,2026-09-30
410.0,246,1322,2027-03-20,2026-09-30
420.0,782,2762,2027-03-20,2026-09-30
430.0,252,2459,2027-03-20,2026-09-30
440.0,234,489,2027-03-20,2026-09-30
450.0,1567,2299,2027-03-20,2026-09-30
460.0,270,748,2027-03-20,2026-09-30
470.0,678,687,2027-03-20,2026-09-30
480.0,531,1244,2027-03-20,2026-09-30
490.0,678,609,2027-03-20,2026-09-30
500.0,2506,2335,2027-03-20,2026-09-30
510.0,716,1111,2027-03-20,2026-09-30
520.0,991,902,2027-03-20,2026-09-30
530.0,318,658,2027-03-20,2026-09-30
540.0,842,950,2027-03-20,2026-09-30
550.0,2323,1296,2027-03-20,2026-09-30
560.0,499,373,2027-03-20,2026-09-30
570.0,926,219,2027-03-20,2026-09-30
580.0,1027,441,2027-03-20,2026-09-30
590.0,419,749,2027-03-20,2026-09-30
600.0,3479,836,2027-03-20,2026-09-30
610.0,25,8,2027-03-20,2026-09-30
620.0,1875,399,2027-03-20,2026-09-30
630.0,16,4,2027-03-20,2026-09-30
640.0,1363,153,2027-03-20,2026-09-30
650.0,4,2,2027-03-20,2026-09-30
660.0,2084,305,2027-03-20,2026-09-30
670.0,2,12,2027-03-20,2026-09-30
680.0,1047,52,2027-03-20,2026-09-30
690.0,244,33,2027-03-20,2026-09-30
700.0,2237,554,2027-03-20,2026-09-30
710.0,748,106,2027-03-20,2026-09-30
720.0,1947,139,2027-03-20,2026-09-30
730.0,1647,34,2027-03-20,2026-09-30
740.0,491,13,2027-03-20,2026-09-30
750.0,2289,73,2027-03-20,2026-09-30
760.0,625,29,2027-03-20,2026-09-30
770.0,273,18,2027-03-20,2026-09-30
780.0,3305,10,2027-03-20,2026-09-30
790.0,241,14,2027-03-20,2026-09-30
800.0,2760,12,2027-03-20,2026-09-30
810.0,715,4,2027-03-20,2026-09-30
820.0,1052,1,2027-03-20,2026-09-30
830.0,288,11,2027-03-20,2026-09-30
840.0,455,2,2027-03-20,2026-09-30
850.0,524,0,2027-03-20,2026-09-30
860.0,629,0,2027-03-20,2026-09-30
870.0,187,1,2027-03-20,2026-09-30
880.0,326,0,2027-03-20,2026-09-30
890.0,253,0,2027-03-20,2026-09-30
900.0,1533,16,2027-03-20,2026-09-30
910.0,320,0,2027-03-20,2026-09-30
920.0,402,0,2027-03-20,2026-09-30
930.0,354,0,2027-03-20,2026-09-30
940.0,104,0,2027-03-20,2026-09-30
950.0,438,0,2027-03-20,2026-09-30
960.0,210,0,2027-03-20,2026-09-30
970.0,134,1,2027-03-20,2026-09-30
980.0,150,1,2027-03-20,2026-09-30
990.0,112,0,2027-03-20,2026-09-30
1000.0,1397,45,2027-03-20,2026-09-30
1010.0,408,0,2027-03-20,2026-09-30
1020.0,1475,0,2027-03-20,2026-09-30
1030.0,326,0,2027-03-20,2026-09-30
1040.0,745,0,2027-03-20,2026-09-30
1050.0,336,0,2027-03-20,2026-09-30
1060.0,683,0,2027-03-20,2026-09-30
1070.0,527,0,2027-03-20,2026-09-30
1080.0,336,1,2027-03-20,2026-09-30
1090.0,198,1,2027-03-20,2026-09-30
1100.0,628,0,2027-03-20,2026-09-30
1110.0,430,0,2027-03-20,2026-09-30
1120.0,5197,0,2027-03-20,2026-09-30
198.24,0,100,2027-03-26,2026-09-30
220.27,0,100,2027-03-26,2026-09-30
183.39,0,150,2027-03-30,2026-09-30
240.0,7,236,2027-04-17,2026-09-30
250.0,1,218,2027-04-17,2026-09-30
260.0,3,202,2027-04-17,2026-09-30
270.0,1,78,2027-04-17,2026-09-30
280.0,7,1468,2027-04-17,2026-09-30
290.0,3,94,2027-04-17,2026-09-30
300.0,6,296,2027-04-17,2026-09-30
310.0,13,220,2027-04-17,2026-09-30
320.0,9,120,2027-04-17,2026-09-30
330.0,18,147,2027-04-17,2026-09-30
340.0,6,134,2027-04-17,2026-09-30
350.0,47,55,2027-04-17,2026-09-30
360.0,12,35,2027-04-17,2026-09-30
370.0,9,274,2027-04-17,2026-09-30
380.0,10,302,2027-04-17,2026-09-30
390.0,25,261,2027-04-17,2026-09-30
400.0,34,411,2027-04-17,2026-09-30
410.0,13,77,2027-04-17,2026-09-30
420.0,31,867,2027-04-17,2026-09-30
430.0,72,79,2027-04-17,2026-09-30
440.0,39,356,2027-04-17,2026-09-30
450.0,36,212,2027-04-17,2026-09-30
460.0,330,473,2027-04-17,2026-09-30
470.0,93,23,2027-04-17,2026-09-30
480.0,32,384,2027-04-17,2026-09-30
490.0,109,39,2027-04-17,2026-09-30
500.0,178,161,2027-04-17,2026-09-30
510.0,69,361,2027-04-17,2026-09-30
520.0,61,48,2027-04-17,2026-09-30
530.0,157,79,2027-04-17,2026-09-30
540.0,170,331,2027-04-17,2026-09-30
550.0,236,518,2027-04-17,2026-09-30
560.0,137,94,2027-04-17,2026-09-30
570.0,172,58,2027-04-17,2026-09-30
580.0,167,353,2027-04-17,2026-09-30
590.0,356,293,2027-04-17,2026-09-30
600.0,172,329,2027-04-17,2026-09-30
610.0,174,42,2027-04-17,2026-09-30
620.0,354,133,2027-04-17,2026-09-30
640.0,155,8,2027-04-17,2026-09-30
660.0,206,5,2027-04-17,2026-09-30
680.0,248,10,2027-04-17,2026-09-30
700.0,290,8,2027-04-17,2026-09-30
720.0,153,3,2027-04-17,2026-09-30
740.0,182,2,2027-04-17,2026-09-30
760.0,98,82,2027-04-17,2026-09-30
780.0,126,1,2027-04-17,2026-09-30
800.0,40,0,2027-04-17,2026-09-30
820.0,157,0,2027-04-17,2026-09-30
840.0,465,0,2027-04-17,2026-09-30
860.0,240,0,2027-04-17,2026-09-30
880.0,170,1,2027-04-17,2026-09-30
900.0,215,0,2027-04-17,2026-09-30
920.0,192,0,2027-04-17,2026-09-30
25.0,43,198,2027-06-18,2026-09-30
30.0,39,95,2027-06-18,2026-09-30
35.0,22,255,2027-06-18,2026-09-30
40.0,79,151,2027-06-18,2026-09-30
45.0,4,255,2027-06-18,2026-09-30
50.0,38,147,2027-06-18,2026-09-30
55.0,5,381,2027-06-18,2026-09-30
60.0,66,379,2027-06-18,2026-09-30
65.0,8,564,2027-06-18,2026-09-30
70.0,163,340,2027-06-18,2026-09-30
75.0,43,184,2027-06-18,2026-09-30
80.0,56,658,2027-06-18,2026-09-30
85.0,10,394,2027-06-18,2026-09-30
90.0,64,418,2027-06-18,2026-09-30
95.0,171,425,2027-06-18,2026-09-30
100.0,157,1511,2027-06-18,2026-09-30
105.0,3475,264,2027-06-18,2026-09-30
110.0,125,942,2027-06-18,2026-09-30
115.0,190,1780,2027-06-18,2026-09-30
120.0,2305,7522,2027-06-18,2026-09-30
125.0,220,1005,2027-06-18,2026-09-30
130.0,355,1240,2027-06-18,2026-09-30
135.0,408,502,2027-06-18,2026-09-30
140.0,535,3885,2027-06-18,2026-09-30
145.0,215,1317,2027-06-18,2026-09-30
150.0,814,1526,2027-06-18,2026-09-30
155.0,255,514,2027-06-18,2026-09-30
160.0,326,1060,2027-06-18,2026-09-30
165.0,332,739,2027-06-18,2026-09-30
170.0,471,2671,2027-06-18,2026-09-30
175.0,475,1583,2027-06-18,2026-09-30
180.0,509,2244,2027-06-18,2026-09-30
185.0,747,2072,2027-06-18,2026-09-30
190.0,301,921,2027-06-18,2026-09-30
195.0,367,611,2027-06-18,2026-09-30
200.0,2115,2328,2027-06-18,2026-09-30
210.0,1108,1374,2027-06-18,2026-09-30
220.0,2651,1447,2027-06-18,2026-09-30
230.0,940,761,2027-06-18,2026-09-30
240.0,705,2929,2027-06-18,2026-09-30
250.0,2148,10179,2027-06-18,2026-09-30
260.0,693,1097,2027-06-18,2026-09-30
270.0,488,3477,2027-06-18,2026-09-30
280.0,647,1163,2027-06-18,2026-09-30
290.0,497,10796,2027-06-18,2026-09-30
300.0,3133,5463,2027-06-18,2026-09-30
310.0,343,1252,2027-06-18,2026-09-30
320.0,682,3308,2027-06-18,2026-09-30
330.0,498,2740,2027-06-18,2026-09-30
340.0,402,1593,2027-06-18,2026-09-30
350.0,776,5543,2027-06-18,2026-09-30
360.0,2412,3060,2027-06-18,2026-09-30
370.0,728,2891,2027-06-18,2026-09-30
380.0,421,2105,2027-06-18,2026-09-30
390.0,364,1255,2027-06-18,2026-09-30
400.0,1130,7867,2027-06-18,2026-09-30
410.0,596,1081,2027-06-18,2026-09-30
420.0,600,1381,2027-06-18,2026-09-30
430.0,703,1161,2027-06-18,2026-09-30
440.0,705,1407,2027-06-18,2026-09-30
450.0,926,2407,2027-06-18,2026-09-30
460.0,468,819,2027-06-18,2026-09-30
470.0,382,1501,2027-06-18,2026-09-30
480.0,860,2492,2027-06-18,2026-09-30
490.0,871,504,2027-06-18,2026-09-30
500.0,2871,5102,2027-06-18,2026-09-30
510.0,1261,795,2027-06-18,2026-09-30
520.0,1190,2013,2027-06-18,2026-09-30
530.0,1949,879,2027-06-18,2026-09-30
540.0,336,575,2027-06-18,2026-09-30
550.0,903,2393,2027-06-18,2026-09-30
560.0,1478,437,2027-06-18,2026-09-30
570.0,787,602,2027-06-18,2026-09-30
580.0,905,600,2027-06-18,2026-09-30
590.0,479,218,2027-06-18,2026-09-30
600.0,3880,1734,2027-06-18,2026-09-30
610.0,374,471,2027-06-18,2026-09-30
620.0,1095,340,2027-06-18,2026-09-30
630.0,1219,161,2027-06-18,2026-09-30
640.0,446,670,2027-06-18,2026-09-30
650.0,1623,1803,2027-06-18,2026-09-30
660.0,808,119,2027-06-18,2026-09-30
670.0,299,172,2027-06-18,2026-09-30
680.0,734,207,2027-06-18,2026-09-30
690.0,341,155,2027-06-18,2026-09-30
700.0,3706,123,2027-06-18,2026-09-30
710.0,465,63,2027-06-18,2026-09-30
720.0,785,71,2027-06-18,2026-09-30
730.0,2085,70,2027-06-18,2026-09-30
740.0,462,92,2027-06-18,2026-09-30
750.0,2080,233,2027-06-18,2026-09-30
760.0,102,59,2027-06-18,2026-09-30
770.0,1155,12,2027-06-18,2026-09-30
780.0,704,28,2027-06-18,2026-09-30
790.0,148,125,2027-06-18,2026-09-30
800.0,1935,134,2027-06-18,2026-09-30
810.0,287,8,2027-06-18,2026-09-30
820.0,1403,28,2027-06-18,2026-09-30
830.0,519,71,2027-06-18,2026-09-30
840.0,1173,76,2027-06-18,2026-09-30
850.0,2065,10,2027-06-18,2026-09-30
860.0,471,76,2027-06-18,2026-09-30
870.0,659,44,2027-06-18,2026-09-30
880.0,503,14,2027-06-18,2026-09-30
890.0,317,8,2027-06-18,2026-09-30
900.0,1479,13,2027-06-18,2026-09-30
910.0,395,27,2027-06-18,2026-09-30
920.0,298,17,2027-06-18,2026-09-30
930.0,491,4,2027-06-18,2026-09-30
940.0,201,3,2027-06-18,2026-09-30
950.0,211,23,2027-06-18,2026-09-30
960.0,687,0,2027-06-18,2026-09-30
970.0,294,0,2027-06-18,2026-09-30
980.0,224,1,2027-06-18,2026-09-30
990.0,82,1,2027-06-18,2026-09-30
1000.0,1995,1,2027-06-18,2026-09-30
1010.0,210,0,2027-06-18,2026-09-30
1020.0,199,0,2027-06-18,2026-09-30
1030.0,319,0,2027-06-18,2026-09-30
1040.0,161,0,2027-06-18,2026-09-30
1050.0,2670,0,2027-06-18,2026-09-30
1060.0,231,0,2027-06-18,2026-09-30
1070.0,174,0,2027-06-18,2026-09-30
1080.0,415,0,2027-06-18,2026-09-30
1090.0,487,1,2027-06-18,2026-09-30
1100.0,2127,0,2027-06-18,2026-09-30
1110.0,544,0,2027-06-18,2026-09-30
1120.0,8901,5,2027-06-18,2026-09-30
431.59,0,80,2027-06-30,2026-09-30
485.54,0,80,2027-06-30,2026-09-30
25.0,4,85,2027-09-18,2026-09-30
30.0,4,33,2027-09-18,2026-09-30
35.0,1,174,2027-09-18,2026-09-30
40.0,0,91,2027-09-18,2026-09-30
45.0,2,27,2027-09-18,2026-09-30
50.0,2,26,2027-09-18,2026-09-30
55.0,1,55,2027-09-18,2026-09-30
60.0,3,166,2027-09-18,2026-09-30
65.0,2,87,2027-09-18,2026-09-30
70.0,21,196,2027-09-18,2026-09-30
75.0,10,48,2027-09-18,2026-09-30
80.0,3,102,2027-09-18,2026-09-30
85.0,2,77,2027-09-18,2026-09-30
90.0,12,160,2027-09-18,2026-09-30
95.0,46,58,2027-09-18,2026-09-30
100.0,6,121,2027-09-18,2026-09-30
105.0,72,258,2027-09-18,2026-09-30
110.0,21,111,2027-09-18,2026-09-30
115.0,20,138,2027-09-18,2026-09-30
120.0,23,99,2027-09-18,2026-09-30
125.0,38,676,2027-09-18,2026-09-30
130.0,8,60,2027-09-18,2026-09-30
135.0,17,182,2027-09-18,2026-09-30
140.0,38,376,2027-09-18,2026-09-30
145.0,18,98,2027-09-18,2026-09-30
150.0,86,1015,2027-09-18,2026-09-30
155.0,17,282,2027-09-18,2026-09-30
160.0,83,192,2027-09-18,2026-09-30
165.0,46,120,2027-09-18,2026-09-30
170.0,24,2022,2027-09-18,2026-09-30
175.0,19,275,2027-09-18,2026-09-30
180.0,93,374,2027-09-18,2026-09-30
185.0,44,47,2027-09-18,2026-09-30
190.0,72,107,2027-09-18,2026-09-30
195.0,115,121,2027-09-18,2026-09-30
200.0,220,1244,2027-09-18,2026-09-30
210.0,271,207,2027-09-18,2026-09-30
220.0,78,1911,2027-09-18,2026-09-30
230.0,291,3992,2027-09-18,2026-09-30
240.0,151,4136,2027-09-18,2026-09-30
250.0,323,4089,2027-09-18,2026-09-30
260.0,225,359,2027-09-18,2026-09-30
270.0,220,721,2027-09-18,2026-09-30
280.0,220,943,2027-09-18,2026-09-30
290.0,80,3806,2027-09-18,2026-09-30
300.0,333,5245,2027-09-18,2026-09-30
310.0,92,1208,2027-09-18,2026-09-30
320.0,184,1264,2027-09-18,2026-09-30
330.0,165,2453,2027-09-18,2026-09-30
340.0,365,699,2027-09-18,2026-09-30
350.0,250,1135,2027-09-18,2026-09-30
360.0,177,493,2027-09-18,2026-09-30
370.0,189,1516,2027-09-18,2026-09-30
380.0,256,1114,2027-09-18,2026-09-30
390.0,1327,1546,2027-09-18,2026-09-30
400.0,2920,1098,2027-09-18,2026-09-30
410.0,215,820,2027-09-18,2026-09-30
420.0,318,632,2027-09-18,2026-09-30
430.0,271,705,2027-09-18,2026-09-30
440.0,144,530,2027-09-18,2026-09-30
450.0,387,1071,2027-09-18,2026-09-30
460.0,347,508,2027-09-18,2026-09-30
470.0,222,379,2027-09-18,2026-09-30
480.0,383,247,2027-09-18,2026-09-30
490.0,277,140,2027-09-18,2026-09-30
500.0,385,462,2027-09-18,2026-09-30
510.0,234,147,2027-09-18,2026-09-30
520.0,204,189,2027-09-18,2026-09-30
530.0,659,333,2027-09-18,2026-09-30
540.0,634,115,2027-09-18,2026-09-30
550.0,193,1135,2027-09-18,2026-09-30
560.0,308,175,2027-09-18,2026-09-30
570.0,249,322,2027-09-18,2026-09-30
580.0,126,80,2027-09-18,2026-09-30
590.0,166,61,2027-09-18,2026-09-30
600.0,1059,1045,2027-09-18,2026-09-30
610.0,307,375,2027-09-18,2026-09-30
620.0,125,54,2027-09-18,2026-09-30
630.0,487,68,2027-09-18,2026-09-30
640.0,363,30,2027-09-18,2026-09-30
650.0,356,38,2027-09-18,2026-09-30
660.0,198,1631,2027-09-18,2026-09-30
670.0,253,19,2027-09-18,2026-09-30
680.0,143,25,2027-09-18,2026-09-30
690.0,440,20,2027-09-18,2026-09-30
700.0,1401,178,2027-09-18,2026-09-30
710.0,177,93,2027-09-18,2026-09-30
720.0,440,118,2027-09-18,2026-09-30
730.0,202,151,2027-09-18,2026-09-30
740.0,736,320,2027-09-18,2026-09-30
750.0,769,88,2027-09-18,2026-09-30
760.0,370,23,2027-09-18,2026-09-30
770.0,464,2,2027-09-18,2026-09-30
780.0,232,25,2027-09-18,2026-09-30
790.0,245,29,2027-09-18,2026-09-30
800.0,997,54,2027-09-18,2026-09-30
810.0,453,112,2027-09-18,2026-09-30
820.0,263,29,2027-09-18,2026-09-30
830.0,134,26,2027-09-18,2026-09-30
840.0,147,4,2027-09-18,2026-09-30
850.0,280,12,2027-09-18,2026-09-30
860.0,153,14,2027-09-18,2026-09-30
870.0,288,8,2027-09-18,2026-09-30
880.0,1167,33,2027-09-18,2026-09-30
890.0,436,57,2027-09-18,2026-09-30
900.0,211,16,2027-09-18,2026-09-30
910.0,357,58,2027-09-18,2026-09-30
920.0,60,38,2027-09-18,2026-09-30
930.0,381,23,2027-09-18,2026-09-30
940.0,265,9,2027-09-18,2026-09-30
950.0,756,6,2027-09-18,2026-09-30
960.0,375,8,2027-09-18,2026-09-30
970.0,2495,6,2027-09-18,2026-09-30
980.0,249,8,2027-09-18,2026-09-30
990.0,860,6,2027-09-18,2026-09-30
1000.0,471,11,2027-09-18,2026-09-30
1010.0,944,13,2027-09-18,2026-09-30
1020.0,2616,5,2027-09-18,2026-09-30
1030.0,100,5,2027-09-18,2026-09-30
1040.0,561,0,2027-09-18,2026-09-30
1050.0,224,0,2027-09-18,2026-09-30
1060.0,186,0,2027-09-18,2026-09-30
1070.0,501,0,2027-09-18,2026-09-30
1080.0,719,0,2027-09-18,2026-09-30
1090.0,464,0,2027-09-18,2026-09-30
1100.0,961,0,2027-09-18,2026-09-30
1110.0,193,1,2027-09-18,2026-09-30
1120.0,7513,0,2027-09-18,2026-09-30
652.4,1039,0,2027-09-28,2026-09-30
5.0,4739,18,2027-12-18,2026-09-30
10.0,87,191,2027-12-18,2026-09-30
15.0,2,15,2027-12-18,2026-09-30
20.0,2,357,2027-12-18,2026-09-30
25.0,321,422,2027-12-18,2026-09-30
30.0,66,633,2027-12-18,2026-09-30
35.0,111,135,2027-12-18,2026-09-30
40.0,160,494,2027-12-18,2026-09-30
45.0,13,299,2027-12-18,2026-09-30
50.0,379,464,2027-12-18,2026-09-30
55.0,468,386,2027-12-18,2026-09-30
60.0,179,411,2027-12-18,2026-09-30
65.0,394,228,2027-12-18,2026-09-30
70.0,972,2127,2027-12-18,2026-09-30
75.0,171,1451,2027-12-18,2026-09-30
80.0,362,487,2027-12-18,2026-09-30
85.0,374,3038,2027-12-18,2026-09-30
90.0,519,1785,2027-12-18,2026-09-30
95.0,577,1997,2027-12-18,2026-09-30
100.0,854,3393,2027-12-18,2026-09-30
105.0,619,1184,2027-12-18,2026-09-30
110.0,554,724,2027-12-18,2026-09-30
115.0,635,2137,2027-12-18,2026-09-30
120.0,1169,2467,2027-12-18,2026-09-30
125.0,789,827,2027-12-18,2026-09-30
130.0,560,6785,2027-12-18,2026-09-30
135.0,516,1866,2027-12-18,2026-09-30
140.0,897,2458,2027-12-18,2026-09-30
145.0,564,632,2027-12-18,2026-09-30
150.0,2933,2661,2027-12-18,2026-09-30
155.0,529,631,2027-12-18,2026-09-30
160.0,861,1128,2027-12-18,2026-09-30
165.0,922,2043,2027-12-18,2026-09-30
170.0,1041,1061,2027-12-18,2026-09-30
175.0,759,1327,2027-12-18,2026-09-30
180.0,1268,1319,2027-12-18,2026-09-30
185.0,260,807,2027-12-18,2026-09-30
190.0,435,866,2027-12-18,2026-09-30
194.29,28,28,2027-12-18,2026-09-30
195.0,2639,527,2027-12-18,2026-09-30
200.0,4071,2488,2027-12-18,2026-09-30
210.0,1543,2792,2027-12-18,2026-09-30
220.0,1023,3834,2027-12-18,2026-09-30
230.0,1078,1892,2027-12-18,2026-09-30
240.0,447,1942,2027-12-18,2026-09-30
250.0,1178,6001,2027-12-18,2026-09-30
260.0,1312,1963,2027-12-18,2026-09-30
270.0,656,4126,2027-12-18,2026-09-30
280.0,1057,952,2027-12-18,2026-09-30
290.0,477,275,2027-12-18,2026-09-30
300.0,1940,2569,2027-12-18,2026-09-30
310.0,732,735,2027-12-18,2026-09-30
320.0,990,3652,2027-12-18,2026-09-30
330.0,963,588,2027-12-18,2026-09-30
340.0,423,1798,2027-12-18,2026-09-30
350.0,1369,1226,2027-12-18,2026-09-30
360.0,1479,197,2027-12-18,2026-09-30
370.0,955,486,2027-12-18,2026-09-30
380.0,498,414,2027-12-18,2026-09-30
390.0,327,139,2027-12-18,2026-09-30
400.0,1371,741,2027-12-18,2026-09-30
410.0,315,716,2027-12-18,2026-09-30
420.0,391,1759,2027-12-18,2026-09-30
430.0,317,304,2027-12-18,2026-09-30
440.0,237,746,2027-12-18,2026-09-30
450.0,528,790,2027-12-18,2026-09-30
460.0,170,139,2027-12-18,2026-09-30
470.0,358,444,2027-12-18,2026-09-30
480.0,490,193,2027-12-18,2026-09-30
490.0,677,311,2027-12-18,2026-09-30
500.0,1584,317,2027-12-18,2026-09-30
510.0,817,168,2027-12-18,2026-09-30
520.0,917,139,2027-12-18,2026-09-30
530.0,1483,54,2027-12-18,2026-09-30
540.0,176,58,2027-12-18,2026-09-30
550.0,1120,601,2027-12-18,2026-09-30
560.0,548,80,2027-12-18,2026-09-30
570.0,160,58,2027-12-18,2026-09-30
580.0,177,249,2027-12-18,2026-09-30
590.0,120,81,2027-12-18,2026-09-30
600.0,1825,433,2027-12-18,2026-09-30
610.0,228,43,2027-12-18,2026-09-30
620.0,311,112,2027-12-18,2026-09-30
630.0,487,368,2027-12-18,2026-09-30
640.0,187,28,2027-12-18,2026-09-30
650.0,391,110,2027-12-18,2026-09-30
660.0,183,19,2027-12-18,2026-09-30
670.0,129,58,2027-12-18,2026-09-30
680.0,215,61,2027-12-18,2026-09-30
690.0,218,99,2027-12-18,2026-09-30
700.0,2063,192,2027-12-18,2026-09-30
710.0,203,54,2027-12-18,2026-09-30
720.0,271,9,2027-12-18,2026-09-30
730.0,1169,40,2027-12-18,2026-09-30
740.0,615,27,2027-12-18,2026-09-30
750.0,1541,119,2027-12-18,2026-09-30
760.0,352,9,2027-12-18,2026-09-30
770.0,109,19,2027-12-18,2026-09-30
780.0,113,8,2027-12-18,2026-09-30
790.0,310,85,2027-12-18,2026-09-30
800.0,2280,12,2027-12-18,2026-09-30
810.0,244,10,2027-12-18,2026-09-30
820.0,114,11,2027-12-18,2026-09-30
830.0,63,22,2027-12-18,2026-09-30
840.0,143,12,2027-12-18,2026-09-30
850.0,457,132,2027-12-18,2026-09-30
860.0,209,49,2027-12-18,2026-09-30
870.0,92,70,2027-12-18,2026-09-30
880.0,259,20,2027-12-18,2026-09-30
890.0,152,10,2027-12-18,2026-09-30
900.0,1747,22,2027-12-18,2026-09-30
910.0,268,99,2027-12-18,2026-09-30
920.0,310,41,2027-12-18,2026-09-30
930.0,305,34,2027-12-18,2026-09-30
940.0,134,12,2027-12-18,2026-09-30
950.0,1028,14,2027-12-18,2026-09-30
960.0,111,42,2027-12-18,2026-09-30
970.0,108,8,2027-12-18,2026-09-30
980.0,167,21,2027-12-18,2026-09-30
990.0,1086,9,2027-12-18,2026-09-30
1000.0,337,96,2027-12-18,2026-09-30
1010.0,118,16,2027-12-18,2026-09-30
1020.0,631,69,2027-12-18,2026-09-30
1030.0,117,42,2027-12-18,2026-09-30
1040.0,141,37,2027-12-18,2026-09-30
1050.0,693,43,2027-12-18,2026-09-30
1060.0,390,24,2027-12-18,2026-09-30
1070.0,259,11,2027-12-18,2026-09-30
1080.0,204,2,2027-12-18,2026-09-30
1090.0,220,13,2027-12-18,2026-09-30
1100.0,275,1,2027-12-18,2026-09-30
1110.0,2738,2,2027-12-18,2026-09-30
1120.0,13399,6,2027-12-18,2026-09-30
5.0,10529,1096,2028-01-22,2026-09-30
10.0,103,224,2028-01-22,2026-09-30
15.0,11,11,2028-01-22,2026-09-30
20.0,0,38,2028-01-22,2026-09-30
25.0,57,253,2028-01-22,2026-09-30
30.0,7,52,2028-01-22,2026-09-30
35.0,43,62,2028-01-22,2026-09-30
40.0,186,125,2028-01-22,2026-09-30
45.0,143,56,2028-01-22,2026-09-30
50.0,274,115,2028-01-22,2026-09-30
55.0,150,71,2028-01-22,2026-09-30
60.0,131,116,2028-01-22,2026-09-30
65.0,5,78,2028-01-22,2026-09-30
70.0,249,600,2028-01-22,2026-09-30
75.0,101,208,2028-01-22,2026-09-30
80.0,99,434,2028-01-22,2026-09-30
85.0,154,801,2028-01-22,2026-09-30
90.0,199,92,2028-01-22,2026-09-30
95.0,149,285,2028-01-22,2026-09-30
100.0,1252,2700,2028-01-22,2026-09-30
105.0,397,952,2028-01-22,2026-09-30
110.0,250,2074,2028-01-22,2026-09-30
115.0,231,242,2028-01-22,2026-09-30
120.0,176,1472,2028-01-22,2026-09-30
125.0,222,398,2028-01-22,2026-09-30
130.0,249,3328,2028-01-22,2026-09-30
135.0,114,298,2028-01-22,2026-09-30
140.0,274,3106,2028-01-22,2026-09-30
145.0,105,509,2028-01-22,2026-09-30
150.0,1000,3053,2028-01-22,2026-09-30
155.0,186,379,2028-01-22,2026-09-30
160.0,369,2114,2028-01-22,2026-09-30
165.0,364,778,2028-01-22,2026-09-30
170.0,651,2318,2028-01-22,2026-09-30
175.0,318,915,2028-01-22,2026-09-30
180.0,321,3039,2028-01-22,2026-09-30
185.0,168,1195,2028-01-22,2026-09-30
190.0,590,907,2028-01-22,2026-09-30
195.0,508,1371,2028-01-22,2026-09-30
200.0,3580,3498,2028-01-22,2026-09-30
210.0,1000,1000,2028-01-22,2026-09-30
210.0,556,3259,2028-01-22,2026-09-30
220.0,1015,2070,2028-01-22,2026-09-30
230.0,1134,1222,2028-01-22,2026-09-30
240.0,1224,4958,2028-01-22,2026-09-30
250.0,4122,4737,2028-01-22,2026-09-30
260.0,2547,3146,2028-01-22,2026-09-30
270.0,635,3943,2028-01-22,2026-09-30
280.0,453,3277,2028-01-22,2026-09-30
290.0,691,1609,2028-01-22,2026-09-30
300.0,3047,11968,2028-01-22,2026-09-30
310.0,990,320,2028-01-22,2026-09-30
320.0,628,4155,2028-01-22,2026-09-30
330.0,410,2292,2028-01-22,2026-09-30
340.0,416,4660,2028-01-22,2026-09-30
350.0,1661,4513,2028-01-22,2026-09-30
360.0,647,1867,2028-01-22,2026-09-30
370.0,337,1205,2028-01-22,2026-09-30
380.0,371,3173,2028-01-22,2026-09-30
390.0,457,393,2028-01-22,2026-09-30
400.0,1874,3691,2028-01-22,2026-09-30
410.0,1262,551,2028-01-22,2026-09-30
420.0,508,405,2028-01-22,2026-09-30
430.0,377,2176,2028-01-22,2026-09-30
440.0,377,2195,2028-01-22,2026-09-30
450.0,1829,2983,2028-01-22,2026-09-30
460.0,1339,388,2028-01-22,2026-09-30
470.0,510,2252,2028-01-22,2026-09-30
480.0,1134,359,2028-01-22,2026-09-30
490.0,652,278,2028-01-22,2026-09-30
500.0,3487,1446,2028-01-22,2026-09-30
510.0,506,580,2028-01-22,2026-09-30
520.0,1870,2539,2028-01-22,2026-09-30
530.0,3552,2300,2028-01-22,2026-09-30
540.0,152,52,2028-01-22,2026-09-30
550.0,544,583,2028-01-22,2026-09-30
560.0,920,107,2028-01-22,2026-09-30
570.0,435,211,2028-01-22,2026-09-30
580.0,245,172,2028-01-22,2026-09-30
590.0,246,78,2028-01-22,2026-09-30
600.0,2461,1512,2028-01-22,2026-09-30
610.0,702,67,2028-01-22,2026-09-30
620.0,407,36,2028-01-22,2026-09-30
630.0,126,51,2028-01-22,2026-09-30
640.0,175,144,2028-01-22,2026-09-30
650.0,843,452,2028-01-22,2026-09-30
660.0,2235,72,2028-01-22,2026-09-30
670.0,123,48,2028-01-22,2026-09-30
680.0,296,55,2028-01-22,2026-09-30
690.0,257,50,2028-01-22,2026-09-30
700.0,1635,147,2028-01-22,2026-09-30
710.0,278,27,2028-01-22,2026-09-30
720.0,381,33,2028-01-22,2026-09-30
730.0,110,36,2028-01-22,2026-09-30
740.0,693,69,2028-01-22,2026-09-30
750.0,383,23,2028-01-22,2026-09-30
760.0,200,29,2028-01-22,2026-09-30
770.0,547,54,2028-01-22,2026-09-30
780.0,85,27,2028-01-22,2026-09-30
790.0,201,59,2028-01-22,2026-09-30
800.0,2166,128,2028-01-22,2026-09-30
810.0,500,126,2028-01-22,2026-09-30
820.0,216,92,2028-01-22,2026-09-30
830.0,242,157,2028-01-22,2026-09-30
840.0,144,70,2028-01-22,2026-09-30
850.0,3817,16,2028-01-22,2026-09-30
860.0,501,99,2028-01-22,2026-09-30
870.0,265,16,2028-01-22,2026-09-30
880.0,250,70,2028-01-22,2026-09-30
890.0,51,131,2028-01-22,2026-09-30
900.0,738,96,2028-01-22,2026-09-30
910.0,143,117,2028-01-22,2026-09-30
920.0,638,29,2028-01-22,2026-09-30
930.0,409,11,2028-01-22,2026-09-30
940.0,51,90,2028-01-22,2026-09-30
950.0,157,59,2028-01-22,2026-09-30
960.0,206,44,2028-01-22,2026-09-30
970.0,132,5,2028-01-22,2026-09-30
980.0,180,25,2028-01-22,2026-09-30
990.0,125,81,2028-01-22,2026-09-30
1000.0,3611,55,2028-01-22,2026-09-30
1010.0,467,89,2028-01-22,2026-09-30
1020.0,126,132,2028-01-22,2026-09-30
1030.0,1153,62,2028-01-22,2026-09-30
1040.0,210,79,2028-01-22,2026-09-30
1050.0,555,73,2028-01-22,2026-09-30
1060.0,198,70,2028-01-22,2026-09-30
1070.0,115,9,2028-01-22,2026-09-30
1080.0,278,7,2028-01-22,2026-09-30
1090.0,249,19,2028-01-22,2026-09-30
1100.0,1400,8,2028-01-22,2026-09-30
1110.0,3000,3,2028-01-22,2026-09-30
1120.0,12830,8,2028-01-22,2026-09-30
660.0,7988,13587,2028-01-25,2026-09-30
900.0,183,0,2028-02-29,2026-09-30
5.0,126,49,2028-06-17,2026-09-30
10.0,0,3,2028-06-17,2026-09-30
15.0,0,0,2028-06-17,2026-09-30
20.0,0,0,2028-06-17,2026-09-30
25.0,0,4,2028-06-17,2026-09-30
30.0,1,7,2028-06-17,2026-09-30
35.0,1,4,2028-06-17,2026-09-30
40.0,2,20,2028-06-17,2026-09-30
45.0,0,23,2028-06-17,2026-09-30
50.0,0,60,2028-06-17,2026-09-30
55.0,0,47,2028-06-17,2026-09-30
60.0,0,8,2028-06-17,2026-09-30
65.0,1,40,2028-06-17,2026-09-30
70.0,1,381,2028-06-17,2026-09-30
75.0,0,1222,2028-06-17,2026-09-30
80.0,35,433,2028-06-17,2026-09-30
85.0,3,293,2028-06-17,2026-09-30
90.0,81,56,2028-06-17,2026-09-30
95.0,6,345,2028-06-17,2026-09-30
100.0,2,482,2028-06-17,2026-09-30
105.0,20,207,2028-06-17,2026-09-30
110.0,74,424,2028-06-17,2026-09-30
115.0,100,449,2028-06-17,2026-09-30
120.0,56,113,2028-06-17,2026-09-30
125.0,82,198,2028-06-17,2026-09-30
130.0,34,324,2028-06-17,2026-09-30
135.0,43,21,2028-06-17,2026-09-30
140.0,28,82,2028-06-17,2026-09-30
145.0,63,14,2028-06-17,2026-09-30
150.0,28,398,2028-06-17,2026-09-30
155.0,27,178,2028-06-17,2026-09-30
160.0,29,240,2028-06-17,2026-09-30
165.0,5,123,2028-06-17,2026-09-30
170.0,61,245,2028-06-17,2026-09-30
175.0,239,217,2028-06-17,2026-09-30
180.0,27,48,2028-06-17,2026-09-30
185.0,8,163,2028-06-17,2026-09-30
190.0,30,63,2028-06-17,2026-09-30
195.0,6,228,2028-06-17,2026-09-30
200.0,32,1618,2028-06-17,2026-09-30
210.0,24,28,2028-06-17,2026-09-30
220.0,32,166,2028-06-17,2026-09-30
230.0,36,142,2028-06-17,2026-09-30
240.0,86,499,2028-06-17,2026-09-30
250.0,52,1241,2028-06-17,2026-09-30
260.0,40,2471,2028-06-17,2026-09-30
270.0,101,554,2028-06-17,2026-09-30
280.0,24,1025,2028-06-17,2026-09-30
290.0,77,301,2028-06-17,2026-09-30
300.0,195,7019,2028-06-17,2026-09-30
310.0,94,88,2028-06-17,2026-09-30
320.0,351,2529,2028-06-17,2026-09-30
330.0,116,174,2028-06-17,2026-09-30
340.0,118,1023,2028-06-17,2026-09-30
350.0,79,346,2028-06-17,2026-09-30
360.0,77,129,2028-06-17,2026-09-30
370.0,267,195,2028-06-17,2026-09-30
380.0,79,315,2028-06-17,2026-09-30
390.0,217,605,2028-06-17,2026-09-30
400.0,209,516,2028-06-17,2026-09-30
410.0,107,133,2028-06-17,2026-09-30
420.0,58,61,2028-06-17,2026-09-30
430.0,285,63,2028-06-17,2026-09-30
440.0,144,68,2028-06-17,2026-09-30
450.0,242,800,2028-06-17,2026-09-30
460.0,79,104,2028-06-17,2026-09-30
470.0,312,230,2028-06-17,2026-09-30
480.0,51,83,2028-06-17,2026-09-30
490.0,352,171,2028-06-17,2026-09-30
500.0,850,461,2028-06-17,2026-09-30
510.0,159,234,2028-06-17,2026-09-30
520.0,137,482,2028-06-17,2026-09-30
530.0,122,221,2028-06-17,2026-09-30
540.0,229,435,2028-06-17,2026-09-30
550.0,235,748,2028-06-17,2026-09-30
560.0,73,55,2028-06-17,2026-09-30
570.0,119,35,2028-06-17,2026-09-30
580.0,134,126,2028-06-17,2026-09-30
590.0,222,94,2028-06-17,2026-09-30
600.0,448,55,2028-06-17,2026-09-30
610.0,120,146,2028-06-17,2026-09-30
620.0,1844,122,2028-06-17,2026-09-30
630.0,133,52,2028-06-17,2026-09-30
640.0,247,124,2028-06-17,2026-09-30
650.0,510,150,2028-06-17,2026-09-30
660.0,1120,62,2028-06-17,2026-09-30
670.0,107,73,2028-06-17,2026-09-30
680.0,84,84,2028-06-17,2026-09-30
690.0,390,8,2028-06-17,2026-09-30
700.0,817,120,2028-06-17,2026-09-30
710.0,469,49,2028-06-17,2026-09-30
720.0,975,18,2028-06-17,2026-09-30
730.0,206,110,2028-06-17,2026-09-30
740.0,132,78,2028-06-17,2026-09-30
750.0,332,30,2028-06-17,2026-09-30
760.0,528,98,2028-06-17,2026-09-30
770.0,218,10,2028-06-17,2026-09-30
780.0,447,6,2028-06-17,2026-09-30
790.0,152,4,2028-06-17,2026-09-30
800.0,1441,20,2028-06-17,2026-09-30
810.0,249,15,2028-06-17,2026-09-30
820.0,518,50,2028-06-17,2026-09-30
830.0,154,27,2028-06-17,2026-09-30
840.0,193,14,2028-06-17,2026-09-30
850.0,529,46,2028-06-17,2026-09-30
860.0,233,22,2028-06-17,2026-09-30
870.0,99,3,2028-06-17,2026-09-30
880.0,243,29,2028-06-17,2026-09-30
890.0,173,17,2028-06-17,2026-09-30
900.0,463,26,2028-06-17,2026-09-30
910.0,221,3,2028-06-17,2026-09-30
920.0,157,17,2028-06-17,2026-09-30
930.0,330,5,2028-06-17,2026-09-30
940.0,202,10,2028-06-17,2026-09-30
950.0,114,41,2028-06-17,2026-09-30
960.0,180,42,2028-06-17,2026-09-30
970.0,147,48,2028-06-17,2026-09-30
980.0,278,43,2028-06-17,2026-09-30
990.0,134,284,2028-06-17,2026-09-30
1000.0,2742,52,2028-06-17,2026-09-30
1010.0,1641,115,2028-06-17,2026-09-30
1020.0,86,89,2028-06-17,2026-09-30
1030.0,119,38,2028-06-17,2026-09-30
1040.0,283,128,2028-06-17,2026-09-30
1050.0,247,177,2028-06-17,2026-09-30
1060.0,177,27,2028-06-17,2026-09-30
1070.0,166,60,2028-06-17,2026-09-30
1080.0,351,20,2028-06-17,2026-09-30
1090.0,220,36,2028-06-17,2026-09-30
1100.0,1822,45,2028-06-17,2026-09-30
1110.0,408,20,2028-06-17,2026-09-30
1120.0,7869,55,2028-06-17,2026-09-30
5.0,20195,654,2028-12-16,2026-09-30
10.0,42,317,2028-12-16,2026-09-30
15.0,25,20,2028-12-16,2026-09-30
20.0,16,52,2028-12-16,2026-09-30
25.0,44,102,2028-12-16,2026-09-30
30.0,9,342,2028-12-16,2026-09-30
35.0,2,31,2028-12-16,2026-09-30
40.0,7,127,2028-12-16,2026-09-30
45.0,3,238,2028-12-16,2026-09-30
50.0,11,225,2028-12-16,2026-09-30
55.0,1,163,2028-12-16,2026-09-30
60.0,9,437,2028-12-16,2026-09-30
65.0,6,224,2028-12-16,2026-09-30
70.0,8,159,2028-12-16,2026-09-30
75.0,8,275,2028-12-16,2026-09-30
80.0,40,295,2028-12-16,2026-09-30
85.0,50,832,2028-12-16,2026-09-30
90.0,73,251,2028-12-16,2026-09-30
95.0,57,1129,2028-12-16,2026-09-30
100.0,393,1257,2028-12-16,2026-09-30
105.0,463,427,2028-12-16,2026-09-30
110.0,337,340,2028-12-16,2026-09-30
115.0,1238,137,2028-12-16,2026-09-30
120.0,92,654,2028-12-16,2026-09-30
125.0,70,247,2028-12-16,2026-09-30
130.0,105,2193,2028-12-16,2026-09-30
135.0,76,836,2028-12-16,2026-09-30
140.0,252,625,2028-12-16,2026-09-30
145.0,130,949,2028-12-16,2026-09-30
150.0,623,1485,2028-12-16,2026-09-30
155.0,139,894,2028-12-16,2026-09-30
160.0,177,3017,2028-12-16,2026-09-30
165.0,104,929,2028-12-16,2026-09-30
170.0,183,2299,2028-12-16,2026-09-30
175.0,190,488,2028-12-16,2026-09-30
180.0,363,491,2028-12-16,2026-09-30
185.0,298,267,2028-12-16,2026-09-30
190.0,389,1148,2028-12-16,2026-09-30
195.0,375,1005,2028-12-16,2026-09-30
200.0,1366,3133,2028-12-16,2026-09-30
210.0,799,1086,2028-12-16,2026-09-30
220.0,746,799,2028-12-16,2026-09-30
230.0,576,403,2028-12-16,2026-09-30
240.0,386,740,2028-12-16,2026-09-30
250.0,1089,4656,2028-12-16,2026-09-30
260.0,579,565,2028-12-16,2026-09-30
270.0,429,992,2028-12-16,2026-09-30
280.0,277,546,2028-12-16,2026-09-30
290.0,384,2283,2028-12-16,2026-09-30
300.0,1362,2771,2028-12-16,2026-09-30
310.0,536,559,2028-12-16,2026-09-30
320.0,507,772,2028-12-16,2026-09-30
330.0,420,503,2028-12-16,2026-09-30
340.0,455,453,2028-12-16,2026-09-30
350.0,1145,2609,2028-12-16,2026-09-30
360.0,401,1171,2028-12-16,2026-09-30
370.0,376,514,2028-12-16,2026-09-30
380.0,267,499,2028-12-16,2026-09-30
390.0,232,528,2028-12-16,2026-09-30
400.0,1423,1651,2028-12-16,2026-09-30
410.0,243,493,2028-12-16,2026-09-30
420.0,448,348,2028-12-16,2026-09-30
430.0,419,352,2028-12-16,2026-09-30
440.0,598,465,2028-12-16,2026-09-30
450.0,1014,2280,2028-12-16,2026-09-30
460.0,613,1005,2028-12-16,2026-09-30
470.0,357,404,2028-12-16,2026-09-30
480.0,765,253,2028-12-16,2026-09-30
490.0,661,318,2028-12-16,2026-09-30
500.0,3620,1373,2028-12-16,2026-09-30
510.0,858,666,2028-12-16,2026-09-30
520.0,454,464,2028-12-16,2026-09-30
530.0,250,216,2028-12-16,2026-09-30
540.0,194,421,2028-12-16,2026-09-30
550.0,1495,510,2028-12-16,2026-09-30
560.0,712,166,2028-12-16,2026-09-30
570.0,56,0,2028-12-16,2026-09-30
570.0,503,133,2028-12-16,2026-09-30
580.0,255,74,2028-12-16,2026-09-30
590.0,191,296,2028-12-16,2026-09-30
600.0,2663,1350,2028-12-16,2026-09-30
610.0,185,289,2028-12-16,2026-09-30
620.0,383,107,2028-12-16,2026-09-30
630.0,102,37,2028-12-16,2026-09-30
640.0,339,43,2028-12-16,2026-09-30
650.0,343,72,2028-12-16,2026-09-30
660.0,387,83,2028-12-16,2026-09-30
670.0,461,45,2028-12-16,2026-09-30
680.0,347,67,2028-12-16,2026-09-30
690.0,463,67,2028-12-16,2026-09-30
700.0,3384,587,2028-12-16,2026-09-30
710.0,225,119,2028-12-16,2026-09-30
720.0,1883,39,2028-12-16,2026-09-30
730.0,560,66,2028-12-16,2026-09-30
740.0,609,34,2028-12-16,2026-09-30
750.0,1301,293,2028-12-16,2026-09-30
760.0,1137,57,2028-12-16,2026-09-30
770.0,309,33,2028-12-16,2026-09-30
780.0,331,17,2028-12-16,2026-09-30
790.0,411,126,2028-12-16,2026-09-30
800.0,1684,157,2028-12-16,2026-09-30
810.0,663,114,2028-12-16,2026-09-30
820.0,1178,35,2028-12-16,2026-09-30
830.0,263,62,2028-12-16,2026-09-30
840.0,179,57,2028-12-16,2026-09-30
850.0,832,96,2028-12-16,2026-09-30
860.0,2553,52,2028-12-16,2026-09-30
870.0,341,41,2028-12-16,2026-09-30
880.0,550,60,2028-12-16,2026-09-30
890.0,457,122,2028-12-16,2026-09-30
900.0,1253,77,2028-12-16,2026-09-30
910.0,1112,57,2028-12-16,2026-09-30
920.0,1216,62,2028-12-16,2026-09-30
930.0,645,179,2028-12-16,2026-09-30
940.0,121,141,2028-12-16,2026-09-30
950.0,684,125,2028-12-16,2026-09-30
960.0,468,78,2028-12-16,2026-09-30
970.0,189,92,2028-12-16,2026-09-30
980.0,180,37,2028-12-16,2026-09-30
990.0,927,123,2028-12-16,2026-09-30
1000.0,1278,101,2028-12-16,2026-09-30
1010.0,398,113,2028-12-16,2026-09-30
1020.0,213,57,2028-12-16,2026-09-30
1030.0,326,132,2028-12-16,2026-09-30
1040.0,68,125,2028-12-16,2026-09-30
1050.0,724,109,2028-12-16,2026-09-30
1060.0,175,66,2028-12-16,2026-09-30
1070.0,254,72,2028-12-16,2026-09-30
1080.0,300,255,2028-12-16,2026-09-30
1090.0,1087,274,2028-12-16,2026-09-30
1100.0,614,350,2028-12-16,2026-09-30
1110.0,657,231,2028-12-16,2026-09-30
1120.0,4144,339,2028-12-16,2026-09-30
1130.0,2,0,2028-12-16,2026-09-30
1140.0,0,4,2028-12-16,2026-09-30
1150.0,0,1,2028-12-16,2026-09-30
1160.0,0,0,2028-12-16,2026-09-30
1170.0,40,0,2028-12-16,2026-09-30
1180.0,0,7,2028-12-16,2026-09-30
1190.0,0,3,2028-12-16,2026-09-30
1200.0,1,2,2028-12-16,2026-09-30
1210.0,0,2,2028-12-16,2026-09-30
1220.0,2,0,2028-12-16,2026-09-30
1230.0,35,2,2028-12-16,2026-09-30
5.0,84,2,2029-01-20,2026-09-30
10.0,1,0,2029-01-20,2026-09-30
15.0,0,0,2029-01-20,2026-09-30
20.0,0,0,2029-01-20,2026-09-30
25.0,0,0,2029-01-20,2026-09-30
30.0,0,0,2029-01-20,2026-09-30
35.0,0,0,2029-01-20,2026-09-30
40.0,0,0,2029-01-20,2026-09-30
45.0,20,1,2029-01-20,2026-09-30
50.0,0,5,2029-01-20,2026-09-30
55.0,0,0,2029-01-20,2026-09-30
60.0,0,0,2029-01-20,2026-09-30
65.0,0,0,2029-01-20,2026-09-30
70.0,0,0,2029-01-20,2026-09-30
75.0,0,0,2029-01-20,2026-09-30
80.0,0,0,2029-01-20,2026-09-30
85.0,0,42,2029-01-20,2026-09-30
90.0,0,1,2029-01-20,2026-09-30
95.0,0,0,2029-01-20,2026-09-30
100.0,0,69,2029-01-20,2026-09-30
105.0,0,9,2029-01-20,2026-09-30
110.0,3,2,2029-01-20,2026-09-30
115.0,0,0,2029-01-20,2026-09-30
120.0,0,5,2029-01-20,2026-09-30
125.0,0,1,2029-01-20,2026-09-30
130.0,1,0,2029-01-20,2026-09-30
135.0,7,1,2029-01-20,2026-09-30
140.0,5,3,2029-01-20,2026-09-30
145.0,0,1,2029-01-20,2026-09-30
150.0,1,4,2029-01-20,2026-09-30
155.0,3,2,2029-01-20,2026-09-30
160.0,19,14,2029-01-20,2026-09-30
165.0,1,0,2029-01-20,2026-09-30
170.0,1,0,2029-01-20,2026-09-30
175.0,0,1,2029-01-20,2026-09-30
180.0,8,1,2029-01-20,2026-09-30
185.0,20,0,2029-01-20,2026-09-30
190.0,2,2,2029-01-20,2026-09-30
195.0,28,10,2029-01-20,2026-09-30
200.0,93,6,2029-01-20,2026-09-30
210.0,54,9,2029-01-20,2026-09-30
220.0,71,14,2029-01-20,2026-09-30
230.0,35,6,2029-01-20,2026-09-30
240.0,25,9,2029-01-20,2026-09-30
250.0,72,46,2029-01-20,2026-09-30
260.0,83,31,2029-01-20,2026-09-30
270.0,5,2,2029-01-20,2026-09-30
280.0,56,17,2029-01-20,2026-09-30
290.0,6,5,2029-01-20,2026-09-30
300.0,120,34,2029-01-20,2026-09-30
310.0,8,50,2029-01-20,2026-09-30
320.0,21,46,2029-01-20,2026-09-30
330.0,5,10,2029-01-20,2026-09-30
340.0,10,51,2029-01-20,2026-09-30
350.0,34,74,2029-01-20,2026-09-30
360.0,32,169,2029-01-20,2026-09-30
370.0,20,37,2029-01-20,2026-09-30
380.0,17,11,2029-01-20,2026-09-30
390.0,7,255,2029-01-20,2026-09-30
400.0,31,53,2029-01-20,2026-09-30
410.0,5,33,2029-01-20,2026-09-30
420.0,31,153,2029-01-20,2026-09-30
430.0,31,118,2029-01-20,2026-09-30
440.0,3,5,2029-01-20,2026-09-30
450.0,13,274,2029-01-20,2026-09-30
460.0,15,3,2029-01-20,2026-09-30
470.0,7,30,2029-01-20,2026-09-30
480.0,11,11,2029-01-20,2026-09-30
490.0,14,24,2029-01-20,2026-09-30
500.0,64,81,2029-01-20,2026-09-30
510.0,31,7,2029-01-20,2026-09-30
520.0,11,12,2029-01-20,2026-09-30
530.0,52,8,2029-01-20,2026-09-30
540.0,12,7,2029-01-20,2026-09-30
550.0,55,11,2029-01-20,2026-09-30
560.0,8,12,2029-01-20,2026-09-30
570.0,488,4,2029-01-20,2026-09-30
580.0,18,8,2029-01-20,2026-09-30
590.0,22,41,2029-01-20,2026-09-30
600.0,133,31,2029-01-20,2026-09-30
610.0,109,24,2029-01-20,2026-09-30
620.0,109,12,2029-01-20,2026-09-30
630.0,45,27,2029-01-20,2026-09-30
640.0,70,70,2029-01-20,2026-09-30
650.0,53,13,2029-01-20,2026-09-30
660.0,25,26,2029-01-20,2026-09-30
670.0,4,2,2029-01-20,2026-09-30
680.0,34,0,2029-01-20,2026-09-30
690.0,31,31,2029-01-20,2026-09-30
700.0,334,7,2029-01-20,2026-09-30
710.0,87,2,2029-01-20,2026-09-30
720.0,24,1,2029-01-20,2026-09-30
730.0,17,0,2029-01-20,2026-09-30
740.0,77,0,2029-01-20,2026-09-30
750.0,35,10,2029-01-20,2026-09-30
760.0,44,5,2029-01-20,2026-09-30
770.0,11,5,2029-01-20,2026-09-30
780.0,7,2,2029-01-20,2026-09-30
790.0,12,5,2029-01-20,2026-09-30
800.0,120,6,2029-01-20,2026-09-30
810.0,12,61,2029-01-20,2026-09-30
820.0,12,2,2029-01-20,2026-09-30
830.0,21,0,2029-01-20,2026-09-30
840.0,7,0,2029-01-20,2026-09-30
850.0,10,1,2029-01-20,2026-09-30
860.0,505,1,2029-01-20,2026-09-30
870.0,0,0,2029-01-20,2026-09-30
880.0,9,2,2029-01-20,2026-09-30
890.0,6,1,2029-01-20,2026-09-30
900.0,149,46,2029-01-20,2026-09-30
910.0,0,4,2029-01-20,2026-09-30
920.0,2,109,2029-01-20,2026-09-30
930.0,2,1,2029-01-20,2026-09-30
940.0,2,0,2029-01-20,2026-09-30
950.0,123,11,2029-01-20,2026-09-30
960.0,11,1,2029-01-20,2026-09-30
970.0,9,9,2029-01-20,2026-09-30
980.0,389,51,2029-01-20,2026-09-30
990.0,3,42,2029-01-20,2026-09-30
1000.0,190,72,2029-01-20,2026-09-30
1010.0,0,2,2029-01-20,2026-09-30
1020.0,0,21,2029-01-20,2026-09-30
1030.0,0,0,2029-01-20,2026-09-30
1040.0,1,0,2029-01-20,2026-09-30
1050.0,1,0,2029-01-20,2026-09-30
1060.0,0,0,2029-01-20,2026-09-30
1070.0,0,1,2029-01-20,2026-09-30
1080.0,1,0,2029-01-20,2026-09-30
1090.0,4,1,2029-01-20,2026-09-30
1100.0,1,0,2029-01-20,2026-09-30
1110.0,0,0,2029-01-20,2026-09-30
1120.0,3,0,2029-01-20,2026-09-30
1130.0,0,1,2029-01-20,2026-09-30
1140.0,24,1,2029-01-20,2026-09-30
1150.0,16,0,2029-01-20,2026-09-30
1160.0,1,0,2029-01-20,2026-09-30
1170.0,1,0,2029-01-20,2026-09-30
1180.0,0,0,2029-01-20,2026-09-30
1190.0,0,0,2029-01-20,2026-09-30
1200.0,15,3,2029-01-20,2026-09-30
1210.0,0,11,2029-01-20,2026-09-30
1220.0,0,93,2029-01-20,2026-09-30
1230.0,32,42,2029-01-20,2026-09-30
212.71,114,114,2029-12-22,2026-09-30
295.0,120,0,2030-01-19,2026-09-30
295.0,110,0,2031-01-18,2026-09-30
